solicitacao;codigo_interno;codigo_unificado;descricao_procedimento;cpf_proficional_executante;nome_profissional_executante;data_agendamento;hr_agendamento;tipo;cns;nome;dt_nascimento;idade;idade_meses;nome_mae;tipo_logradouro;logradouro;complemento;numero_logradouro;bairro;cep;telefone;municipio;ibge;mun_solicitante;ibge_solicitante;cnes_solicitante;unidade_fantasia;sexo;data_solicitacao;operador_solicitante;data_autorizacao;operador_autorizador;valor_procedimento;situacao;cid;cpf_profissional_solicitante;nome_profissional_solicitante
671702545;0009001;0301010072;CONSULTA EM GINECOLOGIA - GERAL;10963419641;MARIA FERNANDA DIAS BASILIO;16.09.2026;07:30;0;704602633461028;PATRICIA MORBEQUE DA SILVA;10.06.1983;43;519;EVA MATILDES MORBEQUE;RUA;RUA CURICACA;;1334;JARDIM GRAMADO;79490000;(67)99922-7185;SAO GABRIEL DO OESTE;500769;SAO GABRIEL DO OESTE;500769;8176132;CASA ROSA;F;03.06.2026;EMILY_CASAROSA;24.06.2026;VANIA_MARIANO;10.00;PENDENTE;Z00;10963419641;MARIA FERNANDA DIAS BASILIO
672968593;0701877;0301010064;CONSULTA EM GINECOLOGIA - PARA PLANEJAMENTO FAMILIAR;88308499953;LUCINALDO BASSO;09.09.2026;07:00;0;706407629428480;BRUNA DA CONCEICAO SALES;11.05.1992;34;412;ANGELA BEZERRA DA CONCEICAO;RUA;CURIO;;1522;JARDIM GRAMADO;79491012;(67)99952-3096;SAO GABRIEL DO OESTE;500769;SAO GABRIEL DO OESTE;500769;5971055;UNIDADE DE SAUDE DA FAMILIA VIII;F;11.06.2026;JESSICAPADILHA;10.07.2026;VANIA_MARIANO;0.00;PENDENTE;Z000;;ALESSANDRA R
673294759;0009001;0301010072;CONSULTA EM GINECOLOGIA - GERAL;10963419641;MARIA FERNANDA DIAS BASILIO;02.09.2026;07:30;0;706309705908371;CLAUDETE MARIA SOCCOL;10.09.1962;64;768;SEVERINA GIACHINI SOCCOL;RUA;FORTUNATO QUINTINO ZANETTI;CASA 04;644;PRIMO MAFFISSONI;79490000;(49)98412-0395 / (49)98830-2327;SAO GABRIEL DO OESTE;500769;SAO GABRIEL DO OESTE;500769;8176132;CASA ROSA;F;15.06.2026;ANACLAUDIA_PASCOAL;26.06.2026;VANIA_MARIANO;10.00;CONFIRMADO;Z00;10963419641;MARIA FERNANDA DIAS BASILIO
673686368;0201207;0301010072;CONSULTA EM PEDIATRIA;04145161173;RHUANNE SIQUEIRA GUIMARAES;14.09.2026;07:00;0;702409000903227;BERNARDO REGES ALEGRE;28.03.2025;01;18;ALINE DIELLY REGES MARTINES;RUA;GOIAS 1/2399;;1827;CENTRO;79490017;(67)98180-6638;SAO GABRIEL DO OESTE;500769;SAO GABRIEL DO OESTE;500769;8176132;CASA ROSA;M;16.06.2026;ANACLAUDIA_PASCOAL;17.06.2026;VANIA_MARIANO;10.00;PENDENTE;Z00;04145161173;RHUANNE SIQUEIRA GUIMARAES
673934391;0701877;0301010064;CONSULTA EM GINECOLOGIA - PARA PLANEJAMENTO FAMILIAR;88308499953;LUCINALDO BASSO;02.09.2026;07:00;0;703001819409073;IVANE MARIA KUFFEL DE FLESCH;26.12.1988;37;453;SALETE LUCIA WUITSCHICK;RUA;PIRATINI;CASA1;172;MILANI;79490000;(67)99665-7817;SAO GABRIEL DO OESTE;500769;SAO GABRIEL DO OESTE;500769;8176132;CASA ROSA;F;17.06.2026;TAINAOLIVEIRA;26.06.2026;VANIA_MARIANO;0.00;PENDENTE;Z00;88308499953;LUCINALDO BASSO
674027691;0701379;0301010048;CONSULTA EM FONOAUDIOLOIGA - RETORNO;65329520100;LEDA MARIA PAES DA SILVA DOS SANTOS;11.09.2026;07:00;1;708606525767185;AYLLA SOFIA VIEIRA DE SOUZA;15.02.2026;00;7;DANIELA BARBOSA VIEIRA;RUA;SANTA MARIA;CHACARA;14;MILANI;79492074;(67)99961-2244;SAO GABRIEL DO OESTE;500769;SAO GABRIEL DO OESTE;500769;8176132;CASA ROSA;F;17.06.2026;TAINAOLIVEIRA;04.09.2026;VANIA_MARIANO;6.30;PENDENTE;Z016;65329520100;LEDA MARIA PAES DA SILVA DOS SANTOS
674577277;0201207;0301010072;CONSULTA EM PEDIATRIA;37817795649;GILBERT MAIRINK RODRIGUES;04.09.2026;13:00;1;705106892322640;HENRIQUE ZEBALLOS DO PRADO;19.12.2025;00;9;DANDARA LOPES ZEBALLOS;RUA;FÊNIX;;191;FÊNIX;79491110;(67)99601-3326;SAO GABRIEL DO OESTE;500769;SAO GABRIEL DO OESTE;500769;8176132;CASA ROSA;M;19.06.2026;ANACLAUDIA_PASCOAL;19.06.2026;ANACLAUDIA_PASCOAL;10.00;PENDENTE;Z00;37817795649;GILBERT MAIRINK RODRIGUES
674766779;0009001;0301010072;CONSULTA EM GINECOLOGIA - GERAL;10963419641;MARIA FERNANDA DIAS BASILIO;16.09.2026;07:30;1;700701404106780;ELIANE MARQUES ALVES;04.04.1997;29;354;ELIZETE MARQUES ALVES;RUA;TUIUIU;;792;JARDIM GRAMADO;79490000;(67)99626-6926;SAO GABRIEL DO OESTE;500769;SAO GABRIEL DO OESTE;500769;8176132;CASA ROSA;F;22.06.2026;ANACLAUDIA_PASCOAL;03.07.2026;VANIA_MARIANO;10.00;PENDENTE;Z00;10963419641;MARIA FERNANDA DIAS BASILIO
674871431;0009001;0301010072;CONSULTA EM GINECOLOGIA - GERAL;10963419641;MARIA FERNANDA DIAS BASILIO;02.09.2026;07:30;0;708704139050490;JULIANA DE OLIVEIRA;28.06.1985;41;495;NARALYA MARIA BENACHIO OLIVEIRA;RUA;PERNAMBUCO;;504;CENTRO;79490000;(67)99668-6470;SAO GABRIEL DO OESTE;500769;SAO GABRIEL DO OESTE;500769;8176132;CASA ROSA;F;22.06.2026;ANACLAUDIA_PASCOAL;03.07.2026;VANIA_MARIANO;10.00;CONFIRMADO;Z00;10963419641;MARIA FERNANDA DIAS BASILIO
674969388;0009001;0301010072;CONSULTA EM GINECOLOGIA - GERAL;10963419641;MARIA FERNANDA DIAS BASILIO;02.09.2026;07:30;0;708604038823584;VERBENIA RODRIGUES DE OLIVEIRA;29.09.1991;35;420;IRENE RODRIGUES DO NASCIMENTO;AVENIDA;GETULIO VARGAS;;1343;CENTRO;79490000;(77)99842-0679 / (77)99983-9206;SAO GABRIEL DO OESTE;500769;SAO GABRIEL DO OESTE;500769;8176132;CASA ROSA;F;23.06.2026;ARIROSA;03.07.2026;VANIA_MARIANO;10.00;CONFIRMADO;Z00;10963419641;MARIA FERNANDA DIAS BASILIO
675131062;0009001;0301010072;CONSULTA EM GINECOLOGIA - GERAL;10963419641;MARIA FERNANDA DIAS BASILIO;02.09.2026;07:30;0;702905587359479;DANIELA CARDOSO LUZ DE SOUZA;26.08.1997;29;349;LUZENIR DA LUZ VIEIRA;RUA;Q;;387;CIDADE JARDIM;79492148;(67)99832-1595;SAO GABRIEL DO OESTE;500769;SAO GABRIEL DO OESTE;500769;8176132;CASA ROSA;F;23.06.2026;ARIROSA;03.07.2026;VANIA_MARIANO;10.00;CONFIRMADO;Z00;10963419641;MARIA FERNANDA DIAS BASILIO
675132741;0009001;0301010072;CONSULTA EM GINECOLOGIA - GERAL;10963419641;MARIA FERNANDA DIAS BASILIO;02.09.2026;07:30;0;707801601139416;ROSANE CASSOL VARGAS;27.09.1976;50;600;ROSALI CASSOL;RUA;RUI NEVES RILOS;CHÁC ESPLANADA;70;RURAL;79490000;(67)99664-0911;SAO GABRIEL DO OESTE;500769;SAO GABRIEL DO OESTE;500769;8176132;CASA ROSA;F;23.06.2026;ARIROSA;03.07.2026;VANIA_MARIANO;10.00;CONFIRMADO;Z00;10963419641;MARIA FERNANDA DIAS BASILIO
675165674;0009001;0301010072;CONSULTA EM GINECOLOGIA - GERAL;10963419641;MARIA FERNANDA DIAS BASILIO;02.09.2026;07:30;0;709100282590630;ROSA APARECIDA DA SILVA;25.03.1980;46;558;AMBELINA BARBOSA DA SILVA;DISTRITO;AVIAÇAO;AREADO;S/N;ZONA RURAL;79490000;(67)9696-4389;SAO GABRIEL DO OESTE;500769;SAO GABRIEL DO OESTE;500769;8176132;CASA ROSA;F;24.06.2026;ANACLAUDIA_PASCOAL;03.07.2026;VANIA_MARIANO;10.00;PENDENTE;Z00;10963419641;MARIA FERNANDA DIAS BASILIO
675182394;0009001;0301010072;CONSULTA EM GINECOLOGIA - GERAL;10963419641;MARIA FERNANDA DIAS BASILIO;09.09.2026;07:30;0;706206030714165;SIMONE ROJAS FERNANDES;24.12.1980;45;549;ROZAURA BATISTA ROJAS FERNANDES;RUA;JOSE ADELINO DE CARVALHO;;51;SR DIVINO;79400000;(67)99307-0403;COXIM;500330;SAO GABRIEL DO OESTE;500769;8176132;CASA ROSA;F;24.06.2026;ANACLAUDIA_PASCOAL;17.07.2026;VANIA_MARIANO;10.00;PENDENTE;Z00;10963419641;MARIA FERNANDA DIAS BASILIO
675203287;0009001;0301010072;CONSULTA EM GINECOLOGIA - GERAL;10963419641;MARIA FERNANDA DIAS BASILIO;02.09.2026;07:30;0;707006850080433;MICHELI PINHEIRO ANHANI ROSA;26.08.1988;38;457;ISABEL CRISTINA ANHANI DOS SANTOS;RUA;JATOBÁ;CASA;282;JARDIM GRAMADO;79490000;(67)99942-1921;SAO GABRIEL DO OESTE;500769;SAO GABRIEL DO OESTE;500769;8176132;CASA ROSA;F;24.06.2026;ANACLAUDIA_PASCOAL;03.07.2026;VANIA_MARIANO;10.00;CONFIRMADO;Z00;10963419641;MARIA FERNANDA DIAS BASILIO
675224094;0009001;0301010072;CONSULTA EM GINECOLOGIA - GERAL;10963419641;MARIA FERNANDA DIAS BASILIO;02.09.2026;07:30;0;705801413014532;LUIZA VITORIA SILVA DE FREITAS;05.08.2009;17;206;LEDA VANIA CONCEICAO DA SILVA;RUA;SANTA MARIA;CASA 2;8;MILANI;79492074;(67)99846-9214;SAO GABRIEL DO OESTE;500769;SAO GABRIEL DO OESTE;500769;2370972;UNIDADE DE SAUDE DA FAMILIA MILANE II;F;24.06.2026;JULIANA_PACHECO;03.07.2026;VANIA_MARIANO;10.00;CONFIRMADO;R10;83798633134;JOAO BAPTISTA BARBOSA SOUZA
675227062;0009001;0301010072;CONSULTA EM GINECOLOGIA - GERAL;10963419641;MARIA FERNANDA DIAS BASILIO;09.09.2026;08:00;0;702101886213070;ADRIANA GOMES ALVES;11.04.1981;45;545;MARIA DO CARMO DE JESUS ALVES;RUA;DAS GAIVOTAS;;1286;JARDIM GRAMADO;79491018;(67)99998-8611;SAO GABRIEL DO OESTE;500769;SAO GABRIEL DO OESTE;500769;8176132;CASA ROSA;F;24.06.2026;ANACLAUDIA_PASCOAL;17.07.2026;VANIA_MARIANO;10.00;PENDENTE;Z00;10963419641;MARIA FERNANDA DIAS BASILIO
675390125;0009001;0301010072;CONSULTA EM GINECOLOGIA - GERAL;10963419641;MARIA FERNANDA DIAS BASILIO;02.09.2026;07:30;0;700401498454446;VALDIRENE BERNARDO DE OLIVEIRA SOUZA;01.03.1980;46;559;JOSEFA JULIA DA CONCEICAO;RUA;ERNESTO BORGES;DISTRITO;S/N;AREADO;79490000;(67)99662-8032;SAO GABRIEL DO OESTE;500769;SAO GABRIEL DO OESTE;500769;8176132;CASA ROSA;F;25.06.2026;ANACLAUDIA_PASCOAL;03.07.2026;VANIA_MARIANO;10.00;CONFIRMADO;Z00;10963419641;MARIA FERNANDA DIAS BASILIO
675489352;0701877;0301010064;CONSULTA EM GINECOLOGIA - PARA PLANEJAMENTO FAMILIAR;88308499953;LUCINALDO BASSO;02.09.2026;07:00;1;705004206447050;MARIANA GARCIA RAVANHANI;17.04.1988;38;461;MARIA ELIZABETH GARCIA RAVANHANI;RUA;MANOEL ROSA;;474;JARDIM PRIMAVERA;79490000;(67)99833-1952;SAO GABRIEL DO OESTE;500769;SAO GABRIEL DO OESTE;500769;8176132;CASA ROSA;F;25.06.2026;ANACLAUDIA_PASCOAL;26.06.2026;VANIA_MARIANO;0.00;PENDENTE;Z00;88308499953;LUCINALDO BASSO
675611035;0009001;0301010072;CONSULTA EM GINECOLOGIA - GERAL;10963419641;MARIA FERNANDA DIAS BASILIO;09.09.2026;07:30;1;705006244291854;ANA BEATRIZ TEIXEIRA ANTONIO;15.05.2011;15;184;DAYANE TEIXEIRA SALVADOR;RUA;B;;809;CIDADE JARDIM;79492112;(67)99893-2904;SAO GABRIEL DO OESTE;500769;SAO GABRIEL DO OESTE;500769;8176132;CASA ROSA;F;25.06.2026;ANACLAUDIA_PASCOAL;25.06.2026;ANACLAUDIA_PASCOAL;10.00;PENDENTE;Z00;10963419641;MARIA FERNANDA DIAS BASILIO
675644265;0701877;0301010064;CONSULTA EM GINECOLOGIA - PARA PLANEJAMENTO FAMILIAR;88308499953;LUCINALDO BASSO;02.09.2026;07:00;0;700502756051454;WEVERSON DIAS SOARES;06.12.1990;35;430;CONCEICAO DIAS DA ROCHA SOARES;RUA;BAHIA;CASA 03;1694;AMABILE MAFFISSONI;79490106;(67)9849-6012;SAO GABRIEL DO OESTE;500769;SAO GABRIEL DO OESTE;500769;8176132;CASA ROSA;M;26.06.2026;ANACLAUDIA_PASCOAL;26.06.2026;VANIA_MARIANO;0.00;PENDENTE;Z00;88308499953;LUCINALDO BASSO
675658311;0701379;0301010048;CONSULTA EM FONOAUDIOLOIGA - RETORNO;65329520100;LEDA MARIA PAES DA SILVA DOS SANTOS;11.09.2026;13:00;0;708707132491591;ELOA VILLA REAL FERREIRA;01.10.2025;01;12;LUCIMEIRE VILLA REAL;RUA;PELICANOS 1/1465;;996;JARDIM GRAMADO;79491004;(67)99813-4532;SAO GABRIEL DO OESTE;500769;SAO GABRIEL DO OESTE;500769;8176132;CASA ROSA;F;26.06.2026;ANACLAUDIA_PASCOAL;04.09.2026;VANIA_MARIANO;6.30;PENDENTE;Z00;65329520100;LEDA MARIA PAES DA SILVA DOS SANTOS
675672043;0009001;0301010072;CONSULTA EM GINECOLOGIA - GERAL;10963419641;MARIA FERNANDA DIAS BASILIO;16.09.2026;07:30;1;706803285806423;TAINARA PATRICIA DOS SANTOS DIAS;04.05.1995;31;377;ELISABETE ROSA DOS SANTOS DIAS;RUA;MONTEIRO LOBATO;CASA;771;PRIMO MAFFISSONI;79490000;(67)99203-0745;SAO GABRIEL DO OESTE;500769;SAO GABRIEL DO OESTE;500769;8176132;CASA ROSA;F;26.06.2026;ANACLAUDIA_PASCOAL;03.07.2026;VANIA_MARIANO;10.00;PENDENTE;Z00;10963419641;MARIA FERNANDA DIAS BASILIO
675714894;0009001;0301010072;CONSULTA EM GINECOLOGIA - GERAL;10963419641;MARIA FERNANDA DIAS BASILIO;09.09.2026;07:30;0;700502138552152;LINDAURA CARLOS DA SILVA;01.02.1976;50;608;APARECIDA DOS SANTOS CARLOS;RUA;RIO GRANDE DO SUL;;925;CENTRO;79490000;(67)9954-9563;SAO GABRIEL DO OESTE;500769;SAO GABRIEL DO OESTE;500769;8176132;CASA ROSA;F;26.06.2026;ANACLAUDIA_PASCOAL;17.07.2026;VANIA_MARIANO;10.00;PENDENTE;Z00;10963419641;MARIA FERNANDA DIAS BASILIO
675715745;0009001;0301010072;CONSULTA EM GINECOLOGIA - GERAL;10963419641;MARIA FERNANDA DIAS BASILIO;02.09.2026;07:30;0;705009671794454;ALINE RODRIGUES DA SILVA;08.03.2003;23;282;LINDAURA CARLOS DA SILVA;RUA;EUGÊNIO FERREIRA DA CUNHA;;1041;AMABILE MAFFISSONI;79490074;(67)99811-4485;SAO GABRIEL DO OESTE;500769;SAO GABRIEL DO OESTE;500769;8176132;CASA ROSA;F;26.06.2026;ANACLAUDIA_PASCOAL;17.07.2026;VANIA_MARIANO;10.00;CONFIRMADO;Z00;10963419641;MARIA FERNANDA DIAS BASILIO
675805281;0701379;0301010048;CONSULTA EM FONOAUDIOLOIGA - RETORNO;65329520100;LEDA MARIA PAES DA SILVA DOS SANTOS;11.09.2026;07:00;1;708604572191187;RAVY MIGUEL RAMOS DOS SANTOS;26.12.2025;00;9;THAYS RODRIGUES BRAGA DOS SANTOS;RUA;PELICANOS;CASA 01;1673;JARDIM GRAMADO;79491004;(67)99662-6012;SAO GABRIEL DO OESTE;500769;SAO GABRIEL DO OESTE;500769;8176132;CASA ROSA;M;26.06.2026;ANACLAUDIA_PASCOAL;04.09.2026;VANIA_MARIANO;6.30;PENDENTE;Z00;65329520100;LEDA MARIA PAES DA SILVA DOS SANTOS
676079579;0701379;0301010048;CONSULTA EM FONOAUDIOLOIGA - RETORNO;65329520100;LEDA MARIA PAES DA SILVA DOS SANTOS;11.09.2026;07:00;0;898006423280594;JOANA NOEMY CORREIA DA SILVA;11.10.2025;00;11;SILVANA DE JESUS CORREIA;RUA;CURIO;;405;JARDIM GRAMADO;;(67)99626-7319;SAO GABRIEL DO OESTE;500769;SAO GABRIEL DO OESTE;500769;8176132;CASA ROSA;F;30.06.2026;TAINAOLIVEIRA;04.09.2026;VANIA_MARIANO;6.30;CONFIRMADO;Z001;65329520100;LEDA MARIA PAES DA SILVA DOS SANTOS
676388005;0009001;0301010072;CONSULTA EM GINECOLOGIA - GERAL;10963419641;MARIA FERNANDA DIAS BASILIO;02.09.2026;07:30;1;707706603951210;ROZELENE AMORIM DA SILVA;21.04.1975;51;617;FLORIPA AMORIM DE MORAIS;RUA;IPE;;281;SÃO CRISTOVÃO;79490000;(67)99908-3998;SAO GABRIEL DO OESTE;500769;SAO GABRIEL DO OESTE;500769;8176132;CASA ROSA;F;01.07.2026;ARIROSA;01.07.2026;ARIROSA;10.00;CONFIRMADO;Z00;10963419641;MARIA FERNANDA DIAS BASILIO
676400673;0201207;0301010072;CONSULTA EM PEDIATRIA;57255873120;CLODOALDO SABINO DA SILVA;02.09.2026;13:00;1;702801657431561;DAVI LUCAS LOPES NOGUEIRA;07.12.2021;04;57;ADRIANA APARECIDA LOPES DE ALMEIDA;FAZENDA;VITORIA;;S/N;RURAL;79490000;(67)99632-8250;SAO GABRIEL DO OESTE;500769;SAO GABRIEL DO OESTE;500769;8176132;CASA ROSA;M;01.07.2026;ARIROSA;01.07.2026;ARIROSA;10.00;CONFIRMADO;Z762;57255873120;CLODOALDO SABINO DA SILVA
676463813;0009001;0301010072;CONSULTA EM GINECOLOGIA - GERAL;10963419641;MARIA FERNANDA DIAS BASILIO;02.09.2026;07:30;1;703501089306630;IRMA CORDEIRO DA LUZ;23.04.1981;45;545;MARIA CORDEIRO DA SILVA LUZ;RUA;RAIMUNDO PRADO;;1119;CENTRO;79490000;(67)99835-0970;SAO GABRIEL DO OESTE;500769;SAO GABRIEL DO OESTE;500769;8176132;CASA ROSA;F;01.07.2026;TAINAOLIVEIRA;01.07.2026;TAINAOLIVEIRA;10.00;CONFIRMADO;Z001;10963419641;MARIA FERNANDA DIAS BASILIO
676466120;0009001;0301010072;CONSULTA EM GINECOLOGIA - GERAL;10963419641;MARIA FERNANDA DIAS BASILIO;02.09.2026;07:30;1;703203671485792;JOSIANE FERNANDES BARBOSA AMARAL;03.04.1992;34;414;DIVINA APARECIDA DE ASSIS FERNANDES DE OLIVEIRA;RUA;RAIMUNDO DO PRADO;;310;AMABILE MAFFISSONI;79490072;(67)99857-9455;SAO GABRIEL DO OESTE;500769;SAO GABRIEL DO OESTE;500769;6452116;CENTRO DE ESPECIALIDADES MEDICAS;F;01.07.2026;TAINA_CEM;01.07.2026;TAINA_CEM;10.00;CONFIRMADO;Z001;;MARIA FERNANDA 
676482046;0009001;0301010072;CONSULTA EM GINECOLOGIA - GERAL;10963419641;MARIA FERNANDA DIAS BASILIO;09.09.2026;07:30;1;708200177170547;ANA MARIA RODRIGUES DA ROSA;21.09.1976;50;600;LOURDES MARIA DA ROSA;AVENIDA;CASTELO BRANCO;;1021;CENTRO;79490000;(67)9601-4534;SAO GABRIEL DO OESTE;500769;SAO GABRIEL DO OESTE;500769;6452116;CENTRO DE ESPECIALIDADES MEDICAS;F;01.07.2026;TAINA_CEM;01.07.2026;TAINA_CEM;10.00;PENDENTE;Z001;;MARIA FERNANDA 
676555462;0009001;0301010072;CONSULTA EM GINECOLOGIA - GERAL;10963419641;MARIA FERNANDA DIAS BASILIO;09.09.2026;07:30;1;700005778376108;CRISLAINE DE OLIVEIRA BRANDAO;25.11.2000;25;310;MARINALVA RODRIGUES DE OLIVEIRA;RUA;DAS AGUIAS;;550;JARDIM GRAMADO;79491030;(67)99929-2550;SAO GABRIEL DO OESTE;500769;SAO GABRIEL DO OESTE;500769;8176132;CASA ROSA;F;01.07.2026;TAINAOLIVEIRA;01.07.2026;TAINAOLIVEIRA;10.00;PENDENTE;Z001;10963419641;MARIA FERNANDA DIAS BASILIO
676580768;0009001;0301010072;CONSULTA EM GINECOLOGIA - GERAL;95747818104;VANESSA BRESCHI;03.09.2026;13:00;1;700807909736182;ELLEN CAROLINE ACOSTA MARQUES;11.03.2006;20;246;ROSILENE SILVA MARQUES;RUA;JOAO EVANGELISTA ROSA;CASA;200;CENTRO;79490000;(67)99843-4982 / (67)99936-0144;SAO GABRIEL DO OESTE;500769;SAO GABRIEL DO OESTE;500769;8176132;CASA ROSA;F;01.07.2026;TAINAOLIVEIRA;01.07.2026;TAINAOLIVEIRA;10.00;CONFIRMADO;Z00;95747818104;VANESSA BRESCHI
676584134;0009001;0301010072;CONSULTA EM GINECOLOGIA - GERAL;10963419641;MARIA FERNANDA DIAS BASILIO;09.09.2026;07:30;1;706006321413546;SIONE ALVES BARBOSA;09.10.1976;49;599;CAROLINA DOS SANTOS BARBOSA;RUA;MAGNATAS;;54;CENTRO;79490000;(67)99867-9744;SAO GABRIEL DO OESTE;500769;SAO GABRIEL DO OESTE;500769;8176132;CASA ROSA;F;01.07.2026;TAINAOLIVEIRA;01.07.2026;TAINAOLIVEIRA;10.00;PENDENTE;Z00;10963419641;MARIA FERNANDA DIAS BASILIO
676605168;0009001;0301010072;CONSULTA EM GINECOLOGIA - GERAL;10963419641;MARIA FERNANDA DIAS BASILIO;16.09.2026;07:30;1;700808969058688;VALERIA MARTINS PARANHO;03.03.1996;30;367;RENATA MARTINS DE LIMA;RUA;COLIBRI;;881;FÊNIX;79491108;(67)98402-0938;SAO GABRIEL DO OESTE;500769;SAO GABRIEL DO OESTE;500769;8176132;CASA ROSA;F;01.07.2026;TAINAOLIVEIRA;01.07.2026;TAINAOLIVEIRA;10.00;PENDENTE;Z001;10963419641;MARIA FERNANDA DIAS BASILIO
676656939;0701877;0301010064;CONSULTA EM GINECOLOGIA - PARA PLANEJAMENTO FAMILIAR;88308499953;LUCINALDO BASSO;09.09.2026;07:00;0;706507314188695;VANDERLEI CERUTTI;17.12.1984;41;501;AIDA IZABEL CERUTTI;RUA;DONA ELVIRA;CASA;1275;MILANI;79490000;(67)9965-0134;SAO GABRIEL DO OESTE;500769;SAO GABRIEL DO OESTE;500769;8176132;CASA ROSA;M;02.07.2026;TAINAOLIVEIRA;10.07.2026;VANIA_MARIANO;0.00;CONFIRMADO;Z001;88308499953;LUCINALDO BASSO
676937875;0701379;0301010048;CONSULTA EM FONOAUDIOLOIGA - RETORNO;65329520100;LEDA MARIA PAES DA SILVA DOS SANTOS;11.09.2026;07:00;0;708202119446340;CELINE FALABRETTI DOS SANTOS;02.07.2025;01;15;LUANA FALABRETTI DOS SANTOS;RUA;ALBINO SOUZA BRANDAO 1/1199;;501;CENTRO;79490057;(67)98409-6443;SAO GABRIEL DO OESTE;500769;SAO GABRIEL DO OESTE;500769;8176132;CASA ROSA;F;03.07.2026;TAINAOLIVEIRA;04.09.2026;VANIA_MARIANO;6.30;PENDENTE;Z00;65329520100;LEDA MARIA PAES DA SILVA DOS SANTOS
676942289;0701379;0301010048;CONSULTA EM FONOAUDIOLOIGA - RETORNO;65329520100;LEDA MARIA PAES DA SILVA DOS SANTOS;18.09.2026;13:00;0;707507202572890;AYLLA VITORIA RIBEIRO DA SILVA;16.01.2025;01;20;TAIS DA SILVA HERCULANO;RUA;CANARIOS;;854;JARDIM GRAMADO;79490000;(67)99862-2658;SAO GABRIEL DO OESTE;500769;SAO GABRIEL DO OESTE;500769;8176132;CASA ROSA;F;03.07.2026;TAINAOLIVEIRA;04.09.2026;VANIA_MARIANO;6.30;PENDENTE;Z00;65329520100;LEDA MARIA PAES DA SILVA DOS SANTOS
676958572;0009001;0301010072;CONSULTA EM GINECOLOGIA - GERAL;10963419641;MARIA FERNANDA DIAS BASILIO;02.09.2026;07:30;0;704000889531363;ELIZABETH SAVALA PENHA DA CRUZ;18.04.1976;50;605;ANA MARIA FERREIRA;RUA;BAHIA 1/2399;;2187;CENTRO;79490021;(67)99963-2053;SAO GABRIEL DO OESTE;500769;SAO GABRIEL DO OESTE;500769;8176132;CASA ROSA;F;03.07.2026;TAINAOLIVEIRA;17.07.2026;VANIA_MARIANO;10.00;PENDENTE;Z00;10963419641;MARIA FERNANDA DIAS BASILIO
676994286;0701877;0301010064;CONSULTA EM GINECOLOGIA - PARA PLANEJAMENTO FAMILIAR;88308499953;LUCINALDO BASSO;09.09.2026;07:00;0;700006669096903;SUELLEN DE FRANCA RAMIRES;17.09.1991;35;420;ROSA APARECIDA VAZ DE FRANCA;RUA;TICO-TICO;;376;JARDIM DOS PASSAROS;79490000;(67)99969-6205;SAO GABRIEL DO OESTE;500769;SAO GABRIEL DO OESTE;500769;8176132;CASA ROSA;F;03.07.2026;TAINAOLIVEIRA;10.07.2026;VANIA_MARIANO;0.00;CONFIRMADO;Z302;;MESSIELEN PEREIRA PINTO
677044544;0009001;0301010072;CONSULTA EM GINECOLOGIA - GERAL;10963419641;MARIA FERNANDA DIAS BASILIO;23.09.2026;07:30;1;702602272162342;SONIA MONTANIA;10.10.1975;50;611;TEREZINHA CARMEM DA SILVA MONTANIA;RUA;EUGENIO FERREIRA DA CUNHA 1/1199;CASA 01;311;AMABILE MAFFISSONI;79490074;(67)99994-8044;SAO GABRIEL DO OESTE;500769;SAO GABRIEL DO OESTE;500769;8176132;CASA ROSA;F;03.07.2026;TAINAOLIVEIRA;03.07.2026;TAINAOLIVEIRA;10.00;CONFIRMADO;Z00;10963419641;MARIA FERNANDA DIAS BASILIO
677045888;0009001;0301010072;CONSULTA EM GINECOLOGIA - GERAL;10963419641;MARIA FERNANDA DIAS BASILIO;23.09.2026;07:30;1;701001853729194;HILARY KAUANE QUADROS ALVES;27.11.2009;16;202;VANESSA DE QUADROS MAIA;FAZENDA;SERRA SANTO ANTONIO;;S/N;RURAL;79490000;(67)99611-5034;SAO GABRIEL DO OESTE;500769;SAO GABRIEL DO OESTE;500769;8176132;CASA ROSA;F;03.07.2026;TAINAOLIVEIRA;03.07.2026;TAINAOLIVEIRA;10.00;CONFIRMADO;Z00;10963419641;MARIA FERNANDA DIAS BASILIO
677052370;0701877;0301010064;CONSULTA EM GINECOLOGIA - PARA PLANEJAMENTO FAMILIAR;88308499953;LUCINALDO BASSO;16.09.2026;07:00;0;700002496160903;PAULO HENRIQUE MACHADO DE LIMA;28.10.1993;32;395;MARLENE MACHADO DE LIMA;RUA;EDIBERTO CELESTINO DE OLIVEIRA 199/782;;198;JARDIM AGUA BOA;79811170;(67)99812-2926 / (67)99333-3700;DOURADOS;500370;SAO GABRIEL DO OESTE;500769;2370964;UNIDADE DE SAUDE DA FAMILIA III;M;03.07.2026;ANACLAUDIA_NOGUEIRA;10.07.2026;VANIA_MARIANO;0.00;PENDENTE;Z302;;SOFIA LAURA CHIUZA BEILNER
677060442;0009001;0301010072;CONSULTA EM GINECOLOGIA - GERAL;10963419641;MARIA FERNANDA DIAS BASILIO;23.09.2026;07:30;1;706800718095126;MARIA VERA DE JESUS FELIX;25.12.1984;41;501;MARIA ILDA DE JESUS;RUA;K;CASA;784;CIDADE JARDIM;79492136;(67)98134-9320 / (67)99655-4442;SAO GABRIEL DO OESTE;500769;SAO GABRIEL DO OESTE;500769;8176132;CASA ROSA;F;03.07.2026;TAINAOLIVEIRA;03.07.2026;TAINAOLIVEIRA;10.00;CONFIRMADO;Z00;10963419641;MARIA FERNANDA DIAS BASILIO
677065851;0201207;0301010072;CONSULTA EM PEDIATRIA;04145161173;RHUANNE SIQUEIRA GUIMARAES;14.09.2026;07:00;1;703204673925294;ANTHONY DOMINIC CARVALHO FARIAS;03.09.2025;01;13;MARINA DENIR CARVALHO MOTOSINHOS;RUA;PELICANOS 1/1465;;1100;JARDIM GRAMADO;79491004;(67)99875-6172;SAO GABRIEL DO OESTE;500769;SAO GABRIEL DO OESTE;500769;8176132;CASA ROSA;M;03.07.2026;ARIROSA;03.07.2026;ARIROSA;10.00;CONFIRMADO;Z00;04145161173;RHUANNE SIQUEIRA GUIMARAES
677069937;0009001;0301010072;CONSULTA EM GINECOLOGIA - GERAL;91415799172;ALESSANDRA REGINA GOMES RODOVALHO;14.09.2026;13:00;1;707807611076412;MARCELA APARECIDA GOMES;24.10.1983;42;515;CLAUDENICE ALVES BARROS;RUA;GOIAS 1/2399;;2174;CENTRO;79490017;(67)99939-1054;SAO GABRIEL DO OESTE;500769;SAO GABRIEL DO OESTE;500769;8176132;CASA ROSA;F;03.07.2026;ARIROSA;03.07.2026;ARIROSA;10.00;CONFIRMADO;Z00;91415799172;ALESSANDRA REGINA GOMES RODOVALHO
677105088;0201207;0301010072;CONSULTA EM PEDIATRIA;04145161173;RHUANNE SIQUEIRA GUIMARAES;14.09.2026;13:00;1;706701557439211;JOSE GABRIEL DE ALMEIDA SILVA;11.04.2025;01;17;DANIELA GONCALVES DE ALMEIDA;RUA;CURIO;;1260;JARDIM GRAMADO;79490000;(67)98453-1972;SAO GABRIEL DO OESTE;500769;SAO GABRIEL DO OESTE;500769;8176132;CASA ROSA;M;03.07.2026;ARIROSA;03.07.2026;ARIROSA;10.00;CONFIRMADO;Z000;04145161173;RHUANNE SIQUEIRA GUIMARAES
677183328;0701379;0301010048;CONSULTA EM FONOAUDIOLOIGA - RETORNO;65329520100;LEDA MARIA PAES DA SILVA DOS SANTOS;11.09.2026;07:00;1;706800237463829;ANA HELOISY DA SILVA SANDIM;25.10.2025;00;11;ALESSANDRA KAROLAYNE PANIAGUA DA SILVA;RUA;TANGARA;;135;FENIX;79491106;(61)3315-2425;SAO GABRIEL DO OESTE;500769;SAO GABRIEL DO OESTE;500769;8176132;CASA ROSA;F;06.07.2026;ANACLAUDIA_PASCOAL;04.09.2026;VANIA_MARIANO;6.30;PENDENTE;Z00;65329520100;LEDA MARIA PAES DA SILVA DOS SANTOS
677359278;0009001;0301010072;CONSULTA EM GINECOLOGIA - GERAL;32111630187;JOSE EDACYR SIMM;01.09.2026;07:00;0;700709979915372;GISLENE PORTES DE LIMA;23.03.1985;41;498;INES APARECIDA PORTES DE LIMA;RUA;AZULAO;;773;SAO CRISTOVAO;79490000;(67)9920-1460;SAO GABRIEL DO OESTE;500769;SAO GABRIEL DO OESTE;500769;7002084;UNIDADE DE SAUDE DA FAMILIA IX;F;06.07.2026;FABIELY_MORAES;06.07.2026;FABIELY_MORAES;10.00;CONFIRMADO;Z000;06901507925;EVELYN KASSIA TUDISCO FERNANDES
677375512;0201207;0301010072;CONSULTA EM PEDIATRIA;04145161173;RHUANNE SIQUEIRA GUIMARAES;14.09.2026;13:00;1;700308491281640;ANTONELA DULCE SCHEIDT;20.03.2016;10;126;FRANCIELE ANDREIA HAGEMANN SCHEIDT;FAZENDA;PILON;;S/N;AREA RURAL DE SAO GABRIEL DO OESTE;79493899;(67)99600-2045;SAO GABRIEL DO OESTE;500769;SAO GABRIEL DO OESTE;500769;8176132;CASA ROSA;F;06.07.2026;ANACLAUDIA_PASCOAL;06.07.2026;ANACLAUDIA_PASCOAL;10.00;PENDENTE;Z00;04145161173;RHUANNE SIQUEIRA GUIMARAES
677376315;0009001;0301010072;CONSULTA EM GINECOLOGIA - GERAL;88308499953;LUCINALDO BASSO;10.09.2026;07:00;1;708005384913320;ANDRESSA ACENA ARAUJO;26.08.1991;35;421;MARLENE DE ACENA OLIVEIRA;RUA;ANHUMAS;;1322;JARDIM GRAMADO;79490000;(67)98416-7624;SAO GABRIEL DO OESTE;500769;SAO GABRIEL DO OESTE;500769;8176132;CASA ROSA;F;06.07.2026;ANACLAUDIA_PASCOAL;06.07.2026;ANACLAUDIA_PASCOAL;10.00;CONFIRMADO;Z00;88308499953;LUCINALDO BASSO
677382642;0009001;0301010072;CONSULTA EM GINECOLOGIA - GERAL;91415799172;ALESSANDRA REGINA GOMES RODOVALHO;14.09.2026;13:00;1;701208024802210;MARIA LUIZA PAULINO NOGUEIRA;28.08.2007;19;229;NUBIA PAULINO GOMES;RUA;RONDONIA;;803;CENTRO;79490000;(67)99939-7779;SAO GABRIEL DO OESTE;500769;SAO GABRIEL DO OESTE;500769;8176132;CASA ROSA;F;06.07.2026;ANACLAUDIA_PASCOAL;06.07.2026;ANACLAUDIA_PASCOAL;10.00;PENDENTE;Z00;91415799172;ALESSANDRA REGINA GOMES RODOVALHO
677384472;0009001;0301010072;CONSULTA EM GINECOLOGIA - GERAL;91415799172;ALESSANDRA REGINA GOMES RODOVALHO;14.09.2026;13:00;0;704103260509050;NUBIA PAULINO GOMES PASQUALLI;06.09.1987;39;469;MARIA PAULINO FILHA;RUA;PARANA 2400/99999;- DE 2400/2401 AO FIM;2620;AMABILE MAFFISSONI;79490084;(67)99939-7779 / (67)99202-6013;SAO GABRIEL DO OESTE;500769;SAO GABRIEL DO OESTE;500769;8176132;CASA ROSA;F;06.07.2026;ANACLAUDIA_PASCOAL;10.07.2026;VANIA_MARIANO;10.00;PENDENTE;Z00;91415799172;ALESSANDRA REGINA GOMES RODOVALHO
677446612;0009001;0301010072;CONSULTA EM GINECOLOGIA - GERAL;10963419641;MARIA FERNANDA DIAS BASILIO;23.09.2026;07:30;1;706206097079267;ANDRESSA VITORIA CASSIANO DA SILVA;30.07.2010;16;194;EVANDA DA SILVA GONCALVES;RUA;DAS JABUTICABAS;CASA;806;VILA NOVA;79415000;(67)99673-1346;SONORA;500793;SAO GABRIEL DO OESTE;500769;8176132;CASA ROSA;F;07.07.2026;TAINAOLIVEIRA;07.07.2026;TAINAOLIVEIRA;10.00;CONFIRMADO;Z00;10963419641;MARIA FERNANDA DIAS BASILIO
677636844;0009001;0301010072;CONSULTA EM GINECOLOGIA - GERAL;95747818104;VANESSA BRESCHI;03.09.2026;13:00;0;706804223495026;GIZELDA CLAUDINO DOS SANTOS;05.10.1978;48;576;MARIA JOSE CLAUDINO DOS SANTOS;RUA;JOAO RODRIGUES DE MIRANDA;NA;441;CENTRO;79490000;(67)99961-1125;SAO GABRIEL DO OESTE;500769;SAO GABRIEL DO OESTE;500769;8176132;CASA ROSA;F;07.07.2026;ANACLAUDIA_PASCOAL;07.07.2026;ANACLAUDIA_PASCOAL;10.00;CONFIRMADO;Z00;95747818104;VANESSA BRESCHI
677653464;0009001;0301010072;CONSULTA EM GINECOLOGIA - GERAL;10963419641;MARIA FERNANDA DIAS BASILIO;16.09.2026;07:30;1;700509422124360;FRANCIANE SANTOS DE SOUSA;16.12.2003;22;273;MARIA CLEOMEIRE DOS SANTOS;RUA;CANARIOS;;381;JARDIM GRAMADO;79490000;(67)99612-2155;SAO GABRIEL DO OESTE;500769;SAO GABRIEL DO OESTE;500769;8176132;CASA ROSA;F;07.07.2026;ANACLAUDIA_PASCOAL;12.08.2026;VANIA_MARIANO;10.00;PENDENTE;Z00;10963419641;MARIA FERNANDA DIAS BASILIO
677659995;0009001;0301010072;CONSULTA EM GINECOLOGIA - GERAL;10963419641;MARIA FERNANDA DIAS BASILIO;02.09.2026;08:00;0;708707187221898;VITORIA RODRIGUES BARALDI;04.10.2004;22;264;SABRINA VILHALVA RODRIGUES;RUA;PATATIVA;;153;FENIX;79491100;(67)99657-4818;SAO GABRIEL DO OESTE;500769;SAO GABRIEL DO OESTE;500769;2370999;UNIDADE DE SAUDE DA FAMILIA FENIX IV;F;07.07.2026;GUSTAVO_PIAIA;17.07.2026;VANIA_MARIANO;10.00;PENDENTE;Z30;00703866176;ALCIDES EDUARDO EIBEL
677683249;0009001;0301010072;CONSULTA EM GINECOLOGIA - GERAL;32111630187;JOSE EDACYR SIMM;01.09.2026;07:00;0;708309752493960;RITA DE CASSIA DE SOUZA MORAES;03.11.2002;23;287;DRUSCILA GONCALVES DE SOUZA MORAES;RUA;SÃO JORGE;CASA 3;55;PRIMO MAFFISSONI;79490000;(67)99908-0980 / (67)99908-0980;SAO GABRIEL DO OESTE;500769;SAO GABRIEL DO OESTE;500769;6452116;CENTRO DE ESPECIALIDADES MEDICAS;F;07.07.2026;ARI_CEM;07.07.2026;ARI_CEM;10.00;PENDENTE;Z00;32111630187;JOSE EDACYR SIMM
677697036;0009001;0301010072;CONSULTA EM GINECOLOGIA - GERAL;10963419641;MARIA FERNANDA DIAS BASILIO;02.09.2026;14:00;1;701001835225090;ADRIELY DIAS LUIZ;23.09.1997;29;348;VIVIAN APARECIDA DIAS LUIZ;AVENIDA;JUSCELINO KUBITSCHEK;CASA 01;372;CENTRO;79490000;(67)99818-6145;SAO GABRIEL DO OESTE;500769;SAO GABRIEL DO OESTE;500769;8176132;CASA ROSA;F;07.07.2026;ANACLAUDIA_PASCOAL;17.07.2026;VANIA_MARIANO;10.00;CONFIRMADO;Z00;10963419641;MARIA FERNANDA DIAS BASILIO
677701159;0009001;0301010072;CONSULTA EM GINECOLOGIA - GERAL;10963419641;MARIA FERNANDA DIAS BASILIO;02.09.2026;14:00;1;702608727357444;LUCIENE PINHEIRO MONTESSI;16.08.1981;45;541;MARIA PINHEIRO MONTESSI;RUA;ANHUMAS;;1414;JG;79490000;(67)99857-8984;SAO GABRIEL DO OESTE;500769;SAO GABRIEL DO OESTE;500769;6452116;CENTRO DE ESPECIALIDADES MEDICAS;F;07.07.2026;ARI_CEM;17.07.2026;VANIA_MARIANO;10.00;CONFIRMADO;Z00;;MARIA FERNANDA DIAS BASILIO
677702402;0701877;0301010064;CONSULTA EM GINECOLOGIA - PARA PLANEJAMENTO FAMILIAR;88308499953;LUCINALDO BASSO;02.09.2026;07:00;0;708604552130484;GIAN MOREIRA DE ARAUJO;13.03.1997;29;354;GIANNE HELI FONSECA MOREIRA;AVENIDA;RUI BARBOSA 2/99998;;2136;PRIMO MAFFISSONI;79490270;(67)99331-2917;SAO GABRIEL DO OESTE;500769;SAO GABRIEL DO OESTE;500769;7333218;UNIDADE DE SAUDE DA FAMILIA X;M;07.07.2026;SAMILLESTRELOW;07.07.2026;SAMILLESTRELOW;0.00;PENDENTE;Z302;01952696160;SAMILLE SPETH STRELOW
677702509;0701877;0301010064;CONSULTA EM GINECOLOGIA - PARA PLANEJAMENTO FAMILIAR;88308499953;LUCINALDO BASSO;02.09.2026;07:00;0;702005813661388;CRISTINA ANJOS DE SOUZA;28.06.1984;42;507;IDENIL DOS ANJOS DE SOUZA;AVENIDA;PRIMO MAFFISSONI 2/2398;;3482;PRIMO MAFFISSONI;79490290;(67)99694-9091;SAO GABRIEL DO OESTE;500769;SAO GABRIEL DO OESTE;500769;7333218;UNIDADE DE SAUDE DA FAMILIA X;F;07.07.2026;SAMILLESTRELOW;07.07.2026;SAMILLESTRELOW;0.00;PENDENTE;Z302;01952696160;SAMILLE SPETH STRELOW
677743709;0701877;0301010064;CONSULTA EM GINECOLOGIA - PARA PLANEJAMENTO FAMILIAR;88308499953;LUCINALDO BASSO;16.09.2026;07:00;1;709205253621039;MARINEI BARBOSA DA SILVA SILVEIRA;08.07.1970;56;674;MARIA LOURENCO DA MATA;FAZENDA;GROTA SECA;;S/N;RURAL;79490000;(67)99854-6672;SAO GABRIEL DO OESTE;500769;SAO GABRIEL DO OESTE;500769;8176132;CASA ROSA;F;08.07.2026;ANACLAUDIA_PASCOAL;10.07.2026;VANIA_MARIANO;0.00;CONFIRMADO;Z00;88308499953;LUCINALDO BASSO
677746518;0201207;0301010072;CONSULTA EM PEDIATRIA;57255873120;CLODOALDO SABINO DA SILVA;09.09.2026;07:00;1;708202153753846;MATURINO ALVES RODRIGUES NETO;14.05.2025;01;16;NAIARA VILIALVA DA SILVA;RUA;CURIO;;1802;FENIX;79490000;(67)99692-5691;SAO GABRIEL DO OESTE;500769;SAO GABRIEL DO OESTE;500769;8176132;CASA ROSA;M;08.07.2026;ANACLAUDIA_PASCOAL;08.07.2026;ANACLAUDIA_PASCOAL;10.00;PENDENTE;Z00;57255873120;CLODOALDO SABINO DA SILVA
677814728;0009001;0301010072;CONSULTA EM GINECOLOGIA - GERAL;10963419641;MARIA FERNANDA DIAS BASILIO;09.09.2026;14:00;1;700805916494987;ANA HELOISA PIOVEZAN MIRANDA HAMMARSTRON;18.07.2003;23;278;DALVA MIRANDA DA SILVA;RUA;CEREJEIRA;;796;SAO CRISTOVAO;79491184;(67)99646-7442 / (67)99646-7442;SAO GABRIEL DO OESTE;500769;SAO GABRIEL DO OESTE;500769;8176132;CASA ROSA;F;08.07.2026;ANACLAUDIA_PASCOAL;17.07.2026;VANIA_MARIANO;10.00;PENDENTE;Z00;10963419641;MARIA FERNANDA DIAS BASILIO
677830636;0009001;0301010072;CONSULTA EM GINECOLOGIA - GERAL;88308499953;LUCINALDO BASSO;03.09.2026;07:00;1;700900939915991;LUZIA APARECIDA DE MELO FREITAS;11.03.1971;55;666;OSMIRA DOS SANTOS MELO;RUA;SARACURA;;1495;JARDIM GRAMADO;79490000;(67)99659-1525;SAO GABRIEL DO OESTE;500769;SAO GABRIEL DO OESTE;500769;8176132;CASA ROSA;F;08.07.2026;ANACLAUDIA_PASCOAL;08.07.2026;ANACLAUDIA_PASCOAL;10.00;PENDENTE;Z001;88308499953;LUCINALDO BASSO
677832833;0009001;0301010072;CONSULTA EM GINECOLOGIA - GERAL;10963419641;MARIA FERNANDA DIAS BASILIO;16.09.2026;07:30;1;700907979082598;PALOMA ALVES;03.11.2000;25;311;ROSA APARECIDA ALVES;AVENIDA;SÃO FRANCISCO;;2955;JARDIM PRIMAVERA;79490170;(67)98124-9762;SAO GABRIEL DO OESTE;500769;SAO GABRIEL DO OESTE;500769;8176132;CASA ROSA;F;08.07.2026;ANACLAUDIA_PASCOAL;12.08.2026;VANIA_MARIANO;10.00;PENDENTE;Z001;10963419641;MARIA FERNANDA DIAS BASILIO
677853474;0201207;0301010072;CONSULTA EM PEDIATRIA;57255873120;CLODOALDO SABINO DA SILVA;16.09.2026;07:00;1;700504941474260;CECILIA MESSIAS ARAUJO;13.08.2025;01;13;CIBELE DE ARAUJO DE OLIVEIRA;RUA;DONA ELVIRA;;665;MILANI;79492070;(67)99835-4306;SAO GABRIEL DO OESTE;500769;SAO GABRIEL DO OESTE;500769;8176132;CASA ROSA;F;08.07.2026;ANACLAUDIA_PASCOAL;08.07.2026;ANACLAUDIA_PASCOAL;10.00;CONFIRMADO;Z001;57255873120;CLODOALDO SABINO DA SILVA
677911198;0201207;0301010072;CONSULTA EM PEDIATRIA;57255873120;CLODOALDO SABINO DA SILVA;02.09.2026;13:00;1;702409042211129;HELOA MARIA PEDROSA DA SILVA;14.11.2025;00;10;ANITA PEDROSA DE OLIVEIRA;RUA;SAO JORGE;CASA 69;289;JARDIM PRIMAVERA;79490164;(67)98447-7781;SAO GABRIEL DO OESTE;500769;SAO GABRIEL DO OESTE;500769;8176132;CASA ROSA;F;08.07.2026;ANACLAUDIA_PASCOAL;08.07.2026;ANACLAUDIA_PASCOAL;10.00;CONFIRMADO;Z001;57255873120;CLODOALDO SABINO DA SILVA
677923198;0009001;0301010072;CONSULTA EM GINECOLOGIA - GERAL;10963419641;MARIA FERNANDA DIAS BASILIO;02.09.2026;14:00;0;708006398600029;MARIANA GOMES ROSA;31.01.2001;25;308;ROSILDA TAVERES GOMES;RUA;SÃO JORGE;CASA 28;289;JARDIM PRIMAVERA;79490000;(67)99649-7879 / (67)99000-0000;SAO GABRIEL DO OESTE;500769;SAO GABRIEL DO OESTE;500769;8176132;CASA ROSA;F;08.07.2026;ANACLAUDIA_PASCOAL;17.07.2026;VANIA_MARIANO;10.00;CONFIRMADO;Z001;10963419641;MARIA FERNANDA DIAS BASILIO
677939043;0009001;0301010072;CONSULTA EM GINECOLOGIA - GERAL;88308499953;LUCINALDO BASSO;03.09.2026;07:00;1;700806992518388;ROSIMEIRE BRIOSCHI;05.08.1982;44;530;HELENA MARIA BRIOSCHI;RUA;HILARIO NICARETTA;CASA;2187;PRIMO MAFFISSONI;79490000;(67)99242-2900 / (67)99800-8298;SAO GABRIEL DO OESTE;500769;SAO GABRIEL DO OESTE;500769;8176132;CASA ROSA;F;08.07.2026;ANACLAUDIA_PASCOAL;08.07.2026;ANACLAUDIA_PASCOAL;10.00;CONFIRMADO;Z000;88308499953;LUCINALDO BASSO
677940094;0201207;0301010072;CONSULTA EM PEDIATRIA;57255873120;CLODOALDO SABINO DA SILVA;02.09.2026;13:00;1;700209951083628;ENDRYCK GABRIEL SANTOS DA COSTA;21.06.2023;03;39;CRIS ARICLER MOREIRA COSTA;RUA;H;;510;CIDADE JARDIM;79492128;(67)99852-0070;SAO GABRIEL DO OESTE;500769;SAO GABRIEL DO OESTE;500769;8176132;CASA ROSA;M;08.07.2026;ANACLAUDIA_PASCOAL;08.07.2026;ANACLAUDIA_PASCOAL;10.00;CONFIRMADO;Z001;57255873120;CLODOALDO SABINO DA SILVA
677957948;0009001;0301010072;CONSULTA EM GINECOLOGIA - GERAL;10963419641;MARIA FERNANDA DIAS BASILIO;02.09.2026;14:00;1;702105788004594;JAQUELINE CABRERA SANABRIA CORDEIRO;27.02.1991;35;427;ROSENEI CABRERA SANABRIA;;;;;;;(67)99677-6948 / (67)99677-6948;;;SAO GABRIEL DO OESTE;500769;8176132;CASA ROSA;F;08.07.2026;ARIROSA;17.07.2026;VANIA_MARIANO;10.00;CONFIRMADO;Z00;10963419641;MARIA FERNANDA DIAS BASILIO
677978488;0009001;0301010072;CONSULTA EM GINECOLOGIA - GERAL;95747818104;VANESSA BRESCHI;03.09.2026;13:00;1;702809155105568;LYVIA SOARES DE MELO;24.09.2009;17;204;LUDIMAR DA SILVA SOARES;RUA;COXIM;;S/N;JAURU;79400000;(67)99800-6854 / (67)99800-6854;COXIM;500330;SAO GABRIEL DO OESTE;500769;8176132;CASA ROSA;F;08.07.2026;ANACLAUDIA_PASCOAL;08.07.2026;ANACLAUDIA_PASCOAL;10.00;PENDENTE;Z001;95747818104;VANESSA BRESCHI
678014802;0009001;0301010072;CONSULTA EM GINECOLOGIA - GERAL;95747818104;VANESSA BRESCHI;10.09.2026;13:00;1;704606142978628;MARIANE VIEIRA ROSSI;08.07.1989;37;446;REGINA CELIA MORAIS VIEIRA ROSSI;RUA;MARIA SEVERO;;2321;PRIMO MAFFISSONI;79490000;(67)9623-2351;SAO GABRIEL DO OESTE;500769;SAO GABRIEL DO OESTE;500769;8176132;CASA ROSA;F;09.07.2026;ANACLAUDIA_PASCOAL;09.07.2026;ANACLAUDIA_PASCOAL;10.00;CONFIRMADO;Z001;95747818104;VANESSA BRESCHI
678038157;0701877;0301010064;CONSULTA EM GINECOLOGIA - PARA PLANEJAMENTO FAMILIAR;88308499953;LUCINALDO BASSO;30.09.2026;07:00;0;704007329303663;STEFANY DA CRUZ SANTOS;31.08.1999;27;325;MARIA ANA LUCIA SANTOS;RUA;PIRATINI;;523;MILANI;79492098;(79)99137-5983;SAO GABRIEL DO OESTE;500769;SAO GABRIEL DO OESTE;500769;8176132;CASA ROSA;F;09.07.2026;ANACLAUDIA_PASCOAL;16.07.2026;VANIA_MARIANO;0.00;CONFIRMADO;Z001;88308499953;LUCINALDO BASSO
678127231;0009001;0301010072;CONSULTA EM GINECOLOGIA - GERAL;88308499953;LUCINALDO BASSO;03.09.2026;07:00;0;700507760714750;RAQUELI BENICIO BERNARDI;09.07.1994;32;386;CLAUDETE APARECIDA BENICIO;AREA;RURAL;LOTE;29;AREA RURAL DE SAO GABRIEL DO OESTE;79493899;(45)99919-8689;SAO GABRIEL DO OESTE;500769;SAO GABRIEL DO OESTE;500769;6452116;CENTRO DE ESPECIALIDADES MEDICAS;F;09.07.2026;ANDRIELI_BARBOSA;09.07.2026;ANDRIELI_BARBOSA;10.00;CONFIRMADO;N948;;JOAO BAPTISTA BARBOSA SOUZA
678203704;0009001;0301010072;CONSULTA EM GINECOLOGIA - GERAL;95747818104;VANESSA BRESCHI;10.09.2026;13:00;1;708006836847720;ILMA MACEDO;11.10.1974;51;623;IONE DO PRADO;RUA;JATOBA;;271;SÃO CRISTOVÃO;79490000;(67)99920-8378 / (67)99978-6206;SAO GABRIEL DO OESTE;500769;SAO GABRIEL DO OESTE;500769;8176132;CASA ROSA;F;09.07.2026;ANACLAUDIA_PASCOAL;09.07.2026;ANACLAUDIA_PASCOAL;10.00;PENDENTE;Z001;;ANGELA BENITES
678217239;0009001;0301010072;CONSULTA EM GINECOLOGIA - GERAL;10963419641;MARIA FERNANDA DIAS BASILIO;02.09.2026;14:00;1;702408323174730;ZILMA DE SOUZA PULCHERIO;29.10.1974;51;623;IZILDINHA FRANCISCA DE SOUZA PULCHERIO;RUA;FRANCISCO MILANI;CASA;1565;MILANI;79490000;(67)99962-3446;SAO GABRIEL DO OESTE;500769;SAO GABRIEL DO OESTE;500769;8176132;CASA ROSA;F;09.07.2026;ANACLAUDIA_PASCOAL;17.07.2026;VANIA_MARIANO;10.00;CONFIRMADO;Z001;10963419641;MARIA FERNANDA DIAS BASILIO
678226301;0009001;0301010072;CONSULTA EM GINECOLOGIA - GERAL;95747818104;VANESSA BRESCHI;24.09.2026;13:00;1;700800457367382;KELLY RAYSSA GIMENES DE VASCONCELOS;14.07.1998;28;338;MARIA CRISTINA GIMENES;RUA;5 DE OUTUBRO;;1558;FENIX;79490000;(67)99697-4221;SAO GABRIEL DO OESTE;500769;SAO GABRIEL DO OESTE;500769;8176132;CASA ROSA;F;09.07.2026;ANACLAUDIA_PASCOAL;09.07.2026;ANACLAUDIA_PASCOAL;10.00;CONFIRMADO;Z001;95747818104;VANESSA BRESCHI
678260554;0201207;0301010072;CONSULTA EM PEDIATRIA;03429604150;STEPHANNO EMMANUEL DE SOUZA CONTIS;10.09.2026;07:00;1;898006431698284;RN DE DEBORA RAYANE QUEIROZ BRUM;23.12.2025;00;9;DEBORA RAYANE QUEIROZ BRUM;RUA;JURITI;;121;FENIX;79491092;(67)99848-3783 / (67)99852-3431;SAO GABRIEL DO OESTE;500769;SAO GABRIEL DO OESTE;500769;8176132;CASA ROSA;M;10.07.2026;ARIROSA;10.07.2026;ARIROSA;10.00;PENDENTE;Z016;03429604150;STEPHANNO EMMANUEL DE SOUZA CONTIS
678269933;0701877;0301010064;CONSULTA EM GINECOLOGIA - PARA PLANEJAMENTO FAMILIAR;88308499953;LUCINALDO BASSO;16.09.2026;07:00;0;700009504683600;EVELIN OLIVEIRA DE SOUZA;30.10.1994;31;383;ELZA FERREIRA DE OLIVEIRA;RUA;DAVI FERREIRA DA CUNHA;CASA;188;JARDIM PRIMAVERA;79490152;(67)99828-3032 / (67)99852-9463;SAO GABRIEL DO OESTE;500769;SAO GABRIEL DO OESTE;500769;2370964;UNIDADE DE SAUDE DA FAMILIA III;F;10.07.2026;ANACLAUDIA_NOGUEIRA;10.07.2026;VANIA_MARIANO;0.00;CONFIRMADO;Z302;;SOFIA LAURA CHIUZA BEILNER
678281552;0009001;0301010072;CONSULTA EM GINECOLOGIA - GERAL;88308499953;LUCINALDO BASSO;03.09.2026;07:00;0;702809568474270;ANA PAULA DE CAMPOS SOUZA;10.08.1981;45;541;MARIA AMELIA JORGE DE CAMPOS;RUA;SANTO ANGELO;;385;MILANI;79492092;(67)99933-2796;SAO GABRIEL DO OESTE;500769;SAO GABRIEL DO OESTE;500769;2370972;UNIDADE DE SAUDE DA FAMILIA MILANE II;F;10.07.2026;FLAVIA_RODRIGUES;10.07.2026;FLAVIA_RODRIGUES;10.00;CONFIRMADO;D25;02453491113;MILENA GUEDIN VARGAS
678285677;0009001;0301010072;CONSULTA EM GINECOLOGIA - GERAL;95747818104;VANESSA BRESCHI;17.09.2026;13:00;1;706701591952716;JOCIMARA MARIA DE OLIVEIRA;21.07.1981;45;542;ALICE MONTEIRO DE OLIVEIRA;RUA;FRANCISCO MISSINO;;826;VILA BELA;85027260;(67)99935-6339;GUARAPUAVA;410940;SAO GABRIEL DO OESTE;500769;8176132;CASA ROSA;F;10.07.2026;ANACLAUDIA_PASCOAL;10.07.2026;ANACLAUDIA_PASCOAL;10.00;CONFIRMADO;Z001;95747818104;VANESSA BRESCHI
678288164;0009001;0301010072;CONSULTA EM GINECOLOGIA - GERAL;95747818104;VANESSA BRESCHI;17.09.2026;13:00;1;702609276410541;LIANE JULIANA JABLONSKI;14.12.1987;38;465;MARLI CIUPAK JABLONSKI;RUA;DAS ANHUMAS;;1311;JARDIM GRAMADO;79491016;(67)99695-5425;SAO GABRIEL DO OESTE;500769;SAO GABRIEL DO OESTE;500769;8176132;CASA ROSA;F;10.07.2026;ANACLAUDIA_PASCOAL;10.07.2026;ANACLAUDIA_PASCOAL;10.00;CONFIRMADO;Z001;95747818104;VANESSA BRESCHI
678310133;0701877;0301010064;CONSULTA EM GINECOLOGIA - PARA PLANEJAMENTO FAMILIAR;88308499953;LUCINALDO BASSO;16.09.2026;07:00;0;708404705469166;ANA CAROLINA DE SOUSA PEREIRA;04.02.2000;26;320;ROSANGELA FERREIRA PEREIRA;RUA;15 DE NOVEMBRO;;461;JARDIM AMERICA;79190000;(67)99896-7880;TERENOS;500800;SAO GABRIEL DO OESTE;500769;8176132;CASA ROSA;F;10.07.2026;ANACLAUDIA_PASCOAL;10.07.2026;VANIA_MARIANO;0.00;PENDENTE;Z001;88308499953;LUCINALDO BASSO
678322021;0009001;0301010072;CONSULTA EM GINECOLOGIA - GERAL;88308499953;LUCINALDO BASSO;03.09.2026;07:00;0;708400218712665;MARIA LUCILENE LOPES DE MACEDO;27.12.1974;51;621;MARIA LUCIA ALEXANDRIA LOPES;RUA;RONDONIA;;793;CENTRO;79490000;(67)99997-3875;SAO GABRIEL DO OESTE;500769;SAO GABRIEL DO OESTE;500769;2370972;UNIDADE DE SAUDE DA FAMILIA MILANE II;F;10.07.2026;FLAVIA_RODRIGUES;10.07.2026;FLAVIA_RODRIGUES;10.00;CONFIRMADO;N951;02453491113;MILENA GUEDIN VARGAS
678338284;0009001;0301010072;CONSULTA EM GINECOLOGIA - GERAL;88308499953;LUCINALDO BASSO;03.09.2026;09:00;0;702004369393680;GABRIELLY MORAIS AQUINO ESPINDOLA;16.02.2005;21;259;MONICA MORAIS BATISTA;RUA;FILINTO MULLER;CASA1;523;MILANI;79492100;(67)99865-1616;SAO GABRIEL DO OESTE;500769;SAO GABRIEL DO OESTE;500769;2370972;UNIDADE DE SAUDE DA FAMILIA MILANE II;F;10.07.2026;FLAVIA_RODRIGUES;10.07.2026;FLAVIA_RODRIGUES;10.00;PENDENTE;N926;02453491113;MILENA GUEDIN VARGAS
678356797;0701877;0301010064;CONSULTA EM GINECOLOGIA - PARA PLANEJAMENTO FAMILIAR;88308499953;LUCINALDO BASSO;30.09.2026;07:00;0;708609014478687;SAVIO GRANDO;19.01.1997;29;356;SIMONE DE FATIMA KAVESKI GRANDO;RUA;TUIUIU;;970;JARDIM GRAMADO;79490000;(67)99616-2217;SAO GABRIEL DO OESTE;500769;SAO GABRIEL DO OESTE;500769;3400964;UNIDADE DE SAUDE DA FAMILIA RURAL VII;M;10.07.2026;DULCINEIA_MOCCELIN;16.07.2026;VANIA_MARIANO;0.00;CONFIRMADO;Z30;00612619630;KALYNKA SILVIA HIGINO
678364864;0009001;0301010072;CONSULTA EM GINECOLOGIA - GERAL;88308499953;LUCINALDO BASSO;03.09.2026;09:00;0;708107547312836;ANGELA SOFIA PALMEIRA RIBEIRO;23.03.2012;14;174;SANDRA PALMEIRA DOS SANTOS;RUA;PELICANOS;;1544;JARDIM GRAMADO;79490000;(67)9816-1014;SAO GABRIEL DO OESTE;500769;SAO GABRIEL DO OESTE;500769;7002084;UNIDADE DE SAUDE DA FAMILIA IX;F;10.07.2026;FABIELY_MORAES;10.07.2026;FABIELY_MORAES;10.00;CONFIRMADO;N93;06901507925;EVELYN KASSIA TUDISCO FERNANDES
678417226;0009001;0301010072;CONSULTA EM GINECOLOGIA - GERAL;88308499953;LUCINALDO BASSO;03.09.2026;09:00;1;704106210249880;IRISLENE DOS SANTOS DIAS;26.04.1998;28;341;SANDRA BISPO DOS SANTOS;RUA;CAMBARA;;294;JARDIM GRAMADO;79490000;(67)9954-6597;SAO GABRIEL DO OESTE;500769;SAO GABRIEL DO OESTE;500769;8176132;CASA ROSA;F;10.07.2026;ANACLAUDIA_PASCOAL;10.07.2026;ANACLAUDIA_PASCOAL;10.00;CONFIRMADO;Z016;88308499953;LUCINALDO BASSO
678536524;0009001;0301010072;CONSULTA EM GINECOLOGIA - GERAL;91415799172;ALESSANDRA REGINA GOMES RODOVALHO;21.09.2026;13:00;1;708604517685580;JANICE DE OLIVEIRA SANTOS;27.07.1973;53;638;VIDELINA MARIA DE OLIVEIRA;RUA;TANGARA;;634;FENIX;79490000;(67)99928-5490;SAO GABRIEL DO OESTE;500769;SAO GABRIEL DO OESTE;500769;8176132;CASA ROSA;F;13.07.2026;ANACLAUDIA_PASCOAL;13.07.2026;ANACLAUDIA_PASCOAL;10.00;PENDENTE;Z001;91415799172;ALESSANDRA REGINA GOMES RODOVALHO
678540230;0009001;0301010072;CONSULTA EM GINECOLOGIA - GERAL;10963419641;MARIA FERNANDA DIAS BASILIO;09.09.2026;14:00;1;700805422166989;FRANCISCA JOCIANA MENDES CRUZ;05.11.1989;36;443;TEREZA COSTA MENDES;RUA;QUERO QUERO;82;1542;SÃO CRISTOVÃO;79491202;(67)98463-7912;SAO GABRIEL DO OESTE;500769;SAO GABRIEL DO OESTE;500769;8176132;CASA ROSA;F;13.07.2026;ANACLAUDIA_PASCOAL;17.07.2026;VANIA_MARIANO;10.00;PENDENTE;Z001;10963419641;MARIA FERNANDA DIAS BASILIO
678550990;0009001;0301010072;CONSULTA EM GINECOLOGIA - GERAL;91415799172;ALESSANDRA REGINA GOMES RODOVALHO;21.09.2026;13:00;1;700202994754323;MARIA DO SOCORRO DA SILVA CLEMENTINO;18.02.1982;44;535;FRANCISCA MARIA DA SILVA CLEMENTINO;AVENIDA;RUI BARBOSA;;544;JARDIM ALVORADA;79490000;(67)9603-2214;SAO GABRIEL DO OESTE;500769;SAO GABRIEL DO OESTE;500769;8176132;CASA ROSA;F;13.07.2026;ANACLAUDIA_PASCOAL;13.07.2026;ANACLAUDIA_PASCOAL;10.00;CONFIRMADO;Z001;91415799172;ALESSANDRA REGINA GOMES RODOVALHO
678551547;0701877;0301010064;CONSULTA EM GINECOLOGIA - PARA PLANEJAMENTO FAMILIAR;88308499953;LUCINALDO BASSO;09.09.2026;07:00;0;703206634674997;MAYCON JORGE PEIXOTO BRITO;27.10.1992;33;407;ROSANGELA MARIA PEIXOTO;RUA;MARIA SEVERO;CASA;2015;PRIMO MAFFISSONI;79490000;(67)99655-8782;SAO GABRIEL DO OESTE;500769;SAO GABRIEL DO OESTE;500769;2591359;UNIDADE DE SAUDE DA FAMILIA V;M;13.07.2026;CHRISTIANEHELEN_FREITAS;13.07.2026;CHRISTIANEHELEN_FREITAS;0.00;CONFIRMADO;Z000;;MILENA VARGAS
678560070;0009001;0301010072;CONSULTA EM GINECOLOGIA - GERAL;10963419641;MARIA FERNANDA DIAS BASILIO;09.09.2026;14:00;1;706903172640936;ROSEMILDE PADILHA;17.12.1977;48;585;CECILIA PADILHA;RUA;MANOEL ROSA;;465;CENTRO;79490000;(67)99888-0781;SAO GABRIEL DO OESTE;500769;SAO GABRIEL DO OESTE;500769;8176132;CASA ROSA;F;13.07.2026;ANACLAUDIA_PASCOAL;17.07.2026;VANIA_MARIANO;10.00;PENDENTE;Z001;10963419641;MARIA FERNANDA DIAS BASILIO
678577438;0009001;0301010072;CONSULTA EM GINECOLOGIA - GERAL;10963419641;MARIA FERNANDA DIAS BASILIO;09.09.2026;07:30;0;701806265437572;LORENA DIVIE SANTOS DE OLIVEIRA;26.09.1991;35;420;ELIZANE FERREIRA BARBOSA SANTOS;RUA;S;;872;CIDADE JARDIM 02;79492152;(67)99622-2110;SAO GABRIEL DO OESTE;500769;SAO GABRIEL DO OESTE;500769;2370972;UNIDADE DE SAUDE DA FAMILIA MILANE II;F;13.07.2026;FLAVIA_RODRIGUES;13.07.2026;FLAVIA_RODRIGUES;10.00;PENDENTE;E282;83798633134;JOAO BAPTISTA BARBOSA SOUZA
678605268;0009001;0301010072;CONSULTA EM GINECOLOGIA - GERAL;10963419641;MARIA FERNANDA DIAS BASILIO;09.09.2026;14:00;1;702300187096811;ROSANA APARECIDA CORTEZ;13.06.1975;51;615;MARIA APARECIDA CORTEZ;RUA;FORTUNATO QUINTINO ZANETTI;;946;PRIMO MAFFISSONI;79490286;(67)99652-7945;SAO GABRIEL DO OESTE;500769;SAO GABRIEL DO OESTE;500769;8176132;CASA ROSA;F;13.07.2026;ANACLAUDIA_PASCOAL;17.07.2026;VANIA_MARIANO;10.00;PENDENTE;Z001;10963419641;MARIA FERNANDA DIAS BASILIO
678606185;0009001;0301010072;CONSULTA EM GINECOLOGIA - GERAL;95747818104;VANESSA BRESCHI;03.09.2026;13:00;0;708502341594870;MARILENE FARIAS DE CASTRO;19.03.1970;56;678;JOSINA FARIAS DE SOUZA;RUA;MINAS GERAIS;;2483;CENTRO;79490000;(67)99657-1803;SAO GABRIEL DO OESTE;500769;SAO GABRIEL DO OESTE;500769;8176132;CASA ROSA;F;13.07.2026;ANACLAUDIA_PASCOAL;13.07.2026;ANACLAUDIA_PASCOAL;10.00;CONFIRMADO;Z001;;MAIARA RAMOS DA SILVA
678616171;0009001;0301010072;CONSULTA EM GINECOLOGIA - GERAL;10963419641;MARIA FERNANDA DIAS BASILIO;09.09.2026;07:30;0;700003237126203;ADRIANA DOS SANTOS PALMA;16.07.1978;48;578;ALTA ROSA DOS SANTOS;RUA;S;;199;CIDADE JARDIM 2;79492152;(67)99844-6539;SAO GABRIEL DO OESTE;500769;SAO GABRIEL DO OESTE;500769;2370972;UNIDADE DE SAUDE DA FAMILIA MILANE II;F;13.07.2026;FLAVIA_RODRIGUES;13.07.2026;FLAVIA_RODRIGUES;10.00;PENDENTE;Z014;83798633134;JOAO BAPTISTA BARBOSA SOUZA
678726546;0009001;0301010072;CONSULTA EM GINECOLOGIA - GERAL;91415799172;ALESSANDRA REGINA GOMES RODOVALHO;14.09.2026;13:00;0;706701534954713;SIMONE DOS SANTOS ANDRADE;06.02.1983;43;524;MARILENE DOS SANTOS ANDRADE;RUA;CURIO;CASA;332;JG;79490000;(67)99997-7727;SAO GABRIEL DO OESTE;500769;SAO GABRIEL DO OESTE;500769;8176132;CASA ROSA;F;13.07.2026;ANACLAUDIA_PASCOAL;16.07.2026;VANIA_MARIANO;10.00;CONFIRMADO;Z001;91415799172;ALESSANDRA REGINA GOMES RODOVALHO
678727633;0009001;0301010072;CONSULTA EM GINECOLOGIA - GERAL;95747818104;VANESSA BRESCHI;24.09.2026;13:00;1;708703193104497;TAYNA CAMARGO ARRUDA;28.12.1997;28;345;ROSANA APARECIDA CAMARGO;RUA;H;CASA;498;CIDADE JARDIM;79490000;(67)99951-6867 / (67)99874-5785;RIO VERDE DE MATO GROSSO;500740;SAO GABRIEL DO OESTE;500769;8176132;CASA ROSA;F;13.07.2026;ANACLAUDIA_PASCOAL;13.07.2026;ANACLAUDIA_PASCOAL;10.00;PENDENTE;Z001;95747818104;VANESSA BRESCHI
678736352;0701877;0301010064;CONSULTA EM GINECOLOGIA - PARA PLANEJAMENTO FAMILIAR;88308499953;LUCINALDO BASSO;09.09.2026;07:00;0;702609772540547;LUANA RODRIGUES;12.07.1993;33;398;APARECIDA CORREIA DOS SANTOS;RUA;HILDO NICARETA;CASA;2001;PRIMO MAFFISSONI;79490000;(67)99995-2211;SAO GABRIEL DO OESTE;500769;SAO GABRIEL DO OESTE;500769;7333218;UNIDADE DE SAUDE DA FAMILIA X;F;13.07.2026;SAMILLESTRELOW;13.07.2026;SAMILLESTRELOW;0.00;PENDENTE;Z302;01952696160;SAMILLE SPETH STRELOW
678796419;0009001;0301010072;CONSULTA EM GINECOLOGIA - GERAL;95747818104;VANESSA BRESCHI;03.09.2026;13:00;0;704506374927918;TALITA DIAS DO NASCIMENTO;23.03.1999;27;330;VERA LUCIA DIAS VIEIRA;RUA;JOÃO EVANGELISTA ROSA;CASA;1631;PRIMO MAFFISSONI;79490000;(67)99669-9002;SAO GABRIEL DO OESTE;500769;SAO GABRIEL DO OESTE;500769;8176132;CASA ROSA;F;14.07.2026;ARIROSA;14.07.2026;ARIROSA;10.00;PENDENTE;Z00;95747818104;VANESSA BRESCHI
678800880;0009001;0301010072;CONSULTA EM GINECOLOGIA - GERAL;10963419641;MARIA FERNANDA DIAS BASILIO;09.09.2026;07:30;0;702308506431520;LORECI DE LOURDES BARCE;09.10.1973;52;635;LORI BARCE;AVENIDA;SAO FRANCISCO;;2275;CENTRO;79490000;(67)99988-9385;SAO GABRIEL DO OESTE;500769;SAO GABRIEL DO OESTE;500769;2599376;UNIDADE DE SAUDE DA FAMILIA VI;F;14.07.2026;JESSICAELOY_CUNHA;14.07.2026;JESSICAELOY_CUNHA;10.00;PENDENTE;D25;06437691107;MAIARA FLORES SCARIOT
678807225;0201207;0301010072;CONSULTA EM PEDIATRIA;01865429171;AMANDA NANTES AQUINO;08.09.2026;08:00;1;700009046844700;ELOA SILVA FERREIRA;17.11.2025;00;10;DURCILENE RODRIGUES DA SILVA;RUA;CURIO;;1777;FENIX;79491082;(67)99884-4198;SAO GABRIEL DO OESTE;500769;SAO GABRIEL DO OESTE;500769;8176132;CASA ROSA;F;14.07.2026;ANACLAUDIA_PASCOAL;14.07.2026;ANACLAUDIA_PASCOAL;10.00;PENDENTE;Z001;01865429171;AMANDA NANTES AQUINO
678807688;0201207;0301010072;CONSULTA EM PEDIATRIA;01865429171;AMANDA NANTES AQUINO;08.09.2026;08:00;1;709809005076691;MAYA SILVA FERREIRA;17.11.2025;00;10;DURCILENE RODRIGUES DA SILVA;RUA;CURIO;;1777;FENIX;79491082;(67)99884-4198;SAO GABRIEL DO OESTE;500769;SAO GABRIEL DO OESTE;500769;8176132;CASA ROSA;F;14.07.2026;ANACLAUDIA_PASCOAL;14.07.2026;ANACLAUDIA_PASCOAL;10.00;PENDENTE;Z001;01865429171;AMANDA NANTES AQUINO
678837366;0009001;0301010072;CONSULTA EM GINECOLOGIA - GERAL;10963419641;MARIA FERNANDA DIAS BASILIO;09.09.2026;07:30;0;705006256927155;EMANUELLY BICCIGO WELZEL;07.04.2017;09;113;VANUSA ROBERTA BICCIGO WELZEL;RUA;MINAS GERAIS;;2648;AMABILE MAFFISSONI;79490000;(67)99646-1148;SAO GABRIEL DO OESTE;500769;SAO GABRIEL DO OESTE;500769;8176132;CASA ROSA;F;14.07.2026;ARIROSA;14.07.2026;ARIROSA;10.00;PENDENTE;E301;10963419641;MARIA FERNANDA DIAS BASILIO
678839319;0009001;0301010072;CONSULTA EM GINECOLOGIA - GERAL;88308499953;LUCINALDO BASSO;03.09.2026;09:00;0;700401926628943;DIGNA ERNESTA ARCE;14.09.1971;55;660;ISABEL ARCE;RUA;ESTUDANTE ELIAS BORGMAN 1200/99999;;1872;PRIMO MAFFISSONI;79490326;(67)99643-4423;SAO GABRIEL DO OESTE;500769;SAO GABRIEL DO OESTE;500769;8176132;CASA ROSA;F;14.07.2026;ARIROSA;14.07.2026;ARIROSA;10.00;CONFIRMADO;Z00;88308499953;LUCINALDO BASSO
678848153;0009001;0301010072;CONSULTA EM GINECOLOGIA - GERAL;10963419641;MARIA FERNANDA DIAS BASILIO;16.09.2026;08:00;1;703406220638218;LOURDES CORREA BERTON;21.04.1947;79;953;TEREZA RODRIGUES CORREA;AVENIDA;DOM PEDRO I;;681;CENTRO;79490000;(67)99950-3904;SAO GABRIEL DO OESTE;500769;SAO GABRIEL DO OESTE;500769;8176132;CASA ROSA;F;14.07.2026;ARIROSA;12.08.2026;VANIA_MARIANO;10.00;PENDENTE;Z001;10963419641;MARIA FERNANDA DIAS BASILIO
678855081;0009001;0301010072;CONSULTA EM GINECOLOGIA - GERAL;10963419641;MARIA FERNANDA DIAS BASILIO;09.09.2026;07:30;0;700500711887950;MARIA ELENI WILDNER FACCIN;28.01.1957;69;836;HILDGARTH WILDNER;RUA;JOSE HONORIO SOBRINHO 1/1199;;1340;CENTRO;79490053;(67)3295-1631 / (67)99627-8278;SAO GABRIEL DO OESTE;500769;SAO GABRIEL DO OESTE;500769;7333218;UNIDADE DE SAUDE DA FAMILIA X;F;14.07.2026;RAISSASILVALIMA;14.07.2026;RAISSASILVALIMA;10.00;PENDENTE;Z00;;MARIA FERNANDA DIAS
678876583;0701877;0301010064;CONSULTA EM GINECOLOGIA - PARA PLANEJAMENTO FAMILIAR;88308499953;LUCINALDO BASSO;30.09.2026;07:00;0;704603185671122;LUIZ FELIPE GONCALVES FERNANDES;08.05.1996;30;364;CATARINA GONCALVES VILHARVA;RUA;CAPITÃO TAMURA;;07;NOVA AQUIDAUANA;79200000;(66)99211-8404;AQUIDAUANA;500110;SAO GABRIEL DO OESTE;500769;3400964;UNIDADE DE SAUDE DA FAMILIA RURAL VII;M;14.07.2026;DULCINEIA_MOCCELIN;16.07.2026;VANIA_MARIANO;0.00;PENDENTE;Z30;00612619630;KALYNKA SILVIA HIGINO
678877656;0009001;0301010072;CONSULTA EM GINECOLOGIA - GERAL;10963419641;MARIA FERNANDA DIAS BASILIO;09.09.2026;07:30;0;703207671943298;ANA GABRIELA DOS SANTOS DUTRA;11.09.2002;24;288;SANTINA MACHADO DOS SANTOS;FAZENDA;NOSSA SENHORA APARECIDA;MS 142 KM40;S/N;RURAL;79490000;(67)99909-5859 / (67)99812-8889;SAO GABRIEL DO OESTE;500769;SAO GABRIEL DO OESTE;500769;2370972;UNIDADE DE SAUDE DA FAMILIA MILANE II;F;14.07.2026;VANESSAMARTINS_AREADO;14.07.2026;VANESSAMARTINS_AREADO;10.00;PENDENTE;Z014;83798633134;JOAO BAPTISTA BARBOSA SOUZA
678898988;0701379;0301010048;CONSULTA EM FONOAUDIOLOIGA - RETORNO;65329520100;LEDA MARIA PAES DA SILVA DOS SANTOS;18.09.2026;07:00;0;706806245993128;ESTHER SOFIA FERNANDES DOS ANJOS;14.11.2025;00;10;FERNANDA CRISTINA DA SILVA;RUA;SÃO PAULO;CASA;2251;CENTRO;79490009;(67)99892-3447;SAO GABRIEL DO OESTE;500769;SAO GABRIEL DO OESTE;500769;8176132;CASA ROSA;F;14.07.2026;ANACLAUDIA_PASCOAL;04.09.2026;VANIA_MARIANO;6.30;PENDENTE;Z001;65329520100;LEDA MARIA PAES DA SILVA DOS SANTOS
678966868;0009001;0301010072;CONSULTA EM GINECOLOGIA - GERAL;88308499953;LUCINALDO BASSO;03.09.2026;09:00;1;706409678914484;DAIANA MONTESSI CANTERO;18.09.1984;42;504;ELENA MONTESSI CANTERO;RUA;CEREJEIRAS;;271;SAO CRISTOVAO;79490000;(67)9929-5896;SAO GABRIEL DO OESTE;500769;SAO GABRIEL DO OESTE;500769;8176132;CASA ROSA;F;14.07.2026;ANACLAUDIA_PASCOAL;14.07.2026;ANACLAUDIA_PASCOAL;10.00;CONFIRMADO;Z001;88308499953;LUCINALDO BASSO
678972671;0009001;0301010072;CONSULTA EM GINECOLOGIA - GERAL;88308499953;LUCINALDO BASSO;10.09.2026;07:00;0;708007305594121;ZORAIDES ALVES DOS SANTOS FERREIRA;25.09.1978;48;576;APARECIDA ALVES DOS SANTOS;RUA;RUA CURICACA;;474;JD GRAMADO;79490000;(67)9874-9429;SAO GABRIEL DO OESTE;500769;SAO GABRIEL DO OESTE;500769;2370980;UNIDADE DE SAUDE DA FAMILIA JARDIM GRAMADO I;F;14.07.2026;ELISANGELA_UNIDADEI;14.07.2026;ELISANGELA_UNIDADEI;10.00;CONFIRMADO;D25;01454652179;MAYARA MARIA MELKE GUIMARAES
679014588;0009001;0301010072;CONSULTA EM GINECOLOGIA - GERAL;95747818104;VANESSA BRESCHI;03.09.2026;13:00;0;707305087947270;APARECIDA CLARINDA ZANONI;29.07.1958;68;818;MARIA ZEFERINO CLARINDA;RUA;CURIO;FUNDOS;1225;JARDIM GRAMADO;79491012;(47)99253-1290 / (47)99991-0403;SAO GABRIEL DO OESTE;500769;SAO GABRIEL DO OESTE;500769;2370980;UNIDADE DE SAUDE DA FAMILIA JARDIM GRAMADO I;F;14.07.2026;ELISANGELA_UNIDADEI;14.07.2026;ELISANGELA_UNIDADEI;10.00;CONFIRMADO;R10;01454652179;MAYARA MARIA MELKE GUIMARAES
679037874;0009001;0301010072;CONSULTA EM GINECOLOGIA - GERAL;10963419641;MARIA FERNANDA DIAS BASILIO;16.09.2026;14:00;1;702800164525665;EDNA PAULA DA SILVA;23.04.1977;49;593;GERACINA MARIA DA CONCEICAO;RUA;ANHUMAS;CASA;1310;JARDIM GRAMADO;79490000;(67)99928-9911;SAO GABRIEL DO OESTE;500769;SAO GABRIEL DO OESTE;500769;8176132;CASA ROSA;F;14.07.2026;ANACLAUDIA_PASCOAL;12.08.2026;VANIA_MARIANO;10.00;PENDENTE;Z001;10963419641;MARIA FERNANDA DIAS BASILIO
679084798;0009001;0301010072;CONSULTA EM GINECOLOGIA - GERAL;10963419641;MARIA FERNANDA DIAS BASILIO;09.09.2026;07:30;0;700806420548486;ISIS RODRIGUES MAIDANO;06.03.2007;19;235;GISELE APARECIDA RODRIGUES ALVES DA SILVA;RUA;DAS GAIVOTAS;;904;JARDIM GRAMADO;79491018;(67)99940-0476;SAO GABRIEL DO OESTE;500769;SAO GABRIEL DO OESTE;500769;5971055;UNIDADE DE SAUDE DA FAMILIA VIII;F;15.07.2026;JESSICAPADILHA;15.07.2026;JESSICAPADILHA;10.00;PENDENTE;Z000;04805244160;RENNAN ORTIZ BUENO
679085945;0009001;0301010072;CONSULTA EM GINECOLOGIA - GERAL;10963419641;MARIA FERNANDA DIAS BASILIO;09.09.2026;07:30;0;700200921468930;GISELE APARECIDA RODRIGUES ALVES DA SILVA;13.03.1988;38;462;VERA LUCIA PEREIRA RODRIGUES;RUA;DAS GAIVOTAS;;904;JARDIM GRAMADO;79491018;(67)99233-0308;SAO GABRIEL DO OESTE;500769;SAO GABRIEL DO OESTE;500769;5971055;UNIDADE DE SAUDE DA FAMILIA VIII;F;15.07.2026;JESSICAPADILHA;15.07.2026;JESSICAPADILHA;10.00;PENDENTE;Z000;04805244160;RENNAN ORTIZ BUENO
679109860;0009001;0301010072;CONSULTA EM GINECOLOGIA - GERAL;10963419641;MARIA FERNANDA DIAS BASILIO;16.09.2026;14:00;1;700201966434130;NELCI MARIA EIBEL;27.10.1956;69;839;ANAYR PIERINA EIBEL;RUA;ESTUDANTE ELIAS BORGMAN;COHAB IV;1350;PRIMO MAFFISSONI;79490000;(67)3295-2246;SAO GABRIEL DO OESTE;500769;SAO GABRIEL DO OESTE;500769;8176132;CASA ROSA;F;15.07.2026;ANACLAUDIA_PASCOAL;12.08.2026;VANIA_MARIANO;10.00;PENDENTE;Z001;10963419641;MARIA FERNANDA DIAS BASILIO
679149262;0009001;0301010072;CONSULTA EM GINECOLOGIA - GERAL;10963419641;MARIA FERNANDA DIAS BASILIO;16.09.2026;14:00;1;709205233509837;MARILETE APARECIDA PICCOLI;27.04.1972;54;653;UBALDINA ECKER;RUA;MONTEIRO LOBATO;;1628;JARDIM ALVORADA;79490000;(67)3295-2871 / (67)99939-5763;SAO GABRIEL DO OESTE;500769;SAO GABRIEL DO OESTE;500769;8176132;CASA ROSA;F;15.07.2026;ANACLAUDIA_PASCOAL;12.08.2026;VANIA_MARIANO;10.00;PENDENTE;Z001;10963419641;MARIA FERNANDA DIAS BASILIO
679153127;0009001;0301010072;CONSULTA EM GINECOLOGIA - GERAL;91415799172;ALESSANDRA REGINA GOMES RODOVALHO;14.09.2026;13:00;1;706800203657825;LEDA MARIA DA SILVA;16.04.1958;68;821;FILOMENA RIBEIRO;RUA;PATATIVA;;266;FENIX;79491100;(67)99961-4061;SAO GABRIEL DO OESTE;500769;SAO GABRIEL DO OESTE;500769;8176132;CASA ROSA;F;15.07.2026;ANACLAUDIA_PASCOAL;17.07.2026;VANIA_MARIANO;10.00;CONFIRMADO;Z001;91415799172;ALESSANDRA REGINA GOMES RODOVALHO
679155759;0201207;0301010072;CONSULTA EM PEDIATRIA;57255873120;CLODOALDO SABINO DA SILVA;02.09.2026;07:00;1;701806299397271;MARIA RIHANA JACINTHO TRINDADE;08.02.2022;04;55;JACIARA ALVES JACINTHO;RUA;TANGARÁ;CASA;324;FÊNIX;79490000;(67)99874-5079;SAO GABRIEL DO OESTE;500769;SAO GABRIEL DO OESTE;500769;8176132;CASA ROSA;F;15.07.2026;ANACLAUDIA_PASCOAL;15.07.2026;ANACLAUDIA_PASCOAL;10.00;CONFIRMADO;Z001;57255873120;CLODOALDO SABINO DA SILVA
679157424;0009001;0301010072;CONSULTA EM GINECOLOGIA - GERAL;10963419641;MARIA FERNANDA DIAS BASILIO;16.09.2026;14:00;1;707807608807517;SILVANA DE JESUS CORREIA;15.01.1988;38;464;ROSA BISPO DE JESUS CORREIA;RUA;CURIO;CASA;405;JARDIM GRAMADO;79490000;(67)99949-6829;SAO GABRIEL DO OESTE;500769;SAO GABRIEL DO OESTE;500769;8176132;CASA ROSA;F;15.07.2026;ANACLAUDIA_PASCOAL;12.08.2026;VANIA_MARIANO;10.00;PENDENTE;Z001;10963419641;MARIA FERNANDA DIAS BASILIO
679234497;0009001;0301010072;CONSULTA EM GINECOLOGIA - GERAL;10963419641;MARIA FERNANDA DIAS BASILIO;23.09.2026;07:30;1;706808787174428;JUCILENE PRADO DA SILVA LIMA;27.11.1979;46;562;NAIR DO PRADO DA SILVA;FAZENDA;PRIMAVERA;;S/N;RURAL;79490000;(67)99667-7189;SAO GABRIEL DO OESTE;500769;SAO GABRIEL DO OESTE;500769;8176132;CASA ROSA;F;15.07.2026;ANACLAUDIA_PASCOAL;25.08.2026;VANIA_MARIANO;10.00;CONFIRMADO;Z00;10963419641;MARIA FERNANDA DIAS BASILIO
679240359;0009001;0301010072;CONSULTA EM GINECOLOGIA - GERAL;10963419641;MARIA FERNANDA DIAS BASILIO;23.09.2026;08:00;1;702407044944725;LEDA VANIA CONCEICAO DA SILVA;22.10.1981;44;539;IVONE MARIA DA SILVA;RUA;SANTA MARIA;;8;MILANI;79492074;(67)99820-9444;SAO GABRIEL DO OESTE;500769;SAO GABRIEL DO OESTE;500769;8176132;CASA ROSA;F;15.07.2026;ARIROSA;25.08.2026;VANIA_MARIANO;10.00;PENDENTE;Z00;10963419641;MARIA FERNANDA DIAS BASILIO
679262210;0701877;0301010064;CONSULTA EM GINECOLOGIA - PARA PLANEJAMENTO FAMILIAR;88308499953;LUCINALDO BASSO;30.09.2026;07:00;0;705002642453257;ALEXANDRE PEREIRA DE SOUZA;21.05.1990;36;436;ANAIR ZOCCHE;FAZENDA;MODELO;;S/N;ZONA RURAL;79490000;(21)2105-0000;SAO GABRIEL DO OESTE;500769;SAO GABRIEL DO OESTE;500769;8176132;CASA ROSA;M;15.07.2026;ARIROSA;16.07.2026;VANIA_MARIANO;0.00;CONFIRMADO;Z302;;MESSIELEN PEREIRA PINTO
679300771;0201207;0301010072;CONSULTA EM PEDIATRIA;57255873120;CLODOALDO SABINO DA SILVA;16.09.2026;13:00;1;706203576962168;ANA LIVIA FLORES DA SILVA;12.11.2025;00;10;ARISLEIA FLORES CARVALHO;FAZENDA;MODELO;;S/N;AREA RURAL DE SAO GABRIEL DO OESTE;79493899;(67)99827-8649;SAO GABRIEL DO OESTE;500769;SAO GABRIEL DO OESTE;500769;8176132;CASA ROSA;F;15.07.2026;ARIROSA;15.07.2026;ARIROSA;10.00;CONFIRMADO;Z762;57255873120;CLODOALDO SABINO DA SILVA
679306504;0009001;0301010072;CONSULTA EM GINECOLOGIA - GERAL;10963419641;MARIA FERNANDA DIAS BASILIO;23.09.2026;14:00;1;709604640421772;MAYSA INACIO FERNANDES DE SOUZA;11.12.2006;19;237;ANA CLAUDIA INACIO DA SILVA;RUA;GREGORIANA;CASA 30;279;PRIMO MAFFISSONI;79490000;(67)99819-6531;SAO GABRIEL DO OESTE;500769;SAO GABRIEL DO OESTE;500769;8176132;CASA ROSA;F;15.07.2026;ARIROSA;25.08.2026;VANIA_MARIANO;10.00;CONFIRMADO;Z014;10963419641;MARIA FERNANDA DIAS BASILIO
679308751;0701877;0301010064;CONSULTA EM GINECOLOGIA - PARA PLANEJAMENTO FAMILIAR;88308499953;LUCINALDO BASSO;30.09.2026;07:00;0;701306644474330;FATIMA VIEIRA DA SILVA;01.02.1993;33;404;SANDRA MICIA VIEIRA;;;;;;;(67)99857-9982 / (67)9846-1871;;;SAO GABRIEL DO OESTE;500769;2370972;UNIDADE DE SAUDE DA FAMILIA MILANE II;F;15.07.2026;FLAVIA_RODRIGUES;16.07.2026;VANIA_MARIANO;0.00;CONFIRMADO;Z34;83798633134;JOAO BAPTISTA BARBOSA SOUZA
679312968;0009001;0301010072;CONSULTA EM GINECOLOGIA - GERAL;95747818104;VANESSA BRESCHI;03.09.2026;13:00;0;702307028759820;SONIA MARA FERNANDES SIQUEIRA;13.11.1983;42;514;ELZA FERNANDES SIQUEIRA;RUA;CURIO;;1076;JARDIM GRAMADO;79490000;(14)98843-4705;SAO GABRIEL DO OESTE;500769;SAO GABRIEL DO OESTE;500769;5971055;UNIDADE DE SAUDE DA FAMILIA VIII;F;15.07.2026;JESSICAPADILHA;15.07.2026;JESSICAPADILHA;10.00;PENDENTE;Z000;04805244160;RENNAN ORTIZ BUENO
679361691;0009001;0301010072;CONSULTA EM GINECOLOGIA - GERAL;10963419641;MARIA FERNANDA DIAS BASILIO;23.09.2026;14:00;1;704107635387150;CARINA SHANA LAGO GRANDO;29.03.1983;43;522;IVANIR LAGO;RUA;PARANA;;2656;CENTRO;79490000;(67)9957-0518;SAO GABRIEL DO OESTE;500769;SAO GABRIEL DO OESTE;500769;8176132;CASA ROSA;F;16.07.2026;ANACLAUDIA_PASCOAL;25.08.2026;VANIA_MARIANO;10.00;CONFIRMADO;Z001;10963419641;MARIA FERNANDA DIAS BASILIO
679367469;0009001;0301010072;CONSULTA EM GINECOLOGIA - GERAL;91415799172;ALESSANDRA REGINA GOMES RODOVALHO;14.09.2026;13:00;0;702608766655744;JAKELYNE MONTAGNA;15.01.1983;43;524;LOURDES ZANARDI MONTAGNA;AVENIDA;GREGORIO NICARETTA;;1937;PRIMO MAFFISSONI;79490000;(67)93295-1139 / (67)99654-2864;SAO GABRIEL DO OESTE;500769;SAO GABRIEL DO OESTE;500769;7333218;UNIDADE DE SAUDE DA FAMILIA X;F;16.07.2026;RAISSASILVALIMA;16.07.2026;RAISSASILVALIMA;10.00;CONFIRMADO;Z014;63805480172;CLEDSON PERETTI
679372511;0009001;0301010072;CONSULTA EM GINECOLOGIA - GERAL;10963419641;MARIA FERNANDA DIAS BASILIO;23.09.2026;14:00;0;702009387154484;CRISTIANE MEIRE DA SILVA;19.10.1979;46;563;NEIDE MEIRA DA SILVA;RUA;RIO DE JANEIRO;;2897;AMABILE MAFFISSONI;79490000;(67)9924-8126;SAO GABRIEL DO OESTE;500769;SAO GABRIEL DO OESTE;500769;8176132;CASA ROSA;F;16.07.2026;ANACLAUDIA_PASCOAL;25.08.2026;VANIA_MARIANO;10.00;CONFIRMADO;Z001;10963419641;MARIA FERNANDA DIAS BASILIO
679382085;0009012;0301010072;CONSULTA EM GINECOLOGIA GESTANTE.;88308499953;LUCINALDO BASSO;14.09.2026;07:00;0;705002028503659;HELEN NATIELE FERREIRA SILVA;17.12.2004;21;261;ROSANE FERREIRA PEREIRA;RUA;CURRUÍRAS;;1450;JARDIM GRAMADO;79491014;(67)99957-4861;SAO GABRIEL DO OESTE;500769;SAO GABRIEL DO OESTE;500769;5971055;UNIDADE DE SAUDE DA FAMILIA VIII;F;16.07.2026;JESSICAPADILHA;16.07.2026;JESSICAPADILHA;10.00;PENDENTE;Z34;04805244160;RENNAN ORTIZ BUENO
679391379;0009001;0301010072;CONSULTA EM GINECOLOGIA - GERAL;88308499953;LUCINALDO BASSO;10.09.2026;07:00;1;706701593878416;NOEMI DOS SANTOS OLIVEIRA SOUZA;15.02.1984;42;511;LAICI DOS SANTOS OLIVEIRA;AREA;FAZENDA;CABECEIRA;S/N;AREA RURAL DE SAO GABRIEL DO OESTE;79493899;(67)99913-7728;SAO GABRIEL DO OESTE;500769;SAO GABRIEL DO OESTE;500769;8176132;CASA ROSA;F;16.07.2026;ANACLAUDIA_PASCOAL;16.07.2026;ANACLAUDIA_PASCOAL;10.00;CONFIRMADO;Z001;88308499953;LUCINALDO BASSO
679517519;0009001;0301010072;CONSULTA EM GINECOLOGIA - GERAL;95747818104;VANESSA BRESCHI;03.09.2026;13:30;1;700500719145457;IZABEL CRISTINA GOMES;09.07.1981;45;542;ROSENI DA SILVA GOMES;RUA;BICUDOS;;435;JARDIM GRAMADO;79490000;(67)9655-8660;SAO GABRIEL DO OESTE;500769;SAO GABRIEL DO OESTE;500769;8176132;CASA ROSA;F;16.07.2026;ANACLAUDIA_PASCOAL;17.07.2026;VANIA_MARIANO;10.00;CONFIRMADO;Z001;95747818104;VANESSA BRESCHI
679523613;0009001;0301010072;CONSULTA EM GINECOLOGIA - GERAL;95747818104;VANESSA BRESCHI;03.09.2026;13:30;1;704704575260240;BEATRIZ LOPES RIBEIRO;21.11.2006;19;238;MARIA APARECIDA LOPES DA SILVA;RUA;CONDE DE PORTO ALEGRE;;794;MILANI;79492072;(67)99677-2675;SAO GABRIEL DO OESTE;500769;SAO GABRIEL DO OESTE;500769;8176132;CASA ROSA;F;16.07.2026;ANACLAUDIA_PASCOAL;17.07.2026;VANIA_MARIANO;10.00;PENDENTE;Z001;95747818104;VANESSA BRESCHI
679529132;0009001;0301010072;CONSULTA EM GINECOLOGIA - GERAL;95747818104;VANESSA BRESCHI;03.09.2026;13:30;1;701107018239410;MARINETE VIEIRA BERNARDES;23.01.1973;53;644;TERESINHA VIEIRA BERNARDES;RUA;ANHUMAS;;1192;JARDIM GRAMADO;79490000;(67)9903-1798;SAO GABRIEL DO OESTE;500769;SAO GABRIEL DO OESTE;500769;8176132;CASA ROSA;F;16.07.2026;ANACLAUDIA_PASCOAL;17.07.2026;VANIA_MARIANO;10.00;PENDENTE;Z001;95747818104;VANESSA BRESCHI
679562416;0009001;0301010072;CONSULTA EM GINECOLOGIA - GERAL;95747818104;VANESSA BRESCHI;17.09.2026;13:30;1;706208727861270;YASMIN DIAS SILVA;17.01.2005;21;260;RUSLAINE SILVA DIAS;RUA;AMAZONAS;;2899;CENTRO;79490000;(67)99608-7611;SAO GABRIEL DO OESTE;500769;SAO GABRIEL DO OESTE;500769;8176132;CASA ROSA;F;16.07.2026;ANACLAUDIA_PASCOAL;17.07.2026;VANIA_MARIANO;10.00;CONFIRMADO;Z001;95747818104;VANESSA BRESCHI
679606924;0009001;0301010072;CONSULTA EM GINECOLOGIA - GERAL;95747818104;VANESSA BRESCHI;03.09.2026;13:00;0;700006278488102;CLARISSE MESSIAS DOS SANTOS;08.08.1961;65;781;ELZA SOUZA DOS SANTOS;RUA;BEM TE VI;;1610;CONJUNTO FENIX;79490000;(67)99849-9229;SAO GABRIEL DO OESTE;500769;SAO GABRIEL DO OESTE;500769;5971055;UNIDADE DE SAUDE DA FAMILIA VIII;F;17.07.2026;JESSICAPADILHA;17.07.2026;JESSICAPADILHA;10.00;CONFIRMADO;Z000;04805244160;RENNAN ORTIZ BUENO
679627199;0201207;0301010072;CONSULTA EM PEDIATRIA;57255873120;CLODOALDO SABINO DA SILVA;02.09.2026;15:00;1;709806034182299;AYLA CABRAL BARBOSA;06.09.2025;01;13;ANDRESSA CABRAL;RUA;DAS ARARAS;;2149;FENIX;79491102;(67)99942-5451;SAO GABRIEL DO OESTE;500769;SAO GABRIEL DO OESTE;500769;8176132;CASA ROSA;F;17.07.2026;ANACLAUDIA_PASCOAL;17.07.2026;ANACLAUDIA_PASCOAL;10.00;CONFIRMADO;Z001;57255873120;CLODOALDO SABINO DA SILVA
679633417;0201207;0301010072;CONSULTA EM PEDIATRIA;37817795649;GILBERT MAIRINK RODRIGUES;04.09.2026;13:00;1;708704179954897;ELOISA BEATRIZ MEDEIROS DUTRA;03.12.2025;00;10;ERICA MEDEIROS DE SOUZA DUTRA;AREA;RURAL;;S/N;AREA RURAL DE SAO GABRIEL DO OESTE;79493899;(67)99884-2816;SAO GABRIEL DO OESTE;500769;SAO GABRIEL DO OESTE;500769;2370972;UNIDADE DE SAUDE DA FAMILIA MILANE II;F;17.07.2026;VANESSAMARTINS_AREADO;17.07.2026;VANESSAMARTINS_AREADO;10.00;PENDENTE;Z00;;GILBERT MAIRINK
679642270;0009001;0301010072;CONSULTA EM GINECOLOGIA - GERAL;95747818104;VANESSA BRESCHI;03.09.2026;13:00;0;700704972026675;FERNANDA PACHECO DA SILVA;15.12.1997;28;345;FATIMA MACEDO PACHECO;AVENIDA;TUIUIÚ;;1087;JARDIM GRAMADO;79420000;(67)9915-0877;SAO GABRIEL DO OESTE;500769;SAO GABRIEL DO OESTE;500769;2370980;UNIDADE DE SAUDE DA FAMILIA JARDIM GRAMADO I;F;17.07.2026;ELISANGELA_UNIDADEI;17.07.2026;ELISANGELA_UNIDADEI;10.00;PENDENTE;N926;96040653191;PAULO FENELON MARINHO
679744829;0009001;0301010072;CONSULTA EM GINECOLOGIA - GERAL;32111630187;JOSE EDACYR SIMM;08.09.2026;07:00;0;704100275946580;FABIANA BONO LIMA;10.05.2005;21;256;SIMONE MADALENO BONO;RUA;HILARIO MICARETA;CASA;2251;PRIMO MAFFISSONI;79490000;(67)99929-8973;SAO GABRIEL DO OESTE;500769;SAO GABRIEL DO OESTE;500769;7333218;UNIDADE DE SAUDE DA FAMILIA X;F;17.07.2026;RAISSASILVALIMA;17.07.2026;RAISSASILVALIMA;10.00;CONFIRMADO;Z014;63805480172;CLEDSON PERETTI
679754010;0009001;0301010072;CONSULTA EM GINECOLOGIA - GERAL;91415799172;ALESSANDRA REGINA GOMES RODOVALHO;14.09.2026;13:00;0;705604406677313;JULIANA JUNQUEIRA MARQUES CALDEIRA FONSECA;03.04.1981;45;546;MARIA HELENA JUNQUEIRA CALDEIRA;AVENIDA;MATO GROSSO DO SUL;CASA;679;CENTRO;79490000;(67)99625-8753 / (67)99281-4002;SAO GABRIEL DO OESTE;500769;SAO GABRIEL DO OESTE;500769;2591359;UNIDADE DE SAUDE DA FAMILIA V;F;17.07.2026;CHRISTIANEHELEN_FREITAS;17.07.2026;CHRISTIANEHELEN_FREITAS;10.00;PENDENTE;N644;04796956107;JULIANA DA ROCHA PEREIRA MENEZES
679858458;0201207;0301010072;CONSULTA EM PEDIATRIA;04145161173;RHUANNE SIQUEIRA GUIMARAES;14.09.2026;13:00;1;700603924540666;THIAGO CARNEIRO MORBEQUE;24.05.2016;10;124;LUCILAINE CARNEIRO RODRIGUES MORBEQUE;RUA;COLIBRI;CASA1;747;FENIX;79490000;(67)99933-7158;SAO GABRIEL DO OESTE;500769;SAO GABRIEL DO OESTE;500769;8176132;CASA ROSA;M;20.07.2026;TAINAOLIVEIRA;20.07.2026;TAINAOLIVEIRA;10.00;CONFIRMADO;Z000;04145161173;RHUANNE SIQUEIRA GUIMARAES
679876005;0009001;0301010072;CONSULTA EM GINECOLOGIA - GERAL;95747818104;VANESSA BRESCHI;24.09.2026;13:00;1;708409717239068;LUCIENE DA CRUZ FARIAS;13.09.1983;43;516;DAMIANA DA CRUZ;RUA;OITI;;386;SAO CRISTOVAO;79491196;(67)99964-8411;SAO GABRIEL DO OESTE;500769;SAO GABRIEL DO OESTE;500769;8176132;CASA ROSA;F;20.07.2026;ANACLAUDIA_PASCOAL;11.08.2026;VANIA_MARIANO;10.00;CONFIRMADO;Z000;91415799172;ALESSANDRA REGINA GOMES RODOVALHO
679877976;0009001;0301010072;CONSULTA EM GINECOLOGIA - GERAL;88308499953;LUCINALDO BASSO;10.09.2026;07:00;0;705005269056955;DARLETE AZEVEDO PALMEIRA SOUZA;08.08.1975;51;613;ALEXANDRINA AZEVEDO PALMEIRA SOUZA;RUA;PARANÁ;APARTAMENTO 1004;2600;AMABILE MAFFISSONI;79490084;(67)99136-8718;SAO GABRIEL DO OESTE;500769;SAO GABRIEL DO OESTE;500769;2370964;UNIDADE DE SAUDE DA FAMILIA III;F;20.07.2026;MAYARAANGELO;20.07.2026;MAYARAANGELO;10.00;CONFIRMADO;Z000;;ANGELA BENITES
679905550;0009001;0301010072;CONSULTA EM GINECOLOGIA - GERAL;32111630187;JOSE EDACYR SIMM;15.09.2026;07:00;0;704806075202749;CAMILA CAMPOS DOS SANTOS;02.03.2007;19;235;ELIANE CAMPOS DO CARMO;RUA;CURIO;;566;JARDIM GRAMADO;79491012;(67)99619-6793;SAO GABRIEL DO OESTE;500769;SAO GABRIEL DO OESTE;500769;5971055;UNIDADE DE SAUDE DA FAMILIA VIII;F;20.07.2026;JESSICAPADILHA;20.07.2026;JESSICAPADILHA;10.00;CONFIRMADO;Z000;04805244160;RENNAN ORTIZ BUENO
679919398;0009001;0301010072;CONSULTA EM GINECOLOGIA - GERAL;88308499953;LUCINALDO BASSO;10.09.2026;07:00;0;707403014062977;ANDREIA SOARES PEREIRA RIBEIRO;16.02.1985;41;499;MADALENA MONTESE PEREIRA;RUA;TUIUIU;FUNDOS;1142;JARDIM GRAMADO;79490000;(67)99915-7010;SAO GABRIEL DO OESTE;500769;SAO GABRIEL DO OESTE;500769;2370980;UNIDADE DE SAUDE DA FAMILIA JARDIM GRAMADO I;F;20.07.2026;ELISANGELA_UNIDADEI;20.07.2026;ELISANGELA_UNIDADEI;10.00;CONFIRMADO;N93;01454652179;MAYARA MARIA MELKE GUIMARAES
679943749;0201207;0301010072;CONSULTA EM PEDIATRIA;04145161173;RHUANNE SIQUEIRA GUIMARAES;14.09.2026;07:00;1;708507353476171;VALENTINA LORRAINE DE JESUS;14.03.2023;03;42;CLEIDINEIA DE JESUS LIMA;RUA;CURICACAS;;1157;JARDIM GRAMADO;79490000;(67)99816-9504;SAO GABRIEL DO OESTE;500769;SAO GABRIEL DO OESTE;500769;8176132;CASA ROSA;F;20.07.2026;ANACLAUDIA_PASCOAL;20.07.2026;ANACLAUDIA_PASCOAL;10.00;PENDENTE;Z000;04145161173;RHUANNE SIQUEIRA GUIMARAES
680016270;0701877;0301010064;CONSULTA EM GINECOLOGIA - PARA PLANEJAMENTO FAMILIAR;88308499953;LUCINALDO BASSO;16.09.2026;07:00;0;702804664677964;KAREN SAMYLLA AZEVEDO CASTRO;07.04.2003;23;281;CANDICE SANTOS AZEVEDO;RUA;CID CHEBEL;;33;NOVA AQUIDAUANA;79200000;(87)99615-1695;AQUIDAUANA;500110;SAO GABRIEL DO OESTE;500769;3400964;UNIDADE DE SAUDE DA FAMILIA RURAL VII;F;20.07.2026;DULCINEIA_MOCCELIN;20.07.2026;DULCINEIA_MOCCELIN;0.00;PENDENTE;Z34;00612619630;KALYNKA SILVIA HIGINO
680061416;0009001;0301010072;CONSULTA EM GINECOLOGIA - GERAL;88308499953;LUCINALDO BASSO;10.09.2026;09:00;1;704707788671038;LEONICE PEREIRA DA SILVA;20.03.1978;48;582;CREUZA PEREIRA DA SILVA;FAZENDA;FURNA DO MAIA;;S/N;RURAL;79490000;(67)99909-6401;SAO GABRIEL DO OESTE;500769;SAO GABRIEL DO OESTE;500769;8176132;CASA ROSA;F;20.07.2026;ANACLAUDIA_PASCOAL;20.07.2026;ANACLAUDIA_PASCOAL;10.00;CONFIRMADO;Z000;88308499953;LUCINALDO BASSO
680072146;0009001;0301010072;CONSULTA EM GINECOLOGIA - GERAL;32111630187;JOSE EDACYR SIMM;15.09.2026;07:00;0;700002015287005;LUCELIA RITA DA SILVA RAMOS;01.02.1983;43;524;MARIA LEILA DA SILVA;RUA;CURICACA;;1505;JARDIM GRAMADO;79491010;(67)99940-7372;SAO GABRIEL DO OESTE;500769;SAO GABRIEL DO OESTE;500769;5971055;UNIDADE DE SAUDE DA FAMILIA VIII;F;20.07.2026;JESSICAPADILHA;20.07.2026;JESSICAPADILHA;10.00;CONFIRMADO;N832;04805244160;RENNAN ORTIZ BUENO
680078993;0009001;0301010072;CONSULTA EM GINECOLOGIA - GERAL;10963419641;MARIA FERNANDA DIAS BASILIO;16.09.2026;07:30;0;703204647262496;MARIA ELAINE DA SILVA LIMA;18.08.1980;46;553;AGLAIDE MARIA DA SILVA;AVENIDA;SAO FRANCISCO;;2725;CENTRO;79490000;(67)99991-7940 / (67)99640-8400;SAO GABRIEL DO OESTE;500769;SAO GABRIEL DO OESTE;500769;2370964;UNIDADE DE SAUDE DA FAMILIA III;F;20.07.2026;MAYARAANGELO;20.07.2026;MAYARAANGELO;10.00;PENDENTE;N951;;ANGELA BENITES
680085467;0201207;0301010072;CONSULTA EM PEDIATRIA;04145161173;RHUANNE SIQUEIRA GUIMARAES;14.09.2026;09:00;1;702000848467982;JOAQUIM MAFFISSONI DE SOUZA;05.11.2019;06;83;AMANDA DE SOUZA MORAIS;RUA;JOAO EVANGELISTA ROSA;CASA;101;CENTRO;79490000;(67)99907-0380;SAO GABRIEL DO OESTE;500769;SAO GABRIEL DO OESTE;500769;8176132;CASA ROSA;M;20.07.2026;ANACLAUDIA_PASCOAL;20.07.2026;ANACLAUDIA_PASCOAL;10.00;PENDENTE;Z000;04145161173;RHUANNE SIQUEIRA GUIMARAES
680088616;0009001;0301010072;CONSULTA EM GINECOLOGIA - GERAL;88308499953;LUCINALDO BASSO;17.09.2026;07:00;0;702800693591165;VANESSA BATISTA MACHADO;02.06.1978;48;580;ELZA BATISTA MACHADO;RUA;BOA VENTURA FERREIRA ROSA;CASA;1559;JARDIM ALVORADA;79490000;(67)91236-5478;SAO GABRIEL DO OESTE;500769;SAO GABRIEL DO OESTE;500769;7333218;UNIDADE DE SAUDE DA FAMILIA X;F;20.07.2026;RAISSASILVALIMA;29.08.2026;VANIA_MARIANO;10.00;CONFIRMADO;N921;63805480172;CLEDSON PERETTI
680091046;0009001;0301010072;CONSULTA EM GINECOLOGIA - GERAL;91415799172;ALESSANDRA REGINA GOMES RODOVALHO;14.09.2026;14:00;1;702400057818522;MARIA ANA CLAUDY;06.09.1948;78;937;VERONICA MARIA CASALI;RUA;ALBINO DE SOUZA BRANDAO;;741;CENTRO;79490000;(67)99942-7112;SAO GABRIEL DO OESTE;500769;SAO GABRIEL DO OESTE;500769;8176132;CASA ROSA;F;20.07.2026;ANACLAUDIA_PASCOAL;20.07.2026;ANACLAUDIA_PASCOAL;10.00;CONFIRMADO;Z000;91415799172;ALESSANDRA REGINA GOMES RODOVALHO
680093931;0201207;0301010072;CONSULTA EM PEDIATRIA;04145161173;RHUANNE SIQUEIRA GUIMARAES;14.09.2026;09:00;1;708307732581560;BENICIO FELIPE MONTEIRO DE MELLO;22.07.2020;06;74;BRUNA MONTEIRO DE ARAUJO;RUA;IGNÊS BARATIERI RIZZO;CASA 1;439;PRIMO MAFISSONI;79490000;(67)99605-4374;SAO GABRIEL DO OESTE;500769;SAO GABRIEL DO OESTE;500769;8176132;CASA ROSA;M;20.07.2026;ANACLAUDIA_PASCOAL;20.07.2026;ANACLAUDIA_PASCOAL;10.00;CONFIRMADO;Z000;04145161173;RHUANNE SIQUEIRA GUIMARAES
680157003;0009001;0301010072;CONSULTA EM GINECOLOGIA - GERAL;95747818104;VANESSA BRESCHI;10.09.2026;13:00;0;704802099517940;AMELIA MARIA DOS ANJOS;08.05.1947;79;952;CECILIA MARIA DA CONCEICAO;RUA;JACARANDÁ;CASA;315;SÃO CRISTOVÃO;79491194;(67)99909-2728;SAO GABRIEL DO OESTE;500769;SAO GABRIEL DO OESTE;500769;7002084;UNIDADE DE SAUDE DA FAMILIA IX;F;21.07.2026;FABIELY_MORAES;21.07.2026;FABIELY_MORAES;10.00;PENDENTE;N811;06901507925;EVELYN KASSIA TUDISCO FERNANDES
680159325;0009001;0301010072;CONSULTA EM GINECOLOGIA - GERAL;91415799172;ALESSANDRA REGINA GOMES RODOVALHO;14.09.2026;14:00;1;898005947706611;SAMYLLA VITORIA PINTO SOUSA;24.04.2010;16;197;ELIANE RIBEIRO PINTO;RUA;GREGORIANA 1/99998;CASA 19;333;JARDIM PRIMAVERA;79490166;(67)98482-5804;SAO GABRIEL DO OESTE;500769;SAO GABRIEL DO OESTE;500769;8176132;CASA ROSA;F;21.07.2026;TAINAOLIVEIRA;21.07.2026;TAINAOLIVEIRA;10.00;CONFIRMADO;Z000;91415799172;ALESSANDRA REGINA GOMES RODOVALHO
680189153;0009001;0301010072;CONSULTA EM GINECOLOGIA - GERAL;88308499953;LUCINALDO BASSO;10.09.2026;09:00;0;702803159657969;EMILLY IZABEL DE SOUZA OLIVEIRA;25.02.2005;21;259;SUNILDA CANDIDA DE SOUZA;RUA;SAO JORGE;CONDOMINIO BURITIS 04 CASA 02;289;JARDIM PRIMAVERA;79490164;(67)99963-6294;SAO GABRIEL DO OESTE;500769;SAO GABRIEL DO OESTE;500769;2370964;UNIDADE DE SAUDE DA FAMILIA III;F;21.07.2026;MAYARAANGELO;21.07.2026;MAYARAANGELO;10.00;CONFIRMADO;Z014;;ANGELA BENITES
680203936;0701877;0301010064;CONSULTA EM GINECOLOGIA - PARA PLANEJAMENTO FAMILIAR;88308499953;LUCINALDO BASSO;23.09.2026;07:00;0;706203085522168;DANIELA DARLY DOS SANTOS;09.09.1995;31;372;MARIA SONIA DOS SANTOS;RUA;CONDE DE PORTO ALEGRE;;772;MILANI;79492072;(67)99621-2048;SAO GABRIEL DO OESTE;500769;SAO GABRIEL DO OESTE;500769;8176132;CASA ROSA;F;21.07.2026;ANACLAUDIA_PASCOAL;21.07.2026;ANACLAUDIA_PASCOAL;0.00;PENDENTE;Z000;88308499953;LUCINALDO BASSO
680223934;0009001;0301010072;CONSULTA EM GINECOLOGIA - GERAL;91415799172;ALESSANDRA REGINA GOMES RODOVALHO;21.09.2026;14:00;1;700008559006103;ISABELE VITORIA BENITES SOARES;02.06.2009;17;208;CREUZA BENITES DE LIMA;RUA;CEREJEIRA;;725;SAO CRISTOVAO;79491184;(67)99601-8647;SAO GABRIEL DO OESTE;500769;SAO GABRIEL DO OESTE;500769;8176132;CASA ROSA;F;21.07.2026;ANACLAUDIA_PASCOAL;21.07.2026;ANACLAUDIA_PASCOAL;10.00;CONFIRMADO;Z000;91415799172;ALESSANDRA REGINA GOMES RODOVALHO
680227793;0009001;0301010072;CONSULTA EM GINECOLOGIA - GERAL;95747818104;VANESSA BRESCHI;10.09.2026;13:00;0;700000499906408;ANDREIA DE FATIMA SILVA;09.02.1983;43;523;MARIA LINDAIR DIAS DA SILVA;RUA;FENIX;;392;FENIX;79490000;(67)9917-1305 / (67)99959-6728;SAO GABRIEL DO OESTE;500769;SAO GABRIEL DO OESTE;500769;7002084;UNIDADE DE SAUDE DA FAMILIA IX;F;21.07.2026;FABIELY_MORAES;21.07.2026;FABIELY_MORAES;10.00;CONFIRMADO;N939;06901507925;EVELYN KASSIA TUDISCO FERNANDES
680245230;0009001;0301010072;CONSULTA EM GINECOLOGIA - GERAL;88308499953;LUCINALDO BASSO;10.09.2026;09:00;1;708605063771984;LETICIA FIGUEIREDO DA CRUZ;12.03.1997;29;354;SONIA FIGUEIREDO;FAZENDA;NASCENTE DO BRIOSO;;S/N;RURAL;79490000;(67)99807-2203;SAO GABRIEL DO OESTE;500769;SAO GABRIEL DO OESTE;500769;8176132;CASA ROSA;F;21.07.2026;ANACLAUDIA_PASCOAL;21.07.2026;ANACLAUDIA_PASCOAL;10.00;CONFIRMADO;Z000;88308499953;LUCINALDO BASSO
680245891;0009001;0301010072;CONSULTA EM GINECOLOGIA - GERAL;32111630187;JOSE EDACYR SIMM;22.09.2026;07:00;0;700206406211327;CARMEN MARIA RODRIGUES;29.12.1982;43;525;OLGA MARIA RODRIGUES;RUA;DOS TUCANOS;;149;JARDIM GRAMADO;79491026;(67)99690-6490;SAO GABRIEL DO OESTE;500769;SAO GABRIEL DO OESTE;500769;8176132;CASA ROSA;F;21.07.2026;ANACLAUDIA_PASCOAL;21.07.2026;ANACLAUDIA_PASCOAL;10.00;PENDENTE;Z000;;LARISSA PLENAMENTE 
680279550;0009001;0301010072;CONSULTA EM GINECOLOGIA - GERAL;91415799172;ALESSANDRA REGINA GOMES RODOVALHO;21.09.2026;14:00;1;702803124634865;SIMONE PAULA DOS SANTOS;21.04.1989;37;449;MARIA SOCORRO DOS SANTOS;AREA;RURAL;;S/N;AREA RURAL DE RONDONOPOLIS;78750899;(21)2105-0000;RONDONOPOLIS;510760;SAO GABRIEL DO OESTE;500769;8176132;CASA ROSA;F;21.07.2026;ANACLAUDIA_PASCOAL;21.07.2026;ANACLAUDIA_PASCOAL;10.00;CONFIRMADO;Z000;91415799172;ALESSANDRA REGINA GOMES RODOVALHO
680298647;0009001;0301010072;CONSULTA EM GINECOLOGIA - GERAL;10963419641;MARIA FERNANDA DIAS BASILIO;16.09.2026;07:30;0;703403152280500;AMANDA MOURA DE MELLO;04.08.2001;25;302;SANDRA APARECIDA DE MOURA BARRIOS;AVENIDA;TUIUIU;CASA 2;201;JARDIM GRAMADO;79490000;(67)99946-2263;SAO GABRIEL DO OESTE;500769;SAO GABRIEL DO OESTE;500769;2370980;UNIDADE DE SAUDE DA FAMILIA JARDIM GRAMADO I;F;21.07.2026;ELISANGELA_UNIDADEI;21.07.2026;ELISANGELA_UNIDADEI;10.00;PENDENTE;N63;01454652179;MAYARA MARIA MELKE GUIMARAES
680346238;0201207;0301010072;CONSULTA EM PEDIATRIA;01865429171;AMANDA NANTES AQUINO;08.09.2026;13:00;1;702609782638949;ADRYAN GABRIEL LOPES CORREIA;15.10.2025;00;11;BIANCA GABRIELI LOPES VILHALVA;RUA;CRISTOVAO ALVARES;;765;NUCLEO HABITACIONAL BURITI;79091080;(67)99136-0360;CAMPO GRANDE;500270;SAO GABRIEL DO OESTE;500769;8176132;CASA ROSA;M;21.07.2026;ANACLAUDIA_PASCOAL;21.07.2026;ANACLAUDIA_PASCOAL;10.00;CONFIRMADO;Z000;01865429171;AMANDA NANTES AQUINO
680355305;0009001;0301010072;CONSULTA EM GINECOLOGIA - GERAL;95747818104;VANESSA BRESCHI;10.09.2026;13:00;0;703605032636332;KEYSER REGINA COELHO DE AZEVEDO;11.04.1992;34;413;SANDRA REGINA DE MORAES COELHO;AVENIDA;GETULIO VARGAS;CASA;510;CENTRO;79490000;(67)99979-0134;SAO GABRIEL DO OESTE;500769;SAO GABRIEL DO OESTE;500769;7333218;UNIDADE DE SAUDE DA FAMILIA X;F;21.07.2026;RAISSASILVALIMA;21.07.2026;RAISSASILVALIMA;10.00;PENDENTE;N921;63805480172;CLEDSON PERETTI
680414103;0009001;0301010072;CONSULTA EM GINECOLOGIA - GERAL;91415799172;ALESSANDRA REGINA GOMES RODOVALHO;14.09.2026;13:00;0;700500912222956;GEOVANA DE MELO SANTANA;07.11.1991;34;418;ESTELINA EVA DE MELO SANTANA;RUA;PELICANOS;CASA;1520;JARDIM GRAMADO;79490000;(67)99692-8147;SAO GABRIEL DO OESTE;500769;SAO GABRIEL DO OESTE;500769;8176132;CASA ROSA;F;22.07.2026;TAINAOLIVEIRA;22.07.2026;TAINAOLIVEIRA;10.00;CONFIRMADO;Z00;91415799172;ALESSANDRA REGINA GOMES RODOVALHO
680414528;0009001;0301010072;CONSULTA EM GINECOLOGIA - GERAL;95747818104;VANESSA BRESCHI;10.09.2026;13:00;0;705805450970038;LARISSA NUNES DE MATOS SANTO;13.04.2011;15;185;JOELMA NUNES DE MATOS DO ESPIRITO SANTO;RUA;RAIMUNDO PRADO;;1239;CENTRO;79490000;(67)99624-7490;SAO GABRIEL DO OESTE;500769;SAO GABRIEL DO OESTE;500769;2599376;UNIDADE DE SAUDE DA FAMILIA VI;F;22.07.2026;JESSICAELOY_CUNHA;22.07.2026;JESSICAELOY_CUNHA;10.00;CONFIRMADO;N948;06437691107;MAIARA FLORES SCARIOT
680419532;0009001;0301010072;CONSULTA EM GINECOLOGIA - GERAL;10963419641;MARIA FERNANDA DIAS BASILIO;16.09.2026;07:30;0;700201428137524;ABADIA APARECIDA DA SILVA;08.08.1981;45;541;ROSA NUNES DA SILVA;RUA;SANTA CATARINA;CASA 02;1740;CENTRO;79490005;(67)99839-5139;SAO GABRIEL DO OESTE;500769;SAO GABRIEL DO OESTE;500769;2599376;UNIDADE DE SAUDE DA FAMILIA VI;F;22.07.2026;JESSICAELOY_CUNHA;22.07.2026;JESSICAELOY_CUNHA;10.00;PENDENTE;N893;06437691107;MAIARA FLORES SCARIOT
680493655;0009001;0301010072;CONSULTA EM GINECOLOGIA - GERAL;88308499953;LUCINALDO BASSO;10.09.2026;09:00;0;700408981682845;TEREZINHA RIBEIRO DA SILVA;01.01.1964;62;753;NAIR RIBEIRO DA SILVA;RUA;SÃO PAULO;;2110;CENTRO;79490000;(67)99641-0889;SAO GABRIEL DO OESTE;500769;SAO GABRIEL DO OESTE;500769;8176132;CASA ROSA;F;22.07.2026;TAINAOLIVEIRA;22.07.2026;TAINAOLIVEIRA;10.00;CONFIRMADO;Z000;88308499953;LUCINALDO BASSO
680566654;0009001;0301010072;CONSULTA EM GINECOLOGIA - GERAL;10963419641;MARIA FERNANDA DIAS BASILIO;16.09.2026;07:30;0;702404567705227;ANA PAULA MARCHI;01.02.1985;41;500;SILVIA CATARINA CABANHA MARCHI;RUA;ALAGOAS;CASA;2342;CENTRO;79490000;(44)99929-0229;SAO GABRIEL DO OESTE;500769;SAO GABRIEL DO OESTE;500769;2599376;UNIDADE DE SAUDE DA FAMILIA VI;F;22.07.2026;JESSICAELOY_CUNHA;22.07.2026;JESSICAELOY_CUNHA;10.00;PENDENTE;O925;06437691107;MAIARA FLORES SCARIOT
680576810;0201207;0301010072;CONSULTA EM PEDIATRIA;57255873120;CLODOALDO SABINO DA SILVA;16.09.2026;07:00;0;703604076073936;ALICIA GABRIELY AMORIM MATIAS;16.06.2025;01;15;EMILY GABRIELE AMORIM SIQUEIRA;RUA;AROEIRA;;420;SAO CRISTOVAO;79491190;(67)99808-3679;SAO GABRIEL DO OESTE;500769;SAO GABRIEL DO OESTE;500769;8176132;CASA ROSA;F;22.07.2026;ANACLAUDIA_PASCOAL;22.07.2026;ANACLAUDIA_PASCOAL;10.00;CONFIRMADO;Z000;57255873120;CLODOALDO SABINO DA SILVA
680578940;0009001;0301010072;CONSULTA EM GINECOLOGIA - GERAL;95747818104;VANESSA BRESCHI;10.09.2026;13:00;0;706003826973341;GEISE MICHELE DOS SANTOS PIERGENTILE;16.02.1982;44;535;MARILDA RODRIGUES DOS SANTOS;RUA;BOAVENTURA FERREIRA ROSA;;1349;CENTRO;79490000;(19)99843-1835;SAO GABRIEL DO OESTE;500769;SAO GABRIEL DO OESTE;500769;7333218;UNIDADE DE SAUDE DA FAMILIA X;F;22.07.2026;RAISSASILVALIMA;22.07.2026;RAISSASILVALIMA;10.00;CONFIRMADO;N951;63805480172;CLEDSON PERETTI
680586855;0009001;0301010072;CONSULTA EM GINECOLOGIA - GERAL;88308499953;LUCINALDO BASSO;10.09.2026;09:00;0;705604485867013;CARLA PRISCILA GONCALVES CABANHA;04.10.2001;25;300;MARIA JOSE GONCALVES;RUA;GAIVOTAS;CASA;1997;FENIX;79490000;(67)99909-1641 / (67)99841-2453;SAO GABRIEL DO OESTE;500769;SAO GABRIEL DO OESTE;500769;3400964;UNIDADE DE SAUDE DA FAMILIA RURAL VII;F;22.07.2026;DULCINEIA_MOCCELIN;22.07.2026;DULCINEIA_MOCCELIN;10.00;PENDENTE;Z392;02453491113;MILENA GUEDIN VARGAS
680599410;0009001;0301010072;CONSULTA EM GINECOLOGIA - GERAL;95747818104;VANESSA BRESCHI;10.09.2026;13:00;0;700808951303982;RODIMAR CANDIDO BRUM;30.09.1982;44;528;ALENIR BRUM CANDIDO;RUA;PARDAIS;;891;FÊNIX;79491064;(67)99864-7269;SAO GABRIEL DO OESTE;500769;SAO GABRIEL DO OESTE;500769;2370999;UNIDADE DE SAUDE DA FAMILIA FENIX IV;F;22.07.2026;GUSTAVO_PIAIA;22.07.2026;GUSTAVO_PIAIA;10.00;CONFIRMADO;N93;96245646120;RAFAELLA MARIA COSTA GOIS DE FIGUEIREDO
680607500;0701877;0301010064;CONSULTA EM GINECOLOGIA - PARA PLANEJAMENTO FAMILIAR;88308499953;LUCINALDO BASSO;23.09.2026;06:50;0;706409600461686;NATALIA DE OLIVEIRA DOS SANTOS;08.10.1999;26;323;SOLANGE VIANA DE OLIVEIRA DOS SANTOS;RUA;CURIO;CASA;1802;FENIX;79490000;(67)99656-2101;SAO GABRIEL DO OESTE;500769;SAO GABRIEL DO OESTE;500769;7002084;UNIDADE DE SAUDE DA FAMILIA IX;F;22.07.2026;FABIELY_MORAES;20.08.2026;VANIA_MARIANO;0.00;CONFIRMADO;Z302;06901507925;EVELYN KASSIA TUDISCO FERNANDES
680620824;0009001;0301010072;CONSULTA EM GINECOLOGIA - GERAL;10963419641;MARIA FERNANDA DIAS BASILIO;16.09.2026;07:30;0;700504379459756;EDNA APARECIDA BELLEI;11.11.1966;59;718;APARECIDA CONCEICAO BRITO;RUA;CEARA;;1420;JARDIM ALVORADA;79490000;(67)99994-4091;SAO GABRIEL DO OESTE;500769;SAO GABRIEL DO OESTE;500769;2599376;UNIDADE DE SAUDE DA FAMILIA VI;F;22.07.2026;JESSICAELOY_CUNHA;22.07.2026;JESSICAELOY_CUNHA;10.00;PENDENTE;N951;06437691107;MAIARA FLORES SCARIOT
680627644;0009001;0301010072;CONSULTA EM GINECOLOGIA - GERAL;10963419641;MARIA FERNANDA DIAS BASILIO;16.09.2026;07:30;0;702804102468866;ELIZABETH BARROS DE OLIVEIRA;23.05.1981;45;544;MARIA SALOME MARQUES DE BARROS OLIVEIRA;AVENIDA;CASTELO BRANCO;CASA;1787;PRIMO MAFFISSONI;79490000;(67)99849-5330;SAO GABRIEL DO OESTE;500769;SAO GABRIEL DO OESTE;500769;8176132;CASA ROSA;F;22.07.2026;TAINAOLIVEIRA;22.07.2026;TAINAOLIVEIRA;10.00;PENDENTE;Z00;10963419641;MARIA FERNANDA DIAS BASILIO
680639345;0009001;0301010072;CONSULTA EM GINECOLOGIA - GERAL;10963419641;MARIA FERNANDA DIAS BASILIO;23.09.2026;14:00;1;708200120026242;FERNANDA MERCES VALLOVERA;10.10.1997;28;347;DALVA MERCES BARRETO;RUA;ESPIRITO SANTO;;2100;CENTRO;79490023;(75)98885-6806;SAO GABRIEL DO OESTE;500769;SAO GABRIEL DO OESTE;500769;8176132;CASA ROSA;F;22.07.2026;TAINAOLIVEIRA;28.08.2026;VANIA_MARIANO;10.00;PENDENTE;Z00;10963419641;MARIA FERNANDA DIAS BASILIO
680639715;0201207;0301010072;CONSULTA EM PEDIATRIA;57255873120;CLODOALDO SABINO DA SILVA;09.09.2026;15:00;1;700006750467606;ELOAH DIAS VESPERO;11.03.2022;04;54;RHAIKA STEPHANYE DIAS COIMBRA;RUA;ITAQUI;;71;RURAL;79490000;(67)99688-8446;SAO GABRIEL DO OESTE;500769;SAO GABRIEL DO OESTE;500769;8176132;CASA ROSA;F;22.07.2026;TAINAOLIVEIRA;22.07.2026;TAINAOLIVEIRA;10.00;PENDENTE;Z00;37817795649;GILBERT MAIRINK RODRIGUES
680702344;0009001;0301010072;CONSULTA EM GINECOLOGIA - GERAL;10963419641;MARIA FERNANDA DIAS BASILIO;16.09.2026;07:30;0;700904975553496;JANAINA DE SOUZA MOTA;15.05.1991;35;424;ROSA IRENE MOREIRA;RUA;ARAÇA;CASA;375;SÃO CRISTOVÃO;79491198;(67)99946-2701 / (67)99946-2701;SAO GABRIEL DO OESTE;500769;SAO GABRIEL DO OESTE;500769;7002084;UNIDADE DE SAUDE DA FAMILIA IX;F;23.07.2026;FABIELY_MORAES;23.07.2026;FABIELY_MORAES;10.00;PENDENTE;N941;06901507925;EVELYN KASSIA TUDISCO FERNANDES
680705698;0009012;0301010072;CONSULTA EM GINECOLOGIA GESTANTE.;95747818104;VANESSA BRESCHI;03.09.2026;07:00;1;700005223139601;CARLA DOS SANTOS DE MELO;14.01.1994;32;392;MARIA DO O MONTEIRO DOS SANTOS;RUA;ANTONIO LAMBERT;;1580;MILANI;79492064;(67)99323-7787 / (67)99126-2822;SAO GABRIEL DO OESTE;500769;SAO GABRIEL DO OESTE;500769;8176132;CASA ROSA;F;23.07.2026;ANACLAUDIA_PASCOAL;23.07.2026;ANACLAUDIA_PASCOAL;10.00;CONFIRMADO;Z000;95747818104;VANESSA BRESCHI
680709298;0009001;0301010072;CONSULTA EM GINECOLOGIA - GERAL;88308499953;LUCINALDO BASSO;17.09.2026;07:00;1;705409484475495;ROSILENE CARDOSO FUZARO RODRIGUES;23.01.1986;40;488;VERA LUCIA FUZARO;RUA;SABIAS;;462;JARDIM GRAMADO;79490000;(67)99998-0948;SAO GABRIEL DO OESTE;500769;SAO GABRIEL DO OESTE;500769;8176132;CASA ROSA;F;23.07.2026;ANACLAUDIA_PASCOAL;23.07.2026;ANACLAUDIA_PASCOAL;10.00;PENDENTE;Z000;88308499953;LUCINALDO BASSO
680713253;0009001;0301010072;CONSULTA EM GINECOLOGIA - GERAL;88308499953;LUCINALDO BASSO;17.09.2026;09:00;1;703201645574692;ROZINEIRE DE LIMA DO ESPIRITO SANTO;25.03.1981;45;546;ELIZETE DE LIMA DO ESPIRITO SANTO;RUA;ANGICO;;248;SÃO CRISTOVÃO;79490000;(67)99821-0848 / (67)99843-5139;SAO GABRIEL DO OESTE;500769;SAO GABRIEL DO OESTE;500769;8176132;CASA ROSA;F;23.07.2026;ANACLAUDIA_PASCOAL;23.07.2026;ANACLAUDIA_PASCOAL;10.00;CONFIRMADO;Z000;88308499953;LUCINALDO BASSO
680716544;0009001;0301010072;CONSULTA EM GINECOLOGIA - GERAL;88308499953;LUCINALDO BASSO;17.09.2026;09:00;1;704606145016029;LEA STAUD DE SOUSA;11.03.1984;42;510;NORMELINDA STAUD;RUA;JOAO EVANGELISTA ROSA;CASA;1742;PRIMO MAFFISSONI;79490000;(67)99601-3135;SAO GABRIEL DO OESTE;500769;SAO GABRIEL DO OESTE;500769;8176132;CASA ROSA;F;23.07.2026;ANACLAUDIA_PASCOAL;23.07.2026;ANACLAUDIA_PASCOAL;10.00;CONFIRMADO;Z00;88308499953;LUCINALDO BASSO
680732805;0009001;0301010072;CONSULTA EM GINECOLOGIA - GERAL;88308499953;LUCINALDO BASSO;24.09.2026;07:00;1;705202480917871;ELIKA DA SILVA FLORES;21.12.1985;40;489;ANA APARECIDA BORGES DA SILVA FLORES;AVENIDA;JUSCELINO KUBITSCHEK 1/1199;;1851;CENTRO;79490049;(67)99945-6412;SAO GABRIEL DO OESTE;500769;SAO GABRIEL DO OESTE;500769;8176132;CASA ROSA;F;23.07.2026;ANACLAUDIA_PASCOAL;23.07.2026;ANACLAUDIA_PASCOAL;10.00;PENDENTE;Z000;88308499953;LUCINALDO BASSO
680830615;0009001;0301010072;CONSULTA EM GINECOLOGIA - GERAL;88308499953;LUCINALDO BASSO;24.09.2026;07:00;1;706406691610083;ROZELY BATISTA;01.05.1977;49;593;CECILIA ALVES BATISTA;RUA;ARARAS;;2059;CONJUNTO FENIX;79490000;(67)99863-4085;SAO GABRIEL DO OESTE;500769;SAO GABRIEL DO OESTE;500769;8176132;CASA ROSA;F;23.07.2026;ANACLAUDIA_PASCOAL;23.07.2026;ANACLAUDIA_PASCOAL;10.00;CONFIRMADO;Z00;88308499953;LUCINALDO BASSO
680863382;0009001;0301010072;CONSULTA EM GINECOLOGIA - GERAL;88308499953;LUCINALDO BASSO;17.09.2026;07:00;0;700606972918668;ROSALETE ROSSI;12.11.1975;50;610;ANA JULIA DE OLIVEIRA ROSSI;RUA;AZULAO;;1104;JARDIM DOS PASSAROS;79490000;(67)9937-1733;SAO GABRIEL DO OESTE;500769;SAO GABRIEL DO OESTE;500769;8176132;CASA ROSA;F;23.07.2026;ANACLAUDIA_PASCOAL;23.07.2026;ANACLAUDIA_PASCOAL;10.00;CONFIRMADO;Z00;;RENNAN ORTIZ BUENO
680877914;0009001;0301010072;CONSULTA EM GINECOLOGIA - GERAL;95747818104;VANESSA BRESCHI;10.09.2026;13:30;1;708903763490614;AUDRIA RIBEIRO RODRIGUES;01.07.1973;53;639;MARIALZA RIBEIRO;RUA;DAS ARARAS;;2030;FENIX;79491102;(67)99933-3170;SAO GABRIEL DO OESTE;500769;SAO GABRIEL DO OESTE;500769;8176132;CASA ROSA;F;23.07.2026;ANACLAUDIA_PASCOAL;23.07.2026;ANACLAUDIA_PASCOAL;10.00;PENDENTE;Z00;95747818104;VANESSA BRESCHI
680927777;0201207;0301010072;CONSULTA EM PEDIATRIA;57255873120;CLODOALDO SABINO DA SILVA;02.09.2026;07:00;1;708006303246222;VALENTINA SILVA VASCONCELOS DE ARAUJO;21.09.2016;10;120;ROSELI SILVA RODRIGUES;RUA;TUIUIU;;1790;FENIX;79490000;(67)99994-3570;SAO GABRIEL DO OESTE;500769;SAO GABRIEL DO OESTE;500769;8176132;CASA ROSA;F;24.07.2026;ANACLAUDIA_PASCOAL;24.07.2026;ANACLAUDIA_PASCOAL;10.00;PENDENTE;Z00;57255873120;CLODOALDO SABINO DA SILVA
680955861;0009001;0301010072;CONSULTA EM GINECOLOGIA - GERAL;95747818104;VANESSA BRESCHI;10.09.2026;13:00;0;701804222067771;MONICA REBECHI;19.07.1984;42;506;INES PRIGOL REBECHI;RUA;MENOTTI DELL PICCHIA;CASA;1616;JARDIM ALVORADA;79490000;(44)99135-8241;SAO GABRIEL DO OESTE;500769;SAO GABRIEL DO OESTE;500769;7333218;UNIDADE DE SAUDE DA FAMILIA X;F;24.07.2026;RAISSASILVALIMA;24.07.2026;RAISSASILVALIMA;10.00;CONFIRMADO;Z124;63805480172;CLEDSON PERETTI
680962161;0009001;0301010072;CONSULTA EM GINECOLOGIA - GERAL;88308499953;LUCINALDO BASSO;24.09.2026;09:00;1;702609703183242;JULIA OLIVEIRA GAONA;28.09.2006;20;240;MICHELY OLIVEIRA DO AMARAL;RUA;SANTA CATARINA;;1014;CENTRO;79490000;(67)99946-5099;SAO GABRIEL DO OESTE;500769;SAO GABRIEL DO OESTE;500769;8176132;CASA ROSA;F;24.07.2026;ANACLAUDIA_PASCOAL;24.07.2026;ANACLAUDIA_PASCOAL;10.00;PENDENTE;Z00;88308499953;LUCINALDO BASSO
680974082;0009001;0301010072;CONSULTA EM GINECOLOGIA - GERAL;95747818104;VANESSA BRESCHI;17.09.2026;13:30;1;706302796203574;ANA KELLY DE SOUSA SILVA IBIAPINA;08.05.1991;35;424;ANA KATIA DE SOUSA SILVA;RUA;SANTA ANA;;123;MILANI;79492090;(85)99417-8606;SAO GABRIEL DO OESTE;500769;SAO GABRIEL DO OESTE;500769;8176132;CASA ROSA;F;24.07.2026;ANACLAUDIA_PASCOAL;24.07.2026;ANACLAUDIA_PASCOAL;10.00;CONFIRMADO;Z00;95747818104;VANESSA BRESCHI
680988603;0009001;0301010072;CONSULTA EM GINECOLOGIA - GERAL;91415799172;ALESSANDRA REGINA GOMES RODOVALHO;14.09.2026;13:00;0;707001864201535;ANDRIELI ALVES MOTA;27.08.1998;28;337;ROSILENE ALVES BEZERRA;RUA;SANTA CATARINA;;2556;CENTRO;79490000;(67)99821-7552;SAO GABRIEL DO OESTE;500769;SAO GABRIEL DO OESTE;500769;7002084;UNIDADE DE SAUDE DA FAMILIA IX;F;24.07.2026;FABIELY_MORAES;24.07.2026;FABIELY_MORAES;10.00;CONFIRMADO;F520;06901507925;EVELYN KASSIA TUDISCO FERNANDES
681002065;0201207;0301010072;CONSULTA EM PEDIATRIA;57255873120;CLODOALDO SABINO DA SILVA;02.09.2026;09:00;1;898006430594299;MARIA ALICE FERREIRA;19.11.2025;00;10;JENIFER FERREIRA DINIZ;RUA;CURICACA 1/1465;;1076;JARDIM GRAMADO;79491010;(61)3315-2425;SAO GABRIEL DO OESTE;500769;SAO GABRIEL DO OESTE;500769;8176132;CASA ROSA;F;24.07.2026;ANACLAUDIA_PASCOAL;24.07.2026;ANACLAUDIA_PASCOAL;10.00;PENDENTE;Z00;37817795649;GILBERT MAIRINK RODRIGUES
681005058;0009001;0301010072;CONSULTA EM GINECOLOGIA - GERAL;88308499953;LUCINALDO BASSO;24.09.2026;09:00;1;701805292545878;RAQUEL RODRIGUES CORREA;15.12.1994;31;381;MARIA DE DEUS RODRIGUES COSTA;RUA;SABIA;;1260;JARDIM GRAMADO;79490000;(67)99948-1640;SAO GABRIEL DO OESTE;500769;SAO GABRIEL DO OESTE;500769;8176132;CASA ROSA;F;24.07.2026;ANACLAUDIA_PASCOAL;24.07.2026;ANACLAUDIA_PASCOAL;10.00;PENDENTE;Z00;88308499953;LUCINALDO BASSO
681061797;0201207;0301010072;CONSULTA EM PEDIATRIA;57255873120;CLODOALDO SABINO DA SILVA;02.09.2026;15:00;1;700502969502658;MARYA HELLENA RONDON OLIVEIRA;05.05.2026;00;5;ANA LETICIA RONDON PEREIRA FERREIRA;RUA;DAS ARARAS;;2066;FENIX;79491102;(61)3315-2425 / (67)99931-5986;SAO GABRIEL DO OESTE;500769;SAO GABRIEL DO OESTE;500769;8176132;CASA ROSA;F;24.07.2026;ARIROSA;24.07.2026;ARIROSA;10.00;PENDENTE;Z00;57255873120;CLODOALDO SABINO DA SILVA
681062306;0201207;0301010072;CONSULTA EM PEDIATRIA;57255873120;CLODOALDO SABINO DA SILVA;02.09.2026;15:00;1;700006027215105;TALLYSON PYETRO RONDON DA SILVA RODRIGUES;19.06.2022;04;51;ANA LETICIA RONDON PEREIRA FERREIRA;RUA;ARARAS;CASA1;2066;FÊNIX;79491102;(67)99628-1157 / (67)99136-3260;SAO GABRIEL DO OESTE;500769;SAO GABRIEL DO OESTE;500769;8176132;CASA ROSA;M;24.07.2026;ARIROSA;24.07.2026;ARIROSA;10.00;PENDENTE;Z00;57255873120;CLODOALDO SABINO DA SILVA
681072366;0201207;0301010072;CONSULTA EM PEDIATRIA;01865429171;AMANDA NANTES AQUINO;01.09.2026;13:00;0;700101936258211;THEO MURILLO FAGUNDES JULIAO;04.03.2026;00;7;ALESSANDRA FAGUNDES DA SILVA;RUA;MARIA SEVERO;;1871;PRIMO MAFFISSONI;79490284;(67)99816-6997;SAO GABRIEL DO OESTE;500769;SAO GABRIEL DO OESTE;500769;7333218;UNIDADE DE SAUDE DA FAMILIA X;M;24.07.2026;RAISSASILVALIMA;24.07.2026;RAISSASILVALIMA;10.00;PENDENTE;Z001;63805480172;CLEDSON PERETTI
681073154;0701379;0301010048;CONSULTA EM FONOAUDIOLOIGA - RETORNO;65329520100;LEDA MARIA PAES DA SILVA DOS SANTOS;18.09.2026;07:00;0;700101936258211;THEO MURILLO FAGUNDES JULIAO;04.03.2026;00;7;ALESSANDRA FAGUNDES DA SILVA;RUA;MARIA SEVERO;;1871;PRIMO MAFFISSONI;79490284;(67)99816-6997;SAO GABRIEL DO OESTE;500769;SAO GABRIEL DO OESTE;500769;7333218;UNIDADE DE SAUDE DA FAMILIA X;M;24.07.2026;RAISSASILVALIMA;04.09.2026;VANIA_MARIANO;6.30;CONFIRMADO;Z00;;LEDA PAES
681100058;0009001;0301010072;CONSULTA EM GINECOLOGIA - GERAL;91415799172;ALESSANDRA REGINA GOMES RODOVALHO;14.09.2026;13:00;0;700105447226620;LUCELIA SILVA OLIVEIRA;18.09.1986;40;480;MARIA TEMOTEO DE OLIVEIRA;AVENIDA;HILARIO NICARETTA;;1995;PRIMO MAFFISSONI;79490288;(67)99938-7729;SAO GABRIEL DO OESTE;500769;SAO GABRIEL DO OESTE;500769;7333218;UNIDADE DE SAUDE DA FAMILIA X;F;24.07.2026;RAISSASILVALIMA;24.07.2026;RAISSASILVALIMA;10.00;CONFIRMADO;N800;63805480172;CLEDSON PERETTI
681264815;0009001;0301010072;CONSULTA EM GINECOLOGIA - GERAL;95747818104;VANESSA BRESCHI;17.09.2026;13:00;0;706002340599044;ANA JULIA DE SOUZA LUIZ;05.06.2008;18;220;VALDINEIA SOUZA DE ARRUDA LUIZ;RUA;R;;529;CIDADE JARDIM;79492150;(67)99815-7941;SAO GABRIEL DO OESTE;500769;SAO GABRIEL DO OESTE;500769;8176132;CASA ROSA;F;27.07.2026;ANACLAUDIA_PASCOAL;27.07.2026;ANACLAUDIA_PASCOAL;10.00;CONFIRMADO;Z00;;FERNANDA MARA SILVA 
681266126;0701877;0301010064;CONSULTA EM GINECOLOGIA - PARA PLANEJAMENTO FAMILIAR;88308499953;LUCINALDO BASSO;23.09.2026;07:00;0;700809900005586;LUCIENE DE SOUZA DE BARROS;26.08.1993;33;397;JUCELIA DE SOUZA DE BARROS;RUA;CONDE DE PORTO ALEGRE;;1019;MILANI;79492072;(67)99823-1813;SAO GABRIEL DO OESTE;500769;SAO GABRIEL DO OESTE;500769;2370972;UNIDADE DE SAUDE DA FAMILIA MILANE II;F;27.07.2026;FLAVIA_RODRIGUES;27.07.2026;FLAVIA_RODRIGUES;0.00;PENDENTE;Z014;83798633134;JOAO BAPTISTA BARBOSA SOUZA
681272237;0701877;0301010064;CONSULTA EM GINECOLOGIA - PARA PLANEJAMENTO FAMILIAR;88308499953;LUCINALDO BASSO;23.09.2026;07:00;0;700609913323060;JOSIENE ALVES FERREIRA;16.01.2003;23;284;LEONORA ALVES DE OLIVEIRA;RUA;CURICACA;;1346;JARDIM GRAMADO;79491010;(67)99929-2849;SAO GABRIEL DO OESTE;500769;SAO GABRIEL DO OESTE;500769;8176132;CASA ROSA;F;27.07.2026;ANACLAUDIA_PASCOAL;27.07.2026;ANACLAUDIA_PASCOAL;0.00;CONFIRMADO;Z00;88308499953;LUCINALDO BASSO
681336079;0201207;0301010072;CONSULTA EM PEDIATRIA;57255873120;CLODOALDO SABINO DA SILVA;02.09.2026;07:00;1;702001899963686;MURILO BENICIO ALVES;23.04.2025;01;17;DANIELA ALVES DA SILVA;RUA;J;;438;CIDADE JARDIM;79490000;(67)98197-8731;SAO GABRIEL DO OESTE;500769;SAO GABRIEL DO OESTE;500769;8176132;CASA ROSA;M;27.07.2026;ANACLAUDIA_PASCOAL;27.07.2026;ANACLAUDIA_PASCOAL;10.00;CONFIRMADO;Z00;57255873120;CLODOALDO SABINO DA SILVA
681351012;0009001;0301010072;CONSULTA EM GINECOLOGIA - GERAL;32111630187;JOSE EDACYR SIMM;22.09.2026;07:00;0;700602920984062;LUCIENE DIAS DA SILVA LIMA;16.03.1980;46;558;MATILDE DIAS DA SILVA;RUA;ESPIRITO SANTO;;3045;JARDIM PRIMAVERA;79490000;(67)9927-0604;SAO GABRIEL DO OESTE;500769;SAO GABRIEL DO OESTE;500769;2370964;UNIDADE DE SAUDE DA FAMILIA III;F;27.07.2026;MAYARAANGELO;27.07.2026;MAYARAANGELO;10.00;CONFIRMADO;N951;;ANGELA BENITES
681357573;0201207;0301010072;CONSULTA EM PEDIATRIA;04145161173;RHUANNE SIQUEIRA GUIMARAES;21.09.2026;13:00;1;702407080194722;LUAN CARNEIRO MORBEQUE;22.06.2022;04;51;LUCILAINE CARNEIRO RODRIGUES MORBEQUE;RUA;CURICARAS;CASA;1334;FENIX;79490000;(67)99662-9598;SAO GABRIEL DO OESTE;500769;SAO GABRIEL DO OESTE;500769;8176132;CASA ROSA;M;27.07.2026;ANACLAUDIA_PASCOAL;27.07.2026;ANACLAUDIA_PASCOAL;10.00;CONFIRMADO;Z00;04145161173;RHUANNE SIQUEIRA GUIMARAES
681358007;0201207;0301010072;CONSULTA EM PEDIATRIA;04145161173;RHUANNE SIQUEIRA GUIMARAES;21.09.2026;13:00;1;700709902201375;LUCAS CARNEIRO MORBEQUE;22.06.2022;04;51;LUCILAINE CARNEIRO RODRIGUES MORBEQUE;RUA;CURICARAS;CASA;1334;FENIX;79490000;(67)99892-8986 / (67)99662-9598;SAO GABRIEL DO OESTE;500769;SAO GABRIEL DO OESTE;500769;8176132;CASA ROSA;M;27.07.2026;ANACLAUDIA_PASCOAL;27.07.2026;ANACLAUDIA_PASCOAL;10.00;CONFIRMADO;Z00;04145161173;RHUANNE SIQUEIRA GUIMARAES
681360786;0009001;0301010072;CONSULTA EM GINECOLOGIA - GERAL;95747818104;VANESSA BRESCHI;17.09.2026;13:00;0;703208616729892;YASMIN SEQUEIRA COSTA;22.10.2009;16;203;SIMONE KELY SEQUEIRA DA SILVA;RUA;CURICACA 1466/99999;CASA;1958;FENIX;79491080;(67)99601-4582 / (67)99968-7672;SAO GABRIEL DO OESTE;500769;SAO GABRIEL DO OESTE;500769;2370999;UNIDADE DE SAUDE DA FAMILIA FENIX IV;F;27.07.2026;GUSTAVO_PIAIA;27.07.2026;GUSTAVO_PIAIA;10.00;CONFIRMADO;E282;00703866176;ALCIDES EDUARDO EIBEL
681366509;0701877;0301010064;CONSULTA EM GINECOLOGIA - PARA PLANEJAMENTO FAMILIAR;88308499953;LUCINALDO BASSO;23.09.2026;07:00;0;700003275174600;CRISTINA DOS SANTOS DE SOUZA;11.07.1996;30;362;RICARDA MARIA DOS SANTOS SOUZA;FAZENDA;PRIMAVERA;;S/N;RURAL;79490000;(67)99659-2476;SAO GABRIEL DO OESTE;500769;SAO GABRIEL DO OESTE;500769;8176132;CASA ROSA;F;27.07.2026;ANACLAUDIA_PASCOAL;27.07.2026;ANACLAUDIA_PASCOAL;0.00;CONFIRMADO;Z00;88308499953;LUCINALDO BASSO
681447978;0009012;0301010072;CONSULTA EM GINECOLOGIA GESTANTE.;32111630187;JOSE EDACYR SIMM;01.09.2026;06:00;1;709206272709532;LAYS VILHALVA GUIMARAES;17.03.1999;27;330;ANGELA MARCIA ANUNCIACAO VILHALVA;RUA;DAS CURRUIRAS;;1348;JARDIM GRAMADO;79491014;(67)99674-9005;SAO GABRIEL DO OESTE;500769;SAO GABRIEL DO OESTE;500769;8176132;CASA ROSA;F;28.07.2026;ANACLAUDIA_PASCOAL;28.07.2026;ANACLAUDIA_PASCOAL;10.00;PENDENTE;Z00;32111630187;JOSE EDACYR SIMM
681459905;0201207;0301010072;CONSULTA EM PEDIATRIA;01865429171;AMANDA NANTES AQUINO;08.09.2026;08:00;1;703403275997616;AGATHA DA SILVA GOMES;28.11.2025;00;10;GABRIELA DA SILVA FERREIRA;FAZENDA;VALE DA ARARAS;;S/N;ZONA RURAL;79428899;(67)98443-1164;FIGUEIRAO;500390;SAO GABRIEL DO OESTE;500769;8176132;CASA ROSA;F;28.07.2026;ANACLAUDIA_PASCOAL;28.07.2026;ANACLAUDIA_PASCOAL;10.00;PENDENTE;Z00;01865429171;AMANDA NANTES AQUINO
681470652;0201207;0301010072;CONSULTA EM PEDIATRIA;01865429171;AMANDA NANTES AQUINO;01.09.2026;13:00;1;700005071420907;ANTHONY MIGUEL NUNES DE PAULA;26.02.2020;06;79;JORGINA NUNES DE SANTANA;CHACARA;RIO DO PEIXE;;S/N;RURAL;79470000;(67)99915-8571;RIO NEGRO;500730;SAO GABRIEL DO OESTE;500769;8176132;CASA ROSA;M;28.07.2026;ANACLAUDIA_PASCOAL;28.07.2026;ANACLAUDIA_PASCOAL;10.00;PENDENTE;Z00;01865429171;AMANDA NANTES AQUINO
681481310;0009012;0301010072;CONSULTA EM GINECOLOGIA GESTANTE.;32111630187;JOSE EDACYR SIMM;08.09.2026;06:00;1;701401696309637;ANA JULIA DE OLIVEIRA MORAES;26.07.2006;20;242;ADRIANA APARECIDA DE OLIVEIRA LEAO;RUA;AZULÃO;CASA;1124;JARDIM GRAMADO;79490000;(67)99661-1122;SAO GABRIEL DO OESTE;500769;SAO GABRIEL DO OESTE;500769;8176132;CASA ROSA;F;28.07.2026;ANACLAUDIA_PASCOAL;28.07.2026;ANACLAUDIA_PASCOAL;10.00;PENDENTE;Z00;32111630187;JOSE EDACYR SIMM
681510421;0009012;0301010072;CONSULTA EM GINECOLOGIA GESTANTE.;32111630187;JOSE EDACYR SIMM;15.09.2026;06:00;1;704809087037643;RAUANE TAHINA NANTES BISPO;19.03.2011;15;186;KELLY TAUHANY NANTES;RUA;DAS GAIVOTAS;;950;JARDIM GRAMADO;79491018;(67)99968-7759 / (67)99818-7266;SAO GABRIEL DO OESTE;500769;SAO GABRIEL DO OESTE;500769;8176132;CASA ROSA;F;28.07.2026;ANACLAUDIA_PASCOAL;28.07.2026;ANACLAUDIA_PASCOAL;10.00;PENDENTE;Z00;32111630187;JOSE EDACYR SIMM
681527729;0009001;0301010072;CONSULTA EM GINECOLOGIA - GERAL;95747818104;VANESSA BRESCHI;10.09.2026;13:30;1;706209538155469;GREICIELE SOARES DE OLIVEIRA;21.04.1992;34;413;LUZIA SOARES DA COSTA OLIVEIRA;RUA;SAO JORGE;CASA 65;289;PRIMO MAFISSONI;79490000;(67)99994-8661;SAO GABRIEL DO OESTE;500769;SAO GABRIEL DO OESTE;500769;8176132;CASA ROSA;F;28.07.2026;ANACLAUDIA_PASCOAL;28.07.2026;ANACLAUDIA_PASCOAL;10.00;CONFIRMADO;Z00;95747818104;VANESSA BRESCHI
681608437;0009001;0301010072;CONSULTA EM GINECOLOGIA - GERAL;10963419641;MARIA FERNANDA DIAS BASILIO;23.09.2026;07:30;0;705604458716719;TEREZINHA SILVA;01.09.1972;54;649;CLEMENTINA SILVA;RUA;AMAZONAS;;2499;CENTRO;79490000;(67)99609-3076;SAO GABRIEL DO OESTE;500769;SAO GABRIEL DO OESTE;500769;8176132;CASA ROSA;F;28.07.2026;ANACLAUDIA_PASCOAL;28.07.2026;ANACLAUDIA_PASCOAL;10.00;CONFIRMADO;Z00;10963419641;MARIA FERNANDA DIAS BASILIO
681613880;0009012;0301010072;CONSULTA EM GINECOLOGIA GESTANTE.;91415799172;ALESSANDRA REGINA GOMES RODOVALHO;22.09.2026;13:00;1;898003975550254;MILENA APARECIDA SANTOS;07.11.2006;19;238;ADRIANA MARIA SANTOS;AVENIDA;TUIUIU;;319;JARDIM GRAMADO;79491006;(67)99837-6777;SAO GABRIEL DO OESTE;500769;SAO GABRIEL DO OESTE;500769;8176132;CASA ROSA;F;28.07.2026;ANACLAUDIA_PASCOAL;28.07.2026;ANACLAUDIA_PASCOAL;10.00;CONFIRMADO;Z00;91415799172;ALESSANDRA REGINA GOMES RODOVALHO
681621929;0009001;0301010072;CONSULTA EM GINECOLOGIA - GERAL;10963419641;MARIA FERNANDA DIAS BASILIO;23.09.2026;07:30;0;704108074095750;ROSIANE DE MORAIS SANTOS;18.05.1990;36;436;NEUZA REZENDE DE MORAIS SANTOS;RUA;DAS OLIVEIRAS;;1080;JARDIM PRIMAVERA;79490168;(67)99657-5768;SAO GABRIEL DO OESTE;500769;SAO GABRIEL DO OESTE;500769;7333218;UNIDADE DE SAUDE DA FAMILIA X;F;28.07.2026;RAISSASILVALIMA;28.07.2026;RAISSASILVALIMA;10.00;CONFIRMADO;N926;63805480172;CLEDSON PERETTI
681634667;0009001;0301010072;CONSULTA EM GINECOLOGIA - GERAL;10963419641;MARIA FERNANDA DIAS BASILIO;23.09.2026;07:30;0;706901148190134;MARIZA LOPES DE LIMA FLORES;20.08.1977;49;589;MARIA DE FATIMA LOPES;RUA;FÊNIX;CASA 01;1582;FÊNIX;79491110;(67)99615-0274;SAO GABRIEL DO OESTE;500769;SAO GABRIEL DO OESTE;500769;2370999;UNIDADE DE SAUDE DA FAMILIA FENIX IV;F;28.07.2026;GUSTAVO_PIAIA;28.07.2026;GUSTAVO_PIAIA;10.00;CONFIRMADO;Z30;00703866176;ALCIDES EDUARDO EIBEL
681650275;0009001;0301010072;CONSULTA EM GINECOLOGIA - GERAL;10963419641;MARIA FERNANDA DIAS BASILIO;09.09.2026;14:00;1;700500383506654;JOSIANE DOS SANTOS;02.09.1990;36;433;CLEUSA SACHETTI;RUA;ARAPONGAS;;310;JARDIM GRAMADO;79490000;(45)99844-1670;SAO GABRIEL DO OESTE;500769;SAO GABRIEL DO OESTE;500769;8176132;CASA ROSA;F;28.07.2026;ANACLAUDIA_PASCOAL;11.08.2026;VANIA_MARIANO;10.00;PENDENTE;Z00;10963419641;MARIA FERNANDA DIAS BASILIO
681659647;0009001;0301010072;CONSULTA EM GINECOLOGIA - GERAL;88308499953;LUCINALDO BASSO;17.09.2026;07:00;0;708605083778380;ANA MARIA RODRIGUES;24.08.1983;43;517;IZULINA RIBEIRO RODRIGUES;RUA;ANHUMAS;;921;JARDIM GRAMADO;79490000;(67)9617-7845 / (67)99617-7845;SAO GABRIEL DO OESTE;500769;SAO GABRIEL DO OESTE;500769;5971055;UNIDADE DE SAUDE DA FAMILIA VIII;F;28.07.2026;JESSICAPADILHA;28.07.2026;JESSICAPADILHA;10.00;CONFIRMADO;N951;04805244160;RENNAN ORTIZ BUENO
681711470;0701877;0301010064;CONSULTA EM GINECOLOGIA - PARA PLANEJAMENTO FAMILIAR;88308499953;LUCINALDO BASSO;23.09.2026;07:00;0;701204020634816;ANA APARECIDA NERY FERREIRA;23.10.1989;36;443;LUCIENE RICALDI NERY;AVENIDA;TUIUIU 1466/99998;;2000;FENIX;79491076;(67)99659-5075 / (67)99856-5393;SAO GABRIEL DO OESTE;500769;SAO GABRIEL DO OESTE;500769;8176132;CASA ROSA;F;29.07.2026;ANACLAUDIA_PASCOAL;29.07.2026;ANACLAUDIA_PASCOAL;0.00;CONFIRMADO;Z00;88308499953;LUCINALDO BASSO
681718045;0201207;0301010072;CONSULTA EM PEDIATRIA;57255873120;CLODOALDO SABINO DA SILVA;02.09.2026;09:00;1;706809782506822;ARTHUR MENDONCA VALERIO DE LIMA;20.09.2018;08;96;ELIANE DE SOUZA MENDONCA;RUA;CORUJAS;;967;FENIX;79490000;(67)99874-1716;SAO GABRIEL DO OESTE;500769;SAO GABRIEL DO OESTE;500769;8176132;CASA ROSA;M;29.07.2026;ANACLAUDIA_PASCOAL;29.07.2026;ANACLAUDIA_PASCOAL;10.00;PENDENTE;Z00;57255873120;CLODOALDO SABINO DA SILVA
681724800;0201207;0301010072;CONSULTA EM PEDIATRIA;57255873120;CLODOALDO SABINO DA SILVA;02.09.2026;09:00;1;702409576325525;ALICE VITORIA PINTO FREITAS;08.11.2025;00;10;JORDEANE SOUSA LIMA PINTO;RUA;SUCUPIRA;;259;SAO CRISTOVAO;79491176;(67)99893-6136;SAO GABRIEL DO OESTE;500769;SAO GABRIEL DO OESTE;500769;8176132;CASA ROSA;F;29.07.2026;ANACLAUDIA_PASCOAL;29.07.2026;ANACLAUDIA_PASCOAL;10.00;CONFIRMADO;Z00;57255873120;CLODOALDO SABINO DA SILVA
681741556;0009001;0301010072;CONSULTA EM GINECOLOGIA - GERAL;10963419641;MARIA FERNANDA DIAS BASILIO;23.09.2026;07:30;0;707804600721114;VANDERLEIA FERRI;23.01.1972;54;656;JUREMA RIETTA FERRI;RUA;SARACURA;;263;JARDIM GRAMADO;79490000;(67)9681-7450;SAO GABRIEL DO OESTE;500769;SAO GABRIEL DO OESTE;500769;2370980;UNIDADE DE SAUDE DA FAMILIA JARDIM GRAMADO I;F;29.07.2026;ELISANGELA_UNIDADEI;29.07.2026;ELISANGELA_UNIDADEI;10.00;CONFIRMADO;D25;01454652179;MAYARA MARIA MELKE GUIMARAES
681766706;0201207;0301010072;CONSULTA EM PEDIATRIA;57255873120;CLODOALDO SABINO DA SILVA;09.09.2026;09:00;1;700600483667160;THEO HENRIQUE OLIVEIRA DE SOUZA;26.11.2025;00;10;ANA BEATRIZ DE OLIVEIRA MENDES;RUA;AZULAO 1073/99998;;1265;FENIX;79491104;(67)99829-2112;SAO GABRIEL DO OESTE;500769;SAO GABRIEL DO OESTE;500769;8176132;CASA ROSA;M;29.07.2026;ANACLAUDIA_PASCOAL;29.07.2026;ANACLAUDIA_PASCOAL;10.00;PENDENTE;Z00;57255873120;CLODOALDO SABINO DA SILVA
681776013;0201207;0301010072;CONSULTA EM PEDIATRIA;57255873120;CLODOALDO SABINO DA SILVA;09.09.2026;09:00;1;898006423280594;JOANA NOEMY CORREIA DA SILVA;11.10.2025;00;11;SILVANA DE JESUS CORREIA;RUA;CURIO;;405;JARDIM GRAMADO;;(67)99626-7319;SAO GABRIEL DO OESTE;500769;SAO GABRIEL DO OESTE;500769;8176132;CASA ROSA;F;29.07.2026;ANACLAUDIA_PASCOAL;29.07.2026;ANACLAUDIA_PASCOAL;10.00;CONFIRMADO;Z00;57255873120;CLODOALDO SABINO DA SILVA
681785397;0009001;0301010072;CONSULTA EM GINECOLOGIA - GERAL;10963419641;MARIA FERNANDA DIAS BASILIO;23.09.2026;07:30;0;708406780093269;JESSICA PADILHA PINHEIRO;21.04.1994;32;389;GERCI PADILHA;RUA;PINTASSILGO;CASA;388;JARDIM GRAMADO;79490000;(67)99927-3595;SAO GABRIEL DO OESTE;500769;SAO GABRIEL DO OESTE;500769;5971055;UNIDADE DE SAUDE DA FAMILIA VIII;F;29.07.2026;JESSICAPADILHA;29.07.2026;JESSICAPADILHA;10.00;CONFIRMADO;Z000;04805244160;RENNAN ORTIZ BUENO
681804384;0201207;0301010072;CONSULTA EM PEDIATRIA;57255873120;CLODOALDO SABINO DA SILVA;09.09.2026;09:00;1;702603797064549;LUCCA NATHANAEL MORAES FREIRE;26.05.2026;00;4;KAMILLY VITORIA MORAES PERES;AVENIDA;CASTELO BRANCO;CASA DA FRENTE;1851;CENTRO;79490970;(67)98150-6066 / (67)98148-1822;SAO GABRIEL DO OESTE;500769;SAO GABRIEL DO OESTE;500769;8176132;CASA ROSA;M;29.07.2026;ANACLAUDIA_PASCOAL;29.07.2026;ANACLAUDIA_PASCOAL;10.00;PENDENTE;Z00;57255873120;CLODOALDO SABINO DA SILVA
681808460;0009001;0301010072;CONSULTA EM GINECOLOGIA - GERAL;32111630187;JOSE EDACYR SIMM;01.09.2026;07:00;1;702008340314387;MARIANE CAMARGO LEAO DA SILVA;10.02.1993;33;403;IONE BARBOSA CAMARGO DA SILVA;RUA;MINAS GERAIS;;1677;CENTRO;79490000;(67)3295-2869 / (67)99954-7840 / (67)99880-4329;SAO GABRIEL DO OESTE;500769;SAO GABRIEL DO OESTE;500769;8176132;CASA ROSA;F;29.07.2026;ANACLAUDIA_PASCOAL;29.07.2026;ANACLAUDIA_PASCOAL;10.00;CONFIRMADO;Z00;32111630187;JOSE EDACYR SIMM
681815403;0201207;0301010072;CONSULTA EM PEDIATRIA;57255873120;CLODOALDO SABINO DA SILVA;09.09.2026;07:00;1;702603218844148;ABNER TAVARES SALES;20.12.2025;00;9;JULIANA TAVARES PEREIRA;RUA;CONDE DE PORTO ALEGRE;;1080;MILANI;79492072;(67)99180-1873;SAO GABRIEL DO OESTE;500769;SAO GABRIEL DO OESTE;500769;8176132;CASA ROSA;M;29.07.2026;ANACLAUDIA_PASCOAL;29.07.2026;ANACLAUDIA_PASCOAL;10.00;PENDENTE;Z00;57255873120;CLODOALDO SABINO DA SILVA
681820659;0201207;0301010072;CONSULTA EM PEDIATRIA;57255873120;CLODOALDO SABINO DA SILVA;09.09.2026;13:00;1;704805541993148;MARIA CECILIA CRUZ MARCHI;09.01.2023;03;44;LETICIA LORRAINE CRUZ PEREIRA;RUA;PERDIZES;CASA;1123;JARDIM GRAMADO;79490000;(67)99939-7975 / (67)99610-4304;SAO GABRIEL DO OESTE;500769;SAO GABRIEL DO OESTE;500769;8176132;CASA ROSA;F;29.07.2026;ANACLAUDIA_PASCOAL;29.07.2026;ANACLAUDIA_PASCOAL;10.00;PENDENTE;Z00;57255873120;CLODOALDO SABINO DA SILVA
681821171;0201207;0301010072;CONSULTA EM PEDIATRIA;57255873120;CLODOALDO SABINO DA SILVA;09.09.2026;13:00;1;706008842864246;SOPHIA GABRIELLY CRUZ CESARINO;02.08.2015;11;134;LETICIA LORRAINE CRUZ PEREIRA;;;;;;;(67)99966-0088;;;SAO GABRIEL DO OESTE;500769;8176132;CASA ROSA;F;29.07.2026;ANACLAUDIA_PASCOAL;29.07.2026;ANACLAUDIA_PASCOAL;10.00;PENDENTE;Z00;57255873120;CLODOALDO SABINO DA SILVA
681821578;0201207;0301010072;CONSULTA EM PEDIATRIA;57255873120;CLODOALDO SABINO DA SILVA;09.09.2026;13:00;1;702403018407021;ALLANA GABRIELLY CRUZ MARCHI;09.05.2018;08;100;LETICIA LORRAINE CRUZ PEREIRA;RUA;ESTUDANTE SONI BORTOLI;CASA-3;660;PRIMO MAFFISSONI;79490000;(67)99977-2404;SAO GABRIEL DO OESTE;500769;SAO GABRIEL DO OESTE;500769;8176132;CASA ROSA;F;29.07.2026;ANACLAUDIA_PASCOAL;29.07.2026;ANACLAUDIA_PASCOAL;10.00;PENDENTE;Z00;57255873120;CLODOALDO SABINO DA SILVA
681823053;0201207;0301010072;CONSULTA EM PEDIATRIA;57255873120;CLODOALDO SABINO DA SILVA;09.09.2026;07:00;1;703606086170634;REBECA MARQUES MARTINS;18.02.2026;00;7;SARA DE JESUS MARQUES;RUA;DAS CORUJAS;;1728;FENIX;79491054;(67)99960-9219;SAO GABRIEL DO OESTE;500769;SAO GABRIEL DO OESTE;500769;8176132;CASA ROSA;F;29.07.2026;ANACLAUDIA_PASCOAL;29.07.2026;ANACLAUDIA_PASCOAL;10.00;PENDENTE;Z00;57255873120;CLODOALDO SABINO DA SILVA
681873717;0201207;0301010072;CONSULTA EM PEDIATRIA;57255873120;CLODOALDO SABINO DA SILVA;16.09.2026;07:00;1;706006342884246;ANA BEATRIZ GARCIA CAMPOS;10.08.2025;01;13;VERONICA DAUANNE AMARAL GARCIA;AVENIDA;ANTONIO COELHO NETO;;735;CENTRO;79470000;(61)3315-2425 / (67)99637-6834;RIO NEGRO;500730;SAO GABRIEL DO OESTE;500769;8176132;CASA ROSA;F;29.07.2026;ANACLAUDIA_PASCOAL;29.07.2026;ANACLAUDIA_PASCOAL;10.00;CONFIRMADO;Z00;37817795649;GILBERT MAIRINK RODRIGUES
681874149;0701379;0301010048;CONSULTA EM FONOAUDIOLOIGA - RETORNO;65329520100;LEDA MARIA PAES DA SILVA DOS SANTOS;11.09.2026;07:00;0;706006342884246;ANA BEATRIZ GARCIA CAMPOS;10.08.2025;01;13;VERONICA DAUANNE AMARAL GARCIA;AVENIDA;ANTONIO COELHO NETO;;735;CENTRO;79470000;(61)3315-2425 / (67)99637-6834;RIO NEGRO;500730;SAO GABRIEL DO OESTE;500769;8176132;CASA ROSA;F;29.07.2026;ANACLAUDIA_PASCOAL;29.07.2026;ANACLAUDIA_PASCOAL;6.30;PENDENTE;Z00;65329520100;LEDA MARIA PAES DA SILVA DOS SANTOS
681899470;0201207;0301010072;CONSULTA EM PEDIATRIA;01865429171;AMANDA NANTES AQUINO;08.09.2026;13:00;1;700503341784152;LUIZ ANTONIO CAMARGO OLIVEIRA;04.05.2020;06;77;LEIA ERENITE CORREA OLIVEIRA;RUA;JOAQUIM HONORIO RIBEIRO ROSA;;276;CENTRO;79490000;(67)99663-0235;SAO GABRIEL DO OESTE;500769;SAO GABRIEL DO OESTE;500769;8176132;CASA ROSA;M;29.07.2026;ANACLAUDIA_PASCOAL;29.07.2026;ANACLAUDIA_PASCOAL;10.00;PENDENTE;Z00;01865429171;AMANDA NANTES AQUINO
681915033;0201207;0301010072;CONSULTA EM PEDIATRIA;57255873120;CLODOALDO SABINO DA SILVA;09.09.2026;15:00;1;708909799590916;JOAO LUCAS DE SOUZA RODRIGUES;10.12.2025;00;9;CAROLINE DE SOUZA LUIZ;RUA;DAS ANHUMAS 1/1465;;638;JARDIM GRAMADO;79491016;(67)99671-3493;SAO GABRIEL DO OESTE;500769;SAO GABRIEL DO OESTE;500769;8176132;CASA ROSA;M;29.07.2026;ANACLAUDIA_PASCOAL;29.07.2026;ANACLAUDIA_PASCOAL;10.00;PENDENTE;Z00;57255873120;CLODOALDO SABINO DA SILVA
681915394;0201207;0301010072;CONSULTA EM PEDIATRIA;57255873120;CLODOALDO SABINO DA SILVA;09.09.2026;15:00;1;704303502293699;MARIA ALICE DE SOUZA;16.03.2022;04;54;CAROLINE DE SOUZA LUIZ;FAZENDA;MODELO;;S/N;RURAL;79490000;(67)99671-3493;SAO GABRIEL DO OESTE;500769;SAO GABRIEL DO OESTE;500769;8176132;CASA ROSA;F;29.07.2026;ANACLAUDIA_PASCOAL;29.07.2026;ANACLAUDIA_PASCOAL;10.00;PENDENTE;Z00;57255873120;CLODOALDO SABINO DA SILVA
681927213;0009001;0301010072;CONSULTA EM GINECOLOGIA - GERAL;95747818104;VANESSA BRESCHI;17.09.2026;13:30;1;700704928776273;JESSICA VITORIA DA PASCOAL;11.07.2001;25;302;SANDRA DA PASCOAL SILVA;RUA;JOAQUIM CARDOSO;;1853;ELDORADO;76997000;(67)99689-7851 / (67)99962-3834;CEREJEIRAS;110005;SAO GABRIEL DO OESTE;500769;8176132;CASA ROSA;F;29.07.2026;ANACLAUDIA_PASCOAL;29.07.2026;ANACLAUDIA_PASCOAL;10.00;PENDENTE;Z00;91415799172;ALESSANDRA REGINA GOMES RODOVALHO
681929531;0201207;0301010072;CONSULTA EM PEDIATRIA;57255873120;CLODOALDO SABINO DA SILVA;16.09.2026;13:00;1;707003836615438;MARLLON GAMARRA CANHETE;21.01.2014;12;152;NUBIA LARISSA DUTRA GAMARRA;RUA;BAHIA;CASA 2;2416;AMABILE MAFFISSONI;79490106;(67)99959-5746;SAO GABRIEL DO OESTE;500769;SAO GABRIEL DO OESTE;500769;8176132;CASA ROSA;M;29.07.2026;ANACLAUDIA_PASCOAL;29.07.2026;ANACLAUDIA_PASCOAL;10.00;CONFIRMADO;Z00;57255873120;CLODOALDO SABINO DA SILVA
681934126;0009001;0301010072;CONSULTA EM GINECOLOGIA - GERAL;88308499953;LUCINALDO BASSO;17.09.2026;09:00;0;708905749501711;CRISTIELE RODRIGUES MARTINS DA SILVA;24.05.2001;25;304;CRISTIANA RODRIGUES DA SILVA;RUA;QUERO-QUERO 1/99998;;230;FENIX;79491058;(67)99958-7282;SAO GABRIEL DO OESTE;500769;SAO GABRIEL DO OESTE;500769;2370999;UNIDADE DE SAUDE DA FAMILIA FENIX IV;F;29.07.2026;GUSTAVO_PIAIA;29.07.2026;GUSTAVO_PIAIA;10.00;CONFIRMADO;N832;00703866176;ALCIDES EDUARDO EIBEL
681945843;0201207;0301010072;CONSULTA EM PEDIATRIA;57255873120;CLODOALDO SABINO DA SILVA;16.09.2026;13:00;1;706806252335726;MAITE PEREIRA DE PAULA;06.09.2025;01;13;DAIANE DA SILVA PEREIRA;RUA;MINAS GERAIS;;2580;AMABILE MAFFISSONI;79490088;(67)99846-9768;SAO GABRIEL DO OESTE;500769;SAO GABRIEL DO OESTE;500769;8176132;CASA ROSA;F;29.07.2026;ANACLAUDIA_PASCOAL;29.07.2026;ANACLAUDIA_PASCOAL;10.00;CONFIRMADO;Z00;57255873120;CLODOALDO SABINO DA SILVA
681946319;0009012;0301010072;CONSULTA EM GINECOLOGIA GESTANTE.;91415799172;ALESSANDRA REGINA GOMES RODOVALHO;01.09.2026;13:00;1;703107342935660;DAIANE DA SILVA PEREIRA;09.07.1996;30;362;ROSANGELA VIEIRA DA SILVA;RUA;MINAS GERAIS;;2580;AMABILE MAFFISSONI;79490088;(67)99867-9768 / (67)9657-9254 / (67)98467-3761 / (67)98467-9768 / (67)98467-9768;SAO GABRIEL DO OESTE;500769;SAO GABRIEL DO OESTE;500769;8176132;CASA ROSA;F;29.07.2026;ANACLAUDIA_PASCOAL;29.07.2026;ANACLAUDIA_PASCOAL;10.00;CONFIRMADO;Z00;91415799172;ALESSANDRA REGINA GOMES RODOVALHO
681948648;0201207;0301010072;CONSULTA EM PEDIATRIA;57255873120;CLODOALDO SABINO DA SILVA;16.09.2026;07:00;1;709800097330095;MARCOS HENRIQUE MARCHI MAIER;17.09.2015;11;132;ANA CAROLINA MARCHI DE SOUZA;RUA;COLIBRI;;326;FENIX;79490000;(67)9689-7681;SAO GABRIEL DO OESTE;500769;SAO GABRIEL DO OESTE;500769;8176132;CASA ROSA;M;29.07.2026;ANACLAUDIA_PASCOAL;29.07.2026;ANACLAUDIA_PASCOAL;10.00;CONFIRMADO;Z00;57255873120;CLODOALDO SABINO DA SILVA
682003816;0009001;0301010072;CONSULTA EM GINECOLOGIA - GERAL;95747818104;VANESSA BRESCHI;24.09.2026;13:30;1;709208247444433;LIDUINA CABRAL DE ARRUDA ARAUJO;15.08.2000;26;313;IVANI ARAUJO DE ALENCAR CABRAL;RUA;DAS ANHUMAS;;829;JARDIM GRAMADO;79491016;(67)99601-6312;SAO GABRIEL DO OESTE;500769;SAO GABRIEL DO OESTE;500769;8176132;CASA ROSA;F;30.07.2026;TAINAOLIVEIRA;30.07.2026;TAINAOLIVEIRA;10.00;PENDENTE;Z00;95747818104;VANESSA BRESCHI
682014603;0009001;0301010072;CONSULTA EM GINECOLOGIA - GERAL;95747818104;VANESSA BRESCHI;24.09.2026;13:30;1;705006434759555;EDILAINE GONZAGA RIBEIRO;25.12.1975;50;609;ANTONIA FERREIRA DE LIMA;RUA;CURICACA;;958;JARDIM GRAMADO;79490000;(67)9603-4605;SAO GABRIEL DO OESTE;500769;SAO GABRIEL DO OESTE;500769;8176132;CASA ROSA;F;30.07.2026;TAINAOLIVEIRA;30.07.2026;TAINAOLIVEIRA;10.00;PENDENTE;Z00;95747818104;VANESSA BRESCHI
682019774;0009001;0301010072;CONSULTA EM GINECOLOGIA - GERAL;88308499953;LUCINALDO BASSO;17.09.2026;09:00;0;704505333557619;VALERIA FRANCA;24.01.1984;42;512;ORMANTINA D ALMEIDA GARCIA FRANCA;RUA;PERNAMBUCO 2400/99999;;2997;JARDIM PRIMAVERA;79490174;(67)99647-0995;SAO GABRIEL DO OESTE;500769;SAO GABRIEL DO OESTE;500769;8176132;CASA ROSA;F;30.07.2026;TAINAOLIVEIRA;30.07.2026;TAINAOLIVEIRA;10.00;PENDENTE;Z00;88308499953;LUCINALDO BASSO
682044689;0201207;0301010072;CONSULTA EM PEDIATRIA;01865429171;AMANDA NANTES AQUINO;01.09.2026;08:00;1;700501306923859;ARTHUR LORENZO BRAGA DE LIMA;01.12.2024;01;22;CAROLYNNE VITORIA BRAGA DA SILVA DE LIMA;RUA;PELICANOS;CASA;553;JARDIM GRAMADO;79490000;(67)99657-6625;SAO GABRIEL DO OESTE;500769;SAO GABRIEL DO OESTE;500769;6452116;CENTRO DE ESPECIALIDADES MEDICAS;M;30.07.2026;TAINA_CEM;30.07.2026;TAINA_CEM;10.00;CONFIRMADO;Z00;;AMANDA NANTES AQUINO
682048193;0009001;0301010072;CONSULTA EM GINECOLOGIA - GERAL;91415799172;ALESSANDRA REGINA GOMES RODOVALHO;21.09.2026;13:00;0;700008863573403;VANILDE MARCHI DA SILVA;11.02.1976;50;607;LOURDES TREVISAN MARCHI;RUA;SAO JORGE;;64;JARDIM PRIMAVERA;79490000;(67)99935-2832;SAO GABRIEL DO OESTE;500769;SAO GABRIEL DO OESTE;500769;8176132;CASA ROSA;F;30.07.2026;TAINAOLIVEIRA;30.07.2026;TAINAOLIVEIRA;10.00;CONFIRMADO;Z00;91415799172;ALESSANDRA REGINA GOMES RODOVALHO
682058528;0009001;0301010072;CONSULTA EM GINECOLOGIA - GERAL;10963419641;MARIA FERNANDA DIAS BASILIO;23.09.2026;07:30;0;706004810207548;DIRCE CHERRI;01.09.1967;59;709;LUZIA PIRES CHERRI;RUA;MINAS GERAIS;;2459;AMABILE MAFFISSONI;79490088;(67)99206-4158 / (67)99105-9889;SAO GABRIEL DO OESTE;500769;SAO GABRIEL DO OESTE;500769;6452116;CENTRO DE ESPECIALIDADES MEDICAS;F;30.07.2026;TAINA_CEM;30.07.2026;TAINA_CEM;10.00;CONFIRMADO;Z00;;M ARIA FERNANDA DIAS BASILIOS
682146757;0009001;0301010072;CONSULTA EM GINECOLOGIA - GERAL;95747818104;VANESSA BRESCHI;24.09.2026;13:30;1;708001837713324;RODE SOARES VILELA;04.10.1977;49;588;SONIA MARIA SOARES VILELA;RUA;JURIRTI;;326;FENIX;79490000;(67)9932-9411;SAO GABRIEL DO OESTE;500769;SAO GABRIEL DO OESTE;500769;8176132;CASA ROSA;F;30.07.2026;TAINAOLIVEIRA;30.07.2026;TAINAOLIVEIRA;10.00;CONFIRMADO;Z00;95747818104;VANESSA BRESCHI
682159672;0009001;0301010072;CONSULTA EM GINECOLOGIA - GERAL;91415799172;ALESSANDRA REGINA GOMES RODOVALHO;21.09.2026;13:00;1;701202021976018;JULIANA ESPINDOLA FERMINO CALADO;13.04.1986;40;485;SONIA MARIA MARINHO DE ESPINDOLA CALADO;RUA;HILARIO NICARETTA;;1935;PRIMO MAFFISSONI;79490000;(11)3768-0719 / (67)99888-2957;SAO GABRIEL DO OESTE;500769;SAO GABRIEL DO OESTE;500769;8176132;CASA ROSA;F;30.07.2026;TAINAOLIVEIRA;25.08.2026;VANIA_MARIANO;10.00;CONFIRMADO;Z00;91415799172;ALESSANDRA REGINA GOMES RODOVALHO
682192713;0009001;0301010072;CONSULTA EM GINECOLOGIA - GERAL;95747818104;VANESSA BRESCHI;17.09.2026;13:00;0;700204440206126;DANIELA LIMA RODRIGUES;06.08.2005;21;254;CASSIANE DA SILVA LIMA RODRIGUES;RUA;DAS CURRUIRAS;;1051;JARDIM GRAMADO;79491014;(67)99983-9234;SAO GABRIEL DO OESTE;500769;SAO GABRIEL DO OESTE;500769;6452116;CENTRO DE ESPECIALIDADES MEDICAS;F;30.07.2026;TAINA_CEM;30.07.2026;TAINA_CEM;10.00;PENDENTE;Z00;;VANESSA BRESCHI
682199537;0009001;0301010072;CONSULTA EM GINECOLOGIA - GERAL;10963419641;MARIA FERNANDA DIAS BASILIO;23.09.2026;07:30;0;707603275328898;ALINE BEATRIZ DE ARAUJO SOUZA;24.08.1989;37;445;REGINA DE SOUZA ARAUJO;FAZENDA;SANTO ANTONIO;;S/N;ZONA RURAL;79490000;(67)99287-5603 / (67)99300-2884;SAO GABRIEL DO OESTE;500769;SAO GABRIEL DO OESTE;500769;3400964;UNIDADE DE SAUDE DA FAMILIA RURAL VII;F;30.07.2026;DULCINEIA_MOCCELIN;30.07.2026;DULCINEIA_MOCCELIN;10.00;PENDENTE;E282;02453491113;MILENA GUEDIN VARGAS
682220111;0009001;0301010072;CONSULTA EM GINECOLOGIA - GERAL;88308499953;LUCINALDO BASSO;17.09.2026;07:00;0;706000327981346;APARECIDA LEONDRINO;20.01.1979;47;572;TEREZA VITALINA LEONDRINO;RUA;CONDE DE PORTO ALEGRE;;1127;MILANI;79492072;(67)99902-6578;SAO GABRIEL DO OESTE;500769;SAO GABRIEL DO OESTE;500769;2370972;UNIDADE DE SAUDE DA FAMILIA MILANE II;F;30.07.2026;FLAVIA_RODRIGUES;30.07.2026;FLAVIA_RODRIGUES;10.00;CONFIRMADO;N801;83798633134;JOAO BAPTISTA BARBOSA SOUZA
682278094;0201207;0301010072;CONSULTA EM PEDIATRIA;01865429171;AMANDA NANTES AQUINO;08.09.2026;13:00;1;709600640599578;JOAQUIM SILVA SIMOES;15.12.2025;00;9;ANA LUCIA DA SILVA;RUA;RAIMUNDO DO PRADO;;1226;JARDIM PRIMAVERA;79490122;(67)99859-1056;SAO GABRIEL DO OESTE;500769;SAO GABRIEL DO OESTE;500769;8176132;CASA ROSA;M;31.07.2026;ANACLAUDIA_PASCOAL;31.07.2026;ANACLAUDIA_PASCOAL;10.00;PENDENTE;Z00;01865429171;AMANDA NANTES AQUINO
682284176;0201207;0301010072;CONSULTA EM PEDIATRIA;01865429171;AMANDA NANTES AQUINO;01.09.2026;08:00;0;702302129842710;MAYTTE LOUYSE DA SILVA BARBOSA;27.05.2026;00;4;JAQUELINE VITORIA DA SILVA;RUA;PEDRO SEGATTO;;301;FÊNIX;79491062;(67)99998-0042 / (67)99932-5327;SAO GABRIEL DO OESTE;500769;SAO GABRIEL DO OESTE;500769;2370999;UNIDADE DE SAUDE DA FAMILIA FENIX IV;F;31.07.2026;GUSTAVO_PIAIA;31.07.2026;GUSTAVO_PIAIA;10.00;CONFIRMADO;Z001;00703866176;ALCIDES EDUARDO EIBEL
682329121;0201207;0301010072;CONSULTA EM PEDIATRIA;57255873120;CLODOALDO SABINO DA SILVA;16.09.2026;09:00;1;700202423395224;ELOA ANDRADE DA CONCEICAO;20.06.2024;02;27;BRUNA COSTA DE ANDRADE;RUA;AZULÃO;;711;FENIX;79490000;(67)99736-6286;SAO GABRIEL DO OESTE;500769;SAO GABRIEL DO OESTE;500769;2370972;UNIDADE DE SAUDE DA FAMILIA MILANE II;F;31.07.2026;VANESSAMARTINS_AREADO;31.07.2026;VANESSAMARTINS_AREADO;10.00;CONFIRMADO;Z00;;CLODOALDO SABINO 
682334629;0201207;0301010072;CONSULTA EM PEDIATRIA;04145161173;RHUANNE SIQUEIRA GUIMARAES;14.09.2026;15:00;1;703608068746335;LAURA BORGES PILTZ;25.03.2026;00;6;CLAUDIA GOMES BORGES;RUA;ESTUDANTE SONI BORTOLI;;769;PRIMO MAFFISSONI;79490274;(67)99667-5825;SAO GABRIEL DO OESTE;500769;SAO GABRIEL DO OESTE;500769;8176132;CASA ROSA;F;31.07.2026;ANACLAUDIA_PASCOAL;31.07.2026;ANACLAUDIA_PASCOAL;10.00;PENDENTE;Z00;04145161173;RHUANNE SIQUEIRA GUIMARAES
682407595;0009001;0301010072;CONSULTA EM GINECOLOGIA - GERAL;91415799172;ALESSANDRA REGINA GOMES RODOVALHO;14.09.2026;13:00;0;700106925003815;ADRIANA ARANDA NASCIMENTO DE FREITAS;08.11.1982;43;526;NANCI ARANDA NASCIMENTO;RUA;CURIO;;406;JARDIM GRAMADO;79491012;(67)99804-5060;SAO GABRIEL DO OESTE;500769;SAO GABRIEL DO OESTE;500769;8176132;CASA ROSA;F;31.07.2026;ANACLAUDIA_PASCOAL;20.08.2026;VANIA_MARIANO;10.00;CONFIRMADO;Z00;91415799172;ALESSANDRA REGINA GOMES RODOVALHO
682435156;0009001;0301010072;CONSULTA EM GINECOLOGIA - GERAL;95747818104;VANESSA BRESCHI;17.09.2026;13:00;0;700905978226292;ROSANGELA LEMES DA SILVA;20.05.1980;46;556;MARIA SERITA DA SILVA;RUA;RONDONIA;CASA;802;JARDIM ALVORADA;79490000;(67)99678-0207;SAO GABRIEL DO OESTE;500769;SAO GABRIEL DO OESTE;500769;2370964;UNIDADE DE SAUDE DA FAMILIA III;F;31.07.2026;ANACLAUDIA_NOGUEIRA;31.07.2026;ANACLAUDIA_NOGUEIRA;10.00;CONFIRMADO;Z014;;ANGELA BENITES
682442627;0009001;0301010072;CONSULTA EM GINECOLOGIA - GERAL;95747818104;VANESSA BRESCHI;17.09.2026;13:00;0;703403213199511;ELIETE DE SOUZA;16.08.1980;46;553;MARIA ELENA DE SOUZA;RUA;OITI;Q03 L22;365;FENIX;79490000;(67)99859-2101;SAO GABRIEL DO OESTE;500769;SAO GABRIEL DO OESTE;500769;8176132;CASA ROSA;F;31.07.2026;ANACLAUDIA_PASCOAL;31.07.2026;ANACLAUDIA_PASCOAL;10.00;PENDENTE;Z00;95747818104;VANESSA BRESCHI
682444989;0009001;0301010072;CONSULTA EM GINECOLOGIA - GERAL;88308499953;LUCINALDO BASSO;24.09.2026;07:00;0;705206419906176;LUCI MARI LUCIANER DE MELLO;14.12.1963;62;753;RENY FORTTI LUCIANER;RUA;RIO DE JANEIRO;;764;CENTRO;79490000;(67)99615-3375;SAO GABRIEL DO OESTE;500769;SAO GABRIEL DO OESTE;500769;3400964;UNIDADE DE SAUDE DA FAMILIA RURAL VII;F;31.07.2026;DULCINEIA_MOCCELIN;31.07.2026;DULCINEIA_MOCCELIN;10.00;CONFIRMADO;R879;;JULIANA DA ROCHA
682546564;0009001;0301010072;CONSULTA EM GINECOLOGIA - GERAL;10963419641;MARIA FERNANDA DIAS BASILIO;23.09.2026;07:30;0;706906108905439;ANGELA DE OLIVEIRA RIBEIRO DA SILVA;25.04.1977;49;593;SEBASTIANA DE MORAES OLIVEIRA;RUA;ACRE;;853;CENTRO;79490000;(67)99896-7122;SAO GABRIEL DO OESTE;500769;SAO GABRIEL DO OESTE;500769;8176132;CASA ROSA;F;03.08.2026;TAINAOLIVEIRA;03.08.2026;TAINAOLIVEIRA;10.00;CONFIRMADO;Z00;10963419641;MARIA FERNANDA DIAS BASILIO
682590662;0009001;0301010072;CONSULTA EM GINECOLOGIA - GERAL;95747818104;VANESSA BRESCHI;17.09.2026;13:00;0;700804990689582;ANA PAULA BRASIL PIMENTA DOS SANTOS;15.12.1991;34;417;EVA RAMONA BRASIL PIMENTA;RUA;AIMORE;CASA 05;180;VILA PIRATININGA;79081020;(67)98458-9916 / (67)99172-5189;CAMPO GRANDE;500270;SAO GABRIEL DO OESTE;500769;8176132;CASA ROSA;F;03.08.2026;ANACLAUDIA_PASCOAL;03.08.2026;ANACLAUDIA_PASCOAL;10.00;PENDENTE;Z00;;CAMILA SILVA 
682616670;0201207;0301010072;CONSULTA EM PEDIATRIA;57255873120;CLODOALDO SABINO DA SILVA;16.09.2026;15:00;1;706207039550166;EMANUELLY VALENTINA SANTOS ANTUNES;08.01.2021;05;68;LENICE SANTOS DE MATOS;RUA;W;;187;CIDADE JARDIM;79492157;(67)99933-7438;SAO GABRIEL DO OESTE;500769;SAO GABRIEL DO OESTE;500769;8176132;CASA ROSA;F;03.08.2026;ANACLAUDIA_PASCOAL;03.08.2026;ANACLAUDIA_PASCOAL;10.00;CONFIRMADO;Z00;57255873120;CLODOALDO SABINO DA SILVA
682617097;0201207;0301010072;CONSULTA EM PEDIATRIA;57255873120;CLODOALDO SABINO DA SILVA;16.09.2026;15:00;1;707007883431937;ELIZABETH VITORIA SANTOS DE PAULA;01.05.2018;08;101;LENICE SANTOS DE MATOS;RUA;W;;187;CIDADE JARDIM 2;79492157;(67)99933-7438;SAO GABRIEL DO OESTE;500769;SAO GABRIEL DO OESTE;500769;8176132;CASA ROSA;F;03.08.2026;ANACLAUDIA_PASCOAL;03.08.2026;ANACLAUDIA_PASCOAL;10.00;CONFIRMADO;Z00;57255873120;CLODOALDO SABINO DA SILVA
682632300;0009001;0301010072;CONSULTA EM GINECOLOGIA - GERAL;88308499953;LUCINALDO BASSO;03.09.2026;07:00;1;700501170515355;GEOVANA GABRIELE MORAES GUIMARAES;08.12.2007;18;225;ODINEIA DE JESUS MORAES;RUA;CONDE DE PORTO ALEGRE;CASA;1302;MILANI;79490000;(67)9937-3002;SAO GABRIEL DO OESTE;500769;SAO GABRIEL DO OESTE;500769;8176132;CASA ROSA;F;03.08.2026;ANACLAUDIA_PASCOAL;11.08.2026;VANIA_MARIANO;10.00;PENDENTE;Z00;88308499953;LUCINALDO BASSO
682682763;0201207;0301010072;CONSULTA EM PEDIATRIA;04145161173;RHUANNE SIQUEIRA GUIMARAES;14.09.2026;15:00;1;701208011556119;LAURA BEATRIZ PAULINI SILVA;24.03.2026;00;6;FATIMA MARIA DA SILVA;RUA;JORGE AMADO;CASA 03;845;PRIMO MAFFISSONI;79490278;(67)99635-6388;SAO GABRIEL DO OESTE;500769;SAO GABRIEL DO OESTE;500769;8176132;CASA ROSA;F;03.08.2026;ANACLAUDIA_PASCOAL;03.08.2026;ANACLAUDIA_PASCOAL;10.00;PENDENTE;Z00;04145161173;RHUANNE SIQUEIRA GUIMARAES
682709573;0009001;0301010072;CONSULTA EM GINECOLOGIA - GERAL;91415799172;ALESSANDRA REGINA GOMES RODOVALHO;21.09.2026;13:00;0;707401066774976;CARMELINA VIRGINIA MURRO;02.02.1946;80;968;VICENTA ANGELINA VIRGINIA;AVENIDA;MATO GROSSO DO SUL;CASA;1549;CENTRO;79490015;(14)98806-9560 / (67)99972-9521;SAO GABRIEL DO OESTE;500769;SAO GABRIEL DO OESTE;500769;2599376;UNIDADE DE SAUDE DA FAMILIA VI;F;03.08.2026;JESSICAELOY_CUNHA;03.08.2026;JESSICAELOY_CUNHA;10.00;PENDENTE;N811;06437691107;MAIARA FLORES SCARIOT
682747055;0009001;0301010072;CONSULTA EM GINECOLOGIA - GERAL;91415799172;ALESSANDRA REGINA GOMES RODOVALHO;21.09.2026;13:00;0;704703754985230;LUDIMAR DA SILVA SOARES;10.03.1986;40;486;ANDRELINA DA SILVA SOARES;RUA;ALAGOAS;;2142;PRIMO MAFFISSONI;79490037;(67)99837-4364;SAO GABRIEL DO OESTE;500769;SAO GABRIEL DO OESTE;500769;2599376;UNIDADE DE SAUDE DA FAMILIA VI;F;03.08.2026;JESSICAELOY_CUNHA;03.08.2026;JESSICAELOY_CUNHA;10.00;CONFIRMADO;D25;06437691107;MAIARA FLORES SCARIOT
682747498;0201207;0301010072;CONSULTA EM PEDIATRIA;04145161173;RHUANNE SIQUEIRA GUIMARAES;21.09.2026;13:00;1;705807426763739;KENDALL ISABELLA QUERO SALOM;22.03.2023;03;42;IRANYS MARIA SALOM SALAS;RUA;SANTA MARIA;;04;MILANI;79492074;(67)99607-5873;SAO GABRIEL DO OESTE;500769;SAO GABRIEL DO OESTE;500769;8176132;CASA ROSA;F;03.08.2026;ANACLAUDIA_PASCOAL;03.08.2026;ANACLAUDIA_PASCOAL;10.00;CONFIRMADO;Z00;04145161173;RHUANNE SIQUEIRA GUIMARAES
682751218;0009001;0301010072;CONSULTA EM GINECOLOGIA - GERAL;91415799172;ALESSANDRA REGINA GOMES RODOVALHO;21.09.2026;13:00;0;709204283767030;MAIRA ROCHA GONCALVES;01.10.2008;18;216;INES ROCHA PEREIRA;RUA;DAS GAIVOTAS;;1493;FENIX;79491094;(67)99620-2776;SAO GABRIEL DO OESTE;500769;SAO GABRIEL DO OESTE;500769;5971055;UNIDADE DE SAUDE DA FAMILIA VIII;F;03.08.2026;JESSICAPADILHA;03.08.2026;JESSICAPADILHA;10.00;CONFIRMADO;Z000;04805244160;RENNAN ORTIZ BUENO
682759547;0201207;0301010072;CONSULTA EM PEDIATRIA;04145161173;RHUANNE SIQUEIRA GUIMARAES;21.09.2026;15:00;1;700000018455802;GAEL DIAS RIBEIRO;19.02.2025;01;19;DAYANE DIAS VALENTIN;RUA;CURIO;CASA;1504;JARDIM GRAMADO;79490000;(67)99974-0718;SAO GABRIEL DO OESTE;500769;SAO GABRIEL DO OESTE;500769;8176132;CASA ROSA;M;03.08.2026;ANACLAUDIA_PASCOAL;03.08.2026;ANACLAUDIA_PASCOAL;10.00;PENDENTE;Z00;04145161173;RHUANNE SIQUEIRA GUIMARAES
682769125;0201207;0301010072;CONSULTA EM PEDIATRIA;04145161173;RHUANNE SIQUEIRA GUIMARAES;21.09.2026;15:00;1;706008369796145;THALLYS HENRIQUE LIMA DA SILVA;21.10.2017;08;107;ERIKA ROJA DE LIMA;RUA;DAVI FERREIRA DA CUNHA 901/99998;;03;SANTA LUZIA;79490194;(67)99195-3099;SAO GABRIEL DO OESTE;500769;SAO GABRIEL DO OESTE;500769;8176132;CASA ROSA;M;03.08.2026;ANACLAUDIA_PASCOAL;03.08.2026;ANACLAUDIA_PASCOAL;10.00;PENDENTE;Z00;04145161173;RHUANNE SIQUEIRA GUIMARAES
682798619;0009001;0301010072;CONSULTA EM GINECOLOGIA - GERAL;32111630187;JOSE EDACYR SIMM;08.09.2026;07:00;1;700005908276108;LENIZE DALLA ROSA TORELLI;22.08.1970;56;673;ORFILHA DALLA ROSA;RUA;RIO DE JANEIRO;CASA;1907;CENTRO;79490000;(67)9926-7062;SAO GABRIEL DO OESTE;500769;SAO GABRIEL DO OESTE;500769;8176132;CASA ROSA;F;04.08.2026;TAINAOLIVEIRA;11.08.2026;VANIA_MARIANO;10.00;CONFIRMADO;Z00;32111630187;JOSE EDACYR SIMM
682809228;0201207;0301010072;CONSULTA EM PEDIATRIA;37817795649;GILBERT MAIRINK RODRIGUES;04.09.2026;07:00;1;701408610985333;ANA BEATRIZ DA SILVA BRANDAO;30.05.2024;02;28;SOLANGE GOMES DA SILVA;RUA;FRANCISCO MILANI;;S/N;CENTRO;79490000;(67)99999-0276;SAO GABRIEL DO OESTE;500769;SAO GABRIEL DO OESTE;500769;8176132;CASA ROSA;F;04.08.2026;ANACLAUDIA_PASCOAL;04.08.2026;ANACLAUDIA_PASCOAL;10.00;PENDENTE;Z00;37817795649;GILBERT MAIRINK RODRIGUES
682813579;0009012;0301010072;CONSULTA EM GINECOLOGIA GESTANTE.;32111630187;JOSE EDACYR SIMM;08.09.2026;06:00;1;706908164383932;JENIFER FERNANDA HONORATO DE ARAUJO;03.05.2001;25;305;CLAUDINEIA HONORATO DA SILVA DE ARAUJO;RUA;BEM TE VI;;1493;JG;79490000;(67)99918-8055;SAO GABRIEL DO OESTE;500769;SAO GABRIEL DO OESTE;500769;8176132;CASA ROSA;F;04.08.2026;ANACLAUDIA_PASCOAL;05.08.2026;VANIA_MARIANO;10.00;PENDENTE;Z00;32111630187;JOSE EDACYR SIMM
682821071;0201207;0301010072;CONSULTA EM PEDIATRIA;01865429171;AMANDA NANTES AQUINO;08.09.2026;14:00;1;700005615698203;JOSE BERNARDO PEREIRA FRANCA;05.05.2026;00;5;KAREN PEREIRA;RUA;PICA-PAU;;310;JARDIM GRAMADO;79491036;(67)99982-2131;SAO GABRIEL DO OESTE;500769;SAO GABRIEL DO OESTE;500769;8176132;CASA ROSA;M;04.08.2026;ANACLAUDIA_PASCOAL;04.08.2026;ANACLAUDIA_PASCOAL;10.00;CONFIRMADO;Z00;01865429171;AMANDA NANTES AQUINO
682830517;0701379;0301010048;CONSULTA EM FONOAUDIOLOIGA - RETORNO;65329520100;LEDA MARIA PAES DA SILVA DOS SANTOS;11.09.2026;07:00;0;700008835311505;YURI MACHADO NARCISO;26.03.2026;00;6;NATALIA MACHADO DOS SANTOS;RUA;DAS ANHUMAS 1/1465;;1872;JARDIM GRAMADO;79491016;(67)99651-5171;SAO GABRIEL DO OESTE;500769;SAO GABRIEL DO OESTE;500769;8176132;CASA ROSA;M;04.08.2026;ANACLAUDIA_PASCOAL;04.08.2026;ANACLAUDIA_PASCOAL;6.30;CONFIRMADO;Z00;01865429171;AMANDA NANTES AQUINO
682844202;0009012;0301010072;CONSULTA EM GINECOLOGIA GESTANTE.;32111630187;JOSE EDACYR SIMM;08.09.2026;06:00;0;700006211370908;PATRICIA ESPINDOLA;04.01.1999;27;333;CLAUDIENE ESPINDOLA;RUA;AROEIRA;;222;SAO CRISTOVAO;79491190;(67)99673-1481;SAO GABRIEL DO OESTE;500769;SAO GABRIEL DO OESTE;500769;8176132;CASA ROSA;F;04.08.2026;ANACLAUDIA_PASCOAL;05.08.2026;VANIA_MARIANO;10.00;CONFIRMADO;Z00;32111630187;JOSE EDACYR SIMM
682852528;0009001;0301010072;CONSULTA EM GINECOLOGIA - GERAL;10963419641;MARIA FERNANDA DIAS BASILIO;16.09.2026;14:00;1;704602677464529;ALESSANDRA FERREIRA MEDEIROS RODRIGUES;26.03.1991;35;426;EDINA FERREIRA MEDEIROS;AVENIDA;TUIUIÚ;CASA 2;1919;FÊNIX;79491076;(67)99921-7072;SAO GABRIEL DO OESTE;500769;SAO GABRIEL DO OESTE;500769;8176132;CASA ROSA;F;04.08.2026;ANACLAUDIA_PASCOAL;17.08.2026;VANIA_MARIANO;10.00;PENDENTE;Z00;10963419641;MARIA FERNANDA DIAS BASILIO
682861027;0009001;0301010072;CONSULTA EM GINECOLOGIA - GERAL;95747818104;VANESSA BRESCHI;17.09.2026;13:00;0;704302516536091;ANGELA REGINA DE LIMA BRAGA;26.08.1982;44;529;VALNEIDE DE FATIMA LIMA;RUA;ANGICO;;420;JARDIM GRAMADO;79490000;(67)99962-4665;SAO GABRIEL DO OESTE;500769;SAO GABRIEL DO OESTE;500769;7002084;UNIDADE DE SAUDE DA FAMILIA IX;F;04.08.2026;FABIELY_MORAES;04.08.2026;FABIELY_MORAES;10.00;CONFIRMADO;Z014;01415181110;ANGELA BENITES
682861035;0701379;0301010048;CONSULTA EM FONOAUDIOLOIGA - RETORNO;65329520100;LEDA MARIA PAES DA SILVA DOS SANTOS;18.09.2026;07:00;0;705708422731230;RAFAEL RIBEIRO FORTES;12.09.2025;01;12;EMANUELE RIBEIRO DA SILVA FORTES;AVENIDA;GETULIO VARGAS;;730;CENTRO;79490041;(67)99852-5071;SAO GABRIEL DO OESTE;500769;SAO GABRIEL DO OESTE;500769;8176132;CASA ROSA;M;04.08.2026;ANACLAUDIA_PASCOAL;04.08.2026;ANACLAUDIA_PASCOAL;6.30;CONFIRMADO;Z00;65329520100;LEDA MARIA PAES DA SILVA DOS SANTOS
682900038;0201207;0301010072;CONSULTA EM PEDIATRIA;57255873120;CLODOALDO SABINO DA SILVA;16.09.2026;15:00;1;705000494155359;MAITE DECOTHE DE CASTRO;07.07.2025;01;14;DARLENE FELICIO DE CASTRO;RUA;QUERO-QUERO;;993;FENIX;79491058;(67)99805-4231;SAO GABRIEL DO OESTE;500769;SAO GABRIEL DO OESTE;500769;8176132;CASA ROSA;F;04.08.2026;ANACLAUDIA_PASCOAL;04.08.2026;ANACLAUDIA_PASCOAL;10.00;CONFIRMADO;Z00;57255873120;CLODOALDO SABINO DA SILVA
682982210;0009001;0301010072;CONSULTA EM GINECOLOGIA - GERAL;91415799172;ALESSANDRA REGINA GOMES RODOVALHO;21.09.2026;13:00;0;898000411869215;GABRIELE CORTE;26.11.2004;21;262;LIDIANE PIRES CORTE;RUA;LATERAL DO NUCLEO;;67;ASSENTAMENTO CAMPANARIO;79490000;(67)99602-9161;SAO GABRIEL DO OESTE;500769;SAO GABRIEL DO OESTE;500769;8176132;CASA ROSA;F;04.08.2026;TAINAOLIVEIRA;04.08.2026;TAINAOLIVEIRA;10.00;CONFIRMADO;Z00;91415799172;ALESSANDRA REGINA GOMES RODOVALHO
683021247;0009001;0301010072;CONSULTA EM GINECOLOGIA - GERAL;95747818104;VANESSA BRESCHI;17.09.2026;13:00;0;700001695997403;GRASIELE DE OLIVEIRA CAMARGO;17.07.1987;39;470;ROSELI DE OLIVEIRA;RUA;DAS CURRUIRAS;;830;JARDIM GRAMADO;79491014;(67)99135-7987;SAO GABRIEL DO OESTE;500769;SAO GABRIEL DO OESTE;500769;5971055;UNIDADE DE SAUDE DA FAMILIA VIII;F;04.08.2026;JESSICAPADILHA;04.08.2026;JESSICAPADILHA;10.00;PENDENTE;Z000;04805244160;RENNAN ORTIZ BUENO
683033958;0009001;0301010072;CONSULTA EM GINECOLOGIA - GERAL;88308499953;LUCINALDO BASSO;24.09.2026;07:00;0;709006866923814;EVELIN DOS SANTOS CAMPOS;18.03.1992;34;414;EUNIDICE MARIA DOS SANTOS CAMPOS;RUA;CURIO;;381;JARDIM GRAMADO;79491012;(67)98409-0298;SAO GABRIEL DO OESTE;500769;SAO GABRIEL DO OESTE;500769;5971055;UNIDADE DE SAUDE DA FAMILIA VIII;F;04.08.2026;JESSICAPADILHA;04.08.2026;JESSICAPADILHA;10.00;CONFIRMADO;N93;04805244160;RENNAN ORTIZ BUENO
683038365;0201207;0301010072;CONSULTA EM PEDIATRIA;01865429171;AMANDA NANTES AQUINO;01.09.2026;13:00;1;706502304213390;RENIELE CORTE MONTEIRO;17.06.2026;00;3;GABRIELE CORTE;RUA;LEOCADIO RAMOS NOGUEIRA;;98;CENTRO;79490027;(67)99268-6189;SAO GABRIEL DO OESTE;500769;SAO GABRIEL DO OESTE;500769;8176132;CASA ROSA;F;04.08.2026;ANACLAUDIA_PASCOAL;04.08.2026;ANACLAUDIA_PASCOAL;10.00;CONFIRMADO;Z00;01865429171;AMANDA NANTES AQUINO
683053562;0201207;0301010072;CONSULTA EM PEDIATRIA;57255873120;CLODOALDO SABINO DA SILVA;30.09.2026;13:00;1;704005389953565;KAWANE LUIZA BRUM DIAS;04.12.2020;05;70;CINTYA GABRIELA SOUZA DIAS;RUA;SUCUPIRA;;260;SÃO CRISTOVÃO;79490000;(67)99903-6207;SAO GABRIEL DO OESTE;500769;SAO GABRIEL DO OESTE;500769;8176132;CASA ROSA;F;04.08.2026;ANACLAUDIA_PASCOAL;04.08.2026;ANACLAUDIA_PASCOAL;10.00;CONFIRMADO;Z00;57255873120;CLODOALDO SABINO DA SILVA
683104985;0201207;0301010072;CONSULTA EM PEDIATRIA;57255873120;CLODOALDO SABINO DA SILVA;16.09.2026;09:00;1;706403104818789;HEITOR MIRANDA MELO;01.07.2026;00;3;OZANA APARECIDA MIRANDA FERREIRA;RUA;M;;557;CIDADE JARDIM 1;79492140;(67)99867-3388;SAO GABRIEL DO OESTE;500769;SAO GABRIEL DO OESTE;500769;8176132;CASA ROSA;M;05.08.2026;ANACLAUDIA_PASCOAL;05.08.2026;VANIA_MARIANO;10.00;PENDENTE;Z00;57255873120;CLODOALDO SABINO DA SILVA
683113379;0201207;0301010072;CONSULTA EM PEDIATRIA;57255873120;CLODOALDO SABINO DA SILVA;02.09.2026;07:00;1;708101503738638;VICENTE CORREA CAMARGO;30.10.2025;00;11;JULIETH CORREA;RUA;GREGORIANA 1/99998;CASA 10;569;JARDIM PRIMAVERA;79490166;(67)99882-2026;SAO GABRIEL DO OESTE;500769;SAO GABRIEL DO OESTE;500769;8176132;CASA ROSA;M;05.08.2026;ANACLAUDIA_PASCOAL;05.08.2026;VANIA_MARIANO;10.00;PENDENTE;Z00;57255873120;CLODOALDO SABINO DA SILVA
683113410;0201207;0301010072;CONSULTA EM PEDIATRIA;03429604150;STEPHANNO EMMANUEL DE SOUZA CONTIS;10.09.2026;07:00;0;702602221042641;LEVI MORAES MEDEZANE ORLANDINI;08.04.2026;00;5;ELLEN DE MORAES SILVA ORLANDINI;AVENIDA;SAO FRANCISCO 1/2399;;2239;PRIMO MAFFISSONI;79490250;(67)99612-8272 / (67)98104-2545;SAO GABRIEL DO OESTE;500769;SAO GABRIEL DO OESTE;500769;2599376;UNIDADE DE SAUDE DA FAMILIA VI;M;05.08.2026;MARIANA_MARTINS;05.08.2026;VANIA_MARIANO;10.00;CONFIRMADO;Z001;06437691107;MAIARA FLORES SCARIOT
683127525;0201207;0301010072;CONSULTA EM PEDIATRIA;57255873120;CLODOALDO SABINO DA SILVA;16.09.2026;09:00;1;706402114550184;LAIANY PEREIRA DOS SANTOS;30.03.2026;00;6;ELUANA PEREIRA RODRIGUES;AREA;FAZENDA MONTE AZUL;;S/N;AREA RURAL DE SAO GABRIEL DO OESTE;79493899;(67)99655-4251;SAO GABRIEL DO OESTE;500769;SAO GABRIEL DO OESTE;500769;8176132;CASA ROSA;F;05.08.2026;ANACLAUDIA_PASCOAL;05.08.2026;ANACLAUDIA_PASCOAL;10.00;CONFIRMADO;Z00;57255873120;CLODOALDO SABINO DA SILVA
683141081;0201207;0301010072;CONSULTA EM PEDIATRIA;57255873120;CLODOALDO SABINO DA SILVA;02.09.2026;09:00;0;701205091474111;JOAO MAURICIO DURE BARBOZA;29.09.2024;02;24;BRENDA DURE IFRAN;AREA;NOSSA SENHORA DA GUIA;;S/N;AREA RURAL DE SAO GABRIEL DO OESTE;79493899;(67)99627-3527 / (67)99853-8504;SAO GABRIEL DO OESTE;500769;SAO GABRIEL DO OESTE;500769;3400964;UNIDADE DE SAUDE DA FAMILIA RURAL VII;M;05.08.2026;DULCINEIA_MOCCELIN;05.08.2026;DULCINEIA_MOCCELIN;10.00;PENDENTE;Z001;02453491113;MILENA GUEDIN VARGAS
683142636;0201207;0301010072;CONSULTA EM PEDIATRIA;57255873120;CLODOALDO SABINO DA SILVA;02.09.2026;09:00;0;700509362680955;RYAN BRENO DURE BARBOZA;08.06.2022;04;51;BRENDA DURE IFRAN;AREA;NOSSA SENHORA DA GUIA;;S/N;AREA RURAL DE SAO GABRIEL DO OESTE;79493899;(67)99880-0828;SAO GABRIEL DO OESTE;500769;SAO GABRIEL DO OESTE;500769;3400964;UNIDADE DE SAUDE DA FAMILIA RURAL VII;M;05.08.2026;DULCINEIA_MOCCELIN;05.08.2026;DULCINEIA_MOCCELIN;10.00;PENDENTE;Z001;02453491113;MILENA GUEDIN VARGAS
683156302;0201207;0301010072;CONSULTA EM PEDIATRIA;57255873120;CLODOALDO SABINO DA SILVA;23.09.2026;07:00;1;708607552181987;JADE MAVY CARDOSO DELGADO;17.12.2025;00;9;TAYNA RODRIGUES DELGADO;RUA;MENOTTI DEL PICCHIA;;534;PRIMO MAFFISSONI;79490266;(67)99634-1629;SAO GABRIEL DO OESTE;500769;SAO GABRIEL DO OESTE;500769;8176132;CASA ROSA;F;05.08.2026;ANACLAUDIA_PASCOAL;05.08.2026;ANACLAUDIA_PASCOAL;10.00;CONFIRMADO;Z00;57255873120;CLODOALDO SABINO DA SILVA
683192127;0201207;0301010072;CONSULTA EM PEDIATRIA;57255873120;CLODOALDO SABINO DA SILVA;23.09.2026;13:00;1;705005819891754;ALICE VITORIA PEREIRA LEMES;30.06.2023;03;39;THAIS LEMES BORGES;RUA;IPE;;281;SAO CRISTOVAO;79490000;(67)99988-3559;SAO GABRIEL DO OESTE;500769;SAO GABRIEL DO OESTE;500769;8176132;CASA ROSA;F;05.08.2026;ANACLAUDIA_PASCOAL;05.08.2026;ANACLAUDIA_PASCOAL;10.00;CONFIRMADO;Z00;57255873120;CLODOALDO SABINO DA SILVA
683253364;0201207;0301010072;CONSULTA EM PEDIATRIA;57255873120;CLODOALDO SABINO DA SILVA;23.09.2026;15:00;1;706208024169764;VICTOR HUGO ESPINDOLA DE ARAUJO;10.11.2021;04;58;PATRICIA ESPINDOLA;RUA;ANGICO;;719;SÃO CRISTÓVÃO;79490000;(67)99213-5375;SAO GABRIEL DO OESTE;500769;SAO GABRIEL DO OESTE;500769;8176132;CASA ROSA;M;05.08.2026;ANACLAUDIA_PASCOAL;05.08.2026;ANACLAUDIA_PASCOAL;10.00;CONFIRMADO;Z000;57255873120;CLODOALDO SABINO DA SILVA
683281100;0201207;0301010072;CONSULTA EM PEDIATRIA;57255873120;CLODOALDO SABINO DA SILVA;23.09.2026;13:00;1;700001795466906;BENJAMIM PIERRI GARCIA MORAES;04.05.2026;00;5;ADRIANE GARCIA DOS SANTOS;RUA;CURIO;;934;JARDIM GRAMADO;79491012;(67)99861-5979;SAO GABRIEL DO OESTE;500769;SAO GABRIEL DO OESTE;500769;8176132;CASA ROSA;M;05.08.2026;ANACLAUDIA_PASCOAL;05.08.2026;ANACLAUDIA_PASCOAL;10.00;PENDENTE;Z000;57255873120;CLODOALDO SABINO DA SILVA
683283207;0201207;0301010072;CONSULTA EM PEDIATRIA;57255873120;CLODOALDO SABINO DA SILVA;23.09.2026;13:00;1;706906105293432;KALEO DA SILVA CASTRO;26.02.2026;00;7;KIMBERLLY DA SILVA CASTRO;RUA;OITI;;201;SAO CRISTOVAO;79491196;(67)99873-8708;SAO GABRIEL DO OESTE;500769;SAO GABRIEL DO OESTE;500769;8176132;CASA ROSA;M;05.08.2026;ANACLAUDIA_PASCOAL;05.08.2026;ANACLAUDIA_PASCOAL;10.00;CONFIRMADO;Z000;57255873120;CLODOALDO SABINO DA SILVA
683284000;0701379;0301010048;CONSULTA EM FONOAUDIOLOIGA - RETORNO;65329520100;LEDA MARIA PAES DA SILVA DOS SANTOS;18.09.2026;13:00;0;706906105293432;KALEO DA SILVA CASTRO;26.02.2026;00;7;KIMBERLLY DA SILVA CASTRO;RUA;OITI;;201;SAO CRISTOVAO;79491196;(67)99873-8708;SAO GABRIEL DO OESTE;500769;SAO GABRIEL DO OESTE;500769;8176132;CASA ROSA;M;05.08.2026;ANACLAUDIA_PASCOAL;05.08.2026;ANACLAUDIA_PASCOAL;6.30;CONFIRMADO;Z000;57255873120;CLODOALDO SABINO DA SILVA
683285157;0201207;0301010072;CONSULTA EM PEDIATRIA;57255873120;CLODOALDO SABINO DA SILVA;23.09.2026;07:00;1;704802034382242;CHLOE SILVA DOS SANTOS;25.01.2025;01;20;INGRID NARA SILVA DOS SANTOS;RUA;NOVE DE MAIO;;1030;CENTRO;79470000;(67)99861-6611;RIO NEGRO;500730;SAO GABRIEL DO OESTE;500769;8176132;CASA ROSA;F;05.08.2026;ANACLAUDIA_PASCOAL;05.08.2026;ANACLAUDIA_PASCOAL;10.00;PENDENTE;Z000;57255873120;CLODOALDO SABINO DA SILVA
683285179;0009012;0301010072;CONSULTA EM GINECOLOGIA GESTANTE.;10963419641;MARIA FERNANDA DIAS BASILIO;09.09.2026;13:30;0;700501526575655;IZABELA CONCEICAO DA GAMA;06.07.2000;26;315;IRENE DA CONCEICAO SILVA;RUA;ANTÔNIO LAMBERT;;1847;MILANI;79492064;(67)99677-5597;SAO GABRIEL DO OESTE;500769;SAO GABRIEL DO OESTE;500769;2370972;UNIDADE DE SAUDE DA FAMILIA MILANE II;F;05.08.2026;FLAVIA_RODRIGUES;05.08.2026;FLAVIA_RODRIGUES;10.00;PENDENTE;Z34;;PAULO FENELON MARINHO
683298890;0009001;0301010072;CONSULTA EM GINECOLOGIA - GERAL;91415799172;ALESSANDRA REGINA GOMES RODOVALHO;21.09.2026;13:00;0;705600442373910;VANUZA INACIO BATISTA;06.03.1982;44;535;RUTHI PORFIRO INACIO;AVENIDA;RUI BARBOSA 1/99999;;2223;PRIMO MAFFISSONI;79490272;(67)99838-1207;SAO GABRIEL DO OESTE;500769;SAO GABRIEL DO OESTE;500769;7333218;UNIDADE DE SAUDE DA FAMILIA X;F;05.08.2026;RAISSASILVALIMA;05.08.2026;RAISSASILVALIMA;10.00;CONFIRMADO;R32;63805480172;CLEDSON PERETTI
683303470;0009012;0301010072;CONSULTA EM GINECOLOGIA GESTANTE.;10963419641;MARIA FERNANDA DIAS BASILIO;09.09.2026;13:30;0;706205012718765;ISABELA JACINTHO PROENCIO DE OLIVEIRA;04.12.2001;24;298;JANAINA ALVES JACINTHO;AREA;AGROVIA CAMPANARIO;ASSENTAMENTO C;42;AREA RURAL DE SAO GABRIEL DO OESTE;79493899;(67)99875-3383;SAO GABRIEL DO OESTE;500769;SAO GABRIEL DO OESTE;500769;2370972;UNIDADE DE SAUDE DA FAMILIA MILANE II;F;05.08.2026;FLAVIA_RODRIGUES;05.08.2026;FLAVIA_RODRIGUES;10.00;PENDENTE;Z34;;PAULO FENELON MARINHO
683304256;0201207;0301010072;CONSULTA EM PEDIATRIA;57255873120;CLODOALDO SABINO DA SILVA;23.09.2026;15:00;1;704804577034549;HELOISA ELOA LOPES DOS REIS;10.05.2026;00;4;INGRID LOPES FLORES;RUA;8 DE ABRIL;;1458;FENIX;79491114;(61)3315-2425;SAO GABRIEL DO OESTE;500769;SAO GABRIEL DO OESTE;500769;8176132;CASA ROSA;F;05.08.2026;ANACLAUDIA_PASCOAL;05.08.2026;ANACLAUDIA_PASCOAL;10.00;PENDENTE;Z000;57255873120;CLODOALDO SABINO DA SILVA
683311720;0201207;0301010072;CONSULTA EM PEDIATRIA;57255873120;CLODOALDO SABINO DA SILVA;09.09.2026;07:00;1;700007786398109;LOUISE ALVES MATTOSO;21.01.2026;00;8;LEIDI EVERLI ALVES FERREIRA MATTOSO;RUA;QUERO-QUERO 1/99998;CASA 9;1542;FENIX;79491058;(67)98457-1262;SAO GABRIEL DO OESTE;500769;SAO GABRIEL DO OESTE;500769;8176132;CASA ROSA;F;05.08.2026;ANACLAUDIA_PASCOAL;10.08.2026;VANIA_MARIANO;10.00;CONFIRMADO;Z762;57255873120;CLODOALDO SABINO DA SILVA
683321139;0009012;0301010072;CONSULTA EM GINECOLOGIA GESTANTE.;10963419641;MARIA FERNANDA DIAS BASILIO;16.09.2026;13:30;0;709800085611191;JOICE DA SILVA;07.08.1995;31;373;IVANIR JOSEFA DA SILVA;RUA;PRINCIPAL 1;ASSENTAMENTO CAMPANÁRIO;29;AREA RURAL DE SÃO GABRIEL DO OESTE;79493899;(67)99895-6144;SAO GABRIEL DO OESTE;500769;SAO GABRIEL DO OESTE;500769;2370972;UNIDADE DE SAUDE DA FAMILIA MILANE II;F;05.08.2026;FLAVIA_RODRIGUES;05.08.2026;FLAVIA_RODRIGUES;10.00;PENDENTE;Z34;;PAULO FENELON MARINHO
683325966;0009012;0301010072;CONSULTA EM GINECOLOGIA GESTANTE.;10963419641;MARIA FERNANDA DIAS BASILIO;09.09.2026;13:30;1;700504164870753;ISLAINE DINIZ CARDOSO;29.03.2002;24;294;SILVANA DINIZ DOS SANTOS CARDOSO;RUA;ARARAS;;2348;FÊNIX;79491102;(67)99206-5985 / (67)99639-9196;SAO GABRIEL DO OESTE;500769;SAO GABRIEL DO OESTE;500769;8176132;CASA ROSA;F;05.08.2026;ANACLAUDIA_PASCOAL;07.08.2026;VANIA_MARIANO;10.00;CONFIRMADO;Z000;10963419641;MARIA FERNANDA DIAS BASILIO
683327546;0009012;0301010072;CONSULTA EM GINECOLOGIA GESTANTE.;10963419641;MARIA FERNANDA DIAS BASILIO;02.09.2026;13:30;1;706807783917727;RITA DE CASSIA ALVES PEREIRA MONTESSI EDUARDO;24.09.1984;42;504;ZULMIRA ALVES PEREIRA MONTESSI;RUA;AROEIRA ;CASA;544;JARDIM GRAMADO;79490000;(67)99854-8301 / (67)99616-8563;SAO GABRIEL DO OESTE;500769;SAO GABRIEL DO OESTE;500769;8176132;CASA ROSA;F;05.08.2026;ANACLAUDIA_PASCOAL;07.08.2026;VANIA_MARIANO;10.00;CONFIRMADO;Z000;10963419641;MARIA FERNANDA DIAS BASILIO
683366010;0201207;0301010072;CONSULTA EM PEDIATRIA;04145161173;RHUANNE SIQUEIRA GUIMARAES;21.09.2026;07:00;1;707804620748719;ELOA SOPHIA VIEIRA DUARTE;22.11.2025;00;10;ELAINE ALVES VIEIRA;AVENIDA;TUIUIU 1/1465;;227;JARDIM GRAMADO;79491006;(67)99918-9949;SAO GABRIEL DO OESTE;500769;SAO GABRIEL DO OESTE;500769;8176132;CASA ROSA;F;06.08.2026;ANACLAUDIA_PASCOAL;10.08.2026;VANIA_MARIANO;10.00;CONFIRMADO;Z000;04145161173;RHUANNE SIQUEIRA GUIMARAES
683366704;0201207;0301010072;CONSULTA EM PEDIATRIA;03429604150;STEPHANNO EMMANUEL DE SOUZA CONTIS;03.09.2026;07:00;1;700504382095956;MESSIAS SANTOS DA SILVA;05.04.2026;00;6;ELIZANGELA DOS SANTOS SILVA;RUA;DAS GAIVOTAS 1/1465;;1543;JARDIM GRAMADO;79491018;(67)99928-2488;SAO GABRIEL DO OESTE;500769;SAO GABRIEL DO OESTE;500769;8176132;CASA ROSA;M;06.08.2026;ANACLAUDIA_PASCOAL;06.08.2026;ANACLAUDIA_PASCOAL;10.00;CONFIRMADO;Z000;03429604150;STEPHANNO EMMANUEL DE SOUZA CONTIS
683376087;0009012;0301010072;CONSULTA EM GINECOLOGIA GESTANTE.;95747818104;VANESSA BRESCHI;03.09.2026;07:00;1;708602504973688;TACIANA ALVENTINA PEREIRA;29.01.2008;18;224;ALESSANDRA ALVENTINA PEREIRA;RUA;CURIO;;842;JARDIM GRAMADO;79491012;(67)99619-8099;SAO GABRIEL DO OESTE;500769;SAO GABRIEL DO OESTE;500769;8176132;CASA ROSA;F;06.08.2026;ANACLAUDIA_PASCOAL;07.08.2026;VANIA_MARIANO;10.00;CONFIRMADO;Z000;95747818104;VANESSA BRESCHI
683377563;0201207;0301010072;CONSULTA EM PEDIATRIA;03429604150;STEPHANNO EMMANUEL DE SOUZA CONTIS;03.09.2026;13:00;1;705007445350859;ERICK SANTOS NANTES;07.10.2018;07;95;JAQUELINE DINIZ SANTOS;RUA;DA SERVIDÃO;;347;SAO CRISTOVAO;79490000;(61)3315-2425 / (67)99920-3069;SAO GABRIEL DO OESTE;500769;SAO GABRIEL DO OESTE;500769;8176132;CASA ROSA;M;06.08.2026;ANACLAUDIA_PASCOAL;06.08.2026;ANACLAUDIA_PASCOAL;10.00;CONFIRMADO;Z000;03429604150;STEPHANNO EMMANUEL DE SOUZA CONTIS
683402112;0009012;0301010072;CONSULTA EM GINECOLOGIA GESTANTE.;95747818104;VANESSA BRESCHI;10.09.2026;07:00;1;700000945990507;THAIANE DA SILVA PIRES;10.01.2003;23;284;FABIANA DA SILVA;ESTRADA;FAZENDA BODOQUENA;TRÊS MORROS;S/N;ZONA RURAL;79290000;(67)99833-8951;BONITO;500220;SAO GABRIEL DO OESTE;500769;8176132;CASA ROSA;F;06.08.2026;ANACLAUDIA_PASCOAL;06.08.2026;ANACLAUDIA_PASCOAL;10.00;CONFIRMADO;Z00;95747818104;VANESSA BRESCHI
683427382;0009001;0301010072;CONSULTA EM GINECOLOGIA - GERAL;88308499953;LUCINALDO BASSO;24.09.2026;07:00;0;704503322061119;CASSIANA GEISEL MARCAL;23.09.1996;30;360;ROSANGELA GEISEL;RUA;JOAO RIBEIRO GUIMARÃES;;375;JARDIM PRIMAVERA;79490000;(67)99804-1570;SAO GABRIEL DO OESTE;500769;SAO GABRIEL DO OESTE;500769;2370964;UNIDADE DE SAUDE DA FAMILIA III;F;06.08.2026;ANACLAUDIA_NOGUEIRA;06.08.2026;ANACLAUDIA_NOGUEIRA;10.00;CONFIRMADO;D25;02611833974;HUDSON PERES DORIGAO BELISARIO DE SOUZA
683464927;0201207;0301010072;CONSULTA EM PEDIATRIA;03429604150;STEPHANNO EMMANUEL DE SOUZA CONTIS;03.09.2026;09:00;1;704304588812194;ANTHONY GABRIEL PANINI FISCHER DIAS;03.12.2024;01;22;CARMEM PANINI DE OLIVEIRA DIAS;RUA;ESTUDANTE SONI BORTOLI;;1545;PRIMO MAFFISSONI;79490274;(67)99962-1568;SAO GABRIEL DO OESTE;500769;SAO GABRIEL DO OESTE;500769;8176132;CASA ROSA;M;06.08.2026;ANACLAUDIA_PASCOAL;06.08.2026;ANACLAUDIA_PASCOAL;10.00;PENDENTE;Z000;03429604150;STEPHANNO EMMANUEL DE SOUZA CONTIS
683539842;0009001;0301010072;CONSULTA EM GINECOLOGIA - GERAL;95747818104;VANESSA BRESCHI;03.09.2026;13:00;1;706400607201789;FRANCIELE PIRES VIEIRA;01.08.1991;35;422;EVA GLOVACKI VIEIRA;RUA;JOAO EVANGELISTA ROSA;;929;CENTRO;79490000;(67)99840-8321;SAO GABRIEL DO OESTE;500769;SAO GABRIEL DO OESTE;500769;8176132;CASA ROSA;F;06.08.2026;ANACLAUDIA_PASCOAL;12.08.2026;VANIA_MARIANO;10.00;PENDENTE;Z000;95747818104;VANESSA BRESCHI
683543433;0009001;0301010072;CONSULTA EM GINECOLOGIA - GERAL;95747818104;VANESSA BRESCHI;17.09.2026;13:00;1;707404099477477;MARIA APARECIDA DA SILVA TEODORO;01.06.1982;44;532;LAURA MARIA DA SILVA TEODORO;RUA;BAHIA 2400/99999;;2630;AMABILE MAFFISSONI;79490106;(67)99915-4224;SAO GABRIEL DO OESTE;500769;SAO GABRIEL DO OESTE;500769;8176132;CASA ROSA;F;06.08.2026;ANACLAUDIA_PASCOAL;20.08.2026;VANIA_MARIANO;10.00;CONFIRMADO;Z000;95747818104;VANESSA BRESCHI
683545445;0009001;0301010072;CONSULTA EM GINECOLOGIA - GERAL;88308499953;LUCINALDO BASSO;24.09.2026;09:00;0;700009497747009;LINDALVA NOGUEIRA ALVES;29.01.1973;53;644;MARIA NOGUEIRA ALVES;RUA;DAS ANHUMAS;;1099;JARDIM GRAMADO;79491016;(67)99850-2776;SAO GABRIEL DO OESTE;500769;SAO GABRIEL DO OESTE;500769;5971055;UNIDADE DE SAUDE DA FAMILIA VIII;F;06.08.2026;JESSICAPADILHA;06.08.2026;JESSICAPADILHA;10.00;PENDENTE;Z000;04805244160;RENNAN ORTIZ BUENO
683549222;0201207;0301010072;CONSULTA EM PEDIATRIA;03429604150;STEPHANNO EMMANUEL DE SOUZA CONTIS;03.09.2026;13:00;1;707602259990696;MIGUEL IZAQUE CORREIA GOMES;15.05.2026;00;4;SANDRA RODRIGUES CARVALHO CORREIA;RUA;COLIBRI;;45;FENIX;79491108;(67)99134-7563;SAO GABRIEL DO OESTE;500769;SAO GABRIEL DO OESTE;500769;8176132;CASA ROSA;M;06.08.2026;ANACLAUDIA_PASCOAL;06.08.2026;ANACLAUDIA_PASCOAL;10.00;CONFIRMADO;Z000;03429604150;STEPHANNO EMMANUEL DE SOUZA CONTIS
683555249;0009001;0301010072;CONSULTA EM GINECOLOGIA - GERAL;95747818104;VANESSA BRESCHI;10.09.2026;13:00;1;707601207946997;RAIMUNDA EDVANILDA PEREIRA DE LIMA;15.04.1981;45;545;ALBANI IVANILDA DE LIMA PEREIRA;RUA;DAS ARARAS;;2039;FENIX;79491102;(83)99688-0936;SAO GABRIEL DO OESTE;500769;SAO GABRIEL DO OESTE;500769;8176132;CASA ROSA;F;06.08.2026;ANACLAUDIA_PASCOAL;11.08.2026;VANIA_MARIANO;10.00;CONFIRMADO;Z000;95747818104;VANESSA BRESCHI
683573753;0169015;0301010048;TESTE DA ORELHINHA/TRIAGEM AUDITIVA NEONATAL;65329520100;LEDA MARIA PAES DA SILVA DOS SANTOS;18.09.2026;09:00;1;705100890740040;REBECA ARRUDA SANTOS;13.09.2025;01;12;RAFAELA DA SILVA ARRUDA SANTOS;RUA;CURIO;CASA 01;1229;JARDIM GRAMADO;79491012;(67)99641-8077;SAO GABRIEL DO OESTE;500769;SAO GABRIEL DO OESTE;500769;8176132;CASA ROSA;F;06.08.2026;ANACLAUDIA_PASCOAL;06.08.2026;ANACLAUDIA_PASCOAL;6.30;PENDENTE;Z00;65329520100;LEDA MARIA PAES DA SILVA DOS SANTOS
683590003;0201207;0301010072;CONSULTA EM PEDIATRIA;03429604150;STEPHANNO EMMANUEL DE SOUZA CONTIS;03.09.2026;15:00;1;704603137845329;MARIA ELOA SANTOS SILVA;09.06.2026;00;3;TAINARA SANTOS DE OLIVEIRA;RUA;CURICACA 1/1465;;553;JARDIM GRAMADO;79491010;(67)99616-5884;SAO GABRIEL DO OESTE;500769;SAO GABRIEL DO OESTE;500769;8176132;CASA ROSA;F;06.08.2026;ANACLAUDIA_PASCOAL;06.08.2026;ANACLAUDIA_PASCOAL;10.00;CONFIRMADO;Z00;03429604150;STEPHANNO EMMANUEL DE SOUZA CONTIS
683591829;0201207;0301010072;CONSULTA EM PEDIATRIA;03429604150;STEPHANNO EMMANUEL DE SOUZA CONTIS;03.09.2026;15:00;1;704206763781887;KALEL FERREIRA BARBOSA;01.07.2026;00;3;IZABEL FERREIRA DA SILVA;AVENIDA;GETULIO VARGAS 337;;1249;CENTRO;79490970;(67)99685-9685;SAO GABRIEL DO OESTE;500769;SAO GABRIEL DO OESTE;500769;8176132;CASA ROSA;M;06.08.2026;ANACLAUDIA_PASCOAL;06.08.2026;ANACLAUDIA_PASCOAL;10.00;CONFIRMADO;Z00;03429604150;STEPHANNO EMMANUEL DE SOUZA CONTIS
683632408;0201207;0301010072;CONSULTA EM PEDIATRIA;37817795649;GILBERT MAIRINK RODRIGUES;04.09.2026;07:00;1;702504356939138;ANTONELLA SILVA SANTOS AVELAR;05.04.2026;00;6;ALZENIR DA SILVA OLIVEIRA;RUA;JOAO EVANGELISTA ROSA;;792;CENTRO;79490055;(67)99963-7944;SAO GABRIEL DO OESTE;500769;SAO GABRIEL DO OESTE;500769;8176132;CASA ROSA;F;07.08.2026;ANACLAUDIA_PASCOAL;07.08.2026;ANACLAUDIA_PASCOAL;10.00;CONFIRMADO;Z000;37817795649;GILBERT MAIRINK RODRIGUES
683643497;0169015;0301010048;TESTE DA ORELHINHA/TRIAGEM AUDITIVA NEONATAL;65329520100;LEDA MARIA PAES DA SILVA DOS SANTOS;11.09.2026;09:00;0;700003394076009;AGATHA DE OLIVEIRA SOERENSEN;04.02.2026;00;8;ELISANGELA DE OLIVEIRA BRANDAO;RUA;ANGICO;;398;SAO CRISTOVAO;79491188;(67)99964-9394;SAO GABRIEL DO OESTE;500769;SAO GABRIEL DO OESTE;500769;8176132;CASA ROSA;F;07.08.2026;ANACLAUDIA_PASCOAL;07.08.2026;ANACLAUDIA_PASCOAL;6.30;CONFIRMADO;Z000;65329520100;LEDA MARIA PAES DA SILVA DOS SANTOS
683644795;0201207;0301010072;CONSULTA EM PEDIATRIA;37817795649;GILBERT MAIRINK RODRIGUES;04.09.2026;07:00;1;708906717250617;YONAH VICTORIA MORAIS MENDES;31.05.2026;00;4;LETICIA DOS SANTOS MORAIS MENDES;RUA;ANGICO;;294;SAO CRISTOVAO;79491188;(67)99652-3010;SAO GABRIEL DO OESTE;500769;SAO GABRIEL DO OESTE;500769;8176132;CASA ROSA;F;07.08.2026;ANACLAUDIA_PASCOAL;07.08.2026;ANACLAUDIA_PASCOAL;10.00;CONFIRMADO;Z000;37817795649;GILBERT MAIRINK RODRIGUES
683662156;0201207;0301010072;CONSULTA EM PEDIATRIA;01865429171;AMANDA NANTES AQUINO;22.09.2026;08:00;1;704200202891688;KAIO HENRIQUE DE SOUSA SILVA;23.01.2026;00;8;ANA DA SILVA RODRIGUES;RUA;CURIO 1466/99999;;1753;FENIX;79491082;(87)99104-3534;SAO GABRIEL DO OESTE;500769;SAO GABRIEL DO OESTE;500769;2370999;UNIDADE DE SAUDE DA FAMILIA FENIX IV;M;07.08.2026;GUSTAVO_PIAIA;07.08.2026;GUSTAVO_PIAIA;10.00;CONFIRMADO;Z001;00703866176;ALCIDES EDUARDO EIBEL
683662569;0201207;0301010072;CONSULTA EM PEDIATRIA;04145161173;RHUANNE SIQUEIRA GUIMARAES;21.09.2026;07:00;1;702105734604992;HELENA RIBEIRO VALERIO;07.07.2026;00;2;ESTEFANY DIAS RIBEIRO QUEIROZ;RUA;IGNES BARATIERE RIZZO;CASA 03;352;JARDIM PRIMAVERA;79490128;(67)99674-4146;SAO GABRIEL DO OESTE;500769;SAO GABRIEL DO OESTE;500769;8176132;CASA ROSA;F;07.08.2026;ANACLAUDIA_PASCOAL;07.08.2026;ANACLAUDIA_PASCOAL;10.00;CONFIRMADO;Z000;04145161173;RHUANNE SIQUEIRA GUIMARAES
683681209;0009001;0301010072;CONSULTA EM GINECOLOGIA - GERAL;88308499953;LUCINALDO BASSO;24.09.2026;09:00;0;705601414683014;NAILEI BORGES TELES;25.03.1968;58;702;JOVINA BORGES TELES;FAZENDA;TAQUARA;;S/N;RURAL;79490000;(67)99986-0939;SAO GABRIEL DO OESTE;500769;SAO GABRIEL DO OESTE;500769;3400964;UNIDADE DE SAUDE DA FAMILIA RURAL VII;F;07.08.2026;DULCINEIA_MOCCELIN;07.08.2026;DULCINEIA_MOCCELIN;10.00;CONFIRMADO;N850;00612619630;KALYNKA SILVIA HIGINO
683700720;0009001;0301010072;CONSULTA EM GINECOLOGIA - GERAL;91415799172;ALESSANDRA REGINA GOMES RODOVALHO;21.09.2026;13:00;0;706303110903580;STEFFANY LARYSSA LAVINIKI;28.09.1998;28;336;APARECIDA FATIMA DO ESPIRITO SANTO;RUA;FORTUNATO QUINTINO ZANETTI;CASA;1651;PRIMO MAFFISSONI;79490000;(67)99833-5288;SAO GABRIEL DO OESTE;500769;SAO GABRIEL DO OESTE;500769;7333218;UNIDADE DE SAUDE DA FAMILIA X;F;07.08.2026;RAISSASILVALIMA;07.08.2026;RAISSASILVALIMA;10.00;PENDENTE;N800;63805480172;CLEDSON PERETTI
683702687;0701379;0301010048;CONSULTA EM FONOAUDIOLOIGA - RETORNO;65329520100;LEDA MARIA PAES DA SILVA DOS SANTOS;11.09.2026;07:00;0;704607104560221;EMANUEL GARCIA DA SILVA;23.07.2026;00;2;ERIKA SABRINA DA SILVA GARCIA DOS SANTOS;RUA;BICUDOS;;436;JARDIM GRAMADO;79491028;(67)99644-8197;SAO GABRIEL DO OESTE;500769;SAO GABRIEL DO OESTE;500769;8176132;CASA ROSA;M;07.08.2026;ANACLAUDIA_PASCOAL;07.08.2026;ANACLAUDIA_PASCOAL;6.30;CONFIRMADO;Z000;65329520100;LEDA MARIA PAES DA SILVA DOS SANTOS
683707448;0201207;0301010072;CONSULTA EM PEDIATRIA;37817795649;GILBERT MAIRINK RODRIGUES;04.09.2026;09:00;1;706308796341379;MIKAEL CAVALHEIRO DE OLIVEIRA;23.06.2026;00;3;CAMILA CAVALHEIRO DA SILVA;AREA;FAZENDA SANTA PAULA;;S/N;AREA RURAL DE SAO GABRIEL DO OESTE;79493899;(67)99632-1278;SAO GABRIEL DO OESTE;500769;SAO GABRIEL DO OESTE;500769;8176132;CASA ROSA;M;07.08.2026;ANACLAUDIA_PASCOAL;07.08.2026;ANACLAUDIA_PASCOAL;10.00;CONFIRMADO;Z000;37817795649;GILBERT MAIRINK RODRIGUES
683772959;0201207;0301010072;CONSULTA EM PEDIATRIA;37817795649;GILBERT MAIRINK RODRIGUES;04.09.2026;13:00;1;700506319082259;RYAN GUERREIRO DOS SANTOS;05.05.2026;00;5;ELIZABETH GUERREIRO DE MOURA DOS SANTOS;RUA;DAS ANHUMAS 1/1465;;853;JARDIM GRAMADO;79491016;(67)99893-2336;SAO GABRIEL DO OESTE;500769;SAO GABRIEL DO OESTE;500769;8176132;CASA ROSA;M;07.08.2026;ANACLAUDIA_PASCOAL;07.08.2026;ANACLAUDIA_PASCOAL;10.00;CONFIRMADO;Z000;37817795649;GILBERT MAIRINK RODRIGUES
683774441;0201207;0301010072;CONSULTA EM PEDIATRIA;57255873120;CLODOALDO SABINO DA SILVA;30.09.2026;13:00;1;704804044118949;MARIA ALICE ROLIM MALACARNE;18.06.2025;01;15;PAMELA ROSA ROLIM;RUA;HILARIO ANTONIO ROLIM;CASA;478;JARDIM PRIMAVERA;79490130;(67)99607-4356;SAO GABRIEL DO OESTE;500769;SAO GABRIEL DO OESTE;500769;8176132;CASA ROSA;F;07.08.2026;ANACLAUDIA_PASCOAL;07.08.2026;ANACLAUDIA_PASCOAL;10.00;PENDENTE;Z00;57255873120;CLODOALDO SABINO DA SILVA
683805913;0201207;0301010072;CONSULTA EM PEDIATRIA;37817795649;GILBERT MAIRINK RODRIGUES;25.09.2026;13:00;1;703107339987760;JOSE ROBERTO MARINHO MARTINS;21.12.2025;00;9;ANA SAARA MARINHO DOS SANTOS MARTINS;RUA;FENIX;;49;FENIX;79491110;(67)99673-3275;SAO GABRIEL DO OESTE;500769;SAO GABRIEL DO OESTE;500769;8176132;CASA ROSA;M;07.08.2026;ANACLAUDIA_PASCOAL;07.08.2026;ANACLAUDIA_PASCOAL;10.00;PENDENTE;Z00;37817795649;GILBERT MAIRINK RODRIGUES
683808415;0201207;0301010072;CONSULTA EM PEDIATRIA;37817795649;GILBERT MAIRINK RODRIGUES;11.09.2026;13:00;1;708905729491710;HELENA DE SOUZA ALVES;02.07.2026;00;3;GABRIELE SOUZA SILVA;RUA;DOS PARDAIS 1/99998;;901;FENIX;79491064;(67)99879-6143;SAO GABRIEL DO OESTE;500769;SAO GABRIEL DO OESTE;500769;8176132;CASA ROSA;F;07.08.2026;ANACLAUDIA_PASCOAL;07.08.2026;ANACLAUDIA_PASCOAL;10.00;CONFIRMADO;Z00;37817795649;GILBERT MAIRINK RODRIGUES
683809253;0201207;0301010072;CONSULTA EM PEDIATRIA;37817795649;GILBERT MAIRINK RODRIGUES;25.09.2026;15:00;1;708103597738531;ENDRICK YAN BANFI DA SILVA;25.05.2026;00;4;CRISTIANE DOS SANTOS BANFI;RUA;DAS CURRUIRAS;CASA;1519;JARDIM GRAMADO;79491014;(67)99176-5304;SAO GABRIEL DO OESTE;500769;SAO GABRIEL DO OESTE;500769;8176132;CASA ROSA;M;07.08.2026;ANACLAUDIA_PASCOAL;07.08.2026;ANACLAUDIA_PASCOAL;10.00;PENDENTE;Z00;37817795649;GILBERT MAIRINK RODRIGUES
683875188;0009001;0301010072;CONSULTA EM GINECOLOGIA - GERAL;91415799172;ALESSANDRA REGINA GOMES RODOVALHO;21.09.2026;13:00;1;702805545445270;ANA LUIZA CITADELLA;03.07.2000;26;315;SONISE CITADELLA;AVENIDA;SAO FRANCISCO;;794;CENTRO;79490000;(67)99656-0418;SAO GABRIEL DO OESTE;500769;SAO GABRIEL DO OESTE;500769;8176132;CASA ROSA;F;10.08.2026;TAINAOLIVEIRA;25.08.2026;VANIA_MARIANO;10.00;CONFIRMADO;Z00;91415799172;ALESSANDRA REGINA GOMES RODOVALHO
683901952;0009001;0301010072;CONSULTA EM GINECOLOGIA - GERAL;91415799172;ALESSANDRA REGINA GOMES RODOVALHO;21.09.2026;13:00;0;708205674303140;MARLIZE CARVALHO DA SILVA;15.03.1977;49;594;CARMELINA JOSE SEVERO CARVALHO;RUA;RIO GRANDE DO SUL;CASA 1;2175;CENTRO;79490003;(67)99961-4570;SAO GABRIEL DO OESTE;500769;SAO GABRIEL DO OESTE;500769;2599376;UNIDADE DE SAUDE DA FAMILIA VI;F;10.08.2026;MARIANA_MARTINS;10.08.2026;MARIANA_MARTINS;10.00;CONFIRMADO;Z30;06437691107;MAIARA FLORES SCARIOT
683908779;0201207;0301010072;CONSULTA EM PEDIATRIA;04145161173;RHUANNE SIQUEIRA GUIMARAES;21.09.2026;09:00;1;702606770578943;LEVI DE LIMA NORBAK;07.05.2025;01;16;ADRIANY STEFANY ARISTIDES DE LIMA;RUA;ESPÍRITO SANTO;;2579;AMABILE MAFFISSONI;79490108;(67)99894-1573;SAO GABRIEL DO OESTE;500769;SAO GABRIEL DO OESTE;500769;8176132;CASA ROSA;M;10.08.2026;ANACLAUDIA_PASCOAL;10.08.2026;ANACLAUDIA_PASCOAL;10.00;CONFIRMADO;Z00;04145161173;RHUANNE SIQUEIRA GUIMARAES
683936492;0201207;0301010072;CONSULTA EM PEDIATRIA;37817795649;GILBERT MAIRINK RODRIGUES;04.09.2026;09:00;1;700003832409704;LEVY BORGES ARAUJO;10.04.2025;01;17;EMILE BORGES PEREIRA;RUA;QUERO-QUERO;65;1542;SAO CRISTOVAO;79491202;(67)99948-5335;SAO GABRIEL DO OESTE;500769;SAO GABRIEL DO OESTE;500769;8176132;CASA ROSA;M;10.08.2026;ANACLAUDIA_PASCOAL;10.08.2026;VANIA_MARIANO;10.00;PENDENTE;Z00;37817795649;GILBERT MAIRINK RODRIGUES
683949295;0009012;0301010072;CONSULTA EM GINECOLOGIA GESTANTE.;10963419641;MARIA FERNANDA DIAS BASILIO;09.09.2026;13:30;1;708407223969462;ANA PAULA TRINDADE PINHEIRO DO NASCIMENTO;29.08.2001;25;301;JOSIANE DOS SANTOS TRINDADE;RUA;TOCANTINS;CASA;218;AMABILE MAFFISSONI;79490090;(67)99112-1731 / (67)99110-6001;SAO GABRIEL DO OESTE;500769;SAO GABRIEL DO OESTE;500769;8176132;CASA ROSA;F;10.08.2026;ANACLAUDIA_PASCOAL;10.08.2026;ANACLAUDIA_PASCOAL;10.00;PENDENTE;Z00;10963419641;MARIA FERNANDA DIAS BASILIO
683979951;0201207;0301010072;CONSULTA EM PEDIATRIA;04145161173;RHUANNE SIQUEIRA GUIMARAES;21.09.2026;07:00;1;702303186159111;MAITE EMANUELLE BARBOSA MORAIS;03.06.2026;00;4;LIVIA BARBOSA CAMPOS;RUA;DAS ANHUMAS 1/1465;;669;JARDIM GRAMADO;79491016;(61)3315-2425;SAO GABRIEL DO OESTE;500769;SAO GABRIEL DO OESTE;500769;8176132;CASA ROSA;F;10.08.2026;ANACLAUDIA_PASCOAL;10.08.2026;ANACLAUDIA_PASCOAL;10.00;PENDENTE;Z00;04145161173;RHUANNE SIQUEIRA GUIMARAES
683983519;0201207;0301010072;CONSULTA EM PEDIATRIA;03429604150;STEPHANNO EMMANUEL DE SOUZA CONTIS;03.09.2026;07:00;1;705002223388553;IZADORA FERNANDA FREITAS MONTEIRO;30.05.2026;00;4;MARLUCE PINHEIRO DE FREITAS MONTEIRO;RUA;EUGÊNIO FERREIRA DA CUNHA;;1021;AMABILE MAFFISSONI;79490074;(67)99639-3560;SAO GABRIEL DO OESTE;500769;SAO GABRIEL DO OESTE;500769;8176132;CASA ROSA;F;10.08.2026;ANACLAUDIA_PASCOAL;10.08.2026;ANACLAUDIA_PASCOAL;10.00;CONFIRMADO;Z00;03429604150;STEPHANNO EMMANUEL DE SOUZA CONTIS
683988587;0201207;0301010072;CONSULTA EM PEDIATRIA;04145161173;RHUANNE SIQUEIRA GUIMARAES;14.09.2026;07:00;1;702402081256727;ANGELES AZUL JARA AYALA;26.05.2026;00;4;CRISOLDA RAMONA AYALA PEREZ;RUA;FILINTO MULLER;;184;MILANI;79492100;(67)99690-3669;SAO GABRIEL DO OESTE;500769;SAO GABRIEL DO OESTE;500769;8176132;CASA ROSA;F;10.08.2026;ANACLAUDIA_PASCOAL;10.08.2026;VANIA_MARIANO;10.00;PENDENTE;Z00;04145161173;RHUANNE SIQUEIRA GUIMARAES
683994873;0201207;0301010072;CONSULTA EM PEDIATRIA;01865429171;AMANDA NANTES AQUINO;01.09.2026;13:00;1;700901934469099;NICOLAS GABRIEL DE SOUZA ELIAS;24.02.2026;00;7;EVILLIN VITORIA DE SOUZA OLIVEIRA;RUA;DAS ANDORINHAS;;313;FENIX;79491056;(67)99830-6945;SAO GABRIEL DO OESTE;500769;SAO GABRIEL DO OESTE;500769;8176132;CASA ROSA;M;10.08.2026;ANACLAUDIA_PASCOAL;10.08.2026;ANACLAUDIA_PASCOAL;10.00;CONFIRMADO;Z00;01865429171;AMANDA NANTES AQUINO
684051921;0201207;0301010072;CONSULTA EM PEDIATRIA;37817795649;GILBERT MAIRINK RODRIGUES;11.09.2026;07:00;1;708102510960732;AGNES SORIS DO NASCIMENTO;05.03.2025;01;19;ALINE SORIS FERREIRA BICA;FAZENDA;SANTO ANTONIO;;S/N;ZONA RURAL;79200000;(67)99814-9872;AQUIDAUANA;500110;SAO GABRIEL DO OESTE;500769;8176132;CASA ROSA;F;10.08.2026;ANACLAUDIA_PASCOAL;10.08.2026;ANACLAUDIA_PASCOAL;10.00;CONFIRMADO;Z00;37817795649;GILBERT MAIRINK RODRIGUES
684061606;0201207;0301010072;CONSULTA EM PEDIATRIA;04145161173;RHUANNE SIQUEIRA GUIMARAES;21.09.2026;09:00;1;898006440566115;RN ISABELE VITORIA BATALHA DE JESUS;05.03.2026;00;7;ISABELE VITORIA BATALHA DE JESUS;RUA;DAS ANHUMAS 1/1465;CASA;1039;JARDIM GRAMADO;79491016;(67)99857-4239;SAO GABRIEL DO OESTE;500769;SAO GABRIEL DO OESTE;500769;8176132;CASA ROSA;M;10.08.2026;ANACLAUDIA_PASCOAL;10.08.2026;ANACLAUDIA_PASCOAL;10.00;PENDENTE;Z00;04145161173;RHUANNE SIQUEIRA GUIMARAES
684083428;0009001;0301010072;CONSULTA EM GINECOLOGIA - GERAL;95747818104;VANESSA BRESCHI;03.09.2026;13:00;0;700008673209301;MIRELLA VALDEZ PAIA;16.04.2007;19;233;EVELYN OLIVEIRA VALDEZ;RUA;17 DE AGOSTO;CASA;1433;FENIX;79491118;(67)99639-0707;SAO GABRIEL DO OESTE;500769;SAO GABRIEL DO OESTE;500769;2370999;UNIDADE DE SAUDE DA FAMILIA FENIX IV;F;10.08.2026;GUSTAVO_PIAIA;10.08.2026;GUSTAVO_PIAIA;10.00;PENDENTE;N93;00703866176;ALCIDES EDUARDO EIBEL
684086240;0009001;0301010072;CONSULTA EM GINECOLOGIA - GERAL;95747818104;VANESSA BRESCHI;24.09.2026;13:00;0;708409239143161;BARBARA SARMENTO DE OLIVEIRA;30.09.2000;26;312;LUCICLEIDE SARMENTO FERREIRA;RUA;COLIBRI;;333;FENIX;79491108;(84)98177-2972 / (84)98177-2972;SAO GABRIEL DO OESTE;500769;SAO GABRIEL DO OESTE;500769;7002084;UNIDADE DE SAUDE DA FAMILIA IX;F;10.08.2026;FABIELY_MORAES;10.08.2026;FABIELY_MORAES;10.00;CONFIRMADO;B37;01415181110;ANGELA BENITES
684091878;0009001;0301010072;CONSULTA EM GINECOLOGIA - GERAL;95747818104;VANESSA BRESCHI;24.09.2026;13:00;0;701001858389197;EVA CRISTINA COSTA TOME;16.06.1994;32;387;LUZIA IDETE COSTA;AVENIDA;CASTELO BRANCO;;510;CENTRO;79490000;(67)99927-0716;SAO GABRIEL DO OESTE;500769;SAO GABRIEL DO OESTE;500769;2599376;UNIDADE DE SAUDE DA FAMILIA VI;F;10.08.2026;MARIANA_MARTINS;10.08.2026;MARIANA_MARTINS;10.00;CONFIRMADO;N949;06437691107;MAIARA FLORES SCARIOT
684111567;0201207;0301010072;CONSULTA EM PEDIATRIA;04145161173;RHUANNE SIQUEIRA GUIMARAES;14.09.2026;07:00;1;706700278087520;JOSE MIGUEL ARAUJO PANIAGO;18.12.2025;00;9;GISLAINE ARAUJO DA SILVA;RUA;BEIJA-FLOR 1/99998;;1359;FENIX;79491120;(61)3315-2425;SAO GABRIEL DO OESTE;500769;SAO GABRIEL DO OESTE;500769;8176132;CASA ROSA;M;10.08.2026;ANACLAUDIA_PASCOAL;10.08.2026;VANIA_MARIANO;10.00;CONFIRMADO;Z00;04145161173;RHUANNE SIQUEIRA GUIMARAES
684117973;0169015;0301010048;TESTE DA ORELHINHA/TRIAGEM AUDITIVA NEONATAL;65329520100;LEDA MARIA PAES DA SILVA DOS SANTOS;04.09.2026;09:00;0;707607279166497;HELENA CECILIA VENSON LISIAK;29.07.2026;00;2;ANA JULIA LISIAK BARBOSA;RUA;ALBINO SOUZA BRANDAO 1200/99999;;1276;PRIMO MAFFISSONI;79490294;(67)99846-6953;SAO GABRIEL DO OESTE;500769;SAO GABRIEL DO OESTE;500769;8176132;CASA ROSA;F;10.08.2026;ANACLAUDIA_PASCOAL;10.08.2026;ANACLAUDIA_PASCOAL;6.30;PENDENTE;Z00;65329520100;LEDA MARIA PAES DA SILVA DOS SANTOS
684121125;0201207;0301010072;CONSULTA EM PEDIATRIA;04145161173;RHUANNE SIQUEIRA GUIMARAES;14.09.2026;07:00;1;708408799196766;HELOISI AGUERO SILVA;28.07.2026;00;2;VANESSA RODRIGUES DA SILVA;AVENIDA;TUIUIU;CASA 02;1347;JARDIM GRAMADO;79491006;(67)99877-5476;SAO GABRIEL DO OESTE;500769;SAO GABRIEL DO OESTE;500769;8176132;CASA ROSA;F;10.08.2026;ANACLAUDIA_PASCOAL;10.08.2026;VANIA_MARIANO;10.00;CONFIRMADO;Z00;04145161173;RHUANNE SIQUEIRA GUIMARAES
684123907;0009001;0301010072;CONSULTA EM GINECOLOGIA - GERAL;91415799172;ALESSANDRA REGINA GOMES RODOVALHO;14.09.2026;13:00;1;706800744725727;DAMELA PRISCILA DIAS DOS SANTOS;10.02.2002;24;295;SANDRA MARCIA DIAS;RUA;QUERO-QUERO;54;1542;SÃO CRISTOVÃO;79491202;(67)99106-7541 / (67)99106-7541;SAO GABRIEL DO OESTE;500769;SAO GABRIEL DO OESTE;500769;8176132;CASA ROSA;F;10.08.2026;ANACLAUDIA_PASCOAL;12.08.2026;VANIA_MARIANO;10.00;PENDENTE;Z00;91415799172;ALESSANDRA REGINA GOMES RODOVALHO
684126887;0009001;0301010072;CONSULTA EM GINECOLOGIA - GERAL;10963419641;MARIA FERNANDA DIAS BASILIO;23.09.2026;14:00;0;709209279438138;ANA CLAUDIA FRANCO;17.05.1988;38;460;ALEXANDRINA FRANCO;RUA;PICAPAU;CASA;565;JARDIM GRAMADO;79490000;(67)99229-4831;SAO GABRIEL DO OESTE;500769;SAO GABRIEL DO OESTE;500769;8176132;CASA ROSA;F;10.08.2026;ANACLAUDIA_PASCOAL;12.08.2026;VANIA_MARIANO;10.00;PENDENTE;Z00;10963419641;MARIA FERNANDA DIAS BASILIO
684166516;0009012;0301010072;CONSULTA EM GINECOLOGIA GESTANTE.;32111630187;JOSE EDACYR SIMM;01.09.2026;06:50;1;705003038303459;RAQUEL NUNES SANTOS;21.03.2004;22;270;BERNADETE NUNES SANTOS;RUA;ARARAS;;1540;FÊNIX;79491102;(75)3432-1159 / (75)98232-7134;SAO GABRIEL DO OESTE;500769;SAO GABRIEL DO OESTE;500769;8176132;CASA ROSA;F;11.08.2026;TAINAOLIVEIRA;13.08.2026;VANIA_MARIANO;10.00;CONFIRMADO;Z00;32111630187;JOSE EDACYR SIMM
684172971;0201207;0301010072;CONSULTA EM PEDIATRIA;03429604150;STEPHANNO EMMANUEL DE SOUZA CONTIS;10.09.2026;13:00;0;708406748587561;GEORGIA SOUZA FERREIRA;10.11.2025;00;10;NATALIA SOUZA NOGUEIRA FERREIRA;RUA;MONTEIRO LOBATO;;1076;PRIMO MAFFISSONI;79490262;(67)99882-1914;SAO GABRIEL DO OESTE;500769;SAO GABRIEL DO OESTE;500769;7333218;UNIDADE DE SAUDE DA FAMILIA X;F;11.08.2026;RAISSASILVALIMA;11.08.2026;RAISSASILVALIMA;10.00;CONFIRMADO;Z001;63805480172;CLEDSON PERETTI
684186685;0009012;0301010072;CONSULTA EM GINECOLOGIA GESTANTE.;32111630187;JOSE EDACYR SIMM;01.09.2026;06:00;0;705703462813330;IZABELA BRAZ GUIA DA SILVA;25.11.2009;16;202;WERONICA GOMES BRAZ;RUA;GREGORIANA;CASA 02;223;PRIMO MAFFISSONI;79490000;(67)3241-5935;SAO GABRIEL DO OESTE;500769;SAO GABRIEL DO OESTE;500769;7333218;UNIDADE DE SAUDE DA FAMILIA X;F;11.08.2026;RAISSASILVALIMA;11.08.2026;RAISSASILVALIMA;10.00;CONFIRMADO;Z34;63805480172;CLEDSON PERETTI
684193007;0201207;0301010072;CONSULTA EM PEDIATRIA;37817795649;GILBERT MAIRINK RODRIGUES;04.09.2026;09:00;1;700909936131297;ISABELLY VITORIA MOREIRA ANDRADE;25.07.2024;02;26;ZELIA MOREIRA;RUA;ANHUMAS;CASA;865;JARDIM GRAMADO;79490000;(67)99659-2536;SAO GABRIEL DO OESTE;500769;SAO GABRIEL DO OESTE;500769;8176132;CASA ROSA;F;11.08.2026;TAINAOLIVEIRA;11.08.2026;TAINAOLIVEIRA;10.00;CONFIRMADO;Z00;37817795649;GILBERT MAIRINK RODRIGUES
684202656;0201207;0301010072;CONSULTA EM PEDIATRIA;01865429171;AMANDA NANTES AQUINO;08.09.2026;07:00;1;702300177537114;VALENTIM MENDES BAIONA;08.05.2026;00;4;LUNA MENDES PEREIRA;RUA;FRANCA;CASA 3;256;RESIDENCIAL ROSADA;79490364;(67)99843-3107;SAO GABRIEL DO OESTE;500769;SAO GABRIEL DO OESTE;500769;8176132;CASA ROSA;M;11.08.2026;TAINAOLIVEIRA;11.08.2026;TAINAOLIVEIRA;10.00;PENDENTE;Z00;01865429171;AMANDA NANTES AQUINO
684345481;0201207;0301010072;CONSULTA EM PEDIATRIA;01865429171;AMANDA NANTES AQUINO;08.09.2026;14:00;1;700005101358007;MATHIAS OLIVEIRA DA SILVA;13.12.2025;00;9;KAILAINE PEREIRA DA SILVA;RUA;ALAGOAS 1/2399;;1679;PRIMO MAFFISSONI;79490258;(67)99883-7448;SAO GABRIEL DO OESTE;500769;SAO GABRIEL DO OESTE;500769;8176132;CASA ROSA;M;11.08.2026;TAINAOLIVEIRA;11.08.2026;TAINAOLIVEIRA;10.00;CONFIRMADO;Z00;01865429171;AMANDA NANTES AQUINO
684345541;0009001;0301010072;CONSULTA EM GINECOLOGIA - GERAL;88308499953;LUCINALDO BASSO;24.09.2026;09:00;0;702601233721947;ALINY DA SILVA FRASSETO;26.04.1990;36;437;EDIR DA SILVA FRASSETO;RUA;GUATAMBÚ;;344;SÃO CRISTOVÃO;79490000;(67)99844-8603;SAO GABRIEL DO OESTE;500769;SAO GABRIEL DO OESTE;500769;7002084;UNIDADE DE SAUDE DA FAMILIA IX;F;11.08.2026;FABIELY_MORAES;11.08.2026;FABIELY_MORAES;10.00;CONFIRMADO;Z000;;MARIA FERNANDA DIAS BASILIO
684350129;0009012;0301010072;CONSULTA EM GINECOLOGIA GESTANTE.;91415799172;ALESSANDRA REGINA GOMES RODOVALHO;08.09.2026;13:00;1;706908164383932;JENIFER FERNANDA HONORATO DE ARAUJO;03.05.2001;25;305;CLAUDINEIA HONORATO DA SILVA DE ARAUJO;RUA;BEM TE VI;;1493;JG;79490000;(67)99918-8055;SAO GABRIEL DO OESTE;500769;SAO GABRIEL DO OESTE;500769;8176132;CASA ROSA;F;11.08.2026;ANACLAUDIA_PASCOAL;13.08.2026;VANIA_MARIANO;10.00;CONFIRMADO;Z00;91415799172;ALESSANDRA REGINA GOMES RODOVALHO
684351561;0009001;0301010072;CONSULTA EM GINECOLOGIA - GERAL;95747818104;VANESSA BRESCHI;24.09.2026;13:00;0;704200214857781;KATIA SABRINA TEIXEIRA DE SOUZA;11.03.1988;38;462;NILSA APARECIDA TEIXEIRA DE SOUZA;RUA;QUERO-QUERO;CASA;320;FÊNIX;79491058;(61)3315-2425 / (67)99603-2139 / (67)99953-4512;SAO GABRIEL DO OESTE;500769;SAO GABRIEL DO OESTE;500769;2370999;UNIDADE DE SAUDE DA FAMILIA FENIX IV;F;11.08.2026;GUSTAVO_PIAIA;11.08.2026;GUSTAVO_PIAIA;10.00;PENDENTE;N80;96245646120;RAFAELLA MARIA COSTA GOIS DE FIGUEIREDO
684357364;0201207;0301010072;CONSULTA EM PEDIATRIA;01865429171;AMANDA NANTES AQUINO;15.09.2026;13:00;1;898006457431986;MARIA ANTONELLA PEREIRA LIMA;07.07.2026;00;2;PATRICIA PEREIRA DE OLIVEIRA;RUA;DAS ARARAS;;1979;FENIX;79491102;(61)3315-2425;SAO GABRIEL DO OESTE;500769;SAO GABRIEL DO OESTE;500769;8176132;CASA ROSA;F;11.08.2026;ANACLAUDIA_PASCOAL;11.08.2026;ANACLAUDIA_PASCOAL;10.00;CONFIRMADO;Z00;01865429171;AMANDA NANTES AQUINO
684367206;0009001;0301010072;CONSULTA EM GINECOLOGIA - GERAL;95747818104;VANESSA BRESCHI;24.09.2026;13:00;0;702909590422872;MARIA APARECIDA DOS SANTOS SILVA;25.02.1976;50;607;ANTONIA FRANCISCA GOMES;RUA;FORTUNATO QUINTINO ZANETTI;CASA;1656;JARDIM ALVORADA;79490000;(67)99641-3600 / (67)99949-9841;SAO GABRIEL DO OESTE;500769;SAO GABRIEL DO OESTE;500769;7333218;UNIDADE DE SAUDE DA FAMILIA X;F;11.08.2026;RAISSASILVALIMA;11.08.2026;RAISSASILVALIMA;10.00;CONFIRMADO;N92;63805480172;CLEDSON PERETTI
684378029;0201207;0301010072;CONSULTA EM PEDIATRIA;57255873120;CLODOALDO SABINO DA SILVA;23.09.2026;15:00;1;700609478236767;JOAQUIM GARCIA DE ARRUDA;13.10.2025;00;11;JANAINA GARCIA DE SOUZA;RUA;DO LAVADOR;;S/N;CENTRO (AREADO);79495001;(67)99949-7558;SAO GABRIEL DO OESTE;500769;SAO GABRIEL DO OESTE;500769;8176132;CASA ROSA;M;11.08.2026;ANACLAUDIA_PASCOAL;11.08.2026;ANACLAUDIA_PASCOAL;10.00;CONFIRMADO;Z00;57255873120;CLODOALDO SABINO DA SILVA
684385083;0201207;0301010072;CONSULTA EM PEDIATRIA;01865429171;AMANDA NANTES AQUINO;15.09.2026;13:00;1;703205644544092;GAEL FERNANDES LAPA;17.06.2026;00;3;DANIELLY OCAMPOS FERNANDES;AREA;LATERAL DO NUCLEO;ASSENTAMENTO C;33;AREA RURAL DE SAO GABRIEL DO OESTE;79493899;(67)99331-6178;SAO GABRIEL DO OESTE;500769;SAO GABRIEL DO OESTE;500769;8176132;CASA ROSA;M;11.08.2026;ANACLAUDIA_PASCOAL;11.08.2026;ANACLAUDIA_PASCOAL;10.00;PENDENTE;Z00;01865429171;AMANDA NANTES AQUINO
684387288;0009012;0301010072;CONSULTA EM GINECOLOGIA GESTANTE.;91415799172;ALESSANDRA REGINA GOMES RODOVALHO;08.09.2026;13:00;1;702603732109440;EVELIN NAIARA FERREIRA PIZOLITTO JARA;22.11.1999;26;322;MARIA DE FATIMA LUIZA FERREIRA;RUA;SÃO JOAO;;S/N;ZONA RURAL;79490000;(67)9611-7715;SAO GABRIEL DO OESTE;500769;SAO GABRIEL DO OESTE;500769;8176132;CASA ROSA;F;11.08.2026;ANACLAUDIA_PASCOAL;11.08.2026;ANACLAUDIA_PASCOAL;10.00;CONFIRMADO;Z00;91415799172;ALESSANDRA REGINA GOMES RODOVALHO
684387902;0201207;0301010072;CONSULTA EM PEDIATRIA;01865429171;AMANDA NANTES AQUINO;15.09.2026;13:00;1;708002326863526;LARA YASMIN MELO RISSO;18.06.2026;00;3;MARIA EDUARDA MELO DA SILVA;RUA;CURICACA;;683;JARDIM GRAMADO;79491010;(67)99806-1266;SAO GABRIEL DO OESTE;500769;SAO GABRIEL DO OESTE;500769;8176132;CASA ROSA;F;11.08.2026;ANACLAUDIA_PASCOAL;11.08.2026;ANACLAUDIA_PASCOAL;10.00;CONFIRMADO;Z00;01865429171;AMANDA NANTES AQUINO
684391251;0009012;0301010072;CONSULTA EM GINECOLOGIA GESTANTE.;91415799172;ALESSANDRA REGINA GOMES RODOVALHO;08.09.2026;13:00;1;701204020634816;ANA APARECIDA NERY FERREIRA;23.10.1989;36;443;LUCIENE RICALDI NERY;AVENIDA;TUIUIU 1466/99998;;2000;FENIX;79491076;(67)99659-5075 / (67)99856-5393;SAO GABRIEL DO OESTE;500769;SAO GABRIEL DO OESTE;500769;8176132;CASA ROSA;F;11.08.2026;ANACLAUDIA_PASCOAL;11.08.2026;ANACLAUDIA_PASCOAL;10.00;CONFIRMADO;Z00;91415799172;ALESSANDRA REGINA GOMES RODOVALHO
684398186;0201207;0301010072;CONSULTA EM PEDIATRIA;57255873120;CLODOALDO SABINO DA SILVA;30.09.2026;13:00;1;700000476114300;NICOLLAS BATISTA ROSENDO DA SILVA;30.05.2025;01;16;MARIANA DA SILVA;AVENIDA;CASTELO BRANCO 1201/1997;CASA;1777;PRIMO MAFFISSONI;79490292;(67)99207-8259;SAO GABRIEL DO OESTE;500769;SAO GABRIEL DO OESTE;500769;8176132;CASA ROSA;M;11.08.2026;ANACLAUDIA_PASCOAL;11.08.2026;ANACLAUDIA_PASCOAL;10.00;CONFIRMADO;Z00;57255873120;CLODOALDO SABINO DA SILVA
684404312;0009012;0301010072;CONSULTA EM GINECOLOGIA GESTANTE.;91415799172;ALESSANDRA REGINA GOMES RODOVALHO;01.09.2026;13:00;1;705600481809112;FRANCILAINE CHIMENES DOS SANTOS;30.03.1998;28;342;TEREZA CHIMENES DA SILVA;RUA;DOS PARDAIS 1/99998;;943;FENIX;79491064;(67)98418-1650;SAO GABRIEL DO OESTE;500769;SAO GABRIEL DO OESTE;500769;8176132;CASA ROSA;F;11.08.2026;ANACLAUDIA_PASCOAL;11.08.2026;ANACLAUDIA_PASCOAL;10.00;CONFIRMADO;Z00;91415799172;ALESSANDRA REGINA GOMES RODOVALHO
684405585;0201207;0301010072;CONSULTA EM PEDIATRIA;57255873120;CLODOALDO SABINO DA SILVA;30.09.2026;15:00;1;700404774036650;ARTHUR INACIO ESPINDOLA SOBRINHO;10.12.2019;06;81;RENATA ESPINDOLA DE SOUSA;RUA;DA AVIAÇÃO;AREADO;S/N;AREA RURAL DE SAO GABRIEL DO OESTE;79493899;(67)99914-0427;SAO GABRIEL DO OESTE;500769;SAO GABRIEL DO OESTE;500769;8176132;CASA ROSA;M;11.08.2026;ANACLAUDIA_PASCOAL;11.08.2026;ANACLAUDIA_PASCOAL;10.00;CONFIRMADO;Z00;57255873120;CLODOALDO SABINO DA SILVA
684464712;0201207;0301010072;CONSULTA EM PEDIATRIA;57255873120;CLODOALDO SABINO DA SILVA;23.09.2026;07:00;1;704502364239519;ELIZA PEREIRA;17.05.2025;01;16;ESTER PEREIRA DE CARVALHO;RUA;DAS ARARAS;;1802;FENIX;79491102;(67)99873-3887;SAO GABRIEL DO OESTE;500769;SAO GABRIEL DO OESTE;500769;8176132;CASA ROSA;F;12.08.2026;ANACLAUDIA_PASCOAL;12.08.2026;ANACLAUDIA_PASCOAL;10.00;CONFIRMADO;Z00;57255873120;CLODOALDO SABINO DA SILVA
684479945;0201207;0301010072;CONSULTA EM PEDIATRIA;57255873120;CLODOALDO SABINO DA SILVA;23.09.2026;09:00;1;706007820190845;MIKAELLA DE SOUZA VINHAL;08.07.2019;07;86;ANA CAROLINA JARA DE SOUZA;RUA;ANHUMAS;;1439;CENTRO;79490000;(67)99811-9179;SAO GABRIEL DO OESTE;500769;SAO GABRIEL DO OESTE;500769;8176132;CASA ROSA;F;12.08.2026;ANACLAUDIA_PASCOAL;12.08.2026;ANACLAUDIA_PASCOAL;10.00;PENDENTE;Z00;57255873120;CLODOALDO SABINO DA SILVA
684480154;0201207;0301010072;CONSULTA EM PEDIATRIA;04145161173;RHUANNE SIQUEIRA GUIMARAES;14.09.2026;09:00;0;700800464038488;HELENA VITORIA RODRIGUES LIMA;26.11.2025;00;10;FRANCISCA RODRIGUES DE LIMA;RUA;TANGARA;;315;FENIX;79491106;(67)99930-5540;SAO GABRIEL DO OESTE;500769;SAO GABRIEL DO OESTE;500769;7002084;UNIDADE DE SAUDE DA FAMILIA IX;F;12.08.2026;FABIELY_MORAES;27.08.2026;VANIA_MARIANO;10.00;PENDENTE;Z001;06901507925;EVELYN KASSIA TUDISCO FERNANDES
684489711;0201207;0301010072;CONSULTA EM PEDIATRIA;57255873120;CLODOALDO SABINO DA SILVA;23.09.2026;09:00;1;700403978918545;SOFIA BARBOSA SANTANA;19.05.2026;00;4;BRUNA SANTANA DA SILVA BARBOSA;RUA;JURITI;;41;FENIX;79491092;(61)3315-2425 / (67)99929-4484;SAO GABRIEL DO OESTE;500769;SAO GABRIEL DO OESTE;500769;8176132;CASA ROSA;F;12.08.2026;ANACLAUDIA_PASCOAL;12.08.2026;ANACLAUDIA_PASCOAL;10.00;CONFIRMADO;Z00;57255873120;CLODOALDO SABINO DA SILVA
684495493;0009001;0301010072;CONSULTA EM GINECOLOGIA - GERAL;95747818104;VANESSA BRESCHI;24.09.2026;13:00;0;700604441245261;ROSILENE LEIA CORTEZ;28.01.1978;48;584;MARIA APARECIDA CORTEZ;RUA;ROQUE MIGLIAVACA;;65;CENTRO;79490000;(67)9624-7335;SAO GABRIEL DO OESTE;500769;SAO GABRIEL DO OESTE;500769;7333218;UNIDADE DE SAUDE DA FAMILIA X;F;12.08.2026;RAISSASILVALIMA;12.08.2026;RAISSASILVALIMA;10.00;PENDENTE;Z014;63805480172;CLEDSON PERETTI
684515376;0201207;0301010072;CONSULTA EM PEDIATRIA;57255873120;CLODOALDO SABINO DA SILVA;30.09.2026;15:00;1;706201512267564;PALOMA VITORIA MARION TEIXEIRA;12.04.2017;09;113;LUCIA FERREIRA MARION TEIXEIRA;CHACARA;SANTO ANTONIO;;S/N;AREA RURAL DE SAO GABRIEL DO OESTE;79493899;(67)99917-5974;SAO GABRIEL DO OESTE;500769;SAO GABRIEL DO OESTE;500769;8176132;CASA ROSA;F;12.08.2026;ANACLAUDIA_PASCOAL;12.08.2026;ANACLAUDIA_PASCOAL;10.00;PENDENTE;Z00;57255873120;CLODOALDO SABINO DA SILVA
684520402;0009012;0301010072;CONSULTA EM GINECOLOGIA GESTANTE.;95747818104;VANESSA BRESCHI;03.09.2026;07:00;1;708700149121699;HEIDY DARLA COELHO MENDES;21.08.1999;27;325;ELISETE COELHO FERNANDES MENDES;RUA;ESPIRITO SANTO 2400/99999;;2885;AMABILE MAFFISSONI;79490108;(67)99902-8607;SAO GABRIEL DO OESTE;500769;SAO GABRIEL DO OESTE;500769;8176132;CASA ROSA;F;12.08.2026;ANACLAUDIA_PASCOAL;12.08.2026;ANACLAUDIA_PASCOAL;10.00;PENDENTE;Z00;95747818104;VANESSA BRESCHI
684525379;0169015;0301010048;TESTE DA ORELHINHA/TRIAGEM AUDITIVA NEONATAL;65329520100;LEDA MARIA PAES DA SILVA DOS SANTOS;04.09.2026;09:00;0;701309627016330;EMANUELE REINERT;07.08.2026;00;1;PATRICIA APARECIDA PASQUALI;RUA;I;;498;CIDADE JARDIM;79492130;(47)99109-7582;SAO GABRIEL DO OESTE;500769;SAO GABRIEL DO OESTE;500769;2370972;UNIDADE DE SAUDE DA FAMILIA MILANE II;F;12.08.2026;FLAVIA_RODRIGUES;12.08.2026;FLAVIA_RODRIGUES;6.30;CONFIRMADO;Z000;;STEPHANNO CONTIS
684535542;0201207;0301010072;CONSULTA EM PEDIATRIA;57255873120;CLODOALDO SABINO DA SILVA;23.09.2026;07:00;1;700004508137002;KELVIN LUCCA MORAES DOS SANTOS;01.07.2026;00;3;GEOVANA GABRIELE MORAES GUIMARAES;RUA;GREGORIANA 1/99998;;279;JARDIM PRIMAVERA;79490166;(67)99849-2861 / (67)99979-0309;SAO GABRIEL DO OESTE;500769;SAO GABRIEL DO OESTE;500769;8176132;CASA ROSA;M;12.08.2026;ANACLAUDIA_PASCOAL;18.09.2026;VANIA_MARIANO;10.00;CONFIRMADO;Z00;57255873120;CLODOALDO SABINO DA SILVA
684539150;0201207;0301010072;CONSULTA EM PEDIATRIA;57255873120;CLODOALDO SABINO DA SILVA;30.09.2026;15:00;1;704204295927886;AGATHA BOMBIERI MAIDANA;25.12.2025;00;9;ELIANE BOMBIERI;RUA;DAS ANHUMAS;;626;JARDIM GRAMADO;79491016;(67)98461-0437;SAO GABRIEL DO OESTE;500769;SAO GABRIEL DO OESTE;500769;8176132;CASA ROSA;F;12.08.2026;ANACLAUDIA_PASCOAL;12.08.2026;ANACLAUDIA_PASCOAL;10.00;PENDENTE;Z00;57255873120;CLODOALDO SABINO DA SILVA
684539752;0169015;0301010048;TESTE DA ORELHINHA/TRIAGEM AUDITIVA NEONATAL;65329520100;LEDA MARIA PAES DA SILVA DOS SANTOS;25.09.2026;09:00;0;704204295927886;AGATHA BOMBIERI MAIDANA;25.12.2025;00;9;ELIANE BOMBIERI;RUA;DAS ANHUMAS;;626;JARDIM GRAMADO;79491016;(67)98461-0437;SAO GABRIEL DO OESTE;500769;SAO GABRIEL DO OESTE;500769;8176132;CASA ROSA;F;12.08.2026;ANACLAUDIA_PASCOAL;12.08.2026;ANACLAUDIA_PASCOAL;6.30;PENDENTE;Z00;65329520100;LEDA MARIA PAES DA SILVA DOS SANTOS
684542883;0201207;0301010072;CONSULTA EM PEDIATRIA;57255873120;CLODOALDO SABINO DA SILVA;23.09.2026;09:00;1;703602078463535;CECILIA RIBEIRO DOS SANTOS;28.03.2026;00;6;DAIANA RIBEIRO DO AMARAL;RUA;CURIO 1/1465;;1678;JARDIM GRAMADO;79491012;(67)99811-4889;SAO GABRIEL DO OESTE;500769;SAO GABRIEL DO OESTE;500769;8176132;CASA ROSA;F;12.08.2026;ANACLAUDIA_PASCOAL;12.08.2026;ANACLAUDIA_PASCOAL;10.00;CONFIRMADO;Z00;57255873120;CLODOALDO SABINO DA SILVA
684549276;0201207;0301010072;CONSULTA EM PEDIATRIA;57255873120;CLODOALDO SABINO DA SILVA;16.09.2026;07:00;1;705201452389970;ISAAC DIEIVY CAMARGO BARBOSA;07.07.2026;00;2;TAYNA CAMARGO ARRUDA;RUA;H;;498;CIDADE JARDIM;79492128;(67)99874-5785;SAO GABRIEL DO OESTE;500769;SAO GABRIEL DO OESTE;500769;8176132;CASA ROSA;M;12.08.2026;ANACLAUDIA_PASCOAL;27.08.2026;VANIA_MARIANO;10.00;CONFIRMADO;Z00;57255873120;CLODOALDO SABINO DA SILVA
684558173;0701379;0301010048;CONSULTA EM FONOAUDIOLOIGA - RETORNO;65329520100;LEDA MARIA PAES DA SILVA DOS SANTOS;25.09.2026;07:00;0;706004862936141;LARA HEMANUELY VIEIRA LORENA DOS SANTOS;08.02.2026;00;7;ANA LAURA BECKER VIEIRA;RUA;DAS ANHUMAS 1/1465;;1610;JARDIM GRAMADO;79491016;(67)99824-3080;SAO GABRIEL DO OESTE;500769;SAO GABRIEL DO OESTE;500769;8176132;CASA ROSA;F;12.08.2026;ANACLAUDIA_PASCOAL;12.08.2026;ANACLAUDIA_PASCOAL;6.30;CONFIRMADO;Z00;57255873120;CLODOALDO SABINO DA SILVA
684631384;0201207;0301010072;CONSULTA EM PEDIATRIA;57255873120;CLODOALDO SABINO DA SILVA;16.09.2026;07:00;0;704801052490948;LAURA RODRIGUES ALMEIDA;25.07.2025;01;14;GABRIELI RODRIGUES BARROS;RUA;CURICACA 1/1465;;878;JARDIM GRAMADO;79491010;(67)99876-2120;SAO GABRIEL DO OESTE;500769;SAO GABRIEL DO OESTE;500769;8176132;CASA ROSA;F;12.08.2026;ANACLAUDIA_PASCOAL;27.08.2026;VANIA_MARIANO;10.00;PENDENTE;B082;57255873120;CLODOALDO SABINO DA SILVA
684632505;0201207;0301010072;CONSULTA EM PEDIATRIA;57255873120;CLODOALDO SABINO DA SILVA;30.09.2026;07:00;1;705800456752739;RHAY ARAUJO VIEIRA;16.03.2018;08;102;ROSALINA PEREIRA DE ARAUJO;RUA;SARACURA;;227;JARDIM GRAMADO;79490000;(67)99915-4675;SAO GABRIEL DO OESTE;500769;SAO GABRIEL DO OESTE;500769;8176132;CASA ROSA;M;12.08.2026;ANACLAUDIA_PASCOAL;12.08.2026;ANACLAUDIA_PASCOAL;10.00;CONFIRMADO;Z00;57255873120;CLODOALDO SABINO DA SILVA
684635005;0009012;0301010072;CONSULTA EM GINECOLOGIA GESTANTE.;10963419641;MARIA FERNANDA DIAS BASILIO;16.09.2026;13:30;1;701203045202714;TAINA OLIVEIRA MATOS CRUZ;27.07.1995;31;374;MARIA EDIMARIA DE OLIVEIRA MATOS;RUA;IPÊ ROXO;CASA 27;681;SÃO CRISTOVÃO;79491216;(67)99946-6116 / (67)99928-2203 / (67)9928-2203;SAO GABRIEL DO OESTE;500769;SAO GABRIEL DO OESTE;500769;8176132;CASA ROSA;F;12.08.2026;ANACLAUDIA_PASCOAL;12.08.2026;ANACLAUDIA_PASCOAL;10.00;CONFIRMADO;Z00;10963419641;MARIA FERNANDA DIAS BASILIO
684639883;0009012;0301010072;CONSULTA EM GINECOLOGIA GESTANTE.;32111630187;JOSE EDACYR SIMM;01.09.2026;06:00;0;700504716278158;BIANCA DA SILVA SANTOS;03.07.1992;34;411;CECILIA APARECIDA DA SILVA SANTOS;RUA;PERNAMBUCO;;2724;CENTRO;79490000;(67)99764-6370;SAO GABRIEL DO OESTE;500769;SAO GABRIEL DO OESTE;500769;7002084;UNIDADE DE SAUDE DA FAMILIA IX;F;12.08.2026;FABIELY_MORAES;12.08.2026;FABIELY_MORAES;10.00;CONFIRMADO;Z35;06901507925;EVELYN KASSIA TUDISCO FERNANDES
684644081;0009012;0301010072;CONSULTA EM GINECOLOGIA GESTANTE.;10963419641;MARIA FERNANDA DIAS BASILIO;02.09.2026;13:30;1;703301293844310;ANA CAROLINA PEREIRA;04.04.2002;24;294;NEUSA FERNANDES PEREIRA PEREIRA;RUA;PELICANOS;;1871;FENIX;79490000;(67)99919-2030 / (67)99878-6540;SAO GABRIEL DO OESTE;500769;SAO GABRIEL DO OESTE;500769;8176132;CASA ROSA;F;12.08.2026;ANACLAUDIA_PASCOAL;12.08.2026;ANACLAUDIA_PASCOAL;10.00;CONFIRMADO;Z00;10963419641;MARIA FERNANDA DIAS BASILIO
684645923;0201207;0301010072;CONSULTA EM PEDIATRIA;57255873120;CLODOALDO SABINO DA SILVA;30.09.2026;07:00;1;705005655076956;ESTER CHRIST NERES;28.01.2026;00;8;MIRIAN CRISTINA CHRIST;RUA;PERNAMBUCO;;1230;PRIMO MAFFISSONI;79490260;(67)98463-9837 / (67)99954-2005;SAO GABRIEL DO OESTE;500769;SAO GABRIEL DO OESTE;500769;8176132;CASA ROSA;F;12.08.2026;ANACLAUDIA_PASCOAL;12.08.2026;ANACLAUDIA_PASCOAL;10.00;CONFIRMADO;J00;57255873120;CLODOALDO SABINO DA SILVA
684647415;0201207;0301010072;CONSULTA EM PEDIATRIA;57255873120;CLODOALDO SABINO DA SILVA;16.09.2026;09:00;1;705005655076956;ESTER CHRIST NERES;28.01.2026;00;8;MIRIAN CRISTINA CHRIST;RUA;PERNAMBUCO;;1230;PRIMO MAFFISSONI;79490260;(67)98463-9837 / (67)99954-2005;SAO GABRIEL DO OESTE;500769;SAO GABRIEL DO OESTE;500769;8176132;CASA ROSA;F;12.08.2026;ANACLAUDIA_PASCOAL;27.08.2026;VANIA_MARIANO;10.00;CONFIRMADO;Z00;57255873120;CLODOALDO SABINO DA SILVA
684653516;0201207;0301010072;CONSULTA EM PEDIATRIA;57255873120;CLODOALDO SABINO DA SILVA;09.09.2026;13:00;0;700809990726687;ISIS PEREIRA DE OLIVEIRA;26.08.2016;10;121;GRASIELE DE OLIVEIRA CAMARGO;RUA;CURRUIRAS;;380;JG;79490000;(67)99929-1840;SAO GABRIEL DO OESTE;500769;SAO GABRIEL DO OESTE;500769;8176132;CASA ROSA;F;12.08.2026;ANACLAUDIA_PASCOAL;12.08.2026;ANACLAUDIA_PASCOAL;10.00;CONFIRMADO;Z00;57255873120;CLODOALDO SABINO DA SILVA
684654291;0009012;0301010072;CONSULTA EM GINECOLOGIA GESTANTE.;10963419641;MARIA FERNANDA DIAS BASILIO;16.09.2026;13:30;1;707007855235835;RAISSA DANTAS;09.05.1997;29;352;ROSINEI MESSIAS DANTAS;RUA;ASA BRANCA;;248;JARDIM GRAMADO;79490000;(67)99817-1649;SAO GABRIEL DO OESTE;500769;SAO GABRIEL DO OESTE;500769;8176132;CASA ROSA;F;12.08.2026;ANACLAUDIA_PASCOAL;12.08.2026;ANACLAUDIA_PASCOAL;10.00;CONFIRMADO;Z00;10963419641;MARIA FERNANDA DIAS BASILIO
684674730;0009012;0301010072;CONSULTA EM GINECOLOGIA GESTANTE.;10963419641;MARIA FERNANDA DIAS BASILIO;16.09.2026;13:30;1;700405111790250;GRAZIELA CORREIA FURTUOSO DA SILVA;24.09.1997;29;348;KATIUCE DE SOUZA CORREIA;RUA;PAZ;CASA;236;MILANI;79492084;(67)99822-7336;SAO GABRIEL DO OESTE;500769;SAO GABRIEL DO OESTE;500769;8176132;CASA ROSA;F;12.08.2026;ANACLAUDIA_PASCOAL;12.08.2026;ANACLAUDIA_PASCOAL;10.00;CONFIRMADO;Z016;10963419641;MARIA FERNANDA DIAS BASILIO
684677937;0201207;0301010072;CONSULTA EM PEDIATRIA;57255873120;CLODOALDO SABINO DA SILVA;02.09.2026;09:00;1;700007137327405;REBECA BARBOSA DE SOUZA;22.07.2026;00;2;FABRICIA BARBOSA DE ANDRADE;RUA;GAIVOTAS;;2222;FENIX;79491094;(67)99935-9162;SAO GABRIEL DO OESTE;500769;SAO GABRIEL DO OESTE;500769;8176132;CASA ROSA;F;12.08.2026;ANACLAUDIA_PASCOAL;27.08.2026;VANIA_MARIANO;10.00;PENDENTE;Z016;57255873120;CLODOALDO SABINO DA SILVA
684679915;0201207;0301010072;CONSULTA EM PEDIATRIA;57255873120;CLODOALDO SABINO DA SILVA;16.09.2026;09:00;1;708602542200585;ANA CECILIA OLIVEIRA DE ALMEIDA;29.01.2026;00;8;GABRIELE FERREIRA DE OLIVEIRA;RUA;PERDIZES;;1257;FÊNIX;79491050;(67)99986-9661;SAO GABRIEL DO OESTE;500769;SAO GABRIEL DO OESTE;500769;8176132;CASA ROSA;F;12.08.2026;ANACLAUDIA_PASCOAL;27.08.2026;VANIA_MARIANO;10.00;CONFIRMADO;Z016;57255873120;CLODOALDO SABINO DA SILVA
684681841;0009001;0301010072;CONSULTA EM GINECOLOGIA - GERAL;95747818104;VANESSA BRESCHI;24.09.2026;13:00;0;702402536533724;VANESSA VILHARVA BRITO DOS SANTOS;30.01.1980;46;560;GRACIANA VILHARVA;RUA;AZULAO 1/1019;FUNDOS;679;SAO CRISTOVAO;79491206;(67)99321-8258;SAO GABRIEL DO OESTE;500769;SAO GABRIEL DO OESTE;500769;7002084;UNIDADE DE SAUDE DA FAMILIA IX;F;12.08.2026;FABIELY_MORAES;12.08.2026;FABIELY_MORAES;10.00;CONFIRMADO;Z000;06901507925;EVELYN KASSIA TUDISCO FERNANDES
684717291;0009012;0301010072;CONSULTA EM GINECOLOGIA GESTANTE.;95747818104;VANESSA BRESCHI;03.09.2026;07:00;1;704100139849471;ANA CAROLINA CUNHA DE ALMEIDA FERREIRA;08.03.1995;31;378;ANA CRISTINA DA CUNHA BARBOSA;RUA;17 DE AGOSTO;CASA;1427;FENIX;79491118;(67)99882-1166 / (67)99841-0440 / (67)99904-5062;SAO GABRIEL DO OESTE;500769;SAO GABRIEL DO OESTE;500769;8176132;CASA ROSA;F;13.08.2026;ARIROSA;13.08.2026;ARIROSA;10.00;CONFIRMADO;Z00;95747818104;VANESSA BRESCHI
684721667;0009012;0301010072;CONSULTA EM GINECOLOGIA GESTANTE.;95747818104;VANESSA BRESCHI;10.09.2026;07:00;1;708702176679990;TAIS ALVES LOPES;13.03.1995;31;378;KATIA CRISTINA BARBOSA ALVES;RUA;GAIVOTAS;;950;JARDIM GRAMADO;79490000;(67)99645-2194;SAO GABRIEL DO OESTE;500769;SAO GABRIEL DO OESTE;500769;8176132;CASA ROSA;F;13.08.2026;ARIROSA;13.08.2026;ARIROSA;10.00;PENDENTE;Z00;95747818104;VANESSA BRESCHI
684725903;0009012;0301010072;CONSULTA EM GINECOLOGIA GESTANTE.;95747818104;VANESSA BRESCHI;17.09.2026;07:00;1;708105512535330;ERIKA SABRINA DA SILVA GARCIA DOS SANTOS;06.06.2004;22;268;EVANIZE DA SILVA GARCIA;RUA;CURICACAS;;346;JARDIM GRAMADO;79490000;(67)99988-5304;SAO GABRIEL DO OESTE;500769;SAO GABRIEL DO OESTE;500769;8176132;CASA ROSA;F;13.08.2026;ARIROSA;13.08.2026;ARIROSA;10.00;CONFIRMADO;Z00;95747818104;VANESSA BRESCHI
684732800;0201207;0301010072;CONSULTA EM PEDIATRIA;57255873120;CLODOALDO SABINO DA SILVA;02.09.2026;13:00;0;702105887070870;MARIA ALICE GOMES DOS SANTOS;06.09.2022;04;49;LAIS DORCELINO GOMES VILA;RUA;TANGARA;;334;FENIX;79490000;(67)99842-4617;SAO GABRIEL DO OESTE;500769;SAO GABRIEL DO OESTE;500769;8176132;CASA ROSA;F;13.08.2026;ARIROSA;27.08.2026;VANIA_MARIANO;10.00;CONFIRMADO;Z00;57255873120;CLODOALDO SABINO DA SILVA
684734424;0009012;0301010072;CONSULTA EM GINECOLOGIA GESTANTE.;95747818104;VANESSA BRESCHI;03.09.2026;07:00;1;706206532923666;HELEN NYKOLI SOARES DE CARVALHO;07.06.2005;21;255;FLAVIA REGINA SOARES DOS SANTOS;RUA;5 DE OUTUBRO;;1558;FENIX;79491116;(61)3315-2425 / (67)99290-5833;SAO GABRIEL DO OESTE;500769;SAO GABRIEL DO OESTE;500769;8176132;CASA ROSA;F;13.08.2026;ARIROSA;13.08.2026;ARIROSA;10.00;PENDENTE;Z00;95747818104;VANESSA BRESCHI
684741549;0201207;0301010072;CONSULTA EM PEDIATRIA;03429604150;STEPHANNO EMMANUEL DE SOUZA CONTIS;17.09.2026;09:00;1;704305544764799;HENRIQUE MARTINS FLORIANO;14.05.2026;00;4;TAIS MARTINS BARBOSA;RUA;DAS ANHUMAS;CASA;591;JARDIM GRAMADO;79491016;(67)99914-6471;SAO GABRIEL DO OESTE;500769;SAO GABRIEL DO OESTE;500769;8176132;CASA ROSA;M;13.08.2026;ARIROSA;13.08.2026;ARIROSA;10.00;CONFIRMADO;Z00;03429604150;STEPHANNO EMMANUEL DE SOUZA CONTIS
684760262;0009012;0301010072;CONSULTA EM GINECOLOGIA GESTANTE.;95747818104;VANESSA BRESCHI;03.09.2026;07:00;1;706007807394645;ANA GABRIELA RIBEIRO LOSCHI MORAES;02.09.2006;20;241;ANGELICA DE JESUS;RUA;TANGARA;;612;SAO CRISTOVAO;79490000;(65)99649-9942 / (65)99633-2211 / (65)99680-3306;SAO GABRIEL DO OESTE;500769;SAO GABRIEL DO OESTE;500769;8176132;CASA ROSA;F;13.08.2026;ARIROSA;17.08.2026;VANIA_MARIANO;10.00;CONFIRMADO;Z00;95747818104;VANESSA BRESCHI
684762331;0701379;0301010048;CONSULTA EM FONOAUDIOLOIGA - RETORNO;65329520100;LEDA MARIA PAES DA SILVA DOS SANTOS;04.09.2026;07:00;0;700309908764634;ISIS HELENA MENDES SOUZA;20.08.2025;01;13;IZABELA ALMEIDA MENDES;RUA;RIO GRANDE DO SUL;APTO 10;1299;CENTRO;79490003;(67)98120-9524;SAO GABRIEL DO OESTE;500769;SAO GABRIEL DO OESTE;500769;8176132;CASA ROSA;F;13.08.2026;ARIROSA;13.08.2026;ARIROSA;6.30;CONFIRMADO;Z00;65329520100;LEDA MARIA PAES DA SILVA DOS SANTOS
684778574;0201207;0301010072;CONSULTA EM PEDIATRIA;57255873120;CLODOALDO SABINO DA SILVA;30.09.2026;07:00;1;708000834797623;ADRYAN SALUSTIANO LELIS;18.07.2024;02;26;ANDREIA SALUSTIANO;RUA;FRANCISCO MILANI;;1222;MILANI;79492068;(67)99922-4557;SAO GABRIEL DO OESTE;500769;SAO GABRIEL DO OESTE;500769;8176132;CASA ROSA;M;13.08.2026;ARIROSA;13.08.2026;ARIROSA;10.00;PENDENTE;Z00;57255873120;CLODOALDO SABINO DA SILVA
684785658;0009012;0301010072;CONSULTA EM GINECOLOGIA GESTANTE.;95747818104;VANESSA BRESCHI;10.09.2026;07:00;1;708404705469166;ANA CAROLINA DE SOUSA PEREIRA;04.02.2000;26;320;ROSANGELA FERREIRA PEREIRA;RUA;15 DE NOVEMBRO;;461;JARDIM AMERICA;79190000;(67)99896-7880;TERENOS;500800;SAO GABRIEL DO OESTE;500769;8176132;CASA ROSA;F;13.08.2026;ARIROSA;13.08.2026;ARIROSA;10.00;CONFIRMADO;Z00;95747818104;VANESSA BRESCHI
684789422;0009012;0301010072;CONSULTA EM GINECOLOGIA GESTANTE.;95747818104;VANESSA BRESCHI;10.09.2026;07:00;1;701306644474330;FATIMA VIEIRA DA SILVA;01.02.1993;33;404;SANDRA MICIA VIEIRA;;;;;;;(67)99857-9982 / (67)9846-1871;;;SAO GABRIEL DO OESTE;500769;8176132;CASA ROSA;F;13.08.2026;ARIROSA;13.08.2026;ARIROSA;10.00;CONFIRMADO;Z00;95747818104;VANESSA BRESCHI
684792515;0201207;0301010072;CONSULTA EM PEDIATRIA;37817795649;GILBERT MAIRINK RODRIGUES;04.09.2026;15:00;1;704308584522993;ANTONELLA LOURENCO SILVA;16.07.2026;00;2;JULIA RONDON DA SILVA;RUA;COLIBRI;;209;FÊNIX;79491108;(67)99863-8489;SAO GABRIEL DO OESTE;500769;SAO GABRIEL DO OESTE;500769;8176132;CASA ROSA;F;13.08.2026;ARIROSA;13.08.2026;ARIROSA;10.00;PENDENTE;Z00;37817795649;GILBERT MAIRINK RODRIGUES
684803799;0201207;0301010072;CONSULTA EM PEDIATRIA;37817795649;GILBERT MAIRINK RODRIGUES;04.09.2026;15:00;1;704603724203030;TIAGO GABRIEL DA SILVA OLIVEIRA;29.08.2016;10;121;MARIA APARECIDA DA SILVA OLIVEIRA;RUA;BAHIA;;2874;PRIMO MAFISSONI;79490000;(61)3315-2425 / (67)99920-2503;SAO GABRIEL DO OESTE;500769;SAO GABRIEL DO OESTE;500769;8176132;CASA ROSA;M;13.08.2026;ARIROSA;13.08.2026;ARIROSA;10.00;PENDENTE;Z00;37817795649;GILBERT MAIRINK RODRIGUES
684808121;0055074;0301010072;CONSULTA EM CIRURGIA GINECOLOGICA - RETORNO POS OPERATORIO;88308499953;LUCINALDO BASSO;16.09.2026;08:00;1;708003815168724;ILZAIR DA SILVA OLIVEIRA;25.07.1989;37;446;MARIA APARECIDA DA SILVA OLIVEIRA;RUA;ANGICO;;260;SÃO CRISTOVÃO;79490000;(67)99842-0417;SAO GABRIEL DO OESTE;500769;SAO GABRIEL DO OESTE;500769;8176132;CASA ROSA;F;13.08.2026;ARIROSA;13.08.2026;ARIROSA;10.00;PENDENTE;Z00;88308499953;LUCINALDO BASSO
684812767;0201207;0301010072;CONSULTA EM PEDIATRIA;03429604150;STEPHANNO EMMANUEL DE SOUZA CONTIS;10.09.2026;09:00;1;707006841937939;NATANAEL APARECIDO GONCALVES ZANONI;11.06.2026;00;3;INGRID LARA ZANONI;RUA;SAO JORGE;CASA 47;289;JARDIM PRIMAVERA;79490164;(67)99634-3682;SAO GABRIEL DO OESTE;500769;SAO GABRIEL DO OESTE;500769;8176132;CASA ROSA;M;13.08.2026;ARIROSA;13.08.2026;ARIROSA;10.00;CONFIRMADO;Z00;03429604150;STEPHANNO EMMANUEL DE SOUZA CONTIS
684863667;0009012;0301010072;CONSULTA EM GINECOLOGIA GESTANTE.;95747818104;VANESSA BRESCHI;10.09.2026;07:00;1;706105045417560;TAIS SILVA GOMES;14.03.2008;18;222;APARECIDA FERREIRA DA SILVA;RUA;CURIÓ;CASA 2;879;JARDIM GRAMADO;79491012;(67)99959-5439;SAO GABRIEL DO OESTE;500769;SAO GABRIEL DO OESTE;500769;8176132;CASA ROSA;F;13.08.2026;ARIROSA;13.08.2026;ARIROSA;10.00;CONFIRMADO;Z00;95747818104;VANESSA BRESCHI
684875692;0009001;0301010072;CONSULTA EM GINECOLOGIA - GERAL;95747818104;VANESSA BRESCHI;24.09.2026;13:00;1;704108142052276;MARCIA FRANCISCO DOS SANTOS;27.03.1979;47;570;LEUDA ANTONIA DOS SANTOS;RUA;DEOCLECIO ZAMIGNAN;;2193;PRIMO MAFFISSONI;79490276;(67)99894-5116;SAO GABRIEL DO OESTE;500769;SAO GABRIEL DO OESTE;500769;8176132;CASA ROSA;F;13.08.2026;ARIROSA;20.08.2026;VANIA_MARIANO;10.00;CONFIRMADO;Z00;95747818104;VANESSA BRESCHI
684881970;0201207;0301010072;CONSULTA EM PEDIATRIA;03429604150;STEPHANNO EMMANUEL DE SOUZA CONTIS;10.09.2026;07:00;0;700301975177640;LEONARDO DIAS BORJA;23.08.2024;02;25;MELVA LUCIANA AGUILERA BORJA;RUA;ANHUMAS;;695;JARDIM GRAMADO;79491016;(67)99859-8359;SAO GABRIEL DO OESTE;500769;SAO GABRIEL DO OESTE;500769;7002084;UNIDADE DE SAUDE DA FAMILIA IX;M;13.08.2026;FABIELY_MORAES;27.08.2026;VANIA_MARIANO;10.00;PENDENTE;Z001;06901507925;EVELYN KASSIA TUDISCO FERNANDES
684884271;0201207;0301010072;CONSULTA EM PEDIATRIA;03429604150;STEPHANNO EMMANUEL DE SOUZA CONTIS;03.09.2026;13:00;1;706209076694666;JOSE ANTONIO DIAS DE SOUSA;22.02.2026;00;7;YASMIN DIAS SILVA;RUA;E;CASA 03;425;CIDADE JARDIM;79492122;(67)99927-4893;SAO GABRIEL DO OESTE;500769;SAO GABRIEL DO OESTE;500769;8176132;CASA ROSA;M;13.08.2026;ARIROSA;13.08.2026;ARIROSA;10.00;PENDENTE;Z00;03429604150;STEPHANNO EMMANUEL DE SOUZA CONTIS
684893526;0201207;0301010072;CONSULTA EM PEDIATRIA;04145161173;RHUANNE SIQUEIRA GUIMARAES;14.09.2026;09:00;0;709802059410496;NATHAN NASCIMENTO SOUZA;01.04.2026;00;6;JOSEFA CONCEICAO NASCIMENTO;RUA;QUERO-QUERO;142;1542;SÃO CRISTOVÃO;79491202;(67)99869-8428;SAO GABRIEL DO OESTE;500769;SAO GABRIEL DO OESTE;500769;7002084;UNIDADE DE SAUDE DA FAMILIA IX;M;13.08.2026;FABIELY_MORAES;27.08.2026;VANIA_MARIANO;10.00;CONFIRMADO;Z001;06901507925;EVELYN KASSIA TUDISCO FERNANDES
684895711;0201207;0301010072;CONSULTA EM PEDIATRIA;57255873120;CLODOALDO SABINO DA SILVA;30.09.2026;09:00;1;700903931684594;AYLA FERNANDES DOS SANTOS;19.05.2026;00;4;MARLENE BRAZ FERNANDES DA SILVA;RUA;DAS MARGARIDAS;;44;JARDIM PRIMAVERA;79490142;(67)99671-6597;SAO GABRIEL DO OESTE;500769;SAO GABRIEL DO OESTE;500769;8176132;CASA ROSA;F;13.08.2026;ARIROSA;13.08.2026;ARIROSA;10.00;PENDENTE;Z00;57255873120;CLODOALDO SABINO DA SILVA
684929124;0055074;0301010072;CONSULTA EM CIRURGIA GINECOLOGICA - RETORNO POS OPERATORIO;88308499953;LUCINALDO BASSO;02.09.2026;08:00;0;708108647323040;LOURDES JESUS OLIVEIRA;10.02.1991;35;427;ELZA MARIA JESUS OLIVEIRA;RUA;EUGENIO FERREIRA DA CUNHA;DQ 10 LT 12 CASA 1;2701;CENTRO;79490000;(67)99955-9489;SAO GABRIEL DO OESTE;500769;SAO GABRIEL DO OESTE;500769;8176132;CASA ROSA;F;13.08.2026;ARIROSA;26.08.2026;VANIA_MARIANO;10.00;PENDENTE;Z00;88308499953;LUCINALDO BASSO
684941232;0009012;0301010072;CONSULTA EM GINECOLOGIA GESTANTE.;10963419641;MARIA FERNANDA DIAS BASILIO;09.09.2026;13:30;1;700004803628003;GABRIELA CRISTINA DA SILVA COSTA DO CARMO;18.01.1992;34;416;EDNA DA SILVA;AVENIDA;CASTELO BRANCO 1200/1998;CASA 11;1694;JARDIM PRIMAVERA;79490120;(67)99650-1809;SAO GABRIEL DO OESTE;500769;SAO GABRIEL DO OESTE;500769;6452116;CENTRO DE ESPECIALIDADES MEDICAS;F;13.08.2026;TAINA_CEM;13.08.2026;TAINA_CEM;10.00;CONFIRMADO;Z00;;MARIA FERNANDA DIAS
685024891;0009001;0301010072;CONSULTA EM GINECOLOGIA - GERAL;10963419641;MARIA FERNANDA DIAS BASILIO;23.09.2026;07:30;1;700807969474486;MARIA VITORIA DA SILVA AMARO MONTALVAO;01.02.2003;23;284;DORVALINA DA SILVA;RUA;CORUJAS;CASA;888;FÊNIX;79491054;(67)99128-8467 / (67)99875-2435;SAO GABRIEL DO OESTE;500769;SAO GABRIEL DO OESTE;500769;8176132;CASA ROSA;F;14.08.2026;ANACLAUDIA_PASCOAL;14.08.2026;CLEIDIANE_REGULADOR;10.00;CONFIRMADO;Z00;10963419641;MARIA FERNANDA DIAS BASILIO
685028110;0201207;0301010072;CONSULTA EM PEDIATRIA;37817795649;GILBERT MAIRINK RODRIGUES;18.09.2026;07:00;1;700007758051507;JOAO MIGUEL PEREIRA DE MEDEIROS;15.07.2026;00;2;ANA VITORIA PEREIRA DA SILVA;RUA;CANÁRIOS;;2001;JARDIM GRAMADO;79491008;(67)99858-2686 / (61)3315-2425;SAO GABRIEL DO OESTE;500769;SAO GABRIEL DO OESTE;500769;8176132;CASA ROSA;M;14.08.2026;ANACLAUDIA_PASCOAL;14.08.2026;ANACLAUDIA_PASCOAL;10.00;CONFIRMADO;Z00;37817795649;GILBERT MAIRINK RODRIGUES
685038153;0169015;0301010048;TESTE DA ORELHINHA/TRIAGEM AUDITIVA NEONATAL;65329520100;LEDA MARIA PAES DA SILVA DOS SANTOS;11.09.2026;09:00;0;706407173754089;ELOAH JARA MOURA;11.08.2025;01;13;NATALY JARA DE SOUZA;LOTEAMENTO;ASSENTAMENTO PATATIVA;LOTE;42;ZONA RURAL;79493899;(67)99931-5200;SAO GABRIEL DO OESTE;500769;SAO GABRIEL DO OESTE;500769;8176132;CASA ROSA;F;14.08.2026;ANACLAUDIA_PASCOAL;14.08.2026;ANACLAUDIA_PASCOAL;6.30;CONFIRMADO;Z00;65329520100;LEDA MARIA PAES DA SILVA DOS SANTOS
685045205;0701379;0301010048;CONSULTA EM FONOAUDIOLOIGA - RETORNO;65329520100;LEDA MARIA PAES DA SILVA DOS SANTOS;18.09.2026;07:00;0;708704144425995;MAYTE PEREIRA DE MELO;02.02.2026;00;8;LYVIA SOARES DE MELO;RUA;MARTIMIANO ALVES DIAS 1/1199;;579;CENTRO;79490037;(61)3315-2425;SAO GABRIEL DO OESTE;500769;SAO GABRIEL DO OESTE;500769;8176132;CASA ROSA;F;14.08.2026;ANACLAUDIA_PASCOAL;04.09.2026;VANIA_MARIANO;6.30;PENDENTE;Z00;65329520100;LEDA MARIA PAES DA SILVA DOS SANTOS
685060891;0201207;0301010072;CONSULTA EM PEDIATRIA;37817795649;GILBERT MAIRINK RODRIGUES;11.09.2026;15:00;1;700008965849106;MARIA EDUARDA CABRAL;06.07.2025;01;15;ADRIANA CABRAL CRISTALDO;RUA;PARDAIS;CHARARA YPE;35;SÃO CRISTOVÃO;79491204;(67)99607-6984 / (67)99208-6141;SAO GABRIEL DO OESTE;500769;SAO GABRIEL DO OESTE;500769;8176132;CASA ROSA;F;14.08.2026;ANACLAUDIA_PASCOAL;14.08.2026;ANACLAUDIA_PASCOAL;10.00;PENDENTE;Z00;37817795649;GILBERT MAIRINK RODRIGUES
685061256;0169015;0301010048;TESTE DA ORELHINHA/TRIAGEM AUDITIVA NEONATAL;65329520100;LEDA MARIA PAES DA SILVA DOS SANTOS;11.09.2026;09:00;0;700008965849106;MARIA EDUARDA CABRAL;06.07.2025;01;15;ADRIANA CABRAL CRISTALDO;RUA;PARDAIS;CHARARA YPE;35;SÃO CRISTOVÃO;79491204;(67)99607-6984 / (67)99208-6141;SAO GABRIEL DO OESTE;500769;SAO GABRIEL DO OESTE;500769;8176132;CASA ROSA;F;14.08.2026;ANACLAUDIA_PASCOAL;14.08.2026;ANACLAUDIA_PASCOAL;6.30;PENDENTE;Z00;65329520100;LEDA MARIA PAES DA SILVA DOS SANTOS
685064528;0701379;0301010048;CONSULTA EM FONOAUDIOLOIGA - RETORNO;65329520100;LEDA MARIA PAES DA SILVA DOS SANTOS;04.09.2026;07:00;0;705600432204512;DANIEL CALDEIRA ALVES;04.06.2025;01;16;ANTONIO MARCOS ALVES;RUA;OSORIO RODRIGUES DA SILVA;;517;PRIMO MAFFISSONI;79490282;(61)3315-2425 / (67)99659-2245;SAO GABRIEL DO OESTE;500769;SAO GABRIEL DO OESTE;500769;8176132;CASA ROSA;M;14.08.2026;ANACLAUDIA_PASCOAL;14.08.2026;ANACLAUDIA_PASCOAL;6.30;PENDENTE;Z00;65329520100;LEDA MARIA PAES DA SILVA DOS SANTOS
685071544;0201207;0301010072;CONSULTA EM PEDIATRIA;37817795649;GILBERT MAIRINK RODRIGUES;11.09.2026;15:00;1;706207530287062;ANTONYEL HISAL DOS SANTOS MARUMO;22.09.2020;06;72;PATRICIA MATOS DOS SANTOS;RUA;TANGARA;CASA;341;FENIX;79490000;(67)99987-5192 / (67)99896-8553;SAO GABRIEL DO OESTE;500769;SAO GABRIEL DO OESTE;500769;8176132;CASA ROSA;M;14.08.2026;ANACLAUDIA_PASCOAL;14.08.2026;ANACLAUDIA_PASCOAL;10.00;CONFIRMADO;Z00;37817795649;GILBERT MAIRINK RODRIGUES
685071919;0201207;0301010072;CONSULTA EM PEDIATRIA;37817795649;GILBERT MAIRINK RODRIGUES;11.09.2026;15:00;1;704005330863667;ADRIANO MATOS DA SILVA;24.08.2024;02;25;PATRICIA MATOS DOS SANTOS;RUA;TANGARA;CASA;341;FENIX;79490000;(61)3315-2425 / (67)98471-0616;SAO GABRIEL DO OESTE;500769;SAO GABRIEL DO OESTE;500769;8176132;CASA ROSA;M;14.08.2026;ANACLAUDIA_PASCOAL;14.08.2026;ANACLAUDIA_PASCOAL;10.00;CONFIRMADO;Z00;37817795649;GILBERT MAIRINK RODRIGUES
685076271;0201207;0301010072;CONSULTA EM PEDIATRIA;37817795649;GILBERT MAIRINK RODRIGUES;04.09.2026;15:00;1;898006459783952;LIZ EMANUELLY LIMA DOS SANTOS;28.07.2026;00;2;RAISSA LIMA PIMENTEL;AVENIDA;SAO FRANCISCO 2401/99999;;3075;JARDIM PRIMAVERA;79490170;(67)99180-7644;SAO GABRIEL DO OESTE;500769;SAO GABRIEL DO OESTE;500769;8176132;CASA ROSA;F;14.08.2026;ANACLAUDIA_PASCOAL;14.08.2026;ANACLAUDIA_PASCOAL;10.00;PENDENTE;Z00;37817795649;GILBERT MAIRINK RODRIGUES
685122416;0169015;0301010048;TESTE DA ORELHINHA/TRIAGEM AUDITIVA NEONATAL;65329520100;LEDA MARIA PAES DA SILVA DOS SANTOS;04.09.2026;09:00;0;706404148645082;ISABELA VITORIA NOVAES NUNES PAIXAO;29.07.2026;00;2;JANAINA LEITE NOVAES;RUA;AZULÃO;;1563;FÊNIX;79491104;(67)99652-8493;SAO GABRIEL DO OESTE;500769;SAO GABRIEL DO OESTE;500769;8176132;CASA ROSA;F;14.08.2026;ANACLAUDIA_PASCOAL;14.08.2026;ANACLAUDIA_PASCOAL;6.30;PENDENTE;Z00;65329520100;LEDA MARIA PAES DA SILVA DOS SANTOS
685125098;0201207;0301010072;CONSULTA EM PEDIATRIA;37817795649;GILBERT MAIRINK RODRIGUES;18.09.2026;15:00;1;706004306631145;ISIS HELENA DIAS DA SILVA;23.05.2026;00;4;MARIANA DIAS PEROBELI;RUA;TOCANTINS;;266;AMABILE MAFFISSONI;79490090;(67)99994-7413;SAO GABRIEL DO OESTE;500769;SAO GABRIEL DO OESTE;500769;8176132;CASA ROSA;F;14.08.2026;ANACLAUDIA_PASCOAL;14.08.2026;ANACLAUDIA_PASCOAL;10.00;CONFIRMADO;Z00;37817795649;GILBERT MAIRINK RODRIGUES
685131028;0009012;0301010072;CONSULTA EM GINECOLOGIA GESTANTE.;91415799172;ALESSANDRA REGINA GOMES RODOVALHO;01.09.2026;13:00;1;704704725617033;JANAINA LEITE NOVAES;08.04.1998;28;341;ELAINE GONCALVES LEITE;RUA;AZULÃO;CASA;1563;FÊNIX;79491104;(67)99626-2830 / (67)99652-8493 / (67)99831-0747 / (67)99652-8493;SAO GABRIEL DO OESTE;500769;SAO GABRIEL DO OESTE;500769;8176132;CASA ROSA;F;14.08.2026;ANACLAUDIA_PASCOAL;17.08.2026;VANIA_MARIANO;10.00;CONFIRMADO;Z00;91415799172;ALESSANDRA REGINA GOMES RODOVALHO
685131571;0201207;0301010072;CONSULTA EM PEDIATRIA;37817795649;GILBERT MAIRINK RODRIGUES;18.09.2026;15:00;1;700804464243786;ANTONIO GABRIEL GUIMARAES FERRI;22.04.2026;00;5;BRENDA CARINA DOMICIANO FERRI;RUA;AMAZONAS;;2500;AMABILE MAFFISSONI;79490104;(61)3315-2425;SAO GABRIEL DO OESTE;500769;SAO GABRIEL DO OESTE;500769;8176132;CASA ROSA;M;14.08.2026;ANACLAUDIA_PASCOAL;14.08.2026;ANACLAUDIA_PASCOAL;10.00;CONFIRMADO;Z00;37817795649;GILBERT MAIRINK RODRIGUES
685136549;0009012;0301010072;CONSULTA EM GINECOLOGIA GESTANTE.;91415799172;ALESSANDRA REGINA GOMES RODOVALHO;15.09.2026;13:00;1;704008316052765;ELICIOMAR DE JESUS DA SILVA;10.03.1983;43;522;ILZA DE JESUS DA SILVA;AREA;RURAL;PROXIMO AREADO;S/N;AREA RURAL DE SAO GABRIEL DO OESTE;79493899;(67)99267-9268;SAO GABRIEL DO OESTE;500769;SAO GABRIEL DO OESTE;500769;8176132;CASA ROSA;F;14.08.2026;ANACLAUDIA_PASCOAL;17.08.2026;VANIA_MARIANO;10.00;CONFIRMADO;Z00;91415799172;ALESSANDRA REGINA GOMES RODOVALHO
685137055;0201207;0301010072;CONSULTA EM PEDIATRIA;37817795649;GILBERT MAIRINK RODRIGUES;18.09.2026;15:00;1;704308584522993;ANTONELLA LOURENCO SILVA;16.07.2026;00;2;JULIA RONDON DA SILVA;RUA;COLIBRI;;209;FÊNIX;79491108;(67)99863-8489;SAO GABRIEL DO OESTE;500769;SAO GABRIEL DO OESTE;500769;8176132;CASA ROSA;F;14.08.2026;ANACLAUDIA_PASCOAL;14.08.2026;ANACLAUDIA_PASCOAL;10.00;CONFIRMADO;Z00;37817795649;GILBERT MAIRINK RODRIGUES
685157463;0201207;0301010072;CONSULTA EM PEDIATRIA;37817795649;GILBERT MAIRINK RODRIGUES;11.09.2026;09:00;1;700008016369906;EDUARDO RODRIGUES CAMPOS;31.07.2025;01;14;NARA ALICE RODRIGUES CAMPOS;RUA;FORTUNATO QUINTINO ZANETTI;CASA 04;664;PRIMO MAFFISSONI;79490286;(67)99827-8419;SAO GABRIEL DO OESTE;500769;SAO GABRIEL DO OESTE;500769;8176132;CASA ROSA;M;14.08.2026;ANACLAUDIA_PASCOAL;14.08.2026;ANACLAUDIA_PASCOAL;10.00;PENDENTE;Z00;37817795649;GILBERT MAIRINK RODRIGUES
685158550;0009001;0301010072;CONSULTA EM GINECOLOGIA - GERAL;88308499953;LUCINALDO BASSO;24.09.2026;07:00;1;700604438961369;LUCIANA LIMA DA SILVA;16.12.1982;43;525;MARIA LIMA DA SILVA;RUA;SANTA MARIA;;1085;MILANI;79492074;(67)99917-4656;SAO GABRIEL DO OESTE;500769;SAO GABRIEL DO OESTE;500769;8176132;CASA ROSA;F;14.08.2026;ANACLAUDIA_PASCOAL;29.08.2026;VANIA_MARIANO;10.00;CONFIRMADO;Z00;88308499953;LUCINALDO BASSO
685166414;0201207;0301010072;CONSULTA EM PEDIATRIA;37817795649;GILBERT MAIRINK RODRIGUES;18.09.2026;09:00;1;703407229423215;MARIA FLOR MARTINS DA SILVA;16.07.2026;00;2;ESTEFANI MARTINS DA SILVA;RUA;TOCANTINS;;96;AMABILE MAFFISSONI;79490090;(67)99961-9088 / (67)99809-9350;SAO GABRIEL DO OESTE;500769;SAO GABRIEL DO OESTE;500769;8176132;CASA ROSA;F;14.08.2026;ANACLAUDIA_PASCOAL;14.08.2026;ANACLAUDIA_PASCOAL;10.00;CONFIRMADO;Z00;37817795649;GILBERT MAIRINK RODRIGUES
685172679;0201207;0301010072;CONSULTA EM PEDIATRIA;37817795649;GILBERT MAIRINK RODRIGUES;11.09.2026;09:00;1;707607279166497;HELENA CECILIA VENSON LISIAK;29.07.2026;00;2;ANA JULIA LISIAK BARBOSA;RUA;ALBINO SOUZA BRANDAO 1200/99999;;1276;PRIMO MAFFISSONI;79490294;(67)99846-6953;SAO GABRIEL DO OESTE;500769;SAO GABRIEL DO OESTE;500769;8176132;CASA ROSA;F;14.08.2026;ANACLAUDIA_PASCOAL;14.08.2026;ANACLAUDIA_PASCOAL;10.00;CONFIRMADO;Z00;37817795649;GILBERT MAIRINK RODRIGUES
685176431;0201207;0301010072;CONSULTA EM PEDIATRIA;03429604150;STEPHANNO EMMANUEL DE SOUZA CONTIS;24.09.2026;07:00;1;704703512270140;CECILIA NASCIMENTO DA SILVA VASCONCELOS;24.05.2026;00;4;JENIFER NASCIMENTO DE PAULA;RUA;IPÊ;CASA;600;SÃO CRISTOVÃO;79491180;(67)99818-9015 / (67)99818-9015;SAO GABRIEL DO OESTE;500769;SAO GABRIEL DO OESTE;500769;7002084;UNIDADE DE SAUDE DA FAMILIA IX;F;14.08.2026;FABIELY_MORAES;27.08.2026;VANIA_MARIANO;10.00;CONFIRMADO;Z000;;STEPHANNO CONTIS
685178015;0201207;0301010072;CONSULTA EM PEDIATRIA;37817795649;GILBERT MAIRINK RODRIGUES;18.09.2026;09:00;1;704008831919862;HELENA REBESCHINI PEREIRA;13.05.2026;00;4;LETICIA MARIANA REBESCHINI;RUA;BICUDOS;;162;JARDIM GRAMADO;79491028;(67)99836-6983;SAO GABRIEL DO OESTE;500769;SAO GABRIEL DO OESTE;500769;8176132;CASA ROSA;F;14.08.2026;ANACLAUDIA_PASCOAL;14.08.2026;ANACLAUDIA_PASCOAL;10.00;CONFIRMADO;Z00;37817795649;GILBERT MAIRINK RODRIGUES
685179401;0201207;0301010072;CONSULTA EM PEDIATRIA;37817795649;GILBERT MAIRINK RODRIGUES;11.09.2026;09:00;1;706404148645082;ISABELA VITORIA NOVAES NUNES PAIXAO;29.07.2026;00;2;JANAINA LEITE NOVAES;RUA;AZULÃO;;1563;FÊNIX;79491104;(67)99652-8493;SAO GABRIEL DO OESTE;500769;SAO GABRIEL DO OESTE;500769;8176132;CASA ROSA;F;14.08.2026;ANACLAUDIA_PASCOAL;14.08.2026;ANACLAUDIA_PASCOAL;10.00;CONFIRMADO;Z00;37817795649;GILBERT MAIRINK RODRIGUES
685184065;0009012;0301010072;CONSULTA EM GINECOLOGIA GESTANTE.;91415799172;ALESSANDRA REGINA GOMES RODOVALHO;01.09.2026;13:00;1;705008080976754;LAUANE TALITA NANTES BISPO DA SILVA;26.04.2012;14;173;KELLY TAUHANY NANTES;RUA;DAS GAIVOTAS;;950;JARDIM GRAMADO;79491018;(67)99237-3578;SAO GABRIEL DO OESTE;500769;SAO GABRIEL DO OESTE;500769;8176132;CASA ROSA;F;14.08.2026;ANACLAUDIA_PASCOAL;17.08.2026;VANIA_MARIANO;10.00;PENDENTE;Z00;91415799172;ALESSANDRA REGINA GOMES RODOVALHO
685242422;0009012;0301010072;CONSULTA EM GINECOLOGIA GESTANTE.;91415799172;ALESSANDRA REGINA GOMES RODOVALHO;01.09.2026;13:00;1;700007438892608;NAELY DA SILVA RAMIRES;30.06.2002;24;291;MARCIANA DA SILVA;RUA;PINTASSILGO;CASA;1143;JARDIM GRAMADO;79491042;(67)98114-8601;SAO GABRIEL DO OESTE;500769;SAO GABRIEL DO OESTE;500769;8176132;CASA ROSA;F;17.08.2026;ANACLAUDIA_PASCOAL;17.08.2026;VANIA_MARIANO;10.00;CONFIRMADO;Z00;91415799172;ALESSANDRA REGINA GOMES RODOVALHO
685251770;0701379;0301010048;CONSULTA EM FONOAUDIOLOIGA - RETORNO;65329520100;LEDA MARIA PAES DA SILVA DOS SANTOS;18.09.2026;07:00;0;700805907734687;LIVIA ALVES SOARES;29.12.2025;00;9;LEIDIELE ALVES DA SILVA;AVENIDA;HILARIO NICARETTA;;1911;PRIMO MAFFISSONI;79490288;(67)99881-3688;SAO GABRIEL DO OESTE;500769;SAO GABRIEL DO OESTE;500769;8176132;CASA ROSA;F;17.08.2026;ANACLAUDIA_PASCOAL;04.09.2026;VANIA_MARIANO;6.30;PENDENTE;Z00;65329520100;LEDA MARIA PAES DA SILVA DOS SANTOS
685254437;0201207;0301010072;CONSULTA EM PEDIATRIA;04145161173;RHUANNE SIQUEIRA GUIMARAES;21.09.2026;07:00;1;708604070393883;ARTHUR GABRIEL MASCHIO OLIVEIRA;25.07.2024;02;26;PRECILIA LUIZA GOMES MASCHIO;RUA;BEM TE VI;CASSA;1883;FENIX;79490000;(67)99600-3044;SAO GABRIEL DO OESTE;500769;SAO GABRIEL DO OESTE;500769;8176132;CASA ROSA;M;17.08.2026;ANACLAUDIA_PASCOAL;27.08.2026;VANIA_MARIANO;10.00;PENDENTE;Z00;04145161173;RHUANNE SIQUEIRA GUIMARAES
685258421;0201207;0301010072;CONSULTA EM PEDIATRIA;04145161173;RHUANNE SIQUEIRA GUIMARAES;21.09.2026;09:00;1;704007188644370;CECILIA ROCHA PADILHA;29.01.2026;00;8;BEATRIZ ROCHA WANTS;RUA;PELICANOS;;1844;FENIX;79491074;(67)99863-9057;SAO GABRIEL DO OESTE;500769;SAO GABRIEL DO OESTE;500769;8176132;CASA ROSA;F;17.08.2026;ANACLAUDIA_PASCOAL;27.08.2026;VANIA_MARIANO;10.00;CONFIRMADO;Z00;04145161173;RHUANNE SIQUEIRA GUIMARAES
685274948;0009012;0301010072;CONSULTA EM GINECOLOGIA GESTANTE.;91415799172;ALESSANDRA REGINA GOMES RODOVALHO;01.09.2026;13:00;0;702104794118899;RAFAELI DE ARAUJO MATIAS;27.03.2007;19;234;JOBRIANA DE ARAUJO;FAZENDA;CAMPO VERDE;;S/N;ZONA RURAL;79490000;(67)99616-2217;SAO GABRIEL DO OESTE;500769;SAO GABRIEL DO OESTE;500769;8176132;CASA ROSA;F;17.08.2026;ANACLAUDIA_PASCOAL;17.08.2026;VANIA_MARIANO;10.00;CONFIRMADO;Z00;91415799172;ALESSANDRA REGINA GOMES RODOVALHO
685291962;0009001;0301010072;CONSULTA EM GINECOLOGIA - GERAL;32111630187;JOSE EDACYR SIMM;08.09.2026;07:00;0;704108278003250;ALESSANDRA KAROLAYNE PANIAGUA DA SILVA;30.03.2002;24;294;LILIANE ALVES PANIAGUA;RUA;FRANCISCO ANTONIO DE SOUZA;MORA COM TIA;797;VILA FERNANDA;79096866;(67)99697-5370;CAMPO GRANDE;500270;SAO GABRIEL DO OESTE;500769;7002084;UNIDADE DE SAUDE DA FAMILIA IX;F;17.08.2026;FABIELY_MORAES;17.08.2026;FABIELY_MORAES;10.00;PENDENTE;N941;06901507925;EVELYN KASSIA TUDISCO FERNANDES
685317545;0201207;0301010072;CONSULTA EM PEDIATRIA;37817795649;GILBERT MAIRINK RODRIGUES;11.09.2026;07:00;1;704809595090743;BEATRIZ ALVES SACCA;06.11.2025;00;11;JESSICA ALVES DE ALMEIDA OLIVEIRA;RUA;TICO-TICO;;78;FENIX;79491096;(67)99904-6569;SAO GABRIEL DO OESTE;500769;SAO GABRIEL DO OESTE;500769;8176132;CASA ROSA;M;17.08.2026;ANACLAUDIA_PASCOAL;17.08.2026;ANACLAUDIA_PASCOAL;10.00;CONFIRMADO;Z00;37817795649;GILBERT MAIRINK RODRIGUES
685328073;0201207;0301010072;CONSULTA EM PEDIATRIA;04145161173;RHUANNE SIQUEIRA GUIMARAES;14.09.2026;13:00;1;701003806159893;HELENA SANTOS RIBEIRO;27.05.2022;04;52;ALEONIA DE OLIVEIRA SANTOS;RUA;JOÃO EVANGELISTA ROSA;;1044;CENTRO;79490055;(67)98192-9025 / (67)98192-9025;SAO GABRIEL DO OESTE;500769;SAO GABRIEL DO OESTE;500769;8176132;CASA ROSA;F;17.08.2026;ANACLAUDIA_PASCOAL;27.08.2026;VANIA_MARIANO;10.00;CONFIRMADO;Z00;04145161173;RHUANNE SIQUEIRA GUIMARAES
685334674;0169015;0301010048;TESTE DA ORELHINHA/TRIAGEM AUDITIVA NEONATAL;65329520100;LEDA MARIA PAES DA SILVA DOS SANTOS;04.09.2026;09:00;0;704400332559010;LIAN RIBEIRO DA ROCHA;11.08.2026;00;1;EVILYN MOREL RIBEIRO;RUA;GREGORIANA 1/99998;CASA 04;333;JARDIM PRIMAVERA;79490166;(61)3315-2425 / (67)99655-8021;SAO GABRIEL DO OESTE;500769;SAO GABRIEL DO OESTE;500769;7333218;UNIDADE DE SAUDE DA FAMILIA X;M;17.08.2026;RAISSASILVALIMA;17.08.2026;RAISSASILVALIMA;6.30;CONFIRMADO;Z00;;RHUANNE GUIMARAES
685340771;0009012;0301010072;CONSULTA EM GINECOLOGIA GESTANTE.;95747818104;VANESSA BRESCHI;09.09.2026;07:00;1;704706721395038;EVILYN MOREL RIBEIRO;04.02.2006;20;248;ROSE MERY DA SILVA MOREL;RUA;GREGORIANA 1/99998;CASA 04;333;JARDIM PRIMAVERA;79490166;(67)99866-6194;SAO GABRIEL DO OESTE;500769;SAO GABRIEL DO OESTE;500769;7333218;UNIDADE DE SAUDE DA FAMILIA X;F;17.08.2026;RAISSASILVALIMA;02.09.2026;VANIA_MARIANO;10.00;CONFIRMADO;Z00;;RHUANNE GUIMARAES
685347287;0201207;0301010072;CONSULTA EM PEDIATRIA;37817795649;GILBERT MAIRINK RODRIGUES;18.09.2026;07:00;1;701106035074210;DOMINIQUE TAWANNY ARAUJO DE SOUZA;30.07.2025;01;14;CRISTINA ARAUJO DE JESUS;RUA;AROEIRA;;577;SAO CRISTOVAO;79491190;(67)99843-8119;SAO GABRIEL DO OESTE;500769;SAO GABRIEL DO OESTE;500769;8176132;CASA ROSA;F;17.08.2026;ANACLAUDIA_PASCOAL;17.08.2026;ANACLAUDIA_PASCOAL;10.00;CONFIRMADO;Z00;37817795649;GILBERT MAIRINK RODRIGUES
685354475;0201207;0301010072;CONSULTA EM PEDIATRIA;03429604150;STEPHANNO EMMANUEL DE SOUZA CONTIS;03.09.2026;15:00;1;704006832106065;OLIVER BALZAN;11.06.2026;00;3;KARITA DAIALY ARRUDA PEREIRA;RUA;RUA S;CASA;S/N;CIDADE JARDIM;79490039;(67)99805-0406;SAO GABRIEL DO OESTE;500769;SAO GABRIEL DO OESTE;500769;8176132;CASA ROSA;M;17.08.2026;ANACLAUDIA_PASCOAL;17.08.2026;ANACLAUDIA_PASCOAL;10.00;CONFIRMADO;Z00;03429604150;STEPHANNO EMMANUEL DE SOUZA CONTIS
685355706;0009001;0301010072;CONSULTA EM GINECOLOGIA - GERAL;91415799172;ALESSANDRA REGINA GOMES RODOVALHO;21.09.2026;13:30;1;704200737723284;DAIANE APARECIDA DA SILVA;05.12.1991;34;418;MARIA JOSE TIZATTO;RUA;CURIÓ;;474;ZONA RURAL;79490000;(67)99964-7352 / (67)9835-1854;SAO GABRIEL DO OESTE;500769;SAO GABRIEL DO OESTE;500769;8176132;CASA ROSA;F;17.08.2026;ANACLAUDIA_PASCOAL;14.09.2026;VANIA_MARIANO;10.00;CONFIRMADO;Z00;91415799172;ALESSANDRA REGINA GOMES RODOVALHO
685417446;0201207;0301010072;CONSULTA EM PEDIATRIA;03429604150;STEPHANNO EMMANUEL DE SOUZA CONTIS;03.09.2026;07:00;1;700008471061605;LEVI EMANUEL DE OLIVEIRA SILVA;07.02.2026;00;7;GABRIELA DE OLIVEIRA SENA;RUA;CURICACA 1/1465;;1190;JARDIM GRAMADO;79491010;(67)98137-5914;SAO GABRIEL DO OESTE;500769;SAO GABRIEL DO OESTE;500769;8176132;CASA ROSA;M;17.08.2026;ANACLAUDIA_PASCOAL;17.08.2026;ANACLAUDIA_PASCOAL;10.00;CONFIRMADO;Z00;03429604150;STEPHANNO EMMANUEL DE SOUZA CONTIS
685418141;0701379;0301010048;CONSULTA EM FONOAUDIOLOIGA - RETORNO;65329520100;LEDA MARIA PAES DA SILVA DOS SANTOS;18.09.2026;07:00;0;700008471061605;LEVI EMANUEL DE OLIVEIRA SILVA;07.02.2026;00;7;GABRIELA DE OLIVEIRA SENA;RUA;CURICACA 1/1465;;1190;JARDIM GRAMADO;79491010;(67)98137-5914;SAO GABRIEL DO OESTE;500769;SAO GABRIEL DO OESTE;500769;8176132;CASA ROSA;M;17.08.2026;ANACLAUDIA_PASCOAL;04.09.2026;VANIA_MARIANO;6.30;PENDENTE;Z00;65329520100;LEDA MARIA PAES DA SILVA DOS SANTOS
685449513;0201207;0301010072;CONSULTA EM PEDIATRIA;04145161173;RHUANNE SIQUEIRA GUIMARAES;21.09.2026;13:00;1;701309627016330;EMANUELE REINERT;07.08.2026;00;1;PATRICIA APARECIDA PASQUALI;RUA;I;;498;CIDADE JARDIM;79492130;(47)99109-7582;SAO GABRIEL DO OESTE;500769;SAO GABRIEL DO OESTE;500769;8176132;CASA ROSA;F;17.08.2026;ANACLAUDIA_PASCOAL;27.08.2026;VANIA_MARIANO;10.00;CONFIRMADO;Z00;04145161173;RHUANNE SIQUEIRA GUIMARAES
685451653;0009012;0301010072;CONSULTA EM GINECOLOGIA GESTANTE.;10963419641;MARIA FERNANDA DIAS BASILIO;16.09.2026;13:30;1;704006870496762;VIVIANE VILA MAIOR RONDON;25.05.1990;36;436;LUCIENE VILA MAIOR RONDON;RUA;DOS SABIAS;;450;JARDIM GRAMADO;79491044;(67)99872-3232;SAO GABRIEL DO OESTE;500769;SAO GABRIEL DO OESTE;500769;8176132;CASA ROSA;F;17.08.2026;ANACLAUDIA_PASCOAL;17.08.2026;ANACLAUDIA_PASCOAL;10.00;CONFIRMADO;Z00;10963419641;MARIA FERNANDA DIAS BASILIO
685489766;0201207;0301010072;CONSULTA EM PEDIATRIA;04145161173;RHUANNE SIQUEIRA GUIMARAES;21.09.2026;07:00;1;705804406767434;LUIZA MONTEIRO DE MELLO;29.07.2026;00;2;BRUNA MONTEIRO DE ARAUJO;RUA;IGNES BARATIERE RIZZO;CASA 2;439;JARDIM PRIMAVERA;79490128;(67)99605-4374;SAO GABRIEL DO OESTE;500769;SAO GABRIEL DO OESTE;500769;8176132;CASA ROSA;F;17.08.2026;ANACLAUDIA_PASCOAL;30.08.2026;VANIA_MARIANO;10.00;CONFIRMADO;Z00;04145161173;RHUANNE SIQUEIRA GUIMARAES
685494581;0009001;0301010072;CONSULTA EM GINECOLOGIA - GERAL;91415799172;ALESSANDRA REGINA GOMES RODOVALHO;14.09.2026;13:30;1;702606269390643;PATRICIA ROSA CAPONI RODRIGUES;14.05.1988;38;460;MARIA RITA BARRA ROSA;FAZENDA;SANTA LUZIA;;S/N;RURAL;79490000;(67)99679-5137;SAO GABRIEL DO OESTE;500769;SAO GABRIEL DO OESTE;500769;8176132;CASA ROSA;F;17.08.2026;ANACLAUDIA_PASCOAL;02.09.2026;VANIA_MARIANO;10.00;CONFIRMADO;Z00;91415799172;ALESSANDRA REGINA GOMES RODOVALHO
685542281;0201207;0301010072;CONSULTA EM PEDIATRIA;03429604150;STEPHANNO EMMANUEL DE SOUZA CONTIS;17.09.2026;07:00;0;708607068098686;MIRELLA DONXEVA SENTURIAO;28.01.2026;00;8;LISANDRA GARCIA DONXEVA SENTURIAO;AVENIDA;HILARIO NICARETTA;CASA;2127;PRIMO MAFFISSONI;79490288;(61)3315-2425 / (67)99622-1064;SAO GABRIEL DO OESTE;500769;SAO GABRIEL DO OESTE;500769;7333218;UNIDADE DE SAUDE DA FAMILIA X;F;18.08.2026;RAISSASILVALIMA;30.08.2026;VANIA_MARIANO;10.00;CONFIRMADO;Z001;63805480172;CLEDSON PERETTI
685547873;0009012;0301010072;CONSULTA EM GINECOLOGIA GESTANTE.;95747818104;VANESSA BRESCHI;03.09.2026;07:00;0;898004840052761;MAIARA FERREIRA DE LIMA;05.02.1997;29;356;MARIA FERREIRA DE LIMA;AVENIDA;TUIUIU;CASA;1789;FÊNIX;79490000;(67)99805-3418;SAO GABRIEL DO OESTE;500769;SAO GABRIEL DO OESTE;500769;8176132;CASA ROSA;F;18.08.2026;TAINAOLIVEIRA;18.08.2026;TAINAOLIVEIRA;10.00;CONFIRMADO;Z00;95747818104;VANESSA BRESCHI
685549793;0009012;0301010072;CONSULTA EM GINECOLOGIA GESTANTE.;32111630187;JOSE EDACYR SIMM;22.09.2026;06:00;1;704605113459722;VANUZA LEAL DE OLIVEIRA;01.03.1997;29;355;VANIRA GONCALVES LEAL DE OLIVEIRA;RUA;GOIAS;CASA 01;824;CENTRO;79490000;(67)99813-0685;SAO GABRIEL DO OESTE;500769;SAO GABRIEL DO OESTE;500769;8176132;CASA ROSA;F;18.08.2026;TAINAOLIVEIRA;18.08.2026;TAINAOLIVEIRA;10.00;CONFIRMADO;Z00;32111630187;JOSE EDACYR SIMM
685561699;0201207;0301010072;CONSULTA EM PEDIATRIA;04145161173;RHUANNE SIQUEIRA GUIMARAES;14.09.2026;15:00;0;708004897497728;BENTO BELTRAO DOS SANTOS;28.12.2025;00;9;JANAINA BELTRAO BATISTA;AVENIDA;PRIMO MAFFISSONI 2/2398;;3522;PRIMO MAFFISSONI;79490290;(67)99648-4815;SAO GABRIEL DO OESTE;500769;SAO GABRIEL DO OESTE;500769;7333218;UNIDADE DE SAUDE DA FAMILIA X;M;18.08.2026;RAISSASILVALIMA;30.08.2026;VANIA_MARIANO;10.00;CONFIRMADO;Z001;63805480172;CLEDSON PERETTI
685576253;0201207;0301010072;CONSULTA EM PEDIATRIA;37817795649;GILBERT MAIRINK RODRIGUES;25.09.2026;09:00;1;702502345883037;MAYLA CORMAN VASCONCELOS DOS SANTOS;04.06.2025;01;16;PAMELA CORMAN ROQUE SANCHES;RUA;DOS CANARIOS;;1611;FENIX;79491078;(94)99186-6770;SAO GABRIEL DO OESTE;500769;SAO GABRIEL DO OESTE;500769;8176132;CASA ROSA;F;18.08.2026;ANACLAUDIA_PASCOAL;18.08.2026;ANACLAUDIA_PASCOAL;10.00;PENDENTE;Z00;37817795649;GILBERT MAIRINK RODRIGUES
685586811;0201207;0301010072;CONSULTA EM PEDIATRIA;57255873120;CLODOALDO SABINO DA SILVA;30.09.2026;09:00;1;709005860823817;LYA CASTELLO RONDON;27.01.2024;02;32;DAIANA CASTELLO SOARES;RUA;CAMBARÁ;CASA;489;SÃO CRISTOVÃO;79491186;(67)98124-6409;SAO GABRIEL DO OESTE;500769;SAO GABRIEL DO OESTE;500769;8176132;CASA ROSA;F;18.08.2026;ANACLAUDIA_PASCOAL;18.08.2026;ANACLAUDIA_PASCOAL;10.00;PENDENTE;Z00;57255873120;CLODOALDO SABINO DA SILVA
685593752;0201207;0301010072;CONSULTA EM PEDIATRIA;37817795649;GILBERT MAIRINK RODRIGUES;11.09.2026;07:00;1;700006468129308;ANTHONNY GAEL COUTINHO DA SILVA;26.03.2025;01;18;PAULA DIANNY COUTINHO DOS REIS;RUA;BEM TI VI;;1494;JARDIM GRAMADO;79490000;(67)99977-0523;SAO GABRIEL DO OESTE;500769;SAO GABRIEL DO OESTE;500769;8176132;CASA ROSA;M;18.08.2026;ANACLAUDIA_PASCOAL;18.08.2026;ANACLAUDIA_PASCOAL;10.00;CONFIRMADO;Z00;37817795649;GILBERT MAIRINK RODRIGUES
685601538;0009012;0301010072;CONSULTA EM GINECOLOGIA GESTANTE.;32111630187;JOSE EDACYR SIMM;08.09.2026;06:40;1;706203085522168;DANIELA DARLY DOS SANTOS;09.09.1995;31;372;MARIA SONIA DOS SANTOS;RUA;CONDE DE PORTO ALEGRE;;772;MILANI;79492072;(67)99621-2048;SAO GABRIEL DO OESTE;500769;SAO GABRIEL DO OESTE;500769;8176132;CASA ROSA;F;18.08.2026;ANACLAUDIA_PASCOAL;26.08.2026;VANIA_MARIANO;10.00;CONFIRMADO;Z00;32111630187;JOSE EDACYR SIMM
685616716;0701379;0301010048;CONSULTA EM FONOAUDIOLOIGA - RETORNO;65329520100;LEDA MARIA PAES DA SILVA DOS SANTOS;18.09.2026;07:00;1;700307945750135;ELOA LIMA CARDOSO;31.08.2025;01;13;GREYCE MAIARA DA SILVA LIMA;RUA;HILDO NICARETTA;;1908;PRIMO MAFFISSONI;79490280;(67)99901-2720;SAO GABRIEL DO OESTE;500769;SAO GABRIEL DO OESTE;500769;7333218;UNIDADE DE SAUDE DA FAMILIA X;F;18.08.2026;RAISSASILVALIMA;04.09.2026;VANIA_MARIANO;6.30;CONFIRMADO;Z00;;LEDE PAES
685626053;0009012;0301010072;CONSULTA EM GINECOLOGIA GESTANTE.;32111630187;JOSE EDACYR SIMM;22.09.2026;06:00;1;705005268592551;ANA CAROLINA AVILA VITORIO;01.10.2000;26;312;ROSEMEIRE AVILA DE OLIVEIRA;RUA;CAMBARA;;685;SAO CRISTOVAO;79491186;(67)99695-1134;SAO GABRIEL DO OESTE;500769;SAO GABRIEL DO OESTE;500769;8176132;CASA ROSA;F;18.08.2026;ANACLAUDIA_PASCOAL;19.08.2026;VANIA_MARIANO;10.00;CONFIRMADO;Z00;32111630187;JOSE EDACYR SIMM
685707599;0201207;0301010072;CONSULTA EM PEDIATRIA;01865429171;AMANDA NANTES AQUINO;22.09.2026;13:00;1;708009304749727;SOPHIA IVY FERREIRA DOS SANTOS;16.03.2026;00;6;TASSIANY FERREIRA PEDROSO;AREA;MODELO;;S/N;AREA RURAL DE SAO GABRIEL DO OESTE;79493899;(67)99982-4985;SAO GABRIEL DO OESTE;500769;SAO GABRIEL DO OESTE;500769;8176132;CASA ROSA;F;18.08.2026;ARIROSA;18.08.2026;ARIROSA;10.00;CONFIRMADO;Z00;01865429171;AMANDA NANTES AQUINO
685708030;0169015;0301010048;TESTE DA ORELHINHA/TRIAGEM AUDITIVA NEONATAL;65329520100;LEDA MARIA PAES DA SILVA DOS SANTOS;25.09.2026;09:00;0;708009304749727;SOPHIA IVY FERREIRA DOS SANTOS;16.03.2026;00;6;TASSIANY FERREIRA PEDROSO;AREA;MODELO;;S/N;AREA RURAL DE SAO GABRIEL DO OESTE;79493899;(67)99982-4985;SAO GABRIEL DO OESTE;500769;SAO GABRIEL DO OESTE;500769;8176132;CASA ROSA;F;18.08.2026;ARIROSA;18.08.2026;ARIROSA;6.30;CONFIRMADO;Z00;65329520100;LEDA MARIA PAES DA SILVA DOS SANTOS
685715813;0201207;0301010072;CONSULTA EM PEDIATRIA;01865429171;AMANDA NANTES AQUINO;22.09.2026;07:00;1;701807299855475;RAVI MARTIMIANOS;21.02.2025;01;19;ROSICLEIA MARTIMIANOS;RUA;GIRASSOL;CASA;260;VILA BELA;79400000;(46)99927-3963 / (67)99622-0278;COXIM;500330;SAO GABRIEL DO OESTE;500769;8176132;CASA ROSA;M;18.08.2026;ARIROSA;18.08.2026;ARIROSA;10.00;PENDENTE;Z00;01865429171;AMANDA NANTES AQUINO
685717564;0009012;0301010072;CONSULTA EM GINECOLOGIA GESTANTE.;91415799172;ALESSANDRA REGINA GOMES RODOVALHO;01.09.2026;13:00;1;700009687044505;FRANCIELI COELHO VEIGA;21.09.2000;26;312;SONIA BELARMINO DA SILVA;RUA;ALBINO SOUZA BRANDAO 1/1199;;807;CENTRO;79490057;(67)99929-0302;SAO GABRIEL DO OESTE;500769;SAO GABRIEL DO OESTE;500769;8176132;CASA ROSA;F;18.08.2026;ARIROSA;18.08.2026;ARIROSA;10.00;CONFIRMADO;Z00;91415799172;ALESSANDRA REGINA GOMES RODOVALHO
685727460;0009012;0301010072;CONSULTA EM GINECOLOGIA GESTANTE.;91415799172;ALESSANDRA REGINA GOMES RODOVALHO;15.09.2026;13:00;1;700709932399874;EVELIN VITORIA GARCIA MORAES;29.04.2006;20;245;ADRIANE GARCIA DOS SANTOS;RUA;HILDO NICARETTA;CASA 02;2262;PRIMO MAFFISSONI;79490280;(67)99944-0824;SAO GABRIEL DO OESTE;500769;SAO GABRIEL DO OESTE;500769;8176132;CASA ROSA;F;18.08.2026;ARIROSA;19.08.2026;VANIA_MARIANO;10.00;CONFIRMADO;Z00;91415799172;ALESSANDRA REGINA GOMES RODOVALHO
685728981;0201207;0301010072;CONSULTA EM PEDIATRIA;01865429171;AMANDA NANTES AQUINO;08.09.2026;14:00;1;702408040359020;AYLLA LUISA REZENDE DOS SANTOS;14.08.2026;00;1;RAUANY REZENDE FERREIRA;RUA;DAS GAIVOTAS;;1310;JARDIM GRAMADO;79491018;(67)99654-9040;SAO GABRIEL DO OESTE;500769;SAO GABRIEL DO OESTE;500769;8176132;CASA ROSA;F;18.08.2026;ARIROSA;18.08.2026;ARIROSA;10.00;CONFIRMADO;Z00;01865429171;AMANDA NANTES AQUINO
685732671;0009012;0301010072;CONSULTA EM GINECOLOGIA GESTANTE.;91415799172;ALESSANDRA REGINA GOMES RODOVALHO;01.09.2026;13:00;1;707803624485118;ALINI ROBERTO LACERDA;22.09.1990;36;432;CELINA ROBERTO ALVES;RUA;SÃO PAULO;CASA1;1594;CENTRO;79490009;(67)99893-2242;SAO GABRIEL DO OESTE;500769;SAO GABRIEL DO OESTE;500769;8176132;CASA ROSA;F;18.08.2026;ARIROSA;18.08.2026;ARIROSA;10.00;CONFIRMADO;Z00;91415799172;ALESSANDRA REGINA GOMES RODOVALHO
685740715;0009012;0301010072;CONSULTA EM GINECOLOGIA GESTANTE.;91415799172;ALESSANDRA REGINA GOMES RODOVALHO;15.09.2026;13:00;1;700002651788508;FABRICIA BARBOSA DE ANDRADE;02.01.2006;20;249;JUDITE VIEIRA BARBOSA;RUA;GAIVOTAS;CASA;2222;FÊNIX;79491094;(67)99635-9162 / (67)9913-4585;SAO GABRIEL DO OESTE;500769;SAO GABRIEL DO OESTE;500769;8176132;CASA ROSA;F;18.08.2026;ARIROSA;18.08.2026;ARIROSA;10.00;PENDENTE;Z48;91415799172;ALESSANDRA REGINA GOMES RODOVALHO
685749370;0009012;0301010072;CONSULTA EM GINECOLOGIA GESTANTE.;91415799172;ALESSANDRA REGINA GOMES RODOVALHO;22.09.2026;13:00;0;700601900300663;BEATRIZ MENEZES DOS SANTOS;13.04.2009;17;209;SARAH JANE MENEZES RODRIGUES;RUA;JURITI;CASA;171;FÊNIX;79491092;(67)99627-4044 / (67)99618-2238 / (67)99618-2238 / (67)99839-6952 / (67)99844-9912;SAO GABRIEL DO OESTE;500769;SAO GABRIEL DO OESTE;500769;8176132;CASA ROSA;F;18.08.2026;ARIROSA;18.08.2026;ARIROSA;10.00;CONFIRMADO;Z00;91415799172;ALESSANDRA REGINA GOMES RODOVALHO
685753941;0009012;0301010072;CONSULTA EM GINECOLOGIA GESTANTE.;32111630187;JOSE EDACYR SIMM;15.09.2026;06:00;1;708103558910930;AURILAINA BARBOSA DA SILVA;31.01.1983;43;524;SEVERINA MARGARIDA DA SILVA RIOS;RUA;JORGE AMADO;;1661;PRIMO MAFFISSONI;79490278;(67)99936-8778;SAO GABRIEL DO OESTE;500769;SAO GABRIEL DO OESTE;500769;8176132;CASA ROSA;F;18.08.2026;ARIROSA;19.08.2026;VANIA_MARIANO;10.00;CONFIRMADO;Z00;32111630187;JOSE EDACYR SIMM
685758204;0009012;0301010072;CONSULTA EM GINECOLOGIA GESTANTE.;91415799172;ALESSANDRA REGINA GOMES RODOVALHO;15.09.2026;13:00;1;703409692159200;BIANCA GAMA FERREIRA;11.05.2006;20;244;CELIA DOS SANTOS GAMA;RUA;MINAS GERAIS;CONVINIENCIA;2660;AMABILE MAFFISSONI;79490088;(67)99170-2162;SAO GABRIEL DO OESTE;500769;SAO GABRIEL DO OESTE;500769;8176132;CASA ROSA;F;18.08.2026;ARIROSA;19.08.2026;VANIA_MARIANO;10.00;CONFIRMADO;Z00;91415799172;ALESSANDRA REGINA GOMES RODOVALHO
685763727;0201207;0301010072;CONSULTA EM PEDIATRIA;57255873120;CLODOALDO SABINO DA SILVA;30.09.2026;09:00;1;707604297175890;LUNNA CECILIA ROCHA CAITANO;23.09.2023;03;36;NARA CLAUDIA ROCHA DA GRACA;RUA;AZULÃO;;1573;FENIX;79490000;(67)99802-1353;SAO GABRIEL DO OESTE;500769;SAO GABRIEL DO OESTE;500769;8176132;CASA ROSA;F;18.08.2026;ARIROSA;18.08.2026;ARIROSA;10.00;CONFIRMADO;Z00;57255873120;CLODOALDO SABINO DA SILVA
685764349;0009012;0301010072;CONSULTA EM GINECOLOGIA GESTANTE.;91415799172;ALESSANDRA REGINA GOMES RODOVALHO;22.09.2026;13:00;1;700000893792505;DANIELA AGUIAR ADIERS;17.05.1995;31;376;SIRLEI APARECIDA DE AGUIAR;RUA;SANTA ANA;CASA DOS FUNDOS;198;MILANI;79492090;(67)99652-4435;SAO GABRIEL DO OESTE;500769;SAO GABRIEL DO OESTE;500769;8176132;CASA ROSA;F;18.08.2026;ARIROSA;18.08.2026;ARIROSA;10.00;CONFIRMADO;Z00;91415799172;ALESSANDRA REGINA GOMES RODOVALHO
685765085;0201207;0301010072;CONSULTA EM PEDIATRIA;37817795649;GILBERT MAIRINK RODRIGUES;18.09.2026;09:00;1;709602689813974;TYLER SAMUEL GARCIA DE JESUS;26.06.2026;00;3;LARA APARECIDA GARCIA COLTRIS;;;;;;;(67)99822-3584;;;SAO GABRIEL DO OESTE;500769;8176132;CASA ROSA;M;18.08.2026;ARIROSA;18.08.2026;ARIROSA;10.00;PENDENTE;Z00;37817795649;GILBERT MAIRINK RODRIGUES
685774977;0201207;0301010072;CONSULTA EM PEDIATRIA;01865429171;AMANDA NANTES AQUINO;01.09.2026;07:00;0;704201768990684;THEO JOSE VILHAVA DE LIMA;10.09.2025;01;12;CAMILA CRISTINA VILHAVA NUNES;RUA;DAS CORUJAS;CASA;917;FENIX;79491054;(67)99958-3979;SAO GABRIEL DO OESTE;500769;SAO GABRIEL DO OESTE;500769;5971055;UNIDADE DE SAUDE DA FAMILIA VIII;M;18.08.2026;JESSICAPADILHA;30.08.2026;VANIA_MARIANO;10.00;CONFIRMADO;Z001;04805244160;RENNAN ORTIZ BUENO
685777006;0169015;0301010048;TESTE DA ORELHINHA/TRIAGEM AUDITIVA NEONATAL;65329520100;LEDA MARIA PAES DA SILVA DOS SANTOS;11.09.2026;09:00;0;708705152336999;JOSE LORENZO LEDESMA DA COSTA;06.08.2026;00;2;IZABEL LEDESMA;RUA;CURICACA;;1026;JARDIM GRAMADO;79491010;(67)99840-4702;SAO GABRIEL DO OESTE;500769;SAO GABRIEL DO OESTE;500769;8176132;CASA ROSA;M;18.08.2026;ARIROSA;18.08.2026;ARIROSA;6.30;PENDENTE;Z00;03429604150;STEPHANNO EMMANUEL DE SOUZA CONTIS
685828974;0201207;0301010072;CONSULTA EM PEDIATRIA;04145161173;RHUANNE SIQUEIRA GUIMARAES;21.09.2026;07:00;0;709504662515770;ISABELLA DE SOUZA;18.04.2026;00;5;ELIZANDRA RODRIGUES DE SOUZA;AVENIDA;CASTELO BRANCO 1201/1997;;1227;PRIMO MAFFISSONI;79490292;(49)98864-6891;SAO GABRIEL DO OESTE;500769;SAO GABRIEL DO OESTE;500769;2599376;UNIDADE DE SAUDE DA FAMILIA VI;F;19.08.2026;MARIANA_MARTINS;19.08.2026;MARIANA_MARTINS;10.00;PENDENTE;Z001;06437691107;MAIARA FLORES SCARIOT
685829749;0169015;0301010048;TESTE DA ORELHINHA/TRIAGEM AUDITIVA NEONATAL;65329520100;LEDA MARIA PAES DA SILVA DOS SANTOS;18.09.2026;09:00;0;700703990804179;DAVI LUCCA DA SILVA PARDINHO;16.02.2026;00;7;LUANA DA SILVA DAMACENO;FAZENDA;GROTAO;;S/N;AREA RURAL DE SAO GABRIEL DO OESTE;79493899;(67)99834-2768;SAO GABRIEL DO OESTE;500769;SAO GABRIEL DO OESTE;500769;8176132;CASA ROSA;M;19.08.2026;ANACLAUDIA_PASCOAL;19.08.2026;ANACLAUDIA_PASCOAL;6.30;CONFIRMADO;Z00;57255873120;CLODOALDO SABINO DA SILVA
685833207;0701379;0301010048;CONSULTA EM FONOAUDIOLOIGA - RETORNO;65329520100;LEDA MARIA PAES DA SILVA DOS SANTOS;18.09.2026;07:00;0;704802555847243;LUCAS BIAGI DE CASTRO GUILHERME;21.03.2026;00;6;PATRICIA FLORENCIANA DE CASTRO;RUA;PERNAMBUCO 1/2399;;1033;PRIMO MAFFISSONI;79490260;(67)99917-7010;SAO GABRIEL DO OESTE;500769;SAO GABRIEL DO OESTE;500769;7333218;UNIDADE DE SAUDE DA FAMILIA X;M;19.08.2026;RAISSASILVALIMA;04.09.2026;VANIA_MARIANO;6.30;CONFIRMADO;Z00;63805480172;CLEDSON PERETTI
685835342;0201207;0301010072;CONSULTA EM PEDIATRIA;03429604150;STEPHANNO EMMANUEL DE SOUZA CONTIS;17.09.2026;07:00;0;704802555847243;LUCAS BIAGI DE CASTRO GUILHERME;21.03.2026;00;6;PATRICIA FLORENCIANA DE CASTRO;RUA;PERNAMBUCO 1/2399;;1033;PRIMO MAFFISSONI;79490260;(67)99917-7010;SAO GABRIEL DO OESTE;500769;SAO GABRIEL DO OESTE;500769;7333218;UNIDADE DE SAUDE DA FAMILIA X;M;19.08.2026;RAISSASILVALIMA;30.08.2026;VANIA_MARIANO;10.00;CONFIRMADO;Z001;63805480172;CLEDSON PERETTI
685837487;0009001;0301010072;CONSULTA EM GINECOLOGIA - GERAL;32111630187;JOSE EDACYR SIMM;15.09.2026;07:00;1;705202436519971;GISLAINE DA SILVA;28.02.1994;32;391;SANDRA MARIA LAURINDO DA SILVA;RUA;PELICANOS;CASA;1273;JARDIM GRAMADO;79490000;(67)99634-7370;SAO GABRIEL DO OESTE;500769;SAO GABRIEL DO OESTE;500769;8176132;CASA ROSA;F;19.08.2026;ANACLAUDIA_PASCOAL;19.08.2026;ANACLAUDIA_PASCOAL;10.00;PENDENTE;Z00;32111630187;JOSE EDACYR SIMM
685850375;0201207;0301010072;CONSULTA EM PEDIATRIA;37817795649;GILBERT MAIRINK RODRIGUES;04.09.2026;07:00;0;704603152902621;KATRINA TOME LEAO;09.06.2026;00;3;ANDRESSA TOME PIRES;RUA;PARA;;569;AMABILE MAFFISSONI;79490100;(67)99699-1130;SAO GABRIEL DO OESTE;500769;SAO GABRIEL DO OESTE;500769;2370964;UNIDADE DE SAUDE DA FAMILIA III;F;19.08.2026;ANACLAUDIA_NOGUEIRA;30.08.2026;VANIA_MARIANO;10.00;CONFIRMADO;Z000;;AMANDA BIAZUS
685859252;0009012;0301010072;CONSULTA EM GINECOLOGIA GESTANTE.;10963419641;MARIA FERNANDA DIAS BASILIO;02.09.2026;13:30;0;700505913501357;EMILY LOLAYNE FERREIRA PEREIRA;19.11.1997;28;346;SANDRA REGINA LOPES FERREIRA;RUA;FORTUNATO QUINTINO ZANETTI;;497;PRIMO MAFFISSONI;79490286;(67)99886-8745;SAO GABRIEL DO OESTE;500769;SAO GABRIEL DO OESTE;500769;7333218;UNIDADE DE SAUDE DA FAMILIA X;F;19.08.2026;RAISSASILVALIMA;19.08.2026;VANIA_MARIANO;10.00;CONFIRMADO;Z34;63805480172;CLEDSON PERETTI
685869848;0009001;0301010072;CONSULTA EM GINECOLOGIA - GERAL;88308499953;LUCINALDO BASSO;10.09.2026;07:00;0;708506549535080;ELIETE FRANCA DE SOUZA;25.08.1980;46;553;LEONTINA FRANCA DE SOUZA;RUA;BAHIA;CASA 7;650;CENTRO;79490000;(67)99177-8042;SAO GABRIEL DO OESTE;500769;SAO GABRIEL DO OESTE;500769;8176132;CASA ROSA;F;19.08.2026;ANACLAUDIA_PASCOAL;25.08.2026;CLEIDIANE_REGULADOR;10.00;PENDENTE;Z00;10963419641;MARIA FERNANDA DIAS BASILIO
685871642;0701379;0301010048;CONSULTA EM FONOAUDIOLOIGA - RETORNO;65329520100;LEDA MARIA PAES DA SILVA DOS SANTOS;04.09.2026;13:00;0;709007847220111;BEATRIZ GARCES TOLEDO KRUKY;08.03.2026;00;6;PATRICIA GARCES LEITE;RUA;DAS PERDIZES 1/917;;448;JARDIM GRAMADO;79491048;(67)99922-8870;SAO GABRIEL DO OESTE;500769;SAO GABRIEL DO OESTE;500769;8176132;CASA ROSA;F;19.08.2026;ANACLAUDIA_PASCOAL;19.08.2026;ANACLAUDIA_PASCOAL;6.30;PENDENTE;Z00;57255873120;CLODOALDO SABINO DA SILVA
685875500;0201207;0301010072;CONSULTA EM PEDIATRIA;03429604150;STEPHANNO EMMANUEL DE SOUZA CONTIS;03.09.2026;07:00;0;702508324792631;LUCCAS GABRIEL OLIVEIRA BRUM;29.09.2020;06;72;SUZEMARA MANGELO DE OLIVEIRA;RUA;DOS SABIAS;;556;JARDIM GRAMADO;79491044;(67)99683-5402;SAO GABRIEL DO OESTE;500769;SAO GABRIEL DO OESTE;500769;5971055;UNIDADE DE SAUDE DA FAMILIA VIII;M;19.08.2026;JESSICAPADILHA;30.08.2026;VANIA_MARIANO;10.00;CONFIRMADO;K710;04805244160;RENNAN ORTIZ BUENO
685885448;0009001;0301010072;CONSULTA EM GINECOLOGIA - GERAL;95747818104;VANESSA BRESCHI;03.09.2026;13:00;0;704704775426339;CLAUDETE PALMEIRA;14.07.1979;47;566;VIDOLVINA TELES PALMEIRA;RUA;CURIÓ;CASA 1;1790;FÊNIX;79491082;(67)99338-6472;SAO GABRIEL DO OESTE;500769;SAO GABRIEL DO OESTE;500769;2370999;UNIDADE DE SAUDE DA FAMILIA FENIX IV;F;19.08.2026;GUSTAVO_PIAIA;25.08.2026;VANIA_MARIANO;10.00;CONFIRMADO;N939;00703866176;ALCIDES EDUARDO EIBEL
685889632;0009012;0301010072;CONSULTA EM GINECOLOGIA GESTANTE.;91415799172;ALESSANDRA REGINA GOMES RODOVALHO;22.09.2026;13:00;1;704300527489098;GLACIELY TEODORO DE FREITAS;20.02.1991;35;427;GRACINDA FLORENTINA TEODORO DE FREITAS;RUA;CAMBARA;CASA;796;FENIX;79490000;(67)98531-0430 / (67)99890-7716;SAO GABRIEL DO OESTE;500769;SAO GABRIEL DO OESTE;500769;8176132;CASA ROSA;F;19.08.2026;ANACLAUDIA_PASCOAL;19.08.2026;ANACLAUDIA_PASCOAL;10.00;CONFIRMADO;Z00;91415799172;ALESSANDRA REGINA GOMES RODOVALHO
685909844;0201207;0301010072;CONSULTA EM PEDIATRIA;57255873120;CLODOALDO SABINO DA SILVA;16.09.2026;15:00;0;706803285962220;ARTHUR RODRIGUES ARAUJO;15.09.2013;13;156;LORRAYNE DA SILVA RODRIGUES;RUA;EUGENIO FERREIRA DA CUNHA 1/1199;CASA 02;301;AMABILE MAFFISSONI;79490074;(67)99812-9975;SAO GABRIEL DO OESTE;500769;SAO GABRIEL DO OESTE;500769;8176132;CASA ROSA;M;19.08.2026;ANACLAUDIA_PASCOAL;19.08.2026;ANACLAUDIA_PASCOAL;10.00;PENDENTE;Z00;57255873120;CLODOALDO SABINO DA SILVA
685931992;0169015;0301010048;TESTE DA ORELHINHA/TRIAGEM AUDITIVA NEONATAL;65329520100;LEDA MARIA PAES DA SILVA DOS SANTOS;18.09.2026;09:00;0;708606516732986;NICOLAS INACIO ALVES OLIVEIRA;16.08.2026;00;1;TATIANE APARECIDA ALVES;CHACARA;VISTA DA SERRA;ITAQUI;36;AREA RURAL DE SAO GABRIEL DO OESTE;79493899;(67)99814-2316;SAO GABRIEL DO OESTE;500769;SAO GABRIEL DO OESTE;500769;8176132;CASA ROSA;M;19.08.2026;ANACLAUDIA_PASCOAL;19.08.2026;ANACLAUDIA_PASCOAL;6.30;PENDENTE;Z00;65329520100;LEDA MARIA PAES DA SILVA DOS SANTOS
685970120;0201207;0301010072;CONSULTA EM PEDIATRIA;03429604150;STEPHANNO EMMANUEL DE SOUZA CONTIS;03.09.2026;09:00;1;709202202454132;JOSE MIGUEL RIBEIRO COSTA;14.09.2016;10;120;ANDRESSA CAMILA RIBEIRO RODRIGUES;RUA;BAHIA;;1085;CENTRO;79490000;(67)99645-3283;SAO GABRIEL DO OESTE;500769;SAO GABRIEL DO OESTE;500769;8176132;CASA ROSA;M;19.08.2026;ANACLAUDIA_PASCOAL;19.08.2026;ANACLAUDIA_PASCOAL;10.00;CONFIRMADO;Z00;03429604150;STEPHANNO EMMANUEL DE SOUZA CONTIS
685983170;0201207;0301010072;CONSULTA EM PEDIATRIA;57255873120;CLODOALDO SABINO DA SILVA;09.09.2026;07:00;1;703202631778194;WELLINGTON PROCOPIO DA SILVA OLIVEIRA;04.08.2026;00;2;IARA MOREIRA LOUREIRO;RUA;DAS GAIVOTAS;;720;JARDIM GRAMADO;79491018;(67)99988-7274;SAO GABRIEL DO OESTE;500769;SAO GABRIEL DO OESTE;500769;8176132;CASA ROSA;M;19.08.2026;ANACLAUDIA_PASCOAL;30.08.2026;VANIA_MARIANO;10.00;CONFIRMADO;Z00;57255873120;CLODOALDO SABINO DA SILVA
686003107;0009012;0301010072;CONSULTA EM GINECOLOGIA GESTANTE.;32111630187;JOSE EDACYR SIMM;15.09.2026;06:00;0;702406512751423;BRUNA ALVES FERREIRA;08.01.1999;27;332;OLANDI ALVES;RUA;QUERO-QUERO;69;1542;SÃO CRISTOVÃO;79491202;(67)99628-9022;SAO GABRIEL DO OESTE;500769;SAO GABRIEL DO OESTE;500769;7002084;UNIDADE DE SAUDE DA FAMILIA IX;F;19.08.2026;FABIELY_MORAES;19.08.2026;FABIELY_MORAES;10.00;CONFIRMADO;Z348;06901507925;EVELYN KASSIA TUDISCO FERNANDES
686004432;0009001;0301010072;CONSULTA EM GINECOLOGIA - GERAL;95747818104;VANESSA BRESCHI;10.09.2026;13:00;0;704705712693535;ANNA BEATRIZ DE OLIVEIRA FORTES;29.04.2008;18;221;LOREANE ALVES FORTES;RUA;IRIO MOLINARI;CASA;33;PRIMO MAFFISSONI;79490000;(67)99657-9996;SAO GABRIEL DO OESTE;500769;SAO GABRIEL DO OESTE;500769;2370964;UNIDADE DE SAUDE DA FAMILIA III;F;19.08.2026;ANACLAUDIA_NOGUEIRA;19.08.2026;ANACLAUDIA_NOGUEIRA;10.00;CONFIRMADO;Z30;02611833974;HUDSON PERES DORIGAO BELISARIO DE SOUZA
686020506;0009012;0301010072;CONSULTA EM GINECOLOGIA GESTANTE.;10963419641;MARIA FERNANDA DIAS BASILIO;02.09.2026;13:30;1;702105775799593;DAIANE ALVES BRITES;23.08.1992;34;409;REGINA ALVES;RUA;PERIQUITO;;191;FÊNIX;79491088;(67)99870-0483;SAO GABRIEL DO OESTE;500769;SAO GABRIEL DO OESTE;500769;8176132;CASA ROSA;F;19.08.2026;ANACLAUDIA_PASCOAL;25.08.2026;VANIA_MARIANO;10.00;CONFIRMADO;Z00;10963419641;MARIA FERNANDA DIAS BASILIO
686021171;0009012;0301010072;CONSULTA EM GINECOLOGIA GESTANTE.;10963419641;MARIA FERNANDA DIAS BASILIO;02.09.2026;13:30;0;702600794351846;CAMILA MOREIRA DA SILVA;16.06.1990;36;435;ROSMARI MOREIRA DA SILVA;RUA;CAMBARA;;706;JARDIM GRAMADO;79490000;(67)99675-8633;SAO GABRIEL DO OESTE;500769;SAO GABRIEL DO OESTE;500769;7002084;UNIDADE DE SAUDE DA FAMILIA IX;F;19.08.2026;FABIELY_MORAES;19.08.2026;VANIA_MARIANO;10.00;PENDENTE;O20;06901507925;EVELYN KASSIA TUDISCO FERNANDES
686025929;0009012;0301010072;CONSULTA EM GINECOLOGIA GESTANTE.;10963419641;MARIA FERNANDA DIAS BASILIO;09.09.2026;13:30;1;706409600461686;NATALIA DE OLIVEIRA DOS SANTOS;08.10.1999;26;323;SOLANGE VIANA DE OLIVEIRA DOS SANTOS;RUA;CURIO;CASA;1802;FENIX;79490000;(67)99656-2101;SAO GABRIEL DO OESTE;500769;SAO GABRIEL DO OESTE;500769;8176132;CASA ROSA;F;19.08.2026;ANACLAUDIA_PASCOAL;19.08.2026;ANACLAUDIA_PASCOAL;10.00;CONFIRMADO;Z00;10963419641;MARIA FERNANDA DIAS BASILIO
686026650;0201207;0301010072;CONSULTA EM PEDIATRIA;57255873120;CLODOALDO SABINO DA SILVA;02.09.2026;15:00;1;704108180738473;HENNZO GABRIEL RAVI DANTAS;25.03.2026;00;6;MAIRA APARECIDA DANTAS;AREA;RUA DO AREADO;;S/N;AREA RURAL DE AREADO;79495899;(18)99643-4642;SAO GABRIEL DO OESTE;500769;SAO GABRIEL DO OESTE;500769;8176132;CASA ROSA;M;19.08.2026;ANACLAUDIA_PASCOAL;30.08.2026;VANIA_MARIANO;10.00;CONFIRMADO;Z00;57255873120;CLODOALDO SABINO DA SILVA
686032874;0009012;0301010072;CONSULTA EM GINECOLOGIA GESTANTE.;32111630187;JOSE EDACYR SIMM;22.09.2026;06:00;0;700201933785929;KEITY MAIARA RODRIGUES DA SILVA;10.12.1996;29;357;MARILEUZA RODRIGUES DA SILVA;RUA;R;;570;CIDADE JARDIM;79492150;(67)99621-3856 / (67)99891-5802;SAO GABRIEL DO OESTE;500769;SAO GABRIEL DO OESTE;500769;2370972;UNIDADE DE SAUDE DA FAMILIA MILANE II;F;19.08.2026;FLAVIA_RODRIGUES;19.08.2026;FLAVIA_RODRIGUES;10.00;CONFIRMADO;Z34;83798633134;JOAO BAPTISTA BARBOSA SOUZA
686041941;0009001;0301010072;CONSULTA EM GINECOLOGIA - GERAL;88308499953;LUCINALDO BASSO;17.09.2026;07:00;1;707101382508620;ZILENE PEREIRA DOS SANTOS;16.04.1980;46;557;LUIZA MARIA DOS SANTOS;RUA;AMAZONAS;;2864;CENTRO;79490000;(67)99835-3154;SAO GABRIEL DO OESTE;500769;SAO GABRIEL DO OESTE;500769;8176132;CASA ROSA;F;19.08.2026;ANACLAUDIA_PASCOAL;19.08.2026;ANACLAUDIA_PASCOAL;10.00;CONFIRMADO;Z00;88308499953;LUCINALDO BASSO
686044382;0009012;0301010072;CONSULTA EM GINECOLOGIA GESTANTE.;10963419641;MARIA FERNANDA DIAS BASILIO;23.09.2026;13:30;1;703604073925230;RENATA LARA LOPES;28.08.1998;28;337;EVERGINIA LEMES LARA LOPES;RUA;ANHUMAS;CASA;1402;JARDIM GRAMADO;79491016;(67)99977-9504;SAO GABRIEL DO OESTE;500769;SAO GABRIEL DO OESTE;500769;8176132;CASA ROSA;F;19.08.2026;ANACLAUDIA_PASCOAL;19.08.2026;ANACLAUDIA_PASCOAL;10.00;CONFIRMADO;Z00;10963419641;MARIA FERNANDA DIAS BASILIO
686046383;0201207;0301010072;CONSULTA EM PEDIATRIA;04145161173;RHUANNE SIQUEIRA GUIMARAES;14.09.2026;13:00;1;704206283935783;LUIZ FELLIPE VENCIO MANN RONCALHIO;20.01.2026;00;8;TATIANE VENCIO DA SILVA;RUA;DAS GAIVOTAS 1466/99999;;2105;FENIX;79491094;(67)99675-6012 / (67)99929-9393;SAO GABRIEL DO OESTE;500769;SAO GABRIEL DO OESTE;500769;2370999;UNIDADE DE SAUDE DA FAMILIA FENIX IV;M;19.08.2026;GUSTAVO_PIAIA;30.08.2026;VANIA_MARIANO;10.00;CONFIRMADO;Z001;00703866176;ALCIDES EDUARDO EIBEL
686047632;0009012;0301010072;CONSULTA EM GINECOLOGIA GESTANTE.;91415799172;ALESSANDRA REGINA GOMES RODOVALHO;08.09.2026;13:00;1;700005445702809;RAUANY MARTINS PAGANOTTI;13.11.1993;32;394;MARCIA MARTINS DA SILVA;RUA;ALBINO SOUZA BRANDAO 1200/99999;;1586;PRIMO MAFFISSONI;79490294;(67)99863-5776 / (67)98196-1522;SAO GABRIEL DO OESTE;500769;SAO GABRIEL DO OESTE;500769;8176132;CASA ROSA;F;19.08.2026;ANACLAUDIA_PASCOAL;19.08.2026;ANACLAUDIA_PASCOAL;10.00;CONFIRMADO;Z00;91415799172;ALESSANDRA REGINA GOMES RODOVALHO
686048134;0009012;0301010072;CONSULTA EM GINECOLOGIA GESTANTE.;10963419641;MARIA FERNANDA DIAS BASILIO;23.09.2026;13:30;1;704602675032125;MARIA EDUARDA CORREIA NASCIMENTO;23.09.2005;21;252;O SIMONE DE JESUS CORREIA;RUA;CURRUIRAS;CASA;1789;CONJUNTO FENIX;79490000;(67)99674-2174;SAO GABRIEL DO OESTE;500769;SAO GABRIEL DO OESTE;500769;8176132;CASA ROSA;F;19.08.2026;ANACLAUDIA_PASCOAL;19.08.2026;ANACLAUDIA_PASCOAL;10.00;CONFIRMADO;Z00;10963419641;MARIA FERNANDA DIAS BASILIO
686051405;0201207;0301010072;CONSULTA EM PEDIATRIA;37817795649;GILBERT MAIRINK RODRIGUES;04.09.2026;07:00;1;898006459467791;RN DE EMANUELLE ALVES DE MELO;23.07.2026;00;2;EMANUELLE ALVES DE MELO;RUA;ANHUMAS;;1038;JARDIM GRAMADO;79491016;(67)99916-9644;SAO GABRIEL DO OESTE;500769;SAO GABRIEL DO OESTE;500769;5971055;UNIDADE DE SAUDE DA FAMILIA VIII;M;19.08.2026;JESSICAPADILHA;30.08.2026;VANIA_MARIANO;10.00;CONFIRMADO;Z000;;GILBERT M
686051628;0201207;0301010072;CONSULTA EM PEDIATRIA;04145161173;RHUANNE SIQUEIRA GUIMARAES;14.09.2026;15:00;1;700704933160277;NOAH DOS SANTOS AMARAL;25.02.2026;00;7;TAINARA PATRICIA DOS SANTOS DIAS;RUA;MONTEIRO LOBATO;;771;PRIMO MAFFISSONI;79490262;(61)3315-2425 / (67)99819-7144;SAO GABRIEL DO OESTE;500769;SAO GABRIEL DO OESTE;500769;8176132;CASA ROSA;M;19.08.2026;ANACLAUDIA_PASCOAL;30.08.2026;VANIA_MARIANO;10.00;CONFIRMADO;Z00;04145161173;RHUANNE SIQUEIRA GUIMARAES
686051839;0201207;0301010072;CONSULTA EM PEDIATRIA;04145161173;RHUANNE SIQUEIRA GUIMARAES;14.09.2026;13:00;1;700104959950718;ISAC DOS SANTOS AMARAL;25.02.2026;00;7;TAINARA PATRICIA DOS SANTOS DIAS;RUA;MONTEIRO LOBATO;;771;PRIMO MAFFISSONI;79490262;(61)3315-2425 / (67)99819-7144;SAO GABRIEL DO OESTE;500769;SAO GABRIEL DO OESTE;500769;8176132;CASA ROSA;M;19.08.2026;ANACLAUDIA_PASCOAL;30.08.2026;VANIA_MARIANO;10.00;CONFIRMADO;Z00;04145161173;RHUANNE SIQUEIRA GUIMARAES
686082881;0009012;0301010072;CONSULTA EM GINECOLOGIA GESTANTE.;95747818104;VANESSA BRESCHI;17.09.2026;07:00;1;702403559180829;MARIA EDUARDA PEREIRA MESQUITA;22.09.2004;22;264;ELIENE PEREIRA VIEIRA;RUA;TANGARA;;401;FENIX;79491106;(67)99823-2814;SAO GABRIEL DO OESTE;500769;SAO GABRIEL DO OESTE;500769;8176132;CASA ROSA;F;20.08.2026;TAINAOLIVEIRA;25.08.2026;VANIA_MARIANO;10.00;CONFIRMADO;Z00;95747818104;VANESSA BRESCHI
686087898;0009012;0301010072;CONSULTA EM GINECOLOGIA GESTANTE.;95747818104;VANESSA BRESCHI;03.09.2026;07:00;1;706009873893443;ANDRESSA DA COSTA PAES SILVA;18.02.1994;32;391;JOSEFA OLIVEIRA DA SILVA;RUA;ORALINO MAFFISSONI;;2748;JARDIM PRIMAVERA;79490126;(67)99960-6290;SAO GABRIEL DO OESTE;500769;SAO GABRIEL DO OESTE;500769;8176132;CASA ROSA;F;20.08.2026;TAINAOLIVEIRA;25.08.2026;VANIA_MARIANO;10.00;PENDENTE;Z00;95747818104;VANESSA BRESCHI
686090846;0201207;0301010072;CONSULTA EM PEDIATRIA;04145161173;RHUANNE SIQUEIRA GUIMARAES;21.09.2026;07:00;1;708007894002828;JOILSON COUTO SOUZA;11.05.2026;00;4;ANDRESSA FERRO DE SOUZA;RUA;CURICACA;;1672;FENIX;79491080;(67)99881-4294;SAO GABRIEL DO OESTE;500769;SAO GABRIEL DO OESTE;500769;2370980;UNIDADE DE SAUDE DA FAMILIA JARDIM GRAMADO I;M;20.08.2026;ELISANGELA_UNIDADEI;30.08.2026;VANIA_MARIANO;10.00;CONFIRMADO;Z001;01454652179;MAYARA MARIA MELKE GUIMARAES
686097356;0201207;0301010072;CONSULTA EM PEDIATRIA;03429604150;STEPHANNO EMMANUEL DE SOUZA CONTIS;10.09.2026;15:00;1;704500326727410;PIETRO HENRIQUE DE OLIVEIRA BRANDAO;14.07.2021;05;62;ELISANGELA DE OLIVEIRA BRANDAO;RUA;ANGICO;;398;SÃO CRITOVÃO;79490000;(67)99964-9394;SAO GABRIEL DO OESTE;500769;SAO GABRIEL DO OESTE;500769;8176132;CASA ROSA;M;20.08.2026;TAINAOLIVEIRA;20.08.2026;TAINAOLIVEIRA;10.00;PENDENTE;Z00;03429604150;STEPHANNO EMMANUEL DE SOUZA CONTIS
686101425;0009012;0301010072;CONSULTA EM GINECOLOGIA GESTANTE.;95747818104;VANESSA BRESCHI;03.09.2026;07:00;1;700000171311501;ALICE GOMES DE ORTIZ;14.03.2012;14;174;ANA DE JESUS GOMESDE SOUZA;TRAVESSA;SERVIDÃO;;131;SÃO CRISTÓVÃO;79490000;(67)99803-6005;SAO GABRIEL DO OESTE;500769;SAO GABRIEL DO OESTE;500769;8176132;CASA ROSA;F;20.08.2026;TAINAOLIVEIRA;25.08.2026;VANIA_MARIANO;10.00;CONFIRMADO;Z00;95747818104;VANESSA BRESCHI
686104094;0201207;0301010072;CONSULTA EM PEDIATRIA;03429604150;STEPHANNO EMMANUEL DE SOUZA CONTIS;24.09.2026;13:00;1;707607211630597;HEITOR MENDES MENEZES;08.02.2026;00;7;CLEISIANE GABRIELA MENDES DE SOUZA;RUA;AMAZONAS;;2959;AMABILE MAFFISSONI;79490104;(67)99808-0562;SAO GABRIEL DO OESTE;500769;SAO GABRIEL DO OESTE;500769;8176132;CASA ROSA;M;20.08.2026;TAINAOLIVEIRA;20.08.2026;TAINAOLIVEIRA;10.00;PENDENTE;Z00;03429604150;STEPHANNO EMMANUEL DE SOUZA CONTIS
686107504;0009012;0301010072;CONSULTA EM GINECOLOGIA GESTANTE.;95747818104;VANESSA BRESCHI;03.09.2026;07:00;1;705008238325752;KARINE DE OLIVEIRA SANT ANA;06.03.1996;30;367;ELIANE DE OLIVEIRA SANABRIA SANT ANA;CHACARA;FILE DO BOI;;S/N;AREA RURAL DE SAO GABRIEL DO OESTE;79493899;(67)99826-5628;SAO GABRIEL DO OESTE;500769;SAO GABRIEL DO OESTE;500769;8176132;CASA ROSA;F;20.08.2026;ANACLAUDIA_PASCOAL;25.08.2026;VANIA_MARIANO;10.00;CONFIRMADO;Z00;95747818104;VANESSA BRESCHI
686117134;0009012;0301010072;CONSULTA EM GINECOLOGIA GESTANTE.;95747818104;VANESSA BRESCHI;17.09.2026;07:00;1;704806578339345;BARBARA ESMERALDA AZOCAR VELASCO;13.06.2008;18;219;EDDYLU VELASCO ANGARITA;RUA;DONA ELVIRA;;695;MILANI;79492070;(67)98119-1256;SAO GABRIEL DO OESTE;500769;SAO GABRIEL DO OESTE;500769;8176132;CASA ROSA;F;20.08.2026;ANACLAUDIA_PASCOAL;20.08.2026;ANACLAUDIA_PASCOAL;10.00;PENDENTE;Z00;95747818104;VANESSA BRESCHI
686127005;0009012;0301010072;CONSULTA EM GINECOLOGIA GESTANTE.;95747818104;VANESSA BRESCHI;17.09.2026;07:00;1;700604945986567;GISLAINE ALVES DOS SANTOS;11.01.2001;25;308;IVANETE VALENTE ALVES;RUA;QUERO-QUERO;80;1542;SÃO CRISTOVÃO;79491202;(67)99849-5930;SAO GABRIEL DO OESTE;500769;SAO GABRIEL DO OESTE;500769;8176132;CASA ROSA;F;20.08.2026;ANACLAUDIA_PASCOAL;25.08.2026;VANIA_MARIANO;10.00;CONFIRMADO;Z00;95747818104;VANESSA BRESCHI
686132285;0009012;0301010072;CONSULTA EM GINECOLOGIA GESTANTE.;95747818104;VANESSA BRESCHI;17.09.2026;07:00;1;706107085291160;RENATA BIN;07.06.1991;35;423;NILSA BIN;RUA;PEDRO NICARETTA;CASA;2176;PRIMO MAFFISSONI;79490000;(67)99605-6128;SAO GABRIEL DO OESTE;500769;SAO GABRIEL DO OESTE;500769;8176132;CASA ROSA;F;20.08.2026;ANACLAUDIA_PASCOAL;25.08.2026;VANIA_MARIANO;10.00;CONFIRMADO;Z00;95747818104;VANESSA BRESCHI
686141299;0009001;0301010072;CONSULTA EM GINECOLOGIA - GERAL;88308499953;LUCINALDO BASSO;10.09.2026;09:00;0;706803234289723;ENIR CACERES ARRUDA SILVA;24.02.1982;44;535;EVANIR CACERES DA SILVA ARRUDA;RUA;SANTA MARIA;CASA;27;MILANI;79490000;(67)99965-2913;SAO GABRIEL DO OESTE;500769;SAO GABRIEL DO OESTE;500769;2370972;UNIDADE DE SAUDE DA FAMILIA MILANE II;F;20.08.2026;FLAVIA_RODRIGUES;29.08.2026;VANIA_MARIANO;10.00;CONFIRMADO;N926;02453491113;MILENA GUEDIN VARGAS
686142348;0009012;0301010072;CONSULTA EM GINECOLOGIA GESTANTE.;95747818104;VANESSA BRESCHI;03.09.2026;07:00;1;700809951862486;GABRIELE DA SILVA GUERRO;26.08.2002;24;289;ANTONIA PEREIRA DA SILVA;RUA;CONDE DE PORTO ALEGRE;;1215;MILANI;79490000;(67)99821-7756;SAO GABRIEL DO OESTE;500769;SAO GABRIEL DO OESTE;500769;8176132;CASA ROSA;F;20.08.2026;ANACLAUDIA_PASCOAL;26.08.2026;VANIA_MARIANO;10.00;CONFIRMADO;Z00;95747818104;VANESSA BRESCHI
686156251;0201207;0301010072;CONSULTA EM PEDIATRIA;03429604150;STEPHANNO EMMANUEL DE SOUZA CONTIS;17.09.2026;09:00;1;709600681385475;ALICE GABRIELLY BEZERRA DA SILVA BETFUER;17.03.2022;04;54;ADRIANE CRISTINA BEZERRA DA SILVA;AVENIDA;DOM PEDRO I 1/99998;;592;JARDIM PRIMAVERA;79490132;(67)99699-5969 / (67)99806-6443;SAO GABRIEL DO OESTE;500769;SAO GABRIEL DO OESTE;500769;8176132;CASA ROSA;F;20.08.2026;ANACLAUDIA_PASCOAL;20.08.2026;ANACLAUDIA_PASCOAL;10.00;PENDENTE;Z00;03429604150;STEPHANNO EMMANUEL DE SOUZA CONTIS
686173112;0009001;0301010072;CONSULTA EM GINECOLOGIA - GERAL;88308499953;LUCINALDO BASSO;03.09.2026;09:00;0;705002620731653;ANDRIELI BORSOI;12.01.1983;43;524;GELCI SALETE BORSOI;RUA;GREGORIANA;CASA 17;279;PRIMO MAFFISSONI;79490000;(17)99635-0226;SAO GABRIEL DO OESTE;500769;SAO GABRIEL DO OESTE;500769;8176132;CASA ROSA;F;20.08.2026;ANACLAUDIA_PASCOAL;24.08.2026;VANIA_MARIANO;10.00;PENDENTE;Z00;;FELIPE NERIS GARCIA 
686188542;0009012;0301010072;CONSULTA EM GINECOLOGIA GESTANTE.;88308499953;LUCINALDO BASSO;14.09.2026;09:00;1;705005436672855;JESSICA DE SOUZA GOMES;01.10.1998;28;336;FATIMA IZIDORA DE SOUZA;RUA;SANTA MARIA;;17;MILANI;79492074;(67)99667-4038;SAO GABRIEL DO OESTE;500769;SAO GABRIEL DO OESTE;500769;8176132;CASA ROSA;F;20.08.2026;ANACLAUDIA_PASCOAL;26.08.2026;VANIA_MARIANO;10.00;CONFIRMADO;Z00;88308499953;LUCINALDO BASSO
686196644;0169015;0301010048;TESTE DA ORELHINHA/TRIAGEM AUDITIVA NEONATAL;65329520100;LEDA MARIA PAES DA SILVA DOS SANTOS;18.09.2026;09:00;0;708608064079386;JADE EDUARDA DA SILVA VEIGA;11.08.2026;00;1;ANGELA DO PRADO DA SILVA;RUA;PERNAMBUCO 2400/99999;;2881;JARDIM PRIMAVERA;79490174;(67)99652-2741;SAO GABRIEL DO OESTE;500769;SAO GABRIEL DO OESTE;500769;8176132;CASA ROSA;F;20.08.2026;ANACLAUDIA_PASCOAL;20.08.2026;ANACLAUDIA_PASCOAL;6.30;PENDENTE;Z00;65329520100;LEDA MARIA PAES DA SILVA DOS SANTOS
686258790;0201207;0301010072;CONSULTA EM PEDIATRIA;03429604150;STEPHANNO EMMANUEL DE SOUZA CONTIS;24.09.2026;13:00;1;704105400153050;ELOA MAITE SOUZA GOMES;12.05.2026;00;4;RENATA GABRIELI SOUZA;RUA;ROUXINÓIS;;1478;SÃO CRISTOVÃO;79491200;(67)98133-5891;SAO GABRIEL DO OESTE;500769;SAO GABRIEL DO OESTE;500769;8176132;CASA ROSA;F;20.08.2026;ANACLAUDIA_PASCOAL;20.08.2026;ANACLAUDIA_PASCOAL;10.00;CONFIRMADO;Z00;03429604150;STEPHANNO EMMANUEL DE SOUZA CONTIS
686268672;0701379;0301010048;CONSULTA EM FONOAUDIOLOIGA - RETORNO;65329520100;LEDA MARIA PAES DA SILVA DOS SANTOS;25.09.2026;13:00;0;700001084775209;MAITE SILVA SALES;23.03.2026;00;6;DARIANA MATOS DA SILVA SALES;RUA;DAS ARARAS;;2252;FENIX;79491102;(67)99822-6466;SAO GABRIEL DO OESTE;500769;SAO GABRIEL DO OESTE;500769;8176132;CASA ROSA;F;20.08.2026;ANACLAUDIA_PASCOAL;20.08.2026;ANACLAUDIA_PASCOAL;6.30;PENDENTE;Z00;65329520100;LEDA MARIA PAES DA SILVA DOS SANTOS
686275906;0201207;0301010072;CONSULTA EM PEDIATRIA;04145161173;RHUANNE SIQUEIRA GUIMARAES;21.09.2026;09:00;1;706209586362266;RAYLA CECILIA CANDIDO DOS SANTOS;17.05.2026;00;4;MARIA EDUARDA CANDIDO CORDEIRO;RUA;DAS ANHUMAS;;1439;JARDIM GRAMADO;79491016;(67)99882-1713;SAO GABRIEL DO OESTE;500769;SAO GABRIEL DO OESTE;500769;5971055;UNIDADE DE SAUDE DA FAMILIA VIII;F;20.08.2026;JESSICAPADILHA;30.08.2026;VANIA_MARIANO;10.00;CONFIRMADO;Z000;;RHUANNE S GUIMARAES
686293493;0201207;0301010072;CONSULTA EM PEDIATRIA;03429604150;STEPHANNO EMMANUEL DE SOUZA CONTIS;03.09.2026;09:00;1;700600969935063;PEDRO LUCAS DE ARAUJO DOS SANTOS;15.10.2023;02;35;DARLEN CUSTODIO DE ARAUJO DOS SANTOS;RUA;MARIA SEVERO;;2015;PRIMO MAFFISSONI;79490284;(65)99279-7790;SAO GABRIEL DO OESTE;500769;SAO GABRIEL DO OESTE;500769;8176132;CASA ROSA;M;20.08.2026;ANACLAUDIA_PASCOAL;20.08.2026;ANACLAUDIA_PASCOAL;10.00;PENDENTE;Z00;03429604150;STEPHANNO EMMANUEL DE SOUZA CONTIS
686347429;0009012;0301010072;CONSULTA EM GINECOLOGIA GESTANTE.;91415799172;ALESSANDRA REGINA GOMES RODOVALHO;01.09.2026;13:00;0;703000830849873;BIANCA VITORIA ADORNO RAMIRES;30.10.2005;20;251;CLEONICE ADORNO SOUZA;RUA;CAMBARÁ;;636;FLOR DO CERRADO;79490000;(67)99136-3497 / (67)99822-9447 / (67)9927-6777;SAO GABRIEL DO OESTE;500769;SAO GABRIEL DO OESTE;500769;7002084;UNIDADE DE SAUDE DA FAMILIA IX;F;21.08.2026;FABIELY_MORAES;21.08.2026;FABIELY_MORAES;10.00;CONFIRMADO;Z340;06901507925;EVELYN KASSIA TUDISCO FERNANDES
686352981;0201207;0301010072;CONSULTA EM PEDIATRIA;37817795649;GILBERT MAIRINK RODRIGUES;25.09.2026;07:00;1;704708798675037;MARIA LUIZA SANTOS DE SOUZA SILVA;17.06.2026;00;3;MONICA SANTOS PASSOS;FAZENDA;BOA VISTA;;S/N;AREA RURAL DE SAO GABRIEL DO OESTE;79493899;(67)99654-0483;SAO GABRIEL DO OESTE;500769;SAO GABRIEL DO OESTE;500769;8176132;CASA ROSA;F;21.08.2026;ARIROSA;21.08.2026;ARIROSA;10.00;CONFIRMADO;Z00;37817795649;GILBERT MAIRINK RODRIGUES
686358053;0201207;0301010072;CONSULTA EM PEDIATRIA;37817795649;GILBERT MAIRINK RODRIGUES;18.09.2026;07:00;1;705006803831855;MARIA JULIA SILVA DE SOUSA;20.04.2026;00;5;JOANNY CARLA DA SILVA PEREIRA;RUA;DOS CANARIOS 1466/99999;;1754;FENIX;79491078;(67)99891-2836 / (84)99161-2878;SAO GABRIEL DO OESTE;500769;SAO GABRIEL DO OESTE;500769;8176132;CASA ROSA;F;21.08.2026;ARIROSA;21.08.2026;ARIROSA;10.00;CONFIRMADO;Z00;37817795649;GILBERT MAIRINK RODRIGUES
686369107;0201207;0301010072;CONSULTA EM PEDIATRIA;37817795649;GILBERT MAIRINK RODRIGUES;25.09.2026;07:00;1;701006807285690;THALES QUEIROZ DA SILVA;15.04.2026;00;5;THAYS AGATA SILVA DE PAULA;RUA;JOAO EVANGELISTA ROSA 1/1199;;1007;CENTRO;79490055;(67)99611-7326;SAO GABRIEL DO OESTE;500769;SAO GABRIEL DO OESTE;500769;8176132;CASA ROSA;M;21.08.2026;ANACLAUDIA_PASCOAL;21.08.2026;ANACLAUDIA_PASCOAL;10.00;CONFIRMADO;Z00;37817795649;GILBERT MAIRINK RODRIGUES
686398674;0201207;0301010072;CONSULTA EM PEDIATRIA;01865429171;AMANDA NANTES AQUINO;15.09.2026;14:00;1;700305963023639;LEVI THEOBALDO ARAUJO;27.01.2026;00;8;CLARICE DA SILVA THEOBALDO PAULINO ARAUJO;RUA;CURICACA;;1563;JARDIM GRAMADO;79491010;(67)99910-4954;SAO GABRIEL DO OESTE;500769;SAO GABRIEL DO OESTE;500769;8176132;CASA ROSA;M;21.08.2026;ANACLAUDIA_PASCOAL;21.08.2026;ANACLAUDIA_PASCOAL;10.00;CONFIRMADO;Z00;01865429171;AMANDA NANTES AQUINO
686405195;0201207;0301010072;CONSULTA EM PEDIATRIA;37817795649;GILBERT MAIRINK RODRIGUES;25.09.2026;07:00;1;709209218118532;AUGUSTO HENRIQUE DE SOUZA ARAUJO DOMINGUES;16.04.2026;00;5;NATIELE RENATA DE SOUZA;RUA;PERNAMBUCO;;852;PRIMO MAFFISSONI;79490260;(67)99862-8936 / (67)99848-0888;SAO GABRIEL DO OESTE;500769;SAO GABRIEL DO OESTE;500769;8176132;CASA ROSA;M;21.08.2026;ANACLAUDIA_PASCOAL;21.08.2026;ANACLAUDIA_PASCOAL;10.00;CONFIRMADO;Z00;37817795649;GILBERT MAIRINK RODRIGUES
686411205;0201207;0301010072;CONSULTA EM PEDIATRIA;03429604150;STEPHANNO EMMANUEL DE SOUZA CONTIS;10.09.2026;13:00;1;700009607555702;RAPHAEL LUIZ FREITAS PARTICHELLI;14.01.2016;10;128;MARLUCE PINHEIRO DE FREITAS PARTICHELLI;RUA;EUGENIO FERREIRA DA CUNHA 1/1199;;1057;AMABILE MAFFISSONI;79490074;(67)99639-3560;SAO GABRIEL DO OESTE;500769;SAO GABRIEL DO OESTE;500769;8176132;CASA ROSA;M;21.08.2026;ANACLAUDIA_PASCOAL;21.08.2026;ANACLAUDIA_PASCOAL;10.00;CONFIRMADO;Z00;03429604150;STEPHANNO EMMANUEL DE SOUZA CONTIS
686449962;0201207;0301010072;CONSULTA EM PEDIATRIA;37817795649;GILBERT MAIRINK RODRIGUES;25.09.2026;09:00;1;701406668287831;BERNARDO SEBASTIAO MATIAS PEREIRA;12.08.2026;00;1;RAFAELI DE ARAUJO MATIAS;RUA;LEOCADIO RAMOS NOGUEIRA;;174;CENTRO;79490027;(67)99715-6280;SAO GABRIEL DO OESTE;500769;SAO GABRIEL DO OESTE;500769;8176132;CASA ROSA;M;21.08.2026;ANACLAUDIA_PASCOAL;21.08.2026;ANACLAUDIA_PASCOAL;10.00;CONFIRMADO;Z00;37817795649;GILBERT MAIRINK RODRIGUES
686450621;0701379;0301010048;CONSULTA EM FONOAUDIOLOIGA - RETORNO;65329520100;LEDA MARIA PAES DA SILVA DOS SANTOS;25.09.2026;07:00;0;701406668287831;BERNARDO SEBASTIAO MATIAS PEREIRA;12.08.2026;00;1;RAFAELI DE ARAUJO MATIAS;RUA;LEOCADIO RAMOS NOGUEIRA;;174;CENTRO;79490027;(67)99715-6280;SAO GABRIEL DO OESTE;500769;SAO GABRIEL DO OESTE;500769;8176132;CASA ROSA;M;21.08.2026;ANACLAUDIA_PASCOAL;21.08.2026;ANACLAUDIA_PASCOAL;6.30;CONFIRMADO;Z00;65329520100;LEDA MARIA PAES DA SILVA DOS SANTOS
686452303;0055074;0301010072;CONSULTA EM CIRURGIA GINECOLOGICA - RETORNO POS OPERATORIO;88308499953;LUCINALDO BASSO;02.09.2026;08:00;0;702804102468866;ELIZABETH BARROS DE OLIVEIRA;23.05.1981;45;544;MARIA SALOME MARQUES DE BARROS OLIVEIRA;AVENIDA;CASTELO BRANCO;CASA;1787;PRIMO MAFFISSONI;79490000;(67)99849-5330;SAO GABRIEL DO OESTE;500769;SAO GABRIEL DO OESTE;500769;8176132;CASA ROSA;F;21.08.2026;ANACLAUDIA_PASCOAL;26.08.2026;VANIA_MARIANO;10.00;PENDENTE;Z00;88308499953;LUCINALDO BASSO
686455949;0201207;0301010072;CONSULTA EM PEDIATRIA;37817795649;GILBERT MAIRINK RODRIGUES;25.09.2026;09:00;1;708705152336999;JOSE LORENZO LEDESMA DA COSTA;06.08.2026;00;2;IZABEL LEDESMA;RUA;CURICACA;;1026;JARDIM GRAMADO;79491010;(67)99840-4702;SAO GABRIEL DO OESTE;500769;SAO GABRIEL DO OESTE;500769;8176132;CASA ROSA;M;21.08.2026;ANACLAUDIA_PASCOAL;21.08.2026;ANACLAUDIA_PASCOAL;10.00;PENDENTE;Z00;37817795649;GILBERT MAIRINK RODRIGUES
686502440;0701379;0301010048;CONSULTA EM FONOAUDIOLOIGA - RETORNO;65329520100;LEDA MARIA PAES DA SILVA DOS SANTOS;04.09.2026;13:00;0;702500325558031;ANTHONY GABRIEL FERNANDES PORTO;11.08.2026;00;1;TAINA HANINI FERNANDES;RUA;DAS CURRUIRAS;;1611;FENIX;79491086;(67)99822-4080;SAO GABRIEL DO OESTE;500769;SAO GABRIEL DO OESTE;500769;8176132;CASA ROSA;M;21.08.2026;ANACLAUDIA_PASCOAL;21.08.2026;ANACLAUDIA_PASCOAL;6.30;PENDENTE;Z00;37817795649;GILBERT MAIRINK RODRIGUES
686507283;0201207;0301010072;CONSULTA EM PEDIATRIA;03429604150;STEPHANNO EMMANUEL DE SOUZA CONTIS;17.09.2026;07:00;0;700008573039609;LUCCAS EMANUEL REHBAIN DA SILVA;21.06.2026;00;3;ADRIANE REHBAIN;RUA;CURIO;;1112;JARDIM GRAMADO;79491012;(67)98132-2311;SAO GABRIEL DO OESTE;500769;SAO GABRIEL DO OESTE;500769;5971055;UNIDADE DE SAUDE DA FAMILIA VIII;M;21.08.2026;JESSICAPADILHA;30.08.2026;VANIA_MARIANO;10.00;CONFIRMADO;Z001;04805244160;RENNAN ORTIZ BUENO
686534043;0201207;0301010072;CONSULTA EM PEDIATRIA;37817795649;GILBERT MAIRINK RODRIGUES;25.09.2026;15:00;1;704008394740666;RHAVY HENRIQUE GOMES;20.02.2026;00;7;LUCINEIA GOMES DE JESUS;RUA;DAS ARARAS;CASA 04;1844;FENIX;79491102;(67)99869-8395;SAO GABRIEL DO OESTE;500769;SAO GABRIEL DO OESTE;500769;8176132;CASA ROSA;M;21.08.2026;ANACLAUDIA_PASCOAL;21.08.2026;ANACLAUDIA_PASCOAL;10.00;PENDENTE;Z00;37817795649;GILBERT MAIRINK RODRIGUES
686538451;0201207;0301010072;CONSULTA EM PEDIATRIA;04145161173;RHUANNE SIQUEIRA GUIMARAES;21.09.2026;09:00;1;706805265229929;BELLA REGINA COELHO PORTUGAL;24.01.2026;00;8;KEYSER REGINA COELHO DE AZEVEDO;RUA;JORGE AMADO;;809;PRIMO MAFFISSONI;79490278;(61)3315-2425;SAO GABRIEL DO OESTE;500769;SAO GABRIEL DO OESTE;500769;8176132;CASA ROSA;F;21.08.2026;ARIROSA;30.08.2026;VANIA_MARIANO;10.00;PENDENTE;Z00;04145161173;RHUANNE SIQUEIRA GUIMARAES
686542065;0201207;0301010072;CONSULTA EM PEDIATRIA;37817795649;GILBERT MAIRINK RODRIGUES;25.09.2026;15:00;1;700004084451600;RAVI PETRI DA SILVA PRUDENCIO;27.06.2026;00;3;LAURA BIANCA MORAES PETRI DOS SANTOS;RUA;ARAÇA;CASA;266;SÃO CRISTOVÃO;;(67)99948-9580 / (67)99807-1856;SAO GABRIEL DO OESTE;500769;SAO GABRIEL DO OESTE;500769;8176132;CASA ROSA;M;21.08.2026;ARIROSA;21.08.2026;ARIROSA;10.00;CONFIRMADO;Z00;37817795649;GILBERT MAIRINK RODRIGUES
686632019;0009012;0301010072;CONSULTA EM GINECOLOGIA GESTANTE.;88308499953;LUCINALDO BASSO;14.09.2026;07:00;1;704307534502297;GESSICA RODRIGUES DA SILVA SANDIM;29.06.1991;35;423;ELIANE RODRIGUES DA SILVA;RUA;JACARANDA;;138;SAO CRISTOVAO;79491194;(67)99658-8878;SAO GABRIEL DO OESTE;500769;SAO GABRIEL DO OESTE;500769;8176132;CASA ROSA;F;24.08.2026;ANACLAUDIA_PASCOAL;26.08.2026;VANIA_MARIANO;10.00;CONFIRMADO;Z00;88308499953;LUCINALDO BASSO
686634370;0201207;0301010072;CONSULTA EM PEDIATRIA;04145161173;RHUANNE SIQUEIRA GUIMARAES;21.09.2026;13:00;1;702802670282761;LAURA SANTANA MONTESSI;24.04.2025;01;17;VALDIRENE SILVA MONTESSI;RUA;DAS ANHUMAS;;1415;JARDIM GRAMADO;79491016;(67)99937-0702;SAO GABRIEL DO OESTE;500769;SAO GABRIEL DO OESTE;500769;8176132;CASA ROSA;F;24.08.2026;ANACLAUDIA_PASCOAL;30.08.2026;VANIA_MARIANO;10.00;PENDENTE;Z00;04145161173;RHUANNE SIQUEIRA GUIMARAES
686645810;0201207;0301010072;CONSULTA EM PEDIATRIA;04145161173;RHUANNE SIQUEIRA GUIMARAES;21.09.2026;13:00;1;708703171168395;DAVI RODRIGUES COELHO;30.12.2023;02;33;SILVANA RODRIGUES FERREIRA SOARES;RUA CIRCULAR;FENIX;;36;FENIX;79490000;(67)99692-1079;SAO GABRIEL DO OESTE;500769;SAO GABRIEL DO OESTE;500769;8176132;CASA ROSA;M;24.08.2026;ANACLAUDIA_PASCOAL;30.08.2026;VANIA_MARIANO;10.00;CONFIRMADO;Z00;04145161173;RHUANNE SIQUEIRA GUIMARAES
686651600;0009012;0301010072;CONSULTA EM GINECOLOGIA GESTANTE.;10963419641;MARIA FERNANDA DIAS BASILIO;02.09.2026;13:30;1;704004372753265;LENICE SANTOS DE MATOS;18.08.1995;31;373;COSMA GABRIEL DOS SANTOS;RUA;W;;187;CIDADE JARDIM;79492157;(67)99933-7438;SAO GABRIEL DO OESTE;500769;SAO GABRIEL DO OESTE;500769;8176132;CASA ROSA;F;24.08.2026;ANACLAUDIA_PASCOAL;24.08.2026;ANACLAUDIA_PASCOAL;10.00;CONFIRMADO;Z00;10963419641;MARIA FERNANDA DIAS BASILIO
686679862;0009012;0301010072;CONSULTA EM GINECOLOGIA GESTANTE.;88308499953;LUCINALDO BASSO;14.09.2026;07:00;1;704007329303663;STEFANY DA CRUZ SANTOS;31.08.1999;27;325;MARIA ANA LUCIA SANTOS;RUA;PIRATINI;;523;MILANI;79492098;(79)99137-5983;SAO GABRIEL DO OESTE;500769;SAO GABRIEL DO OESTE;500769;8176132;CASA ROSA;F;24.08.2026;ANACLAUDIA_PASCOAL;24.08.2026;ANACLAUDIA_PASCOAL;10.00;CONFIRMADO;Z00;88308499953;LUCINALDO BASSO
686684661;0009012;0301010072;CONSULTA EM GINECOLOGIA GESTANTE.;91415799172;ALESSANDRA REGINA GOMES RODOVALHO;01.09.2026;13:00;0;702807655722467;ALINE PIAIA MARTINS;09.05.2001;25;304;ADRIANA PIAIA MARTINS;RUA;DONA ELVIRA;;870;MILANI;79492070;(67)99824-1997;SAO GABRIEL DO OESTE;500769;SAO GABRIEL DO OESTE;500769;8176132;CASA ROSA;F;24.08.2026;ARIROSA;26.08.2026;VANIA_MARIANO;10.00;CONFIRMADO;Z00;91415799172;ALESSANDRA REGINA GOMES RODOVALHO
686711147;0009012;0301010072;CONSULTA EM GINECOLOGIA GESTANTE.;91415799172;ALESSANDRA REGINA GOMES RODOVALHO;01.09.2026;13:00;1;702100825188970;EMANUELE BOZZA SORGATTO RAMPANELLI;29.01.1997;29;356;CASSIANA BOZZA;RUA;JOAQUIM HONORIO RIBEIRO ROSA;;223;CENTRO;79490033;(67)99812-2903;SAO GABRIEL DO OESTE;500769;SAO GABRIEL DO OESTE;500769;8176132;CASA ROSA;F;24.08.2026;ANACLAUDIA_PASCOAL;26.08.2026;VANIA_MARIANO;10.00;CONFIRMADO;Z00;91415799172;ALESSANDRA REGINA GOMES RODOVALHO
686715102;0009012;0301010072;CONSULTA EM GINECOLOGIA GESTANTE.;88308499953;LUCINALDO BASSO;14.09.2026;07:00;1;700907953285092;VIVIAN DUARTE DE LIMA;13.11.2000;25;310;VERA LUCIA DUARTE DE LIMA;RUA;ESTUDANTE SONI BORTOLI;;524;PRIMO MAFFISSONI;79490274;(67)99872-1250;SAO GABRIEL DO OESTE;500769;SAO GABRIEL DO OESTE;500769;8176132;CASA ROSA;F;24.08.2026;ANACLAUDIA_PASCOAL;24.08.2026;ANACLAUDIA_PASCOAL;10.00;CONFIRMADO;Z00;88308499953;LUCINALDO BASSO
686716728;0169015;0301010048;TESTE DA ORELHINHA/TRIAGEM AUDITIVA NEONATAL;65329520100;LEDA MARIA PAES DA SILVA DOS SANTOS;18.09.2026;09:00;0;707104846569420;MARIA EDUARDA GONCALVES DINIZ;02.02.2026;00;8;ANNA KAROLINY GONCALVES DA SILVA;RUA;CEREJEIRA;;556;SAO CRISTOVAO;79491184;(61)3315-2425;SAO GABRIEL DO OESTE;500769;SAO GABRIEL DO OESTE;500769;8176132;CASA ROSA;F;24.08.2026;ANACLAUDIA_PASCOAL;24.08.2026;ANACLAUDIA_PASCOAL;6.30;PENDENTE;Z00;65329520100;LEDA MARIA PAES DA SILVA DOS SANTOS
686717799;0201207;0301010072;CONSULTA EM PEDIATRIA;03429604150;STEPHANNO EMMANUEL DE SOUZA CONTIS;10.09.2026;15:00;1;707104846569420;MARIA EDUARDA GONCALVES DINIZ;02.02.2026;00;8;ANNA KAROLINY GONCALVES DA SILVA;RUA;CEREJEIRA;;556;SAO CRISTOVAO;79491184;(61)3315-2425;SAO GABRIEL DO OESTE;500769;SAO GABRIEL DO OESTE;500769;8176132;CASA ROSA;F;24.08.2026;ANACLAUDIA_PASCOAL;24.08.2026;ANACLAUDIA_PASCOAL;10.00;CONFIRMADO;Z00;03429604150;STEPHANNO EMMANUEL DE SOUZA CONTIS
686739077;0009001;0301010072;CONSULTA EM GINECOLOGIA - GERAL;32111630187;JOSE EDACYR SIMM;22.09.2026;07:00;1;706403626643484;LIEGE PEREIRA DE FREITAS;16.06.1992;34;411;CRISTIANE PEREIRA;RUA;JORGE AMADO;;1671;JARDIM ALVORADA;79490000;(67)99664-0405;SAO GABRIEL DO OESTE;500769;SAO GABRIEL DO OESTE;500769;8176132;CASA ROSA;F;24.08.2026;ANACLAUDIA_PASCOAL;24.08.2026;ANACLAUDIA_PASCOAL;10.00;PENDENTE;Z00;91415799172;ALESSANDRA REGINA GOMES RODOVALHO
686830793;0201207;0301010072;CONSULTA EM PEDIATRIA;04145161173;RHUANNE SIQUEIRA GUIMARAES;21.09.2026;13:00;1;707000857028938;LINDHA LUZ SIQUEIRA;03.09.2024;02;25;RENATA DA LUZ CARVALHO;RUA;HILDO NICARETTA;;1896;PRIMO MAFFISSONI;79490000;(67)99628-3097;SAO GABRIEL DO OESTE;500769;SAO GABRIEL DO OESTE;500769;8176132;CASA ROSA;F;24.08.2026;ANACLAUDIA_PASCOAL;30.08.2026;VANIA_MARIANO;10.00;CONFIRMADO;Z00;04145161173;RHUANNE SIQUEIRA GUIMARAES
686837642;0201207;0301010072;CONSULTA EM PEDIATRIA;03429604150;STEPHANNO EMMANUEL DE SOUZA CONTIS;03.09.2026;07:00;0;704602130350927;HELENNA VITORIA MORBEQUE DE SOUZA;08.05.2023;03;40;KARINA RODRIGUES DE SOUZA;FAZENDA;BELA MIRAGEM;;S/N;RURAL;79490000;(67)99889-4823;SAO GABRIEL DO OESTE;500769;SAO GABRIEL DO OESTE;500769;2591359;UNIDADE DE SAUDE DA FAMILIA V;F;24.08.2026;CHRISTIANEHELEN_FREITAS;24.08.2026;CHRISTIANEHELEN_FREITAS;10.00;PENDENTE;Z001;;MILENA GUEDIN VARGAS
686840099;0201207;0301010072;CONSULTA EM PEDIATRIA;04145161173;RHUANNE SIQUEIRA GUIMARAES;21.09.2026;15:00;1;700600483667160;THEO HENRIQUE OLIVEIRA DE SOUZA;26.11.2025;00;10;ANA BEATRIZ DE OLIVEIRA MENDES;RUA;AZULAO 1073/99998;;1265;FENIX;79491104;(67)99829-2112;SAO GABRIEL DO OESTE;500769;SAO GABRIEL DO OESTE;500769;8176132;CASA ROSA;M;24.08.2026;ANACLAUDIA_PASCOAL;30.08.2026;VANIA_MARIANO;10.00;PENDENTE;Z00;04145161173;RHUANNE SIQUEIRA GUIMARAES
686869528;0201207;0301010072;CONSULTA EM PEDIATRIA;04145161173;RHUANNE SIQUEIRA GUIMARAES;21.09.2026;15:00;1;703608068746335;LAURA BORGES PILTZ;25.03.2026;00;6;CLAUDIA GOMES BORGES;RUA;ESTUDANTE SONI BORTOLI;;769;PRIMO MAFFISSONI;79490274;(67)99667-5825;SAO GABRIEL DO OESTE;500769;SAO GABRIEL DO OESTE;500769;8176132;CASA ROSA;F;24.08.2026;ANACLAUDIA_PASCOAL;30.08.2026;VANIA_MARIANO;10.00;CONFIRMADO;Z00;04145161173;RHUANNE SIQUEIRA GUIMARAES
686874698;0201207;0301010072;CONSULTA EM PEDIATRIA;03429604150;STEPHANNO EMMANUEL DE SOUZA CONTIS;10.09.2026;13:00;1;898006431706813;RN DE ANA CRISTINA PEREIRA DE FREITAS DURÃES;23.12.2025;00;9;ANA CRISTINA PEREIRA DE FREITAS DURÃES;RUA;AZULAO 1073/99998;;1859;FENIX;79491104;(67)99924-8515;SAO GABRIEL DO OESTE;500769;SAO GABRIEL DO OESTE;500769;8176132;CASA ROSA;M;24.08.2026;ANACLAUDIA_PASCOAL;24.08.2026;ANACLAUDIA_PASCOAL;10.00;CONFIRMADO;Z00;03429604150;STEPHANNO EMMANUEL DE SOUZA CONTIS
686942092;0009012;0301010072;CONSULTA EM GINECOLOGIA GESTANTE.;10963419641;MARIA FERNANDA DIAS BASILIO;02.09.2026;13:30;0;700507554630954;JULIA OLIVEIRA DA SILVA;29.03.2005;21;258;MARLENE PEREIRA DA SILVA;RUA;CURICACA;;462;JARDIM GRAMADO;79490000;(67)9838-6091;SAO GABRIEL DO OESTE;500769;SAO GABRIEL DO OESTE;500769;2370980;UNIDADE DE SAUDE DA FAMILIA JARDIM GRAMADO I;F;25.08.2026;ELISANGELA_UNIDADEI;25.08.2026;ELISANGELA_UNIDADEI;10.00;CONFIRMADO;Z34;01454652179;MAYARA MARIA MELKE GUIMARAES
686950810;0009012;0301010072;CONSULTA EM GINECOLOGIA GESTANTE.;88308499953;LUCINALDO BASSO;14.09.2026;07:00;0;705601411098919;AGDA CRISTINA DE MATOS RIBEIRO;03.11.1993;32;395;MARIA JOSE DE MATOS;RUA;BEIJA-FLOR 1/99998;CASA;1192;FENIX;79491120;(67)99928-2458 / (67)99636-5006;SAO GABRIEL DO OESTE;500769;SAO GABRIEL DO OESTE;500769;2370999;UNIDADE DE SAUDE DA FAMILIA FENIX IV;F;25.08.2026;GUSTAVO_PIAIA;25.08.2026;GUSTAVO_PIAIA;10.00;CONFIRMADO;Z34;96245646120;RAFAELLA MARIA COSTA GOIS DE FIGUEIREDO
687096137;0701379;0301010048;CONSULTA EM FONOAUDIOLOIGA - RETORNO;65329520100;LEDA MARIA PAES DA SILVA DOS SANTOS;04.09.2026;13:00;0;700901934469099;NICOLAS GABRIEL DE SOUZA ELIAS;24.02.2026;00;7;EVILLIN VITORIA DE SOUZA OLIVEIRA;RUA;DAS ANDORINHAS;;313;FENIX;79491056;(67)99830-6945;SAO GABRIEL DO OESTE;500769;SAO GABRIEL DO OESTE;500769;8176132;CASA ROSA;M;25.08.2026;ANACLAUDIA_PASCOAL;25.08.2026;ANACLAUDIA_PASCOAL;6.30;CONFIRMADO;Z00;65329520100;LEDA MARIA PAES DA SILVA DOS SANTOS
687114362;0009012;0301010072;CONSULTA EM GINECOLOGIA GESTANTE.;91415799172;ALESSANDRA REGINA GOMES RODOVALHO;01.09.2026;13:30;1;704306501607390;KETYLLY QUARESMA DA SILVA;21.09.2001;25;300;CLECIA VIEIRA DA SILVA;RUA;17 DE AGOSTO;CASA 3;1546;FENIX;79491118;(67)99127-7652;SAO GABRIEL DO OESTE;500769;SAO GABRIEL DO OESTE;500769;8176132;CASA ROSA;F;25.08.2026;ANACLAUDIA_PASCOAL;26.08.2026;VANIA_MARIANO;10.00;CONFIRMADO;Z00;91415799172;ALESSANDRA REGINA GOMES RODOVALHO
687116816;0201207;0301010072;CONSULTA EM PEDIATRIA;01865429171;AMANDA NANTES AQUINO;22.09.2026;13:00;1;704600665505320;RAVI LUAN ANDRADE DA SILVA;27.05.2026;00;4;JOSILAINE MESSIAS DE ANDRADE SOUZA;RUA;DOS CANARIOS 1466/99999;;1741;FENIX;79491078;(61)3315-2425 / (67)99903-1868;SAO GABRIEL DO OESTE;500769;SAO GABRIEL DO OESTE;500769;8176132;CASA ROSA;M;25.08.2026;ANACLAUDIA_PASCOAL;25.08.2026;ANACLAUDIA_PASCOAL;10.00;CONFIRMADO;Z00;01865429171;AMANDA NANTES AQUINO
687121372;0009012;0301010072;CONSULTA EM GINECOLOGIA GESTANTE.;91415799172;ALESSANDRA REGINA GOMES RODOVALHO;08.09.2026;13:00;0;702006840523684;THAINA FERREIRA MATEUZINHO;10.11.2000;25;310;GERVALINA FERREIRA DOS SANTOS;AVENIDA;SÃO FRANCISCO;CASA 01;2579;JARDIM PRIMAVERA;79490170;(67)98223-6646 / (67)98121-3270;SAO GABRIEL DO OESTE;500769;SAO GABRIEL DO OESTE;500769;2370964;UNIDADE DE SAUDE DA FAMILIA III;F;25.08.2026;ANACLAUDIA_NOGUEIRA;25.08.2026;ANACLAUDIA_NOGUEIRA;10.00;CONFIRMADO;Z349;02611833974;HUDSON PERES DORIGAO BELISARIO DE SOUZA
687131983;0009012;0301010072;CONSULTA EM GINECOLOGIA GESTANTE.;91415799172;ALESSANDRA REGINA GOMES RODOVALHO;01.09.2026;13:30;1;700209474323324;MARLENE COSTA DA CUNHA VILALVA;02.11.2002;23;287;ZENIL COSTA DA CUNHA;RUA;SANTA CATARINA;3;2579;AMABILE MAFFISSONI;79490082;(67)98116-5234;SAO GABRIEL DO OESTE;500769;SAO GABRIEL DO OESTE;500769;8176132;CASA ROSA;F;25.08.2026;ANACLAUDIA_PASCOAL;26.08.2026;VANIA_MARIANO;10.00;CONFIRMADO;Z00;91415799172;ALESSANDRA REGINA GOMES RODOVALHO
687142450;0009012;0301010072;CONSULTA EM GINECOLOGIA GESTANTE.;91415799172;ALESSANDRA REGINA GOMES RODOVALHO;22.09.2026;13:00;1;708108587829032;MARILIA VAZ MARQUES;18.06.1986;40;483;APARECIDA VAZ MARQUES;RUA;OSORIO RODRIGUES DA SILVA;;659;PRIMO MAFFISSONI;79490282;(67)99978-2849;SAO GABRIEL DO OESTE;500769;SAO GABRIEL DO OESTE;500769;8176132;CASA ROSA;F;25.08.2026;ANACLAUDIA_PASCOAL;25.08.2026;ANACLAUDIA_PASCOAL;10.00;CONFIRMADO;Z00;91415799172;ALESSANDRA REGINA GOMES RODOVALHO
687149860;0009012;0301010072;CONSULTA EM GINECOLOGIA GESTANTE.;91415799172;ALESSANDRA REGINA GOMES RODOVALHO;01.09.2026;13:30;1;705004081926358;JANAINA ALVES DOS SANTOS;09.09.1994;32;384;MARCIA FRANCISCO DOS SANTOS;RUA;DEOCLECIO ZAMIGNAN;CASA;2193;PRIMO MAFFISSONI;79490000;(67)99978-8949;SAO GABRIEL DO OESTE;500769;SAO GABRIEL DO OESTE;500769;8176132;CASA ROSA;F;25.08.2026;ANACLAUDIA_PASCOAL;26.08.2026;VANIA_MARIANO;10.00;CONFIRMADO;Z00;91415799172;ALESSANDRA REGINA GOMES RODOVALHO
687154684;0009012;0301010072;CONSULTA EM GINECOLOGIA GESTANTE.;91415799172;ALESSANDRA REGINA GOMES RODOVALHO;01.09.2026;13:30;1;898006273398803;ISABELLA VITORIA SOUSA DIAS;08.11.2010;15;190;ROSALIA THAIS CONCEICAO SOUSA;AVENIDA;TUIUIU;;1390;JARDIM GRAMADO;79491006;(61)3315-2425;SAO GABRIEL DO OESTE;500769;SAO GABRIEL DO OESTE;500769;8176132;CASA ROSA;F;25.08.2026;ANACLAUDIA_PASCOAL;26.08.2026;VANIA_MARIANO;10.00;CONFIRMADO;Z00;91415799172;ALESSANDRA REGINA GOMES RODOVALHO
687162515;0009012;0301010072;CONSULTA EM GINECOLOGIA GESTANTE.;32111630187;JOSE EDACYR SIMM;22.09.2026;06:40;1;702100786493895;ELLEN BRUCHIER DE OLIVEIRA;26.12.2001;24;297;ELIZETE APARECIDA DA COSTA FARIAS;RUA;TARUMA;;294;SAO CRISTOVAO;79491174;(47)99293-9591;SAO GABRIEL DO OESTE;500769;SAO GABRIEL DO OESTE;500769;8176132;CASA ROSA;F;25.08.2026;ANACLAUDIA_PASCOAL;26.08.2026;VANIA_MARIANO;10.00;CONFIRMADO;Z00;32111630187;JOSE EDACYR SIMM
687164586;0009012;0301010072;CONSULTA EM GINECOLOGIA GESTANTE.;91415799172;ALESSANDRA REGINA GOMES RODOVALHO;22.09.2026;13:00;1;700400424192242;LUCIENE DA SILVA DUTRA;07.03.1993;33;402;MARIA DE FATIMA DA SILVA;RUA;EUGENIO FERREIRA DA CUNHA;;1056;CENTRO;79490000;(67)98472-2537 / (67)98472-2537;SAO GABRIEL DO OESTE;500769;SAO GABRIEL DO OESTE;500769;8176132;CASA ROSA;F;25.08.2026;ANACLAUDIA_PASCOAL;25.08.2026;ANACLAUDIA_PASCOAL;10.00;CONFIRMADO;Z00;91415799172;ALESSANDRA REGINA GOMES RODOVALHO
687168474;0009012;0301010072;CONSULTA EM GINECOLOGIA GESTANTE.;91415799172;ALESSANDRA REGINA GOMES RODOVALHO;08.09.2026;13:00;1;703007896523875;ANA CLARA DE OLIVEIRA BRITO;12.01.2007;19;236;JANAINA ALMEIDA DE OLIVEIRA BRITO;FAZENDA;PAINEIRAS;;S/N;AREA RURAL DE SAO GABRIEL DO OESTE;79493899;(67)99826-6648 / (67)99646-8963;SAO GABRIEL DO OESTE;500769;SAO GABRIEL DO OESTE;500769;8176132;CASA ROSA;F;25.08.2026;ANACLAUDIA_PASCOAL;25.08.2026;ANACLAUDIA_PASCOAL;10.00;PENDENTE;Z00;91415799172;ALESSANDRA REGINA GOMES RODOVALHO
687170388;0009012;0301010072;CONSULTA EM GINECOLOGIA GESTANTE.;91415799172;ALESSANDRA REGINA GOMES RODOVALHO;01.09.2026;13:30;1;708402221894266;REBECA SOARES DA SILVA LARA;23.01.2002;24;296;CLEIDE SOARES DA SILVA LARA;FAZENDA;PONTE VERMELHA;;S/N;RURAL;79490000;(67)99894-2407;SAO GABRIEL DO OESTE;500769;SAO GABRIEL DO OESTE;500769;8176132;CASA ROSA;F;25.08.2026;ANACLAUDIA_PASCOAL;26.08.2026;VANIA_MARIANO;10.00;CONFIRMADO;Z00;91415799172;ALESSANDRA REGINA GOMES RODOVALHO
687208109;0201207;0301010072;CONSULTA EM PEDIATRIA;01865429171;AMANDA NANTES AQUINO;01.09.2026;07:00;1;704106466759950;BRUNO HENRIQUE MOREIRA RIBEIRO;16.06.2024;02;27;LAUDICEIA MOREIRA DA SILVA;RUA;GAIVOTAS;CASA;2092;FENIX;79490000;(67)99858-3833 / (67)99999-7472;SAO GABRIEL DO OESTE;500769;SAO GABRIEL DO OESTE;500769;8176132;CASA ROSA;M;26.08.2026;ANACLAUDIA_PASCOAL;26.08.2026;ANACLAUDIA_PASCOAL;10.00;CONFIRMADO;Z00;01865429171;AMANDA NANTES AQUINO
687212339;0009012;0301010072;CONSULTA EM GINECOLOGIA GESTANTE.;91415799172;ALESSANDRA REGINA GOMES RODOVALHO;01.09.2026;13:00;0;708603034261084;LUANA DE OLIVEIRA PEREIRA;28.11.1996;29;358;ANA MARIA CARVALHO DE OLIVEIRA;RUA;PELICANOS;CASA;1790;FÊNIX;79491074;(67)99676-1980 / (67)99669-8179 / (67)99652-1485;SAO GABRIEL DO OESTE;500769;SAO GABRIEL DO OESTE;500769;2370999;UNIDADE DE SAUDE DA FAMILIA FENIX IV;F;26.08.2026;GUSTAVO_PIAIA;26.08.2026;GUSTAVO_PIAIA;10.00;PENDENTE;Z302;;MESSIELEN PEREIRA PINTO
687223907;0201207;0301010072;CONSULTA EM PEDIATRIA;57255873120;CLODOALDO SABINO DA SILVA;02.09.2026;07:00;1;700108894285190;ANTONELLA LUARA BRANDAO DE OLIVEIRA;12.02.2026;00;7;CRISLAINE DE OLIVEIRA BRANDAO;RUA;DAS AGUIAS;;550;JARDIM GRAMADO;79491030;(67)99929-2550;SAO GABRIEL DO OESTE;500769;SAO GABRIEL DO OESTE;500769;8176132;CASA ROSA;F;26.08.2026;ANACLAUDIA_PASCOAL;30.08.2026;VANIA_MARIANO;10.00;CONFIRMADO;Z00;57255873120;CLODOALDO SABINO DA SILVA
687243844;0055074;0301010072;CONSULTA EM CIRURGIA GINECOLOGICA - RETORNO POS OPERATORIO;88308499953;LUCINALDO BASSO;09.09.2026;08:00;0;702905560777970;CICERA SALVINA ANHANI;04.03.1952;74;895;LAVINIA ANTONIO ANHANI;RUA;BAHIA;;2714;CENTRO;79490000;(67)99891-6248;SAO GABRIEL DO OESTE;500769;SAO GABRIEL DO OESTE;500769;8176132;CASA ROSA;F;26.08.2026;ANACLAUDIA_PASCOAL;30.08.2026;VANIA_MARIANO;10.00;PENDENTE;Z00;88308499953;LUCINALDO BASSO
687260941;0009001;0301010072;CONSULTA EM GINECOLOGIA - GERAL;88308499953;LUCINALDO BASSO;17.09.2026;09:00;0;704802042297747;NADEIGE DORELUS;19.07.1992;34;410;ROSE MARIE DAT;RUA;DONA ELVIRA;;1405;MILANI;79492070;(67)99615-8602;SAO GABRIEL DO OESTE;500769;SAO GABRIEL DO OESTE;500769;2370972;UNIDADE DE SAUDE DA FAMILIA MILANE II;F;26.08.2026;FLAVIA_RODRIGUES;26.08.2026;FLAVIA_RODRIGUES;10.00;CONFIRMADO;N91;83798633134;JOAO BAPTISTA BARBOSA SOUZA
687272971;0201207;0301010072;CONSULTA EM PEDIATRIA;57255873120;CLODOALDO SABINO DA SILVA;16.09.2026;13:00;0;702007332288487;BERNARDO PEREIRA DE PAULA;17.02.2023;03;43;DAIANE DA SILVA PEREIRA;RUA;MINAS GERAIS;;2580;AMABILE MAFFISSONI;79490088;(67)98467-9768;SAO GABRIEL DO OESTE;500769;SAO GABRIEL DO OESTE;500769;8176132;CASA ROSA;M;26.08.2026;ANACLAUDIA_PASCOAL;26.08.2026;ANACLAUDIA_PASCOAL;10.00;CONFIRMADO;Z00;57255873120;CLODOALDO SABINO DA SILVA
687292318;0201207;0301010072;CONSULTA EM PEDIATRIA;57255873120;CLODOALDO SABINO DA SILVA;16.09.2026;09:00;1;898006455951338;YONAN MAIDANO DA SILVA;30.06.2026;00;3;CAROLINA MAIDANO SOARES;RUA;CURICACA;;510;JARDIM GRAMADO;79491010;(67)99610-1441;SAO GABRIEL DO OESTE;500769;SAO GABRIEL DO OESTE;500769;8176132;CASA ROSA;M;26.08.2026;ANACLAUDIA_PASCOAL;30.08.2026;VANIA_MARIANO;10.00;CONFIRMADO;Z00;57255873120;CLODOALDO SABINO DA SILVA
687295406;0009012;0301010072;CONSULTA EM GINECOLOGIA GESTANTE.;91415799172;ALESSANDRA REGINA GOMES RODOVALHO;01.09.2026;13:30;1;706407629428480;BRUNA DA CONCEICAO SALES;11.05.1992;34;412;ANGELA BEZERRA DA CONCEICAO;RUA;CURIO;;1522;JARDIM GRAMADO;79491012;(67)99952-3096;SAO GABRIEL DO OESTE;500769;SAO GABRIEL DO OESTE;500769;8176132;CASA ROSA;F;26.08.2026;ANACLAUDIA_PASCOAL;26.08.2026;VANIA_MARIANO;10.00;CONFIRMADO;Z00;91415799172;ALESSANDRA REGINA GOMES RODOVALHO
687313485;0009012;0301010072;CONSULTA EM GINECOLOGIA GESTANTE.;95747818104;VANESSA BRESCHI;10.09.2026;07:00;1;707604272422096;HELOISA GOULART RODRIGUES;15.06.2002;24;291;SILMARA GOULART DA SILVA;RUA;PATATIVA;;310;FENIX;79491100;(67)99829-9457;SAO GABRIEL DO OESTE;500769;SAO GABRIEL DO OESTE;500769;8176132;CASA ROSA;F;26.08.2026;ANACLAUDIA_PASCOAL;26.08.2026;VANIA_MARIANO;10.00;CONFIRMADO;Z00;95747818104;VANESSA BRESCHI
687314690;0201207;0301010072;CONSULTA EM PEDIATRIA;57255873120;CLODOALDO SABINO DA SILVA;23.09.2026;07:00;0;706908166504133;RICARDO DUARTE FERNANDES MARTINS;15.01.2025;01;20;ALESSANDRA MARA DUARTE;RUA;ANHUMAS;CASA;982;JARDIM GRAMADO;79490000;(67)99926-8769;SAO GABRIEL DO OESTE;500769;SAO GABRIEL DO OESTE;500769;8176132;CASA ROSA;M;26.08.2026;ANACLAUDIA_PASCOAL;26.08.2026;ANACLAUDIA_PASCOAL;10.00;PENDENTE;Z00;57255873120;CLODOALDO SABINO DA SILVA
687369682;0201207;0301010072;CONSULTA EM PEDIATRIA;01865429171;AMANDA NANTES AQUINO;01.09.2026;14:00;1;704602647738922;RAVI GOMES DE OLIVEIRA;05.02.2026;00;8;THAMIRIS GOMES DO CARMO;RUA;PEDRO SEGATTO;;461;FENIX;79491062;(67)99909-2575;SAO GABRIEL DO OESTE;500769;SAO GABRIEL DO OESTE;500769;8176132;CASA ROSA;M;26.08.2026;ARIROSA;26.08.2026;ARIROSA;10.00;CONFIRMADO;Z00;01865429171;AMANDA NANTES AQUINO
687372443;0201207;0301010072;CONSULTA EM PEDIATRIA;37817795649;GILBERT MAIRINK RODRIGUES;25.09.2026;07:00;0;704501312508917;LUNA OLIVEIRA ANDRADE;26.03.2025;01;18;ROSANE TALITA DE OLIVEIRA;RUA;CURIO;;2011;CONJUNTO FENIX;79490000;(67)99902-3384;SAO GABRIEL DO OESTE;500769;SAO GABRIEL DO OESTE;500769;8176132;CASA ROSA;F;26.08.2026;ARIROSA;26.08.2026;ARIROSA;10.00;CONFIRMADO;Z00;37817795649;GILBERT MAIRINK RODRIGUES
687380410;0009012;0301010072;CONSULTA EM GINECOLOGIA GESTANTE.;95747818104;VANESSA BRESCHI;03.09.2026;07:40;1;707005814057132;ALINE BENTO IPE;12.10.1998;27;335;MARIA CELIA CUSTODIO BENTO;RUA;SARACURA 1/1465;;252;JARDIM GRAMADO;79491002;(92)98611-7749 / (92)99307-5222 / (92)99415-3289;SAO GABRIEL DO OESTE;500769;SAO GABRIEL DO OESTE;500769;8176132;CASA ROSA;F;26.08.2026;ARIROSA;29.08.2026;VANIA_MARIANO;10.00;PENDENTE;Z00;95747818104;VANESSA BRESCHI
687402685;0009012;0301010072;CONSULTA EM GINECOLOGIA GESTANTE.;88308499953;LUCINALDO BASSO;14.09.2026;09:00;0;700008455648109;YSAMAR YOHANA SALAS SANCHEZ;14.09.1992;34;408;MARLENE JOSEFINA SANCHEZ BRACHO;RUA;SANTA MARIA;;04;MILANI;79492074;(67)99607-5873;SAO GABRIEL DO OESTE;500769;SAO GABRIEL DO OESTE;500769;8176132;CASA ROSA;F;26.08.2026;ARIROSA;26.08.2026;ARIROSA;10.00;CONFIRMADO;Z00;88308499953;LUCINALDO BASSO
687425908;0009012;0301010072;CONSULTA EM GINECOLOGIA GESTANTE.;10963419641;MARIA FERNANDA DIAS BASILIO;16.09.2026;13:30;1;702609242693346;ANA PAULA AMARO DE SOUZA LIRA;22.02.1991;35;427;ROSIMAR DE SOUZA LIRA;RUA;RIO GRANDE DO SUL;;375;SANTA LUZIA;79490000;(67)9827-1887;SAO GABRIEL DO OESTE;500769;SAO GABRIEL DO OESTE;500769;8176132;CASA ROSA;F;26.08.2026;ARIROSA;29.08.2026;VANIA_MARIANO;10.00;CONFIRMADO;Z00;10963419641;MARIA FERNANDA DIAS BASILIO
687428171;0169015;0301010048;TESTE DA ORELHINHA/TRIAGEM AUDITIVA NEONATAL;65329520100;LEDA MARIA PAES DA SILVA DOS SANTOS;25.09.2026;09:00;0;706004894072347;VICENTE SARNOVSKI CARDOZO;18.03.2026;00;6;THAINARA SARNOVSKI;RUA;ALAGOAS 1/2399;;1609;PRIMO MAFFISSONI;79490258;(67)99882-0566;SAO GABRIEL DO OESTE;500769;SAO GABRIEL DO OESTE;500769;8176132;CASA ROSA;M;26.08.2026;ARIROSA;26.08.2026;ARIROSA;6.30;PENDENTE;Z00;57255873120;CLODOALDO SABINO DA SILVA
687431354;0009012;0301010072;CONSULTA EM GINECOLOGIA GESTANTE.;10963419641;MARIA FERNANDA DIAS BASILIO;02.09.2026;13:30;1;705006411774752;MAIARA MARTINS MESQUITA;16.08.2005;21;253;ROSANA MIRANDA MARTINS;RUA;SAO PAULO;;1999;CENTRO;79490000;(67)99617-5001;SAO GABRIEL DO OESTE;500769;SAO GABRIEL DO OESTE;500769;8176132;CASA ROSA;F;26.08.2026;ARIROSA;29.08.2026;VANIA_MARIANO;10.00;CONFIRMADO;Z00;10963419641;MARIA FERNANDA DIAS BASILIO
687433315;0009012;0301010072;CONSULTA EM GINECOLOGIA GESTANTE.;10963419641;MARIA FERNANDA DIAS BASILIO;02.09.2026;13:30;1;706504384745892;VITORIA IRALA DA SILVA DE FREITAS;30.05.2008;18;220;LETHICIA IRALA DA SILVA;RUA;OSORIO RODRIGUES DA SILVA;;699;PRIMO MAFFISSONI;79490282;(61)3315-2425 / (67)98144-9338;SAO GABRIEL DO OESTE;500769;SAO GABRIEL DO OESTE;500769;8176132;CASA ROSA;F;26.08.2026;ARIROSA;29.08.2026;VANIA_MARIANO;10.00;CONFIRMADO;Z00;10963419641;MARIA FERNANDA DIAS BASILIO
687434639;0201207;0301010072;CONSULTA EM PEDIATRIA;37817795649;GILBERT MAIRINK RODRIGUES;04.09.2026;15:00;0;706000831310042;BENICIO ARRUDA DIAS RIBEIRO;02.09.2024;02;25;VANESSA DE ARRUDA PEREIRA;RUA;JUSCELINO KUBSTCHK;CASA;1045;CENTRO;79490000;(67)99965-2301 / (67)99635-5318;SAO GABRIEL DO OESTE;500769;SAO GABRIEL DO OESTE;500769;8176132;CASA ROSA;M;26.08.2026;ARIROSA;26.08.2026;ARIROSA;10.00;CONFIRMADO;Z00;37817795649;GILBERT MAIRINK RODRIGUES
687436285;0009012;0301010072;CONSULTA EM GINECOLOGIA GESTANTE.;10963419641;MARIA FERNANDA DIAS BASILIO;02.09.2026;14:00;1;898004600931744;PAMELA CORMAN ROQUE SANCHES;19.06.2005;21;255;SANDRA CORMAN ROQUE SANCHES;RUA;TOCANTINS;;230;CENTRO;79490000;(67)3541-9605;SAO GABRIEL DO OESTE;500769;SAO GABRIEL DO OESTE;500769;8176132;CASA ROSA;F;26.08.2026;ARIROSA;29.08.2026;VANIA_MARIANO;10.00;CONFIRMADO;Z00;10963419641;MARIA FERNANDA DIAS BASILIO
687441516;0201207;0301010072;CONSULTA EM PEDIATRIA;57255873120;CLODOALDO SABINO DA SILVA;16.09.2026;13:00;1;898006461317092;ELOISA ROSA DA SILVA;12.08.2026;00;1;ELISANGELA CASCEMIRO ROSA;RUA;DAS CORUJAS;;938;FENIX;79491054;(67)99662-3963;SAO GABRIEL DO OESTE;500769;SAO GABRIEL DO OESTE;500769;7002084;UNIDADE DE SAUDE DA FAMILIA IX;F;26.08.2026;FABIELY_MORAES;30.08.2026;VANIA_MARIANO;10.00;CONFIRMADO;Z762;;CLODOALDO SABINO DA SILVA
687442834;0169015;0301010048;TESTE DA ORELHINHA/TRIAGEM AUDITIVA NEONATAL;65329520100;LEDA MARIA PAES DA SILVA DOS SANTOS;11.09.2026;09:00;1;705005655076956;ESTER CHRIST NERES;28.01.2026;00;8;MIRIAN CRISTINA CHRIST;RUA;PERNAMBUCO;;1230;PRIMO MAFFISSONI;79490260;(67)98463-9837 / (67)99954-2005;SAO GABRIEL DO OESTE;500769;SAO GABRIEL DO OESTE;500769;8176132;CASA ROSA;F;26.08.2026;ARIROSA;26.08.2026;ARIROSA;6.30;CONFIRMADO;Z00;65329520100;LEDA MARIA PAES DA SILVA DOS SANTOS
687445054;0201207;0301010072;CONSULTA EM PEDIATRIA;03429604150;STEPHANNO EMMANUEL DE SOUZA CONTIS;10.09.2026;07:00;1;707600243794793;DAVI LUCCA ANTUNES DOS SANTOS;10.04.2015;11;137;DAIANA ANTUNES DOS SANTOS;RUA;JOAO RIBEIRO GUIMARÃES;;264;JD PRIMAVERA;79490000;(67)99662-3863 / (67)99603-2870;SAO GABRIEL DO OESTE;500769;SAO GABRIEL DO OESTE;500769;8176132;CASA ROSA;M;26.08.2026;ARIROSA;26.08.2026;ARIROSA;10.00;CONFIRMADO;Z00;03429604150;STEPHANNO EMMANUEL DE SOUZA CONTIS
687445269;0009001;0301010072;CONSULTA EM GINECOLOGIA - GERAL;10963419641;MARIA FERNANDA DIAS BASILIO;02.09.2026;15:00;0;702009344623180;ELY DE FATIMA RONDON CALDAS;24.02.1957;69;835;DOMINGAS RONDON DA SILVA;RUA;PICA-PAU;;601;JARDIM GRAMADO;79491036;(67)99974-7366 / (67)98422-3681;SAO GABRIEL DO OESTE;500769;SAO GABRIEL DO OESTE;500769;6354265;CENTRAL DE REGULACAO DE SAO GABRIEL DO OESTE;F;26.08.2026;THAYANA_SAOGABRIEL;01.09.2026;VANIA_MARIANO;10.00;CONFIRMADO;C53;;FABRICIO COLACINO DA SILVA
687445816;0701379;0301010048;CONSULTA EM FONOAUDIOLOIGA - RETORNO;65329520100;LEDA MARIA PAES DA SILVA DOS SANTOS;11.09.2026;13:00;0;705307454673190;DAVI LUCCA PINHEIRO DOS SANTOS;10.03.2026;00;6;ALINE PINHEIRO DA SILVA;RUA;ARARAS;CASA;2139;FÊNIX;79491102;(67)99944-8926;SAO GABRIEL DO OESTE;500769;SAO GABRIEL DO OESTE;500769;8176132;CASA ROSA;M;26.08.2026;ARIROSA;26.08.2026;ARIROSA;6.30;CONFIRMADO;Z00;65329520100;LEDA MARIA PAES DA SILVA DOS SANTOS
687446364;0009012;0301010072;CONSULTA EM GINECOLOGIA GESTANTE.;10963419641;MARIA FERNANDA DIAS BASILIO;09.09.2026;13:30;1;707303073286070;HELEN GIOVANA DE OLIVEIRA;07.11.2000;25;310;NOEMIA DOS SANTOS PALMA OLIVEIRA;RUA;SAO JORGE;CASA 30;289;CENTRO;79490164;(61)3315-2425 / (67)99654-6964 / (67)99351-5709;SAO GABRIEL DO OESTE;500769;SAO GABRIEL DO OESTE;500769;8176132;CASA ROSA;F;26.08.2026;ARIROSA;29.08.2026;VANIA_MARIANO;10.00;CONFIRMADO;Z00;10963419641;MARIA FERNANDA DIAS BASILIO
687483576;0009012;0301010072;CONSULTA EM GINECOLOGIA GESTANTE.;95747818104;VANESSA BRESCHI;09.09.2026;07:00;1;708503394054073;JAMILI FERNANDES BARROS;22.08.2005;21;253;ROSINEIA FERNANDES;RUA;FA;;Fa;MUDOU;79491108;(67)99948-8757 / (67)99803-9538;SAO GABRIEL DO OESTE;500769;SAO GABRIEL DO OESTE;500769;8176132;CASA ROSA;F;27.08.2026;ANACLAUDIA_PASCOAL;29.08.2026;VANIA_MARIANO;10.00;PENDENTE;Z00;95747818104;VANESSA BRESCHI
687487616;0009012;0301010072;CONSULTA EM GINECOLOGIA GESTANTE.;95747818104;VANESSA BRESCHI;03.09.2026;07:00;1;700007295534002;HELOISE DO PRADO HORMAN;19.05.1999;27;328;MARIA HELENA DO PRADO HORMAN;RUA;BICUDOS;;141;JARDIM GRAMADO;79491028;(66)98154-6941;SAO GABRIEL DO OESTE;500769;SAO GABRIEL DO OESTE;500769;8176132;CASA ROSA;F;27.08.2026;ANACLAUDIA_PASCOAL;29.08.2026;VANIA_MARIANO;10.00;CONFIRMADO;Z00;95747818104;VANESSA BRESCHI
687494828;0009012;0301010072;CONSULTA EM GINECOLOGIA GESTANTE.;95747818104;VANESSA BRESCHI;17.09.2026;07:00;1;708206643594748;MARIA DA CONCEICAO RODRIGUES RIQUELME;08.12.1996;29;357;RENIRDE RODRIGUES;RUA;CURIO;;829;JARDIM GRAMADO;79491012;(67)99974-6382 / (67)99687-5953;SAO GABRIEL DO OESTE;500769;SAO GABRIEL DO OESTE;500769;8176132;CASA ROSA;F;27.08.2026;ANACLAUDIA_PASCOAL;29.08.2026;VANIA_MARIANO;10.00;CONFIRMADO;Z00;95747818104;VANESSA BRESCHI
687500356;0009012;0301010072;CONSULTA EM GINECOLOGIA GESTANTE.;95747818104;VANESSA BRESCHI;10.09.2026;07:00;0;700003529559207;BRUNA EDUARDA BARBOSA DA SILVA;24.03.1999;27;330;IVONE BARBOSA BRITO;RUA;ESPÍRITO SANTO;;2290;CENTRO;79490023;(67)98142-3946;SAO GABRIEL DO OESTE;500769;SAO GABRIEL DO OESTE;500769;8176132;CASA ROSA;F;27.08.2026;ARIROSA;27.08.2026;ARIROSA;10.00;CONFIRMADO;Z00;95747818104;VANESSA BRESCHI
687513821;0009012;0301010072;CONSULTA EM GINECOLOGIA GESTANTE.;95747818104;VANESSA BRESCHI;09.09.2026;07:00;1;708609021523781;SIMONE DOS ANJOS COSTA DE BRITO;10.05.1988;38;460;MARIA DOS ANJOS;RUA;CURICACA 1466/99999;;2000;FENIX;79491080;(67)99888-9805 / (67)99843-6624;SAO GABRIEL DO OESTE;500769;SAO GABRIEL DO OESTE;500769;8176132;CASA ROSA;F;27.08.2026;ANACLAUDIA_PASCOAL;29.08.2026;VANIA_MARIANO;10.00;CONFIRMADO;Z00;95747818104;VANESSA BRESCHI
687527511;0201207;0301010072;CONSULTA EM PEDIATRIA;03429604150;STEPHANNO EMMANUEL DE SOUZA CONTIS;10.09.2026;07:00;1;708702181442596;NAYLA SANTOS ROLIM;20.05.2026;00;4;ANA LUIZA ROLIM;RUA;PELICANOS;CASA FUNDOS;510;JARDIM GRAMADO;79491004;(67)99952-2487;SAO GABRIEL DO OESTE;500769;SAO GABRIEL DO OESTE;500769;2370980;UNIDADE DE SAUDE DA FAMILIA JARDIM GRAMADO I;F;27.08.2026;ELISANGELA_UNIDADEI;27.08.2026;ELISANGELA_UNIDADEI;10.00;CONFIRMADO;Z001;01454652179;MAYARA MARIA MELKE GUIMARAES
687528146;0009012;0301010072;CONSULTA EM GINECOLOGIA GESTANTE.;95747818104;VANESSA BRESCHI;17.09.2026;07:00;1;700804437060587;BRUNA OLIVEIRA CARLOS;22.07.1998;28;338;MARIA APARECIDA DA SILVA OLIVEIRA;RUA;QUERO QUERO;;1045;FENIX;79490000;(67)99629-7673;SAO GABRIEL DO OESTE;500769;SAO GABRIEL DO OESTE;500769;8176132;CASA ROSA;F;27.08.2026;ANACLAUDIA_PASCOAL;29.08.2026;VANIA_MARIANO;10.00;CONFIRMADO;Z00;95747818104;VANESSA BRESCHI
687529446;0009012;0301010072;CONSULTA EM GINECOLOGIA GESTANTE.;10963419641;MARIA FERNANDA DIAS BASILIO;23.09.2026;13:30;1;700403924618446;EMILLY KARINNY SILVA MARECO DE OLIVEIRA;12.05.2002;24;292;ROSIMEIRE BARBOSA SILVA;RUA;PINTASSIGO;;310;FENIX;79490000;(67)99682-8804 / (67)98191-6308;SAO GABRIEL DO OESTE;500769;SAO GABRIEL DO OESTE;500769;8176132;CASA ROSA;F;27.08.2026;ANACLAUDIA_PASCOAL;27.08.2026;ANACLAUDIA_PASCOAL;10.00;PENDENTE;Z00;10963419641;MARIA FERNANDA DIAS BASILIO
687530351;0009012;0301010072;CONSULTA EM GINECOLOGIA GESTANTE.;95747818104;VANESSA BRESCHI;09.09.2026;07:00;1;704505374636815;TAMIRES PANIAGO;23.02.1994;32;391;MIRTES JACINTO CARVALHO;RUA;BRASIL;DISTRITO AREADO;S/N;ZONA RURAL;79490000;(67)3471-2036 / (67)99606-4581;SAO GABRIEL DO OESTE;500769;SAO GABRIEL DO OESTE;500769;8176132;CASA ROSA;F;27.08.2026;ANACLAUDIA_PASCOAL;29.08.2026;VANIA_MARIANO;10.00;CONFIRMADO;Z00;95747818104;VANESSA BRESCHI
687535030;0009012;0301010072;CONSULTA EM GINECOLOGIA GESTANTE.;95747818104;VANESSA BRESCHI;17.09.2026;07:00;1;706405662441081;FABIELE RODRIGUES DE ALMEIDA;15.04.2004;22;269;NEIDIANA DA SILVA RODRIGUES;RUA;CURIO;;1192;JARDIM GRAMADO;79491012;(67)99698-5691;SAO GABRIEL DO OESTE;500769;SAO GABRIEL DO OESTE;500769;8176132;CASA ROSA;F;27.08.2026;ANACLAUDIA_PASCOAL;29.08.2026;VANIA_MARIANO;10.00;CONFIRMADO;Z00;95747818104;VANESSA BRESCHI
687538632;0009012;0301010072;CONSULTA EM GINECOLOGIA GESTANTE.;10963419641;MARIA FERNANDA DIAS BASILIO;02.09.2026;13:30;0;703405292501900;LUANA RAUPP;27.07.1999;27;326;NEIDE MONTEIRO DA SILVA;RUA;DAS CURRUIRAS;CASA;1494;JARDIM GRAMADO;79491014;(45)99920-1707;SAO GABRIEL DO OESTE;500769;SAO GABRIEL DO OESTE;500769;8176132;CASA ROSA;F;27.08.2026;ANACLAUDIA_PASCOAL;27.08.2026;ANACLAUDIA_PASCOAL;10.00;PENDENTE;Z00;10963419641;MARIA FERNANDA DIAS BASILIO
687541007;0701379;0301010048;CONSULTA EM FONOAUDIOLOIGA - RETORNO;65329520100;LEDA MARIA PAES DA SILVA DOS SANTOS;04.09.2026;07:00;0;704401354794110;NATANAEL CASSIM DO CARMO;20.02.2026;00;7;NOEMI CASSIM DA SILVA CARMO;RUA;FRANCA;CASA 1;256;ROSADA;79490364;(19)97158-5143;SAO GABRIEL DO OESTE;500769;SAO GABRIEL DO OESTE;500769;8176132;CASA ROSA;M;27.08.2026;ANACLAUDIA_PASCOAL;27.08.2026;ANACLAUDIA_PASCOAL;6.30;PENDENTE;Z00;65329520100;LEDA MARIA PAES DA SILVA DOS SANTOS
687546753;0009012;0301010072;CONSULTA EM GINECOLOGIA GESTANTE.;95747818104;VANESSA BRESCHI;17.09.2026;07:00;1;709000887151017;DHENIFFER MATOS DA SILVA;08.08.2001;25;301;MARIA EUNICE PAIXAO MATOS;RUA;PARDAIS;CASA;1223;FENIX;79490000;(67)99638-9042;SAO GABRIEL DO OESTE;500769;SAO GABRIEL DO OESTE;500769;8176132;CASA ROSA;F;27.08.2026;ANACLAUDIA_PASCOAL;27.08.2026;ANACLAUDIA_PASCOAL;10.00;CONFIRMADO;Z00;95747818104;VANESSA BRESCHI
687554688;0009012;0301010072;CONSULTA EM GINECOLOGIA GESTANTE.;95747818104;VANESSA BRESCHI;17.09.2026;07:00;1;708702176679990;TAIS ALVES LOPES;13.03.1995;31;378;KATIA CRISTINA BARBOSA ALVES;RUA;GAIVOTAS;;950;JARDIM GRAMADO;79490000;(67)99645-2194;SAO GABRIEL DO OESTE;500769;SAO GABRIEL DO OESTE;500769;8176132;CASA ROSA;F;27.08.2026;ANACLAUDIA_PASCOAL;27.08.2026;ANACLAUDIA_PASCOAL;10.00;PENDENTE;Z00;95747818104;VANESSA BRESCHI
687562056;0009012;0301010072;CONSULTA EM GINECOLOGIA GESTANTE.;95747818104;VANESSA BRESCHI;09.09.2026;07:00;1;700008608119107;DANIELI FERNANDES DOS SANTOS;07.10.2005;20;251;ROSINAIA FERNANDES;RUA;GAIVOTAS;;2152;FENIX;79490000;(61)3315-2425 / (67)99884-5553;SAO GABRIEL DO OESTE;500769;SAO GABRIEL DO OESTE;500769;8176132;CASA ROSA;F;27.08.2026;ANACLAUDIA_PASCOAL;29.08.2026;VANIA_MARIANO;10.00;PENDENTE;Z00;95747818104;VANESSA BRESCHI
687583020;0009012;0301010072;CONSULTA EM GINECOLOGIA GESTANTE.;91415799172;ALESSANDRA REGINA GOMES RODOVALHO;01.09.2026;07:00;1;700209474323324;MARLENE COSTA DA CUNHA VILALVA;02.11.2002;23;287;ZENIL COSTA DA CUNHA;RUA;SANTA CATARINA;3;2579;AMABILE MAFFISSONI;79490082;(67)98116-5234;SAO GABRIEL DO OESTE;500769;SAO GABRIEL DO OESTE;500769;8176132;CASA ROSA;F;27.08.2026;ANACLAUDIA_PASCOAL;31.08.2026;VANIA_MARIANO;10.00;CONFIRMADO;Z00;91415799172;ALESSANDRA REGINA GOMES RODOVALHO
687584399;0009012;0301010072;CONSULTA EM GINECOLOGIA GESTANTE.;91415799172;ALESSANDRA REGINA GOMES RODOVALHO;01.09.2026;07:00;1;709104298764130;MAIARA STEVARENGO ALONSO AUGUSTO;23.03.2005;21;258;MARINES STEVARENGO ALONSO;RUA;DAS CURRUIRAS;;1555;JARDIM GRAMADO;79491014;(48)98442-2662;SAO GABRIEL DO OESTE;500769;SAO GABRIEL DO OESTE;500769;8176132;CASA ROSA;F;27.08.2026;ANACLAUDIA_PASCOAL;31.08.2026;VANIA_MARIANO;10.00;PENDENTE;Z00;91415799172;ALESSANDRA REGINA GOMES RODOVALHO
687655899;0201207;0301010072;CONSULTA EM PEDIATRIA;03429604150;STEPHANNO EMMANUEL DE SOUZA CONTIS;10.09.2026;13:00;1;705606470524214;PEDRO GUILHERME SOUZA CAVALCANTE;03.09.2025;01;13;ROZIANE DE SOUZA SIMAO;RUA;CURICACA;CASA;1517;FENIX;79491080;(67)99907-0587;SAO GABRIEL DO OESTE;500769;SAO GABRIEL DO OESTE;500769;8176132;CASA ROSA;M;27.08.2026;ANACLAUDIA_PASCOAL;27.08.2026;ANACLAUDIA_PASCOAL;10.00;PENDENTE;Z00;;RENNAN ORTIZ BUENO
687669423;0201207;0301010072;CONSULTA EM PEDIATRIA;03429604150;STEPHANNO EMMANUEL DE SOUZA CONTIS;10.09.2026;15:00;1;707107892794620;MATHIAS RECH FERRI;28.01.2026;00;8;MAYARA RECH FERRI;RUA;UIRAPURU;CASA;476;JARDIM GRAMADO;79491040;(67)99803-0964;SAO GABRIEL DO OESTE;500769;SAO GABRIEL DO OESTE;500769;8176132;CASA ROSA;M;27.08.2026;ANACLAUDIA_PASCOAL;27.08.2026;ANACLAUDIA_PASCOAL;10.00;CONFIRMADO;Z00;03429604150;STEPHANNO EMMANUEL DE SOUZA CONTIS
687670071;0201207;0301010072;CONSULTA EM PEDIATRIA;03429604150;STEPHANNO EMMANUEL DE SOUZA CONTIS;24.09.2026;13:00;1;708606516732986;NICOLAS INACIO ALVES OLIVEIRA;16.08.2026;00;1;TATIANE APARECIDA ALVES;CHACARA;VISTA DA SERRA;ITAQUI;36;AREA RURAL DE SAO GABRIEL DO OESTE;79493899;(67)99814-2316;SAO GABRIEL DO OESTE;500769;SAO GABRIEL DO OESTE;500769;8176132;CASA ROSA;M;27.08.2026;ANACLAUDIA_PASCOAL;27.08.2026;ANACLAUDIA_PASCOAL;10.00;PENDENTE;Z00;03429604150;STEPHANNO EMMANUEL DE SOUZA CONTIS
687671555;0201207;0301010072;CONSULTA EM PEDIATRIA;03429604150;STEPHANNO EMMANUEL DE SOUZA CONTIS;24.09.2026;15:00;1;705002865486155;HELIZA FERNANDES DOS ANJOS;19.08.2026;00;1;VALQUIRIA PEREIRA FERNANDES;RUA;ESPÍRITO SANTO;CASA FRENTE;2770;CENTRO;;(67)99697-3137 / (67)9964-3068 / (67)99964-3068;SAO GABRIEL DO OESTE;500769;SAO GABRIEL DO OESTE;500769;8176132;CASA ROSA;F;27.08.2026;ANACLAUDIA_PASCOAL;27.08.2026;ANACLAUDIA_PASCOAL;10.00;CONFIRMADO;Z00;03429604150;STEPHANNO EMMANUEL DE SOUZA CONTIS
687673956;0009012;0301010072;CONSULTA EM GINECOLOGIA GESTANTE.;91415799172;ALESSANDRA REGINA GOMES RODOVALHO;08.09.2026;13:00;0;704602169336828;ELOISE HELENA MARTINS SOARES;17.06.2010;16;195;RENATA MARTINS DE LIMA;RUA;CURIÓ;CASA;1727;FÊNIX;79491082;(67)99803-1167 / (67)9318-8598 / (67)9318-8598;SAO GABRIEL DO OESTE;500769;SAO GABRIEL DO OESTE;500769;2370999;UNIDADE DE SAUDE DA FAMILIA FENIX IV;F;27.08.2026;GUSTAVO_PIAIA;29.08.2026;VANIA_MARIANO;10.00;CONFIRMADO;Z34;96245646120;RAFAELLA MARIA COSTA GOIS DE FIGUEIREDO
687681485;0201207;0301010072;CONSULTA EM PEDIATRIA;04145161173;RHUANNE SIQUEIRA GUIMARAES;14.09.2026;07:00;0;702500317801836;HEITOR FREITAS NERI;07.10.2023;02;35;LAIS OLIVEIRA DE FREITAS;RUA;AROEIRA;;294;SAO CRISTOVAO;79491190;(67)99868-7992;SAO GABRIEL DO OESTE;500769;SAO GABRIEL DO OESTE;500769;7002084;UNIDADE DE SAUDE DA FAMILIA IX;M;27.08.2026;FABIELY_MORAES;30.08.2026;VANIA_MARIANO;10.00;CONFIRMADO;Z001;06901507925;EVELYN KASSIA TUDISCO FERNANDES
687707701;0201207;0301010072;CONSULTA EM PEDIATRIA;03429604150;STEPHANNO EMMANUEL DE SOUZA CONTIS;24.09.2026;07:00;1;704605184625420;THEO GIMENES BOCCA;28.03.2026;00;6;KELLY RAYSSA GIMENES DE VASCONCELOS;RUA;CURICACA 1/1465;CASA 2;567;JARDIM GRAMADO;79491010;(67)99697-4221;SAO GABRIEL DO OESTE;500769;SAO GABRIEL DO OESTE;500769;8176132;CASA ROSA;M;27.08.2026;ANACLAUDIA_PASCOAL;27.08.2026;ANACLAUDIA_PASCOAL;10.00;CONFIRMADO;Z00;03429604150;STEPHANNO EMMANUEL DE SOUZA CONTIS
687723980;0201207;0301010072;CONSULTA EM PEDIATRIA;03429604150;STEPHANNO EMMANUEL DE SOUZA CONTIS;10.09.2026;09:00;1;708002834905428;MELISSA IRALA ALVES DA SILVA ALMEIDA;19.08.2026;00;1;VITORIA IRALA DA SILVA DE FREITAS;RUA;HILARIO NICARETTA;;1935;PRIMO MAFFISSONI;79490288;(67)99235-2570;SAO GABRIEL DO OESTE;500769;SAO GABRIEL DO OESTE;500769;8176132;CASA ROSA;F;27.08.2026;ANACLAUDIA_PASCOAL;27.08.2026;ANACLAUDIA_PASCOAL;10.00;PENDENTE;Z00;07781866100;TAINA DE OLIVEIRA SANTO
687726228;0201207;0301010072;CONSULTA EM PEDIATRIA;03429604150;STEPHANNO EMMANUEL DE SOUZA CONTIS;17.09.2026;13:00;1;706402666279685;LEANDRO ALVES PORTO;10.06.2024;02;27;ISADORA ALVES DE SOUZA;RUA;J;;438;CIDADE JARDIM;79492132;(67)99606-1915;SAO GABRIEL DO OESTE;500769;SAO GABRIEL DO OESTE;500769;8176132;CASA ROSA;M;27.08.2026;ANACLAUDIA_PASCOAL;27.08.2026;ANACLAUDIA_PASCOAL;10.00;CONFIRMADO;Z00;03429604150;STEPHANNO EMMANUEL DE SOUZA CONTIS
687729516;0201207;0301010072;CONSULTA EM PEDIATRIA;03429604150;STEPHANNO EMMANUEL DE SOUZA CONTIS;24.09.2026;07:00;1;700604455614469;ELOA GOMES SAMPAIO;09.04.2026;00;5;AMANDA ARTUR GOMES;RUA;FORTUNATO QUINTINO ZANETTI;;1701;PRIMO MAFFISSONI;79490286;(67)99610-7085;SAO GABRIEL DO OESTE;500769;SAO GABRIEL DO OESTE;500769;8176132;CASA ROSA;F;27.08.2026;ANACLAUDIA_PASCOAL;27.08.2026;ANACLAUDIA_PASCOAL;10.00;CONFIRMADO;Z00;03429604150;STEPHANNO EMMANUEL DE SOUZA CONTIS
687768613;0701379;0301010048;CONSULTA EM FONOAUDIOLOIGA - RETORNO;65329520100;LEDA MARIA PAES DA SILVA DOS SANTOS;04.09.2026;07:00;0;702000778074790;ANA CLARA ALVES LEMOS;23.08.2026;00;1;SARA DIAS ALVES;RUA;17 DE AGOSTO;;1399;FENIX;79491118;(67)99674-1573;SAO GABRIEL DO OESTE;500769;SAO GABRIEL DO OESTE;500769;8176132;CASA ROSA;F;28.08.2026;ANACLAUDIA_PASCOAL;28.08.2026;ANACLAUDIA_PASCOAL;6.30;CONFIRMADO;Z00;04145161173;RHUANNE SIQUEIRA GUIMARAES
687787034;0169015;0301010048;TESTE DA ORELHINHA/TRIAGEM AUDITIVA NEONATAL;65329520100;LEDA MARIA PAES DA SILVA DOS SANTOS;25.09.2026;09:00;0;708002834905428;MELISSA IRALA ALVES DA SILVA ALMEIDA;19.08.2026;00;1;VITORIA IRALA DA SILVA DE FREITAS;RUA;HILARIO NICARETTA;;1935;PRIMO MAFFISSONI;79490288;(67)99235-2570;SAO GABRIEL DO OESTE;500769;SAO GABRIEL DO OESTE;500769;8176132;CASA ROSA;F;28.08.2026;ANACLAUDIA_PASCOAL;28.08.2026;ANACLAUDIA_PASCOAL;6.30;PENDENTE;Z00;65329520100;LEDA MARIA PAES DA SILVA DOS SANTOS
687792198;0201207;0301010072;CONSULTA EM PEDIATRIA;57255873120;CLODOALDO SABINO DA SILVA;02.09.2026;07:00;0;704206724596381;HEITOR LEFCHAK FREITAS;16.08.2023;03;37;ERICA VILMA VALLOVERA LEFCHAK;RUA;PARÁ;W;509;AMABILE MAFFISSONI;79490100;(67)99848-5809;SAO GABRIEL DO OESTE;500769;SAO GABRIEL DO OESTE;500769;2370964;UNIDADE DE SAUDE DA FAMILIA III;M;28.08.2026;ANACLAUDIA_NOGUEIRA;28.08.2026;ANACLAUDIA_NOGUEIRA;10.00;CONFIRMADO;Z001;02611833974;HUDSON PERES DORIGAO BELISARIO DE SOUZA
687806033;0701379;0301010048;CONSULTA EM FONOAUDIOLOIGA - RETORNO;65329520100;LEDA MARIA PAES DA SILVA DOS SANTOS;04.09.2026;07:00;0;708107612099240;KENDRICK LEVI GOULART MISKISNISCH;20.08.2026;00;1;HELOISA GOULART RODRIGUES;RUA;PATATIVA;CASA;310;FÊNIX;79491100;(67)99829-9457 / (67)99829-9457;SAO GABRIEL DO OESTE;500769;SAO GABRIEL DO OESTE;500769;8176132;CASA ROSA;M;28.08.2026;ANACLAUDIA_PASCOAL;28.08.2026;ANACLAUDIA_PASCOAL;6.30;CONFIRMADO;Z00;65329520100;LEDA MARIA PAES DA SILVA DOS SANTOS
687808565;0201207;0301010072;CONSULTA EM PEDIATRIA;03429604150;STEPHANNO EMMANUEL DE SOUZA CONTIS;17.09.2026;13:00;1;701804258912579;JOSE MIGUEL FERRAZ;23.03.2026;00;6;BEATRIZ FERRAZ BRUM;RODOVIA;MS-164 ITAMARATI II;GP RIO DOURADOS;1434;FAZENDA ITAMARATI;79901860;(67)99991-6047;PONTA PORA;500660;SAO GABRIEL DO OESTE;500769;8176132;CASA ROSA;M;28.08.2026;ANACLAUDIA_PASCOAL;28.08.2026;ANACLAUDIA_PASCOAL;10.00;CONFIRMADO;Z00;03429604150;STEPHANNO EMMANUEL DE SOUZA CONTIS
687812557;0009012;0301010072;CONSULTA EM GINECOLOGIA GESTANTE.;95747818104;VANESSA BRESCHI;03.09.2026;07:40;1;704000809337867;ANGELA DO PRADO DA SILVA;16.04.1997;29;353;SUELI ROSANGELA DO PRADO;RUA;PERNAMBUCO 2400/99999;;2881;JARDIM PRIMAVERA;79490174;(67)99652-2741;SAO GABRIEL DO OESTE;500769;SAO GABRIEL DO OESTE;500769;8176132;CASA ROSA;F;28.08.2026;ANACLAUDIA_PASCOAL;29.08.2026;VANIA_MARIANO;10.00;CONFIRMADO;Z00;95747818104;VANESSA BRESCHI
687901611;0009012;0301010072;CONSULTA EM GINECOLOGIA GESTANTE.;91415799172;ALESSANDRA REGINA GOMES RODOVALHO;01.09.2026;07:00;0;700808401960085;KAROLLINY LEMES DE OLIVEIRA;12.05.2007;19;232;KELLY LEMES FERREIRA;RUA;MISSÕES;;71;MILANI;79492088;(67)99217-1345;SAO GABRIEL DO OESTE;500769;SAO GABRIEL DO OESTE;500769;8176132;CASA ROSA;F;28.08.2026;TAINAOLIVEIRA;31.08.2026;VANIA_MARIANO;10.00;PENDENTE;Z00;91415799172;ALESSANDRA REGINA GOMES RODOVALHO
687911972;0201207;0301010072;CONSULTA EM PEDIATRIA;01865429171;AMANDA NANTES AQUINO;01.09.2026;14:00;1;707106344737620;NOA GAEL SCHEIFER LEMES;29.04.2026;00;5;FRANCIELE LEMES LIMA;RUA;CAMBARÁ;;725;SÃO CRISTOVÃO;79491186;(67)99882-9485;SAO GABRIEL DO OESTE;500769;SAO GABRIEL DO OESTE;500769;8176132;CASA ROSA;M;28.08.2026;TAINAOLIVEIRA;28.08.2026;TAINAOLIVEIRA;10.00;CONFIRMADO;Z00;01865429171;AMANDA NANTES AQUINO
687927812;0009012;0301010072;CONSULTA EM GINECOLOGIA GESTANTE.;91415799172;ALESSANDRA REGINA GOMES RODOVALHO;08.09.2026;13:00;0;700008455648109;YSAMAR YOHANA SALAS SANCHEZ;14.09.1992;34;408;MARLENE JOSEFINA SANCHEZ BRACHO;RUA;SANTA MARIA;;04;MILANI;79492074;(67)99607-5873;SAO GABRIEL DO OESTE;500769;SAO GABRIEL DO OESTE;500769;8176132;CASA ROSA;F;28.08.2026;ANACLAUDIA_PASCOAL;29.08.2026;VANIA_MARIANO;10.00;PENDENTE;Z00;;YASMIN YAIME PAIVA DE ARAUJO 
687934302;0201207;0301010072;CONSULTA EM PEDIATRIA;03429604150;STEPHANNO EMMANUEL DE SOUZA CONTIS;10.09.2026;09:00;1;707405055503376;ISIS VALENTINA CARVALHO DE ARAUJO;30.06.2026;00;3;LIDUINA CABRAL DE ARRUDA ARAUJO;RUA;DAS ANHUMAS;;829;JARDIM GRAMADO;79491016;(61)3315-2425;SAO GABRIEL DO OESTE;500769;SAO GABRIEL DO OESTE;500769;8176132;CASA ROSA;F;28.08.2026;ANACLAUDIA_PASCOAL;28.08.2026;ANACLAUDIA_PASCOAL;10.00;CONFIRMADO;Z00;03429604150;STEPHANNO EMMANUEL DE SOUZA CONTIS
687942617;0201207;0301010072;CONSULTA EM PEDIATRIA;03429604150;STEPHANNO EMMANUEL DE SOUZA CONTIS;24.09.2026;15:00;1;700006559314507;MAITE OLIVEIRA CAMARGO;16.08.2026;00;1;JOICE APARECIDA CAMARGO DE ALMEIDA;RUA;DAS CORUJAS;;752;FENIX;79491054;(67)99902-6263;SAO GABRIEL DO OESTE;500769;SAO GABRIEL DO OESTE;500769;8176132;CASA ROSA;F;28.08.2026;ANACLAUDIA_PASCOAL;28.08.2026;ANACLAUDIA_PASCOAL;10.00;CONFIRMADO;Z00;03429604150;STEPHANNO EMMANUEL DE SOUZA CONTIS
687944689;0701379;0301010048;CONSULTA EM FONOAUDIOLOIGA - RETORNO;65329520100;LEDA MARIA PAES DA SILVA DOS SANTOS;04.09.2026;13:00;0;700806481824386;ISAAC FELIPE RODRIGUES DO CARMO;03.06.2026;00;4;RAISSA RODRIGUES AMORIM;RUA;GOIAS 1/2399;;2436;CENTRO;79490017;(67)99820-8136 / (67)99999-7841;SAO GABRIEL DO OESTE;500769;SAO GABRIEL DO OESTE;500769;8176132;CASA ROSA;M;28.08.2026;ANACLAUDIA_PASCOAL;28.08.2026;ANACLAUDIA_PASCOAL;6.30;CONFIRMADO;Z00;65329520100;LEDA MARIA PAES DA SILVA DOS SANTOS
687945361;0009012;0301010072;CONSULTA EM GINECOLOGIA GESTANTE.;91415799172;ALESSANDRA REGINA GOMES RODOVALHO;08.09.2026;13:00;0;708407711606261;RENATA COUTO MOREIRA;14.01.2002;24;296;ROSANA COUTO NASCIMENTO;RUA;RONDÔNIA;;802;PRIMO MAFFISSONI;79490252;(67)99897-6563 / (67)99897-6563;SAO GABRIEL DO OESTE;500769;SAO GABRIEL DO OESTE;500769;2591359;UNIDADE DE SAUDE DA FAMILIA V;F;28.08.2026;CHRISTIANEHELEN_FREITAS;28.08.2026;CHRISTIANEHELEN_FREITAS;10.00;PENDENTE;Z875;04796956107;JULIANA DA ROCHA PEREIRA MENEZES
687945849;0201207;0301010072;CONSULTA EM PEDIATRIA;01865429171;AMANDA NANTES AQUINO;15.09.2026;13:00;0;704709760812933;OLIVIA SANTOS VIEIRA;17.08.2022;04;49;CRISTINA CRESCENCIO DOS SANTOS;RUA;ANHUMAS;CASA;1673;JARDIM GRAMADO;79490000;(67)99639-1216;SAO GABRIEL DO OESTE;500769;SAO GABRIEL DO OESTE;500769;5971055;UNIDADE DE SAUDE DA FAMILIA VIII;F;28.08.2026;JESSICAPADILHA;28.08.2026;JESSICAPADILHA;10.00;CONFIRMADO;Z001;04805244160;RENNAN ORTIZ BUENO
687997239;0055074;0301010072;CONSULTA EM CIRURGIA GINECOLOGICA - RETORNO POS OPERATORIO;88308499953;LUCINALDO BASSO;02.09.2026;08:00;0;700804986169588;ELOISA JESUS DA CRUZ;13.06.1995;31;375;ADRIANA DE JESUS DOS SANTOS;RUA;CANARIOS;;332;JARDIM GRAMADO;79490000;(67)99651-3204;SAO GABRIEL DO OESTE;500769;SAO GABRIEL DO OESTE;500769;6354265;CENTRAL DE REGULACAO DE SAO GABRIEL DO OESTE;F;29.08.2026;VANIA_MARIANO;29.08.2026;VANIA_MARIANO;10.00;PENDENTE;Z988;;LUCINALDO BASSO
688032018;0009001;0301010072;CONSULTA EM GINECOLOGIA - GERAL;91415799172;ALESSANDRA REGINA GOMES RODOVALHO;14.09.2026;13:15;0;700000147037403;MARGARETH ALVES DE SOUZA ALMEIDA;26.12.1978;47;573;GERALDINA APARECIDA ALVES DE SOUZA;RUA;O;;1040;CIDADE JARDIM 2;79492144;(67)99224-3317;SAO GABRIEL DO OESTE;500769;SAO GABRIEL DO OESTE;500769;8176132;CASA ROSA;F;31.08.2026;ANACLAUDIA_PASCOAL;10.09.2026;VANIA_MARIANO;10.00;CONFIRMADO;Z00;91415799172;ALESSANDRA REGINA GOMES RODOVALHO
688039172;0009012;0301010072;CONSULTA EM GINECOLOGIA GESTANTE.;10963419641;MARIA FERNANDA DIAS BASILIO;09.09.2026;13:30;0;709802058675399;BARBARA BECKER VIEIRA;15.03.1999;27;330;MARCIA BECKER;RUA;MINAS GERAIS;;1966;CENTRO;79490000;(67)99926-5692;SAO GABRIEL DO OESTE;500769;SAO GABRIEL DO OESTE;500769;8176132;CASA ROSA;F;31.08.2026;ARIROSA;31.08.2026;ARIROSA;10.00;PENDENTE;Z00;10963419641;MARIA FERNANDA DIAS BASILIO
688061837;0009012;0301010072;CONSULTA EM GINECOLOGIA GESTANTE.;88308499953;LUCINALDO BASSO;21.09.2026;07:00;1;702409579646624;REGIANE INACIO PIRES DE MORAES;16.09.2002;24;288;SELMA INACIO PIRES DA SILVA MORAES;RUA;P;;871;CIDADE JARDIM 2;79492146;(67)99800-1609;SAO GABRIEL DO OESTE;500769;SAO GABRIEL DO OESTE;500769;8176132;CASA ROSA;F;31.08.2026;ANACLAUDIA_PASCOAL;01.09.2026;VANIA_MARIANO;10.00;CONFIRMADO;Z00;88308499953;LUCINALDO BASSO
688068351;0009012;0301010072;CONSULTA EM GINECOLOGIA GESTANTE.;88308499953;LUCINALDO BASSO;14.09.2026;07:15;1;705003274451652;MAIARA APARECIDA FERREIRA DE FREITAS;05.02.1991;35;428;BENEDITA FERREIRA;RUA;SANTA MARIA;CASA2;13;MILANI;79490000;(67)99821-8257;SAO GABRIEL DO OESTE;500769;SAO GABRIEL DO OESTE;500769;8176132;CASA ROSA;F;31.08.2026;ANACLAUDIA_PASCOAL;09.09.2026;VANIA_MARIANO;10.00;CONFIRMADO;Z00;88308499953;LUCINALDO BASSO
688070139;0009012;0301010072;CONSULTA EM GINECOLOGIA GESTANTE.;88308499953;LUCINALDO BASSO;21.09.2026;07:00;1;704802598720849;JHENIFER VALDEZ PERUZZO;27.01.2000;26;320;MERCEDES VALDEZ PERUZZO;RUA;CURIO;;1142;JARDIM GRAMADO;79491012;(67)99248-9366;SAO GABRIEL DO OESTE;500769;SAO GABRIEL DO OESTE;500769;8176132;CASA ROSA;F;31.08.2026;ANACLAUDIA_PASCOAL;01.09.2026;VANIA_MARIANO;10.00;CONFIRMADO;Z00;88308499953;LUCINALDO BASSO
688071686;0009012;0301010072;CONSULTA EM GINECOLOGIA GESTANTE.;88308499953;LUCINALDO BASSO;14.09.2026;07:00;1;705608498395313;BIANCA DA SILVA RONDON;02.01.2011;15;189;ANA PAULA RODA DA SILVA;RUA;PEDRO SEGATTO;CASA 1;249;FÊNIX;79491062;(67)99919-4777 / (67)99935-0459;SAO GABRIEL DO OESTE;500769;SAO GABRIEL DO OESTE;500769;8176132;CASA ROSA;F;31.08.2026;ANACLAUDIA_PASCOAL;01.09.2026;VANIA_MARIANO;10.00;CONFIRMADO;Z00;88308499953;LUCINALDO BASSO
688073915;0201207;0301010072;CONSULTA EM PEDIATRIA;03429604150;STEPHANNO EMMANUEL DE SOUZA CONTIS;03.09.2026;13:00;0;703502098979430;LEO COUTO KUHN;15.10.2025;00;11;SANDRA GOMES COUTO;RUA;MARIA SEVERO;;2231;PRIMO MAFFISSONI;79490284;(67)99641-6717;SAO GABRIEL DO OESTE;500769;SAO GABRIEL DO OESTE;500769;7333218;UNIDADE DE SAUDE DA FAMILIA X;M;31.08.2026;RAISSASILVALIMA;31.08.2026;RAISSASILVALIMA;10.00;CONFIRMADO;Z001;63805480172;CLEDSON PERETTI
688078810;0009012;0301010072;CONSULTA EM GINECOLOGIA GESTANTE.;88308499953;LUCINALDO BASSO;14.09.2026;07:15;1;706409675491787;SANDRA ELLEN DE SOUZA OLIVEIRA;17.08.2004;22;265;CLEODINEIA BARBOSA DE SOUZA SILVA;RUA;DOS ROUXINOIS;;1386;SAO CRISTOVAO;79491200;(67)99845-1723;SAO GABRIEL DO OESTE;500769;SAO GABRIEL DO OESTE;500769;8176132;CASA ROSA;F;31.08.2026;ANACLAUDIA_PASCOAL;09.09.2026;VANIA_MARIANO;10.00;CONFIRMADO;Z00;88308499953;LUCINALDO BASSO
688082135;0201207;0301010072;CONSULTA EM PEDIATRIA;04145161173;RHUANNE SIQUEIRA GUIMARAES;14.09.2026;09:00;1;706501378078496;ANTONIO PIAIA FAVA SEGATTO;20.08.2026;00;1;ALINE PIAIA MARTINS;RUA;DONA ELVIRA;;862;MILANI;79492070;(67)99824-1997;SAO GABRIEL DO OESTE;500769;SAO GABRIEL DO OESTE;500769;8176132;CASA ROSA;M;31.08.2026;ANACLAUDIA_PASCOAL;01.09.2026;VANIA_MARIANO;10.00;CONFIRMADO;Z00;04145161173;RHUANNE SIQUEIRA GUIMARAES
688098545;0009012;0301010072;CONSULTA EM GINECOLOGIA GESTANTE.;88308499953;LUCINALDO BASSO;14.09.2026;09:00;1;700405977666447;IANA DA COSTA LUIZ;14.07.2005;21;254;MARIA AUXILIADORA COSTA DOS ANJOS;RUA;SAO JORGE;CASA 60;289;JARDIM PRIMAVERA;79490164;(67)99918-9541;SAO GABRIEL DO OESTE;500769;SAO GABRIEL DO OESTE;500769;8176132;CASA ROSA;F;31.08.2026;ANACLAUDIA_PASCOAL;01.09.2026;VANIA_MARIANO;10.00;CONFIRMADO;Z016;88308499953;LUCINALDO BASSO
688105559;0009012;0301010072;CONSULTA EM GINECOLOGIA GESTANTE.;32111630187;JOSE EDACYR SIMM;15.09.2026;07:10;1;704500177853320;ANDRESSA SILVA SOUZA;01.07.2005;21;255;ANTONIA SOUZA DE LIMA;RUA;SAO MANOEL;;694;MILANI;79492062;(67)99929-0948;SAO GABRIEL DO OESTE;500769;SAO GABRIEL DO OESTE;500769;2370972;UNIDADE DE SAUDE DA FAMILIA MILANE II;F;31.08.2026;VANESSAMARTINS_AREADO;31.08.2026;VANIA_MARIANO;10.00;CONFIRMADO;Z000;;AMANDA LUISA BIAZUS 
688107893;0201207;0301010072;CONSULTA EM PEDIATRIA;04145161173;RHUANNE SIQUEIRA GUIMARAES;14.09.2026;13:00;1;700403449067746;JOAO GREGORIO MOCELIN;14.05.2025;01;16;FRANCISCA EDNA RODRIGUES DA SILVA;RUA;PATATIVA;;287;FENIX;79491100;(67)99606-2344;SAO GABRIEL DO OESTE;500769;SAO GABRIEL DO OESTE;500769;8176132;CASA ROSA;M;31.08.2026;ANACLAUDIA_PASCOAL;01.09.2026;VANIA_MARIANO;10.00;CONFIRMADO;Z00;04145161173;RHUANNE SIQUEIRA GUIMARAES
688111841;0009012;0301010072;CONSULTA EM GINECOLOGIA GESTANTE.;88308499953;LUCINALDO BASSO;21.09.2026;07:00;1;700003199114800;SUELEN CRISTINA DE SOUZA ARF;08.12.2002;23;285;ANGELA MARIA DE SOUZA;RUA;TICO-TICO;;243;FÊNIX;79491096;(67)99698-6175 / (67)98452-9923;SAO GABRIEL DO OESTE;500769;SAO GABRIEL DO OESTE;500769;8176132;CASA ROSA;F;31.08.2026;ANACLAUDIA_PASCOAL;31.08.2026;ANACLAUDIA_PASCOAL;10.00;CONFIRMADO;Z00;88308499953;LUCINALDO BASSO
688123874;0009012;0301010072;CONSULTA EM GINECOLOGIA GESTANTE.;88308499953;LUCINALDO BASSO;21.09.2026;09:00;1;700306977610338;IONARA SOUZA DA SILVA;17.03.1999;27;330;IONE MARTINS DE SOUZA;RUA;ALAGOAS;CASA 4;1114;PRIMO MAFFISSONI;79490258;(67)99959-2454;SAO GABRIEL DO OESTE;500769;SAO GABRIEL DO OESTE;500769;8176132;CASA ROSA;F;31.08.2026;ANACLAUDIA_PASCOAL;01.09.2026;VANIA_MARIANO;10.00;CONFIRMADO;Z00;88308499953;LUCINALDO BASSO
688134768;0009012;0301010072;CONSULTA EM GINECOLOGIA GESTANTE.;88308499953;LUCINALDO BASSO;21.09.2026;09:00;1;704707721777039;MAYARA PEREIRA MARTINS;17.11.1995;30;370;NOEMI PAIAO PEREIRA;RUA;TANGARA;CASA 2;225;FENIX;79491106;(67)99628-5826;SAO GABRIEL DO OESTE;500769;SAO GABRIEL DO OESTE;500769;8176132;CASA ROSA;F;31.08.2026;ANACLAUDIA_PASCOAL;01.09.2026;VANIA_MARIANO;10.00;CONFIRMADO;Z00;88308499953;LUCINALDO BASSO
688135461;0009012;0301010072;CONSULTA EM GINECOLOGIA GESTANTE.;88308499953;LUCINALDO BASSO;21.09.2026;07:00;1;700406458335440;ANA FLAVIA ALVES DE OLIVEIRA;20.05.2005;21;256;LUANA ALVES MARTINEZ;FAZENDA;POR DO SOL;;S/N;AREA RURAL DE SAO GABRIEL DO OESTE;79493899;(67)99889-5839;SAO GABRIEL DO OESTE;500769;SAO GABRIEL DO OESTE;500769;8176132;CASA ROSA;F;31.08.2026;ANACLAUDIA_PASCOAL;01.09.2026;VANIA_MARIANO;10.00;PENDENTE;Z00;88308499953;LUCINALDO BASSO
688151265;0009012;0301010072;CONSULTA EM GINECOLOGIA GESTANTE.;88308499953;LUCINALDO BASSO;21.09.2026;07:00;1;704308548821994;LOHANA ARAUJO SOARES DOS SANTOS;10.06.2000;26;315;LAURA VANUIRE ARAUJO SOARES;RUA;BAHIA;;780;CENTRO;79490000;(67)99949-5969;SAO GABRIEL DO OESTE;500769;SAO GABRIEL DO OESTE;500769;8176132;CASA ROSA;F;31.08.2026;ANACLAUDIA_PASCOAL;31.08.2026;ANACLAUDIA_PASCOAL;10.00;CONFIRMADO;Z00;88308499953;LUCINALDO BASSO
688158669;0009012;0301010072;CONSULTA EM GINECOLOGIA GESTANTE.;88308499953;LUCINALDO BASSO;21.09.2026;09:00;1;707007826758639;ANA CAROLINA FERRO DE SOUZA;06.10.2005;21;252;DEJANIRA ARGUELHO FERRO;RUA;IPÊ ROXO;;669;SÃO CRISTOVÃO;79491216;(67)99622-2671 / (67)9850-4399 / (67)99845-7739;SAO GABRIEL DO OESTE;500769;SAO GABRIEL DO OESTE;500769;8176132;CASA ROSA;F;31.08.2026;ANACLAUDIA_PASCOAL;01.09.2026;VANIA_MARIANO;10.00;PENDENTE;Z00;88308499953;LUCINALDO BASSO
688164205;0009012;0301010072;CONSULTA EM GINECOLOGIA GESTANTE.;88308499953;LUCINALDO BASSO;21.09.2026;09:00;1;700808930296790;CAROLAINE RAMOS CARVALHO;17.09.1998;28;336;MARIA APARECIDA RAMOS DE SOUZA;RUA;AROEIRA;CASA;282;SÃO CRISTOVÃO;79491190;(67)99625-7131 / (67)9894-3015 / (67)99894-3015;SAO GABRIEL DO OESTE;500769;SAO GABRIEL DO OESTE;500769;8176132;CASA ROSA;F;31.08.2026;ANACLAUDIA_PASCOAL;31.08.2026;ANACLAUDIA_PASCOAL;10.00;CONFIRMADO;Z00;88308499953;LUCINALDO BASSO
688182687;0201207;0301010072;CONSULTA EM PEDIATRIA;03429604150;STEPHANNO EMMANUEL DE SOUZA CONTIS;17.09.2026;15:00;1;700000740545307;EMANUELLE FURTADO ANTONIO;19.02.2026;00;7;MICHELLE FURTADO CAMARGO;RUA;JURITI;;355;FÊNIX;79491014;(67)99168-1624 / (67)99197-0937;SAO GABRIEL DO OESTE;500769;SAO GABRIEL DO OESTE;500769;8176132;CASA ROSA;F;31.08.2026;ANACLAUDIA_PASCOAL;31.08.2026;ANACLAUDIA_PASCOAL;10.00;PENDENTE;Z00;03429604150;STEPHANNO EMMANUEL DE SOUZA CONTIS
688182859;0169015;0301010048;TESTE DA ORELHINHA/TRIAGEM AUDITIVA NEONATAL;65329520100;LEDA MARIA PAES DA SILVA DOS SANTOS;04.09.2026;09:00;1;700000740545307;EMANUELLE FURTADO ANTONIO;19.02.2026;00;7;MICHELLE FURTADO CAMARGO;RUA;JURITI;;355;FÊNIX;79491014;(67)99168-1624 / (67)99197-0937;SAO GABRIEL DO OESTE;500769;SAO GABRIEL DO OESTE;500769;8176132;CASA ROSA;F;31.08.2026;ANACLAUDIA_PASCOAL;31.08.2026;ANACLAUDIA_PASCOAL;6.30;PENDENTE;Z00;65329520100;LEDA MARIA PAES DA SILVA DOS SANTOS
688232507;0201207;0301010072;CONSULTA EM PEDIATRIA;03429604150;STEPHANNO EMMANUEL DE SOUZA CONTIS;24.09.2026;09:00;1;700007759765805;MARIA CECILIA VERA DE MORAES;21.01.2026;00;8;ANA CLARA PEREIRA VERA;AVENIDA;CASTELO BRANCO;;1108;CENTRO;79490059;(67)99352-9544;SAO GABRIEL DO OESTE;500769;SAO GABRIEL DO OESTE;500769;2599376;UNIDADE DE SAUDE DA FAMILIA VI;F;31.08.2026;MARIANA_MARTINS;31.08.2026;MARIANA_MARTINS;10.00;CONFIRMADO;Z001;06437691107;MAIARA FLORES SCARIOT
688267193;0009001;0301010072;CONSULTA EM GINECOLOGIA - GERAL;95747818104;VANESSA BRESCHI;09.09.2026;13:30;0;700900935144699;BARBARA BEATRIZ DA SILVA COSTA;18.08.1997;29;349;MARIA LUCIA DA SILVA;RUA;HILARIO NICARETTA;;1965;PRIMO MAFFISSONI;79490288;(67)99950-9666;SAO GABRIEL DO OESTE;500769;SAO GABRIEL DO OESTE;500769;8176132;CASA ROSA;F;31.08.2026;ANACLAUDIA_PASCOAL;02.09.2026;VANIA_MARIANO;10.00;CONFIRMADO;Z00;;GEOVANNA BEATRIZ 
688275867;0701379;0301010048;CONSULTA EM FONOAUDIOLOIGA - RETORNO;65329520100;LEDA MARIA PAES DA SILVA DOS SANTOS;25.09.2026;13:00;0;705003250887159;ELOA CECILIA SCHEIDT;10.03.2026;00;6;FRANCIELE ANDREIA HAGEMANN SCHEIDT;AREA;FAZENDA PILON;;S/N;AREA RURAL DE SAO GABRIEL DO OESTE;79493899;(67)99962-2094;SAO GABRIEL DO OESTE;500769;SAO GABRIEL DO OESTE;500769;8176132;CASA ROSA;F;31.08.2026;ANACLAUDIA_PASCOAL;31.08.2026;ANACLAUDIA_PASCOAL;6.30;CONFIRMADO;Z00;65329520100;LEDA MARIA PAES DA SILVA DOS SANTOS
688297590;0701379;0301010048;CONSULTA EM FONOAUDIOLOIGA - RETORNO;65329520100;LEDA MARIA PAES DA SILVA DOS SANTOS;11.09.2026;13:00;0;703400279914712;DAVI SOBRINHO BRANDAO;11.03.2026;00;6;CRISTINA SOBRINHO DOS ANJOS;RUA;GAIVOTAS;;2307;FÊNIX;79491094;(67)99145-1596;SAO GABRIEL DO OESTE;500769;SAO GABRIEL DO OESTE;500769;8176132;CASA ROSA;M;31.08.2026;ANACLAUDIA_PASCOAL;31.08.2026;ANACLAUDIA_PASCOAL;6.30;CONFIRMADO;Z00;04145161173;RHUANNE SIQUEIRA GUIMARAES
688345288;0055074;0301010072;CONSULTA EM CIRURGIA GINECOLOGICA - RETORNO POS OPERATORIO;88308499953;LUCINALDO BASSO;09.09.2026;08:00;0;704003832967467;RENATA MARTINS DE LIMA;07.07.1978;48;578;REGINA MARTINS DE LIMA;RUA;CURIÓ;CASA 1;1727;FÊNIX;79491082;(67)99803-1167 / (67)99803-1167;SAO GABRIEL DO OESTE;500769;SAO GABRIEL DO OESTE;500769;8176132;CASA ROSA;F;01.09.2026;ANACLAUDIA_PASCOAL;03.09.2026;VANIA_MARIANO;10.00;CONFIRMADO;Z00;88308499953;LUCINALDO BASSO
688347932;0009012;0301010072;CONSULTA EM GINECOLOGIA GESTANTE.;91415799172;ALESSANDRA REGINA GOMES RODOVALHO;15.09.2026;13:00;1;700009687044505;FRANCIELI COELHO VEIGA;21.09.2000;26;312;SONIA BELARMINO DA SILVA;RUA;ALBINO SOUZA BRANDAO 1/1199;;807;CENTRO;79490057;(67)99929-0302;SAO GABRIEL DO OESTE;500769;SAO GABRIEL DO OESTE;500769;8176132;CASA ROSA;F;01.09.2026;ANACLAUDIA_PASCOAL;01.09.2026;VANIA_MARIANO;10.00;CONFIRMADO;Z00;91415799172;ALESSANDRA REGINA GOMES RODOVALHO
688355598;0009012;0301010072;CONSULTA EM GINECOLOGIA GESTANTE.;91415799172;ALESSANDRA REGINA GOMES RODOVALHO;08.09.2026;13:00;1;700209474323324;MARLENE COSTA DA CUNHA VILALVA;02.11.2002;23;287;ZENIL COSTA DA CUNHA;RUA;SANTA CATARINA;3;2579;AMABILE MAFFISSONI;79490082;(67)98116-5234;SAO GABRIEL DO OESTE;500769;SAO GABRIEL DO OESTE;500769;8176132;CASA ROSA;F;01.09.2026;ANACLAUDIA_PASCOAL;01.09.2026;VANIA_MARIANO;10.00;CONFIRMADO;Z00;91415799172;ALESSANDRA REGINA GOMES RODOVALHO
688359670;0201207;0301010072;CONSULTA EM PEDIATRIA;03429604150;STEPHANNO EMMANUEL DE SOUZA CONTIS;17.09.2026;13:00;1;702507779809540;YASMIM KETHILYN DA SILVA GOMES;06.12.2018;07;94;JOICE SILVA DE PAULA GOMES;FAZENDA;ROSADA;;S/N;RURAL;79490000;(67)99934-9559;SAO GABRIEL DO OESTE;500769;SAO GABRIEL DO OESTE;500769;6452116;CENTRO DE ESPECIALIDADES MEDICAS;F;01.09.2026;TAINA_CEM;01.09.2026;TAINA_CEM;10.00;CONFIRMADO;Z00;;STEPHANNO CONTRIS
688386063;0009012;0301010072;CONSULTA EM GINECOLOGIA GESTANTE.;91415799172;ALESSANDRA REGINA GOMES RODOVALHO;08.09.2026;13:00;0;706404638335284;KEYTT RAQUELL ZUIEWSKIY;19.03.2001;25;306;LILIANE DE ALMEIDA NEVES;RUA;JOAO RODRIGUES MIRANDA 1200/99999;;1474;PRIMO MAFFISSONI;79490320;(67)98418-7896;SAO GABRIEL DO OESTE;500769;SAO GABRIEL DO OESTE;500769;7333218;UNIDADE DE SAUDE DA FAMILIA X;F;01.09.2026;RAISSASILVALIMA;01.09.2026;RAISSASILVALIMA;10.00;CONFIRMADO;Z34;63805480172;CLEDSON PERETTI
688407255;0009012;0301010072;CONSULTA EM GINECOLOGIA GESTANTE.;88308499953;LUCINALDO BASSO;14.09.2026;09:00;0;700005218695305;CAMILA ANTUNES DA SILVA KELLER;14.05.1997;29;352;ALMERI APARECIDA DE OLIVEIRA ANTUNES;RUA;CANARIOS;CASA;2001;FENIX;79490000;(67)9996-7845;SAO GABRIEL DO OESTE;500769;SAO GABRIEL DO OESTE;500769;2370999;UNIDADE DE SAUDE DA FAMILIA FENIX IV;F;01.09.2026;GUSTAVO_PIAIA;01.09.2026;GUSTAVO_PIAIA;10.00;CONFIRMADO;O244;96245646120;RAFAELLA MARIA COSTA GOIS DE FIGUEIREDO
688411465;0201207;0301010072;CONSULTA EM PEDIATRIA;03429604150;STEPHANNO EMMANUEL DE SOUZA CONTIS;17.09.2026;15:00;1;700006142572802;MATTEO BARALDI DUDA DA SILVA;17.06.2026;00;3;GABRIELA RODRIGUES BARALDI;RUA;PELICANOS;;239;JARDIM GRAMADO;79491004;(61)3315-2425;SAO GABRIEL DO OESTE;500769;SAO GABRIEL DO OESTE;500769;8176132;CASA ROSA;M;01.09.2026;ANACLAUDIA_PASCOAL;01.09.2026;ANACLAUDIA_PASCOAL;10.00;CONFIRMADO;Z00;03429604150;STEPHANNO EMMANUEL DE SOUZA CONTIS
688447041;0009012;0301010072;CONSULTA EM GINECOLOGIA GESTANTE.;10963419641;MARIA FERNANDA DIAS BASILIO;16.09.2026;13:30;0;704602674076323;CLAUDELICE BATISTA DOS SANTOS;22.11.1999;26;322;VALDELICE BATISTA DOS SANTOS;RUA;BOAVENTURA FERREIRA ROSA;;288;CENTRO;79490031;(67)99665-7007;SAO GABRIEL DO OESTE;500769;SAO GABRIEL DO OESTE;500769;2591359;UNIDADE DE SAUDE DA FAMILIA V;F;01.09.2026;CHRISTIANEHELEN_FREITAS;01.09.2026;CHRISTIANEHELEN_FREITAS;10.00;PENDENTE;Z359;04796956107;JULIANA DA ROCHA PEREIRA MENEZES
688452038;0009012;0301010072;CONSULTA EM GINECOLOGIA GESTANTE.;32111630187;JOSE EDACYR SIMM;22.09.2026;07:00;1;700401927992940;NYCOLLY THAUANY WILCK;07.01.2003;23;284;MARLENE DE BRITO MEDINA;RUA;K;;992;CIDADE JARDIM 2;79492136;(67)99818-4084;SAO GABRIEL DO OESTE;500769;SAO GABRIEL DO OESTE;500769;8176132;CASA ROSA;F;01.09.2026;ARIROSA;09.09.2026;VANIA_MARIANO;10.00;CONFIRMADO;Z00;32111630187;JOSE EDACYR SIMM
688457682;0201207;0301010072;CONSULTA EM PEDIATRIA;01865429171;AMANDA NANTES AQUINO;08.09.2026;07:00;0;700209953274021;VALLENTINA DE MATOS INAJOSSA;14.03.2018;08;102;JULIANA DE MATOS DE SOUZA;RUA;IGNES BARATIERI RIZZO;CASA 01;516;PRIMO MAFISSONI;79490000;(67)99683-3868;SAO GABRIEL DO OESTE;500769;SAO GABRIEL DO OESTE;500769;6354265;CENTRAL DE REGULACAO DE SAO GABRIEL DO OESTE;F;01.09.2026;THAYANA_SAOGABRIEL;01.09.2026;THAYANA_SAOGABRIEL;10.00;CONFIRMADO;Z001;;AMANDA NANTES AQUINO
688505377;0201207;0301010072;CONSULTA EM PEDIATRIA;37817795649;GILBERT MAIRINK RODRIGUES;04.09.2026;15:00;0;702009348812581;THAYLLA SOUZA MARQUES;16.04.2025;01;17;BRUNA DE SOUZA CARDOSO;RUA;RIO DE JANEIRO;;2130;CENTRO;79490019;(67)99698-2708;SAO GABRIEL DO OESTE;500769;SAO GABRIEL DO OESTE;500769;8176132;CASA ROSA;F;01.09.2026;ARIROSA;01.09.2026;ARIROSA;10.00;CONFIRMADO;Z00;57255873120;CLODOALDO SABINO DA SILVA
688514577;0009012;0301010072;CONSULTA EM GINECOLOGIA GESTANTE.;95747818104;VANESSA BRESCHI;24.09.2026;07:00;1;703407941215700;BEATRIZ VIEIRA DE LIMA;06.07.2005;21;255;GRAZZIELLE RODRIGUES VIEIRA DE SOUSA;RUA;BEIJA-FLOR 1/99998;;1158;FENIX;79491120;(67)99806-7469;SAO GABRIEL DO OESTE;500769;SAO GABRIEL DO OESTE;500769;8176132;CASA ROSA;F;01.09.2026;ARIROSA;01.09.2026;ARIROSA;10.00;CONFIRMADO;Z00;95747818104;VANESSA BRESCHI
688524739;0009012;0301010072;CONSULTA EM GINECOLOGIA GESTANTE.;91415799172;ALESSANDRA REGINA GOMES RODOVALHO;08.09.2026;13:00;1;704306501607390;KETYLLY QUARESMA DA SILVA;21.09.2001;25;300;CLECIA VIEIRA DA SILVA;RUA;17 DE AGOSTO;CASA 3;1546;FENIX;79491118;(67)99127-7652;SAO GABRIEL DO OESTE;500769;SAO GABRIEL DO OESTE;500769;8176132;CASA ROSA;F;01.09.2026;ARIROSA;07.09.2026;VANIA_MARIANO;10.00;CONFIRMADO;Z00;91415799172;ALESSANDRA REGINA GOMES RODOVALHO
688531838;0201207;0301010072;CONSULTA EM PEDIATRIA;03429604150;STEPHANNO EMMANUEL DE SOUZA CONTIS;24.09.2026;07:00;0;704809017110643;DAVI SORGATTO RAMPANELLI;19.08.2026;00;1;EMANUELE BOZZA SORGATTO RAMPANELLI;RUA;M;DAVI SORGATTO RAMPINELLI;486;CIDADE JARDIM;79492140;(67)99812-2903;SAO GABRIEL DO OESTE;500769;SAO GABRIEL DO OESTE;500769;8176132;CASA ROSA;M;01.09.2026;ARIROSA;01.09.2026;ARIROSA;10.00;CONFIRMADO;Z00;04145161173;RHUANNE SIQUEIRA GUIMARAES
688540033;0201207;0301010072;CONSULTA EM PEDIATRIA;37817795649;GILBERT MAIRINK RODRIGUES;04.09.2026;15:00;0;705009266212356;LOUYSE ANTONELLA ANDRADE OLIVEIRA;29.08.2026;00;1;JENYFFER RAFAELLA NOGUEIRA DE OLIVEIRA;RUA;GARÇAS;;887;FÊNIX;79491060;(67)99826-3520;SAO GABRIEL DO OESTE;500769;SAO GABRIEL DO OESTE;500769;8176132;CASA ROSA;F;01.09.2026;ARIROSA;01.09.2026;ARIROSA;10.00;CONFIRMADO;Z00;03429604150;STEPHANNO EMMANUEL DE SOUZA CONTIS
688540372;0701379;0301010048;CONSULTA EM FONOAUDIOLOIGA - RETORNO;65329520100;LEDA MARIA PAES DA SILVA DOS SANTOS;04.09.2026;07:00;0;705009266212356;LOUYSE ANTONELLA ANDRADE OLIVEIRA;29.08.2026;00;1;JENYFFER RAFAELLA NOGUEIRA DE OLIVEIRA;RUA;GARÇAS;;887;FÊNIX;79491060;(67)99826-3520;SAO GABRIEL DO OESTE;500769;SAO GABRIEL DO OESTE;500769;8176132;CASA ROSA;F;01.09.2026;ARIROSA;01.09.2026;ARIROSA;6.30;CONFIRMADO;Z00;65329520100;LEDA MARIA PAES DA SILVA DOS SANTOS
688542908;0009012;0301010072;CONSULTA EM GINECOLOGIA GESTANTE.;10963419641;MARIA FERNANDA DIAS BASILIO;16.09.2026;13:30;0;700109904032614;ISADORA VITOR MARIANO;03.03.2008;18;223;CRISTIANE MIRANDA VITOR;RUA;SANTA CATARINA;;854;CENTRO;79490005;(67)99893-1276;SAO GABRIEL DO OESTE;500769;SAO GABRIEL DO OESTE;500769;8176132;CASA ROSA;F;01.09.2026;ARIROSA;01.09.2026;ARIROSA;10.00;PENDENTE;Z00;10963419641;MARIA FERNANDA DIAS BASILIO
688546647;0009012;0301010072;CONSULTA EM GINECOLOGIA GESTANTE.;91415799172;ALESSANDRA REGINA GOMES RODOVALHO;15.09.2026;13:00;0;700804493457985;CLERIA DE JESUS RODRIGUES DE LIMA;15.09.1994;32;384;NEUZA DOS REIS;RUA;SÃO JORGE;CASA 38;289;JARDIM PRIMAVERA;79490164;(67)99965-6920;SAO GABRIEL DO OESTE;500769;SAO GABRIEL DO OESTE;500769;2370964;UNIDADE DE SAUDE DA FAMILIA III;F;01.09.2026;ANACLAUDIA_NOGUEIRA;01.09.2026;ANACLAUDIA_NOGUEIRA;10.00;CONFIRMADO;Z349;02611833974;HUDSON PERES DORIGAO BELISARIO DE SOUZA
688546730;0009012;0301010072;CONSULTA EM GINECOLOGIA GESTANTE.;10963419641;MARIA FERNANDA DIAS BASILIO;09.09.2026;13:30;0;700503508927857;LETICIA OLIVEIRA DIAS DA SILVA;18.03.1999;27;330;MARIA OLIVEIRA DE ALENCAR SILVA;AVENIDA;CASTELO BRANCO;CASA;309;CENTRO;79490059;(67)99996-6642;SAO GABRIEL DO OESTE;500769;SAO GABRIEL DO OESTE;500769;2599376;UNIDADE DE SAUDE DA FAMILIA VI;F;01.09.2026;MARIANA_MARTINS;07.09.2026;VANIA_MARIANO;10.00;CONFIRMADO;Z35;06437691107;MAIARA FLORES SCARIOT
688569738;0201207;0301010072;CONSULTA EM PEDIATRIA;37817795649;GILBERT MAIRINK RODRIGUES;04.09.2026;07:00;1;704703720437737;THEO CASTRO SANTOS;23.03.2025;01;18;JESSICA CRISTINA DE CASTRO;RUA;AZULÃO;CASA;1477;JARDIM GRAMADO;79491020;(67)99884-3660;SAO GABRIEL DO OESTE;500769;SAO GABRIEL DO OESTE;500769;8176132;CASA ROSA;M;01.09.2026;ARIROSA;01.09.2026;VANIA_MARIANO;10.00;PENDENTE;H609;37817795649;GILBERT MAIRINK RODRIGUES
688574665;0009012;0301010072;CONSULTA EM GINECOLOGIA GESTANTE.;91415799172;ALESSANDRA REGINA GOMES RODOVALHO;08.09.2026;13:30;1;707803624485118;ALINI ROBERTO LACERDA;22.09.1990;36;432;CELINA ROBERTO ALVES;RUA;SÃO PAULO;CASA1;1594;CENTRO;79490009;(67)99893-2242;SAO GABRIEL DO OESTE;500769;SAO GABRIEL DO OESTE;500769;8176132;CASA ROSA;F;01.09.2026;ARIROSA;07.09.2026;VANIA_MARIANO;10.00;CONFIRMADO;Z00;91415799172;ALESSANDRA REGINA GOMES RODOVALHO
688580847;0009012;0301010072;CONSULTA EM GINECOLOGIA GESTANTE.;91415799172;ALESSANDRA REGINA GOMES RODOVALHO;15.09.2026;13:00;1;703000830849873;BIANCA VITORIA ADORNO RAMIRES;30.10.2005;20;251;CLEONICE ADORNO SOUZA;RUA;CAMBARÁ;;636;FLOR DO CERRADO;79490000;(67)99136-3497 / (67)99822-9447 / (67)9927-6777;SAO GABRIEL DO OESTE;500769;SAO GABRIEL DO OESTE;500769;8176132;CASA ROSA;F;01.09.2026;ARIROSA;01.09.2026;ARIROSA;10.00;CONFIRMADO;Z00;91415799172;ALESSANDRA REGINA GOMES RODOVALHO
688585797;0009012;0301010072;CONSULTA EM GINECOLOGIA GESTANTE.;91415799172;ALESSANDRA REGINA GOMES RODOVALHO;08.09.2026;13:30;1;705004081926358;JANAINA ALVES DOS SANTOS;09.09.1994;32;384;MARCIA FRANCISCO DOS SANTOS;RUA;DEOCLECIO ZAMIGNAN;CASA;2193;PRIMO MAFFISSONI;79490000;(67)99978-8949;SAO GABRIEL DO OESTE;500769;SAO GABRIEL DO OESTE;500769;8176132;CASA ROSA;F;01.09.2026;ARIROSA;07.09.2026;VANIA_MARIANO;10.00;CONFIRMADO;Z00;91415799172;ALESSANDRA REGINA GOMES RODOVALHO
688652089;0009012;0301010072;CONSULTA EM GINECOLOGIA GESTANTE.;91415799172;ALESSANDRA REGINA GOMES RODOVALHO;15.09.2026;13:00;1;708303780139860;MARIZETE DE FATIMA GONCALVES;01.11.1986;39;479;MARIA DO CARMO GRESKI;AVENIDA;MATO GROSSO DO SUL 2400/99998;;2666;AMABILE MAFFISSONI;79490094;(67)98188-1142;SAO GABRIEL DO OESTE;500769;SAO GABRIEL DO OESTE;500769;8176132;CASA ROSA;F;02.09.2026;ARIROSA;02.09.2026;ARIROSA;10.00;CONFIRMADO;Z00;91415799172;ALESSANDRA REGINA GOMES RODOVALHO
688725657;0201207;0301010072;CONSULTA EM PEDIATRIA;03429604150;STEPHANNO EMMANUEL DE SOUZA CONTIS;03.09.2026;15:00;0;708508384507878;ANTONELLA DE MOURA RIBEIRO;27.08.2026;00;1;AGATHA FERNANDA DE MOURA LIMA;RUA;JOÃO EVANGELISTA ROSA;CASA;322;CENTRO;79490055;(18)98170-3395;SAO GABRIEL DO OESTE;500769;SAO GABRIEL DO OESTE;500769;8176132;CASA ROSA;F;02.09.2026;ARIROSA;02.09.2026;ARIROSA;10.00;CONFIRMADO;Z016;;RENNAN ORTIZ BUENO
688728896;0009012;0301010072;CONSULTA EM GINECOLOGIA GESTANTE.;91415799172;ALESSANDRA REGINA GOMES RODOVALHO;15.09.2026;13:00;1;704101127633976;AGATHA FERNANDA DE MOURA LIMA;01.07.2002;24;291;MONICA APARECIDA DE JESUS MOURA;RUA;JOÃO EVANGELISTA ROSA;;322;CENTRO;79490055;(18)98170-3395;SAO GABRIEL DO OESTE;500769;SAO GABRIEL DO OESTE;500769;8176132;CASA ROSA;F;02.09.2026;ARIROSA;07.09.2026;VANIA_MARIANO;10.00;CONFIRMADO;Z016;91415799172;ALESSANDRA REGINA GOMES RODOVALHO
688735008;0201207;0301010072;CONSULTA EM PEDIATRIA;03429604150;STEPHANNO EMMANUEL DE SOUZA CONTIS;03.09.2026;07:00;0;898006462854016;CELINE BEATRIZ PEREIRA LEITE;19.08.2026;00;1;MAYARA AUXILIADORA VILALVA PEREIRA;RUA;IPE ROXO;;1542;SAO CRISTOVAO;79491216;(61)3315-2425;SAO GABRIEL DO OESTE;500769;SAO GABRIEL DO OESTE;500769;8176132;CASA ROSA;F;02.09.2026;ARIROSA;02.09.2026;ARIROSA;10.00;CONFIRMADO;Z016;;RENNAN ORTIZ BUENO
688790805;0201207;0301010072;CONSULTA EM PEDIATRIA;03429604150;STEPHANNO EMMANUEL DE SOUZA CONTIS;24.09.2026;09:00;1;700000482669904;RHAVY MIGUEL MARTINS LEAO;09.04.2024;02;29;ESTEFANI MARTINS DA SILVA;RUA;TOCANTINS;;96;CENTRO;79490000;(67)98444-8380 / (67)99809-9350;SAO GABRIEL DO OESTE;500769;SAO GABRIEL DO OESTE;500769;8176132;CASA ROSA;M;02.09.2026;ARIROSA;02.09.2026;VANIA_MARIANO;10.00;CONFIRMADO;Z00;03429604150;STEPHANNO EMMANUEL DE SOUZA CONTIS
688820672;0009012;0301010072;CONSULTA EM GINECOLOGIA GESTANTE.;10963419641;MARIA FERNANDA DIAS BASILIO;16.09.2026;13:30;1;703301293844310;ANA CAROLINA PEREIRA;04.04.2002;24;294;NEUSA FERNANDES PEREIRA PEREIRA;RUA;PELICANOS;;1871;FENIX;79490000;(67)99919-2030 / (67)99878-6540;SAO GABRIEL DO OESTE;500769;SAO GABRIEL DO OESTE;500769;8176132;CASA ROSA;F;02.09.2026;ARIROSA;07.09.2026;VANIA_MARIANO;10.00;PENDENTE;Z00;10963419641;MARIA FERNANDA DIAS BASILIO
688823639;0201207;0301010072;CONSULTA EM PEDIATRIA;04145161173;RHUANNE SIQUEIRA GUIMARAES;21.09.2026;15:00;1;708107612099240;KENDRICK LEVI GOULART MISKISNISCH;20.08.2026;00;1;HELOISA GOULART RODRIGUES;RUA;PATATIVA;CASA;310;FÊNIX;79491100;(67)99829-9457 / (67)99829-9457;SAO GABRIEL DO OESTE;500769;SAO GABRIEL DO OESTE;500769;8176132;CASA ROSA;M;02.09.2026;ARIROSA;15.09.2026;VANIA_MARIANO;10.00;CONFIRMADO;Z00;04145161173;RHUANNE SIQUEIRA GUIMARAES
688827541;0009012;0301010072;CONSULTA EM GINECOLOGIA GESTANTE.;91415799172;ALESSANDRA REGINA GOMES RODOVALHO;22.09.2026;13:00;0;705005815285353;THAIS SOARES MOREIRA;23.09.2003;23;276;CRISTIANE SOARES DOS SANTOS;RUA;CURRUIRAS;;923;JARDIM GRAMADO;79490000;(67)99912-4188;SAO GABRIEL DO OESTE;500769;SAO GABRIEL DO OESTE;500769;7002084;UNIDADE DE SAUDE DA FAMILIA IX;F;02.09.2026;FABIELY_MORAES;07.09.2026;VANIA_MARIANO;10.00;CONFIRMADO;Z34;01415181110;ANGELA BENITES
688851530;0701379;0301010048;CONSULTA EM FONOAUDIOLOIGA - RETORNO;65329520100;LEDA MARIA PAES DA SILVA DOS SANTOS;11.09.2026;13:00;0;706400621676586;HARIEL SANTOS MEDINA TIMOTEO;02.03.2026;00;7;MARIA VITORIA FAUSTINO DOS SANTOS;AVENIDA;CASTELO BRANCO 1200/1998;;540;JARDIM PRIMAVERA;79490120;(67)99977-9446;SAO GABRIEL DO OESTE;500769;SAO GABRIEL DO OESTE;500769;8176132;CASA ROSA;M;02.09.2026;ARIROSA;02.09.2026;ARIROSA;6.30;CONFIRMADO;Z00;57255873120;CLODOALDO SABINO DA SILVA
688862129;0009012;0301010072;CONSULTA EM GINECOLOGIA GESTANTE.;10963419641;MARIA FERNANDA DIAS BASILIO;16.09.2026;13:30;1;706807783917727;RITA DE CASSIA ALVES PEREIRA MONTESSI EDUARDO;24.09.1984;42;504;ZULMIRA ALVES PEREIRA MONTESSI;RUA;AROEIRA ;CASA;544;JARDIM GRAMADO;79490000;(67)99854-8301 / (67)99616-8563;SAO GABRIEL DO OESTE;500769;SAO GABRIEL DO OESTE;500769;8176132;CASA ROSA;F;02.09.2026;ARIROSA;09.09.2026;VANIA_MARIANO;10.00;PENDENTE;Z00;10963419641;MARIA FERNANDA DIAS BASILIO
688865516;0009012;0301010072;CONSULTA EM GINECOLOGIA GESTANTE.;95747818104;VANESSA BRESCHI;24.09.2026;07:00;1;704502375857219;CAMILA NASCIMENTO MARTINS;05.11.1994;31;383;ADRIANA NASCIMENTO MARTINS;RUA;8 DE ABRIL;;1587;FENIX;79491114;(67)99662-7194;SAO GABRIEL DO OESTE;500769;SAO GABRIEL DO OESTE;500769;8176132;CASA ROSA;F;02.09.2026;ARIROSA;02.09.2026;ARIROSA;10.00;CONFIRMADO;Z00;95747818104;VANESSA BRESCHI
688869609;0201207;0301010072;CONSULTA EM PEDIATRIA;03429604150;STEPHANNO EMMANUEL DE SOUZA CONTIS;17.09.2026;13:00;0;700702969674570;LEVI SANTIAGO JOST FERREIRA;15.06.2025;01;15;EDUARDA ELOISA PEREIRA JOST;AREA;SOSSEGO;ASSENTAMENTO C;71;AREA RURAL DE SAO GABRIEL DO OESTE;79493899;(67)99828-3853;SAO GABRIEL DO OESTE;500769;SAO GABRIEL DO OESTE;500769;8176132;CASA ROSA;M;02.09.2026;ARIROSA;15.09.2026;VANIA_MARIANO;10.00;CONFIRMADO;Z00;57255873120;CLODOALDO SABINO DA SILVA
688870229;0009012;0301010072;CONSULTA EM GINECOLOGIA GESTANTE.;95747818104;VANESSA BRESCHI;17.09.2026;07:00;1;700201910057323;SARA DIAS ALVES;20.07.1990;36;434;LUZIMAR DIAS ALVES;RUA;QUERO-QUERO;;1001;FENIX;79491058;(85)98526-2791;SAO GABRIEL DO OESTE;500769;SAO GABRIEL DO OESTE;500769;8176132;CASA ROSA;F;02.09.2026;ARIROSA;09.09.2026;VANIA_MARIANO;10.00;CONFIRMADO;Z00;95747818104;VANESSA BRESCHI
688873052;0009012;0301010072;CONSULTA EM GINECOLOGIA GESTANTE.;10963419641;MARIA FERNANDA DIAS BASILIO;09.09.2026;13:30;1;702105775799593;DAIANE ALVES BRITES;23.08.1992;34;409;REGINA ALVES;RUA;PERIQUITO;;191;FÊNIX;79491088;(67)99870-0483;SAO GABRIEL DO OESTE;500769;SAO GABRIEL DO OESTE;500769;8176132;CASA ROSA;F;02.09.2026;ARIROSA;09.09.2026;VANIA_MARIANO;10.00;PENDENTE;Z00;10963419641;MARIA FERNANDA DIAS BASILIO
688906447;0009012;0301010072;CONSULTA EM GINECOLOGIA GESTANTE.;95747818104;VANESSA BRESCHI;17.09.2026;07:00;1;898004840052761;MAIARA FERREIRA DE LIMA;05.02.1997;29;356;MARIA FERREIRA DE LIMA;AVENIDA;TUIUIU;CASA;1789;FÊNIX;79490000;(67)99805-3418;SAO GABRIEL DO OESTE;500769;SAO GABRIEL DO OESTE;500769;8176132;CASA ROSA;F;03.09.2026;ANACLAUDIA_PASCOAL;09.09.2026;VANIA_MARIANO;10.00;CONFIRMADO;Z00;95747818104;VANESSA BRESCHI
688910749;0009012;0301010072;CONSULTA EM GINECOLOGIA GESTANTE.;95747818104;VANESSA BRESCHI;09.09.2026;08:00;1;700007295534002;HELOISE DO PRADO HORMAN;19.05.1999;27;328;MARIA HELENA DO PRADO HORMAN;RUA;BICUDOS;;141;JARDIM GRAMADO;79491028;(66)98154-6941;SAO GABRIEL DO OESTE;500769;SAO GABRIEL DO OESTE;500769;8176132;CASA ROSA;F;03.09.2026;ANACLAUDIA_PASCOAL;09.09.2026;VANIA_MARIANO;10.00;CONFIRMADO;Z00;95747818104;VANESSA BRESCHI
688916088;0009012;0301010072;CONSULTA EM GINECOLOGIA GESTANTE.;95747818104;VANESSA BRESCHI;24.09.2026;07:00;1;700000171311501;ALICE GOMES DE ORTIZ;14.03.2012;14;174;ANA DE JESUS GOMESDE SOUZA;TRAVESSA;SERVIDÃO;;131;SÃO CRISTÓVÃO;79490000;(67)99803-6005;SAO GABRIEL DO OESTE;500769;SAO GABRIEL DO OESTE;500769;8176132;CASA ROSA;F;03.09.2026;ANACLAUDIA_PASCOAL;09.09.2026;VANIA_MARIANO;10.00;CONFIRMADO;Z00;95747818104;VANESSA BRESCHI
688926768;0009012;0301010072;CONSULTA EM GINECOLOGIA GESTANTE.;95747818104;VANESSA BRESCHI;24.09.2026;07:00;1;708602504973688;TACIANA ALVENTINA PEREIRA;29.01.2008;18;224;ALESSANDRA ALVENTINA PEREIRA;RUA;CURIO;;842;JARDIM GRAMADO;79491012;(67)99619-8099;SAO GABRIEL DO OESTE;500769;SAO GABRIEL DO OESTE;500769;8176132;CASA ROSA;F;03.09.2026;ANACLAUDIA_PASCOAL;09.09.2026;VANIA_MARIANO;10.00;CONFIRMADO;Z00;95747818104;VANESSA BRESCHI
688931770;0009012;0301010072;CONSULTA EM GINECOLOGIA GESTANTE.;95747818104;VANESSA BRESCHI;24.09.2026;07:00;1;706206532923666;HELEN NYKOLI SOARES DE CARVALHO;07.06.2005;21;255;FLAVIA REGINA SOARES DOS SANTOS;RUA;5 DE OUTUBRO;;1558;FENIX;79491116;(61)3315-2425 / (67)99290-5833;SAO GABRIEL DO OESTE;500769;SAO GABRIEL DO OESTE;500769;8176132;CASA ROSA;F;03.09.2026;ANACLAUDIA_PASCOAL;03.09.2026;ANACLAUDIA_PASCOAL;10.00;CONFIRMADO;Z00;95747818104;VANESSA BRESCHI
688937036;0201207;0301010072;CONSULTA EM PEDIATRIA;03429604150;STEPHANNO EMMANUEL DE SOUZA CONTIS;17.09.2026;07:00;1;709206202936238;NAUE DA SILVA MATOS;25.02.2026;00;7;CARLA ANDRESSA DA SILVA MATOS;RUA;DOS CANARIOS 1/1465;;1274;JARDIM GRAMADO;79491008;(67)99867-7433;SAO GABRIEL DO OESTE;500769;SAO GABRIEL DO OESTE;500769;2370980;UNIDADE DE SAUDE DA FAMILIA JARDIM GRAMADO I;M;03.09.2026;ELISANGELA_UNIDADEI;03.09.2026;ELISANGELA_UNIDADEI;10.00;CONFIRMADO;Z000;;ALCIDES EDUARDO EIBEL
688963436;0701379;0301010048;CONSULTA EM FONOAUDIOLOIGA - RETORNO;65329520100;LEDA MARIA PAES DA SILVA DOS SANTOS;04.09.2026;07:00;0;898006462854016;CELINE BEATRIZ PEREIRA LEITE;19.08.2026;00;1;MAYARA AUXILIADORA VILALVA PEREIRA;RUA;IPE ROXO;;1542;SAO CRISTOVAO;79491216;(61)3315-2425;SAO GABRIEL DO OESTE;500769;SAO GABRIEL DO OESTE;500769;8176132;CASA ROSA;F;03.09.2026;ANACLAUDIA_PASCOAL;03.09.2026;ANACLAUDIA_PASCOAL;6.30;CONFIRMADO;Z00;03429604150;STEPHANNO EMMANUEL DE SOUZA CONTIS
688967526;0009012;0301010072;CONSULTA EM GINECOLOGIA GESTANTE.;95747818104;VANESSA BRESCHI;09.09.2026;08:00;1;705008238325752;KARINE DE OLIVEIRA SANT ANA;06.03.1996;30;367;ELIANE DE OLIVEIRA SANABRIA SANT ANA;CHACARA;FILE DO BOI;;S/N;AREA RURAL DE SAO GABRIEL DO OESTE;79493899;(67)99826-5628;SAO GABRIEL DO OESTE;500769;SAO GABRIEL DO OESTE;500769;8176132;CASA ROSA;F;03.09.2026;ANACLAUDIA_PASCOAL;09.09.2026;VANIA_MARIANO;10.00;CONFIRMADO;Z00;95747818104;VANESSA BRESCHI
688968915;0009012;0301010072;CONSULTA EM GINECOLOGIA GESTANTE.;95747818104;VANESSA BRESCHI;09.09.2026;08:00;1;700809951862486;GABRIELE DA SILVA GUERRO;26.08.2002;24;289;ANTONIA PEREIRA DA SILVA;RUA;CONDE DE PORTO ALEGRE;;1215;MILANI;79490000;(67)99821-7756;SAO GABRIEL DO OESTE;500769;SAO GABRIEL DO OESTE;500769;8176132;CASA ROSA;F;03.09.2026;ANACLAUDIA_PASCOAL;09.09.2026;VANIA_MARIANO;10.00;CONFIRMADO;Z00;95747818104;VANESSA BRESCHI
688969781;0201207;0301010072;CONSULTA EM PEDIATRIA;01865429171;AMANDA NANTES AQUINO;22.09.2026;13:00;1;706203593271968;ISIS EMANUELLE RODRIGUES DE OLIVEIRA;15.10.2025;00;11;THALIA APARECIDA SOUZA RODRIGUES;RUA;DAS CURRUIRAS;;1753;FENIX;79491086;(67)99678-0764;SAO GABRIEL DO OESTE;500769;SAO GABRIEL DO OESTE;500769;8176132;CASA ROSA;F;03.09.2026;ANACLAUDIA_PASCOAL;03.09.2026;ANACLAUDIA_PASCOAL;10.00;CONFIRMADO;Z00;01865429171;AMANDA NANTES AQUINO
688981396;0201207;0301010072;CONSULTA EM PEDIATRIA;03429604150;STEPHANNO EMMANUEL DE SOUZA CONTIS;03.09.2026;15:00;0;708909730414310;YURI VALDEZ MUDRAK;07.07.2021;05;62;JOICE DARA VALDEZ DA SILVA;RUA;CURRUIRAS;CASA;1555;JARDIM GRAMADO;79490000;(67)99904-2187;SAO GABRIEL DO OESTE;500769;SAO GABRIEL DO OESTE;500769;5971055;UNIDADE DE SAUDE DA FAMILIA VIII;M;03.09.2026;JESSICAPADILHA;03.09.2026;JESSICAPADILHA;10.00;CONFIRMADO;N47;;YASMIN YAUME
689015331;0201207;0301010072;CONSULTA EM PEDIATRIA;37817795649;GILBERT MAIRINK RODRIGUES;04.09.2026;09:00;0;706206068774769;BRAYAN SACCA;16.08.2026;00;1;SABRINA SACCA DA SILVA;RUA;BOAVENTURA FERREIRA ROSA 1200/99999;;1589;PRIMO MAFFISSONI;79490324;(61)3315-2425 / (67)99962-6131;SAO GABRIEL DO OESTE;500769;SAO GABRIEL DO OESTE;500769;8176132;CASA ROSA;M;03.09.2026;ANACLAUDIA_PASCOAL;03.09.2026;ANACLAUDIA_PASCOAL;10.00;CONFIRMADO;Z00;37817795649;GILBERT MAIRINK RODRIGUES
689075528;0701379;0301010048;CONSULTA EM FONOAUDIOLOIGA - RETORNO;65329520100;LEDA MARIA PAES DA SILVA DOS SANTOS;04.09.2026;07:00;0;708508384507878;ANTONELLA DE MOURA RIBEIRO;27.08.2026;00;1;AGATHA FERNANDA DE MOURA LIMA;RUA;JOÃO EVANGELISTA ROSA;CASA;322;CENTRO;79490055;(18)98170-3395;SAO GABRIEL DO OESTE;500769;SAO GABRIEL DO OESTE;500769;8176132;CASA ROSA;F;03.09.2026;ANACLAUDIA_PASCOAL;03.09.2026;ANACLAUDIA_PASCOAL;6.30;CONFIRMADO;Z00;03429604150;STEPHANNO EMMANUEL DE SOUZA CONTIS
689095918;0201207;0301010072;CONSULTA EM PEDIATRIA;03429604150;STEPHANNO EMMANUEL DE SOUZA CONTIS;10.09.2026;13:00;0;702004873629781;CHARLLIES SOUZA DE PAULA;03.10.2025;01;12;JAINE SILVA DE PAULA;AREA;ROSADA;;S/N;AREA RURAL DE SAO GABRIEL DO OESTE;79493899;(67)99825-7178;SAO GABRIEL DO OESTE;500769;SAO GABRIEL DO OESTE;500769;3400964;UNIDADE DE SAUDE DA FAMILIA RURAL VII;M;03.09.2026;DULCINEIA_MOCCELIN;03.09.2026;DULCINEIA_MOCCELIN;10.00;CONFIRMADO;Z001;02453491113;MILENA GUEDIN VARGAS
689106324;0201207;0301010072;CONSULTA EM PEDIATRIA;03429604150;STEPHANNO EMMANUEL DE SOUZA CONTIS;17.09.2026;07:00;1;700008471061605;LEVI EMANUEL DE OLIVEIRA SILVA;07.02.2026;00;7;GABRIELA DE OLIVEIRA SENA;RUA;CURICACA 1/1465;;1190;JARDIM GRAMADO;79491010;(67)98137-5914;SAO GABRIEL DO OESTE;500769;SAO GABRIEL DO OESTE;500769;8176132;CASA ROSA;M;03.09.2026;ANACLAUDIA_PASCOAL;15.09.2026;VANIA_MARIANO;10.00;CONFIRMADO;Z00;03429604150;STEPHANNO EMMANUEL DE SOUZA CONTIS
689237471;0009001;0301010072;CONSULTA EM GINECOLOGIA - GERAL;88308499953;LUCINALDO BASSO;10.09.2026;07:15;0;702009344623180;ELY DE FATIMA RONDON CALDAS;24.02.1957;69;835;DOMINGAS RONDON DA SILVA;RUA;PICA-PAU;;601;JARDIM GRAMADO;79491036;(67)99974-7366 / (67)98422-3681;SAO GABRIEL DO OESTE;500769;SAO GABRIEL DO OESTE;500769;6354265;CENTRAL DE REGULACAO DE SAO GABRIEL DO OESTE;F;04.09.2026;VANIA_MARIANO;04.09.2026;VANIA_MARIANO;10.00;CONFIRMADO;C541;;VANIA GOMES MARIANO
689335374;0201207;0301010072;CONSULTA EM PEDIATRIA;03429604150;STEPHANNO EMMANUEL DE SOUZA CONTIS;24.09.2026;15:00;1;708604572191187;RAVY MIGUEL RAMOS DOS SANTOS;26.12.2025;00;9;THAYS RODRIGUES BRAGA DOS SANTOS;RUA;PELICANOS;CASA 01;1673;JARDIM GRAMADO;79491004;(67)99662-6012;SAO GABRIEL DO OESTE;500769;SAO GABRIEL DO OESTE;500769;2370980;UNIDADE DE SAUDE DA FAMILIA JARDIM GRAMADO I;M;04.09.2026;ELISANGELA_UNIDADEI;04.09.2026;ELISANGELA_UNIDADEI;10.00;CONFIRMADO;Z000;;STEPHANO CONTIS
689420015;0169015;0301010048;TESTE DA ORELHINHA/TRIAGEM AUDITIVA NEONATAL;65329520100;LEDA MARIA PAES DA SILVA DOS SANTOS;18.09.2026;09:00;1;704401354794110;NATANAEL CASSIM DO CARMO;20.02.2026;00;7;NOEMI CASSIM DA SILVA CARMO;RUA;FRANCA;CASA 1;256;ROSADA;79490364;(19)97158-5143;SAO GABRIEL DO OESTE;500769;SAO GABRIEL DO OESTE;500769;8176132;CASA ROSA;M;08.09.2026;TAINAOLIVEIRA;08.09.2026;TAINAOLIVEIRA;6.30;CONFIRMADO;Z00;65329520100;LEDA MARIA PAES DA SILVA DOS SANTOS
689458238;0201207;0301010072;CONSULTA EM PEDIATRIA;37817795649;GILBERT MAIRINK RODRIGUES;11.09.2026;15:00;0;701009820590798;NICOLAS CARDOSO SILVA;13.03.2021;05;66;FRANCIELE APARECIDA DA SILVA CARDOSO;AREA;LATERAL DO NÚCLEO;ASSENTAMENTO C;65;AREA RURAL DE SAO GABRIEL DO OESTE;79493899;(67)99858-9207;SAO GABRIEL DO OESTE;500769;SAO GABRIEL DO OESTE;500769;3400964;UNIDADE DE SAUDE DA FAMILIA RURAL VII;M;08.09.2026;ANDRIELI_BARBOSA;08.09.2026;ANDRIELI_BARBOSA;10.00;CONFIRMADO;Z001;;JOAO BAPTISTA BARBOSA SOUZA
689464058;0009012;0301010072;CONSULTA EM GINECOLOGIA GESTANTE.;91415799172;ALESSANDRA REGINA GOMES RODOVALHO;15.09.2026;13:00;0;704008801822666;CARDUCIA PLACIDO DE SOUZA;28.07.1990;36;434;ELENITA PLACIDO DE SOUZA;RUA;PERIQUITO;CASA;315;FÊNIX;79491088;(74)99999-1587;SAO GABRIEL DO OESTE;500769;SAO GABRIEL DO OESTE;500769;2370999;UNIDADE DE SAUDE DA FAMILIA FENIX IV;F;08.09.2026;GUSTAVO_PIAIA;08.09.2026;GUSTAVO_PIAIA;10.00;CONFIRMADO;Z354;96245646120;RAFAELLA MARIA COSTA GOIS DE FIGUEIREDO
689495031;0201207;0301010072;CONSULTA EM PEDIATRIA;03429604150;STEPHANNO EMMANUEL DE SOUZA CONTIS;10.09.2026;07:00;0;708705152336999;JOSE LORENZO LEDESMA DA COSTA;06.08.2026;00;2;IZABEL LEDESMA;RUA;CURICACA;;1026;JARDIM GRAMADO;79491010;(67)99840-4702;SAO GABRIEL DO OESTE;500769;SAO GABRIEL DO OESTE;500769;8176132;CASA ROSA;M;08.09.2026;TAINAOLIVEIRA;08.09.2026;TAINAOLIVEIRA;10.00;CONFIRMADO;R17;;NEWTON SIGNORINI CASTILHO
689497637;0009012;0301010072;CONSULTA EM GINECOLOGIA GESTANTE.;91415799172;ALESSANDRA REGINA GOMES RODOVALHO;22.09.2026;13:00;0;700603983348563;NEUCILLENE DA SILVA RODRIGUES;27.12.1987;38;465;LUCEMAR DA SILVA JESUS RODRIGUES;RUA;DAS ANHUMAS 1466/99999;;1846;FENIX;79491090;(67)99655-2356;SAO GABRIEL DO OESTE;500769;SAO GABRIEL DO OESTE;500769;2370999;UNIDADE DE SAUDE DA FAMILIA FENIX IV;F;08.09.2026;GUSTAVO_PIAIA;08.09.2026;GUSTAVO_PIAIA;10.00;CONFIRMADO;Z34;96245646120;RAFAELLA MARIA COSTA GOIS DE FIGUEIREDO
689512199;0201207;0301010072;CONSULTA EM PEDIATRIA;03429604150;STEPHANNO EMMANUEL DE SOUZA CONTIS;10.09.2026;09:00;0;706704514507110;DAVI MIGUEL DE OLIVEIRA RODRIGUES SILVA;05.09.2026;00;1;ANA JULIA DE OLIVEIRA MORAES;RUA;CURIO;;817;JARDIM GRAMADO;79491012;(67)99715-8954 / (67)99661-1122;SAO GABRIEL DO OESTE;500769;SAO GABRIEL DO OESTE;500769;5971055;UNIDADE DE SAUDE DA FAMILIA VIII;M;08.09.2026;JESSICAPADILHA;08.09.2026;JESSICAPADILHA;10.00;CONFIRMADO;Z001;04805244160;RENNAN ORTIZ BUENO
689532914;0201207;0301010072;CONSULTA EM PEDIATRIA;03429604150;STEPHANNO EMMANUEL DE SOUZA CONTIS;10.09.2026;09:00;0;706403120187089;JOSE ARTHUR MACEDO MENDES;31.08.2026;00;1;MARIA EDNA DA SILVA MACEDO;RUA;DAS PERDIZES;;1478;SAO CRISTOVAO;79491192;(67)99820-4376;SAO GABRIEL DO OESTE;500769;SAO GABRIEL DO OESTE;500769;8176132;CASA ROSA;M;08.09.2026;TAINAOLIVEIRA;08.09.2026;TAINAOLIVEIRA;10.00;CONFIRMADO;Z00;03429604150;STEPHANNO EMMANUEL DE SOUZA CONTIS
689533265;0169015;0301010048;TESTE DA ORELHINHA/TRIAGEM AUDITIVA NEONATAL;65329520100;LEDA MARIA PAES DA SILVA DOS SANTOS;11.09.2026;09:00;1;706403120187089;JOSE ARTHUR MACEDO MENDES;31.08.2026;00;1;MARIA EDNA DA SILVA MACEDO;RUA;DAS PERDIZES;;1478;SAO CRISTOVAO;79491192;(67)99820-4376;SAO GABRIEL DO OESTE;500769;SAO GABRIEL DO OESTE;500769;8176132;CASA ROSA;M;08.09.2026;TAINAOLIVEIRA;08.09.2026;TAINAOLIVEIRA;6.30;CONFIRMADO;Z00;03429604150;STEPHANNO EMMANUEL DE SOUZA CONTIS
689535090;0009012;0301010072;CONSULTA EM GINECOLOGIA GESTANTE.;95747818104;VANESSA BRESCHI;17.09.2026;07:30;1;705002804005750;MARIA EDNA DA SILVA MACEDO;11.07.2000;26;314;FRANCISCA IZABEL DA SILVA;RUA;PERDIZES;CASA;1478;SÃO CRISTOVÃO;79491192;(67)99820-4376;SAO GABRIEL DO OESTE;500769;SAO GABRIEL DO OESTE;500769;8176132;CASA ROSA;F;08.09.2026;TAINAOLIVEIRA;14.09.2026;VANIA_MARIANO;10.00;CONFIRMADO;Z00;95747818104;VANESSA BRESCHI
689580920;0201207;0301010072;CONSULTA EM PEDIATRIA;37817795649;GILBERT MAIRINK RODRIGUES;25.09.2026;07:00;1;705005441904858;BIANCA BRUNO RODRIGUES SILVA;14.07.2026;00;2;GEISIANY BRUNO RODRIGUES;RUA;GREGORIANA 1/99998;;579;JARDIM PRIMAVERA;79490166;(67)99624-4467;SAO GABRIEL DO OESTE;500769;SAO GABRIEL DO OESTE;500769;8176132;CASA ROSA;F;08.09.2026;TAINAOLIVEIRA;15.09.2026;VANIA_MARIANO;10.00;CONFIRMADO;Z00;37817795649;GILBERT MAIRINK RODRIGUES
689595824;0201207;0301010072;CONSULTA EM PEDIATRIA;03429604150;STEPHANNO EMMANUEL DE SOUZA CONTIS;10.09.2026;09:00;0;700106920883620;CARLOS WALLACE ALMEIDA TOMASI;24.08.2022;04;49;TANARA DE ALMEIDA;RUA;SANTA ANA;CASA1;123;MILANI;79490000;(67)99916-1262;SAO GABRIEL DO OESTE;500769;SAO GABRIEL DO OESTE;500769;2591359;UNIDADE DE SAUDE DA FAMILIA V;M;08.09.2026;CHRISTIANEHELEN_FREITAS;08.09.2026;CHRISTIANEHELEN_FREITAS;10.00;CONFIRMADO;Z000;;STEPHANNO CONTIS
689596778;0009012;0301010072;CONSULTA EM GINECOLOGIA GESTANTE.;91415799172;ALESSANDRA REGINA GOMES RODOVALHO;22.09.2026;13:00;1;702006840523684;THAINA FERREIRA MATEUZINHO;10.11.2000;25;310;GERVALINA FERREIRA DOS SANTOS;AVENIDA;SÃO FRANCISCO;CASA 01;2579;JARDIM PRIMAVERA;79490170;(67)98223-6646 / (67)98121-3270;SAO GABRIEL DO OESTE;500769;SAO GABRIEL DO OESTE;500769;8176132;CASA ROSA;F;08.09.2026;TAINAOLIVEIRA;09.09.2026;VANIA_MARIANO;10.00;CONFIRMADO;Z00;91415799172;ALESSANDRA REGINA GOMES RODOVALHO
689609292;0201207;0301010072;CONSULTA EM PEDIATRIA;01865429171;AMANDA NANTES AQUINO;15.09.2026;08:00;1;703409281672419;HENRIQUE MENDES SALGADO;29.04.2020;06;77;RAFAELA MENDES DE OLIVEIRA;RUA;JOAO RODRIGUES DE MIRANDA;;409;CENTRO;79490000;(67)99622-9718;SAO GABRIEL DO OESTE;500769;SAO GABRIEL DO OESTE;500769;8176132;CASA ROSA;M;08.09.2026;TAINAOLIVEIRA;08.09.2026;TAINAOLIVEIRA;10.00;CONFIRMADO;Z00;01865429171;AMANDA NANTES AQUINO
689622919;0201207;0301010072;CONSULTA EM PEDIATRIA;01865429171;AMANDA NANTES AQUINO;15.09.2026;14:00;1;704604646441626;ALANNA ROCHA RAFAEL;24.08.2023;03;37;RAQUEL PEREIRA ROCHA;FAZENDA;CARGIL;;S/N;ZONA RURAL;79490000;(67)99862-1067;SAO GABRIEL DO OESTE;500769;SAO GABRIEL DO OESTE;500769;8176132;CASA ROSA;F;08.09.2026;TAINAOLIVEIRA;08.09.2026;TAINAOLIVEIRA;10.00;CONFIRMADO;Z00;01865429171;AMANDA NANTES AQUINO
689626079;0009012;0301010072;CONSULTA EM GINECOLOGIA GESTANTE.;91415799172;ALESSANDRA REGINA GOMES RODOVALHO;15.09.2026;13:00;1;706404638335284;KEYTT RAQUELL ZUIEWSKIY;19.03.2001;25;306;LILIANE DE ALMEIDA NEVES;RUA;JOAO RODRIGUES MIRANDA 1200/99999;;1474;PRIMO MAFFISSONI;79490320;(67)98418-7896;SAO GABRIEL DO OESTE;500769;SAO GABRIEL DO OESTE;500769;8176132;CASA ROSA;F;08.09.2026;TAINAOLIVEIRA;14.09.2026;VANIA_MARIANO;10.00;PENDENTE;Z00;91415799172;ALESSANDRA REGINA GOMES RODOVALHO
689630270;0009012;0301010072;CONSULTA EM GINECOLOGIA GESTANTE.;91415799172;ALESSANDRA REGINA GOMES RODOVALHO;15.09.2026;13:30;1;700209474323324;MARLENE COSTA DA CUNHA VILALVA;02.11.2002;23;287;ZENIL COSTA DA CUNHA;RUA;SANTA CATARINA;3;2579;AMABILE MAFFISSONI;79490082;(67)98116-5234;SAO GABRIEL DO OESTE;500769;SAO GABRIEL DO OESTE;500769;8176132;CASA ROSA;F;08.09.2026;TAINAOLIVEIRA;14.09.2026;VANIA_MARIANO;10.00;CONFIRMADO;Z00;91415799172;ALESSANDRA REGINA GOMES RODOVALHO
689635198;0009012;0301010072;CONSULTA EM GINECOLOGIA GESTANTE.;91415799172;ALESSANDRA REGINA GOMES RODOVALHO;22.09.2026;13:00;1;704602169336828;ELOISE HELENA MARTINS SOARES;17.06.2010;16;195;RENATA MARTINS DE LIMA;RUA;CURIÓ;CASA;1727;FÊNIX;79491082;(67)99803-1167 / (67)9318-8598 / (67)9318-8598;SAO GABRIEL DO OESTE;500769;SAO GABRIEL DO OESTE;500769;8176132;CASA ROSA;F;08.09.2026;TAINAOLIVEIRA;09.09.2026;VANIA_MARIANO;10.00;CONFIRMADO;Z34;91415799172;ALESSANDRA REGINA GOMES RODOVALHO
689637456;0009012;0301010072;CONSULTA EM GINECOLOGIA GESTANTE.;91415799172;ALESSANDRA REGINA GOMES RODOVALHO;15.09.2026;13:00;1;707803624485118;ALINI ROBERTO LACERDA;22.09.1990;36;432;CELINA ROBERTO ALVES;RUA;SÃO PAULO;CASA1;1594;CENTRO;79490009;(67)99893-2242;SAO GABRIEL DO OESTE;500769;SAO GABRIEL DO OESTE;500769;8176132;CASA ROSA;F;08.09.2026;TAINAOLIVEIRA;09.09.2026;VANIA_MARIANO;10.00;CONFIRMADO;Z00;91415799172;ALESSANDRA REGINA GOMES RODOVALHO
689644443;0009012;0301010072;CONSULTA EM GINECOLOGIA GESTANTE.;91415799172;ALESSANDRA REGINA GOMES RODOVALHO;22.09.2026;13:15;1;702603732109440;EVELIN NAIARA FERREIRA PIZOLITTO JARA;22.11.1999;26;322;MARIA DE FATIMA LUIZA FERREIRA;RUA;SÃO JOAO;;S/N;ZONA RURAL;79490000;(67)9611-7715;SAO GABRIEL DO OESTE;500769;SAO GABRIEL DO OESTE;500769;8176132;CASA ROSA;F;08.09.2026;TAINAOLIVEIRA;14.09.2026;VANIA_MARIANO;10.00;CONFIRMADO;Z00;91415799172;ALESSANDRA REGINA GOMES RODOVALHO
689648350;0009012;0301010072;CONSULTA EM GINECOLOGIA GESTANTE.;91415799172;ALESSANDRA REGINA GOMES RODOVALHO;22.09.2026;13:00;1;700005445702809;RAUANY MARTINS PAGANOTTI;13.11.1993;32;394;MARCIA MARTINS DA SILVA;RUA;ALBINO SOUZA BRANDAO 1200/99999;;1586;PRIMO MAFFISSONI;79490294;(67)99863-5776 / (67)98196-1522;SAO GABRIEL DO OESTE;500769;SAO GABRIEL DO OESTE;500769;8176132;CASA ROSA;F;08.09.2026;TAINAOLIVEIRA;14.09.2026;VANIA_MARIANO;10.00;CONFIRMADO;Z00;91415799172;ALESSANDRA REGINA GOMES RODOVALHO
689651138;0009012;0301010072;CONSULTA EM GINECOLOGIA GESTANTE.;91415799172;ALESSANDRA REGINA GOMES RODOVALHO;15.09.2026;13:30;1;704300527489098;GLACIELY TEODORO DE FREITAS;20.02.1991;35;427;GRACINDA FLORENTINA TEODORO DE FREITAS;RUA;CAMBARA;CASA;796;FENIX;79490000;(67)98531-0430 / (67)99890-7716;SAO GABRIEL DO OESTE;500769;SAO GABRIEL DO OESTE;500769;8176132;CASA ROSA;F;08.09.2026;TAINAOLIVEIRA;14.09.2026;VANIA_MARIANO;10.00;CONFIRMADO;Z00;91415799172;ALESSANDRA REGINA GOMES RODOVALHO
689706713;0009012;0301010072;CONSULTA EM GINECOLOGIA GESTANTE.;95747818104;VANESSA BRESCHI;24.09.2026;07:00;1;706105045417560;TAIS SILVA GOMES;14.03.2008;18;222;APARECIDA FERREIRA DA SILVA;RUA;CURIÓ;CASA 2;879;JARDIM GRAMADO;79491012;(67)99959-5439;SAO GABRIEL DO OESTE;500769;SAO GABRIEL DO OESTE;500769;8176132;CASA ROSA;F;09.09.2026;ARIROSA;09.09.2026;ARIROSA;10.00;CONFIRMADO;Z00;95747818104;VANESSA BRESCHI
689712467;0009012;0301010072;CONSULTA EM GINECOLOGIA GESTANTE.;95747818104;VANESSA BRESCHI;17.09.2026;07:30;1;704505374636815;TAMIRES PANIAGO;23.02.1994;32;391;MIRTES JACINTO CARVALHO;RUA;BRASIL;DISTRITO AREADO;S/N;ZONA RURAL;79490000;(67)3471-2036 / (67)99606-4581;SAO GABRIEL DO OESTE;500769;SAO GABRIEL DO OESTE;500769;8176132;CASA ROSA;F;09.09.2026;ARIROSA;14.09.2026;VANIA_MARIANO;10.00;CONFIRMADO;Z00;95747818104;VANESSA BRESCHI
689726370;0201207;0301010072;CONSULTA EM PEDIATRIA;03429604150;STEPHANNO EMMANUEL DE SOUZA CONTIS;10.09.2026;13:00;0;706307796327979;LOUISE ANDRADE BENITEZ;29.08.2026;00;1;ADRIELE ANDRADE NAZARIO;RUA;TICO-TICO;CASA;220;FÊNIX;79491096;(67)99857-3724 / (67)99857-3724;SAO GABRIEL DO OESTE;500769;SAO GABRIEL DO OESTE;500769;8176132;CASA ROSA;F;09.09.2026;TAINAOLIVEIRA;09.09.2026;TAINAOLIVEIRA;10.00;CONFIRMADO;Z00;03429604150;STEPHANNO EMMANUEL DE SOUZA CONTIS
689726846;0701379;0301010048;CONSULTA EM FONOAUDIOLOIGA - RETORNO;65329520100;LEDA MARIA PAES DA SILVA DOS SANTOS;18.09.2026;13:00;0;706307796327979;LOUISE ANDRADE BENITEZ;29.08.2026;00;1;ADRIELE ANDRADE NAZARIO;RUA;TICO-TICO;CASA;220;FÊNIX;79491096;(67)99857-3724 / (67)99857-3724;SAO GABRIEL DO OESTE;500769;SAO GABRIEL DO OESTE;500769;8176132;CASA ROSA;F;09.09.2026;TAINAOLIVEIRA;09.09.2026;TAINAOLIVEIRA;6.30;PENDENTE;Z00;03429604150;STEPHANNO EMMANUEL DE SOUZA CONTIS
689742734;0201207;0301010072;CONSULTA EM PEDIATRIA;03429604150;STEPHANNO EMMANUEL DE SOUZA CONTIS;10.09.2026;15:00;0;700501906412952;DAVID RAVI DOS SANTOS MAGALHAES;05.09.2026;00;1;DANIELI FERNANDES DOS SANTOS;RUA;PELICANOS;;841;JARDIM GRAMADO;79491004;(67)99614-1781;SAO GABRIEL DO OESTE;500769;SAO GABRIEL DO OESTE;500769;2370980;UNIDADE DE SAUDE DA FAMILIA JARDIM GRAMADO I;M;09.09.2026;ELISANGELA_UNIDADEI;09.09.2026;ELISANGELA_UNIDADEI;10.00;CONFIRMADO;Z000;01454652179;MAYARA MARIA MELKE GUIMARAES
689754043;0009012;0301010072;CONSULTA EM GINECOLOGIA GESTANTE.;95747818104;VANESSA BRESCHI;24.09.2026;07:00;1;701306644474330;FATIMA VIEIRA DA SILVA;01.02.1993;33;404;SANDRA MICIA VIEIRA;;;;;;;(67)99857-9982 / (67)9846-1871;;;SAO GABRIEL DO OESTE;500769;6452116;CENTRO DE ESPECIALIDADES MEDICAS;F;09.09.2026;TAINA_CEM;09.09.2026;TAINA_CEM;10.00;CONFIRMADO;Z00;;VANESSA BRESCHI
689766816;0201207;0301010072;CONSULTA EM PEDIATRIA;03429604150;STEPHANNO EMMANUEL DE SOUZA CONTIS;17.09.2026;15:00;1;708007818543120;LAURA EMANUELLY DA SILVA;09.09.2018;08;96;EDNA DA SILVA BEZERRA;RUA;CEARA;;745;CENTRO;79490045;(67)99675-7234;SAO GABRIEL DO OESTE;500769;SAO GABRIEL DO OESTE;500769;6452116;CENTRO DE ESPECIALIDADES MEDICAS;F;09.09.2026;TAINA_CEM;09.09.2026;TAINA_CEM;10.00;PENDENTE;Z00;;STHEPHANNO CONTIS
689791710;0169015;0301010048;TESTE DA ORELHINHA/TRIAGEM AUDITIVA NEONATAL;65329520100;LEDA MARIA PAES DA SILVA DOS SANTOS;25.09.2026;09:00;1;709007847220111;BEATRIZ GARCES TOLEDO KRUKY;08.03.2026;00;6;PATRICIA GARCES LEITE;RUA;DAS PERDIZES 1/917;;448;JARDIM GRAMADO;79491048;(67)99922-8870;SAO GABRIEL DO OESTE;500769;SAO GABRIEL DO OESTE;500769;8176132;CASA ROSA;F;09.09.2026;TAINAOLIVEIRA;09.09.2026;TAINAOLIVEIRA;6.30;PENDENTE;Z00;65329520100;LEDA MARIA PAES DA SILVA DOS SANTOS
689873380;0009012;0301010072;CONSULTA EM GINECOLOGIA GESTANTE.;95747818104;VANESSA BRESCHI;24.09.2026;07:00;0;702803660272462;TAINARA CRISTINA SOARES DA SILVA;03.01.2005;21;261;ROSILENE ARRUDA SOARES;RUA;COLIBRI;;180;FENIX;79491108;(67)99941-8401 / (67)99941-8401;SAO GABRIEL DO OESTE;500769;SAO GABRIEL DO OESTE;500769;7002084;UNIDADE DE SAUDE DA FAMILIA IX;F;09.09.2026;FABIELY_MORAES;14.09.2026;VANIA_MARIANO;10.00;CONFIRMADO;Z34;96040653191;PAULO FENELON MARINHO
689891179;0201207;0301010072;CONSULTA EM PEDIATRIA;37817795649;GILBERT MAIRINK RODRIGUES;11.09.2026;07:00;0;705005034263357;YENDERLIS HELENNA CARIMA DE SANTOS;13.03.2024;02;30;ANGELA DEL CARMEN ZARAGOZA CARIMA;RUA;PELICANOS;;1347;JARDIM GRAMADO;79490000;(67)99884-7129;SAO GABRIEL DO OESTE;500769;SAO GABRIEL DO OESTE;500769;8176132;CASA ROSA;F;09.09.2026;TAINAOLIVEIRA;09.09.2026;TAINAOLIVEIRA;10.00;CONFIRMADO;Z00;37817795649;GILBERT MAIRINK RODRIGUES
689892178;0009012;0301010072;CONSULTA EM GINECOLOGIA GESTANTE.;95747818104;VANESSA BRESCHI;17.09.2026;13:00;1;700007295534002;HELOISE DO PRADO HORMAN;19.05.1999;27;328;MARIA HELENA DO PRADO HORMAN;RUA;BICUDOS;;141;JARDIM GRAMADO;79491028;(66)98154-6941;SAO GABRIEL DO OESTE;500769;SAO GABRIEL DO OESTE;500769;8176132;CASA ROSA;F;09.09.2026;TAINAOLIVEIRA;14.09.2026;VANIA_MARIANO;10.00;CONFIRMADO;Z00;95747818104;VANESSA BRESCHI
689893584;0201207;0301010072;CONSULTA EM PEDIATRIA;37817795649;GILBERT MAIRINK RODRIGUES;11.09.2026;15:00;0;702806131985662;LIZ EMANUELLY LIMA DOS SANTOS;28.07.2026;00;2;RAISSA LIMA PIMENTEL;AVENIDA;SAO FRANCISCO 2401/99999;;3075;JARDIM PRIMAVERA;79490170;(67)99180-7644;SAO GABRIEL DO OESTE;500769;SAO GABRIEL DO OESTE;500769;8176132;CASA ROSA;F;09.09.2026;TAINAOLIVEIRA;09.09.2026;TAINAOLIVEIRA;10.00;CONFIRMADO;Z099;37817795649;GILBERT MAIRINK RODRIGUES
689912526;0201207;0301010072;CONSULTA EM PEDIATRIA;03429604150;STEPHANNO EMMANUEL DE SOUZA CONTIS;17.09.2026;13:00;0;898006463700098;ARTHUR MATTEO VIEIRA RONDON;27.08.2026;00;1;BEATRIZ VIEIRA DE LIMA;RUA;BEIJA-FLOR 1/99998;;1158;FENIX;79491120;(61)3315-2425;SAO GABRIEL DO OESTE;500769;SAO GABRIEL DO OESTE;500769;8176132;CASA ROSA;M;09.09.2026;TAINAOLIVEIRA;09.09.2026;TAINAOLIVEIRA;10.00;CONFIRMADO;Z00;;ISABELA MEDEIROS DOS ANJOS
689988660;0169015;0301010048;TESTE DA ORELHINHA/TRIAGEM AUDITIVA NEONATAL;65329520100;LEDA MARIA PAES DA SILVA DOS SANTOS;25.09.2026;09:00;1;706704514507110;DAVI MIGUEL DE OLIVEIRA RODRIGUES SILVA;05.09.2026;00;1;ANA JULIA DE OLIVEIRA MORAES;RUA;CURIO;;817;JARDIM GRAMADO;79491012;(67)99715-8954 / (67)99661-1122;SAO GABRIEL DO OESTE;500769;SAO GABRIEL DO OESTE;500769;8176132;CASA ROSA;M;10.09.2026;TAINAOLIVEIRA;10.09.2026;TAINAOLIVEIRA;6.30;PENDENTE;Z00;03429604150;STEPHANNO EMMANUEL DE SOUZA CONTIS
690119304;0201207;0301010072;CONSULTA EM PEDIATRIA;03429604150;STEPHANNO EMMANUEL DE SOUZA CONTIS;17.09.2026;07:00;1;700000453805102;HENRY LUIGI GONCALVES SOARES;25.01.2020;06;80;GLAUCILENE GONCALVES BRANDAO;RUA;CAMBARÁ;;655;FLOR DO SERRADO;79490000;(67)99615-7819;SAO GABRIEL DO OESTE;500769;SAO GABRIEL DO OESTE;500769;8176132;CASA ROSA;M;10.09.2026;TAINAOLIVEIRA;10.09.2026;TAINAOLIVEIRA;10.00;CONFIRMADO;Z099;03429604150;STEPHANNO EMMANUEL DE SOUZA CONTIS
690157717;0201207;0301010072;CONSULTA EM PEDIATRIA;03429604150;STEPHANNO EMMANUEL DE SOUZA CONTIS;17.09.2026;09:00;0;700001781866605;ELOYSE SOUZA;25.07.2026;00;2;FABIANA SOUZA SEGANTIN;RUA;FÊNIX;;422;FÊNIX;79491110;(67)99188-1416 / (67)99188-1416;SAO GABRIEL DO OESTE;500769;SAO GABRIEL DO OESTE;500769;7002084;UNIDADE DE SAUDE DA FAMILIA IX;F;10.09.2026;FABIELY_MORAES;10.09.2026;FABIELY_MORAES;10.00;PENDENTE;Z001;01415181110;ANGELA BENITES
690179731;0201207;0301010072;CONSULTA EM PEDIATRIA;03429604150;STEPHANNO EMMANUEL DE SOUZA CONTIS;17.09.2026;09:00;1;706307796327979;LOUISE ANDRADE BENITEZ;29.08.2026;00;1;ADRIELE ANDRADE NAZARIO;RUA;TICO-TICO;CASA;220;FÊNIX;79491096;(67)99857-3724 / (67)99857-3724;SAO GABRIEL DO OESTE;500769;SAO GABRIEL DO OESTE;500769;8176132;CASA ROSA;F;10.09.2026;TAINAOLIVEIRA;15.09.2026;VANIA_MARIANO;10.00;PENDENTE;Z099;03429604150;STEPHANNO EMMANUEL DE SOUZA CONTIS
690298131;0009012;0301010072;CONSULTA EM GINECOLOGIA GESTANTE.;91415799172;ALESSANDRA REGINA GOMES RODOVALHO;22.09.2026;13:30;1;703007896523875;ANA CLARA DE OLIVEIRA BRITO;12.01.2007;19;236;JANAINA ALMEIDA DE OLIVEIRA BRITO;FAZENDA;PAINEIRAS;;S/N;AREA RURAL DE SAO GABRIEL DO OESTE;79493899;(67)99826-6648 / (67)99646-8963;SAO GABRIEL DO OESTE;500769;SAO GABRIEL DO OESTE;500769;8176132;CASA ROSA;F;11.09.2026;TAINAOLIVEIRA;18.09.2026;VANIA_MARIANO;10.00;CONFIRMADO;Z099;91415799172;ALESSANDRA REGINA GOMES RODOVALHO
690326421;0201207;0301010072;CONSULTA EM PEDIATRIA;03429604150;STEPHANNO EMMANUEL DE SOUZA CONTIS;17.09.2026;09:00;0;898006464301634;APOLO KREIN MARCOLINO;03.09.2026;00;1;MARIELY KREIN SILVA;RUA;ALAGOAS 2400/99999;;2480;JARDIM PRIMAVERA;79490172;(61)3315-2425;SAO GABRIEL DO OESTE;500769;SAO GABRIEL DO OESTE;500769;8176132;CASA ROSA;M;11.09.2026;TAINAOLIVEIRA;11.09.2026;TAINAOLIVEIRA;10.00;CONFIRMADO;Z00;03429604150;STEPHANNO EMMANUEL DE SOUZA CONTIS
690326795;0701379;0301010048;CONSULTA EM FONOAUDIOLOIGA - RETORNO;65329520100;LEDA MARIA PAES DA SILVA DOS SANTOS;18.09.2026;13:00;0;898006464301634;APOLO KREIN MARCOLINO;03.09.2026;00;1;MARIELY KREIN SILVA;RUA;ALAGOAS 2400/99999;;2480;JARDIM PRIMAVERA;79490172;(61)3315-2425;SAO GABRIEL DO OESTE;500769;SAO GABRIEL DO OESTE;500769;8176132;CASA ROSA;M;11.09.2026;TAINAOLIVEIRA;11.09.2026;TAINAOLIVEIRA;6.30;CONFIRMADO;Z00;03429604150;STEPHANNO EMMANUEL DE SOUZA CONTIS
690327410;0701379;0301010048;CONSULTA EM FONOAUDIOLOIGA - RETORNO;65329520100;LEDA MARIA PAES DA SILVA DOS SANTOS;25.09.2026;13:00;0;898006464389434;LAVINIA DE BRITO;06.09.2026;00;1;ANA CLARA DE OLIVEIRA BRITO;FAZENDA;PAINEIRA;;S/N;AREA RURAL DE SAO GABRIEL DO OESTE;79493899;(67)99822-6664;SAO GABRIEL DO OESTE;500769;SAO GABRIEL DO OESTE;500769;8176132;CASA ROSA;F;11.09.2026;TAINAOLIVEIRA;11.09.2026;TAINAOLIVEIRA;6.30;CONFIRMADO;Z099;65329520100;LEDA MARIA PAES DA SILVA DOS SANTOS
690327596;0701379;0301010048;CONSULTA EM FONOAUDIOLOIGA - RETORNO;65329520100;LEDA MARIA PAES DA SILVA DOS SANTOS;25.09.2026;13:00;0;898006464281439;LIVIA DE OLIVEIRA;06.09.2026;00;1;ANA CLARA DE OLIVEIRA BRITO;FAZENDA;PAINEIRA;;S/N;AREA RURAL DE SAO GABRIEL DO OESTE;79493899;(67)99826-6648;SAO GABRIEL DO OESTE;500769;SAO GABRIEL DO OESTE;500769;8176132;CASA ROSA;F;11.09.2026;TAINAOLIVEIRA;11.09.2026;TAINAOLIVEIRA;6.30;CONFIRMADO;Z099;65329520100;LEDA MARIA PAES DA SILVA DOS SANTOS
690333617;0701379;0301010048;CONSULTA EM FONOAUDIOLOIGA - RETORNO;65329520100;LEDA MARIA PAES DA SILVA DOS SANTOS;25.09.2026;07:00;0;708003827074924;NICOLAS GAEL TELES DE SOUZA;07.09.2026;00;0;MAIANE TELES ANGELO DE LUNA;RUA;SAO JORGE;CASA 29;289;JARDIM PRIMAVERA;79490164;(67)99612-9401;SAO GABRIEL DO OESTE;500769;SAO GABRIEL DO OESTE;500769;8176132;CASA ROSA;M;11.09.2026;TAINAOLIVEIRA;11.09.2026;TAINAOLIVEIRA;6.30;CONFIRMADO;Z00;04145161173;RHUANNE SIQUEIRA GUIMARAES
690333726;0201207;0301010072;CONSULTA EM PEDIATRIA;03429604150;STEPHANNO EMMANUEL DE SOUZA CONTIS;17.09.2026;13:00;0;708003827074924;NICOLAS GAEL TELES DE SOUZA;07.09.2026;00;0;MAIANE TELES ANGELO DE LUNA;RUA;SAO JORGE;CASA 29;289;JARDIM PRIMAVERA;79490164;(67)99612-9401;SAO GABRIEL DO OESTE;500769;SAO GABRIEL DO OESTE;500769;8176132;CASA ROSA;M;11.09.2026;TAINAOLIVEIRA;11.09.2026;TAINAOLIVEIRA;10.00;CONFIRMADO;Z00;04145161173;RHUANNE SIQUEIRA GUIMARAES
690334399;0009012;0301010072;CONSULTA EM GINECOLOGIA GESTANTE.;95747818104;VANESSA BRESCHI;24.09.2026;07:00;1;706801235400421;MAIANE TELES ANGELO DE LUNA;27.04.2006;20;245;MARIA LUCINEIDE RODRIGUES DE LUNA;RUA;SÃO JORGE;CASA 29;289;JARDIM PRIMAVERA;79490164;(87)99119-3878;SAO GABRIEL DO OESTE;500769;SAO GABRIEL DO OESTE;500769;8176132;CASA ROSA;F;11.09.2026;TAINAOLIVEIRA;14.09.2026;VANIA_MARIANO;10.00;PENDENTE;Z00;95747818104;VANESSA BRESCHI
690444781;0201207;0301010072;CONSULTA EM PEDIATRIA;03429604150;STEPHANNO EMMANUEL DE SOUZA CONTIS;24.09.2026;09:00;1;702104728985997;MARIAH EDUARDA SOUZA DO CARMO;22.04.2026;00;5;ANDRESSA DE SOUZA SANTANA;RUA;GOIAS 1/2399;;2520;CENTRO;79490017;(67)99893-8357;SAO GABRIEL DO OESTE;500769;SAO GABRIEL DO OESTE;500769;2599376;UNIDADE DE SAUDE DA FAMILIA VI;F;14.09.2026;MARIANA_MARTINS;14.09.2026;MARIANA_MARTINS;10.00;CONFIRMADO;Z001;06437691107;MAIARA FLORES SCARIOT
690462219;0009012;0301010072;CONSULTA EM GINECOLOGIA GESTANTE.;88308499953;LUCINALDO BASSO;21.09.2026;07:30;1;705601411098919;AGDA CRISTINA DE MATOS RIBEIRO;03.11.1993;32;395;MARIA JOSE DE MATOS;RUA;BEIJA-FLOR 1/99998;CASA;1192;FENIX;79491120;(67)99928-2458 / (67)99636-5006;SAO GABRIEL DO OESTE;500769;SAO GABRIEL DO OESTE;500769;8176132;CASA ROSA;F;14.09.2026;TAINAOLIVEIRA;18.09.2026;VANIA_MARIANO;10.00;CONFIRMADO;Z099;88308499953;LUCINALDO BASSO
690503510;0009012;0301010072;CONSULTA EM GINECOLOGIA GESTANTE.;88308499953;LUCINALDO BASSO;21.09.2026;07:30;1;705608498395313;BIANCA DA SILVA RONDON;02.01.2011;15;189;ANA PAULA RODA DA SILVA;RUA;PEDRO SEGATTO;CASA 1;249;FÊNIX;79491062;(67)99919-4777 / (67)99935-0459;SAO GABRIEL DO OESTE;500769;SAO GABRIEL DO OESTE;500769;8176132;CASA ROSA;F;14.09.2026;TAINAOLIVEIRA;18.09.2026;VANIA_MARIANO;10.00;CONFIRMADO;Z099;88308499953;LUCINALDO BASSO
690506705;0201207;0301010072;CONSULTA EM PEDIATRIA;03429604150;STEPHANNO EMMANUEL DE SOUZA CONTIS;24.09.2026;07:00;1;700402377760350;BERNARDO CAMARGO SIMOES;14.11.2025;00;10;NAIARA DA SILVA SIMOES;AVENIDA;TUIUIU 1/1465;;1333;JARDIM GRAMADO;79491006;(67)99945-7005;SAO GABRIEL DO OESTE;500769;SAO GABRIEL DO OESTE;500769;8176132;CASA ROSA;M;14.09.2026;ERICAPIRES_VIEIRA;18.09.2026;VANIA_MARIANO;10.00;CONFIRMADO;Z099;03429604150;STEPHANNO EMMANUEL DE SOUZA CONTIS
690542986;0009001;0301010072;CONSULTA EM GINECOLOGIA - GERAL;95747818104;VANESSA BRESCHI;24.09.2026;13:00;0;701406693849236;TATIANE PIRES SACCA;09.01.1986;40;488;MARIA NATALINA BERARDINELLI PIRES;RUA;CASTANHEIRA;CASA;366;SÃO CRISTOVÃO;79491182;(67)99854-3244;SAO GABRIEL DO OESTE;500769;SAO GABRIEL DO OESTE;500769;6354265;CENTRAL DE REGULACAO DE SAO GABRIEL DO OESTE;F;14.09.2026;CLEIDIANE_REGULADOR;14.09.2026;CLEIDIANE_REGULADOR;10.00;CONFIRMADO;Z014;;PAULO FENELON MARINHO
690626785;0201207;0301010072;CONSULTA EM PEDIATRIA;04145161173;RHUANNE SIQUEIRA GUIMARAES;21.09.2026;07:30;1;704206283935783;LUIZ FELLIPE VENCIO MANN RONCALHIO;20.01.2026;00;8;TATIANE VENCIO DA SILVA;RUA;DAS GAIVOTAS 1466/99999;;2105;FENIX;79491094;(67)99675-6012 / (67)99929-9393;SAO GABRIEL DO OESTE;500769;SAO GABRIEL DO OESTE;500769;8176132;CASA ROSA;M;14.09.2026;ERICAPIRES_VIEIRA;18.09.2026;VANIA_MARIANO;10.00;CONFIRMADO;Z099;04145161173;RHUANNE SIQUEIRA GUIMARAES
690669791;0201207;0301010072;CONSULTA EM PEDIATRIA;01865429171;AMANDA NANTES AQUINO;22.09.2026;14:00;1;701405601923239;HEITOR FAVASSANI SCHUSSLER;31.12.2022;03;45;KARINA FAVASSANI PRESTES;RUA;AMOREIRA;;3074;PRIMO MAFISSONI;79490000;(67)99607-6227;SAO GABRIEL DO OESTE;500769;SAO GABRIEL DO OESTE;500769;8176132;CASA ROSA;M;14.09.2026;ERICAPIRES_VIEIRA;14.09.2026;ERICAPIRES_VIEIRA;10.00;CONFIRMADO;Z000;01865429171;AMANDA NANTES AQUINO
690671257;0201207;0301010072;CONSULTA EM PEDIATRIA;03429604150;STEPHANNO EMMANUEL DE SOUZA CONTIS;17.09.2026;09:00;0;700308938159932;MIGUEL WENDREU CONCEICAO DE LIMA;09.09.2026;00;0;BRUNA DA CONCEICAO SALES;RUA;CURIO;;1522;JARDIM GRAMADO;79491012;(67)99952-3096;SAO GABRIEL DO OESTE;500769;SAO GABRIEL DO OESTE;500769;5971055;UNIDADE DE SAUDE DA FAMILIA VIII;M;14.09.2026;MARTAFERNANDES_ABREU;14.09.2026;MARTAFERNANDES_ABREU;10.00;CONFIRMADO;Z001;;RHUANNE GUIMARAES
690683108;0009001;0301010072;CONSULTA EM GINECOLOGIA - GERAL;88308499953;LUCINALDO BASSO;17.09.2026;09:00;0;705000604418952;MAYARA FATIMA DE LIMA NORBEQUE;17.10.1993;32;395;NEUZA ROSANE DE LIMA;GRANJA;SCOTTON;;S/N;AREA RURAL DE SAO GABRIEL DO OESTE;79493899;(67)99634-1228;SAO GABRIEL DO OESTE;500769;SAO GABRIEL DO OESTE;500769;8176132;CASA ROSA;F;14.09.2026;TAINAOLIVEIRA;15.09.2026;CLEIDIANE_REGULADOR;10.00;CONFIRMADO;D25;10963419641;MARIA FERNANDA DIAS BASILIO
690750775;0201207;0301010072;CONSULTA EM PEDIATRIA;03429604150;STEPHANNO EMMANUEL DE SOUZA CONTIS;17.09.2026;07:00;1;705207441744478;BENTO EVARISTO RIBEIRO;14.07.2026;00;2;PAULA GIOVANA FRANCA;RUA;PELICANOS;;1291;JARDIM GRAMADO;79491004;(67)99938-6787;SAO GABRIEL DO OESTE;500769;SAO GABRIEL DO OESTE;500769;2370980;UNIDADE DE SAUDE DA FAMILIA JARDIM GRAMADO I;M;15.09.2026;CLAUDIA_SANTOS;15.09.2026;CLAUDIA_SANTOS;10.00;CONFIRMADO;Z00;; STEPHANNO EMMANUEL DE SOUZA CONTIS 
690778136;0201207;0301010072;CONSULTA EM PEDIATRIA;37817795649;GILBERT MAIRINK RODRIGUES;25.09.2026;07:00;1;700004883573804;OLIVIA RUIVO DA COSTA;08.10.2025;00;11;SUELEM RUIVO DA SILVA;AVENIDA;CASTELO BRANCO 1201/1997;;1807;PRIMO MAFFISSONI;79490292;(67)99806-4691;SAO GABRIEL DO OESTE;500769;SAO GABRIEL DO OESTE;500769;8176132;CASA ROSA;F;15.09.2026;ERICAPIRES_VIEIRA;18.09.2026;VANIA_MARIANO;10.00;PENDENTE;Z000;37817795649;GILBERT MAIRINK RODRIGUES
690811433;0201207;0301010072;CONSULTA EM PEDIATRIA;01865429171;AMANDA NANTES AQUINO;22.09.2026;08:00;0;708608549769589;JOAO ANTONIO DOS ANJOS ANHANI;18.09.2023;03;36;TALITA PAULA SILVA DOS ANJOS;RUA;DA AVIAÇÃO;DISTRITO AREADO;S/N;AREA RURAL DE SAO GABRIEL DO OESTE;79493899;(67)99844-1340;SAO GABRIEL DO OESTE;500769;SAO GABRIEL DO OESTE;500769;2370972;UNIDADE DE SAUDE DA FAMILIA MILANE II;M;15.09.2026;VANESSAMARTINS_AREADO;18.09.2026;VANIA_MARIANO;10.00;PENDENTE;R05;83798633134;JOAO BAPTISTA BARBOSA SOUZA
690899428;0201207;0301010072;CONSULTA EM PEDIATRIA;01865429171;AMANDA NANTES AQUINO;15.09.2026;14:00;1;707106344737620;NOA GAEL SCHEIFER LEMES;29.04.2026;00;5;FRANCIELE LEMES LIMA;RUA;CAMBARÁ;;725;SÃO CRISTOVÃO;79491186;(67)99882-9485;SAO GABRIEL DO OESTE;500769;SAO GABRIEL DO OESTE;500769;8176132;CASA ROSA;M;15.09.2026;ERICAPIRES_VIEIRA;15.09.2026;ERICAPIRES_VIEIRA;10.00;CONFIRMADO;Z000;01865429171;AMANDA NANTES AQUINO
690902072;0009001;0301010072;CONSULTA EM GINECOLOGIA - GERAL;10963419641;MARIA FERNANDA DIAS BASILIO;16.09.2026;07:30;0;700602937710068;BEATRIZ NUNES AGUERO;25.01.2002;24;296;MARIA GLICELIA GONCALVES NUNES;RUA;CURICACA;;1624;JARDIM GRAMADO;79491010;(67)99661-2749;SAO GABRIEL DO OESTE;500769;SAO GABRIEL DO OESTE;500769;2370980;UNIDADE DE SAUDE DA FAMILIA JARDIM GRAMADO I;F;15.09.2026;ELISANGELA_UNIDADEI;15.09.2026;ELISANGELA_UNIDADEI;10.00;PENDENTE;Z34;;ALCIDES EDUARDO EIBEL
690904500;0201207;0301010072;CONSULTA EM PEDIATRIA;01865429171;AMANDA NANTES AQUINO;22.09.2026;14:00;1;705606474392916;MARIA ANTONELLA FREITAS DE SOUZA;19.08.2025;01;13;ISABELLA BIANCA PEDROSA DE SOUZA;RUA;PERIQUITO;CASA;315;FÊNIX;79491088;(67)99830-1757;SAO GABRIEL DO OESTE;500769;SAO GABRIEL DO OESTE;500769;8176132;CASA ROSA;F;15.09.2026;TAINAOLIVEIRA;15.09.2026;TAINAOLIVEIRA;10.00;CONFIRMADO;Z099;01865429171;AMANDA NANTES AQUINO
690923171;0009012;0301010072;CONSULTA EM GINECOLOGIA GESTANTE.;91415799172;ALESSANDRA REGINA GOMES RODOVALHO;22.09.2026;13:00;1;704300527489098;GLACIELY TEODORO DE FREITAS;20.02.1991;35;427;GRACINDA FLORENTINA TEODORO DE FREITAS;RUA;CAMBARA;CASA;796;FENIX;79490000;(67)98531-0430 / (67)99890-7716;SAO GABRIEL DO OESTE;500769;SAO GABRIEL DO OESTE;500769;8176132;CASA ROSA;F;15.09.2026;TAINAOLIVEIRA;18.09.2026;VANIA_MARIANO;10.00;CONFIRMADO;Z099;91415799172;ALESSANDRA REGINA GOMES RODOVALHO
690932026;0701379;0301010048;CONSULTA EM FONOAUDIOLOIGA - RETORNO;65329520100;LEDA MARIA PAES DA SILVA DOS SANTOS;25.09.2026;07:00;0;898006464801769;NICOLY CORMAN VASCONCELOS DOS SANTOS;09.09.2026;00;0;PAMELA CORMAN ROQUE SANCHES;RUA;DOS CANARIOS;;1611;FENIX;79491078;(61)3315-2425;SAO GABRIEL DO OESTE;500769;SAO GABRIEL DO OESTE;500769;8176132;CASA ROSA;F;15.09.2026;TAINAOLIVEIRA;15.09.2026;TAINAOLIVEIRA;6.30;CONFIRMADO;Z00;04145161173;RHUANNE SIQUEIRA GUIMARAES
690934975;0201207;0301010072;CONSULTA EM PEDIATRIA;03429604150;STEPHANNO EMMANUEL DE SOUZA CONTIS;17.09.2026;15:00;0;706204598571464;BRUNA BEATRYZ DA SILVA URBANO;01.09.2026;00;1;JOICE DA SILVA;AREA;PRINCIPAL 1;ASSENTAMENTO C;29;AREA RURAL DE SAO GABRIEL DO OESTE;79493899;(67)99973-8004;SAO GABRIEL DO OESTE;500769;SAO GABRIEL DO OESTE;500769;2370972;UNIDADE DE SAUDE DA FAMILIA MILANE II;F;15.09.2026;FLAVIA_RODRIGUES;15.09.2026;FLAVIA_RODRIGUES;10.00;CONFIRMADO;Z001;02453491113;MILENA GUEDIN VARGAS
690949224;0701379;0301010048;CONSULTA EM FONOAUDIOLOIGA - RETORNO;65329520100;LEDA MARIA PAES DA SILVA DOS SANTOS;25.09.2026;07:00;0;700305963023639;LEVI THEOBALDO ARAUJO;27.01.2026;00;8;CLARICE DA SILVA THEOBALDO PAULINO ARAUJO;RUA;CURICACA;;1563;JARDIM GRAMADO;79491010;(67)99910-4954;SAO GABRIEL DO OESTE;500769;SAO GABRIEL DO OESTE;500769;8176132;CASA ROSA;M;15.09.2026;TAINAOLIVEIRA;15.09.2026;TAINAOLIVEIRA;6.30;PENDENTE;Z099;65329520100;LEDA MARIA PAES DA SILVA DOS SANTOS
690964463;0201207;0301010072;CONSULTA EM PEDIATRIA;03429604150;STEPHANNO EMMANUEL DE SOUZA CONTIS;17.09.2026;15:00;0;704505364238116;MAVIE HELOISE STEVARENGO VASQUES;02.09.2026;00;1;MAIARA STEVARENGO ALONSO AUGUSTO;RUA;CURICACA;;830;JARDIM GRAMADO;79491010;(48)99217-2831;SAO GABRIEL DO OESTE;500769;SAO GABRIEL DO OESTE;500769;2370980;UNIDADE DE SAUDE DA FAMILIA JARDIM GRAMADO I;F;15.09.2026;ELISANGELA_UNIDADEI;15.09.2026;ELISANGELA_UNIDADEI;10.00;CONFIRMADO;Z000;;STEPHANO CONTIS
690972130;0009012;0301010072;CONSULTA EM GINECOLOGIA GESTANTE.;91415799172;ALESSANDRA REGINA GOMES RODOVALHO;22.09.2026;13:30;1;700009687044505;FRANCIELI COELHO VEIGA;21.09.2000;26;312;SONIA BELARMINO DA SILVA;RUA;ALBINO SOUZA BRANDAO 1/1199;;807;CENTRO;79490057;(67)99929-0302;SAO GABRIEL DO OESTE;500769;SAO GABRIEL DO OESTE;500769;8176132;CASA ROSA;F;15.09.2026;ERICAPIRES_VIEIRA;18.09.2026;VANIA_MARIANO;10.00;CONFIRMADO;Z000;91415799172;ALESSANDRA REGINA GOMES RODOVALHO
691047779;0201207;0301010072;CONSULTA EM PEDIATRIA;03429604150;STEPHANNO EMMANUEL DE SOUZA CONTIS;17.09.2026;15:00;0;702900564506578;JOAO MARCELO ALVES FERREIRA;19.08.2022;04;49;RAUANY MARTINS PAGANOTTI;RUA;PERNAMBUCO;;3187;PRIMO MAFFISSONI;79490000;(67)99878-6487;SAO GABRIEL DO OESTE;500769;SAO GABRIEL DO OESTE;500769;7333218;UNIDADE DE SAUDE DA FAMILIA X;M;16.09.2026;RAISSASILVALIMA;16.09.2026;RAISSASILVALIMA;10.00;CONFIRMADO;R11;63805480172;CLEDSON PERETTI
691057959;0701379;0301010048;CONSULTA EM FONOAUDIOLOIGA - RETORNO;65329520100;LEDA MARIA PAES DA SILVA DOS SANTOS;25.09.2026;07:00;0;898006465182043;ARIELA DOS ANJOS DE BRITO;10.09.2026;00;0;SIMONE DOS ANJOS COSTA DE BRITO;RUA;CURICACA 1466/99999;;2000;FENIX;79491080;(61)3315-2425;SAO GABRIEL DO OESTE;500769;SAO GABRIEL DO OESTE;500769;8176132;CASA ROSA;F;16.09.2026;ERICAPIRES_VIEIRA;16.09.2026;ERICAPIRES_VIEIRA;6.30;CONFIRMADO;Z000;65329520100;LEDA MARIA PAES DA SILVA DOS SANTOS
691066676;0009012;0301010072;CONSULTA EM GINECOLOGIA GESTANTE.;95747818104;VANESSA BRESCHI;24.09.2026;07:30;1;708609021523781;SIMONE DOS ANJOS COSTA DE BRITO;10.05.1988;38;460;MARIA DOS ANJOS;RUA;CURICACA 1466/99999;;2000;FENIX;79491080;(67)99888-9805 / (67)99843-6624;SAO GABRIEL DO OESTE;500769;SAO GABRIEL DO OESTE;500769;8176132;CASA ROSA;F;16.09.2026;ERICAPIRES_VIEIRA;18.09.2026;VANIA_MARIANO;10.00;CONFIRMADO;Z099;95747818104;VANESSA BRESCHI
691068189;0201207;0301010072;CONSULTA EM PEDIATRIA;57255873120;CLODOALDO SABINO DA SILVA;30.09.2026;07:00;1;704807591714546;KEVIN DA SILVA PARTICHELLI;06.08.2025;01;14;DAYANI PARTICHELLI;RUA;SANTA CATARINA 2400/99998;;2648;AMABILE MAFFISSONI;79490082;(67)99636-7930;SAO GABRIEL DO OESTE;500769;SAO GABRIEL DO OESTE;500769;8176132;CASA ROSA;M;16.09.2026;TAINAOLIVEIRA;18.09.2026;VANIA_MARIANO;10.00;CONFIRMADO;J038;57255873120;CLODOALDO SABINO DA SILVA
691069091;0009012;0301010072;CONSULTA EM GINECOLOGIA GESTANTE.;88308499953;LUCINALDO BASSO;21.09.2026;07:00;0;700002896165503;SAMILA DA SILVA SANTOS;12.05.2002;24;292;JOSINEIDE DA CONCEICAO DA SILVA;RUA;ANHUMAS;;1860;JARDIM GRAMADO;79490000;(67)99884-0874;SAO GABRIEL DO OESTE;500769;SAO GABRIEL DO OESTE;500769;8176132;CASA ROSA;F;16.09.2026;ERICAPIRES_VIEIRA;16.09.2026;ERICAPIRES_VIEIRA;10.00;CONFIRMADO;Z34;;PAULO FENELON MARINHO
691078006;0201207;0301010072;CONSULTA EM PEDIATRIA;03429604150;STEPHANNO EMMANUEL DE SOUZA CONTIS;24.09.2026;13:00;0;709800033941697;JOSE ANTONIO SOARES DOS SANTOS;13.09.2026;00;0;JANAINA ALVES DOS SANTOS;RUA;HILDO NICARETTA;;2132;PRIMO MAFFISSONI;79490280;(67)99868-7572;SAO GABRIEL DO OESTE;500769;SAO GABRIEL DO OESTE;500769;7333218;UNIDADE DE SAUDE DA FAMILIA X;M;16.09.2026;RAISSASILVALIMA;16.09.2026;RAISSASILVALIMA;10.00;CONFIRMADO;Z00;;STEPHANNO CONTIS
691177926;0009012;0301010072;CONSULTA EM GINECOLOGIA GESTANTE.;10963419641;MARIA FERNANDA DIAS BASILIO;23.09.2026;13:30;0;700602937710068;BEATRIZ NUNES AGUERO;25.01.2002;24;296;MARIA GLICELIA GONCALVES NUNES;RUA;CURICACA;;1624;JARDIM GRAMADO;79491010;(67)99661-2749;SAO GABRIEL DO OESTE;500769;SAO GABRIEL DO OESTE;500769;2370980;UNIDADE DE SAUDE DA FAMILIA JARDIM GRAMADO I;F;16.09.2026;ELISANGELA_UNIDADEI;16.09.2026;ELISANGELA_UNIDADEI;10.00;CONFIRMADO;Z34;;ALCIDES EDUARDO EIBEL
691194233;0009012;0301010072;CONSULTA EM GINECOLOGIA GESTANTE.;95747818104;VANESSA BRESCHI;24.09.2026;07:00;0;709002826218814;MARIA EDUARDA DE OLIVEIRA ALVES;15.11.2010;15;190;DEIVILA DE OLIVEIRA CUSTODIO;RUA;SANTA MARIA;CHACARRA;24;MILANI;79492074;(67)99606-5319;SAO GABRIEL DO OESTE;500769;SAO GABRIEL DO OESTE;500769;6354265;CENTRAL DE REGULACAO DE SAO GABRIEL DO OESTE;F;16.09.2026;VANIA_MARIANO;16.09.2026;VANIA_MARIANO;10.00;PENDENTE;Z35;;JOAO BATISTA
691200741;0009012;0301010072;CONSULTA EM GINECOLOGIA GESTANTE.;10963419641;MARIA FERNANDA DIAS BASILIO;23.09.2026;13:30;0;706400607201789;FRANCIELE PIRES VIEIRA;01.08.1991;35;422;EVA GLOVACKI VIEIRA;RUA;JOAO EVANGELISTA ROSA;;929;CENTRO;79490000;(67)99840-8321;SAO GABRIEL DO OESTE;500769;SAO GABRIEL DO OESTE;500769;8176132;CASA ROSA;F;16.09.2026;ARIROSA;16.09.2026;ARIROSA;10.00;CONFIRMADO;Z00;;JESSICA ELOY 
691208088;0201207;0301010072;CONSULTA EM PEDIATRIA;57255873120;CLODOALDO SABINO DA SILVA;23.09.2026;09:00;1;701106035074210;DOMINIQUE TAWANNY ARAUJO DE SOUZA;30.07.2025;01;14;CRISTINA ARAUJO DE JESUS;RUA;AROEIRA;;577;SAO CRISTOVAO;79491190;(67)99843-8119;SAO GABRIEL DO OESTE;500769;SAO GABRIEL DO OESTE;500769;8176132;CASA ROSA;F;16.09.2026;TAINAOLIVEIRA;18.09.2026;VANIA_MARIANO;10.00;CONFIRMADO;J80;57255873120;CLODOALDO SABINO DA SILVA
691213310;0201207;0301010072;CONSULTA EM PEDIATRIA;03429604150;STEPHANNO EMMANUEL DE SOUZA CONTIS;24.09.2026;13:00;0;701200021947717;HANYEL NASCIMENTO SOUZA;05.06.2025;01;16;DAYANE GOMES DO NASCIMENTO;RUA;AZULÃO;;1563;FÊNIX;79491104;(67)99633-1023;SAO GABRIEL DO OESTE;500769;SAO GABRIEL DO OESTE;500769;8176132;CASA ROSA;M;16.09.2026;ERICAPIRES_VIEIRA;16.09.2026;ERICAPIRES_VIEIRA;10.00;CONFIRMADO;Z099;03429604150;STEPHANNO EMMANUEL DE SOUZA CONTIS
691215463;0201207;0301010072;CONSULTA EM PEDIATRIA;01865429171;AMANDA NANTES AQUINO;22.09.2026;13:00;0;700503103634757;LAURA ORTEGA COCCO DE LIMA;07.02.2018;08;103;ANA CAROLINA ORTEGA COCCO;RUA;SAO JOGE;CASA 9;215;PRIMO MAFFISSONI;79490000;(67)99825-2684;SAO GABRIEL DO OESTE;500769;SAO GABRIEL DO OESTE;500769;8176132;CASA ROSA;F;16.09.2026;ARIROSA;16.09.2026;ARIROSA;10.00;CONFIRMADO;Z00;04145161173;RHUANNE SIQUEIRA GUIMARAES
691225589;0009012;0301010072;CONSULTA EM GINECOLOGIA GESTANTE.;10963419641;MARIA FERNANDA DIAS BASILIO;23.09.2026;13:30;1;704501338721219;JULIANA MUDRAK DA SILVA;15.07.1998;28;338;ANA INES MUDRAK;RUA;DAS CURRUIRAS;;732;JARDIM GRAMADO;79491014;(67)99949-6683;SAO GABRIEL DO OESTE;500769;SAO GABRIEL DO OESTE;500769;8176132;CASA ROSA;F;16.09.2026;ERICAPIRES_VIEIRA;16.09.2026;ERICAPIRES_VIEIRA;10.00;CONFIRMADO;Z099;10963419641;MARIA FERNANDA DIAS BASILIO
691228733;0201207;0301010072;CONSULTA EM PEDIATRIA;57255873120;CLODOALDO SABINO DA SILVA;23.09.2026;13:00;1;703604076073936;ALICIA GABRIELY AMORIM MATIAS;16.06.2025;01;15;EMILY GABRIELE AMORIM SIQUEIRA;RUA;AROEIRA;;420;SAO CRISTOVAO;79491190;(67)99808-3679;SAO GABRIEL DO OESTE;500769;SAO GABRIEL DO OESTE;500769;8176132;CASA ROSA;F;16.09.2026;ERICAPIRES_VIEIRA;18.09.2026;VANIA_MARIANO;10.00;CONFIRMADO;Z720;57255873120;CLODOALDO SABINO DA SILVA
691230723;0055074;0301010072;CONSULTA EM CIRURGIA GINECOLOGICA - RETORNO POS OPERATORIO;88308499953;LUCINALDO BASSO;30.09.2026;08:00;0;706304794165774;NATALIA SOARES PASQUALI;09.03.2000;26;318;CLEUSA MARIA KOOP SOARES;RUA;GREGORIANO;CASA 26;279;PRIMO MAFFISSONI;79490000;(67)3295-4304 / (67)99872-3773;SAO GABRIEL DO OESTE;500769;SAO GABRIEL DO OESTE;500769;8176132;CASA ROSA;F;16.09.2026;TAINAOLIVEIRA;24.09.2026;VANIA_MARIANO;10.00;PENDENTE;Z099;88308499953;LUCINALDO BASSO
691293158;0009012;0301010072;CONSULTA EM GINECOLOGIA GESTANTE.;95747818104;VANESSA BRESCHI;24.09.2026;07:00;1;708503394054073;JAMILI FERNANDES BARROS;22.08.2005;21;253;ROSINEIA FERNANDES;RUA;FA;;Fa;MUDOU;79491108;(67)99948-8757 / (67)99803-9538;SAO GABRIEL DO OESTE;500769;SAO GABRIEL DO OESTE;500769;8176132;CASA ROSA;F;17.09.2026;ERICAPIRES_VIEIRA;17.09.2026;VANIA_MARIANO;10.00;CONFIRMADO;Z35;95747818104;VANESSA BRESCHI
691373248;0201207;0301010072;CONSULTA EM PEDIATRIA;03429604150;STEPHANNO EMMANUEL DE SOUZA CONTIS;24.09.2026;07:00;1;700308938159932;MIGUEL WENDREU CONCEICAO DE LIMA;09.09.2026;00;0;BRUNA DA CONCEICAO SALES;RUA;CURIO;;1522;JARDIM GRAMADO;79491012;(67)99952-3096;SAO GABRIEL DO OESTE;500769;SAO GABRIEL DO OESTE;500769;8176132;CASA ROSA;M;17.09.2026;ERICAPIRES_VIEIRA;18.09.2026;VANIA_MARIANO;10.00;CONFIRMADO;Z001;03429604150;STEPHANNO EMMANUEL DE SOUZA CONTIS
691455139;0055074;0301010072;CONSULTA EM CIRURGIA GINECOLOGICA - RETORNO POS OPERATORIO;88308499953;LUCINALDO BASSO;30.09.2026;08:00;0;707606216961396;IARA PRESTES DE CONTI;05.02.1960;66;800;MAGDA DE FREITAS PRESTES;RUA;PIRATINI;CASA;497;MILANI;79490000;(67)99941-8176;SAO GABRIEL DO OESTE;500769;SAO GABRIEL DO OESTE;500769;8176132;CASA ROSA;F;17.09.2026;TAINAOLIVEIRA;24.09.2026;VANIA_MARIANO;10.00;CONFIRMADO;Z099;88308499953;LUCINALDO BASSO
691468773;0201207;0301010072;CONSULTA EM PEDIATRIA;03429604150;STEPHANNO EMMANUEL DE SOUZA CONTIS;24.09.2026;09:00;1;704204746343581;ARTHUR MATTEO VIEIRA RONDON;27.08.2026;00;1;BEATRIZ VIEIRA DE LIMA;RUA;BEIJA-FLOR 1/99998;;1158;FENIX;79491120;(61)3315-2425;SAO GABRIEL DO OESTE;500769;SAO GABRIEL DO OESTE;500769;8176132;CASA ROSA;M;17.09.2026;ERICAPIRES_VIEIRA;18.09.2026;VANIA_MARIANO;10.00;CONFIRMADO;Z001;03429604150;STEPHANNO EMMANUEL DE SOUZA CONTIS
691494761;0009001;0301010072;CONSULTA EM GINECOLOGIA - GERAL;95747818104;VANESSA BRESCHI;24.09.2026;13:00;0;708602043315387;SIDNEIA DE ASSIS CAMPOS;30.09.1987;39;468;MARIA GENI BARBOSA DE ASSIS CAMPOS;RUA;QUERO QUERO;CASA 47;1542;FENIX;79490000;(67)99636-0209;SAO GABRIEL DO OESTE;500769;SAO GABRIEL DO OESTE;500769;7002084;UNIDADE DE SAUDE DA FAMILIA IX;F;17.09.2026;JANETE_BISPO;17.09.2026;JANETE_BISPO;10.00;CONFIRMADO;O03;01415181110;ANGELA BENITES
691497957;0009012;0301010072;CONSULTA EM GINECOLOGIA GESTANTE.;95747818104;VANESSA BRESCHI;24.09.2026;07:00;0;708605020139887;AMANDA ANDRADE DA SILVA;25.11.2004;21;262;ROSA DE FATIMA ANDRADE RIBEIRO;RUA;PELICANOS 1/1465;;553;JARDIM GRAMADO;79491004;(67)99815-9462;SAO GABRIEL DO OESTE;500769;SAO GABRIEL DO OESTE;500769;8176132;CASA ROSA;F;17.09.2026;TAINAOLIVEIRA;18.09.2026;VANIA_MARIANO;10.00;CONFIRMADO;Z099;88308499953;LUCINALDO BASSO
691505439;0201207;0301010072;CONSULTA EM PEDIATRIA;03429604150;STEPHANNO EMMANUEL DE SOUZA CONTIS;24.09.2026;09:00;1;702900564506578;JOAO MARCELO ALVES FERREIRA;19.08.2022;04;49;RAUANY MARTINS PAGANOTTI;RUA;PERNAMBUCO;;3187;PRIMO MAFFISSONI;79490000;(67)99878-6487;SAO GABRIEL DO OESTE;500769;SAO GABRIEL DO OESTE;500769;8176132;CASA ROSA;M;17.09.2026;ERICAPIRES_VIEIRA;18.09.2026;VANIA_MARIANO;10.00;PENDENTE;A09;03429604150;STEPHANNO EMMANUEL DE SOUZA CONTIS
691510539;0201207;0301010072;CONSULTA EM PEDIATRIA;03429604150;STEPHANNO EMMANUEL DE SOUZA CONTIS;24.09.2026;09:00;1;704505364238116;MAVIE HELOISE STEVARENGO VASQUES;02.09.2026;00;1;MAIARA STEVARENGO ALONSO AUGUSTO;RUA;CURICACA;;830;JARDIM GRAMADO;79491010;(48)99217-2831;SAO GABRIEL DO OESTE;500769;SAO GABRIEL DO OESTE;500769;8176132;CASA ROSA;F;17.09.2026;TAINAOLIVEIRA;18.09.2026;VANIA_MARIANO;10.00;CONFIRMADO;Z001;03429604150;STEPHANNO EMMANUEL DE SOUZA CONTIS
691510556;0201207;0301010072;CONSULTA EM PEDIATRIA;01865429171;AMANDA NANTES AQUINO;22.09.2026;08:00;0;898006465390002;THEO QUARESMA MAGALHAES MARTINS;09.09.2026;00;0;KETYLLY QUARESMA DA SILVA;RUA;ANGICO;;489;SAO CRISTOVAO;79491188;(61)3315-2425;SAO GABRIEL DO OESTE;500769;SAO GABRIEL DO OESTE;500769;8176132;CASA ROSA;M;17.09.2026;ERICAPIRES_VIEIRA;17.09.2026;ERICAPIRES_VIEIRA;10.00;CONFIRMADO;Z000;01865429171;AMANDA NANTES AQUINO
691535313;0201207;0301010072;CONSULTA EM PEDIATRIA;04145161173;RHUANNE SIQUEIRA GUIMARAES;21.09.2026;13:40;1;708004897497728;BENTO BELTRAO DOS SANTOS;28.12.2025;00;9;JANAINA BELTRAO BATISTA;AVENIDA;PRIMO MAFFISSONI 2/2398;;3522;PRIMO MAFFISSONI;79490290;(67)99648-4815;SAO GABRIEL DO OESTE;500769;SAO GABRIEL DO OESTE;500769;8176132;CASA ROSA;M;18.09.2026;ERICAPIRES_VIEIRA;18.09.2026;VANIA_MARIANO;10.00;CONFIRMADO;Z099;04145161173;RHUANNE SIQUEIRA GUIMARAES
691561630;0009012;0301010072;CONSULTA EM GINECOLOGIA GESTANTE.;95747818104;VANESSA BRESCHI;24.09.2026;07:30;0;707005814057132;ALINE BENTO IPE;12.10.1998;27;335;MARIA CELIA CUSTODIO BENTO;RUA;SARACURA 1/1465;;252;JARDIM GRAMADO;79491002;(92)98611-7749 / (92)99307-5222 / (92)99415-3289;SAO GABRIEL DO OESTE;500769;SAO GABRIEL DO OESTE;500769;6354265;CENTRAL DE REGULACAO DE SAO GABRIEL DO OESTE;F;18.09.2026;VANIA_MARIANO;18.09.2026;VANIA_MARIANO;10.00;PENDENTE;Z34;;VANESSA BRESCHI
691618071;0201207;0301010072;CONSULTA EM PEDIATRIA;37817795649;GILBERT MAIRINK RODRIGUES;18.09.2026;15:00;0;702709630544460;MARIA ISIS HAINASKI TROUY;28.04.2025;01;17;LAVINIA CAMILA HAINASKI DOS SANTOS;RUA;ANGICO;CASA;725;SÃO CRISTOVÃO;79491188;(67)99319-3837;SAO GABRIEL DO OESTE;500769;SAO GABRIEL DO OESTE;500769;8176132;CASA ROSA;F;18.09.2026;TAINAOLIVEIRA;18.09.2026;TAINAOLIVEIRA;10.00;CONFIRMADO;Z00;37817795649;GILBERT MAIRINK RODRIGUES
691624336;0201207;0301010072;CONSULTA EM PEDIATRIA;37817795649;GILBERT MAIRINK RODRIGUES;18.09.2026;15:00;0;702603218844148;ABNER TAVARES SALES;20.12.2025;00;9;JULIANA TAVARES PEREIRA;RUA;CONDE DE PORTO ALEGRE;;1080;MILANI;79492072;(67)99180-1873;SAO GABRIEL DO OESTE;500769;SAO GABRIEL DO OESTE;500769;2370972;UNIDADE DE SAUDE DA FAMILIA MILANE II;M;18.09.2026;FLAVIA_RODRIGUES;18.09.2026;VANIA_MARIANO;10.00;CONFIRMADO;R05;02453491113;MILENA GUEDIN VARGAS
691734224;0055074;0301010072;CONSULTA EM CIRURGIA GINECOLOGICA - RETORNO POS OPERATORIO;88308499953;LUCINALDO BASSO;30.09.2026;08:00;0;704000347154260;RENATA DIAS SOBRINHO;23.02.1992;34;415;ANTONIA PEREIRA DIAS;CHACARA;NOSSA SENHORA APARECIDA;ITAQUI 136;S/N;ZONA RURAL;79490000;(67)99656-3754;SAO GABRIEL DO OESTE;500769;SAO GABRIEL DO OESTE;500769;8176132;CASA ROSA;F;18.09.2026;TAINAOLIVEIRA;24.09.2026;VANIA_MARIANO;10.00;CONFIRMADO;Z000;88308499953;LUCINALDO BASSO
691749213;0201207;0301010072;CONSULTA EM PEDIATRIA;01865429171;AMANDA NANTES AQUINO;22.09.2026;07:00;1;700209953274021;VALLENTINA DE MATOS INAJOSSA;14.03.2018;08;102;JULIANA DE MATOS DE SOUZA;RUA;IGNES BARATIERI RIZZO;CASA 01;516;PRIMO MAFISSONI;79490000;(67)99683-3868;SAO GABRIEL DO OESTE;500769;SAO GABRIEL DO OESTE;500769;6354265;CENTRAL DE REGULACAO DE SAO GABRIEL DO OESTE;F;18.09.2026;THAYANA_SAOGABRIEL;18.09.2026;THAYANA_SAOGABRIEL;10.00;CONFIRMADO;Z001;;AMANDA NANTES AQUINO
691892950;0201207;0301010072;CONSULTA EM PEDIATRIA;37817795649;GILBERT MAIRINK RODRIGUES;25.09.2026;15:00;0;702507383246930;OLLIVER RAVI MIRANDA DE AVILA;02.10.2023;03;36;DHELLISS LUCIANE DE AVILA;FAZENDA;VERDANA;;S/N;RURAL;79424000;(67)99609-9932;CAMAPUA;500260;SAO GABRIEL DO OESTE;500769;3400964;UNIDADE DE SAUDE DA FAMILIA RURAL VII;M;21.09.2026;DULCINEIA_MOCCELIN;21.09.2026;DULCINEIA_MOCCELIN;10.00;PENDENTE;J209;02453491113;MILENA GUEDIN VARGAS
691929692;0201207;0301010072;CONSULTA EM PEDIATRIA;01865429171;AMANDA NANTES AQUINO;22.09.2026;07:00;0;702005889820088;MARIA REBECA FERREIRA DOS SANTOS;06.04.2026;00;6;LARISSA ORTIZ FERREIRA;AREA;USINA BELA MIRAGEM;;S/N;AREA RURAL DE SAO GABRIEL DO OESTE;79493899;(67)99870-8171;SAO GABRIEL DO OESTE;500769;SAO GABRIEL DO OESTE;500769;3400964;UNIDADE DE SAUDE DA FAMILIA RURAL VII;F;21.09.2026;DULCINEIA_MOCCELIN;21.09.2026;VANIA_MARIANO;10.00;CONFIRMADO;R05;02453491113;MILENA GUEDIN VARGAS
691929828;0009001;0301010072;CONSULTA EM GINECOLOGIA - GERAL;88308499953;LUCINALDO BASSO;24.09.2026;09:00;0;706701519761217;MARGARETE DA SILVA SOUZA;30.10.1973;52;635;MARIA PEREIRA DA SILVA;CHACARA;MOCINHA;ITAQUI;170;AREA RURAL DE SAO GABRIEL DO OESTE;79493899;(67)99648-0315;SAO GABRIEL DO OESTE;500769;SAO GABRIEL DO OESTE;500769;6354265;CENTRAL DE REGULACAO DE SAO GABRIEL DO OESTE;F;21.09.2026;CLEIDIANE_REGULADOR;21.09.2026;CLEIDIANE_REGULADOR;10.00;CONFIRMADO;Z00;;LUCINALDO 
691999680;0201207;0301010072;CONSULTA EM PEDIATRIA;03429604150;STEPHANNO EMMANUEL DE SOUZA CONTIS;24.09.2026;13:00;0;708005380719627;OLIVIA MARTINS BARBOSA;09.09.2026;00;0;MAIARA MARTINS MESQUITA;RUA;BOAVENTURA FERREIRA ROSA;;797;CENTRO;79490031;(67)99698-6931;SAO GABRIEL DO OESTE;500769;SAO GABRIEL DO OESTE;500769;2591359;UNIDADE DE SAUDE DA FAMILIA V;F;21.09.2026;CHRISTIANEHELEN_FREITAS;21.09.2026;CHRISTIANEHELEN_FREITAS;10.00;CONFIRMADO;Z001;;PAULO FENELON
692039029;0201207;0301010072;CONSULTA EM PEDIATRIA;03429604150;STEPHANNO EMMANUEL DE SOUZA CONTIS;24.09.2026;15:00;0;700508507315054;EMANUEL LOHAN LIMA FERREIRA;16.09.2026;00;0;DANIELA LIMA RODRIGUES;RUA;CURICACA;;1051;FÊNIX;79491080;(67)98135-0924 / (67)99983-9234;SAO GABRIEL DO OESTE;500769;SAO GABRIEL DO OESTE;500769;5971055;UNIDADE DE SAUDE DA FAMILIA VIII;M;21.09.2026;MARTAFERNANDES_ABREU;21.09.2026;MARTAFERNANDES_ABREU;10.00;CONFIRMADO;Z001;;STEPHANO CONTIS
692043377;0201207;0301010072;CONSULTA EM PEDIATRIA;01865429171;AMANDA NANTES AQUINO;22.09.2026;08:00;1;898006441836345;RAVI BENICIO PEDROSO;11.02.2026;00;7;MARIA LUANA BARBOSA PEDROSO;RUA;DOS CANARIOS 1/1465;;1076;JARDIM GRAMADO;79491008;(67)99911-5433;SAO GABRIEL DO OESTE;500769;SAO GABRIEL DO OESTE;500769;8176132;CASA ROSA;M;21.09.2026;ERICAPIRES_VIEIRA;21.09.2026;ERICAPIRES_VIEIRA;10.00;PENDENTE;Z00;01865429171;AMANDA NANTES AQUINO
692049006;0201207;0301010072;CONSULTA EM PEDIATRIA;01865429171;AMANDA NANTES AQUINO;22.09.2026;07:00;0;706801291682429;JOSE ROBERTO SANTANA CARDOSO;24.08.2022;04;49;GUILHERMINA CONCEICAO SANTANA;RUA;PAPAGAIO;;640;JARDIM GRAMADO;79491032;(67)99158-6647;SAO GABRIEL DO OESTE;500769;SAO GABRIEL DO OESTE;500769;5971055;UNIDADE DE SAUDE DA FAMILIA VIII;M;21.09.2026;JESSICAPADILHA;21.09.2026;JESSICAPADILHA;10.00;CONFIRMADO;N47;04805244160;RENNAN ORTIZ BUENO
692057891;0201207;0301010072;CONSULTA EM PEDIATRIA;37817795649;GILBERT MAIRINK RODRIGUES;25.09.2026;15:00;0;701000815612799;KEVIN MIRANDA DE OLIVEIRA;06.09.2026;00;1;HELEN GIOVANA DE OLIVEIRA;RUA;SAO JORGE;CASA 30;289;JARDIM PRIMAVERA;79490164;(67)99351-5709;SAO GABRIEL DO OESTE;500769;SAO GABRIEL DO OESTE;500769;8176132;CASA ROSA;M;21.09.2026;ERICAPIRES_VIEIRA;21.09.2026;ERICAPIRES_VIEIRA;10.00;CONFIRMADO;Z00;;RENATA JARSCHEL
692061535;0201207;0301010072;CONSULTA EM PEDIATRIA;03429604150;STEPHANNO EMMANUEL DE SOUZA CONTIS;24.09.2026;15:00;0;708108587172939;AYLA IZABELLA ALVES NASCIMENTO;16.09.2026;00;0;ANA FLAVIA ALVES OLIVEIRA;FAZENDA;POR DO SOL;;S/N;AREA RURAL DE SAO GABRIEL DO OESTE;79493899;(67)99889-5839;SAO GABRIEL DO OESTE;500769;SAO GABRIEL DO OESTE;500769;8176132;CASA ROSA;F;21.09.2026;TAINAOLIVEIRA;21.09.2026;TAINAOLIVEIRA;10.00;CONFIRMADO;Z00;03429604150;STEPHANNO EMMANUEL DE SOUZA CONTIS
692065602;0201207;0301010072;CONSULTA EM PEDIATRIA;03429604150;STEPHANNO EMMANUEL DE SOUZA CONTIS;24.09.2026;15:00;0;700905921871490;EDUARDO ARMINDO SANTOS BORGMANN;10.10.2021;04;59;ELISA DOS SANTOS;RUA;SANTA MARIA;;643;MILANI;79492074;(67)99939-0849;SAO GABRIEL DO OESTE;500769;SAO GABRIEL DO OESTE;500769;2370972;UNIDADE DE SAUDE DA FAMILIA MILANE II;M;21.09.2026;FLAVIA_RODRIGUES;21.09.2026;FLAVIA_RODRIGUES;10.00;CONFIRMADO;J45;83798633134;JOAO BAPTISTA BARBOSA SOUZA
692109872;0201207;0301010072;CONSULTA EM PEDIATRIA;37817795649;GILBERT MAIRINK RODRIGUES;25.09.2026;15:00;0;706309766563471;JESSE SAMUEL RODRIGUES LAGNI;06.05.2023;03;41;KEITY MAIARA RODRIGUES DA SILVA;RUA;R;CASA;570;CIDADE JARDIM;79490000;(67)99821-2166;SAO GABRIEL DO OESTE;500769;SAO GABRIEL DO OESTE;500769;8176132;CASA ROSA;M;22.09.2026;ARIROSA;22.09.2026;ARIROSA;10.00;CONFIRMADO;Z099;37817795649;GILBERT MAIRINK RODRIGUES
692307138;0201207;0301010072;CONSULTA EM PEDIATRIA;37817795649;GILBERT MAIRINK RODRIGUES;25.09.2026;09:00;0;700603479102769;ABNER GARCIA DE SOUZA;03.10.2019;07;84;LARISSA KAMILA GARCIA DE SOUZA;TRAVESSA;OLÍMPICO;;26;JARDIM CENTENÁRIO;79076008;(67)99219-8984 / (67)99145-3454 / (67)99219-8984;CAMPO GRANDE;500270;SAO GABRIEL DO OESTE;500769;8176132;CASA ROSA;M;22.09.2026;ERICAPIRES_VIEIRA;22.09.2026;ERICAPIRES_VIEIRA;10.00;CONFIRMADO;J45;;NEWTON SIGNORINI CASTILHO
692613595;0201207;0301010072;CONSULTA EM PEDIATRIA;57255873120;CLODOALDO SABINO DA SILVA;30.09.2026;15:00;1;708909799590916;JOAO LUCAS DE SOUZA RODRIGUES;10.12.2025;00;9;CAROLINE DE SOUZA LUIZ;RUA;DAS ANHUMAS 1/1465;;638;JARDIM GRAMADO;79491016;(67)99671-3493;SAO GABRIEL DO OESTE;500769;SAO GABRIEL DO OESTE;500769;8176132;CASA ROSA;M;23.09.2026;ERICAPIRES_VIEIRA;30.09.2026;VANIA_MARIANO;10.00;PENDENTE;H660;57255873120;CLODOALDO SABINO DA SILVA
692617228;0201207;0301010072;CONSULTA EM PEDIATRIA;37817795649;GILBERT MAIRINK RODRIGUES;25.09.2026;09:00;0;703507043726330;MARIA CECILIA DA COSTA NUNES;21.09.2026;00;0;IANA DA COSTA LUIZ;RUA;SÃO JORGE;CASA 60;289;JARDIM PRIMAVERA;79490164;(67)99800-4704 / (67)99918-9541;SAO GABRIEL DO OESTE;500769;SAO GABRIEL DO OESTE;500769;8176132;CASA ROSA;F;23.09.2026;ERICAPIRES_VIEIRA;23.09.2026;ERICAPIRES_VIEIRA;10.00;CONFIRMADO;Z00;04145161173;RHUANNE SIQUEIRA GUIMARAES
692692476;0201207;0301010072;CONSULTA EM PEDIATRIA;37817795649;GILBERT MAIRINK RODRIGUES;25.09.2026;09:00;0;702108757711291;GIOVANNA DIAS GUERRO;16.09.2026;00;0;GABRIELE DA SILVA GUERRO;RUA;TARUMA;;260;SAO CRISTOVAO;79491174;(67)99821-7756;SAO GABRIEL DO OESTE;500769;SAO GABRIEL DO OESTE;500769;8176132;CASA ROSA;F;24.09.2026;ERICAPIRES_VIEIRA;24.09.2026;ERICAPIRES_VIEIRA;10.00;CONFIRMADO;Z00;37817795649;GILBERT MAIRINK RODRIGUES
692846843;0701379;0301010048;CONSULTA EM FONOAUDIOLOIGA - RETORNO;65329520100;LEDA MARIA PAES DA SILVA DOS SANTOS;25.09.2026;07:00;0;709800033941697;JOSE ANTONIO SOARES DOS SANTOS;13.09.2026;00;0;JANAINA ALVES DOS SANTOS;RUA;HILDO NICARETTA;;2132;PRIMO MAFFISSONI;79490280;(67)99868-7572;SAO GABRIEL DO OESTE;500769;SAO GABRIEL DO OESTE;500769;8176132;CASA ROSA;M;24.09.2026;TAINAOLIVEIRA;24.09.2026;TAINAOLIVEIRA;6.30;CONFIRMADO;Z00;03429604150;STEPHANNO EMMANUEL DE SOUZA CONTIS
692870669;0701379;0301010048;CONSULTA EM FONOAUDIOLOIGA - RETORNO;65329520100;LEDA MARIA PAES DA SILVA DOS SANTOS;25.09.2026;07:00;0;709809005076691;MAYA SILVA FERREIRA;17.11.2025;00;10;DURCILENE RODRIGUES DA SILVA;RUA;CURIO;;1777;FENIX;79491082;(67)99884-4198;SAO GABRIEL DO OESTE;500769;SAO GABRIEL DO OESTE;500769;8176132;CASA ROSA;F;24.09.2026;ERICAPIRES_VIEIRA;24.09.2026;ERICAPIRES_VIEIRA;6.30;PENDENTE;Z00;65329520100;LEDA MARIA PAES DA SILVA DOS SANTOS
692899733;0201207;0301010072;CONSULTA EM PEDIATRIA;37817795649;GILBERT MAIRINK RODRIGUES;25.09.2026;07:00;0;708204183167645;KENNEDY GABRIEL SANTOS SILVA;15.09.2026;00;0;DANIELA DARLY DOS SANTOS;RUA;CONDE DE PORTO ALEGRE;;772;MILANI;79492072;(67)99621-2048;SAO GABRIEL DO OESTE;500769;SAO GABRIEL DO OESTE;500769;2370972;UNIDADE DE SAUDE DA FAMILIA MILANE II;M;24.09.2026;FLAVIA_RODRIGUES;24.09.2026;FLAVIA_RODRIGUES;10.00;CONFIRMADO;Z001;02453491113;MILENA GUEDIN VARGAS
