solicitacao;codigo_interno;codigo_unificado;descricao_procedimento;cpf_proficional_executante;nome_profissional_executante;data_agendamento;hr_agendamento;tipo;cns;nome;dt_nascimento;idade;idade_meses;nome_mae;tipo_logradouro;logradouro;complemento;numero_logradouro;bairro;cep;telefone;municipio;ibge;mun_solicitante;ibge_solicitante;cnes_solicitante;unidade_fantasia;sexo;data_solicitacao;operador_solicitante;data_autorizacao;operador_autorizador;valor_procedimento;situacao;cid;cpf_profissional_solicitante;nome_profissional_solicitante
671132576;0299008;0301010072;CONSULTA EM CIRURGIA VASCULAR – GERAL;70808015087;CELIO HELEGDA;01.09.2026;18:00;0;705201408165078;CRISTINA MARIA DE JESUS DO NASCIMENTO;10.07.1985;41;494;CELIA MARIA DE JESUS;RUA;SAO JORGE;CASA 31;289;PRIMO MAFFISSONI;79490000;(75)99837-3300;SAO GABRIEL DO OESTE;500769;SAO GABRIEL DO OESTE;500769;6452116;CENTRO DE ESPECIALIDADES MEDICAS;F;01.06.2026;TAINA_CEM;06.08.2026;VANIA_MARIANO;10.00;PENDENTE;I83;;HUDSON PERES DE SOUZA
672302283;0299008;0301010072;CONSULTA EM CIRURGIA VASCULAR – GERAL;70808015087;CELIO HELEGDA;01.09.2026;18:00;0;700901939106997;KATHLEEN TEIXEIRA TERAN;28.03.2001;25;306;ELISANGELA VAREIRO DA COSTA;RUA;CORONEL FREITAS;;362;JARDIM PRIMAVERA;79490176;(67)99924-7359;SAO GABRIEL DO OESTE;500769;SAO GABRIEL DO OESTE;500769;6452116;CENTRO DE ESPECIALIDADES MEDICAS;F;09.06.2026;PATRICKMASIAGA;11.06.2026;VANIA_MARIANO;10.00;PENDENTE;Z016;70808015087;CELIO HELEGDA
672490627;0299008;0301010072;CONSULTA EM CIRURGIA VASCULAR – GERAL;70808015087;CELIO HELEGDA;01.09.2026;18:00;0;704508397407912;GRACINDA FLORENTINA TEODORO DE FREITAS;21.02.1959;67;811;CELENCIANA TEODORO DE FREITAS;CHACARA;SAO BOM JESUS;ASSENTAMENTO;24;ITAQUI;79490000;(67)99803-5996;SAO GABRIEL DO OESTE;500769;SAO GABRIEL DO OESTE;500769;6452116;CENTRO DE ESPECIALIDADES MEDICAS;F;10.06.2026;PATRICKMASIAGA;11.06.2026;VANIA_MARIANO;10.00;PENDENTE;Z016;70808015087;CELIO HELEGDA
672507085;0299008;0301010072;CONSULTA EM CIRURGIA VASCULAR – GERAL;70808015087;CELIO HELEGDA;01.09.2026;18:00;0;706203579815662;ANA PAULA SOUZA DA SILVA MAGALHAES;04.11.1995;30;371;CIRCA APARECIDA DA SILVA SOUZA;FAZENDA;XANADU;;S/N;RURAL;79490000;(67)99944-9002;SAO GABRIEL DO OESTE;500769;SAO GABRIEL DO OESTE;500769;6452116;CENTRO DE ESPECIALIDADES MEDICAS;F;10.06.2026;PATRICKMASIAGA;11.06.2026;VANIA_MARIANO;10.00;PENDENTE;Z016;70808015087;CELIO HELEGDA
672516751;0299008;0301010072;CONSULTA EM CIRURGIA VASCULAR – GERAL;70808015087;CELIO HELEGDA;01.09.2026;18:00;0;700000933533904;LIRIA DE FATIMA DA SILVA RICHTER;08.10.1964;61;743;ORAIDE DA SILVA RICHTER;RUA;CURIO;;806;JARDIM GRAMADO;79490000;(67)9949-7099 / (67)99949-7099;SAO GABRIEL DO OESTE;500769;SAO GABRIEL DO OESTE;500769;6452116;CENTRO DE ESPECIALIDADES MEDICAS;F;10.06.2026;PATRICKMASIAGA;11.06.2026;VANIA_MARIANO;10.00;PENDENTE;Z016;70808015087;CELIO HELEGDA
672824724;0299008;0301010072;CONSULTA EM CIRURGIA VASCULAR – GERAL;70808015087;CELIO HELEGDA;08.09.2026;18:00;0;706800283989323;DOUGLAS ADRIANO BUENO ASSUNCAO;24.11.2008;17;214;MARIZETE BUENO IAGUCHESKI;RUA;ROUXINOIS;CASA;1430;FENIX;79490000;(67)99956-2671;SAO GABRIEL DO OESTE;500769;SAO GABRIEL DO OESTE;500769;6452116;CENTRO DE ESPECIALIDADES MEDICAS;M;11.06.2026;ARI_CEM;24.06.2026;VANIA_MARIANO;10.00;PENDENTE;R600;;EVELYN KASSIA TUDISCO FERNANDES 
672964683;0299008;0301010072;CONSULTA EM CIRURGIA VASCULAR – GERAL;70808015087;CELIO HELEGDA;08.09.2026;18:00;0;702109728873697;TERESINHA GOMES DE OLIVEIRA;21.03.1966;60;726;ANTONIA GOMES DE OLIVEIRA;AVENIDA;TUIUIÚ;CASA;1802;FÊNIX;79491076;(67)98145-4199 / (67)99695-1767;SAO GABRIEL DO OESTE;500769;SAO GABRIEL DO OESTE;500769;2370999;UNIDADE DE SAUDE DA FAMILIA FENIX IV;F;11.06.2026;GUSTAVO_PIAIA;24.06.2026;VANIA_MARIANO;10.00;PENDENTE;Z000;;CELIO HELEGDA
672979827;0299008;0301010072;CONSULTA EM CIRURGIA VASCULAR – GERAL;70808015087;CELIO HELEGDA;08.09.2026;18:00;0;708108510634032;MARIA CATARINA HELPS;01.12.1950;75;910;SATURNINA VITORIA DA SILVA;RUA;PERDIZES;;1269;FÊNIX;79490000;(67)99901-9619;SAO GABRIEL DO OESTE;500769;SAO GABRIEL DO OESTE;500769;6452116;CENTRO DE ESPECIALIDADES MEDICAS;F;11.06.2026;TAINA_CEM;24.06.2026;VANIA_MARIANO;10.00;PENDENTE;Z00;70808015087;CELIO HELEGDA
673078087;0299008;0301010072;CONSULTA EM CIRURGIA VASCULAR – GERAL;70808015087;CELIO HELEGDA;08.09.2026;18:00;0;704802593941642;JOSE LINO VAZ;07.03.1943;83;1002;MARIA FLORINDA DE JESUS;RUA;EUGENIO FERREIRA DA CUNHA;;1020;CENTRO;79490000;(11)4165-4108;SAO GABRIEL DO OESTE;500769;SAO GABRIEL DO OESTE;500769;6452116;CENTRO DE ESPECIALIDADES MEDICAS;M;12.06.2026;TAINA_CEM;24.06.2026;VANIA_MARIANO;10.00;PENDENTE;Z00;70808015087;CELIO HELEGDA
673095556;0299008;0301010072;CONSULTA EM CIRURGIA VASCULAR – GERAL;70808015087;CELIO HELEGDA;01.09.2026;18:00;1;705005063557851;MARIA ANTONIA DE NOVAES;28.02.1954;72;871;ANA TEIXEIRA DE SOUZA;RUA;CANARIOS;;995;JARDIM GRAMADO;79490000;(67)9948-6601;SAO GABRIEL DO OESTE;500769;SAO GABRIEL DO OESTE;500769;6452116;CENTRO DE ESPECIALIDADES MEDICAS;F;12.06.2026;TAINA_CEM;12.06.2026;TAINA_CEM;10.00;PENDENTE;Z00;70808015087;CELIO HELEGDA
673348453;0299008;0301010072;CONSULTA EM CIRURGIA VASCULAR – GERAL;70808015087;CELIO HELEGDA;08.09.2026;18:00;0;709204232667934;ASSUNCAO ALEM;15.08.1956;70;841;FELIPA MACHADO;RUA;ESTUDANTE SONI BORTOLI;CASA;684;PRIMO MAFFISSONI;79490274;(67)98481-1142;SAO GABRIEL DO OESTE;500769;SAO GABRIEL DO OESTE;500769;6452116;CENTRO DE ESPECIALIDADES MEDICAS;F;15.06.2026;PATRICKMASIAGA;14.07.2026;VANIA_MARIANO;10.00;PENDENTE;Z016;70808015087;CELIO HELEGDA
673373817;0299008;0301010072;CONSULTA EM CIRURGIA VASCULAR – GERAL;70808015087;CELIO HELEGDA;08.09.2026;18:00;0;704609682200123;LURDES FONTANA RIQUETTI;21.05.1953;73;880;TEREZA ARTUSO FONTANA;CHACARA;RIQUETTI;CHÁCARA;9;ZONA RURAL;79490000;(67)3295-4676;SAO GABRIEL DO OESTE;500769;SAO GABRIEL DO OESTE;500769;6452116;CENTRO DE ESPECIALIDADES MEDICAS;F;15.06.2026;PATRICKMASIAGA;14.07.2026;VANIA_MARIANO;10.00;PENDENTE;Z016;70808015087;CELIO HELEGDA
673522319;0299008;0301010072;CONSULTA EM CIRURGIA VASCULAR – GERAL;70808015087;CELIO HELEGDA;08.09.2026;18:00;0;707804620067118;NILZA ZORRILHA NEUVALD;26.05.1971;55;664;BRANDINA DE FREITAS ZORRILHA;RUA;AMAZONAS;;2742;AMABILE MAFFISSONI;79490000;(67)99663-4107;SAO GABRIEL DO OESTE;500769;SAO GABRIEL DO OESTE;500769;2370964;UNIDADE DE SAUDE DA FAMILIA III;F;15.06.2026;ANACLAUDIA_NOGUEIRA;14.07.2026;VANIA_MARIANO;10.00;PENDENTE;I839;02611833974;HUDSON PERES DORIGAO BELISARIO DE SOUZA
673528259;0299008;0301010072;CONSULTA EM CIRURGIA VASCULAR – GERAL;70808015087;CELIO HELEGDA;08.09.2026;18:00;0;700907979256197;MARINES MOREIRA DE MOURA KOPP;19.02.1964;62;751;MARIA DAS DORES DE MOURA;RUA;BAHIA;;2726;CENTRO;79490000;(67)99652-9758;SAO GABRIEL DO OESTE;500769;SAO GABRIEL DO OESTE;500769;6452116;CENTRO DE ESPECIALIDADES MEDICAS;F;15.06.2026;PATRICKMASIAGA;14.07.2026;VANIA_MARIANO;10.00;PENDENTE;Z016;70808015087;CELIO HELEGDA
673613086;0299008;0301010072;CONSULTA EM CIRURGIA VASCULAR – GERAL;70808015087;CELIO HELEGDA;08.09.2026;18:00;0;708407745224264;GILDEANY ANDRADE DOS SANTOS;31.03.2003;23;282;GILDETE VIEIRA ANDRADE;RUA;CASTANHEIRAS;;420;GRAMADO;79490000;(74)99197-1185;SAO GABRIEL DO OESTE;500769;SAO GABRIEL DO OESTE;500769;7002084;UNIDADE DE SAUDE DA FAMILIA IX;F;16.06.2026;AMANDALUIZA_BIAZUS;14.07.2026;VANIA_MARIANO;10.00;PENDENTE;I83;06901507925;EVELYN KASSIA TUDISCO FERNANDES
675018754;0299008;0301010072;CONSULTA EM CIRURGIA VASCULAR – GERAL;70808015087;CELIO HELEGDA;01.09.2026;18:00;0;700504181868052;VALTER FERREIRA DE OLIVEIRA;18.06.1951;75;903;ANA FRANCISCA;RUA;UIRAPURU;;996;JARDIM GRAMADO;79491040;(67)3286-2284;SAO GABRIEL DO OESTE;500769;SAO GABRIEL DO OESTE;500769;6452116;CENTRO DE ESPECIALIDADES MEDICAS;M;23.06.2026;PATRICKMASIAGA;06.08.2026;VANIA_MARIANO;10.00;PENDENTE;Z00;70808015087;CELIO HELEGDA
675087174;0299008;0301010072;CONSULTA EM CIRURGIA VASCULAR – GERAL;70808015087;CELIO HELEGDA;01.09.2026;18:00;0;703403220888416;RONILDA INACIO DE ARAUJO;19.07.1969;57;686;TEREZINHA ARAUJO DE OLIVEIRA;RUA;AMAZONAS;;2463;CENTRO;79490000;(67)99638-5432;SAO GABRIEL DO OESTE;500769;SAO GABRIEL DO OESTE;500769;6452116;CENTRO DE ESPECIALIDADES MEDICAS;F;23.06.2026;PATRICKMASIAGA;06.08.2026;VANIA_MARIANO;10.00;PENDENTE;Z00;70808015087;CELIO HELEGDA
675095273;0299008;0301010072;CONSULTA EM CIRURGIA VASCULAR – GERAL;70808015087;CELIO HELEGDA;01.09.2026;18:00;0;704002800230166;MARISA PIRES DE ANDRADE;27.12.1972;53;645;EVA HONORIA DE ALMEIDA ANDRADE;RUA;AROEIRA;NUMERO 454;S/N;SAO CRISTOVAO;79491190;(67)99888-1898 / (67)99888-1898;SAO GABRIEL DO OESTE;500769;SAO GABRIEL DO OESTE;500769;6452116;CENTRO DE ESPECIALIDADES MEDICAS;F;23.06.2026;PATRICKMASIAGA;06.08.2026;VANIA_MARIANO;10.00;PENDENTE;Z00;70808015087;CELIO HELEGDA
675794859;0299008;0301010072;CONSULTA EM CIRURGIA VASCULAR – GERAL;70808015087;CELIO HELEGDA;15.09.2026;18:00;1;700004046429903;LAURA ITO;06.07.1944;82;987;ANGELICA ROSA VIANA;RUA;ESTUDANTE SONI BORTOLI;;679;PRIMO MAFFISSONI;79490274;(67)99955-8554 / (67)99276-4164 / (67)99240-4139;SAO GABRIEL DO OESTE;500769;SAO GABRIEL DO OESTE;500769;6452116;CENTRO DE ESPECIALIDADES MEDICAS;F;26.06.2026;TAINA_CEM;26.06.2026;TAINA_CEM;10.00;PENDENTE;Z00;70808015087;CELIO HELEGDA
676437610;0299008;0301010072;CONSULTA EM CIRURGIA VASCULAR – GERAL;70808015087;CELIO HELEGDA;01.09.2026;18:00;0;700804419069985;MARIA OZORIA DA SILVA;21.07.1960;66;794;OLIVIA OZORIA DA SILVA;RUA;CURIO;;552;JARDIM GRAMADO;79490000;(67)9639-1265;SAO GABRIEL DO OESTE;500769;SAO GABRIEL DO OESTE;500769;6452116;CENTRO DE ESPECIALIDADES MEDICAS;F;01.07.2026;PATRICKMASIAGA;06.08.2026;CLEIDIANE_REGULADOR;10.00;PENDENTE;Z016;70808015087;CELIO HELEGDA
676715665;0299008;0301010072;CONSULTA EM CIRURGIA VASCULAR – GERAL;70808015087;CELIO HELEGDA;15.09.2026;18:00;1;700209426987323;MARIA GOMES DE LARA;17.09.1964;62;744;NADIR GOMES DE LARA;RUA;TOCANTINS;;11;CENTRO;79490000;(67)99943-6854;SAO GABRIEL DO OESTE;500769;SAO GABRIEL DO OESTE;500769;6452116;CENTRO DE ESPECIALIDADES MEDICAS;F;02.07.2026;PATRICKMASIAGA;02.07.2026;PATRICKMASIAGA;10.00;PENDENTE;Z00;70808015087;CELIO HELEGDA
677100101;0299008;0301010072;CONSULTA EM CIRURGIA VASCULAR – GERAL;70808015087;CELIO HELEGDA;15.09.2026;18:00;1;704606660152328;CINTYA GABRIELA SOUZA DIAS;30.12.1992;33;405;MARTA FELIZARDO DE SOUZA DIAS;RUA;SUCUPIRA;;260;SAO CRISTOVAO;79491176;(67)99903-6207;SAO GABRIEL DO OESTE;500769;SAO GABRIEL DO OESTE;500769;6452116;CENTRO DE ESPECIALIDADES MEDICAS;F;03.07.2026;PATRICKMASIAGA;03.07.2026;PATRICKMASIAGA;10.00;PENDENTE;Z016;70808015087;CELIO HELEGDA
677144553;0299008;0301010072;CONSULTA EM CIRURGIA VASCULAR – GERAL;70808015087;CELIO HELEGDA;15.09.2026;18:00;1;704500383985512;MARIA ANTONIA COELHO DA SILVA;13.06.1956;70;843;DORA DE MORAES COELHO;RUA;PEDRO SEGATTO;;51;FENIX;79491062;(67)99858-5025 / (67)99905-3674;SAO GABRIEL DO OESTE;500769;SAO GABRIEL DO OESTE;500769;6452116;CENTRO DE ESPECIALIDADES MEDICAS;F;06.07.2026;ARI_CEM;06.07.2026;ARI_CEM;10.00;PENDENTE;Z016;70808015087;CELIO HELEGDA
677366581;0299008;0301010072;CONSULTA EM CIRURGIA VASCULAR – GERAL;70808015087;CELIO HELEGDA;22.09.2026;18:00;1;702809676316761;CLAUDIA LUIZA MORAIS LEITE DE PAULO;06.04.1975;51;618;MARIA DE LOURDES MORAIS;AVENIDA;DOM PEDRO 1;1;567;JARDIM PRIMAVERA;79490132;(67)99677-6966;SAO GABRIEL DO OESTE;500769;SAO GABRIEL DO OESTE;500769;6452116;CENTRO DE ESPECIALIDADES MEDICAS;F;06.07.2026;TAINA_CEM;06.07.2026;TAINA_CEM;10.00;PENDENTE;Z00;70808015087;CELIO HELEGDA
677451899;0299008;0301010072;CONSULTA EM CIRURGIA VASCULAR – GERAL;70808015087;CELIO HELEGDA;22.09.2026;18:00;1;705008671373857;JOSE ALVES DA COSTA;23.03.1960;66;798;MARIA JOSEFA DE JESUS;RUA;ALAGOAS;;2174;PRIMO MAFFISSONI;79490258;(67)99968-7759 / (67)99959-7610 / (67)99959-7610;SAO GABRIEL DO OESTE;500769;SAO GABRIEL DO OESTE;500769;6452116;CENTRO DE ESPECIALIDADES MEDICAS;M;07.07.2026;TAINA_CEM;07.07.2026;TAINA_CEM;10.00;PENDENTE;Z00;01110123175;ELY DONIZETH DE ASSIS JUNIOR
677512704;0299008;0301010072;CONSULTA EM CIRURGIA VASCULAR – GERAL;70808015087;CELIO HELEGDA;22.09.2026;18:00;1;708006822511822;NELZITA MORAES DA SILVA;29.07.1956;70;842;MAXIMIANA MORAES DA SILVA;RUA;TICO TICO;;297;CONJUNTO FENIX;79490000;(67)3295-3206;SAO GABRIEL DO OESTE;500769;SAO GABRIEL DO OESTE;500769;6452116;CENTRO DE ESPECIALIDADES MEDICAS;F;07.07.2026;TAINA_CEM;07.07.2026;TAINA_CEM;10.00;PENDENTE;Z00;70808015087;CELIO HELEGDA
677796325;0299008;0301010072;CONSULTA EM CIRURGIA VASCULAR – GERAL;70808015087;CELIO HELEGDA;22.09.2026;18:00;1;703403435349900;VITORIO EISING;05.04.1954;72;870;IDA MEURER EISING;RUA;CURIO;CASA;879;JARDIM GRAMADO;79490000;(67)99678-4072;SAO GABRIEL DO OESTE;500769;SAO GABRIEL DO OESTE;500769;6452116;CENTRO DE ESPECIALIDADES MEDICAS;M;08.07.2026;TAINA_CEM;08.07.2026;TAINA_CEM;10.00;PENDENTE;Z00;70808015087;CELIO HELEGDA
678093652;0299008;0301010072;CONSULTA EM CIRURGIA VASCULAR – GERAL;70808015087;CELIO HELEGDA;01.09.2026;18:00;0;700609403381964;GRASIELE PAIVA DIAS;15.09.1988;38;456;ROSILDA DE PAIVA DIAS;RUA;COXIM;ASSENTAMENTO CAMPANÁRIO;79;AREA RURAL DE SÃO GABRIEL DO OESTE;79493899;(67)99867-0977 / (67)99692-5427;SAO GABRIEL DO OESTE;500769;SAO GABRIEL DO OESTE;500769;6452116;CENTRO DE ESPECIALIDADES MEDICAS;F;09.07.2026;ANDRIELI_BARBOSA;31.07.2026;CLEIDIANE_REGULADOR;10.00;PENDENTE;I83;;JOAO BAPTISTA BARBOSA SOUZA
678565022;0299008;0301010072;CONSULTA EM CIRURGIA VASCULAR – GERAL;70808015087;CELIO HELEGDA;08.09.2026;18:00;0;702804613677169;MARILEI MALACARNE DA CUNHA;03.01.1964;62;753;MARIA DEVISE MALACARNE;FAZENDA;NOSSA SENHORA DE FATIMA;;S/N;RURAL;79490000;(67)3295-2809;SAO GABRIEL DO OESTE;500769;SAO GABRIEL DO OESTE;500769;6452116;CENTRO DE ESPECIALIDADES MEDICAS;F;13.07.2026;TAINA_CEM;13.07.2026;TAINA_CEM;10.00;PENDENTE;Z00;70808015087;CELIO HELEGDA
678801505;0299008;0301010072;CONSULTA EM CIRURGIA VASCULAR – GERAL;70808015087;CELIO HELEGDA;08.09.2026;18:00;0;702308506431520;LORECI DE LOURDES BARCE;09.10.1973;52;635;LORI BARCE;AVENIDA;SAO FRANCISCO;;2275;CENTRO;79490000;(67)99988-9385;SAO GABRIEL DO OESTE;500769;SAO GABRIEL DO OESTE;500769;2599376;UNIDADE DE SAUDE DA FAMILIA VI;F;14.07.2026;JESSICAELOY_CUNHA;14.07.2026;JESSICAELOY_CUNHA;10.00;PENDENTE;I83;06437691107;MAIARA FLORES SCARIOT
679849175;0299008;0301010072;CONSULTA EM CIRURGIA VASCULAR – GERAL;70808015087;CELIO HELEGDA;15.09.2026;18:00;0;700205965036127;PRECILA NATALINA CAMILLO;24.07.1940;86;1034;ZELINDA MILAN;RUA;DONA ELVIRA;;1064;MILANI;79492070;(67)99887-1116 / (67)99964-7050;SAO GABRIEL DO OESTE;500769;SAO GABRIEL DO OESTE;500769;6452116;CENTRO DE ESPECIALIDADES MEDICAS;F;20.07.2026;TAINA_CEM;20.07.2026;TAINA_CEM;10.00;PENDENTE;Z00;70808015087;CELIO HELEGDA
680049750;0299008;0301010072;CONSULTA EM CIRURGIA VASCULAR – GERAL;70808015087;CELIO HELEGDA;15.09.2026;18:00;0;702105777718396;MICHELE BISPO DE PAIVA;16.08.1993;33;397;LOURDES BISPO DE JESUS;RUA;ANHUMAS;CASA;1438;JARDIM GRAMADO;79490000;(67)99939-7845;SAO GABRIEL DO OESTE;500769;SAO GABRIEL DO OESTE;500769;5971055;UNIDADE DE SAUDE DA FAMILIA VIII;F;20.07.2026;JESSICAPADILHA;20.07.2026;JESSICAPADILHA;10.00;PENDENTE;I83;04805244160;RENNAN ORTIZ BUENO
680580561;0299008;0301010072;CONSULTA EM CIRURGIA VASCULAR – GERAL;70808015087;CELIO HELEGDA;15.09.2026;18:00;0;707408043597276;MARIELI DEOTTI;26.11.1985;40;490;SIMONE NOGUEIRA;RUA;ALAGOAS;;3161;CENTRO;79490000;(67)98168-8867 / (67)99877-4144;SAO GABRIEL DO OESTE;500769;SAO GABRIEL DO OESTE;500769;2370964;UNIDADE DE SAUDE DA FAMILIA III;F;22.07.2026;ANACLAUDIA_NOGUEIRA;22.07.2026;ANACLAUDIA_NOGUEIRA;10.00;PENDENTE;I83;;ANGELA BENITES
680581041;0299008;0301010072;CONSULTA EM CIRURGIA VASCULAR – GERAL;70808015087;CELIO HELEGDA;15.09.2026;18:00;0;701106862965680;LUZIA PEREIRA DA SILVA;18.11.1951;74;898;JACINTA PEREIRA DA SILVA;RUA;GAIVOTAS;;2341;CONJUNTO FENIX;79490000;(67)99258-6844;SAO GABRIEL DO OESTE;500769;SAO GABRIEL DO OESTE;500769;6452116;CENTRO DE ESPECIALIDADES MEDICAS;F;22.07.2026;PATRICKMASIAGA;22.07.2026;PATRICKMASIAGA;10.00;PENDENTE;Z016;70808015087;CELIO HELEGDA
680734488;0299008;0301010072;CONSULTA EM CIRURGIA VASCULAR – GERAL;70808015087;CELIO HELEGDA;15.09.2026;18:00;0;708702103510694;OTILIA DA SILVA;28.02.1963;63;763;CLEMENTINA STEFANSKI DA SILVA;RUA;ESPIRITO SANTO;CASA;1070;CENTRO;79490000;(67)9841-2351;SAO GABRIEL DO OESTE;500769;SAO GABRIEL DO OESTE;500769;6452116;CENTRO DE ESPECIALIDADES MEDICAS;F;23.07.2026;PATRICKMASIAGA;23.07.2026;PATRICKMASIAGA;10.00;PENDENTE;Z016;70808015087;CELIO HELEGDA
680940208;0299008;0301010072;CONSULTA EM CIRURGIA VASCULAR – GERAL;70808015087;CELIO HELEGDA;15.09.2026;18:00;0;700308960343732;JOSE VOGEL;30.09.1961;65;780;LUIZA GONCALVES DE LIMA VOGEL;RUA;MINAS GERAIS 2400/99999;;2519;AMABILE MAFFISSONI;79490088;(67)99917-8555;SAO GABRIEL DO OESTE;500769;SAO GABRIEL DO OESTE;500769;2599376;UNIDADE DE SAUDE DA FAMILIA VI;M;24.07.2026;JESSICAELOY_CUNHA;24.07.2026;JESSICAELOY_CUNHA;10.00;PENDENTE;I872;06437691107;MAIARA FLORES SCARIOT
681361789;0299008;0301010072;CONSULTA EM CIRURGIA VASCULAR – GERAL;70808015087;CELIO HELEGDA;15.09.2026;18:00;0;703604045945338;NEIDE ROBERTA ALVES;10.05.1966;60;724;TEREZA MARIA DA CONCEICAO;RUA;CANARIOS;;380;JARDIM GRAMADO;79490000;(67)99995-0177;SAO GABRIEL DO OESTE;500769;SAO GABRIEL DO OESTE;500769;2370980;UNIDADE DE SAUDE DA FAMILIA JARDIM GRAMADO I;F;27.07.2026;ELISANGELA_UNIDADEI;27.07.2026;ELISANGELA_UNIDADEI;10.00;PENDENTE;I83;01454652179;MAYARA MARIA MELKE GUIMARAES
681382175;0299008;0301010072;CONSULTA EM CIRURGIA VASCULAR – GERAL;70808015087;CELIO HELEGDA;22.09.2026;18:00;0;701200012706710;MIRNA UTZIG GOTTSELIG;31.08.1961;65;781;MARIA ELSA UTZIG GOTTSELIG;RUA;RAIMUNDO DO PRADO;;1212;JARDIM PRIMAVERA;79490000;(67)99814-4771;SAO GABRIEL DO OESTE;500769;SAO GABRIEL DO OESTE;500769;7333218;UNIDADE DE SAUDE DA FAMILIA X;F;27.07.2026;RAISSASILVALIMA;27.07.2026;RAISSASILVALIMA;10.00;PENDENTE;I839;63805480172;CLEDSON PERETTI
681470718;0299008;0301010072;CONSULTA EM CIRURGIA VASCULAR – GERAL;70808015087;CELIO HELEGDA;22.09.2026;18:00;0;700402436766445;ERACIDE APARECIDA DUTRA DA SILVA PEREIRA;18.01.1977;49;596;ANA MARIA DUTRA DA SILVA;RUA;EUGENIO FERREIRA DA CUNHA;CASA1;1009;CENTRO;79490000;(67)99611-5046;SAO GABRIEL DO OESTE;500769;SAO GABRIEL DO OESTE;500769;2370964;UNIDADE DE SAUDE DA FAMILIA III;F;28.07.2026;ANACLAUDIA_NOGUEIRA;28.07.2026;ANACLAUDIA_NOGUEIRA;10.00;PENDENTE;I83;;ANGELA BENITES
681526293;0299008;0301010072;CONSULTA EM CIRURGIA VASCULAR – GERAL;70808015087;CELIO HELEGDA;22.09.2026;18:00;0;705800495473039;DANIEL DA SILVA;13.12.1967;58;705;JOSEFA RAMALHO DA SILVA;RUA;ANHUMAS;;1845;FÊNIX;79491090;(67)99198-1086 / (67)99233-3408;SAO GABRIEL DO OESTE;500769;SAO GABRIEL DO OESTE;500769;6452116;CENTRO DE ESPECIALIDADES MEDICAS;M;28.07.2026;TAINA_CEM;28.07.2026;TAINA_CEM;10.00;PENDENTE;Z00;01110123175;ELY DONIZETH DE ASSIS JUNIOR
681934019;0299008;0301010072;CONSULTA EM CIRURGIA VASCULAR – GERAL;70808015087;CELIO HELEGDA;22.09.2026;18:00;0;700403445844845;CELIA BRIZOLLA;20.06.1958;68;819;LURDES PANTANO BRIZOLLA;RUA;MISSOES;;210;MILANI;79490000;(67)3295-4409;SAO GABRIEL DO OESTE;500769;SAO GABRIEL DO OESTE;500769;6452116;CENTRO DE ESPECIALIDADES MEDICAS;F;29.07.2026;TAINA_CEM;29.07.2026;TAINA_CEM;10.00;PENDENTE;Z00;70808015087;CELIO HELEGDA
682561708;0299008;0301010072;CONSULTA EM CIRURGIA VASCULAR – GERAL;70808015087;CELIO HELEGDA;22.09.2026;18:00;0;708002870124821;SALETHE PEREIRA DE LIMA;26.07.1948;78;938;IRMA PEREIRA DE LIMA;RUA;RIO DE JANEIRO;;2861;AMABILE MAFFISSONI;79490000;(67)9946-7722;SAO GABRIEL DO OESTE;500769;SAO GABRIEL DO OESTE;500769;6452116;CENTRO DE ESPECIALIDADES MEDICAS;F;03.08.2026;TAINA_CEM;03.08.2026;TAINA_CEM;10.00;PENDENTE;Z00;70808015087;CELIO HELEGDA
682562689;0299008;0301010072;CONSULTA EM CIRURGIA VASCULAR – GERAL;70808015087;CELIO HELEGDA;22.09.2026;18:00;0;706805294817728;JORGE DE OLIVEIRA;31.03.1949;77;930;MARTINIA VALERIANA DE PAULA;RUA;RIO DE JANEIRO 2400/99999;;2861;AMABILE MAFFISSONI;79490102;(67)99946-7722;SAO GABRIEL DO OESTE;500769;SAO GABRIEL DO OESTE;500769;6452116;CENTRO DE ESPECIALIDADES MEDICAS;M;03.08.2026;TAINA_CEM;03.08.2026;TAINA_CEM;10.00;PENDENTE;Z00;70808015087;CELIO HELEGDA
682675694;0299008;0301010072;CONSULTA EM CIRURGIA VASCULAR – GERAL;70808015087;CELIO HELEGDA;22.09.2026;18:00;0;704203269533980;LUZINETE MARIA DE SOUZA;22.04.1968;58;701;MARIA DAS DORES DE SOUZA;RUA;ZECA NEVES;;184;JARDIM SAO CONRADO;79091320;(67)99683-5332;CAMPO GRANDE;500270;SAO GABRIEL DO OESTE;500769;6452116;CENTRO DE ESPECIALIDADES MEDICAS;F;03.08.2026;TAINA_CEM;03.08.2026;TAINA_CEM;10.00;PENDENTE;Z00;70808015087;CELIO HELEGDA
684498531;0299008;0301010072;CONSULTA EM CIRURGIA VASCULAR – GERAL;70808015087;CELIO HELEGDA;01.09.2026;19:00;1;706206588429160;ANITA ALMI ZORZI;26.07.1961;65;782;ANGELINA TURRA ALMI;RUA;JOAQUIM HONORIO RIBEIRO ROSA;CASA;484;CENTRO;79490000;(67)99647-8194;SAO GABRIEL DO OESTE;500769;SAO GABRIEL DO OESTE;500769;6452116;CENTRO DE ESPECIALIDADES MEDICAS;F;12.08.2026;TAINA_CEM;12.08.2026;TAINA_CEM;10.00;PENDENTE;Z00;70808015087;CELIO HELEGDA
684673984;0299008;0301010072;CONSULTA EM CIRURGIA VASCULAR – GERAL;70808015087;CELIO HELEGDA;01.09.2026;19:00;1;700505319931050;INES FLORENTINO COSTA;11.07.1979;47;566;SANDRA ROCHTASCHEL DA SILVA;RUA;SANTA CATARINA;;2580;CENTRO;79490000;(44)99811-4639;SAO GABRIEL DO OESTE;500769;SAO GABRIEL DO OESTE;500769;6452116;CENTRO DE ESPECIALIDADES MEDICAS;F;12.08.2026;TAINA_CEM;12.08.2026;TAINA_CEM;10.00;PENDENTE;Z00;70808015087;CELIO HELEGDA
684726973;0299008;0301010072;CONSULTA EM CIRURGIA VASCULAR – GERAL;70808015087;CELIO HELEGDA;01.09.2026;19:00;1;700502763104657;JOSE APARECIDO BATISTA DA SILVA;25.06.1975;51;615;APARECIDA BATISTA DA SILVA;RUA;PEDRO SEGATTO;CASA;155;FÊNIX;79490000;(67)99951-4224;SAO GABRIEL DO OESTE;500769;SAO GABRIEL DO OESTE;500769;6452116;CENTRO DE ESPECIALIDADES MEDICAS;M;13.08.2026;TAINA_CEM;13.08.2026;TAINA_CEM;10.00;PENDENTE;Z00;70808015087;CELIO HELEGDA
684783772;0299008;0301010072;CONSULTA EM CIRURGIA VASCULAR – GERAL;70808015087;CELIO HELEGDA;08.09.2026;19:00;1;707509239240990;ADEMAR DE OLIVEIRA;05.06.1954;72;868;RITA DOS SANTOS LIMA OLIVEIRA;RUA;TUIUIUI;;345;JARDIM GRAMADO;79490000;(67)99647-1610;SAO GABRIEL DO OESTE;500769;SAO GABRIEL DO OESTE;500769;7002084;UNIDADE DE SAUDE DA FAMILIA IX;M;13.08.2026;FABIELY_MORAES;13.08.2026;FABIELY_MORAES;10.00;PENDENTE;Z000;;CELIO HELEGDA
684982491;0299008;0301010072;CONSULTA EM CIRURGIA VASCULAR – GERAL;70808015087;CELIO HELEGDA;08.09.2026;19:00;1;700400434968944;MARINA FERREIRA LOPES;10.11.1955;70;850;MADALENA FERREIRA DE MATOS;RUA;RIO DE JANEIRO;;2862;AMABILE MAFFISSONI;79490102;(67)99815-6047;SAO GABRIEL DO OESTE;500769;SAO GABRIEL DO OESTE;500769;6452116;CENTRO DE ESPECIALIDADES MEDICAS;F;14.08.2026;PATRICKMASIAGA;14.08.2026;PATRICKMASIAGA;10.00;PENDENTE;Z016;70808015087;CELIO HELEGDA
685117602;0282063;0301010072;CONSULTA EM OTORRINOLARINGOLOGIA;78877326115;ANA PAULA CAVALIERI PONTES;10.09.2026;18:00;0;700003241516401;MARCIO GINO THOMAZ;06.09.1980;46;553;DELIA GINO THOMAZ;RUA;TANGARA;CASA;642;FENIX;79490000;(67)99820-9960;SAO GABRIEL DO OESTE;500769;SAO GABRIEL DO OESTE;500769;6452116;CENTRO DE ESPECIALIDADES MEDICAS;M;14.08.2026;TAINA_CEM;14.08.2026;TAINA_CEM;10.00;PENDENTE;Z00;78877326115;ANA PAULA CAVALIERI PONTES
685229082;0299008;0301010072;CONSULTA EM CIRURGIA VASCULAR – GERAL;70808015087;CELIO HELEGDA;08.09.2026;19:00;1;708004815173621;UBIRAJARA ORTEGA;03.08.1942;84;1010;FRANCISCA TEODORA ORTEGA;RUA;ALBINO DE SOUZA BRANDAO;;841;CENTRO;79490000;(67)9944-3036;SAO GABRIEL DO OESTE;500769;SAO GABRIEL DO OESTE;500769;6452116;CENTRO DE ESPECIALIDADES MEDICAS;M;17.08.2026;TAINA_CEM;17.08.2026;TAINA_CEM;10.00;PENDENTE;Z00;70808015087;CELIO HELEGDA
685331619;0299008;0301010072;CONSULTA EM CIRURGIA VASCULAR – GERAL;70808015087;CELIO HELEGDA;15.09.2026;17:50;1;705404409856997;LUIZ AUGUSTO BORBA GARBINI;16.05.1960;66;796;MARIA BORBA GARBINI;AVENIDA;GETULIO VARGAS;;729;CENTRO;79490000;(67)99841-9450;SAO GABRIEL DO OESTE;500769;SAO GABRIEL DO OESTE;500769;6452116;CENTRO DE ESPECIALIDADES MEDICAS;M;17.08.2026;TAINA_CEM;10.09.2026;VANIA_MARIANO;10.00;PENDENTE;Z00;70808015087;CELIO HELEGDA
685563918;0299008;0301010072;CONSULTA EM CIRURGIA VASCULAR – GERAL;70808015087;CELIO HELEGDA;15.09.2026;19:00;1;702103794710894;ELLEN PRISCILA TEREZINHA RIBEIRO;14.07.1977;49;590;MARIA ELIZETE ZAGO RIBEIRO;RUA;BAHIA;CASA 03;1680;CENTRO;79490000;(67)99685-6265;SAO GABRIEL DO OESTE;500769;SAO GABRIEL DO OESTE;500769;6452116;CENTRO DE ESPECIALIDADES MEDICAS;F;18.08.2026;TAINA_CEM;18.08.2026;TAINA_CEM;10.00;PENDENTE;I839;70808015087;CELIO HELEGDA
685576375;0299008;0301010072;CONSULTA EM CIRURGIA VASCULAR – GERAL;70808015087;CELIO HELEGDA;15.09.2026;19:00;1;706805794000429;EMILIA BENTO CARDOSO;04.07.1948;78;939;ALVINA MERECIANA CARDOSO;RUA;DAS GAIVOTAS;;1638;FENIX;79491094;(67)99944-5647;SAO GABRIEL DO OESTE;500769;SAO GABRIEL DO OESTE;500769;6452116;CENTRO DE ESPECIALIDADES MEDICAS;F;18.08.2026;ANDREIA_CEM;18.08.2026;ANDREIA_CEM;10.00;PENDENTE;Z016;70808015087;CELIO HELEGDA
685822233;0299008;0301010072;CONSULTA EM CIRURGIA VASCULAR – GERAL;70808015087;CELIO HELEGDA;15.09.2026;19:00;1;700006440783607;ODILZA TEREZA LISIAK;01.08.1959;67;806;DOLOINA B FERRARI;AVENIDA;SAO FRANCISCO;;2579;AMABILE MAFFISSONI;79490000;(67)98448-4965;SAO GABRIEL DO OESTE;500769;SAO GABRIEL DO OESTE;500769;6452116;CENTRO DE ESPECIALIDADES MEDICAS;F;19.08.2026;ANDREIA_CEM;19.08.2026;ANDREIA_CEM;10.00;PENDENTE;Z016;70808015087;CELIO HELEGDA
685849951;0299008;0301010072;CONSULTA EM CIRURGIA VASCULAR – GERAL;70808015087;CELIO HELEGDA;22.09.2026;19:00;1;700205981869421;ELISSANDRA CRISTINA CAMILLO;23.03.1976;50;606;PRECILA NATALINA CAMILLO;RUA;SANTA INES;;384;MILANI;79492096;(67)99964-7050;SAO GABRIEL DO OESTE;500769;SAO GABRIEL DO OESTE;500769;6452116;CENTRO DE ESPECIALIDADES MEDICAS;F;19.08.2026;ANDREIA_CEM;19.08.2026;ANDREIA_CEM;10.00;PENDENTE;Z016;70808015087;CELIO HELEGDA
685881145;0299008;0301010072;CONSULTA EM CIRURGIA VASCULAR – GERAL;70808015087;CELIO HELEGDA;22.09.2026;19:00;1;700000940389910;IRLETE IULE;15.10.1936;89;1079;CLAUDETE IULE;RUA;SARACURA 1/1465;;615;JARDIM GRAMADO;79491002;(67)99654-8146;SAO GABRIEL DO OESTE;500769;SAO GABRIEL DO OESTE;500769;6452116;CENTRO DE ESPECIALIDADES MEDICAS;F;19.08.2026;TAINA_CEM;19.08.2026;TAINA_CEM;10.00;PENDENTE;Z00;70808015087;CELIO HELEGDA
686375599;0299008;0301010072;CONSULTA EM CIRURGIA VASCULAR – GERAL;70808015087;CELIO HELEGDA;22.09.2026;19:00;1;700800412712285;SIRLEI TEREZINHA PEGORINI SIMONETTI;06.09.1978;48;577;GRACIEMA PEGORINI;FAZENDA;ARAPONGAS;;S/N;AREA RURAL DE SAO GABRIEL DO OESTE;79493899;(67)99962-3054;SAO GABRIEL DO OESTE;500769;SAO GABRIEL DO OESTE;500769;6452116;CENTRO DE ESPECIALIDADES MEDICAS;F;21.08.2026;TAINA_CEM;21.08.2026;TAINA_CEM;10.00;PENDENTE;Z00;98260570106;CLAUDIA REGINA DUARTE CAZZOLATO KHALIL
687050498;0282063;0301010072;CONSULTA EM OTORRINOLARINGOLOGIA;78877326115;ANA PAULA CAVALIERI PONTES;03.09.2026;18:00;1;700708930278580;MARCOS APARECIDO ZANDOMENI;09.11.1981;44;538;NEUZA BORGES PEREIRA;RUA;GAIVOTAS;;840;JG;79490000;(67)9921-5899;SAO GABRIEL DO OESTE;500769;SAO GABRIEL DO OESTE;500769;6452116;CENTRO DE ESPECIALIDADES MEDICAS;M;25.08.2026;TAINA_CEM;30.08.2026;VANIA_MARIANO;10.00;PENDENTE;Z00;78877326115;ANA PAULA CAVALIERI PONTES
687158804;0282063;0301010072;CONSULTA EM OTORRINOLARINGOLOGIA;78877326115;ANA PAULA CAVALIERI PONTES;03.09.2026;18:00;0;709609663888671;LUCIMAR PEREIRA CARVALHO;05.01.1973;53;645;GUIOMAR PEREIRA DE CARVALHO;FAZENDA;PALMARES;;S/N;ZONA RURAL;79490000;(67)99925-4240;SAO GABRIEL DO OESTE;500769;SAO GABRIEL DO OESTE;500769;3400964;UNIDADE DE SAUDE DA FAMILIA RURAL VII;F;25.08.2026;DULCINEIA_MOCCELIN;25.08.2026;DULCINEIA_MOCCELIN;10.00;PENDENTE;H660;00612619630;KALYNKA SILVIA HIGINO
687391141;1314070;0204060125;JOELHO D (AP + LATERAL);80089844149;ANA PAULA DOS SANTOS PEREIRA SILVANY;01.09.2026;07:00;0;701801222106774;MARIA INES DOS SANTOS;16.10.1958;67;815;FRANCISCA CARLOS DOS SANTOS;RUA;MINAS GERAIS;;810;CENTRO;79490000;(67)9967-5938;SAO GABRIEL DO OESTE;500769;SAO GABRIEL DO OESTE;500769;2591359;UNIDADE DE SAUDE DA FAMILIA V;F;26.08.2026;CHRISTIANEHELEN_FREITAS;26.08.2026;CHRISTIANEHELEN_FREITAS;6.78;CONFIRMADO;M17;04796956107;JULIANA DA ROCHA PEREIRA MENEZES
687391141;1314071;0204060125;JOELHO E (AP + LATERAL);80089844149;ANA PAULA DOS SANTOS PEREIRA SILVANY;01.09.2026;07:00;0;701801222106774;MARIA INES DOS SANTOS;16.10.1958;67;815;FRANCISCA CARLOS DOS SANTOS;RUA;MINAS GERAIS;;810;CENTRO;79490000;(67)9967-5938;SAO GABRIEL DO OESTE;500769;SAO GABRIEL DO OESTE;500769;2591359;UNIDADE DE SAUDE DA FAMILIA V;F;26.08.2026;CHRISTIANEHELEN_FREITAS;26.08.2026;CHRISTIANEHELEN_FREITAS;6.78;CONFIRMADO;M17;04796956107;JULIANA DA ROCHA PEREIRA MENEZES
687433919;0299008;0301010072;CONSULTA EM CIRURGIA VASCULAR – GERAL;70808015087;CELIO HELEGDA;15.09.2026;17:40;1;700401424669244;ANDREIA DE OLIVEIRA PEREIRA;12.02.1991;35;427;MARIA GLORIA FRANCISCA ROSA;RUA;QUERO QUERO;;342;FENIX;79490000;(67)99942-5744;SAO GABRIEL DO OESTE;500769;SAO GABRIEL DO OESTE;500769;6452116;CENTRO DE ESPECIALIDADES MEDICAS;F;26.08.2026;TAINA_CEM;11.09.2026;VANIA_MARIANO;10.00;PENDENTE;Z00;70808015087;CELIO HELEGDA
687604387;1314062;0204060095;BACIA;80089844149;ANA PAULA DOS SANTOS PEREIRA SILVANY;03.09.2026;07:00;0;700002940411705;DAVI RIBEIRO DE SOUZA;03.01.2020;06;81;ALINE RIBEIRO DA SILVA DE SOUZA;RUA;COLIBRI;;134;FENIX;79490000;(67)99715-1632;SAO GABRIEL DO OESTE;500769;SAO GABRIEL DO OESTE;500769;6452116;CENTRO DE ESPECIALIDADES MEDICAS;M;27.08.2026;TAINA_CEM;27.08.2026;TAINA_CEM;7.77;CONFIRMADO;M892;32389571808;RODOLFO PELISSARI ZAMBOLIN
687669510;1314093;0204030170;TORAX (PA);80089844149;ANA PAULA DOS SANTOS PEREIRA SILVANY;03.09.2026;07:00;0;702603224663540;APARECIDA BERNARDO DA SILVA;30.09.1962;64;768;CARLINDA FERREIRA;RUA;CEREJEIRA;;S/N;SÃO CRISTÓVÃO;79490000;(67)99823-4792;SAO GABRIEL DO OESTE;500769;SAO GABRIEL DO OESTE;500769;6452116;CENTRO DE ESPECIALIDADES MEDICAS;F;27.08.2026;ANDREIA_CEM;27.08.2026;ANDREIA_CEM;6.88;CONFIRMADO;Z016;32389571808;RODOLFO PELISSARI ZAMBOLIN
687676347;0282063;0301010072;CONSULTA EM OTORRINOLARINGOLOGIA;78877326115;ANA PAULA CAVALIERI PONTES;03.09.2026;18:00;0;704203282628280;JULIA GABRIELLY DA SILVA PRUDENCIO;23.06.2015;11;135;KELLI BETANIA DA SILVA;RUA;TANGARA;;150;FENIX;79490000;(67)99641-9872 / (67)99640-1796;SAO GABRIEL DO OESTE;500769;SAO GABRIEL DO OESTE;500769;7002084;UNIDADE DE SAUDE DA FAMILIA IX;F;27.08.2026;FABIELY_MORAES;27.08.2026;FABIELY_MORAES;10.00;PENDENTE;J352;06901507925;EVELYN KASSIA TUDISCO FERNANDES
687802286;1314095;0204030153;TORAX (PA + PERFIL);59241284153;CLODOALDO DE AZEVEDO CARDOSO;02.09.2026;16:00;0;708002870124821;SALETHE PEREIRA DE LIMA;26.07.1948;78;938;IRMA PEREIRA DE LIMA;RUA;RIO DE JANEIRO;;2861;AMABILE MAFFISSONI;79490000;(67)9946-7722;SAO GABRIEL DO OESTE;500769;SAO GABRIEL DO OESTE;500769;6354265;CENTRAL DE REGULACAO DE SAO GABRIEL DO OESTE;F;28.08.2026;CLEIDIANE_REGULADOR;28.08.2026;CLEIDIANE_REGULADOR;9.50;CONFIRMADO;Z00;;VANIA GOMES MARIANO
687841367;1314053;0204040124;PUNHO D (AP + LATERAL + OBLIQUA);80089844149;ANA PAULA DOS SANTOS PEREIRA SILVANY;03.09.2026;07:00;0;705606483620314;REJANE TEREZINHA TARTARI;18.09.1965;61;732;ORMA MARCON TARTARI;RUA;SERVIDAO;;8;CENTRO;79490000;(67)9996-6377;SAO GABRIEL DO OESTE;500769;SAO GABRIEL DO OESTE;500769;6452116;CENTRO DE ESPECIALIDADES MEDICAS;F;28.08.2026;TAINA_CEM;28.08.2026;TAINA_CEM;6.91;CONFIRMADO;S525;00468987193;ARTHUR MARTINS DE ALMEIDA
687927864;1314076;0204060168;PERNA D;59241284153;CLODOALDO DE AZEVEDO CARDOSO;01.09.2026;16:00;0;702508319971434;MARINA MENDONCA PEREIRA;09.09.1999;27;324;LUZIA GARCIA MENDONCA;RUA;CORUJAS;CASA;750;FÊNIX;79491054;(67)99805-8675 / (67)99805-8675;SAO GABRIEL DO OESTE;500769;SAO GABRIEL DO OESTE;500769;6452116;CENTRO DE ESPECIALIDADES MEDICAS;F;28.08.2026;TAINA_CEM;28.08.2026;TAINA_CEM;8.94;CONFIRMADO;Z00;06302616603;ROMULO AMARAL TAFURI
687932731;1314050;0204040078;COTOVELO E;01320968112;MARCELO MARTINS ROCHA;24.09.2026;11:00;0;708706140778690;MARCOS ALEXANDRE DEVISE;13.04.1999;27;329;NELI DOS SANTOS;RUA;TOCANTINS;;229;CENTRO;79490000;(67)9944-0676;SAO GABRIEL DO OESTE;500769;SAO GABRIEL DO OESTE;500769;6452116;CENTRO DE ESPECIALIDADES MEDICAS;M;28.08.2026;TAINA_CEM;28.08.2026;TAINA_CEM;5.90;CONFIRMADO;Z00;89074033172;ROGERIO PADOVANI TOFFOLI
687954010;1314023;0204020034;COLUNA CERVICAL (AP + LATERAL + TO + OBLIQUAS);80089844149;ANA PAULA DOS SANTOS PEREIRA SILVANY;01.09.2026;07:00;0;706809774891925;MARCIANO ROCHA DE MOURA;31.01.1988;38;464;IRMA ROCHA DE MOURA;RUA;CURICACA;;1624;JARDIM GRAMADO;79491010;(67)99609-4010;SAO GABRIEL DO OESTE;500769;SAO GABRIEL DO OESTE;500769;2370980;UNIDADE DE SAUDE DA FAMILIA JARDIM GRAMADO I;M;28.08.2026;ELISANGELA_UNIDADEI;28.08.2026;ELISANGELA_UNIDADEI;8.33;CONFIRMADO;Z00;01454652179;MAYARA MARIA MELKE GUIMARAES
687954010;1314011;0204010080;CRANIO (PA + LATERAL);80089844149;ANA PAULA DOS SANTOS PEREIRA SILVANY;01.09.2026;07:00;0;706809774891925;MARCIANO ROCHA DE MOURA;31.01.1988;38;464;IRMA ROCHA DE MOURA;RUA;CURICACA;;1624;JARDIM GRAMADO;79491010;(67)99609-4010;SAO GABRIEL DO OESTE;500769;SAO GABRIEL DO OESTE;500769;2370980;UNIDADE DE SAUDE DA FAMILIA JARDIM GRAMADO I;M;28.08.2026;ELISANGELA_UNIDADEI;28.08.2026;ELISANGELA_UNIDADEI;7.52;CONFIRMADO;Z00;01454652179;MAYARA MARIA MELKE GUIMARAES
687960510;1314118;0204020069;COLUNA LOMBAR (AP + PERFIL);80089844149;ANA PAULA DOS SANTOS PEREIRA SILVANY;08.09.2026;07:00;0;702605792973542;JANILCE BORTOLI ANTUNES;25.02.1974;52;631;IRENE PARISOTO BORTOLI;RUA;JOAQUIM HONORIO RIBEIRO ROSA;;724;CENTRO;79490000;(67)3295-1421;SAO GABRIEL DO OESTE;500769;SAO GABRIEL DO OESTE;500769;6452116;CENTRO DE ESPECIALIDADES MEDICAS;F;28.08.2026;TAINA_CEM;28.08.2026;TAINA_CEM;10.96;CONFIRMADO;Z00;93393539191;RODOLFO FABIANO NIZ BAREIRO
687960510;1314083;0204060150;PE E;80089844149;ANA PAULA DOS SANTOS PEREIRA SILVANY;08.09.2026;07:00;0;702605792973542;JANILCE BORTOLI ANTUNES;25.02.1974;52;631;IRENE PARISOTO BORTOLI;RUA;JOAQUIM HONORIO RIBEIRO ROSA;;724;CENTRO;79490000;(67)3295-1421;SAO GABRIEL DO OESTE;500769;SAO GABRIEL DO OESTE;500769;6452116;CENTRO DE ESPECIALIDADES MEDICAS;F;28.08.2026;TAINA_CEM;28.08.2026;TAINA_CEM;6.78;CONFIRMADO;Z00;93393539191;RODOLFO FABIANO NIZ BAREIRO
687960510;1314082;0204060150;PE D;80089844149;ANA PAULA DOS SANTOS PEREIRA SILVANY;08.09.2026;07:00;0;702605792973542;JANILCE BORTOLI ANTUNES;25.02.1974;52;631;IRENE PARISOTO BORTOLI;RUA;JOAQUIM HONORIO RIBEIRO ROSA;;724;CENTRO;79490000;(67)3295-1421;SAO GABRIEL DO OESTE;500769;SAO GABRIEL DO OESTE;500769;6452116;CENTRO DE ESPECIALIDADES MEDICAS;F;28.08.2026;TAINA_CEM;28.08.2026;TAINA_CEM;6.78;CONFIRMADO;Z00;93393539191;RODOLFO FABIANO NIZ BAREIRO
688069611;0282063;0301010072;CONSULTA EM OTORRINOLARINGOLOGIA;78877326115;ANA PAULA CAVALIERI PONTES;03.09.2026;18:00;0;707402077146875;GEOVANNI BRUNO FERNANDES SOBRAL;29.12.1995;30;369;MARIA ROSA FERNANDES NOGUEIRA;RUA;ANULPHO ALVES DE BRITO;;30;JARDIM DOS ESTADOS;79480000;(67)9636-8476;RIO VERDE DE MATO GROSSO;500740;SAO GABRIEL DO OESTE;500769;3400964;UNIDADE DE SAUDE DA FAMILIA RURAL VII;M;31.08.2026;DULCINEIA_MOCCELIN;31.08.2026;DULCINEIA_MOCCELIN;10.00;PENDENTE;Z011;02453491113;MILENA GUEDIN VARGAS
688084321;1314095;0204030153;TORAX (PA + PERFIL);59241284153;CLODOALDO DE AZEVEDO CARDOSO;02.09.2026;16:00;0;709206200050135;MEIRE VILMA DE SOUZA POLICARPO;01.11.1951;74;899;DALVA PEREIRA BRANDAO;RUA;PERNAMBUCO;;1054;CENTRO;79490000;(67)99302-4843;SAO GABRIEL DO OESTE;500769;SAO GABRIEL DO OESTE;500769;2591359;UNIDADE DE SAUDE DA FAMILIA V;F;31.08.2026;CHRISTIANEHELEN_FREITAS;31.08.2026;CHRISTIANEHELEN_FREITAS;9.50;CONFIRMADO;Z48;04796956107;JULIANA DA ROCHA PEREIRA MENEZES
688091255;1314095;0204030153;TORAX (PA + PERFIL);80089844149;ANA PAULA DOS SANTOS PEREIRA SILVANY;01.09.2026;07:00;0;700801984313980;IVA TURKIEVICZ;20.01.1955;71;860;ANNA TURKIEVICZ;RUA;SANTA MARIA;CHACARA;26;MILANI;79490000;(67)98172-0251;SAO GABRIEL DO OESTE;500769;SAO GABRIEL DO OESTE;500769;2370972;UNIDADE DE SAUDE DA FAMILIA MILANE II;F;31.08.2026;FLAVIA_RODRIGUES;31.08.2026;FLAVIA_RODRIGUES;9.50;CONFIRMADO;Z000;83798633134;JOAO BAPTISTA BARBOSA SOUZA
688095307;0282063;0301010072;CONSULTA EM OTORRINOLARINGOLOGIA;78877326115;ANA PAULA CAVALIERI PONTES;03.09.2026;18:00;0;705006037896653;ALICE MARTINS CARNIEL;18.07.2023;03;38;JOYCE ANGELO MARTINS CARNIEL;AVENIDA;JUSCELINO KUBITSCHEK;CASA;409;CENTRO;79490049;(67)99670-8434;SAO GABRIEL DO OESTE;500769;SAO GABRIEL DO OESTE;500769;6452116;CENTRO DE ESPECIALIDADES MEDICAS;F;31.08.2026;TAINA_CEM;31.08.2026;TAINA_CEM;10.00;PENDENTE;Z00;78877326115;ANA PAULA CAVALIERI PONTES
688109476;1314030;0204020077;COLUNA LOMBO-SACRA C/ OBLIQUAS;80089844149;ANA PAULA DOS SANTOS PEREIRA SILVANY;01.09.2026;07:00;0;704607641877224;ALFREDO ROA ACOSTA;16.09.1995;31;372;FELIPA ROA VARGAS;RUA;TICO-TICO;;319;FÊNIX;79491096;(67)99300-7786;SAO GABRIEL DO OESTE;500769;SAO GABRIEL DO OESTE;500769;2370999;UNIDADE DE SAUDE DA FAMILIA FENIX IV;M;31.08.2026;GUSTAVO_PIAIA;31.08.2026;GUSTAVO_PIAIA;14.90;CONFIRMADO;M545;00703866176;ALCIDES EDUARDO EIBEL
688112282;0299008;0301010072;CONSULTA EM CIRURGIA VASCULAR – GERAL;70808015087;CELIO HELEGDA;08.09.2026;17:50;1;709601671909774;AUSENOR OLIVEIRA FILHO;13.05.1947;79;952;ISAURA ROSA DE OLIVEIRA;RUA;DAS ANHUMAS;;1156;JARDIM GRAMADO;79491016;(67)99947-6826;SAO GABRIEL DO OESTE;500769;SAO GABRIEL DO OESTE;500769;5971055;UNIDADE DE SAUDE DA FAMILIA VIII;M;31.08.2026;JESSICAPADILHA;02.09.2026;VANIA_MARIANO;10.00;PENDENTE;Z000;;CELIO HELEGDA
688171769;1314049;0204040078;COTOVELO D;59241284153;CLODOALDO DE AZEVEDO CARDOSO;01.09.2026;16:00;0;702404024934322;DILENE GONZAGA DE ANDRADE;11.01.1974;52;632;CELIA GONZAGA DA SILVA;AVENIDA;SAO FRANCISCO;CASA 1;2351;CENTRO;79490000;(67)99830-0555;SAO GABRIEL DO OESTE;500769;SAO GABRIEL DO OESTE;500769;6452116;CENTRO DE ESPECIALIDADES MEDICAS;F;31.08.2026;TAINA_CEM;31.08.2026;TAINA_CEM;5.90;CONFIRMADO;Z00;93393539191;RODOLFO FABIANO NIZ BAREIRO
688207563;1314095;0204030153;TORAX (PA + PERFIL);80089844149;ANA PAULA DOS SANTOS PEREIRA SILVANY;03.09.2026;07:00;0;709606661246971;JOAO VIDAL IACHESKI DE ABREU;30.01.1955;71;860;FERMINA IACHESKI DE ABREU;RUA;ACRE;COHAB I;802;CENTRO;79490000;(67)99942-3899;SAO GABRIEL DO OESTE;500769;SAO GABRIEL DO OESTE;500769;2591359;UNIDADE DE SAUDE DA FAMILIA V;M;31.08.2026;CHRISTIANEHELEN_FREITAS;31.08.2026;CHRISTIANEHELEN_FREITAS;9.50;CONFIRMADO;Z000;04796956107;JULIANA DA ROCHA PEREIRA MENEZES
688209724;1314078;0204060087;ARTICULACAO TIBIO-TARSICA (TORNOZELO) D;01320968112;MARCELO MARTINS ROCHA;01.09.2026;11:00;0;704009353109962;ADRIANA NUNES DA SILVA;25.12.1978;47;573;TEREZA NUNES DA SILVA;FAZENDA;TRES CORACOES;;S/N;RURAL;79470000;(67)99881-1394;RIO NEGRO;500730;SAO GABRIEL DO OESTE;500769;2370972;UNIDADE DE SAUDE DA FAMILIA MILANE II;F;31.08.2026;FLAVIA_RODRIGUES;31.08.2026;FLAVIA_RODRIGUES;6.50;CONFIRMADO;M255;;PAULO FENELON MARINHO
688228081;1314071;0204060125;JOELHO E (AP + LATERAL);59241284153;CLODOALDO DE AZEVEDO CARDOSO;01.09.2026;16:00;0;700001753570500;LUCIENE CARVALHO DE MORAES;10.02.1983;43;523;ANTONIA CARVALHO DE MORAES;RUA;ESPÍRITO SANTO;;2754;AMABILE MAFFISSONI;79490108;(67)99805-5650;SAO GABRIEL DO OESTE;500769;SAO GABRIEL DO OESTE;500769;2370964;UNIDADE DE SAUDE DA FAMILIA III;F;31.08.2026;ANACLAUDIA_NOGUEIRA;31.08.2026;ANACLAUDIA_NOGUEIRA;6.78;CONFIRMADO;M255;02611833974;HUDSON PERES DORIGAO BELISARIO DE SOUZA
688241225;1314124;0204040094;RADIOGRAFIA PANORAMICA DE MAO D;59241284153;CLODOALDO DE AZEVEDO CARDOSO;01.09.2026;16:00;0;706300745648275;ELEN CARLA MORAES BAPTISTELLA;06.07.1970;56;675;ELENI MORAES;RUA;ESTUDANTE SONI BORTOLI;CASA;819;CENTRO;79490000;(67)99619-0431;SAO GABRIEL DO OESTE;500769;SAO GABRIEL DO OESTE;500769;7333218;UNIDADE DE SAUDE DA FAMILIA X;F;31.08.2026;RAISSASILVALIMA;31.08.2026;RAISSASILVALIMA;6.30;CONFIRMADO;Z00;63805480172;CLEDSON PERETTI
688247499;1314093;0204030170;TORAX (PA);87751593172;CRISTIANE DE SOUZA PEREIRA;30.09.2026;16:00;0;708600518226780;REVERTON SOUZA SANTOS;11.02.2000;26;319;IVANETE ADRIANO DE SOUZA;RUA;DONA ELVIRA;KITNET 6;809;MILANI;79492070;(67)99962-3222;SAO GABRIEL DO OESTE;500769;SAO GABRIEL DO OESTE;500769;6452116;CENTRO DE ESPECIALIDADES MEDICAS;M;31.08.2026;ANDREIA_CEM;31.08.2026;ANDREIA_CEM;6.88;PENDENTE;Z016;48047740172;EVA WILMA ABDO DOS SANTOS GUIMARAES
688253796;1314116;0204020107;COLUNA DORSO-LOMBAR;87751593172;CRISTIANE DE SOUZA PEREIRA;01.09.2026;21:00;0;700403476868347;TALISON LOPES ZEBALLOS;09.05.1992;34;412;TALITA LOPES ZEBALLOS;RUA;CURIO;;498;JARDIM GRAMADO;79491012;(67)99157-4925;SAO GABRIEL DO OESTE;500769;SAO GABRIEL DO OESTE;500769;5971055;UNIDADE DE SAUDE DA FAMILIA VIII;M;31.08.2026;JESSICAPADILHA;31.08.2026;JESSICAPADILHA;9.73;CONFIRMADO;M545;04805244160;RENNAN ORTIZ BUENO
688253796;1314022;0204020042;COLUNA CERVICAL (AP + LATERAL + TO / FLEXAO);87751593172;CRISTIANE DE SOUZA PEREIRA;01.09.2026;21:00;0;700403476868347;TALISON LOPES ZEBALLOS;09.05.1992;34;412;TALITA LOPES ZEBALLOS;RUA;CURIO;;498;JARDIM GRAMADO;79491012;(67)99157-4925;SAO GABRIEL DO OESTE;500769;SAO GABRIEL DO OESTE;500769;5971055;UNIDADE DE SAUDE DA FAMILIA VIII;M;31.08.2026;JESSICAPADILHA;31.08.2026;JESSICAPADILHA;8.19;CONFIRMADO;M545;04805244160;RENNAN ORTIZ BUENO
688255316;0282063;0301010072;CONSULTA EM OTORRINOLARINGOLOGIA;78877326115;ANA PAULA CAVALIERI PONTES;10.09.2026;18:00;0;704203260579481;JOANA LINA APARECIDA DE JESUS;07.09.1941;85;1020;SEBASTIANA LINA DE JESUS;RUA;CANARIOS;;1076;JARDIM GRAMADO;79490000;(67)99909-3210;SAO GABRIEL DO OESTE;500769;SAO GABRIEL DO OESTE;500769;6452116;CENTRO DE ESPECIALIDADES MEDICAS;F;31.08.2026;ANDREIA_CEM;31.08.2026;ANDREIA_CEM;10.00;PENDENTE;Z016;78877326115;ANA PAULA CAVALIERI PONTES
688268958;1314095;0204030153;TORAX (PA + PERFIL);80089844149;ANA PAULA DOS SANTOS PEREIRA SILVANY;02.09.2026;07:00;0;702102716607494;MARCIA DOS SANTOS CARLOS;23.05.1986;40;484;APARECIDA DOS SANTOS CARLOS;RUA;ESTUDANTE SONI BORTOLI;;1565;PRIMO MAFFISSONI;79490000;(67)99646-8224;SAO GABRIEL DO OESTE;500769;SAO GABRIEL DO OESTE;500769;6452116;CENTRO DE ESPECIALIDADES MEDICAS;F;31.08.2026;TAINA_CEM;31.08.2026;TAINA_CEM;9.50;CONFIRMADO;Z00;;CLEDSON PERETTI
688273914;1314083;0204060150;PE E;80089844149;ANA PAULA DOS SANTOS PEREIRA SILVANY;01.09.2026;07:00;0;708005897968322;VANDERLEI ROMEU BUSS;05.07.1973;53;639;DELZA DONST BUSS;RUA;F;;307;CIDADE JARDIM;79492124;(67)99822-7421;SAO GABRIEL DO OESTE;500769;SAO GABRIEL DO OESTE;500769;2370972;UNIDADE DE SAUDE DA FAMILIA MILANE II;M;31.08.2026;FLAVIA_RODRIGUES;31.08.2026;FLAVIA_RODRIGUES;6.78;CONFIRMADO;S997;83798633134;JOAO BAPTISTA BARBOSA SOUZA
688275137;1314070;0204060125;JOELHO D (AP + LATERAL);01320968112;MARCELO MARTINS ROCHA;01.09.2026;11:00;0;706008322419949;ESTER CAROLINE ALMEIDA DA SILVA;31.01.2009;17;212;EZIA DE ALMEIDA;RUA;23 DE MAIO;;1558;FENIX;79490000;(67)99603-0047;SAO GABRIEL DO OESTE;500769;SAO GABRIEL DO OESTE;500769;2370999;UNIDADE DE SAUDE DA FAMILIA FENIX IV;F;31.08.2026;GUSTAVO_PIAIA;31.08.2026;GUSTAVO_PIAIA;6.78;CONFIRMADO;M796;00703866176;ALCIDES EDUARDO EIBEL
688280558;1314095;0204030153;TORAX (PA + PERFIL);59241284153;CLODOALDO DE AZEVEDO CARDOSO;01.09.2026;16:00;0;704602138580921;ALEXANDRE HOREN;14.04.1970;56;677;JUVINA MACHADO HOREN;RUA;MISSOES;;272;MILANI;79490000;(67)3295-5294 / (67)9956-6639;SAO GABRIEL DO OESTE;500769;SAO GABRIEL DO OESTE;500769;6452116;CENTRO DE ESPECIALIDADES MEDICAS;M;31.08.2026;TAINA_CEM;31.08.2026;TAINA_CEM;9.50;CONFIRMADO;R060;;JOAO BAPTISTA BARBOSA SOUZA
688282512;1314078;0204060087;ARTICULACAO TIBIO-TARSICA (TORNOZELO) D;59241284153;CLODOALDO DE AZEVEDO CARDOSO;04.09.2026;15:00;0;708306773455860;GABRIEL PAULO OLIVEIRA INEZ DA SILVA;18.09.2009;17;204;MARILI DA COSTA OLIVEIRA;RUA;SANTA CATARINA;CASA;2464;CENTRO;79490000;(67)98482-2421;SAO GABRIEL DO OESTE;500769;SAO GABRIEL DO OESTE;500769;6452116;CENTRO DE ESPECIALIDADES MEDICAS;M;31.08.2026;TAINA_CEM;31.08.2026;TAINA_CEM;6.50;CONFIRMADO;Z00;;VANIA GOMES MARIANO
688286372;1314029;0204020069;COLUNA LOMBO-SACRA;59241284153;CLODOALDO DE AZEVEDO CARDOSO;03.09.2026;16:00;0;702103763107495;ALEXANDRA DE MATOS CARDOSO;23.06.1979;47;567;CILENE DE MATOS;SITIO;ELDORADO II;;218;ZONA RURAL;79170000;(67)9903-9485;SIDROLANDIA;500790;SAO GABRIEL DO OESTE;500769;2591359;UNIDADE DE SAUDE DA FAMILIA V;F;31.08.2026;CHRISTIANEHELEN_FREITAS;31.08.2026;CHRISTIANEHELEN_FREITAS;10.96;CONFIRMADO;M545;;MILENA GUEDIN VARGAS
688289115;1314095;0204030153;TORAX (PA + PERFIL);59241284153;CLODOALDO DE AZEVEDO CARDOSO;09.09.2026;16:00;0;708208699392042;GISIELE DOS REIS TAVARES;24.09.1989;37;444;ISMA MARIA DOS REIS TAVARES;RUA;ANHUMAS;;922;JARDIM GRAMADO;79490000;(67)9661-4311;SAO GABRIEL DO OESTE;500769;SAO GABRIEL DO OESTE;500769;6452116;CENTRO DE ESPECIALIDADES MEDICAS;F;31.08.2026;TAINA_CEM;31.08.2026;TAINA_CEM;9.50;CONFIRMADO;Z00;70808015087;CELIO HELEGDA
688297393;0282063;0301010072;CONSULTA EM OTORRINOLARINGOLOGIA;78877326115;ANA PAULA CAVALIERI PONTES;03.09.2026;18:00;1;708005896417020;FELIPE RAFAEL KUFFEL KRONBAUER;18.01.2022;04;56;ISOLDE BERNARDETE KUFFEL WUITSCHICK;FAZENDA;CACHOEIRA;;S/N;RURAL;79490000;(67)99959-0153;SAO GABRIEL DO OESTE;500769;SAO GABRIEL DO OESTE;500769;6452116;CENTRO DE ESPECIALIDADES MEDICAS;M;31.08.2026;TAINA_CEM;31.08.2026;VANIA_MARIANO;10.00;PENDENTE;Z00;78877326115;ANA PAULA CAVALIERI PONTES
688330067;0282063;0301010072;CONSULTA EM OTORRINOLARINGOLOGIA;78877326115;ANA PAULA CAVALIERI PONTES;03.09.2026;18:00;0;703403237353715;RONILDO CORREA;29.01.1972;54;656;LIARIENE DE OLIVEIRA CORREA;RUA;FLOR DO SERRADO;;512;FLOR DO SERRADO;78890000;(21)2105-0000 / (67)99981-5569;SORRISO;510792;SAO GABRIEL DO OESTE;500769;6354265;CENTRAL DE REGULACAO DE SAO GABRIEL DO OESTE;M;01.09.2026;ELIETE_SAOGABRIEL;01.09.2026;ELIETE_SAOGABRIEL;10.00;PENDENTE;Z00;65742103653;SOLICITANTE_SAO GABRIEL DO OESTE
688340693;1314048;0204040051;BRACO E;80089844149;ANA PAULA DOS SANTOS PEREIRA SILVANY;24.09.2026;07:00;0;709603688749076;CAIO HENRIQUE BELLEI;16.11.1994;31;382;LUCEVANI BELLEI;RUA;SANTA CATARINA;CASA;1584;CENTRO;79490005;(67)99669-1876 / (67)99669-1876;SAO GABRIEL DO OESTE;500769;SAO GABRIEL DO OESTE;500769;2599376;UNIDADE DE SAUDE DA FAMILIA VI;M;01.09.2026;MARIANA_MARTINS;01.09.2026;MARIANA_MARTINS;7.77;CONFIRMADO;W45;06437691107;MAIARA FLORES SCARIOT
688348211;1314070;0204060125;JOELHO D (AP + LATERAL);80089844149;ANA PAULA DOS SANTOS PEREIRA SILVANY;18.09.2026;07:00;0;703405993632300;APARECIDA DONIZETI DE PAULA MACHADO;12.01.1957;69;836;LOURDES MARIA DO NASCIMENTO;RUA;DAS ANHUMAS 1/1465;CASA;1321;JARDIM GRAMADO;79491016;(67)99903-0928;SAO GABRIEL DO OESTE;500769;SAO GABRIEL DO OESTE;500769;6452116;CENTRO DE ESPECIALIDADES MEDICAS;F;01.09.2026;TAINA_CEM;01.09.2026;TAINA_CEM;6.78;CONFIRMADO;Z00;06302616603;ROMULO AMARAL TAFURI
688348211;1314078;0204060087;ARTICULACAO TIBIO-TARSICA (TORNOZELO) D;80089844149;ANA PAULA DOS SANTOS PEREIRA SILVANY;18.09.2026;07:00;0;703405993632300;APARECIDA DONIZETI DE PAULA MACHADO;12.01.1957;69;836;LOURDES MARIA DO NASCIMENTO;RUA;DAS ANHUMAS 1/1465;CASA;1321;JARDIM GRAMADO;79491016;(67)99903-0928;SAO GABRIEL DO OESTE;500769;SAO GABRIEL DO OESTE;500769;6452116;CENTRO DE ESPECIALIDADES MEDICAS;F;01.09.2026;TAINA_CEM;01.09.2026;TAINA_CEM;6.50;CONFIRMADO;Z00;06302616603;ROMULO AMARAL TAFURI
688348211;1314079;0204060087;ARTICULACAO TIBIO-TARSICA (TORNOZELO) E;80089844149;ANA PAULA DOS SANTOS PEREIRA SILVANY;18.09.2026;07:00;0;703405993632300;APARECIDA DONIZETI DE PAULA MACHADO;12.01.1957;69;836;LOURDES MARIA DO NASCIMENTO;RUA;DAS ANHUMAS 1/1465;CASA;1321;JARDIM GRAMADO;79491016;(67)99903-0928;SAO GABRIEL DO OESTE;500769;SAO GABRIEL DO OESTE;500769;6452116;CENTRO DE ESPECIALIDADES MEDICAS;F;01.09.2026;TAINA_CEM;01.09.2026;TAINA_CEM;6.50;CONFIRMADO;Z00;06302616603;ROMULO AMARAL TAFURI
688348211;1314118;0204020069;COLUNA LOMBAR (AP + PERFIL);80089844149;ANA PAULA DOS SANTOS PEREIRA SILVANY;18.09.2026;07:00;0;703405993632300;APARECIDA DONIZETI DE PAULA MACHADO;12.01.1957;69;836;LOURDES MARIA DO NASCIMENTO;RUA;DAS ANHUMAS 1/1465;CASA;1321;JARDIM GRAMADO;79491016;(67)99903-0928;SAO GABRIEL DO OESTE;500769;SAO GABRIEL DO OESTE;500769;6452116;CENTRO DE ESPECIALIDADES MEDICAS;F;01.09.2026;TAINA_CEM;01.09.2026;TAINA_CEM;10.96;CONFIRMADO;Z00;06302616603;ROMULO AMARAL TAFURI
688348211;1314071;0204060125;JOELHO E (AP + LATERAL);80089844149;ANA PAULA DOS SANTOS PEREIRA SILVANY;18.09.2026;07:00;0;703405993632300;APARECIDA DONIZETI DE PAULA MACHADO;12.01.1957;69;836;LOURDES MARIA DO NASCIMENTO;RUA;DAS ANHUMAS 1/1465;CASA;1321;JARDIM GRAMADO;79491016;(67)99903-0928;SAO GABRIEL DO OESTE;500769;SAO GABRIEL DO OESTE;500769;6452116;CENTRO DE ESPECIALIDADES MEDICAS;F;01.09.2026;TAINA_CEM;01.09.2026;TAINA_CEM;6.78;CONFIRMADO;Z00;06302616603;ROMULO AMARAL TAFURI
688368171;0282063;0301010072;CONSULTA EM OTORRINOLARINGOLOGIA;78877326115;ANA PAULA CAVALIERI PONTES;03.09.2026;18:00;0;704304574720292;CARMEM VERONICA ALAMAN CENI;14.01.1960;66;800;ELIZA SANCHES ALAMAN;AREA;RURAL;;85;AREA RURAL DE SAO GABRIEL DO OESTE;79493899;(67)99810-8029;SAO GABRIEL DO OESTE;500769;SAO GABRIEL DO OESTE;500769;2370972;UNIDADE DE SAUDE DA FAMILIA MILANE II;F;01.09.2026;FLAVIA_RODRIGUES;01.09.2026;FLAVIA_RODRIGUES;10.00;PENDENTE;Z011;02453491113;MILENA GUEDIN VARGAS
688398603;1314110;0204030153;TORAX (PA + PERFIL) PRE-OPERATORIO;87751593172;CRISTIANE DE SOUZA PEREIRA;18.09.2026;15:00;0;708507319108475;EVELLYSE MICHELLE DE SOUZA MORAES;07.10.2001;24;299;WALDIRENE CORREA DE SOUZA MORAES;RUA;JAVALI;;244;RESIDENCIAL MARIO COVAS;79072252;(67)99657-6189;CAMPO GRANDE;500270;SAO GABRIEL DO OESTE;500769;6452116;CENTRO DE ESPECIALIDADES MEDICAS;F;01.09.2026;TAINA_CEM;01.09.2026;TAINA_CEM;9.50;CONFIRMADO;K801;48047740172;EVA WILMA ABDO DOS SANTOS GUIMARAES
688399937;1314095;0204030153;TORAX (PA + PERFIL);80089844149;ANA PAULA DOS SANTOS PEREIRA SILVANY;04.09.2026;07:00;0;700708912478174;SONIA BEATRIZ LINCK DOS SANTOS;30.03.1957;69;834;CLEONICE TEREZINHA LEITE;RUA;ALAGOAS;CASA 1;1099;CENTRO;79490000;(67)99819-9220;SAO GABRIEL DO OESTE;500769;SAO GABRIEL DO OESTE;500769;2591359;UNIDADE DE SAUDE DA FAMILIA V;F;01.09.2026;CHRISTIANEHELEN_FREITAS;01.09.2026;CHRISTIANEHELEN_FREITAS;9.50;CONFIRMADO;K295;04796956107;JULIANA DA ROCHA PEREIRA MENEZES
688415588;0282063;0301010072;CONSULTA EM OTORRINOLARINGOLOGIA;78877326115;ANA PAULA CAVALIERI PONTES;03.09.2026;18:00;0;704702766835734;DAVI LUIS BRANDAO LUBAS;19.07.2018;08;98;TAINARA LISLE BRANDAO DA SILVA;RUA;BOAVENTURA FERREIRA ROSA;;485;CENTRO;79490000;(67)99876-6870 / (67)99934-0498;SAO GABRIEL DO OESTE;500769;SAO GABRIEL DO OESTE;500769;2370964;UNIDADE DE SAUDE DA FAMILIA III;M;01.09.2026;ANACLAUDIA_NOGUEIRA;01.09.2026;ANACLAUDIA_NOGUEIRA;10.00;PENDENTE;J343;;ALCIDES EDUARDO EIBEL
688418976;0299008;0301010072;CONSULTA EM CIRURGIA VASCULAR – GERAL;70808015087;CELIO HELEGDA;15.09.2026;17:50;0;702803672473565;AMELIA GNOATTO DE CHAVES;27.01.1944;82;992;ANGELA GNAOTTO;AVENIDA;SAO FRANCISCO;;1000;CENTRO;79490000;(67)3295-3960;SAO GABRIEL DO OESTE;500769;SAO GABRIEL DO OESTE;500769;6452116;CENTRO DE ESPECIALIDADES MEDICAS;F;01.09.2026;TAINA_CEM;02.09.2026;VANIA_MARIANO;10.00;PENDENTE;Z00;70808015087;CELIO HELEGDA
688419549;1314053;0204040124;PUNHO D (AP + LATERAL + OBLIQUA);59241284153;CLODOALDO DE AZEVEDO CARDOSO;04.09.2026;15:00;0;706709583495414;LUCAS EMANUEL BORGES FERREIRA;06.01.2014;12;153;JULIANA CRISTINA DE OLIVEIRA ESPIRITO SANTO;RUA;CAMBARÁ;CASA;587;SÃO CRISTOVÃO;79491186;(67)99957-2955;SAO GABRIEL DO OESTE;500769;SAO GABRIEL DO OESTE;500769;7002084;UNIDADE DE SAUDE DA FAMILIA IX;M;01.09.2026;FABIELY_MORAES;01.09.2026;FABIELY_MORAES;6.91;CONFIRMADO;Z000;01415181110;ANGELA BENITES
688419549;1314051;0204040019;ANTEBRACO D;59241284153;CLODOALDO DE AZEVEDO CARDOSO;04.09.2026;15:00;0;706709583495414;LUCAS EMANUEL BORGES FERREIRA;06.01.2014;12;153;JULIANA CRISTINA DE OLIVEIRA ESPIRITO SANTO;RUA;CAMBARÁ;CASA;587;SÃO CRISTOVÃO;79491186;(67)99957-2955;SAO GABRIEL DO OESTE;500769;SAO GABRIEL DO OESTE;500769;7002084;UNIDADE DE SAUDE DA FAMILIA IX;M;01.09.2026;FABIELY_MORAES;01.09.2026;FABIELY_MORAES;6.42;CONFIRMADO;Z000;01415181110;ANGELA BENITES
688419549;1314055;0204040094;MAO D (DUAS INCIDENCIAS);59241284153;CLODOALDO DE AZEVEDO CARDOSO;04.09.2026;15:00;0;706709583495414;LUCAS EMANUEL BORGES FERREIRA;06.01.2014;12;153;JULIANA CRISTINA DE OLIVEIRA ESPIRITO SANTO;RUA;CAMBARÁ;CASA;587;SÃO CRISTOVÃO;79491186;(67)99957-2955;SAO GABRIEL DO OESTE;500769;SAO GABRIEL DO OESTE;500769;7002084;UNIDADE DE SAUDE DA FAMILIA IX;M;01.09.2026;FABIELY_MORAES;01.09.2026;FABIELY_MORAES;6.30;CONFIRMADO;Z000;01415181110;ANGELA BENITES
688428708;1314110;0204030153;TORAX (PA + PERFIL) PRE-OPERATORIO;01320968112;MARCELO MARTINS ROCHA;01.09.2026;11:00;0;700505149252859;WALDEMAR BONES DA LUZ;13.07.1955;71;854;IRACEMA BONES DA LUZ;RUA;JOSE FERREIRA DA CUNHA;CASA;806;CENTRO;79490000;(67)9638-1865;SAO GABRIEL DO OESTE;500769;SAO GABRIEL DO OESTE;500769;6452116;CENTRO DE ESPECIALIDADES MEDICAS;M;01.09.2026;ARI_CEM;01.09.2026;ARI_CEM;9.50;CONFIRMADO;Z00;;MEDICO SUS
688449024;1314095;0204030153;TORAX (PA + PERFIL);59241284153;CLODOALDO DE AZEVEDO CARDOSO;02.09.2026;16:00;0;704302576369698;CAMILA DA SILVA DOS SANTOS;08.09.1989;37;444;MARIA APARECIDA DA SILVA;RUA;PAU TERRA;CASA;248;SAO CRISTOVAO;79490000;(67)9830-1268;SAO GABRIEL DO OESTE;500769;SAO GABRIEL DO OESTE;500769;7002084;UNIDADE DE SAUDE DA FAMILIA IX;F;01.09.2026;FABIELY_MORAES;01.09.2026;FABIELY_MORAES;9.50;CONFIRMADO;R53;96040653191;PAULO FENELON MARINHO
688467404;1314035;0204030072;COSTELAS P/ HEMITORAX E;59241284153;CLODOALDO DE AZEVEDO CARDOSO;01.09.2026;16:00;0;704505342048713;MAYSA CIDRAO ROSA;30.05.1965;61;736;EULINA ROSA CAXIAS;RUA;ACRE;CASA;863;COHAB I;79490000;(67)99967-4443;SAO GABRIEL DO OESTE;500769;SAO GABRIEL DO OESTE;500769;8176132;CASA ROSA;F;01.09.2026;ARIROSA;01.09.2026;ARIROSA;8.37;CONFIRMADO;Z00;;VANIA GOMES MARIANO 
688467404;1314034;0204030072;COSTELAS P/ HEMITORAX D;59241284153;CLODOALDO DE AZEVEDO CARDOSO;01.09.2026;16:00;0;704505342048713;MAYSA CIDRAO ROSA;30.05.1965;61;736;EULINA ROSA CAXIAS;RUA;ACRE;CASA;863;COHAB I;79490000;(67)99967-4443;SAO GABRIEL DO OESTE;500769;SAO GABRIEL DO OESTE;500769;8176132;CASA ROSA;F;01.09.2026;ARIROSA;01.09.2026;ARIROSA;8.37;CONFIRMADO;Z00;;VANIA GOMES MARIANO 
688513606;1314055;0204040094;MAO D (DUAS INCIDENCIAS);80089844149;ANA PAULA DOS SANTOS PEREIRA SILVANY;02.09.2026;07:00;0;706307717887178;ANA LIDIA CORREIA FURTUOSO DOMINGOS;25.01.2018;08;104;GRAZIELA CORREIA FURTUOSO DA SILVA;RUA;SANTA MARIA;CHACARA;4;MILANI;79492074;(67)99822-7336;SAO GABRIEL DO OESTE;500769;SAO GABRIEL DO OESTE;500769;2370972;UNIDADE DE SAUDE DA FAMILIA MILANE II;F;01.09.2026;FLAVIA_RODRIGUES;01.09.2026;FLAVIA_RODRIGUES;6.30;CONFIRMADO;E22;;STEPHANNO CONTIS
688513606;1314056;0204040094;MAO E (DUAS INCIDENCIAS);80089844149;ANA PAULA DOS SANTOS PEREIRA SILVANY;02.09.2026;07:00;0;706307717887178;ANA LIDIA CORREIA FURTUOSO DOMINGOS;25.01.2018;08;104;GRAZIELA CORREIA FURTUOSO DA SILVA;RUA;SANTA MARIA;CHACARA;4;MILANI;79492074;(67)99822-7336;SAO GABRIEL DO OESTE;500769;SAO GABRIEL DO OESTE;500769;2370972;UNIDADE DE SAUDE DA FAMILIA MILANE II;F;01.09.2026;FLAVIA_RODRIGUES;01.09.2026;FLAVIA_RODRIGUES;6.30;CONFIRMADO;E22;;STEPHANNO CONTIS
688541854;1314054;0204040124;PUNHO E (AP + LATERAL + OBLIQUA);80089844149;ANA PAULA DOS SANTOS PEREIRA SILVANY;02.09.2026;07:00;0;702605201765845;MARIA DE FATIMA DA SILVA PEREIRA;27.12.1974;51;621;NOEMIA PRATES DA SILVA;RUA;CURIO;;1581;JARDIM GRAMADO;79490000;(67)9673-1786;SAO GABRIEL DO OESTE;500769;SAO GABRIEL DO OESTE;500769;5971055;UNIDADE DE SAUDE DA FAMILIA VIII;F;01.09.2026;JESSICAPADILHA;01.09.2026;JESSICAPADILHA;6.91;CONFIRMADO;Z000;04805244160;RENNAN ORTIZ BUENO
688541854;1314125;0204040094;RADIOGRAFIA PANORAMICA DE MAO E;80089844149;ANA PAULA DOS SANTOS PEREIRA SILVANY;02.09.2026;07:00;0;702605201765845;MARIA DE FATIMA DA SILVA PEREIRA;27.12.1974;51;621;NOEMIA PRATES DA SILVA;RUA;CURIO;;1581;JARDIM GRAMADO;79490000;(67)9673-1786;SAO GABRIEL DO OESTE;500769;SAO GABRIEL DO OESTE;500769;5971055;UNIDADE DE SAUDE DA FAMILIA VIII;F;01.09.2026;JESSICAPADILHA;01.09.2026;JESSICAPADILHA;6.30;CONFIRMADO;Z000;04805244160;RENNAN ORTIZ BUENO
688546178;1314095;0204030153;TORAX (PA + PERFIL);59241284153;CLODOALDO DE AZEVEDO CARDOSO;08.09.2026;16:00;0;704107177926174;MAIRA CRISTINA RIBEIRO VIEIRA CARDOSO;29.04.1974;52;629;MADALENA RIBEIRO DE SOUZA VIEIRA;RUA;RIO DE JANEIRO;;2129;CENTRO;79490000;(67)9963-6834;SAO GABRIEL DO OESTE;500769;SAO GABRIEL DO OESTE;500769;6452116;CENTRO DE ESPECIALIDADES MEDICAS;F;01.09.2026;TAINA_CEM;01.09.2026;TAINA_CEM;9.50;CONFIRMADO;Z00;;JAIRO COLEONE QUINELATO
688565415;1314110;0204030153;TORAX (PA + PERFIL) PRE-OPERATORIO;80089844149;ANA PAULA DOS SANTOS PEREIRA SILVANY;03.09.2026;07:00;0;704006320965662;ANDREIA CRISTINA VITORINO DAS NEVES SILVA;11.09.1982;44;528;MARIA APARECIDA VITORINO DAS NEVES;RUA;PELICANOS;;626;JARDIM GRAMADO;79490000;(67)9903-1219;SAO GABRIEL DO OESTE;500769;SAO GABRIEL DO OESTE;500769;2370980;UNIDADE DE SAUDE DA FAMILIA JARDIM GRAMADO I;F;01.09.2026;ELISANGELA_UNIDADEI;01.09.2026;ELISANGELA_UNIDADEI;9.50;CONFIRMADO;Z000;;ALCIDES EDUARDO EIBEL
688571744;1314121;0204060095;RADIOGRAFIA PANORAMICA DE BACIA;59241284153;CLODOALDO DE AZEVEDO CARDOSO;02.09.2026;16:00;0;700501568936850;LUCIA HAINASKI DO CARMO;19.01.1962;64;776;TEREZA HAINASKI DO CARMO;RUA;ANGICO;CASA;725;SÃO CRISTOVÃO;79491188;(67)99640-2765 / (67)99984-1578;SAO GABRIEL DO OESTE;500769;SAO GABRIEL DO OESTE;500769;7002084;UNIDADE DE SAUDE DA FAMILIA IX;F;01.09.2026;FABIELY_MORAES;01.09.2026;FABIELY_MORAES;7.77;CONFIRMADO;M545;;ROMULO TAFURI
688571744;1314118;0204020069;COLUNA LOMBAR (AP + PERFIL);59241284153;CLODOALDO DE AZEVEDO CARDOSO;02.09.2026;16:00;0;700501568936850;LUCIA HAINASKI DO CARMO;19.01.1962;64;776;TEREZA HAINASKI DO CARMO;RUA;ANGICO;CASA;725;SÃO CRISTOVÃO;79491188;(67)99640-2765 / (67)99984-1578;SAO GABRIEL DO OESTE;500769;SAO GABRIEL DO OESTE;500769;7002084;UNIDADE DE SAUDE DA FAMILIA IX;F;01.09.2026;FABIELY_MORAES;01.09.2026;FABIELY_MORAES;10.96;CONFIRMADO;M545;;ROMULO TAFURI
688572198;1314118;0204020069;COLUNA LOMBAR (AP + PERFIL);80089844149;ANA PAULA DOS SANTOS PEREIRA SILVANY;14.09.2026;07:00;0;706402111172987;JOVELINA XIMENES DE OLIVEIRA;13.01.1972;54;656;EDIR XIMENES DE OLIVEIRA;RUA;PELICANOS;;158;JARDIM GRAMADO;79490000;(67)9957-7902;SAO GABRIEL DO OESTE;500769;SAO GABRIEL DO OESTE;500769;6452116;CENTRO DE ESPECIALIDADES MEDICAS;F;01.09.2026;TAINA_CEM;01.09.2026;TAINA_CEM;10.96;PENDENTE;Z00;26914095892;FABRICIO BARBOSA MUNIZ
688572198;1314062;0204060095;BACIA;80089844149;ANA PAULA DOS SANTOS PEREIRA SILVANY;14.09.2026;07:00;0;706402111172987;JOVELINA XIMENES DE OLIVEIRA;13.01.1972;54;656;EDIR XIMENES DE OLIVEIRA;RUA;PELICANOS;;158;JARDIM GRAMADO;79490000;(67)9957-7902;SAO GABRIEL DO OESTE;500769;SAO GABRIEL DO OESTE;500769;6452116;CENTRO DE ESPECIALIDADES MEDICAS;F;01.09.2026;TAINA_CEM;01.09.2026;TAINA_CEM;7.77;PENDENTE;Z00;26914095892;FABRICIO BARBOSA MUNIZ
688581180;1314077;0204060168;PERNA E;87751593172;CRISTIANE DE SOUZA PEREIRA;02.09.2026;21:00;0;707605266839992;PEDRO DAVI BARIA SILVA;25.08.2025;01;13;ASHELEY SILVA COSTA;RUA;DAS CURRUIRAS;;1273;JARDIM GRAMADO;79491014;(67)99885-9528;SAO GABRIEL DO OESTE;500769;SAO GABRIEL DO OESTE;500769;6452116;CENTRO DE ESPECIALIDADES MEDICAS;M;01.09.2026;TAINA_CEM;01.09.2026;TAINA_CEM;8.94;PENDENTE;S82;93393539191;RODOLFO FABIANO NIZ BAREIRO
688585354;1314118;0204020069;COLUNA LOMBAR (AP + PERFIL);59241284153;CLODOALDO DE AZEVEDO CARDOSO;02.09.2026;16:00;0;700004060521501;CLAUDIA FRANCISCA DA SILVA;07.09.1983;43;516;GENY FRANCISCA DA SILVA;RUA;ANGICO;;399;SÃO CRISTOVÃO;79490000;(66)99635-0910;SAO GABRIEL DO OESTE;500769;SAO GABRIEL DO OESTE;500769;7002084;UNIDADE DE SAUDE DA FAMILIA IX;F;01.09.2026;FABIELY_MORAES;01.09.2026;FABIELY_MORAES;10.96;CONFIRMADO;Z000;;FABRICIO BARBOSA MUNIZ
688585354;1314062;0204060095;BACIA;59241284153;CLODOALDO DE AZEVEDO CARDOSO;02.09.2026;16:00;0;700004060521501;CLAUDIA FRANCISCA DA SILVA;07.09.1983;43;516;GENY FRANCISCA DA SILVA;RUA;ANGICO;;399;SÃO CRISTOVÃO;79490000;(66)99635-0910;SAO GABRIEL DO OESTE;500769;SAO GABRIEL DO OESTE;500769;7002084;UNIDADE DE SAUDE DA FAMILIA IX;F;01.09.2026;FABIELY_MORAES;01.09.2026;FABIELY_MORAES;7.77;CONFIRMADO;Z000;;FABRICIO BARBOSA MUNIZ
688595245;1314095;0204030153;TORAX (PA + PERFIL);59241284153;CLODOALDO DE AZEVEDO CARDOSO;02.09.2026;16:00;0;704705711511433;GRACIELLI PIRES MOREIRA;07.03.1986;40;486;EDILEUZA VENTURA PIRES;RUA;ANGICO;;766;FLOR DO CERRADO;79490000;(67)9964-6912;SAO GABRIEL DO OESTE;500769;SAO GABRIEL DO OESTE;500769;6354265;CENTRAL DE REGULACAO DE SAO GABRIEL DO OESTE;F;01.09.2026;CLEIDIANE_REGULADOR;01.09.2026;CLEIDIANE_REGULADOR;9.50;CONFIRMADO;C50;;JAIRO COLEONE QUINELATO
688615270;1314095;0204030153;TORAX (PA + PERFIL);01320968112;MARCELO MARTINS ROCHA;02.09.2026;11:00;0;703000818568274;DOUGLAS CANDIDO DA SILVA;07.03.1977;49;594;CREUSA TENORIO DA SILVA;FAZENDA;CAPÃO ALTO;;S/N;AREA RURAL DE SAO GABRIEL DO OESTE;79493899;(67)99815-1415;SAO GABRIEL DO OESTE;500769;SAO GABRIEL DO OESTE;500769;3400964;UNIDADE DE SAUDE DA FAMILIA RURAL VII;M;02.09.2026;DULCINEIA_MOCCELIN;02.09.2026;DULCINEIA_MOCCELIN;9.50;CONFIRMADO;Z48;02453491113;MILENA GUEDIN VARGAS
688620529;1314093;0204030170;TORAX (PA);80089844149;ANA PAULA DOS SANTOS PEREIRA SILVANY;03.09.2026;07:00;0;702008808150586;ANA RUBIA VAZ FERREIRA DOS SANTOS;14.12.2010;15;189;CLAUDICIANE APARECIDA VAZ DOS SANTOS;RUA;DIONISIO MOSCON;;2026;PRIMO MAFFISSONI;79490000;(67)99665-9207;SAO GABRIEL DO OESTE;500769;SAO GABRIEL DO OESTE;500769;6452116;CENTRO DE ESPECIALIDADES MEDICAS;F;02.09.2026;ANDREIA_CEM;02.09.2026;ANDREIA_CEM;6.88;CONFIRMADO;Z016;;CLEDSON
688625175;1314062;0204060095;BACIA;80089844149;ANA PAULA DOS SANTOS PEREIRA SILVANY;04.09.2026;07:00;0;705004836343351;ELIANE MASCARELLO MATOS;26.12.1985;40;489;IVANETE MASCARELLO MATOS;RUA;IGNES BARATIERE RIZZO;;381;JARDIM PRIMAVERA;79490128;(67)99645-9233;SAO GABRIEL DO OESTE;500769;SAO GABRIEL DO OESTE;500769;6452116;CENTRO DE ESPECIALIDADES MEDICAS;F;02.09.2026;TAINA_CEM;02.09.2026;TAINA_CEM;7.77;CONFIRMADO;M760;06302616603;ROMULO AMARAL TAFURI
688625175;1314066;0204060060;ARTICULACAO COXO-FEMORAL D;80089844149;ANA PAULA DOS SANTOS PEREIRA SILVANY;04.09.2026;07:00;0;705004836343351;ELIANE MASCARELLO MATOS;26.12.1985;40;489;IVANETE MASCARELLO MATOS;RUA;IGNES BARATIERE RIZZO;;381;JARDIM PRIMAVERA;79490128;(67)99645-9233;SAO GABRIEL DO OESTE;500769;SAO GABRIEL DO OESTE;500769;6452116;CENTRO DE ESPECIALIDADES MEDICAS;F;02.09.2026;TAINA_CEM;02.09.2026;TAINA_CEM;7.77;CONFIRMADO;M760;06302616603;ROMULO AMARAL TAFURI
688630797;1314071;0204060125;JOELHO E (AP + LATERAL);01320968112;MARCELO MARTINS ROCHA;02.09.2026;11:00;0;700501391679857;MARIA LUIZA SOUZA CAMARGO;14.04.2010;16;197;VIVIAN DE SOUZA XAVIER;RUA;SÃO JORGE;CASA 23;145;JARDIM PRIMAVERA;79490164;(67)99684-5540;SAO GABRIEL DO OESTE;500769;SAO GABRIEL DO OESTE;500769;2370964;UNIDADE DE SAUDE DA FAMILIA III;F;02.09.2026;ANACLAUDIA_NOGUEIRA;02.09.2026;ANACLAUDIA_NOGUEIRA;6.78;CONFIRMADO;M255;02611833974;HUDSON PERES DORIGAO BELISARIO DE SOUZA
688630797;1314070;0204060125;JOELHO D (AP + LATERAL);01320968112;MARCELO MARTINS ROCHA;02.09.2026;11:00;0;700501391679857;MARIA LUIZA SOUZA CAMARGO;14.04.2010;16;197;VIVIAN DE SOUZA XAVIER;RUA;SÃO JORGE;CASA 23;145;JARDIM PRIMAVERA;79490164;(67)99684-5540;SAO GABRIEL DO OESTE;500769;SAO GABRIEL DO OESTE;500769;2370964;UNIDADE DE SAUDE DA FAMILIA III;F;02.09.2026;ANACLAUDIA_NOGUEIRA;02.09.2026;ANACLAUDIA_NOGUEIRA;6.78;CONFIRMADO;M255;02611833974;HUDSON PERES DORIGAO BELISARIO DE SOUZA
688661431;1314071;0204060125;JOELHO E (AP + LATERAL);87751593172;CRISTIANE DE SOUZA PEREIRA;02.09.2026;21:00;0;706205089025063;MARI YASMIN TEIXEIRA DOURADO;09.03.2009;17;210;FERNANDA DOS SANTOS TEIXEIRA;RUA;AZULAO 1073/99998;;1466;FENIX;79491104;(67)99826-7421 / (67)99864-0917;SAO GABRIEL DO OESTE;500769;SAO GABRIEL DO OESTE;500769;7002084;UNIDADE DE SAUDE DA FAMILIA IX;F;02.09.2026;FABIELY_MORAES;02.09.2026;FABIELY_MORAES;6.78;CONFIRMADO;M255;96040653191;PAULO FENELON MARINHO
688663756;1314095;0204030153;TORAX (PA + PERFIL);01320968112;MARCELO MARTINS ROCHA;02.09.2026;11:00;0;705003886958952;GABRIELY JUSTINO FRANCO MARTINS;26.09.2002;24;288;KEILA FERNANDES JUSTINO FRANCO;FAZENDA;ARCO IRIS;;S/N;AREA RURAL DE SAO GABRIEL DO OESTE;79493899;(67)99141-2638;SAO GABRIEL DO OESTE;500769;SAO GABRIEL DO OESTE;500769;3400964;UNIDADE DE SAUDE DA FAMILIA RURAL VII;F;02.09.2026;DULCINEIA_MOCCELIN;02.09.2026;DULCINEIA_MOCCELIN;9.50;CONFIRMADO;Z48;02453491113;MILENA GUEDIN VARGAS
688666254;1314076;0204060168;PERNA D;80089844149;ANA PAULA DOS SANTOS PEREIRA SILVANY;14.09.2026;07:00;0;706805200799224;TATIANA RODRIGUES;30.08.1995;31;373;OLGA MARIA RODRIGUES;RUA;DAS PERDIZES 965/99998;N 1156;S/N;SAO CRISTOVAO;79491192;(67)99645-2750;SAO GABRIEL DO OESTE;500769;SAO GABRIEL DO OESTE;500769;6452116;CENTRO DE ESPECIALIDADES MEDICAS;F;02.09.2026;TAINA_CEM;02.09.2026;TAINA_CEM;8.94;PENDENTE;Z00;00530001101;BRUNO PETINARI UMBELINO
688666254;1314078;0204060087;ARTICULACAO TIBIO-TARSICA (TORNOZELO) D;80089844149;ANA PAULA DOS SANTOS PEREIRA SILVANY;14.09.2026;07:00;0;706805200799224;TATIANA RODRIGUES;30.08.1995;31;373;OLGA MARIA RODRIGUES;RUA;DAS PERDIZES 965/99998;N 1156;S/N;SAO CRISTOVAO;79491192;(67)99645-2750;SAO GABRIEL DO OESTE;500769;SAO GABRIEL DO OESTE;500769;6452116;CENTRO DE ESPECIALIDADES MEDICAS;F;02.09.2026;TAINA_CEM;02.09.2026;TAINA_CEM;6.50;PENDENTE;Z00;00530001101;BRUNO PETINARI UMBELINO
688688871;1314078;0204060087;ARTICULACAO TIBIO-TARSICA (TORNOZELO) D;80089844149;ANA PAULA DOS SANTOS PEREIRA SILVANY;21.09.2026;07:00;0;704003816661766;MARIA EDUARDA LIMA DE OLIVEIRA;18.04.2011;15;185;ROSANGELA VELOSO DE LIMA;RUA;DAS GAIVOTAS;;1100;JARDIM GRAMADO;79491018;(67)99607-6619;SAO GABRIEL DO OESTE;500769;SAO GABRIEL DO OESTE;500769;6452116;CENTRO DE ESPECIALIDADES MEDICAS;F;02.09.2026;TAINA_CEM;02.09.2026;TAINA_CEM;6.50;CONFIRMADO;S826;00468987193;ARTHUR MARTINS DE ALMEIDA
688688871;1314076;0204060168;PERNA D;80089844149;ANA PAULA DOS SANTOS PEREIRA SILVANY;21.09.2026;07:00;0;704003816661766;MARIA EDUARDA LIMA DE OLIVEIRA;18.04.2011;15;185;ROSANGELA VELOSO DE LIMA;RUA;DAS GAIVOTAS;;1100;JARDIM GRAMADO;79491018;(67)99607-6619;SAO GABRIEL DO OESTE;500769;SAO GABRIEL DO OESTE;500769;6452116;CENTRO DE ESPECIALIDADES MEDICAS;F;02.09.2026;TAINA_CEM;02.09.2026;TAINA_CEM;8.94;CONFIRMADO;S826;00468987193;ARTHUR MARTINS DE ALMEIDA
688694241;0282063;0301010072;CONSULTA EM OTORRINOLARINGOLOGIA;78877326115;ANA PAULA CAVALIERI PONTES;17.09.2026;18:00;0;702106704276793;LOURENCO SIQUEIRA;10.08.1965;61;733;SERVINA FELIZARDA SIQUEIRA;RUA;AMAZONAS;;2547;JARDIM PRIMAVERA;79490000;(67)99922-5944;SAO GABRIEL DO OESTE;500769;SAO GABRIEL DO OESTE;500769;6452116;CENTRO DE ESPECIALIDADES MEDICAS;M;02.09.2026;TAINA_CEM;02.09.2026;TAINA_CEM;10.00;PENDENTE;R42;98260570106;CLAUDIA REGINA DUARTE CAZZOLATO KHALIL
688703758;1314095;0204030153;TORAX (PA + PERFIL);59241284153;CLODOALDO DE AZEVEDO CARDOSO;03.09.2026;16:00;0;704103103563279;GERALDO DOS PRAZERES SOARES;24.07.1957;69;830;FRANCISCA DOS PRAZERES SOARES;RUA;GARÇAS;;555;FÊNIX;79491060;(49)99913-6035;SAO GABRIEL DO OESTE;500769;SAO GABRIEL DO OESTE;500769;2370999;UNIDADE DE SAUDE DA FAMILIA FENIX IV;M;02.09.2026;GUSTAVO_PIAIA;02.09.2026;GUSTAVO_PIAIA;9.50;CONFIRMADO;Z10;96245646120;RAFAELLA MARIA COSTA GOIS DE FIGUEIREDO
688707600;1314074;0204060141;JOELHO / ROTULA D (AP + LATERAL + OBLIQUAS + 3 AXIAIS);01320968112;MARCELO MARTINS ROCHA;08.09.2026;11:00;0;708104515527834;ALZIRA MARIA DE SOUZA;28.02.1968;58;703;DUVIRGE MARIA DE SOUZA;FAZENDA;VÔ NENEGO;;S/N;RURAL;79490000;(67)99975-5145;SAO GABRIEL DO OESTE;500769;SAO GABRIEL DO OESTE;500769;6452116;CENTRO DE ESPECIALIDADES MEDICAS;F;02.09.2026;TAINA_CEM;02.09.2026;TAINA_CEM;9.29;CONFIRMADO;M179;32389571808;RODOLFO PELISSARI ZAMBOLIN
688743527;1314067;0204060060;ARTICULACAO COXO-FEMORAL E;59241284153;CLODOALDO DE AZEVEDO CARDOSO;09.09.2026;16:00;0;703202654565596;MARIZETE DA SILVA DIVINO;06.06.1984;42;508;MARIA DA SILVA DIVINO;RUA;TANGARA;;347;FÊNIX;79490000;(67)99948-5904 / (67)99948-5904;SAO GABRIEL DO OESTE;500769;SAO GABRIEL DO OESTE;500769;7002084;UNIDADE DE SAUDE DA FAMILIA IX;F;02.09.2026;FABIELY_MORAES;02.09.2026;FABIELY_MORAES;7.77;CONFIRMADO;Z540;;ROMULO TAFURI
688743527;1314062;0204060095;BACIA;59241284153;CLODOALDO DE AZEVEDO CARDOSO;09.09.2026;16:00;0;703202654565596;MARIZETE DA SILVA DIVINO;06.06.1984;42;508;MARIA DA SILVA DIVINO;RUA;TANGARA;;347;FÊNIX;79490000;(67)99948-5904 / (67)99948-5904;SAO GABRIEL DO OESTE;500769;SAO GABRIEL DO OESTE;500769;7002084;UNIDADE DE SAUDE DA FAMILIA IX;F;02.09.2026;FABIELY_MORAES;02.09.2026;FABIELY_MORAES;7.77;CONFIRMADO;Z540;;ROMULO TAFURI
688743527;1314066;0204060060;ARTICULACAO COXO-FEMORAL D;59241284153;CLODOALDO DE AZEVEDO CARDOSO;09.09.2026;16:00;0;703202654565596;MARIZETE DA SILVA DIVINO;06.06.1984;42;508;MARIA DA SILVA DIVINO;RUA;TANGARA;;347;FÊNIX;79490000;(67)99948-5904 / (67)99948-5904;SAO GABRIEL DO OESTE;500769;SAO GABRIEL DO OESTE;500769;7002084;UNIDADE DE SAUDE DA FAMILIA IX;F;02.09.2026;FABIELY_MORAES;02.09.2026;FABIELY_MORAES;7.77;CONFIRMADO;Z540;;ROMULO TAFURI
688801119;1314123;0204060150;RADIOGRAFIA PANORAMICA DE PE / DEDOS DO PE;80089844149;ANA PAULA DOS SANTOS PEREIRA SILVANY;04.09.2026;07:00;0;701001807790498;ROSELI DA SILVA CAVALLI;28.10.1975;50;611;MARIA SERITA DA SILVA;AVENIDA;SÃO FARNCISCO;;2147;CENTRO;79490000;(67)99962-7040;SAO GABRIEL DO OESTE;500769;SAO GABRIEL DO OESTE;500769;2599376;UNIDADE DE SAUDE DA FAMILIA VI;F;02.09.2026;MARIANA_MARTINS;02.09.2026;MARIANA_MARTINS;6.78;CONFIRMADO;S90;06437691107;MAIARA FLORES SCARIOT
688801119;1314082;0204060150;PE D;80089844149;ANA PAULA DOS SANTOS PEREIRA SILVANY;04.09.2026;07:00;0;701001807790498;ROSELI DA SILVA CAVALLI;28.10.1975;50;611;MARIA SERITA DA SILVA;AVENIDA;SÃO FARNCISCO;;2147;CENTRO;79490000;(67)99962-7040;SAO GABRIEL DO OESTE;500769;SAO GABRIEL DO OESTE;500769;2599376;UNIDADE DE SAUDE DA FAMILIA VI;F;02.09.2026;MARIANA_MARTINS;02.09.2026;MARIANA_MARTINS;6.78;CONFIRMADO;S90;06437691107;MAIARA FLORES SCARIOT
688807056;1314081;0204060109;CALCANEO E;80089844149;ANA PAULA DOS SANTOS PEREIRA SILVANY;25.09.2026;07:00;0;706303755887771;JOSE EMIDIO DE SOUZA;08.09.1954;72;864;IDALINA SASSO GONCALVES;RUA;RONDONIA;;763;COHAB I;79490000;;SAO GABRIEL DO OESTE;500769;SAO GABRIEL DO OESTE;500769;2591359;UNIDADE DE SAUDE DA FAMILIA V;M;02.09.2026;CHRISTIANEHELEN_FREITAS;02.09.2026;CHRISTIANEHELEN_FREITAS;6.50;CONFIRMADO;M773;04796956107;JULIANA DA ROCHA PEREIRA MENEZES
688816292;1314082;0204060150;PE D;80089844149;ANA PAULA DOS SANTOS PEREIRA SILVANY;08.09.2026;07:00;0;705307461711590;MARIA JULIA CORREA VITAL;21.08.2016;10;121;KAROLAYNE GONCALVES VITAL;RUA;JORGE AMADO;CASA;798;PRIMO MAFFISSONI;79490278;(67)99813-2139 / (67)99996-9905;SAO GABRIEL DO OESTE;500769;SAO GABRIEL DO OESTE;500769;6452116;CENTRO DE ESPECIALIDADES MEDICAS;F;02.09.2026;TAINA_CEM;02.09.2026;TAINA_CEM;6.78;CONFIRMADO;Z00;00468987193;ARTHUR MARTINS DE ALMEIDA
688817182;1314071;0204060125;JOELHO E (AP + LATERAL);80089844149;ANA PAULA DOS SANTOS PEREIRA SILVANY;03.09.2026;07:00;0;704000309736266;GILVANA MARIA GOMES;19.11.1962;63;766;ANA MARIA GOMES;RUA;EUGENIO FERREIRA DA CUNHA 1/1199;;207;AMABILE MAFFISSONI;79490074;(67)98164-9908;SAO GABRIEL DO OESTE;500769;SAO GABRIEL DO OESTE;500769;2370964;UNIDADE DE SAUDE DA FAMILIA III;F;02.09.2026;ANACLAUDIA_NOGUEIRA;02.09.2026;ANACLAUDIA_NOGUEIRA;6.78;CONFIRMADO;S810;02611833974;HUDSON PERES DORIGAO BELISARIO DE SOUZA
688818650;0282063;0301010072;CONSULTA EM OTORRINOLARINGOLOGIA;78877326115;ANA PAULA CAVALIERI PONTES;10.09.2026;18:00;0;702105887070870;MARIA ALICE GOMES DOS SANTOS;06.09.2022;04;49;LAIS DORCELINO GOMES VILA;RUA;TANGARA;;334;FENIX;79490000;(67)99842-4617;SAO GABRIEL DO OESTE;500769;SAO GABRIEL DO OESTE;500769;6452116;CENTRO DE ESPECIALIDADES MEDICAS;F;02.09.2026;TAINA_CEM;02.09.2026;VANIA_MARIANO;10.00;PENDENTE;Q878;;CLODOALDO SABINO
688827636;1314051;0204040019;ANTEBRACO D;87751593172;CRISTIANE DE SOUZA PEREIRA;02.09.2026;21:00;0;707707663696110;ANA CAROLINA SANTOS TRINDADE;14.03.2012;14;174;VALERIA DOS SANTOS;RUA;BAHIA;;2970;AMABILE MAFFISSONI;79490106;(67)99917-3113;SAO GABRIEL DO OESTE;500769;SAO GABRIEL DO OESTE;500769;6452116;CENTRO DE ESPECIALIDADES MEDICAS;F;02.09.2026;TAINA_CEM;02.09.2026;TAINA_CEM;6.42;CONFIRMADO;S51;;HUDSON PERES DE SOUZA
688835857;1314105;0204050138;ABDOMEN SIMPLES (AP);87751593172;CRISTIANE DE SOUZA PEREIRA;25.09.2026;15:00;0;702801657431561;DAVI LUCAS LOPES NOGUEIRA;07.12.2021;04;57;ADRIANA APARECIDA LOPES DE ALMEIDA;FAZENDA;VITORIA;;S/N;RURAL;79490000;(67)99632-8250;SAO GABRIEL DO OESTE;500769;SAO GABRIEL DO OESTE;500769;8176132;CASA ROSA;M;02.09.2026;ARIROSA;02.09.2026;ARIROSA;7.17;CONFIRMADO;Z00;57255873120;CLODOALDO SABINO DA SILVA
688856100;0282063;0301010072;CONSULTA EM OTORRINOLARINGOLOGIA;78877326115;ANA PAULA CAVALIERI PONTES;10.09.2026;18:00;0;708200665324047;MARCILIO DE ARRUDA BARBOSA;26.04.1984;42;509;MARIA JOSE DE ARRUDA BARBOSA;RUA;QUERO-QUERO;;476;FÊNIX;79491058;(67)99918-4697 / (67)99800-0024;SAO GABRIEL DO OESTE;500769;SAO GABRIEL DO OESTE;500769;2370999;UNIDADE DE SAUDE DA FAMILIA FENIX IV;M;02.09.2026;GUSTAVO_PIAIA;02.09.2026;GUSTAVO_PIAIA;10.00;PENDENTE;J35;00703866176;ALCIDES EDUARDO EIBEL
688864784;1314123;0204060150;RADIOGRAFIA PANORAMICA DE PE / DEDOS DO PE;87751593172;CRISTIANE DE SOUZA PEREIRA;03.09.2026;21:00;0;706003388512543;SILMARA LUZIA SCARIOT;06.03.1980;46;559;MARIA DE FATIMA SCARIOT;RUA;SANTO ANGELO;;397;MILANI;79492092;(67)99936-0744;SAO GABRIEL DO OESTE;500769;SAO GABRIEL DO OESTE;500769;6452116;CENTRO DE ESPECIALIDADES MEDICAS;F;02.09.2026;TAINA_CEM;02.09.2026;TAINA_CEM;6.78;CONFIRMADO;S925;06302616603;ROMULO AMARAL TAFURI
688868309;1314124;0204040094;RADIOGRAFIA PANORAMICA DE MAO D;59241284153;CLODOALDO DE AZEVEDO CARDOSO;14.09.2026;16:00;0;706308736164276;FELIPE INACIO DE SOUZA PAES;13.06.2010;16;195;ANA CLAUDIA INACIO DA SILVA PAES;RUA;SAO JORGE;CASA 27;215;JARDIM PRIMAVERA;79490164;(67)99873-8313;SAO GABRIEL DO OESTE;500769;SAO GABRIEL DO OESTE;500769;2370964;UNIDADE DE SAUDE DA FAMILIA III;M;02.09.2026;ANACLAUDIA_NOGUEIRA;02.09.2026;ANACLAUDIA_NOGUEIRA;6.30;PENDENTE;Z000;;ROGERIO PADOVANI T
688869817;1314125;0204040094;RADIOGRAFIA PANORAMICA DE MAO E;59241284153;CLODOALDO DE AZEVEDO CARDOSO;09.09.2026;16:00;0;706308736164276;FELIPE INACIO DE SOUZA PAES;13.06.2010;16;195;ANA CLAUDIA INACIO DA SILVA PAES;RUA;SAO JORGE;CASA 27;215;JARDIM PRIMAVERA;79490164;(67)99873-8313;SAO GABRIEL DO OESTE;500769;SAO GABRIEL DO OESTE;500769;6452116;CENTRO DE ESPECIALIDADES MEDICAS;M;02.09.2026;TAINA_CEM;02.09.2026;TAINA_CEM;6.30;CONFIRMADO;M255;89074033172;ROGERIO PADOVANI TOFFOLI
688904801;1314095;0204030153;TORAX (PA + PERFIL);80089844149;ANA PAULA DOS SANTOS PEREIRA SILVANY;10.09.2026;07:00;0;706906173289739;RUTH CANDIDO DA SILVA;03.01.2000;26;321;NEUCELIA DA SILVA;FAZENDA;TAQUARUSSU;;S/N;RURAL;79490000;(67)99645-8122;SAO GABRIEL DO OESTE;500769;SAO GABRIEL DO OESTE;500769;6452116;CENTRO DE ESPECIALIDADES MEDICAS;F;03.09.2026;ANDREIA_CEM;03.09.2026;ANDREIA_CEM;9.50;CONFIRMADO;Z016;48047740172;EVA WILMA ABDO DOS SANTOS GUIMARAES
688943019;1314118;0204020069;COLUNA LOMBAR (AP + PERFIL);01320968112;MARCELO MARTINS ROCHA;08.09.2026;11:00;0;706500370611593;MAURICIO MIRANDA DA SILVA;03.06.2007;19;232;SAMARA CECILIA DE SOUSA MIRANDA;RUA;MARTIMINIANO ALVES DIAS;CASA;324;CAPAO REDONDO;79490000;(67)99900-5692;SAO GABRIEL DO OESTE;500769;SAO GABRIEL DO OESTE;500769;7333218;UNIDADE DE SAUDE DA FAMILIA X;M;03.09.2026;RAISSASILVALIMA;03.09.2026;RAISSASILVALIMA;10.96;PENDENTE;M545;63805480172;CLEDSON PERETTI
688951732;1314055;0204040094;MAO D (DUAS INCIDENCIAS);01320968112;MARCELO MARTINS ROCHA;03.09.2026;11:00;0;704802529949247;GEOVANNY BORGES FERREIRA;28.07.2005;21;254;SOLANGE APARECIDA BORGES;RUA;8 DE ABRIL;CASA 1;1399;FÊNIX;79491114;(67)99108-0855 / (67)99621-0571;SAO GABRIEL DO OESTE;500769;SAO GABRIEL DO OESTE;500769;6452116;CENTRO DE ESPECIALIDADES MEDICAS;M;03.09.2026;TAINA_CEM;03.09.2026;TAINA_CEM;6.30;CONFIRMADO;Z00;;VANIA GOMES MARIANO
688977478;1314095;0204030153;TORAX (PA + PERFIL);59241284153;CLODOALDO DE AZEVEDO CARDOSO;03.09.2026;16:00;0;700706909985476;NATALIA HENRIQUE DA SILVA;04.12.1952;73;886;ANGELITA HENRIQUE DA SILVA;AREA;LATERAL DA KASPER;ASSENTAMENTO C;16;AREA RURAL DE SAO GABRIEL DO OESTE;79493899;(67)99802-6783;SAO GABRIEL DO OESTE;500769;SAO GABRIEL DO OESTE;500769;3400964;UNIDADE DE SAUDE DA FAMILIA RURAL VII;F;03.09.2026;ANDRIELI_BARBOSA;03.09.2026;ANDRIELI_BARBOSA;9.50;CONFIRMADO;R05;;JOAO BAPTISTA BARBOSA SOUZA
688988373;1314055;0204040094;MAO D (DUAS INCIDENCIAS);87751593172;CRISTIANE DE SOUZA PEREIRA;04.09.2026;19:00;0;704204734015886;SOPHIA DOS SANTOS RITH;04.06.2016;10;124;SABRINA DOS SANTOS;RUA;CEREJEIRAS;;533;JARDIM GRAMADO;79490000;(67)99658-7763;SAO GABRIEL DO OESTE;500769;SAO GABRIEL DO OESTE;500769;5971055;UNIDADE DE SAUDE DA FAMILIA VIII;F;03.09.2026;MARTAFERNANDES_ABREU;03.09.2026;MARTAFERNANDES_ABREU;6.30;CONFIRMADO;Z016;;ROMULO TAFURI
689037968;1314095;0204030153;TORAX (PA + PERFIL);87751593172;CRISTIANE DE SOUZA PEREIRA;04.09.2026;19:00;0;702802138699262;NICOLAS CARDOSO DOS SANTOS;10.09.1997;29;348;NILCEIA NANDI CARDOSO;AVENIDA;DOM PEDRO 1;;497;AMABILI MAFISIONE;79490000;(61)3315-2425;SAO GABRIEL DO OESTE;500769;SAO GABRIEL DO OESTE;500769;3400964;UNIDADE DE SAUDE DA FAMILIA RURAL VII;M;03.09.2026;ANDRIELI_BARBOSA;03.09.2026;ANDRIELI_BARBOSA;9.50;CONFIRMADO;R05;;JOAO BAPTISTA BARBOSA SOUZA
689071778;1314123;0204060150;RADIOGRAFIA PANORAMICA DE PE / DEDOS DO PE;59241284153;CLODOALDO DE AZEVEDO CARDOSO;04.09.2026;15:00;0;700909935755998;ALESSANDRA MARIA GIACOMINI;11.04.1986;40;485;EVA MARIA GIACOMINI;RUA;ALAGOAS;CASA;1915;CENTRO;79490000;(67)9839-7074;SAO GABRIEL DO OESTE;500769;SAO GABRIEL DO OESTE;500769;6452116;CENTRO DE ESPECIALIDADES MEDICAS;F;03.09.2026;TAINA_CEM;03.09.2026;TAINA_CEM;6.78;CONFIRMADO;S925;00468987193;ARTHUR MARTINS DE ALMEIDA
689077342;1314049;0204040078;COTOVELO D;01320968112;MARCELO MARTINS ROCHA;04.09.2026;11:00;0;700901927476298;BIANCA DOS SANTOS KLAUCK;17.02.2016;10;127;GIZELDA CLAUDINO DOS SANTOS;RUA;JOAO RODRIGUES DE MIRANDA;;441;CENTRO;79490000;(67)99961-1125;SAO GABRIEL DO OESTE;500769;SAO GABRIEL DO OESTE;500769;6452116;CENTRO DE ESPECIALIDADES MEDICAS;F;03.09.2026;ANDREIA_CEM;03.09.2026;ANDREIA_CEM;5.90;CONFIRMADO;Z016;93393539191;RODOLFO FABIANO NIZ BAREIRO
689098836;1314114;0204020107;COLUNA TORACO-LOMBAR;59241284153;CLODOALDO DE AZEVEDO CARDOSO;03.09.2026;16:00;0;702104719094392;MARIA SOFIA PEREIRA DOS SANTOS;06.09.2018;08;97;CHEILA APARECIDA PEREIRA;RUA;AZULAO;;731;SÃO CRISTOVÃO;79490000;(67)99810-7295;SAO GABRIEL DO OESTE;500769;SAO GABRIEL DO OESTE;500769;7002084;UNIDADE DE SAUDE DA FAMILIA IX;F;03.09.2026;FABIELY_MORAES;03.09.2026;FABIELY_MORAES;9.73;CONFIRMADO;Z000;01415181110;ANGELA BENITES
689108618;1314082;0204060150;PE D;59241284153;CLODOALDO DE AZEVEDO CARDOSO;03.09.2026;16:00;0;708500337733371;REGINA MACHADO FERREIRA;08.09.1987;39;468;CRISTINA MACHADO;RUA;CURUJAS;;607;CONJUNTO FENIX;79490000;(67)9932-5195;SAO GABRIEL DO OESTE;500769;SAO GABRIEL DO OESTE;500769;5971055;UNIDADE DE SAUDE DA FAMILIA VIII;F;03.09.2026;JESSICAPADILHA;03.09.2026;JESSICAPADILHA;6.78;CONFIRMADO;Z000;04805244160;RENNAN ORTIZ BUENO
689112425;1314045;0204040116;OMOPLATA / OMBRO D (TRES POSICOES);87751593172;CRISTIANE DE SOUZA PEREIRA;08.09.2026;21:00;0;705605468924412;KATIA CRISTINA JORGE BATISTA;22.03.1969;57;690;MARIA DA GLORIA JORGE;RUA;DAS CURRUIRAS;;510;JARDIM GRAMADO;79491014;(67)99683-1872;SAO GABRIEL DO OESTE;500769;SAO GABRIEL DO OESTE;500769;5971055;UNIDADE DE SAUDE DA FAMILIA VIII;F;03.09.2026;JESSICAPADILHA;03.09.2026;JESSICAPADILHA;7.98;CONFIRMADO;Z000;04805244160;RENNAN ORTIZ BUENO
689112425;1314062;0204060095;BACIA;87751593172;CRISTIANE DE SOUZA PEREIRA;08.09.2026;21:00;0;705605468924412;KATIA CRISTINA JORGE BATISTA;22.03.1969;57;690;MARIA DA GLORIA JORGE;RUA;DAS CURRUIRAS;;510;JARDIM GRAMADO;79491014;(67)99683-1872;SAO GABRIEL DO OESTE;500769;SAO GABRIEL DO OESTE;500769;5971055;UNIDADE DE SAUDE DA FAMILIA VIII;F;03.09.2026;JESSICAPADILHA;03.09.2026;JESSICAPADILHA;7.77;CONFIRMADO;Z000;04805244160;RENNAN ORTIZ BUENO
689126476;1314081;0204060109;CALCANEO E;80089844149;ANA PAULA DOS SANTOS PEREIRA SILVANY;04.09.2026;07:00;0;706404180140985;SEBASTIANA SIQUEIRA DA SILVA;16.12.1943;82;993;JOANA DIAS DA SILVA;RUA;FENIX;;425;FENIX;79491110;(67)99922-2559;SAO GABRIEL DO OESTE;500769;SAO GABRIEL DO OESTE;500769;7002084;UNIDADE DE SAUDE DA FAMILIA IX;F;03.09.2026;FABIELY_MORAES;03.09.2026;FABIELY_MORAES;6.50;CONFIRMADO;M796;;DARIO SEBASTIAN MACIAS
689126476;1314123;0204060150;RADIOGRAFIA PANORAMICA DE PE / DEDOS DO PE;80089844149;ANA PAULA DOS SANTOS PEREIRA SILVANY;04.09.2026;07:00;0;706404180140985;SEBASTIANA SIQUEIRA DA SILVA;16.12.1943;82;993;JOANA DIAS DA SILVA;RUA;FENIX;;425;FENIX;79491110;(67)99922-2559;SAO GABRIEL DO OESTE;500769;SAO GABRIEL DO OESTE;500769;7002084;UNIDADE DE SAUDE DA FAMILIA IX;F;03.09.2026;FABIELY_MORAES;03.09.2026;FABIELY_MORAES;6.78;CONFIRMADO;M796;;DARIO SEBASTIAN MACIAS
689175056;1314095;0204030153;TORAX (PA + PERFIL);80089844149;ANA PAULA DOS SANTOS PEREIRA SILVANY;21.09.2026;07:00;0;708408238068769;NATALICIO VIEIRA DA SILVA;29.07.1972;54;650;COSNTANTINA VIEIRA CORREA;RUA;ALAGOAS;CASA 3;1114;PRIMO MAFFISSONI;79490258;(67)99937-8312;SAO GABRIEL DO OESTE;500769;SAO GABRIEL DO OESTE;500769;6452116;CENTRO DE ESPECIALIDADES MEDICAS;M;04.09.2026;ANDREIA_CEM;04.09.2026;ANDREIA_CEM;9.50;CONFIRMADO;Z016;04349392181;ANTONIO AUGUSTO PALOMBO MENDES
689179025;1314029;0204020069;COLUNA LOMBO-SACRA;59241284153;CLODOALDO DE AZEVEDO CARDOSO;04.09.2026;15:00;0;706405623124380;MARIA DAS GRACAS RIBEIRO;03.07.1954;72;867;SEBASTIANA MARIA DE JESUS;AVENIDA;TUIUIU;;436;JARDIM GRAMADO;79490000;(67)9629-4630;SAO GABRIEL DO OESTE;500769;SAO GABRIEL DO OESTE;500769;2370980;UNIDADE DE SAUDE DA FAMILIA JARDIM GRAMADO I;F;04.09.2026;ELISANGELA_UNIDADEI;04.09.2026;ELISANGELA_UNIDADEI;10.96;CONFIRMADO;M796;;ALCIDES EDUARDO EIBEL
689179025;1314062;0204060095;BACIA;59241284153;CLODOALDO DE AZEVEDO CARDOSO;04.09.2026;15:00;0;706405623124380;MARIA DAS GRACAS RIBEIRO;03.07.1954;72;867;SEBASTIANA MARIA DE JESUS;AVENIDA;TUIUIU;;436;JARDIM GRAMADO;79490000;(67)9629-4630;SAO GABRIEL DO OESTE;500769;SAO GABRIEL DO OESTE;500769;2370980;UNIDADE DE SAUDE DA FAMILIA JARDIM GRAMADO I;F;04.09.2026;ELISANGELA_UNIDADEI;04.09.2026;ELISANGELA_UNIDADEI;7.77;CONFIRMADO;M796;;ALCIDES EDUARDO EIBEL
689186988;0282063;0301010072;CONSULTA EM OTORRINOLARINGOLOGIA;78877326115;ANA PAULA CAVALIERI PONTES;10.09.2026;18:00;0;701407649408034;EZIA DE ALMEIDA MARTINS;08.12.1982;43;525;MARIA CONCEICAO DE ALMEIDA;RUA;23 DE MAIO;;1558;FÊNIX;79491112;(67)99603-0047;SAO GABRIEL DO OESTE;500769;SAO GABRIEL DO OESTE;500769;6452116;CENTRO DE ESPECIALIDADES MEDICAS;F;04.09.2026;TAINA_CEM;04.09.2026;TAINA_CEM;10.00;PENDENTE;Z00;78877326115;ANA PAULA CAVALIERI PONTES
689213734;1314070;0204060125;JOELHO D (AP + LATERAL);80089844149;ANA PAULA DOS SANTOS PEREIRA SILVANY;08.09.2026;07:00;0;705002686054757;TEREZINHA LOURDES STUCHI;08.01.1961;65;788;MARIA GASPAR DO NASCIEMNTO;RUA;ARAPONGAS;CASA;475;JARDIM GRAMADO;79490000;(67)99940-9581;SAO GABRIEL DO OESTE;500769;SAO GABRIEL DO OESTE;500769;6452116;CENTRO DE ESPECIALIDADES MEDICAS;F;04.09.2026;TAINA_CEM;04.09.2026;TAINA_CEM;6.78;CONFIRMADO;M170;06302616603;ROMULO AMARAL TAFURI
689213734;1314071;0204060125;JOELHO E (AP + LATERAL);80089844149;ANA PAULA DOS SANTOS PEREIRA SILVANY;08.09.2026;07:00;0;705002686054757;TEREZINHA LOURDES STUCHI;08.01.1961;65;788;MARIA GASPAR DO NASCIEMNTO;RUA;ARAPONGAS;CASA;475;JARDIM GRAMADO;79490000;(67)99940-9581;SAO GABRIEL DO OESTE;500769;SAO GABRIEL DO OESTE;500769;6452116;CENTRO DE ESPECIALIDADES MEDICAS;F;04.09.2026;TAINA_CEM;04.09.2026;TAINA_CEM;6.78;CONFIRMADO;M170;06302616603;ROMULO AMARAL TAFURI
689220989;1314052;0204040019;ANTEBRACO E;01320968112;MARCELO MARTINS ROCHA;04.09.2026;11:00;0;706804111347130;TELMA ALVES DA SILVA GONZAGA;06.10.1979;47;564;GUELDA ALVES DA SILVA;RUA;PELICANOS;;1204;JARDIM GRAMADO;79491004;(67)99616-8459;SAO GABRIEL DO OESTE;500769;SAO GABRIEL DO OESTE;500769;2370980;UNIDADE DE SAUDE DA FAMILIA JARDIM GRAMADO I;F;04.09.2026;ELISANGELA_UNIDADEI;04.09.2026;ELISANGELA_UNIDADEI;6.42;CONFIRMADO;M796;;ALCIDES EDUARDO EIBEL
689220989;1314056;0204040094;MAO E (DUAS INCIDENCIAS);01320968112;MARCELO MARTINS ROCHA;04.09.2026;11:00;0;706804111347130;TELMA ALVES DA SILVA GONZAGA;06.10.1979;47;564;GUELDA ALVES DA SILVA;RUA;PELICANOS;;1204;JARDIM GRAMADO;79491004;(67)99616-8459;SAO GABRIEL DO OESTE;500769;SAO GABRIEL DO OESTE;500769;2370980;UNIDADE DE SAUDE DA FAMILIA JARDIM GRAMADO I;F;04.09.2026;ELISANGELA_UNIDADEI;04.09.2026;ELISANGELA_UNIDADEI;6.30;CONFIRMADO;M796;;ALCIDES EDUARDO EIBEL
689223049;1314081;0204060109;CALCANEO E;01320968112;MARCELO MARTINS ROCHA;04.09.2026;11:00;0;704800574750649;ANDRIELLY MOURA DE SOUZA;03.04.1995;31;378;ALESSANDRA NUNES MOURA;FAZENDA;JABURU;;S/N;AREA RURAL DE SAO GABRIEL DO OESTE;79493899;(67)99976-9608;SAO GABRIEL DO OESTE;500769;SAO GABRIEL DO OESTE;500769;2370972;UNIDADE DE SAUDE DA FAMILIA MILANE II;F;04.09.2026;VANESSAMARTINS_AREADO;04.09.2026;VANESSAMARTINS_AREADO;6.50;CONFIRMADO;M773;83798633134;JOAO BAPTISTA BARBOSA SOUZA
689224222;0299008;0301010072;CONSULTA EM CIRURGIA VASCULAR – GERAL;70808015087;CELIO HELEGDA;22.09.2026;17:50;0;700108944803718;ADAIR MARIO SOCCOL;25.03.1966;60;726;SEVERINA GIACHINI SOCCOL;RUA;FRANCISCO MILANI;CASA;1147;MILANI;79490000;(67)99962-0567;SAO GABRIEL DO OESTE;500769;SAO GABRIEL DO OESTE;500769;6452116;CENTRO DE ESPECIALIDADES MEDICAS;M;04.09.2026;ANDREIA_CEM;11.09.2026;VANIA_MARIANO;10.00;PENDENTE;I872;98260570106;CLAUDIA REGINA DUARTE CAZZOLATO KHALIL
689237157;1314029;0204020069;COLUNA LOMBO-SACRA;01320968112;MARCELO MARTINS ROCHA;04.09.2026;11:00;0;708400765324268;OTACIR FERNANDES;31.07.1970;56;674;CARMELINDA MATEI FERNANDES;RUA;SÃO PAULO;;2624;AMABILE MAFFISSONI;79490086;(67)99612-3060 / (67)99308-2357;SAO GABRIEL DO OESTE;500769;SAO GABRIEL DO OESTE;500769;2370964;UNIDADE DE SAUDE DA FAMILIA III;M;04.09.2026;MAYARAANGELO;04.09.2026;MAYARAANGELO;10.96;CONFIRMADO;M255;02611833974;HUDSON PERES DORIGAO BELISARIO DE SOUZA
689237157;1314071;0204060125;JOELHO E (AP + LATERAL);01320968112;MARCELO MARTINS ROCHA;04.09.2026;11:00;0;708400765324268;OTACIR FERNANDES;31.07.1970;56;674;CARMELINDA MATEI FERNANDES;RUA;SÃO PAULO;;2624;AMABILE MAFFISSONI;79490086;(67)99612-3060 / (67)99308-2357;SAO GABRIEL DO OESTE;500769;SAO GABRIEL DO OESTE;500769;2370964;UNIDADE DE SAUDE DA FAMILIA III;M;04.09.2026;MAYARAANGELO;04.09.2026;MAYARAANGELO;6.78;CONFIRMADO;M255;02611833974;HUDSON PERES DORIGAO BELISARIO DE SOUZA
689257436;1314031;0204020085;COLUNA LOMBO-SACRA FUNCIONAL / DINAMICA;87751593172;CRISTIANE DE SOUZA PEREIRA;15.09.2026;16:00;0;700306936644033;IVANIR GUARESMA;27.03.1977;49;594;LILITA GUARESMA;RUA;JOAO RIBEIRO GUIMARAES;;69;JARDIM PRIMAVERA;79490000;(67)99667-5843;SAO GABRIEL DO OESTE;500769;SAO GABRIEL DO OESTE;500769;6452116;CENTRO DE ESPECIALIDADES MEDICAS;F;04.09.2026;TAINA_CEM;04.09.2026;TAINA_CEM;16.88;CONFIRMADO;M544;22264073837;ANSELMO COSTA
689269031;0282063;0301010072;CONSULTA EM OTORRINOLARINGOLOGIA;78877326115;ANA PAULA CAVALIERI PONTES;17.09.2026;18:00;0;702009335622584;ROMELIO ALCENO BULOW;01.02.1961;65;788;HILLI DOHRA BERGER BULOW;RUA;ESPIRITO SANTO;;1130;CENTRO;79490000;(67)3295-2596 / (67)99844-4874;SAO GABRIEL DO OESTE;500769;SAO GABRIEL DO OESTE;500769;2591359;UNIDADE DE SAUDE DA FAMILIA V;M;04.09.2026;CHRISTIANEHELEN_FREITAS;04.09.2026;CHRISTIANEHELEN_FREITAS;10.00;PENDENTE;Z000;04796956107;JULIANA DA ROCHA PEREIRA MENEZES
689274506;1314123;0204060150;RADIOGRAFIA PANORAMICA DE PE / DEDOS DO PE;87751593172;CRISTIANE DE SOUZA PEREIRA;04.09.2026;19:00;0;708608588950582;MAISA VITORIA FREIRES FERREIRA;26.12.2009;16;201;DAIANA APARECIDA AUGUSTA FREIRES;GRANJA;PL 3 COOASGO;;S/N;ZONA RURAL;79490000;(67)3295-8964;SAO GABRIEL DO OESTE;500769;SAO GABRIEL DO OESTE;500769;6354265;CENTRAL DE REGULACAO DE SAO GABRIEL DO OESTE;F;04.09.2026;CLEIDIANE_REGULADOR;04.09.2026;CLEIDIANE_REGULADOR;6.78;CONFIRMADO;S923;;ROMULO TAFURI
689301260;1314121;0204060095;RADIOGRAFIA PANORAMICA DE BACIA;80089844149;ANA PAULA DOS SANTOS PEREIRA SILVANY;08.09.2026;07:00;0;706401176841386;HEITOR OLIVEIRA SANTANA;11.02.2015;11;139;PAULA INEZ DE OLIVEIRA;RUA;ANHUMAS;;1426;JARDIM GRAMADO;79490000;(67)9667-4272 / (67)99682-2667;SAO GABRIEL DO OESTE;500769;SAO GABRIEL DO OESTE;500769;5971055;UNIDADE DE SAUDE DA FAMILIA VIII;M;04.09.2026;JESSICAPADILHA;04.09.2026;JESSICAPADILHA;7.77;CONFIRMADO;Z000;04805244160;RENNAN ORTIZ BUENO
689301260;1314062;0204060095;BACIA;80089844149;ANA PAULA DOS SANTOS PEREIRA SILVANY;08.09.2026;07:00;0;706401176841386;HEITOR OLIVEIRA SANTANA;11.02.2015;11;139;PAULA INEZ DE OLIVEIRA;RUA;ANHUMAS;;1426;JARDIM GRAMADO;79490000;(67)9667-4272 / (67)99682-2667;SAO GABRIEL DO OESTE;500769;SAO GABRIEL DO OESTE;500769;5971055;UNIDADE DE SAUDE DA FAMILIA VIII;M;04.09.2026;JESSICAPADILHA;04.09.2026;JESSICAPADILHA;7.77;CONFIRMADO;Z000;04805244160;RENNAN ORTIZ BUENO
689306611;1314082;0204060150;PE D;01320968112;MARCELO MARTINS ROCHA;08.09.2026;11:00;0;704009355741666;MARIA APARECIDA JESUS DE OLIVEIRA;04.09.1982;44;529;MARIA SEBASTIANA DE JESUS;RUA;CURICACAS;;566;JARDIM GRAMADO;79490000;(67)99955-5249;SAO GABRIEL DO OESTE;500769;SAO GABRIEL DO OESTE;500769;2370980;UNIDADE DE SAUDE DA FAMILIA JARDIM GRAMADO I;F;04.09.2026;ELISANGELA_UNIDADEI;04.09.2026;ELISANGELA_UNIDADEI;6.78;CONFIRMADO;M796;;ALCIDES EDUARDO EIBEL
689318899;1314095;0204030153;TORAX (PA + PERFIL);87751593172;CRISTIANE DE SOUZA PEREIRA;04.09.2026;19:00;0;702809568474270;ANA PAULA DE CAMPOS SOUZA;10.08.1981;45;541;MARIA AMELIA JORGE DE CAMPOS;RUA;SANTO ANGELO;;385;MILANI;79492092;(67)99933-2796;SAO GABRIEL DO OESTE;500769;SAO GABRIEL DO OESTE;500769;2370972;UNIDADE DE SAUDE DA FAMILIA MILANE II;F;04.09.2026;FLAVIA_RODRIGUES;04.09.2026;FLAVIA_RODRIGUES;9.50;CONFIRMADO;Z000;02453491113;MILENA GUEDIN VARGAS
689319897;1314128;0204030153;RADIOGRAFIA PANORAMICA DE TORAX (PA E PERFIL);59241284153;CLODOALDO DE AZEVEDO CARDOSO;04.09.2026;15:00;0;703607069895236;LUCAS DAVI ZEBALLOS LOPES;26.08.2015;11;133;TAIZA JULIA LOPES ZEBALLOS;RUA;CURIO;;498;JARDIM GRAMADO;79491012;(67)99688-6083;SAO GABRIEL DO OESTE;500769;SAO GABRIEL DO OESTE;500769;5971055;UNIDADE DE SAUDE DA FAMILIA VIII;M;04.09.2026;JESSICAPADILHA;04.09.2026;JESSICAPADILHA;9.50;CONFIRMADO;Z000;04805244160;RENNAN ORTIZ BUENO
689321418;1314114;0204020107;COLUNA TORACO-LOMBAR;59241284153;CLODOALDO DE AZEVEDO CARDOSO;08.09.2026;16:00;0;705402450303598;REGINA CELIA SILVA ALENCAR;19.12.1972;53;645;MARIA DAS GRACAS SILVA DE ALENCAR;RUA;PELICANOS;;126;JARDIM GRAMADO;79490000;(67)3295-3336 / (67)99829-9586;SAO GABRIEL DO OESTE;500769;SAO GABRIEL DO OESTE;500769;2370980;UNIDADE DE SAUDE DA FAMILIA JARDIM GRAMADO I;F;04.09.2026;ELISANGELA_UNIDADEI;04.09.2026;ELISANGELA_UNIDADEI;9.73;CONFIRMADO;M545;;ALCIDES EDUARDO EIBEL
689321418;1314029;0204020069;COLUNA LOMBO-SACRA;59241284153;CLODOALDO DE AZEVEDO CARDOSO;08.09.2026;16:00;0;705402450303598;REGINA CELIA SILVA ALENCAR;19.12.1972;53;645;MARIA DAS GRACAS SILVA DE ALENCAR;RUA;PELICANOS;;126;JARDIM GRAMADO;79490000;(67)3295-3336 / (67)99829-9586;SAO GABRIEL DO OESTE;500769;SAO GABRIEL DO OESTE;500769;2370980;UNIDADE DE SAUDE DA FAMILIA JARDIM GRAMADO I;F;04.09.2026;ELISANGELA_UNIDADEI;04.09.2026;ELISANGELA_UNIDADEI;10.96;CONFIRMADO;M545;;ALCIDES EDUARDO EIBEL
689322673;1314056;0204040094;MAO E (DUAS INCIDENCIAS);87751593172;CRISTIANE DE SOUZA PEREIRA;04.09.2026;19:00;0;704809011186745;JOSE ROBERTO VESPERO;15.02.1968;58;703;SEBASTIANA INACIA VESPERO;RUA;CONDE DE PORTO ALEGRE;;1405;MILANI;79490000;(67)9933-4078;SAO GABRIEL DO OESTE;500769;SAO GABRIEL DO OESTE;500769;2370972;UNIDADE DE SAUDE DA FAMILIA MILANE II;M;04.09.2026;FLAVIA_RODRIGUES;04.09.2026;FLAVIA_RODRIGUES;6.30;CONFIRMADO;Z000;02453491113;MILENA GUEDIN VARGAS
689323076;1314029;0204020069;COLUNA LOMBO-SACRA;87751593172;CRISTIANE DE SOUZA PEREIRA;04.09.2026;19:00;0;704809011186745;JOSE ROBERTO VESPERO;15.02.1968;58;703;SEBASTIANA INACIA VESPERO;RUA;CONDE DE PORTO ALEGRE;;1405;MILANI;79490000;(67)9933-4078;SAO GABRIEL DO OESTE;500769;SAO GABRIEL DO OESTE;500769;2370972;UNIDADE DE SAUDE DA FAMILIA MILANE II;M;04.09.2026;FLAVIA_RODRIGUES;04.09.2026;FLAVIA_RODRIGUES;10.96;CONFIRMADO;Z000;02453491113;MILENA GUEDIN VARGAS
689344917;1314110;0204030153;TORAX (PA + PERFIL) PRE-OPERATORIO;87751593172;CRISTIANE DE SOUZA PEREIRA;04.09.2026;19:00;0;705402484944391;ROSELI BECKER MORAES;22.03.1959;67;810;LUZINA AMIDA BECKER;RUA;PARANÁ;CASA;1841;CENTRO;79490000;(67)99608-9574;SAO GABRIEL DO OESTE;500769;SAO GABRIEL DO OESTE;500769;6452116;CENTRO DE ESPECIALIDADES MEDICAS;F;04.09.2026;TAINA_CEM;04.09.2026;TAINA_CEM;9.50;CONFIRMADO;C579;;CAMILLA DA SILVA RODE
689345626;1314110;0204030153;TORAX (PA + PERFIL) PRE-OPERATORIO;01320968112;MARCELO MARTINS ROCHA;08.09.2026;11:00;0;702009344623180;ELY DE FATIMA RONDON CALDAS;24.02.1957;69;835;DOMINGAS RONDON DA SILVA;RUA;PICA-PAU;;601;JARDIM GRAMADO;79491036;(67)99974-7366 / (67)98422-3681;SAO GABRIEL DO OESTE;500769;SAO GABRIEL DO OESTE;500769;6452116;CENTRO DE ESPECIALIDADES MEDICAS;F;04.09.2026;ARI_CEM;04.09.2026;ARI_CEM;9.50;CONFIRMADO;Z00;;VANIA GOMENS MARIANO 
689353946;0282063;0301010072;CONSULTA EM OTORRINOLARINGOLOGIA;78877326115;ANA PAULA CAVALIERI PONTES;10.09.2026;18:00;0;708901788132310;RUTE DE OLIVEIRA GOMES CABRERA;30.03.1972;54;654;NADIR SOUZA DE OLIVEIRA;FAZENDA;GRALHA AZUL;;S/N;ZONA RUAL;79493899;(67)99987-9652;SAO GABRIEL DO OESTE;500769;SAO GABRIEL DO OESTE;500769;6452116;CENTRO DE ESPECIALIDADES MEDICAS;F;04.09.2026;TAINA_CEM;04.09.2026;TAINA_CEM;10.00;PENDENTE;J328;;KALYNA SILVIA HIGIO
689418103;1314083;0204060150;PE E;87751593172;CRISTIANE DE SOUZA PEREIRA;30.09.2026;16:00;0;700903959656595;IRIA GEMI GIRARDELLO;13.05.1961;65;784;TEREZA ANDREIS GEMI;RUA;SERGIPE;;650;CENTRO;79490000;(67)3295-3268;SAO GABRIEL DO OESTE;500769;SAO GABRIEL DO OESTE;500769;6452116;CENTRO DE ESPECIALIDADES MEDICAS;F;08.09.2026;ARI_CEM;08.09.2026;ARI_CEM;6.78;PENDENTE;Z00;;LUIZ FELIPE GUILHERME LACERDA
689424331;1314095;0204030153;TORAX (PA + PERFIL);80089844149;ANA PAULA DOS SANTOS PEREIRA SILVANY;15.09.2026;07:00;0;700405999996350;SANE REGINA DE SOUZA;05.05.1969;57;689;MARILENE OLIVEIRA DE SOUZA;AVENIDA;SAO FRANCISCO 2400/99998;N 3000;S/N;AMABILE MAFFISSONI;79490110;(67)99629-1570;SAO GABRIEL DO OESTE;500769;SAO GABRIEL DO OESTE;500769;6452116;CENTRO DE ESPECIALIDADES MEDICAS;F;08.09.2026;ANDREIA_CEM;08.09.2026;ANDREIA_CEM;9.50;PENDENTE;Z016;;ALESSANDRA REGINA GOMES
689426338;1314110;0204030153;TORAX (PA + PERFIL) PRE-OPERATORIO;87751593172;CRISTIANE DE SOUZA PEREIRA;17.09.2026;16:00;0;705609460760015;ABADIA DA SILVA OLIVEIRA DE JESUS;10.12.1966;59;717;ANTONIA DA SILVA OLIVEIRA;RUA;CANÁRIOS;;1857;FÊNIX;79491078;(67)99122-3474 / (67)99824-0985;SAO GABRIEL DO OESTE;500769;SAO GABRIEL DO OESTE;500769;6452116;CENTRO DE ESPECIALIDADES MEDICAS;F;08.09.2026;ARI_CEM;08.09.2026;ARI_CEM;9.50;PENDENTE;Z00;93393539191;RODOLFO FABIANO NIZ BAREIRO
689428749;1314095;0204030153;TORAX (PA + PERFIL);01320968112;MARCELO MARTINS ROCHA;08.09.2026;11:00;0;700501932837558;LILIAN DA SILVA LIMA MATOS;10.10.1975;50;611;DORA DA SILVA LIMA;RUA;CURIO;;567;JARDIM GRAMADO;79491012;(67)99836-6248;SAO GABRIEL DO OESTE;500769;SAO GABRIEL DO OESTE;500769;6452116;CENTRO DE ESPECIALIDADES MEDICAS;F;08.09.2026;ANDREIA_CEM;08.09.2026;ANDREIA_CEM;9.50;CONFIRMADO;Z016;;RENNAN ORTIZ BUENO
689432963;1314095;0204030153;TORAX (PA + PERFIL);80089844149;ANA PAULA DOS SANTOS PEREIRA SILVANY;09.09.2026;07:00;0;704607132770227;VALDIR ALVINO KREUTZ;06.12.1952;73;886;MARIA AMALIA KREUTZ;AVENIDA;SAO FRANCISCO;;709;CENTRO;79490000;(67)3295-2076;SAO GABRIEL DO OESTE;500769;SAO GABRIEL DO OESTE;500769;6452116;CENTRO DE ESPECIALIDADES MEDICAS;M;08.09.2026;ARI_CEM;08.09.2026;ARI_CEM;9.50;CONFIRMADO;Z00;;FERNANDO KENZO
689435091;1314007;0204010144;SEIOS DA FACE (FN + MN + LATERAL);87751593172;CRISTIANE DE SOUZA PEREIRA;08.09.2026;21:00;0;704303502293699;MARIA ALICE DE SOUZA;16.03.2022;04;54;CAROLINE DE SOUZA LUIZ;FAZENDA;MODELO;;S/N;RURAL;79490000;(67)99671-3493;SAO GABRIEL DO OESTE;500769;SAO GABRIEL DO OESTE;500769;8176132;CASA ROSA;F;08.09.2026;TAINAOLIVEIRA;08.09.2026;TAINAOLIVEIRA;7.32;PENDENTE;Z00;57255873120;CLODOALDO SABINO DA SILVA
689451337;1314053;0204040124;PUNHO D (AP + LATERAL + OBLIQUA);59241284153;CLODOALDO DE AZEVEDO CARDOSO;08.09.2026;16:00;0;706001357202346;OLEZIA PEREIRA DE SOUZA;24.12.1961;64;777;SEBASTIANA CANDIDA PEREIRA;AVENIDA;DOM PEDRO I;;579;CENTRO;79490000;(67)99967-0948;SAO GABRIEL DO OESTE;500769;SAO GABRIEL DO OESTE;500769;2370964;UNIDADE DE SAUDE DA FAMILIA III;F;08.09.2026;ANACLAUDIA_NOGUEIRA;08.09.2026;ANACLAUDIA_NOGUEIRA;6.91;CONFIRMADO;S62;02611833974;HUDSON PERES DORIGAO BELISARIO DE SOUZA
689459513;1314070;0204060125;JOELHO D (AP + LATERAL);01320968112;MARCELO MARTINS ROCHA;08.09.2026;11:00;0;706401122459785;ESTELA CHAPARRO CABRAL;24.01.1979;47;572;MARCIA CABRAL;RUA;CONDE DE PORTO ALEGRE;CASA;696;MILANI;79492072;(67)99215-5902;SAO GABRIEL DO OESTE;500769;SAO GABRIEL DO OESTE;500769;2370972;UNIDADE DE SAUDE DA FAMILIA MILANE II;F;08.09.2026;FLAVIA_RODRIGUES;08.09.2026;FLAVIA_RODRIGUES;6.78;CONFIRMADO;M171;02453491113;MILENA GUEDIN VARGAS
689463228;1314023;0204020034;COLUNA CERVICAL (AP + LATERAL + TO + OBLIQUAS);87751593172;CRISTIANE DE SOUZA PEREIRA;16.09.2026;16:00;0;708406201313563;IVA WINTERSTEIN;26.08.1963;63;757;LUIZA WINTERSTEIN;AVENIDA;HILARIO NICARETTA;;2137;PRIMO MAFFISSONI;79490288;(46)99936-9497;SAO GABRIEL DO OESTE;500769;SAO GABRIEL DO OESTE;500769;6452116;CENTRO DE ESPECIALIDADES MEDICAS;F;08.09.2026;ARI_CEM;08.09.2026;ARI_CEM;8.33;CONFIRMADO;R42;;MEDICO SUS
689464830;1314083;0204060150;PE E;80089844149;ANA PAULA DOS SANTOS PEREIRA SILVANY;10.09.2026;07:00;0;704104467527350;NEIVA CRISTINA BERTON;29.08.1974;52;625;LOURDES CORREA BERTON;AVENIDA;SAO FRANCISCO;;2724;JARDIM PRIMAVERA;79490000;(67)9698-6355;SAO GABRIEL DO OESTE;500769;SAO GABRIEL DO OESTE;500769;6452116;CENTRO DE ESPECIALIDADES MEDICAS;F;08.09.2026;ANDREIA_CEM;08.09.2026;ANDREIA_CEM;6.78;CONFIRMADO;Z016;00530001101;BRUNO PETINARI UMBELINO
689469483;1314029;0204020069;COLUNA LOMBO-SACRA;59241284153;CLODOALDO DE AZEVEDO CARDOSO;11.09.2026;15:00;0;706306627383080;ELSA BISCHOFF GAI;10.09.1946;80;960;SEMILDA BISCHOFF;AVENIDA;SAO FRANCISCO;;2030;CENTRO;79490000;(67)9944-2777;SAO GABRIEL DO OESTE;500769;SAO GABRIEL DO OESTE;500769;6452116;CENTRO DE ESPECIALIDADES MEDICAS;F;08.09.2026;ARI_CEM;08.09.2026;ARI_CEM;10.96;CONFIRMADO;Z00;00530001101;BRUNO PETINARI UMBELINO
689469483;1314118;0204020069;COLUNA LOMBAR (AP + PERFIL);59241284153;CLODOALDO DE AZEVEDO CARDOSO;11.09.2026;15:00;0;706306627383080;ELSA BISCHOFF GAI;10.09.1946;80;960;SEMILDA BISCHOFF;AVENIDA;SAO FRANCISCO;;2030;CENTRO;79490000;(67)9944-2777;SAO GABRIEL DO OESTE;500769;SAO GABRIEL DO OESTE;500769;6452116;CENTRO DE ESPECIALIDADES MEDICAS;F;08.09.2026;ARI_CEM;08.09.2026;ARI_CEM;10.96;CONFIRMADO;Z00;00530001101;BRUNO PETINARI UMBELINO
689478423;1314110;0204030153;TORAX (PA + PERFIL) PRE-OPERATORIO;59241284153;CLODOALDO DE AZEVEDO CARDOSO;10.09.2026;16:00;0;700200417746620;VANDA APARECIDA SILVA DE OLIVEIRA;28.01.1985;41;500;MARIA AURINEIDE ALBERTO DA SILVA;RUA;IRIO MOLINARI;;33;PRIMO MAFFISSONI;79490000;(67)99923-4852;SAO GABRIEL DO OESTE;500769;SAO GABRIEL DO OESTE;500769;2370964;UNIDADE DE SAUDE DA FAMILIA III;F;08.09.2026;ANACLAUDIA_NOGUEIRA;08.09.2026;ANACLAUDIA_NOGUEIRA;9.50;CONFIRMADO;K801;;EVA WILMA A GUIMARAES
689482724;1314046;0204040116;OMOPLATA / OMBRO E (TRES POSICOES);80089844149;ANA PAULA DOS SANTOS PEREIRA SILVANY;18.09.2026;07:00;0;700000138193406;ROSANA LOPEZ DA SILVA;01.12.1963;62;754;ADELAIDE LOPEZ DE AMORIM;RUA;JOÃO EVANGELISTA ROSA;;200;CENTRO;79490000;(67)99913-2747;SAO GABRIEL DO OESTE;500769;SAO GABRIEL DO OESTE;500769;6452116;CENTRO DE ESPECIALIDADES MEDICAS;F;08.09.2026;ANDREIA_CEM;08.09.2026;ANDREIA_CEM;7.98;PENDENTE;Z016;06302616603;ROMULO AMARAL TAFURI
689484339;1314050;0204040078;COTOVELO E;59241284153;CLODOALDO DE AZEVEDO CARDOSO;11.09.2026;15:00;0;706809221248220;JOAO ARTHUR RIBEIRO ALMEIDA;25.02.2008;18;223;GISLAINE ORTIZ RIBEIRO;RUA;ESPIRITO SANTO;;3007;CENTRO;79490000;(67)99800-5803;SAO GABRIEL DO OESTE;500769;SAO GABRIEL DO OESTE;500769;6452116;CENTRO DE ESPECIALIDADES MEDICAS;M;08.09.2026;ARI_CEM;08.09.2026;ARI_CEM;5.90;CONFIRMADO;Z00;00125300006;MEDICOS SUS
689501920;0282063;0301010072;CONSULTA EM OTORRINOLARINGOLOGIA;78877326115;ANA PAULA CAVALIERI PONTES;10.09.2026;18:00;0;708908709246012;ESTELA MINANO FAGUNDES;01.02.2022;04;56;ESTHER MINANO PEREIRA;RUA;TANGARA;;534;FENIX;79491106;(67)98106-5362;SAO GABRIEL DO OESTE;500769;SAO GABRIEL DO OESTE;500769;7002084;UNIDADE DE SAUDE DA FAMILIA IX;F;08.09.2026;FABIELY_MORAES;08.09.2026;FABIELY_MORAES;10.00;PENDENTE;H728;;FELIPE LELES COSTA
689503504;0282063;0301010072;CONSULTA EM OTORRINOLARINGOLOGIA;78877326115;ANA PAULA CAVALIERI PONTES;17.09.2026;18:00;0;708107629445740;MARILENE TEREZINHA FALCAO DE PAULA;19.08.1958;68;817;SETENBRINA POSTINGHER FALCAO;RUA;PARANA;;665;CENTRO;79490000;(67)3295-3130;SAO GABRIEL DO OESTE;500769;SAO GABRIEL DO OESTE;500769;2591359;UNIDADE DE SAUDE DA FAMILIA V;F;08.09.2026;CHRISTIANEHELEN_FREITAS;08.09.2026;CHRISTIANEHELEN_FREITAS;10.00;PENDENTE;Z011;04796956107;JULIANA DA ROCHA PEREIRA MENEZES
689513177;1314083;0204060150;PE E;87751593172;CRISTIANE DE SOUZA PEREIRA;08.09.2026;21:00;0;708704127302996;DENER SANTOS DE SOUZA;12.01.1978;48;584;MARIA LEONOR SANTOS DE SOUZA;RUA;ANGICO;CASA;776;SÃO CRISTOVÃO;79491188;(67)99699-6124;SAO GABRIEL DO OESTE;500769;SAO GABRIEL DO OESTE;500769;6452116;CENTRO DE ESPECIALIDADES MEDICAS;M;08.09.2026;ARI_CEM;08.09.2026;ARI_CEM;6.78;CONFIRMADO;Z00;;PAULO FENELON MARINHO 
689528249;1314071;0204060125;JOELHO E (AP + LATERAL);01320968112;MARCELO MARTINS ROCHA;08.09.2026;11:00;0;706309745109178;TAINA DE OLIVEIRA SANTO;17.04.2005;21;257;CINTIA OLIVEIRA DE OLIVEIRA;RUA;ANHUMAS;;1567;FÊNIX;79491090;(67)9651-5022;SAO GABRIEL DO OESTE;500769;SAO GABRIEL DO OESTE;500769;8176132;CASA ROSA;F;08.09.2026;TAINAOLIVEIRA;08.09.2026;TAINAOLIVEIRA;6.78;CONFIRMADO;Z00;;VANIA GOMENS MARIANO 
689574297;1314118;0204020069;COLUNA LOMBAR (AP + PERFIL);87751593172;CRISTIANE DE SOUZA PEREIRA;11.09.2026;19:00;0;708103562198530;ZILDA LEITE MATOS;03.01.1947;79;957;ALVARINA LEITE MATOS;RUA;Q;;582;CIDADE JARDIM;79492148;(65)99342-8469;SAO GABRIEL DO OESTE;500769;SAO GABRIEL DO OESTE;500769;6452116;CENTRO DE ESPECIALIDADES MEDICAS;F;08.09.2026;ARI_CEM;08.09.2026;ARI_CEM;10.96;CONFIRMADO;Z00;00530001101;BRUNO PETINARI UMBELINO
689574297;1314025;0204020093;COLUNA DORSAL (AP + LATERAL);87751593172;CRISTIANE DE SOUZA PEREIRA;11.09.2026;19:00;0;708103562198530;ZILDA LEITE MATOS;03.01.1947;79;957;ALVARINA LEITE MATOS;RUA;Q;;582;CIDADE JARDIM;79492148;(65)99342-8469;SAO GABRIEL DO OESTE;500769;SAO GABRIEL DO OESTE;500769;6452116;CENTRO DE ESPECIALIDADES MEDICAS;F;08.09.2026;ARI_CEM;08.09.2026;ARI_CEM;9.16;CONFIRMADO;Z00;00530001101;BRUNO PETINARI UMBELINO
689574297;1314062;0204060095;BACIA;87751593172;CRISTIANE DE SOUZA PEREIRA;11.09.2026;19:00;0;708103562198530;ZILDA LEITE MATOS;03.01.1947;79;957;ALVARINA LEITE MATOS;RUA;Q;;582;CIDADE JARDIM;79492148;(65)99342-8469;SAO GABRIEL DO OESTE;500769;SAO GABRIEL DO OESTE;500769;6452116;CENTRO DE ESPECIALIDADES MEDICAS;F;08.09.2026;ARI_CEM;08.09.2026;ARI_CEM;7.77;CONFIRMADO;Z00;00530001101;BRUNO PETINARI UMBELINO
689574297;1314066;0204060060;ARTICULACAO COXO-FEMORAL D;87751593172;CRISTIANE DE SOUZA PEREIRA;11.09.2026;19:00;0;708103562198530;ZILDA LEITE MATOS;03.01.1947;79;957;ALVARINA LEITE MATOS;RUA;Q;;582;CIDADE JARDIM;79492148;(65)99342-8469;SAO GABRIEL DO OESTE;500769;SAO GABRIEL DO OESTE;500769;6452116;CENTRO DE ESPECIALIDADES MEDICAS;F;08.09.2026;ARI_CEM;08.09.2026;ARI_CEM;7.77;CONFIRMADO;Z00;00530001101;BRUNO PETINARI UMBELINO
689594179;1314029;0204020069;COLUNA LOMBO-SACRA;59241284153;CLODOALDO DE AZEVEDO CARDOSO;09.09.2026;16:00;0;708204660974446;MARIA AUZENIRA DA SILVA;15.12.1949;76;921;ANTONIA ISABEL DE JESUS;RUA;SARACURA 1/1465;;498;JARDIM GRAMADO;79491002;(67)99609-2541;SAO GABRIEL DO OESTE;500769;SAO GABRIEL DO OESTE;500769;2370980;UNIDADE DE SAUDE DA FAMILIA JARDIM GRAMADO I;F;08.09.2026;ELISANGELA_UNIDADEI;08.09.2026;ELISANGELA_UNIDADEI;10.96;CONFIRMADO;M545;;ALCIDES EDUARDO EIBEL
689599750;1314071;0204060125;JOELHO E (AP + LATERAL);59241284153;CLODOALDO DE AZEVEDO CARDOSO;08.09.2026;16:00;0;702600215444642;DANIEL CHIOZI FRANCA;19.10.2012;13;167;KAROLINE MARTINS CHIOZI FRANCA;AVENIDA;JUSCELINO KUBITSCHEK 1200/99998;;1776;PRIMO MAFFISSONI;79490306;(67)99962-6484;SAO GABRIEL DO OESTE;500769;SAO GABRIEL DO OESTE;500769;6452116;CENTRO DE ESPECIALIDADES MEDICAS;M;08.09.2026;ANDREIA_CEM;08.09.2026;ANDREIA_CEM;6.78;CONFIRMADO;Z00;93393539191;RODOLFO FABIANO NIZ BAREIRO
689599750;1314070;0204060125;JOELHO D (AP + LATERAL);59241284153;CLODOALDO DE AZEVEDO CARDOSO;08.09.2026;16:00;0;702600215444642;DANIEL CHIOZI FRANCA;19.10.2012;13;167;KAROLINE MARTINS CHIOZI FRANCA;AVENIDA;JUSCELINO KUBITSCHEK 1200/99998;;1776;PRIMO MAFFISSONI;79490306;(67)99962-6484;SAO GABRIEL DO OESTE;500769;SAO GABRIEL DO OESTE;500769;6452116;CENTRO DE ESPECIALIDADES MEDICAS;M;08.09.2026;ANDREIA_CEM;08.09.2026;ANDREIA_CEM;6.78;CONFIRMADO;Z00;93393539191;RODOLFO FABIANO NIZ BAREIRO
689616637;1314110;0204030153;TORAX (PA + PERFIL) PRE-OPERATORIO;87751593172;CRISTIANE DE SOUZA PEREIRA;30.09.2026;16:00;0;704007315785660;IVAN GABRIEL GOMES DA SILVA SANTOS;14.05.1991;35;424;SANDRA GOMES DA SILVA;RUA;5 DE OUTUBRO;CASA 01;663;FÊNIX;79491116;(67)9279-4497;SAO GABRIEL DO OESTE;500769;SAO GABRIEL DO OESTE;500769;6452116;CENTRO DE ESPECIALIDADES MEDICAS;M;08.09.2026;ARI_CEM;08.09.2026;ARI_CEM;9.50;CONFIRMADO;Z00;01110123175;ELY DONIZETH DE ASSIS JUNIOR
689623673;1314008;0204010144;SEIOS DA FACE (FN + MN + LATERAL + HIRTZ);87751593172;CRISTIANE DE SOUZA PEREIRA;17.09.2026;16:00;0;702008803936689;JOAO MIGUEL DIAS VESPERO;15.05.2019;07;88;RHAIKA STEPHANYE DIAS COIMBRA;CHACARA;ITAQUI;;71;RURAL;79490000;(67)99652-7593;SAO GABRIEL DO OESTE;500769;SAO GABRIEL DO OESTE;500769;3400964;UNIDADE DE SAUDE DA FAMILIA RURAL VII;M;08.09.2026;DULCINEIA_MOCCELIN;08.09.2026;DULCINEIA_MOCCELIN;7.32;CONFIRMADO;J018;00612619630;KALYNKA SILVIA HIGINO
689626185;0282063;0301010072;CONSULTA EM OTORRINOLARINGOLOGIA;78877326115;ANA PAULA CAVALIERI PONTES;10.09.2026;18:10;1;706004810207548;DIRCE CHERRI;01.09.1967;59;709;LUZIA PIRES CHERRI;RUA;MINAS GERAIS;;2459;AMABILE MAFFISSONI;79490088;(67)99206-4158 / (67)99105-9889;SAO GABRIEL DO OESTE;500769;SAO GABRIEL DO OESTE;500769;6452116;CENTRO DE ESPECIALIDADES MEDICAS;F;08.09.2026;ANDREIA_CEM;08.09.2026;ANDREIA_CEM;10.00;PENDENTE;Z00;78877326115;ANA PAULA CAVALIERI PONTES
689627465;1314095;0204030153;TORAX (PA + PERFIL);87751593172;CRISTIANE DE SOUZA PEREIRA;10.09.2026;21:00;0;706004810207548;DIRCE CHERRI;01.09.1967;59;709;LUZIA PIRES CHERRI;RUA;MINAS GERAIS;;2459;AMABILE MAFFISSONI;79490088;(67)99206-4158 / (67)99105-9889;SAO GABRIEL DO OESTE;500769;SAO GABRIEL DO OESTE;500769;6452116;CENTRO DE ESPECIALIDADES MEDICAS;F;08.09.2026;ANDREIA_CEM;08.09.2026;ANDREIA_CEM;9.50;CONFIRMADO;Z00;09028429603;BERNARDO MEDEIROS MAIA
689628920;1314123;0204060150;RADIOGRAFIA PANORAMICA DE PE / DEDOS DO PE;01320968112;MARCELO MARTINS ROCHA;21.09.2026;11:00;0;702508301181938;MIGUEL PILTZ CHAVES;21.11.2016;09;118;LUANA PILTZ DOS ANJOS;RUA;17 DE AGOSTO;;1457;FÊNIX;79491118;(67)99628-6038;SAO GABRIEL DO OESTE;500769;SAO GABRIEL DO OESTE;500769;6452116;CENTRO DE ESPECIALIDADES MEDICAS;M;08.09.2026;ANDREIA_CEM;08.09.2026;ANDREIA_CEM;6.78;CONFIRMADO;S924;06302616603;ROMULO AMARAL TAFURI
689629646;0282063;0301010072;CONSULTA EM OTORRINOLARINGOLOGIA;78877326115;ANA PAULA CAVALIERI PONTES;10.09.2026;18:10;1;702007392952987;PAULO JOSE BENACHIO;05.10.1965;61;732;ANA GILIOLI BENACHIO;RUA;SAO PAULO;CASA 01;1580;CAPAO REDONDO;79490000;(67)99962-1491;SAO GABRIEL DO OESTE;500769;SAO GABRIEL DO OESTE;500769;6452116;CENTRO DE ESPECIALIDADES MEDICAS;M;08.09.2026;ARI_CEM;08.09.2026;ARI_CEM;10.00;PENDENTE;Z00;78877326115;ANA PAULA CAVALIERI PONTES
689638459;1314128;0204030153;RADIOGRAFIA PANORAMICA DE TORAX (PA E PERFIL);01320968112;MARCELO MARTINS ROCHA;09.09.2026;11:00;0;700008436469903;VITORIA SAMIRA NERY DE MACEDO;09.03.2006;20;246;JOSIANE APARECIDA FERNANDES NERY;RUA;DAS GAIVOTAS;;1390;JARDIM GRAMADO;79491018;(67)99669-9133;SAO GABRIEL DO OESTE;500769;SAO GABRIEL DO OESTE;500769;5971055;UNIDADE DE SAUDE DA FAMILIA VIII;F;08.09.2026;JESSICAPADILHA;08.09.2026;JESSICAPADILHA;9.50;CONFIRMADO;Z000;04805244160;RENNAN ORTIZ BUENO
689643207;1314095;0204030153;TORAX (PA + PERFIL);01320968112;MARCELO MARTINS ROCHA;09.09.2026;11:00;0;702404024934322;DILENE GONZAGA DE ANDRADE;11.01.1974;52;632;CELIA GONZAGA DA SILVA;AVENIDA;SAO FRANCISCO;CASA 1;2351;CENTRO;79490000;(67)99830-0555;SAO GABRIEL DO OESTE;500769;SAO GABRIEL DO OESTE;500769;6452116;CENTRO DE ESPECIALIDADES MEDICAS;F;08.09.2026;ANDREIA_CEM;08.09.2026;ANDREIA_CEM;9.50;CONFIRMADO;Z016;;BELARMINO
689649268;1314071;0204060125;JOELHO E (AP + LATERAL);01320968112;MARCELO MARTINS ROCHA;09.09.2026;11:00;0;705506480159110;MARIA GRACIENE SIQUEIRA LYNCH;08.09.1986;40;480;MARIA LUCIMAR DE SOUZA SIQUEIRA;RUA;O;;1028;CIDADE JARDIM;79492144;(18)99673-9153;SAO GABRIEL DO OESTE;500769;SAO GABRIEL DO OESTE;500769;2370972;UNIDADE DE SAUDE DA FAMILIA MILANE II;F;08.09.2026;FLAVIA_RODRIGUES;08.09.2026;FLAVIA_RODRIGUES;6.78;CONFIRMADO;Z000;02453491113;MILENA GUEDIN VARGAS
689676705;1314110;0204030153;TORAX (PA + PERFIL) PRE-OPERATORIO;59241284153;CLODOALDO DE AZEVEDO CARDOSO;09.09.2026;16:00;0;706001863267240;ROBERTA DENIS DA SILVA MORAES;15.09.1992;34;408;ELUCI SOARES DA SILVA;RUA;IGNÁCIA DE MATTOS BRANDÃO;RESIDENCIAL VASCONCELOS;1595;JARDIM NOVO HORIZONTE;79822325;(67)99731-7635 / (67)99873-6185;DOURADOS;500370;SAO GABRIEL DO OESTE;500769;2370980;UNIDADE DE SAUDE DA FAMILIA JARDIM GRAMADO I;F;09.09.2026;ELISANGELA_UNIDADEI;09.09.2026;ELISANGELA_UNIDADEI;9.50;CONFIRMADO;Z000;01454652179;MAYARA MARIA MELKE GUIMARAES
689682281;0282063;0301010072;CONSULTA EM OTORRINOLARINGOLOGIA;78877326115;ANA PAULA CAVALIERI PONTES;17.09.2026;18:10;1;706405623124380;MARIA DAS GRACAS RIBEIRO;03.07.1954;72;867;SEBASTIANA MARIA DE JESUS;AVENIDA;TUIUIU;;436;JARDIM GRAMADO;79490000;(67)9629-4630;SAO GABRIEL DO OESTE;500769;SAO GABRIEL DO OESTE;500769;2370980;UNIDADE DE SAUDE DA FAMILIA JARDIM GRAMADO I;F;09.09.2026;ELISANGELA_UNIDADEI;09.09.2026;ELISANGELA_UNIDADEI;10.00;PENDENTE;Z000;01454652179;MAYARA MARIA MELKE GUIMARAES
689694710;1314110;0204030153;TORAX (PA + PERFIL) PRE-OPERATORIO;01320968112;MARCELO MARTINS ROCHA;09.09.2026;11:00;0;708904749422217;ALMIRO MUNIZ CELESTRINO;03.02.1959;67;812;GEORGINA MUNIZ CELESTRINO;RUA;ALAGOAS;;2495;CENTRO;79490000;(67)99934-0315 / (67)99894-3146;SAO GABRIEL DO OESTE;500769;SAO GABRIEL DO OESTE;500769;6452116;CENTRO DE ESPECIALIDADES MEDICAS;M;09.09.2026;PATRICKMASIAGA;09.09.2026;PATRICKMASIAGA;9.50;CONFIRMADO;Z016;70808015087;CELIO HELEGDA
689695983;1314081;0204060109;CALCANEO E;59241284153;CLODOALDO DE AZEVEDO CARDOSO;09.09.2026;16:00;0;701001872720490;ZILDO MACHADO MIRANDA;08.06.1971;55;663;EDY MACHADO DE MIRANDA;RUA;CURIO;CASA02;1229;JARDIM GRAMADO;79491012;(67)99305-3256;SAO GABRIEL DO OESTE;500769;SAO GABRIEL DO OESTE;500769;5971055;UNIDADE DE SAUDE DA FAMILIA VIII;M;09.09.2026;JESSICAPADILHA;09.09.2026;JESSICAPADILHA;6.50;CONFIRMADO;Z000;04805244160;RENNAN ORTIZ BUENO
689703701;1314081;0204060109;CALCANEO E;87751593172;CRISTIANE DE SOUZA PEREIRA;30.09.2026;16:00;0;708409258171361;DANIEL MICHALSKI;19.04.1970;56;677;ELMINA FERREIRA MICHALSKI;RUA;ALAGOAS;;3007;JARDIM PRIMAVERA;79490172;(67)99604-0861 / (67)99919-4499;SAO GABRIEL DO OESTE;500769;SAO GABRIEL DO OESTE;500769;6452116;CENTRO DE ESPECIALIDADES MEDICAS;M;09.09.2026;PATRICKMASIAGA;09.09.2026;PATRICKMASIAGA;6.50;CONFIRMADO;Z016;32389571808;RODOLFO PELISSARI ZAMBOLIN
689705829;1314095;0204030153;TORAX (PA + PERFIL);80089844149;ANA PAULA DOS SANTOS PEREIRA SILVANY;10.09.2026;07:00;0;709603606473179;FABRICIO TEIXEIRA DE SOUZA;05.10.1984;42;504;NILSA APARECIDA TEIXEIRA DE SOUZA;RUA;QUERO-QUERO;CASA 2;320;FÊNIX;79491058;(67)99935-4596;SAO GABRIEL DO OESTE;500769;SAO GABRIEL DO OESTE;500769;2370999;UNIDADE DE SAUDE DA FAMILIA FENIX IV;M;09.09.2026;GUSTAVO_PIAIA;09.09.2026;GUSTAVO_PIAIA;9.50;CONFIRMADO;Z000;;ANTONIO A PALOMBO
689712595;1314095;0204030153;TORAX (PA + PERFIL);01320968112;MARCELO MARTINS ROCHA;09.09.2026;11:00;0;702100732797896;EVA MARTINS DE SOUZA;19.04.1967;59;713;SILVESTRA MARTINS DE SOUZA;RUA;P;;871;CIDADE JARDIM;79492146;(67)99872-4319;SAO GABRIEL DO OESTE;500769;SAO GABRIEL DO OESTE;500769;2370972;UNIDADE DE SAUDE DA FAMILIA MILANE II;F;09.09.2026;FLAVIA_RODRIGUES;09.09.2026;FLAVIA_RODRIGUES;9.50;CONFIRMADO;L10;83798633134;JOAO BAPTISTA BARBOSA SOUZA
689714514;1314115;0204020115;COLUNA TORACO-LOMBAR DINAMICA;59241284153;CLODOALDO DE AZEVEDO CARDOSO;11.09.2026;15:00;0;707804664625515;HOG DE ALMEIDA LATTANZIO;11.04.1961;65;785;MARIA JOSE DE ALMEIDA LATTANZIO;RUA;GOIAS;CASA;1609;CENTRO;79490000;(44)99886-4800;SAO GABRIEL DO OESTE;500769;SAO GABRIEL DO OESTE;500769;2599376;UNIDADE DE SAUDE DA FAMILIA VI;M;09.09.2026;MARIANA_MARTINS;09.09.2026;MARIANA_MARTINS;15.58;CONFIRMADO;M545;06437691107;MAIARA FLORES SCARIOT
689714514;1314113;0204020093;COLUNA TORACICA (AP + LATERAL);59241284153;CLODOALDO DE AZEVEDO CARDOSO;11.09.2026;15:00;0;707804664625515;HOG DE ALMEIDA LATTANZIO;11.04.1961;65;785;MARIA JOSE DE ALMEIDA LATTANZIO;RUA;GOIAS;CASA;1609;CENTRO;79490000;(44)99886-4800;SAO GABRIEL DO OESTE;500769;SAO GABRIEL DO OESTE;500769;2599376;UNIDADE DE SAUDE DA FAMILIA VI;M;09.09.2026;MARIANA_MARTINS;09.09.2026;MARIANA_MARTINS;9.16;CONFIRMADO;M545;06437691107;MAIARA FLORES SCARIOT
689719190;1314025;0204020093;COLUNA DORSAL (AP + LATERAL);59241284153;CLODOALDO DE AZEVEDO CARDOSO;11.09.2026;15:00;0;708601521000187;LURDES DE ASSIS RIBEIRO;16.08.1971;55;661;MARINA GONCALVES;AVENIDA;CAMPO GRANDE;;210;MILANI;79492086;(67)99636-2977;SAO GABRIEL DO OESTE;500769;SAO GABRIEL DO OESTE;500769;6452116;CENTRO DE ESPECIALIDADES MEDICAS;F;09.09.2026;PATRICKMASIAGA;09.09.2026;PATRICKMASIAGA;9.16;PENDENTE;Z016;93393539191;RODOLFO FABIANO NIZ BAREIRO
689719190;1314023;0204020034;COLUNA CERVICAL (AP + LATERAL + TO + OBLIQUAS);59241284153;CLODOALDO DE AZEVEDO CARDOSO;11.09.2026;15:00;0;708601521000187;LURDES DE ASSIS RIBEIRO;16.08.1971;55;661;MARINA GONCALVES;AVENIDA;CAMPO GRANDE;;210;MILANI;79492086;(67)99636-2977;SAO GABRIEL DO OESTE;500769;SAO GABRIEL DO OESTE;500769;6452116;CENTRO DE ESPECIALIDADES MEDICAS;F;09.09.2026;PATRICKMASIAGA;09.09.2026;PATRICKMASIAGA;8.33;PENDENTE;Z016;93393539191;RODOLFO FABIANO NIZ BAREIRO
689719216;1314095;0204030153;TORAX (PA + PERFIL);01320968112;MARCELO MARTINS ROCHA;09.09.2026;11:00;0;700000199985604;EDSON DA SILVA OLIVEIRA;01.05.1988;38;461;MARLI DA SILVA OLIVEIRA;RUA;GREGORIANA;CHACARA;06;PRIMO MAFFISSONI;79490000;(65)3383-1245 / (67)99612-5815;SAO GABRIEL DO OESTE;500769;SAO GABRIEL DO OESTE;500769;7333218;UNIDADE DE SAUDE DA FAMILIA X;M;09.09.2026;RAISSASILVALIMA;09.09.2026;RAISSASILVALIMA;9.50;CONFIRMADO;Z00;63805480172;CLEDSON PERETTI
689723701;1314029;0204020069;COLUNA LOMBO-SACRA;01320968112;MARCELO MARTINS ROCHA;10.09.2026;11:00;0;708709179499396;ROBERTO DA SILVA FARIAS;16.05.1961;65;784;JULIETA GUEDE DA SILVA;RUA;DAS GAIVOTAS;;790;JARDIM GRAMADO;79491018;(67)99692-6537;SAO GABRIEL DO OESTE;500769;SAO GABRIEL DO OESTE;500769;5971055;UNIDADE DE SAUDE DA FAMILIA VIII;M;09.09.2026;JESSICAPADILHA;09.09.2026;JESSICAPADILHA;10.96;CONFIRMADO;Z000;04805244160;RENNAN ORTIZ BUENO
689726571;1314095;0204030153;TORAX (PA + PERFIL);01320968112;MARCELO MARTINS ROCHA;09.09.2026;11:00;0;700108985162814;MAITE MORBEQUE DE LIMA;10.06.2019;07;87;BIANCA CAROLINA DOS SANTOS MORBEQUE;RUA;COLIBRI;CASA;423;JARDIM GRAMADO;79490000;(67)99892-4048;SAO GABRIEL DO OESTE;500769;SAO GABRIEL DO OESTE;500769;6452116;CENTRO DE ESPECIALIDADES MEDICAS;F;09.09.2026;PATRICKMASIAGA;09.09.2026;PATRICKMASIAGA;9.50;PENDENTE;Z016;;CLODOALDO SABINO
689732613;0282063;0301010072;CONSULTA EM OTORRINOLARINGOLOGIA;78877326115;ANA PAULA CAVALIERI PONTES;10.09.2026;18:00;0;702002839221986;ROGERIO DOS SANTOS FERREIRA;25.08.1979;47;565;NELI DOS SANTOS FERREIRA;RUA;CEREJEIRA;CASA;534;SÃO CRISTOVÃO;79491184;(67)99900-5345;SAO GABRIEL DO OESTE;500769;SAO GABRIEL DO OESTE;500769;7002084;UNIDADE DE SAUDE DA FAMILIA IX;M;09.09.2026;FABIELY_MORAES;09.09.2026;FABIELY_MORAES;10.00;PENDENTE;J352;01415181110;ANGELA BENITES
689755346;0282063;0301010072;CONSULTA EM OTORRINOLARINGOLOGIA;78877326115;ANA PAULA CAVALIERI PONTES;17.09.2026;18:10;1;705001860521458;VALDECIR PRADO CINTRA;06.11.1968;57;695;LURDES PRADO CINTRA;FAZENDA;RANCHO SAO JORGE;PROXIMO AREADO;S/N;AREA RURAL DE SAO GABRIEL DO OESTE;79493899;(67)99888-6328;SAO GABRIEL DO OESTE;500769;SAO GABRIEL DO OESTE;500769;6452116;CENTRO DE ESPECIALIDADES MEDICAS;M;09.09.2026;PATRICKMASIAGA;09.09.2026;PATRICKMASIAGA;10.00;PENDENTE;Z016;;JOAO BAPTISTA BARBOSA SOUZA
689764882;1314095;0204030153;TORAX (PA + PERFIL);80089844149;ANA PAULA DOS SANTOS PEREIRA SILVANY;10.09.2026;07:00;0;700207415475529;IZABEL APARECIDA GIURADELLI MONTAGNA;11.04.1969;57;689;TERESINHA GIURADELLI;RUA;ESPÍRITO SANTO;;2493;AMABILE MAFFISSONI;79490108;(67)98409-6576;SAO GABRIEL DO OESTE;500769;SAO GABRIEL DO OESTE;500769;2599376;UNIDADE DE SAUDE DA FAMILIA VI;F;09.09.2026;MARIANA_MARTINS;09.09.2026;MARIANA_MARTINS;9.50;CONFIRMADO;R05;06437691107;MAIARA FLORES SCARIOT
689799672;0282063;0301010072;CONSULTA EM OTORRINOLARINGOLOGIA;78877326115;ANA PAULA CAVALIERI PONTES;10.09.2026;18:00;0;708700147174698;GUILHERME CAETANO PISTORI;27.04.1998;28;341;ROSANA ANDREA CAETANO PISTORI;RUA;SANTO ÂNGELO;FUNDOS;194;MILANI;79492092;(67)99166-6811;SAO GABRIEL DO OESTE;500769;SAO GABRIEL DO OESTE;500769;6452116;CENTRO DE ESPECIALIDADES MEDICAS;M;09.09.2026;PATRICKMASIAGA;09.09.2026;PATRICKMASIAGA;10.00;PENDENTE;Z016;;ALUISIO TEODORO FERNANDES VELLOSO
689858379;0282063;0301010072;CONSULTA EM OTORRINOLARINGOLOGIA;78877326115;ANA PAULA CAVALIERI PONTES;24.09.2026;18:10;1;702908559859171;EDIELCA QUEIROZ DA SILVA;21.12.1977;48;585;JOSEFA MARIA DA SILVA;RUA;COLIBRI;;79;FENIX;79490000;(61)3315-2425 / (11)95470-4663;SAO GABRIEL DO OESTE;500769;SAO GABRIEL DO OESTE;500769;6452116;CENTRO DE ESPECIALIDADES MEDICAS;F;09.09.2026;PATRICKMASIAGA;09.09.2026;PATRICKMASIAGA;10.00;PENDENTE;Z016;78877326115;ANA PAULA CAVALIERI PONTES
689868782;1314082;0204060150;PE D;59241284153;CLODOALDO DE AZEVEDO CARDOSO;10.09.2026;16:00;0;704505384100616;FELIX CARLOS ARGUELHO AGUERO;01.08.1977;49;590;SILVERIA ARGUELHO;RUA;PERNAMBUCO;;554;CENTRO;79490000;(67)99935-6719;SAO GABRIEL DO OESTE;500769;SAO GABRIEL DO OESTE;500769;6452116;CENTRO DE ESPECIALIDADES MEDICAS;M;09.09.2026;PATRICKMASIAGA;09.09.2026;PATRICKMASIAGA;6.78;CONFIRMADO;Z016;00530001101;BRUNO PETINARI UMBELINO
689871125;1314062;0204060095;BACIA;80089844149;ANA PAULA DOS SANTOS PEREIRA SILVANY;10.09.2026;07:00;0;705405458825790;FRANCISCO PEREIRA MORBEQUE;10.03.1948;78;942;MARIA PEREIRA NOVAIS;RUA;CURICACA;;1334;FENIX;79490000;(67)9989-5773;SAO GABRIEL DO OESTE;500769;SAO GABRIEL DO OESTE;500769;2370980;UNIDADE DE SAUDE DA FAMILIA JARDIM GRAMADO I;M;09.09.2026;ELISANGELA_UNIDADEI;09.09.2026;ELISANGELA_UNIDADEI;7.77;CONFIRMADO;M796;;ALCIDES EDUARDO EIBEL
689871125;1314070;0204060125;JOELHO D (AP + LATERAL);80089844149;ANA PAULA DOS SANTOS PEREIRA SILVANY;10.09.2026;07:00;0;705405458825790;FRANCISCO PEREIRA MORBEQUE;10.03.1948;78;942;MARIA PEREIRA NOVAIS;RUA;CURICACA;;1334;FENIX;79490000;(67)9989-5773;SAO GABRIEL DO OESTE;500769;SAO GABRIEL DO OESTE;500769;2370980;UNIDADE DE SAUDE DA FAMILIA JARDIM GRAMADO I;M;09.09.2026;ELISANGELA_UNIDADEI;09.09.2026;ELISANGELA_UNIDADEI;6.78;CONFIRMADO;M796;;ALCIDES EDUARDO EIBEL
689876968;0282063;0301010072;CONSULTA EM OTORRINOLARINGOLOGIA;78877326115;ANA PAULA CAVALIERI PONTES;10.09.2026;18:00;0;708907769622117;LUCIANE DE LIMA;27.02.1972;54;655;CANDIDA BALBINA DE LIMA;RUA;MENOTTI DEL PICCHIA;CASA;545;JARDIM ALVORADA;79490000;(67)99984-4125;SAO GABRIEL DO OESTE;500769;SAO GABRIEL DO OESTE;500769;7333218;UNIDADE DE SAUDE DA FAMILIA X;F;09.09.2026;RAISSASILVALIMA;09.09.2026;RAISSASILVALIMA;10.00;PENDENTE;H920;63805480172;CLEDSON PERETTI
689895093;1314077;0204060168;PERNA E;80089844149;ANA PAULA DOS SANTOS PEREIRA SILVANY;10.09.2026;07:00;0;707605266839992;PEDRO DAVI BARIA SILVA;25.08.2025;01;13;ASHELEY SILVA COSTA;RUA;DAS CURRUIRAS;;1273;JARDIM GRAMADO;79491014;(67)99885-9528;SAO GABRIEL DO OESTE;500769;SAO GABRIEL DO OESTE;500769;6452116;CENTRO DE ESPECIALIDADES MEDICAS;M;09.09.2026;PATRICKMASIAGA;09.09.2026;PATRICKMASIAGA;8.94;CONFIRMADO;S82;93393539191;RODOLFO FABIANO NIZ BAREIRO
689908723;1314071;0204060125;JOELHO E (AP + LATERAL);80089844149;ANA PAULA DOS SANTOS PEREIRA SILVANY;10.09.2026;07:00;0;708600043269782;MARIA ROSA DO CARMO ESPINDOLA;31.03.1984;42;510;APARECIDA DO CARMO;FAZENDA;VERANEIO;;S/N;ZONA RURAL;79493899;(67)99612-8267;SAO GABRIEL DO OESTE;500769;SAO GABRIEL DO OESTE;500769;3400964;UNIDADE DE SAUDE DA FAMILIA RURAL VII;F;09.09.2026;DULCINEIA_MOCCELIN;09.09.2026;DULCINEIA_MOCCELIN;6.78;CONFIRMADO;Z000;02453491113;MILENA GUEDIN VARGAS
689924765;0282063;0301010072;CONSULTA EM OTORRINOLARINGOLOGIA;78877326115;ANA PAULA CAVALIERI PONTES;10.09.2026;18:10;0;702103794768094;IZABELLA BENITES DA SILVA;27.04.2011;15;185;DOMINGA BENITES MARTINS DE SOUZA;RUA;SÃO JORGE;CASA 61;289;JARDIM PRIMAVERA;79490164;(67)99273-4610;SAO GABRIEL DO OESTE;500769;SAO GABRIEL DO OESTE;500769;6354265;CENTRAL DE REGULACAO DE SAO GABRIEL DO OESTE;F;09.09.2026;VANIA_MARIANO;09.09.2026;VANIA_MARIANO;10.00;PENDENTE;H92;;ALUISIO VELLOSO
689958812;1314095;0204030153;TORAX (PA + PERFIL);59241284153;CLODOALDO DE AZEVEDO CARDOSO;14.09.2026;16:00;0;706405139712881;ANDIEULA PAUL;08.11.1967;58;706;DORCILIA JOSEPH;RUA;JOAQUIM HONORIO RIBEIRO ROSA;CASA;284;CENTRO;79490031;(67)99828-6415;SAO GABRIEL DO OESTE;500769;SAO GABRIEL DO OESTE;500769;2591359;UNIDADE DE SAUDE DA FAMILIA V;F;10.09.2026;CHRISTIANEHELEN_FREITAS;10.09.2026;CHRISTIANEHELEN_FREITAS;9.50;CONFIRMADO;Z000;04796956107;JULIANA DA ROCHA PEREIRA MENEZES
689960342;1314078;0204060087;ARTICULACAO TIBIO-TARSICA (TORNOZELO) D;01320968112;MARCELO MARTINS ROCHA;10.09.2026;11:00;0;700505714677250;VALDITE ALVES DOS ANJOS;06.10.1946;80;960;ROSA ANGELICA DIAS;RUA;FRANCISCO MILANI;;1290;MILANI;79492068;(67)99901-0826;SAO GABRIEL DO OESTE;500769;SAO GABRIEL DO OESTE;500769;6452116;CENTRO DE ESPECIALIDADES MEDICAS;F;10.09.2026;PATRICKMASIAGA;10.09.2026;PATRICKMASIAGA;6.50;CONFIRMADO;Z900;00530001101;BRUNO PETINARI UMBELINO
689978969;1314044;0204040060;CLAVICULA E;01320968112;MARCELO MARTINS ROCHA;10.09.2026;11:00;0;700004416253707;JAKSON ANDRADE DE ASSIS;07.07.1997;29;350;IONE DE OLIVEIRA ANDRADE;FAZENDA;SALENCO;;S/N;AREA RURAL DE SAO GABRIEL DO OESTE;79493899;(67)99658-5328;SAO GABRIEL DO OESTE;500769;SAO GABRIEL DO OESTE;500769;6452116;CENTRO DE ESPECIALIDADES MEDICAS;M;10.09.2026;PATRICKMASIAGA;10.09.2026;PATRICKMASIAGA;7.40;CONFIRMADO;S420;89074033172;ROGERIO PADOVANI TOFFOLI
689979841;1314079;0204060087;ARTICULACAO TIBIO-TARSICA (TORNOZELO) E;80089844149;ANA PAULA DOS SANTOS PEREIRA SILVANY;15.09.2026;07:00;0;709004847807411;IRACI BASSANEZI ZAMPIVA;15.04.1946;80;965;ALBINA BASSANEZI;RUA;BAHIA;;940;CENTRO;79490000;(67)3295-1266;SAO GABRIEL DO OESTE;500769;SAO GABRIEL DO OESTE;500769;2591359;UNIDADE DE SAUDE DA FAMILIA V;F;10.09.2026;CHRISTIANEHELEN_FREITAS;10.09.2026;CHRISTIANEHELEN_FREITAS;6.50;CONFIRMADO;M545;04796956107;JULIANA DA ROCHA PEREIRA MENEZES
689979841;1314070;0204060125;JOELHO D (AP + LATERAL);80089844149;ANA PAULA DOS SANTOS PEREIRA SILVANY;15.09.2026;07:00;0;709004847807411;IRACI BASSANEZI ZAMPIVA;15.04.1946;80;965;ALBINA BASSANEZI;RUA;BAHIA;;940;CENTRO;79490000;(67)3295-1266;SAO GABRIEL DO OESTE;500769;SAO GABRIEL DO OESTE;500769;2591359;UNIDADE DE SAUDE DA FAMILIA V;F;10.09.2026;CHRISTIANEHELEN_FREITAS;10.09.2026;CHRISTIANEHELEN_FREITAS;6.78;CONFIRMADO;M545;04796956107;JULIANA DA ROCHA PEREIRA MENEZES
689979841;1314071;0204060125;JOELHO E (AP + LATERAL);80089844149;ANA PAULA DOS SANTOS PEREIRA SILVANY;15.09.2026;07:00;0;709004847807411;IRACI BASSANEZI ZAMPIVA;15.04.1946;80;965;ALBINA BASSANEZI;RUA;BAHIA;;940;CENTRO;79490000;(67)3295-1266;SAO GABRIEL DO OESTE;500769;SAO GABRIEL DO OESTE;500769;2591359;UNIDADE DE SAUDE DA FAMILIA V;F;10.09.2026;CHRISTIANEHELEN_FREITAS;10.09.2026;CHRISTIANEHELEN_FREITAS;6.78;CONFIRMADO;M545;04796956107;JULIANA DA ROCHA PEREIRA MENEZES
689979841;1314078;0204060087;ARTICULACAO TIBIO-TARSICA (TORNOZELO) D;80089844149;ANA PAULA DOS SANTOS PEREIRA SILVANY;15.09.2026;07:00;0;709004847807411;IRACI BASSANEZI ZAMPIVA;15.04.1946;80;965;ALBINA BASSANEZI;RUA;BAHIA;;940;CENTRO;79490000;(67)3295-1266;SAO GABRIEL DO OESTE;500769;SAO GABRIEL DO OESTE;500769;2591359;UNIDADE DE SAUDE DA FAMILIA V;F;10.09.2026;CHRISTIANEHELEN_FREITAS;10.09.2026;CHRISTIANEHELEN_FREITAS;6.50;CONFIRMADO;M545;04796956107;JULIANA DA ROCHA PEREIRA MENEZES
689979841;1314029;0204020069;COLUNA LOMBO-SACRA;80089844149;ANA PAULA DOS SANTOS PEREIRA SILVANY;15.09.2026;07:00;0;709004847807411;IRACI BASSANEZI ZAMPIVA;15.04.1946;80;965;ALBINA BASSANEZI;RUA;BAHIA;;940;CENTRO;79490000;(67)3295-1266;SAO GABRIEL DO OESTE;500769;SAO GABRIEL DO OESTE;500769;2591359;UNIDADE DE SAUDE DA FAMILIA V;F;10.09.2026;CHRISTIANEHELEN_FREITAS;10.09.2026;CHRISTIANEHELEN_FREITAS;10.96;CONFIRMADO;M545;04796956107;JULIANA DA ROCHA PEREIRA MENEZES
689981710;1314070;0204060125;JOELHO D (AP + LATERAL);80089844149;ANA PAULA DOS SANTOS PEREIRA SILVANY;15.09.2026;07:00;0;703403255831119;NILEIDE TEREZINHA ZAMPIVA;31.08.1965;61;733;IRACI BASSANEZI ZAMPIVA;RUA;JOAO RODRIGUES DE MIRANDA;;935;CENTRO;79490000;(67)3295-4846;SAO GABRIEL DO OESTE;500769;SAO GABRIEL DO OESTE;500769;2591359;UNIDADE DE SAUDE DA FAMILIA V;F;10.09.2026;CHRISTIANEHELEN_FREITAS;10.09.2026;CHRISTIANEHELEN_FREITAS;6.78;CONFIRMADO;M51;04796956107;JULIANA DA ROCHA PEREIRA MENEZES
689984184;1314123;0204060150;RADIOGRAFIA PANORAMICA DE PE / DEDOS DO PE;59241284153;CLODOALDO DE AZEVEDO CARDOSO;11.09.2026;15:00;0;700400460429745;MARIA IRONI SANTANA VIEIRA;10.02.1949;77;931;NATALIA DE PAULA SANTANA;RUA;PATATIVAS;;265;FENIX;79490000;(67)99844-0687;SAO GABRIEL DO OESTE;500769;SAO GABRIEL DO OESTE;500769;2370999;UNIDADE DE SAUDE DA FAMILIA FENIX IV;F;10.09.2026;GUSTAVO_PIAIA;10.09.2026;GUSTAVO_PIAIA;6.78;CONFIRMADO;S929;96245646120;RAFAELLA MARIA COSTA GOIS DE FIGUEIREDO
690005865;1314095;0204030153;TORAX (PA + PERFIL);80089844149;ANA PAULA DOS SANTOS PEREIRA SILVANY;16.09.2026;07:00;0;704609682200123;LURDES FONTANA RIQUETTI;21.05.1953;73;880;TEREZA ARTUSO FONTANA;CHACARA;RIQUETTI;CHÁCARA;9;ZONA RURAL;79490000;(67)3295-4676;SAO GABRIEL DO OESTE;500769;SAO GABRIEL DO OESTE;500769;6452116;CENTRO DE ESPECIALIDADES MEDICAS;F;10.09.2026;PATRICKMASIAGA;10.09.2026;PATRICKMASIAGA;9.50;CONFIRMADO;Z099;70808015087;CELIO HELEGDA
690005865;1314110;0204030153;TORAX (PA + PERFIL) PRE-OPERATORIO;80089844149;ANA PAULA DOS SANTOS PEREIRA SILVANY;16.09.2026;07:00;0;704609682200123;LURDES FONTANA RIQUETTI;21.05.1953;73;880;TEREZA ARTUSO FONTANA;CHACARA;RIQUETTI;CHÁCARA;9;ZONA RURAL;79490000;(67)3295-4676;SAO GABRIEL DO OESTE;500769;SAO GABRIEL DO OESTE;500769;6452116;CENTRO DE ESPECIALIDADES MEDICAS;F;10.09.2026;PATRICKMASIAGA;10.09.2026;PATRICKMASIAGA;9.50;CONFIRMADO;Z099;70808015087;CELIO HELEGDA
690011371;1314054;0204040124;PUNHO E (AP + LATERAL + OBLIQUA);01320968112;MARCELO MARTINS ROCHA;10.09.2026;11:00;0;704809536201747;DAVI SOUZA LIMA;29.06.2016;10;123;VIVIAN DE SOUZA XAVIER;RUA;SÃO JORGE;CASA 23;145;JARDIM PRIMAVERA;79490164;(67)99684-5540;SAO GABRIEL DO OESTE;500769;SAO GABRIEL DO OESTE;500769;6452116;CENTRO DE ESPECIALIDADES MEDICAS;M;10.09.2026;ANDREIA_CEM;10.09.2026;ANDREIA_CEM;6.91;CONFIRMADO;Z016;;HUDSON PERES DORIGAO
690011371;1314053;0204040124;PUNHO D (AP + LATERAL + OBLIQUA);01320968112;MARCELO MARTINS ROCHA;10.09.2026;11:00;0;704809536201747;DAVI SOUZA LIMA;29.06.2016;10;123;VIVIAN DE SOUZA XAVIER;RUA;SÃO JORGE;CASA 23;145;JARDIM PRIMAVERA;79490164;(67)99684-5540;SAO GABRIEL DO OESTE;500769;SAO GABRIEL DO OESTE;500769;6452116;CENTRO DE ESPECIALIDADES MEDICAS;M;10.09.2026;ANDREIA_CEM;10.09.2026;ANDREIA_CEM;6.91;CONFIRMADO;Z016;;HUDSON PERES DORIGAO
690034116;1314054;0204040124;PUNHO E (AP + LATERAL + OBLIQUA);80089844149;ANA PAULA DOS SANTOS PEREIRA SILVANY;14.09.2026;07:00;0;708706118681396;KAOARA ASCHI DALLA ROSA;19.10.2012;13;167;SAIONARA FATIMA ASCHI;RUA;ALAGOAS;CASA;2189;CENTRO;79490000;(65)99933-1758;SAO GABRIEL DO OESTE;500769;SAO GABRIEL DO OESTE;500769;6452116;CENTRO DE ESPECIALIDADES MEDICAS;F;10.09.2026;PATRICKMASIAGA;10.09.2026;PATRICKMASIAGA;6.91;PENDENTE;Z099;00530001101;BRUNO PETINARI UMBELINO
690035363;1314054;0204040124;PUNHO E (AP + LATERAL + OBLIQUA);80089844149;ANA PAULA DOS SANTOS PEREIRA SILVANY;25.09.2026;07:00;0;702806631357067;SALETE LUIZA PERUZZO;21.06.1956;70;843;AURELIA DE MARCO;RUA;RIO DE JANEIRO;;2160;CENTRO;79490000;(67)3295-3018;SAO GABRIEL DO OESTE;500769;SAO GABRIEL DO OESTE;500769;6452116;CENTRO DE ESPECIALIDADES MEDICAS;F;10.09.2026;PATRICKMASIAGA;10.09.2026;PATRICKMASIAGA;6.91;CONFIRMADO;Z099;93393539191;RODOLFO FABIANO NIZ BAREIRO
690059180;1314123;0204060150;RADIOGRAFIA PANORAMICA DE PE / DEDOS DO PE;59241284153;CLODOALDO DE AZEVEDO CARDOSO;10.09.2026;16:00;0;704201254636086;LUIZ CARLOS FREITAS BRANDAO;09.06.1969;57;687;VILMA FREITAS BRANDAO;RUA;JOAO DE ALMEIDA SAMPAIO;;461;JARDIM GRAMADO;79490000;(67)99867-5524;SAO GABRIEL DO OESTE;500769;SAO GABRIEL DO OESTE;500769;2370980;UNIDADE DE SAUDE DA FAMILIA JARDIM GRAMADO I;M;10.09.2026;ELISANGELA_UNIDADEI;10.09.2026;ELISANGELA_UNIDADEI;6.78;CONFIRMADO;M796;;ALCIDES EDUARDO EIBEL
690060801;1314110;0204030153;TORAX (PA + PERFIL) PRE-OPERATORIO;59241284153;CLODOALDO DE AZEVEDO CARDOSO;10.09.2026;16:00;0;708201613848046;LUCIANA DA SILVA DOS SANTOS;13.06.1984;42;507;LUZIA DA SILVA DOS SANTOS;RUA;IPÊ;;464;SÃO CRISTOVÃO;79491180;(67)3295-1902 / (67)99977-7593;SAO GABRIEL DO OESTE;500769;SAO GABRIEL DO OESTE;500769;6452116;CENTRO DE ESPECIALIDADES MEDICAS;F;10.09.2026;PATRICKMASIAGA;10.09.2026;PATRICKMASIAGA;9.50;CONFIRMADO;Z099;;LUCINALDO BASSO
690129597;1314095;0204030153;TORAX (PA + PERFIL);87751593172;CRISTIANE DE SOUZA PEREIRA;10.09.2026;21:00;0;700502756051454;WEVERSON DIAS SOARES;06.12.1990;35;430;CONCEICAO DIAS DA ROCHA SOARES;RUA;BAHIA;CASA 03;1694;AMABILE MAFFISSONI;79490106;(67)9849-6012;SAO GABRIEL DO OESTE;500769;SAO GABRIEL DO OESTE;500769;6452116;CENTRO DE ESPECIALIDADES MEDICAS;M;10.09.2026;ANDREIA_CEM;10.09.2026;ANDREIA_CEM;9.50;CONFIRMADO;Z016;;LUCINALDO BASSO
690144330;1314118;0204020069;COLUNA LOMBAR (AP + PERFIL);59241284153;CLODOALDO DE AZEVEDO CARDOSO;10.09.2026;16:00;0;700508771295658;GISLAINE PEREIRA DOS SANTOS MIRANDA;21.08.1985;41;493;CASSILDA ERNESTO;FAZENDA;LAGOA PORA;;S/N;RURAL;79490000;(67)99943-3558;SAO GABRIEL DO OESTE;500769;SAO GABRIEL DO OESTE;500769;3400964;UNIDADE DE SAUDE DA FAMILIA RURAL VII;F;10.09.2026;DULCINEIA_MOCCELIN;10.09.2026;DULCINEIA_MOCCELIN;10.96;CONFIRMADO;M545;02453491113;MILENA GUEDIN VARGAS
690147922;0282063;0301010072;CONSULTA EM OTORRINOLARINGOLOGIA;78877326115;ANA PAULA CAVALIERI PONTES;17.09.2026;18:00;0;708404763841765;TAINARA BRITO PEDO;06.12.1999;26;322;KELY LUANA DA SILVA BRITO PEDO;RUA;HILDO NICARETTA;;2089;PRIMO MAFFISSONI;79490280;(67)99904-2199;SAO GABRIEL DO OESTE;500769;SAO GABRIEL DO OESTE;500769;6354265;CENTRAL DE REGULACAO DE SAO GABRIEL DO OESTE;F;10.09.2026;CLEIDIANE_REGULACAO;10.09.2026;CLEIDIANE_REGULACAO;10.00;PENDENTE;H90;;CLEDSON PERETTI
690161210;1314070;0204060125;JOELHO D (AP + LATERAL);87751593172;CRISTIANE DE SOUZA PEREIRA;16.09.2026;16:00;0;706209504003666;FELIPE MARTINS DE LIMA;10.03.1980;46;558;REGINA MARTINS DE LIMA;RUA;DAS PERDIZES;;1428;SAO CRISTOVAO;79491192;(67)99907-1683;SAO GABRIEL DO OESTE;500769;SAO GABRIEL DO OESTE;500769;6452116;CENTRO DE ESPECIALIDADES MEDICAS;M;10.09.2026;PATRICKMASIAGA;10.09.2026;PATRICKMASIAGA;6.78;CONFIRMADO;Z099;06302616603;ROMULO AMARAL TAFURI
690167768;1314054;0204040124;PUNHO E (AP + LATERAL + OBLIQUA);80089844149;ANA PAULA DOS SANTOS PEREIRA SILVANY;11.09.2026;07:00;0;700208954006925;ANTONELLA MASNOWSKI FAVA;13.12.2000;25;309;ALICIA MASNOWSKI;RUA;ESTUDANTE ELIAS BORGMAN;;1808;JARDIM ALVORADA;79490000;(67)99995-7185;SAO GABRIEL DO OESTE;500769;SAO GABRIEL DO OESTE;500769;7333218;UNIDADE DE SAUDE DA FAMILIA X;F;10.09.2026;RAISSASILVALIMA;10.09.2026;RAISSASILVALIMA;6.91;CONFIRMADO;Z00;63805480172;CLEDSON PERETTI
690167768;1314049;0204040078;COTOVELO D;80089844149;ANA PAULA DOS SANTOS PEREIRA SILVANY;11.09.2026;07:00;0;700208954006925;ANTONELLA MASNOWSKI FAVA;13.12.2000;25;309;ALICIA MASNOWSKI;RUA;ESTUDANTE ELIAS BORGMAN;;1808;JARDIM ALVORADA;79490000;(67)99995-7185;SAO GABRIEL DO OESTE;500769;SAO GABRIEL DO OESTE;500769;7333218;UNIDADE DE SAUDE DA FAMILIA X;F;10.09.2026;RAISSASILVALIMA;10.09.2026;RAISSASILVALIMA;5.90;CONFIRMADO;Z00;63805480172;CLEDSON PERETTI
690170372;1314054;0204040124;PUNHO E (AP + LATERAL + OBLIQUA);59241284153;CLODOALDO DE AZEVEDO CARDOSO;10.09.2026;16:00;0;703207603132298;GILMAR DA SILVA VIEIRA;01.01.1981;45;549;APARECIDA DA SILVA VIEIRA;RUA;CURIO;;584;JARDIM GRAMADO;79491012;(67)99692-4705;SAO GABRIEL DO OESTE;500769;SAO GABRIEL DO OESTE;500769;6452116;CENTRO DE ESPECIALIDADES MEDICAS;M;10.09.2026;ANDREIA_CEM;10.09.2026;ANDREIA_CEM;6.91;CONFIRMADO;Z016;93393539191;RODOLFO FABIANO NIZ BAREIRO
690182822;1314121;0204060095;RADIOGRAFIA PANORAMICA DE BACIA;59241284153;CLODOALDO DE AZEVEDO CARDOSO;14.09.2026;16:00;0;702105753646999;DJOVANA DJANADAYO RODRIGUES DE FREITAS CAMPOS;24.11.1988;37;454;VIRGINIA RODRIGUES DA FONSECA;RUA;AZULÃO;;1635;FÊNIX;79490000;(67)99239-1961;SAO GABRIEL DO OESTE;500769;SAO GABRIEL DO OESTE;500769;6452116;CENTRO DE ESPECIALIDADES MEDICAS;F;10.09.2026;PATRICKMASIAGA;10.09.2026;PATRICKMASIAGA;7.77;CONFIRMADO;Z099;;ROMULO AMARAL TARUFI
690195053;0299008;0301010072;CONSULTA EM CIRURGIA VASCULAR – GERAL;70808015087;CELIO HELEGDA;22.09.2026;17:50;1;709601671909774;AUSENOR OLIVEIRA FILHO;13.05.1947;79;952;ISAURA ROSA DE OLIVEIRA;RUA;DAS ANHUMAS;;1156;JARDIM GRAMADO;79491016;(67)99947-6826;SAO GABRIEL DO OESTE;500769;SAO GABRIEL DO OESTE;500769;5971055;UNIDADE DE SAUDE DA FAMILIA VIII;M;10.09.2026;JESSICAPADILHA;11.09.2026;VANIA_MARIANO;10.00;PENDENTE;Z000;;CELIO HELEGDA
690207148;0282063;0301010072;CONSULTA EM OTORRINOLARINGOLOGIA;78877326115;ANA PAULA CAVALIERI PONTES;17.09.2026;18:00;0;702803658895563;ADRIANA DOS SANTOS CARLOS;31.05.1989;37;448;APARECIDA DOS SANTOS CARLOS;RUA;ORALINO MAFFISSONI;;2796;PRIMO MAFFISSONI;79490000;(67)99843-3982;SAO GABRIEL DO OESTE;500769;SAO GABRIEL DO OESTE;500769;6354265;CENTRAL DE REGULACAO DE SAO GABRIEL DO OESTE;F;10.09.2026;ELIETE_SAOGABRIEL;10.09.2026;ELIETE_SAOGABRIEL;10.00;PENDENTE;Z00;65742103653;SOLICITANTE_SAO GABRIEL DO OESTE
690246697;0282063;0301010072;CONSULTA EM OTORRINOLARINGOLOGIA;78877326115;ANA PAULA CAVALIERI PONTES;17.09.2026;18:00;0;703007854713870;LUIGI INACIO EISING BARBOSA;14.06.2011;15;183;RUDINEIA EISING;RUA;CANARIOS;;1052;JARDIM GRAMADO;79490000;(67)99648-8856;SAO GABRIEL DO OESTE;500769;SAO GABRIEL DO OESTE;500769;2370980;UNIDADE DE SAUDE DA FAMILIA JARDIM GRAMADO I;M;11.09.2026;ELISANGELA_UNIDADEI;11.09.2026;ELISANGELA_UNIDADEI;10.00;PENDENTE;J34;;ALCIDES EDUARDO EIBEL
690264522;1314095;0204030153;TORAX (PA + PERFIL);01320968112;MARCELO MARTINS ROCHA;16.09.2026;11:00;0;709002800685415;IRACEMA LOURDES TEODORO DE VARGAS;30.01.1962;64;776;EMILIA CORREA TEODORO;ACAMPAMENTO;ITAQUI;;76;RURAL;79490000;(67)99831-8203;SAO GABRIEL DO OESTE;500769;SAO GABRIEL DO OESTE;500769;2591359;UNIDADE DE SAUDE DA FAMILIA V;F;11.09.2026;CHRISTIANEHELEN_FREITAS;11.09.2026;CHRISTIANEHELEN_FREITAS;9.50;CONFIRMADO;K21;;KALYNKA SILVA HIGINO
690276272;1314062;0204060095;BACIA;87751593172;CRISTIANE DE SOUZA PEREIRA;11.09.2026;19:00;0;700002282976007;CLEUZA SIQUEIRA DE SOUZA;21.02.1959;67;811;MARIA ARANTE DE SOUZA;RUA;ANHUMAS;;955;JARDIM GRAMADO;79490000;(67)99612-1623;SAO GABRIEL DO OESTE;500769;SAO GABRIEL DO OESTE;500769;2370980;UNIDADE DE SAUDE DA FAMILIA JARDIM GRAMADO I;F;11.09.2026;ELISANGELA_UNIDADEI;11.09.2026;ELISANGELA_UNIDADEI;7.77;CONFIRMADO;M255;;ALCIDES EDUARDO EIBEL
690290104;1314114;0204020107;COLUNA TORACO-LOMBAR;87751593172;CRISTIANE DE SOUZA PEREIRA;11.09.2026;19:00;0;706508339276696;DALVA BELARDO DE JESUS;21.01.1978;48;584;ANA MARIA DE JESUS;AVENIDA;TUIUIU 1/1465;;1169;JARDIM GRAMADO;79491006;(67)99685-3516;SAO GABRIEL DO OESTE;500769;SAO GABRIEL DO OESTE;500769;2370980;UNIDADE DE SAUDE DA FAMILIA JARDIM GRAMADO I;F;11.09.2026;ELISANGELA_UNIDADEI;11.09.2026;ELISANGELA_UNIDADEI;9.73;CONFIRMADO;M545;;ALCIDES EDUARDO EIBEL
690293142;0282063;0301010072;CONSULTA EM OTORRINOLARINGOLOGIA;78877326115;ANA PAULA CAVALIERI PONTES;24.09.2026;18:10;1;700606499377561;ANTONIO MENDES DE MOURA NETO;17.03.1975;51;618;RITA LUISA DE CARVALHO;RUA;TANGARA;;880;FÊNIX;79490000;(67)99809-4942;SAO GABRIEL DO OESTE;500769;SAO GABRIEL DO OESTE;500769;6452116;CENTRO DE ESPECIALIDADES MEDICAS;M;11.09.2026;PATRICKMASIAGA;11.09.2026;PATRICKMASIAGA;10.00;PENDENTE;Z099;78877326115;ANA PAULA CAVALIERI PONTES
690293774;1314110;0204030153;TORAX (PA + PERFIL) PRE-OPERATORIO;87751593172;CRISTIANE DE SOUZA PEREIRA;16.09.2026;16:00;0;705609460760015;ABADIA DA SILVA OLIVEIRA DE JESUS;10.12.1966;59;717;ANTONIA DA SILVA OLIVEIRA;RUA;CANÁRIOS;;1857;FÊNIX;79491078;(67)99122-3474 / (67)99824-0985;SAO GABRIEL DO OESTE;500769;SAO GABRIEL DO OESTE;500769;6452116;CENTRO DE ESPECIALIDADES MEDICAS;F;11.09.2026;PATRICKMASIAGA;11.09.2026;PATRICKMASIAGA;9.50;CONFIRMADO;Z099;93393539191;RODOLFO FABIANO NIZ BAREIRO
690301611;1314070;0204060125;JOELHO D (AP + LATERAL);87751593172;CRISTIANE DE SOUZA PEREIRA;11.09.2026;19:00;0;706304777623875;ADILSON DILMAR KULPA;02.09.1977;49;589;MARIA DE LOURDES KULPA;RUA;09;;205;CENTRO;78635000;(45)99914-1923;AGUA BOA;510020;SAO GABRIEL DO OESTE;500769;6452116;CENTRO DE ESPECIALIDADES MEDICAS;M;11.09.2026;PATRICKMASIAGA;11.09.2026;PATRICKMASIAGA;6.78;CONFIRMADO;M23;;JULIANA MENEZES
690302673;0282063;0301010072;CONSULTA EM OTORRINOLARINGOLOGIA;78877326115;ANA PAULA CAVALIERI PONTES;17.09.2026;18:00;0;706801254487324;HEITOR DA CUNHA BRASIL;03.11.2021;04;59;JOANA MARIA DA CUNHA GONCALVES;RUA;GARÇAS;;1066;FÊNIX;79491060;(67)99868-3747;SAO GABRIEL DO OESTE;500769;SAO GABRIEL DO OESTE;500769;2370999;UNIDADE DE SAUDE DA FAMILIA FENIX IV;M;11.09.2026;GUSTAVO_PIAIA;11.09.2026;GUSTAVO_PIAIA;10.00;PENDENTE;J310;96245646120;RAFAELLA MARIA COSTA GOIS DE FIGUEIREDO
690310613;1314110;0204030153;TORAX (PA + PERFIL) PRE-OPERATORIO;87751593172;CRISTIANE DE SOUZA PEREIRA;14.09.2026;21:00;0;704808534427046;JUAN CARLOS BRITO LONGART;29.08.1977;49;589;CARMEN CAMUCHA BRITO;RUA;ANTONIO LÚCIO;ACS RENARA;907;PARQUE DOS DIAMANTES;79450000;(95)3592-1007;ROCHEDO;500750;SAO GABRIEL DO OESTE;500769;2370980;UNIDADE DE SAUDE DA FAMILIA JARDIM GRAMADO I;M;11.09.2026;ELISANGELA_UNIDADEI;11.09.2026;ELISANGELA_UNIDADEI;9.50;CONFIRMADO;Z10;;ALCIDES EDUARDO EIBEL
690319679;0299008;0301010072;CONSULTA EM CIRURGIA VASCULAR – GERAL;70808015087;CELIO HELEGDA;22.09.2026;17:50;0;708709179499396;ROBERTO DA SILVA FARIAS;16.05.1961;65;784;JULIETA GUEDE DA SILVA;RUA;DAS GAIVOTAS;;790;JARDIM GRAMADO;79491018;(67)99692-6537;SAO GABRIEL DO OESTE;500769;SAO GABRIEL DO OESTE;500769;5971055;UNIDADE DE SAUDE DA FAMILIA VIII;M;11.09.2026;JESSICAPADILHA;11.09.2026;VANIA_MARIANO;10.00;PENDENTE;I739;04805244160;RENNAN ORTIZ BUENO
690320362;1314128;0204030153;RADIOGRAFIA PANORAMICA DE TORAX (PA E PERFIL);87751593172;CRISTIANE DE SOUZA PEREIRA;11.09.2026;19:00;0;703607069895236;LUCAS DAVI ZEBALLOS LOPES;26.08.2015;11;133;TAIZA JULIA LOPES ZEBALLOS;RUA;CURIO;;498;JARDIM GRAMADO;79491012;(67)99688-6083;SAO GABRIEL DO OESTE;500769;SAO GABRIEL DO OESTE;500769;5971055;UNIDADE DE SAUDE DA FAMILIA VIII;M;11.09.2026;JESSICAPADILHA;11.09.2026;JESSICAPADILHA;9.50;PENDENTE;Z000;04805244160;RENNAN ORTIZ BUENO
690328175;0299008;0301010072;CONSULTA EM CIRURGIA VASCULAR – GERAL;70808015087;CELIO HELEGDA;15.09.2026;17:30;0;704509308130910;SATURNINO PEDRO ROLIM;12.03.1949;77;930;MARIA FERREIRA ROLIM;RUA;ALAGOAS;CASA;1405;CENTRO;79490000;(67)99623-5455;SAO GABRIEL DO OESTE;500769;SAO GABRIEL DO OESTE;500769;2591359;UNIDADE DE SAUDE DA FAMILIA V;M;11.09.2026;CHRISTIANEHELEN_FREITAS;14.09.2026;VANIA_MARIANO;10.00;PENDENTE;I743;04796956107;JULIANA DA ROCHA PEREIRA MENEZES
690402488;1314110;0204030153;TORAX (PA + PERFIL) PRE-OPERATORIO;80089844149;ANA PAULA DOS SANTOS PEREIRA SILVANY;14.09.2026;07:00;0;706506316665899;PATRICIA SANTOS DA SILVA;20.06.1985;41;495;TEREZA CRUZ DOS SANTOS;FAZENDA;ACENTAMENTO PATATIVAS DO ACARE;LOTE 21;21;RURAL;79490000;(67)99860-0316;SAO GABRIEL DO OESTE;500769;SAO GABRIEL DO OESTE;500769;6452116;CENTRO DE ESPECIALIDADES MEDICAS;F;14.09.2026;PATRICKMASIAGA;14.09.2026;PATRICKMASIAGA;9.50;PENDENTE;Z099;;LUCINALDO BASSO
690409657;1314128;0204030153;RADIOGRAFIA PANORAMICA DE TORAX (PA E PERFIL);59241284153;CLODOALDO DE AZEVEDO CARDOSO;14.09.2026;16:00;0;703607069895236;LUCAS DAVI ZEBALLOS LOPES;26.08.2015;11;133;TAIZA JULIA LOPES ZEBALLOS;RUA;CURIO;;498;JARDIM GRAMADO;79491012;(67)99688-6083;SAO GABRIEL DO OESTE;500769;SAO GABRIEL DO OESTE;500769;5971055;UNIDADE DE SAUDE DA FAMILIA VIII;M;14.09.2026;JESSICAPADILHA;14.09.2026;JESSICAPADILHA;9.50;CONFIRMADO;Z000;04805244160;RENNAN ORTIZ BUENO
690414438;1314095;0204030153;TORAX (PA + PERFIL);59241284153;CLODOALDO DE AZEVEDO CARDOSO;14.09.2026;16:00;0;700201956036426;JONAS AFONSO NETO;13.12.1940;85;1029;ANA MARIA DE JESUS;RUA;JOAQUIM HONORIO RIBEIRO ROSA 1200/99998;;1215;PRIMO MAFFISSONI;79490322;(18)98137-1360;SAO GABRIEL DO OESTE;500769;SAO GABRIEL DO OESTE;500769;2591359;UNIDADE DE SAUDE DA FAMILIA V;M;14.09.2026;CHRISTIANEHELEN_FREITAS;14.09.2026;CHRISTIANEHELEN_FREITAS;9.50;CONFIRMADO;Z48;04796956107;JULIANA DA ROCHA PEREIRA MENEZES
690446621;1314031;0204020085;COLUNA LOMBO-SACRA FUNCIONAL / DINAMICA;80089844149;ANA PAULA DOS SANTOS PEREIRA SILVANY;15.09.2026;07:00;0;700300984343433;EVANDA DA SILVA GONCALVES;12.01.1992;34;416;MARIA AUXILIADORA DA SILVA;FAZENDA;RINCÃO;;S/N;AREA RURAL DE SAO GABRIEL DO OESTE;79493899;(65)99639-3303 / (65)99816-9174;SAO GABRIEL DO OESTE;500769;SAO GABRIEL DO OESTE;500769;6452116;CENTRO DE ESPECIALIDADES MEDICAS;F;14.09.2026;PATRICKMASIAGA;14.09.2026;PATRICKMASIAGA;16.88;CONFIRMADO;Z099;04469955680;DANIEL ROCHA DO CARMO
690449848;1314095;0204030153;TORAX (PA + PERFIL);87751593172;CRISTIANE DE SOUZA PEREIRA;18.09.2026;15:00;0;707104858784720;VALDECIR MALACARNE;11.06.1969;57;687;IZOLDA SIEGA MALACARNE;AVENIDA;CASTELO BRANCO;CASA;1669;PRIMO MAFFISSONI;79490000;(67)99643-8596 / (67)99644-9751;SAO GABRIEL DO OESTE;500769;SAO GABRIEL DO OESTE;500769;6354265;CENTRAL DE REGULACAO DE SAO GABRIEL DO OESTE;M;14.09.2026;CLEIDIANE_REGULADOR;14.09.2026;CLEIDIANE_REGULADOR;9.50;CONFIRMADO;Z018;;EVA WILMA GUIMARAES
690462288;0282063;0301010072;CONSULTA EM OTORRINOLARINGOLOGIA;78877326115;ANA PAULA CAVALIERI PONTES;17.09.2026;18:00;0;700508786691651;EUGENIO KOSLOSKI;24.10.1946;79;959;ANNA LEMANSKI KOSLOSKI;RUA;PIRATINI;CASA;310;MILANI;79490000;(67)99948-2215 / (67)99972-9888 / (67)99849-2215;SAO GABRIEL DO OESTE;500769;SAO GABRIEL DO OESTE;500769;6452116;CENTRO DE ESPECIALIDADES MEDICAS;M;14.09.2026;PATRICKMASIAGA;14.09.2026;PATRICKMASIAGA;10.00;PENDENTE;Z099;;PAULO FENELON MARINHO 
690465636;1314075;0204060141;JOELHO / ROTULA E (AP + LATERAL + OBLIQUAS + 3 AXIAIS);01320968112;MARCELO MARTINS ROCHA;18.09.2026;11:00;0;702303118209613;JOSE LUIZ DE OLIVEIRA;22.09.1969;57;684;ADELINA ADELAIDE DE OLIVEIRA;RUA;ALAGOAS;;1244;PRIMO MAFFISSONI;79490258;(67)99618-9008 / (67)98150-8080;SAO GABRIEL DO OESTE;500769;SAO GABRIEL DO OESTE;500769;6452116;CENTRO DE ESPECIALIDADES MEDICAS;M;14.09.2026;PATRICKMASIAGA;14.09.2026;PATRICKMASIAGA;9.29;CONFIRMADO;Z099;06302616603;ROMULO AMARAL TAFURI
690465636;1314074;0204060141;JOELHO / ROTULA D (AP + LATERAL + OBLIQUAS + 3 AXIAIS);01320968112;MARCELO MARTINS ROCHA;18.09.2026;11:00;0;702303118209613;JOSE LUIZ DE OLIVEIRA;22.09.1969;57;684;ADELINA ADELAIDE DE OLIVEIRA;RUA;ALAGOAS;;1244;PRIMO MAFFISSONI;79490258;(67)99618-9008 / (67)98150-8080;SAO GABRIEL DO OESTE;500769;SAO GABRIEL DO OESTE;500769;6452116;CENTRO DE ESPECIALIDADES MEDICAS;M;14.09.2026;PATRICKMASIAGA;14.09.2026;PATRICKMASIAGA;9.29;CONFIRMADO;Z099;06302616603;ROMULO AMARAL TAFURI
690470226;1314107;0204050120;ABDOMEN AGUDO (MINIMO DE 3 INCIDENCIAS);01320968112;MARCELO MARTINS ROCHA;14.09.2026;11:00;0;702000808266188;ELECIR FRANCISCA DE ARRUDA;03.03.1968;58;703;JOANA FRANCISCA DE ARRUDA;RUA;OITI;;275;SÃO CRISTÓVÃO;79490000;(67)9945-5867;SAO GABRIEL DO OESTE;500769;SAO GABRIEL DO OESTE;500769;7002084;UNIDADE DE SAUDE DA FAMILIA IX;F;14.09.2026;FABIELY_MORAES;14.09.2026;FABIELY_MORAES;15.30;CONFIRMADO;R103;96040653191;PAULO FENELON MARINHO
690476384;1314062;0204060095;BACIA;01320968112;MARCELO MARTINS ROCHA;15.09.2026;11:00;0;702802107157166;DANIEL IFRAN;13.08.1969;57;685;DORACI DA SILVA BAZANO;RUA;G;;425;CIDADE JARDIM;79492126;(67)99831-2660 / (67)99965-9994;SAO GABRIEL DO OESTE;500769;SAO GABRIEL DO OESTE;500769;2370972;UNIDADE DE SAUDE DA FAMILIA MILANE II;M;14.09.2026;FLAVIA_RODRIGUES;14.09.2026;FLAVIA_RODRIGUES;7.77;CONFIRMADO;Z000;02453491113;MILENA GUEDIN VARGAS
690493814;1314008;0204010144;SEIOS DA FACE (FN + MN + LATERAL + HIRTZ);01320968112;MARCELO MARTINS ROCHA;17.09.2026;11:00;0;706500325496691;JOSE FERREIRA DE SOUSA;18.06.1957;69;831;ANA FERREIRA DE SOUSA;RUA;CURICACAS;;866;JARDIM GRAMADO;79490000;(67)9950-8166;SAO GABRIEL DO OESTE;500769;SAO GABRIEL DO OESTE;500769;3400964;UNIDADE DE SAUDE DA FAMILIA RURAL VII;M;14.09.2026;ISABEL_PINHEIRO;14.09.2026;ISABEL_PINHEIRO;7.32;CONFIRMADO;Z760;00612619630;KALYNKA SILVIA HIGINO
690493814;1314095;0204030153;TORAX (PA + PERFIL);01320968112;MARCELO MARTINS ROCHA;17.09.2026;11:00;0;706500325496691;JOSE FERREIRA DE SOUSA;18.06.1957;69;831;ANA FERREIRA DE SOUSA;RUA;CURICACAS;;866;JARDIM GRAMADO;79490000;(67)9950-8166;SAO GABRIEL DO OESTE;500769;SAO GABRIEL DO OESTE;500769;3400964;UNIDADE DE SAUDE DA FAMILIA RURAL VII;M;14.09.2026;ISABEL_PINHEIRO;14.09.2026;ISABEL_PINHEIRO;9.50;CONFIRMADO;Z760;00612619630;KALYNKA SILVIA HIGINO
690501699;1314050;0204040078;COTOVELO E;01320968112;MARCELO MARTINS ROCHA;15.09.2026;11:00;0;700300908371030;LUAN DIVINO DE OLIVEIRA;10.10.2003;22;275;MARIZETE DA SILVA DIVINO;RUA;TARUMÃ;;271;SÃO CRISTOVÃO;79491174;(67)9693-7444 / (67)99948-5904;SAO GABRIEL DO OESTE;500769;SAO GABRIEL DO OESTE;500769;6452116;CENTRO DE ESPECIALIDADES MEDICAS;M;14.09.2026;PATRICKMASIAGA;14.09.2026;PATRICKMASIAGA;5.90;CONFIRMADO;Z099;;VANIA GOMES MARIANO
690524993;1314056;0204040094;MAO E (DUAS INCIDENCIAS);59241284153;CLODOALDO DE AZEVEDO CARDOSO;14.09.2026;16:00;0;702409035159621;FERNANDA DOS SANTOS TEIXEIRA;16.11.1986;39;478;MARINA DOS SANTOS PEREIRA TEIXEIRA;RUA;TANGARÁ;;281;SÃO CRISTOVÃO;79491176;(67)99826-7421;SAO GABRIEL DO OESTE;500769;SAO GABRIEL DO OESTE;500769;7002084;UNIDADE DE SAUDE DA FAMILIA IX;F;14.09.2026;FABIELY_MORAES;14.09.2026;FABIELY_MORAES;6.30;CONFIRMADO;M796;96040653191;PAULO FENELON MARINHO
690544631;1314113;0204020093;COLUNA TORACICA (AP + LATERAL);87751593172;CRISTIANE DE SOUZA PEREIRA;15.09.2026;16:00;0;703403256511010;RUTE DEOLINDO DAVID;01.04.1987;39;474;SELMA DEOLINDO DAVID;RUA;PARANA 1/2399;- ATE 2398/2399;1564;CENTRO;79490007;(61)99139-8759 / (61)99139-8759;SAO GABRIEL DO OESTE;500769;SAO GABRIEL DO OESTE;500769;2599376;UNIDADE DE SAUDE DA FAMILIA VI;F;14.09.2026;MARIANA_MARTINS;14.09.2026;MARIANA_MARTINS;9.16;CONFIRMADO;M400;06437691107;MAIARA FLORES SCARIOT
690544631;1314023;0204020034;COLUNA CERVICAL (AP + LATERAL + TO + OBLIQUAS);87751593172;CRISTIANE DE SOUZA PEREIRA;15.09.2026;16:00;0;703403256511010;RUTE DEOLINDO DAVID;01.04.1987;39;474;SELMA DEOLINDO DAVID;RUA;PARANA 1/2399;- ATE 2398/2399;1564;CENTRO;79490007;(61)99139-8759 / (61)99139-8759;SAO GABRIEL DO OESTE;500769;SAO GABRIEL DO OESTE;500769;2599376;UNIDADE DE SAUDE DA FAMILIA VI;F;14.09.2026;MARIANA_MARTINS;14.09.2026;MARIANA_MARTINS;8.33;CONFIRMADO;M400;06437691107;MAIARA FLORES SCARIOT
690591728;1314095;0204030153;TORAX (PA + PERFIL);87751593172;CRISTIANE DE SOUZA PEREIRA;15.09.2026;16:00;0;702800142188267;WESLLER GONCALVES DE SOUZA;29.12.1991;34;417;SUELI DA SILVA GONCALVES;RUA;ANHUMAS;;1832;JARDIM GRAMADO;79490000;(67)9962-3612;SAO GABRIEL DO OESTE;500769;SAO GABRIEL DO OESTE;500769;6452116;CENTRO DE ESPECIALIDADES MEDICAS;M;14.09.2026;ANDREIA_CEM;14.09.2026;ANDREIA_CEM;9.50;CONFIRMADO;Z016;48047740172;EVA WILMA ABDO DOS SANTOS GUIMARAES
690605003;1314055;0204040094;MAO D (DUAS INCIDENCIAS);59241284153;CLODOALDO DE AZEVEDO CARDOSO;14.09.2026;16:00;0;700009315684707;ANDRESSA SILVA LEMES;05.03.2017;09;115;ALINE SILVA DOS SANTOS;RUA;OITI;;356;SAO CRISTOVAO;79491196;(67)99663-8832;SAO GABRIEL DO OESTE;500769;SAO GABRIEL DO OESTE;500769;6452116;CENTRO DE ESPECIALIDADES MEDICAS;F;14.09.2026;PATRICKMASIAGA;14.09.2026;PATRICKMASIAGA;6.30;CONFIRMADO;Z099;93393539191;RODOLFO FABIANO NIZ BAREIRO
690608102;1314060;0204040086;QUIRODACTILO (SEGUNDO AO QUINTO) D;87751593172;CRISTIANE DE SOUZA PEREIRA;14.09.2026;21:00;0;700701922969573;MARCIANA RODRIGUES CIVELAR;22.06.1983;43;519;JANETE RODRIGUES CIVELAR;RUA;DA PAZ;;222;MILANI;79490000;(67)99695-9080;SAO GABRIEL DO OESTE;500769;SAO GABRIEL DO OESTE;500769;2370980;UNIDADE DE SAUDE DA FAMILIA JARDIM GRAMADO I;F;14.09.2026;ELISANGELA_UNIDADEI;14.09.2026;ELISANGELA_UNIDADEI;5.62;CONFIRMADO;M796;;ALCIDES EDUARDO EIBEL
690608102;1314055;0204040094;MAO D (DUAS INCIDENCIAS);87751593172;CRISTIANE DE SOUZA PEREIRA;14.09.2026;21:00;0;700701922969573;MARCIANA RODRIGUES CIVELAR;22.06.1983;43;519;JANETE RODRIGUES CIVELAR;RUA;DA PAZ;;222;MILANI;79490000;(67)99695-9080;SAO GABRIEL DO OESTE;500769;SAO GABRIEL DO OESTE;500769;2370980;UNIDADE DE SAUDE DA FAMILIA JARDIM GRAMADO I;F;14.09.2026;ELISANGELA_UNIDADEI;14.09.2026;ELISANGELA_UNIDADEI;6.30;CONFIRMADO;M796;;ALCIDES EDUARDO EIBEL
690611913;1314029;0204020069;COLUNA LOMBO-SACRA;87751593172;CRISTIANE DE SOUZA PEREIRA;15.09.2026;16:00;0;705003201280157;CLOTILDE PEREIRA DE CARVALHO;10.04.1965;61;737;ESTER SILVESTRE DE CARVALHO;RUA;ARARAS;CASA;1802;FÊNIX;79491102;(67)9674-6858 / (67)99674-6858;SAO GABRIEL DO OESTE;500769;SAO GABRIEL DO OESTE;500769;2370999;UNIDADE DE SAUDE DA FAMILIA FENIX IV;F;14.09.2026;GUSTAVO_PIAIA;14.09.2026;GUSTAVO_PIAIA;10.96;CONFIRMADO;M545;96245646120;RAFAELLA MARIA COSTA GOIS DE FIGUEIREDO
690614697;1314095;0204030153;TORAX (PA + PERFIL);59241284153;CLODOALDO DE AZEVEDO CARDOSO;14.09.2026;16:00;0;706807206297923;MARIAH EVANGELINE NASCIMENTO DE MEDEIROS;01.10.2025;01;12;CLAUDIA NASCIMENTO DE SOUZA;RUA;ALBINO SOUZA BRANDAO;;1092;CENTRO;79490057;(67)99955-7786;SAO GABRIEL DO OESTE;500769;SAO GABRIEL DO OESTE;500769;2599376;UNIDADE DE SAUDE DA FAMILIA VI;F;14.09.2026;MARIANA_MARTINS;14.09.2026;MARIANA_MARTINS;9.50;CONFIRMADO;J180;06437691107;MAIARA FLORES SCARIOT
690625734;1314070;0204060125;JOELHO D (AP + LATERAL);80089844149;ANA PAULA DOS SANTOS PEREIRA SILVANY;14.09.2026;07:00;0;705605482888010;NAIZA MUNIZ DE MELO GONZAGA;04.11.1983;42;515;ANTONIA DOS PRASERES DE MELO;AVENIDA;SAO FRANCISCO;;2465;CENTRO;79490000;(67)99943-2830;SAO GABRIEL DO OESTE;500769;SAO GABRIEL DO OESTE;500769;3400964;UNIDADE DE SAUDE DA FAMILIA RURAL VII;F;14.09.2026;ISABEL_PINHEIRO;14.09.2026;ISABEL_PINHEIRO;6.78;PENDENTE;Z000;02453491113;MILENA GUEDIN VARGAS
690628523;1314070;0204060125;JOELHO D (AP + LATERAL);01320968112;MARCELO MARTINS ROCHA;15.09.2026;11:00;0;705605482888010;NAIZA MUNIZ DE MELO GONZAGA;04.11.1983;42;515;ANTONIA DOS PRASERES DE MELO;AVENIDA;SAO FRANCISCO;;2465;CENTRO;79490000;(67)99943-2830;SAO GABRIEL DO OESTE;500769;SAO GABRIEL DO OESTE;500769;3400964;UNIDADE DE SAUDE DA FAMILIA RURAL VII;F;14.09.2026;ISABEL_PINHEIRO;14.09.2026;ISABEL_PINHEIRO;6.78;CONFIRMADO;Z000;02453491113;MILENA GUEDIN VARGAS
690636316;1314114;0204020107;COLUNA TORACO-LOMBAR;80089844149;ANA PAULA DOS SANTOS PEREIRA SILVANY;16.09.2026;07:00;0;705006073108856;HELIO YUKICHIGUE SAKAMOTO;07.09.1960;66;792;OLGA SAKAMOTO;AVENIDA;CASTELO BRANCO;CASA;1041;CENTRO;79490059;(18)3609-2262 / (14)99773-3480;SAO GABRIEL DO OESTE;500769;SAO GABRIEL DO OESTE;500769;2599376;UNIDADE DE SAUDE DA FAMILIA VI;M;14.09.2026;MARIANA_MARTINS;14.09.2026;MARIANA_MARTINS;9.73;CONFIRMADO;M545;06437691107;MAIARA FLORES SCARIOT
690663518;1314095;0204030153;TORAX (PA + PERFIL);87751593172;CRISTIANE DE SOUZA PEREIRA;15.09.2026;16:00;0;708001304816524;LUZIANO DA COSTA RODRIGUES;15.01.1968;58;704;ODERCE DA COSTA RODRIGUES;RUA;5 DE OUTUBRO;CASA 2;1245;FÊNIX;79491116;(67)99881-8482 / (67)99670-9949;SAO GABRIEL DO OESTE;500769;SAO GABRIEL DO OESTE;500769;2370999;UNIDADE DE SAUDE DA FAMILIA FENIX IV;M;14.09.2026;GUSTAVO_PIAIA;14.09.2026;GUSTAVO_PIAIA;9.50;CONFIRMADO;R53;96245646120;RAFAELLA MARIA COSTA GOIS DE FIGUEIREDO
690676257;1314045;0204040116;OMOPLATA / OMBRO D (TRES POSICOES);01320968112;MARCELO MARTINS ROCHA;15.09.2026;11:00;0;700005225439203;GILMAR JOSE ZANONI;18.10.1958;67;815;SANTINA DE MEDEIROS ZANONI;AVENIDA;TUIUIU;;1438;JARDIM GRAMADO;79491006;(47)99237-0666 / (47)99258-3666;SAO GABRIEL DO OESTE;500769;SAO GABRIEL DO OESTE;500769;5971055;UNIDADE DE SAUDE DA FAMILIA VIII;M;14.09.2026;JESSICAPADILHA;14.09.2026;JESSICAPADILHA;7.98;CONFIRMADO;Z000;04805244160;RENNAN ORTIZ BUENO
690678239;1314008;0204010144;SEIOS DA FACE (FN + MN + LATERAL + HIRTZ);87751593172;CRISTIANE DE SOUZA PEREIRA;22.09.2026;16:00;0;703402264904718;DELLIAM DE OLIVEIRA IBIAPINA;11.09.1984;42;504;FRANCISCA DE OLIVEIRA IBIAPINA;RUA;SANTA ANA;;123;MILANI;79492090;(67)99917-8775;SAO GABRIEL DO OESTE;500769;SAO GABRIEL DO OESTE;500769;2370972;UNIDADE DE SAUDE DA FAMILIA MILANE II;M;14.09.2026;FLAVIA_RODRIGUES;14.09.2026;FLAVIA_RODRIGUES;7.32;CONFIRMADO;J328;83798633134;JOAO BAPTISTA BARBOSA SOUZA
690678671;1314062;0204060095;BACIA;01320968112;MARCELO MARTINS ROCHA;22.09.2026;11:00;0;703402264904718;DELLIAM DE OLIVEIRA IBIAPINA;11.09.1984;42;504;FRANCISCA DE OLIVEIRA IBIAPINA;RUA;SANTA ANA;;123;MILANI;79492090;(67)99917-8775;SAO GABRIEL DO OESTE;500769;SAO GABRIEL DO OESTE;500769;2370972;UNIDADE DE SAUDE DA FAMILIA MILANE II;M;14.09.2026;FLAVIA_RODRIGUES;14.09.2026;FLAVIA_RODRIGUES;7.77;CONFIRMADO;M761;83798633134;JOAO BAPTISTA BARBOSA SOUZA
690679199;0282063;0301010072;CONSULTA EM OTORRINOLARINGOLOGIA;78877326115;ANA PAULA CAVALIERI PONTES;24.09.2026;18:10;0;703402264904718;DELLIAM DE OLIVEIRA IBIAPINA;11.09.1984;42;504;FRANCISCA DE OLIVEIRA IBIAPINA;RUA;SANTA ANA;;123;MILANI;79492090;(67)99917-8775;SAO GABRIEL DO OESTE;500769;SAO GABRIEL DO OESTE;500769;2370972;UNIDADE DE SAUDE DA FAMILIA MILANE II;M;14.09.2026;FLAVIA_RODRIGUES;14.09.2026;FLAVIA_RODRIGUES;10.00;PENDENTE;J352;83798633134;JOAO BAPTISTA BARBOSA SOUZA
690727739;1314029;0204020069;COLUNA LOMBO-SACRA;87751593172;CRISTIANE DE SOUZA PEREIRA;15.09.2026;16:00;0;703406435040600;IDILCE DE FATIMA VIANINI DA SILVA;22.08.1964;62;745;ALEXANDRA VIANINI;AVENIDA;MATO GROSSO DO SUL 2401/99999;;2581;AMABILE MAFFISSONI;79490092;(67)99835-5990;SAO GABRIEL DO OESTE;500769;SAO GABRIEL DO OESTE;500769;2370964;UNIDADE DE SAUDE DA FAMILIA III;F;15.09.2026;ANACLAUDIA_NOGUEIRA;15.09.2026;ANACLAUDIA_NOGUEIRA;10.96;CONFIRMADO;M545;02611833974;HUDSON PERES DORIGAO BELISARIO DE SOUZA
690738087;1314072;0204060133;JOELHO / ROTULA D (AP + LATERAL + AXIAL);87751593172;CRISTIANE DE SOUZA PEREIRA;15.09.2026;16:00;0;700000933533904;LIRIA DE FATIMA DA SILVA RICHTER;08.10.1964;61;743;ORAIDE DA SILVA RICHTER;RUA;CURIO;;806;JARDIM GRAMADO;79490000;(67)9949-7099 / (67)99949-7099;SAO GABRIEL DO OESTE;500769;SAO GABRIEL DO OESTE;500769;6452116;CENTRO DE ESPECIALIDADES MEDICAS;F;15.09.2026;PATRICKMASIAGA;15.09.2026;PATRICKMASIAGA;7.16;CONFIRMADO;Z099;00530001101;BRUNO PETINARI UMBELINO
690739459;1314077;0204060168;PERNA E;87751593172;CRISTIANE DE SOUZA PEREIRA;21.09.2026;16:00;0;705203453008778;ARTUR RODRIGUES DE OLIVEIRA;06.04.2020;06;78;MARIA JOSE RODRIGUES;RUA;ARARAS;CASA;2361;CONJUNTO FENIX;79490000;(67)99933-4802;SAO GABRIEL DO OESTE;500769;SAO GABRIEL DO OESTE;500769;6452116;CENTRO DE ESPECIALIDADES MEDICAS;M;15.09.2026;PATRICKMASIAGA;15.09.2026;PATRICKMASIAGA;8.94;CONFIRMADO;Z099;;ARTHUR MARTINS
690751886;1314123;0204060150;RADIOGRAFIA PANORAMICA DE PE / DEDOS DO PE;01320968112;MARCELO MARTINS ROCHA;15.09.2026;11:00;0;705009205348150;JHON JOSE RODRIGUEZ LOPEZ;25.10.1982;43;527;ELIZABETH DEL CARMEN LOPEZ;RUA;CANARIOS;;1286;JARDIM GRAMADO;79490000;(67)99903-6318;SAO GABRIEL DO OESTE;500769;SAO GABRIEL DO OESTE;500769;2599376;UNIDADE DE SAUDE DA FAMILIA VI;M;15.09.2026;MARIANA_MARTINS;15.09.2026;MARIANA_MARTINS;6.78;CONFIRMADO;S90;06437691107;MAIARA FLORES SCARIOT
690819944;1314083;0204060150;PE E;01320968112;MARCELO MARTINS ROCHA;16.09.2026;11:00;0;704307518688195;DANILO GUSTAVO DE MORAIS SOUZA;04.12.2018;07;94;RENATA DE MORAIS PINTO;RUA;PIAUI;;96;CENTRO;79490000;(67)98479-8906 / (67)98479-8906;SAO GABRIEL DO OESTE;500769;SAO GABRIEL DO OESTE;500769;6452116;CENTRO DE ESPECIALIDADES MEDICAS;M;15.09.2026;PATRICKMASIAGA;15.09.2026;PATRICKMASIAGA;6.78;CONFIRMADO;Z099;00530001101;BRUNO PETINARI UMBELINO
690887168;1314110;0204030153;TORAX (PA + PERFIL) PRE-OPERATORIO;80089844149;ANA PAULA DOS SANTOS PEREIRA SILVANY;18.09.2026;07:00;0;700009298656100;SOLEDADE DA SILVA ABREU;20.12.1959;66;801;MARIA ANACLETA DE SOUZA;FAZENDA;NOSSA SENHORA APARECIDA;PRA CIMA DO AEROPORTO;S/N;RURAL;79490000;(67)3254-2850;SAO GABRIEL DO OESTE;500769;SAO GABRIEL DO OESTE;500769;3400964;UNIDADE DE SAUDE DA FAMILIA RURAL VII;F;15.09.2026;DULCINEIA_MOCCELIN;15.09.2026;DULCINEIA_MOCCELIN;9.50;CONFIRMADO;K80;00612619630;KALYNKA SILVIA HIGINO
690894900;1314070;0204060125;JOELHO D (AP + LATERAL);01320968112;MARCELO MARTINS ROCHA;16.09.2026;11:00;0;705009898464351;MAGNOLIA MARIA LOURENCO DA SILVA;22.10.1945;80;971;RITA TEIXEIRA LOURENCO;RUA;EUGENIO FERREIRA DA CUNHA 1/1199;;1142;AMABILE MAFFISSONI;79490074;(67)99678-9691;SAO GABRIEL DO OESTE;500769;SAO GABRIEL DO OESTE;500769;2370964;UNIDADE DE SAUDE DA FAMILIA III;F;15.09.2026;ANACLAUDIA_NOGUEIRA;15.09.2026;ANACLAUDIA_NOGUEIRA;6.78;CONFIRMADO;M255;02611833974;HUDSON PERES DORIGAO BELISARIO DE SOUZA
690928443;1314072;0204060133;JOELHO / ROTULA D (AP + LATERAL + AXIAL);87751593172;CRISTIANE DE SOUZA PEREIRA;23.09.2026;16:00;0;702008884464480;WALDILENE GAUBER ORTIZ;21.11.1984;41;502;LINDAURA PIO GAUBER;LOTEAMENTO;ITAQUI;LOTE;30;ZONA RURAL;79493899;(67)99632-0345;SAO GABRIEL DO OESTE;500769;SAO GABRIEL DO OESTE;500769;6452116;CENTRO DE ESPECIALIDADES MEDICAS;F;15.09.2026;PATRICKMASIAGA;15.09.2026;PATRICKMASIAGA;7.16;PENDENTE;M179;32389571808;RODOLFO PELISSARI ZAMBOLIN
690932394;1314095;0204030153;TORAX (PA + PERFIL);80089844149;ANA PAULA DOS SANTOS PEREIRA SILVANY;18.09.2026;07:00;0;700503969015650;SANDRA RECHER;04.07.1982;44;531;ROSELI GOMES RECHER;RUA;CONDE PORTO ALEGRE;CASA;1318;MILANI;79490000;(67)99977-9940;SAO GABRIEL DO OESTE;500769;SAO GABRIEL DO OESTE;500769;2370972;UNIDADE DE SAUDE DA FAMILIA MILANE II;F;15.09.2026;FLAVIA_RODRIGUES;15.09.2026;FLAVIA_RODRIGUES;9.50;CONFIRMADO;Z000;02453491113;MILENA GUEDIN VARGAS
690937457;0282063;0301010072;CONSULTA EM OTORRINOLARINGOLOGIA;78877326115;ANA PAULA CAVALIERI PONTES;17.09.2026;18:00;0;706301788763778;METILDES SIMONI BASSO;21.08.1942;84;1009;ANGELA TRIAN;CHACARA;DONA NELCI;;01;ZONA RURAL;79490000;(67)3295-6408;SAO GABRIEL DO OESTE;500769;SAO GABRIEL DO OESTE;500769;6452116;CENTRO DE ESPECIALIDADES MEDICAS;F;15.09.2026;PATRICKMASIAGA;15.09.2026;PATRICKMASIAGA;10.00;PENDENTE;J338;09028429603;BERNARDO MEDEIROS MAIA
690946709;1314128;0204030153;RADIOGRAFIA PANORAMICA DE TORAX (PA E PERFIL);80089844149;ANA PAULA DOS SANTOS PEREIRA SILVANY;16.09.2026;07:00;0;709009889533217;DIOGO DE SOUZA GONCALVES;24.12.2009;16;201;ADIVANIR LIMA DE SOUZA GONCALVES;RUA;DAS ANHUMAS;;1347;JARDIM GRAMADO;79491016;(67)99857-2962;SAO GABRIEL DO OESTE;500769;SAO GABRIEL DO OESTE;500769;5971055;UNIDADE DE SAUDE DA FAMILIA VIII;M;15.09.2026;JESSICAPADILHA;15.09.2026;JESSICAPADILHA;9.50;CONFIRMADO;J180;04805244160;RENNAN ORTIZ BUENO
690956673;1314113;0204020093;COLUNA TORACICA (AP + LATERAL);87751593172;CRISTIANE DE SOUZA PEREIRA;25.09.2026;15:00;0;708404392242370;ROSA MARIA DA SILVA;31.01.1977;49;596;AMBILINA BARBOSA DA SILVA;RUA;CURIO;;1611;FENIX;79491082;(67)99953-5669;SAO GABRIEL DO OESTE;500769;SAO GABRIEL DO OESTE;500769;5971055;UNIDADE DE SAUDE DA FAMILIA VIII;F;15.09.2026;JESSICAPADILHA;15.09.2026;JESSICAPADILHA;9.16;CONFIRMADO;Z000;;FABRICIO
690956673;1314035;0204030072;COSTELAS P/ HEMITORAX E;87751593172;CRISTIANE DE SOUZA PEREIRA;25.09.2026;15:00;0;708404392242370;ROSA MARIA DA SILVA;31.01.1977;49;596;AMBILINA BARBOSA DA SILVA;RUA;CURIO;;1611;FENIX;79491082;(67)99953-5669;SAO GABRIEL DO OESTE;500769;SAO GABRIEL DO OESTE;500769;5971055;UNIDADE DE SAUDE DA FAMILIA VIII;F;15.09.2026;JESSICAPADILHA;15.09.2026;JESSICAPADILHA;8.37;CONFIRMADO;Z000;;FABRICIO
690956673;1314034;0204030072;COSTELAS P/ HEMITORAX D;87751593172;CRISTIANE DE SOUZA PEREIRA;25.09.2026;15:00;0;708404392242370;ROSA MARIA DA SILVA;31.01.1977;49;596;AMBILINA BARBOSA DA SILVA;RUA;CURIO;;1611;FENIX;79491082;(67)99953-5669;SAO GABRIEL DO OESTE;500769;SAO GABRIEL DO OESTE;500769;5971055;UNIDADE DE SAUDE DA FAMILIA VIII;F;15.09.2026;JESSICAPADILHA;15.09.2026;JESSICAPADILHA;8.37;CONFIRMADO;Z000;;FABRICIO
690956673;1314118;0204020069;COLUNA LOMBAR (AP + PERFIL);87751593172;CRISTIANE DE SOUZA PEREIRA;25.09.2026;15:00;0;708404392242370;ROSA MARIA DA SILVA;31.01.1977;49;596;AMBILINA BARBOSA DA SILVA;RUA;CURIO;;1611;FENIX;79491082;(67)99953-5669;SAO GABRIEL DO OESTE;500769;SAO GABRIEL DO OESTE;500769;5971055;UNIDADE DE SAUDE DA FAMILIA VIII;F;15.09.2026;JESSICAPADILHA;15.09.2026;JESSICAPADILHA;10.96;CONFIRMADO;Z000;;FABRICIO
690971599;1314095;0204030153;TORAX (PA + PERFIL);80089844149;ANA PAULA DOS SANTOS PEREIRA SILVANY;16.09.2026;07:00;0;704105812972350;NICOLAS DE ABREU RITH;17.09.2025;01;12;MARTA FERNANDES DE ABREU RITH;RUA;JOSE FERREIRA DA CUNHA;CASA;572;CENTRO;79490308;(67)98132-4575;SAO GABRIEL DO OESTE;500769;SAO GABRIEL DO OESTE;500769;5971055;UNIDADE DE SAUDE DA FAMILIA VIII;M;15.09.2026;JESSICAPADILHA;15.09.2026;JESSICAPADILHA;9.50;CONFIRMADO;J18;04805244160;RENNAN ORTIZ BUENO
690977222;1314095;0204030153;TORAX (PA + PERFIL);80089844149;ANA PAULA DOS SANTOS PEREIRA SILVANY;16.09.2026;07:00;0;702006855145087;VIRGINIA JESUINA DE FREITAS BRAGA;10.02.1944;82;991;ELVIRA JESUINA DE FREITAS DA SILVA;RUA;COLIBRI;CASA 1;104;FENIX;79490000;(67)99642-4889;SAO GABRIEL DO OESTE;500769;SAO GABRIEL DO OESTE;500769;7002084;UNIDADE DE SAUDE DA FAMILIA IX;F;15.09.2026;FABIELY_MORAES;15.09.2026;FABIELY_MORAES;9.50;PENDENTE;Z000;01415181110;ANGELA BENITES
691021123;1314083;0204060150;PE E;80089844149;ANA PAULA DOS SANTOS PEREIRA SILVANY;17.09.2026;07:00;0;700507543443953;LUCIMAR DE FREITAS CARDOSO;22.03.1972;54;654;GUILHERMINA DE FREITAS CARDOSO;RUA;JUSSARA;;667;GUANANDI;79086380;(67)99623-9186;CAMPO GRANDE;500270;SAO GABRIEL DO OESTE;500769;3400964;UNIDADE DE SAUDE DA FAMILIA RURAL VII;F;16.09.2026;ISABEL_PINHEIRO;16.09.2026;ISABEL_PINHEIRO;6.78;CONFIRMADO;Z000;02453491113;MILENA GUEDIN VARGAS
691021288;1314095;0204030153;TORAX (PA + PERFIL);80089844149;ANA PAULA DOS SANTOS PEREIRA SILVANY;17.09.2026;07:00;0;704009350910265;SARA SOUZA DALZOT;07.04.2015;11;137;DALVA FERREIRA DE SOUZA DALZOT;RUA;ALAGOAS;;2274;CENTRO;79490000;(67)99615-9465;SAO GABRIEL DO OESTE;500769;SAO GABRIEL DO OESTE;500769;7002084;UNIDADE DE SAUDE DA FAMILIA IX;F;16.09.2026;FABIELY_MORAES;16.09.2026;FABIELY_MORAES;9.50;CONFIRMADO;Z000;;EVA WILVA GUIMARAES
691033099;1314123;0204060150;RADIOGRAFIA PANORAMICA DE PE / DEDOS DO PE;01320968112;MARCELO MARTINS ROCHA;16.09.2026;11:00;0;704309567778196;LEONARDO GOMES FALCAO;08.05.2019;07;88;MARCELA APARECIDA GOMES;RUA;GOIAS;CASA;2174;CENTRO;79490017;(67)99939-1054;SAO GABRIEL DO OESTE;500769;SAO GABRIEL DO OESTE;500769;2599376;UNIDADE DE SAUDE DA FAMILIA VI;M;16.09.2026;MARIANA_MARTINS;16.09.2026;MARIANA_MARTINS;6.78;CONFIRMADO;Q664;06437691107;MAIARA FLORES SCARIOT
691036732;1314095;0204030153;TORAX (PA + PERFIL);80089844149;ANA PAULA DOS SANTOS PEREIRA SILVANY;17.09.2026;07:00;0;700702999623974;CLAUDEMIR LOPES DA MATA;14.10.1981;44;539;FLORENTINA LOPES DA MATA;RUA;TANGARÁ;;869;FÊNIX;79491106;(67)99667-9525;SAO GABRIEL DO OESTE;500769;SAO GABRIEL DO OESTE;500769;2370999;UNIDADE DE SAUDE DA FAMILIA FENIX IV;M;16.09.2026;GUSTAVO_PIAIA;16.09.2026;GUSTAVO_PIAIA;9.50;CONFIRMADO;R074;96245646120;RAFAELLA MARIA COSTA GOIS DE FIGUEIREDO
691057917;1314050;0204040078;COTOVELO E;87751593172;CRISTIANE DE SOUZA PEREIRA;16.09.2026;16:00;0;707808659383413;CICERA GORETE DE FRANCA;02.05.1974;52;629;MARIA FRANCISCA DE FRANCA;RUA;ALAGOAS;;3334;CENTRO;79490000;(67)99847-4763;SAO GABRIEL DO OESTE;500769;SAO GABRIEL DO OESTE;500769;6452116;CENTRO DE ESPECIALIDADES MEDICAS;F;16.09.2026;TAINA_CEM;16.09.2026;TAINA_CEM;5.90;CONFIRMADO;Z099;89074033172;ROGERIO PADOVANI TOFFOLI
691062057;1314095;0204030153;TORAX (PA + PERFIL);87751593172;CRISTIANE DE SOUZA PEREIRA;17.09.2026;16:00;0;700004076106002;CLEONICE MARIA SIMONETTI DA CRUZ;30.10.1967;58;707;DILMA LUIZA SIMONETTI;RUA;DONA ELVIRA;;1289;MILANI;79492070;(67)99904-7274;SAO GABRIEL DO OESTE;500769;SAO GABRIEL DO OESTE;500769;6452116;CENTRO DE ESPECIALIDADES MEDICAS;F;16.09.2026;TAINA_CEM;16.09.2026;TAINA_CEM;9.50;CONFIRMADO;Z099;09028429603;BERNARDO MEDEIROS MAIA
691068725;1314029;0204020069;COLUNA LOMBO-SACRA;01320968112;MARCELO MARTINS ROCHA;17.09.2026;11:00;0;702409568047929;CLEONICE ANTUNES DOS REIS;08.05.1994;32;388;CLARICE QUIRINO DOS REIS;AREA;FAZENDA CONDOMINIO 2;;S/N;AREA RURAL DE SAO GABRIEL DO OESTE;79493899;(67)99965-3798 / (67)99820-3921;SAO GABRIEL DO OESTE;500769;SAO GABRIEL DO OESTE;500769;3400964;UNIDADE DE SAUDE DA FAMILIA RURAL VII;F;16.09.2026;ISABEL_PINHEIRO;16.09.2026;ISABEL_PINHEIRO;10.96;CONFIRMADO;Z000;02453491113;MILENA GUEDIN VARGAS
691075988;1314118;0204020069;COLUNA LOMBAR (AP + PERFIL);01320968112;MARCELO MARTINS ROCHA;18.09.2026;11:00;0;700602980997969;ADRIANO MOREIRA RAFAEL;20.04.1991;35;425;MARIA GETRUDE RAFAEL;FAZENDA;KIREI;ZONA RURAL;S/N;REGIÃO DOSTRITO BELA ALVORADA - COOPER;79556000;(67)99865-9532;PARAISO DAS AGUAS;500627;SAO GABRIEL DO OESTE;500769;6452116;CENTRO DE ESPECIALIDADES MEDICAS;M;16.09.2026;TAINA_CEM;16.09.2026;TAINA_CEM;10.96;CONFIRMADO;Z099;06302616603;ROMULO AMARAL TAFURI
691075988;1314113;0204020093;COLUNA TORACICA (AP + LATERAL);01320968112;MARCELO MARTINS ROCHA;18.09.2026;11:00;0;700602980997969;ADRIANO MOREIRA RAFAEL;20.04.1991;35;425;MARIA GETRUDE RAFAEL;FAZENDA;KIREI;ZONA RURAL;S/N;REGIÃO DOSTRITO BELA ALVORADA - COOPER;79556000;(67)99865-9532;PARAISO DAS AGUAS;500627;SAO GABRIEL DO OESTE;500769;6452116;CENTRO DE ESPECIALIDADES MEDICAS;M;16.09.2026;TAINA_CEM;16.09.2026;TAINA_CEM;9.16;CONFIRMADO;Z099;06302616603;ROMULO AMARAL TAFURI
691081221;1314095;0204030153;TORAX (PA + PERFIL);80089844149;ANA PAULA DOS SANTOS PEREIRA SILVANY;17.09.2026;07:00;0;702006855145087;VIRGINIA JESUINA DE FREITAS BRAGA;10.02.1944;82;991;ELVIRA JESUINA DE FREITAS DA SILVA;RUA;COLIBRI;CASA 1;104;FENIX;79490000;(67)99642-4889;SAO GABRIEL DO OESTE;500769;SAO GABRIEL DO OESTE;500769;7002084;UNIDADE DE SAUDE DA FAMILIA IX;F;16.09.2026;FABIELY_MORAES;16.09.2026;FABIELY_MORAES;9.50;CONFIRMADO;Z000;01415181110;ANGELA BENITES
691194154;1314095;0204030153;TORAX (PA + PERFIL);01320968112;MARCELO MARTINS ROCHA;17.09.2026;11:00;0;705008890635458;JOAO CARLOS VESPERO;10.05.1965;61;736;SEBASTIANA INACIA VESPERO;RUA;SANTA MARIA;CASA;825;MILANI;79490000;(67)9627-8348;SAO GABRIEL DO OESTE;500769;SAO GABRIEL DO OESTE;500769;2370972;UNIDADE DE SAUDE DA FAMILIA MILANE II;M;16.09.2026;FLAVIA_RODRIGUES;16.09.2026;FLAVIA_RODRIGUES;9.50;CONFIRMADO;Z48;02453491113;MILENA GUEDIN VARGAS
691204557;1314095;0204030153;TORAX (PA + PERFIL);80089844149;ANA PAULA DOS SANTOS PEREIRA SILVANY;16.09.2026;07:00;0;704005872336869;MIGUEL SILVA BACCARIN;11.09.2016;10;120;GILMARA SILVA BACCARIN;RUA;SERGIPE;;495;CENTRO;79490000;(67)99679-6878;SAO GABRIEL DO OESTE;500769;SAO GABRIEL DO OESTE;500769;2370980;UNIDADE DE SAUDE DA FAMILIA JARDIM GRAMADO I;M;16.09.2026;ELISANGELA_UNIDADEI;16.09.2026;ELISANGELA_UNIDADEI;9.50;PENDENTE;R05;01454652179;MAYARA MARIA MELKE GUIMARAES
691204914;1314095;0204030153;TORAX (PA + PERFIL);87751593172;CRISTIANE DE SOUZA PEREIRA;16.09.2026;16:00;0;704005872336869;MIGUEL SILVA BACCARIN;11.09.2016;10;120;GILMARA SILVA BACCARIN;RUA;SERGIPE;;495;CENTRO;79490000;(67)99679-6878;SAO GABRIEL DO OESTE;500769;SAO GABRIEL DO OESTE;500769;2370980;UNIDADE DE SAUDE DA FAMILIA JARDIM GRAMADO I;M;16.09.2026;ELISANGELA_UNIDADEI;16.09.2026;ELISANGELA_UNIDADEI;9.50;CONFIRMADO;R05;01454652179;MAYARA MARIA MELKE GUIMARAES
691207474;1314070;0204060125;JOELHO D (AP + LATERAL);87751593172;CRISTIANE DE SOUZA PEREIRA;16.09.2026;16:00;0;702008884464480;WALDILENE GAUBER ORTIZ;21.11.1984;41;502;LINDAURA PIO GAUBER;LOTEAMENTO;ITAQUI;LOTE;30;ZONA RURAL;79493899;(67)99632-0345;SAO GABRIEL DO OESTE;500769;SAO GABRIEL DO OESTE;500769;6452116;CENTRO DE ESPECIALIDADES MEDICAS;F;16.09.2026;PATRICKMASIAGA;16.09.2026;PATRICKMASIAGA;6.78;CONFIRMADO;Z099;32389571808;RODOLFO PELISSARI ZAMBOLIN
691209859;1314070;0204060125;JOELHO D (AP + LATERAL);80089844149;ANA PAULA DOS SANTOS PEREIRA SILVANY;17.09.2026;07:00;0;703608037389239;CECILIA NORBAK;04.05.1951;75;905;MARIA CARMELINA ORSO;RUA;ESPIRITO SANTO;CASA;2579;CENTRO;79490000;(67)99667-6307;SAO GABRIEL DO OESTE;500769;SAO GABRIEL DO OESTE;500769;2370964;UNIDADE DE SAUDE DA FAMILIA III;F;16.09.2026;ANACLAUDIA_NOGUEIRA;16.09.2026;ANACLAUDIA_NOGUEIRA;6.78;PENDENTE;Z000;;FERNANDA M SILVA MELO
691215851;1314067;0204060060;ARTICULACAO COXO-FEMORAL E;01320968112;MARCELO MARTINS ROCHA;21.09.2026;11:00;0;703204603601694;LUCIELE BERNARDO DE ARRUDA;20.10.1982;43;527;MARIA AMELIA BERNARDA DE ARRUDA;RUA;ALBINO DE SOUZA BRANDAO;;1568;PRIMO MAFFISSONI;79490000;(67)99879-3859;SAO GABRIEL DO OESTE;500769;SAO GABRIEL DO OESTE;500769;6452116;CENTRO DE ESPECIALIDADES MEDICAS;F;16.09.2026;PATRICKMASIAGA;16.09.2026;PATRICKMASIAGA;7.77;CONFIRMADO;Z540;06302616603;ROMULO AMARAL TAFURI
691215851;1314062;0204060095;BACIA;01320968112;MARCELO MARTINS ROCHA;21.09.2026;11:00;0;703204603601694;LUCIELE BERNARDO DE ARRUDA;20.10.1982;43;527;MARIA AMELIA BERNARDA DE ARRUDA;RUA;ALBINO DE SOUZA BRANDAO;;1568;PRIMO MAFFISSONI;79490000;(67)99879-3859;SAO GABRIEL DO OESTE;500769;SAO GABRIEL DO OESTE;500769;6452116;CENTRO DE ESPECIALIDADES MEDICAS;F;16.09.2026;PATRICKMASIAGA;16.09.2026;PATRICKMASIAGA;7.77;CONFIRMADO;Z540;06302616603;ROMULO AMARAL TAFURI
691228399;1314095;0204030153;TORAX (PA + PERFIL);87751593172;CRISTIANE DE SOUZA PEREIRA;17.09.2026;16:00;0;703604076073936;ALICIA GABRIELY AMORIM MATIAS;16.06.2025;01;15;EMILY GABRIELE AMORIM SIQUEIRA;RUA;AROEIRA;;420;SAO CRISTOVAO;79491190;(67)99808-3679;SAO GABRIEL DO OESTE;500769;SAO GABRIEL DO OESTE;500769;6452116;CENTRO DE ESPECIALIDADES MEDICAS;F;16.09.2026;PATRICKMASIAGA;16.09.2026;PATRICKMASIAGA;9.50;CONFIRMADO;J20;;CLODOALDO SABINO
691299499;1314095;0204030153;TORAX (PA + PERFIL);80089844149;ANA PAULA DOS SANTOS PEREIRA SILVANY;21.09.2026;07:00;0;706809227832420;JOSIANO LUCAS DE AVILA;22.02.1999;27;331;ELENITA KREIBICH DE AVILA;RUA;DAS GAIVOTAS;;734;JARDIM GRAMADO;79490000;(67)99823-9782;SAO GABRIEL DO OESTE;500769;SAO GABRIEL DO OESTE;500769;2591359;UNIDADE DE SAUDE DA FAMILIA V;M;17.09.2026;CHRISTIANEHELEN_FREITAS;17.09.2026;CHRISTIANEHELEN_FREITAS;9.50;CONFIRMADO;Z021;;PAULO FENELON
691328624;1314035;0204030072;COSTELAS P/ HEMITORAX E;87751593172;CRISTIANE DE SOUZA PEREIRA;17.09.2026;16:00;0;701803214463077;JOAQUINA DE LOURDES DE ALMEIDA DE SOUZA;26.04.1960;66;797;MARIA DEZUO DE ALMEIDA;RUA;RIO DE JANEIRO;;2130;CENTRO;79490000;(67)9937-0476;SAO GABRIEL DO OESTE;500769;SAO GABRIEL DO OESTE;500769;6452116;CENTRO DE ESPECIALIDADES MEDICAS;F;17.09.2026;PATRICKMASIAGA;17.09.2026;PATRICKMASIAGA;8.37;PENDENTE;Z099;;MAIARA FLORES SCARIOT
691328624;1314095;0204030153;TORAX (PA + PERFIL);87751593172;CRISTIANE DE SOUZA PEREIRA;17.09.2026;16:00;0;701803214463077;JOAQUINA DE LOURDES DE ALMEIDA DE SOUZA;26.04.1960;66;797;MARIA DEZUO DE ALMEIDA;RUA;RIO DE JANEIRO;;2130;CENTRO;79490000;(67)9937-0476;SAO GABRIEL DO OESTE;500769;SAO GABRIEL DO OESTE;500769;6452116;CENTRO DE ESPECIALIDADES MEDICAS;F;17.09.2026;PATRICKMASIAGA;17.09.2026;PATRICKMASIAGA;9.50;PENDENTE;Z099;;MAIARA FLORES SCARIOT
691328772;1314035;0204030072;COSTELAS P/ HEMITORAX E;87751593172;CRISTIANE DE SOUZA PEREIRA;18.09.2026;15:00;0;701803214463077;JOAQUINA DE LOURDES DE ALMEIDA DE SOUZA;26.04.1960;66;797;MARIA DEZUO DE ALMEIDA;RUA;RIO DE JANEIRO;;2130;CENTRO;79490000;(67)9937-0476;SAO GABRIEL DO OESTE;500769;SAO GABRIEL DO OESTE;500769;6452116;CENTRO DE ESPECIALIDADES MEDICAS;F;17.09.2026;PATRICKMASIAGA;17.09.2026;PATRICKMASIAGA;8.37;PENDENTE;Z099;;MAIARA FLORES SCARIOT
691328772;1314095;0204030153;TORAX (PA + PERFIL);87751593172;CRISTIANE DE SOUZA PEREIRA;18.09.2026;15:00;0;701803214463077;JOAQUINA DE LOURDES DE ALMEIDA DE SOUZA;26.04.1960;66;797;MARIA DEZUO DE ALMEIDA;RUA;RIO DE JANEIRO;;2130;CENTRO;79490000;(67)9937-0476;SAO GABRIEL DO OESTE;500769;SAO GABRIEL DO OESTE;500769;6452116;CENTRO DE ESPECIALIDADES MEDICAS;F;17.09.2026;PATRICKMASIAGA;17.09.2026;PATRICKMASIAGA;9.50;PENDENTE;Z099;;MAIARA FLORES SCARIOT
691328972;1314095;0204030153;TORAX (PA + PERFIL);87751593172;CRISTIANE DE SOUZA PEREIRA;21.09.2026;16:00;0;701803214463077;JOAQUINA DE LOURDES DE ALMEIDA DE SOUZA;26.04.1960;66;797;MARIA DEZUO DE ALMEIDA;RUA;RIO DE JANEIRO;;2130;CENTRO;79490000;(67)9937-0476;SAO GABRIEL DO OESTE;500769;SAO GABRIEL DO OESTE;500769;6452116;CENTRO DE ESPECIALIDADES MEDICAS;F;17.09.2026;PATRICKMASIAGA;17.09.2026;PATRICKMASIAGA;9.50;CONFIRMADO;Z099;;MAIARA FLORES SCARIOT
691328972;1314035;0204030072;COSTELAS P/ HEMITORAX E;87751593172;CRISTIANE DE SOUZA PEREIRA;21.09.2026;16:00;0;701803214463077;JOAQUINA DE LOURDES DE ALMEIDA DE SOUZA;26.04.1960;66;797;MARIA DEZUO DE ALMEIDA;RUA;RIO DE JANEIRO;;2130;CENTRO;79490000;(67)9937-0476;SAO GABRIEL DO OESTE;500769;SAO GABRIEL DO OESTE;500769;6452116;CENTRO DE ESPECIALIDADES MEDICAS;F;17.09.2026;PATRICKMASIAGA;17.09.2026;PATRICKMASIAGA;8.37;CONFIRMADO;Z099;;MAIARA FLORES SCARIOT
691342761;1314029;0204020069;COLUNA LOMBO-SACRA;87751593172;CRISTIANE DE SOUZA PEREIRA;17.09.2026;16:00;0;708708146905793;DEBORA ALVES DA SILVA LIMA;18.01.1998;28;344;ELIANE ALVES DA SILVA;RUA;AMAZONAS;CASA;2730;AMABILE MAFFISSONI;79490104;(67)99631-2542;SAO GABRIEL DO OESTE;500769;SAO GABRIEL DO OESTE;500769;2370964;UNIDADE DE SAUDE DA FAMILIA III;F;17.09.2026;ANACLAUDIA_NOGUEIRA;17.09.2026;ANACLAUDIA_NOGUEIRA;10.96;CONFIRMADO;M544;02611833974;HUDSON PERES DORIGAO BELISARIO DE SOUZA
691366152;1314029;0204020069;COLUNA LOMBO-SACRA;87751593172;CRISTIANE DE SOUZA PEREIRA;18.09.2026;15:00;0;704709547071840;MARIA JOSEANE RAMOS DA SILVA;05.03.1984;42;511;JOSEFA RAMOS DA SILVA;RUA;CANARIOS;CASA;1930;FENIX;79490000;(67)99872-0059;SAO GABRIEL DO OESTE;500769;SAO GABRIEL DO OESTE;500769;2370999;UNIDADE DE SAUDE DA FAMILIA FENIX IV;F;17.09.2026;GUSTAVO_PIAIA;17.09.2026;GUSTAVO_PIAIA;10.96;CONFIRMADO;M545;96245646120;RAFAELLA MARIA COSTA GOIS DE FIGUEIREDO
691441652;1314029;0204020069;COLUNA LOMBO-SACRA;01320968112;MARCELO MARTINS ROCHA;18.09.2026;11:00;0;700207494241224;MARIA EDUARDA DOS SANTOS;07.03.2005;21;258;LUZIA TANIA DE SOUZA DOS SANTOS;FAZENDA;CARDOSO PARTE I;;S/N;ZONA RURAL;79493899;(67)99864-8586;SAO GABRIEL DO OESTE;500769;SAO GABRIEL DO OESTE;500769;3400964;UNIDADE DE SAUDE DA FAMILIA RURAL VII;F;17.09.2026;ISABEL_PINHEIRO;17.09.2026;ISABEL_PINHEIRO;10.96;CONFIRMADO;M545;02453491113;MILENA GUEDIN VARGAS
691444910;1314095;0204030153;TORAX (PA + PERFIL);80089844149;ANA PAULA DOS SANTOS PEREIRA SILVANY;21.09.2026;07:00;0;700409591224150;ALESSANDRA SANTOS VILIALVA;06.05.1983;43;521;TEREZA DOS SANTOS VILIALVA;RUA;JURITI;CASA;235;CONJUNTO FENIX;79490000;(67)99659-9644;SAO GABRIEL DO OESTE;500769;SAO GABRIEL DO OESTE;500769;3400964;UNIDADE DE SAUDE DA FAMILIA RURAL VII;F;17.09.2026;ISABEL_PINHEIRO;17.09.2026;ISABEL_PINHEIRO;9.50;CONFIRMADO;R05;00612619630;KALYNKA SILVIA HIGINO
691451141;0282063;0301010072;CONSULTA EM OTORRINOLARINGOLOGIA;78877326115;ANA PAULA CAVALIERI PONTES;17.09.2026;18:00;0;702507779809540;YASMIM KETHILYN DA SILVA GOMES;06.12.2018;07;94;JOICE SILVA DE PAULA GOMES;FAZENDA;ROSADA;;S/N;RURAL;79490000;(67)99934-9559;SAO GABRIEL DO OESTE;500769;SAO GABRIEL DO OESTE;500769;6452116;CENTRO DE ESPECIALIDADES MEDICAS;F;17.09.2026;ARI_CEM;17.09.2026;ARI_CEM;10.00;PENDENTE;J352;;STEPHANNO CONTRIS
691454446;0282063;0301010072;CONSULTA EM OTORRINOLARINGOLOGIA;78877326115;ANA PAULA CAVALIERI PONTES;17.09.2026;18:10;0;704506309757418;ELTON NOLASSO BORGES;03.07.1984;42;507;NEUZA NOLASSO DO REGO;RUA;PERDIZES;CASA;460;FENIX;79490000;(61)3315-2425;SAO GABRIEL DO OESTE;500769;SAO GABRIEL DO OESTE;500769;6452116;CENTRO DE ESPECIALIDADES MEDICAS;M;17.09.2026;PATRICKMASIAGA;17.09.2026;PATRICKMASIAGA;10.00;PENDENTE;H911;;BRUNO INCERTI
691458524;1314095;0204030153;TORAX (PA + PERFIL);87751593172;CRISTIANE DE SOUZA PEREIRA;18.09.2026;15:00;0;707605240606796;RODRIGO DE ASSIS RIBEIRO;17.07.1996;30;362;LURDES DE ASSIS;AVENIDA;CAMPO GRANDE;;210;MILANI;79492086;(67)99677-6758;SAO GABRIEL DO OESTE;500769;SAO GABRIEL DO OESTE;500769;2370972;UNIDADE DE SAUDE DA FAMILIA MILANE II;M;17.09.2026;FLAVIA_RODRIGUES;17.09.2026;FLAVIA_RODRIGUES;9.50;CONFIRMADO;G40;;RAFAEL CANDIDO MAIA
691459331;1314110;0204030153;TORAX (PA + PERFIL) PRE-OPERATORIO;01320968112;MARCELO MARTINS ROCHA;22.09.2026;11:00;0;706200538211565;ARETHA REGINA ALMEIDA DE PAULA;24.05.1995;31;376;MEIRE CRISTINA DE ALMEIDA;RUA;MINAS GERAIS;PRESÍDIO SGO;2289;CENTRO;79490000;(67)3928-8091;SAO GABRIEL DO OESTE;500769;SAO GABRIEL DO OESTE;500769;6452116;CENTRO DE ESPECIALIDADES MEDICAS;F;17.09.2026;PATRICKMASIAGA;17.09.2026;PATRICKMASIAGA;9.50;CONFIRMADO;K801;;MAIARA FLORES 
691462540;1314062;0204060095;BACIA;01320968112;MARCELO MARTINS ROCHA;21.09.2026;11:00;0;704208748720483;VALENTINA ISABELA CARDOSO ROBERTO;07.08.2018;08;97;CINTIA ALVES CARDOSO;RUA;CURRUIRAS;;474;JARDIM GRAMADO;79490000;(67)99806-4892;SAO GABRIEL DO OESTE;500769;SAO GABRIEL DO OESTE;500769;2591359;UNIDADE DE SAUDE DA FAMILIA V;F;17.09.2026;CHRISTIANEHELEN_FREITAS;17.09.2026;CHRISTIANEHELEN_FREITAS;7.77;CONFIRMADO;M255;;RODOLFO PELISSARI ZAMBOLIN
691462540;1314078;0204060087;ARTICULACAO TIBIO-TARSICA (TORNOZELO) D;01320968112;MARCELO MARTINS ROCHA;21.09.2026;11:00;0;704208748720483;VALENTINA ISABELA CARDOSO ROBERTO;07.08.2018;08;97;CINTIA ALVES CARDOSO;RUA;CURRUIRAS;;474;JARDIM GRAMADO;79490000;(67)99806-4892;SAO GABRIEL DO OESTE;500769;SAO GABRIEL DO OESTE;500769;2591359;UNIDADE DE SAUDE DA FAMILIA V;F;17.09.2026;CHRISTIANEHELEN_FREITAS;17.09.2026;CHRISTIANEHELEN_FREITAS;6.50;CONFIRMADO;M255;;RODOLFO PELISSARI ZAMBOLIN
691462540;1314029;0204020069;COLUNA LOMBO-SACRA;01320968112;MARCELO MARTINS ROCHA;21.09.2026;11:00;0;704208748720483;VALENTINA ISABELA CARDOSO ROBERTO;07.08.2018;08;97;CINTIA ALVES CARDOSO;RUA;CURRUIRAS;;474;JARDIM GRAMADO;79490000;(67)99806-4892;SAO GABRIEL DO OESTE;500769;SAO GABRIEL DO OESTE;500769;2591359;UNIDADE DE SAUDE DA FAMILIA V;F;17.09.2026;CHRISTIANEHELEN_FREITAS;17.09.2026;CHRISTIANEHELEN_FREITAS;10.96;CONFIRMADO;M255;;RODOLFO PELISSARI ZAMBOLIN
691462540;1314076;0204060168;PERNA D;01320968112;MARCELO MARTINS ROCHA;21.09.2026;11:00;0;704208748720483;VALENTINA ISABELA CARDOSO ROBERTO;07.08.2018;08;97;CINTIA ALVES CARDOSO;RUA;CURRUIRAS;;474;JARDIM GRAMADO;79490000;(67)99806-4892;SAO GABRIEL DO OESTE;500769;SAO GABRIEL DO OESTE;500769;2591359;UNIDADE DE SAUDE DA FAMILIA V;F;17.09.2026;CHRISTIANEHELEN_FREITAS;17.09.2026;CHRISTIANEHELEN_FREITAS;8.94;CONFIRMADO;M255;;RODOLFO PELISSARI ZAMBOLIN
691462540;1314077;0204060168;PERNA E;01320968112;MARCELO MARTINS ROCHA;21.09.2026;11:00;0;704208748720483;VALENTINA ISABELA CARDOSO ROBERTO;07.08.2018;08;97;CINTIA ALVES CARDOSO;RUA;CURRUIRAS;;474;JARDIM GRAMADO;79490000;(67)99806-4892;SAO GABRIEL DO OESTE;500769;SAO GABRIEL DO OESTE;500769;2591359;UNIDADE DE SAUDE DA FAMILIA V;F;17.09.2026;CHRISTIANEHELEN_FREITAS;17.09.2026;CHRISTIANEHELEN_FREITAS;8.94;CONFIRMADO;M255;;RODOLFO PELISSARI ZAMBOLIN
691466551;1314029;0204020069;COLUNA LOMBO-SACRA;87751593172;CRISTIANE DE SOUZA PEREIRA;30.09.2026;16:00;0;708807787795010;ALESSANDRA PALMEIRA DOS SANTOS;19.01.1996;30;368;CLAUDETE PALMEIRA;RUA;PATATIVA;;331;FENIX;79491100;(67)99876-0798;SAO GABRIEL DO OESTE;500769;SAO GABRIEL DO OESTE;500769;2370999;UNIDADE DE SAUDE DA FAMILIA FENIX IV;F;17.09.2026;GUSTAVO_PIAIA;17.09.2026;GUSTAVO_PIAIA;10.96;CONFIRMADO;M545;96245646120;RAFAELLA MARIA COSTA GOIS DE FIGUEIREDO
691507759;1314054;0204040124;PUNHO E (AP + LATERAL + OBLIQUA);87751593172;CRISTIANE DE SOUZA PEREIRA;18.09.2026;15:00;0;707603288658492;THAIS SOLANGE CAMARGO TORRES DE AVILA;06.01.1994;32;393;GILCIMARA CAMARGO;INVALIDO;FELIPE CURY;;44;JARDIM AEROPORTO;79106052;(67)9665-2776;CAMPO GRANDE;500270;SAO GABRIEL DO OESTE;500769;6354265;CENTRAL DE REGULACAO DE SAO GABRIEL DO OESTE;F;17.09.2026;CLEIDIANE_REGULADOR;17.09.2026;CLEIDIANE_REGULADOR;6.91;PENDENTE;Z00;;VANIA GOMES MARIANO
691507759;1314053;0204040124;PUNHO D (AP + LATERAL + OBLIQUA);87751593172;CRISTIANE DE SOUZA PEREIRA;18.09.2026;15:00;0;707603288658492;THAIS SOLANGE CAMARGO TORRES DE AVILA;06.01.1994;32;393;GILCIMARA CAMARGO;INVALIDO;FELIPE CURY;;44;JARDIM AEROPORTO;79106052;(67)9665-2776;CAMPO GRANDE;500270;SAO GABRIEL DO OESTE;500769;6354265;CENTRAL DE REGULACAO DE SAO GABRIEL DO OESTE;F;17.09.2026;CLEIDIANE_REGULADOR;17.09.2026;CLEIDIANE_REGULADOR;6.91;PENDENTE;Z00;;VANIA GOMES MARIANO
691510977;1314128;0204030153;RADIOGRAFIA PANORAMICA DE TORAX (PA E PERFIL);01320968112;MARCELO MARTINS ROCHA;18.09.2026;11:00;0;703207603132298;GILMAR DA SILVA VIEIRA;01.01.1981;45;549;APARECIDA DA SILVA VIEIRA;RUA;CURIO;;584;JARDIM GRAMADO;79491012;(67)99692-4705;SAO GABRIEL DO OESTE;500769;SAO GABRIEL DO OESTE;500769;5971055;UNIDADE DE SAUDE DA FAMILIA VIII;M;17.09.2026;JESSICAPADILHA;17.09.2026;JESSICAPADILHA;9.50;CONFIRMADO;Z000;;RODOLFO ZAMBOLIM
691537558;1314095;0204030153;TORAX (PA + PERFIL);01320968112;MARCELO MARTINS ROCHA;18.09.2026;11:00;0;704602106219522;DELZA FERREIRA RIBEIRO;08.06.1957;69;831;INACIA ROSA FERREIRA;LOTEAMENTO;PATATIVAS;LOTE;35;ZONA RURAL;79493899;(67)99274-0028 / (67)99612-8199;SAO GABRIEL DO OESTE;500769;SAO GABRIEL DO OESTE;500769;6452116;CENTRO DE ESPECIALIDADES MEDICAS;F;18.09.2026;ANDREIA_CEM;18.09.2026;ANDREIA_CEM;9.50;CONFIRMADO;Z016;70808015087;CELIO HELEGDA
691543417;1314029;0204020069;COLUNA LOMBO-SACRA;01320968112;MARCELO MARTINS ROCHA;18.09.2026;11:00;0;700405176090350;ANDREIA RAMOS;25.10.1973;52;635;ANA MARIA MOTA RAMOS;CHACARA;ITAQUI;;25;RURAL;79490000;(67)99930-6488;SAO GABRIEL DO OESTE;500769;SAO GABRIEL DO OESTE;500769;6452116;CENTRO DE ESPECIALIDADES MEDICAS;F;18.09.2026;PATRICKMASIAGA;18.09.2026;PATRICKMASIAGA;10.96;CONFIRMADO;Z000;;MILENA GUEDIN
691549878;1314095;0204030153;TORAX (PA + PERFIL);87751593172;CRISTIANE DE SOUZA PEREIRA;21.09.2026;16:00;0;704506354217516;MARIA ROSANA BENITES DOS SANTOS;23.02.1988;38;463;SURCILEI BENITES PEREIRA;AVENIDA;MATO GROSSO DO SUL 2401/99999;- DE 2401 AO FIM - LADO IMPAR;2356;AMABILE MAFFISSONI;79490092;(67)98136-2770 / (67)98116-6835;SAO GABRIEL DO OESTE;500769;SAO GABRIEL DO OESTE;500769;2370964;UNIDADE DE SAUDE DA FAMILIA III;F;18.09.2026;ANACLAUDIA_NOGUEIRA;18.09.2026;ANACLAUDIA_NOGUEIRA;9.50;CONFIRMADO;Z136;02611833974;HUDSON PERES DORIGAO BELISARIO DE SOUZA
691564965;1314114;0204020107;COLUNA TORACO-LOMBAR;87751593172;CRISTIANE DE SOUZA PEREIRA;21.09.2026;16:00;0;700002741029304;SANDRO BARBOSA DA SILVA;16.04.1973;53;641;MARIA JOSE DA SILVA;RUA;CURICACA;;1343;JG;79490000;(67)9803-1842;SAO GABRIEL DO OESTE;500769;SAO GABRIEL DO OESTE;500769;5971055;UNIDADE DE SAUDE DA FAMILIA VIII;M;18.09.2026;MARTAFERNANDES_ABREU;18.09.2026;MARTAFERNANDES_ABREU;9.73;CONFIRMADO;M543;04805244160;RENNAN ORTIZ BUENO
691564965;1314029;0204020069;COLUNA LOMBO-SACRA;87751593172;CRISTIANE DE SOUZA PEREIRA;21.09.2026;16:00;0;700002741029304;SANDRO BARBOSA DA SILVA;16.04.1973;53;641;MARIA JOSE DA SILVA;RUA;CURICACA;;1343;JG;79490000;(67)9803-1842;SAO GABRIEL DO OESTE;500769;SAO GABRIEL DO OESTE;500769;5971055;UNIDADE DE SAUDE DA FAMILIA VIII;M;18.09.2026;MARTAFERNANDES_ABREU;18.09.2026;MARTAFERNANDES_ABREU;10.96;CONFIRMADO;M543;04805244160;RENNAN ORTIZ BUENO
691566329;1314110;0204030153;TORAX (PA + PERFIL) PRE-OPERATORIO;80089844149;ANA PAULA DOS SANTOS PEREIRA SILVANY;21.09.2026;07:00;0;708506348241675;SARAH JANE MENEZES RODRIGUES MOREIRA;24.01.1990;36;440;CLEONICE APARECIDO DE MENEZES;RUA;MENOTTI DEL PICCHIA;CASA;764;JARDIM ALVORADA;79490000;(66)99618-2238 / (67)99618-2231;SAO GABRIEL DO OESTE;500769;SAO GABRIEL DO OESTE;500769;6452116;CENTRO DE ESPECIALIDADES MEDICAS;F;18.09.2026;PATRICKMASIAGA;18.09.2026;PATRICKMASIAGA;9.50;PENDENTE;Z099;32389571808;RODOLFO PELISSARI ZAMBOLIN
691591817;1314076;0204060168;PERNA D;80089844149;ANA PAULA DOS SANTOS PEREIRA SILVANY;21.09.2026;07:00;0;705004251781959;ADRIANA AUGUSTA LEME FREIRES;02.05.1974;52;629;MARLI AUGUSTA LEME;RUA;ESPIRITO SANTO;;2899;AMABILE MAFISSONI;79490000;(67)9963-2709;SAO GABRIEL DO OESTE;500769;SAO GABRIEL DO OESTE;500769;2370964;UNIDADE DE SAUDE DA FAMILIA III;F;18.09.2026;ANACLAUDIA_NOGUEIRA;18.09.2026;ANACLAUDIA_NOGUEIRA;8.94;CONFIRMADO;S822;02611833974;HUDSON PERES DORIGAO BELISARIO DE SOUZA
691594774;1314045;0204040116;OMOPLATA / OMBRO D (TRES POSICOES);87751593172;CRISTIANE DE SOUZA PEREIRA;21.09.2026;16:00;0;700109993726218;JOAO BATISTA DE SOUZA;11.04.1973;53;641;MARIA DE FATIMA DA CONCEICAO;RUA;BEMTEVI;CASA;1753;FÊNIX;79630090;(66)99637-2106 / (67)99226-4952;SAO GABRIEL DO OESTE;500769;SAO GABRIEL DO OESTE;500769;2370999;UNIDADE DE SAUDE DA FAMILIA FENIX IV;M;18.09.2026;GUSTAVO_PIAIA;18.09.2026;GUSTAVO_PIAIA;7.98;PENDENTE;R522;96245646120;RAFAELLA MARIA COSTA GOIS DE FIGUEIREDO
691594774;1314034;0204030072;COSTELAS P/ HEMITORAX D;87751593172;CRISTIANE DE SOUZA PEREIRA;21.09.2026;16:00;0;700109993726218;JOAO BATISTA DE SOUZA;11.04.1973;53;641;MARIA DE FATIMA DA CONCEICAO;RUA;BEMTEVI;CASA;1753;FÊNIX;79630090;(66)99637-2106 / (67)99226-4952;SAO GABRIEL DO OESTE;500769;SAO GABRIEL DO OESTE;500769;2370999;UNIDADE DE SAUDE DA FAMILIA FENIX IV;M;18.09.2026;GUSTAVO_PIAIA;18.09.2026;GUSTAVO_PIAIA;8.37;PENDENTE;R522;96245646120;RAFAELLA MARIA COSTA GOIS DE FIGUEIREDO
691616969;1314029;0204020069;COLUNA LOMBO-SACRA;87751593172;CRISTIANE DE SOUZA PEREIRA;22.09.2026;16:00;0;700009640075900;JESSICA MONTEIRO DA SILVA OLIVEIRA;14.09.1992;34;408;ZENAIDE MONTEIRO DA SILVA OLIVEIRA;RUA;RIO DE JANEIRO;;1735;CENTRO;79490000;(67)99979-5727;SAO GABRIEL DO OESTE;500769;SAO GABRIEL DO OESTE;500769;3400964;UNIDADE DE SAUDE DA FAMILIA RURAL VII;F;18.09.2026;DULCINEIA_MOCCELIN;18.09.2026;DULCINEIA_MOCCELIN;10.96;PENDENTE;Z000;02453491113;MILENA GUEDIN VARGAS
691618801;1314023;0204020034;COLUNA CERVICAL (AP + LATERAL + TO + OBLIQUAS);87751593172;CRISTIANE DE SOUZA PEREIRA;22.09.2026;16:00;0;700009640075900;JESSICA MONTEIRO DA SILVA OLIVEIRA;14.09.1992;34;408;ZENAIDE MONTEIRO DA SILVA OLIVEIRA;RUA;RIO DE JANEIRO;;1735;CENTRO;79490000;(67)99979-5727;SAO GABRIEL DO OESTE;500769;SAO GABRIEL DO OESTE;500769;3400964;UNIDADE DE SAUDE DA FAMILIA RURAL VII;F;18.09.2026;DULCINEIA_MOCCELIN;18.09.2026;DULCINEIA_MOCCELIN;8.33;CONFIRMADO;Z000;02453491113;MILENA GUEDIN VARGAS
691618801;1314032;0204020123;SACRO-COCCIX;87751593172;CRISTIANE DE SOUZA PEREIRA;22.09.2026;16:00;0;700009640075900;JESSICA MONTEIRO DA SILVA OLIVEIRA;14.09.1992;34;408;ZENAIDE MONTEIRO DA SILVA OLIVEIRA;RUA;RIO DE JANEIRO;;1735;CENTRO;79490000;(67)99979-5727;SAO GABRIEL DO OESTE;500769;SAO GABRIEL DO OESTE;500769;3400964;UNIDADE DE SAUDE DA FAMILIA RURAL VII;F;18.09.2026;DULCINEIA_MOCCELIN;18.09.2026;DULCINEIA_MOCCELIN;7.80;CONFIRMADO;Z000;02453491113;MILENA GUEDIN VARGAS
691618801;1314114;0204020107;COLUNA TORACO-LOMBAR;87751593172;CRISTIANE DE SOUZA PEREIRA;22.09.2026;16:00;0;700009640075900;JESSICA MONTEIRO DA SILVA OLIVEIRA;14.09.1992;34;408;ZENAIDE MONTEIRO DA SILVA OLIVEIRA;RUA;RIO DE JANEIRO;;1735;CENTRO;79490000;(67)99979-5727;SAO GABRIEL DO OESTE;500769;SAO GABRIEL DO OESTE;500769;3400964;UNIDADE DE SAUDE DA FAMILIA RURAL VII;F;18.09.2026;DULCINEIA_MOCCELIN;18.09.2026;DULCINEIA_MOCCELIN;9.73;CONFIRMADO;Z000;02453491113;MILENA GUEDIN VARGAS
691618801;1314029;0204020069;COLUNA LOMBO-SACRA;87751593172;CRISTIANE DE SOUZA PEREIRA;22.09.2026;16:00;0;700009640075900;JESSICA MONTEIRO DA SILVA OLIVEIRA;14.09.1992;34;408;ZENAIDE MONTEIRO DA SILVA OLIVEIRA;RUA;RIO DE JANEIRO;;1735;CENTRO;79490000;(67)99979-5727;SAO GABRIEL DO OESTE;500769;SAO GABRIEL DO OESTE;500769;3400964;UNIDADE DE SAUDE DA FAMILIA RURAL VII;F;18.09.2026;DULCINEIA_MOCCELIN;18.09.2026;DULCINEIA_MOCCELIN;10.96;CONFIRMADO;Z000;02453491113;MILENA GUEDIN VARGAS
691626144;1314082;0204060150;PE D;80089844149;ANA PAULA DOS SANTOS PEREIRA SILVANY;22.09.2026;07:00;0;702404550138022;NATHALIA REGINA DE SOUZA;01.02.1995;31;380;ROSA MARIA DE SOUZA;RUA;CAMBARÁ;;756;FLOR DO CERRADO;79490000;(67)99959-7814;SAO GABRIEL DO OESTE;500769;SAO GABRIEL DO OESTE;500769;6452116;CENTRO DE ESPECIALIDADES MEDICAS;F;18.09.2026;PATRICKMASIAGA;18.09.2026;PATRICKMASIAGA;6.78;CONFIRMADO;S925;32389571808;RODOLFO PELISSARI ZAMBOLIN
691709942;0282063;0301010072;CONSULTA EM OTORRINOLARINGOLOGIA;78877326115;ANA PAULA CAVALIERI PONTES;24.09.2026;18:00;0;898004611216146;SOPHIA GRACIELLA COUTO MARTINS;03.03.2015;11;139;VANESSA GRACIELLA COUTO DE ALMEIDA;RUA;GREGORIANO;CASA 18;279;PRIMO MAFFISSONI;;(61)3315-2425;SAO GABRIEL DO OESTE;500769;SAO GABRIEL DO OESTE;500769;7333218;UNIDADE DE SAUDE DA FAMILIA X;F;18.09.2026;RAISSASILVALIMA;18.09.2026;RAISSASILVALIMA;10.00;PENDENTE;J352;63805480172;CLEDSON PERETTI
691713507;1314110;0204030153;TORAX (PA + PERFIL) PRE-OPERATORIO;87751593172;CRISTIANE DE SOUZA PEREIRA;22.09.2026;16:00;0;706701591952716;JOCIMARA MARIA DE OLIVEIRA;21.07.1981;45;542;ALICE MONTEIRO DE OLIVEIRA;RUA;FRANCISCO MISSINO;;826;VILA BELA;85027260;(67)99935-6339;GUARAPUAVA;410940;SAO GABRIEL DO OESTE;500769;6452116;CENTRO DE ESPECIALIDADES MEDICAS;F;18.09.2026;PATRICKMASIAGA;18.09.2026;PATRICKMASIAGA;9.50;CONFIRMADO;Z099;;VANESSA BRESCHI
691719645;1314029;0204020069;COLUNA LOMBO-SACRA;80089844149;ANA PAULA DOS SANTOS PEREIRA SILVANY;21.09.2026;07:00;0;702606766379249;FERNANDA RODRIGUES DA SILVA;27.10.1977;48;587;IRENI RODRIGUES DA SILVA;RUA;IPE;;600;SÃO CRISTOVÃO;79490000;(67)99921-7829;SAO GABRIEL DO OESTE;500769;SAO GABRIEL DO OESTE;500769;2370980;UNIDADE DE SAUDE DA FAMILIA JARDIM GRAMADO I;F;18.09.2026;ELISANGELA_UNIDADEI;18.09.2026;ELISANGELA_UNIDADEI;10.96;CONFIRMADO;M545;01454652179;MAYARA MARIA MELKE GUIMARAES
691738890;1314076;0204060168;PERNA D;80089844149;ANA PAULA DOS SANTOS PEREIRA SILVANY;22.09.2026;07:00;0;700205439386222;WESLEY CICERO DELGADO;07.07.1987;39;470;MARIA APARECIDA DA SILVA DELGADO;RUA;DOS CANARIOS;;368;JARDIM GRAMADO;79491008;(67)99969-7761;SAO GABRIEL DO OESTE;500769;SAO GABRIEL DO OESTE;500769;2370980;UNIDADE DE SAUDE DA FAMILIA JARDIM GRAMADO I;M;18.09.2026;ELISANGELA_UNIDADEI;18.09.2026;ELISANGELA_UNIDADEI;8.94;CONFIRMADO;M79;;MAYARA MELKE
691738890;1314082;0204060150;PE D;80089844149;ANA PAULA DOS SANTOS PEREIRA SILVANY;22.09.2026;07:00;0;700205439386222;WESLEY CICERO DELGADO;07.07.1987;39;470;MARIA APARECIDA DA SILVA DELGADO;RUA;DOS CANARIOS;;368;JARDIM GRAMADO;79491008;(67)99969-7761;SAO GABRIEL DO OESTE;500769;SAO GABRIEL DO OESTE;500769;2370980;UNIDADE DE SAUDE DA FAMILIA JARDIM GRAMADO I;M;18.09.2026;ELISANGELA_UNIDADEI;18.09.2026;ELISANGELA_UNIDADEI;6.78;CONFIRMADO;M79;;MAYARA MELKE
691849512;1314051;0204040019;ANTEBRACO D;80089844149;ANA PAULA DOS SANTOS PEREIRA SILVANY;22.09.2026;07:00;0;703607005074835;ODILIO ARAUJO MARINHO;30.10.1975;50;611;OFELIA ARAUJO MARINHO;RUA;PERNAMBUCO;;2725;JARDIM PRIMAVERA;79490174;(92)98436-0915 / (92)98436-0915;SAO GABRIEL DO OESTE;500769;SAO GABRIEL DO OESTE;500769;2370964;UNIDADE DE SAUDE DA FAMILIA III;M;21.09.2026;ANACLAUDIA_NOGUEIRA;21.09.2026;ANACLAUDIA_NOGUEIRA;6.42;CONFIRMADO;S52;02611833974;HUDSON PERES DORIGAO BELISARIO DE SOUZA
691849512;1314052;0204040019;ANTEBRACO E;80089844149;ANA PAULA DOS SANTOS PEREIRA SILVANY;22.09.2026;07:00;0;703607005074835;ODILIO ARAUJO MARINHO;30.10.1975;50;611;OFELIA ARAUJO MARINHO;RUA;PERNAMBUCO;;2725;JARDIM PRIMAVERA;79490174;(92)98436-0915 / (92)98436-0915;SAO GABRIEL DO OESTE;500769;SAO GABRIEL DO OESTE;500769;2370964;UNIDADE DE SAUDE DA FAMILIA III;M;21.09.2026;ANACLAUDIA_NOGUEIRA;21.09.2026;ANACLAUDIA_NOGUEIRA;6.42;CONFIRMADO;S52;02611833974;HUDSON PERES DORIGAO BELISARIO DE SOUZA
691862393;0282063;0301010072;CONSULTA EM OTORRINOLARINGOLOGIA;78877326115;ANA PAULA CAVALIERI PONTES;24.09.2026;18:00;0;707009895621835;DIVINO RAMOS DOS SANTOS;19.05.1956;70;844;ADELAIDE MARIA DOS SANTOS;AVENIDA;A;;723;CIDADE JARDIM;79492134;(64)99511-8425;SAO GABRIEL DO OESTE;500769;SAO GABRIEL DO OESTE;500769;2370972;UNIDADE DE SAUDE DA FAMILIA MILANE II;M;21.09.2026;FLAVIA_RODRIGUES;21.09.2026;FLAVIA_RODRIGUES;10.00;PENDENTE;Z011;83798633134;JOAO BAPTISTA BARBOSA SOUZA
691868329;1314053;0204040124;PUNHO D (AP + LATERAL + OBLIQUA);87751593172;CRISTIANE DE SOUZA PEREIRA;23.09.2026;16:00;0;709206249171238;MARIA VITORIA MARINHO NASCIMENTO;21.03.2006;20;246;KELMA PINHEIRO MARINHO SANTOS;RUA;PARANA 1/2399;;1985;CENTRO;79490007;(11)96929-4711;SAO GABRIEL DO OESTE;500769;SAO GABRIEL DO OESTE;500769;6452116;CENTRO DE ESPECIALIDADES MEDICAS;F;21.09.2026;PATRICKMASIAGA;21.09.2026;PATRICKMASIAGA;6.91;CONFIRMADO;S525;93393539191;RODOLFO FABIANO NIZ BAREIRO
691872998;1314123;0204060150;RADIOGRAFIA PANORAMICA DE PE / DEDOS DO PE;80089844149;ANA PAULA DOS SANTOS PEREIRA SILVANY;23.09.2026;07:00;0;706907162380536;JEANE APARECIDA FREITAS SORIO;19.02.1976;50;607;CLEUSA FREITAS SORIO;RUA;JOSÉ HONÓRIO SOBRINHO;;422;CENTRO;79490053;(67)99867-3882;SAO GABRIEL DO OESTE;500769;SAO GABRIEL DO OESTE;500769;2599376;UNIDADE DE SAUDE DA FAMILIA VI;F;21.09.2026;MARIANA_MARTINS;21.09.2026;MARIANA_MARTINS;6.78;CONFIRMADO;S910;06437691107;MAIARA FLORES SCARIOT
691880410;1314023;0204020034;COLUNA CERVICAL (AP + LATERAL + TO + OBLIQUAS);87751593172;CRISTIANE DE SOUZA PEREIRA;22.09.2026;16:00;0;709007871458718;EDIO GOMES BATISTA;01.11.1974;51;623;JOANA MOREIRA BATISTA;FAZENDA;GUARANI;;S/N;RURAL;79490000;(67)99938-3230 / (67)99938-3230;SAO GABRIEL DO OESTE;500769;SAO GABRIEL DO OESTE;500769;6452116;CENTRO DE ESPECIALIDADES MEDICAS;M;21.09.2026;PATRICKMASIAGA;21.09.2026;PATRICKMASIAGA;8.33;CONFIRMADO;Z099;89074033172;ROGERIO PADOVANI TOFFOLI
691895686;1314118;0204020069;COLUNA LOMBAR (AP + PERFIL);01320968112;MARCELO MARTINS ROCHA;22.09.2026;11:00;0;704006315440662;CELSO ANTONIO DA SILVA;16.02.1968;58;703;CANDIDA SEVERINO DE GODOY;RUA;JOAO EVANGELISTA ROSA;CASA;2097;PRIMO MAFFISSONI;79490000;(67)99913-9349;SAO GABRIEL DO OESTE;500769;SAO GABRIEL DO OESTE;500769;7333218;UNIDADE DE SAUDE DA FAMILIA X;M;21.09.2026;RAISSASILVALIMA;21.09.2026;RAISSASILVALIMA;10.96;CONFIRMADO;Z00;63805480172;CLEDSON PERETTI
691900725;1314045;0204040116;OMOPLATA / OMBRO D (TRES POSICOES);01320968112;MARCELO MARTINS ROCHA;22.09.2026;11:00;0;708604555725586;ERMELINDO MARQUES DA SILVA;03.09.1961;65;781;NEIDE MARIA RAMOS MARQUES;RUA;RIO GRANDE DO SUL;CASA 01;2145;CENTRO;79490000;(67)99968-7759;SAO GABRIEL DO OESTE;500769;SAO GABRIEL DO OESTE;500769;6452116;CENTRO DE ESPECIALIDADES MEDICAS;M;21.09.2026;PATRICKMASIAGA;21.09.2026;PATRICKMASIAGA;7.98;CONFIRMADO;Z099;89074033172;ROGERIO PADOVANI TOFFOLI
691907765;1314032;0204020123;SACRO-COCCIX;80089844149;ANA PAULA DOS SANTOS PEREIRA SILVANY;22.09.2026;07:00;0;705404480319192;IZAURA NERES GONCALVES;05.07.1958;68;819;ILDA NERES GONCALVES;RUA;BAHIA;CASA 1;2739;AMABILE MAFFISSONI;79490000;(61)3315-2425;SAO GABRIEL DO OESTE;500769;SAO GABRIEL DO OESTE;500769;6452116;CENTRO DE ESPECIALIDADES MEDICAS;F;21.09.2026;PATRICKMASIAGA;21.09.2026;PATRICKMASIAGA;7.80;CONFIRMADO;Z099;;ALCIDES EDUARDO EIBEL
691999728;1314110;0204030153;TORAX (PA + PERFIL) PRE-OPERATORIO;01320968112;MARCELO MARTINS ROCHA;22.09.2026;11:00;0;706201591995665;ALEXANDRE GARCIA;27.02.1947;79;955;RAMONA GARCIA;RUA;PARA;;71;AMABILE MAFFISSONI;79490100;(67)99264-3320;SAO GABRIEL DO OESTE;500769;SAO GABRIEL DO OESTE;500769;6452116;CENTRO DE ESPECIALIDADES MEDICAS;M;21.09.2026;PATRICKMASIAGA;21.09.2026;PATRICKMASIAGA;9.50;CONFIRMADO;K801;48047740172;EVA WILMA ABDO DOS SANTOS GUIMARAES
692006584;1314110;0204030153;TORAX (PA + PERFIL) PRE-OPERATORIO;80089844149;ANA PAULA DOS SANTOS PEREIRA SILVANY;22.09.2026;07:00;0;707804691479613;JILMARCOS NUNES PERES;04.10.1987;39;468;OLIVETE NUNES DE OLIVEIRA PERES;JARDIM;AMETISTA;;477;VILA BELA;79415000;(61)3315-2425;COXIM;500330;SAO GABRIEL DO OESTE;500769;6452116;CENTRO DE ESPECIALIDADES MEDICAS;M;21.09.2026;PATRICKMASIAGA;21.09.2026;PATRICKMASIAGA;9.50;CONFIRMADO;K429;48047740172;EVA WILMA ABDO DOS SANTOS GUIMARAES
692009508;1314066;0204060060;ARTICULACAO COXO-FEMORAL D;87751593172;CRISTIANE DE SOUZA PEREIRA;23.09.2026;16:00;0;700502396652958;ANTONIA DE CARVALHO;13.01.1953;73;884;APARECIDA FLORISMINA DE CARVALHO;RUA;ESPIRITO SANTO 2400/99999;;2754;AMABILE MAFFISSONI;79490108;(67)99805-5650 / (67)99972-7306;SAO GABRIEL DO OESTE;500769;SAO GABRIEL DO OESTE;500769;2370964;UNIDADE DE SAUDE DA FAMILIA III;F;21.09.2026;ANACLAUDIA_NOGUEIRA;21.09.2026;ANACLAUDIA_NOGUEIRA;7.77;CONFIRMADO;Z000;02611833974;HUDSON PERES DORIGAO BELISARIO DE SOUZA
692031224;1314029;0204020069;COLUNA LOMBO-SACRA;80089844149;ANA PAULA DOS SANTOS PEREIRA SILVANY;22.09.2026;07:00;0;709006852897719;REGINALDO MALAQUIAS DO NASCIMENTO;29.10.1991;34;419;GERACI MALAQUIAS DO NASCIMENTO;RUA;TENENTE FLAVIO JOSE DE CARVALHO;942;S/N;JARDIM SANTA EMILIA;79093480;(67)99805-1802;CAMPO GRANDE;500270;SAO GABRIEL DO OESTE;500769;3400964;UNIDADE DE SAUDE DA FAMILIA RURAL VII;M;21.09.2026;DULCINEIA_MOCCELIN;21.09.2026;DULCINEIA_MOCCELIN;10.96;CONFIRMADO;M545;02453491113;MILENA GUEDIN VARGAS
692035788;1314016;0204010063;CAVUM (LATERAL + HIRTZ);80089844149;ANA PAULA DOS SANTOS PEREIRA SILVANY;23.09.2026;07:00;0;700709902201375;LUCAS CARNEIRO MORBEQUE;22.06.2022;04;51;LUCILAINE CARNEIRO RODRIGUES MORBEQUE;RUA;CURICARAS;CASA;1334;FENIX;79490000;(67)99892-8986 / (67)99662-9598;SAO GABRIEL DO OESTE;500769;SAO GABRIEL DO OESTE;500769;6452116;CENTRO DE ESPECIALIDADES MEDICAS;M;21.09.2026;PATRICKMASIAGA;21.09.2026;PATRICKMASIAGA;6.88;CONFIRMADO;Z099;;RHUANNE SIQUEIRA
692059873;1314110;0204030153;TORAX (PA + PERFIL) PRE-OPERATORIO;80089844149;ANA PAULA DOS SANTOS PEREIRA SILVANY;23.09.2026;07:00;0;700808927531490;SILVIA ALENCAR DOS SANTOS LAURENTINO;11.12.1981;44;537;LOZIMAR RIBEIRO DE ALENCAR;AVENIDA;MATO GROSSO DO SUL 2400/99998;;2570;AMABILE MAFFISSONI;79490094;(67)99631-0179;SAO GABRIEL DO OESTE;500769;SAO GABRIEL DO OESTE;500769;6452116;CENTRO DE ESPECIALIDADES MEDICAS;F;21.09.2026;PATRICKMASIAGA;21.09.2026;PATRICKMASIAGA;9.50;CONFIRMADO;Z099;;ALESSANDRA REGINA GOMES R
692064853;1314072;0204060133;JOELHO / ROTULA D (AP + LATERAL + AXIAL);87751593172;CRISTIANE DE SOUZA PEREIRA;25.09.2026;15:00;0;708600561126385;ANA VITORIA GOMES NUNES;24.12.2018;07;93;MARIA REGINA GOMES;RUA;TANGARA;;404;FÊNIX;79490000;(67)96103-6988;SAO GABRIEL DO OESTE;500769;SAO GABRIEL DO OESTE;500769;7002084;UNIDADE DE SAUDE DA FAMILIA IX;F;21.09.2026;FABIELY_MORAES;21.09.2026;FABIELY_MORAES;7.16;CONFIRMADO;S80;;LEONARDO DE SOUZA QUEIROZ
692065605;1314073;0204060133;JOELHO / ROTULA E (AP + LATERAL + AXIAL);87751593172;CRISTIANE DE SOUZA PEREIRA;25.09.2026;15:00;0;708600561126385;ANA VITORIA GOMES NUNES;24.12.2018;07;93;MARIA REGINA GOMES;RUA;TANGARA;;404;FÊNIX;79490000;(67)96103-6988;SAO GABRIEL DO OESTE;500769;SAO GABRIEL DO OESTE;500769;7002084;UNIDADE DE SAUDE DA FAMILIA IX;F;21.09.2026;FABIELY_MORAES;21.09.2026;FABIELY_MORAES;7.16;CONFIRMADO;S80;;LEONARDO DE SOUZA QUEIROZ
692066894;1314078;0204060087;ARTICULACAO TIBIO-TARSICA (TORNOZELO) D;80089844149;ANA PAULA DOS SANTOS PEREIRA SILVANY;22.09.2026;08:00;0;700500953403750;JOSIELY MONTEVANI MELO DA SILVA;25.12.1986;39;477;NELDITE MONTEVANI DE MELO AMARAL;FAZENDA;SANTA CRUZ;;S/N;AREA RURAL DE SAO GABRIEL DO OESTE;79493899;(67)99855-3190;SAO GABRIEL DO OESTE;500769;SAO GABRIEL DO OESTE;500769;6354265;CENTRAL DE REGULACAO DE SAO GABRIEL DO OESTE;F;21.09.2026;CLEIDIANE_REGULADOR;21.09.2026;CLEIDIANE_REGULADOR;6.50;CONFIRMADO;Z00;;VANIA GOMES MARIANO
692103006;1314082;0204060150;PE D;01320968112;MARCELO MARTINS ROCHA;22.09.2026;11:00;0;703401285430315;JOAO PEDRO SILIPRANDI RAZERA;01.05.2013;13;161;MARISTELA SILIPRANDI RAZERA;RUA;BOAVENTURA FERREIRA ROSA;;1249;CENTRO;79490000;(67)3295-1476;SAO GABRIEL DO OESTE;500769;SAO GABRIEL DO OESTE;500769;6452116;CENTRO DE ESPECIALIDADES MEDICAS;M;22.09.2026;ANDREIA_CEM;22.09.2026;ANDREIA_CEM;6.78;CONFIRMADO;Z016;00468987193;ARTHUR MARTINS DE ALMEIDA
692108715;1314076;0204060168;PERNA D;80089844149;ANA PAULA DOS SANTOS PEREIRA SILVANY;23.09.2026;07:00;0;706404335640390;MATHEUS SOUZA MATOS;20.01.2021;05;68;JAQUELINE SILVA DE SOUZA;RUA;CORONEL CHA;ALTOS;761;ALTO DA CIDADE;79210000;(67)99984-0294;ANASTACIO;500070;SAO GABRIEL DO OESTE;500769;6452116;CENTRO DE ESPECIALIDADES MEDICAS;M;22.09.2026;PATRICKMASIAGA;22.09.2026;PATRICKMASIAGA;8.94;CONFIRMADO;Z099;;CLODOALDO SABINO
692108715;1314077;0204060168;PERNA E;80089844149;ANA PAULA DOS SANTOS PEREIRA SILVANY;23.09.2026;07:00;0;706404335640390;MATHEUS SOUZA MATOS;20.01.2021;05;68;JAQUELINE SILVA DE SOUZA;RUA;CORONEL CHA;ALTOS;761;ALTO DA CIDADE;79210000;(67)99984-0294;ANASTACIO;500070;SAO GABRIEL DO OESTE;500769;6452116;CENTRO DE ESPECIALIDADES MEDICAS;M;22.09.2026;PATRICKMASIAGA;22.09.2026;PATRICKMASIAGA;8.94;CONFIRMADO;Z099;;CLODOALDO SABINO
692157023;1314107;0204050120;ABDOMEN AGUDO (MINIMO DE 3 INCIDENCIAS);80089844149;ANA PAULA DOS SANTOS PEREIRA SILVANY;24.09.2026;07:00;0;709104222260530;MARIA VALLENTYNA DA SILVA;10.09.2021;05;60;SARAH VICTORIA DA SILVA PORTELLA;RUA;PERNAMBUCO;;1464;PRIMO MAFFISSONI;79490260;(48)98495-0039 / (67)99657-9561;SAO GABRIEL DO OESTE;500769;SAO GABRIEL DO OESTE;500769;2591359;UNIDADE DE SAUDE DA FAMILIA V;F;22.09.2026;CHRISTIANEHELEN_FREITAS;22.09.2026;CHRISTIANEHELEN_FREITAS;15.30;CONFIRMADO;R104;;PAULO FENELON
692191486;1314095;0204030153;TORAX (PA + PERFIL);80089844149;ANA PAULA DOS SANTOS PEREIRA SILVANY;23.09.2026;07:00;0;702008821533787;EDEMARCIO PERUZZO;23.10.1977;48;587;SALETE LUIZA PERUZZO;RUA;PELICANOS;;1581;JARDIM GRAMADO;79490000;(67)99860-4925 / (67)98416-6445;SAO GABRIEL DO OESTE;500769;SAO GABRIEL DO OESTE;500769;2599376;UNIDADE DE SAUDE DA FAMILIA VI;M;22.09.2026;MARIANA_MARTINS;22.09.2026;MARIANA_MARTINS;9.50;CONFIRMADO;K40;06437691107;MAIARA FLORES SCARIOT
692205205;1314053;0204040124;PUNHO D (AP + LATERAL + OBLIQUA);01320968112;MARCELO MARTINS ROCHA;23.09.2026;11:00;0;707001839462533;JOAO VICTOR MENDES;31.10.1996;29;359;VANUSA MENDES;RUA;113;;14;VILA NOVA CAMPO GRANDE;79104510;(67)98412-5753;CAMPO GRANDE;500270;SAO GABRIEL DO OESTE;500769;7002084;UNIDADE DE SAUDE DA FAMILIA IX;M;22.09.2026;FABIELY_MORAES;22.09.2026;FABIELY_MORAES;6.91;CONFIRMADO;Z000;01415181110;ANGELA BENITES
692205205;1314029;0204020069;COLUNA LOMBO-SACRA;01320968112;MARCELO MARTINS ROCHA;23.09.2026;11:00;0;707001839462533;JOAO VICTOR MENDES;31.10.1996;29;359;VANUSA MENDES;RUA;113;;14;VILA NOVA CAMPO GRANDE;79104510;(67)98412-5753;CAMPO GRANDE;500270;SAO GABRIEL DO OESTE;500769;7002084;UNIDADE DE SAUDE DA FAMILIA IX;M;22.09.2026;FABIELY_MORAES;22.09.2026;FABIELY_MORAES;10.96;CONFIRMADO;Z000;01415181110;ANGELA BENITES
692205205;1314070;0204060125;JOELHO D (AP + LATERAL);01320968112;MARCELO MARTINS ROCHA;23.09.2026;11:00;0;707001839462533;JOAO VICTOR MENDES;31.10.1996;29;359;VANUSA MENDES;RUA;113;;14;VILA NOVA CAMPO GRANDE;79104510;(67)98412-5753;CAMPO GRANDE;500270;SAO GABRIEL DO OESTE;500769;7002084;UNIDADE DE SAUDE DA FAMILIA IX;M;22.09.2026;FABIELY_MORAES;22.09.2026;FABIELY_MORAES;6.78;CONFIRMADO;Z000;01415181110;ANGELA BENITES
692205205;1314056;0204040094;MAO E (DUAS INCIDENCIAS);01320968112;MARCELO MARTINS ROCHA;23.09.2026;11:00;0;707001839462533;JOAO VICTOR MENDES;31.10.1996;29;359;VANUSA MENDES;RUA;113;;14;VILA NOVA CAMPO GRANDE;79104510;(67)98412-5753;CAMPO GRANDE;500270;SAO GABRIEL DO OESTE;500769;7002084;UNIDADE DE SAUDE DA FAMILIA IX;M;22.09.2026;FABIELY_MORAES;22.09.2026;FABIELY_MORAES;6.30;CONFIRMADO;Z000;01415181110;ANGELA BENITES
692205429;1314071;0204060125;JOELHO E (AP + LATERAL);87751593172;CRISTIANE DE SOUZA PEREIRA;23.09.2026;16:00;0;708806753605110;BRYAN FELIPE GIACOMINI SANTOS;03.05.2015;11;137;PATRICIA APARECIDA GIACOMINI;RUA;JORGE AMADO;CASA;1716;CENTRO;79490000;(67)99682-8748;SAO GABRIEL DO OESTE;500769;SAO GABRIEL DO OESTE;500769;7333218;UNIDADE DE SAUDE DA FAMILIA X;M;22.09.2026;RAISSASILVALIMA;22.09.2026;RAISSASILVALIMA;6.78;CONFIRMADO;S800;;LEONARDO DE SOUZA QUEIROZ
692205429;1314070;0204060125;JOELHO D (AP + LATERAL);87751593172;CRISTIANE DE SOUZA PEREIRA;23.09.2026;16:00;0;708806753605110;BRYAN FELIPE GIACOMINI SANTOS;03.05.2015;11;137;PATRICIA APARECIDA GIACOMINI;RUA;JORGE AMADO;CASA;1716;CENTRO;79490000;(67)99682-8748;SAO GABRIEL DO OESTE;500769;SAO GABRIEL DO OESTE;500769;7333218;UNIDADE DE SAUDE DA FAMILIA X;M;22.09.2026;RAISSASILVALIMA;22.09.2026;RAISSASILVALIMA;6.78;CONFIRMADO;S800;;LEONARDO DE SOUZA QUEIROZ
692212585;1314035;0204030072;COSTELAS P/ HEMITORAX E;80089844149;ANA PAULA DOS SANTOS PEREIRA SILVANY;23.09.2026;07:00;0;708101563588233;LUIZ ANTONIO MARTINS;18.09.1962;64;768;SANTA EDITH MARTINS;AVENIDA;MATO GROSSO DO SUL;;2618;AMABILE MAFFISSONI;79490094;(67)99952-6778 / (67)99676-3499;SAO GABRIEL DO OESTE;500769;SAO GABRIEL DO OESTE;500769;2370964;UNIDADE DE SAUDE DA FAMILIA III;M;22.09.2026;ANACLAUDIA_NOGUEIRA;22.09.2026;ANACLAUDIA_NOGUEIRA;8.37;PENDENTE;R071;02611833974;HUDSON PERES DORIGAO BELISARIO DE SOUZA
692223279;1314075;0204060141;JOELHO / ROTULA E (AP + LATERAL + OBLIQUAS + 3 AXIAIS);87751593172;CRISTIANE DE SOUZA PEREIRA;23.09.2026;16:00;0;705807495740033;ELIANA PEREIRA DUARTE;16.03.1952;74;894;ANA PEREIRA DUARTE;RUA PRINCIPAL;HENRIQUETA DE JESUS;AREADO;S/N;AREA RURAL DE SAO GABRIEL DO OESTE;79493899;(67)99891-9624 / (67)99984-2318;SAO GABRIEL DO OESTE;500769;SAO GABRIEL DO OESTE;500769;2370972;UNIDADE DE SAUDE DA FAMILIA MILANE II;F;22.09.2026;VANESSAMARTINS_AREADO;22.09.2026;VANESSAMARTINS_AREADO;9.29;CONFIRMADO;M179;;RODOLFO ZAMBOLIN
692223279;1314074;0204060141;JOELHO / ROTULA D (AP + LATERAL + OBLIQUAS + 3 AXIAIS);87751593172;CRISTIANE DE SOUZA PEREIRA;23.09.2026;16:00;0;705807495740033;ELIANA PEREIRA DUARTE;16.03.1952;74;894;ANA PEREIRA DUARTE;RUA PRINCIPAL;HENRIQUETA DE JESUS;AREADO;S/N;AREA RURAL DE SAO GABRIEL DO OESTE;79493899;(67)99891-9624 / (67)99984-2318;SAO GABRIEL DO OESTE;500769;SAO GABRIEL DO OESTE;500769;2370972;UNIDADE DE SAUDE DA FAMILIA MILANE II;F;22.09.2026;VANESSAMARTINS_AREADO;22.09.2026;VANESSAMARTINS_AREADO;9.29;CONFIRMADO;M179;;RODOLFO ZAMBOLIN
692305049;1314029;0204020069;COLUNA LOMBO-SACRA;87751593172;CRISTIANE DE SOUZA PEREIRA;23.09.2026;16:00;0;700005803545303;CESAR EDUARDO SOUZA DE OLIVEIRA;05.07.2006;20;243;ANDREA SOUZA OLIVEIRA;RUA;IRERÊ;;62;FÊNIX;79491084;(67)99913-9028 / (67)99197-0937;SAO GABRIEL DO OESTE;500769;SAO GABRIEL DO OESTE;500769;2370999;UNIDADE DE SAUDE DA FAMILIA FENIX IV;M;22.09.2026;GUSTAVO_PIAIA;22.09.2026;GUSTAVO_PIAIA;10.96;CONFIRMADO;M545;00703866176;ALCIDES EDUARDO EIBEL
692312429;0282063;0301010072;CONSULTA EM OTORRINOLARINGOLOGIA;78877326115;ANA PAULA CAVALIERI PONTES;24.09.2026;18:00;0;704005816172961;MARIA FERNANDA DIAS BASILIO;24.03.1992;34;414;LUCIVANIA BASILIO DE OLIVEIRA;RUA;IGUACU 1/688;;95;VILA SUMARE;39402761;(31)98491-4330 / (38)99171-3580;MONTES CLAROS;314330;SAO GABRIEL DO OESTE;500769;6354265;CENTRAL DE REGULACAO DE SAO GABRIEL DO OESTE;F;22.09.2026;VANIA_MARIANO;22.09.2026;VANIA_MARIANO;10.00;PENDENTE;R490;00125300006;MEDICOS SUS
692332114;1314062;0204060095;BACIA;01320968112;MARCELO MARTINS ROCHA;23.09.2026;11:00;0;703407286061513;ELISEU ARAUJO SANT ANA;10.05.1997;29;352;CLEIDE MARIA ARAUJO SANT ANA;RUA;OITI;;149;FENIX;79490000;(67)99912-9906;SAO GABRIEL DO OESTE;500769;SAO GABRIEL DO OESTE;500769;7002084;UNIDADE DE SAUDE DA FAMILIA IX;M;22.09.2026;FABIELY_MORAES;22.09.2026;FABIELY_MORAES;7.77;CONFIRMADO;Z000;01415181110;ANGELA BENITES
692332114;1314066;0204060060;ARTICULACAO COXO-FEMORAL D;01320968112;MARCELO MARTINS ROCHA;23.09.2026;11:00;0;703407286061513;ELISEU ARAUJO SANT ANA;10.05.1997;29;352;CLEIDE MARIA ARAUJO SANT ANA;RUA;OITI;;149;FENIX;79490000;(67)99912-9906;SAO GABRIEL DO OESTE;500769;SAO GABRIEL DO OESTE;500769;7002084;UNIDADE DE SAUDE DA FAMILIA IX;M;22.09.2026;FABIELY_MORAES;22.09.2026;FABIELY_MORAES;7.77;CONFIRMADO;Z000;01415181110;ANGELA BENITES
692338040;1314071;0204060125;JOELHO E (AP + LATERAL);80089844149;ANA PAULA DOS SANTOS PEREIRA SILVANY;23.09.2026;07:00;0;702505314951637;EVANILDO CHAVES DE SOUZA;23.12.1981;44;537;NILTA SILVA CHAVES DE SOUZA;RUA;SONIA OLIDIO DA SILVA;;291;CRISTO REDENTOR;79420000;(67)99615-9148;CAMAPUA;500260;SAO GABRIEL DO OESTE;500769;7333218;UNIDADE DE SAUDE DA FAMILIA X;M;22.09.2026;RAISSASILVALIMA;22.09.2026;RAISSASILVALIMA;6.78;PENDENTE;Z00;63805480172;CLEDSON PERETTI
692339204;1314095;0204030153;TORAX (PA + PERFIL);01320968112;MARCELO MARTINS ROCHA;23.09.2026;11:00;0;700008673209301;MIRELLA VALDEZ PAIA;16.04.2007;19;233;EVELYN OLIVEIRA VALDEZ;RUA;17 DE AGOSTO;CASA;1433;FENIX;79491118;(67)99639-0707;SAO GABRIEL DO OESTE;500769;SAO GABRIEL DO OESTE;500769;2370999;UNIDADE DE SAUDE DA FAMILIA FENIX IV;F;22.09.2026;GUSTAVO_PIAIA;22.09.2026;GUSTAVO_PIAIA;9.50;CONFIRMADO;R074;00703866176;ALCIDES EDUARDO EIBEL
692418422;1314029;0204020069;COLUNA LOMBO-SACRA;87751593172;CRISTIANE DE SOUZA PEREIRA;25.09.2026;15:00;0;707403096605376;ANTONIO FABIO PEREIRA DE MOURA;14.02.1961;65;787;ANTONIA MARIA PEREIRA;RUA;JURITI;;161;CONJUNTO FENIX;79490000;(67)99948-6226;SAO GABRIEL DO OESTE;500769;SAO GABRIEL DO OESTE;500769;2370999;UNIDADE DE SAUDE DA FAMILIA FENIX IV;M;23.09.2026;GUSTAVO_PIAIA;23.09.2026;GUSTAVO_PIAIA;10.96;CONFIRMADO;M545;96245646120;RAFAELLA MARIA COSTA GOIS DE FIGUEIREDO
692422648;1314110;0204030153;TORAX (PA + PERFIL) PRE-OPERATORIO;01320968112;MARCELO MARTINS ROCHA;23.09.2026;11:00;0;708502314186678;RAIRA DAIANI SILVA AMARAL;07.01.1991;35;428;ELVIRA VALERIANO DA SILVA;RUA;JOSE FERREIRA DA CUNHA;CASA 2;225;CENTRO;79490047;(68)99944-6049;SAO GABRIEL DO OESTE;500769;SAO GABRIEL DO OESTE;500769;6452116;CENTRO DE ESPECIALIDADES MEDICAS;F;23.09.2026;PATRICKMASIAGA;23.09.2026;PATRICKMASIAGA;9.50;CONFIRMADO;Z099;70808015087;CELIO HELEGDA
692424187;1314093;0204030170;TORAX (PA);87751593172;CRISTIANE DE SOUZA PEREIRA;24.09.2026;16:00;0;707802616444210;LIVIA MAITE DA SILVA SANTOS;12.06.2025;01;15;FABIANY VITORIA SILVA DOS SANTOS;RUA;GREGORIANA 1/99998;CASA 11;609;SANTA LUZIA;79490196;(61)3315-2425 / (66)99957-4093;SAO GABRIEL DO OESTE;500769;SAO GABRIEL DO OESTE;500769;2599376;UNIDADE DE SAUDE DA FAMILIA VI;F;23.09.2026;MARIANA_MARTINS;23.09.2026;MARIANA_MARTINS;6.88;CONFIRMADO;J180;06437691107;MAIARA FLORES SCARIOT
692426585;0282063;0301010072;CONSULTA EM OTORRINOLARINGOLOGIA;78877326115;ANA PAULA CAVALIERI PONTES;24.09.2026;18:00;0;704708557888040;ERICK HENRIQUE NOGUEIRA;03.10.2019;07;84;MARIANA NOGUEIRA;RUA;BARRA DA CORDA;CASA 01;888;JARDIM CENTENARIO;79076030;(48)99605-4007;CAMPO GRANDE;500270;SAO GABRIEL DO OESTE;500769;7333218;UNIDADE DE SAUDE DA FAMILIA X;M;23.09.2026;RAISSASILVALIMA;23.09.2026;RAISSASILVALIMA;10.00;PENDENTE;J352;63805480172;CLEDSON PERETTI
692448676;1314110;0204030153;TORAX (PA + PERFIL) PRE-OPERATORIO;87751593172;CRISTIANE DE SOUZA PEREIRA;24.09.2026;16:00;0;700609913323060;JOSIENE ALVES FERREIRA;16.01.2003;23;284;LEONORA ALVES DE OLIVEIRA;RUA;CURICACA;;1346;JARDIM GRAMADO;79491010;(67)99929-2849;SAO GABRIEL DO OESTE;500769;SAO GABRIEL DO OESTE;500769;6452116;CENTRO DE ESPECIALIDADES MEDICAS;F;23.09.2026;PATRICKMASIAGA;23.09.2026;PATRICKMASIAGA;9.50;CONFIRMADO;Z099;04349392181;ANTONIO AUGUSTO PALOMBO MENDES
692459917;1314110;0204030153;TORAX (PA + PERFIL) PRE-OPERATORIO;87751593172;CRISTIANE DE SOUZA PEREIRA;30.09.2026;16:00;0;708605083778380;ANA MARIA RODRIGUES;24.08.1983;43;517;IZULINA RIBEIRO RODRIGUES;RUA;ANHUMAS;;921;JARDIM GRAMADO;79490000;(67)9617-7845 / (67)99617-7845;SAO GABRIEL DO OESTE;500769;SAO GABRIEL DO OESTE;500769;6452116;CENTRO DE ESPECIALIDADES MEDICAS;F;23.09.2026;PATRICKMASIAGA;23.09.2026;PATRICKMASIAGA;9.50;CONFIRMADO;Z099;70808015087;CELIO HELEGDA
692466823;1314095;0204030153;TORAX (PA + PERFIL);87751593172;CRISTIANE DE SOUZA PEREIRA;24.09.2026;16:00;0;703205651249491;HELLITON NOGUEIRA NASCIMENTO;19.11.1990;35;430;MARINEIDE MOREIRA NOGUEIRA NASCIMENTO;RUA;CEREJEIRA;CASA;343;SÃO CRISTOVÃO;79491184;(67)99118-8949 / (67)99118-8949;SAO GABRIEL DO OESTE;500769;SAO GABRIEL DO OESTE;500769;7002084;UNIDADE DE SAUDE DA FAMILIA IX;M;23.09.2026;FABIELY_MORAES;23.09.2026;FABIELY_MORAES;9.50;PENDENTE;Z000;01415181110;ANGELA BENITES
692526939;1314070;0204060125;JOELHO D (AP + LATERAL);87751593172;CRISTIANE DE SOUZA PEREIRA;24.09.2026;16:00;0;705200420400773;ANTONIO DOS SANTOS OLIVEIRA;14.04.1959;67;809;NEUZA RODRIGUES DOS SANTOS;RUA;CURIO;;1027;JARDIM GRAMADO;79490000;(67)9918-5190;SAO GABRIEL DO OESTE;500769;SAO GABRIEL DO OESTE;500769;6452116;CENTRO DE ESPECIALIDADES MEDICAS;M;23.09.2026;ANDREIA_CEM;23.09.2026;ANDREIA_CEM;6.78;CONFIRMADO;Z016;;RENANN
692526939;1314071;0204060125;JOELHO E (AP + LATERAL);87751593172;CRISTIANE DE SOUZA PEREIRA;24.09.2026;16:00;0;705200420400773;ANTONIO DOS SANTOS OLIVEIRA;14.04.1959;67;809;NEUZA RODRIGUES DOS SANTOS;RUA;CURIO;;1027;JARDIM GRAMADO;79490000;(67)9918-5190;SAO GABRIEL DO OESTE;500769;SAO GABRIEL DO OESTE;500769;6452116;CENTRO DE ESPECIALIDADES MEDICAS;M;23.09.2026;ANDREIA_CEM;23.09.2026;ANDREIA_CEM;6.78;CONFIRMADO;Z016;;RENANN
692575578;1314095;0204030153;TORAX (PA + PERFIL);80089844149;ANA PAULA DOS SANTOS PEREIRA SILVANY;24.09.2026;07:00;0;708009306834926;EVA MARIA GIACOMINI;13.11.1958;67;814;TEREZA COMELI VIEIRA;RUA;ALAGOAS;;1915;CENTRO;79490000;(67)9973-1343;SAO GABRIEL DO OESTE;500769;SAO GABRIEL DO OESTE;500769;7333218;UNIDADE DE SAUDE DA FAMILIA X;F;23.09.2026;RAISSASILVALIMA;23.09.2026;RAISSASILVALIMA;9.50;CONFIRMADO;Z00;63805480172;CLEDSON PERETTI
692575578;1314070;0204060125;JOELHO D (AP + LATERAL);80089844149;ANA PAULA DOS SANTOS PEREIRA SILVANY;24.09.2026;07:00;0;708009306834926;EVA MARIA GIACOMINI;13.11.1958;67;814;TEREZA COMELI VIEIRA;RUA;ALAGOAS;;1915;CENTRO;79490000;(67)9973-1343;SAO GABRIEL DO OESTE;500769;SAO GABRIEL DO OESTE;500769;7333218;UNIDADE DE SAUDE DA FAMILIA X;F;23.09.2026;RAISSASILVALIMA;23.09.2026;RAISSASILVALIMA;6.78;CONFIRMADO;Z00;63805480172;CLEDSON PERETTI
692587076;1314071;0204060125;JOELHO E (AP + LATERAL);80089844149;ANA PAULA DOS SANTOS PEREIRA SILVANY;25.09.2026;07:00;0;700505549802058;CLEIDE MARQUES LOPES;02.01.1972;54;657;IRACEMA MARQUES LOPES;RUA;TANGARA;CASA 2;149;FENIX;79491106;(67)99339-6128;SAO GABRIEL DO OESTE;500769;SAO GABRIEL DO OESTE;500769;6452116;CENTRO DE ESPECIALIDADES MEDICAS;F;23.09.2026;PATRICKMASIAGA;23.09.2026;PATRICKMASIAGA;6.78;CONFIRMADO;Z099;32389571808;RODOLFO PELISSARI ZAMBOLIN
692606020;1314034;0204030072;COSTELAS P/ HEMITORAX D;80089844149;ANA PAULA DOS SANTOS PEREIRA SILVANY;24.09.2026;07:00;0;708508511715180;JOHN DE OLIVEIRA LIMA;06.10.1988;38;456;ANTONIA BELO DE OLIVEIRA LIMA;AVENIDA;JUSCELINO KUBITSCHEK;APTO 01;474;CENTRO;79490000;(67)99684-4570 / (67)98158-1388;SAO GABRIEL DO OESTE;500769;SAO GABRIEL DO OESTE;500769;2599376;UNIDADE DE SAUDE DA FAMILIA VI;M;23.09.2026;MARIANA_MARTINS;23.09.2026;MARIANA_MARTINS;8.37;PENDENTE;S234;06437691107;MAIARA FLORES SCARIOT
692617763;0282063;0301010072;CONSULTA EM OTORRINOLARINGOLOGIA;78877326115;ANA PAULA CAVALIERI PONTES;24.09.2026;18:00;0;708706185902994;HENZO GABRYEL ROCHA SALES;23.06.2018;08;99;ALZIRENE PEREIRA ROCHA;RUA;CONDE DE PORTO ALEGRE;;1118;MILANI;79492072;(67)99122-9814;SAO GABRIEL DO OESTE;500769;SAO GABRIEL DO OESTE;500769;2370972;UNIDADE DE SAUDE DA FAMILIA MILANE II;M;23.09.2026;FLAVIA_RODRIGUES;23.09.2026;FLAVIA_RODRIGUES;10.00;PENDENTE;H91;;RAFAEL CANDIDO MAIA
692618672;1314077;0204060168;PERNA E;01320968112;MARCELO MARTINS ROCHA;24.09.2026;11:00;0;708706185902994;HENZO GABRYEL ROCHA SALES;23.06.2018;08;99;ALZIRENE PEREIRA ROCHA;RUA;CONDE DE PORTO ALEGRE;;1118;MILANI;79492072;(67)99122-9814;SAO GABRIEL DO OESTE;500769;SAO GABRIEL DO OESTE;500769;2370972;UNIDADE DE SAUDE DA FAMILIA MILANE II;M;23.09.2026;FLAVIA_RODRIGUES;23.09.2026;FLAVIA_RODRIGUES;8.94;CONFIRMADO;S822;;ROMULO AMARAL TAFURI
692689513;1314110;0204030153;TORAX (PA + PERFIL) PRE-OPERATORIO;87751593172;CRISTIANE DE SOUZA PEREIRA;30.09.2026;16:00;0;705601414683014;NAILEI BORGES TELES;25.03.1968;58;702;JOVINA BORGES TELES;FAZENDA;TAQUARA;;S/N;RURAL;79490000;(67)99986-0939;SAO GABRIEL DO OESTE;500769;SAO GABRIEL DO OESTE;500769;6452116;CENTRO DE ESPECIALIDADES MEDICAS;F;24.09.2026;PATRICKMASIAGA;24.09.2026;PATRICKMASIAGA;9.50;PENDENTE;Z099;;LUCINALDO BASSO
692764103;1314110;0204030153;TORAX (PA + PERFIL) PRE-OPERATORIO;01320968112;MARCELO MARTINS ROCHA;25.09.2026;11:00;0;702402091576023;LETICIA DOS SANTOS MORAIS;12.04.2002;24;293;TEREZINHA APARECIDA PACHECO DOS SANTOS;RUA;AROEIRA;;715;FLOR DO CERRADO;79490000;(67)99652-3010;SAO GABRIEL DO OESTE;500769;SAO GABRIEL DO OESTE;500769;6452116;CENTRO DE ESPECIALIDADES MEDICAS;F;24.09.2026;PATRICKMASIAGA;24.09.2026;PATRICKMASIAGA;9.50;CONFIRMADO;Z099;;LUCINALDO BASSO
692771250;1314110;0204030153;TORAX (PA + PERFIL) PRE-OPERATORIO;80089844149;ANA PAULA DOS SANTOS PEREIRA SILVANY;30.09.2026;07:00;0;705601414683014;NAILEI BORGES TELES;25.03.1968;58;702;JOVINA BORGES TELES;FAZENDA;TAQUARA;;S/N;RURAL;79490000;(67)99986-0939;SAO GABRIEL DO OESTE;500769;SAO GABRIEL DO OESTE;500769;6452116;CENTRO DE ESPECIALIDADES MEDICAS;F;24.09.2026;PATRICKMASIAGA;24.09.2026;PATRICKMASIAGA;9.50;CONFIRMADO;Z099;;LUCINALDO BASSO
692837876;1314023;0204020034;COLUNA CERVICAL (AP + LATERAL + TO + OBLIQUAS);80089844149;ANA PAULA DOS SANTOS PEREIRA SILVANY;25.09.2026;07:00;0;708808750636610;VALMIR LOPES SOBRINHO;13.12.1954;71;861;ANA MARIA LOPES;RUA;ESPÍRITO SANTO;;3241;AMABILE MAFFISSONI;79490108;(67)99649-4108;SAO GABRIEL DO OESTE;500769;SAO GABRIEL DO OESTE;500769;2370964;UNIDADE DE SAUDE DA FAMILIA III;M;24.09.2026;ANACLAUDIA_NOGUEIRA;24.09.2026;ANACLAUDIA_NOGUEIRA;8.33;CONFIRMADO;M542;02611833974;HUDSON PERES DORIGAO BELISARIO DE SOUZA
692850722;1314110;0204030153;TORAX (PA + PERFIL) PRE-OPERATORIO;87751593172;CRISTIANE DE SOUZA PEREIRA;30.09.2026;16:00;0;709001881290113;ANDERSON JEIEL DA SILVA;25.06.1999;27;327;LUZIA APARECIDA DA SILVA;RUA;CORUJAS;;888;FÊNIX;79490000;(67)99624-3335;SAO GABRIEL DO OESTE;500769;SAO GABRIEL DO OESTE;500769;6452116;CENTRO DE ESPECIALIDADES MEDICAS;M;24.09.2026;ARI_CEM;24.09.2026;ARI_CEM;9.50;CONFIRMADO;Z099;01110123175;ELY DONIZETH DE ASSIS JUNIOR
692867712;1314067;0204060060;ARTICULACAO COXO-FEMORAL E;01320968112;MARCELO MARTINS ROCHA;25.09.2026;11:00;0;700904922341699;ERENITES DE OLIVEIRA SANTOS;08.02.1945;81;979;DIONIZIA ROSA DA PAZ;RUA;CURICACA;;1660;JARDIM GRAMADO;79490000;(67)9652-2054;SAO GABRIEL DO OESTE;500769;SAO GABRIEL DO OESTE;500769;2370980;UNIDADE DE SAUDE DA FAMILIA JARDIM GRAMADO I;F;24.09.2026;ELISANGELA_UNIDADEI;24.09.2026;ELISANGELA_UNIDADEI;7.77;CONFIRMADO;M796;01454652179;MAYARA MARIA MELKE GUIMARAES
692867712;1314029;0204020069;COLUNA LOMBO-SACRA;01320968112;MARCELO MARTINS ROCHA;25.09.2026;11:00;0;700904922341699;ERENITES DE OLIVEIRA SANTOS;08.02.1945;81;979;DIONIZIA ROSA DA PAZ;RUA;CURICACA;;1660;JARDIM GRAMADO;79490000;(67)9652-2054;SAO GABRIEL DO OESTE;500769;SAO GABRIEL DO OESTE;500769;2370980;UNIDADE DE SAUDE DA FAMILIA JARDIM GRAMADO I;F;24.09.2026;ELISANGELA_UNIDADEI;24.09.2026;ELISANGELA_UNIDADEI;10.96;CONFIRMADO;M796;01454652179;MAYARA MARIA MELKE GUIMARAES
692871183;1314110;0204030153;TORAX (PA + PERFIL) PRE-OPERATORIO;80089844149;ANA PAULA DOS SANTOS PEREIRA SILVANY;25.09.2026;07:00;0;706300722399074;JOAO GUILHERME DOS SANTOS SOUZA;30.04.2015;11;137;DAIS GOMES DOS SANTOS;AVENIDA;TUIUIU 1/1465;;1961;JARDIM GRAMADO;79491006;(67)99858-9102;SAO GABRIEL DO OESTE;500769;SAO GABRIEL DO OESTE;500769;2370980;UNIDADE DE SAUDE DA FAMILIA JARDIM GRAMADO I;M;24.09.2026;ELISANGELA_UNIDADEI;24.09.2026;ELISANGELA_UNIDADEI;9.50;CONFIRMADO;Z001;;EVA WILMA ABDO
692877802;1314029;0204020069;COLUNA LOMBO-SACRA;80089844149;ANA PAULA DOS SANTOS PEREIRA SILVANY;25.09.2026;07:00;0;702806144274263;ARLINDO PEREIRA RAMOS;15.03.1970;56;678;VITALINA PEREIRA DO PRADO;RUA;SÃO JORGE;CASA 11;215;JARDIM PRIMAVERA;79490164;(67)99991-0497 / (67)99857-3632;SAO GABRIEL DO OESTE;500769;SAO GABRIEL DO OESTE;500769;2370964;UNIDADE DE SAUDE DA FAMILIA III;M;24.09.2026;ANACLAUDIA_NOGUEIRA;24.09.2026;ANACLAUDIA_NOGUEIRA;10.96;PENDENTE;M545;02611833974;HUDSON PERES DORIGAO BELISARIO DE SOUZA
692896601;1314055;0204040094;MAO D (DUAS INCIDENCIAS);80089844149;ANA PAULA DOS SANTOS PEREIRA SILVANY;30.09.2026;07:00;0;705204489949476;SANDRO LUCAS PEREIRA PORFIRIO;17.06.2015;11;135;LEIDIANE BARBOSA PEREIRA;RUA;CURICACA;;805;JARDIM GRAMADO;79491010;(67)99635-8279;SAO GABRIEL DO OESTE;500769;SAO GABRIEL DO OESTE;500769;6452116;CENTRO DE ESPECIALIDADES MEDICAS;M;24.09.2026;PATRICKMASIAGA;24.09.2026;PATRICKMASIAGA;6.30;PENDENTE;Z099;93393539191;RODOLFO FABIANO NIZ BAREIRO
692896601;1314058;0204040086;01 (UM) QUIRODACTILO (POLEGAR) D;80089844149;ANA PAULA DOS SANTOS PEREIRA SILVANY;30.09.2026;07:00;0;705204489949476;SANDRO LUCAS PEREIRA PORFIRIO;17.06.2015;11;135;LEIDIANE BARBOSA PEREIRA;RUA;CURICACA;;805;JARDIM GRAMADO;79491010;(67)99635-8279;SAO GABRIEL DO OESTE;500769;SAO GABRIEL DO OESTE;500769;6452116;CENTRO DE ESPECIALIDADES MEDICAS;M;24.09.2026;PATRICKMASIAGA;24.09.2026;PATRICKMASIAGA;5.62;PENDENTE;Z099;93393539191;RODOLFO FABIANO NIZ BAREIRO
692898512;1314095;0204030153;TORAX (PA + PERFIL);01320968112;MARCELO MARTINS ROCHA;25.09.2026;11:00;0;702908537161171;JUAREZ RAMALHO;06.04.1972;54;654;MARIA GERALDINA RAMALHO;RUA;CURICACAS;;1895;FENIX;79490000;(67)3295-3206;SAO GABRIEL DO OESTE;500769;SAO GABRIEL DO OESTE;500769;2370999;UNIDADE DE SAUDE DA FAMILIA FENIX IV;M;24.09.2026;GUSTAVO_PIAIA;24.09.2026;GUSTAVO_PIAIA;9.50;CONFIRMADO;R05;96245646120;RAFAELLA MARIA COSTA GOIS DE FIGUEIREDO
692928753;1314110;0204030153;TORAX (PA + PERFIL) PRE-OPERATORIO;80089844149;ANA PAULA DOS SANTOS PEREIRA SILVANY;25.09.2026;07:00;0;704200245618886;MARIA JOSE RODRIGUES;10.11.1954;71;862;TERTOLINA MARIA DA CONCEICAO;RUA;RAIMUNDO DO PRADO 1/1199;;1120;AMABILE MAFFISSONI;79490072;(67)99220-9964;SAO GABRIEL DO OESTE;500769;SAO GABRIEL DO OESTE;500769;8176132;CASA ROSA;F;25.09.2026;ARIROSA;25.09.2026;ARIROSA;9.50;CONFIRMADO;Z099;;CLAUDIA 
692934857;1314110;0204030153;TORAX (PA + PERFIL) PRE-OPERATORIO;01320968112;MARCELO MARTINS ROCHA;25.09.2026;11:00;0;705201430919470;CLEVERSON ALEX SANTOS DE OLIVEIRA;06.10.1992;34;408;MARIA APARECIDA RODRIGUES DOS SANTOS;RUA;GREGORIANA 1/99998;CASA 27;609;SANTA LUZIA;79490196;(67)99658-4458;SAO GABRIEL DO OESTE;500769;SAO GABRIEL DO OESTE;500769;6452116;CENTRO DE ESPECIALIDADES MEDICAS;M;25.09.2026;TAINA_CEM;25.09.2026;TAINA_CEM;9.50;CONFIRMADO;K409;48047740172;EVA WILMA ABDO DOS SANTOS GUIMARAES
692960751;1314110;0204030153;TORAX (PA + PERFIL) PRE-OPERATORIO;01320968112;MARCELO MARTINS ROCHA;25.09.2026;11:00;0;702809610877161;LEONARDO GABRIEL DE LIMA AMARAL;13.08.1999;27;325;GERSILIA AUBERTINA DE LIMA AMARAL;RUA;AMAZONAS;;2632;PRIMAVERA;79490000;(67)99982-6064;SAO GABRIEL DO OESTE;500769;SAO GABRIEL DO OESTE;500769;6452116;CENTRO DE ESPECIALIDADES MEDICAS;M;25.09.2026;ARI_CEM;25.09.2026;ARI_CEM;9.50;CONFIRMADO;Z099;93393539191;RODOLFO FABIANO NIZ BAREIRO
692962116;1314023;0204020034;COLUNA CERVICAL (AP + LATERAL + TO + OBLIQUAS);01320968112;MARCELO MARTINS ROCHA;25.09.2026;11:00;0;706801269789321;ZELINDA DE SOUZA;09.12.1962;63;765;JOSINA MARIA DE SOUZA;RUA;SARACURA;;669;JARDIM GRAMADO;79490000;(67)3295-3593 / (67)99654-8146;SAO GABRIEL DO OESTE;500769;SAO GABRIEL DO OESTE;500769;2370980;UNIDADE DE SAUDE DA FAMILIA JARDIM GRAMADO I;F;25.09.2026;ELISANGELA_UNIDADEI;25.09.2026;ELISANGELA_UNIDADEI;8.33;CONFIRMADO;M796;01454652179;MAYARA MARIA MELKE GUIMARAES
692962116;1314045;0204040116;OMOPLATA / OMBRO D (TRES POSICOES);01320968112;MARCELO MARTINS ROCHA;25.09.2026;11:00;0;706801269789321;ZELINDA DE SOUZA;09.12.1962;63;765;JOSINA MARIA DE SOUZA;RUA;SARACURA;;669;JARDIM GRAMADO;79490000;(67)3295-3593 / (67)99654-8146;SAO GABRIEL DO OESTE;500769;SAO GABRIEL DO OESTE;500769;2370980;UNIDADE DE SAUDE DA FAMILIA JARDIM GRAMADO I;F;25.09.2026;ELISANGELA_UNIDADEI;25.09.2026;ELISANGELA_UNIDADEI;7.98;CONFIRMADO;M796;01454652179;MAYARA MARIA MELKE GUIMARAES
693085939;1314095;0204030153;TORAX (PA + PERFIL);01320968112;MARCELO MARTINS ROCHA;30.09.2026;11:00;0;706307717887178;ANA LIDIA CORREIA FURTUOSO DOMINGOS;25.01.2018;08;104;GRAZIELA CORREIA FURTUOSO DA SILVA;RUA;SANTA MARIA;CHACARA;4;MILANI;79492074;(67)99822-7336;SAO GABRIEL DO OESTE;500769;SAO GABRIEL DO OESTE;500769;2370972;UNIDADE DE SAUDE DA FAMILIA MILANE II;F;25.09.2026;FLAVIA_RODRIGUES;25.09.2026;FLAVIA_RODRIGUES;9.50;CONFIRMADO;Z000;;BERNARDO MEDEIROS MAIA
693088918;1314110;0204030153;TORAX (PA + PERFIL) PRE-OPERATORIO;80089844149;ANA PAULA DOS SANTOS PEREIRA SILVANY;30.09.2026;07:00;0;706900170438533;CLEVERSON DOS SANTOS LUCIDONIO;30.06.1992;34;411;IRACI MACHADO DOS SANTOS;RUA;TANGARA;;618;FENIX;79491106;(67)99963-6002;SAO GABRIEL DO OESTE;500769;SAO GABRIEL DO OESTE;500769;6452116;CENTRO DE ESPECIALIDADES MEDICAS;M;25.09.2026;PATRICKMASIAGA;25.09.2026;PATRICKMASIAGA;9.50;CONFIRMADO;Z099;93393539191;RODOLFO FABIANO NIZ BAREIRO
693103869;1314128;0204030153;RADIOGRAFIA PANORAMICA DE TORAX (PA E PERFIL);01320968112;MARCELO MARTINS ROCHA;30.09.2026;11:00;0;704202216578288;MARIA ALICE PEREIRA FRANCA;20.04.2020;06;77;KAREN PEREIRA;RUA;DAS ANHUMAS;;866;JARDIM GRAMADO;79491016;(67)99982-2131;SAO GABRIEL DO OESTE;500769;SAO GABRIEL DO OESTE;500769;5971055;UNIDADE DE SAUDE DA FAMILIA VIII;F;25.09.2026;JESSICAPADILHA;25.09.2026;JESSICAPADILHA;9.50;CONFIRMADO;Z000;04805244160;RENNAN ORTIZ BUENO
693105863;1314114;0204020107;COLUNA TORACO-LOMBAR;01320968112;MARCELO MARTINS ROCHA;30.09.2026;11:00;0;708000326420525;ISABELLY EDUARDA MARQUES MENDONCA;24.12.2012;13;165;TALITA MARQUES MENDONCA;RUA;PARANA;CASA 02;2304;CENTRO;79490000;(67)99656-2127 / (67)99199-1632;SAO GABRIEL DO OESTE;500769;SAO GABRIEL DO OESTE;500769;2599376;UNIDADE DE SAUDE DA FAMILIA VI;F;25.09.2026;JESSICAELOY_CUNHA;25.09.2026;JESSICAELOY_CUNHA;9.73;CONFIRMADO;M54;06437691107;MAIARA FLORES SCARIOT
693105863;1314034;0204030072;COSTELAS P/ HEMITORAX D;01320968112;MARCELO MARTINS ROCHA;30.09.2026;11:00;0;708000326420525;ISABELLY EDUARDA MARQUES MENDONCA;24.12.2012;13;165;TALITA MARQUES MENDONCA;RUA;PARANA;CASA 02;2304;CENTRO;79490000;(67)99656-2127 / (67)99199-1632;SAO GABRIEL DO OESTE;500769;SAO GABRIEL DO OESTE;500769;2599376;UNIDADE DE SAUDE DA FAMILIA VI;F;25.09.2026;JESSICAELOY_CUNHA;25.09.2026;JESSICAELOY_CUNHA;8.37;CONFIRMADO;M54;06437691107;MAIARA FLORES SCARIOT
693108730;1314128;0204030153;RADIOGRAFIA PANORAMICA DE TORAX (PA E PERFIL);01320968112;MARCELO MARTINS ROCHA;30.09.2026;11:00;0;700000306023703;OTAMIRA EVANGELISTA DE LIMA;02.04.1946;80;966;FAUSTINA MARIA DA CRUZ;RUA;AZULÃO;CASA;1084;JARDIM GRAMADO;79490000;(67)99639-0526;SAO GABRIEL DO OESTE;500769;SAO GABRIEL DO OESTE;500769;5971055;UNIDADE DE SAUDE DA FAMILIA VIII;F;25.09.2026;JESSICAPADILHA;25.09.2026;JESSICAPADILHA;9.50;PENDENTE;Z000;04805244160;RENNAN ORTIZ BUENO
693798957;1314123;0204060150;RADIOGRAFIA PANORAMICA DE PE / DEDOS DO PE;01320968112;MARCELO MARTINS ROCHA;30.09.2026;11:00;0;709603691963970;MARIZA PAES SANTANA;01.12.1961;64;778;DEJANIRA LOURENCO SANTANA;AVENIDA;CASTELO BRANCO 2/1198;;738;AMABILE MAFFISSONI;79490070;(65)99918-9581 / (67)99918-9581;SAO GABRIEL DO OESTE;500769;SAO GABRIEL DO OESTE;500769;2599376;UNIDADE DE SAUDE DA FAMILIA VI;F;30.09.2026;MARIANA_MARTINS;30.09.2026;MARIANA_MARTINS;6.78;CONFIRMADO;M773;06437691107;MAIARA FLORES SCARIOT
693845385;1314083;0204060150;PE E;80089844149;ANA PAULA DOS SANTOS PEREIRA SILVANY;30.09.2026;07:00;0;704309599864098;DOMICIO FERREIRA DA SILVA;26.05.1947;79;952;DORVALINA FURTUNATO DA SILVA;FAZENDA;LAGEADO;;S/N;AREA RURAL DE SAO GABRIEL DO OESTE;79493899;(67)99882-9956;SAO GABRIEL DO OESTE;500769;SAO GABRIEL DO OESTE;500769;3400964;UNIDADE DE SAUDE DA FAMILIA RURAL VII;M;30.09.2026;DULCINEIA_MOCCELIN;30.09.2026;DULCINEIA_MOCCELIN;6.78;CONFIRMADO;Z000;02453491113;MILENA GUEDIN VARGAS
