solicitacao;codigo_interno;codigo_unificado;descricao_procedimento;cpf_proficional_executante;nome_profissional_executante;data_agendamento;hr_agendamento;tipo;cns;nome;dt_nascimento;idade;idade_meses;nome_mae;tipo_logradouro;logradouro;complemento;numero_logradouro;bairro;cep;telefone;municipio;ibge;mun_solicitante;ibge_solicitante;cnes_solicitante;unidade_fantasia;sexo;data_solicitacao;operador_solicitante;data_autorizacao;operador_autorizador;valor_procedimento;situacao;cid;cpf_profissional_solicitante;nome_profissional_solicitante
659140896;0110002;0301010072;CONSULTA EM ORTOPEDIA - GERAL;04469955680;DANIEL ROCHA DO CARMO;18.05.2026;14:00;0;707505215509090;ILIANE APARECIDA OTTONI;12.03.1978;48;579;SEDINA GOMES OTTONI;RUA;IGNES BARATIERE RIZZO;CASA 2;352;JARDIM PRIMAVERA;79490128;(45)99967-6608;SAO GABRIEL DO OESTE;500769;SAO GABRIEL DO OESTE;500769;2370964;UNIDADE DE SAUDE DA FAMILIA III;F;28.03.2026;CLEIDIANE_UNIDADEIII;14.04.2026;VANIA_MARIANO;10.00;CONFIRMADO;M51;;HUDSON PERES
660460645;2300004;0301010072;CONSULTA EM CARDIOLOGIA;01110123175;ELY DONIZETH DE ASSIS JUNIOR;04.05.2026;06:30;0;709000854418618;SALVADOR DA COSTA FLORES;29.11.1941;84;1015;GUILHERMINA DA COSTA FLORES;RUA;MANOEL ROSA;;625;CENTRO;79490000;(67)99956-9541;SAO GABRIEL DO OESTE;500769;SAO GABRIEL DO OESTE;500769;2599376;UNIDADE DE SAUDE DA FAMILIA VI;M;07.04.2026;CLEIDIANE_ESFVI;07.04.2026;CLEIDIANE_ESFVI;10.00;PENDENTE;Z950;06437691107;MAIARA FLORES SCARIOT
660473730;3516007;0301010072;CONSULTA EM UROLOGIA - GERAL;04349392181;ANTONIO AUGUSTO PALOMBO MENDES;07.05.2026;06:30;0;700201471034421;FRANCISCO PEREIRA DA CUNHA;11.01.1976;50;605;HELENA PEREIRA DA CUNHA;FAZENDA;PATO BRANCO;;S/N;RURAL;79490000;(67)99948-2052;SAO GABRIEL DO OESTE;500769;SAO GABRIEL DO OESTE;500769;2599376;UNIDADE DE SAUDE DA FAMILIA VI;M;07.04.2026;CLEIDIANE_ESFVI;07.04.2026;CLEIDIANE_ESFVI;10.00;PENDENTE;N40;06437691107;MAIARA FLORES SCARIOT
660475621;0110002;0301010072;CONSULTA EM ORTOPEDIA - GERAL;00530001101;BRUNO PETINARI UMBELINO;04.05.2026;06:30;0;708804763525010;APARECIDO PEREIRA DE CASTRO;20.09.1964;61;741;MARIA ROSA PEREIRA;RUA;JOSE HONORIO SOBRINHO 1/1199;;842;CENTRO;79490053;(67)99731-0817;SAO GABRIEL DO OESTE;500769;SAO GABRIEL DO OESTE;500769;2599376;UNIDADE DE SAUDE DA FAMILIA VI;M;07.04.2026;CLEIDIANE_ESFVI;07.04.2026;CLEIDIANE_ESFVI;10.00;PENDENTE;M771;06437691107;MAIARA FLORES SCARIOT
660476828;0282081;0301010072;CONSULTA EM CIRURGIA GERAL;48047740172;EVA WILMA ABDO DOS SANTOS GUIMARAES;04.05.2026;12:30;0;708208154689241;PERLA CAROLINA CENTURION VILHALVA;03.04.1994;32;387;LUCINDA CENTURIO ROMERO;RUA;ARAÇA;CASA 2;162;SÃO CRISTOVÃO;79491198;(67)98102-7112;SAO GABRIEL DO OESTE;500769;SAO GABRIEL DO OESTE;500769;2599376;UNIDADE DE SAUDE DA FAMILIA VI;F;07.04.2026;CLEIDIANE_ESFVI;07.04.2026;CLEIDIANE_ESFVI;10.00;PENDENTE;K82;06437691107;MAIARA FLORES SCARIOT
660480743;0110002;0301010072;CONSULTA EM ORTOPEDIA - GERAL;00530001101;BRUNO PETINARI UMBELINO;04.05.2026;06:30;0;708502341594870;MARILENE FARIAS DE CASTRO;19.03.1970;56;675;JOSINA FARIAS DE SOUZA;RUA;MINAS GERAIS;;2483;CENTRO;79490000;(67)99657-1803;SAO GABRIEL DO OESTE;500769;SAO GABRIEL DO OESTE;500769;2599376;UNIDADE DE SAUDE DA FAMILIA VI;F;07.04.2026;CLEIDIANE_ESFVI;07.04.2026;CLEIDIANE_ESFVI;10.00;PENDENTE;M722;06437691107;MAIARA FLORES SCARIOT
660487873;0282081;0301010072;CONSULTA EM CIRURGIA GERAL;48047740172;EVA WILMA ABDO DOS SANTOS GUIMARAES;04.05.2026;12:30;0;708008332932920;SANDRA HELENA DE SOUZA;26.11.1972;53;643;MARIA ELENA DE SOUZA;RUA;PARA;;462;AMABILE MAFFISSONI;79490000;(67)99627-3719 / (67)99948-1597;SAO GABRIEL DO OESTE;500769;SAO GABRIEL DO OESTE;500769;2370964;UNIDADE DE SAUDE DA FAMILIA III;F;07.04.2026;CLEIDIANE_UNIDADEIII;07.04.2026;CLEIDIANE_UNIDADEIII;10.00;PENDENTE;I84;02611833974;HUDSON PERES DORIGAO BELISARIO DE SOUZA
660496050;0110002;0301010072;CONSULTA EM ORTOPEDIA - GERAL;06302616603;ROMULO AMARAL TAFURI;06.05.2026;12:30;0;706804756734223;WALLISSON SOUSA LIMA;17.09.1999;26;321;ALDEANE COSTA SOUSA;AVENIDA;SÃO FRANCISCO;;2579;CENTRO;79490000;(67)98223-6646;SAO GABRIEL DO OESTE;500769;SAO GABRIEL DO OESTE;500769;2370964;UNIDADE DE SAUDE DA FAMILIA III;M;07.04.2026;CLEIDIANE_UNIDADEIII;07.04.2026;CLEIDIANE_UNIDADEIII;10.00;PENDENTE;T931;02611833974;HUDSON PERES DORIGAO BELISARIO DE SOUZA
660500198;2300004;0301010072;CONSULTA EM CARDIOLOGIA;01110123175;ELY DONIZETH DE ASSIS JUNIOR;04.05.2026;06:30;0;706501351414290;APARECIDA MARIA DOS SANTOS;24.11.1966;59;715;JOSEFA PAULINA DOS SANTOS;RUA;RIO DE JANEIRO;;2761;AMABILE MAFFISSONI;79490000;(67)9925-0422;SAO GABRIEL DO OESTE;500769;SAO GABRIEL DO OESTE;500769;2370964;UNIDADE DE SAUDE DA FAMILIA III;F;07.04.2026;CLEIDIANE_UNIDADEIII;07.04.2026;CLEIDIANE_UNIDADEIII;10.00;PENDENTE;Z018;02611833974;HUDSON PERES DORIGAO BELISARIO DE SOUZA
660501976;0282081;0301010072;CONSULTA EM CIRURGIA GERAL;48047740172;EVA WILMA ABDO DOS SANTOS GUIMARAES;04.05.2026;12:30;0;706501351414290;APARECIDA MARIA DOS SANTOS;24.11.1966;59;715;JOSEFA PAULINA DOS SANTOS;RUA;RIO DE JANEIRO;;2761;AMABILE MAFFISSONI;79490000;(67)9925-0422;SAO GABRIEL DO OESTE;500769;SAO GABRIEL DO OESTE;500769;2370964;UNIDADE DE SAUDE DA FAMILIA III;F;07.04.2026;CLEIDIANE_UNIDADEIII;07.04.2026;CLEIDIANE_UNIDADEIII;10.00;PENDENTE;K804;02611833974;HUDSON PERES DORIGAO BELISARIO DE SOUZA
660507607;0110002;0301010072;CONSULTA EM ORTOPEDIA - GERAL;89074033172;ROGERIO PADOVANI TOFFOLI;08.05.2026;12:30;0;701404604703131;CIBELLE ESPINOZA DO AMARAL;20.03.1983;43;519;BEATRIZ ESPINOZA;RUA;TOCANTINS;;182;AMABILE MAFFISSONI;79490090;(67)99699-4451;SAO GABRIEL DO OESTE;500769;SAO GABRIEL DO OESTE;500769;2370964;UNIDADE DE SAUDE DA FAMILIA III;F;07.04.2026;CLEIDIANE_UNIDADEIII;07.04.2026;CLEIDIANE_UNIDADEIII;10.00;PENDENTE;M759;02611833974;HUDSON PERES DORIGAO BELISARIO DE SOUZA
660512553;0110002;0301010072;CONSULTA EM ORTOPEDIA - GERAL;32389571808;RODOLFO PELISSARI ZAMBOLIN;07.05.2026;12:30;0;708409258171361;DANIEL MICHALSKI;19.04.1970;56;674;ELMINA FERREIRA MICHALSKI;RUA;ALAGOAS;;3007;JARDIM PRIMAVERA;79490172;(67)99604-0861 / (67)99919-4499;SAO GABRIEL DO OESTE;500769;SAO GABRIEL DO OESTE;500769;2370964;UNIDADE DE SAUDE DA FAMILIA III;M;07.04.2026;CLEIDIANE_UNIDADEIII;07.04.2026;CLEIDIANE_UNIDADEIII;10.00;PENDENTE;M17;02611833974;HUDSON PERES DORIGAO BELISARIO DE SOUZA
660513299;0110002;0301010072;CONSULTA EM ORTOPEDIA - GERAL;00530001101;BRUNO PETINARI UMBELINO;04.05.2026;06:30;0;700500711887950;MARIA ELENI WILDNER FACCIN;28.01.1957;69;833;HILDGARTH WILDNER;RUA;CONDE PORTO ALEGRE;;840;MILANI;79490000;(67)3295-1631 / (67)99627-8278;SAO GABRIEL DO OESTE;500769;SAO GABRIEL DO OESTE;500769;2370964;UNIDADE DE SAUDE DA FAMILIA III;F;07.04.2026;CLEIDIANE_UNIDADEIII;07.04.2026;CLEIDIANE_UNIDADEIII;10.00;PENDENTE;M255;;MARIA FERNANDA DIAS BASILIO
660515382;0110002;0301010072;CONSULTA EM ORTOPEDIA - GERAL;32389571808;RODOLFO PELISSARI ZAMBOLIN;07.05.2026;12:30;0;702807653901569;JOAO VITOR WILLI BUENO GONCALVES;25.09.2008;17;213;LIDIANE BUENO CONCEICAO;RUA;TUIUIU;;369;JARDIM GRAMADO;79490000;(67)99623-2086;SAO GABRIEL DO OESTE;500769;SAO GABRIEL DO OESTE;500769;2370964;UNIDADE DE SAUDE DA FAMILIA III;M;07.04.2026;CLEIDIANE_UNIDADEIII;07.04.2026;CLEIDIANE_UNIDADEIII;10.00;PENDENTE;M235;02611833974;HUDSON PERES DORIGAO BELISARIO DE SOUZA
660516570;2300004;0301010072;CONSULTA EM CARDIOLOGIA;01110123175;ELY DONIZETH DE ASSIS JUNIOR;04.05.2026;06:30;0;703001850548977;FATIMA LOURENCO DA SILVA;27.09.1964;61;741;MAGNOLIA MARIA LOURENCO DA SILVA;RUA;EUGÊNIO FERREIRA DA CUNHA;CASA 03;1142;AMABILE MAFFISSONI;79490074;(67)99623-8075;SAO GABRIEL DO OESTE;500769;SAO GABRIEL DO OESTE;500769;2370964;UNIDADE DE SAUDE DA FAMILIA III;F;07.04.2026;CLEIDIANE_UNIDADEIII;07.04.2026;CLEIDIANE_UNIDADEIII;10.00;PENDENTE;I200;02611833974;HUDSON PERES DORIGAO BELISARIO DE SOUZA
660525269;0282081;0301010072;CONSULTA EM CIRURGIA GERAL;48047740172;EVA WILMA ABDO DOS SANTOS GUIMARAES;07.05.2026;06:30;0;700009442921201;JOSUEL PINHEIRO FLORIANO;14.09.1968;57;693;MARIA PINHEIRO FLORIANO;RUA;ANHUMAS;;591;JARDIM GRAMADO;79490000;(67)9844-0784;SAO GABRIEL DO OESTE;500769;SAO GABRIEL DO OESTE;500769;5971055;UNIDADE DE SAUDE DA FAMILIA VIII;M;07.04.2026;CLEIDIANE_ESFVIII;07.04.2026;CLEIDIANE_ESFVIII;10.00;PENDENTE;K42;04805244160;RENNAN ORTIZ BUENO
660533512;2300004;0301010072;CONSULTA EM CARDIOLOGIA;01110123175;ELY DONIZETH DE ASSIS JUNIOR;04.05.2026;06:30;0;706709537903912;ALBA LUIZ FRANCA;13.06.1951;75;900;MARIA BARBOSA DE JESUS;RUA;CURICACA;;841;JARDIM GRAMADO;79490000;(67)9904-4654;SAO GABRIEL DO OESTE;500769;SAO GABRIEL DO OESTE;500769;5971055;UNIDADE DE SAUDE DA FAMILIA VIII;F;07.04.2026;CLEIDIANE_ESFVIII;07.04.2026;CLEIDIANE_ESFVIII;10.00;PENDENTE;Z950;04805244160;RENNAN ORTIZ BUENO
660540542;0110002;0301010072;CONSULTA EM ORTOPEDIA - GERAL;00530001101;BRUNO PETINARI UMBELINO;04.05.2026;06:30;0;700007216107505;MATHEUS PEREIRA LIMA;19.11.2006;19;235;ROSILENE ANUNCIACAO PEREIRA;RUA;CURIO;CASA;842;JARDIM GRAMADO;79490000;(67)98478-4455;SAO GABRIEL DO OESTE;500769;SAO GABRIEL DO OESTE;500769;5971055;UNIDADE DE SAUDE DA FAMILIA VIII;M;07.04.2026;CLEIDIANE_ESFVIII;07.04.2026;CLEIDIANE_ESFVIII;10.00;PENDENTE;S932;04805244160;RENNAN ORTIZ BUENO
660541746;3516007;0301010072;CONSULTA EM UROLOGIA - GERAL;04349392181;ANTONIO AUGUSTO PALOMBO MENDES;07.05.2026;06:30;0;702008780634290;JOSE WERTON GOIS DE FIGUEIREDO;31.01.1952;74;893;FRANCISCA VIEIRA DA ROCHA;RUA;CURIO;;1216;JARDIM GRAMADO;79490000;(67)9935-7589;SAO GABRIEL DO OESTE;500769;SAO GABRIEL DO OESTE;500769;5971055;UNIDADE DE SAUDE DA FAMILIA VIII;M;07.04.2026;CLEIDIANE_ESFVIII;07.04.2026;CLEIDIANE_ESFVIII;10.00;PENDENTE;K57;04805244160;RENNAN ORTIZ BUENO
660545422;0110002;0301010072;CONSULTA EM ORTOPEDIA - GERAL;89074033172;ROGERIO PADOVANI TOFFOLI;08.05.2026;12:30;0;706205538661662;IVONETE MOREIRA BARBOSA;27.12.1959;66;798;NELEODINA MOREIRA BARBOSA;RUA;CURICACA;;805;JARDIM GRAMADO;79490000;(67)99963-1016;SAO GABRIEL DO OESTE;500769;SAO GABRIEL DO OESTE;500769;5971055;UNIDADE DE SAUDE DA FAMILIA VIII;F;07.04.2026;CLEIDIANE_ESFVIII;07.04.2026;CLEIDIANE_ESFVIII;10.00;PENDENTE;M542;04805244160;RENNAN ORTIZ BUENO
660553081;0110002;0301010072;CONSULTA EM ORTOPEDIA - GERAL;04469955680;DANIEL ROCHA DO CARMO;04.05.2026;12:30;0;702006894435287;ILARIA REINALDA MARTINS DA SILVA;08.01.1972;54;653;FRANCISCA OLGA DALL AGNOL;FAZENDA;PRIMAVERA;;S/N;ZONA RURAL;79490000;(67)99694-4204;SAO GABRIEL DO OESTE;500769;SAO GABRIEL DO OESTE;500769;5971055;UNIDADE DE SAUDE DA FAMILIA VIII;F;07.04.2026;CLEIDIANE_ESFVIII;07.04.2026;CLEIDIANE_ESFVIII;10.00;PENDENTE;M545;04805244160;RENNAN ORTIZ BUENO
660557954;0282081;0301010072;CONSULTA EM CIRURGIA GERAL;48047740172;EVA WILMA ABDO DOS SANTOS GUIMARAES;07.05.2026;06:30;0;702401021616823;JOSE APARECIDO PEREIRA RIBEIRO;21.11.1985;40;487;ROSALINA GOMES PEREIRA RIBEIRO;RUA;SAMAMBAIA;;130;JARDIM SEMIRAMES;79480000;(67)99893-2994;RIO VERDE DE MATO GROSSO;500740;SAO GABRIEL DO OESTE;500769;3400964;UNIDADE DE SAUDE DA FAMILIA RURAL VII;M;07.04.2026;CLEIDIANE_RURALVII;07.04.2026;CLEIDIANE_RURALVII;10.00;PENDENTE;K40;02453491113;MILENA GUEDIN VARGAS
660559445;3516007;0301010072;CONSULTA EM UROLOGIA - GERAL;04349392181;ANTONIO AUGUSTO PALOMBO MENDES;07.05.2026;06:30;0;704505364762516;DANIEL VIANNA;22.11.1964;61;739;HELENA ROSA VIANNA;CHACARA;MEU PEDACINHO DE CHÃO;ASSENT ITAQUI;162;ZONA RURAL;79490000;(67)99601-4418;SAO GABRIEL DO OESTE;500769;SAO GABRIEL DO OESTE;500769;3400964;UNIDADE DE SAUDE DA FAMILIA RURAL VII;M;07.04.2026;CLEIDIANE_RURALVII;07.04.2026;CLEIDIANE_RURALVII;10.00;PENDENTE;N40;96040653191;PAULO FENELON MARINHO
660561599;2300004;0301010072;CONSULTA EM CARDIOLOGIA;01110123175;ELY DONIZETH DE ASSIS JUNIOR;04.05.2026;06:30;0;704302539284692;MARIA APARECIDA ANDRADE DA CUNHA DE MENEZES;08.01.1966;60;725;JORDINA ANDRADE DA CUNHA;FAZENDA;RECANTO FELIZ;;S/N;ZONA RURAL;79490000;(67)9914-1182;SAO GABRIEL DO OESTE;500769;SAO GABRIEL DO OESTE;500769;3400964;UNIDADE DE SAUDE DA FAMILIA RURAL VII;F;07.04.2026;CLEIDIANE_RURALVII;07.04.2026;CLEIDIANE_RURALVII;10.00;PENDENTE;Z136;96040653191;PAULO FENELON MARINHO
660562049;0701224;0301010072;CONSULTA EM NEUROLOGIA - GERAL;22264073837;ANSELMO COSTA;06.05.2026;07:00;0;708705134510990;ANTONIO CLARO DOS SANTOS;13.06.1954;72;864;VITORIA SILVEIRA;ACAMPAMENTO;ITAQUI;;S/N;RURAL;79490000;(67)9671-4430;SAO GABRIEL DO OESTE;500769;SAO GABRIEL DO OESTE;500769;3400964;UNIDADE DE SAUDE DA FAMILIA RURAL VII;M;07.04.2026;CLEIDIANE_RURALVII;07.04.2026;CLEIDIANE_RURALVII;10.00;PENDENTE;G250;00612619630;KALYNKA SILVIA HIGINO
660563139;0320174;0301010072;CONSULTA EM PNEUMOLOGIA - GERAL;09028429603;BERNARDO MEDEIROS MAIA;05.05.2026;13:00;0;708607080672788;LUCIMARA RODRIGUES CARDOSO AREND;20.08.1980;45;550;HORTENCIA MARION CARDOSO;SITIO;BOA ESPERANÇA;ASSENTAMENTO;178;RURAL;79490000;(67)99629-6032 / (67)99908-5328;SAO GABRIEL DO OESTE;500769;SAO GABRIEL DO OESTE;500769;3400964;UNIDADE DE SAUDE DA FAMILIA RURAL VII;F;07.04.2026;CLEIDIANE_RURALVII;07.04.2026;CLEIDIANE_RURALVII;10.00;PENDENTE;J43;00612619630;KALYNKA SILVIA HIGINO
660563751;2300004;0301010072;CONSULTA EM CARDIOLOGIA;01110123175;ELY DONIZETH DE ASSIS JUNIOR;04.05.2026;07:30;0;702906553937470;DALVACI ALVES DE OLIVEIRA;01.10.1966;59;717;MARIA DAS NEVES ALVES DE OLIVEIRA;FAZENDA;NOSSA SENHORA DA GUIA;ESTANCIA;S/N;AREA RURAL DE SAO GABRIEL DO OESTE;79493899;(67)99653-2852;SAO GABRIEL DO OESTE;500769;SAO GABRIEL DO OESTE;500769;3400964;UNIDADE DE SAUDE DA FAMILIA RURAL VII;F;07.04.2026;CLEIDIANE_RURALVII;07.04.2026;CLEIDIANE_RURALVII;10.00;PENDENTE;I70;00612619630;KALYNKA SILVIA HIGINO
660564450;0701224;0301010072;CONSULTA EM NEUROLOGIA - GERAL;22264073837;ANSELMO COSTA;06.05.2026;07:00;0;700009640075900;JESSICA MONTEIRO DA SILVA OLIVEIRA;14.09.1992;33;405;ZENAIDE MONTEIRO DA SILVA OLIVEIRA;RUA;RIO DE JANEIRO;;1735;CENTRO;79490000;(67)99979-5727;SAO GABRIEL DO OESTE;500769;SAO GABRIEL DO OESTE;500769;3400964;UNIDADE DE SAUDE DA FAMILIA RURAL VII;F;07.04.2026;CLEIDIANE_RURALVII;07.04.2026;CLEIDIANE_RURALVII;10.00;PENDENTE;D352;02453491113;MILENA GUEDIN VARGAS
660567276;0110002;0301010072;CONSULTA EM ORTOPEDIA - GERAL;00530001101;BRUNO PETINARI UMBELINO;04.05.2026;08:00;0;700000337818600;RODRIGO SILVA FRANCA;08.10.1993;32;392;VERA LUCIA SILVA;ACAMPAMENTO;ITAQUI LOTE;;65;RURAL;79490000;(67)9952-0881;SAO GABRIEL DO OESTE;500769;SAO GABRIEL DO OESTE;500769;3400964;UNIDADE DE SAUDE DA FAMILIA RURAL VII;M;07.04.2026;CLEIDIANE_RURALVII;07.04.2026;CLEIDIANE_RURALVII;10.00;PENDENTE;M796;02453491113;MILENA GUEDIN VARGAS
660569800;0282081;0301010072;CONSULTA EM CIRURGIA GERAL;48047740172;EVA WILMA ABDO DOS SANTOS GUIMARAES;07.05.2026;06:30;0;701109874803780;LUISA PIVA;19.01.1970;56;677;DELVINA TECCHIO PIVA;FAZENDA;BOA VISTA AGROPECUARIA PILAO;;S/N;ZONA RURAL;79490000;(67)9921-7488;SAO GABRIEL DO OESTE;500769;SAO GABRIEL DO OESTE;500769;3400964;UNIDADE DE SAUDE DA FAMILIA RURAL VII;F;07.04.2026;CLEIDIANE_RURALVII;07.04.2026;CLEIDIANE_RURALVII;10.00;PENDENTE;K80;00612619630;KALYNKA SILVIA HIGINO
660571441;0110002;0301010072;CONSULTA EM ORTOPEDIA - GERAL;04469955680;DANIEL ROCHA DO CARMO;04.05.2026;12:30;0;708105859103610;ALDINEI EPIFANIO ALVES;05.08.1984;41;503;ELZA ALVES DE OLIVEIRA;RUA;DAS GAIVOTA;;1997;FÊNIX;79490000;(67)99837-4322 / (67)99837-4322;SAO GABRIEL DO OESTE;500769;SAO GABRIEL DO OESTE;500769;3400964;UNIDADE DE SAUDE DA FAMILIA RURAL VII;M;07.04.2026;CLEIDIANE_RURALVII;07.04.2026;CLEIDIANE_RURALVII;10.00;PENDENTE;M545;02453491113;MILENA GUEDIN VARGAS
660571964;2300004;0301010072;CONSULTA EM CARDIOLOGIA;01110123175;ELY DONIZETH DE ASSIS JUNIOR;04.05.2026;07:30;0;704809542638248;ELAINE APARECIDA QUATROQUE BERNARDES;19.04.1980;46;554;MARIA IZILDA QUATROQUE BERNARDES;FAZENDA;XANADU;;S/N;RURAL;79490000;(67)99847-0808;SAO GABRIEL DO OESTE;500769;SAO GABRIEL DO OESTE;500769;3400964;UNIDADE DE SAUDE DA FAMILIA RURAL VII;F;07.04.2026;CLEIDIANE_RURALVII;07.04.2026;CLEIDIANE_RURALVII;10.00;PENDENTE;I10;02453491113;MILENA GUEDIN VARGAS
660572478;0110002;0301010072;CONSULTA EM ORTOPEDIA - GERAL;04469955680;DANIEL ROCHA DO CARMO;04.05.2026;12:30;0;700806965638181;VANILDA DO BELEM DOS SANTOS MATIAS;05.11.1964;61;740;BRAULINA FAGUNDES DO NASCIMENTO;FAZENDA;CAMPO VERDE;;S/N;ZONA RURAL;79490000;(67)99616-6217;SAO GABRIEL DO OESTE;500769;SAO GABRIEL DO OESTE;500769;3400964;UNIDADE DE SAUDE DA FAMILIA RURAL VII;F;07.04.2026;CLEIDIANE_RURALVII;07.04.2026;CLEIDIANE_RURALVII;10.00;PENDENTE;M545;02453491113;MILENA GUEDIN VARGAS
660577103;0110002;0301010072;CONSULTA EM ORTOPEDIA - GERAL;32389571808;RODOLFO PELISSARI ZAMBOLIN;07.05.2026;12:30;0;704105276620780;LUZIA PEREIRA GRACIOLLI;25.08.1963;62;754;ROSA PEREIRA;RUA;CANARIOS;COMERCIO 2;1844;FENIX;79490000;(67)9696-2236;SAO GABRIEL DO OESTE;500769;SAO GABRIEL DO OESTE;500769;2370999;UNIDADE DE SAUDE DA FAMILIA FENIX IV;F;07.04.2026;CLEIDIANE_FENIX;07.04.2026;CLEIDIANE_FENIX;10.00;PENDENTE;M705;96245646120;RAFAELLA MARIA COSTA GOIS DE FIGUEIREDO
660577462;0282081;0301010072;CONSULTA EM CIRURGIA GERAL;48047740172;EVA WILMA ABDO DOS SANTOS GUIMARAES;07.05.2026;06:30;0;707803642298219;JORGE CARLOS DE CAMPOS;28.01.1981;45;545;JUDITE FRANCISCA DA SILVA;RUA;ANHUMAS;CASA;614;JARDIM GRAMADO;79490000;(67)99852-2563;SAO GABRIEL DO OESTE;500769;SAO GABRIEL DO OESTE;500769;2370999;UNIDADE DE SAUDE DA FAMILIA FENIX IV;M;07.04.2026;CLEIDIANE_FENIX;07.04.2026;CLEIDIANE_FENIX;10.00;PENDENTE;K42;00703866176;ALCIDES EDUARDO EIBEL
660578362;3516007;0301010072;CONSULTA EM UROLOGIA - GERAL;04349392181;ANTONIO AUGUSTO PALOMBO MENDES;07.05.2026;06:30;0;704309575400997;FRANCISCO ROSARIO GOIS;05.07.1962;64;768;IZAIRA GINFREDO GOIS;AVENIDA;TUIUIU 1466/99998;;1931;FENIX;79491076;(67)99637-1896 / (67)99901-5918;SAO GABRIEL DO OESTE;500769;SAO GABRIEL DO OESTE;500769;2370999;UNIDADE DE SAUDE DA FAMILIA FENIX IV;M;07.04.2026;CLEIDIANE_FENIX;07.04.2026;CLEIDIANE_FENIX;10.00;PENDENTE;N20;00703866176;ALCIDES EDUARDO EIBEL
660580681;0110002;0301010072;CONSULTA EM ORTOPEDIA - GERAL;04469955680;DANIEL ROCHA DO CARMO;04.05.2026;12:30;0;700906962915698;OSCAR RODRIGUES DOS SANTOS;26.02.1953;73;880;JOANA MARIA DA SILVA;AVENIDA;TUIUIU;CASA;1766;FENIX;79490000;(67)99816-3936;SAO GABRIEL DO OESTE;500769;SAO GABRIEL DO OESTE;500769;2370999;UNIDADE DE SAUDE DA FAMILIA FENIX IV;M;07.04.2026;CLEIDIANE_FENIX;07.04.2026;CLEIDIANE_FENIX;10.00;PENDENTE;M544;96245646120;RAFAELLA MARIA COSTA GOIS DE FIGUEIREDO
660581542;0110002;0301010072;CONSULTA EM ORTOPEDIA - GERAL;89074033172;ROGERIO PADOVANI TOFFOLI;08.05.2026;12:30;0;706004375469742;MARIA IZABEL DE SOUZA;09.10.1967;58;704;MARIA APARECIDA INACIO DE SOUZA;RUA;DOS CANARIOS 1466/99999;;1728;FENIX;79491078;(67)99635-7472;SAO GABRIEL DO OESTE;500769;SAO GABRIEL DO OESTE;500769;2370999;UNIDADE DE SAUDE DA FAMILIA FENIX IV;F;07.04.2026;CLEIDIANE_FENIX;07.04.2026;CLEIDIANE_FENIX;10.00;PENDENTE;M75;00703866176;ALCIDES EDUARDO EIBEL
660630131;0015001;0301010072;CONSULTA EM OFTALMOLOGIA GERAL;45183520097;JONI HILDOR SCHWEICKARDT;07.05.2026;14:00;0;700701905169475;KETHILLYN VITORIA BUENO GONCALVES;18.01.2013;13;161;LIDIANE BUENO DA CONCEICAO;RUA;TUIUIU;;369;JARDIM GRAMADO;79490000;(67)99623-2086;SAO GABRIEL DO OESTE;500769;SAO GABRIEL DO OESTE;500769;2370964;UNIDADE DE SAUDE DA FAMILIA III;F;07.04.2026;CLEIDIANE_UNIDADEIII;07.04.2026;CLEIDIANE_UNIDADEIII;10.00;CONFIRMADO;H539;02611833974;HUDSON PERES DORIGAO BELISARIO DE SOUZA
660635503;0110002;0301010072;CONSULTA EM ORTOPEDIA - GERAL;00468987193;ARTHUR MARTINS DE ALMEIDA;05.05.2026;06:30;0;700700943512970;ALESSANDRO DOS SANTOS;17.08.1978;47;574;ANTONIA MARIA DOS ANJOS SANTOS;RUA;TUIUIUI;;1346;JARDIM GRAMADO;79490000;(67)99657-9991;SAO GABRIEL DO OESTE;500769;SAO GABRIEL DO OESTE;500769;2370980;UNIDADE DE SAUDE DA FAMILIA JARDIM GRAMADO I;M;07.04.2026;CLEIDIANE_UNIDADEGRAMADOI;07.04.2026;CLEIDIANE_UNIDADEGRAMADOI;10.00;PENDENTE;M796;01454652179;MAYARA MARIA MELKE GUIMARAES
660641031;2300004;0301010072;CONSULTA EM CARDIOLOGIA;01110123175;ELY DONIZETH DE ASSIS JUNIOR;04.05.2026;07:30;0;701101344296280;AUXILIADORA JOSE DE OLIVEIRA;08.06.1970;56;672;ISABEL RODRIGUES ROMANO;RUA;ALAGOAS;CASA;2148;CENTRO;79490000;(67)99946-5099;SAO GABRIEL DO OESTE;500769;SAO GABRIEL DO OESTE;500769;2591359;UNIDADE DE SAUDE DA FAMILIA V;F;07.04.2026;CLEIDIANE_ESFV;07.04.2026;CLEIDIANE_ESFV;10.00;PENDENTE;I10;04796956107;JULIANA DA ROCHA PEREIRA MENEZES
660650589;0282081;0301010072;CONSULTA EM CIRURGIA GERAL;48047740172;EVA WILMA ABDO DOS SANTOS GUIMARAES;07.05.2026;06:30;0;704807018671442;AURELIA SERVIAM INSABRALDE;26.03.1951;75;903;CANTALICIA DUARTE;RUA;ALAGOAS;CASA;2115;CENTRO;79490000;(67)99646-2645;SAO GABRIEL DO OESTE;500769;SAO GABRIEL DO OESTE;500769;7333218;UNIDADE DE SAUDE DA FAMILIA X;F;07.04.2026;CLEIDIANE_ESFX;07.04.2026;CLEIDIANE_ESFX;10.00;CONFIRMADO;Z48;63805480172;CLEDSON PERETTI
660651945;0701224;0301010072;CONSULTA EM NEUROLOGIA - GERAL;22264073837;ANSELMO COSTA;06.05.2026;07:00;0;705005297262157;PATRICIA DE MELO GOMES;12.11.1990;35;427;MIRIAN DANTAS DE MELO;RUA;ALAGOAS;CASA;2259;PRIMO MAFFISSONI;79490000;(61)3315-2425;SAO GABRIEL DO OESTE;500769;SAO GABRIEL DO OESTE;500769;7333218;UNIDADE DE SAUDE DA FAMILIA X;F;07.04.2026;CLEIDIANE_ESFX;07.04.2026;CLEIDIANE_ESFX;10.00;PENDENTE;R51;63805480172;CLEDSON PERETTI
660653111;0110002;0301010072;CONSULTA EM ORTOPEDIA - GERAL;04469955680;DANIEL ROCHA DO CARMO;04.05.2026;12:30;0;705005297262157;PATRICIA DE MELO GOMES;12.11.1990;35;427;MIRIAN DANTAS DE MELO;RUA;ALAGOAS;CASA;2259;PRIMO MAFFISSONI;79490000;(61)3315-2425;SAO GABRIEL DO OESTE;500769;SAO GABRIEL DO OESTE;500769;7333218;UNIDADE DE SAUDE DA FAMILIA X;F;07.04.2026;CLEIDIANE_ESFX;07.04.2026;CLEIDIANE_ESFX;10.00;PENDENTE;M544;63805480172;CLEDSON PERETTI
660656982;3516007;0301010072;CONSULTA EM UROLOGIA - GERAL;04349392181;ANTONIO AUGUSTO PALOMBO MENDES;07.05.2026;06:30;0;700706927080080;JORGE LUIZ FAVA;05.08.1979;46;563;SELENITA FAVA;FAZENDA;SÃO FRANCISCO;;S/N;ZONA RURAL;79490000;(67)99901-0021;RIO VERDE DE MATO GROSSO;500740;SAO GABRIEL DO OESTE;500769;7333218;UNIDADE DE SAUDE DA FAMILIA X;M;07.04.2026;CLEIDIANE_ESFX;07.04.2026;CLEIDIANE_ESFX;10.00;PENDENTE;E29;63805480172;CLEDSON PERETTI
660661607;2300004;0301010072;CONSULTA EM CARDIOLOGIA;98260570106;CLAUDIA REGINA DUARTE CAZZOLATO KHALIL;08.05.2026;14:00;0;700500711887950;MARIA ELENI WILDNER FACCIN;28.01.1957;69;833;HILDGARTH WILDNER;RUA;CONDE PORTO ALEGRE;;840;MILANI;79490000;(67)3295-1631 / (67)99627-8278;SAO GABRIEL DO OESTE;500769;SAO GABRIEL DO OESTE;500769;7333218;UNIDADE DE SAUDE DA FAMILIA X;F;07.04.2026;CLEIDIANE_ESFX;07.04.2026;CLEIDIANE_ESFX;10.00;PENDENTE;Z136;63805480172;CLEDSON PERETTI
660663267;2300004;0301010072;CONSULTA EM CARDIOLOGIA;01110123175;ELY DONIZETH DE ASSIS JUNIOR;05.05.2026;06:30;0;700105920627011;MANUEL PEREIRA DA COSTA;22.08.1961;64;778;JOSEFA DE JESUS;RUA;ALAGOAS;;2349;CENTRO;79490000;(67)3295-5325 / (67)99952-6652;SAO GABRIEL DO OESTE;500769;SAO GABRIEL DO OESTE;500769;7333218;UNIDADE DE SAUDE DA FAMILIA X;M;07.04.2026;CLEIDIANE_ESFX;07.04.2026;CLEIDIANE_ESFX;10.00;PENDENTE;Z136;63805480172;CLEDSON PERETTI
660672520;0701224;0301010072;CONSULTA EM NEUROLOGIA - GERAL;22264073837;ANSELMO COSTA;06.05.2026;07:00;0;703607077802233;KAYTELLIN ANDREINA DE ANDRADE OLIVEIRA;07.01.2003;23;282;ANDREIA DE ANDRADE PEREIRA;RUA;ROQUE FLORIANO DAS NEVES;ACS MARA;470;CIDADE NOVA;79200000;(67)99824-2392 / (37)99961-6680;AQUIDAUANA;500110;SAO GABRIEL DO OESTE;500769;7333218;UNIDADE DE SAUDE DA FAMILIA X;F;07.04.2026;CLEIDIANE_ESFX;07.04.2026;CLEIDIANE_ESFX;10.00;PENDENTE;R51;63805480172;CLEDSON PERETTI
660680062;2300004;0301010072;CONSULTA EM CARDIOLOGIA;01110123175;ELY DONIZETH DE ASSIS JUNIOR;05.05.2026;06:30;0;708205185742346;ROSALI MARIA WAGNER;11.03.1966;60;723;ELVIRA WAGNER;RUA;DEOCLECIO ZAMIGNAN;CASA;1964;PRIMO MAFFISSONI;79490000;(67)91234-5678;SAO GABRIEL DO OESTE;500769;SAO GABRIEL DO OESTE;500769;7333218;UNIDADE DE SAUDE DA FAMILIA X;F;07.04.2026;CLEIDIANE_ESFX;07.04.2026;CLEIDIANE_ESFX;10.00;PENDENTE;Z00;63805480172;CLEDSON PERETTI
660683506;0110002;0301010072;CONSULTA EM ORTOPEDIA - GERAL;00530001101;BRUNO PETINARI UMBELINO;04.05.2026;08:00;0;708205185742346;ROSALI MARIA WAGNER;11.03.1966;60;723;ELVIRA WAGNER;RUA;DEOCLECIO ZAMIGNAN;CASA;1964;PRIMO MAFFISSONI;79490000;(67)91234-5678;SAO GABRIEL DO OESTE;500769;SAO GABRIEL DO OESTE;500769;7333218;UNIDADE DE SAUDE DA FAMILIA X;F;07.04.2026;CLEIDIANE_ESFX;07.04.2026;CLEIDIANE_ESFX;10.00;PENDENTE;Z00;63805480172;CLEDSON PERETTI
660688167;0110002;0301010072;CONSULTA EM ORTOPEDIA - GERAL;04469955680;DANIEL ROCHA DO CARMO;04.05.2026;12:30;0;702102775955797;VALDOMIRO PEREIRA DE ARAUJO;18.07.1967;58;707;ANELINA MODESTO DE ARAUJO;RUA;PIRATINI;;298;MILANI;79492098;(67)99603-1418;SAO GABRIEL DO OESTE;500769;SAO GABRIEL DO OESTE;500769;2370972;UNIDADE DE SAUDE DA FAMILIA MILANE II;M;07.04.2026;CLEIDIANE_MILANEII;07.04.2026;CLEIDIANE_MILANEII;10.00;PENDENTE;M545;02453491113;MILENA GUEDIN VARGAS
660690074;0110002;0301010072;CONSULTA EM ORTOPEDIA - GERAL;04469955680;DANIEL ROCHA DO CARMO;04.05.2026;14:00;0;706208062867864;MARIA BENEDITA DA SILVA;21.04.1974;52;626;ANTONIA BERNARDO DA SILVA;RUA;FRANCISCO MILANI;;1213;MILANI;79492068;(67)99948-3075;SAO GABRIEL DO OESTE;500769;SAO GABRIEL DO OESTE;500769;2370972;UNIDADE DE SAUDE DA FAMILIA MILANE II;F;07.04.2026;CLEIDIANE_MILANEII;07.04.2026;CLEIDIANE_MILANEII;10.00;PENDENTE;M545;02453491113;MILENA GUEDIN VARGAS
660691608;0701224;0301010072;CONSULTA EM NEUROLOGIA - GERAL;22264073837;ANSELMO COSTA;06.05.2026;07:00;0;704706580108240;JOMARDYS CECILIA VERA BRICENO;08.01.2011;15;185;ANA CECILIA BRICENO MORLES;RUA;ANTONIO LAMBERT;;1419;MILANI;79492064;(67)99812-1673;SAO GABRIEL DO OESTE;500769;SAO GABRIEL DO OESTE;500769;2370972;UNIDADE DE SAUDE DA FAMILIA MILANE II;F;07.04.2026;CLEIDIANE_MILANEII;07.04.2026;CLEIDIANE_MILANEII;10.00;PENDENTE;G40;02453491113;MILENA GUEDIN VARGAS
660692725;0299008;0301010072;CONSULTA EM CIRURGIA VASCULAR – GERAL;70808015087;CELIO HELEGDA;06.05.2026;08:00;0;703409230661916;ERLANDIA FERREIRA GOMES DE OLIVEIRA;14.03.1983;43;519;MARIA ELIZETE FERREIRA GOMES;RUA;Q;CASA DO FUNDO;534;CIDADE JARDIM;79492148;(67)99882-3621 / (67)99882-3621;SAO GABRIEL DO OESTE;500769;SAO GABRIEL DO OESTE;500769;2370972;UNIDADE DE SAUDE DA FAMILIA MILANE II;F;07.04.2026;CLEIDIANE_MILANEII;07.04.2026;CLEIDIANE_MILANEII;10.00;PENDENTE;I83;02453491113;MILENA GUEDIN VARGAS
660694203;0282081;0301010072;CONSULTA EM CIRURGIA GERAL;48047740172;EVA WILMA ABDO DOS SANTOS GUIMARAES;14.05.2026;06:30;0;700504572528950;VALDILENE SABINA NOGUEIRA;28.04.1981;45;542;MARIA ABADIA SABINA NOGUEIRA;RUA;ANTONIO LAMBERT;;172;MILANI;79492064;(67)98107-3424;SAO GABRIEL DO OESTE;500769;SAO GABRIEL DO OESTE;500769;2370972;UNIDADE DE SAUDE DA FAMILIA MILANE II;F;07.04.2026;CLEIDIANE_MILANEII;07.04.2026;CLEIDIANE_MILANEII;10.00;CONFIRMADO;K40;83798633134;JOAO BAPTISTA BARBOSA SOUZA
660695981;0299008;0301010072;CONSULTA EM CIRURGIA VASCULAR – GERAL;70808015087;CELIO HELEGDA;06.05.2026;08:00;0;700008162953609;JUSSELDA MACHADO FONSECA;06.10.1954;71;861;THEREZINHA DE JESUS DA SILVA MACHADO;RUA;SANTA MARIA;;15;MILANI;79492074;(67)99801-0330;SAO GABRIEL DO OESTE;500769;SAO GABRIEL DO OESTE;500769;2370972;UNIDADE DE SAUDE DA FAMILIA MILANE II;F;07.04.2026;CLEIDIANE_MILANEII;07.04.2026;CLEIDIANE_MILANEII;10.00;PENDENTE;I83;83798633134;JOAO BAPTISTA BARBOSA SOUZA
660702146;2300004;0301010072;CONSULTA EM CARDIOLOGIA;01110123175;ELY DONIZETH DE ASSIS JUNIOR;05.05.2026;07:30;0;706307791511879;JOSEFA APARECIDA DA SILVA PROCOPIO;16.04.1963;63;758;MARIA LURDES MENDES;RUA;BALANCA;LOTE - CASA;100;ASSENTAMENTO CAMPANARIO;79490000;(67)9640-4111;SAO GABRIEL DO OESTE;500769;SAO GABRIEL DO OESTE;500769;2370972;UNIDADE DE SAUDE DA FAMILIA MILANE II;F;07.04.2026;CLEIDIANE_MILANEII;07.04.2026;CLEIDIANE_MILANEII;10.00;PENDENTE;I10;83798633134;JOAO BAPTISTA BARBOSA SOUZA
660702990;2300004;0301010072;CONSULTA EM CARDIOLOGIA;01110123175;ELY DONIZETH DE ASSIS JUNIOR;06.05.2026;07:30;0;700002231493807;DAVI AFONSO COIMBRA TELES;12.05.2016;10;121;GLAUCIANE COIMBRA BARREIROS;RUA;SANTA MARIA;;S/N;MILANI;79492074;(67)99651-7017;SAO GABRIEL DO OESTE;500769;SAO GABRIEL DO OESTE;500769;2370972;UNIDADE DE SAUDE DA FAMILIA MILANE II;M;07.04.2026;CLEIDIANE_MILANEII;07.04.2026;CLEIDIANE_MILANEII;10.00;PENDENTE;R060;83798633134;JOAO BAPTISTA BARBOSA SOUZA
660703443;2300004;0301010072;CONSULTA EM CARDIOLOGIA;98260570106;CLAUDIA REGINA DUARTE CAZZOLATO KHALIL;08.05.2026;14:00;0;700008162953609;JUSSELDA MACHADO FONSECA;06.10.1954;71;861;THEREZINHA DE JESUS DA SILVA MACHADO;RUA;SANTA MARIA;;15;MILANI;79492074;(67)99801-0330;SAO GABRIEL DO OESTE;500769;SAO GABRIEL DO OESTE;500769;2370972;UNIDADE DE SAUDE DA FAMILIA MILANE II;F;07.04.2026;CLEIDIANE_MILANEII;07.04.2026;CLEIDIANE_MILANEII;10.00;PENDENTE;I10;83798633134;JOAO BAPTISTA BARBOSA SOUZA
660704481;0320174;0301010072;CONSULTA EM PNEUMOLOGIA - GERAL;09028429603;BERNARDO MEDEIROS MAIA;05.05.2026;13:00;0;700002231493807;DAVI AFONSO COIMBRA TELES;12.05.2016;10;121;GLAUCIANE COIMBRA BARREIROS;RUA;SANTA MARIA;;S/N;MILANI;79492074;(67)99651-7017;SAO GABRIEL DO OESTE;500769;SAO GABRIEL DO OESTE;500769;2370972;UNIDADE DE SAUDE DA FAMILIA MILANE II;M;07.04.2026;CLEIDIANE_MILANEII;07.04.2026;CLEIDIANE_MILANEII;10.00;PENDENTE;R060;83798633134;JOAO BAPTISTA BARBOSA SOUZA
660705239;2300004;0301010072;CONSULTA EM CARDIOLOGIA;01110123175;ELY DONIZETH DE ASSIS JUNIOR;05.05.2026;06:30;0;706408625008682;SUELI DELGADO DE SOUZA;17.09.1967;58;705;RAMONA DELGADO;RUA;ANHUMAS;CASA;1259;JARDIM GRAMADO;79491016;(67)99180-3300;SAO GABRIEL DO OESTE;500769;SAO GABRIEL DO OESTE;500769;2370972;UNIDADE DE SAUDE DA FAMILIA MILANE II;F;07.04.2026;CLEIDIANE_MILANEII;07.04.2026;CLEIDIANE_MILANEII;10.00;PENDENTE;I10;83798633134;JOAO BAPTISTA BARBOSA SOUZA
660705674;2300004;0301010072;CONSULTA EM CARDIOLOGIA;01110123175;ELY DONIZETH DE ASSIS JUNIOR;05.05.2026;06:30;0;700804407432788;JOAO BATISTA SOBRINHO;18.07.1962;63;767;LEOCARDINA MARIA DE JESUS;RUA;DO COMÉRCIO;DISTRITO AREADO;S/N;ZONA RURAL;79490000;(67)99991-0760;SAO GABRIEL DO OESTE;500769;SAO GABRIEL DO OESTE;500769;2370972;UNIDADE DE SAUDE DA FAMILIA MILANE II;M;07.04.2026;CLEIDIANE_MILANEII;07.04.2026;CLEIDIANE_MILANEII;10.00;PENDENTE;I499;83798633134;JOAO BAPTISTA BARBOSA SOUZA
660706058;2300004;0301010072;CONSULTA EM CARDIOLOGIA;01110123175;ELY DONIZETH DE ASSIS JUNIOR;05.05.2026;06:30;0;704300568993491;ILSON DE SOUZA;04.06.1965;61;733;GENI ROSA DE SOUZA;RUA;SANTO ANGELO;;423;MILANI;79490000;(67)99939-9161;SAO GABRIEL DO OESTE;500769;SAO GABRIEL DO OESTE;500769;2370972;UNIDADE DE SAUDE DA FAMILIA MILANE II;M;07.04.2026;CLEIDIANE_MILANEII;07.04.2026;CLEIDIANE_MILANEII;10.00;PENDENTE;I10;83798633134;JOAO BAPTISTA BARBOSA SOUZA
660707377;0110002;0301010072;CONSULTA EM ORTOPEDIA - GERAL;32389571808;RODOLFO PELISSARI ZAMBOLIN;07.05.2026;12:30;0;708302727598960;ANA CLARA DOS SANTOS BALBINO;05.05.2017;09;110;NALVA SAMARA DOS SANTOS BALBINO;CHACARA;PATATIVA DO ASSARÉ;;06;RURAL;79490000;(67)99696-0150 / (67)99282-5661;SAO GABRIEL DO OESTE;500769;SAO GABRIEL DO OESTE;500769;2370972;UNIDADE DE SAUDE DA FAMILIA MILANE II;F;07.04.2026;CLEIDIANE_MILANEII;07.04.2026;CLEIDIANE_MILANEII;10.00;PENDENTE;M238;02453491113;MILENA GUEDIN VARGAS
660707906;2300004;0301010072;CONSULTA EM CARDIOLOGIA;01110123175;ELY DONIZETH DE ASSIS JUNIOR;05.05.2026;07:30;0;898004871720812;JULIA RAMOS DA SILVA;17.10.2015;10;128;SILMARA ANDRESSA RODRIGUES DA SILVA;RUA;AZULÃO;;1643;FÊNIX;;(67)99614-1566;SAO GABRIEL DO OESTE;500769;SAO GABRIEL DO OESTE;500769;2370972;UNIDADE DE SAUDE DA FAMILIA MILANE II;F;07.04.2026;CLEIDIANE_MILANEII;07.04.2026;CLEIDIANE_MILANEII;10.00;PENDENTE;Z000;02453491113;MILENA GUEDIN VARGAS
660739911;3516007;0301010072;CONSULTA EM UROLOGIA - GERAL;04349392181;ANTONIO AUGUSTO PALOMBO MENDES;07.05.2026;08:00;0;706709556947210;JOSE ELIAS CANHETE KREUTZ;16.10.2017;08;104;GEOVANE CANHETE DE ARRUDA;RUA;CURICACA;;1039;JG;79490000;(67)99905-4788;SAO GABRIEL DO OESTE;500769;SAO GABRIEL DO OESTE;500769;2591359;UNIDADE DE SAUDE DA FAMILIA V;M;08.04.2026;CLEIDIANE_ESFV;08.04.2026;CLEIDIANE_ESFV;10.00;PENDENTE;I868;04796956107;JULIANA DA ROCHA PEREIRA MENEZES
660741951;3516007;0301010072;CONSULTA EM UROLOGIA - GERAL;04349392181;ANTONIO AUGUSTO PALOMBO MENDES;07.05.2026;08:00;0;706808754333322;REINALDO MESSIAS DIAS;22.06.1969;57;684;SEBASTIANA MESSIAS;RUA;ANHUMAS;;1192;JARDIM GRAMADO;79490000;;SAO GABRIEL DO OESTE;500769;SAO GABRIEL DO OESTE;500769;3400964;UNIDADE DE SAUDE DA FAMILIA RURAL VII;M;08.04.2026;CLEIDIANE_RURALVII;08.04.2026;CLEIDIANE_RURALVII;10.00;PENDENTE;N40;00612619630;KALYNKA SILVIA HIGINO
660743949;3516007;0301010072;CONSULTA EM UROLOGIA - GERAL;04349392181;ANTONIO AUGUSTO PALOMBO MENDES;07.05.2026;08:00;0;705506412744410;JENESIO RIBEIRO DO AMARAL;18.05.1960;66;793;BENEDITA LOPES DO AMARAL;RUA;CURIO 1/1465;CASA;1678;JARDIM GRAMADO;79491012;(67)99621-5770 / (67)99612-3458;SAO GABRIEL DO OESTE;500769;SAO GABRIEL DO OESTE;500769;5971055;UNIDADE DE SAUDE DA FAMILIA VIII;M;08.04.2026;CLEIDIANE_ESFVIII;08.04.2026;CLEIDIANE_ESFVIII;10.00;PENDENTE;N429;04805244160;RENNAN ORTIZ BUENO
660750192;0282081;0301010072;CONSULTA EM CIRURGIA GERAL;48047740172;EVA WILMA ABDO DOS SANTOS GUIMARAES;07.05.2026;08:00;0;707401077939874;MARIA INES RODRIGUES;21.06.1983;43;516;ALBINA ROMEIRO RODRIGUES;RUA;DAS ANHUMAS;CASA;971;JARDIM GRAMADO;79491016;(67)99278-8904;SAO GABRIEL DO OESTE;500769;SAO GABRIEL DO OESTE;500769;5971055;UNIDADE DE SAUDE DA FAMILIA VIII;F;08.04.2026;CLEIDIANE_ESFVIII;08.04.2026;CLEIDIANE_ESFVIII;10.00;PENDENTE;K81;04805244160;RENNAN ORTIZ BUENO
660758835;0110002;0301010072;CONSULTA EM ORTOPEDIA - GERAL;00468987193;ARTHUR MARTINS DE ALMEIDA;05.05.2026;06:30;0;707808636473912;SERGIO JERONIMO DE SOUSA;10.03.1975;51;615;LUSANIRA JERONIMO DE SOUSA;RUA;CURIO;CASA;497;JARDIM GRAMADO;79490000;(67)99243-8297;SAO GABRIEL DO OESTE;500769;SAO GABRIEL DO OESTE;500769;5971055;UNIDADE DE SAUDE DA FAMILIA VIII;M;08.04.2026;CLEIDIANE_ESFVIII;08.04.2026;CLEIDIANE_ESFVIII;10.00;PENDENTE;Z00;;ARTHUR MARTINS DE ALMEIDA
660771201;2300004;0301010072;CONSULTA EM CARDIOLOGIA;01110123175;ELY DONIZETH DE ASSIS JUNIOR;04.05.2026;07:30;0;700004257001008;IZABEL DA SILVA;25.12.1956;69;834;FRANCISCA CANDIDA DA SILVA;RUA;SAO MANOEL;CASA;695;MILANI;79490000;(67)99903-5826;SAO GABRIEL DO OESTE;500769;SAO GABRIEL DO OESTE;500769;2370999;UNIDADE DE SAUDE DA FAMILIA FENIX IV;F;08.04.2026;CLEIDIANE_FENIX;08.04.2026;CLEIDIANE_FENIX;10.00;PENDENTE;R55;;JOAO BAPTISTA BARBOSA SOUZA
660772500;0282081;0301010072;CONSULTA EM CIRURGIA GERAL;48047740172;EVA WILMA ABDO DOS SANTOS GUIMARAES;07.05.2026;08:00;0;706405145394888;REJANE MARIA PENSO;26.05.1963;63;757;ADELIA PENSO;AVENIDA;CAMPO GRANDE;;175;MILANI;79492086;(67)99834-9017;SAO GABRIEL DO OESTE;500769;SAO GABRIEL DO OESTE;500769;2370999;UNIDADE DE SAUDE DA FAMILIA FENIX IV;F;08.04.2026;CLEIDIANE_FENIX;08.04.2026;CLEIDIANE_FENIX;10.00;CONFIRMADO;E882;;JOAO BAPTISTA BARBOSA SOUZA
660779222;3516007;0301010072;CONSULTA EM UROLOGIA - GERAL;04349392181;ANTONIO AUGUSTO PALOMBO MENDES;07.05.2026;08:00;0;700206908154230;MARIA JOSE BARGAS;12.02.1982;44;532;MARIA DE LURDES LUCIA BARGAS;RUA;HILDO NICARETTA;CASA;2299;PRIMO MAFFISSONI;79490000;(67)99963-5990;SAO GABRIEL DO OESTE;500769;SAO GABRIEL DO OESTE;500769;7002084;UNIDADE DE SAUDE DA FAMILIA IX;F;08.04.2026;CLEIDIANE_UNIDADEIX;08.04.2026;CLEIDIANE_UNIDADEIX;10.00;PENDENTE;N200;;CLEDSON PERETTI
660783219;2300004;0301010072;CONSULTA EM CARDIOLOGIA;01110123175;ELY DONIZETH DE ASSIS JUNIOR;05.05.2026;07:30;0;709802061999493;IVANIR SERPA DE LIMA RIBEIRO;10.03.1961;65;783;SEBASTIANA MACHADO;RUA;DEOCLECIO ZAMIGNAN;;2119;PRIMO MAFFISSONI;79490276;(67)99840-6212;SAO GABRIEL DO OESTE;500769;SAO GABRIEL DO OESTE;500769;7002084;UNIDADE DE SAUDE DA FAMILIA IX;F;08.04.2026;CLEIDIANE_UNIDADEIX;08.04.2026;CLEIDIANE_UNIDADEIX;10.00;PENDENTE;I10;;CLEDSON PERETTI
660787638;0110002;0301010072;CONSULTA EM ORTOPEDIA - GERAL;32389571808;RODOLFO PELISSARI ZAMBOLIN;07.05.2026;14:00;0;703208636133499;ROSELY OLAZAR;04.07.1973;53;636;MARTIMIANA DA SILVA;RUA;SARACURA;;107;JARDIM GRAMADO;79491002;(67)99690-4939;SAO GABRIEL DO OESTE;500769;SAO GABRIEL DO OESTE;500769;2370980;UNIDADE DE SAUDE DA FAMILIA JARDIM GRAMADO I;F;08.04.2026;CLEIDIANE_UNIDADEGRAMADOI;08.04.2026;CLEIDIANE_UNIDADEGRAMADOI;10.00;PENDENTE;M233;01454652179;MAYARA MARIA MELKE GUIMARAES
660790885;2300004;0301010072;CONSULTA EM CARDIOLOGIA;01110123175;ELY DONIZETH DE ASSIS JUNIOR;05.05.2026;07:30;0;702403595717624;BELONISIA FRANCISCA MENDONCA;02.09.1951;74;898;ALBERTINA DE SOUZA E SILVA;RUA;SARACURA;;276;JARDIM GRAMADO;79490000;(67)9919-6816;SAO GABRIEL DO OESTE;500769;SAO GABRIEL DO OESTE;500769;2370980;UNIDADE DE SAUDE DA FAMILIA JARDIM GRAMADO I;F;08.04.2026;CLEIDIANE_UNIDADEGRAMADOI;08.04.2026;CLEIDIANE_UNIDADEGRAMADOI;10.00;PENDENTE;I10;01454652179;MAYARA MARIA MELKE GUIMARAES
660792444;0110002;0301010072;CONSULTA EM ORTOPEDIA - GERAL;04469955680;DANIEL ROCHA DO CARMO;04.05.2026;14:00;0;708207115763842;VIVIANI CRISTINI SCUDELER;01.10.1971;54;657;ZELIA MARIA MENDES SCUDELER;RUA;GREGORIANA;CASA 14;569;PRIMO MAFFISSONI;79490000;(67)99873-4872;SAO GABRIEL DO OESTE;500769;SAO GABRIEL DO OESTE;500769;2370980;UNIDADE DE SAUDE DA FAMILIA JARDIM GRAMADO I;F;08.04.2026;CLEIDIANE_UNIDADEGRAMADOI;08.04.2026;CLEIDIANE_UNIDADEGRAMADOI;10.00;PENDENTE;M545;01454652179;MAYARA MARIA MELKE GUIMARAES
660794268;0110002;0301010072;CONSULTA EM ORTOPEDIA - GERAL;04469955680;DANIEL ROCHA DO CARMO;04.05.2026;14:00;0;700008058381106;MILTON DA COSTA RODRIGUES;11.07.1970;55;671;ODERCE DA COSTA RODRIGUES;RUA;JURITI;;345;FENIX;79490000;(67)99831-1115;SAO GABRIEL DO OESTE;500769;SAO GABRIEL DO OESTE;500769;2370980;UNIDADE DE SAUDE DA FAMILIA JARDIM GRAMADO I;M;08.04.2026;CLEIDIANE_UNIDADEGRAMADOI;08.04.2026;CLEIDIANE_UNIDADEGRAMADOI;10.00;PENDENTE;M796;01454652179;MAYARA MARIA MELKE GUIMARAES
660797301;2300004;0301010072;CONSULTA EM CARDIOLOGIA;01110123175;ELY DONIZETH DE ASSIS JUNIOR;05.05.2026;07:30;0;700505371406654;MATURINO ALVES RODRIGUES;06.07.1952;74;888;MARIA ANTONIA RODRIGUES;RUA;CURICACA 1466/99999;;1698;FENIX;79491080;(67)99907-1978;SAO GABRIEL DO OESTE;500769;SAO GABRIEL DO OESTE;500769;2370980;UNIDADE DE SAUDE DA FAMILIA JARDIM GRAMADO I;M;08.04.2026;CLEIDIANE_UNIDADEGRAMADOI;08.04.2026;CLEIDIANE_UNIDADEGRAMADOI;10.00;PENDENTE;I10;01454652179;MAYARA MARIA MELKE GUIMARAES
660809903;0282081;0301010072;CONSULTA EM CIRURGIA GERAL;48047740172;EVA WILMA ABDO DOS SANTOS GUIMARAES;07.05.2026;08:00;0;709605648018579;ADAIR PEREIRA DO AMARAL;20.08.1965;60;730;NEIDE MARIA PEIXOTO DO AMARAL;RUA;CANARIOS;;567;JARDIM GRAMADO;79490000;(67)99921-3450;SAO GABRIEL DO OESTE;500769;SAO GABRIEL DO OESTE;500769;2370980;UNIDADE DE SAUDE DA FAMILIA JARDIM GRAMADO I;M;08.04.2026;CLEIDIANE_UNIDADEGRAMADOI;08.04.2026;CLEIDIANE_UNIDADEGRAMADOI;10.00;CONFIRMADO;E882;01454652179;MAYARA MARIA MELKE GUIMARAES
660810094;0110002;0301010072;CONSULTA EM ORTOPEDIA - GERAL;00530001101;BRUNO PETINARI UMBELINO;04.05.2026;08:00;0;705605486841310;MERCEDES TRAMONTIN ZAMPIVA;24.09.1950;75;909;GIUSEPPINA TRAMONTIN;AVENIDA;MATO GROSSO DO SUL;;1677;CENTRO;79490000;(67)9996-5963;SAO GABRIEL DO OESTE;500769;SAO GABRIEL DO OESTE;500769;2599376;UNIDADE DE SAUDE DA FAMILIA VI;F;08.04.2026;CLEIDIANE_ESFVI;08.04.2026;CLEIDIANE_ESFVI;10.00;PENDENTE;M159;06437691107;MAIARA FLORES SCARIOT
660811212;0110002;0301010072;CONSULTA EM ORTOPEDIA - GERAL;32389571808;RODOLFO PELISSARI ZAMBOLIN;07.05.2026;14:00;0;700005090661604;LUCIA MEREDICK BORSOI;27.08.1959;66;802;JOSEFA MEREDICK;RUA;JOAO DE ALMEIDA SAMPAIO;;405;JARDIM GRAMADO;79490000;(67)3295-2838;SAO GABRIEL DO OESTE;500769;SAO GABRIEL DO OESTE;500769;2370980;UNIDADE DE SAUDE DA FAMILIA JARDIM GRAMADO I;F;08.04.2026;CLEIDIANE_UNIDADEGRAMADOI;08.04.2026;CLEIDIANE_UNIDADEGRAMADOI;10.00;PENDENTE;M179;;BRUNO INCERTI DE PAIVA OLIVEIRA RODRIGUES
660811393;0282081;0301010072;CONSULTA EM CIRURGIA GERAL;48047740172;EVA WILMA ABDO DOS SANTOS GUIMARAES;07.05.2026;08:00;0;703402294001317;CLAUDIO ZUANAZZI;10.08.1954;71;862;IRACEMA HONEIDE PEDOTTE ZUANAZZI;RUA;SANTA CATARINA;;2196;CENTRO;79490000;(67)3295-1017;SAO GABRIEL DO OESTE;500769;SAO GABRIEL DO OESTE;500769;2599376;UNIDADE DE SAUDE DA FAMILIA VI;M;08.04.2026;CLEIDIANE_ESFVI;08.04.2026;CLEIDIANE_ESFVI;10.00;CONFIRMADO;B07;06437691107;MAIARA FLORES SCARIOT
660812652;0110002;0301010072;CONSULTA EM ORTOPEDIA - GERAL;04469955680;DANIEL ROCHA DO CARMO;04.05.2026;14:00;0;705005810003457;ROSANGELA APARECIDA DA SILVA ARRUDA;14.07.1976;49;599;MARIA APARECIDA DA SILVA;RUA;TUIUIUI;;1291;JARDIM GRAMADO;79490000;(67)99865-2719;SAO GABRIEL DO OESTE;500769;SAO GABRIEL DO OESTE;500769;2370980;UNIDADE DE SAUDE DA FAMILIA JARDIM GRAMADO I;F;08.04.2026;CLEIDIANE_UNIDADEGRAMADOI;08.04.2026;CLEIDIANE_UNIDADEGRAMADOI;10.00;PENDENTE;M545;01454652179;MAYARA MARIA MELKE GUIMARAES
660813674;2300004;0301010072;CONSULTA EM CARDIOLOGIA;01110123175;ELY DONIZETH DE ASSIS JUNIOR;06.05.2026;06:30;0;706907107393532;EVALDO FRANCISCO DOS SANTOS;26.02.1975;51;616;LEUDA ANTONIA DOS SANTOS;RUA;CONDE DE PORTO ALEGRE;CASA;1103;MILANI;79490000;(67)99920-4404;SAO GABRIEL DO OESTE;500769;SAO GABRIEL DO OESTE;500769;2370980;UNIDADE DE SAUDE DA FAMILIA JARDIM GRAMADO I;M;08.04.2026;CLEIDIANE_UNIDADEGRAMADOI;08.04.2026;CLEIDIANE_UNIDADEGRAMADOI;10.00;PENDENTE;R060;01454652179;MAYARA MARIA MELKE GUIMARAES
660815391;0110002;0301010072;CONSULTA EM ORTOPEDIA - GERAL;89074033172;ROGERIO PADOVANI TOFFOLI;08.05.2026;12:30;0;706907107393532;EVALDO FRANCISCO DOS SANTOS;26.02.1975;51;616;LEUDA ANTONIA DOS SANTOS;RUA;CONDE DE PORTO ALEGRE;CASA;1103;MILANI;79490000;(67)99920-4404;SAO GABRIEL DO OESTE;500769;SAO GABRIEL DO OESTE;500769;2370980;UNIDADE DE SAUDE DA FAMILIA JARDIM GRAMADO I;M;08.04.2026;CLEIDIANE_UNIDADEGRAMADOI;08.04.2026;CLEIDIANE_UNIDADEGRAMADOI;10.00;PENDENTE;M75;01454652179;MAYARA MARIA MELKE GUIMARAES
660816635;0320174;0301010072;CONSULTA EM PNEUMOLOGIA - GERAL;09028429603;BERNARDO MEDEIROS MAIA;05.05.2026;13:00;0;703102837400260;APARECIDA DA CONCEICAO CABRAL;02.08.1953;72;875;CLARECINDA CONCEICAO CLEOZARIO;RUA;CANARIOS;;289;JARDIM GRAMADO;79490000;(67)9627-7910;SAO GABRIEL DO OESTE;500769;SAO GABRIEL DO OESTE;500769;2370980;UNIDADE DE SAUDE DA FAMILIA JARDIM GRAMADO I;F;08.04.2026;CLEIDIANE_UNIDADEGRAMADOI;08.04.2026;CLEIDIANE_UNIDADEGRAMADOI;10.00;PENDENTE;J441;01454652179;MAYARA MARIA MELKE GUIMARAES
660833103;2300004;0301010072;CONSULTA EM CARDIOLOGIA;98260570106;CLAUDIA REGINA DUARTE CAZZOLATO KHALIL;08.05.2026;14:00;0;705404480319192;IZAURA NERES GONCALVES;05.07.1958;68;816;ILDA NERES GONCALVES;RUA;BAHIA;CASA 1;2739;AMABILE MAFFISSONI;79490000;(61)3315-2425;SAO GABRIEL DO OESTE;500769;SAO GABRIEL DO OESTE;500769;2370999;UNIDADE DE SAUDE DA FAMILIA FENIX IV;F;08.04.2026;CLEIDIANE_FENIX;08.04.2026;CLEIDIANE_FENIX;10.00;PENDENTE;Z00;96245646120;RAFAELLA MARIA COSTA GOIS DE FIGUEIREDO
660842503;3516007;0301010072;CONSULTA EM UROLOGIA - GERAL;04349392181;ANTONIO AUGUSTO PALOMBO MENDES;14.05.2026;06:30;0;707805622878114;LEONCO CZEKAY;08.01.1962;64;773;OLIRA PIRES CZEKAY;RUA;TUIUIU;;1051;JARDIM GRAMADO;79490000;(67)99617-1456;SAO GABRIEL DO OESTE;500769;SAO GABRIEL DO OESTE;500769;2370980;UNIDADE DE SAUDE DA FAMILIA JARDIM GRAMADO I;M;08.04.2026;CLEIDIANE_UNIDADEGRAMADOI;08.04.2026;CLEIDIANE_UNIDADEGRAMADOI;10.00;PENDENTE;N390;01454652179;MAYARA MARIA MELKE GUIMARAES
660847162;0110002;0301010072;CONSULTA EM ORTOPEDIA - GERAL;00468987193;ARTHUR MARTINS DE ALMEIDA;05.05.2026;06:30;0;700009279611202;RAIANE GONZAGA RODRIGUES;17.07.1994;31;383;LOURDES BEZERRA GONZAGA;RUA;DOS CANARIOS 1/1465;;614;JARDIM GRAMADO;79491008;(67)99848-9907;SAO GABRIEL DO OESTE;500769;SAO GABRIEL DO OESTE;500769;2370980;UNIDADE DE SAUDE DA FAMILIA JARDIM GRAMADO I;F;08.04.2026;CLEIDIANE_UNIDADEGRAMADOI;08.04.2026;CLEIDIANE_UNIDADEGRAMADOI;10.00;PENDENTE;S60;;ARTHUR MARTINS DE ALMEIDA
660848592;0110002;0301010072;CONSULTA EM ORTOPEDIA - GERAL;04469955680;DANIEL ROCHA DO CARMO;04.05.2026;14:00;0;700404442665940;MARIA DE FATIMA DA CONCEICAO DA SILVA;22.03.1953;73;879;JOANA INEZ DA CONCEICAO FILHA;RUA;TANGARA;CASA;120;SAO CRISTOVAO;79490000;(98)98518-1253 / (98)99962-5592 / (67)99998-4494;SAO GABRIEL DO OESTE;500769;SAO GABRIEL DO OESTE;500769;5971055;UNIDADE DE SAUDE DA FAMILIA VIII;F;08.04.2026;CLEIDIANE_ESFVIII;08.04.2026;CLEIDIANE_ESFVIII;10.00;PENDENTE;M543;04805244160;RENNAN ORTIZ BUENO
660852990;2300004;0301010072;CONSULTA EM CARDIOLOGIA;01110123175;ELY DONIZETH DE ASSIS JUNIOR;06.05.2026;06:30;0;706007313291241;EMILIA ARRUDA DE LARA REGHIN;27.04.1949;77;926;SATURNINA MARIA DE ARRUDA;SITIO;ELDORADO I;;173;ZONA RURAL;79170000;(67)99689-4162;SIDROLANDIA;500790;SAO GABRIEL DO OESTE;500769;2370980;UNIDADE DE SAUDE DA FAMILIA JARDIM GRAMADO I;F;08.04.2026;CLEIDIANE_UNIDADEGRAMADOI;08.04.2026;CLEIDIANE_UNIDADEGRAMADOI;10.00;PENDENTE;I10;;ELY DONIZETH DE ASSIS JUNIOR
660859695;0110002;0301010072;CONSULTA EM ORTOPEDIA - GERAL;32389571808;RODOLFO PELISSARI ZAMBOLIN;07.05.2026;14:00;0;704300576447697;FELIPE FERREIRA THONIASO;18.04.2008;18;218;ALICE DE LIMA FERREIRA THONIASO;RUA;ALAGOAS;;2625;JARDIM PRIMAVERA;79490000;(67)99955-5345;SAO GABRIEL DO OESTE;500769;SAO GABRIEL DO OESTE;500769;2370964;UNIDADE DE SAUDE DA FAMILIA III;M;08.04.2026;CLEIDIANE_UNIDADEIII;08.04.2026;CLEIDIANE_UNIDADEIII;10.00;PENDENTE;M210;02611833974;HUDSON PERES DORIGAO BELISARIO DE SOUZA
660860378;0282081;0301010072;CONSULTA EM CIRURGIA GERAL;48047740172;EVA WILMA ABDO DOS SANTOS GUIMARAES;07.05.2026;08:00;0;704104637772350;CELSA AYALA MENDEZ;14.09.1979;46;561;ASUNCIONA MENDEZ;RUA;HORTENCIA;;35;JARDIM PRIMAVERA;79490000;(67)99656-2105;SAO GABRIEL DO OESTE;500769;SAO GABRIEL DO OESTE;500769;2370964;UNIDADE DE SAUDE DA FAMILIA III;F;08.04.2026;CLEIDIANE_UNIDADEIII;08.04.2026;CLEIDIANE_UNIDADEIII;10.00;PENDENTE;K804;02611833974;HUDSON PERES DORIGAO BELISARIO DE SOUZA
660862287;2300004;0301010072;CONSULTA EM CARDIOLOGIA;01110123175;ELY DONIZETH DE ASSIS JUNIOR;06.05.2026;06:30;0;704104637772350;CELSA AYALA MENDEZ;14.09.1979;46;561;ASUNCIONA MENDEZ;RUA;HORTENCIA;;35;JARDIM PRIMAVERA;79490000;(67)99656-2105;SAO GABRIEL DO OESTE;500769;SAO GABRIEL DO OESTE;500769;2370964;UNIDADE DE SAUDE DA FAMILIA III;F;08.04.2026;CLEIDIANE_UNIDADEIII;08.04.2026;CLEIDIANE_UNIDADEIII;10.00;PENDENTE;Z018;02611833974;HUDSON PERES DORIGAO BELISARIO DE SOUZA
660885552;2300004;0301010072;CONSULTA EM CARDIOLOGIA;98260570106;CLAUDIA REGINA DUARTE CAZZOLATO KHALIL;08.05.2026;14:00;0;700400460429745;MARIA IRONI SANTANA VIEIRA;10.02.1949;77;928;NATALIA DE PAULA SANTANA;RUA;PATATIVAS;;265;FENIX;79490000;(67)99844-0687;SAO GABRIEL DO OESTE;500769;SAO GABRIEL DO OESTE;500769;6452116;CENTRO DE ESPECIALIDADES MEDICAS;F;08.04.2026;CLEIDIANE_CEM;08.04.2026;CLEIDIANE_CEM;10.00;PENDENTE;I255;06302616603;ROMULO AMARAL TAFURI
660967668;3500074;0206010052;TOMOGRAFIA COMPUTADORIZADA DE PESCOCO COM CONTRASTE;00125300006;MEDICOS SUS;08.05.2026;07:15;0;705006858198054;ANA SILVA;27.04.1965;61;734;AMBILINA BARBOSA DA SILVA;RUA;DA AVIAÇÃO;AREADO;S/N;AREADO;79490000;(67)99994-3570;SAO GABRIEL DO OESTE;500769;SAO GABRIEL DO OESTE;500769;6354265;CENTRAL DE REGULACAO DE SAO GABRIEL DO OESTE;F;08.04.2026;CLEIDIANE_REGULACAO;30.04.2026;CLEIDIANE_REGULADOR;86.75;CONFIRMADO;E050;;AMAURI FERRARI PARONI
660974161;3100953;0207030022;RESSONANCIA MAGNETICA DE BACIA / PELVE / ABDOMEN INFERIOR;00125300006;MEDICOS SUS;08.05.2026;11:00;0;704202700930881;ADIR PEREIRA FRANCA;05.07.1956;70;840;BENEDITA PEREIRA FRANCA;AREA;PRINCIPAL 1;ASSENTAMENTO C;41;AREA RURAL DE SAO GABRIEL DO OESTE;79493899;(67)99997-6005;SAO GABRIEL DO OESTE;500769;SAO GABRIEL DO OESTE;500769;6354265;CENTRAL DE REGULACAO DE SAO GABRIEL DO OESTE;M;08.04.2026;CLEIDIANE_REGULACAO;04.05.2026;CLEIDIANE_REGULADOR;268.75;PENDENTE;C61;;AUGUSTO ARABOMI MENDES BARCELOS MANNA
660976855;0110002;0301010072;CONSULTA EM ORTOPEDIA - GERAL;93393539191;RODOLFO FABIANO NIZ BAREIRO;07.05.2026;12:30;0;704006385094666;FATIMA FREIRES RODRIGUES;12.12.1980;45;546;MARIA FREIRES DE AMORIM RODRIGUES;RUA;ARARAS;;2300;CONJUNTO FENIX;79490000;(67)9942-8382;SAO GABRIEL DO OESTE;500769;SAO GABRIEL DO OESTE;500769;2370999;UNIDADE DE SAUDE DA FAMILIA FENIX IV;F;08.04.2026;CLEIDIANE_FENIX;08.04.2026;CLEIDIANE_FENIX;10.00;PENDENTE;M069;00703866176;ALCIDES EDUARDO EIBEL
660977073;3100953;0207030022;RESSONANCIA MAGNETICA DE BACIA / PELVE / ABDOMEN INFERIOR;00125300006;MEDICOS SUS;08.05.2026;11:00;0;700001923520606;ADELIA NERES NUNES;02.06.1964;62;745;BENEDITA LOPES DE SOUZA;RUA;TUIUIU;;450;JARDIM GRAMADO;79490000;(67)99915-4944;SAO GABRIEL DO OESTE;500769;SAO GABRIEL DO OESTE;500769;6354265;CENTRAL DE REGULACAO DE SAO GABRIEL DO OESTE;F;08.04.2026;CLEIDIANE_REGULACAO;04.05.2026;CLEIDIANE_REGULADOR;268.75;CONFIRMADO;M468;;ALEX MAGNO COELHO HORIMOTO
660977211;0110002;0301010072;CONSULTA EM ORTOPEDIA - GERAL;00468987193;ARTHUR MARTINS DE ALMEIDA;05.05.2026;06:30;0;706805230833722;ROSENI DIAS;02.02.1977;49;593;MARIA ANITA DIAS;RUA;CAMBARÁ;;376;SÃO CRISTOVÃO;79490000;(67)99999-2838 / (67)99823-2995;SAO GABRIEL DO OESTE;500769;SAO GABRIEL DO OESTE;500769;2370999;UNIDADE DE SAUDE DA FAMILIA FENIX IV;F;08.04.2026;CLEIDIANE_FENIX;08.04.2026;CLEIDIANE_FENIX;10.00;PENDENTE;M771;96245646120;RAFAELLA MARIA COSTA GOIS DE FIGUEIREDO
660978602;3100027;0207020027;RESSONANCIA MAGNETICA DE OMBRO DIREITO;00125300006;MEDICOS SUS;06.05.2026;13:00;0;706906108905439;ANGELA DE OLIVEIRA RIBEIRO DA SILVA;25.04.1977;49;590;SEBASTIANA DE MORAES OLIVEIRA;RUA;ACRE;;853;CENTRO;79490000;(67)99896-7122;SAO GABRIEL DO OESTE;500769;SAO GABRIEL DO OESTE;500769;6354265;CENTRAL DE REGULACAO DE SAO GABRIEL DO OESTE;F;08.04.2026;CLEIDIANE_REGULACAO;04.05.2026;CLEIDIANE_REGULADOR;268.75;CONFIRMADO;M751;;NELSON BARBOSA TAVARES FILHO
660978602;3100026;0207020027;RESSONANCIA MAGNETICA DE OMBRO ESQUERDO;00125300006;MEDICOS SUS;06.05.2026;13:00;0;706906108905439;ANGELA DE OLIVEIRA RIBEIRO DA SILVA;25.04.1977;49;590;SEBASTIANA DE MORAES OLIVEIRA;RUA;ACRE;;853;CENTRO;79490000;(67)99896-7122;SAO GABRIEL DO OESTE;500769;SAO GABRIEL DO OESTE;500769;6354265;CENTRAL DE REGULACAO DE SAO GABRIEL DO OESTE;F;08.04.2026;CLEIDIANE_REGULACAO;04.05.2026;CLEIDIANE_REGULADOR;268.75;CONFIRMADO;M751;;NELSON BARBOSA TAVARES FILHO
660980906;3100931;0207010064;RESSONANCIA MAGNETICA DE CRANIO COM CONTRASTE;00125300006;MEDICOS SUS;16.05.2026;06:00;0;702608252163349;ANNE CARLA LIMA DA COSTA;11.11.1983;42;511;ROMILDA DE LIMA DA COSTA;RUA;PEDRO SEGATTO;;20;FÊNIX;79490000;(67)99641-0506;SAO GABRIEL DO OESTE;500769;SAO GABRIEL DO OESTE;500769;6354265;CENTRAL DE REGULACAO DE SAO GABRIEL DO OESTE;F;08.04.2026;CLEIDIANE_REGULACAO;14.05.2026;CLEIDIANE_REGULADOR;268.75;PENDENTE;G934;;LUCAS ALVES DE MOURA
660985504;0299008;0301010072;CONSULTA EM CIRURGIA VASCULAR – GERAL;70808015087;CELIO HELEGDA;06.05.2026;06:30;0;703001822713675;JOSEFA CLAUDINA DA ROCHA;06.11.1949;76;920;ESMERINA CLAUDINA DE SOUZA;RUA;RUA DAS ARARAS;;2102;CONJUNTO FENIX;79490000;(67)99609-7824;SAO GABRIEL DO OESTE;500769;SAO GABRIEL DO OESTE;500769;6452116;CENTRO DE ESPECIALIDADES MEDICAS;F;08.04.2026;CLEIDIANE_CEM;08.04.2026;CLEIDIANE_CEM;10.00;PENDENTE;I839;70808015087;CELIO HELEGDA
660988162;0299008;0301010072;CONSULTA EM CIRURGIA VASCULAR – GERAL;70808015087;CELIO HELEGDA;06.05.2026;06:30;0;700500540374652;ELIANE LARA DE SOUZA COSTA;13.08.1970;55;670;VERONICA LARA DE SOUZA;FAZENDA;GUARA;;S/N;ZONA RURAL;79493899;(67)99962-1712;SAO GABRIEL DO OESTE;500769;SAO GABRIEL DO OESTE;500769;6452116;CENTRO DE ESPECIALIDADES MEDICAS;F;08.04.2026;CLEIDIANE_CEM;08.04.2026;CLEIDIANE_CEM;10.00;PENDENTE;I839;70808015087;CELIO HELEGDA
661020382;0110002;0301010072;CONSULTA EM ORTOPEDIA - GERAL;89074033172;ROGERIO PADOVANI TOFFOLI;08.05.2026;12:30;0;700406924939350;JEANPIERRE FERREIRA PAIVA;21.06.1990;36;432;SILENE FERREIRA DE CARVALHO;RUA;DEOCLECIO ZAMIGNAN;CASA;2207;PRIMO MAFFISSONI;79490000;(67)99662-9546;SAO GABRIEL DO OESTE;500769;SAO GABRIEL DO OESTE;500769;2599376;UNIDADE DE SAUDE DA FAMILIA VI;M;09.04.2026;CLEIDIANE_ESFVI;09.04.2026;CLEIDIANE_ESFVI;10.00;PENDENTE;S410;06437691107;MAIARA FLORES SCARIOT
661021988;0110002;0301010072;CONSULTA EM ORTOPEDIA - GERAL;00468987193;ARTHUR MARTINS DE ALMEIDA;05.05.2026;06:30;0;702801619801462;MARIA HELENA DA SILVA;25.02.1973;53;640;BEATRIZ PEREIRA DA SILVA;RUA;BAHIA;;1999;CENTRO;79490000;(67)3295-3370;SAO GABRIEL DO OESTE;500769;SAO GABRIEL DO OESTE;500769;3400964;UNIDADE DE SAUDE DA FAMILIA RURAL VII;F;09.04.2026;CLEIDIANE_RURALVII;09.04.2026;CLEIDIANE_RURALVII;10.00;PENDENTE;Z000;00612619630;KALYNKA SILVIA HIGINO
661034456;2300004;0301010072;CONSULTA EM CARDIOLOGIA;01110123175;ELY DONIZETH DE ASSIS JUNIOR;06.05.2026;07:30;0;704701790534330;MARIA JOSE DE ARRUDA BARBOSA;09.05.1955;71;853;SEBASTIANA FLORENTINA DE ARRUDA;RUA;ALAGOAS;;1465;CENTRO;79490000;(67)99617-9266;SAO GABRIEL DO OESTE;500769;SAO GABRIEL DO OESTE;500769;2591359;UNIDADE DE SAUDE DA FAMILIA V;F;09.04.2026;CLEIDIANE_ESFV;09.04.2026;CLEIDIANE_ESFV;10.00;PENDENTE;Z488;04796956107;JULIANA DA ROCHA PEREIRA MENEZES
661048214;0110002;0301010072;CONSULTA EM ORTOPEDIA - GERAL;32389571808;RODOLFO PELISSARI ZAMBOLIN;07.05.2026;14:00;0;705804458844138;EDSON DA COSTA SOARES;22.05.1970;56;673;HILDA DA COSTA VEIGA SOARES;RUA;JOAO EVANGELISTA ROSA;;824;CENTRO;79490000;(67)9911-7845;SAO GABRIEL DO OESTE;500769;SAO GABRIEL DO OESTE;500769;2599376;UNIDADE DE SAUDE DA FAMILIA VI;M;09.04.2026;CLEIDIANE_ESFVI;09.04.2026;CLEIDIANE_ESFVI;10.00;PENDENTE;M232;06437691107;MAIARA FLORES SCARIOT
661051535;3516007;0301010072;CONSULTA EM UROLOGIA - GERAL;04349392181;ANTONIO AUGUSTO PALOMBO MENDES;14.05.2026;06:30;0;704504338477914;CLEUSOMAR FERREIRA;06.02.1962;64;773;AGEMIRA RAIMUNDA FERREIRA;RUA;RIO DE JANEIRO;CASA 1;1305;CENTRO;79490000;(69)98431-4795;SAO GABRIEL DO OESTE;500769;SAO GABRIEL DO OESTE;500769;2599376;UNIDADE DE SAUDE DA FAMILIA VI;M;09.04.2026;CLEIDIANE_ESFVI;09.04.2026;CLEIDIANE_ESFVI;10.00;CONFIRMADO;N40;06437691107;MAIARA FLORES SCARIOT
661070466;3516007;0301010072;CONSULTA EM UROLOGIA - GERAL;04349392181;ANTONIO AUGUSTO PALOMBO MENDES;14.05.2026;06:30;0;708608549769589;JOAO ANTONIO DOS ANJOS ANHANI;18.09.2023;02;33;TALITA PAULA SILVA DOS ANJOS;FAZENDA;VISTA ALTA;;S/N;RURAL;79490000;(67)99944-5177;SAO GABRIEL DO OESTE;500769;SAO GABRIEL DO OESTE;500769;3400964;UNIDADE DE SAUDE DA FAMILIA RURAL VII;M;09.04.2026;CLEIDIANE_RURALVII;09.04.2026;CLEIDIANE_RURALVII;10.00;CONFIRMADO;N47;;JOAO BAPTISTA BARBOSA SOUZA
661071402;0282081;0301010072;CONSULTA EM CIRURGIA GERAL;48047740172;EVA WILMA ABDO DOS SANTOS GUIMARAES;11.05.2026;12:30;0;700506766446153;DENILSON OLIVEIRA DE SOUSA;28.01.1992;34;413;MARIA OLIVEIRA DE SOUSA;RUA;CAMPO MOURAO;DISTRITO;S/N;PONTINHA DO COCHO;79420000;(67)99691-9995;CAMAPUA;500260;SAO GABRIEL DO OESTE;500769;3400964;UNIDADE DE SAUDE DA FAMILIA RURAL VII;M;09.04.2026;CLEIDIANE_RURALVII;09.04.2026;CLEIDIANE_RURALVII;10.00;PENDENTE;I84;;JOAO BAPTISTA BARBOSA SOUZA
661072491;0110002;0301010072;CONSULTA EM ORTOPEDIA - GERAL;89074033172;ROGERIO PADOVANI TOFFOLI;08.05.2026;12:30;0;704300568993491;ILSON DE SOUZA;04.06.1965;61;733;GENI ROSA DE SOUZA;RUA;SANTO ANGELO;;423;MILANI;79490000;(67)99939-9161;SAO GABRIEL DO OESTE;500769;SAO GABRIEL DO OESTE;500769;3400964;UNIDADE DE SAUDE DA FAMILIA RURAL VII;M;09.04.2026;CLEIDIANE_RURALVII;09.04.2026;CLEIDIANE_RURALVII;10.00;PENDENTE;M753;;JOAO BAPTISTA BARBOSA SOUZA
661074480;0110002;0301010072;CONSULTA EM ORTOPEDIA - GERAL;89074033172;ROGERIO PADOVANI TOFFOLI;08.05.2026;14:00;0;708402246960262;DJALMA JOSE FERREIRA;24.01.1956;70;845;MARIA ANTONIA DA SOLIDADE;FAZENDA;RECANTO SEGREDO;;S/N;RURAL;79490000;(67)99648-0405;SAO GABRIEL DO OESTE;500769;SAO GABRIEL DO OESTE;500769;3400964;UNIDADE DE SAUDE DA FAMILIA RURAL VII;M;09.04.2026;CLEIDIANE_RURALVII;09.04.2026;CLEIDIANE_RURALVII;10.00;PENDENTE;M75;;ROGERIO PADOVANI TOFFOLI
661093109;0282081;0301010072;CONSULTA EM CIRURGIA GERAL;48047740172;EVA WILMA ABDO DOS SANTOS GUIMARAES;11.05.2026;12:30;0;705401414838699;EVA PEREIRA DE ARAUJO;16.04.1948;78;938;ANA PEREIRA DUARTE;DISTRITO;HENRIQUETA DE JESUS;CASA;S/N;ZONA RURAL;79490000;(67)9934-6168;SAO GABRIEL DO OESTE;500769;SAO GABRIEL DO OESTE;500769;3400964;UNIDADE DE SAUDE DA FAMILIA RURAL VII;F;09.04.2026;CLEIDIANE_RURALVII;09.04.2026;CLEIDIANE_RURALVII;10.00;PENDENTE;L84;;JOAO BAPTISTA BARBOSA SOUZA
661121824;2300004;0301010072;CONSULTA EM CARDIOLOGIA;98260570106;CLAUDIA REGINA DUARTE CAZZOLATO KHALIL;08.05.2026;07:30;0;704006873241560;EUGENIO PEDRO DE SOUZA;27.05.1960;66;793;REGINA ROSA CASA GRANDE;RUA;PATATIVA;CASA;198;FÊNIX;79491100;(67)99948-7798 / (67)9948-7798 / (67)99655-3141 / (67)99948-7798;SAO GABRIEL DO OESTE;500769;SAO GABRIEL DO OESTE;500769;2370999;UNIDADE DE SAUDE DA FAMILIA FENIX IV;M;09.04.2026;CLEIDIANE_FENIX;09.04.2026;CLEIDIANE_FENIX;10.00;PENDENTE;I64;96245646120;RAFAELLA MARIA COSTA GOIS DE FIGUEIREDO
661129788;2300004;0301010072;CONSULTA EM CARDIOLOGIA;01110123175;ELY DONIZETH DE ASSIS JUNIOR;04.05.2026;07:30;0;703608016416237;MILTON MARTINS DA SILVA;31.08.1973;52;634;MARIA APARECIDA MARTINS;RUA;ARAÇA;;395;FLOR DO CERRADO;79490000;(67)9924-4933;SAO GABRIEL DO OESTE;500769;SAO GABRIEL DO OESTE;500769;7002084;UNIDADE DE SAUDE DA FAMILIA IX;M;09.04.2026;CLEIDIANE_UNIDADEIX;09.04.2026;CLEIDIANE_UNIDADEIX;10.00;PENDENTE;I10;01415181110;ANGELA BENITES
661130321;2300004;0301010072;CONSULTA EM CARDIOLOGIA;01110123175;ELY DONIZETH DE ASSIS JUNIOR;06.05.2026;06:30;0;700402448936545;ELMAR ADAMS;09.01.1963;63;761;VALESCA ADAMS;RUA;AROEIRA;;489;SÃO CRISTOVÃO;79490000;(67)99601-8439;SAO GABRIEL DO OESTE;500769;SAO GABRIEL DO OESTE;500769;7002084;UNIDADE DE SAUDE DA FAMILIA IX;M;09.04.2026;CLEIDIANE_UNIDADEIX;09.04.2026;CLEIDIANE_UNIDADEIX;10.00;PENDENTE;Z000;06901507925;EVELYN KASSIA TUDISCO FERNANDES
661132572;2300004;0301010072;CONSULTA EM CARDIOLOGIA;01110123175;ELY DONIZETH DE ASSIS JUNIOR;06.05.2026;06:30;0;700204415646525;CLAUDIENE ESPINDOLA;11.11.1969;56;679;BENEDITA EUNICE SILVA ESPINDOLA;RUA;ANGICO;;419;SÃO CRISTOVÃO;79490000;(67)99213-5375;SAO GABRIEL DO OESTE;500769;SAO GABRIEL DO OESTE;500769;7002084;UNIDADE DE SAUDE DA FAMILIA IX;F;09.04.2026;CLEIDIANE_UNIDADEIX;09.04.2026;CLEIDIANE_UNIDADEIX;10.00;PENDENTE;R072;01415181110;ANGELA BENITES
661134120;0110002;0301010072;CONSULTA EM ORTOPEDIA - GERAL;00468987193;ARTHUR MARTINS DE ALMEIDA;05.05.2026;08:00;0;700403413207440;ELIANE CAVAZINI VINKLER;09.06.1993;33;396;LUCIA VINKLER DE CAVAZINI;RUA;11 DE JUNHO;;S/N;CENTRO;79150000;(67)99845-6685;MARACAJU;500540;SAO GABRIEL DO OESTE;500769;2370964;UNIDADE DE SAUDE DA FAMILIA III;F;09.04.2026;CLEIDIANE_UNIDADEIII;09.04.2026;CLEIDIANE_UNIDADEIII;10.00;PENDENTE;G560;02611833974;HUDSON PERES DORIGAO BELISARIO DE SOUZA
661135437;2300004;0301010072;CONSULTA EM CARDIOLOGIA;01110123175;ELY DONIZETH DE ASSIS JUNIOR;06.05.2026;07:30;0;706406656794688;ANA PAULA DE ARAUJO NASCIMENTO;14.07.1989;36;443;MARIA APARECIDA DE ARAUJO;RUA;SAO JORGE;CASA 32;289;CENTRO;79490000;(67)99803-0115;SAO GABRIEL DO OESTE;500769;SAO GABRIEL DO OESTE;500769;6452116;CENTRO DE ESPECIALIDADES MEDICAS;F;09.04.2026;PATRICKMASIAGA;09.04.2026;PATRICKMASIAGA;10.00;PENDENTE;Z016;;MARTIA FERNANDA
661136592;2300004;0301010072;CONSULTA EM CARDIOLOGIA;01110123175;ELY DONIZETH DE ASSIS JUNIOR;06.05.2026;07:30;0;705004814193659;EVA DA CONCEICAO DE SOUZA;21.04.1941;85;1022;LAUDELINA CELESTINA DE SOUZA;RUA;CURRUIRAS;CASA;849;JARDIM GRAMADO;79490000;(67)99178-2143 / (67)99244-7696;SAO GABRIEL DO OESTE;500769;SAO GABRIEL DO OESTE;500769;6452116;CENTRO DE ESPECIALIDADES MEDICAS;F;09.04.2026;PATRICKMASIAGA;09.04.2026;PATRICKMASIAGA;10.00;PENDENTE;Z016;01110123175;ELY DONIZETH DE ASSIS JUNIOR
661137331;0110002;0301010072;CONSULTA EM ORTOPEDIA - GERAL;06302616603;ROMULO AMARAL TAFURI;06.05.2026;12:30;0;702002317187786;WALDIR TORELLI;29.09.1961;64;777;MARIA PEIXER;RUA;PELICANOS;;817;JARDIM GRAMADO;79490000;(67)9613-3179;SAO GABRIEL DO OESTE;500769;SAO GABRIEL DO OESTE;500769;2370980;UNIDADE DE SAUDE DA FAMILIA JARDIM GRAMADO I;M;09.04.2026;CLEIDIANE_UNIDADEGRAMADOI;09.04.2026;CLEIDIANE_UNIDADEGRAMADOI;10.00;PENDENTE;M796;;ALCIDES EDUARDO EIBEL
661137579;0110002;0301010072;CONSULTA EM ORTOPEDIA - GERAL;06302616603;ROMULO AMARAL TAFURI;06.05.2026;12:30;0;706501351663398;LETICIA LORRAINE CRUZ PEREIRA;03.06.1998;28;337;MAIRA ILDA DA CRUZ;RUA;RIO DE JANEIRO;CASA-3;2898;CENTRO;79490000;(67)99828-6263;SAO GABRIEL DO OESTE;500769;SAO GABRIEL DO OESTE;500769;7002084;UNIDADE DE SAUDE DA FAMILIA IX;F;09.04.2026;CLEIDIANE_UNIDADEIX;09.04.2026;CLEIDIANE_UNIDADEIX;10.00;CONFIRMADO;M544;;PAULO FENELON MARINHO
661143298;0110002;0301010072;CONSULTA EM ORTOPEDIA - GERAL;89074033172;ROGERIO PADOVANI TOFFOLI;08.05.2026;14:00;0;700603471800262;RENALDO TIZATTO;23.03.1981;45;543;DORA VIANA TIZATTO;RUA;AZULAO;;1597;FENIX;79490000;(67)99852-7598;SAO GABRIEL DO OESTE;500769;SAO GABRIEL DO OESTE;500769;7002084;UNIDADE DE SAUDE DA FAMILIA IX;M;09.04.2026;CLEIDIANE_UNIDADEIX;09.04.2026;CLEIDIANE_UNIDADEIX;10.00;PENDENTE;M751;01415181110;ANGELA BENITES
661169076;0282063;0301010072;CONSULTA EM OTORRINOLARINGOLOGIA;78877326115;ANA PAULA CAVALIERI PONTES;08.05.2026;06:00;0;702403581798325;WYLIANE CASSIA LINS PEREIRA;11.03.2012;14;171;WYTALA NEY DE SOUZA LINS PEREIRA;RUA;FENIX;;210;FÊNIX;79490000;(67)99862-0525 / (67)99862-0525;SAO GABRIEL DO OESTE;500769;SAO GABRIEL DO OESTE;500769;6452116;CENTRO DE ESPECIALIDADES MEDICAS;F;09.04.2026;FERNANDACRISTINAALVES;09.04.2026;FERNANDACRISTINAALVES;10.00;CONFIRMADO;Z016;78877326115;ANA PAULA CAVALIERI PONTES
661171327;0701224;0301010072;CONSULTA EM NEUROLOGIA - GERAL;22264073837;ANSELMO COSTA;06.05.2026;07:00;0;700003550401102;MYLENA DA CONCEICAO TEIXEIRA DE MATOS;17.02.1996;30;364;MARIA APARECIDA DA CONCEICAO;AVENIDA;JUSCELINO KUBITSCHEK;;992;CENTRO;79490000;(67)99874-8882;SAO GABRIEL DO OESTE;500769;SAO GABRIEL DO OESTE;500769;6452116;CENTRO DE ESPECIALIDADES MEDICAS;F;09.04.2026;FERNANDACRISTINAALVES;09.04.2026;FERNANDACRISTINAALVES;10.00;PENDENTE;Z016;22264073837;ANSELMO COSTA
661173026;0701224;0301010072;CONSULTA EM NEUROLOGIA - GERAL;22264073837;ANSELMO COSTA;06.05.2026;09:00;0;705000626276050;EZEQUIEL MAFFISSONI ANDRADE;10.07.2014;11;143;LUCIVANI MAFFISSONI;RUA;RIO DE JANEIRO;;985;CENTRO;79490019;(67)3295-4750 / (67)99629-9427 / (67)99860-4010;SAO GABRIEL DO OESTE;500769;SAO GABRIEL DO OESTE;500769;6452116;CENTRO DE ESPECIALIDADES MEDICAS;M;09.04.2026;FERNANDACRISTINAALVES;09.04.2026;FERNANDACRISTINAALVES;10.00;PENDENTE;Z016;22264073837;ANSELMO COSTA
661180502;0110002;0301010072;CONSULTA EM ORTOPEDIA - GERAL;00468987193;ARTHUR MARTINS DE ALMEIDA;05.05.2026;06:30;0;700505387519755;ANDRESSA ALMEIDA DE OLIVEIRA;16.04.2007;19;230;FABIULA FARIA DE ALMEIDA;RUA;JACARANDA;;416;SÃO CRISTÓVÃO;79490000;(67)99620-2803;SAO GABRIEL DO OESTE;500769;SAO GABRIEL DO OESTE;500769;7002084;UNIDADE DE SAUDE DA FAMILIA IX;F;09.04.2026;CLEIDIANE_UNIDADEIX;09.04.2026;CLEIDIANE_UNIDADEIX;10.00;PENDENTE;M41;06901507925;EVELYN KASSIA TUDISCO FERNANDES
661180987;3500068;0206010044;TOMOGRAFIA COMPUTADORIZADA DE FACE OU SEIOS DE FACE SEM CONTRASTE;00125300006;MEDICOS SUS;05.05.2026;07:15;0;704000389034069;VALDIR LIMA DE OLIVEIRA;03.09.1966;59;718;VALENTINA PEREIRA LIMA DE OLIVEIRA;RUA;GOIAS;;2355;CENTRO;79490000;(67)99628-5264;SAO GABRIEL DO OESTE;500769;SAO GABRIEL DO OESTE;500769;6354265;CENTRAL DE REGULACAO DE SAO GABRIEL DO OESTE;M;09.04.2026;CLEIDIANE_REGULACAO;02.05.2026;CLEIDIANE_REGULADOR;86.75;PENDENTE;J014;;ANA PAULA CAVALIERI PONTES
661181036;2300004;0301010072;CONSULTA EM CARDIOLOGIA;01110123175;ELY DONIZETH DE ASSIS JUNIOR;06.05.2026;07:30;0;700204492805225;LUCIA DE OLIVEIRA LEAO;01.09.1956;69;838;JULIA ROSSA;RUA;AZULÃO;;545;SÃO CRISTOVÃO;79490000;(67)99940-9761;SAO GABRIEL DO OESTE;500769;SAO GABRIEL DO OESTE;500769;7002084;UNIDADE DE SAUDE DA FAMILIA IX;F;09.04.2026;CLEIDIANE_UNIDADEIX;09.04.2026;CLEIDIANE_UNIDADEIX;10.00;PENDENTE;Z000;01415181110;ANGELA BENITES
661181785;2300004;0301010072;CONSULTA EM CARDIOLOGIA;98260570106;CLAUDIA REGINA DUARTE CAZZOLATO KHALIL;08.05.2026;07:30;0;702604261538240;ELAINE MARTINS BARBOSA;22.04.1968;58;698;MARIA MADALENA MARTINS BARBOSA;RUA;JACARANDA;;346;FLOR DO CERRADO;79490000;(67)9610-1824;SAO GABRIEL DO OESTE;500769;SAO GABRIEL DO OESTE;500769;7002084;UNIDADE DE SAUDE DA FAMILIA IX;F;09.04.2026;CLEIDIANE_UNIDADEIX;09.04.2026;CLEIDIANE_UNIDADEIX;10.00;PENDENTE;I10;01415181110;ANGELA BENITES
661185853;0299008;0301010072;CONSULTA EM CIRURGIA VASCULAR – GERAL;70808015087;CELIO HELEGDA;06.05.2026;06:30;0;705204453129274;RONEI MATHEUS;25.08.1963;62;754;ARMELINDA ROSSI MATHEUS;RUA;PARANA;CASA 01;2320;CENTRO;79490000;(67)99602-9939;SAO GABRIEL DO OESTE;500769;SAO GABRIEL DO OESTE;500769;7333218;UNIDADE DE SAUDE DA FAMILIA X;M;09.04.2026;CLEIDIANE_ESFX;09.04.2026;CLEIDIANE_ESFX;10.00;PENDENTE;I83;63805480172;CLEDSON PERETTI
661187483;2300004;0301010072;CONSULTA EM CARDIOLOGIA;98260570106;CLAUDIA REGINA DUARTE CAZZOLATO KHALIL;08.05.2026;07:30;0;705406426576192;RENATO FREITAS DE OLIVEIRA;14.05.1985;41;493;LAZINHA APARECIDA ARRUDA DE OLIVEIRA;RUA;MINAS GERAIS;CASA;1731;CENTRO;79490000;(67)99912-9982;SAO GABRIEL DO OESTE;500769;SAO GABRIEL DO OESTE;500769;6452116;CENTRO DE ESPECIALIDADES MEDICAS;M;09.04.2026;CLEIDIANE_CEM;09.04.2026;CLEIDIANE_CEM;10.00;PENDENTE;Z03;;CLAUDIA REGINA DUARTE CAZZALATO KHALIL
661191207;0282081;0301010072;CONSULTA EM CIRURGIA GERAL;48047740172;EVA WILMA ABDO DOS SANTOS GUIMARAES;11.05.2026;12:30;0;700301909350739;VERONICA BRAUNER LIMA;08.04.1969;57;686;ALAIR BRAUNER;RUA;DONA ELVIRA;;1435;MILANI;79492070;(67)99804-0279;SAO GABRIEL DO OESTE;500769;SAO GABRIEL DO OESTE;500769;2370972;UNIDADE DE SAUDE DA FAMILIA MILANE II;F;09.04.2026;CLEIDIANE_MILANEII;09.04.2026;CLEIDIANE_MILANEII;10.00;PENDENTE;E882;02453491113;MILENA GUEDIN VARGAS
661195085;0110002;0301010072;CONSULTA EM ORTOPEDIA - GERAL;04469955680;DANIEL ROCHA DO CARMO;04.05.2026;14:00;0;701008831054492;THIAGO GRACIOSO DECKNES;06.12.1999;26;319;ADRIANA GRACIOSA MOTA;RUA;CEREJEIRA;;441;SÃO CRISTOVÃO;79490000;(67)99860-5491;SAO GABRIEL DO OESTE;500769;SAO GABRIEL DO OESTE;500769;7002084;UNIDADE DE SAUDE DA FAMILIA IX;M;09.04.2026;CLEIDIANE_UNIDADEIX;09.04.2026;CLEIDIANE_UNIDADEIX;10.00;PENDENTE;M545;01415181110;ANGELA BENITES
661195641;3516007;0301010072;CONSULTA EM UROLOGIA - GERAL;04349392181;ANTONIO AUGUSTO PALOMBO MENDES;14.05.2026;06:30;0;700002181541307;JOSE DE SOUZA;18.11.1957;68;823;JUREMA DE SOUZA;RUA;CORONEL FREITAS;;911;JARDIM PRIMAVERA;79490176;(67)99318-6983 / (67)99807-4046;SAO GABRIEL DO OESTE;500769;SAO GABRIEL DO OESTE;500769;6452116;CENTRO DE ESPECIALIDADES MEDICAS;M;09.04.2026;FERNANDACRISTINAALVES;09.04.2026;FERNANDACRISTINAALVES;10.00;PENDENTE;Z016;04349392181;ANTONIO AUGUSTO PALOMBO MENDES
661197397;0320174;0301010072;CONSULTA EM PNEUMOLOGIA - GERAL;09028429603;BERNARDO MEDEIROS MAIA;05.05.2026;14:00;0;700009307864904;MARIA LUCIA DIAS DA COSTA;11.04.1957;69;830;QUITERIA CAVALCANTE DIAS;LOTEAMENTO;ITAQUI;ASSENTAMENTO;161;RURAL;79490000;(67)99953-5715;SAO GABRIEL DO OESTE;500769;SAO GABRIEL DO OESTE;500769;3400964;UNIDADE DE SAUDE DA FAMILIA RURAL VII;F;09.04.2026;CLEIDIANE_RURALVII;09.04.2026;CLEIDIANE_RURALVII;10.00;PENDENTE;R060;02453491113;MILENA GUEDIN VARGAS
661198017;0701224;0301010072;CONSULTA EM NEUROLOGIA - GERAL;22264073837;ANSELMO COSTA;06.05.2026;09:00;0;700200934799922;ADRIANA PINHEIRO VALADARES;01.06.1977;49;589;ERONDINA PINHEIRO VALADARES;RUA;CURIO;;1377;JARDIM GRAMADO;79490000;(67)3295-5399;SAO GABRIEL DO OESTE;500769;SAO GABRIEL DO OESTE;500769;6452116;CENTRO DE ESPECIALIDADES MEDICAS;F;09.04.2026;FERNANDACRISTINAALVES;09.04.2026;FERNANDACRISTINAALVES;10.00;PENDENTE;Z016;22264073837;ANSELMO COSTA
661199131;0282081;0301010072;CONSULTA EM CIRURGIA GERAL;48047740172;EVA WILMA ABDO DOS SANTOS GUIMARAES;14.05.2026;06:30;0;704700715951735;PEDRO DE SOUZA NETO;20.03.1969;57;687;MARIA GENESIA CLAUDINO;FAZENDA;ITAQUI;LOTE12;S/N;RURAL;79490000;(67)99604-5538;SAO GABRIEL DO OESTE;500769;SAO GABRIEL DO OESTE;500769;3400964;UNIDADE DE SAUDE DA FAMILIA RURAL VII;M;09.04.2026;CLEIDIANE_RURALVII;09.04.2026;CLEIDIANE_RURALVII;10.00;CONFIRMADO;L989;02453491113;MILENA GUEDIN VARGAS
661204116;0282081;0301010072;CONSULTA EM CIRURGIA GERAL;48047740172;EVA WILMA ABDO DOS SANTOS GUIMARAES;14.05.2026;06:30;0;702001318338787;MAXIMINO MAIA NOSTORIO;19.06.1950;76;912;MARIA PEREIRA MAIA;RUA;13 DE MAIO;;1423;LOTEAMENTO ABC;79490000;(67)99969-6205 / (67)9969-6205;SAO GABRIEL DO OESTE;500769;SAO GABRIEL DO OESTE;500769;6452116;CENTRO DE ESPECIALIDADES MEDICAS;M;09.04.2026;FERNANDACRISTINAALVES;09.04.2026;FERNANDACRISTINAALVES;10.00;PENDENTE;Z016;48047740172;EVA WILMA ABDO DOS SANTOS GUIMARAES
661205039;3500075;0206020031;TOMOGRAFIA COMPUTADORIZADA DO TORAX COM CONTRASTE;00125300006;MEDICOS SUS;18.05.2026;07:15;0;704204704781882;MARIA ONEIDE DOS SANTOS BRANDAO;25.05.1950;76;913;FRANCISCA CARLOS DOS SANTOS;RUA;RIO DE JANEIRO;;2934;AMABILE MAFFISSONI;79490000;(67)99226-1837;SAO GABRIEL DO OESTE;500769;SAO GABRIEL DO OESTE;500769;6354265;CENTRAL DE REGULACAO DE SAO GABRIEL DO OESTE;F;09.04.2026;CLEIDIANE_REGULACAO;08.05.2026;CLEIDIANE_REGULADOR;136.41;PENDENTE;D50;;BERNARDO MEDEIROS MAIA
661206946;3500304;0206030037;TOMOGRAFIA COMPUTADORIZADA  DE PELVE / BACIA/ ABDOMEN INFERIOR COM CONTRASTE ;00125300006;MEDICOS SUS;18.05.2026;07:15;0;704204704781882;MARIA ONEIDE DOS SANTOS BRANDAO;25.05.1950;76;913;FRANCISCA CARLOS DOS SANTOS;RUA;RIO DE JANEIRO;;2934;AMABILE MAFFISSONI;79490000;(67)99226-1837;SAO GABRIEL DO OESTE;500769;SAO GABRIEL DO OESTE;500769;6354265;CENTRAL DE REGULACAO DE SAO GABRIEL DO OESTE;F;09.04.2026;CLEIDIANE_REGULACAO;08.05.2026;CLEIDIANE_REGULADOR;138.63;PENDENTE;D50;;BERNARDO MEDEIROS MAIA
661210120;3500063;0206030010;TOMOGRAFIA COMPUTADORIZADA DO ABDOMEN SUPERIOR COM CONTRASTE;00125300006;MEDICOS SUS;18.05.2026;07:15;0;704204704781882;MARIA ONEIDE DOS SANTOS BRANDAO;25.05.1950;76;913;FRANCISCA CARLOS DOS SANTOS;RUA;RIO DE JANEIRO;;2934;AMABILE MAFFISSONI;79490000;(67)99226-1837;SAO GABRIEL DO OESTE;500769;SAO GABRIEL DO OESTE;500769;6354265;CENTRAL DE REGULACAO DE SAO GABRIEL DO OESTE;F;09.04.2026;CLEIDIANE_REGULACAO;08.05.2026;CLEIDIANE_REGULADOR;138.63;PENDENTE;D50;;BERNARDO MEDEIROS MAIA
661215660;0110002;0301010072;CONSULTA EM ORTOPEDIA - GERAL;89074033172;ROGERIO PADOVANI TOFFOLI;08.05.2026;14:00;0;708005305890829;ROSANE TOME DE SOUZA;09.02.1975;51;616;NEUSA TOME;RUA;SANTA ANA;CASA;429;MILANI;79490000;(67)99618-4354;SAO GABRIEL DO OESTE;500769;SAO GABRIEL DO OESTE;500769;2370972;UNIDADE DE SAUDE DA FAMILIA MILANE II;F;09.04.2026;CLEIDIANE_MILANEII;09.04.2026;CLEIDIANE_MILANEII;10.00;PENDENTE;S400;83798633134;JOAO BAPTISTA BARBOSA SOUZA
661215682;0701224;0301010072;CONSULTA EM NEUROLOGIA - GERAL;22264073837;ANSELMO COSTA;06.05.2026;09:00;0;707300097795770;SILVIO INACIO DE SOUZA;06.03.1948;78;940;LAURA INACIA DE SOUZA;RUA;RIO DE JANEIRO;;2641;AMABILE MAFFISSONI;79490000;(67)9625-3012;SAO GABRIEL DO OESTE;500769;SAO GABRIEL DO OESTE;500769;6452116;CENTRO DE ESPECIALIDADES MEDICAS;M;09.04.2026;FERNANDACRISTINAALVES;09.04.2026;FERNANDACRISTINAALVES;10.00;PENDENTE;Z016;22264073837;ANSELMO COSTA
661219117;3500075;0206020031;TOMOGRAFIA COMPUTADORIZADA DO TORAX COM CONTRASTE;00125300006;MEDICOS SUS;13.05.2026;07:30;0;700905938343395;MARLENE REGINA VIANNA DO CARMO;18.04.1963;63;758;WANDA MACHADO VIANNA;RUA;PELICANOS;;1625;JARDIM GRAMADO;79490000;(67)99973-4481;SAO GABRIEL DO OESTE;500769;SAO GABRIEL DO OESTE;500769;6354265;CENTRAL DE REGULACAO DE SAO GABRIEL DO OESTE;F;09.04.2026;CLEIDIANE_REGULACAO;08.05.2026;CLEIDIANE_REGULADOR;136.41;CONFIRMADO;J449;;BERNARDO MEDEIROS MAIA
661220906;0282081;0301010072;CONSULTA EM CIRURGIA GERAL;48047740172;EVA WILMA ABDO DOS SANTOS GUIMARAES;14.05.2026;06:30;0;702609703183242;JULIA OLIVEIRA GAONA;28.09.2006;19;237;MICHELY OLIVEIRA DO AMARAL;RUA;SANTA CATARINA;;1014;CENTRO;79490000;(67)99946-5099;SAO GABRIEL DO OESTE;500769;SAO GABRIEL DO OESTE;500769;6452116;CENTRO DE ESPECIALIDADES MEDICAS;F;09.04.2026;FERNANDACRISTINAALVES;09.04.2026;FERNANDACRISTINAALVES;10.00;CONFIRMADO;Z016;48047740172;EVA WILMA ABDO DOS SANTOS GUIMARAES
661224816;3500068;0206010044;TOMOGRAFIA COMPUTADORIZADA DE FACE OU SEIOS DE FACE SEM CONTRASTE;00125300006;MEDICOS SUS;05.05.2026;07:15;0;704608669153329;LUCIANO DIAS DUARTE;13.01.1993;33;401;IZAILDA DIAS SOUTO;FAZENDA;MODELO;;S/N;ZONA RURAL;79480000;(67)9606-2321;SAO GABRIEL DO OESTE;500769;SAO GABRIEL DO OESTE;500769;6354265;CENTRAL DE REGULACAO DE SAO GABRIEL DO OESTE;M;09.04.2026;CLEIDIANE_REGULACAO;02.05.2026;CLEIDIANE_REGULADOR;86.75;PENDENTE;S069;;EVA WILMA ABDO DOS SANTOS GUIMARAES
661229324;0282081;0301010072;CONSULTA EM CIRURGIA GERAL;48047740172;EVA WILMA ABDO DOS SANTOS GUIMARAES;14.05.2026;06:30;0;703603045886330;JOSE VITALINO DOS SANTOS;19.08.1940;85;1030;ELVIRA VITALINA DA CONCEICAO;DISTRITO;AREADO;;;ZONA RURAL;79490000;(61)3315-2425;SAO GABRIEL DO OESTE;500769;SAO GABRIEL DO OESTE;500769;2370999;UNIDADE DE SAUDE DA FAMILIA FENIX IV;M;09.04.2026;CLEIDIANE_FENIX;09.04.2026;CLEIDIANE_FENIX;10.00;CONFIRMADO;K802;96245646120;RAFAELLA MARIA COSTA GOIS DE FIGUEIREDO
661229871;0110002;0301010072;CONSULTA EM ORTOPEDIA - GERAL;89074033172;ROGERIO PADOVANI TOFFOLI;08.05.2026;14:00;0;705609460760015;ABADIA DA SILVA OLIVEIRA DE JESUS;10.12.1966;59;714;ANTONIA DA SILVA OLIVEIRA;RUA;DOS CANARIOS 1466/99999;;1857;FENIX;79491078;(67)99122-3474;SAO GABRIEL DO OESTE;500769;SAO GABRIEL DO OESTE;500769;2370999;UNIDADE DE SAUDE DA FAMILIA FENIX IV;F;09.04.2026;CLEIDIANE_FENIX;09.04.2026;CLEIDIANE_FENIX;10.00;PENDENTE;M755;96245646120;RAFAELLA MARIA COSTA GOIS DE FIGUEIREDO
661236250;3100031;0207030030;RESSONANCIA MAGNETICA DO JOELHO DIREITO;00125300006;MEDICOS SUS;25.05.2026;13:00;0;706807167890630;CLEIDE DE JESUS OLIVEIRA;28.10.1971;54;656;TEREZA DE JESUS OLIVEIRA;RUA;PELICANOS;;866;JARDIM GRAMADO;79490000;(67)9633-8121;SAO GABRIEL DO OESTE;500769;SAO GABRIEL DO OESTE;500769;6354265;CENTRAL DE REGULACAO DE SAO GABRIEL DO OESTE;F;09.04.2026;CLEIDIANE_REGULACAO;22.05.2026;CLEIDIANE_REGULADOR;268.75;CONFIRMADO;M233;;NELSON BARBOSA TAVARES FILHO
661240737;0282081;0301010072;CONSULTA EM CIRURGIA GERAL;48047740172;EVA WILMA ABDO DOS SANTOS GUIMARAES;14.05.2026;08:00;0;708202155303848;LOURDES BRUNO ROSA;16.05.1937;89;1069;LUZIA FERREIRA BRUNO;RUA;JOAO EVANGELISTA ROSA;CASA;1329;CENTRO;79490000;(67)99931-2408;SAO GABRIEL DO OESTE;500769;SAO GABRIEL DO OESTE;500769;6452116;CENTRO DE ESPECIALIDADES MEDICAS;F;09.04.2026;FERNANDACRISTINAALVES;09.04.2026;FERNANDACRISTINAALVES;10.00;PENDENTE;Z016;09028429603;BERNARDO MEDEIROS MAIA
661241249;3100931;0207010064;RESSONANCIA MAGNETICA DE CRANIO COM CONTRASTE;00125300006;MEDICOS SUS;16.05.2026;06:00;0;705806473823938;IVONE CESCONETO NAZARIO;23.01.1948;78;941;MERCEDES CESCONETO DE ARRUDA;RUA;GOIAS;;2145;CENTRO;79490000;(61)3315-2425;SAO GABRIEL DO OESTE;500769;SAO GABRIEL DO OESTE;500769;6354265;CENTRAL DE REGULACAO DE SAO GABRIEL DO OESTE;F;09.04.2026;CLEIDIANE_REGULACAO;14.05.2026;CLEIDIANE_REGULADOR;268.75;PENDENTE;G22;;LUCAS ALVES DE MOURA
661242226;0282081;0301010072;CONSULTA EM CIRURGIA GERAL;48047740172;EVA WILMA ABDO DOS SANTOS GUIMARAES;14.05.2026;08:00;0;708205131866446;JORGE MICHALSKI;19.04.1970;56;674;ELMINA FERREIRA MICHALSKI;RUA;CEARA;;1249;CENTRO;79490000;(67)9904-8121;SAO GABRIEL DO OESTE;500769;SAO GABRIEL DO OESTE;500769;6452116;CENTRO DE ESPECIALIDADES MEDICAS;M;09.04.2026;FERNANDACRISTINAALVES;09.04.2026;FERNANDACRISTINAALVES;10.00;PENDENTE;Z016;;GEOVANNA BEATRIZ DE ARRUDA E SILVA
661242930;0701224;0301010072;CONSULTA EM NEUROLOGIA - GERAL;22264073837;ANSELMO COSTA;06.05.2026;09:00;0;704605678958722;ISABELA CARNEIRO OLIVEIRA;06.05.2022;04;50;LEIDIAMIRIA CARNEIRO DE FREITAS;RUA;CURRUIRAS;;1920;JARDIM GRAMADO;79490000;(67)99821-8238;SAO GABRIEL DO OESTE;500769;SAO GABRIEL DO OESTE;500769;2370999;UNIDADE DE SAUDE DA FAMILIA FENIX IV;F;09.04.2026;CLEIDIANE_FENIX;09.04.2026;CLEIDIANE_FENIX;10.00;PENDENTE;R51;00703866176;ALCIDES EDUARDO EIBEL
661243184;3100034;0207010064;RESSONANCIA MAGNETICA DE CRANIO;00125300006;MEDICOS SUS;18.05.2026;13:00;0;708702103510694;OTILIA DA SILVA;28.02.1963;63;760;CLEMENTINA STEFANSKI DA SILVA;RUA;ESPIRITO SANTO;CASA;1070;CENTRO;79490000;(67)9841-2351;SAO GABRIEL DO OESTE;500769;SAO GABRIEL DO OESTE;500769;6354265;CENTRAL DE REGULACAO DE SAO GABRIEL DO OESTE;F;09.04.2026;CLEIDIANE_REGULACAO;04.05.2026;CLEIDIANE_REGULADOR;268.75;CONFIRMADO;H051;;LARISSA MANSANO
661244074;0299008;0301010072;CONSULTA EM CIRURGIA VASCULAR – GERAL;70808015087;CELIO HELEGDA;06.05.2026;06:30;0;700502934673952;ADEILTON DE OLIVEIRA SANTOS;21.09.1992;33;405;EDILMA DE OLIVEIRA SANTOS;RUA;BEIJA-FLOR 1/99998;;1170;FENIX;79491120;(67)98402-1496 / (79)99935-5369;SAO GABRIEL DO OESTE;500769;SAO GABRIEL DO OESTE;500769;2370999;UNIDADE DE SAUDE DA FAMILIA FENIX IV;M;09.04.2026;CLEIDIANE_FENIX;09.04.2026;CLEIDIANE_FENIX;10.00;PENDENTE;R522;96245646120;RAFAELLA MARIA COSTA GOIS DE FIGUEIREDO
661244597;3516007;0301010072;CONSULTA EM UROLOGIA - GERAL;04349392181;ANTONIO AUGUSTO PALOMBO MENDES;14.05.2026;06:30;0;700502934673952;ADEILTON DE OLIVEIRA SANTOS;21.09.1992;33;405;EDILMA DE OLIVEIRA SANTOS;RUA;BEIJA-FLOR 1/99998;;1170;FENIX;79491120;(67)98402-1496 / (79)99935-5369;SAO GABRIEL DO OESTE;500769;SAO GABRIEL DO OESTE;500769;2370999;UNIDADE DE SAUDE DA FAMILIA FENIX IV;M;09.04.2026;CLEIDIANE_FENIX;09.04.2026;CLEIDIANE_FENIX;10.00;CONFIRMADO;F523;96245646120;RAFAELLA MARIA COSTA GOIS DE FIGUEIREDO
661252095;0299008;0301010072;CONSULTA EM CIRURGIA VASCULAR – GERAL;70808015087;CELIO HELEGDA;13.05.2026;06:30;0;708607090453388;SIMONE AVELAR FRANCA;23.01.1974;52;629;LUZIA AVELAR FRANCA;RUA;JOAO EVANGELISTA ROSA;;792;CENTRO;79490000;(67)9941-8037;SAO GABRIEL DO OESTE;500769;SAO GABRIEL DO OESTE;500769;2599376;UNIDADE DE SAUDE DA FAMILIA VI;F;09.04.2026;CLEIDIANE_ESFVI;09.04.2026;CLEIDIANE_ESFVI;10.00;PENDENTE;I872;06437691107;MAIARA FLORES SCARIOT
661253009;3516007;0301010072;CONSULTA EM UROLOGIA - GERAL;04349392181;ANTONIO AUGUSTO PALOMBO MENDES;14.05.2026;08:00;0;700100967530117;SERGIO MONTEIRO DOS SANTOS;23.01.1978;48;581;DEODETE MONTEIRO DOS SANTOS;RUA;SANTA CATARINA;;1695;CENTRO;79490005;(67)99682-3417;SAO GABRIEL DO OESTE;500769;SAO GABRIEL DO OESTE;500769;2599376;UNIDADE DE SAUDE DA FAMILIA VI;M;09.04.2026;CLEIDIANE_ESFVI;09.04.2026;CLEIDIANE_ESFVI;10.00;PENDENTE;K42;06437691107;MAIARA FLORES SCARIOT
661255705;0110002;0301010072;CONSULTA EM ORTOPEDIA - GERAL;04469955680;DANIEL ROCHA DO CARMO;18.05.2026;12:30;0;700303906497137;JOSE AURI ASSUNCAO;17.10.1974;51;620;IRACEMA POLICENO DE ASSUNCAO;RUA;ALBINO DE SOUZA BRANDÃO;CASA DOS FUNDOS;807;CENTRO;79490000;(67)99815-3668 / (67)99839-6012;SAO GABRIEL DO OESTE;500769;SAO GABRIEL DO OESTE;500769;7002084;UNIDADE DE SAUDE DA FAMILIA IX;M;09.04.2026;CLEIDIANE_UNIDADEIX;09.04.2026;CLEIDIANE_UNIDADEIX;10.00;PENDENTE;M54;06901507925;EVELYN KASSIA TUDISCO FERNANDES
661257011;2300004;0301010072;CONSULTA EM CARDIOLOGIA;98260570106;CLAUDIA REGINA DUARTE CAZZOLATO KHALIL;08.05.2026;07:30;0;706508363883998;IVANIR SERGIO DE OLIVEIRA;01.04.1972;54;651;JOVELINA MARIA DE OLIVEIRA;RUA;DAS CORUJAS;;948;FENIX;79491054;(67)99654-7979 / (67)99623-1897;SAO GABRIEL DO OESTE;500769;SAO GABRIEL DO OESTE;500769;7002084;UNIDADE DE SAUDE DA FAMILIA IX;M;09.04.2026;CLEIDIANE_UNIDADEIX;09.04.2026;CLEIDIANE_UNIDADEIX;10.00;PENDENTE;R53;06901507925;EVELYN KASSIA TUDISCO FERNANDES
661257214;3100030;0207030030;RESSONANCIA MAGNETICA DO JOELHO ESQUERDO;00125300006;MEDICOS SUS;16.05.2026;06:00;0;706200537669665;VANESSA VIANA DA SILVA;04.11.1991;34;416;APARECIDA VIANA DA SILVA;RUA;SAO JORGE;CASA 16;215;CENTRO;79490000;(67)99900-4053;SAO GABRIEL DO OESTE;500769;SAO GABRIEL DO OESTE;500769;6354265;CENTRAL DE REGULACAO DE SAO GABRIEL DO OESTE;F;09.04.2026;CLEIDIANE_REGULACAO;14.05.2026;CLEIDIANE_REGULADOR;268.75;CONFIRMADO;S830;;NELSON BARBOSA TAVARES FILHO
661257214;3100031;0207030030;RESSONANCIA MAGNETICA DO JOELHO DIREITO;00125300006;MEDICOS SUS;16.05.2026;06:00;0;706200537669665;VANESSA VIANA DA SILVA;04.11.1991;34;416;APARECIDA VIANA DA SILVA;RUA;SAO JORGE;CASA 16;215;CENTRO;79490000;(67)99900-4053;SAO GABRIEL DO OESTE;500769;SAO GABRIEL DO OESTE;500769;6354265;CENTRAL DE REGULACAO DE SAO GABRIEL DO OESTE;F;09.04.2026;CLEIDIANE_REGULACAO;14.05.2026;CLEIDIANE_REGULADOR;268.75;CONFIRMADO;S830;;NELSON BARBOSA TAVARES FILHO
661258400;0110002;0301010072;CONSULTA EM ORTOPEDIA - GERAL;04469955680;DANIEL ROCHA DO CARMO;11.05.2026;14:00;0;700000440485805;ARTHUR FELIPE RIBEIRO DE CAMARGO FERREIRA;10.10.2011;14;176;VANESSA RIBEIRO DE CAMARGO;RUA;CAMBARA;;646;FLOR DO CERRADO;79490000;(67)99692-9540;SAO GABRIEL DO OESTE;500769;SAO GABRIEL DO OESTE;500769;7002084;UNIDADE DE SAUDE DA FAMILIA IX;M;09.04.2026;CLEIDIANE_UNIDADEIX;09.04.2026;CLEIDIANE_UNIDADEIX;10.00;PENDENTE;M545;06901507925;EVELYN KASSIA TUDISCO FERNANDES
661259293;3100031;0207030030;RESSONANCIA MAGNETICA DO JOELHO DIREITO;00125300006;MEDICOS SUS;16.05.2026;06:00;0;702806681397569;TEREZINHA MARQUES DE BARROS DO NASCIMENTO;17.02.1957;69;832;MARIA JULIA DE BARROS;RUA;RIO DE JANEIRO;;2000;CENTRO;79490000;(67)99945-9563;SAO GABRIEL DO OESTE;500769;SAO GABRIEL DO OESTE;500769;6354265;CENTRAL DE REGULACAO DE SAO GABRIEL DO OESTE;F;09.04.2026;CLEIDIANE_REGULACAO;14.05.2026;CLEIDIANE_REGULADOR;268.75;PENDENTE;M233;;NELSON BARBOSA TAVARES FILHO
661282950;0299008;0301010072;CONSULTA EM CIRURGIA VASCULAR – GERAL;70808015087;CELIO HELEGDA;06.05.2026;08:00;0;700907950194290;PATRICIA MATOS DOS SANTOS;20.08.1993;32;394;COSMA GABRIEL DOS SANTOS;RUA;TANGARA;CASA;341;FENIX;79490000;(69)99329-0620 / (67)99896-8553;SAO GABRIEL DO OESTE;500769;SAO GABRIEL DO OESTE;500769;6452116;CENTRO DE ESPECIALIDADES MEDICAS;F;10.04.2026;FERNANDACRISTINAALVES;10.04.2026;FERNANDACRISTINAALVES;10.00;CONFIRMADO;Z016;70808015087;CELIO HELEGDA
661292511;0299008;0301010072;CONSULTA EM CIRURGIA VASCULAR – GERAL;70808015087;CELIO HELEGDA;06.05.2026;08:00;0;705006494022451;MARCOLINA DA SILVA ORTEGA;13.11.1946;79;955;ANA ROSA DA SILVA;RUA;ALBINO DE SOUZA BRANDAO;;841;CENTRO;79490000;(67)99982-1217;SAO GABRIEL DO OESTE;500769;SAO GABRIEL DO OESTE;500769;6452116;CENTRO DE ESPECIALIDADES MEDICAS;F;10.04.2026;FERNANDACRISTINAALVES;10.04.2026;FERNANDACRISTINAALVES;10.00;PENDENTE;Z016;70808015087;CELIO HELEGDA
661299488;0110002;0301010072;CONSULTA EM ORTOPEDIA - GERAL;04469955680;DANIEL ROCHA DO CARMO;11.05.2026;12:30;0;709008890497015;CLAILTON OLIVEIRA FRAGA DA SILVA;16.05.1990;36;433;ODETE CLEMENCIA DE OLIVEIRA DA SILVA;RUA;HILDO NICARETTA;CASA;2196;PRIMO MAFFISSONI;79490000;(67)99603-3652;SAO GABRIEL DO OESTE;500769;SAO GABRIEL DO OESTE;500769;6452116;CENTRO DE ESPECIALIDADES MEDICAS;M;10.04.2026;FERNANDACRISTINAALVES;10.04.2026;FERNANDACRISTINAALVES;10.00;PENDENTE;Z016;;BRUNO INCERTI
661317535;0110002;0301010072;CONSULTA EM ORTOPEDIA - GERAL;32389571808;RODOLFO PELISSARI ZAMBOLIN;14.05.2026;12:30;0;704209284804189;PAULO HENRIQUE FIGUEIREDO DA ROSA DE SOUZA;11.02.1980;46;556;MARIA ELIZA FIGUEIREDO DA ROSA;AREA;RURAL ASSENTAMENTO CAMPANARIO;;S/N;AREA RURAL DE SAO GABRIEL DO OESTE;79493899;(67)99908-7997;SAO GABRIEL DO OESTE;500769;SAO GABRIEL DO OESTE;500769;6452116;CENTRO DE ESPECIALIDADES MEDICAS;M;10.04.2026;FERNANDACRISTINAALVES;10.04.2026;FERNANDACRISTINAALVES;10.00;PENDENTE;Z016;93393539191;RODOLFO FABIANO NIZ BAREIRO
661337926;0320174;0301010072;CONSULTA EM PNEUMOLOGIA - GERAL;09028429603;BERNARDO MEDEIROS MAIA;05.05.2026;14:00;0;700904989329291;SEBASTIAO CELESTINO DA SILVA;14.01.1970;56;677;ZULMIRA LOURENCO DA SILVA;AVENIDA;TUIUIU;CASA;1895;JARDIM GRAMADO;79490000;(67)9973-5452 / (67)99675-7492;SAO GABRIEL DO OESTE;500769;SAO GABRIEL DO OESTE;500769;6452116;CENTRO DE ESPECIALIDADES MEDICAS;M;10.04.2026;FERNANDACRISTINAALVES;10.04.2026;FERNANDACRISTINAALVES;10.00;PENDENTE;Z016;;ALCIDES EDUARDO EIBEL
661342508;0110002;0301010072;CONSULTA EM ORTOPEDIA - GERAL;00530001101;BRUNO PETINARI UMBELINO;04.05.2026;06:30;0;704006822456969;IDALINA ANTONINA NERYS;25.03.1966;60;723;GELY ANTONINA NERYS;RUA;AREADO;DISTRITO;S/N;AREADO;79490000;(67)99841-2324;SAO GABRIEL DO OESTE;500769;SAO GABRIEL DO OESTE;500769;6452116;CENTRO DE ESPECIALIDADES MEDICAS;F;10.04.2026;PATRICKMASIAGA;10.04.2026;PATRICKMASIAGA;10.00;PENDENTE;Z016;94777241149;NELSON BARBOSA TAVARES FILHO
661361746;0320174;0301010072;CONSULTA EM PNEUMOLOGIA - GERAL;09028429603;BERNARDO MEDEIROS MAIA;05.05.2026;14:00;0;703404439039400;JOSE SILVA;06.04.1975;51;615;CLEMENTINA SILVA;RUA;DONA ELVIRA;CASA;809;MILANI;79490000;(67)99614-1892 / (67)99949-8185;SAO GABRIEL DO OESTE;500769;SAO GABRIEL DO OESTE;500769;6452116;CENTRO DE ESPECIALIDADES MEDICAS;M;10.04.2026;FERNANDACRISTINAALVES;10.04.2026;FERNANDACRISTINAALVES;10.00;PENDENTE;Z016;98260570106;CLAUDIA REGINA DUARTE CAZZOLATO KHALIL
661363497;0110002;0301010072;CONSULTA EM ORTOPEDIA - GERAL;00530001101;BRUNO PETINARI UMBELINO;04.05.2026;08:00;0;708607037975480;HUDSON PERES DORIGAO BELISARIO DE SOUZA;21.09.1978;47;573;ANTONIA MARIA DORIGAO DE SOUZA;AVENIDA;CORONEL RUPP;APARTAMENTO 103;2444;CENTRO;89670000;(49)99813-7643;CATANDUVAS;420400;SAO GABRIEL DO OESTE;500769;6452116;CENTRO DE ESPECIALIDADES MEDICAS;M;10.04.2026;PATRICKMASIAGA;10.04.2026;PATRICKMASIAGA;10.00;PENDENTE;Z016;;HUDSON PERES DE SOUZA
661380648;2300004;0301010072;CONSULTA EM CARDIOLOGIA;98260570106;CLAUDIA REGINA DUARTE CAZZOLATO KHALIL;28.05.2026;14:00;0;700006417081006;ALEXANDRE SILVA THONIASO;11.02.1986;40;484;SANDRA RODRIGUES DA SILVA;RUA;EUGENIO FERREIRA DA CUNHA;;411;CENTRO;79490000;(67)99897-1492;SAO GABRIEL DO OESTE;500769;SAO GABRIEL DO OESTE;500769;6452116;CENTRO DE ESPECIALIDADES MEDICAS;M;10.04.2026;FERNANDACRISTINAALVES;10.04.2026;FERNANDACRISTINAALVES;10.00;PENDENTE;Z016;98260570106;CLAUDIA REGINA DUARTE CAZZOLATO KHALIL
661392171;0110002;0301010072;CONSULTA EM ORTOPEDIA - GERAL;00468987193;ARTHUR MARTINS DE ALMEIDA;05.05.2026;08:00;0;700003214003903;ZILDA MARINES DE SOUZA;03.02.1964;62;749;SEBASTIANA MARIA DE SOUZA;;;;;;;(67)99879-6553;;;SAO GABRIEL DO OESTE;500769;6452116;CENTRO DE ESPECIALIDADES MEDICAS;F;10.04.2026;FERNANDACRISTINAALVES;10.04.2026;FERNANDACRISTINAALVES;10.00;PENDENTE;Z016;;EVELYN KASSIA TUDISCO FERNANDES
661394029;0320174;0301010072;CONSULTA EM PNEUMOLOGIA - GERAL;09028429603;BERNARDO MEDEIROS MAIA;07.05.2026;13:00;0;709801007093790;ANA MARIA DA CRUZ E SILVA;26.07.1974;51;623;ESPEDITA DA CRUZ E SILVA;RUA;AGUIAS;;528;JARDIM GRAMADO;79490000;(67)9856-1488;SAO GABRIEL DO OESTE;500769;SAO GABRIEL DO OESTE;500769;6452116;CENTRO DE ESPECIALIDADES MEDICAS;F;10.04.2026;FERNANDACRISTINAALVES;10.04.2026;FERNANDACRISTINAALVES;10.00;PENDENTE;Z016;09028429603;BERNARDO MEDEIROS MAIA
661394909;0282081;0301010072;CONSULTA EM CIRURGIA GERAL;48047740172;EVA WILMA ABDO DOS SANTOS GUIMARAES;14.05.2026;08:00;0;704104157276775;DORFELINA PIRES DA SILVA;02.02.1949;77;929;ANA MARIA DA SILVA;FAZENDA;ASSENTAMENTO ITAQUI LOTE 169;;S/N;ZONA RURAL;79490000;(67)99968-6400;SAO GABRIEL DO OESTE;500769;SAO GABRIEL DO OESTE;500769;3400964;UNIDADE DE SAUDE DA FAMILIA RURAL VII;F;10.04.2026;DULCINEIA_MOCCELIN;10.04.2026;DULCINEIA_MOCCELIN;10.00;CONFIRMADO;I84;02453491113;MILENA GUEDIN VARGAS
661397003;0110002;0301010072;CONSULTA EM ORTOPEDIA - GERAL;00468987193;ARTHUR MARTINS DE ALMEIDA;05.05.2026;08:00;0;706402679755081;DIANDRA BERTOLDO BELLE;13.04.1997;29;350;MARILI SOLANGE BERTOLDO;RUA;JOSE HONORIO SOBRINHO 1/1199;;570;CENTRO;79490053;(67)99943-8807;SAO GABRIEL DO OESTE;500769;SAO GABRIEL DO OESTE;500769;2599376;UNIDADE DE SAUDE DA FAMILIA VI;F;10.04.2026;MARIANA_MARTINS;10.04.2026;MARIANA_MARTINS;10.00;PENDENTE;S60;06437691107;MAIARA FLORES SCARIOT
661397431;0282081;0301010072;CONSULTA EM CIRURGIA GERAL;48047740172;EVA WILMA ABDO DOS SANTOS GUIMARAES;14.05.2026;08:00;0;700006645195200;GABRIELLY SOUZA PEDROSO;04.06.2009;17;205;BENEZILDA DA SILVA SOUZA PEDROSO;FAZENDA;PRODUZIR/MONTE AZUL;;S/N;RURAL;79490000;(67)99809-5448;SAO GABRIEL DO OESTE;500769;SAO GABRIEL DO OESTE;500769;3400964;UNIDADE DE SAUDE DA FAMILIA RURAL VII;F;10.04.2026;CLEIDIANE_RURALVII;10.04.2026;CLEIDIANE_RURALVII;10.00;CONFIRMADO;L918;02453491113;MILENA GUEDIN VARGAS
661399201;0282063;0301010072;CONSULTA EM OTORRINOLARINGOLOGIA;78877326115;ANA PAULA CAVALIERI PONTES;08.05.2026;06:00;0;700408974132045;EPAMINONDAS GARCIA DE MENDONCA;05.11.1928;97;1172;MARIANA LUCIANA DE MENDONCA;AREA;PRINCIPAL 1;;69;AREA RURAL DE SAO GABRIEL DO OESTE;79493899;(67)99924-4255 / (67)99872-7535;SAO GABRIEL DO OESTE;500769;SAO GABRIEL DO OESTE;500769;2370972;UNIDADE DE SAUDE DA FAMILIA MILANE II;M;10.04.2026;FLAVIA_RODRIGUES;10.04.2026;FLAVIA_RODRIGUES;10.00;PENDENTE;Z011;83798633134;JOAO BAPTISTA BARBOSA SOUZA
661399656;0110002;0301010072;CONSULTA EM ORTOPEDIA - GERAL;00530001101;BRUNO PETINARI UMBELINO;04.05.2026;08:00;0;704002344595969;ROSALINO SILVA DOS SANTOS;23.05.1949;77;925;MARIA DA SILVA DOS SANTOS;RUA;SARACURA;;1555;JARDIM GRAMADO;79490000;(67)99854-5588 / (67)99223-4942;SAO GABRIEL DO OESTE;500769;SAO GABRIEL DO OESTE;500769;2370980;UNIDADE DE SAUDE DA FAMILIA JARDIM GRAMADO I;M;10.04.2026;CLAUDIA_SANTOS;10.04.2026;CLAUDIA_SANTOS;10.00;PENDENTE;S924;;TATIANE MARTINS
661400334;2300004;0301010072;CONSULTA EM CARDIOLOGIA;01110123175;ELY DONIZETH DE ASSIS JUNIOR;13.05.2026;06:30;0;700408974132045;EPAMINONDAS GARCIA DE MENDONCA;05.11.1928;97;1172;MARIANA LUCIANA DE MENDONCA;AREA;PRINCIPAL 1;;69;AREA RURAL DE SAO GABRIEL DO OESTE;79493899;(67)99924-4255 / (67)99872-7535;SAO GABRIEL DO OESTE;500769;SAO GABRIEL DO OESTE;500769;2370972;UNIDADE DE SAUDE DA FAMILIA MILANE II;M;10.04.2026;FLAVIA_RODRIGUES;10.04.2026;FLAVIA_RODRIGUES;10.00;CONFIRMADO;D649;83798633134;JOAO BAPTISTA BARBOSA SOUZA
661401394;0701224;0301010072;CONSULTA EM NEUROLOGIA - GERAL;22264073837;ANSELMO COSTA;06.05.2026;09:00;0;700504300887357;MARIA CRISTINA DIAS;10.01.1965;61;737;QUITERIA CAVALCANTE DIAS;FAZENDA;FALA VERDADE;;S/N;RURAL;79490000;(67)99671-0721;SAO GABRIEL DO OESTE;500769;SAO GABRIEL DO OESTE;500769;3400964;UNIDADE DE SAUDE DA FAMILIA RURAL VII;F;10.04.2026;DULCINEIA_MOCCELIN;10.04.2026;DULCINEIA_MOCCELIN;10.00;PENDENTE;R51;02453491113;MILENA GUEDIN VARGAS
661401623;0110002;0301010072;CONSULTA EM ORTOPEDIA - GERAL;32389571808;RODOLFO PELISSARI ZAMBOLIN;14.05.2026;14:00;0;709808064401497;ANGELO MAGNO PEREIRA MENDES;23.04.1973;53;638;VICENCIA PEREIRA MENDES;RUA;PERNAMBUCO;CASA;2121;PRIMO MAFFISSONI;79490000;(61)3315-2425;SAO GABRIEL DO OESTE;500769;SAO GABRIEL DO OESTE;500769;7333218;UNIDADE DE SAUDE DA FAMILIA X;M;10.04.2026;SAMILLESTRELOW;10.04.2026;SAMILLESTRELOW;10.00;PENDENTE;M238;63805480172;CLEDSON PERETTI
661408557;2300004;0301010072;CONSULTA EM CARDIOLOGIA;01110123175;ELY DONIZETH DE ASSIS JUNIOR;13.05.2026;06:30;0;705002014686659;JERONIMO PINTO ALVES;02.08.1957;68;827;AMELIA SOUZA ALVES;RUA;BERNARDINO FERREIRA;DISTRITO AREADO;S/N;ZONA RURAL;79490000;(67)99826-1574;SAO GABRIEL DO OESTE;500769;SAO GABRIEL DO OESTE;500769;6452116;CENTRO DE ESPECIALIDADES MEDICAS;M;10.04.2026;FERNANDACRISTINAALVES;10.04.2026;FERNANDACRISTINAALVES;10.00;CONFIRMADO;Z016;01110123175;ELY DONIZETH DE ASSIS JUNIOR
661440998;0110002;0301010072;CONSULTA EM ORTOPEDIA - GERAL;00468987193;ARTHUR MARTINS DE ALMEIDA;05.05.2026;08:00;0;700103963828114;ERICA CAROLINE SOUZA SILVA;28.10.1999;26;320;EVA TEODORO DA SILVA;RUA;BEM-TE-VI;;1753;FENIX;79491098;(67)99662-2386;SAO GABRIEL DO OESTE;500769;SAO GABRIEL DO OESTE;500769;2370999;UNIDADE DE SAUDE DA FAMILIA FENIX IV;F;10.04.2026;GUSTAVO_PIAIA;10.04.2026;GUSTAVO_PIAIA;10.00;PENDENTE;M796;00703866176;ALCIDES EDUARDO EIBEL
661442612;0282081;0301010072;CONSULTA EM CIRURGIA GERAL;48047740172;EVA WILMA ABDO DOS SANTOS GUIMARAES;14.05.2026;08:00;0;702702142629460;ELIANE FERREIRA BORGES;15.06.1981;45;540;OLENIR FELIX DE LIMA;RUA;FENIX;181;S/N;FENIX;79491110;(67)99939-0016 / (67)98131-4977;SAO GABRIEL DO OESTE;500769;SAO GABRIEL DO OESTE;500769;6354265;CENTRAL DE REGULACAO DE SAO GABRIEL DO OESTE;F;10.04.2026;THAYANA_SAOGABRIEL;10.04.2026;THAYANA_SAOGABRIEL;10.00;CONFIRMADO;K80;;PAULO FENELON MARINHO
661443758;2300004;0301010072;CONSULTA EM CARDIOLOGIA;01110123175;ELY DONIZETH DE ASSIS JUNIOR;13.05.2026;06:30;0;708001305943228;EDIR DA SILVA FRASSETO;10.12.1964;61;738;ONDINA DO ESPIRITO SANTO SILVA;RUA;TUIUIU;;252;JARDIM GRAMADO;79490000;(67)3295-2891 / (67)99909-2265;SAO GABRIEL DO OESTE;500769;SAO GABRIEL DO OESTE;500769;2370980;UNIDADE DE SAUDE DA FAMILIA JARDIM GRAMADO I;F;10.04.2026;CLEIDIANE_UNIDADEGRAMADOI;10.04.2026;CLEIDIANE_UNIDADEGRAMADOI;10.00;PENDENTE;Z00;01454652179;MAYARA MARIA MELKE GUIMARAES
661444532;0282081;0301010072;CONSULTA EM CIRURGIA GERAL;48047740172;EVA WILMA ABDO DOS SANTOS GUIMARAES;21.05.2026;06:30;0;704208229359089;MARIA EDUARDA FERREIRA SANTOS;28.05.2011;15;181;ELIANE FERREIRA BORGES;RUA;FENIX;;181;FENIX;79491110;(67)98131-4977;SAO GABRIEL DO OESTE;500769;SAO GABRIEL DO OESTE;500769;6354265;CENTRAL DE REGULACAO DE SAO GABRIEL DO OESTE;F;10.04.2026;THAYANA_SAOGABRIEL;10.04.2026;THAYANA_SAOGABRIEL;10.00;PENDENTE;K80;;PAULO FENELON MARINHO
661449145;3100027;0207020027;RESSONANCIA MAGNETICA DE OMBRO DIREITO;00125300006;MEDICOS SUS;16.05.2026;06:00;0;707802619323619;PAULO ROMALDO KIRCH;04.09.1980;45;550;VALERIA KIRCH;FAZENDA;LODEIA;GRANJA;S/N;ZONA RURAL;79490000;(67)99824-9680 / (67)99934-6401;SAO GABRIEL DO OESTE;500769;SAO GABRIEL DO OESTE;500769;6354265;CENTRAL DE REGULACAO DE SAO GABRIEL DO OESTE;M;10.04.2026;CLEIDIANE_REGULACAO;14.05.2026;CLEIDIANE_REGULADOR;268.75;CONFIRMADO;M751;;PADOVANI TOFFOLI
661449212;0110002;0301010072;CONSULTA EM ORTOPEDIA - GERAL;89074033172;ROGERIO PADOVANI TOFFOLI;29.05.2026;12:30;0;700009279611202;RAIANE GONZAGA RODRIGUES;17.07.1994;31;383;LOURDES BEZERRA GONZAGA;RUA;DOS CANARIOS 1/1465;;614;JARDIM GRAMADO;79491008;(67)99848-9907;SAO GABRIEL DO OESTE;500769;SAO GABRIEL DO OESTE;500769;2370980;UNIDADE DE SAUDE DA FAMILIA JARDIM GRAMADO I;F;10.04.2026;CLEIDIANE_UNIDADEGRAMADOI;10.04.2026;VANIA_MARIANO;10.00;PENDENTE;M751;;ARTHUR MARTINS DE ALMEIDA
661450956;3100031;0207030030;RESSONANCIA MAGNETICA DO JOELHO DIREITO;00125300006;MEDICOS SUS;16.05.2026;06:00;0;703608012108538;NARA THAIZA ALVES CEDRAZ;20.10.1988;37;452;FATIMA LUIZA ALVES DE OLIVEIRA;RUA;DAS MISSOES;;310;MILANI;79492088;(67)99920-4731 / (67)99920-4731;SAO GABRIEL DO OESTE;500769;SAO GABRIEL DO OESTE;500769;6354265;CENTRAL DE REGULACAO DE SAO GABRIEL DO OESTE;F;10.04.2026;CLEIDIANE_REGULACAO;14.05.2026;CLEIDIANE_REGULADOR;268.75;CONFIRMADO;S832;;NELSON BARBOSA TAVARES FILHO
661450956;3100030;0207030030;RESSONANCIA MAGNETICA DO JOELHO ESQUERDO;00125300006;MEDICOS SUS;16.05.2026;06:00;0;703608012108538;NARA THAIZA ALVES CEDRAZ;20.10.1988;37;452;FATIMA LUIZA ALVES DE OLIVEIRA;RUA;DAS MISSOES;;310;MILANI;79492088;(67)99920-4731 / (67)99920-4731;SAO GABRIEL DO OESTE;500769;SAO GABRIEL DO OESTE;500769;6354265;CENTRAL DE REGULACAO DE SAO GABRIEL DO OESTE;F;10.04.2026;CLEIDIANE_REGULACAO;14.05.2026;CLEIDIANE_REGULADOR;268.75;CONFIRMADO;S832;;NELSON BARBOSA TAVARES FILHO
661455834;3100051;0207030030;RESSONANCIA MAGNETICA DE COXA ESQUERDA;00125300006;MEDICOS SUS;16.05.2026;06:00;0;700509955077859;NAIR DE OLIVEIRA PENTEADO MORAIS DO PRADO;02.07.1967;59;708;IZULINA FARIAS PENTEADO;RUA;CURICACA;;497;JARDIM GRAMADO;79490000;(67)99667-3828;SAO GABRIEL DO OESTE;500769;SAO GABRIEL DO OESTE;500769;6354265;CENTRAL DE REGULACAO DE SAO GABRIEL DO OESTE;F;10.04.2026;CLEIDIANE_REGULACAO;14.05.2026;CLEIDIANE_REGULADOR;268.75;CONFIRMADO;M161;;NELSON BARBOSA TAVARES FILHO
661455834;3100050;0207030030;RESSONANCIA MAGNETICA DE COXA DIREITA;00125300006;MEDICOS SUS;16.05.2026;06:00;0;700509955077859;NAIR DE OLIVEIRA PENTEADO MORAIS DO PRADO;02.07.1967;59;708;IZULINA FARIAS PENTEADO;RUA;CURICACA;;497;JARDIM GRAMADO;79490000;(67)99667-3828;SAO GABRIEL DO OESTE;500769;SAO GABRIEL DO OESTE;500769;6354265;CENTRAL DE REGULACAO DE SAO GABRIEL DO OESTE;F;10.04.2026;CLEIDIANE_REGULACAO;14.05.2026;CLEIDIANE_REGULADOR;268.75;CONFIRMADO;M161;;NELSON BARBOSA TAVARES FILHO
661458450;0282081;0301010072;CONSULTA EM CIRURGIA GERAL;48047740172;EVA WILMA ABDO DOS SANTOS GUIMARAES;21.05.2026;06:30;0;705808461395830;SILVIA PANIAGUA CAMPOS;01.03.2006;20;244;SEBASTIANA APARECIDA PANIAGUA LOPES;RUA;DONA ELVIRA;;1564;MILANI;79492070;(67)99698-6364;SAO GABRIEL DO OESTE;500769;SAO GABRIEL DO OESTE;500769;2370972;UNIDADE DE SAUDE DA FAMILIA MILANE II;F;10.04.2026;FLAVIA_RODRIGUES;10.04.2026;FLAVIA_RODRIGUES;10.00;CONFIRMADO;B07;02453491113;MILENA GUEDIN VARGAS
661460703;3516007;0301010072;CONSULTA EM UROLOGIA - GERAL;04349392181;ANTONIO AUGUSTO PALOMBO MENDES;14.05.2026;08:00;0;702908564478970;BARBARA SANTOS DE LIMA;07.08.1997;28;347;SIRLEIDE RAMOS SANTOS;RUA;PERNAMBUCO;;494;PRIMO MAFFISSONI;79490260;(67)99929-2529;SAO GABRIEL DO OESTE;500769;SAO GABRIEL DO OESTE;500769;2591359;UNIDADE DE SAUDE DA FAMILIA V;F;10.04.2026;CLEIDIANE_ESFV;10.04.2026;CLEIDIANE_ESFV;10.00;CONFIRMADO;N390;04796956107;JULIANA DA ROCHA PEREIRA MENEZES
661471255;2300004;0301010072;CONSULTA EM CARDIOLOGIA;01110123175;ELY DONIZETH DE ASSIS JUNIOR;13.05.2026;06:30;0;700207425103527;ELISDAN FERREIRA SILVA;25.09.1973;52;633;MARIA VALDECI FERREIRA SILVA;RUA;EUGÊNIO FERREIRA DA CUNHA;;1092;AMABILE MAFISSONI;79490000;(47)99731-7874;SAO GABRIEL DO OESTE;500769;SAO GABRIEL DO OESTE;500769;7002084;UNIDADE DE SAUDE DA FAMILIA IX;F;10.04.2026;AMANDALUIZA_BIAZUS;10.04.2026;AMANDALUIZA_BIAZUS;10.00;PENDENTE;Z000;06901507925;EVELYN KASSIA TUDISCO FERNANDES
661472349;0282081;0301010072;CONSULTA EM CIRURGIA GERAL;48047740172;EVA WILMA ABDO DOS SANTOS GUIMARAES;21.05.2026;06:30;0;700207425103527;ELISDAN FERREIRA SILVA;25.09.1973;52;633;MARIA VALDECI FERREIRA SILVA;RUA;EUGÊNIO FERREIRA DA CUNHA;;1092;AMABILE MAFISSONI;79490000;(47)99731-7874;SAO GABRIEL DO OESTE;500769;SAO GABRIEL DO OESTE;500769;7002084;UNIDADE DE SAUDE DA FAMILIA IX;F;10.04.2026;AMANDALUIZA_BIAZUS;10.04.2026;AMANDALUIZA_BIAZUS;10.00;CONFIRMADO;Z000;06901507925;EVELYN KASSIA TUDISCO FERNANDES
661480220;0282063;0301010072;CONSULTA EM OTORRINOLARINGOLOGIA;78877326115;ANA PAULA CAVALIERI PONTES;08.05.2026;06:00;0;704308581558792;MARIA DAS GRACAS RAMOS DE SOUZA;19.05.1954;72;865;MARIA SENHORA ALECRIM;RUA;AROEIRA;;353;SAO CRISTOVAO;79490000;(66)99964-9184 / (65)99611-3164 / (67)99662-7493;SAO GABRIEL DO OESTE;500769;SAO GABRIEL DO OESTE;500769;7002084;UNIDADE DE SAUDE DA FAMILIA IX;F;10.04.2026;AMANDALUIZA_BIAZUS;10.04.2026;AMANDALUIZA_BIAZUS;10.00;PENDENTE;H931;06901507925;EVELYN KASSIA TUDISCO FERNANDES
661490444;3100004;0207010030;RESSONANCIA MAGNETICA DE COLUNA CERVICAL                    ;00125300006;MEDICOS SUS;29.05.2026;07:00;0;703202689848896;MARCIA ROSIMEI DA SILVA MARQUES;30.09.1971;54;657;NEIDE FARIA DA SILVA;RUA;PATOS;;102;JARDIM GRAMADO;79490000;(67)99947-0507;SAO GABRIEL DO OESTE;500769;SAO GABRIEL DO OESTE;500769;6354265;CENTRAL DE REGULACAO DE SAO GABRIEL DO OESTE;F;10.04.2026;CLEIDIANE_REGULACAO;27.05.2026;CLEIDIANE_REGULADOR;268.75;CONFIRMADO;M542;;ARTHUR MARTINS DE ALMEIDA
661493055;0299008;0301010072;CONSULTA EM CIRURGIA VASCULAR – GERAL;70808015087;CELIO HELEGDA;13.05.2026;06:30;0;706200065301066;ELIANE ANARIO DOS SANTOS DE CASTRO;20.11.1966;59;715;MARIA ERNESTINA DOS SANTOS;RUA;PADRE DAMIAO;;227;PIONEIROS;79070240;(67)99978-5876;CAMPO GRANDE;500270;SAO GABRIEL DO OESTE;500769;6452116;CENTRO DE ESPECIALIDADES MEDICAS;F;10.04.2026;FERNANDACRISTINAALVES;10.04.2026;FERNANDACRISTINAALVES;10.00;PENDENTE;Z016;70808015087;CELIO HELEGDA
661494697;0110002;0301010072;CONSULTA EM ORTOPEDIA - GERAL;00468987193;ARTHUR MARTINS DE ALMEIDA;05.05.2026;08:00;0;705804476011738;OLIVIA AUXILIADORA FRANCISCO DE SOUZA;01.10.1975;50;609;EVA ARGENCIA DIONIZIO;RUA;FILINTO MULLER;;310;MILANI;79492100;(67)99601-7183;SAO GABRIEL DO OESTE;500769;SAO GABRIEL DO OESTE;500769;2370972;UNIDADE DE SAUDE DA FAMILIA MILANE II;F;10.04.2026;FLAVIA_RODRIGUES;10.04.2026;FLAVIA_RODRIGUES;10.00;PENDENTE;M758;02453491113;MILENA GUEDIN VARGAS
661494750;0299008;0301010072;CONSULTA EM CIRURGIA VASCULAR – GERAL;70808015087;CELIO HELEGDA;13.05.2026;08:00;0;708400706596362;SOLANGE PASQUALI GUEDIN;27.02.1968;58;700;SANTINA IDALINA SASSO PASQUALI;RUA;ESPIRITO SANTO;;794;CENTRO;79490000;(67)3295-1778;SAO GABRIEL DO OESTE;500769;SAO GABRIEL DO OESTE;500769;6452116;CENTRO DE ESPECIALIDADES MEDICAS;F;10.04.2026;FERNANDACRISTINAALVES;10.04.2026;FERNANDACRISTINAALVES;10.00;CONFIRMADO;Z016;70808015087;CELIO HELEGDA
661497174;0299008;0301010072;CONSULTA EM CIRURGIA VASCULAR – GERAL;70808015087;CELIO HELEGDA;13.05.2026;08:00;0;700409916074446;DARCI GUEDIN;02.04.1961;65;783;ORTENILIA BATISTI GUEDIN;RUA;ESPIRITO SANTO;;794;CENTRO;79490000;(67)9962-1888;SAO GABRIEL DO OESTE;500769;SAO GABRIEL DO OESTE;500769;6452116;CENTRO DE ESPECIALIDADES MEDICAS;M;10.04.2026;FERNANDACRISTINAALVES;10.04.2026;FERNANDACRISTINAALVES;10.00;CONFIRMADO;Z016;70808015087;CELIO HELEGDA
661504164;0110002;0301010072;CONSULTA EM ORTOPEDIA - GERAL;04469955680;DANIEL ROCHA DO CARMO;11.05.2026;12:30;0;702804195158765;ELAINE SIQUEIRA VIVEIROS;27.11.1982;43;523;VALDENIR SIQUEIRA VIVEIROS;RUA;ESPIRITO SANTO;;2160;CENTRO;79490000;(67)99680-0337;SAO GABRIEL DO OESTE;500769;SAO GABRIEL DO OESTE;500769;6452116;CENTRO DE ESPECIALIDADES MEDICAS;F;10.04.2026;FERNANDACRISTINAALVES;10.04.2026;FERNANDACRISTINAALVES;10.00;PENDENTE;Z016;04469955680;DANIEL ROCHA DO CARMO
661505133;2300004;0301010072;CONSULTA EM CARDIOLOGIA;98260570106;CLAUDIA REGINA DUARTE CAZZOLATO KHALIL;15.05.2026;14:00;0;708708174329599;WALMIR ANTONIO SABEDOT;30.01.1959;67;809;REGINA WOSNIAK SABEDOT;RUA;MARECHAL FLORIANO;;1656;MILANI;79492060;(67)99909-1279;SAO GABRIEL DO OESTE;500769;SAO GABRIEL DO OESTE;500769;2370972;UNIDADE DE SAUDE DA FAMILIA MILANE II;M;10.04.2026;FLAVIA_RODRIGUES;10.04.2026;FLAVIA_RODRIGUES;10.00;PENDENTE;I48;83798633134;JOAO BAPTISTA BARBOSA SOUZA
661505807;0110002;0301010072;CONSULTA EM ORTOPEDIA - GERAL;00468987193;ARTHUR MARTINS DE ALMEIDA;26.05.2026;06:30;0;703204699111693;EVERALDO GONCALVES;29.08.1969;56;682;NORMA DA SILVA GONCALVES;RUA;SOSSEGO;;83;ASSENT CAMPANARIO;79490000;(67)99948-6205;SAO GABRIEL DO OESTE;500769;SAO GABRIEL DO OESTE;500769;6452116;CENTRO DE ESPECIALIDADES MEDICAS;M;10.04.2026;FERNANDACRISTINAALVES;10.04.2026;FERNANDACRISTINAALVES;10.00;PENDENTE;Z016;;JOAO BAPTISTA BARBOSA
661507393;0701224;0301010072;CONSULTA EM NEUROLOGIA - GERAL;22264073837;ANSELMO COSTA;06.05.2026;09:00;0;702005305371989;ANTONIO DE MARMORA DIAS VIEIRA;01.10.1949;76;921;ZILA DIAS VIEIRA;RUA;ANTONIO VIEIRA DE ALMEIDA;CASA B;10;CORONEL MANOEL MARIANO;79480000;(67)99623-6705 / (67)99865-8918;RIO VERDE DE MATO GROSSO;500740;SAO GABRIEL DO OESTE;500769;6452116;CENTRO DE ESPECIALIDADES MEDICAS;M;10.04.2026;FERNANDACRISTINAALVES;10.04.2026;FERNANDACRISTINAALVES;10.00;CONFIRMADO;Z016;;PAULO FENELON
661508472;2300004;0301010072;CONSULTA EM CARDIOLOGIA;98260570106;CLAUDIA REGINA DUARTE CAZZOLATO KHALIL;15.05.2026;14:00;0;708403710841565;ANDRESSA MALAGGI;08.11.1994;31;379;GENELSI FATIMA SIMIONATO MALAGGI;FAZENDA;CRIS FADA;CASA;S/N;ZONA RURAL;79550000;(67)99655-2232;COSTA RICA;500325;SAO GABRIEL DO OESTE;500769;6452116;CENTRO DE ESPECIALIDADES MEDICAS;F;10.04.2026;FERNANDACRISTINAALVES;10.04.2026;FERNANDACRISTINAALVES;10.00;CONFIRMADO;Z016;;CLEDSON PERRETI
661508749;0015001;0301010072;CONSULTA EM OFTALMOLOGIA GERAL;45183520097;JONI HILDOR SCHWEICKARDT;07.05.2026;07:00;0;702608729198440;SALETE SANTOS DE OLIVEIRA;03.03.1967;59;712;EMILIA SANTOS DE OLIVEIRA;RUA;DONA ELVIRA;;649;MILANI;79492070;(15)99741-1530;SAO GABRIEL DO OESTE;500769;SAO GABRIEL DO OESTE;500769;2370972;UNIDADE DE SAUDE DA FAMILIA MILANE II;F;10.04.2026;JULIANA_PACHECO;10.04.2026;JULIANA_PACHECO;10.00;PENDENTE;Z010;02453491113;MILENA GUEDIN VARGAS
661509647;2300004;0301010072;CONSULTA EM CARDIOLOGIA;98260570106;CLAUDIA REGINA DUARTE CAZZOLATO KHALIL;22.05.2026;14:00;0;708607521738386;AMADO GILBERTO SERPA;13.09.1956;69;837;HILDA ROBERTO SERPA;RUA;BAHIA;;2275;CENTRO;79490000;(67)99994-4833;SAO GABRIEL DO OESTE;500769;SAO GABRIEL DO OESTE;500769;6452116;CENTRO DE ESPECIALIDADES MEDICAS;M;10.04.2026;FERNANDACRISTINAALVES;10.04.2026;FERNANDACRISTINAALVES;10.00;CONFIRMADO;Z016;98260570106;CLAUDIA REGINA DUARTE CAZZOLATO KHALIL
661509697;2300004;0301010072;CONSULTA EM CARDIOLOGIA;98260570106;CLAUDIA REGINA DUARTE CAZZOLATO KHALIL;15.05.2026;14:00;0;703205692311698;CINTHIA NAYARA DA SILVA SOUZA;29.11.1991;34;415;CREUZA PEREIRA DA SILVA;RUA;G;CASA;355;CIDADE JARDIM;79492126;(67)99997-6873;SAO GABRIEL DO OESTE;500769;SAO GABRIEL DO OESTE;500769;2370972;UNIDADE DE SAUDE DA FAMILIA MILANE II;F;10.04.2026;JULIANA_PACHECO;10.04.2026;JULIANA_PACHECO;10.00;CONFIRMADO;Z00;;CLAUDIA CAZZOLATO KHALIL
661510228;0282081;0301010072;CONSULTA EM CIRURGIA GERAL;48047740172;EVA WILMA ABDO DOS SANTOS GUIMARAES;21.05.2026;06:30;0;705207422599573;CREONE FERREIRA DOS SANTOS;12.07.1985;40;491;QUITERIA FERREIRA DE MELLO;RUA;RONDONIA;CASA;763;CENTRO;79490000;(61)3315-2425;SAO GABRIEL DO OESTE;500769;SAO GABRIEL DO OESTE;500769;7002084;UNIDADE DE SAUDE DA FAMILIA IX;M;10.04.2026;FELIPE_NERIS;10.04.2026;FELIPE_NERIS;10.00;PENDENTE;L720;06901507925;EVELYN KASSIA TUDISCO FERNANDES
661510372;0320174;0301010072;CONSULTA EM PNEUMOLOGIA - GERAL;09028429603;BERNARDO MEDEIROS MAIA;07.05.2026;13:00;0;702401019861328;RENEE LISBOA PEROBELI;08.03.1941;85;1023;IRACEMA MARTINS;RUA;SANTA CATARINA;;2434;CENTRO;79490000;;SAO GABRIEL DO OESTE;500769;SAO GABRIEL DO OESTE;500769;6452116;CENTRO DE ESPECIALIDADES MEDICAS;F;10.04.2026;FERNANDACRISTINAALVES;10.04.2026;FERNANDACRISTINAALVES;10.00;PENDENTE;Z016;09028429603;BERNARDO MEDEIROS MAIA
661510776;2300004;0301010072;CONSULTA EM CARDIOLOGIA;98260570106;CLAUDIA REGINA DUARTE CAZZOLATO KHALIL;15.05.2026;14:00;0;709607612411973;LUIS CARLOS SAVALA;19.10.1968;57;692;IOLANDA RODRIGUES;RUA;DOS PARDAIS;;1383;FLOR DO CERRADO;79490000;(67)99867-7878;SAO GABRIEL DO OESTE;500769;SAO GABRIEL DO OESTE;500769;6452116;CENTRO DE ESPECIALIDADES MEDICAS;M;10.04.2026;FERNANDACRISTINAALVES;10.04.2026;FERNANDACRISTINAALVES;10.00;CONFIRMADO;Z016;98260570106;CLAUDIA REGINA DUARTE CAZZOLATO KHALIL
661510924;0320174;0301010072;CONSULTA EM PNEUMOLOGIA - GERAL;09028429603;BERNARDO MEDEIROS MAIA;07.05.2026;14:00;0;703402274696115;ROSANE CAVALHEIRO LOPES;08.03.1973;53;639;CONCEICAO CAVALHEIRO LOPES;FAZENDA;SÃO LUIZ;;S/N;ZONA RURAL;79490000;(67)99895-1257 / (67)99844-9576;SAO GABRIEL DO OESTE;500769;SAO GABRIEL DO OESTE;500769;2370972;UNIDADE DE SAUDE DA FAMILIA MILANE II;F;10.04.2026;CLEIDIANE_MILANEII;10.04.2026;CLEIDIANE_MILANEII;10.00;PENDENTE;R05;83798633134;JOAO BAPTISTA BARBOSA SOUZA
661511590;0701224;0301010072;CONSULTA EM NEUROLOGIA - GERAL;22264073837;ANSELMO COSTA;06.05.2026;12:00;0;704806564735340;TRINDADE MAGALHAES;18.06.1973;53;636;FRANCISCA DE LIMA MAGALHAES;LOTEAMENTO;ITAQUI;;68;ZONA RURAL;79490000;(67)99601-5765;SAO GABRIEL DO OESTE;500769;SAO GABRIEL DO OESTE;500769;3400964;UNIDADE DE SAUDE DA FAMILIA RURAL VII;F;10.04.2026;CLEIDIANE_RURALVII;10.04.2026;CLEIDIANE_RURALVII;10.00;PENDENTE;M545;00612619630;KALYNKA SILVIA HIGINO
661511887;0015001;0301010072;CONSULTA EM OFTALMOLOGIA GERAL;45183520097;JONI HILDOR SCHWEICKARDT;07.05.2026;07:00;0;708404202384365;ANGELA RODRIGUES DOS SANTOS DE SOUZA;28.03.1983;43;519;MARIA DE LOURDES DOS SANTOS SOUZA;RUA;JOAO EVANGELISTA ROSA;CASA;509;CENTRO;79490000;(67)99834-9033;SAO GABRIEL DO OESTE;500769;SAO GABRIEL DO OESTE;500769;3400964;UNIDADE DE SAUDE DA FAMILIA RURAL VII;F;10.04.2026;CLEIDIANE_RURALVII;10.04.2026;CLEIDIANE_RURALVII;10.00;CONFIRMADO;Z010;00612619630;KALYNKA SILVIA HIGINO
661512074;2300004;0301010072;CONSULTA EM CARDIOLOGIA;98260570106;CLAUDIA REGINA DUARTE CAZZOLATO KHALIL;15.05.2026;07:30;0;702601254486947;TAMIRES TEREZA DOS ANJOS ANHANI;19.02.2010;16;196;TALITA PAULA SILVA DOS ANJOS;AREA;DA AVIAÇÃO;AREADO;S/N;AREA RURAL DE SAO GABRIEL DO OESTE;79493899;(67)99844-1340;SAO GABRIEL DO OESTE;500769;SAO GABRIEL DO OESTE;500769;6452116;CENTRO DE ESPECIALIDADES MEDICAS;F;10.04.2026;FERNANDACRISTINAALVES;10.04.2026;FERNANDACRISTINAALVES;10.00;PENDENTE;Z016;;JOAO BAPTISTA BARBOSA
661512087;2300004;0301010072;CONSULTA EM CARDIOLOGIA;01110123175;ELY DONIZETH DE ASSIS JUNIOR;13.05.2026;07:30;0;705001661733455;NAIR DOS ANJOS ALMEIDA;12.08.1948;77;934;GERONIMA OTALIA BARBOZA;RUA;QNO 11 CL G CS 31;;31;STO;79480000;(61)3374-0504;BRASILIA;530010;SAO GABRIEL DO OESTE;500769;3400964;UNIDADE DE SAUDE DA FAMILIA RURAL VII;F;10.04.2026;CLEIDIANE_RURALVII;10.04.2026;CLEIDIANE_RURALVII;10.00;PENDENTE;I10;02453491113;MILENA GUEDIN VARGAS
661534672;0299008;0301010072;CONSULTA EM CIRURGIA VASCULAR – GERAL;70808015087;CELIO HELEGDA;13.05.2026;06:30;0;705603418175317;MARIA APARECIDA DEMETRIO;01.05.1984;42;506;MARIA LUZIA DEMETRIO;RUA;SAO FRANCISCO;;2740;JARDIM PRIMAVERA;79490000;(67)99689-0846;SAO GABRIEL DO OESTE;500769;SAO GABRIEL DO OESTE;500769;6354265;CENTRAL DE REGULACAO DE SAO GABRIEL DO OESTE;F;11.04.2026;CLEIDIANE_REGULACAO;11.04.2026;CLEIDIANE_REGULACAO;10.00;PENDENTE;Z00;;VANIA GOMES MARIANO
661534700;0110002;0301010072;CONSULTA EM ORTOPEDIA - GERAL;04469955680;DANIEL ROCHA DO CARMO;11.05.2026;12:30;0;705603418175317;MARIA APARECIDA DEMETRIO;01.05.1984;42;506;MARIA LUZIA DEMETRIO;RUA;SAO FRANCISCO;;2740;JARDIM PRIMAVERA;79490000;(67)99689-0846;SAO GABRIEL DO OESTE;500769;SAO GABRIEL DO OESTE;500769;6354265;CENTRAL DE REGULACAO DE SAO GABRIEL DO OESTE;F;11.04.2026;CLEIDIANE_REGULACAO;11.04.2026;CLEIDIANE_REGULACAO;10.00;PENDENTE;Z00;;VANIA GOMES MARIANO
661540347;0110002;0301010072;CONSULTA EM ORTOPEDIA - GERAL;04469955680;DANIEL ROCHA DO CARMO;11.05.2026;12:30;0;706902161553734;FELIPE NERIS GARCIA;26.05.1982;44;529;EPIFANIA CRISTALDO;RUA;PARA;;71;AMABILE MAFFISSONI;79490100;(67)99264-3320;SAO GABRIEL DO OESTE;500769;SAO GABRIEL DO OESTE;500769;7002084;UNIDADE DE SAUDE DA FAMILIA IX;M;11.04.2026;FELIPE_NERIS;11.04.2026;FELIPE_NERIS;10.00;PENDENTE;Z00;01415181110;ANGELA BENITES
661540356;2300004;0301010072;CONSULTA EM CARDIOLOGIA;01110123175;ELY DONIZETH DE ASSIS JUNIOR;13.05.2026;07:30;0;706902161553734;FELIPE NERIS GARCIA;26.05.1982;44;529;EPIFANIA CRISTALDO;RUA;PARA;;71;AMABILE MAFFISSONI;79490100;(67)99264-3320;SAO GABRIEL DO OESTE;500769;SAO GABRIEL DO OESTE;500769;7002084;UNIDADE DE SAUDE DA FAMILIA IX;M;11.04.2026;FELIPE_NERIS;11.04.2026;FELIPE_NERIS;10.00;PENDENTE;Z00;01415181110;ANGELA BENITES
661562162;0110002;0301010072;CONSULTA EM ORTOPEDIA - GERAL;00530001101;BRUNO PETINARI UMBELINO;18.05.2026;06:30;0;701701231619070;ANGELA MARIA DE SOUZA;31.07.1969;56;683;SANTINA DELFINA DE SOUZA;AVENIDA;SAO FRANCISCO;;793;CAPÃO REDONDO;79490000;(67)99698-6175;SAO GABRIEL DO OESTE;500769;SAO GABRIEL DO OESTE;500769;6452116;CENTRO DE ESPECIALIDADES MEDICAS;F;13.04.2026;FERNANDACRISTINAALVES;13.04.2026;FERNANDACRISTINAALVES;10.00;PENDENTE;Z016;04469955680;DANIEL ROCHA DO CARMO
661567314;0110002;0301010072;CONSULTA EM ORTOPEDIA - GERAL;00530001101;BRUNO PETINARI UMBELINO;18.05.2026;06:30;0;701206063614711;CELIO NUNES PAIVA SALES;30.09.1984;41;501;NEUSA MARIA PAIVA DE SALES;RUA;AMAZONAS;;2717;CENTRO;79490000;(67)99623-0305;SAO GABRIEL DO OESTE;500769;SAO GABRIEL DO OESTE;500769;6452116;CENTRO DE ESPECIALIDADES MEDICAS;M;13.04.2026;PATRICKMASIAGA;13.04.2026;PATRICKMASIAGA;10.00;PENDENTE;Z016;00530001101;BRUNO PETINARI UMBELINO
661569321;2300004;0301010072;CONSULTA EM CARDIOLOGIA;98260570106;CLAUDIA REGINA DUARTE CAZZOLATO KHALIL;15.05.2026;07:30;0;702609713041645;JOAO EDI DA SILVA;17.06.1954;72;864;ARMIRIA BUENO DA SILVA;RUA;ALAGOAS;;2953;JARDIM PRIMAVERA;79490172;(67)99632-6177;SAO GABRIEL DO OESTE;500769;SAO GABRIEL DO OESTE;500769;6452116;CENTRO DE ESPECIALIDADES MEDICAS;M;13.04.2026;PATRICKMASIAGA;13.04.2026;PATRICKMASIAGA;10.00;CONFIRMADO;Z016;98260570106;CLAUDIA REGINA DUARTE CAZZOLATO KHALIL
661570745;0015001;0301010072;CONSULTA EM OFTALMOLOGIA GERAL;45183520097;JONI HILDOR SCHWEICKARDT;07.05.2026;07:00;0;702305188483813;RITA ALVES DE SOUZA;02.02.1941;85;1025;RAQUEL ALVES PEREIRA;AVENIDA;TUIUIU 1/1465;;842;JARDIM GRAMADO;79491006;(67)99940-3708;SAO GABRIEL DO OESTE;500769;SAO GABRIEL DO OESTE;500769;2370980;UNIDADE DE SAUDE DA FAMILIA JARDIM GRAMADO I;F;13.04.2026;ELIANI_MOREIRA;13.04.2026;ELIANI_MOREIRA;10.00;PENDENTE;H57;01454652179;MAYARA MARIA MELKE GUIMARAES
661573528;0110002;0301010072;CONSULTA EM ORTOPEDIA - GERAL;89074033172;ROGERIO PADOVANI TOFFOLI;08.05.2026;14:00;0;705006034190059;LOZENI CUNHA DA SILVA DO NASCIMENTO;31.01.1971;55;665;DIRCE APARECIDA DA CUNHA DA SILVA;RUA;CURRUIRAS;;756;JARDIM GRAMADO;79490000;(67)9926-3502;SAO GABRIEL DO OESTE;500769;SAO GABRIEL DO OESTE;500769;6452116;CENTRO DE ESPECIALIDADES MEDICAS;F;13.04.2026;FERNANDACRISTINAALVES;13.04.2026;FERNANDACRISTINAALVES;10.00;CONFIRMADO;Z016;89074033172;ROGERIO PADOVANI TOFFOLI
661573901;0320174;0301010072;CONSULTA EM PNEUMOLOGIA - GERAL;09028429603;BERNARDO MEDEIROS MAIA;07.05.2026;14:00;0;708008859552524;YASMIN OLIVEIRA BARBOSA;13.09.2012;13;165;JESSICA OLIVEIRA ROSA;RUA;ANHUMAS;;1780;JARDIM GRAMADO;79490000;(61)3315-2425;SAO GABRIEL DO OESTE;500769;SAO GABRIEL DO OESTE;500769;6452116;CENTRO DE ESPECIALIDADES MEDICAS;F;13.04.2026;PATRICKMASIAGA;13.04.2026;PATRICKMASIAGA;10.00;PENDENTE;Z016;08265413645;ARTHUR FERNANDES RESENDE
661574379;0320174;0301010072;CONSULTA EM PNEUMOLOGIA - GERAL;09028429603;BERNARDO MEDEIROS MAIA;07.05.2026;14:00;0;702808114754366;JOAO ALVES DE SOUZA;24.10.1956;69;836;ROSALINA DE JESUS SOUZA;FAZENDA;MATULA;;S/N;ZONA RURAL;79490000;(67)9604-0761;SAO GABRIEL DO OESTE;500769;SAO GABRIEL DO OESTE;500769;6452116;CENTRO DE ESPECIALIDADES MEDICAS;M;13.04.2026;PATRICKMASIAGA;13.04.2026;PATRICKMASIAGA;10.00;CONFIRMADO;Z016;09028429603;BERNARDO MEDEIROS MAIA
661575939;3516007;0301010072;CONSULTA EM UROLOGIA - GERAL;04349392181;ANTONIO AUGUSTO PALOMBO MENDES;14.05.2026;08:00;0;704800096917741;GERMANO NUNES SALES;06.01.1952;74;894;MARIA GLORIA DE BARROS;RUA;AMAZONAS;;2717;AMABILE MAFFISSONI;79490104;(67)99820-7870;SAO GABRIEL DO OESTE;500769;SAO GABRIEL DO OESTE;500769;6452116;CENTRO DE ESPECIALIDADES MEDICAS;M;13.04.2026;PATRICKMASIAGA;13.04.2026;PATRICKMASIAGA;10.00;CONFIRMADO;Z016;04349392181;ANTONIO AUGUSTO PALOMBO MENDES
661576360;0015001;0301010072;CONSULTA EM OFTALMOLOGIA GERAL;45183520097;JONI HILDOR SCHWEICKARDT;07.05.2026;07:00;0;704600681947529;OLIANE CUSTODIO CORREA;05.10.1997;28;345;VALDIRENE CUSTODIO CORREA;RUA;DOS CANARIOS 1/1465;;829;JARDIM GRAMADO;79491008;(67)99605-2571;SAO GABRIEL DO OESTE;500769;SAO GABRIEL DO OESTE;500769;2370980;UNIDADE DE SAUDE DA FAMILIA JARDIM GRAMADO I;F;13.04.2026;ELIANI_MOREIRA;13.04.2026;ELIANI_MOREIRA;10.00;PENDENTE;H53;01454652179;MAYARA MARIA MELKE GUIMARAES
661578449;0110002;0301010072;CONSULTA EM ORTOPEDIA - GERAL;06302616603;ROMULO AMARAL TAFURI;06.05.2026;12:30;0;704001321560963;MARIA DE SOUZA BARBOSA;25.09.1957;68;825;ABADIA PEREIRA DE SOUZA;RUA;CURICACA;;553;JARDIM GRAMADO;79490000;(67)99929-8470;SAO GABRIEL DO OESTE;500769;SAO GABRIEL DO OESTE;500769;6452116;CENTRO DE ESPECIALIDADES MEDICAS;F;13.04.2026;PATRICKMASIAGA;13.04.2026;PATRICKMASIAGA;10.00;PENDENTE;Z016;01110123175;ELY DONIZETH DE ASSIS JUNIOR
661580596;0110002;0301010072;CONSULTA EM ORTOPEDIA - GERAL;00530001101;BRUNO PETINARI UMBELINO;18.05.2026;06:30;0;705006034190059;LOZENI CUNHA DA SILVA DO NASCIMENTO;31.01.1971;55;665;DIRCE APARECIDA DA CUNHA DA SILVA;RUA;CURRUIRAS;;756;JARDIM GRAMADO;79490000;(67)9926-3502;SAO GABRIEL DO OESTE;500769;SAO GABRIEL DO OESTE;500769;6354265;CENTRAL DE REGULACAO DE SAO GABRIEL DO OESTE;F;13.04.2026;VANIA_MARIANO;13.04.2026;VANIA_MARIANO;10.00;PENDENTE;Z00;;BRUNO PETINARI
661583578;3516007;0301010072;CONSULTA EM UROLOGIA - GERAL;04349392181;ANTONIO AUGUSTO PALOMBO MENDES;14.05.2026;08:00;0;708004836546621;RAQUEL MIYAHIRA MORAES;12.01.1978;48;581;MAIRIZ DOS SANTOS;RUA;CURICACAS;;640;JARDIM GRAMADO;79490000;(67)99697-2872;SAO GABRIEL DO OESTE;500769;SAO GABRIEL DO OESTE;500769;6452116;CENTRO DE ESPECIALIDADES MEDICAS;F;13.04.2026;PATRICKMASIAGA;13.04.2026;PATRICKMASIAGA;10.00;CONFIRMADO;Z016;04349392181;ANTONIO AUGUSTO PALOMBO MENDES
661583709;0701224;0301010072;CONSULTA EM NEUROLOGIA - GERAL;22264073837;ANSELMO COSTA;26.05.2026;07:00;0;706404124573189;IRIO ELIAS DA SILVA;10.10.1960;65;788;RAMONA ELIAS DA SILVA;RUA;ASA BRANCA;;176;JARDIM GRAMADO;79491024;(67)99681-5957;SAO GABRIEL DO OESTE;500769;SAO GABRIEL DO OESTE;500769;6452116;CENTRO DE ESPECIALIDADES MEDICAS;M;13.04.2026;FERNANDACRISTINAALVES;13.04.2026;FERNANDACRISTINAALVES;10.00;CONFIRMADO;Z016;22264073837;ANSELMO COSTA
661585249;0015001;0301010072;CONSULTA EM OFTALMOLOGIA GERAL;45183520097;JONI HILDOR SCHWEICKARDT;07.05.2026;07:00;0;706900114078039;CARLA VANDES DE OLIVEIRA SOARES;31.12.1992;33;402;NELMA LUIS VANDES;RUA;BICUDOS;CASA2;231;JARDIM GRAMADO;79490000;(67)99682-9647;SAO GABRIEL DO OESTE;500769;SAO GABRIEL DO OESTE;500769;2370980;UNIDADE DE SAUDE DA FAMILIA JARDIM GRAMADO I;F;13.04.2026;ELIANI_MOREIRA;13.04.2026;ELIANI_MOREIRA;10.00;PENDENTE;H53;01454652179;MAYARA MARIA MELKE GUIMARAES
661585678;3516007;0301010072;CONSULTA EM UROLOGIA - GERAL;04349392181;ANTONIO AUGUSTO PALOMBO MENDES;21.05.2026;06:30;0;708001351054724;HERCILIA CRISPIM FERNANDES MACIEL;26.11.1959;66;799;MARIA CRISPIM FERNANDES;RUA;ACRE;COHAB I;852;PRIMO MAFFISSONI;79490256;(67)99678-7504;SAO GABRIEL DO OESTE;500769;SAO GABRIEL DO OESTE;500769;6452116;CENTRO DE ESPECIALIDADES MEDICAS;F;13.04.2026;FERNANDACRISTINAALVES;13.04.2026;FERNANDACRISTINAALVES;10.00;CONFIRMADO;Z016;04349392181;ANTONIO AUGUSTO PALOMBO MENDES
661588517;0015001;0301010072;CONSULTA EM OFTALMOLOGIA GERAL;45183520097;JONI HILDOR SCHWEICKARDT;07.05.2026;07:00;0;708204660974446;MARIA AUZENIRA DA SILVA;15.12.1949;76;918;ANTONIA ISABEL DE JESUS;RUA;SARACURA 1/1465;;498;JARDIM GRAMADO;79491002;(67)99609-2541;SAO GABRIEL DO OESTE;500769;SAO GABRIEL DO OESTE;500769;2370980;UNIDADE DE SAUDE DA FAMILIA JARDIM GRAMADO I;F;13.04.2026;ELIANI_MOREIRA;13.04.2026;ELIANI_MOREIRA;10.00;CONFIRMADO;H57;01454652179;MAYARA MARIA MELKE GUIMARAES
661588991;0110002;0301010072;CONSULTA EM ORTOPEDIA - GERAL;93393539191;RODOLFO FABIANO NIZ BAREIRO;07.05.2026;12:30;0;708009306834926;EVA MARIA GIACOMINI;13.11.1958;67;811;TEREZA COMELI VIEIRA;RUA;ALAGOAS;;1915;CENTRO;79490000;(67)9973-1343;SAO GABRIEL DO OESTE;500769;SAO GABRIEL DO OESTE;500769;6452116;CENTRO DE ESPECIALIDADES MEDICAS;F;13.04.2026;FERNANDACRISTINAALVES;13.04.2026;FERNANDACRISTINAALVES;10.00;PENDENTE;Z016;93393539191;RODOLFO FABIANO NIZ BAREIRO
661593511;0110002;0301010072;CONSULTA EM ORTOPEDIA - GERAL;00530001101;BRUNO PETINARI UMBELINO;18.05.2026;06:30;0;700204402969320;GLACI MARIA DE OLIVEIRA ANTUNES;02.04.1966;60;723;JUCENIRA DE OLIVEIRA ANTUNES;RUA;RAIMUNDO DO PRADO;CASA 7;1044;AMABILE MAFISSONI;79490072;(67)99955-0625 / (67)99819-7423 / (67)99819-7423 / (67)99819-7423;SAO GABRIEL DO OESTE;500769;SAO GABRIEL DO OESTE;500769;6452116;CENTRO DE ESPECIALIDADES MEDICAS;F;13.04.2026;FERNANDACRISTINAALVES;13.04.2026;FERNANDACRISTINAALVES;10.00;PENDENTE;Z016;00530001101;BRUNO PETINARI UMBELINO
661593769;0282081;0301010072;CONSULTA EM CIRURGIA GERAL;48047740172;EVA WILMA ABDO DOS SANTOS GUIMARAES;18.05.2026;12:30;0;700500122754352;HIGO ROCHA COUTO;15.04.2004;22;266;EDINEIA ROCHA COUTO;RUA;SILVERSTONE;;2;JARDIM SAO JOAO;06634000;(61)3315-2425 / (77)99909-5989;JANDIRA;352500;SAO GABRIEL DO OESTE;500769;6452116;CENTRO DE ESPECIALIDADES MEDICAS;M;13.04.2026;PATRICKMASIAGA;13.04.2026;PATRICKMASIAGA;10.00;PENDENTE;Z016;48047740172;EVA WILMA ABDO DOS SANTOS GUIMARAES
661595639;3516007;0301010072;CONSULTA EM UROLOGIA - GERAL;04349392181;ANTONIO AUGUSTO PALOMBO MENDES;14.05.2026;08:00;0;702006768148290;EDEMAR SOUZA DA SILVA;16.09.1952;73;885;MARIA LOURDES SOUZA DA SILVA;RUA;JOSE HONORIO SOBRINHO;;1006;CENTRO;79490053;(67)99654-7954;SAO GABRIEL DO OESTE;500769;SAO GABRIEL DO OESTE;500769;6452116;CENTRO DE ESPECIALIDADES MEDICAS;M;13.04.2026;PATRICKMASIAGA;13.04.2026;PATRICKMASIAGA;10.00;CONFIRMADO;Z016;04349392181;ANTONIO AUGUSTO PALOMBO MENDES
661605952;3516007;0301010072;CONSULTA EM UROLOGIA - GERAL;04349392181;ANTONIO AUGUSTO PALOMBO MENDES;21.05.2026;06:30;0;702607735463141;EVANILDE PINHEIRO DOS SANTOS;11.11.1961;64;775;APARECIDA TATARO PINHEIRO;RUA;PARANA;CASA;970;CENTRO;79490000;(67)99902-5871;SAO GABRIEL DO OESTE;500769;SAO GABRIEL DO OESTE;500769;2591359;UNIDADE DE SAUDE DA FAMILIA V;F;13.04.2026;CHRISTIANEHELEN_FREITAS;13.04.2026;CHRISTIANEHELEN_FREITAS;10.00;CONFIRMADO;N200;04796956107;JULIANA DA ROCHA PEREIRA MENEZES
661606864;0701224;0301010072;CONSULTA EM NEUROLOGIA - GERAL;22264073837;ANSELMO COSTA;06.05.2026;14:00;0;700005602633906;MARLEI MARECO DE OLIVEIRA;12.03.1971;55;663;MARIA CANDIDA DE OLIVEIRA;RUA;BEM TE VI;;1765;JARDIM GRAMADO;79490000;(67)99652-1081;SAO GABRIEL DO OESTE;500769;SAO GABRIEL DO OESTE;500769;2370999;UNIDADE DE SAUDE DA FAMILIA FENIX IV;F;13.04.2026;GUSTAVO_PIAIA;13.04.2026;GUSTAVO_PIAIA;10.00;PENDENTE;R41;00703866176;ALCIDES EDUARDO EIBEL
661609398;2300004;0301010072;CONSULTA EM CARDIOLOGIA;01110123175;ELY DONIZETH DE ASSIS JUNIOR;13.05.2026;07:30;0;706007353854646;JOAO RIBEIRO VILELA;24.08.1952;73;886;EULALIA RUBEIRO VILELA;RUA;SANTA ANA;;184;MILANI;79492090;(67)99686-9174;SAO GABRIEL DO OESTE;500769;SAO GABRIEL DO OESTE;500769;6452116;CENTRO DE ESPECIALIDADES MEDICAS;M;13.04.2026;PATRICKMASIAGA;13.04.2026;PATRICKMASIAGA;10.00;PENDENTE;Z016;01110123175;ELY DONIZETH DE ASSIS JUNIOR
661611638;2300004;0301010072;CONSULTA EM CARDIOLOGIA;01110123175;ELY DONIZETH DE ASSIS JUNIOR;13.05.2026;07:30;0;702808114754366;JOAO ALVES DE SOUZA;24.10.1956;69;836;ROSALINA DE JESUS SOUZA;FAZENDA;MATULA;;S/N;ZONA RURAL;79490000;(67)9604-0761;SAO GABRIEL DO OESTE;500769;SAO GABRIEL DO OESTE;500769;6452116;CENTRO DE ESPECIALIDADES MEDICAS;M;13.04.2026;PATRICKMASIAGA;13.04.2026;PATRICKMASIAGA;10.00;CONFIRMADO;Z016;01110123175;ELY DONIZETH DE ASSIS JUNIOR
661615759;2300004;0301010072;CONSULTA EM CARDIOLOGIA;98260570106;CLAUDIA REGINA DUARTE CAZZOLATO KHALIL;15.05.2026;07:30;0;702106704276793;LOURENCO SIQUEIRA;10.08.1965;60;730;SERVINA FELIZARDA SIQUEIRA;RUA;AMAZONAS;;2547;JARDIM PRIMAVERA;79490000;(67)99922-5944;SAO GABRIEL DO OESTE;500769;SAO GABRIEL DO OESTE;500769;3400964;UNIDADE DE SAUDE DA FAMILIA RURAL VII;M;13.04.2026;DULCINEIA_MOCCELIN;13.04.2026;DULCINEIA_MOCCELIN;10.00;CONFIRMADO;Z000;02453491113;MILENA GUEDIN VARGAS
661625163;3516007;0301010072;CONSULTA EM UROLOGIA - GERAL;04349392181;ANTONIO AUGUSTO PALOMBO MENDES;21.05.2026;06:30;0;708601547955184;UESLEY SILVA BATISTA;18.08.2007;18;226;MARIA JOSE SILVA DO NASCIMENTO;AVENIDA;MATO GROSSO DO SUL 1/2399;;2291;CENTRO;79490015;(67)99173-7310;SAO GABRIEL DO OESTE;500769;SAO GABRIEL DO OESTE;500769;6452116;CENTRO DE ESPECIALIDADES MEDICAS;M;13.04.2026;PATRICKMASIAGA;13.04.2026;PATRICKMASIAGA;10.00;CONFIRMADO;Z016;04349392181;ANTONIO AUGUSTO PALOMBO MENDES
661625684;0320174;0301010072;CONSULTA EM PNEUMOLOGIA - GERAL;09028429603;BERNARDO MEDEIROS MAIA;15.05.2026;07:00;0;702404370299230;JOANA SENHORIA PEREIRA;10.07.1943;82;995;ORINESIA SENHORIA DE OLIVEIRA;RUA;RIO DE JANEIRO;;2465;CENTRO;79490000;(67)99920-1402;SAO GABRIEL DO OESTE;500769;SAO GABRIEL DO OESTE;500769;6452116;CENTRO DE ESPECIALIDADES MEDICAS;F;13.04.2026;FERNANDACRISTINAALVES;13.04.2026;FERNANDACRISTINAALVES;10.00;CONFIRMADO;Z016;09028429603;BERNARDO MEDEIROS MAIA
661626361;0320174;0301010072;CONSULTA EM PNEUMOLOGIA - GERAL;09028429603;BERNARDO MEDEIROS MAIA;15.05.2026;07:00;0;708702103510694;OTILIA DA SILVA;28.02.1963;63;760;CLEMENTINA STEFANSKI DA SILVA;RUA;ESPIRITO SANTO;CASA;1070;CENTRO;79490000;(67)9841-2351;SAO GABRIEL DO OESTE;500769;SAO GABRIEL DO OESTE;500769;6452116;CENTRO DE ESPECIALIDADES MEDICAS;F;13.04.2026;PATRICKMASIAGA;13.04.2026;PATRICKMASIAGA;10.00;PENDENTE;Z016;09028429603;BERNARDO MEDEIROS MAIA
661626908;0320174;0301010072;CONSULTA EM PNEUMOLOGIA - GERAL;09028429603;BERNARDO MEDEIROS MAIA;15.05.2026;08:00;0;706001357256047;IRINEU CARLOS MORETTO;23.12.1947;78;942;CANDIDA MORETTO;RUA;ESPIRITO SANTO;CASA;1070;CENTRO;79490000;(67)9962-2151;SAO GABRIEL DO OESTE;500769;SAO GABRIEL DO OESTE;500769;6452116;CENTRO DE ESPECIALIDADES MEDICAS;M;13.04.2026;PATRICKMASIAGA;13.04.2026;PATRICKMASIAGA;10.00;PENDENTE;Z016;09028429603;BERNARDO MEDEIROS MAIA
661631477;0110002;0301010072;CONSULTA EM ORTOPEDIA - GERAL;32389571808;RODOLFO PELISSARI ZAMBOLIN;14.05.2026;12:30;0;706802236311423;EDENILSO BALBINOT;13.05.1984;42;505;MARIA LUCIA MENDES BALBINOT;RUA;BAHIA 2400/99999;;3034;AMABILE MAFFISSONI;79490106;(67)99805-7302;SAO GABRIEL DO OESTE;500769;SAO GABRIEL DO OESTE;500769;2370964;UNIDADE DE SAUDE DA FAMILIA III;M;13.04.2026;CLEIDIANE_UNIDADEIII;13.04.2026;CLEIDIANE_UNIDADEIII;10.00;PENDENTE;M233;02611833974;HUDSON PERES DORIGAO BELISARIO DE SOUZA
661632560;2300004;0301010072;CONSULTA EM CARDIOLOGIA;01110123175;ELY DONIZETH DE ASSIS JUNIOR;18.05.2026;06:30;0;708007302832625;MARIA CAMPOS DA SILVA;28.04.1943;83;998;ROSA FERREIRA CAMPOS;RUA;DAVI FERREIRA DA CUNHA;;137;JARDIM PRIMAVERA;79490000;(67)99654-9405;SAO GABRIEL DO OESTE;500769;SAO GABRIEL DO OESTE;500769;2370964;UNIDADE DE SAUDE DA FAMILIA III;F;13.04.2026;CLEIDIANE_UNIDADEIII;13.04.2026;CLEIDIANE_UNIDADEIII;10.00;PENDENTE;Z136;02611833974;HUDSON PERES DORIGAO BELISARIO DE SOUZA
661637835;0110002;0301010072;CONSULTA EM ORTOPEDIA - GERAL;04469955680;DANIEL ROCHA DO CARMO;18.05.2026;12:30;0;705604418914811;MARCIA ANDRADE DA SILVA;15.05.1972;54;649;IRENE BERNARDINO DA SILVA;RUA;SANTA CATARINA;;1595;CENTRO;79490000;(67)9964-2980;SAO GABRIEL DO OESTE;500769;SAO GABRIEL DO OESTE;500769;6452116;CENTRO DE ESPECIALIDADES MEDICAS;F;13.04.2026;PATRICKMASIAGA;13.04.2026;PATRICKMASIAGA;10.00;PENDENTE;Z016;;PAULO FENELON MARINHO 
661638380;0110002;0301010072;CONSULTA EM ORTOPEDIA - GERAL;06302616603;ROMULO AMARAL TAFURI;06.05.2026;12:30;0;702601774787542;LAURO CHRIST;21.01.1948;78;941;CECILIA JULIANA CHRIST;RUA;PERNAMBUCO;;1230;CENTRO;79490000;(67)99924-6326;SAO GABRIEL DO OESTE;500769;SAO GABRIEL DO OESTE;500769;6452116;CENTRO DE ESPECIALIDADES MEDICAS;M;13.04.2026;FERNANDACRISTINAALVES;13.04.2026;FERNANDACRISTINAALVES;10.00;CONFIRMADO;Z016;06302616603;ROMULO AMARAL TAFURI
661639447;3516007;0301010072;CONSULTA EM UROLOGIA - GERAL;04349392181;ANTONIO AUGUSTO PALOMBO MENDES;21.05.2026;06:30;0;708000830247521;MAURO MAXIMINO DALCHIAVON;28.11.1969;56;679;ERNESTA DALCHIAVON;RUA;RAIMUNDO PRADO;;1211;CENTRO;79490000;(67)99943-8042;SAO GABRIEL DO OESTE;500769;SAO GABRIEL DO OESTE;500769;6452116;CENTRO DE ESPECIALIDADES MEDICAS;M;13.04.2026;PATRICKMASIAGA;13.04.2026;PATRICKMASIAGA;10.00;CONFIRMADO;Z016;04349392181;ANTONIO AUGUSTO PALOMBO MENDES
661640999;2300004;0301010072;CONSULTA EM CARDIOLOGIA;98260570106;CLAUDIA REGINA DUARTE CAZZOLATO KHALIL;22.05.2026;14:00;0;708402769103667;ELIANE ANHANI DA SILVA FREIRES;07.03.1977;49;592;CICERA SALVINA ANHANI;RUA;DONA ELVIRA;;1389;MILANI;79492070;(67)99886-2144;SAO GABRIEL DO OESTE;500769;SAO GABRIEL DO OESTE;500769;6452116;CENTRO DE ESPECIALIDADES MEDICAS;F;13.04.2026;PATRICKMASIAGA;13.04.2026;PATRICKMASIAGA;10.00;PENDENTE;Z016;98260570106;CLAUDIA REGINA DUARTE CAZZOLATO KHALIL
661647333;0110002;0301010072;CONSULTA EM ORTOPEDIA - GERAL;06302616603;ROMULO AMARAL TAFURI;06.05.2026;12:30;0;700008764566700;MARILIA JUREMA RIBEIRO DA SILVA;24.05.1978;48;577;JULIA LOURENCO DA SILVA;RUA;ANGICO;;318;SÃO CRISTOVÃO;79490000;(67)99633-5174;SAO GABRIEL DO OESTE;500769;SAO GABRIEL DO OESTE;500769;6452116;CENTRO DE ESPECIALIDADES MEDICAS;F;13.04.2026;PATRICKMASIAGA;13.04.2026;PATRICKMASIAGA;10.00;CONFIRMADO;Z016;06302616603;ROMULO AMARAL TAFURI
661650264;2300004;0301010072;CONSULTA EM CARDIOLOGIA;01110123175;ELY DONIZETH DE ASSIS JUNIOR;18.05.2026;06:30;0;704601689023122;JERONIMO BORGES DE CARVALHO;09.09.1945;80;969;ANNA UMBILINA DE JESUS;RUA;MARIA SEVERO;CASA;1851;PRIMO MAFFISSONI;79490000;(67)99876-8913;SAO GABRIEL DO OESTE;500769;SAO GABRIEL DO OESTE;500769;7333218;UNIDADE DE SAUDE DA FAMILIA X;M;13.04.2026;CLEIDIANE_ESFX;13.04.2026;CLEIDIANE_ESFX;10.00;PENDENTE;R55;63805480172;CLEDSON PERETTI
661651102;0110002;0301010072;CONSULTA EM ORTOPEDIA - GERAL;04469955680;DANIEL ROCHA DO CARMO;18.05.2026;12:30;0;705004804279550;NICOLY REBECHI DE PAULA;13.01.2013;13;161;JOSEANE REBECHI;RUA;PERNAMBUCO;;1999;PRIMO MAFFISSONI;79490000;(67)99612-7247;SAO GABRIEL DO OESTE;500769;SAO GABRIEL DO OESTE;500769;7333218;UNIDADE DE SAUDE DA FAMILIA X;F;13.04.2026;CLEIDIANE_ESFX;13.04.2026;CLEIDIANE_ESFX;10.00;CONFIRMADO;M41;63805480172;CLEDSON PERETTI
661655382;0320174;0301010072;CONSULTA EM PNEUMOLOGIA - GERAL;09028429603;BERNARDO MEDEIROS MAIA;15.05.2026;08:00;0;700404940299849;ELI PEREIRA;23.08.1956;69;838;ERENITA LOPES PEREIRA;RUA;PELICANOS;;461;JARDIM GRAMADO;79490000;(67)99837-8060;SAO GABRIEL DO OESTE;500769;SAO GABRIEL DO OESTE;500769;6452116;CENTRO DE ESPECIALIDADES MEDICAS;F;13.04.2026;PATRICKMASIAGA;13.04.2026;PATRICKMASIAGA;10.00;CONFIRMADO;Z016;09028429603;BERNARDO MEDEIROS MAIA
661656749;3516007;0301010072;CONSULTA EM UROLOGIA - GERAL;04349392181;ANTONIO AUGUSTO PALOMBO MENDES;21.05.2026;06:30;0;704202221744786;AURI ALCEU RECH;12.09.1958;67;813;ACYLINA CASSANEGO RECH;RUA;RIO DE JANEIRO;CASA;1999;CENTRO;79490019;(67)99670-6870 / (67)99670-6870;SAO GABRIEL DO OESTE;500769;SAO GABRIEL DO OESTE;500769;6452116;CENTRO DE ESPECIALIDADES MEDICAS;M;13.04.2026;PATRICKMASIAGA;13.04.2026;PATRICKMASIAGA;10.00;CONFIRMADO;Z016;;MAYARA MELKE
661660301;0282081;0301010072;CONSULTA EM CIRURGIA GERAL;48047740172;EVA WILMA ABDO DOS SANTOS GUIMARAES;18.05.2026;12:30;0;706803253897423;JOSE RODRIGUES VIEIRA;22.08.1956;69;838;ABIGAIR DIAS VIEIRA;RUA;EUGENIO FERREIRA DA CUNHA;CASA;02;PRIMO MAFFISSONI;79490000;(67)99806-3507;SAO GABRIEL DO OESTE;500769;SAO GABRIEL DO OESTE;500769;6452116;CENTRO DE ESPECIALIDADES MEDICAS;M;13.04.2026;PATRICKMASIAGA;13.04.2026;PATRICKMASIAGA;10.00;PENDENTE;Z016;;PAULO FENELON MARINHO 
661661651;2300004;0301010072;CONSULTA EM CARDIOLOGIA;01110123175;ELY DONIZETH DE ASSIS JUNIOR;18.05.2026;06:30;0;706903172640936;ROSEMILDE PADILHA;17.12.1977;48;582;CECILIA PADILHA;RUA;MANOEL ROSA;;465;CENTRO;79490000;(67)99888-0781;SAO GABRIEL DO OESTE;500769;SAO GABRIEL DO OESTE;500769;6452116;CENTRO DE ESPECIALIDADES MEDICAS;F;13.04.2026;FERNANDACRISTINAALVES;13.04.2026;FERNANDACRISTINAALVES;10.00;PENDENTE;Z016;01110123175;ELY DONIZETH DE ASSIS JUNIOR
661663496;2300004;0301010072;CONSULTA EM CARDIOLOGIA;01110123175;ELY DONIZETH DE ASSIS JUNIOR;18.05.2026;06:30;0;700800433889389;JEAN PIERRI RONDON BARRA;23.07.1974;51;623;MARIA JORGINA RONDON BARRA;RUA;DOS BICUDOS;CASA;640;JARDIM GRAMADO;79490000;(61)3315-2425;SAO GABRIEL DO OESTE;500769;SAO GABRIEL DO OESTE;500769;6452116;CENTRO DE ESPECIALIDADES MEDICAS;M;13.04.2026;PATRICKMASIAGA;13.04.2026;PATRICKMASIAGA;10.00;PENDENTE;Z016;01110123175;ELY DONIZETH DE ASSIS JUNIOR
661664213;3516007;0301010072;CONSULTA EM UROLOGIA - GERAL;04349392181;ANTONIO AUGUSTO PALOMBO MENDES;07.05.2026;06:30;0;708408723986669;AGUINALDO VARGAS;02.04.1951;75;903;BENTA MACHADO VARGAS;RUA;HILDO NICARETTA;;2144;PRIMO MAFFISSONI;79490280;(67)99631-5040;SAO GABRIEL DO OESTE;500769;SAO GABRIEL DO OESTE;500769;7333218;UNIDADE DE SAUDE DA FAMILIA X;M;13.04.2026;RAISSASILVALIMA;15.04.2026;VANIA_MARIANO;10.00;PENDENTE;N210;63805480172;CLEDSON PERETTI
661664385;0282081;0301010072;CONSULTA EM CIRURGIA GERAL;48047740172;EVA WILMA ABDO DOS SANTOS GUIMARAES;18.05.2026;12:30;0;706802179638430;JUCIENE RIOS FRETES;18.07.1991;34;419;RUFINA RIOS FRETES;RUA;AZULAO 1073/99998;;1812;FENIX;79491104;(67)99836-1343;SAO GABRIEL DO OESTE;500769;SAO GABRIEL DO OESTE;500769;6452116;CENTRO DE ESPECIALIDADES MEDICAS;F;13.04.2026;PATRICKMASIAGA;13.04.2026;PATRICKMASIAGA;10.00;PENDENTE;Z016;;ANGELA BENITES
661665496;0282081;0301010072;CONSULTA EM CIRURGIA GERAL;48047740172;EVA WILMA ABDO DOS SANTOS GUIMARAES;21.05.2026;06:30;0;708408723986669;AGUINALDO VARGAS;02.04.1951;75;903;BENTA MACHADO VARGAS;RUA;HILDO NICARETTA;;2144;PRIMO MAFFISSONI;79490280;(67)99631-5040;SAO GABRIEL DO OESTE;500769;SAO GABRIEL DO OESTE;500769;7333218;UNIDADE DE SAUDE DA FAMILIA X;M;13.04.2026;RAISSASILVALIMA;13.04.2026;RAISSASILVALIMA;10.00;PENDENTE;K801;63805480172;CLEDSON PERETTI
661669340;0299008;0301010072;CONSULTA EM CIRURGIA VASCULAR – GERAL;70808015087;CELIO HELEGDA;13.05.2026;08:00;0;704606660152328;CINTYA GABRIELA SOUZA DIAS;30.12.1992;33;402;MARTA FELIZARDO DE SOUZA DIAS;RUA;SUCUPIRA;;260;SAO CRISTOVAO;79491176;(67)99903-6207;SAO GABRIEL DO OESTE;500769;SAO GABRIEL DO OESTE;500769;6452116;CENTRO DE ESPECIALIDADES MEDICAS;F;13.04.2026;PATRICKMASIAGA;13.04.2026;PATRICKMASIAGA;10.00;PENDENTE;Z016;70808015087;CELIO HELEGDA
661669943;0110002;0301010072;CONSULTA EM ORTOPEDIA - GERAL;06302616603;ROMULO AMARAL TAFURI;06.05.2026;14:00;0;704503339167918;ROSA LIMA DE SOUZA GONCALVES;14.12.1984;41;498;INEIS DA SILVA LIMA;RUA;ARARAS;;2362;FENIX;79490000;(67)99903-1734;SAO GABRIEL DO OESTE;500769;SAO GABRIEL DO OESTE;500769;2370999;UNIDADE DE SAUDE DA FAMILIA FENIX IV;F;13.04.2026;GUSTAVO_PIAIA;13.04.2026;GUSTAVO_PIAIA;10.00;PENDENTE;M543;00703866176;ALCIDES EDUARDO EIBEL
661672159;0110002;0301010072;CONSULTA EM ORTOPEDIA - GERAL;06302616603;ROMULO AMARAL TAFURI;06.05.2026;14:00;0;708907709228013;TATIANE NUNES;30.10.1984;41;500;FATIMA DO ROSARIO NUNES;RUA;DAS ARARAS;;1531;FENIX;79491102;(67)99619-8436 / (67)99903-0997;SAO GABRIEL DO OESTE;500769;SAO GABRIEL DO OESTE;500769;5971055;UNIDADE DE SAUDE DA FAMILIA VIII;F;13.04.2026;LAYS_VILHALVA;13.04.2026;LAYS_VILHALVA;10.00;CONFIRMADO;M54;04805244160;RENNAN ORTIZ BUENO
661675369;3516007;0301010072;CONSULTA EM UROLOGIA - GERAL;04349392181;ANTONIO AUGUSTO PALOMBO MENDES;21.05.2026;08:00;0;700507305140457;MARTA APARECIDA SANTOS CANDIDO;24.06.1967;59;708;ALZIRA SANTOS CANDIDO;RUA;ESPIRITO SANTO;CASA 3;474;CENTRO;79490000;(67)99995-3874;SAO GABRIEL DO OESTE;500769;SAO GABRIEL DO OESTE;500769;6452116;CENTRO DE ESPECIALIDADES MEDICAS;F;13.04.2026;CLEIDIANE_CEM;13.04.2026;CLEIDIANE_CEM;10.00;PENDENTE;K46;;VANIA GOMES MARIANO
661693628;2300004;0301010072;CONSULTA EM CARDIOLOGIA;01110123175;ELY DONIZETH DE ASSIS JUNIOR;18.05.2026;06:30;0;700002270402205;ZENY MORAES FASSINI;07.09.1958;67;814;ANA MACHADO MORAIS;RUA;IPÊ;;442;SÃO CRISTOVAO;79490000;(42)99947-2547;SAO GABRIEL DO OESTE;500769;SAO GABRIEL DO OESTE;500769;6452116;CENTRO DE ESPECIALIDADES MEDICAS;F;13.04.2026;PATRICKMASIAGA;13.04.2026;PATRICKMASIAGA;10.00;PENDENTE;Z016;01110123175;ELY DONIZETH DE ASSIS JUNIOR
661696348;2300004;0301010072;CONSULTA EM CARDIOLOGIA;01110123175;ELY DONIZETH DE ASSIS JUNIOR;18.05.2026;07:30;0;706202535427763;MARIA VIRGILINA SANTOS ROCHA;24.11.1965;60;727;MARIA LUZIA DOS SANTOS;RUA;SERIEMA;CASA;53;ASSENTAMENTO CAMPANARIO;79490000;(67)99618-3263;SAO GABRIEL DO OESTE;500769;SAO GABRIEL DO OESTE;500769;6452116;CENTRO DE ESPECIALIDADES MEDICAS;F;13.04.2026;PATRICKMASIAGA;13.04.2026;PATRICKMASIAGA;10.00;PENDENTE;Z016;01110123175;ELY DONIZETH DE ASSIS JUNIOR
661700277;0110002;0301010072;CONSULTA EM ORTOPEDIA - GERAL;89074033172;ROGERIO PADOVANI TOFFOLI;08.05.2026;14:00;0;709604636955571;JOSEFINA RODRIGUES;19.03.1954;72;867;ANA APARECIDA RODRIGUES;RUA;MINAS GERAIS;;2450;CENTRO;79490000;(67)99616-8251;SAO GABRIEL DO OESTE;500769;SAO GABRIEL DO OESTE;500769;6452116;CENTRO DE ESPECIALIDADES MEDICAS;F;13.04.2026;PATRICKMASIAGA;13.04.2026;PATRICKMASIAGA;10.00;PENDENTE;Z016;89074033172;ROGERIO PADOVANI TOFFOLI
661724198;0701224;0301010072;CONSULTA EM NEUROLOGIA - GERAL;22264073837;ANSELMO COSTA;26.05.2026;07:00;0;706805710614927;FATIMA DE LOURDES PRADO CARVALHO;05.09.1973;52;634;APARECIDA PRADO CARVALHO;RUA;PIAUI;;120;AMABILE MAFFISSONI;79490096;(67)99633-4589;SAO GABRIEL DO OESTE;500769;SAO GABRIEL DO OESTE;500769;6452116;CENTRO DE ESPECIALIDADES MEDICAS;F;13.04.2026;FERNANDACRISTINAALVES;13.04.2026;FERNANDACRISTINAALVES;10.00;CONFIRMADO;Z016;22264073837;ANSELMO COSTA
661751824;0015001;0301010072;CONSULTA EM OFTALMOLOGIA GERAL;45183520097;JONI HILDOR SCHWEICKARDT;07.05.2026;07:00;0;708006309521225;ELENIR APARECIDA GARBIN TREVISANI;17.08.1972;53;646;IVANEIDE GARBIN TREVISANI;RUA;MINAS GERAIS;;2028;CENTRO;79490011;(67)99998-0770 / (67)99957-9278;SAO GABRIEL DO OESTE;500769;SAO GABRIEL DO OESTE;500769;2599376;UNIDADE DE SAUDE DA FAMILIA VI;F;13.04.2026;MARIANA_MARTINS;13.04.2026;MARIANA_MARTINS;10.00;CONFIRMADO;Z010;06437691107;MAIARA FLORES SCARIOT
661759379;0282081;0301010072;CONSULTA EM CIRURGIA GERAL;48047740172;EVA WILMA ABDO DOS SANTOS GUIMARAES;21.05.2026;08:00;0;702807665732163;AIRTON FRONZA;24.06.1963;63;756;ABRILINA MARIA FRONZA;RUA;GOIAS;CASA;1827;CENTRO;79490000;(67)3295-1066 / (67)99962-1638;SAO GABRIEL DO OESTE;500769;SAO GABRIEL DO OESTE;500769;7333218;UNIDADE DE SAUDE DA FAMILIA X;M;13.04.2026;RAISSASILVALIMA;13.04.2026;RAISSASILVALIMA;10.00;CONFIRMADO;K409;63805480172;CLEDSON PERETTI
661760770;0015001;0301010072;CONSULTA EM OFTALMOLOGIA GERAL;45183520097;JONI HILDOR SCHWEICKARDT;07.05.2026;07:00;0;703400235471416;EURICO LORENA;18.05.1949;77;925;ALICE DE CARVALHO LORENA;RUA;ESPIRITO SANTO;;1092;CENTRO;79490000;(67)99644-0453 / (67)99600-6921;SAO GABRIEL DO OESTE;500769;SAO GABRIEL DO OESTE;500769;2599376;UNIDADE DE SAUDE DA FAMILIA VI;M;13.04.2026;MARIANA_MARTINS;13.04.2026;MARIANA_MARTINS;10.00;CONFIRMADO;Z010;06437691107;MAIARA FLORES SCARIOT
661761168;0110002;0301010072;CONSULTA EM ORTOPEDIA - GERAL;04469955680;DANIEL ROCHA DO CARMO;11.05.2026;14:00;0;700009934296602;HANNA MAYRA TEIXEIRA GONCALVES;08.01.1995;31;377;VENILTA TEIXEIRA DA CRUZ;RUA;JOAQUIM HONORIO RIBEIRO ROSA;;308;CENTRO;79490000;(67)99910-3366;SAO GABRIEL DO OESTE;500769;SAO GABRIEL DO OESTE;500769;6452116;CENTRO DE ESPECIALIDADES MEDICAS;F;13.04.2026;FERNANDACRISTINAALVES;13.04.2026;FERNANDACRISTINAALVES;10.00;PENDENTE;Z016;04469955680;DANIEL ROCHA DO CARMO
661766333;0282081;0301010072;CONSULTA EM CIRURGIA GERAL;48047740172;EVA WILMA ABDO DOS SANTOS GUIMARAES;21.05.2026;08:00;0;706404144432386;PEDRO ALVES DE MOURA;29.06.1964;62;744;ALZENIR ALVES DE MOURA;FAZENDA;BOA VISTA RETIRO;;S/N;AREA RURAL DE SAO GABRIEL DO OESTE;79493899;(67)99839-3276;SAO GABRIEL DO OESTE;500769;SAO GABRIEL DO OESTE;500769;3400964;UNIDADE DE SAUDE DA FAMILIA RURAL VII;M;13.04.2026;DULCINEIA_MOCCELIN;13.04.2026;DULCINEIA_MOCCELIN;10.00;CONFIRMADO;K46;00612619630;KALYNKA SILVIA HIGINO
661767990;3516007;0301010072;CONSULTA EM UROLOGIA - GERAL;04349392181;ANTONIO AUGUSTO PALOMBO MENDES;21.05.2026;08:00;0;700408974132045;EPAMINONDAS GARCIA DE MENDONCA;05.11.1928;97;1172;MARIANA LUCIANA DE MENDONCA;AREA;PRINCIPAL 1;;69;AREA RURAL DE SAO GABRIEL DO OESTE;79493899;(67)99924-4255 / (67)99872-7535;SAO GABRIEL DO OESTE;500769;SAO GABRIEL DO OESTE;500769;2370972;UNIDADE DE SAUDE DA FAMILIA MILANE II;M;13.04.2026;JULIANA_PACHECO;13.04.2026;JULIANA_PACHECO;10.00;CONFIRMADO;N40;83798633134;JOAO BAPTISTA BARBOSA SOUZA
661768221;3516007;0301010072;CONSULTA EM UROLOGIA - GERAL;04349392181;ANTONIO AUGUSTO PALOMBO MENDES;22.05.2026;08:00;0;709808041893792;GERSON DE SIQUEIRA;28.07.1954;71;863;SERVINA FELIZARDA SIQUEIRA;RUA;CANARIOS;;1204;JARDIM GRAMADO;79490000;(67)99936-2159;SAO GABRIEL DO OESTE;500769;SAO GABRIEL DO OESTE;500769;2370980;UNIDADE DE SAUDE DA FAMILIA JARDIM GRAMADO I;M;13.04.2026;ELIANI_MOREIRA;13.04.2026;ELIANI_MOREIRA;10.00;PENDENTE;Q61;01454652179;MAYARA MARIA MELKE GUIMARAES
661768373;0282081;0301010072;CONSULTA EM CIRURGIA GERAL;48047740172;EVA WILMA ABDO DOS SANTOS GUIMARAES;21.05.2026;08:00;0;702804124608865;DULCINEIA MOCCELIN;05.02.1981;45;545;SUELY TERESINHA FEDRIGO MOCCELIN;RUA;BAHIA 1/2399;CASA;984;CENTRO;79490021;(67)99905-6394;SAO GABRIEL DO OESTE;500769;SAO GABRIEL DO OESTE;500769;3400964;UNIDADE DE SAUDE DA FAMILIA RURAL VII;F;13.04.2026;DULCINEIA_MOCCELIN;13.04.2026;DULCINEIA_MOCCELIN;10.00;PENDENTE;E882;00612619630;KALYNKA SILVIA HIGINO
661774754;0110002;0301010072;CONSULTA EM ORTOPEDIA - GERAL;06302616603;ROMULO AMARAL TAFURI;06.05.2026;14:00;0;703202625112694;EDUARDO FRAGA DE OLIVEIRA;30.08.2001;24;298;CLAUDIA FRAGA OLHER;RUA;ZAMBEI SATO;;670;BARRA VERDE;79480000;(67)99988-8711;RIO VERDE DE MATO GROSSO;500740;SAO GABRIEL DO OESTE;500769;2370980;UNIDADE DE SAUDE DA FAMILIA JARDIM GRAMADO I;M;13.04.2026;ELIANI_MOREIRA;13.04.2026;ELIANI_MOREIRA;10.00;CONFIRMADO;M796;01454652179;MAYARA MARIA MELKE GUIMARAES
661780817;0110002;0301010072;CONSULTA EM ORTOPEDIA - GERAL;06302616603;ROMULO AMARAL TAFURI;06.05.2026;14:00;0;700405940678441;MARIA BOCALON DOS SANTOS;02.10.1951;74;897;MARIA ZUCONELLI BOCALON;RUA;DONA ELVIRA;;1066;MILANI;79490000;(67)9608-5918;SAO GABRIEL DO OESTE;500769;SAO GABRIEL DO OESTE;500769;2370972;UNIDADE DE SAUDE DA FAMILIA MILANE II;F;13.04.2026;FLAVIA_RODRIGUES;13.04.2026;FLAVIA_RODRIGUES;10.00;PENDENTE;S819;83798633134;JOAO BAPTISTA BARBOSA SOUZA
661781726;0299008;0301010072;CONSULTA EM CIRURGIA VASCULAR – GERAL;70808015087;CELIO HELEGDA;13.05.2026;08:00;0;700405940678441;MARIA BOCALON DOS SANTOS;02.10.1951;74;897;MARIA ZUCONELLI BOCALON;RUA;DONA ELVIRA;;1066;MILANI;79490000;(67)9608-5918;SAO GABRIEL DO OESTE;500769;SAO GABRIEL DO OESTE;500769;2370972;UNIDADE DE SAUDE DA FAMILIA MILANE II;F;13.04.2026;FLAVIA_RODRIGUES;13.04.2026;FLAVIA_RODRIGUES;10.00;CONFIRMADO;S801;83798633134;JOAO BAPTISTA BARBOSA SOUZA
661787567;0015001;0301010072;CONSULTA EM OFTALMOLOGIA GERAL;45183520097;JONI HILDOR SCHWEICKARDT;07.05.2026;09:00;0;703006866119978;NATALIA BORSOI;19.07.2008;17;215;ALDA DE JESUS PENARIOL;CHACARA;IGUATEMI;;2;VILA INDUSTRIAL;79490000;(67)99603-0363;SAO GABRIEL DO OESTE;500769;SAO GABRIEL DO OESTE;500769;3400964;UNIDADE DE SAUDE DA FAMILIA RURAL VII;F;13.04.2026;DULCINEIA_MOCCELIN;13.04.2026;DULCINEIA_MOCCELIN;10.00;CONFIRMADO;H54;96040653191;PAULO FENELON MARINHO
661791354;0110002;0301010072;CONSULTA EM ORTOPEDIA - GERAL;06302616603;ROMULO AMARAL TAFURI;06.05.2026;14:00;0;705606496723214;SOELI DORNELES;03.01.1967;59;714;MARIA JULIA DORNELES;RUA;CAMBARÁ;;745;FLOR DO CERRADO;79490000;(67)99908-9950 / (67)99332-8458;SAO GABRIEL DO OESTE;500769;SAO GABRIEL DO OESTE;500769;7002084;UNIDADE DE SAUDE DA FAMILIA IX;F;13.04.2026;AMANDALUIZA_BIAZUS;13.04.2026;AMANDALUIZA_BIAZUS;10.00;PENDENTE;M255;96040653191;PAULO FENELON MARINHO
661791933;0701224;0301010072;CONSULTA EM NEUROLOGIA - GERAL;22264073837;ANSELMO COSTA;06.05.2026;12:00;0;706402685314989;ZILMA RAIMUNDA DA SILVA;25.02.1976;50;604;MARIA APARECIDA DA SILVA;RUA;CURICACA;;579;JARDIM GRAMADO;79490000;(67)99937-2931;SAO GABRIEL DO OESTE;500769;SAO GABRIEL DO OESTE;500769;3400964;UNIDADE DE SAUDE DA FAMILIA RURAL VII;F;13.04.2026;JESSICA_PINHEIRO;13.04.2026;JESSICA_PINHEIRO;10.00;PENDENTE;E221;;RENNAN ORTIZ BUENO
661793822;0320174;0301010072;CONSULTA EM PNEUMOLOGIA - GERAL;09028429603;BERNARDO MEDEIROS MAIA;15.05.2026;08:00;0;700505961013952;CEZONIA DE JESUS;18.06.1943;83;996;MARIA WARMLING BECKHAUSER;RUA;PIRATINI;;411;MILANI;79490000;(67)9638-2262;SAO GABRIEL DO OESTE;500769;SAO GABRIEL DO OESTE;500769;2370972;UNIDADE DE SAUDE DA FAMILIA MILANE II;F;13.04.2026;FLAVIA_RODRIGUES;13.04.2026;FLAVIA_RODRIGUES;10.00;PENDENTE;R05;83798633134;JOAO BAPTISTA BARBOSA SOUZA
661794567;0110002;0301010072;CONSULTA EM ORTOPEDIA - GERAL;04469955680;DANIEL ROCHA DO CARMO;18.05.2026;12:30;0;709202243132334;DEBORA CLAUDINO DA SILVA ACOSTA MONTEIRO;26.03.1981;45;543;SEVERINA CLAUDINO DOS SANTOS;RUA;MONTE CASTELO 1313/99999;;1541;JARDIM SAO PEDRO;79810060;(67)98455-7976;DOURADOS;500370;SAO GABRIEL DO OESTE;500769;6452116;CENTRO DE ESPECIALIDADES MEDICAS;F;13.04.2026;FERNANDACRISTINAALVES;13.04.2026;FERNANDACRISTINAALVES;10.00;CONFIRMADO;Z016;04469955680;DANIEL ROCHA DO CARMO
661799860;2300004;0301010072;CONSULTA EM CARDIOLOGIA;01110123175;ELY DONIZETH DE ASSIS JUNIOR;27.05.2026;07:30;0;705400439480398;VALDETE AFONSO DOS SANTOS;19.04.1959;67;806;OLIVIA TEIXEIRA DOS SANTOS;AVENIDA;SAO FRANCISCO 2400/99998;NEMERO 3000;S/N;AMABILE MAFFISSONI;79490110;(67)99666-6888;SAO GABRIEL DO OESTE;500769;SAO GABRIEL DO OESTE;500769;6452116;CENTRO DE ESPECIALIDADES MEDICAS;M;13.04.2026;PATRICKMASIAGA;13.04.2026;PATRICKMASIAGA;10.00;CONFIRMADO;Z016;;ROMULO TAFURI
661806712;0110002;0301010072;CONSULTA EM ORTOPEDIA - GERAL;04469955680;DANIEL ROCHA DO CARMO;18.05.2026;12:30;0;707608264848997;ELCK PALACIO;26.07.1973;52;635;MARIA DE LOURDES PALACIO;RUA;CURRUIRAS;;1145;JARDIM GRAMADO;79490000;(67)99605-6045;SAO GABRIEL DO OESTE;500769;SAO GABRIEL DO OESTE;500769;3400964;UNIDADE DE SAUDE DA FAMILIA RURAL VII;F;13.04.2026;JESSICA_PINHEIRO;13.04.2026;JESSICA_PINHEIRO;10.00;CONFIRMADO;Z000;;DANIEL ROCHA DO CARMO
661808914;0701224;0301010072;CONSULTA EM NEUROLOGIA - GERAL;22264073837;ANSELMO COSTA;06.05.2026;12:00;0;700002741075004;TANIA RODRIGUES DOS SANTOS DE MOURA;05.07.1971;55;660;TEREZINHA RODRIGUES DA SILVA;RUA;CURIO;;1519;JARDIM DOS PASSAROS;79490000;(67)96905-9450;SAO GABRIEL DO OESTE;500769;SAO GABRIEL DO OESTE;500769;3400964;UNIDADE DE SAUDE DA FAMILIA RURAL VII;F;13.04.2026;JESSICA_PINHEIRO;13.04.2026;JESSICA_PINHEIRO;10.00;CONFIRMADO;R51;;RENNAN ORTIZ BUENO
661813127;0110002;0301010072;CONSULTA EM ORTOPEDIA - GERAL;06302616603;ROMULO AMARAL TAFURI;06.05.2026;14:00;0;700505377162358;CLEONICE MARIA DE NOVAES BALBINO;07.12.1971;54;655;MARIA ANTONIA DOS SANTOS;RUA;DAS CURRUIRAS;CASA;909;JARDIM GRAMADO;79491014;(67)99931-1892;SAO GABRIEL DO OESTE;500769;SAO GABRIEL DO OESTE;500769;3400964;UNIDADE DE SAUDE DA FAMILIA RURAL VII;F;13.04.2026;JESSICA_PINHEIRO;13.04.2026;JESSICA_PINHEIRO;10.00;CONFIRMADO;M544;;RENNAN ORTIZ BUENO
661813689;0015001;0301010072;CONSULTA EM OFTALMOLOGIA GERAL;45183520097;JONI HILDOR SCHWEICKARDT;07.05.2026;09:00;0;705604467687610;ROSELI OLIVEIRA DA SILVA LIMA;01.05.1972;54;650;MARIA APARECIDA OLIVEIRA DA SILVA;RUA;JOAO EVANGELISTA ROSA;CASA;1500;PRIMO MAFFISSONI;79490000;(67)99676-9703;SAO GABRIEL DO OESTE;500769;SAO GABRIEL DO OESTE;500769;7333218;UNIDADE DE SAUDE DA FAMILIA X;F;13.04.2026;RAISSASILVALIMA;13.04.2026;RAISSASILVALIMA;10.00;CONFIRMADO;Z010;63805480172;CLEDSON PERETTI
661813918;0015001;0301010072;CONSULTA EM OFTALMOLOGIA GERAL;45183520097;JONI HILDOR SCHWEICKARDT;07.05.2026;09:00;0;700001849519603;CLEUZA MACHADO DE OLIVEIRA DUTRA;12.11.1972;53;643;JESUINA MACHADO DE OLIVEIRA;RUA;BEM TE VI;CASA 1;1544;FÊNIX;79490000;(67)99811-6758;SAO GABRIEL DO OESTE;500769;SAO GABRIEL DO OESTE;500769;3400964;UNIDADE DE SAUDE DA FAMILIA RURAL VII;F;13.04.2026;JESSICA_PINHEIRO;13.04.2026;JESSICA_PINHEIRO;10.00;CONFIRMADO;H520;;RENNAN ORTIZ BUENO
661815741;2300004;0301010072;CONSULTA EM CARDIOLOGIA;98260570106;CLAUDIA REGINA DUARTE CAZZOLATO KHALIL;08.05.2026;07:30;0;700809907700085;ALINE RODRIGUES DIAS;09.03.1997;29;351;SEBASTIANA MARTA RODRIGUES DA SILVA;RUA;OITI;;395;FÊNIX;79490000;(67)99611-7879;SAO GABRIEL DO OESTE;500769;SAO GABRIEL DO OESTE;500769;7002084;UNIDADE DE SAUDE DA FAMILIA IX;F;13.04.2026;AMANDALUIZA_BIAZUS;13.04.2026;AMANDALUIZA_BIAZUS;10.00;PENDENTE;Z136;96040653191;PAULO FENELON MARINHO
661818032;2300004;0301010072;CONSULTA EM CARDIOLOGIA;98260570106;CLAUDIA REGINA DUARTE CAZZOLATO KHALIL;22.05.2026;14:00;0;706208576819262;AGNALDO GOMES DA SILVA;05.11.1975;50;608;JAIMINA PEREIRA DA SILVA;RUA;FORTUNATO QUINTINO ZANETTI;;1656;JARDIM ALVORADA;79490000;(61)3315-2425;SAO GABRIEL DO OESTE;500769;SAO GABRIEL DO OESTE;500769;6452116;CENTRO DE ESPECIALIDADES MEDICAS;M;13.04.2026;FERNANDACRISTINAALVES;13.04.2026;FERNANDACRISTINAALVES;10.00;PENDENTE;Z016;98260570106;CLAUDIA REGINA DUARTE CAZZOLATO KHALIL
661818968;0299008;0301010072;CONSULTA EM CIRURGIA VASCULAR – GERAL;70808015087;CELIO HELEGDA;20.05.2026;06:30;0;703205659957495;LEONTINA URBANO DA SILVA;16.04.1949;77;926;MARIA DA NATIVIDADE;RUA;SANTO ANGELO;;272;MILANI;79492092;(67)99810-5956;SAO GABRIEL DO OESTE;500769;SAO GABRIEL DO OESTE;500769;6452116;CENTRO DE ESPECIALIDADES MEDICAS;F;13.04.2026;FERNANDACRISTINAALVES;13.04.2026;FERNANDACRISTINAALVES;10.00;CONFIRMADO;Z016;70808015087;CELIO HELEGDA
661819554;0110002;0301010072;CONSULTA EM ORTOPEDIA - GERAL;04469955680;DANIEL ROCHA DO CARMO;11.05.2026;14:00;0;704206205496688;ALDEANE ELIAS DA SILVA;01.06.1985;41;493;DINA ELIAS DOS SANTOS E SILVA;RUA;CURIO;CASA;1802;JARDIM GRAMADO;79490000;(46)99935-6362;SAO GABRIEL DO OESTE;500769;SAO GABRIEL DO OESTE;500769;6452116;CENTRO DE ESPECIALIDADES MEDICAS;F;13.04.2026;PATRICKMASIAGA;13.04.2026;PATRICKMASIAGA;10.00;PENDENTE;Z016;04469955680;DANIEL ROCHA DO CARMO
661821847;0110002;0301010072;CONSULTA EM ORTOPEDIA - GERAL;04469955680;DANIEL ROCHA DO CARMO;11.05.2026;14:00;0;708108173872340;LUCIA APARECIDA PINHEIRO MONTESSI;07.02.1979;47;569;MARIA PINHEIRO MONTESSI;RUA;ALAGOAS;;3162;AMABILE MAFFISSONI;79490000;(67)99911-2591;SAO GABRIEL DO OESTE;500769;SAO GABRIEL DO OESTE;500769;6452116;CENTRO DE ESPECIALIDADES MEDICAS;F;13.04.2026;PATRICKMASIAGA;13.04.2026;PATRICKMASIAGA;10.00;PENDENTE;Z016;04469955680;DANIEL ROCHA DO CARMO
661824283;0701224;0301010072;CONSULTA EM NEUROLOGIA - GERAL;22264073837;ANSELMO COSTA;06.05.2026;12:00;0;705001661733455;NAIR DOS ANJOS ALMEIDA;12.08.1948;77;934;GERONIMA OTALIA BARBOZA;RUA;QNO 11 CL G CS 31;;31;STO;79480000;(61)3374-0504;BRASILIA;530010;SAO GABRIEL DO OESTE;500769;3400964;UNIDADE DE SAUDE DA FAMILIA RURAL VII;F;13.04.2026;DULCINEIA_MOCCELIN;13.04.2026;DULCINEIA_MOCCELIN;10.00;CONFIRMADO;R412;02453491113;MILENA GUEDIN VARGAS
661824745;0110002;0301010072;CONSULTA EM ORTOPEDIA - GERAL;04469955680;DANIEL ROCHA DO CARMO;18.05.2026;12:30;0;700801490190489;JESSICA OLIVEIRA ROSA;09.04.1995;31;374;CARLA OLIVEIRA MENDONCA ROSA;RUA;PERDIZES;CASA;1247;SÃO CRISTOVÃO;79491192;(67)9996-9726;SAO GABRIEL DO OESTE;500769;SAO GABRIEL DO OESTE;500769;6452116;CENTRO DE ESPECIALIDADES MEDICAS;F;13.04.2026;PATRICKMASIAGA;13.04.2026;PATRICKMASIAGA;10.00;PENDENTE;Z016;04469955680;DANIEL ROCHA DO CARMO
661827015;0320174;0301010072;CONSULTA EM PNEUMOLOGIA - GERAL;09028429603;BERNARDO MEDEIROS MAIA;19.05.2026;13:00;0;700306911804533;CARLOS PEREIRA MAGALHAES;09.03.1962;64;771;NAIR OZORIA MAGALHAES;RUA;CANARIOS;;1229;JARDIM GRAMADO;79490000;(67)99938-9036;SAO GABRIEL DO OESTE;500769;SAO GABRIEL DO OESTE;500769;6452116;CENTRO DE ESPECIALIDADES MEDICAS;M;13.04.2026;PATRICKMASIAGA;13.04.2026;PATRICKMASIAGA;10.00;CONFIRMADO;Z016;09028429603;BERNARDO MEDEIROS MAIA
661844894;0110002;0301010072;CONSULTA EM ORTOPEDIA - GERAL;04469955680;DANIEL ROCHA DO CARMO;18.05.2026;14:00;0;700805422166989;FRANCISCA JOCIANA MENDES CRUZ;05.11.1989;36;440;TEREZA COSTA MENDES;RUA;BEM TEVI;CASA;1845;FÊNIX;79490000;(67)98463-7912;SAO GABRIEL DO OESTE;500769;SAO GABRIEL DO OESTE;500769;6452116;CENTRO DE ESPECIALIDADES MEDICAS;F;14.04.2026;FERNANDACRISTINAALVES;14.04.2026;FERNANDACRISTINAALVES;10.00;PENDENTE;Z016;04469955680;DANIEL ROCHA DO CARMO
661851381;2300004;0301010072;CONSULTA EM CARDIOLOGIA;01110123175;ELY DONIZETH DE ASSIS JUNIOR;19.05.2026;06:30;0;705000848519359;VENANCIA RIOS;10.04.1955;71;854;APARECIDA RIOS;RUA;MONTEIRO LOBATO;COHAB IV;545;JARDIM ALVORADA;79490000;(67)3295-3514;SAO GABRIEL DO OESTE;500769;SAO GABRIEL DO OESTE;500769;6452116;CENTRO DE ESPECIALIDADES MEDICAS;F;14.04.2026;FERNANDACRISTINAALVES;14.04.2026;FERNANDACRISTINAALVES;10.00;PENDENTE;Z016;01110123175;ELY DONIZETH DE ASSIS JUNIOR
661859020;0110002;0301010072;CONSULTA EM ORTOPEDIA - GERAL;00530001101;BRUNO PETINARI UMBELINO;18.05.2026;06:30;0;703406241180113;ALANNA RODRIGUES DA SILVA;14.11.2018;07;91;ALINE RODRIGUES DIAS;RUA;OITI;CASA;395;FÊNIX;79490000;(67)99662-6953;SAO GABRIEL DO OESTE;500769;SAO GABRIEL DO OESTE;500769;6452116;CENTRO DE ESPECIALIDADES MEDICAS;F;14.04.2026;PATRICKMASIAGA;14.04.2026;PATRICKMASIAGA;10.00;PENDENTE;Z016;;PAULO FENELON MARINHO 
661859847;0110002;0301010072;CONSULTA EM ORTOPEDIA - GERAL;00468987193;ARTHUR MARTINS DE ALMEIDA;19.05.2026;06:30;0;704808015904145;MARIA VENNIA DE OLIVEIRA;17.02.1966;60;724;EURIDES ALVES DE OLIVEIRA;SITIO;PRIMEIRO DE MAIO;ASSENTAMENTO;S/N;ZONA RURAL;59780000;(84)3337-7015;CARAUBAS;240230;SAO GABRIEL DO OESTE;500769;6452116;CENTRO DE ESPECIALIDADES MEDICAS;F;14.04.2026;FERNANDACRISTINAALVES;14.04.2026;FERNANDACRISTINAALVES;10.00;PENDENTE;Z016;00468987193;ARTHUR MARTINS DE ALMEIDA
661866330;0110002;0301010072;CONSULTA EM ORTOPEDIA - GERAL;00530001101;BRUNO PETINARI UMBELINO;18.05.2026;06:30;0;700004500856808;FABIO JUNIOR LIMA DA SILVA;08.08.1987;38;466;OLGA LIMA DA SILVA;FAZENDA;SAO CARLOS;;S/N;RURAL;79470000;(67)99680-0074;RIO NEGRO;500730;SAO GABRIEL DO OESTE;500769;6452116;CENTRO DE ESPECIALIDADES MEDICAS;M;14.04.2026;PATRICKMASIAGA;14.04.2026;PATRICKMASIAGA;10.00;PENDENTE;Z016;;NATALIA NUBIA CORREIA DE LIMA 
661867715;0110002;0301010072;CONSULTA EM ORTOPEDIA - GERAL;93393539191;RODOLFO FABIANO NIZ BAREIRO;07.05.2026;12:30;0;706908111764532;FABIANO WISNESKI;25.02.1976;50;604;LUCIA ALMEIDA WISNESKI;RUA;COLIBRI;;296;FÊNIX;79490000;(67)99608-2308;SAO GABRIEL DO OESTE;500769;SAO GABRIEL DO OESTE;500769;7002084;UNIDADE DE SAUDE DA FAMILIA IX;M;14.04.2026;AMANDALUIZA_BIAZUS;14.04.2026;AMANDALUIZA_BIAZUS;10.00;PENDENTE;M255;96040653191;PAULO FENELON MARINHO
661868671;2300004;0301010072;CONSULTA EM CARDIOLOGIA;01110123175;ELY DONIZETH DE ASSIS JUNIOR;18.05.2026;07:30;0;706405166166086;ALCIRIO BRUXEL JUNIOR;11.12.1992;33;402;IRACI ANTONIO BRUXEL;RUA;ESTUDANTE ELIAS BORGAMAN;CASA;1668;JARDIM ALVORADA;79490000;(67)99634-3669;SAO GABRIEL DO OESTE;500769;SAO GABRIEL DO OESTE;500769;6452116;CENTRO DE ESPECIALIDADES MEDICAS;M;14.04.2026;PATRICKMASIAGA;14.04.2026;PATRICKMASIAGA;10.00;PENDENTE;Z016;01110123175;ELY DONIZETH DE ASSIS JUNIOR
661871616;0299008;0301010072;CONSULTA EM CIRURGIA VASCULAR – GERAL;70808015087;CELIO HELEGDA;20.05.2026;06:30;0;700608489191068;MARIA AUXILIADORA DE SOUZA;26.08.1971;54;658;DELFINA MARCOLINO DE SOUZA;RUA;IGNES BARATIERE RIZZO;CASA 3;352;JARDIM PRIMAVERA;79490128;(67)99674-4146;SAO GABRIEL DO OESTE;500769;SAO GABRIEL DO OESTE;500769;6452116;CENTRO DE ESPECIALIDADES MEDICAS;F;14.04.2026;PATRICKMASIAGA;14.04.2026;PATRICKMASIAGA;10.00;PENDENTE;Z016;70808015087;CELIO HELEGDA
661872297;0299008;0301010072;CONSULTA EM CIRURGIA VASCULAR – GERAL;70808015087;CELIO HELEGDA;20.05.2026;06:30;0;704504302127417;SILVANILDO JOSE DE MATTOS;30.04.1968;58;698;LEONOR GUILHERMINA DE MATTOS;RUA;AMAZONAS;;2596;AMABILE MAFFISSONI;79490000;(67)99802-1353 / (67)99961-7205;SAO GABRIEL DO OESTE;500769;SAO GABRIEL DO OESTE;500769;6452116;CENTRO DE ESPECIALIDADES MEDICAS;M;14.04.2026;PATRICKMASIAGA;14.04.2026;PATRICKMASIAGA;10.00;PENDENTE;Z016;70808015087;CELIO HELEGDA
661874462;0299008;0301010072;CONSULTA EM CIRURGIA VASCULAR – GERAL;70808015087;CELIO HELEGDA;20.05.2026;06:30;0;704706717190435;PEDRO LOPES DOS SANTOS;04.07.1956;70;840;DORVALINA LOPES DOS SANTOS;RUA;CURIÓ;CASA;1971;FÊNIX;79491082;(67)9874-8107 / (67)99840-2353;SAO GABRIEL DO OESTE;500769;SAO GABRIEL DO OESTE;500769;6452116;CENTRO DE ESPECIALIDADES MEDICAS;M;14.04.2026;FERNANDACRISTINAALVES;14.04.2026;FERNANDACRISTINAALVES;10.00;PENDENTE;Z016;70808015087;CELIO HELEGDA
661875041;0110002;0301010072;CONSULTA EM ORTOPEDIA - GERAL;00468987193;ARTHUR MARTINS DE ALMEIDA;19.05.2026;06:30;0;700007840481609;EDUARDO PEREIRA REGO;18.03.1960;66;795;OLGA PEREIRA REGO;RUA;IPÊ;;533;SÃO CRISTOVÃO;79490000;(67)99802-2715;SAO GABRIEL DO OESTE;500769;SAO GABRIEL DO OESTE;500769;6452116;CENTRO DE ESPECIALIDADES MEDICAS;M;14.04.2026;PATRICKMASIAGA;14.04.2026;PATRICKMASIAGA;10.00;PENDENTE;Z016;00468987193;ARTHUR MARTINS DE ALMEIDA
661876146;0110002;0301010072;CONSULTA EM ORTOPEDIA - GERAL;00468987193;ARTHUR MARTINS DE ALMEIDA;19.05.2026;06:30;0;706204038349960;JOSELIA DA SILVA LIMA;11.03.1963;63;759;FRANCISCA DA SILVA LIMA;RUA;TUIUIU;;614;JARDIM GRAMADO;79490000;(67)99924-5318;SAO GABRIEL DO OESTE;500769;SAO GABRIEL DO OESTE;500769;6452116;CENTRO DE ESPECIALIDADES MEDICAS;F;14.04.2026;FERNANDACRISTINAALVES;14.04.2026;FERNANDACRISTINAALVES;10.00;PENDENTE;Z016;00468987193;ARTHUR MARTINS DE ALMEIDA
661887935;0110002;0301010072;CONSULTA EM ORTOPEDIA - GERAL;00468987193;ARTHUR MARTINS DE ALMEIDA;19.05.2026;08:00;0;700509747313553;MARCIANO BATISTA DE LIMA;14.11.1976;49;595;GRACIENE MARIA SILVA DE LIMA;RUA;SARACURA;;695;JARDIM GRAMADO;79490000;(67)99952-3096;SAO GABRIEL DO OESTE;500769;SAO GABRIEL DO OESTE;500769;6452116;CENTRO DE ESPECIALIDADES MEDICAS;M;14.04.2026;PATRICKMASIAGA;14.04.2026;PATRICKMASIAGA;10.00;PENDENTE;Z016;00468987193;ARTHUR MARTINS DE ALMEIDA
661892384;2300004;0301010072;CONSULTA EM CARDIOLOGIA;01110123175;ELY DONIZETH DE ASSIS JUNIOR;18.05.2026;07:30;0;708202637297342;CLAUDEMIR DE AQUINO;12.02.1973;53;640;MARIA JOSE NICOLAU DE AQUINO;TRAVESSA;SANTO IZIDORO;CASA;1114;MILANI;79490000;(67)9643-3747;SAO GABRIEL DO OESTE;500769;SAO GABRIEL DO OESTE;500769;2370972;UNIDADE DE SAUDE DA FAMILIA MILANE II;M;14.04.2026;FLAVIA_RODRIGUES;14.04.2026;FLAVIA_RODRIGUES;10.00;PENDENTE;Z000;02453491113;MILENA GUEDIN VARGAS
661894773;0282081;0301010072;CONSULTA EM CIRURGIA GERAL;48047740172;EVA WILMA ABDO DOS SANTOS GUIMARAES;21.05.2026;08:00;0;707804691479613;JILMARCOS NUNES PERES;04.10.1987;38;465;OLIVETE NUNES DE OLIVEIRA PERES;JARDIM;AMETISTA;;477;VILA BELA;79415000;(61)3315-2425;COXIM;500330;SAO GABRIEL DO OESTE;500769;6452116;CENTRO DE ESPECIALIDADES MEDICAS;M;14.04.2026;PATRICKMASIAGA;14.04.2026;PATRICKMASIAGA;10.00;CONFIRMADO;Z016;48047740172;EVA WILMA ABDO DOS SANTOS GUIMARAES
661896856;0282081;0301010072;CONSULTA EM CIRURGIA GERAL;48047740172;EVA WILMA ABDO DOS SANTOS GUIMARAES;21.05.2026;08:00;0;700509791538557;ALEXANDRE SILVERIO;05.12.1982;43;523;MARIA DE LOURDES DA SILVA SILVERIO;RUA;CURIO;CASA 4;1229;JARDIM GRAMADO;79491012;(67)99888-6185 / (67)99954-9769;SAO GABRIEL DO OESTE;500769;SAO GABRIEL DO OESTE;500769;3400964;UNIDADE DE SAUDE DA FAMILIA RURAL VII;M;14.04.2026;JESSICA_PINHEIRO;14.04.2026;JESSICA_PINHEIRO;10.00;CONFIRMADO;K80;;RENNAN ORTIZ BUENO
661897552;0110002;0301010072;CONSULTA EM ORTOPEDIA - GERAL;00530001101;BRUNO PETINARI UMBELINO;18.05.2026;06:30;0;705006203495552;OLENIR PEREIRA DA SILVA;19.08.1985;40;490;IZABEL PEREIRA DA SILVA;RUA;JOAO RIBEIRO GUIMARAES;;45;CENTRO;79490000;(67)99643-8298;SAO GABRIEL DO OESTE;500769;SAO GABRIEL DO OESTE;500769;6452116;CENTRO DE ESPECIALIDADES MEDICAS;M;14.04.2026;PATRICKMASIAGA;14.04.2026;PATRICKMASIAGA;10.00;PENDENTE;Z016;94777241149;NELSON BARBOSA TAVARES FILHO
661898541;0015001;0301010072;CONSULTA EM OFTALMOLOGIA GERAL;45183520097;JONI HILDOR SCHWEICKARDT;07.05.2026;09:00;0;705604443234713;TEREZINHA VEGA DOS SANTOS;11.02.1972;54;652;HERTA VEGA;RUA;SABIA;CASA 02;551;JARDIM GRAMADO;79490000;(67)99903-3239;SAO GABRIEL DO OESTE;500769;SAO GABRIEL DO OESTE;500769;3400964;UNIDADE DE SAUDE DA FAMILIA RURAL VII;F;14.04.2026;JESSICA_PINHEIRO;14.04.2026;JESSICA_PINHEIRO;10.00;CONFIRMADO;H520;;RENNAN ORTIZ BUENO
661898962;0320174;0301010072;CONSULTA EM PNEUMOLOGIA - GERAL;09028429603;BERNARDO MEDEIROS MAIA;19.05.2026;13:00;0;702401504425224;CLEUDETE MOREIRA DOURADO DE OLIVEIRA;13.06.1962;64;768;ANA MOREIRA GARCIA;RUA;MANOEL ROSA;;366;PRIMO MAFFISSONI;79490000;(67)99822-5772;SAO GABRIEL DO OESTE;500769;SAO GABRIEL DO OESTE;500769;6452116;CENTRO DE ESPECIALIDADES MEDICAS;F;14.04.2026;FERNANDACRISTINAALVES;14.04.2026;FERNANDACRISTINAALVES;10.00;CONFIRMADO;Z016;09028429603;BERNARDO MEDEIROS MAIA
661901309;0110002;0301010072;CONSULTA EM ORTOPEDIA - GERAL;00530001101;BRUNO PETINARI UMBELINO;18.05.2026;08:00;0;701205002154116;MARYANE VITORIA RODRIGUES;06.08.2014;11;143;FATIANE RODRIGUES MACHADO;RUA;SARACURA;;84;JARDIM GRAMADO;79490000;(67)99610-1286;SAO GABRIEL DO OESTE;500769;SAO GABRIEL DO OESTE;500769;6452116;CENTRO DE ESPECIALIDADES MEDICAS;F;14.04.2026;FERNANDACRISTINAALVES;14.04.2026;FERNANDACRISTINAALVES;10.00;PENDENTE;Z016;00468987193;ARTHUR MARTINS DE ALMEIDA
661903419;0320174;0301010072;CONSULTA EM PNEUMOLOGIA - GERAL;09028429603;BERNARDO MEDEIROS MAIA;19.05.2026;13:00;0;709800048893995;VALTENIR MOTA;04.01.1951;75;906;ARISTOTELINA MOTA;RUA;CANARIOS;;1260;JARDIM GRAMADO;79490000;(67)9939-7502;SAO GABRIEL DO OESTE;500769;SAO GABRIEL DO OESTE;500769;6452116;CENTRO DE ESPECIALIDADES MEDICAS;M;14.04.2026;FERNANDACRISTINAALVES;14.04.2026;FERNANDACRISTINAALVES;10.00;PENDENTE;Z016;09028429603;BERNARDO MEDEIROS MAIA
661905261;0015001;0301010072;CONSULTA EM OFTALMOLOGIA GERAL;45183520097;JONI HILDOR SCHWEICKARDT;07.05.2026;09:00;0;707805650075411;FLAVIA DE SOUZA FREIRE;14.01.1982;44;533;ANA MARIA APARECIDA FREIRE;RUA;CARANGOLA;;735;JARDIM SAO CONRADO;79093031;(67)99648-7516;CAMPO GRANDE;500270;SAO GABRIEL DO OESTE;500769;6452116;CENTRO DE ESPECIALIDADES MEDICAS;F;14.04.2026;PATRICKMASIAGA;14.04.2026;PATRICKMASIAGA;10.00;CONFIRMADO;Z016;;ALCIDES EDUARDO EIBEL
661909697;0320174;0301010072;CONSULTA EM PNEUMOLOGIA - GERAL;09028429603;BERNARDO MEDEIROS MAIA;19.05.2026;14:00;0;706202531308263;JOSEFA DA SILVA SOUZA;11.11.1965;60;727;MARIA NEVES DA SILVA SOUZA;RUA;GAIVOTAS;CASA;1555;JARDIM GRAMADO;79490000;(67)99855-5321;SAO GABRIEL DO OESTE;500769;SAO GABRIEL DO OESTE;500769;3400964;UNIDADE DE SAUDE DA FAMILIA RURAL VII;F;14.04.2026;JESSICA_PINHEIRO;14.04.2026;JESSICA_PINHEIRO;10.00;CONFIRMADO;J449;;RENNAN ORTIZ BUENO
661910104;0282081;0301010072;CONSULTA EM CIRURGIA GERAL;48047740172;EVA WILMA ABDO DOS SANTOS GUIMARAES;28.05.2026;06:30;0;705101483902670;LARA ZORRILHA NEUVALD;22.04.1999;27;326;NILZA ZORRILHA;RUA;IPE;;259;SAO CRISTOVAO;79491180;(67)99676-3254;SAO GABRIEL DO OESTE;500769;SAO GABRIEL DO OESTE;500769;7002084;UNIDADE DE SAUDE DA FAMILIA IX;F;14.04.2026;AMANDALUIZA_BIAZUS;14.04.2026;AMANDALUIZA_BIAZUS;10.00;PENDENTE;L720;06901507925;EVELYN KASSIA TUDISCO FERNANDES
661910612;0110002;0301010072;CONSULTA EM ORTOPEDIA - GERAL;93393539191;RODOLFO FABIANO NIZ BAREIRO;07.05.2026;12:30;0;706202531308263;JOSEFA DA SILVA SOUZA;11.11.1965;60;727;MARIA NEVES DA SILVA SOUZA;RUA;GAIVOTAS;CASA;1555;JARDIM GRAMADO;79490000;(67)99855-5321;SAO GABRIEL DO OESTE;500769;SAO GABRIEL DO OESTE;500769;3400964;UNIDADE DE SAUDE DA FAMILIA RURAL VII;F;14.04.2026;JESSICA_PINHEIRO;14.04.2026;JESSICA_PINHEIRO;10.00;PENDENTE;M544;;RENNAN ORTIZ BUENO
661911054;2300004;0301010072;CONSULTA EM CARDIOLOGIA;01110123175;ELY DONIZETH DE ASSIS JUNIOR;19.05.2026;06:30;0;708103513110730;DALVINA RODRIGUES RIBEIRO;10.10.1966;59;716;EZELINDA MARIA DE OLIVEIRA;RUA;BEM TI VI;CASA;1582;FENIX;79490000;(67)99657-5285;SAO GABRIEL DO OESTE;500769;SAO GABRIEL DO OESTE;500769;6452116;CENTRO DE ESPECIALIDADES MEDICAS;F;14.04.2026;PATRICKMASIAGA;14.04.2026;PATRICKMASIAGA;10.00;CONFIRMADO;Z016;01110123175;ELY DONIZETH DE ASSIS JUNIOR
661912193;0701224;0301010072;CONSULTA EM NEUROLOGIA - GERAL;22264073837;ANSELMO COSTA;06.05.2026;12:00;0;700006054544009;ANTONIO PORFIRIO DA SILVA;02.01.1962;64;774;MARIA IRACEMA GONCALVES;RUA;CURICACA;CASA;805;JARDIM GRAMADO;79490000;(67)99656-8007;SAO GABRIEL DO OESTE;500769;SAO GABRIEL DO OESTE;500769;3400964;UNIDADE DE SAUDE DA FAMILIA RURAL VII;M;14.04.2026;JESSICA_PINHEIRO;14.04.2026;JESSICA_PINHEIRO;10.00;PENDENTE;R251;;RENNAN ORTIZ BUENO
661913694;2300004;0301010072;CONSULTA EM CARDIOLOGIA;01110123175;ELY DONIZETH DE ASSIS JUNIOR;19.05.2026;06:30;0;704309517308293;ROSA CANTEIRO MARQUES;30.08.1964;61;742;RAMONA COLMAN;FAZENDA;PRANCHITA;;S/N;ZONA RURAL;79490000;(67)99217-5502 / (67)99673-4873;SAO GABRIEL DO OESTE;500769;SAO GABRIEL DO OESTE;500769;6452116;CENTRO DE ESPECIALIDADES MEDICAS;F;14.04.2026;PATRICKMASIAGA;14.04.2026;PATRICKMASIAGA;10.00;PENDENTE;Z016;01110123175;ELY DONIZETH DE ASSIS JUNIOR
661914608;2300004;0301010072;CONSULTA EM CARDIOLOGIA;01110123175;ELY DONIZETH DE ASSIS JUNIOR;19.05.2026;06:30;0;705601406233218;MARIA LURDES LUCIA BARGAS;23.01.1950;76;917;BENONIA MOISES;RUA;RIO DE JANEIRO;;2873;AMABILE MAFFISSONI;79490000;(67)99649-2669;SAO GABRIEL DO OESTE;500769;SAO GABRIEL DO OESTE;500769;6452116;CENTRO DE ESPECIALIDADES MEDICAS;F;14.04.2026;PATRICKMASIAGA;14.04.2026;PATRICKMASIAGA;10.00;PENDENTE;Z016;01110123175;ELY DONIZETH DE ASSIS JUNIOR
661915182;0110002;0301010072;CONSULTA EM ORTOPEDIA - GERAL;00468987193;ARTHUR MARTINS DE ALMEIDA;26.05.2026;06:30;0;702906535178377;CELSO CORREA;22.01.1965;61;737;LUIZA CARDOSO CORREA;RUA;PERNAMBUCO;CASA 01;525;JARDIM ALVORADA;79490000;(67)99904-4994;SAO GABRIEL DO OESTE;500769;SAO GABRIEL DO OESTE;500769;6452116;CENTRO DE ESPECIALIDADES MEDICAS;M;14.04.2026;PATRICKMASIAGA;14.04.2026;PATRICKMASIAGA;10.00;CONFIRMADO;Z016;01110123175;ELY DONIZETH DE ASSIS JUNIOR
661916482;2300004;0301010072;CONSULTA EM CARDIOLOGIA;01110123175;ELY DONIZETH DE ASSIS JUNIOR;19.05.2026;06:30;0;898005910419554;ELIZABETH DEL CARMEN LOPEZ;05.07.1965;61;732;MARIA EMILIA LOPEZ;RUA;JOAQUIM MURTINHO;ACS NYELLE;965;JOSÉ CARRILHO ARANTES;79450000;(67)99907-2900;ROCHEDO;500750;SAO GABRIEL DO OESTE;500769;6452116;CENTRO DE ESPECIALIDADES MEDICAS;F;14.04.2026;PATRICKMASIAGA;14.04.2026;PATRICKMASIAGA;10.00;PENDENTE;Z016;01110123175;ELY DONIZETH DE ASSIS JUNIOR
661917438;0110002;0301010072;CONSULTA EM ORTOPEDIA - GERAL;00468987193;ARTHUR MARTINS DE ALMEIDA;19.05.2026;06:30;0;703506054663830;IVANILDA DE FREITAS SILVA;28.06.1975;51;612;ISAURA LEOPOLDINA DE FREITAS;RUA;OSORIO RODRIGUES DA SILVA;CASA;1631;JARDIM ALVORADA;79490000;(67)99986-8538 / (67)99958-5139;SAO GABRIEL DO OESTE;500769;SAO GABRIEL DO OESTE;500769;6452116;CENTRO DE ESPECIALIDADES MEDICAS;F;14.04.2026;FERNANDACRISTINAALVES;14.04.2026;FERNANDACRISTINAALVES;10.00;CONFIRMADO;Z016;00468987193;ARTHUR MARTINS DE ALMEIDA
661917575;0110002;0301010072;CONSULTA EM ORTOPEDIA - GERAL;00468987193;ARTHUR MARTINS DE ALMEIDA;19.05.2026;06:30;0;706700506691613;CINTHIA LEONI EMILIANI;24.12.1976;49;594;MARIA BARRETO EMILIANI;RUA;RIO GRANDE DO SUL;CASA 01 FUNDOS;1304;CAPAO REDONDO;79490000;(67)93295-1761;SAO GABRIEL DO OESTE;500769;SAO GABRIEL DO OESTE;500769;6452116;CENTRO DE ESPECIALIDADES MEDICAS;F;14.04.2026;PATRICKMASIAGA;14.04.2026;PATRICKMASIAGA;10.00;CONFIRMADO;Z016;00468987193;ARTHUR MARTINS DE ALMEIDA
661921507;0320174;0301010072;CONSULTA EM PNEUMOLOGIA - GERAL;09028429603;BERNARDO MEDEIROS MAIA;19.05.2026;14:00;0;700609406245867;DIONERES CRUZ DA ROCHA;23.02.1953;73;880;MARIA MORAIS DA CRUZ;RUA;PARA;ITAQUI;96;AMABILI MAFFISSONI;79490000;(67)99038-0360;SAO GABRIEL DO OESTE;500769;SAO GABRIEL DO OESTE;500769;6452116;CENTRO DE ESPECIALIDADES MEDICAS;M;14.04.2026;PATRICKMASIAGA;14.04.2026;PATRICKMASIAGA;10.00;PENDENTE;Z016;;CLEDSON PERETTI
661922432;0282081;0301010072;CONSULTA EM CIRURGIA GERAL;48047740172;EVA WILMA ABDO DOS SANTOS GUIMARAES;28.05.2026;06:30;0;709809013983996;GABRIELLY AMANCIO SOARES;26.05.2003;23;277;GLAUCIENE AMANCIO DA SILVA;RUA;MONTEIRO LOBATO;;1034;PRIMO MAFFISSONI;79490262;(67)99913-5293;SAO GABRIEL DO OESTE;500769;SAO GABRIEL DO OESTE;500769;6452116;CENTRO DE ESPECIALIDADES MEDICAS;F;14.04.2026;FERNANDACRISTINAALVES;14.04.2026;FERNANDACRISTINAALVES;10.00;CONFIRMADO;Z016;;CLEDSON PERRETI
661922784;0110002;0301010072;CONSULTA EM ORTOPEDIA - GERAL;00468987193;ARTHUR MARTINS DE ALMEIDA;19.05.2026;06:30;0;898006239620124;GABRIEL DELGADO DA COSTA;12.03.2012;14;171;ANDRESSA CRISTINA DELGADO MACHADO;RUA;PROFESSORA MARIA LUCIA PASSARELI;;355;RESIDENCIAL OLIVEIRA;79091733;(61)3315-2425;CAMPO GRANDE;500270;SAO GABRIEL DO OESTE;500769;6452116;CENTRO DE ESPECIALIDADES MEDICAS;M;14.04.2026;PATRICKMASIAGA;14.04.2026;PATRICKMASIAGA;10.00;PENDENTE;Z016;00468987193;ARTHUR MARTINS DE ALMEIDA
661924520;0320174;0301010072;CONSULTA EM PNEUMOLOGIA - GERAL;09028429603;BERNARDO MEDEIROS MAIA;19.05.2026;14:00;0;702804140372269;MARA RUBIA MENEGHEL KREUTZ;06.09.1957;68;826;ERNA ALMENA MENEGHEL;AVENIDA;SAO FRANCISCO;;709;CENTRO;79490000;(67)99893-6123;SAO GABRIEL DO OESTE;500769;SAO GABRIEL DO OESTE;500769;6452116;CENTRO DE ESPECIALIDADES MEDICAS;F;14.04.2026;PATRICKMASIAGA;14.04.2026;PATRICKMASIAGA;10.00;CONFIRMADO;Z016;;ROMULO TAFURI
661927594;0110002;0301010072;CONSULTA EM ORTOPEDIA - GERAL;04469955680;DANIEL ROCHA DO CARMO;25.05.2026;12:30;0;708508308069776;MIGUEL GONCALVES DE ALMEIDA;02.02.2014;12;149;KELY CRISTINA GONCALVES DE ARAUJO;RUA;PIAUI;;107;CENTRO;79490000;(67)99931-8923;SAO GABRIEL DO OESTE;500769;SAO GABRIEL DO OESTE;500769;6452116;CENTRO DE ESPECIALIDADES MEDICAS;M;14.04.2026;PATRICKMASIAGA;14.04.2026;PATRICKMASIAGA;10.00;CONFIRMADO;Z016;04469955680;DANIEL ROCHA DO CARMO
661928839;0299008;0301010072;CONSULTA EM CIRURGIA VASCULAR – GERAL;70808015087;CELIO HELEGDA;20.05.2026;08:00;0;701801252726177;ROSENEY CHIMENES VICENTE;11.11.1972;53;643;ELOIR RIBEIRO CHIMENES;RUA;ANHUMAS;;1259;JARDIM GRAMADO;79490000;(61)3315-2425;SAO GABRIEL DO OESTE;500769;SAO GABRIEL DO OESTE;500769;3400964;UNIDADE DE SAUDE DA FAMILIA RURAL VII;F;14.04.2026;JESSICA_PINHEIRO;14.04.2026;JESSICA_PINHEIRO;10.00;PENDENTE;I83;;RENNAN ORTIZ BUENO
661929842;3516007;0301010072;CONSULTA EM UROLOGIA - GERAL;04349392181;ANTONIO AUGUSTO PALOMBO MENDES;21.05.2026;08:00;0;700001638432109;LETICIA GUIDINI;12.07.2011;14;179;LIDIANE PIRES CORTE;;;;;;;(67)99999-9998;;;SAO GABRIEL DO OESTE;500769;3400964;UNIDADE DE SAUDE DA FAMILIA RURAL VII;F;14.04.2026;JESSICA_PINHEIRO;14.04.2026;JESSICA_PINHEIRO;10.00;PENDENTE;N200;;RENNAN ORTIZ BUENO
661933524;0320174;0301010072;CONSULTA EM PNEUMOLOGIA - GERAL;09028429603;BERNARDO MEDEIROS MAIA;21.05.2026;13:00;0;703605004307834;ANTONIO DE OLIVEIRA SOUZA;05.08.1952;73;887;IZABEL OLIVEIRA DE SOUZA;FAZENDA;LAGEADO;CASA;S/N;RURAL;79490000;(67)9648-6621 / (67)9942-5744;SAO GABRIEL DO OESTE;500769;SAO GABRIEL DO OESTE;500769;6452116;CENTRO DE ESPECIALIDADES MEDICAS;M;14.04.2026;PATRICKMASIAGA;14.04.2026;PATRICKMASIAGA;10.00;CONFIRMADO;Z016;09028429603;BERNARDO MEDEIROS MAIA
661935254;2300004;0301010072;CONSULTA EM CARDIOLOGIA;01110123175;ELY DONIZETH DE ASSIS JUNIOR;19.05.2026;07:30;0;701209067335917;MARIA DA CONCEICAO PEREIRA DOS SANTOS;17.11.1966;59;715;MARIA PEREIRA RODRIGUES;RUA;SARACURA;;228;JARDIM GRAMADO;79490000;(67)99606-4539;SAO GABRIEL DO OESTE;500769;SAO GABRIEL DO OESTE;500769;6452116;CENTRO DE ESPECIALIDADES MEDICAS;F;14.04.2026;PATRICKMASIAGA;14.04.2026;PATRICKMASIAGA;10.00;CONFIRMADO;Z016;01110123175;ELY DONIZETH DE ASSIS JUNIOR
661940956;2300004;0301010072;CONSULTA EM CARDIOLOGIA;01110123175;ELY DONIZETH DE ASSIS JUNIOR;19.05.2026;07:30;0;706703547517718;JOSE ANTONIO DO NASCIMENTO;12.12.1966;59;714;MARIA PEREIRA DO NASCIMENTO;RUA;PERNAMBUCO;CASA 01;723;JARDIM ALVORADA;79490000;(67)99669-9002;SAO GABRIEL DO OESTE;500769;SAO GABRIEL DO OESTE;500769;6452116;CENTRO DE ESPECIALIDADES MEDICAS;M;14.04.2026;PATRICKMASIAGA;14.04.2026;PATRICKMASIAGA;10.00;CONFIRMADO;Z016;01110123175;ELY DONIZETH DE ASSIS JUNIOR
661941293;2300004;0301010072;CONSULTA EM CARDIOLOGIA;01110123175;ELY DONIZETH DE ASSIS JUNIOR;19.05.2026;07:30;0;706202592642260;GILDO MORAZ;28.09.1954;71;861;UBALDINA NAZARIO MORAZ;RUA;GREGORIANO;;05;PRIMO MAFFISSONI;79490000;(67)99923-0827;SAO GABRIEL DO OESTE;500769;SAO GABRIEL DO OESTE;500769;6452116;CENTRO DE ESPECIALIDADES MEDICAS;M;14.04.2026;PATRICKMASIAGA;14.04.2026;PATRICKMASIAGA;10.00;CONFIRMADO;Z016;01110123175;ELY DONIZETH DE ASSIS JUNIOR
661955596;0110002;0301010072;CONSULTA EM ORTOPEDIA - GERAL;06302616603;ROMULO AMARAL TAFURI;13.05.2026;12:30;0;709200202172437;MARIA AUXILIADORA DE ARRUDA PADILHA;15.11.1963;62;751;NADIR SERGIO DE ARRUDA;AVENIDA;JUSCELINO KUBISTCHEK;CASA;500;CENTRO;79490000;(65)98448-9098 / (65)99239-7334;SAO GABRIEL DO OESTE;500769;SAO GABRIEL DO OESTE;500769;6452116;CENTRO DE ESPECIALIDADES MEDICAS;F;14.04.2026;FERNANDACRISTINAALVES;14.04.2026;FERNANDACRISTINAALVES;10.00;PENDENTE;Z016;06302616603;ROMULO AMARAL TAFURI
661957759;0320174;0301010072;CONSULTA EM PNEUMOLOGIA - GERAL;09028429603;BERNARDO MEDEIROS MAIA;21.05.2026;13:00;0;706001372528540;MARIA APARECIDA DINIZ DA SILVA;08.09.1966;59;717;JACIRA SILVEIRA DINIZ;RUA;LAVRADORES;AREADO;S/N;RURAL;79490000;(67)99996-3708;SAO GABRIEL DO OESTE;500769;SAO GABRIEL DO OESTE;500769;2370972;UNIDADE DE SAUDE DA FAMILIA MILANE II;F;14.04.2026;JULIANA_PACHECO;14.04.2026;JULIANA_PACHECO;10.00;CONFIRMADO;Z00;;BERNARDO MEDEIROS MAIA
662010007;0110002;0301010072;CONSULTA EM ORTOPEDIA - GERAL;06302616603;ROMULO AMARAL TAFURI;13.05.2026;12:30;0;700506166604157;DORALINA PEREIRA DA SILVA;12.03.1965;61;735;SEBASTIANA FLORIZA DA COSTA;RUA;CAMBARA;;272;SAO CRISTOVAO;79490000;(67)9665-6436;SAO GABRIEL DO OESTE;500769;SAO GABRIEL DO OESTE;500769;6452116;CENTRO DE ESPECIALIDADES MEDICAS;F;14.04.2026;FERNANDACRISTINAALVES;14.04.2026;FERNANDACRISTINAALVES;10.00;PENDENTE;Z016;89074033172;ROGERIO PADOVANI TOFFOLI
662018432;0110002;0301010072;CONSULTA EM ORTOPEDIA - GERAL;04469955680;DANIEL ROCHA DO CARMO;18.05.2026;14:00;0;700002697781905;ANGELA VALLOVERA TOME;12.08.1966;59;718;LAUDELINA COSTA VALLOVERA;RUA;PARA;;569;AMABILE MAFFISSONI;79490000;(67)99937-5999 / (67)99937-5999;SAO GABRIEL DO OESTE;500769;SAO GABRIEL DO OESTE;500769;6452116;CENTRO DE ESPECIALIDADES MEDICAS;F;14.04.2026;FERNANDACRISTINAALVES;14.04.2026;FERNANDACRISTINAALVES;10.00;PENDENTE;Z016;98260570106;CLAUDIA REGINA DUARTE CAZZOLATO KHALIL
662021106;0299008;0301010072;CONSULTA EM CIRURGIA VASCULAR – GERAL;70808015087;CELIO HELEGDA;20.05.2026;08:00;0;705001617252056;ALBINA DE ARRUDA VIEIRA;20.02.1974;52;628;JOANA FRANCISCA DE ARRUDA;RUA;GAIVOTAS;CASA;2249;FÊNIX;79491094;(67)9655-3460;SAO GABRIEL DO OESTE;500769;SAO GABRIEL DO OESTE;500769;6452116;CENTRO DE ESPECIALIDADES MEDICAS;F;14.04.2026;FERNANDACRISTINAALVES;14.04.2026;FERNANDACRISTINAALVES;10.00;PENDENTE;Z016;70808015087;CELIO HELEGDA
662023975;0110002;0301010072;CONSULTA EM ORTOPEDIA - GERAL;04469955680;DANIEL ROCHA DO CARMO;25.05.2026;12:30;0;700903990522295;VITORIA DE SOUZA MORAIS;19.01.2012;14;173;FLAVIA DE SOUZA FREIRE;RUA;CARANGOLA;;735;JARDIM SAO CONRADO;79093031;(67)99648-7516;CAMPO GRANDE;500270;SAO GABRIEL DO OESTE;500769;6452116;CENTRO DE ESPECIALIDADES MEDICAS;F;14.04.2026;FERNANDACRISTINAALVES;14.04.2026;FERNANDACRISTINAALVES;10.00;CONFIRMADO;Z016;;MARIA FERNANDA DIAS 
662025151;0299008;0301010072;CONSULTA EM CIRURGIA VASCULAR – GERAL;70808015087;CELIO HELEGDA;20.05.2026;08:00;0;708402261210368;CLARICE LUIZ DE OLIVEIRA FRANCO;13.07.1978;47;575;MARIA ABADIA RODRIGUES DE OLIVEIRA;RUA;QUERO-QUERO 1/99998;;342;FENIX;79491058;(67)99649-5712 / (67)99615-0361 / (67)99605-0526;SAO GABRIEL DO OESTE;500769;SAO GABRIEL DO OESTE;500769;6452116;CENTRO DE ESPECIALIDADES MEDICAS;F;14.04.2026;FERNANDACRISTINAALVES;14.04.2026;FERNANDACRISTINAALVES;10.00;PENDENTE;Z016;70808015087;CELIO HELEGDA
662026713;0110002;0301010072;CONSULTA EM ORTOPEDIA - GERAL;00530001101;BRUNO PETINARI UMBELINO;18.05.2026;08:00;0;705006495613259;FATIMA VIANA;24.02.1968;58;700;ANTONIA MOTTA;RUA;GREGORIANA;;04;PRIMO MAFFISSONI;79490000;(67)99654-9933;SAO GABRIEL DO OESTE;500769;SAO GABRIEL DO OESTE;500769;6452116;CENTRO DE ESPECIALIDADES MEDICAS;F;14.04.2026;FERNANDACRISTINAALVES;14.04.2026;FERNANDACRISTINAALVES;10.00;PENDENTE;Z016;04469955680;DANIEL ROCHA DO CARMO
662029858;1712011;0211080055;ESPIROMETRIA;09028429603;BERNARDO MEDEIROS MAIA;08.05.2026;07:30;0;700906956324993;PATRICIA LOPES DA CRUZ;05.11.1990;35;428;MARIA DOS ANJOS LOPES;RUA;COLIBRI;;318;FENIX;79491108;(67)99652-7788;SAO GABRIEL DO OESTE;500769;SAO GABRIEL DO OESTE;500769;6354265;CENTRAL DE REGULACAO DE SAO GABRIEL DO OESTE;F;14.04.2026;CLEIDIANE_REGULACAO;07.05.2026;CLEIDIANE_REGULADOR;6.36;CONFIRMADO;J450;;BERNARDO MEDEIROS MAIA
662040500;0015001;0301010072;CONSULTA EM OFTALMOLOGIA GERAL;45183520097;JONI HILDOR SCHWEICKARDT;07.05.2026;09:00;0;704801599238543;MARLENE IRATILDE VEZARO DA SILVA;25.06.1960;66;792;TERESA GODOIS VEZARO;RUA;PERNAMBUCO;CASA;1983;PRIMO MAFFISSONI;79490000;(67)99675-9563;SAO GABRIEL DO OESTE;500769;SAO GABRIEL DO OESTE;500769;7333218;UNIDADE DE SAUDE DA FAMILIA X;F;14.04.2026;RAISSASILVALIMA;14.04.2026;RAISSASILVALIMA;10.00;CONFIRMADO;Z010;63805480172;CLEDSON PERETTI
662044680;1712011;0211080055;ESPIROMETRIA;09028429603;BERNARDO MEDEIROS MAIA;08.05.2026;07:30;0;704200720442880;VALDECI DE SOUZA BAIA;01.08.1983;42;515;MARIA FONSECA BAIA;RUA;PELICANOS;;1543;JARDIM GRAMADO;79490000;(91)99154-4646 / (67)99897-4383;SAO GABRIEL DO OESTE;500769;SAO GABRIEL DO OESTE;500769;6354265;CENTRAL DE REGULACAO DE SAO GABRIEL DO OESTE;M;14.04.2026;CLEIDIANE_REGULACAO;07.05.2026;CLEIDIANE_REGULADOR;6.36;CONFIRMADO;J450;;BERNARDO MEDEIROS MAIA
662052968;1712011;0211080055;ESPIROMETRIA;09028429603;BERNARDO MEDEIROS MAIA;08.05.2026;07:30;0;705009497308650;LEOCI ALVES NOGUEIRA CABOCLO;26.12.1976;49;594;LAURINDA ALVES NOGUEIRA;RUA;ANHUMAS;CASA;1532;JARDIM GRAMADO;79490000;(67)99969-7581;SAO GABRIEL DO OESTE;500769;SAO GABRIEL DO OESTE;500769;6354265;CENTRAL DE REGULACAO DE SAO GABRIEL DO OESTE;F;14.04.2026;CLEIDIANE_REGULACAO;07.05.2026;CLEIDIANE_REGULADOR;6.36;CONFIRMADO;J45;;ANA FLAVIA MAGRO
662053413;2300004;0301010072;CONSULTA EM CARDIOLOGIA;01110123175;ELY DONIZETH DE ASSIS JUNIOR;19.05.2026;07:30;0;702307143361311;CLEIDE ANTONIA PEREIRA DE PAULA;13.06.1975;51;612;MARIA CLEUZA PEREIRA DE PAULA;FAZENDA;ZILMAR;;S/N;RURAL;79490000;(67)99806-3797;SAO GABRIEL DO OESTE;500769;SAO GABRIEL DO OESTE;500769;3400964;UNIDADE DE SAUDE DA FAMILIA RURAL VII;F;14.04.2026;DULCINEIA_MOCCELIN;14.04.2026;DULCINEIA_MOCCELIN;10.00;CONFIRMADO;I10;02453491113;MILENA GUEDIN VARGAS
662066087;0110002;0301010072;CONSULTA EM ORTOPEDIA - GERAL;04469955680;DANIEL ROCHA DO CARMO;18.05.2026;14:00;0;700200432966326;INDIANARA MOREIRA DA SILVA;27.07.1983;42;515;CLEUSA MARTINS MOREIRA;RUA;TUIUIU;;1883;JARDIM GRAMADO;79490000;(67)99807-7273;SAO GABRIEL DO OESTE;500769;SAO GABRIEL DO OESTE;500769;6452116;CENTRO DE ESPECIALIDADES MEDICAS;F;14.04.2026;FERNANDACRISTINAALVES;14.04.2026;FERNANDACRISTINAALVES;10.00;PENDENTE;Z016;00468987193;ARTHUR MARTINS DE ALMEIDA
662067467;1712011;0211080055;ESPIROMETRIA;09028429603;BERNARDO MEDEIROS MAIA;14.05.2026;07:30;0;707803623743814;EDUARDO RIBOLI NETO;14.02.1951;75;904;IDAIR ELIAS RIBOLIS;LOTEAMENTO;ASSENTAMENTO ITAQUI;;44;ZONA RURAL;79490000;(67)9947-1074 / (67)9972-1074;SAO GABRIEL DO OESTE;500769;SAO GABRIEL DO OESTE;500769;6354265;CENTRAL DE REGULACAO DE SAO GABRIEL DO OESTE;M;14.04.2026;CLEIDIANE_REGULACAO;07.05.2026;CLEIDIANE_REGULADOR;6.36;CONFIRMADO;J448;;BERNARDO MEDEIROS MAIA
662067807;0320174;0301010072;CONSULTA EM PNEUMOLOGIA - GERAL;09028429603;BERNARDO MEDEIROS MAIA;21.05.2026;13:00;0;700503777851159;IVANILDE SGUAREZI IAGUZESKI;07.02.1949;77;929;AURORA SPANHOLI;RUA;DOS ROUXINOIS;;1442;SAO CRISTOVAO;79491200;(67)99664-9955;SAO GABRIEL DO OESTE;500769;SAO GABRIEL DO OESTE;500769;6452116;CENTRO DE ESPECIALIDADES MEDICAS;F;14.04.2026;FERNANDACRISTINAALVES;14.04.2026;FERNANDACRISTINAALVES;10.00;CONFIRMADO;Z016;09028429603;BERNARDO MEDEIROS MAIA
662068777;1712011;0211080055;ESPIROMETRIA;09028429603;BERNARDO MEDEIROS MAIA;14.05.2026;07:30;0;707605238949096;INES MARIA DE JESUS RIBOLI;04.12.1954;71;859;MARIA HELENA DA CONCEICAO;LOTEAMENTO;ITAQUI;ASSENTAMENTO;44;RURAL;79490000;(67)99854-9409 / (67)99944-1074;SAO GABRIEL DO OESTE;500769;SAO GABRIEL DO OESTE;500769;6354265;CENTRAL DE REGULACAO DE SAO GABRIEL DO OESTE;F;14.04.2026;CLEIDIANE_REGULACAO;07.05.2026;CLEIDIANE_REGULADOR;6.36;CONFIRMADO;J448;;BERNARDO MEDEIROS MAIA
662069664;2300004;0301010072;CONSULTA EM CARDIOLOGIA;01110123175;ELY DONIZETH DE ASSIS JUNIOR;13.05.2026;06:30;0;700305951334839;LINDINALVA SOARES MONTEIRO;04.08.1974;51;623;VALDETE SOARES MONTEIRO;FAZENDA;SÃO LUIZ;;S/N;RURAL;79490000;(67)99933-7413 / (67)99833-7413;SAO GABRIEL DO OESTE;500769;SAO GABRIEL DO OESTE;500769;3400964;UNIDADE DE SAUDE DA FAMILIA RURAL VII;F;14.04.2026;DULCINEIA_MOCCELIN;14.04.2026;DULCINEIA_MOCCELIN;10.00;PENDENTE;I10;;MAYARA MARIA MELKE
662071630;0110002;0301010072;CONSULTA EM ORTOPEDIA - GERAL;89074033172;ROGERIO PADOVANI TOFFOLI;15.05.2026;14:00;0;705407492825392;ISTELINA CONTI;12.12.1963;62;750;ANITA SOUZA CONTI;AVENIDA;HILARIO NICARETTA;;1831;PRIMO MAFFISSONI;79490288;(67)99976-4980;SAO GABRIEL DO OESTE;500769;SAO GABRIEL DO OESTE;500769;7333218;UNIDADE DE SAUDE DA FAMILIA X;F;14.04.2026;RAISSASILVALIMA;14.04.2026;RAISSASILVALIMA;10.00;CONFIRMADO;M758;63805480172;CLEDSON PERETTI
662073935;0110002;0301010072;CONSULTA EM ORTOPEDIA - GERAL;93393539191;RODOLFO FABIANO NIZ BAREIRO;07.05.2026;14:00;0;707706603951210;ROZELENE AMORIM DA SILVA;21.04.1975;51;614;FLORIPA AMORIM DE MORAIS;RUA;IPE;;281;SÃO CRISTOVÃO;79490000;(67)99908-3998;SAO GABRIEL DO OESTE;500769;SAO GABRIEL DO OESTE;500769;7002084;UNIDADE DE SAUDE DA FAMILIA IX;F;14.04.2026;AMANDALUIZA_BIAZUS;14.04.2026;AMANDALUIZA_BIAZUS;10.00;PENDENTE;M755;06901507925;EVELYN KASSIA TUDISCO FERNANDES
662076055;0110002;0301010072;CONSULTA EM ORTOPEDIA - GERAL;93393539191;RODOLFO FABIANO NIZ BAREIRO;07.05.2026;14:00;0;704609167423126;ADENILSO FERREIRA GOMES;12.09.1970;55;669;SEBASTIANA LADEIA FERREIRA DA SILVA;RUA;CORUJAS;CASA;908;FENIX;79490000;(67)99895-6911;SAO GABRIEL DO OESTE;500769;SAO GABRIEL DO OESTE;500769;2370999;UNIDADE DE SAUDE DA FAMILIA FENIX IV;M;14.04.2026;GUSTAVO_PIAIA;14.04.2026;GUSTAVO_PIAIA;10.00;PENDENTE;M545;96245646120;RAFAELLA MARIA COSTA GOIS DE FIGUEIREDO
662080928;0110002;0301010072;CONSULTA EM ORTOPEDIA - GERAL;06302616603;ROMULO AMARAL TAFURI;13.05.2026;12:30;0;700506590831351;DIONELIS MANTOVANI;07.01.1981;45;546;IVETE MARIA MANTOVANI;RUA;PELICANOS;CASA;393;JARDIM GRAMADO;79490000;(67)99979-8240;SAO GABRIEL DO OESTE;500769;SAO GABRIEL DO OESTE;500769;6452116;CENTRO DE ESPECIALIDADES MEDICAS;M;14.04.2026;FERNANDACRISTINAALVES;14.04.2026;FERNANDACRISTINAALVES;10.00;PENDENTE;Z016;06302616603;ROMULO AMARAL TAFURI
662084862;1712011;0211080055;ESPIROMETRIA;09028429603;BERNARDO MEDEIROS MAIA;14.05.2026;07:30;0;700603984402863;LUCAS SIVERIS;02.10.1962;63;765;MATHILDE SIVERIS;RUA;ESPIRITO SANTO;;970;CENTRO;79490000;(61)99908-1093 / (61)99820-2587;SAO GABRIEL DO OESTE;500769;SAO GABRIEL DO OESTE;500769;6354265;CENTRAL DE REGULACAO DE SAO GABRIEL DO OESTE;M;14.04.2026;CLEIDIANE_REGULACAO;07.05.2026;CLEIDIANE_REGULADOR;6.36;CONFIRMADO;J45;;BERNARDO MEDEIROS MAIA
662089549;0110002;0301010072;CONSULTA EM ORTOPEDIA - GERAL;32389571808;RODOLFO PELISSARI ZAMBOLIN;14.05.2026;12:30;0;702808193187567;RIVALDO MORAES DE MESQUITA;02.07.1995;31;372;IZABEL MORAES DA ROCHA PEREIRA;RUA;AMAZONAS;;2730;CENTRO;79490000;(67)99918-4475;SAO GABRIEL DO OESTE;500769;SAO GABRIEL DO OESTE;500769;6452116;CENTRO DE ESPECIALIDADES MEDICAS;M;14.04.2026;FERNANDACRISTINAALVES;14.04.2026;FERNANDACRISTINAALVES;10.00;PENDENTE;Z016;;HUDSON PERES DORIGAO
662091400;1712011;0211080055;ESPIROMETRIA;09028429603;BERNARDO MEDEIROS MAIA;08.05.2026;07:30;0;704104139261877;EDSON PIANCO DA SILVA;12.11.1976;49;595;APARECIDA SILVA;RUA;ORLANDO JOSE NOGUEIRA 1/9998;;641;JATOBA;79440005;(67)99620-4071;JARAGUARI;500490;SAO GABRIEL DO OESTE;500769;6354265;CENTRAL DE REGULACAO DE SAO GABRIEL DO OESTE;M;14.04.2026;CLEIDIANE_REGULACAO;07.05.2026;CLEIDIANE_REGULADOR;6.36;PENDENTE;J450;;BERNARDO MEDEIROS MAIA
662093206;2300004;0301010072;CONSULTA EM CARDIOLOGIA;98260570106;CLAUDIA REGINA DUARTE CAZZOLATO KHALIL;15.05.2026;07:30;0;702808611441463;JESSICA DE JESUS SILVA GREFF;05.03.2001;25;304;AURISA DE JESUS SILVA;RUA;TICO-TICO;;310;FENIX;79491096;(67)99804-6685;SAO GABRIEL DO OESTE;500769;SAO GABRIEL DO OESTE;500769;2370999;UNIDADE DE SAUDE DA FAMILIA FENIX IV;F;14.04.2026;GUSTAVO_PIAIA;14.04.2026;GUSTAVO_PIAIA;10.00;PENDENTE;I10;00703866176;ALCIDES EDUARDO EIBEL
662094309;3516007;0301010072;CONSULTA EM UROLOGIA - GERAL;04349392181;ANTONIO AUGUSTO PALOMBO MENDES;21.05.2026;08:00;0;705605468924412;KATIA CRISTINA JORGE BATISTA;22.03.1969;57;687;MARIA DA GLORIA JORGE;RUA;DAS CURRUIRAS;;510;JARDIM GRAMADO;79491014;(67)99683-1872;SAO GABRIEL DO OESTE;500769;SAO GABRIEL DO OESTE;500769;3400964;UNIDADE DE SAUDE DA FAMILIA RURAL VII;F;14.04.2026;JESSICA_PINHEIRO;14.04.2026;JESSICA_PINHEIRO;10.00;PENDENTE;R32;;RENNAN ORTIZ BUENO
662095958;2300004;0301010072;CONSULTA EM CARDIOLOGIA;01110123175;ELY DONIZETH DE ASSIS JUNIOR;19.05.2026;07:30;0;704605655002320;NILZA MARIA DE SOUZA OSSINAGA;07.04.1975;51;615;ILIZABETH FERREIRA DE SOUZA;RUA;ALBINO SOUZA BRANDAO;;1241;PRIMO MAFFISSONI;79490294;(67)99847-5591;SAO GABRIEL DO OESTE;500769;SAO GABRIEL DO OESTE;500769;6452116;CENTRO DE ESPECIALIDADES MEDICAS;F;14.04.2026;FERNANDACRISTINAALVES;14.04.2026;FERNANDACRISTINAALVES;10.00;CONFIRMADO;Z016;01110123175;ELY DONIZETH DE ASSIS JUNIOR
662099276;0701224;0301010072;CONSULTA EM NEUROLOGIA - GERAL;22264073837;ANSELMO COSTA;06.05.2026;14:00;0;704000310352069;ALESSANDRA BARBOSA DA SILVA;02.09.1988;37;454;EDNA BARBOSA SOARES;RUA;AFONSO COSTA CAMPOS;;1400;SENHOR DIVINO;79400000;(67)99677-6191;COXIM;500330;SAO GABRIEL DO OESTE;500769;2370999;UNIDADE DE SAUDE DA FAMILIA FENIX IV;F;14.04.2026;GUSTAVO_PIAIA;14.04.2026;GUSTAVO_PIAIA;10.00;PENDENTE;R51;96245646120;RAFAELLA MARIA COSTA GOIS DE FIGUEIREDO
662100556;0282081;0301010072;CONSULTA EM CIRURGIA GERAL;48047740172;EVA WILMA ABDO DOS SANTOS GUIMARAES;28.05.2026;06:30;0;704105250780950;ANDREZA MARIA DE MATTOS;15.12.1981;44;534;INEDIALY MARIA PASOLINI DE MATTOS;RUA;CAMBARA;;398;SAO CRISTOVAO;79491186;(67)99961-1709 / (67)99961-1709;SAO GABRIEL DO OESTE;500769;SAO GABRIEL DO OESTE;500769;6452116;CENTRO DE ESPECIALIDADES MEDICAS;F;14.04.2026;FERNANDACRISTINAALVES;14.04.2026;FERNANDACRISTINAALVES;10.00;CONFIRMADO;Z016;;MARIA FERNANDA DIAS 
662100857;0701224;0301010072;CONSULTA EM NEUROLOGIA - GERAL;22264073837;ANSELMO COSTA;06.05.2026;14:00;0;705406411573990;FERNANDO FERREIRA SOUZA;20.07.1993;32;395;BEATRIZ FERREIRA DE SOUZA;QUINTA;TRAVESSA ROBERTO MENDES;;12;BAIRRO DE FATIMA;;(98)9854-7897;SAO LUIS;211130;SAO GABRIEL DO OESTE;500769;2370999;UNIDADE DE SAUDE DA FAMILIA FENIX IV;M;14.04.2026;GUSTAVO_PIAIA;14.04.2026;GUSTAVO_PIAIA;10.00;PENDENTE;R51;00703866176;ALCIDES EDUARDO EIBEL
662102506;1712011;0211080055;ESPIROMETRIA;09028429603;BERNARDO MEDEIROS MAIA;14.05.2026;07:30;0;709800046836692;KELLY CRISTINA SILVA BARBOSA;24.05.1971;55;661;CECILIA SANTANA DA SILVA;TRAVESSA;RICARDO FRANCO;;726;MILANI;79492078;(67)99175-2387;SAO GABRIEL DO OESTE;500769;SAO GABRIEL DO OESTE;500769;6354265;CENTRAL DE REGULACAO DE SAO GABRIEL DO OESTE;F;14.04.2026;CLEIDIANE_REGULACAO;07.05.2026;CLEIDIANE_REGULADOR;6.36;CONFIRMADO;J450;;BERNARDO MEDEIROS MAIA
662108133;0299008;0301010072;CONSULTA EM CIRURGIA VASCULAR – GERAL;70808015087;CELIO HELEGDA;27.05.2026;06:30;0;702500348976832;ZENIR LIMA DA SILVA;26.03.1972;54;651;MARIA LIMA DA SILVA;RUA;SANTA MARIA;;1085;MILANI;79490000;(67)9904-6266;SAO GABRIEL DO OESTE;500769;SAO GABRIEL DO OESTE;500769;6452116;CENTRO DE ESPECIALIDADES MEDICAS;F;14.04.2026;FERNANDACRISTINAALVES;14.04.2026;FERNANDACRISTINAALVES;10.00;CONFIRMADO;Z016;70808015087;CELIO HELEGDA
662108578;1712011;0211080055;ESPIROMETRIA;09028429603;BERNARDO MEDEIROS MAIA;14.05.2026;07:30;0;706005808683347;DARCI FERREIRA SANTANA;26.01.1955;71;857;ARCIDIA VALERIANA DOS SANTOS;RUA;AREADO;DISTRITO;S/N;AREADO;79490000;(67)99805-8924;SAO GABRIEL DO OESTE;500769;SAO GABRIEL DO OESTE;500769;6354265;CENTRAL DE REGULACAO DE SAO GABRIEL DO OESTE;M;14.04.2026;CLEIDIANE_REGULACAO;07.05.2026;CLEIDIANE_REGULADOR;6.36;CONFIRMADO;J448;;BERNARDO MEDEIROS MAIA
662111368;0110002;0301010072;CONSULTA EM ORTOPEDIA - GERAL;32389571808;RODOLFO PELISSARI ZAMBOLIN;14.05.2026;12:30;0;701409633110237;TEREZINHA INACIO GOMES;19.05.1942;84;1009;MARIA INACIO GOMES;RUA;PEDRO NICARETTA;;1970;PRIMO MAFFISSONI;79420000;(67)99699-8075;SAO GABRIEL DO OESTE;500769;SAO GABRIEL DO OESTE;500769;6452116;CENTRO DE ESPECIALIDADES MEDICAS;F;14.04.2026;FERNANDACRISTINAALVES;14.04.2026;FERNANDACRISTINAALVES;10.00;PENDENTE;Z016;32389571808;RODOLFO PELISSARI ZAMBOLIN
662111912;1712011;0211080055;ESPIROMETRIA;09028429603;BERNARDO MEDEIROS MAIA;14.05.2026;07:30;0;705804458883931;ANTONIA PEREIRA DE SOUZA;01.09.1978;47;574;ESPEDITA PEREIRA;RUA;RIO DE JANEIRO;;2508;AMABILE MAFFISSONI;79490102;(67)99991-4562;SAO GABRIEL DO OESTE;500769;SAO GABRIEL DO OESTE;500769;6354265;CENTRAL DE REGULACAO DE SAO GABRIEL DO OESTE;F;14.04.2026;CLEIDIANE_REGULACAO;07.05.2026;CLEIDIANE_REGULADOR;6.36;CONFIRMADO;J448;;BERNARDO MEDEIROS MAIA
662112142;0701224;0301010072;CONSULTA EM NEUROLOGIA - GERAL;22264073837;ANSELMO COSTA;26.05.2026;14:00;0;701409633110237;TEREZINHA INACIO GOMES;19.05.1942;84;1009;MARIA INACIO GOMES;RUA;PEDRO NICARETTA;;1970;PRIMO MAFFISSONI;79420000;(67)99699-8075;SAO GABRIEL DO OESTE;500769;SAO GABRIEL DO OESTE;500769;6452116;CENTRO DE ESPECIALIDADES MEDICAS;F;14.04.2026;FERNANDACRISTINAALVES;14.04.2026;FERNANDACRISTINAALVES;10.00;CONFIRMADO;Z016;22264073837;ANSELMO COSTA
662114634;1712011;0211080055;ESPIROMETRIA;09028429603;BERNARDO MEDEIROS MAIA;14.05.2026;07:30;0;706307791511879;JOSEFA APARECIDA DA SILVA PROCOPIO;16.04.1963;63;758;MARIA LURDES MENDES;RUA;BALANCA;LOTE - CASA;100;ASSENTAMENTO CAMPANARIO;79490000;(67)9640-4111;SAO GABRIEL DO OESTE;500769;SAO GABRIEL DO OESTE;500769;6354265;CENTRAL DE REGULACAO DE SAO GABRIEL DO OESTE;F;14.04.2026;CLEIDIANE_REGULACAO;07.05.2026;CLEIDIANE_REGULADOR;6.36;CONFIRMADO;J459;;BERNARDO MEDEIROS MAIA
662114784;0110002;0301010072;CONSULTA EM ORTOPEDIA - GERAL;00530001101;BRUNO PETINARI UMBELINO;18.05.2026;08:00;0;702404533398224;RUBENS TOME DE OLIVEIRA;16.09.1978;47;573;MARIA ROSA FILHA DE OLIVEIRA;RUA;RUA E;SN;;BAIRRO SANTO ANTONIO;78790000;;ITIQUIRA;510460;SAO GABRIEL DO OESTE;500769;6452116;CENTRO DE ESPECIALIDADES MEDICAS;M;14.04.2026;FERNANDACRISTINAALVES;14.04.2026;FERNANDACRISTINAALVES;10.00;PENDENTE;Z016;00530001101;BRUNO PETINARI UMBELINO
662116259;2300004;0301010072;CONSULTA EM CARDIOLOGIA;98260570106;CLAUDIA REGINA DUARTE CAZZOLATO KHALIL;22.05.2026;14:00;0;704601694282327;MARLENE ALVES DOS SANTOS;06.09.1996;29;358;REGINA ELENA VIANA ALVES;AVENIDA;PRESIDENTE VARGAS;CASA DA MARI;190;SANTO ANDRE;79400000;(67)99290-8280;COXIM;500330;SAO GABRIEL DO OESTE;500769;6452116;CENTRO DE ESPECIALIDADES MEDICAS;F;14.04.2026;FERNANDACRISTINAALVES;14.04.2026;FERNANDACRISTINAALVES;10.00;PENDENTE;Z016;01110123175;ELY DONIZETH DE ASSIS JUNIOR
662116918;2300004;0301010072;CONSULTA EM CARDIOLOGIA;01110123175;ELY DONIZETH DE ASSIS JUNIOR;20.05.2026;06:30;0;703400288253219;CACEMIRO BORTOLI;27.02.1961;65;784;MARIA JOSE DE LIMA;RUA;SANTA ANA;CASA;210;MILANI;79490000;(67)9656-5870 / (67)99694-6713;SAO GABRIEL DO OESTE;500769;SAO GABRIEL DO OESTE;500769;2370972;UNIDADE DE SAUDE DA FAMILIA MILANE II;M;14.04.2026;FLAVIA_RODRIGUES;14.04.2026;FLAVIA_RODRIGUES;10.00;PENDENTE;R000;02453491113;MILENA GUEDIN VARGAS
662117159;0110002;0301010072;CONSULTA EM ORTOPEDIA - GERAL;00468987193;ARTHUR MARTINS DE ALMEIDA;19.05.2026;08:00;0;708908723753910;ILA OLIVEIRA DE FREITAS;09.05.1973;53;637;RITA COSTA DE OLIVEIRA FREITAS;RUA;TRAVESSA SANTO ISIDORO;CASA;1067;MILANI;79490000;(67)99686-3359;SAO GABRIEL DO OESTE;500769;SAO GABRIEL DO OESTE;500769;2370972;UNIDADE DE SAUDE DA FAMILIA MILANE II;F;14.04.2026;JULIANA_PACHECO;14.04.2026;JULIANA_PACHECO;10.00;CONFIRMADO;Z000;;ARTHUR MARTINS DE ALMEIDA
662119007;1712011;0211080055;ESPIROMETRIA;09028429603;BERNARDO MEDEIROS MAIA;08.05.2026;07:30;0;704806530113347;FRANCINEIDE SILVA DE SOUZA OLIVEIRA;21.04.1973;53;638;FRANCISCA ANA DA SILVA;CHACARA;SANTA ANA;;109;ASSENTAMENTO ITAQUI;79490000;(67)99644-0746;SAO GABRIEL DO OESTE;500769;SAO GABRIEL DO OESTE;500769;6354265;CENTRAL DE REGULACAO DE SAO GABRIEL DO OESTE;F;14.04.2026;CLEIDIANE_REGULACAO;07.05.2026;CLEIDIANE_REGULADOR;6.36;CONFIRMADO;J448;;BERNARDO MEDEIROS MAIA
662120824;0015001;0301010072;CONSULTA EM OFTALMOLOGIA GERAL;45183520097;JONI HILDOR SCHWEICKARDT;14.05.2026;07:00;0;704607676309125;ISADORA PEREIRA DA SILVA;27.09.2011;14;177;SIDILENE PEREIRA DA SILVA;RUA;AZULAO 1073/99998;;1506;FENIX;79491104;(67)99961-7205;SAO GABRIEL DO OESTE;500769;SAO GABRIEL DO OESTE;500769;2370999;UNIDADE DE SAUDE DA FAMILIA FENIX IV;F;14.04.2026;GUSTAVO_PIAIA;14.04.2026;GUSTAVO_PIAIA;10.00;CONFIRMADO;Z010;96245646120;RAFAELLA MARIA COSTA GOIS DE FIGUEIREDO
662120949;1712011;0211080055;ESPIROMETRIA;09028429603;BERNARDO MEDEIROS MAIA;14.05.2026;07:30;0;704807523677142;AMELIA RODRIGUES DE SOUZA;16.05.1960;66;793;IZAURA SOUZA DOS SANTOS;RUA;CURICACA 1466/99999;;1977;FENIX;79491080;(67)99944-8474 / (67)99126-5460;SAO GABRIEL DO OESTE;500769;SAO GABRIEL DO OESTE;500769;6354265;CENTRAL DE REGULACAO DE SAO GABRIEL DO OESTE;F;14.04.2026;CLEIDIANE_REGULACAO;07.05.2026;CLEIDIANE_REGULADOR;6.36;CONFIRMADO;J449;;BERNARDO MEDEIROS MAIA
662124525;0282081;0301010072;CONSULTA EM CIRURGIA GERAL;48047740172;EVA WILMA ABDO DOS SANTOS GUIMARAES;04.05.2026;12:30;1;707803640092613;ROSILENE ARRUDA SOARES;23.12.1986;39;474;CEZARINA BONIFACIA DE ARRUDA;FAZENDA;SANTA CRUZ;BR 163 KM 589;S/N;RURAL;79490000;(67)99905-9191;SAO GABRIEL DO OESTE;500769;SAO GABRIEL DO OESTE;500769;6452116;CENTRO DE ESPECIALIDADES MEDICAS;F;14.04.2026;CLEIDIANE_CEM;14.04.2026;CLEIDIANE_CEM;10.00;PENDENTE;Z018;48047740172;EVA WILMA ABDO DOS SANTOS GUIMARAES
662151352;0320174;0301010072;CONSULTA EM PNEUMOLOGIA - GERAL;09028429603;BERNARDO MEDEIROS MAIA;21.05.2026;14:00;0;706408625008682;SUELI DELGADO DE SOUZA;17.09.1967;58;705;RAMONA DELGADO;RUA;ANHUMAS;CASA;1259;JARDIM GRAMADO;79491016;(67)99180-3300;SAO GABRIEL DO OESTE;500769;SAO GABRIEL DO OESTE;500769;6452116;CENTRO DE ESPECIALIDADES MEDICAS;F;15.04.2026;FERNANDACRISTINAALVES;15.04.2026;FERNANDACRISTINAALVES;10.00;CONFIRMADO;Z016;09028429603;BERNARDO MEDEIROS MAIA
662157407;2300004;0301010072;CONSULTA EM CARDIOLOGIA;01110123175;ELY DONIZETH DE ASSIS JUNIOR;20.05.2026;06:30;0;708101563588233;LUIZ ANTONIO MARTINS;18.09.1962;63;765;SANTA EDITH MARTINS;AVENIDA;MATO GROSSO DO SUL;;2618;CENTRO;79490000;(67)99952-6778;SAO GABRIEL DO OESTE;500769;SAO GABRIEL DO OESTE;500769;6452116;CENTRO DE ESPECIALIDADES MEDICAS;M;15.04.2026;PATRICKMASIAGA;15.04.2026;PATRICKMASIAGA;10.00;PENDENTE;Z016;;ANGELA BENITES
662159789;0320174;0301010072;CONSULTA EM PNEUMOLOGIA - GERAL;09028429603;BERNARDO MEDEIROS MAIA;21.05.2026;14:00;0;701701261004570;CLAUDIO OSMAR DE OLIVEIRA;14.08.1973;52;634;IVA SILVA;RUA;ARARAS;;1865;CONJ FENIX;79490000;(67)9860-0917;SAO GABRIEL DO OESTE;500769;SAO GABRIEL DO OESTE;500769;6452116;CENTRO DE ESPECIALIDADES MEDICAS;M;15.04.2026;PATRICKMASIAGA;15.04.2026;PATRICKMASIAGA;10.00;PENDENTE;Z016;;MAYARA MELKE
662161672;0110002;0301010072;CONSULTA EM ORTOPEDIA - GERAL;93393539191;RODOLFO FABIANO NIZ BAREIRO;14.05.2026;12:30;0;704709547071840;MARIA JOSEANE RAMOS DA SILVA;05.03.1984;42;508;JOSEFA RAMOS DA SILVA;RUA;CANARIOS;CASA;1930;FENIX;79490000;(67)99872-0059;SAO GABRIEL DO OESTE;500769;SAO GABRIEL DO OESTE;500769;2370999;UNIDADE DE SAUDE DA FAMILIA FENIX IV;F;15.04.2026;GUSTAVO_PIAIA;15.04.2026;GUSTAVO_PIAIA;10.00;PENDENTE;M755;;BRUNO INCERTI DE PAIVA OLIVEIRA RODRIGUES
662164789;2300004;0301010072;CONSULTA EM CARDIOLOGIA;01110123175;ELY DONIZETH DE ASSIS JUNIOR;20.05.2026;06:30;0;700504554533956;ROBERTO WERNECK;13.03.1953;73;879;LUPERCIA PEREIRA WERNECK;RUA;RIO DE JANEIRO;;2520;CENTRO;79490000;(67)99947-7879;SAO GABRIEL DO OESTE;500769;SAO GABRIEL DO OESTE;500769;2599376;UNIDADE DE SAUDE DA FAMILIA VI;M;15.04.2026;MARIANA_MARTINS;15.04.2026;MARIANA_MARTINS;10.00;PENDENTE;Z48;;CELIO HELEGDA
662164836;3516007;0301010072;CONSULTA EM UROLOGIA - GERAL;04349392181;ANTONIO AUGUSTO PALOMBO MENDES;21.05.2026;08:00;0;700400953335543;MARTIMIANO SILVA;16.10.1964;61;740;AUTA FRANCISCA SANTANA;RUA;DAS MISSOES;CASA;336;MILANI;79490000;(67)99651-9401;SAO GABRIEL DO OESTE;500769;SAO GABRIEL DO OESTE;500769;6452116;CENTRO DE ESPECIALIDADES MEDICAS;M;15.04.2026;PATRICKMASIAGA;15.04.2026;PATRICKMASIAGA;10.00;CONFIRMADO;Z016;;CLEDSON PERETTI
662166387;3516007;0301010072;CONSULTA EM UROLOGIA - GERAL;04349392181;ANTONIO AUGUSTO PALOMBO MENDES;22.05.2026;06:30;0;702309051035320;ANTONIO EVANGELISTA DA SILVA;10.11.1952;73;883;SEBASTIANA MARIA DE JESUS;AVENIDA;TUIUIU 1/1465;;319;JARDIM GRAMADO;79491006;(67)99958-9393;SAO GABRIEL DO OESTE;500769;SAO GABRIEL DO OESTE;500769;2370980;UNIDADE DE SAUDE DA FAMILIA JARDIM GRAMADO I;M;15.04.2026;ELIANI_MOREIRA;15.04.2026;ELIANI_MOREIRA;10.00;CONFIRMADO;R32;01454652179;MAYARA MARIA MELKE GUIMARAES
662167334;0320174;0301010072;CONSULTA EM PNEUMOLOGIA - GERAL;09028429603;BERNARDO MEDEIROS MAIA;21.05.2026;14:00;0;704206272877485;PAULO SOARES DA PAZ;02.05.1964;62;746;RITA SOARES DA PAZ;RUA;CAMBARA;;463;SAO CRISTOVAO;79490000;(67)99912-9185;SAO GABRIEL DO OESTE;500769;SAO GABRIEL DO OESTE;500769;6452116;CENTRO DE ESPECIALIDADES MEDICAS;M;15.04.2026;PATRICKMASIAGA;15.04.2026;PATRICKMASIAGA;10.00;PENDENTE;Z016;;CLEDSON PERETTI
662169661;3516007;0301010072;CONSULTA EM UROLOGIA - GERAL;04349392181;ANTONIO AUGUSTO PALOMBO MENDES;22.05.2026;06:30;0;708405219252662;SANDRINEY GUTOSKI;11.07.1978;47;575;VANIA DE GOUVEIA BARBOSA GUTOSKI;RUA;23 DE MAIO;;1569;FÊNIX;79490000;(67)99605-3416;SAO GABRIEL DO OESTE;500769;SAO GABRIEL DO OESTE;500769;6452116;CENTRO DE ESPECIALIDADES MEDICAS;M;15.04.2026;FERNANDACRISTINAALVES;15.04.2026;FERNANDACRISTINAALVES;10.00;CONFIRMADO;Z016;04349392181;ANTONIO AUGUSTO PALOMBO MENDES
662170383;2300004;0301010072;CONSULTA EM CARDIOLOGIA;01110123175;ELY DONIZETH DE ASSIS JUNIOR;20.05.2026;06:30;0;702907571084477;CIDENE DE SOUZA NERY LUIZ;12.05.1971;55;661;GERTRUDES MARIA NERY;AVENIDA;GREGORIO NICARETTA;CASA;1921;PRIMO MAFFISSONI;79490000;(67)99854-5462;SAO GABRIEL DO OESTE;500769;SAO GABRIEL DO OESTE;500769;6452116;CENTRO DE ESPECIALIDADES MEDICAS;F;15.04.2026;PATRICKMASIAGA;15.04.2026;PATRICKMASIAGA;10.00;PENDENTE;Z016;01110123175;ELY DONIZETH DE ASSIS JUNIOR
662170694;2300004;0301010072;CONSULTA EM CARDIOLOGIA;01110123175;ELY DONIZETH DE ASSIS JUNIOR;13.05.2026;07:30;0;700600484066667;FATIMA PASTORIO MAFFESSONI;23.04.1963;63;758;MARINA BIASUZ PASTORIO;RUA;EUGENIO FERREIRA DA CUNHA 1200/1999;;1506;JARDIM PRIMAVERA;79490124;(67)99888-0848;SAO GABRIEL DO OESTE;500769;SAO GABRIEL DO OESTE;500769;6452116;CENTRO DE ESPECIALIDADES MEDICAS;F;15.04.2026;PATRICKMASIAGA;15.04.2026;PATRICKMASIAGA;10.00;PENDENTE;Z016;01110123175;ELY DONIZETH DE ASSIS JUNIOR
662171018;2300004;0301010072;CONSULTA EM CARDIOLOGIA;01110123175;ELY DONIZETH DE ASSIS JUNIOR;20.05.2026;06:30;0;705609460760015;ABADIA DA SILVA OLIVEIRA DE JESUS;10.12.1966;59;714;ANTONIA DA SILVA OLIVEIRA;RUA;DOS CANARIOS 1466/99999;;1857;FENIX;79491078;(67)99122-3474;SAO GABRIEL DO OESTE;500769;SAO GABRIEL DO OESTE;500769;6452116;CENTRO DE ESPECIALIDADES MEDICAS;F;15.04.2026;PATRICKMASIAGA;15.04.2026;PATRICKMASIAGA;10.00;PENDENTE;Z016;01110123175;ELY DONIZETH DE ASSIS JUNIOR
662171898;2300004;0301010072;CONSULTA EM CARDIOLOGIA;01110123175;ELY DONIZETH DE ASSIS JUNIOR;20.05.2026;07:30;0;704201286103881;MARIA JOSE RODRIGUES;11.05.1969;57;685;OTACILIA AURELIANA DA SILVA;FAZENDA;SÃO RAFAEL;CASA;S/N;MERCEDEZ;78563000;(67)99642-3635;TABAPORA;510794;SAO GABRIEL DO OESTE;500769;3400964;UNIDADE DE SAUDE DA FAMILIA RURAL VII;F;15.04.2026;DULCINEIA_MOCCELIN;15.04.2026;DULCINEIA_MOCCELIN;10.00;CONFIRMADO;I951;00612619630;KALYNKA SILVIA HIGINO
662172536;2300004;0301010072;CONSULTA EM CARDIOLOGIA;01110123175;ELY DONIZETH DE ASSIS JUNIOR;20.05.2026;07:30;0;706406342073090;NICOLE VIEIRA DOS ANJOS;05.05.2016;10;122;FABRICIA SILVA DOS ANJOS;AREA;RURAL;FAZENDA BONITO;S/N;AREA RURAL DE SAO GABRIEL DO OESTE;79493899;(67)99817-6436;SAO GABRIEL DO OESTE;500769;SAO GABRIEL DO OESTE;500769;6452116;CENTRO DE ESPECIALIDADES MEDICAS;F;15.04.2026;PATRICKMASIAGA;15.04.2026;PATRICKMASIAGA;10.00;PENDENTE;Z016;;MAYARA MELKE
662173399;2300004;0301010072;CONSULTA EM CARDIOLOGIA;01110123175;ELY DONIZETH DE ASSIS JUNIOR;20.05.2026;07:30;0;706404160376584;NEUZA RIBEIRO DE SOUZA;12.11.1943;82;991;MARGARIDA EVA DE SOUZA;RUA;SANTA MARIA;CASA1;839;MILANI;79490000;(67)99867-0674;SAO GABRIEL DO OESTE;500769;SAO GABRIEL DO OESTE;500769;6452116;CENTRO DE ESPECIALIDADES MEDICAS;F;15.04.2026;PATRICKMASIAGA;15.04.2026;PATRICKMASIAGA;10.00;PENDENTE;Z016;01110123175;ELY DONIZETH DE ASSIS JUNIOR
662174423;2300004;0301010072;CONSULTA EM CARDIOLOGIA;01110123175;ELY DONIZETH DE ASSIS JUNIOR;20.05.2026;07:30;0;706004885026443;LAUDELINO VIEIRA SALES;25.09.1949;76;921;SEBASTIANA CANDIDA;RUA;PRESIDENTE MEDICI;CASA;79;SILVINO DE BARROS;79430000;(67)99639-4997;BANDEIRANTES;500150;SAO GABRIEL DO OESTE;500769;6452116;CENTRO DE ESPECIALIDADES MEDICAS;M;15.04.2026;PATRICKMASIAGA;15.04.2026;PATRICKMASIAGA;10.00;PENDENTE;Z016;01110123175;ELY DONIZETH DE ASSIS JUNIOR
662175439;0015001;0301010072;CONSULTA EM OFTALMOLOGIA GERAL;45183520097;JONI HILDOR SCHWEICKARDT;07.05.2026;09:00;0;700102995949412;NADIR PEREIRA VELOZO;23.10.1959;66;800;HERONDINA ISIDRO DA SILVA;RUA;CASTANHEIRA;;511;SAO CRISTOVAO;79491182;(67)99955-5167;SAO GABRIEL DO OESTE;500769;SAO GABRIEL DO OESTE;500769;7002084;UNIDADE DE SAUDE DA FAMILIA IX;F;15.04.2026;AMANDALUIZA_BIAZUS;15.04.2026;AMANDALUIZA_BIAZUS;10.00;PENDENTE;Z010;06901507925;EVELYN KASSIA TUDISCO FERNANDES
662175645;0299008;0301010072;CONSULTA EM CIRURGIA VASCULAR – GERAL;70808015087;CELIO HELEGDA;06.05.2026;06:30;1;708408241348262;MARIA GLORIA DOS SANTOS OLIVEIRA;28.09.1959;66;801;ANALIA DOS SANTOS OLIVEIRA;RUA;23 DE MAIO;;1457;FENIX;79491112;(67)99647-2267;SAO GABRIEL DO OESTE;500769;SAO GABRIEL DO OESTE;500769;6452116;CENTRO DE ESPECIALIDADES MEDICAS;F;15.04.2026;CLEIDIANE_CEM;15.04.2026;CLEIDIANE_CEM;10.00;PENDENTE;I81;70808015087;CELIO HELEGDA
662176244;2300004;0301010072;CONSULTA EM CARDIOLOGIA;01110123175;ELY DONIZETH DE ASSIS JUNIOR;20.05.2026;07:30;0;700102995949412;NADIR PEREIRA VELOZO;23.10.1959;66;800;HERONDINA ISIDRO DA SILVA;RUA;CASTANHEIRA;;511;SAO CRISTOVAO;79491182;(67)99955-5167;SAO GABRIEL DO OESTE;500769;SAO GABRIEL DO OESTE;500769;7002084;UNIDADE DE SAUDE DA FAMILIA IX;F;15.04.2026;AMANDALUIZA_BIAZUS;15.04.2026;AMANDALUIZA_BIAZUS;10.00;PENDENTE;Z000;06901507925;EVELYN KASSIA TUDISCO FERNANDES
662176550;2300004;0301010072;CONSULTA EM CARDIOLOGIA;01110123175;ELY DONIZETH DE ASSIS JUNIOR;04.05.2026;06:30;1;708408241348262;MARIA GLORIA DOS SANTOS OLIVEIRA;28.09.1959;66;801;ANALIA DOS SANTOS OLIVEIRA;RUA;23 DE MAIO;;1457;FENIX;79491112;(67)99647-2267;SAO GABRIEL DO OESTE;500769;SAO GABRIEL DO OESTE;500769;6452116;CENTRO DE ESPECIALIDADES MEDICAS;F;15.04.2026;CLEIDIANE_CEM;15.04.2026;CLEIDIANE_CEM;10.00;PENDENTE;Z48;70808015087;CELIO HELEGDA
662176866;3516007;0301010072;CONSULTA EM UROLOGIA - GERAL;04349392181;ANTONIO AUGUSTO PALOMBO MENDES;22.05.2026;06:30;0;702805106987966;ANDERSON XIMENES DE OLIVEIRA;17.02.1982;44;532;EDIR XIMENES DE OLIVEIRA;RUA;PELICANOS;;126;JARDIM GRAMADO;79490000;(67)9859-9466;SAO GABRIEL DO OESTE;500769;SAO GABRIEL DO OESTE;500769;2370980;UNIDADE DE SAUDE DA FAMILIA JARDIM GRAMADO I;M;15.04.2026;ELIANI_MOREIRA;15.04.2026;ELIANI_MOREIRA;10.00;CONFIRMADO;Z000;01454652179;MAYARA MARIA MELKE GUIMARAES
662178674;0299008;0301010072;CONSULTA EM CIRURGIA VASCULAR – GERAL;70808015087;CELIO HELEGDA;27.05.2026;08:00;1;700109900471710;NILSON ROBERTO DOS SANTOS;03.08.1961;64;779;ROSALVA FERREIRA DOS SANTOS;RUA;ARAPONGAS;;340;JARDIM GRAMDO;79490000;(67)9802-2401;SAO GABRIEL DO OESTE;500769;SAO GABRIEL DO OESTE;500769;6452116;CENTRO DE ESPECIALIDADES MEDICAS;M;15.04.2026;CLEIDIANE_CEM;15.04.2026;CLEIDIANE_CEM;10.00;CONFIRMADO;I87;70808015087;CELIO HELEGDA
662180795;2300004;0301010072;CONSULTA EM CARDIOLOGIA;01110123175;ELY DONIZETH DE ASSIS JUNIOR;25.05.2026;06:30;0;701406634309638;VANDERLEI RIBEIRO;26.04.1966;60;722;THEREZINHA MARIA DA CONCEICAO RIBEIRO;RUA;EUGENIO FERREIRA DA CUNHA;;992;JD PRIMAVERA;79490000;(67)99649-1808;SAO GABRIEL DO OESTE;500769;SAO GABRIEL DO OESTE;500769;6452116;CENTRO DE ESPECIALIDADES MEDICAS;M;15.04.2026;PATRICKMASIAGA;15.04.2026;PATRICKMASIAGA;10.00;PENDENTE;Z016;01110123175;ELY DONIZETH DE ASSIS JUNIOR
662180953;0110002;0301010072;CONSULTA EM ORTOPEDIA - GERAL;93393539191;RODOLFO FABIANO NIZ BAREIRO;07.05.2026;14:00;0;701803206578170;JOSE ERISVALDO FERREIRA;31.07.1960;65;791;ALDENORA FERREIRA SILVA;RUA;CURIO;;684;JARDIM GRAMADO;79491012;(67)99134-6130;SAO GABRIEL DO OESTE;500769;SAO GABRIEL DO OESTE;500769;3400964;UNIDADE DE SAUDE DA FAMILIA RURAL VII;M;15.04.2026;JESSICA_PINHEIRO;15.04.2026;JESSICA_PINHEIRO;10.00;PENDENTE;M544;;RENNAN ORTIZ BUENO
662181532;2300004;0301010072;CONSULTA EM CARDIOLOGIA;01110123175;ELY DONIZETH DE ASSIS JUNIOR;25.05.2026;06:30;0;702405037261527;NAIR DO PRADO DA SILVA;18.02.1957;69;832;AMELIA PRIMAO DO PRADO;RUA;CURICACA;;1039;JARDIM GRAMADO;79490000;(67)3295-2351;SAO GABRIEL DO OESTE;500769;SAO GABRIEL DO OESTE;500769;6452116;CENTRO DE ESPECIALIDADES MEDICAS;F;15.04.2026;PATRICKMASIAGA;15.04.2026;PATRICKMASIAGA;10.00;PENDENTE;Z016;01110123175;ELY DONIZETH DE ASSIS JUNIOR
662181682;2300004;0301010072;CONSULTA EM CARDIOLOGIA;01110123175;ELY DONIZETH DE ASSIS JUNIOR;25.05.2026;06:30;0;708406281379566;CLAUDIA APARECIDA FRANCA MENEZES;19.01.1978;48;581;ROSA FRANCA MENEZES;NUCLEO;PICETTI BR163 KM618;FUNDOS;S/N;RURAL;79490000;(67)99849-7473;SAO GABRIEL DO OESTE;500769;SAO GABRIEL DO OESTE;500769;6452116;CENTRO DE ESPECIALIDADES MEDICAS;F;15.04.2026;FERNANDACRISTINAALVES;15.04.2026;FERNANDACRISTINAALVES;10.00;PENDENTE;Z016;09028429603;BERNARDO MEDEIROS MAIA
662185280;0299008;0301010072;CONSULTA EM CIRURGIA VASCULAR – GERAL;70808015087;CELIO HELEGDA;20.05.2026;08:00;0;709205240608535;ROSENI DA SILVA GOMES;03.07.1962;64;768;SEBASTIANA SOARES DE OLIVEIRA;RUA;DOS PARDAIS;;1431;FENIX;79490000;(67)99634-8462;SAO GABRIEL DO OESTE;500769;SAO GABRIEL DO OESTE;500769;6452116;CENTRO DE ESPECIALIDADES MEDICAS;F;15.04.2026;FERNANDACRISTINAALVES;15.04.2026;FERNANDACRISTINAALVES;10.00;PENDENTE;Z016;70808015087;CELIO HELEGDA
662186464;2300004;0301010072;CONSULTA EM CARDIOLOGIA;01110123175;ELY DONIZETH DE ASSIS JUNIOR;25.05.2026;06:30;0;708205603723244;ADRIANO DA SILVA ALMEIDA;06.10.1981;44;537;ESMERALDA LUCIANA DA SILVA ALMEIDA;FAZENDA;IPE;;S/N;RURAL;79490000;(67)99847-3097;SAO GABRIEL DO OESTE;500769;SAO GABRIEL DO OESTE;500769;6452116;CENTRO DE ESPECIALIDADES MEDICAS;M;15.04.2026;PATRICKMASIAGA;15.04.2026;PATRICKMASIAGA;10.00;PENDENTE;Z016;01110123175;ELY DONIZETH DE ASSIS JUNIOR
662187012;2300004;0301010072;CONSULTA EM CARDIOLOGIA;98260570106;CLAUDIA REGINA DUARTE CAZZOLATO KHALIL;08.05.2026;14:00;0;701206009799016;MARIA MACHADO DE OLIVEIRA;06.06.1970;56;673;JESUINA MACHADO DE OLIVEIRA;RUA;COLIBRI;;771;FENIX;79490000;(67)99857-3334;SAO GABRIEL DO OESTE;500769;SAO GABRIEL DO OESTE;500769;6452116;CENTRO DE ESPECIALIDADES MEDICAS;F;15.04.2026;FERNANDACRISTINAALVES;15.04.2026;FERNANDACRISTINAALVES;10.00;PENDENTE;Z016;98260570106;CLAUDIA REGINA DUARTE CAZZOLATO KHALIL
662187830;0282081;0301010072;CONSULTA EM CIRURGIA GERAL;48047740172;EVA WILMA ABDO DOS SANTOS GUIMARAES;28.05.2026;08:00;0;702407599594121;JANAINA GARCIA DE SOUZA;03.11.2005;20;248;CELINA GARCIA MACIEL;RUA;DOS LAVRADORES;DISTRITO;S/N;AREADO;79490000;(67)99933-3568;SAO GABRIEL DO OESTE;500769;SAO GABRIEL DO OESTE;500769;2370972;UNIDADE DE SAUDE DA FAMILIA MILANE II;F;15.04.2026;VANESSAMARTINS_AREADO;15.04.2026;VANESSAMARTINS_AREADO;10.00;CONFIRMADO;L05;83798633134;JOAO BAPTISTA BARBOSA SOUZA
662188489;2300004;0301010072;CONSULTA EM CARDIOLOGIA;01110123175;ELY DONIZETH DE ASSIS JUNIOR;25.05.2026;07:30;0;704203269533980;LUZINETE MARIA DE SOUZA;22.04.1968;58;698;MARIA DAS DORES DE SOUZA;RUA;ZECA NEVES;;184;JARDIM SAO CONRADO;79091320;(67)99683-5332;CAMPO GRANDE;500270;SAO GABRIEL DO OESTE;500769;6452116;CENTRO DE ESPECIALIDADES MEDICAS;F;15.04.2026;PATRICKMASIAGA;15.04.2026;PATRICKMASIAGA;10.00;PENDENTE;Z016;01110123175;ELY DONIZETH DE ASSIS JUNIOR
662189484;2300004;0301010072;CONSULTA EM CARDIOLOGIA;01110123175;ELY DONIZETH DE ASSIS JUNIOR;25.05.2026;07:30;0;700408496546641;JOSE MENDES DA SILVA;05.02.1944;82;989;AGUIDA MARIA LONILDA;RUA;CURIO;CASA;1052;JARDIM GRAMADO;79490000;(67)99676-3516 / (67)99637-4194;SAO GABRIEL DO OESTE;500769;SAO GABRIEL DO OESTE;500769;6452116;CENTRO DE ESPECIALIDADES MEDICAS;M;15.04.2026;PATRICKMASIAGA;15.04.2026;PATRICKMASIAGA;10.00;PENDENTE;Z016;01110123175;ELY DONIZETH DE ASSIS JUNIOR
662189602;0110002;0301010072;CONSULTA EM ORTOPEDIA - GERAL;04469955680;DANIEL ROCHA DO CARMO;18.05.2026;14:00;0;704304557663391;FRANCISCA MARIA DE OLIVEIRA;10.11.1956;69;835;MARIA DE JESUS DA SILVA;RUA;TUIUIU;;971;JARDIM GRAMADO;79490000;(67)99637-1721 / (67)9637-1721;SAO GABRIEL DO OESTE;500769;SAO GABRIEL DO OESTE;500769;6452116;CENTRO DE ESPECIALIDADES MEDICAS;F;15.04.2026;FERNANDACRISTINAALVES;15.04.2026;FERNANDACRISTINAALVES;10.00;CONFIRMADO;Z016;04469955680;DANIEL ROCHA DO CARMO
662193501;3500023;0206010060;TOMOGRAFIA COMPUTADORIZADA  DE CRANIO SEM CONTRASTE;00125300006;MEDICOS SUS;06.05.2026;07:15;0;709002880218312;JOSE BARBOSA DA SILVA;21.05.1940;86;1033;JOSEFA BARBOSA DA CONCEICAO;FAZENDA;ITAQUI;;143;ZONA RURAL;79490000;(67)9656-5455;SAO GABRIEL DO OESTE;500769;SAO GABRIEL DO OESTE;500769;6354265;CENTRAL DE REGULACAO DE SAO GABRIEL DO OESTE;M;15.04.2026;JULIOCESAR_SAOGABRIEL;02.05.2026;CLEIDIANE_REGULADOR;97.44;PENDENTE;G403;;ANSELMO COSTA
662197561;0320174;0301010072;CONSULTA EM PNEUMOLOGIA - GERAL;09028429603;BERNARDO MEDEIROS MAIA;26.05.2026;13:00;0;708901732489914;ENZO ALVES DE SOUZA;06.01.2020;06;78;KAROLINE RODRIGUES DE SOUZA;RUA;FENIX;;49;FENIX;79490000;(67)99658-8491 / (67)99658-8491;SAO GABRIEL DO OESTE;500769;SAO GABRIEL DO OESTE;500769;6452116;CENTRO DE ESPECIALIDADES MEDICAS;M;15.04.2026;PATRICKMASIAGA;15.04.2026;PATRICKMASIAGA;10.00;CONFIRMADO;Z016;09028429603;BERNARDO MEDEIROS MAIA
662197625;0282081;0301010072;CONSULTA EM CIRURGIA GERAL;48047740172;EVA WILMA ABDO DOS SANTOS GUIMARAES;28.05.2026;06:30;0;708807787795010;ALESSANDRA PALMEIRA DOS SANTOS;19.01.1996;30;365;CLAUDETE PALMEIRA;RUA;PATATIVA;;331;FENIX;79491100;(67)99876-0798;SAO GABRIEL DO OESTE;500769;SAO GABRIEL DO OESTE;500769;2370999;UNIDADE DE SAUDE DA FAMILIA FENIX IV;F;15.04.2026;GUSTAVO_PIAIA;15.04.2026;GUSTAVO_PIAIA;10.00;CONFIRMADO;K80;00703866176;ALCIDES EDUARDO EIBEL
662198371;0701224;0301010072;CONSULTA EM NEUROLOGIA - GERAL;22264073837;ANSELMO COSTA;06.05.2026;14:00;0;708608069865681;LOINY SOBRINHO DE OLIVEIRA;03.09.1992;33;406;ANATALIA SILVERIO SOBRINHO;FAZENDA;HERCULANEA;;S/N;AREA RURAL DE SAO GABRIEL DO OESTE;79493899;(67)99905-2420;SAO GABRIEL DO OESTE;500769;SAO GABRIEL DO OESTE;500769;2370972;UNIDADE DE SAUDE DA FAMILIA MILANE II;F;15.04.2026;VANESSAMARTINS_AREADO;15.04.2026;VANESSAMARTINS_AREADO;10.00;PENDENTE;R202;83798633134;JOAO BAPTISTA BARBOSA SOUZA
662198378;2300004;0301010072;CONSULTA EM CARDIOLOGIA;98260570106;CLAUDIA REGINA DUARTE CAZZOLATO KHALIL;15.05.2026;14:00;0;708807787795010;ALESSANDRA PALMEIRA DOS SANTOS;19.01.1996;30;365;CLAUDETE PALMEIRA;RUA;PATATIVA;;331;FENIX;79491100;(67)99876-0798;SAO GABRIEL DO OESTE;500769;SAO GABRIEL DO OESTE;500769;2370999;UNIDADE DE SAUDE DA FAMILIA FENIX IV;F;15.04.2026;GUSTAVO_PIAIA;15.04.2026;GUSTAVO_PIAIA;10.00;CONFIRMADO;Z000;00703866176;ALCIDES EDUARDO EIBEL
662202182;0282063;0301010072;CONSULTA EM OTORRINOLARINGOLOGIA;78877326115;ANA PAULA CAVALIERI PONTES;29.05.2026;07:30;0;702805163903563;NADIR SIQUEIRA DA ROSA;06.01.1962;64;774;DORNELIA PINTO SIQUEIRA;RUA;MATO GROSSO;;S/N;CENTRO (AREADO);79495006;(67)99822-1328;SAO GABRIEL DO OESTE;500769;SAO GABRIEL DO OESTE;500769;2370972;UNIDADE DE SAUDE DA FAMILIA MILANE II;F;15.04.2026;VANESSAMARTINS_AREADO;15.04.2026;VANESSAMARTINS_AREADO;10.00;PENDENTE;Z011;83798633134;JOAO BAPTISTA BARBOSA SOUZA
662205441;0015001;0301010072;CONSULTA EM OFTALMOLOGIA GERAL;45183520097;JONI HILDOR SCHWEICKARDT;07.05.2026;09:00;0;700503352584257;IRANIR DIAS VIEIRA;22.09.1941;84;1017;FELISBINA DE ALMEIDA VIEIRA;RUA;RIO DE JANEIRO;;2472;CENTRO;79490000;(67)99969-3271;SAO GABRIEL DO OESTE;500769;SAO GABRIEL DO OESTE;500769;2599376;UNIDADE DE SAUDE DA FAMILIA VI;F;15.04.2026;MARIANA_MARTINS;15.04.2026;MARIANA_MARTINS;10.00;CONFIRMADO;H579;06437691107;MAIARA FLORES SCARIOT
662206395;0110002;0301010072;CONSULTA EM ORTOPEDIA - GERAL;00530001101;BRUNO PETINARI UMBELINO;18.05.2026;08:00;0;704205230957080;JOSE FERREIRA DE LIMA;16.08.1960;65;790;ONESTINA FERREIRA DE LIMA;FAZENDA;AREADO;;S/N;RURAL;79490000;(67)9696-4389;SAO GABRIEL DO OESTE;500769;SAO GABRIEL DO OESTE;500769;2370972;UNIDADE DE SAUDE DA FAMILIA MILANE II;M;15.04.2026;VANESSAMARTINS_AREADO;15.04.2026;VANESSAMARTINS_AREADO;10.00;PENDENTE;S335;83798633134;JOAO BAPTISTA BARBOSA SOUZA
662208628;3516007;0301010072;CONSULTA EM UROLOGIA - GERAL;04349392181;ANTONIO AUGUSTO PALOMBO MENDES;22.05.2026;08:00;0;704205230957080;JOSE FERREIRA DE LIMA;16.08.1960;65;790;ONESTINA FERREIRA DE LIMA;FAZENDA;AREADO;;S/N;RURAL;79490000;(67)9696-4389;SAO GABRIEL DO OESTE;500769;SAO GABRIEL DO OESTE;500769;2370972;UNIDADE DE SAUDE DA FAMILIA MILANE II;M;15.04.2026;VANESSAMARTINS_AREADO;15.04.2026;VANESSAMARTINS_AREADO;10.00;CONFIRMADO;D291;83798633134;JOAO BAPTISTA BARBOSA SOUZA
662211730;0701224;0301010072;CONSULTA EM NEUROLOGIA - GERAL;22264073837;ANSELMO COSTA;26.05.2026;07:00;0;704001360908460;NERI MEURER;04.09.1959;66;802;ITALVINA NERVIS MEURER;RUA;PERNAMBUCO;;1507;JARDIM ALVORADA;79490000;(67)99951-0132;SAO GABRIEL DO OESTE;500769;SAO GABRIEL DO OESTE;500769;6452116;CENTRO DE ESPECIALIDADES MEDICAS;M;15.04.2026;PATRICKMASIAGA;15.04.2026;PATRICKMASIAGA;10.00;PENDENTE;Z00;22264073837;ANSELMO COSTA
662213180;0282081;0301010072;CONSULTA EM CIRURGIA GERAL;48047740172;EVA WILMA ABDO DOS SANTOS GUIMARAES;28.05.2026;08:00;0;700500755697359;JOANA SENHORINHA DE OLIVEIRA;15.06.1960;66;792;SEBASTIANA SENHORINHA DE OLIVEIRA;RUA;AREADO;DISTRITO;S/N;AREADO;79490000;(67)99817-0080;SAO GABRIEL DO OESTE;500769;SAO GABRIEL DO OESTE;500769;2370972;UNIDADE DE SAUDE DA FAMILIA MILANE II;F;15.04.2026;VANESSAMARTINS_AREADO;15.04.2026;VANESSAMARTINS_AREADO;10.00;CONFIRMADO;K40;83798633134;JOAO BAPTISTA BARBOSA SOUZA
662214559;2300004;0301010072;CONSULTA EM CARDIOLOGIA;01110123175;ELY DONIZETH DE ASSIS JUNIOR;04.05.2026;06:30;0;703000893320179;LOURIVAL FORMIGONI;24.08.1948;77;934;LEONILDA MARQUES FORMIGONI;RUA;ESTUDANTE ELIAS BORGMAM;;1872;PRIMO MAFFISSONI;79490000;(67)9632-3316;SAO GABRIEL DO OESTE;500769;SAO GABRIEL DO OESTE;500769;7333218;UNIDADE DE SAUDE DA FAMILIA X;M;15.04.2026;RAISSASILVALIMA;15.04.2026;VANIA_MARIANO;10.00;PENDENTE;I10;63805480172;CLEDSON PERETTI
662215259;2300004;0301010072;CONSULTA EM CARDIOLOGIA;01110123175;ELY DONIZETH DE ASSIS JUNIOR;25.05.2026;07:30;0;702307185511915;GERSON ROCHA DE OLIVEIRA;01.03.1960;66;796;DERCILIA ROCHA DE OLIVEIRA;RUA;RAIMUNDO DO PRADO;;1212;JARDIM PRIMAVERA;79490000;(67)98201-5192 / (67)99677-6801;SAO GABRIEL DO OESTE;500769;SAO GABRIEL DO OESTE;500769;6452116;CENTRO DE ESPECIALIDADES MEDICAS;M;15.04.2026;FERNANDACRISTINAALVES;15.04.2026;FERNANDACRISTINAALVES;10.00;CONFIRMADO;Z016;01110123175;ELY DONIZETH DE ASSIS JUNIOR
662216423;0299008;0301010072;CONSULTA EM CIRURGIA VASCULAR – GERAL;70808015087;CELIO HELEGDA;27.05.2026;08:00;0;700703949206874;JOSE DUNISETE AMERICO DE SOUZA;17.08.1955;70;850;JOSEFA PEREIRA DE SOUZA;RUA;BRASIL;AREADO;S/N;RURAL;79490000;(67)9923-3770;SAO GABRIEL DO OESTE;500769;SAO GABRIEL DO OESTE;500769;2370972;UNIDADE DE SAUDE DA FAMILIA MILANE II;M;15.04.2026;VANESSAMARTINS_AREADO;15.04.2026;VANESSAMARTINS_AREADO;10.00;CONFIRMADO;Z00;;CELIO
662221361;0110002;0301010072;CONSULTA EM ORTOPEDIA - GERAL;93393539191;RODOLFO FABIANO NIZ BAREIRO;07.05.2026;14:00;0;706700586188018;IRINEA DA SILVA;07.03.1977;49;592;MARIA ILMA FERNANDES DA SILVA;RUA;CONDE DE PORTO ALEGRE;CASA 4;940;MILANI;79492072;(67)98482-4875;SAO GABRIEL DO OESTE;500769;SAO GABRIEL DO OESTE;500769;2370972;UNIDADE DE SAUDE DA FAMILIA MILANE II;F;15.04.2026;FLAVIA_RODRIGUES;15.04.2026;FLAVIA_RODRIGUES;10.00;PENDENTE;S142;83798633134;JOAO BAPTISTA BARBOSA SOUZA
662221430;0110002;0301010072;CONSULTA EM ORTOPEDIA - GERAL;04469955680;DANIEL ROCHA DO CARMO;25.05.2026;12:30;0;704807096213244;JESSICA CRISTINA DA SILVA;27.10.1994;31;380;MARIA DAS GRACAS DA SILVA;RUA;MANOEL ROSA;;670;JD PRIMAVERA;79490000;(67)99697-3312;SAO GABRIEL DO OESTE;500769;SAO GABRIEL DO OESTE;500769;6452116;CENTRO DE ESPECIALIDADES MEDICAS;F;15.04.2026;FERNANDACRISTINAALVES;15.04.2026;FERNANDACRISTINAALVES;10.00;PENDENTE;Z016;04469955680;DANIEL ROCHA DO CARMO
662221846;2300004;0301010072;CONSULTA EM CARDIOLOGIA;98260570106;CLAUDIA REGINA DUARTE CAZZOLATO KHALIL;15.05.2026;07:30;0;709005866364415;MARIA SUELY DANTAS FERREIRA;02.07.1968;58;696;ODETE NAZARETH DANTAS;DISTRITO;ERNESTO BORGES;;S/N;AREADO;79490000;(67)9805-8924;SAO GABRIEL DO OESTE;500769;SAO GABRIEL DO OESTE;500769;2370972;UNIDADE DE SAUDE DA FAMILIA MILANE II;F;15.04.2026;VANESSAMARTINS_AREADO;15.04.2026;VANESSAMARTINS_AREADO;10.00;CONFIRMADO;Z00;;CLAUDIA R D CAZZOLATO
662222762;0701224;0301010072;CONSULTA EM NEUROLOGIA - GERAL;22264073837;ANSELMO COSTA;06.05.2026;14:00;0;706700586188018;IRINEA DA SILVA;07.03.1977;49;592;MARIA ILMA FERNANDES DA SILVA;RUA;CONDE DE PORTO ALEGRE;CASA 4;940;MILANI;79492072;(67)98482-4875;SAO GABRIEL DO OESTE;500769;SAO GABRIEL DO OESTE;500769;2370972;UNIDADE DE SAUDE DA FAMILIA MILANE II;F;15.04.2026;FLAVIA_RODRIGUES;15.04.2026;FLAVIA_RODRIGUES;10.00;CONFIRMADO;S142;83798633134;JOAO BAPTISTA BARBOSA SOUZA
662223020;0320174;0301010072;CONSULTA EM PNEUMOLOGIA - GERAL;09028429603;BERNARDO MEDEIROS MAIA;26.05.2026;13:00;0;708406248404263;APARECIDO CHAGAS IVO;17.05.1972;54;649;BERNARDINA COIMBRA IVO;RUA;DAS CURRUIRAS 1466/99999;;1872;FENIX;79491086;(67)99962-3968;SAO GABRIEL DO OESTE;500769;SAO GABRIEL DO OESTE;500769;2370999;UNIDADE DE SAUDE DA FAMILIA FENIX IV;M;15.04.2026;GUSTAVO_PIAIA;15.04.2026;GUSTAVO_PIAIA;10.00;CONFIRMADO;J449;00703866176;ALCIDES EDUARDO EIBEL
662229276;0110002;0301010072;CONSULTA EM ORTOPEDIA - GERAL;00530001101;BRUNO PETINARI UMBELINO;18.05.2026;06:30;0;700207918779927;NEUSA PEREIRA DOS SANTOS SILVA;01.05.1962;64;770;HILDA IVA PEREIRA;RUA;CANARIOS;;958;JARDIM GRAMADO;79490000;(67)8162-3018;SAO GABRIEL DO OESTE;500769;SAO GABRIEL DO OESTE;500769;2370980;UNIDADE DE SAUDE DA FAMILIA JARDIM GRAMADO I;F;15.04.2026;ELIANI_MOREIRA;15.04.2026;ELIANI_MOREIRA;10.00;PENDENTE;M545;01454652179;MAYARA MARIA MELKE GUIMARAES
662231249;0110002;0301010072;CONSULTA EM ORTOPEDIA - GERAL;06302616603;ROMULO AMARAL TAFURI;13.05.2026;12:30;0;709204285913336;NILTON COSTA MARQUES;23.01.1979;47;569;MARIA DAS GRACAS COSTA MARQUES;RUA;DAS CURRUIRAS;;1660;JARDIM GRAMADO;79491014;(67)99286-9715;SAO GABRIEL DO OESTE;500769;SAO GABRIEL DO OESTE;500769;3400964;UNIDADE DE SAUDE DA FAMILIA RURAL VII;M;15.04.2026;JESSICA_PINHEIRO;15.04.2026;JESSICA_PINHEIRO;10.00;PENDENTE;M542;;RENNAN ORTIZ BUENO
662232304;2300004;0301010072;CONSULTA EM CARDIOLOGIA;01110123175;ELY DONIZETH DE ASSIS JUNIOR;25.05.2026;07:30;0;700108821549090;BARBARA VIANA DE ANDRADE;25.04.2003;23;278;ROSELY VIANA DE OLIVEIRA;RUA;OITI;;233;SAO CRISTOVAO;79491196;(67)99907-4344;SAO GABRIEL DO OESTE;500769;SAO GABRIEL DO OESTE;500769;7002084;UNIDADE DE SAUDE DA FAMILIA IX;F;15.04.2026;AMANDALUIZA_BIAZUS;15.04.2026;AMANDALUIZA_BIAZUS;10.00;PENDENTE;Z136;96040653191;PAULO FENELON MARINHO
662233656;2300004;0301010072;CONSULTA EM CARDIOLOGIA;98260570106;CLAUDIA REGINA DUARTE CAZZOLATO KHALIL;22.05.2026;07:30;0;708001351054724;HERCILIA CRISPIM FERNANDES MACIEL;26.11.1959;66;799;MARIA CRISPIM FERNANDES;RUA;ACRE;COHAB I;852;PRIMO MAFFISSONI;79490256;(67)99678-7504;SAO GABRIEL DO OESTE;500769;SAO GABRIEL DO OESTE;500769;6452116;CENTRO DE ESPECIALIDADES MEDICAS;F;15.04.2026;FERNANDACRISTINAALVES;15.04.2026;FERNANDACRISTINAALVES;10.00;PENDENTE;Z016;04349392181;ANTONIO AUGUSTO PALOMBO MENDES
662234925;0015001;0301010072;CONSULTA EM OFTALMOLOGIA GERAL;45183520097;JONI HILDOR SCHWEICKARDT;07.05.2026;14:00;0;703202697785199;JOEL DOS SANTOS CORREIA;11.06.1968;58;696;VALDOMIRA SANTOS CORREA;RUA;DOS CANARIOS 1/1465;;1273;JARDIM GRAMADO;79491008;(67)99611-4884;SAO GABRIEL DO OESTE;500769;SAO GABRIEL DO OESTE;500769;2370980;UNIDADE DE SAUDE DA FAMILIA JARDIM GRAMADO I;M;15.04.2026;ELIANI_MOREIRA;15.04.2026;ELIANI_MOREIRA;10.00;CONFIRMADO;H53;01454652179;MAYARA MARIA MELKE GUIMARAES
662245201;0701224;0301010072;CONSULTA EM NEUROLOGIA - GERAL;22264073837;ANSELMO COSTA;06.05.2026;14:00;0;700400910689246;ADILSON DE OLIVEIRA BOFFE;05.10.1982;43;525;CARMELITA DE OLIVEIRA BOFFE;RUA;ANTONIO LAMBERT;;1564;MILANI;79492064;(67)99637-6760;SAO GABRIEL DO OESTE;500769;SAO GABRIEL DO OESTE;500769;2370972;UNIDADE DE SAUDE DA FAMILIA MILANE II;M;15.04.2026;FLAVIA_RODRIGUES;15.04.2026;FLAVIA_RODRIGUES;10.00;PENDENTE;R51;83798633134;JOAO BAPTISTA BARBOSA SOUZA
662246320;3100034;0207010064;RESSONANCIA MAGNETICA DE CRANIO;00125300006;MEDICOS SUS;29.05.2026;13:00;0;700803954397584;GISELI SOUZA CANUTO;18.07.1994;31;383;SANGELA APARECIDA DE SOUZA;LOTEAMENTO;ITAQUI;;11;RURAL;79490000;(67)99660-5351;SAO GABRIEL DO OESTE;500769;SAO GABRIEL DO OESTE;500769;6354265;CENTRAL DE REGULACAO DE SAO GABRIEL DO OESTE;F;15.04.2026;JULIOCESAR_SAOGABRIEL;27.05.2026;CLEIDIANE_REGULADOR;268.75;PENDENTE;R51;;ANSELMO COSTA
662250414;0701224;0301010072;CONSULTA EM NEUROLOGIA - GERAL;22264073837;ANSELMO COSTA;26.05.2026;09:00;0;700503102021557;GISELE DIAS ALVES;16.01.1992;34;413;ELIZIA DIAS ROBERDO DE OLIVEIRA;AREA;SANTA LUZIA DO MURIQUI;;S/N;AREA RURAL DE SAO GABRIEL DO OESTE;79493899;(67)99676-2058 / (67)99715-6675;SAO GABRIEL DO OESTE;500769;SAO GABRIEL DO OESTE;500769;2370972;UNIDADE DE SAUDE DA FAMILIA MILANE II;F;15.04.2026;VANESSAMARTINS_AREADO;15.04.2026;VANESSAMARTINS_AREADO;10.00;PENDENTE;R568;;MARIA EDUARDA CURADO DE OLIVEIRA
662263128;3516007;0301010072;CONSULTA EM UROLOGIA - GERAL;04349392181;ANTONIO AUGUSTO PALOMBO MENDES;22.05.2026;06:30;0;706201591995665;ALEXANDRE GARCIA;27.02.1947;79;952;RAMONA GARCIA;RUA;PARA;;71;AMABILE MAFFISSONI;79490100;(67)99264-3320;SAO GABRIEL DO OESTE;500769;SAO GABRIEL DO OESTE;500769;7002084;UNIDADE DE SAUDE DA FAMILIA IX;M;15.04.2026;AMANDALUIZA_BIAZUS;15.04.2026;AMANDALUIZA_BIAZUS;10.00;CONFIRMADO;N40;96040653191;PAULO FENELON MARINHO
662266957;0110002;0301010072;CONSULTA EM ORTOPEDIA - GERAL;06302616603;ROMULO AMARAL TAFURI;13.05.2026;12:30;0;708406266225669;DAVID ANTONIO FERREIRA DE OLIVEIRA;12.06.1960;66;792;OSMILDA FERREIRA DE OLIVEIRA;FAZENDA;ALDEIA;;S/N;ZONA RURAL;79490000;(67)99692-0623;SAO GABRIEL DO OESTE;500769;SAO GABRIEL DO OESTE;500769;6452116;CENTRO DE ESPECIALIDADES MEDICAS;M;15.04.2026;FERNANDACRISTINAALVES;15.04.2026;FERNANDACRISTINAALVES;10.00;PENDENTE;Z016;93393539191;RODOLFO FABIANO NIZ BAREIRO
662269413;0110002;0301010072;CONSULTA EM ORTOPEDIA - GERAL;04469955680;DANIEL ROCHA DO CARMO;25.05.2026;12:30;0;702802696067469;LUIZ ROBERTO DE PAULA;05.07.1977;49;588;LURDES MARIA DO NASCIMENTO;RUA;QUERO QUERO;CASA;1037;FENIX;79490000;(67)99647-7327 / (67)99841-0969;SAO GABRIEL DO OESTE;500769;SAO GABRIEL DO OESTE;500769;6452116;CENTRO DE ESPECIALIDADES MEDICAS;M;15.04.2026;FERNANDACRISTINAALVES;15.04.2026;FERNANDACRISTINAALVES;10.00;CONFIRMADO;Z016;;NELSON TAVARES
662280503;0320174;0301010072;CONSULTA EM PNEUMOLOGIA - GERAL;09028429603;BERNARDO MEDEIROS MAIA;26.05.2026;13:00;0;704508397407912;GRACINDA FLORENTINA TEODORO DE FREITAS;21.02.1959;67;808;CELENCIANA TEODORO DE FREITAS;CHACARA;SAO BOM JESUS;ASSENTAMENTO;24;ITAQUI;79490000;(67)99803-5996;SAO GABRIEL DO OESTE;500769;SAO GABRIEL DO OESTE;500769;3400964;UNIDADE DE SAUDE DA FAMILIA RURAL VII;F;15.04.2026;DULCINEIA_MOCCELIN;15.04.2026;DULCINEIA_MOCCELIN;10.00;CONFIRMADO;Z000;;BERNARDO MAIA
662290543;2300004;0301010072;CONSULTA EM CARDIOLOGIA;01110123175;ELY DONIZETH DE ASSIS JUNIOR;25.05.2026;07:30;0;704204276154885;MARIA ELIZETE FERREIRA GOMES;13.07.1960;65;791;FRANCISCA FERREIRA GOMES;RUA;Q;;534;CIDADE JARDIM;79492148;(67)99109-4379;SAO GABRIEL DO OESTE;500769;SAO GABRIEL DO OESTE;500769;6452116;CENTRO DE ESPECIALIDADES MEDICAS;F;15.04.2026;FERNANDACRISTINAALVES;15.04.2026;FERNANDACRISTINAALVES;10.00;CONFIRMADO;Z016;;MILENA GUEDIN VARGAS
662293367;2300004;0301010072;CONSULTA EM CARDIOLOGIA;01110123175;ELY DONIZETH DE ASSIS JUNIOR;26.05.2026;06:30;0;702604781532840;PATRICK PAOLO DE SAIBRO CECATTO;02.09.1991;34;418;MARCIA ANTONIA DE SAIBRO;RUA;PAU TERRA;;248;SÃO CRISTOVÃO;79490000;(67)99801-2171;SAO GABRIEL DO OESTE;500769;SAO GABRIEL DO OESTE;500769;6452116;CENTRO DE ESPECIALIDADES MEDICAS;M;15.04.2026;FERNANDACRISTINAALVES;15.04.2026;FERNANDACRISTINAALVES;10.00;PENDENTE;Z016;48047740172;EVA WILMA ABDO DOS SANTOS GUIMARAES
662294360;2300004;0301010072;CONSULTA EM CARDIOLOGIA;01110123175;ELY DONIZETH DE ASSIS JUNIOR;26.05.2026;06:30;0;700004665708201;ANA PAULA PEREIRA;11.10.1982;43;524;CLARISSE DA SILVA;RUA;BICUDOS;;159;JARDIM GRAMADO;79490000;(67)99874-5433;SAO GABRIEL DO OESTE;500769;SAO GABRIEL DO OESTE;500769;6452116;CENTRO DE ESPECIALIDADES MEDICAS;F;15.04.2026;FERNANDACRISTINAALVES;15.04.2026;FERNANDACRISTINAALVES;10.00;CONFIRMADO;Z016;;MAYARA MELKE GUIMARAES
662295723;2300004;0301010072;CONSULTA EM CARDIOLOGIA;01110123175;ELY DONIZETH DE ASSIS JUNIOR;26.05.2026;06:30;0;702308102200012;ROSA FERREIRA BARBOSA;18.05.1975;51;613;JOANA FERREIRA BARBOSA;RUA;DONA ELVIRA;;1300;MILANI;79490000;(67)99971-8966;SAO GABRIEL DO OESTE;500769;SAO GABRIEL DO OESTE;500769;6452116;CENTRO DE ESPECIALIDADES MEDICAS;F;15.04.2026;FERNANDACRISTINAALVES;15.04.2026;FERNANDACRISTINAALVES;10.00;PENDENTE;Z016;;MILENA GUEDIN VARGAS
662300873;0110002;0301010072;CONSULTA EM ORTOPEDIA - GERAL;00468987193;ARTHUR MARTINS DE ALMEIDA;19.05.2026;08:00;0;706907124993232;JOSEANE PEREIRA DE OLIVEIRA;25.01.1977;49;593;ANESIA PEREIRA;TRAVESSA;W4;;121;JARDIM JOSE ANTONIO;79480000;(67)9914-4543;RIO VERDE DE MATO GROSSO;500740;SAO GABRIEL DO OESTE;500769;6452116;CENTRO DE ESPECIALIDADES MEDICAS;F;15.04.2026;PATRICKMASIAGA;15.04.2026;PATRICKMASIAGA;10.00;PENDENTE;Z016;00468987193;ARTHUR MARTINS DE ALMEIDA
662312399;0299008;0301010072;CONSULTA EM CIRURGIA VASCULAR – GERAL;70808015087;CELIO HELEGDA;27.05.2026;08:00;1;703003875264079;LAZINHA APARECIDA ARRUDA;31.01.1964;62;749;TERCILIA FONTEBASSO ARRUDA;RUA;JURITI;;172;FENIX;79491092;(67)99618-0202 / (67)99848-2174;SAO GABRIEL DO OESTE;500769;SAO GABRIEL DO OESTE;500769;6452116;CENTRO DE ESPECIALIDADES MEDICAS;F;15.04.2026;CLEIDIANE_CEM;15.04.2026;CLEIDIANE_CEM;10.00;CONFIRMADO;I83;70808015087;CELIO HELEGDA
662312949;2300004;0301010072;CONSULTA EM CARDIOLOGIA;98260570106;CLAUDIA REGINA DUARTE CAZZOLATO KHALIL;08.05.2026;06:30;1;703003875264079;LAZINHA APARECIDA ARRUDA;31.01.1964;62;749;TERCILIA FONTEBASSO ARRUDA;RUA;JURITI;;172;FENIX;79491092;(67)99618-0202 / (67)99848-2174;SAO GABRIEL DO OESTE;500769;SAO GABRIEL DO OESTE;500769;6452116;CENTRO DE ESPECIALIDADES MEDICAS;F;15.04.2026;CLEIDIANE_CEM;15.04.2026;CLEIDIANE_CEM;10.00;PENDENTE;Z014;70808015087;CELIO HELEGDA
662335349;0110002;0301010072;CONSULTA EM ORTOPEDIA - GERAL;93393539191;RODOLFO FABIANO NIZ BAREIRO;14.05.2026;14:00;0;700009384759605;MARIA DE LOURDES DA SILVA SILVERIO;02.12.1955;70;847;CICERA MARIA DE JESUS;RUA;GAIVOTAS;CASA;2312;FENIX;79490000;(67)99976-8045;SAO GABRIEL DO OESTE;500769;SAO GABRIEL DO OESTE;500769;6452116;CENTRO DE ESPECIALIDADES MEDICAS;F;15.04.2026;PATRICKMASIAGA;15.04.2026;PATRICKMASIAGA;10.00;PENDENTE;Z016;89074033172;ROGERIO PADOVANI TOFFOLI
662339086;0110002;0301010072;CONSULTA EM ORTOPEDIA - GERAL;06302616603;ROMULO AMARAL TAFURI;20.05.2026;12:30;0;704809011990447;SEBASTIANA RAMOS DE AMORIM;21.11.1941;84;1015;ORLANDA GOMES DO PRADO;RUA;CURRUIRAS;;1259;JARDIM GRAMADO;79490000;(67)9947-2707;SAO GABRIEL DO OESTE;500769;SAO GABRIEL DO OESTE;500769;6452116;CENTRO DE ESPECIALIDADES MEDICAS;F;15.04.2026;PATRICKMASIAGA;15.04.2026;PATRICKMASIAGA;10.00;PENDENTE;Z016;06302616603;ROMULO AMARAL TAFURI
662340167;2300004;0301010072;CONSULTA EM CARDIOLOGIA;01110123175;ELY DONIZETH DE ASSIS JUNIOR;26.05.2026;07:30;0;702603704105142;PATRICIA MAURICIO BARRETO DOS SANTOS;01.03.1980;46;556;ELZA MAURICIO BARRETO;FAZENDA;VITORIA;;S/N;RURAL;79490000;(67)99680-4162;SAO GABRIEL DO OESTE;500769;SAO GABRIEL DO OESTE;500769;3400964;UNIDADE DE SAUDE DA FAMILIA RURAL VII;F;15.04.2026;DULCINEIA_MOCCELIN;15.04.2026;DULCINEIA_MOCCELIN;10.00;CONFIRMADO;R002;02453491113;MILENA GUEDIN VARGAS
662343174;0282081;0301010072;CONSULTA EM CIRURGIA GERAL;48047740172;EVA WILMA ABDO DOS SANTOS GUIMARAES;28.05.2026;06:30;0;700006772646902;ELIETE MASCARELO;12.02.1979;47;568;SUELI ANTONINHA MASCARELO;RUA;PARANA;;1598;CENTRO;79490007;(67)98129-0762;SAO GABRIEL DO OESTE;500769;SAO GABRIEL DO OESTE;500769;6452116;CENTRO DE ESPECIALIDADES MEDICAS;F;15.04.2026;PATRICKMASIAGA;15.04.2026;PATRICKMASIAGA;10.00;CONFIRMADO;Z016;48047740172;EVA WILMA ABDO DOS SANTOS GUIMARAES
662344673;0282081;0301010072;CONSULTA EM CIRURGIA GERAL;48047740172;EVA WILMA ABDO DOS SANTOS GUIMARAES;25.05.2026;12:30;0;700000737234304;ANEBIA DIAS GOMES;03.03.1984;42;508;VALDINA DIAS GOMES;RUA;12;;25;SONHO MEU V;79550000;(67)99975-8286;COSTA RICA;500325;SAO GABRIEL DO OESTE;500769;6452116;CENTRO DE ESPECIALIDADES MEDICAS;F;15.04.2026;PATRICKMASIAGA;15.04.2026;PATRICKMASIAGA;10.00;CONFIRMADO;Z016;48047740172;EVA WILMA ABDO DOS SANTOS GUIMARAES
662352958;0110002;0301010072;CONSULTA EM ORTOPEDIA - GERAL;06302616603;ROMULO AMARAL TAFURI;13.05.2026;14:00;0;704201755129381;MADALENA FERNANDES DE LIMA;22.07.1956;69;839;BRAZILINA GOMES FERREIRA;RUA;ARACA;;406;SAO CRISTOVAO;79491198;(67)99617-2465;SAO GABRIEL DO OESTE;500769;SAO GABRIEL DO OESTE;500769;6452116;CENTRO DE ESPECIALIDADES MEDICAS;F;15.04.2026;PATRICKMASIAGA;15.04.2026;PATRICKMASIAGA;10.00;CONFIRMADO;Z016;06302616603;ROMULO AMARAL TAFURI
662353737;0282081;0301010072;CONSULTA EM CIRURGIA GERAL;48047740172;EVA WILMA ABDO DOS SANTOS GUIMARAES;28.05.2026;08:00;0;702803658895563;ADRIANA DOS SANTOS CARLOS;31.05.1989;37;445;APARECIDA DOS SANTOS CARLOS;RUA;ORALINO MAFFISSONI;;2796;PRIMO MAFFISSONI;79490000;(67)99843-3982;SAO GABRIEL DO OESTE;500769;SAO GABRIEL DO OESTE;500769;6452116;CENTRO DE ESPECIALIDADES MEDICAS;F;15.04.2026;PATRICKMASIAGA;15.04.2026;PATRICKMASIAGA;10.00;CONFIRMADO;Z016;;HUDSON PERES DE SOUZA
662354954;3516007;0301010072;CONSULTA EM UROLOGIA - GERAL;04349392181;ANTONIO AUGUSTO PALOMBO MENDES;22.05.2026;06:30;0;704805555917740;ALFREDO JUSTINO BEZERRA;18.08.1947;78;946;MARIA ROSA BEZERRA;RUA;CANARIOS;;1581;JARDIM GRAMADO;79490000;(81)98553-0131;SAO GABRIEL DO OESTE;500769;SAO GABRIEL DO OESTE;500769;2370980;UNIDADE DE SAUDE DA FAMILIA JARDIM GRAMADO I;M;15.04.2026;ELIANI_MOREIRA;15.04.2026;ELIANI_MOREIRA;10.00;CONFIRMADO;N40;01454652179;MAYARA MARIA MELKE GUIMARAES
662355321;2300004;0301010072;CONSULTA EM CARDIOLOGIA;98260570106;CLAUDIA REGINA DUARTE CAZZOLATO KHALIL;22.05.2026;07:30;0;704805555917740;ALFREDO JUSTINO BEZERRA;18.08.1947;78;946;MARIA ROSA BEZERRA;RUA;CANARIOS;;1581;JARDIM GRAMADO;79490000;(81)98553-0131;SAO GABRIEL DO OESTE;500769;SAO GABRIEL DO OESTE;500769;2370980;UNIDADE DE SAUDE DA FAMILIA JARDIM GRAMADO I;M;15.04.2026;ELIANI_MOREIRA;15.04.2026;ELIANI_MOREIRA;10.00;PENDENTE;L10;01454652179;MAYARA MARIA MELKE GUIMARAES
662355811;0110002;0301010072;CONSULTA EM ORTOPEDIA - GERAL;06302616603;ROMULO AMARAL TAFURI;20.05.2026;12:30;0;700500755697359;JOANA SENHORINHA DE OLIVEIRA;15.06.1960;66;792;SEBASTIANA SENHORINHA DE OLIVEIRA;RUA;AREADO;DISTRITO;S/N;AREADO;79490000;(67)99817-0080;SAO GABRIEL DO OESTE;500769;SAO GABRIEL DO OESTE;500769;6452116;CENTRO DE ESPECIALIDADES MEDICAS;F;15.04.2026;PATRICKMASIAGA;15.04.2026;PATRICKMASIAGA;10.00;PENDENTE;Z016;06302616603;ROMULO AMARAL TAFURI
662357500;0110002;0301010072;CONSULTA EM ORTOPEDIA - GERAL;93393539191;RODOLFO FABIANO NIZ BAREIRO;14.05.2026;12:30;0;705009882042754;VITOR FERREIRA SORDI;26.05.2001;25;301;SILENE FERREIRA DO CARMO;RUA;GOIAS 1/2399;;1594;CENTRO;79490017;(67)99655-2450;SAO GABRIEL DO OESTE;500769;SAO GABRIEL DO OESTE;500769;2599376;UNIDADE DE SAUDE DA FAMILIA VI;M;15.04.2026;MARIANA_MARTINS;15.04.2026;MARIANA_MARTINS;10.00;PENDENTE;G560;06437691107;MAIARA FLORES SCARIOT
662360540;0110002;0301010072;CONSULTA EM ORTOPEDIA - GERAL;00468987193;ARTHUR MARTINS DE ALMEIDA;26.05.2026;06:30;0;708400706596362;SOLANGE PASQUALI GUEDIN;27.02.1968;58;700;SANTINA IDALINA SASSO PASQUALI;RUA;ESPIRITO SANTO;;794;CENTRO;79490000;(67)3295-1778;SAO GABRIEL DO OESTE;500769;SAO GABRIEL DO OESTE;500769;6452116;CENTRO DE ESPECIALIDADES MEDICAS;F;15.04.2026;PATRICKMASIAGA;15.04.2026;PATRICKMASIAGA;10.00;PENDENTE;Z016;;ROMULO TAFURI
662361562;3516007;0301010072;CONSULTA EM UROLOGIA - GERAL;04349392181;ANTONIO AUGUSTO PALOMBO MENDES;07.05.2026;06:30;1;703200673242894;MARIA MARCOLINA CARDOSO;15.05.1952;74;889;ROZALINA MARCOLINA PEREIRA;RUA;DAS CURRUIRAS 1/1465;;1741;JARDIM GRAMADO;79491014;(67)99108-8710 / (67)99206-5985;SAO GABRIEL DO OESTE;500769;SAO GABRIEL DO OESTE;500769;6452116;CENTRO DE ESPECIALIDADES MEDICAS;F;15.04.2026;CLEIDIANE_CEM;15.04.2026;CLEIDIANE_CEM;10.00;PENDENTE;Z00;04349392181;ANTONIO AUGUSTO PALOMBO MENDES
662362002;0282081;0301010072;CONSULTA EM CIRURGIA GERAL;48047740172;EVA WILMA ABDO DOS SANTOS GUIMARAES;28.05.2026;08:00;0;702603704105142;PATRICIA MAURICIO BARRETO DOS SANTOS;01.03.1980;46;556;ELZA MAURICIO BARRETO;FAZENDA;VITORIA;;S/N;RURAL;79490000;(67)99680-4162;SAO GABRIEL DO OESTE;500769;SAO GABRIEL DO OESTE;500769;3400964;UNIDADE DE SAUDE DA FAMILIA RURAL VII;F;15.04.2026;DULCINEIA_MOCCELIN;15.04.2026;DULCINEIA_MOCCELIN;10.00;CONFIRMADO;K81;02453491113;MILENA GUEDIN VARGAS
662363267;0110002;0301010072;CONSULTA EM ORTOPEDIA - GERAL;89074033172;ROGERIO PADOVANI TOFFOLI;15.05.2026;12:30;0;701208045230313;NADIR BECKHAUSER;21.09.1957;68;825;ELLA SCHLUP BECHKAUSER;RUA;FRANCISCO MILANI;;650;MILANI;79492068;(67)99888-8188;SAO GABRIEL DO OESTE;500769;SAO GABRIEL DO OESTE;500769;6452116;CENTRO DE ESPECIALIDADES MEDICAS;M;15.04.2026;PATRICKMASIAGA;15.04.2026;PATRICKMASIAGA;10.00;CONFIRMADO;Z016;06302616603;ROMULO AMARAL TAFURI
662363867;0299008;0301010072;CONSULTA EM CIRURGIA VASCULAR – GERAL;70808015087;CELIO HELEGDA;27.05.2026;06:30;0;705004417411056;EMILY DA SILVA FERREIRA CRUZ;25.07.2004;21;263;LUCIANA DA SILVA FERREIRA;FAZENDA;COLORADO;;S/N;RURAL;79490000;(67)99603-0195;SAO GABRIEL DO OESTE;500769;SAO GABRIEL DO OESTE;500769;3400964;UNIDADE DE SAUDE DA FAMILIA RURAL VII;F;15.04.2026;DULCINEIA_MOCCELIN;15.04.2026;DULCINEIA_MOCCELIN;10.00;PENDENTE;I83;02453491113;MILENA GUEDIN VARGAS
662365798;0299008;0301010072;CONSULTA EM CIRURGIA VASCULAR – GERAL;70808015087;CELIO HELEGDA;27.05.2026;06:30;0;705403468166593;JOSE RAIMUNDO DA SILVA;20.08.1944;81;982;SEVASTIANA ROSA DA COSTA;RUA;CANARIOS;;579;JARDIM GRAMADO;79490000;(67)9818-8575;SAO GABRIEL DO OESTE;500769;SAO GABRIEL DO OESTE;500769;2370980;UNIDADE DE SAUDE DA FAMILIA JARDIM GRAMADO I;M;15.04.2026;ELIANI_MOREIRA;15.04.2026;ELIANI_MOREIRA;10.00;CONFIRMADO;L83;01454652179;MAYARA MARIA MELKE GUIMARAES
662370007;0110002;0301010072;CONSULTA EM ORTOPEDIA - GERAL;06302616603;ROMULO AMARAL TAFURI;13.05.2026;12:30;0;702408584057525;RUFINO CACERES BRITO;08.12.1941;84;1014;MARIA VENANCIA BRITO;RUA;DAS ANHUMAS;;1230;JARDIM GRAMADO;79491016;(67)99651-5291;SAO GABRIEL DO OESTE;500769;SAO GABRIEL DO OESTE;500769;3400964;UNIDADE DE SAUDE DA FAMILIA RURAL VII;M;15.04.2026;JESSICA_PINHEIRO;15.04.2026;JESSICA_PINHEIRO;10.00;CONFIRMADO;M544;;RENNAN ORTIZ BUENO
662371350;3516007;0301010072;CONSULTA EM UROLOGIA - GERAL;04349392181;ANTONIO AUGUSTO PALOMBO MENDES;22.05.2026;08:00;0;702408584057525;RUFINO CACERES BRITO;08.12.1941;84;1014;MARIA VENANCIA BRITO;RUA;DAS ANHUMAS;;1230;JARDIM GRAMADO;79491016;(67)99651-5291;SAO GABRIEL DO OESTE;500769;SAO GABRIEL DO OESTE;500769;3400964;UNIDADE DE SAUDE DA FAMILIA RURAL VII;M;15.04.2026;JESSICA_PINHEIRO;15.04.2026;JESSICA_PINHEIRO;10.00;CONFIRMADO;N429;;RENNAN ORTIZ BUENO
662374339;3516007;0301010072;CONSULTA EM UROLOGIA - GERAL;04349392181;ANTONIO AUGUSTO PALOMBO MENDES;22.05.2026;08:00;0;706308700210472;FEREX ESPINDOLA DORNELES;17.08.1997;28;346;JUDITE ESPINDOLA;FAZENDA;FORMOSA;;S/N;ZONA RURAL;79490039;(67)99849-4713;SAO GABRIEL DO OESTE;500769;SAO GABRIEL DO OESTE;500769;2591359;UNIDADE DE SAUDE DA FAMILIA V;M;15.04.2026;CHRISTIANEHELEN_FREITAS;15.04.2026;CHRISTIANEHELEN_FREITAS;10.00;CONFIRMADO;N200;;MILENA GUEDIN VARGAS
662377732;0701224;0301010072;CONSULTA EM NEUROLOGIA - GERAL;22264073837;ANSELMO COSTA;26.05.2026;14:00;0;700500114812659;ALESSANDRO LUIZ POLGA BOTTEGA;22.09.1997;28;345;BERNARDETE APARECIDA POLGA;RUA;BOAVENTURA FERREIRA ROSA 1200/99999;;1549;PRIMO MAFFISSONI;79490324;(67)99903-5443;SAO GABRIEL DO OESTE;500769;SAO GABRIEL DO OESTE;500769;7333218;UNIDADE DE SAUDE DA FAMILIA X;M;15.04.2026;RAISSASILVALIMA;15.04.2026;RAISSASILVALIMA;10.00;CONFIRMADO;Q909;63805480172;CLEDSON PERETTI
662377851;3516007;0301010072;CONSULTA EM UROLOGIA - GERAL;04349392181;ANTONIO AUGUSTO PALOMBO MENDES;22.05.2026;08:00;0;708900703182511;MARCIA MARTINS DA SILVA PAGANOTTI;09.03.1973;53;639;ODANIR DE FATIMA ELIAS GODOY;RUA;PELICANOS 1/1465;;1143;JARDIM GRAMADO;79491004;(67)99320-5985;SAO GABRIEL DO OESTE;500769;SAO GABRIEL DO OESTE;500769;2370980;UNIDADE DE SAUDE DA FAMILIA JARDIM GRAMADO I;F;15.04.2026;ELIANI_MOREIRA;15.04.2026;ELIANI_MOREIRA;10.00;CONFIRMADO;N390;01454652179;MAYARA MARIA MELKE GUIMARAES
662379788;0110002;0301010072;CONSULTA EM ORTOPEDIA - GERAL;06302616603;ROMULO AMARAL TAFURI;27.05.2026;12:30;0;708609528880589;LUCIENE FREIRES SALES FRANCA;07.01.1965;61;738;MARIA DE JESUS FREIRES SALES;RUA;ANHUMAS;;866;JARDIM GRAMADO;79490000;(67)99904-4654;SAO GABRIEL DO OESTE;500769;SAO GABRIEL DO OESTE;500769;6452116;CENTRO DE ESPECIALIDADES MEDICAS;F;15.04.2026;FERNANDACRISTINAALVES;15.04.2026;FERNANDACRISTINAALVES;10.00;CONFIRMADO;Z016;06302616603;ROMULO AMARAL TAFURI
662383454;2300004;0301010072;CONSULTA EM CARDIOLOGIA;01110123175;ELY DONIZETH DE ASSIS JUNIOR;05.05.2026;06:30;0;700709925581476;ISOLDE BRUCH;12.06.1957;69;828;LADIGE BRUCH;RUA;CURICACA 1466/99999;;1766;FENIX;79491080;(67)99903-6208 / (67)99999-9588;SAO GABRIEL DO OESTE;500769;SAO GABRIEL DO OESTE;500769;2370999;UNIDADE DE SAUDE DA FAMILIA FENIX IV;F;15.04.2026;GUSTAVO_PIAIA;15.04.2026;VANIA_MARIANO;10.00;PENDENTE;R060;96245646120;RAFAELLA MARIA COSTA GOIS DE FIGUEIREDO
662386557;0299008;0301010072;CONSULTA EM CIRURGIA VASCULAR – GERAL;70808015087;CELIO HELEGDA;27.05.2026;06:30;0;703107881582160;ROSELENE DOS SANTOS COSTA SCHIST L;11.09.1984;41;501;MARIA LOURDES DOS SANTOS COSTA;RUA;AMAZONAS;;2475;AMABILE MAFFISSONI;79490104;(11)97629-9919;SAO GABRIEL DO OESTE;500769;SAO GABRIEL DO OESTE;500769;2599376;UNIDADE DE SAUDE DA FAMILIA VI;F;15.04.2026;MARIANA_MARTINS;15.04.2026;MARIANA_MARTINS;10.00;PENDENTE;I872;06437691107;MAIARA FLORES SCARIOT
662389778;3100034;0207010064;RESSONANCIA MAGNETICA DE CRANIO;00125300006;MEDICOS SUS;30.05.2026;06:00;0;706009311533045;JOANA BATISTA BORGES DA SILVA;18.02.1956;70;844;MARIA FERNANDES BORGES;AVENIDA;A;;277;CIDADE JARDIM;79492134;(67)99614-1049;SAO GABRIEL DO OESTE;500769;SAO GABRIEL DO OESTE;500769;6354265;CENTRAL DE REGULACAO DE SAO GABRIEL DO OESTE;F;15.04.2026;KARINE_SAOGABRIELDOOESTE;25.05.2026;CLEIDIANE_REGULADOR;268.75;CONFIRMADO;G20;;ANSELMO COSTA
662390815;0110002;0301010072;CONSULTA EM ORTOPEDIA - GERAL;93393539191;RODOLFO FABIANO NIZ BAREIRO;14.05.2026;12:30;0;702606730572642;VALDETE FERREIRA DE SOUZA;07.06.1969;57;685;BRANDINA MATIAS DE SOUZA;RUA;PERNAMBUCO 2400/99999;;3163;JARDIM PRIMAVERA;79490174;(67)99891-9562 / (67)99957-8875;SAO GABRIEL DO OESTE;500769;SAO GABRIEL DO OESTE;500769;2370964;UNIDADE DE SAUDE DA FAMILIA III;M;15.04.2026;ANACLAUDIA_NOGUEIRA;15.04.2026;ANACLAUDIA_NOGUEIRA;10.00;PENDENTE;M512;02611833974;HUDSON PERES DORIGAO BELISARIO DE SOUZA
662391403;0110002;0301010072;CONSULTA EM ORTOPEDIA - GERAL;06302616603;ROMULO AMARAL TAFURI;13.05.2026;14:00;0;701106371993080;SIDILEI CORREA DOS ANJOS;11.11.1977;48;583;ZELI CORREA NETO;RUA;DOS CANARIOS 1/1465;;318;JARDIM GRAMADO;79491008;(67)99625-5354;SAO GABRIEL DO OESTE;500769;SAO GABRIEL DO OESTE;500769;2370980;UNIDADE DE SAUDE DA FAMILIA JARDIM GRAMADO I;M;15.04.2026;ELIANI_MOREIRA;15.04.2026;ELIANI_MOREIRA;10.00;PENDENTE;M75;01454652179;MAYARA MARIA MELKE GUIMARAES
662394604;2300004;0301010072;CONSULTA EM CARDIOLOGIA;01110123175;ELY DONIZETH DE ASSIS JUNIOR;26.05.2026;06:30;0;700002477549205;ESTELITA RAMOS SANTOS;02.12.1947;78;943;ETELVINA MENDESDA SILVA;RUA;IPE;;354;SÃO CRISTOVÃO;79490000;(67)98452-8222;SAO GABRIEL DO OESTE;500769;SAO GABRIEL DO OESTE;500769;6452116;CENTRO DE ESPECIALIDADES MEDICAS;F;15.04.2026;PATRICKMASIAGA;15.04.2026;PATRICKMASIAGA;10.00;PENDENTE;Z016;01110123175;ELY DONIZETH DE ASSIS JUNIOR
662394916;2300004;0301010072;CONSULTA EM CARDIOLOGIA;01110123175;ELY DONIZETH DE ASSIS JUNIOR;26.05.2026;06:30;0;702800164525665;EDNA PAULA DA SILVA;23.04.1977;49;590;GERACINA MARIA DA CONCEICAO;RUA;ANHUMAS;CASA;1310;JARDIM GRAMADO;79490000;(67)99928-9911;SAO GABRIEL DO OESTE;500769;SAO GABRIEL DO OESTE;500769;6452116;CENTRO DE ESPECIALIDADES MEDICAS;F;15.04.2026;PATRICKMASIAGA;15.04.2026;PATRICKMASIAGA;10.00;PENDENTE;Z016;01110123175;ELY DONIZETH DE ASSIS JUNIOR
662395183;2300004;0301010072;CONSULTA EM CARDIOLOGIA;01110123175;ELY DONIZETH DE ASSIS JUNIOR;26.05.2026;07:30;0;704503379567216;JOSE SOUZA;17.09.1957;68;825;CELINA MARIA DOS SANTOS;FAZENDA;SÃO CARLOS;;S/N;RURAL;79490000;(67)99638-2466;SAO GABRIEL DO OESTE;500769;SAO GABRIEL DO OESTE;500769;6452116;CENTRO DE ESPECIALIDADES MEDICAS;M;15.04.2026;PATRICKMASIAGA;15.04.2026;PATRICKMASIAGA;10.00;CONFIRMADO;Z016;01110123175;ELY DONIZETH DE ASSIS JUNIOR
662395302;0299008;0301010072;CONSULTA EM CIRURGIA VASCULAR – GERAL;70808015087;CELIO HELEGDA;27.05.2026;08:00;0;700007514157209;VALDECIR NATAL ANDREAZZA;10.08.1953;72;874;IRENE LAZZAROTTO ANDREAZZA;RUA CIRCULAR;RONDONIA;;733;CENTRO;79490039;(67)99686-2732;SAO GABRIEL DO OESTE;500769;SAO GABRIEL DO OESTE;500769;2591359;UNIDADE DE SAUDE DA FAMILIA V;M;15.04.2026;CHRISTIANEHELEN_FREITAS;15.04.2026;CHRISTIANEHELEN_FREITAS;10.00;CONFIRMADO;I872;04796956107;JULIANA DA ROCHA PEREIRA MENEZES
662395524;2300004;0301010072;CONSULTA EM CARDIOLOGIA;01110123175;ELY DONIZETH DE ASSIS JUNIOR;26.05.2026;07:30;0;708004894461927;MARIA DA SILVA DIVINO;29.01.1968;58;701;DELORITA DA SILVA DIVINO;RUA;SARACURA 1466/99999;;1661;FENIX;79491072;(67)99984-1401;SAO GABRIEL DO OESTE;500769;SAO GABRIEL DO OESTE;500769;2370980;UNIDADE DE SAUDE DA FAMILIA JARDIM GRAMADO I;F;15.04.2026;ELIANI_MOREIRA;15.04.2026;ELIANI_MOREIRA;10.00;PENDENTE;Z000;01454652179;MAYARA MARIA MELKE GUIMARAES
662395544;2300004;0301010072;CONSULTA EM CARDIOLOGIA;01110123175;ELY DONIZETH DE ASSIS JUNIOR;26.05.2026;07:30;0;709808057592398;SONIA MARTINS SILVA;08.11.1971;54;655;MARIA APARECIDA MARTINS;RUA;CURIO;CASA;1728;FENIX;79490000;(67)99644-3413;SAO GABRIEL DO OESTE;500769;SAO GABRIEL DO OESTE;500769;6452116;CENTRO DE ESPECIALIDADES MEDICAS;F;15.04.2026;PATRICKMASIAGA;15.04.2026;PATRICKMASIAGA;10.00;CONFIRMADO;Z016;01110123175;ELY DONIZETH DE ASSIS JUNIOR
662397047;2300004;0301010072;CONSULTA EM CARDIOLOGIA;01110123175;ELY DONIZETH DE ASSIS JUNIOR;26.05.2026;07:30;0;706204554861866;IRONITA BARALDI;17.10.1955;70;848;TRINDADE LEANDRINA KEHLER;RUA;PELICANOS;;239;JARDIM GRAMADO;79490000;(67)99955-1436;SAO GABRIEL DO OESTE;500769;SAO GABRIEL DO OESTE;500769;6452116;CENTRO DE ESPECIALIDADES MEDICAS;F;15.04.2026;FERNANDACRISTINAALVES;15.04.2026;FERNANDACRISTINAALVES;10.00;PENDENTE;Z016;;MAYARA MELKE GUIMARAES
662399593;2300004;0301010072;CONSULTA EM CARDIOLOGIA;01110123175;ELY DONIZETH DE ASSIS JUNIOR;27.05.2026;06:30;0;701204006026111;DIULHY DANY DE ALMEIDA CARVALHO;05.01.1991;35;426;OTALINA DE ALMEIDA CARVALHO;RUA;JOAO EVANGELISTA ROSA;;1044;CENTRO;79490000;(67)9696-4191;SAO GABRIEL DO OESTE;500769;SAO GABRIEL DO OESTE;500769;6452116;CENTRO DE ESPECIALIDADES MEDICAS;F;15.04.2026;FERNANDACRISTINAALVES;15.04.2026;FERNANDACRISTINAALVES;10.00;CONFIRMADO;Z016;;CLODOALDO SABINO
662405441;0110002;0301010072;CONSULTA EM ORTOPEDIA - GERAL;06302616603;ROMULO AMARAL TAFURI;13.05.2026;14:00;0;702001378150083;JOAO MIGUEL COLOMBO GARBIN;06.09.2014;11;142;DIRCE ALVES COLOMBO GARBIN;RUA;TUIUIU;;275;JARDIM GRAMADO;79490000;(67)99984-8918 / (67)99934-2210;SAO GABRIEL DO OESTE;500769;SAO GABRIEL DO OESTE;500769;6452116;CENTRO DE ESPECIALIDADES MEDICAS;M;15.04.2026;FERNANDACRISTINAALVES;15.04.2026;FERNANDACRISTINAALVES;10.00;PENDENTE;Z016;06302616603;ROMULO AMARAL TAFURI
662406128;2300004;0301010072;CONSULTA EM CARDIOLOGIA;01110123175;ELY DONIZETH DE ASSIS JUNIOR;27.05.2026;06:30;0;703208649335796;MATILDE DIAS DA SILVA;09.06.1958;68;816;MARIA DIAS DE SOUZA;RUA;MANOEL ROSA;CASA;452;CENTRO;79490000;(67)99967-4432;SAO GABRIEL DO OESTE;500769;SAO GABRIEL DO OESTE;500769;6452116;CENTRO DE ESPECIALIDADES MEDICAS;F;15.04.2026;FERNANDACRISTINAALVES;15.04.2026;FERNANDACRISTINAALVES;10.00;CONFIRMADO;Z016;;HUDSON PERES DORIGAO
662406771;0110002;0301010072;CONSULTA EM ORTOPEDIA - GERAL;06302616603;ROMULO AMARAL TAFURI;20.05.2026;12:30;0;700108953219519;ROSELI APARECIDA FREITAS BRANDAO;04.05.1973;53;638;CELIA FREITAS BRANDAO;RUA;CURIO;;602;JARDIM GRAMADO;79490000;(67)99618-5006;SAO GABRIEL DO OESTE;500769;SAO GABRIEL DO OESTE;500769;6452116;CENTRO DE ESPECIALIDADES MEDICAS;F;15.04.2026;FERNANDACRISTINAALVES;15.04.2026;FERNANDACRISTINAALVES;10.00;PENDENTE;Z016;06302616603;ROMULO AMARAL TAFURI
662406942;3100034;0207010064;RESSONANCIA MAGNETICA DE CRANIO;00125300006;MEDICOS SUS;29.05.2026;13:00;0;705004875557251;GILMAR DE MORAES;01.08.1972;53;647;MARIA FRANCISCA DE MORAES;RUA;AZULAO 2/1020;;1327;JARDIM GRAMADO;79491020;(67)99624-7652;SAO GABRIEL DO OESTE;500769;SAO GABRIEL DO OESTE;500769;6354265;CENTRAL DE REGULACAO DE SAO GABRIEL DO OESTE;M;15.04.2026;KARINE_SAOGABRIELDOOESTE;27.05.2026;CLEIDIANE_REGULADOR;268.75;PENDENTE;R55;;WILLIAN DO VALE
662410066;2300004;0301010072;CONSULTA EM CARDIOLOGIA;01110123175;ELY DONIZETH DE ASSIS JUNIOR;27.05.2026;06:30;0;700502973918952;DIOGO AUGUSTO GOLLO;17.01.1989;37;449;VAINE CALGARO GOLLO;RUA;OSORIO RODRIGUES DA SILVA;CASA;1581;JARDIM ALVORADA;79490000;(61)3315-2425 / (67)99981-2034;SAO GABRIEL DO OESTE;500769;SAO GABRIEL DO OESTE;500769;6452116;CENTRO DE ESPECIALIDADES MEDICAS;M;15.04.2026;FERNANDACRISTINAALVES;15.04.2026;FERNANDACRISTINAALVES;10.00;PENDENTE;Z016;;LUCINALDO BASSO
662411444;2300004;0301010072;CONSULTA EM CARDIOLOGIA;01110123175;ELY DONIZETH DE ASSIS JUNIOR;27.05.2026;06:30;0;702702142629460;ELIANE FERREIRA BORGES;15.06.1981;45;540;OLENIR FELIX DE LIMA;RUA;FENIX;181;S/N;FENIX;79491110;(67)99939-0016 / (67)98131-4977;SAO GABRIEL DO OESTE;500769;SAO GABRIEL DO OESTE;500769;6452116;CENTRO DE ESPECIALIDADES MEDICAS;F;15.04.2026;FERNANDACRISTINAALVES;15.04.2026;FERNANDACRISTINAALVES;10.00;CONFIRMADO;Z016;;PAULO FENELON
662412036;2300004;0301010072;CONSULTA EM CARDIOLOGIA;01110123175;ELY DONIZETH DE ASSIS JUNIOR;27.05.2026;06:30;0;708000875963129;SOLANGE APARECIDA DE ALMEIDA;03.08.1964;61;743;NAIR EDITE DE CARVALHO;AVENIDA;MATO GROSSO DO SUL;;665;CENTRO;79490000;(67)99692-4628;SAO GABRIEL DO OESTE;500769;SAO GABRIEL DO OESTE;500769;6452116;CENTRO DE ESPECIALIDADES MEDICAS;F;15.04.2026;FERNANDACRISTINAALVES;15.04.2026;FERNANDACRISTINAALVES;10.00;CONFIRMADO;Z016;;MAYARA MELKE GUIMARAES
662412926;2300004;0301010072;CONSULTA EM CARDIOLOGIA;98260570106;CLAUDIA REGINA DUARTE CAZZOLATO KHALIL;22.05.2026;07:30;0;704602795298130;IRENE GOMES DE OLIVEIRA;10.01.1947;79;953;PURCINA DE OLIVEIRA PINTO;FAZENDA;NOSSA SENHORA DO PERPETUO SOCORRO;;S/N;ZONA RURAL;79493899;(67)99600-9857;SAO GABRIEL DO OESTE;500769;SAO GABRIEL DO OESTE;500769;6452116;CENTRO DE ESPECIALIDADES MEDICAS;F;15.04.2026;FERNANDACRISTINAALVES;15.04.2026;FERNANDACRISTINAALVES;10.00;CONFIRMADO;Z016;98260570106;CLAUDIA REGINA DUARTE CAZZOLATO KHALIL
662413471;2300004;0301010072;CONSULTA EM CARDIOLOGIA;98260570106;CLAUDIA REGINA DUARTE CAZZOLATO KHALIL;22.05.2026;07:30;0;700809927393684;LUCIMARA MOREIRA DA SILVA;27.05.1983;43;517;LAUDEMIRA MOREIRA DE LIMA;AREA;RURAL;ITAQUI LOTE 147;S/N;AREA RURAL DE SAO GABRIEL DO OESTE;79493899;(67)99641-0239 / (67)99919-4143;SAO GABRIEL DO OESTE;500769;SAO GABRIEL DO OESTE;500769;6452116;CENTRO DE ESPECIALIDADES MEDICAS;F;15.04.2026;FERNANDACRISTINAALVES;15.04.2026;FERNANDACRISTINAALVES;10.00;PENDENTE;Z016;98260570106;CLAUDIA REGINA DUARTE CAZZOLATO KHALIL
662430900;0110002;0301010072;CONSULTA EM ORTOPEDIA - GERAL;06302616603;ROMULO AMARAL TAFURI;13.05.2026;14:00;0;702308012437420;NELSON CORREA;31.01.1963;63;761;LUIZA CARDOSO CORREA;RUA;ESPIRITO SANTO 2400/99999;CASA 2;2610;AMABILE MAFFISSONI;79490108;(67)99643-6261;SAO GABRIEL DO OESTE;500769;SAO GABRIEL DO OESTE;500769;6452116;CENTRO DE ESPECIALIDADES MEDICAS;M;16.04.2026;FERNANDACRISTINAALVES;16.04.2026;FERNANDACRISTINAALVES;10.00;PENDENTE;Z016;06302616603;ROMULO AMARAL TAFURI
662440009;0701224;0301010072;CONSULTA EM NEUROLOGIA - GERAL;22264073837;ANSELMO COSTA;26.05.2026;07:00;0;705207410847771;LUZANI GONZALEZ ALENCAR;23.05.1997;29;349;RAMONA GONZALEZ DA SILVA;RUA;PAPAGAIO;;407;JARDIM GRAMADO;79490000;(67)99661-0372 / (67)99934-5594;SAO GABRIEL DO OESTE;500769;SAO GABRIEL DO OESTE;500769;6452116;CENTRO DE ESPECIALIDADES MEDICAS;F;16.04.2026;FERNANDACRISTINAALVES;16.04.2026;FERNANDACRISTINAALVES;10.00;CONFIRMADO;Z016;;RAFAELLA MARIA DA COSTA 
662440997;0110002;0301010072;CONSULTA EM ORTOPEDIA - GERAL;00530001101;BRUNO PETINARI UMBELINO;18.05.2026;08:00;0;706703573313318;LUAN BERNARDO GONZALEZ MONTESSI;17.05.2017;09;109;LUZANI GONZALEZ ALENCAR;RUA;CURRUIRAS;CASA;1883;JARDIM GRAMADO;79490000;(67)99690-0702;SAO GABRIEL DO OESTE;500769;SAO GABRIEL DO OESTE;500769;6452116;CENTRO DE ESPECIALIDADES MEDICAS;M;16.04.2026;FERNANDACRISTINAALVES;16.04.2026;FERNANDACRISTINAALVES;10.00;PENDENTE;Z016;;RAFAELLA MARIA DA COSTA 
662442932;0282063;0301010072;CONSULTA EM OTORRINOLARINGOLOGIA;78877326115;ANA PAULA CAVALIERI PONTES;08.05.2026;07:30;0;706002807866445;SOPHIA VITORIA ARAUJO DOS SANTOS;23.04.2018;08;98;THIFANI LETICIA ARAUJO ALMEIDA;RUA;FORTALEZA;CASA;8;PIRACEMA;79400000;(67)99836-8139;COXIM;500330;SAO GABRIEL DO OESTE;500769;3400964;UNIDADE DE SAUDE DA FAMILIA RURAL VII;F;16.04.2026;CLEIDIANE_RURALVII;16.04.2026;CLEIDIANE_RURALVII;10.00;CONFIRMADO;E66;00612619630;KALYNKA SILVIA HIGINO
662445294;2300004;0301010072;CONSULTA EM CARDIOLOGIA;01110123175;ELY DONIZETH DE ASSIS JUNIOR;27.05.2026;07:30;0;702506319758038;RILZA DOS SANTOS DO PRADO;24.03.1983;43;519;DIRCE DOS SANTOS;RUA;GREGORIANO;CASA 26;333;PRIMO MAFFISSONI;79490000;(67)99674-4359;SAO GABRIEL DO OESTE;500769;SAO GABRIEL DO OESTE;500769;6452116;CENTRO DE ESPECIALIDADES MEDICAS;F;16.04.2026;PATRICKMASIAGA;16.04.2026;PATRICKMASIAGA;10.00;CONFIRMADO;Z016;01110123175;ELY DONIZETH DE ASSIS JUNIOR
662446285;3100004;0207010030;RESSONANCIA MAGNETICA DE COLUNA CERVICAL                    ;00125300006;MEDICOS SUS;29.05.2026;07:00;0;708200177170547;ANA MARIA RODRIGUES DA ROSA;21.09.1976;49;597;LOURDES MARIA DA ROSA;AVENIDA;CASTELO BRANCO;;1021;CENTRO;79490000;(67)9601-4534;SAO GABRIEL DO OESTE;500769;SAO GABRIEL DO OESTE;500769;6354265;CENTRAL DE REGULACAO DE SAO GABRIEL DO OESTE;F;16.04.2026;CLEIDIANE_REGULACAO;27.05.2026;CLEIDIANE_REGULADOR;268.75;CONFIRMADO;M501;;DANIEL ROCHA DO CARMO
662453125;0110002;0301010072;CONSULTA EM ORTOPEDIA - GERAL;32389571808;RODOLFO PELISSARI ZAMBOLIN;14.05.2026;14:00;0;704707711508930;MARTA CRISTINA BRASIL SILVA;29.04.1980;46;554;MARIA CRISTINA DE SOUZA SILVA;RUA;DAS ARARAS;;1814;FENIX;79491102;(67)99865-0474;SAO GABRIEL DO OESTE;500769;SAO GABRIEL DO OESTE;500769;6452116;CENTRO DE ESPECIALIDADES MEDICAS;F;16.04.2026;PATRICKMASIAGA;16.04.2026;PATRICKMASIAGA;10.00;PENDENTE;Z016;32389571808;RODOLFO PELISSARI ZAMBOLIN
662457575;0299008;0301010072;CONSULTA EM CIRURGIA VASCULAR – GERAL;70808015087;CELIO HELEGDA;27.05.2026;08:00;0;705009898464351;MAGNOLIA MARIA LOURENCO DA SILVA;22.10.1945;80;968;RITA TEIXEIRA LOURENCO;RUA;EUGENIO FERREIRA DA CUNHA 1/1199;;1142;AMABILE MAFFISSONI;79490074;(67)99678-9691;SAO GABRIEL DO OESTE;500769;SAO GABRIEL DO OESTE;500769;6452116;CENTRO DE ESPECIALIDADES MEDICAS;F;16.04.2026;FERNANDACRISTINAALVES;16.04.2026;FERNANDACRISTINAALVES;10.00;CONFIRMADO;Z016;70808015087;CELIO HELEGDA
662473907;0282081;0301010072;CONSULTA EM CIRURGIA GERAL;48047740172;EVA WILMA ABDO DOS SANTOS GUIMARAES;07.05.2026;06:30;1;700501515450554;JURANDIR DE OLIVEIRA;12.12.1974;51;618;JURACY OLIVEIRA;RUA;ESTUDANTE SONY BORTOLI;CASA;504;PRIMO MAFISSONI;79490000;(67)9807-9133;SAO GABRIEL DO OESTE;500769;SAO GABRIEL DO OESTE;500769;6452116;CENTRO DE ESPECIALIDADES MEDICAS;M;16.04.2026;PATRICKMASIAGA;16.04.2026;PATRICKMASIAGA;10.00;PENDENTE;Z016;48047740172;EVA WILMA ABDO DOS SANTOS GUIMARAES
662474760;0282081;0301010072;CONSULTA EM CIRURGIA GERAL;48047740172;EVA WILMA ABDO DOS SANTOS GUIMARAES;25.05.2026;12:30;0;701002815870692;MIGUEL SANTOS;18.11.2016;09;115;ANA PAULA PEREIRA;RUA;BICUDOS;;159;JARDIM GRAMADO;79490000;(67)99854-7433;SAO GABRIEL DO OESTE;500769;SAO GABRIEL DO OESTE;500769;6452116;CENTRO DE ESPECIALIDADES MEDICAS;M;16.04.2026;PATRICKMASIAGA;16.04.2026;PATRICKMASIAGA;10.00;PENDENTE;Z016;48047740172;EVA WILMA ABDO DOS SANTOS GUIMARAES
662475312;0282081;0301010072;CONSULTA EM CIRURGIA GERAL;48047740172;EVA WILMA ABDO DOS SANTOS GUIMARAES;07.05.2026;08:00;1;708402741533063;ANASTACIA ANTONIO FRANCISCO;25.12.1981;44;534;EPIFANIA FRANCISCO CATARINA;AVENIDA;JUSCELINO KUBISTCHEK;CASA;806;CENTRO;79490000;(14)3372-8658 / (14)99835-4662 / (67)99908-7296;SAO GABRIEL DO OESTE;500769;SAO GABRIEL DO OESTE;500769;6452116;CENTRO DE ESPECIALIDADES MEDICAS;F;16.04.2026;PATRICKMASIAGA;16.04.2026;PATRICKMASIAGA;10.00;CONFIRMADO;Z016;48047740172;EVA WILMA ABDO DOS SANTOS GUIMARAES
662475463;0110002;0301010072;CONSULTA EM ORTOPEDIA - GERAL;06302616603;ROMULO AMARAL TAFURI;13.05.2026;14:00;0;705402451289092;JOAQUIM CANDIDO GUILHERME;13.01.1969;57;689;MARIA DALVA CANDIDO;RUA;P;;736;CIDADE JARDIM 2;79492146;(67)99975-8054;SAO GABRIEL DO OESTE;500769;SAO GABRIEL DO OESTE;500769;6452116;CENTRO DE ESPECIALIDADES MEDICAS;M;16.04.2026;FERNANDACRISTINAALVES;16.04.2026;FERNANDACRISTINAALVES;10.00;CONFIRMADO;Z016;;NELSON TAVARES
662476192;0282081;0301010072;CONSULTA EM CIRURGIA GERAL;48047740172;EVA WILMA ABDO DOS SANTOS GUIMARAES;14.05.2026;06:30;1;703402903788400;AMARO LOPES;15.01.1949;77;929;AMBROSINA LOPES;RUA;MINAS GERAIS;;2280;CENTRO;79490011;(67)98457-3424;SAO GABRIEL DO OESTE;500769;SAO GABRIEL DO OESTE;500769;6452116;CENTRO DE ESPECIALIDADES MEDICAS;M;16.04.2026;PATRICKMASIAGA;16.04.2026;PATRICKMASIAGA;10.00;PENDENTE;Z016;48047740172;EVA WILMA ABDO DOS SANTOS GUIMARAES
662476636;0282081;0301010072;CONSULTA EM CIRURGIA GERAL;48047740172;EVA WILMA ABDO DOS SANTOS GUIMARAES;14.05.2026;08:00;1;708002519370130;LUCINEIDE SILVA DE ARAUJO;20.07.1987;38;467;LUZINETE SILVA DE ARAUJO;RUA;FRANCISCO MILANI;;1213;MILANI;79492068;(67)99889-7654;SAO GABRIEL DO OESTE;500769;SAO GABRIEL DO OESTE;500769;6452116;CENTRO DE ESPECIALIDADES MEDICAS;M;16.04.2026;PATRICKMASIAGA;16.04.2026;PATRICKMASIAGA;10.00;PENDENTE;Z016;48047740172;EVA WILMA ABDO DOS SANTOS GUIMARAES
662477222;0282081;0301010072;CONSULTA EM CIRURGIA GERAL;48047740172;EVA WILMA ABDO DOS SANTOS GUIMARAES;21.05.2026;06:30;1;705606434420013;JAIRO LIMA DA SILVA;23.01.1973;53;641;TEREZINHA LIMA DA SILVA;RUA;DAS MISSOES;;184;MILANI;79492088;(67)99929-0022;SAO GABRIEL DO OESTE;500769;SAO GABRIEL DO OESTE;500769;6452116;CENTRO DE ESPECIALIDADES MEDICAS;M;16.04.2026;PATRICKMASIAGA;16.04.2026;PATRICKMASIAGA;10.00;PENDENTE;Z016;48047740172;EVA WILMA ABDO DOS SANTOS GUIMARAES
662478186;0282081;0301010072;CONSULTA EM CIRURGIA GERAL;48047740172;EVA WILMA ABDO DOS SANTOS GUIMARAES;21.05.2026;08:00;1;703402189229400;ELIZA SALINA MENDES;05.09.1964;61;742;ANA MENDES;RUA;ESTUDANTE ELIAS BORGMANN;;1892;PRIMO MAFFISSONI;79490000;(67)99963-9008;SAO GABRIEL DO OESTE;500769;SAO GABRIEL DO OESTE;500769;6452116;CENTRO DE ESPECIALIDADES MEDICAS;F;16.04.2026;PATRICKMASIAGA;16.04.2026;PATRICKMASIAGA;10.00;PENDENTE;Z016;48047740172;EVA WILMA ABDO DOS SANTOS GUIMARAES
662480785;0282081;0301010072;CONSULTA EM CIRURGIA GERAL;48047740172;EVA WILMA ABDO DOS SANTOS GUIMARAES;28.05.2026;06:30;1;703405862681200;SEBASTIAO DE OLIVEIRA;15.06.1964;62;744;JACINTA FRANCISCA DE OLIVEIRA;RUA;ANHUMAS;CASA;1766;CONJUNTO FENIX;79490000;(67)99902-6251;SAO GABRIEL DO OESTE;500769;SAO GABRIEL DO OESTE;500769;6452116;CENTRO DE ESPECIALIDADES MEDICAS;M;16.04.2026;PATRICKMASIAGA;16.04.2026;PATRICKMASIAGA;10.00;CONFIRMADO;Z016;48047740172;EVA WILMA ABDO DOS SANTOS GUIMARAES
662481588;0282081;0301010072;CONSULTA EM CIRURGIA GERAL;48047740172;EVA WILMA ABDO DOS SANTOS GUIMARAES;28.05.2026;08:00;1;707803640092613;ROSILENE ARRUDA SOARES;23.12.1986;39;474;CEZARINA BONIFACIA DE ARRUDA;FAZENDA;SANTA CRUZ;BR 163 KM 589;S/N;RURAL;79490000;(67)99905-9191;SAO GABRIEL DO OESTE;500769;SAO GABRIEL DO OESTE;500769;6452116;CENTRO DE ESPECIALIDADES MEDICAS;F;16.04.2026;PATRICKMASIAGA;16.04.2026;PATRICKMASIAGA;10.00;PENDENTE;Z016;48047740172;EVA WILMA ABDO DOS SANTOS GUIMARAES
662487900;0299008;0301010072;CONSULTA EM CIRURGIA VASCULAR – GERAL;70808015087;CELIO HELEGDA;27.05.2026;08:00;0;700101424075320;EVA FERREIRA DA CONCEICAO;08.09.1957;68;825;EVA IZIDORA DE MORAIS;RUA;PERNAMBUCO;;1260;CENTRO;79490000;(67)9964-6858;SAO GABRIEL DO OESTE;500769;SAO GABRIEL DO OESTE;500769;2591359;UNIDADE DE SAUDE DA FAMILIA V;F;16.04.2026;CHRISTIANEHELEN_FREITAS;16.04.2026;CHRISTIANEHELEN_FREITAS;10.00;CONFIRMADO;Z00;;CELIO HELEGDA
662489256;2300004;0301010072;CONSULTA EM CARDIOLOGIA;98260570106;CLAUDIA REGINA DUARTE CAZZOLATO KHALIL;08.05.2026;06:30;1;707405035264570;MARIA CLEUCIR LEJANOSKI DE SOUZA;15.12.1969;56;678;FLORENTINA DO NASCIMENTO LEJANOSKI;RUA;DAS ACACIAS;;65;JARDIM PRIMAVERA;79490144;(67)99948-5645;SAO GABRIEL DO OESTE;500769;SAO GABRIEL DO OESTE;500769;6452116;CENTRO DE ESPECIALIDADES MEDICAS;F;16.04.2026;FERNANDACRISTINAALVES;16.04.2026;FERNANDACRISTINAALVES;10.00;PENDENTE;Z016;;GEOVANNA BEATRIZ DE ARRUDA E SILVA
662498139;0110002;0301010072;CONSULTA EM ORTOPEDIA - GERAL;04469955680;DANIEL ROCHA DO CARMO;04.05.2026;12:30;1;700006828692300;IRENE RAMOS DE SOUZA;10.05.1942;84;1009;ALICE DE BRITO RAMOS;RUA;ANHUMAS;;805;JARDIM GRAMADO;79490000;(67)9618-6312;SAO GABRIEL DO OESTE;500769;SAO GABRIEL DO OESTE;500769;6452116;CENTRO DE ESPECIALIDADES MEDICAS;F;16.04.2026;ARI_CEM;16.04.2026;ARI_CEM;10.00;PENDENTE;Z00;04469955680;DANIEL ROCHA DO CARMO
662500657;0110002;0301010072;CONSULTA EM ORTOPEDIA - GERAL;04469955680;DANIEL ROCHA DO CARMO;04.05.2026;12:30;1;700005844651302;SANDRA REGINA SOARES RODRIGUES;13.09.1958;67;813;ZULMIRA ANA SOARES;RUA;GOIAS;;1114;CENTRO;79490000;(67)3295-1372;SAO GABRIEL DO OESTE;500769;SAO GABRIEL DO OESTE;500769;6452116;CENTRO DE ESPECIALIDADES MEDICAS;F;16.04.2026;ARI_CEM;16.04.2026;ARI_CEM;10.00;PENDENTE;Z00;04469955680;DANIEL ROCHA DO CARMO
662504749;0110002;0301010072;CONSULTA EM ORTOPEDIA - GERAL;04469955680;DANIEL ROCHA DO CARMO;04.05.2026;12:30;0;709008890497015;CLAILTON OLIVEIRA FRAGA DA SILVA;16.05.1990;36;433;ODETE CLEMENCIA DE OLIVEIRA DA SILVA;RUA;HILDO NICARETTA;CASA;2196;PRIMO MAFFISSONI;79490000;(67)99603-3652;SAO GABRIEL DO OESTE;500769;SAO GABRIEL DO OESTE;500769;7333218;UNIDADE DE SAUDE DA FAMILIA X;M;16.04.2026;RAISSASILVALIMA;16.04.2026;VANIA_MARIANO;10.00;PENDENTE;M518;63805480172;CLEDSON PERETTI
662506768;0110002;0301010072;CONSULTA EM ORTOPEDIA - GERAL;04469955680;DANIEL ROCHA DO CARMO;25.05.2026;12:30;0;704604153263224;TATIANE DE OLIVEIRA VIEIRA;24.09.1996;29;357;FATIMA XIMENES DE OLIVEIRA;RUA;JOAO EVANGELISTA ROSA;CASA;1563;PRIMO MAFFISSONI;79490000;(67)99854-2244;SAO GABRIEL DO OESTE;500769;SAO GABRIEL DO OESTE;500769;7333218;UNIDADE DE SAUDE DA FAMILIA X;F;16.04.2026;RAISSASILVALIMA;16.04.2026;RAISSASILVALIMA;10.00;CONFIRMADO;M511;63805480172;CLEDSON PERETTI
662510714;2300004;0301010072;CONSULTA EM CARDIOLOGIA;01110123175;ELY DONIZETH DE ASSIS JUNIOR;27.05.2026;07:30;0;700006448406004;SONHOCIR MASCARELLO;10.11.1965;60;727;MARIA BIAZZI MASCARELLO;RUA;ALAGOAS;;2639;CENTRO;79490000;(67)99962-2682;SAO GABRIEL DO OESTE;500769;SAO GABRIEL DO OESTE;500769;6452116;CENTRO DE ESPECIALIDADES MEDICAS;M;16.04.2026;FERNANDACRISTINAALVES;16.04.2026;FERNANDACRISTINAALVES;10.00;CONFIRMADO;Z016;;HUDSON PERES DORIGAO
662513376;2300004;0301010072;CONSULTA EM CARDIOLOGIA;98260570106;CLAUDIA REGINA DUARTE CAZZOLATO KHALIL;28.05.2026;13:00;1;700005844651302;SANDRA REGINA SOARES RODRIGUES;13.09.1958;67;813;ZULMIRA ANA SOARES;RUA;GOIAS;;1114;CENTRO;79490000;(67)3295-1372;SAO GABRIEL DO OESTE;500769;SAO GABRIEL DO OESTE;500769;6452116;CENTRO DE ESPECIALIDADES MEDICAS;F;16.04.2026;ARI_CEM;16.04.2026;ARI_CEM;10.00;CONFIRMADO;I20;98260570106;CLAUDIA REGINA DUARTE CAZZOLATO KHALIL
662514981;3100030;0207030030;RESSONANCIA MAGNETICA DO JOELHO ESQUERDO;00125300006;MEDICOS SUS;05.05.2026;13:00;0;700806454559685;ALICE REGINA CORTESIA PILTZ;27.11.1964;61;739;ILSA SCHMIDT CORTESIA;AVENIDA;SANTO ANTONIO;;285;MILANI;79492094;(67)99994-3669;SAO GABRIEL DO OESTE;500769;SAO GABRIEL DO OESTE;500769;6354265;CENTRAL DE REGULACAO DE SAO GABRIEL DO OESTE;F;16.04.2026;CLEIDIANE_REGULACAO;04.05.2026;CLEIDIANE_REGULADOR;268.75;CONFIRMADO;M179;;NELSON BARBOSA TAVARES FILHO
662518340;2300004;0301010072;CONSULTA EM CARDIOLOGIA;01110123175;ELY DONIZETH DE ASSIS JUNIOR;27.05.2026;07:30;0;709805049432597;ANTONIO GERALDO FERREIRA;29.05.1962;64;769;FLORINDA DA SILVA;RUA;HENRIQUETA DE JESUS;;S/N;CENTRO (AREADO);79495018;(67)99849-5056;SAO GABRIEL DO OESTE;500769;SAO GABRIEL DO OESTE;500769;6452116;CENTRO DE ESPECIALIDADES MEDICAS;M;16.04.2026;FERNANDACRISTINAALVES;16.04.2026;FERNANDACRISTINAALVES;10.00;CONFIRMADO;Z016;01110123175;ELY DONIZETH DE ASSIS JUNIOR
662520574;0110002;0301010072;CONSULTA EM ORTOPEDIA - GERAL;00468987193;ARTHUR MARTINS DE ALMEIDA;05.05.2026;06:30;1;700202999413028;GENESI LIMA DA SILVA;21.07.1964;61;743;TEREZINHA LIMA DA SILVA;RUA;SANTA ANA;;97;MILANI;79492090;(67)99633-6957;SAO GABRIEL DO OESTE;500769;SAO GABRIEL DO OESTE;500769;6452116;CENTRO DE ESPECIALIDADES MEDICAS;F;16.04.2026;PATRICKMASIAGA;16.04.2026;PATRICKMASIAGA;10.00;PENDENTE;Z016;00468987193;ARTHUR MARTINS DE ALMEIDA
662523370;2300004;0301010072;CONSULTA EM CARDIOLOGIA;01110123175;ELY DONIZETH DE ASSIS JUNIOR;04.05.2026;06:30;1;700505384598158;ABDENAIDE FONTOURA AMARILHA;26.10.1960;65;788;MARIA ABADIA FONTOURA;RUA;DAS ARARAS;;1805;FENIX;79491102;(67)3295-3206 / (67)99831-3787;SAO GABRIEL DO OESTE;500769;SAO GABRIEL DO OESTE;500769;6452116;CENTRO DE ESPECIALIDADES MEDICAS;M;16.04.2026;PATRICKMASIAGA;16.04.2026;PATRICKMASIAGA;10.00;PENDENTE;Z016;01110123175;ELY DONIZETH DE ASSIS JUNIOR
662526422;0110002;0301010072;CONSULTA EM ORTOPEDIA - GERAL;00530001101;BRUNO PETINARI UMBELINO;18.05.2026;08:00;0;700103474466120;CLEUSA VILASBOAS;09.05.1976;50;601;IRACY FERREIRA VILASBOAS;RUA;JURITI;;201;FENIX;79491092;(67)99834-7446;SAO GABRIEL DO OESTE;500769;SAO GABRIEL DO OESTE;500769;2370999;UNIDADE DE SAUDE DA FAMILIA FENIX IV;F;16.04.2026;GUSTAVO_PIAIA;16.04.2026;GUSTAVO_PIAIA;10.00;PENDENTE;M796;00703866176;ALCIDES EDUARDO EIBEL
662527633;0110002;0301010072;CONSULTA EM ORTOPEDIA - GERAL;00530001101;BRUNO PETINARI UMBELINO;04.05.2026;06:30;1;709600621098771;NICOLAS DEVANICIO ANTUNES GONCALVES;01.09.2021;04;58;LUCIANE DE FATIMA ANTUNES DALCANALLE;RUA;LEOCADIO RAMOS NOGUEIRA;;114;CENTRO;79490000;(67)99968-7051;SAO GABRIEL DO OESTE;500769;SAO GABRIEL DO OESTE;500769;6452116;CENTRO DE ESPECIALIDADES MEDICAS;M;16.04.2026;PATRICKMASIAGA;16.04.2026;PATRICKMASIAGA;10.00;PENDENTE;Z016;00530001101;BRUNO PETINARI UMBELINO
662529724;0015001;0301010072;CONSULTA EM OFTALMOLOGIA GERAL;45183520097;JONI HILDOR SCHWEICKARDT;07.05.2026;14:00;0;704802070274144;RENATO DA SILVA MOURA;26.07.1989;36;443;MARIA APARECIDA DA SILVA MOURA;RUA;SANTA MARIA;;664;MILANI;79492074;(67)99925-1926;SAO GABRIEL DO OESTE;500769;SAO GABRIEL DO OESTE;500769;2370972;UNIDADE DE SAUDE DA FAMILIA MILANE II;M;16.04.2026;FLAVIA_RODRIGUES;16.04.2026;FLAVIA_RODRIGUES;10.00;CONFIRMADO;Z010;02453491113;MILENA GUEDIN VARGAS
662535705;0110002;0301010072;CONSULTA EM ORTOPEDIA - GERAL;00530001101;BRUNO PETINARI UMBELINO;18.05.2026;08:00;0;706208545001063;MARIA TEREZA DA SILVA;09.06.1951;75;900;QUITERIA TEREZA DE JESUS;RUA;TICO-TICO;;375;FENIX;79491096;(67)99875-8662;SAO GABRIEL DO OESTE;500769;SAO GABRIEL DO OESTE;500769;2370999;UNIDADE DE SAUDE DA FAMILIA FENIX IV;F;16.04.2026;GUSTAVO_PIAIA;16.04.2026;GUSTAVO_PIAIA;10.00;PENDENTE;M705;96245646120;RAFAELLA MARIA COSTA GOIS DE FIGUEIREDO
662544118;0110002;0301010072;CONSULTA EM ORTOPEDIA - GERAL;06302616603;ROMULO AMARAL TAFURI;13.05.2026;14:00;0;708508320248774;CIDRONIO MARTINS DE SOUZA;05.01.1955;71;858;CANDIDA MARTINS DE SOUZA;RUA;OITI;;425;SAO CRISTOVAO;79491196;(67)99616-4778;SAO GABRIEL DO OESTE;500769;SAO GABRIEL DO OESTE;500769;7002084;UNIDADE DE SAUDE DA FAMILIA IX;M;16.04.2026;AMANDALUIZA_BIAZUS;16.04.2026;AMANDALUIZA_BIAZUS;10.00;CONFIRMADO;M705;06901507925;EVELYN KASSIA TUDISCO FERNANDES
662545374;3516007;0301010072;CONSULTA EM UROLOGIA - GERAL;04349392181;ANTONIO AUGUSTO PALOMBO MENDES;14.05.2026;06:30;1;702308012437420;NELSON CORREA;31.01.1963;63;761;LUIZA CARDOSO CORREA;RUA;ESPIRITO SANTO 2400/99999;CASA 2;2610;AMABILE MAFFISSONI;79490108;(67)99643-6261;SAO GABRIEL DO OESTE;500769;SAO GABRIEL DO OESTE;500769;6452116;CENTRO DE ESPECIALIDADES MEDICAS;M;16.04.2026;PATRICKMASIAGA;16.04.2026;PATRICKMASIAGA;10.00;PENDENTE;Z016;;HUDSON PERES DE SOUZA
662546526;0110002;0301010072;CONSULTA EM ORTOPEDIA - GERAL;00468987193;ARTHUR MARTINS DE ALMEIDA;26.05.2026;06:30;1;709008808217815;MIGUEL LEAO BACH;13.06.2018;08;96;ANDREIA ANA DE OLIVEIRA LEAO;RUA;DAS ANHUMAS 1/1465;CASA;731;JARDIM GRAMADO;79491016;(67)98149-8411;SAO GABRIEL DO OESTE;500769;SAO GABRIEL DO OESTE;500769;6452116;CENTRO DE ESPECIALIDADES MEDICAS;M;16.04.2026;PATRICKMASIAGA;16.04.2026;PATRICKMASIAGA;10.00;CONFIRMADO;Z016;;MAYARA MELKE
662547269;3100004;0207010030;RESSONANCIA MAGNETICA DE COLUNA CERVICAL                    ;00125300006;MEDICOS SUS;29.05.2026;07:00;0;706803295000820;ALDELIRIA MARIA DE JESUS OLIVEIRA;24.02.1973;53;640;FRANCISCA MARIA DE OLIVEIRA;RUA;UIRAPURU;;163;JARDIM GRAMADO;79490000;(67)99949-4982;SAO GABRIEL DO OESTE;500769;SAO GABRIEL DO OESTE;500769;6354265;CENTRAL DE REGULACAO DE SAO GABRIEL DO OESTE;F;16.04.2026;CLEIDIANE_REGULACAO;27.05.2026;CLEIDIANE_REGULADOR;268.75;PENDENTE;M549;;DANIEL ROCHA DO CARMO
662549058;3516007;0301010072;CONSULTA EM UROLOGIA - GERAL;04349392181;ANTONIO AUGUSTO PALOMBO MENDES;14.05.2026;08:00;1;700001067499207;ADEMIR PINHEIRO DOS SANTOS;19.12.1967;58;702;APARECIDA TATARO PINHEIRO;RUA;MAGNATAS;;54;CENTRO;79490000;(67)99648-7961;SAO GABRIEL DO OESTE;500769;SAO GABRIEL DO OESTE;500769;6452116;CENTRO DE ESPECIALIDADES MEDICAS;M;16.04.2026;PATRICKMASIAGA;16.04.2026;PATRICKMASIAGA;10.00;CONFIRMADO;Z016;04349392181;ANTONIO AUGUSTO PALOMBO MENDES
662550657;0110002;0301010072;CONSULTA EM ORTOPEDIA - GERAL;89074033172;ROGERIO PADOVANI TOFFOLI;08.05.2026;12:30;1;705002240333451;ACELI KIRCH MARTINS;27.07.1972;53;647;VALERIA KIRCH;RUA;CURRUIRAS;;1508;JARDIM GRAMADO;79490000;(67)9657-5304;SAO GABRIEL DO OESTE;500769;SAO GABRIEL DO OESTE;500769;6452116;CENTRO DE ESPECIALIDADES MEDICAS;F;16.04.2026;PATRICKMASIAGA;16.04.2026;PATRICKMASIAGA;10.00;PENDENTE;Z016;;ROMULO TAFURI
662555987;3100027;0207020027;RESSONANCIA MAGNETICA DE OMBRO DIREITO;00125300006;MEDICOS SUS;04.05.2026;13:00;0;702001355434980;ANA BORGES;02.07.1946;80;960;ALVILINA BARBOSA;RUA;MINAS GERAIS;LAR DO IDOSO;2280;CENTRO;79490011;(67)98457-3424;SAO GABRIEL DO OESTE;500769;SAO GABRIEL DO OESTE;500769;6354265;CENTRAL DE REGULACAO DE SAO GABRIEL DO OESTE;F;16.04.2026;CLEIDIANE_REGULACAO;29.04.2026;VANIA_MARIANO;268.75;CONFIRMADO;M751;;ROGERIO PADOVANI TOFFOLI
662556088;2300004;0301010072;CONSULTA EM CARDIOLOGIA;98260570106;CLAUDIA REGINA DUARTE CAZZOLATO KHALIL;22.05.2026;07:30;0;708506335355375;FRANCISCO SENHOR DA SILVA;13.01.1978;48;581;LUIZA GOMES DA SILVA;RUA;SANTO ANGELO;;310;MILANI;79492092;(67)99981-7776;SAO GABRIEL DO OESTE;500769;SAO GABRIEL DO OESTE;500769;2370972;UNIDADE DE SAUDE DA FAMILIA MILANE II;M;16.04.2026;FLAVIA_RODRIGUES;16.04.2026;FLAVIA_RODRIGUES;10.00;CONFIRMADO;I10;02453491113;MILENA GUEDIN VARGAS
662557072;0110002;0301010072;CONSULTA EM ORTOPEDIA - GERAL;89074033172;ROGERIO PADOVANI TOFFOLI;08.05.2026;12:30;1;704009826103362;ARLEY DO ESPIRITO SANTO;01.03.1974;52;628;NEIDE MARIA DO ESPIRITO SANTO;RUA;RAIMUNDO PRADO;;1239;CENTRO;79490000;(67)99624-7490;SAO GABRIEL DO OESTE;500769;SAO GABRIEL DO OESTE;500769;6452116;CENTRO DE ESPECIALIDADES MEDICAS;M;16.04.2026;PATRICKMASIAGA;16.04.2026;PATRICKMASIAGA;10.00;PENDENTE;Z016;06302616603;ROMULO AMARAL TAFURI
662568637;2300004;0301010072;CONSULTA EM CARDIOLOGIA;01110123175;ELY DONIZETH DE ASSIS JUNIOR;27.05.2026;07:30;0;706104848560430;VADIONIZIO DE SOUZA LOPES;14.04.1967;59;710;MARIA DE SOUZA LOPES;RUA;CURICACA 1466/99999;;1859;FENIX;79491080;(67)99994-0606;SAO GABRIEL DO OESTE;500769;SAO GABRIEL DO OESTE;500769;2370999;UNIDADE DE SAUDE DA FAMILIA FENIX IV;M;16.04.2026;GUSTAVO_PIAIA;16.04.2026;GUSTAVO_PIAIA;10.00;CONFIRMADO;I10;96245646120;RAFAELLA MARIA COSTA GOIS DE FIGUEIREDO
662587587;0320174;0301010072;CONSULTA EM PNEUMOLOGIA - GERAL;09028429603;BERNARDO MEDEIROS MAIA;05.05.2026;13:00;1;704000306637062;FRANCINA LACERDA DOS REIS;08.10.1952;73;884;MARIA DE LOURDES LACERDA;RUA;CURRUIRAS;CASA;1342;JARDIM GRAMADO;79490000;(67)99630-2093;SAO GABRIEL DO OESTE;500769;SAO GABRIEL DO OESTE;500769;6452116;CENTRO DE ESPECIALIDADES MEDICAS;F;16.04.2026;FERNANDACRISTINAALVES;16.04.2026;FERNANDACRISTINAALVES;10.00;PENDENTE;Z016;09028429603;BERNARDO MEDEIROS MAIA
662588074;0110002;0301010072;CONSULTA EM ORTOPEDIA - GERAL;06302616603;ROMULO AMARAL TAFURI;06.05.2026;12:30;1;704000306637062;FRANCINA LACERDA DOS REIS;08.10.1952;73;884;MARIA DE LOURDES LACERDA;RUA;CURRUIRAS;CASA;1342;JARDIM GRAMADO;79490000;(67)99630-2093;SAO GABRIEL DO OESTE;500769;SAO GABRIEL DO OESTE;500769;6452116;CENTRO DE ESPECIALIDADES MEDICAS;F;16.04.2026;FERNANDACRISTINAALVES;16.04.2026;FERNANDACRISTINAALVES;10.00;CONFIRMADO;Z016;;NELSON TAVARES
662593880;0110002;0301010072;CONSULTA EM ORTOPEDIA - GERAL;06302616603;ROMULO AMARAL TAFURI;20.05.2026;12:30;0;701402639616136;MARAIZA COSTA ALVES;19.05.1984;42;505;MARIA LUZIA ALVES LIMA COSTA;RUA;IPE;;365;SÃO CRISTOVÃO;79490000;(67)99896-4763;SAO GABRIEL DO OESTE;500769;SAO GABRIEL DO OESTE;500769;6452116;CENTRO DE ESPECIALIDADES MEDICAS;F;16.04.2026;FERNANDACRISTINAALVES;16.04.2026;FERNANDACRISTINAALVES;10.00;PENDENTE;Z016;;EVELYN KASSIA TUDISCO FERNANDES
662598958;0110002;0301010072;CONSULTA EM ORTOPEDIA - GERAL;00468987193;ARTHUR MARTINS DE ALMEIDA;26.05.2026;06:30;0;705001617252056;ALBINA DE ARRUDA VIEIRA;20.02.1974;52;628;JOANA FRANCISCA DE ARRUDA;RUA;GAIVOTAS;CASA;2249;FÊNIX;79491094;(67)9655-3460;SAO GABRIEL DO OESTE;500769;SAO GABRIEL DO OESTE;500769;6452116;CENTRO DE ESPECIALIDADES MEDICAS;F;16.04.2026;FERNANDACRISTINAALVES;16.04.2026;FERNANDACRISTINAALVES;10.00;CONFIRMADO;Z016;98260570106;CLAUDIA REGINA DUARTE CAZZOLATO KHALIL
662600440;2300004;0301010072;CONSULTA EM CARDIOLOGIA;01110123175;ELY DONIZETH DE ASSIS JUNIOR;04.05.2026;06:30;1;898004163708083;APARECIDO BARDELLA;04.06.1946;80;961;ODILA VICENTIN;RUA;CARLOS M DA CONCEIÇÃO;CASA;S/N;JD INDEPENDENCIA;79210000;(67)9283-0647;ANASTACIO;500070;SAO GABRIEL DO OESTE;500769;6452116;CENTRO DE ESPECIALIDADES MEDICAS;M;16.04.2026;FERNANDACRISTINAALVES;16.04.2026;FERNANDACRISTINAALVES;10.00;PENDENTE;Z016;01110123175;ELY DONIZETH DE ASSIS JUNIOR
662600831;2300004;0301010072;CONSULTA EM CARDIOLOGIA;01110123175;ELY DONIZETH DE ASSIS JUNIOR;04.05.2026;07:30;1;700500738644455;MARIA DAS DORES BARBOSA SEVERINO;11.10.1964;61;740;MARIA FELICIANA DA CONCEICAO;RUA;TICO-TICO;;162;FENIX;79491096;(67)99963-6424 / (67)9963-6424 / (67)99648-5702;SAO GABRIEL DO OESTE;500769;SAO GABRIEL DO OESTE;500769;6452116;CENTRO DE ESPECIALIDADES MEDICAS;F;16.04.2026;FERNANDACRISTINAALVES;16.04.2026;FERNANDACRISTINAALVES;10.00;PENDENTE;Z016;01110123175;ELY DONIZETH DE ASSIS JUNIOR
662602564;0110002;0301010072;CONSULTA EM ORTOPEDIA - GERAL;06302616603;ROMULO AMARAL TAFURI;20.05.2026;12:30;0;706707207801820;EDNA CRISTINA DE OLIVEIRA;25.01.1977;49;593;MARIA DE LOURDES DOS SANTOS;RUA;PARANA;;1226;CENTRO;79490000;(14)99980-5432;SAO GABRIEL DO OESTE;500769;SAO GABRIEL DO OESTE;500769;6452116;CENTRO DE ESPECIALIDADES MEDICAS;F;16.04.2026;FERNANDACRISTINAALVES;16.04.2026;FERNANDACRISTINAALVES;10.00;PENDENTE;Z016;;MARIA FERNANDA DIAS 
662606357;2300004;0301010072;CONSULTA EM CARDIOLOGIA;01110123175;ELY DONIZETH DE ASSIS JUNIOR;06.05.2026;06:30;1;704805522160640;LUCICLEIDE SARMENTO DE ANDRADE;04.03.1969;57;688;CECILIA SARMENTO DE ANDRADE;RUA;COLIBRI;;333;FENIX;79491108;(84)98177-2972;SAO GABRIEL DO OESTE;500769;SAO GABRIEL DO OESTE;500769;6452116;CENTRO DE ESPECIALIDADES MEDICAS;F;16.04.2026;FERNANDACRISTINAALVES;16.04.2026;FERNANDACRISTINAALVES;10.00;CONFIRMADO;Z016;98260570106;CLAUDIA REGINA DUARTE CAZZOLATO KHALIL
662607272;0110002;0301010072;CONSULTA EM ORTOPEDIA - GERAL;04469955680;DANIEL ROCHA DO CARMO;25.05.2026;12:30;0;709209269727633;RENAN BOTELHO DE ALMEIDA;21.12.2011;14;174;ELDILENE BOTELHO DA SILVA;RUA;CANARIOS;;1065;JARDIM GRAMADO;79490000;(67)9627-9704;SAO GABRIEL DO OESTE;500769;SAO GABRIEL DO OESTE;500769;6452116;CENTRO DE ESPECIALIDADES MEDICAS;M;16.04.2026;FERNANDACRISTINAALVES;16.04.2026;FERNANDACRISTINAALVES;10.00;CONFIRMADO;Z016;;ANGELA BENITES
662615103;0110002;0301010072;CONSULTA EM ORTOPEDIA - GERAL;00468987193;ARTHUR MARTINS DE ALMEIDA;05.05.2026;06:30;1;700002165998500;LUCAS GOMES BENITES;12.01.2012;14;173;FLAVIANA LELIS GOMES BALBINO;RUA;PATATIVAS;CASA;244;CONJ FENIX;79490000;(67)9902-1390 / (67)99655-2599;SAO GABRIEL DO OESTE;500769;SAO GABRIEL DO OESTE;500769;6452116;CENTRO DE ESPECIALIDADES MEDICAS;M;16.04.2026;FERNANDACRISTINAALVES;16.04.2026;FERNANDACRISTINAALVES;10.00;PENDENTE;Z016;00468987193;ARTHUR MARTINS DE ALMEIDA
662617328;0015001;0301010072;CONSULTA EM OFTALMOLOGIA GERAL;45183520097;JONI HILDOR SCHWEICKARDT;07.05.2026;14:00;0;703201652542598;MARA LUCIA DA SILVA DIAS ANDRADE;01.11.1974;51;620;JULIA DA SILVA;RUA;K;;1040;CIDADE JARDIM 2;79492136;(67)99680-7855;SAO GABRIEL DO OESTE;500769;SAO GABRIEL DO OESTE;500769;2370972;UNIDADE DE SAUDE DA FAMILIA MILANE II;F;16.04.2026;FLAVIA_RODRIGUES;16.04.2026;FLAVIA_RODRIGUES;10.00;CONFIRMADO;Z010;83798633134;JOAO BAPTISTA BARBOSA SOUZA
662627672;0282063;0301010072;CONSULTA EM OTORRINOLARINGOLOGIA;78877326115;ANA PAULA CAVALIERI PONTES;08.05.2026;06:00;0;706701769841420;APARECIDO BARDELA;04.06.1946;80;961;ODILA VICENTINO BARDELLA;RUA;AZULÃO;CASA;1946;FENIX;79490000;(67)99283-0647 / (67)99621-6828;SAO GABRIEL DO OESTE;500769;SAO GABRIEL DO OESTE;500769;2370999;UNIDADE DE SAUDE DA FAMILIA FENIX IV;M;16.04.2026;GUSTAVO_PIAIA;16.04.2026;GUSTAVO_PIAIA;10.00;CONFIRMADO;Z000;96245646120;RAFAELLA MARIA COSTA GOIS DE FIGUEIREDO
662632078;0701224;0301010072;CONSULTA EM NEUROLOGIA - GERAL;22264073837;ANSELMO COSTA;06.05.2026;07:00;1;700505327414957;LUCAS SOARES DE OLIVEIRA;10.05.2011;15;181;LUZIA SOARES DA COSTA OLIVEIRA;RUA;DAS GAIVOTAS;;2081;FENIX;79491018;(67)99802-1806;SAO GABRIEL DO OESTE;500769;SAO GABRIEL DO OESTE;500769;6452116;CENTRO DE ESPECIALIDADES MEDICAS;M;16.04.2026;FERNANDACRISTINAALVES;16.04.2026;FERNANDACRISTINAALVES;10.00;PENDENTE;Z016;22264073837;ANSELMO COSTA
662635706;2300004;0301010072;CONSULTA EM CARDIOLOGIA;98260570106;CLAUDIA REGINA DUARTE CAZZOLATO KHALIL;28.05.2026;14:00;0;708606076688488;LOURENCA SANABRIA;08.08.1974;51;622;EVANGELISTA IFRAN SANABRIA;FAZENDA;MARABA;;S/N;RURAL;79490000;(67)99971-3708;SAO GABRIEL DO OESTE;500769;SAO GABRIEL DO OESTE;500769;2370972;UNIDADE DE SAUDE DA FAMILIA MILANE II;F;16.04.2026;FLAVIA_RODRIGUES;16.04.2026;FLAVIA_RODRIGUES;10.00;CONFIRMADO;I30;;CLAUDIA R D CAZZOLATO KHALIL
662644187;0299008;0301010072;CONSULTA EM CIRURGIA VASCULAR – GERAL;70808015087;CELIO HELEGDA;06.05.2026;06:30;1;709806030833694;APARECIDA CORREA VIEIRA;15.11.1941;84;1015;FRANCISCA MARIA DE JESUS;AVENIDA;SAO FRANCISCO;;853;CENTRO;79490000;(67)3295-1818;SAO GABRIEL DO OESTE;500769;SAO GABRIEL DO OESTE;500769;6452116;CENTRO DE ESPECIALIDADES MEDICAS;F;16.04.2026;FERNANDACRISTINAALVES;16.04.2026;FERNANDACRISTINAALVES;10.00;PENDENTE;Z016;70808015087;CELIO HELEGDA
662649816;0701224;0301010072;CONSULTA EM NEUROLOGIA - GERAL;22264073837;ANSELMO COSTA;13.05.2026;07:00;0;709604690719570;EDNO CARLOS VILASBOAS;09.04.1972;54;650;IRACY FERREIRA VILASBOAS;RUA;8 DE ABRIL;;1588;FENIX;79491114;(67)99944-7251;SAO GABRIEL DO OESTE;500769;SAO GABRIEL DO OESTE;500769;2370999;UNIDADE DE SAUDE DA FAMILIA FENIX IV;M;16.04.2026;GUSTAVO_PIAIA;16.04.2026;GUSTAVO_PIAIA;10.00;CONFIRMADO;G129;96245646120;RAFAELLA MARIA COSTA GOIS DE FIGUEIREDO
662650075;2300004;0301010072;CONSULTA EM CARDIOLOGIA;98260570106;CLAUDIA REGINA DUARTE CAZZOLATO KHALIL;28.05.2026;14:00;0;705209471782175;IVONETE BARBOSA DE ALMEIDA;21.06.1965;61;732;MARIA LOURENCO DE MATOS;ACAMPAMENTO;ITAQUI;ASSENTAMENTO;143;ZONA RURAL;79490000;(67)99653-5455;SAO GABRIEL DO OESTE;500769;SAO GABRIEL DO OESTE;500769;3400964;UNIDADE DE SAUDE DA FAMILIA RURAL VII;F;16.04.2026;CLEIDIANE_RURALVII;16.04.2026;CLEIDIANE_RURALVII;10.00;CONFIRMADO;I10;00612619630;KALYNKA SILVIA HIGINO
662656776;0110002;0301010072;CONSULTA EM ORTOPEDIA - GERAL;89074033172;ROGERIO PADOVANI TOFFOLI;15.05.2026;12:30;0;707808659383413;CICERA GORETE DE FRANCA;02.05.1974;52;626;MARIA FRANCISCA DE FRANCA;RUA;ALAGOAS;;3334;CENTRO;79490000;(67)99847-4763;SAO GABRIEL DO OESTE;500769;SAO GABRIEL DO OESTE;500769;6452116;CENTRO DE ESPECIALIDADES MEDICAS;F;16.04.2026;FERNANDACRISTINAALVES;16.04.2026;FERNANDACRISTINAALVES;10.00;CONFIRMADO;Z016;32389571808;RODOLFO PELISSARI ZAMBOLIN
662660744;0701224;0301010072;CONSULTA EM NEUROLOGIA - GERAL;22264073837;ANSELMO COSTA;26.05.2026;07:00;0;702005320353686;ALIPIO LUIZ PASQUALOTTO;03.01.1949;77;930;ISAIRA PASQUALOTTO;RUA;SAO PAULO;;703;CENTRO;79490009;(67)99673-2934;SAO GABRIEL DO OESTE;500769;SAO GABRIEL DO OESTE;500769;2591359;UNIDADE DE SAUDE DA FAMILIA V;M;16.04.2026;CHRISTIANEHELEN_FREITAS;16.04.2026;CHRISTIANEHELEN_FREITAS;10.00;PENDENTE;I64;04796956107;JULIANA DA ROCHA PEREIRA MENEZES
662660938;0110002;0301010072;CONSULTA EM ORTOPEDIA - GERAL;32389571808;RODOLFO PELISSARI ZAMBOLIN;14.05.2026;12:30;1;704608688082229;ANDREI PEREIRA DE OLIVEIRA;11.06.1991;35;420;FRANCISCA RODRIGUES DE OLIVEIRA ARAUJO;RUA;PATATIVA;CASA 1;126;FÊNIX;79490000;(67)99867-3160;SAO GABRIEL DO OESTE;500769;SAO GABRIEL DO OESTE;500769;6452116;CENTRO DE ESPECIALIDADES MEDICAS;M;16.04.2026;FERNANDACRISTINAALVES;16.04.2026;FERNANDACRISTINAALVES;10.00;PENDENTE;Z016;32389571808;RODOLFO PELISSARI ZAMBOLIN
662661386;0110002;0301010072;CONSULTA EM ORTOPEDIA - GERAL;89074033172;ROGERIO PADOVANI TOFFOLI;08.05.2026;14:00;1;700007132626102;CAROLINA DOS SANTOS BARBOSA;11.06.1953;73;876;HENRIQUETA RODRIGUES DA SILVA;RUA;RAIMUNDO PRADO;;1129;CENTRO;79490000;(67)99949-4412;SAO GABRIEL DO OESTE;500769;SAO GABRIEL DO OESTE;500769;6354265;CENTRAL DE REGULACAO DE SAO GABRIEL DO OESTE;F;16.04.2026;ARILENE_SAOGABRIEL;16.04.2026;ARILENE_SAOGABRIEL;10.00;PENDENTE;M51;65742103653;SOLICITANTE_SAO GABRIEL DO OESTE
662662274;2300004;0301010072;CONSULTA EM CARDIOLOGIA;98260570106;CLAUDIA REGINA DUARTE CAZZOLATO KHALIL;28.05.2026;14:00;0;702401519002820;ROSELI APARECIDA DA SILVA DIAS;13.10.1967;58;704;JANDIRA TEREZINHA DA SILVA;RUA;DAS ANHUMAS 1466/99999;;1816;FENIX;79491090;(67)99918-9617;SAO GABRIEL DO OESTE;500769;SAO GABRIEL DO OESTE;500769;2370999;UNIDADE DE SAUDE DA FAMILIA FENIX IV;F;16.04.2026;GUSTAVO_PIAIA;16.04.2026;GUSTAVO_PIAIA;10.00;CONFIRMADO;Z000;00703866176;ALCIDES EDUARDO EIBEL
662662411;3100004;0207010030;RESSONANCIA MAGNETICA DE COLUNA CERVICAL                    ;00125300006;MEDICOS SUS;29.05.2026;07:00;0;705202480917871;ELIKA DA SILVA FLORES;21.12.1985;40;486;ANA APARECIDA BORGES DA SILVA FLORES;AVENIDA;JUSCELINO KUBITSCHEK 1/1199;;1851;CENTRO;79490049;(67)99945-6412;SAO GABRIEL DO OESTE;500769;SAO GABRIEL DO OESTE;500769;6354265;CENTRAL DE REGULACAO DE SAO GABRIEL DO OESTE;F;16.04.2026;CLEIDIANE_REGULACAO;27.05.2026;CLEIDIANE_REGULADOR;268.75;CONFIRMADO;M541;;RODOLFO NIZ BARREIRO
662663367;0320174;0301010072;CONSULTA EM PNEUMOLOGIA - GERAL;09028429603;BERNARDO MEDEIROS MAIA;07.05.2026;13:00;1;700507199072554;FIDELCINA PERSI BRAGA;10.12.1953;72;870;SANTINA MILANIN PERSI;RUA;SANTA MARIA;;4;MILANI;79492074;(67)99690-8153;SAO GABRIEL DO OESTE;500769;SAO GABRIEL DO OESTE;500769;6354265;CENTRAL DE REGULACAO DE SAO GABRIEL DO OESTE;F;16.04.2026;ARILENE_SAOGABRIEL;16.04.2026;ARILENE_SAOGABRIEL;10.00;PENDENTE;J15;65742103653;SOLICITANTE_SAO GABRIEL DO OESTE
662665502;0110002;0301010072;CONSULTA EM ORTOPEDIA - GERAL;00530001101;BRUNO PETINARI UMBELINO;18.05.2026;06:30;0;700400405543442;ADILSON LOPES;27.01.1972;54;653;MAURICIA LOPES;RUA;P;;346;CIDADE JARDIM;79492146;(67)99931-5284;SAO GABRIEL DO OESTE;500769;SAO GABRIEL DO OESTE;500769;6452116;CENTRO DE ESPECIALIDADES MEDICAS;M;16.04.2026;FERNANDACRISTINAALVES;16.04.2026;FERNANDACRISTINAALVES;10.00;PENDENTE;Z016;32389571808;RODOLFO PELISSARI ZAMBOLIN
662667011;0015001;0301010072;CONSULTA EM OFTALMOLOGIA GERAL;45183520097;JONI HILDOR SCHWEICKARDT;07.05.2026;14:00;0;700504379459756;EDNA APARECIDA BELLEI;11.11.1966;59;715;APARECIDA CONCEICAO BRITO;RUA;CEARA;;1420;JARDIM ALVORADA;79490000;(67)99994-4091;SAO GABRIEL DO OESTE;500769;SAO GABRIEL DO OESTE;500769;7333218;UNIDADE DE SAUDE DA FAMILIA X;F;16.04.2026;RAISSASILVALIMA;16.04.2026;RAISSASILVALIMA;10.00;CONFIRMADO;Z010;63805480172;CLEDSON PERETTI
662668069;0110002;0301010072;CONSULTA EM ORTOPEDIA - GERAL;00530001101;BRUNO PETINARI UMBELINO;18.05.2026;08:00;0;700504379459756;EDNA APARECIDA BELLEI;11.11.1966;59;715;APARECIDA CONCEICAO BRITO;RUA;CEARA;;1420;JARDIM ALVORADA;79490000;(67)99994-4091;SAO GABRIEL DO OESTE;500769;SAO GABRIEL DO OESTE;500769;7333218;UNIDADE DE SAUDE DA FAMILIA X;F;16.04.2026;RAISSASILVALIMA;16.04.2026;RAISSASILVALIMA;10.00;PENDENTE;M722;63805480172;CLEDSON PERETTI
662670185;0110002;0301010072;CONSULTA EM ORTOPEDIA - GERAL;06302616603;ROMULO AMARAL TAFURI;20.05.2026;12:30;0;702503345313134;ANA VITORIA FERREIRA DA SILVA;08.02.2011;15;184;ROSA CRISTINA FERREIRA;RUA;PELICANOS;CASA;1778;JARDIM GRAMADO;79490000;(67)99860-9527;SAO GABRIEL DO OESTE;500769;SAO GABRIEL DO OESTE;500769;6452116;CENTRO DE ESPECIALIDADES MEDICAS;F;16.04.2026;FERNANDACRISTINAALVES;16.04.2026;FERNANDACRISTINAALVES;10.00;PENDENTE;Z016;;RAFAEL OSTI
662671615;0110002;0301010072;CONSULTA EM ORTOPEDIA - GERAL;06302616603;ROMULO AMARAL TAFURI;20.05.2026;14:00;0;706405101191388;CLAUDINEI PREVIATTI;16.01.1984;42;509;LENIR TERESINHA PREVIATTI;RUA;TICO TICO;;198;CONJUNTO FENIX;79490000;(67)9601-4248;SAO GABRIEL DO OESTE;500769;SAO GABRIEL DO OESTE;500769;6452116;CENTRO DE ESPECIALIDADES MEDICAS;M;16.04.2026;FERNANDACRISTINAALVES;16.04.2026;FERNANDACRISTINAALVES;10.00;PENDENTE;Z016;;RENNAN ORTIZ BUENO
662672024;1712011;0211080055;ESPIROMETRIA;09028429603;BERNARDO MEDEIROS MAIA;08.05.2026;07:30;0;703006849576576;EVA FLAUSINA DA SILVA DE OLIVEIRA;17.01.1953;73;881;SEBASTIANA FLAUSINA DA COSTA;RUA;ARACA;;385;SAO CRISTOVAO;79491198;(67)99815-8820;SAO GABRIEL DO OESTE;500769;SAO GABRIEL DO OESTE;500769;6354265;CENTRAL DE REGULACAO DE SAO GABRIEL DO OESTE;F;16.04.2026;CLEIDIANE_REGULACAO;07.05.2026;CLEIDIANE_REGULADOR;6.36;CONFIRMADO;J448;;BERNARDO MEDEIROS MAIA
662672224;0110002;0301010072;CONSULTA EM ORTOPEDIA - GERAL;00530001101;BRUNO PETINARI UMBELINO;18.05.2026;06:30;1;700206490925322;APARECIDA DE FATIMA VIEIRA WERNECK;04.04.1966;60;723;APARECIDA CORREA VIEIRA;RUA;RIO DE JANEIRO;;2520;CENTRO;79490000;(67)99948-6364;SAO GABRIEL DO OESTE;500769;SAO GABRIEL DO OESTE;500769;6452116;CENTRO DE ESPECIALIDADES MEDICAS;F;16.04.2026;PATRICKMASIAGA;16.04.2026;PATRICKMASIAGA;10.00;PENDENTE;Z016;00530001101;BRUNO PETINARI UMBELINO
662672835;1712011;0211080055;ESPIROMETRIA;09028429603;BERNARDO MEDEIROS MAIA;08.05.2026;07:30;0;702305086672420;ROSANE MOCCELIN DE ARRUDA;31.10.1978;47;572;LIBERA RIBEIRO MOCCELIN;AVENIDA;SAO FRANCISCO;;708;CENTRO;79490000;(67)99978-1467;SAO GABRIEL DO OESTE;500769;SAO GABRIEL DO OESTE;500769;6354265;CENTRAL DE REGULACAO DE SAO GABRIEL DO OESTE;F;16.04.2026;THAYANA_SAOGABRIEL;07.05.2026;CLEIDIANE_REGULADOR;6.36;CONFIRMADO;R05;;BERNARDO MEDEIROS MAIA
662674340;0320174;0301010072;CONSULTA EM PNEUMOLOGIA - GERAL;09028429603;BERNARDO MEDEIROS MAIA;05.05.2026;14:00;1;703100851051160;VERONICA TIGRE;23.05.1959;67;805;ANNA ALVES TIGRE;RUA;CURIO;;392;JARDIM GRAMADO;79490000;(67)99695-7925;SAO GABRIEL DO OESTE;500769;SAO GABRIEL DO OESTE;500769;6452116;CENTRO DE ESPECIALIDADES MEDICAS;F;16.04.2026;FERNANDACRISTINAALVES;16.04.2026;FERNANDACRISTINAALVES;10.00;PENDENTE;Z016;09028429603;BERNARDO MEDEIROS MAIA
662677773;0110002;0301010072;CONSULTA EM ORTOPEDIA - GERAL;89074033172;ROGERIO PADOVANI TOFFOLI;15.05.2026;12:30;1;704103192904379;ANGELA IARA OLIVEIRA DE OLIVEIRA;14.08.1969;56;682;MARLI OLIVEIRA DE OLIVEIRA;RUA;DAS ANHUMAS;;1871;JARDIM GRAMADO;79490000;(67)99684-7830;SAO GABRIEL DO OESTE;500769;SAO GABRIEL DO OESTE;500769;6452116;CENTRO DE ESPECIALIDADES MEDICAS;F;16.04.2026;PATRICKMASIAGA;16.04.2026;PATRICKMASIAGA;10.00;CONFIRMADO;Z016;89074033172;ROGERIO PADOVANI TOFFOLI
662678222;0110002;0301010072;CONSULTA EM ORTOPEDIA - GERAL;04469955680;DANIEL ROCHA DO CARMO;04.05.2026;14:00;1;703403207177315;MARIA ELENA BERTON;21.07.1969;56;683;LOURDES CORREA BERTON;RUA;DAS ROSAS;;45;JARDIM PRIMAVERA;79490000;(67)99924-2552;SAO GABRIEL DO OESTE;500769;SAO GABRIEL DO OESTE;500769;6452116;CENTRO DE ESPECIALIDADES MEDICAS;F;16.04.2026;PATRICKMASIAGA;16.04.2026;PATRICKMASIAGA;10.00;PENDENTE;Z016;04469955680;DANIEL ROCHA DO CARMO
662678331;0110002;0301010072;CONSULTA EM ORTOPEDIA - GERAL;89074033172;ROGERIO PADOVANI TOFFOLI;15.05.2026;12:30;1;703000808066276;ODETE GRANDO BALBINOT;05.08.1957;68;827;ODILA ZAMARCHI GRANDO;RUA;MINAS GERAIS;;714;CENTRO;79490000;(67)9962-3698;SAO GABRIEL DO OESTE;500769;SAO GABRIEL DO OESTE;500769;6452116;CENTRO DE ESPECIALIDADES MEDICAS;F;16.04.2026;FERNANDACRISTINAALVES;16.04.2026;FERNANDACRISTINAALVES;10.00;CONFIRMADO;Z016;89074033172;ROGERIO PADOVANI TOFFOLI
662679274;2300004;0301010072;CONSULTA EM CARDIOLOGIA;01110123175;ELY DONIZETH DE ASSIS JUNIOR;04.05.2026;07:30;1;700802465001288;RONALDO NEGRAO RIBEIRO;01.09.1955;70;850;AGLEIDE NEGRAO RIBEIRO;RUA;RAIMUNDO DO PRADO;;486;CENTRO;79490000;(67)99636-2977;SAO GABRIEL DO OESTE;500769;SAO GABRIEL DO OESTE;500769;6452116;CENTRO DE ESPECIALIDADES MEDICAS;M;16.04.2026;CLEIDIANE_CEM;16.04.2026;CLEIDIANE_CEM;10.00;PENDENTE;Z018;;PEDRO PAULO SANTOS PURPER
662680002;0110002;0301010072;CONSULTA EM ORTOPEDIA - GERAL;32389571808;RODOLFO PELISSARI ZAMBOLIN;14.05.2026;14:00;0;706402100894781;DORVALINA DA SILVA;19.06.1979;47;564;LUZIA APARECIDA DA SILVA;RUA;DAS CORUJAS;;888;FENIX;79491054;(67)99635-1178;SAO GABRIEL DO OESTE;500769;SAO GABRIEL DO OESTE;500769;2370999;UNIDADE DE SAUDE DA FAMILIA FENIX IV;F;16.04.2026;GUSTAVO_PIAIA;16.04.2026;GUSTAVO_PIAIA;10.00;PENDENTE;M545;96245646120;RAFAELLA MARIA COSTA GOIS DE FIGUEIREDO
662681186;0110002;0301010072;CONSULTA EM ORTOPEDIA - GERAL;89074033172;ROGERIO PADOVANI TOFFOLI;15.05.2026;14:00;1;705801451532332;ADAIR MATIAS DA SILVA;21.08.1966;59;718;CARMOZINA MATIAS DA SILVA;RUA;PAU TERRA;;545;SÃO CRISTOVÃO;79490000;(67)99940-9761 / (67)99940-9761;SAO GABRIEL DO OESTE;500769;SAO GABRIEL DO OESTE;500769;6452116;CENTRO DE ESPECIALIDADES MEDICAS;M;16.04.2026;FERNANDACRISTINAALVES;16.04.2026;FERNANDACRISTINAALVES;10.00;CONFIRMADO;Z016;89074033172;ROGERIO PADOVANI TOFFOLI
662682682;0110002;0301010072;CONSULTA EM ORTOPEDIA - GERAL;93393539191;RODOLFO FABIANO NIZ BAREIRO;21.05.2026;12:30;1;709607672990074;LEONARA BARALDI GUIDINI;02.09.1975;50;610;IRONITA BARALDI;RUA;DONA ELVIRA;;1582;MILANI;79490000;(67)99682-0359;SAO GABRIEL DO OESTE;500769;SAO GABRIEL DO OESTE;500769;6452116;CENTRO DE ESPECIALIDADES MEDICAS;F;16.04.2026;PATRICKMASIAGA;16.04.2026;PATRICKMASIAGA;10.00;PENDENTE;Z016;93393539191;RODOLFO FABIANO NIZ BAREIRO
662683712;0110002;0301010072;CONSULTA EM ORTOPEDIA - GERAL;89074033172;ROGERIO PADOVANI TOFFOLI;22.05.2026;12:30;1;706805222205920;THIAGO DE OLIVEIRA LIMA;14.05.2004;22;265;ROSELI DE OLIVEIRA;RUA;TANGARA;;770;FENIX;79490000;(61)3315-2425 / (67)99801-2023;SAO GABRIEL DO OESTE;500769;SAO GABRIEL DO OESTE;500769;6452116;CENTRO DE ESPECIALIDADES MEDICAS;M;16.04.2026;FERNANDACRISTINAALVES;16.04.2026;FERNANDACRISTINAALVES;10.00;PENDENTE;Z016;89074033172;ROGERIO PADOVANI TOFFOLI
662684911;2300004;0301010072;CONSULTA EM CARDIOLOGIA;01110123175;ELY DONIZETH DE ASSIS JUNIOR;06.05.2026;06:30;1;706008813325049;JUCIMEIRE ARAUJO DE FREITAS;08.01.1979;47;569;MARIA ANTONIA DE ARAUJO FREITAS;RUA;JOAO RODRIGUES DE MIRANDA;;497;CENTRO;79490000;(67)99934-7418;SAO GABRIEL DO OESTE;500769;SAO GABRIEL DO OESTE;500769;6452116;CENTRO DE ESPECIALIDADES MEDICAS;F;16.04.2026;FERNANDACRISTINAALVES;16.04.2026;FERNANDACRISTINAALVES;10.00;PENDENTE;Z016;01110123175;ELY DONIZETH DE ASSIS JUNIOR
662685339;0299008;0301010072;CONSULTA EM CIRURGIA VASCULAR – GERAL;70808015087;CELIO HELEGDA;13.05.2026;06:30;1;706008813325049;JUCIMEIRE ARAUJO DE FREITAS;08.01.1979;47;569;MARIA ANTONIA DE ARAUJO FREITAS;RUA;JOAO RODRIGUES DE MIRANDA;;497;CENTRO;79490000;(67)99934-7418;SAO GABRIEL DO OESTE;500769;SAO GABRIEL DO OESTE;500769;6452116;CENTRO DE ESPECIALIDADES MEDICAS;F;16.04.2026;FERNANDACRISTINAALVES;16.04.2026;FERNANDACRISTINAALVES;10.00;CONFIRMADO;Z016;70808015087;CELIO HELEGDA
662686052;0282081;0301010072;CONSULTA EM CIRURGIA GERAL;48047740172;EVA WILMA ABDO DOS SANTOS GUIMARAES;11.05.2026;12:30;1;706008813325049;JUCIMEIRE ARAUJO DE FREITAS;08.01.1979;47;569;MARIA ANTONIA DE ARAUJO FREITAS;RUA;JOAO RODRIGUES DE MIRANDA;;497;CENTRO;79490000;(67)99934-7418;SAO GABRIEL DO OESTE;500769;SAO GABRIEL DO OESTE;500769;6452116;CENTRO DE ESPECIALIDADES MEDICAS;F;16.04.2026;FERNANDACRISTINAALVES;16.04.2026;FERNANDACRISTINAALVES;10.00;PENDENTE;Z016;48047740172;EVA WILMA ABDO DOS SANTOS GUIMARAES
662688892;0015001;0301010072;CONSULTA EM OFTALMOLOGIA GERAL;45183520097;JONI HILDOR SCHWEICKARDT;07.05.2026;14:00;0;706202082562060;JOAO FABIANO;16.09.1961;64;777;CONCEICAO APARECIDA DOS SANTOS FABIANO;RUA;IRERE;;102;FENIX;79491084;(67)99897-3621;SAO GABRIEL DO OESTE;500769;SAO GABRIEL DO OESTE;500769;2370999;UNIDADE DE SAUDE DA FAMILIA FENIX IV;M;16.04.2026;GUSTAVO_PIAIA;16.04.2026;GUSTAVO_PIAIA;10.00;PENDENTE;Z010;96245646120;RAFAELLA MARIA COSTA GOIS DE FIGUEIREDO
662692661;0015001;0301010072;CONSULTA EM OFTALMOLOGIA GERAL;45183520097;JONI HILDOR SCHWEICKARDT;07.05.2026;14:00;0;709804047745198;FRANCISCO ALVES DA SILVA;03.03.1973;53;640;ALDENICE MARIA DA SILVA;RUA;DAS GAIVOTAS 1466/99999;;2359;FENIX;79491094;(67)99886-1337;SAO GABRIEL DO OESTE;500769;SAO GABRIEL DO OESTE;500769;2370999;UNIDADE DE SAUDE DA FAMILIA FENIX IV;M;16.04.2026;GUSTAVO_PIAIA;16.04.2026;GUSTAVO_PIAIA;10.00;PENDENTE;Z010;00703866176;ALCIDES EDUARDO EIBEL
662708840;0299008;0301010072;CONSULTA EM CIRURGIA VASCULAR – GERAL;70808015087;CELIO HELEGDA;06.05.2026;08:00;1;700804419069985;MARIA OZORIA DA SILVA;21.07.1960;65;791;OLIVIA OZORIA DA SILVA;RUA;CURIO;;552;JARDIM GRAMADO;79490000;(67)9639-1265;SAO GABRIEL DO OESTE;500769;SAO GABRIEL DO OESTE;500769;6452116;CENTRO DE ESPECIALIDADES MEDICAS;F;17.04.2026;FERNANDACRISTINAALVES;17.04.2026;FERNANDACRISTINAALVES;10.00;PENDENTE;Z016;70808015087;CELIO HELEGDA
662712586;0110002;0301010072;CONSULTA EM ORTOPEDIA - GERAL;32389571808;RODOLFO PELISSARI ZAMBOLIN;07.05.2026;12:30;1;700005396797406;CAIO CEZAR CARNEIRO RUBIRA;23.12.1986;39;474;NEUCIMARA DE MELO CARNEIRO RUBIRA;RUA;ANTONIO JOAO;CASA2;185;MILANI;79490000;(67)9639-5770 / (67)99639-5770;SAO GABRIEL DO OESTE;500769;SAO GABRIEL DO OESTE;500769;6452116;CENTRO DE ESPECIALIDADES MEDICAS;M;17.04.2026;FERNANDACRISTINAALVES;17.04.2026;FERNANDACRISTINAALVES;10.00;PENDENTE;Z016;32389571808;RODOLFO PELISSARI ZAMBOLIN
662723242;0110002;0301010072;CONSULTA EM ORTOPEDIA - GERAL;06302616603;ROMULO AMARAL TAFURI;06.05.2026;12:30;1;705005813910153;ILSON ESTANDISLAU DE LIMA;25.12.1969;56;678;JACIRA BARBOSA DE LIMA;RUA;CANARIOS;;1102;JARDIM GRAMADO;79490000;(67)9951-2514;SAO GABRIEL DO OESTE;500769;SAO GABRIEL DO OESTE;500769;6452116;CENTRO DE ESPECIALIDADES MEDICAS;M;17.04.2026;FERNANDACRISTINAALVES;17.04.2026;FERNANDACRISTINAALVES;10.00;PENDENTE;Z016;06302616603;ROMULO AMARAL TAFURI
662724964;0110002;0301010072;CONSULTA EM ORTOPEDIA - GERAL;32389571808;RODOLFO PELISSARI ZAMBOLIN;14.05.2026;12:30;1;703005830744375;LUCCAS GABRIEL FERREIRA PEDROZO;26.07.2013;12;155;TATIANE FERREIRA OLIVEIRA;RUA;HILDO NICARETTA;;2047;PRIMO MAFFISSONI;79490000;(67)99867-7516;SAO GABRIEL DO OESTE;500769;SAO GABRIEL DO OESTE;500769;6452116;CENTRO DE ESPECIALIDADES MEDICAS;M;17.04.2026;PATRICKMASIAGA;17.04.2026;PATRICKMASIAGA;10.00;PENDENTE;Z016;06302616603;ROMULO AMARAL TAFURI
662734274;2300004;0301010072;CONSULTA EM CARDIOLOGIA;98260570106;CLAUDIA REGINA DUARTE CAZZOLATO KHALIL;29.05.2026;07:30;0;701206025731617;JAILSON ESTEVAO LOPES;02.09.1983;42;514;CELIA MARIA ESTEVAO LOPES;RUA;JATOBA;CASA 01;597;SÃO CRISTOVÃO;79490000;(67)99632-5375;SAO GABRIEL DO OESTE;500769;SAO GABRIEL DO OESTE;500769;6452116;CENTRO DE ESPECIALIDADES MEDICAS;M;17.04.2026;FERNANDACRISTINAALVES;17.04.2026;FERNANDACRISTINAALVES;10.00;PENDENTE;Z016;;LUCINALDO BASSO
662738587;2300004;0301010072;CONSULTA EM CARDIOLOGIA;98260570106;CLAUDIA REGINA DUARTE CAZZOLATO KHALIL;29.05.2026;07:30;0;700802481640885;CLEONICE DE MOREIRA SALES;26.11.1950;75;907;MARIA BENTA LIMA;RUA;BEM TE VI;;1508;JARDIM GRAMADO;79490000;(67)99813-2766;SAO GABRIEL DO OESTE;500769;SAO GABRIEL DO OESTE;500769;3400964;UNIDADE DE SAUDE DA FAMILIA RURAL VII;F;17.04.2026;JESSICA_PINHEIRO;17.04.2026;JESSICA_PINHEIRO;10.00;PENDENTE;I10;;RENNAN ORTIZ BUENO
662738988;0320174;0301010072;CONSULTA EM PNEUMOLOGIA - GERAL;09028429603;BERNARDO MEDEIROS MAIA;26.05.2026;14:00;0;700802481640885;CLEONICE DE MOREIRA SALES;26.11.1950;75;907;MARIA BENTA LIMA;RUA;BEM TE VI;;1508;JARDIM GRAMADO;79490000;(67)99813-2766;SAO GABRIEL DO OESTE;500769;SAO GABRIEL DO OESTE;500769;3400964;UNIDADE DE SAUDE DA FAMILIA RURAL VII;F;17.04.2026;JESSICA_PINHEIRO;17.04.2026;JESSICA_PINHEIRO;10.00;CONFIRMADO;Z000;;RENNAN ORTIZ BUENO
662739382;0015001;0301010072;CONSULTA EM OFTALMOLOGIA GERAL;45183520097;JONI HILDOR SCHWEICKARDT;07.05.2026;14:00;0;708508350734375;LEIDE RODRIGUES DA SILVA OLIVEIRA;22.01.1976;50;605;MARIA MADALENA CRUZ RODRIGUES;CHACARA;2 IPÊ;;S/N;ASSENTAMENTO PATATIVA;79490000;(67)99829-9318;SAO GABRIEL DO OESTE;500769;SAO GABRIEL DO OESTE;500769;3400964;UNIDADE DE SAUDE DA FAMILIA RURAL VII;F;17.04.2026;CLEIDIANE_RURALVII;17.04.2026;CLEIDIANE_RURALVII;10.00;CONFIRMADO;E11;00612619630;KALYNKA SILVIA HIGINO
662739896;0015001;0301010072;CONSULTA EM OFTALMOLOGIA GERAL;45183520097;JONI HILDOR SCHWEICKARDT;07.05.2026;16:00;0;708608546790188;MARIA MADALENA DA CRUZ RODRIGUES;08.03.1958;68;819;MARIA SEBASTIANA DA CRUZ;AREA;PATATIVA;LOTE 19;S/N;AREA RURAL DE SAO GABRIEL DO OESTE;79493899;(67)98479-9140 / (67)99850-4281;SAO GABRIEL DO OESTE;500769;SAO GABRIEL DO OESTE;500769;3400964;UNIDADE DE SAUDE DA FAMILIA RURAL VII;F;17.04.2026;CLEIDIANE_RURALVII;17.04.2026;CLEIDIANE_RURALVII;10.00;CONFIRMADO;H25;00612619630;KALYNKA SILVIA HIGINO
662741580;0701224;0301010072;CONSULTA EM NEUROLOGIA - GERAL;22264073837;ANSELMO COSTA;26.05.2026;09:00;0;705804483179932;JOAO SIDNEI PRATES DA SILVA;02.06.1972;54;649;NOEMIA PRATES DA SILVA;RUA;CURIO;;1681;JARDIM GRAMADO;79491012;(67)99841-2660;SAO GABRIEL DO OESTE;500769;SAO GABRIEL DO OESTE;500769;3400964;UNIDADE DE SAUDE DA FAMILIA RURAL VII;M;17.04.2026;JESSICA_PINHEIRO;17.04.2026;JESSICA_PINHEIRO;10.00;CONFIRMADO;Z000;;RENNAN ORTIZ BUENO
662744556;3100027;0207020027;RESSONANCIA MAGNETICA DE OMBRO DIREITO;00125300006;MEDICOS SUS;26.05.2026;13:00;0;700102959214815;CONCEICAO DIAS DA ROCHA;18.01.1966;60;725;JOSEFA SANTANA SUDARIA;FAZENDA;IPE;;S/N;RURAL;79490000;(67)99847-3097;SAO GABRIEL DO OESTE;500769;SAO GABRIEL DO OESTE;500769;6354265;CENTRAL DE REGULACAO DE SAO GABRIEL DO OESTE;F;17.04.2026;CLEIDIANE_REGULACAO;22.05.2026;CLEIDIANE_REGULADOR;268.75;CONFIRMADO;M751;;ROGERIO PADOVANI TOFFOLI
662744556;3100026;0207020027;RESSONANCIA MAGNETICA DE OMBRO ESQUERDO;00125300006;MEDICOS SUS;26.05.2026;13:00;0;700102959214815;CONCEICAO DIAS DA ROCHA;18.01.1966;60;725;JOSEFA SANTANA SUDARIA;FAZENDA;IPE;;S/N;RURAL;79490000;(67)99847-3097;SAO GABRIEL DO OESTE;500769;SAO GABRIEL DO OESTE;500769;6354265;CENTRAL DE REGULACAO DE SAO GABRIEL DO OESTE;F;17.04.2026;CLEIDIANE_REGULACAO;22.05.2026;CLEIDIANE_REGULADOR;268.75;CONFIRMADO;M751;;ROGERIO PADOVANI TOFFOLI
662746597;0701224;0301010072;CONSULTA EM NEUROLOGIA - GERAL;22264073837;ANSELMO COSTA;26.05.2026;09:00;0;700007910602604;GABRIEL OVANDO DE ARAUJO;23.08.1999;26;322;THULA MONTEIRO OVANDO DE ARAUJO;RUA;ESPIRITO SANTO;APARTAMENTO 02;1367;CENTRO;79490000;(67)99902-0608;SAO GABRIEL DO OESTE;500769;SAO GABRIEL DO OESTE;500769;2370964;UNIDADE DE SAUDE DA FAMILIA III;M;17.04.2026;ANACLAUDIA_NOGUEIRA;17.04.2026;ANACLAUDIA_NOGUEIRA;10.00;PENDENTE;G44;02611833974;HUDSON PERES DORIGAO BELISARIO DE SOUZA
662747519;3100026;0207020027;RESSONANCIA MAGNETICA DE OMBRO ESQUERDO;00125300006;MEDICOS SUS;25.05.2026;13:00;0;704205760235082;CONCEICAO ALVES MARINHO VASQUES;16.11.1955;70;847;MARIA ALVES PEREIRA;RUA;DAVID FERREIRA DA CUNHA;CASA;02;PRIMO MAFFISONI;79490000;(67)99943-0841;SAO GABRIEL DO OESTE;500769;SAO GABRIEL DO OESTE;500769;6354265;CENTRAL DE REGULACAO DE SAO GABRIEL DO OESTE;F;17.04.2026;CLEIDIANE_REGULACAO;22.05.2026;CLEIDIANE_REGULADOR;268.75;CONFIRMADO;M751;;ROGERIO PADOVANI TOFFOLI
662747575;2300004;0301010072;CONSULTA EM CARDIOLOGIA;98260570106;CLAUDIA REGINA DUARTE CAZZOLATO KHALIL;29.05.2026;07:30;0;700708976453873;MARIA DO SOCORRO TEIXEIRA DOS SANTOS;11.04.1962;64;770;CREUSA TEIXEIRA DE ARAUJO;RUA;MARIA SEVERO;CASA;1881;PRIMO MAFFISSONI;79490000;(67)99283-7668;SAO GABRIEL DO OESTE;500769;SAO GABRIEL DO OESTE;500769;7333218;UNIDADE DE SAUDE DA FAMILIA X;F;17.04.2026;RAISSASILVALIMA;17.04.2026;RAISSASILVALIMA;10.00;PENDENTE;R943;63805480172;CLEDSON PERETTI
662753612;0701224;0301010072;CONSULTA EM NEUROLOGIA - GERAL;22264073837;ANSELMO COSTA;06.05.2026;07:00;1;704808056053042;CARLA FERNANDA DA SILVA DOS SANTOS;15.06.1982;44;528;MARIA DE FATIMA DA SILVA;RUA;TUIUIU;;684;JARDIM GRAMADO;79490000;(67)99155-7092;SAO GABRIEL DO OESTE;500769;SAO GABRIEL DO OESTE;500769;6452116;CENTRO DE ESPECIALIDADES MEDICAS;F;17.04.2026;FERNANDACRISTINAALVES;17.04.2026;FERNANDACRISTINAALVES;10.00;CONFIRMADO;Z016;22264073837;ANSELMO COSTA
662753700;0110002;0301010072;CONSULTA EM ORTOPEDIA - GERAL;32389571808;RODOLFO PELISSARI ZAMBOLIN;14.05.2026;14:00;0;707007834307330;VALDIR PEDRO MARCHI;01.02.1952;74;893;FLORINDA VILANI;RUA;GREGORIANA;;03;PRIMO MAFFISSONI;79490000;(67)3295-1772;SAO GABRIEL DO OESTE;500769;SAO GABRIEL DO OESTE;500769;7333218;UNIDADE DE SAUDE DA FAMILIA X;M;17.04.2026;RAISSASILVALIMA;17.04.2026;RAISSASILVALIMA;10.00;PENDENTE;M239;63805480172;CLEDSON PERETTI
662764232;0110002;0301010072;CONSULTA EM ORTOPEDIA - GERAL;89074033172;ROGERIO PADOVANI TOFFOLI;22.05.2026;14:00;1;700506374551753;ROSEMARI DE LIMA RODRIGUES;28.02.1966;60;724;EVANIRA DE LIMA RODRIGUES;RUA;Z;;1610;CIDADE JARDIM 2;79492164;(67)99841-2976;SAO GABRIEL DO OESTE;500769;SAO GABRIEL DO OESTE;500769;6452116;CENTRO DE ESPECIALIDADES MEDICAS;F;17.04.2026;FERNANDACRISTINAALVES;17.04.2026;FERNANDACRISTINAALVES;10.00;PENDENTE;Z016;89074033172;ROGERIO PADOVANI TOFFOLI
662766895;0110002;0301010072;CONSULTA EM ORTOPEDIA - GERAL;06302616603;ROMULO AMARAL TAFURI;06.05.2026;14:00;1;704009865802160;EVA CARDOSO GONCALVES DOS SANTOS;03.11.1969;56;680;NAIR CARDOSO GONCALVES;RUA;ANGICO;CASA;745;SAO CRISTOVAO;79491188;(67)99615-4705 / (67)99677-3232;SAO GABRIEL DO OESTE;500769;SAO GABRIEL DO OESTE;500769;6452116;CENTRO DE ESPECIALIDADES MEDICAS;F;17.04.2026;FERNANDACRISTINAALVES;17.04.2026;FERNANDACRISTINAALVES;10.00;CONFIRMADO;Z016;;PAULO FENELON
662767856;0110002;0301010072;CONSULTA EM ORTOPEDIA - GERAL;00530001101;BRUNO PETINARI UMBELINO;04.05.2026;06:30;1;704201246503986;ROSIMEIRE DE FREITAS;24.07.1970;55;671;ERAILDES SOARES VILELA;RUA;BAHIA;;2898;AMABILE MAFFISSONI;79490000;(67)99645-7285;SAO GABRIEL DO OESTE;500769;SAO GABRIEL DO OESTE;500769;6452116;CENTRO DE ESPECIALIDADES MEDICAS;F;17.04.2026;PATRICKMASIAGA;17.04.2026;PATRICKMASIAGA;10.00;PENDENTE;Z016;;ROMULO TAFURI
662770318;0110002;0301010072;CONSULTA EM ORTOPEDIA - GERAL;00468987193;ARTHUR MARTINS DE ALMEIDA;05.05.2026;08:00;1;700007439421501;ROSIVELTI PEREIRA DE MORAIS;28.05.1969;57;685;EDIR PEREIRA DE MORAIS;RUA;OROZIMA INACIO DE AMORIM;;191;NOVO HORIZONTE;79550000;(67)98183-1006;COSTA RICA;500325;SAO GABRIEL DO OESTE;500769;6452116;CENTRO DE ESPECIALIDADES MEDICAS;M;17.04.2026;FERNANDACRISTINAALVES;17.04.2026;FERNANDACRISTINAALVES;10.00;PENDENTE;Z016;00468987193;ARTHUR MARTINS DE ALMEIDA
662772401;0320174;0301010072;CONSULTA EM PNEUMOLOGIA - GERAL;09028429603;BERNARDO MEDEIROS MAIA;07.05.2026;14:00;1;704802099517940;AMELIA MARIA DOS ANJOS;08.05.1947;79;949;CECILIA MARIA DA CONCEICAO;RUA;JACARANDA;CASA;315;FÊNIX;79490000;(67)99909-2728 / (67)99909-2718;SAO GABRIEL DO OESTE;500769;SAO GABRIEL DO OESTE;500769;6452116;CENTRO DE ESPECIALIDADES MEDICAS;F;17.04.2026;FERNANDACRISTINAALVES;17.04.2026;FERNANDACRISTINAALVES;10.00;PENDENTE;Z016;09028429603;BERNARDO MEDEIROS MAIA
662774106;0110002;0301010072;CONSULTA EM ORTOPEDIA - GERAL;00530001101;BRUNO PETINARI UMBELINO;04.05.2026;08:00;1;707604274658097;NILSA CELLA;08.06.1970;56;672;CLARINDA DAL ONGARO;RUA;PEDRO NICARETTA;CASA;2184;PRIMO MAFFISSONI;79490000;(61)3315-2425 / (67)99667-3108;SAO GABRIEL DO OESTE;500769;SAO GABRIEL DO OESTE;500769;6452116;CENTRO DE ESPECIALIDADES MEDICAS;F;17.04.2026;FERNANDACRISTINAALVES;17.04.2026;FERNANDACRISTINAALVES;10.00;PENDENTE;Z016;00530001101;BRUNO PETINARI UMBELINO
662776277;0320174;0301010072;CONSULTA EM PNEUMOLOGIA - GERAL;09028429603;BERNARDO MEDEIROS MAIA;15.05.2026;07:00;1;704004340999463;MARCELO ANTONIO DA SILVA;01.01.1976;50;606;TEREZA QUEVEDO DA SILVA;RUA;ARARAS;CASA;1918;FENIX;79490000;(67)99715-7955;SAO GABRIEL DO OESTE;500769;SAO GABRIEL DO OESTE;500769;6452116;CENTRO DE ESPECIALIDADES MEDICAS;M;17.04.2026;FERNANDACRISTINAALVES;17.04.2026;FERNANDACRISTINAALVES;10.00;CONFIRMADO;Z016;09028429603;BERNARDO MEDEIROS MAIA
662781239;0110002;0301010072;CONSULTA EM ORTOPEDIA - GERAL;04469955680;DANIEL ROCHA DO CARMO;11.05.2026;12:30;1;700806980457486;LUIS HENRIQUE SOUZA SILVA;20.09.2012;13;165;VIRLEI APARECIDA INACIO DE SOUZA;RUA;SANTO ANGELO;CASA;298;MILANI;79490000;(67)99902-5909;SAO GABRIEL DO OESTE;500769;SAO GABRIEL DO OESTE;500769;6452116;CENTRO DE ESPECIALIDADES MEDICAS;M;17.04.2026;CLEIDIANE_CEM;17.04.2026;CLEIDIANE_CEM;10.00;PENDENTE;M41;09028429603;BERNARDO MEDEIROS MAIA
662783904;0015001;0301010072;CONSULTA EM OFTALMOLOGIA GERAL;45183520097;JONI HILDOR SCHWEICKARDT;07.05.2026;16:00;0;702104703290596;MARIA JOSE DOS SANTOS DA SILVA;06.02.1987;39;473;JOSEFA DOS SANTOS DE MOURA;RUA;CURIO;CASA 04;1229;JARDIM GRAMADO;79491012;(67)99954-9769;SAO GABRIEL DO OESTE;500769;SAO GABRIEL DO OESTE;500769;3400964;UNIDADE DE SAUDE DA FAMILIA RURAL VII;F;17.04.2026;JESSICA_PINHEIRO;17.04.2026;JESSICA_PINHEIRO;10.00;CONFIRMADO;Z010;;RENNAN ORTIZ BUENO
662789920;0701224;0301010072;CONSULTA EM NEUROLOGIA - GERAL;22264073837;ANSELMO COSTA;26.05.2026;09:00;0;702104703290596;MARIA JOSE DOS SANTOS DA SILVA;06.02.1987;39;473;JOSEFA DOS SANTOS DE MOURA;RUA;CURIO;CASA 04;1229;JARDIM GRAMADO;79491012;(67)99954-9769;SAO GABRIEL DO OESTE;500769;SAO GABRIEL DO OESTE;500769;3400964;UNIDADE DE SAUDE DA FAMILIA RURAL VII;F;17.04.2026;JESSICA_PINHEIRO;17.04.2026;JESSICA_PINHEIRO;10.00;CONFIRMADO;Z000;;BERNARDO MEDEIROS MAIA
662793328;0110002;0301010072;CONSULTA EM ORTOPEDIA - GERAL;93393539191;RODOLFO FABIANO NIZ BAREIRO;14.05.2026;12:30;0;704602139486228;NILZA RODRIGUES DE OLIVEIRA;05.06.1999;27;325;SOLEIDE DOS SANTOS RODRIGUES;RUA;QUERO-QUERO 1/99998;;230;FENIX;79491058;(67)99988-6313;SAO GABRIEL DO OESTE;500769;SAO GABRIEL DO OESTE;500769;2370999;UNIDADE DE SAUDE DA FAMILIA FENIX IV;F;17.04.2026;GUSTAVO_PIAIA;17.04.2026;GUSTAVO_PIAIA;10.00;PENDENTE;M796;00703866176;ALCIDES EDUARDO EIBEL
662796172;0701224;0301010072;CONSULTA EM NEUROLOGIA - GERAL;22264073837;ANSELMO COSTA;26.05.2026;09:00;0;700006937680109;WIVIANE ALVES DE SOUZA NORBEQUE;17.12.1988;37;450;MARIA APARECIDA ALVES DE SOUZA;RUA;CEREJEIRA;;665;FLOR DO CERRADO;79490000;(67)99864-4964;SAO GABRIEL DO OESTE;500769;SAO GABRIEL DO OESTE;500769;7002084;UNIDADE DE SAUDE DA FAMILIA IX;F;17.04.2026;AMANDALUIZA_BIAZUS;17.04.2026;AMANDALUIZA_BIAZUS;10.00;PENDENTE;G632;06901507925;EVELYN KASSIA TUDISCO FERNANDES
662803286;0110002;0301010072;CONSULTA EM ORTOPEDIA - GERAL;93393539191;RODOLFO FABIANO NIZ BAREIRO;14.05.2026;14:00;0;708701163349295;ALICE BARBOSA MONTEIRO;07.03.1984;42;508;MADALENA INACIO MONTEIRO;AREA;ATOLADEIRA;;S/N;AREA RURAL DE SAO GABRIEL DO OESTE;79493899;(67)99618-6410;SAO GABRIEL DO OESTE;500769;SAO GABRIEL DO OESTE;500769;2370972;UNIDADE DE SAUDE DA FAMILIA MILANE II;F;17.04.2026;VANESSAMARTINS_AREADO;17.04.2026;VANESSAMARTINS_AREADO;10.00;PENDENTE;G560;83798633134;JOAO BAPTISTA BARBOSA SOUZA
662803927;0282081;0301010072;CONSULTA EM CIRURGIA GERAL;48047740172;EVA WILMA ABDO DOS SANTOS GUIMARAES;04.05.2026;12:30;1;702605231808445;BENEDITO FERNANDES DA SILVA;30.10.1971;54;656;JULIETA GUEDES DA SILVA;SITIO;ESTRELA DALVA;ASSENTAMENTO;220;ITAQUI;79490000;(67)99635-9088;SAO GABRIEL DO OESTE;500769;SAO GABRIEL DO OESTE;500769;6452116;CENTRO DE ESPECIALIDADES MEDICAS;M;17.04.2026;FERNANDACRISTINAALVES;17.04.2026;FERNANDACRISTINAALVES;10.00;PENDENTE;Z016;48047740172;EVA WILMA ABDO DOS SANTOS GUIMARAES
662809248;0110002;0301010072;CONSULTA EM ORTOPEDIA - GERAL;06302616603;ROMULO AMARAL TAFURI;20.05.2026;14:00;0;707606232045293;ELIZANDRA DE ASSIS GRACA;14.10.1985;40;488;MARINA RIBEIRO GRACA;RUA;CONDE DE PORTO ALEGRE;CASA;1108;MILANI;79490000;(67)99620-2345;SAO GABRIEL DO OESTE;500769;SAO GABRIEL DO OESTE;500769;6452116;CENTRO DE ESPECIALIDADES MEDICAS;F;17.04.2026;FERNANDACRISTINAALVES;17.04.2026;FERNANDACRISTINAALVES;10.00;PENDENTE;Z016;;MAYARA MELKE GUIMARAES
662811316;0110002;0301010072;CONSULTA EM ORTOPEDIA - GERAL;06302616603;ROMULO AMARAL TAFURI;20.05.2026;14:00;0;708605015098485;VILSON DOS SANTOS ANTUNES;02.08.1962;63;767;TEREZINHA DOS SANTOS ANTUNES;RUA;MINAS GERAIS;;2174;CENTRO;79490000;(67)9615-2696;SAO GABRIEL DO OESTE;500769;SAO GABRIEL DO OESTE;500769;6452116;CENTRO DE ESPECIALIDADES MEDICAS;M;17.04.2026;FERNANDACRISTINAALVES;17.04.2026;FERNANDACRISTINAALVES;10.00;PENDENTE;Z016;;MAIARA FLORES 
662814653;1712011;0211080055;ESPIROMETRIA;09028429603;BERNARDO MEDEIROS MAIA;14.05.2026;07:30;0;700006025781308;MARTA PEREIRA NUNES;30.01.1981;45;545;MARIA ELIZA DE OLIVEIRA;RUA;CAMBARA;;746;FLOR DO CERRADO;79490000;(67)99974-0091;SAO GABRIEL DO OESTE;500769;SAO GABRIEL DO OESTE;500769;6354265;CENTRAL DE REGULACAO DE SAO GABRIEL DO OESTE;F;17.04.2026;ELISANGELATEIXEIRA;07.05.2026;CLEIDIANE_REGULADOR;6.36;CONFIRMADO;J448;;BERNARDO MEDEIROS MAIA
662817322;0110002;0301010072;CONSULTA EM ORTOPEDIA - GERAL;93393539191;RODOLFO FABIANO NIZ BAREIRO;14.05.2026;14:00;0;700001437982101;ELITON BIAL FERREIRA;23.01.1998;28;341;MARCIA BIAL;RUA;PELICANOS 1/1465;;158;JARDIM GRAMADO;79491004;(67)99976-9442;SAO GABRIEL DO OESTE;500769;SAO GABRIEL DO OESTE;500769;2370980;UNIDADE DE SAUDE DA FAMILIA JARDIM GRAMADO I;M;17.04.2026;ELIANI_MOREIRA;17.04.2026;ELIANI_MOREIRA;10.00;PENDENTE;M545;01454652179;MAYARA MARIA MELKE GUIMARAES
662817410;0110002;0301010072;CONSULTA EM ORTOPEDIA - GERAL;00468987193;ARTHUR MARTINS DE ALMEIDA;19.05.2026;06:30;1;706007357356640;CLARA EMANUELY PERALTA;03.02.2018;08;101;FRANCISCA LIMA PERALTA;RUA;FRANCISCO MILANI;CASA1;1213;MILANI;79490000;(67)99689-7399;SAO GABRIEL DO OESTE;500769;SAO GABRIEL DO OESTE;500769;6452116;CENTRO DE ESPECIALIDADES MEDICAS;F;17.04.2026;FERNANDACRISTINAALVES;17.04.2026;FERNANDACRISTINAALVES;10.00;CONFIRMADO;Z016;00468987193;ARTHUR MARTINS DE ALMEIDA
662819722;0110002;0301010072;CONSULTA EM ORTOPEDIA - GERAL;04469955680;DANIEL ROCHA DO CARMO;25.05.2026;14:00;0;706908112165535;LORAINE BANDIERA DO CANTO DIONIZIO;07.08.2003;22;275;LUCIANE APARECIDA BANDIERA DO CANTO;FAZENDA;VITORIA;;S/N;RURAL;79490000;(67)99601-3593;SAO GABRIEL DO OESTE;500769;SAO GABRIEL DO OESTE;500769;6452116;CENTRO DE ESPECIALIDADES MEDICAS;F;17.04.2026;FERNANDACRISTINAALVES;17.04.2026;FERNANDACRISTINAALVES;10.00;PENDENTE;Z016;;PAULO FENELON
662838843;3516007;0301010072;CONSULTA EM UROLOGIA - GERAL;04349392181;ANTONIO AUGUSTO PALOMBO MENDES;07.05.2026;06:30;1;707004826747731;KETTY KETHLYN WIDELSKI;18.10.1994;31;380;NELCICLEIA BORBA WIDELSKI;RUA;N;CASA;304;CIDADE JARDIM;79490000;(67)98104-4506 / (67)3341-4312 / (42)99163-8909;SAO GABRIEL DO OESTE;500769;SAO GABRIEL DO OESTE;500769;6452116;CENTRO DE ESPECIALIDADES MEDICAS;F;17.04.2026;CLEIDIANE_CEM;17.04.2026;CLEIDIANE_CEM;10.00;PENDENTE;Z48;04349392181;ANTONIO AUGUSTO PALOMBO MENDES
662844508;0110002;0301010072;CONSULTA EM ORTOPEDIA - GERAL;00468987193;ARTHUR MARTINS DE ALMEIDA;19.05.2026;06:30;1;700004550885208;DILMARA ANGELA GUIMARAES CHICO;21.10.1966;59;716;OLANDINA DE OLIVEIRA GUIMARAES;AVENIDA;CAMPO GRANDE;;237;MILANI;79492086;(67)99994-7666;SAO GABRIEL DO OESTE;500769;SAO GABRIEL DO OESTE;500769;6452116;CENTRO DE ESPECIALIDADES MEDICAS;F;17.04.2026;FERNANDACRISTINAALVES;17.04.2026;FERNANDACRISTINAALVES;10.00;CONFIRMADO;Z016;00468987193;ARTHUR MARTINS DE ALMEIDA
662852767;0110002;0301010072;CONSULTA EM ORTOPEDIA - GERAL;00468987193;ARTHUR MARTINS DE ALMEIDA;19.05.2026;08:00;1;705005234464259;NOREMY CARLA ZONZINI LATTANZIO;22.01.1969;57;689;EMY ROCELLI ZONZINI;RUA;GOIAS;;1609;CENTRO;79490000;(44)98402-5737;SAO GABRIEL DO OESTE;500769;SAO GABRIEL DO OESTE;500769;6452116;CENTRO DE ESPECIALIDADES MEDICAS;F;17.04.2026;PATRICKMASIAGA;17.04.2026;PATRICKMASIAGA;10.00;CONFIRMADO;Z016;00034229175;FABIO MORAES DE JESUS
662863264;0110002;0301010072;CONSULTA EM ORTOPEDIA - GERAL;89074033172;ROGERIO PADOVANI TOFFOLI;29.05.2026;12:30;1;705009865245553;SANDRA MARIA LAURINDO DA SILVA;02.09.1969;56;682;ALICE BARBOSA SENA;RUA;PELICANOS;;1273;JARDIM GRAMDO;79490000;(67)99954-2784;SAO GABRIEL DO OESTE;500769;SAO GABRIEL DO OESTE;500769;6452116;CENTRO DE ESPECIALIDADES MEDICAS;F;17.04.2026;PATRICKMASIAGA;17.04.2026;PATRICKMASIAGA;10.00;PENDENTE;Z016;89074033172;ROGERIO PADOVANI TOFFOLI
662864476;0110002;0301010072;CONSULTA EM ORTOPEDIA - GERAL;89074033172;ROGERIO PADOVANI TOFFOLI;22.05.2026;12:30;1;704005386818861;BERNARDO GOMES;28.04.1976;50;602;SOTERA BRITES;RUA;FELINTO MULLER;CASA;297;MILANI;79490000;(67)99846-7879;SAO GABRIEL DO OESTE;500769;SAO GABRIEL DO OESTE;500769;6452116;CENTRO DE ESPECIALIDADES MEDICAS;M;17.04.2026;PATRICKMASIAGA;17.04.2026;PATRICKMASIAGA;10.00;CONFIRMADO;Z016;89074033172;ROGERIO PADOVANI TOFFOLI
662867028;0110002;0301010072;CONSULTA EM ORTOPEDIA - GERAL;89074033172;ROGERIO PADOVANI TOFFOLI;29.05.2026;12:30;1;709007871458718;EDIO GOMES BATISTA;01.11.1974;51;620;JOANA MOREIRA BATISTA;FAZENDA;GUARANI;;S/N;RURAL;79490000;(67)99938-3230 / (67)99938-3230;SAO GABRIEL DO OESTE;500769;SAO GABRIEL DO OESTE;500769;6452116;CENTRO DE ESPECIALIDADES MEDICAS;M;17.04.2026;PATRICKMASIAGA;17.04.2026;PATRICKMASIAGA;10.00;PENDENTE;Z016;89074033172;ROGERIO PADOVANI TOFFOLI
662869655;3516007;0301010072;CONSULTA EM UROLOGIA - GERAL;04349392181;ANTONIO AUGUSTO PALOMBO MENDES;07.05.2026;08:00;1;709203260542538;ANDERSON AUGUSTO LEME;11.10.1978;47;572;MARLI AUGUSTO LEME;RUA;TUIUIU;;393;JARDIM GRAMADO;79490000;(67)99628-3726;SAO GABRIEL DO OESTE;500769;SAO GABRIEL DO OESTE;500769;6452116;CENTRO DE ESPECIALIDADES MEDICAS;M;17.04.2026;PATRICKMASIAGA;17.04.2026;PATRICKMASIAGA;10.00;PENDENTE;Z016;04349392181;ANTONIO AUGUSTO PALOMBO MENDES
662871059;0110002;0301010072;CONSULTA EM ORTOPEDIA - GERAL;04469955680;DANIEL ROCHA DO CARMO;11.05.2026;14:00;1;707804638851511;ELIELSON JESUS DE OLIVEIRA;13.09.1982;43;525;CLARICE DE FATIMA OLIVEIRA;RUA;CANARIOS;;1163;JARDIM GRAMADO;79490000;(67)99997-3860;SAO GABRIEL DO OESTE;500769;SAO GABRIEL DO OESTE;500769;6452116;CENTRO DE ESPECIALIDADES MEDICAS;M;17.04.2026;PATRICKMASIAGA;17.04.2026;PATRICKMASIAGA;10.00;PENDENTE;Z016;00468987193;ARTHUR MARTINS DE ALMEIDA
662879052;0110002;0301010072;CONSULTA EM ORTOPEDIA - GERAL;89074033172;ROGERIO PADOVANI TOFFOLI;29.05.2026;14:00;1;707804664625515;HOG DE ALMEIDA LATTANZIO;11.04.1961;65;782;MARIA JOSE DE ALMEIDA LATTANZIO;RUA;GOIAS;CASA;1609;CENTRO;79490000;(44)99886-4800;SAO GABRIEL DO OESTE;500769;SAO GABRIEL DO OESTE;500769;6452116;CENTRO DE ESPECIALIDADES MEDICAS;M;17.04.2026;PATRICKMASIAGA;17.04.2026;PATRICKMASIAGA;10.00;PENDENTE;Z016;89074033172;ROGERIO PADOVANI TOFFOLI
662880575;0110002;0301010072;CONSULTA EM ORTOPEDIA - GERAL;89074033172;ROGERIO PADOVANI TOFFOLI;15.05.2026;12:30;0;703401175754000;DEBORA DOS SANTOS GOMES;25.05.1993;33;397;MARIA LEMES DOS SANTOS;RUA;PEDRO SEGATO;;449;LOTEAMENTO ABC;79490000;(67)99658-4175;SAO GABRIEL DO OESTE;500769;SAO GABRIEL DO OESTE;500769;6452116;CENTRO DE ESPECIALIDADES MEDICAS;F;17.04.2026;PATRICKMASIAGA;17.04.2026;PATRICKMASIAGA;10.00;PENDENTE;Z016;89074033172;ROGERIO PADOVANI TOFFOLI
662885261;0299008;0301010072;CONSULTA EM CIRURGIA VASCULAR – GERAL;70808015087;CELIO HELEGDA;06.05.2026;08:00;1;702806113940865;ELIANE FERREIRA DE LARA;04.10.1966;59;717;APARECIDA FERREIRA DE LARA;RUA;ANICETO DA COSTA RONDON;TB-ACS-DIANA;29;ALTO;79200000;(67)9652-9931;AQUIDAUANA;500110;SAO GABRIEL DO OESTE;500769;6452116;CENTRO DE ESPECIALIDADES MEDICAS;F;17.04.2026;CLEIDIANE_CEM;17.04.2026;CLEIDIANE_CEM;10.00;PENDENTE;Z00;70808015087;CELIO HELEGDA
662888183;2300004;0301010072;CONSULTA EM CARDIOLOGIA;98260570106;CLAUDIA REGINA DUARTE CAZZOLATO KHALIL;29.05.2026;07:30;0;706805232734624;ROSILDA TAVARES GOMES;11.02.1979;47;568;ANTONIA TAVARES GOMES;RUA;CURIO;;1311;JARDIM GRAMAO;79490000;(67)99675-5457;SAO GABRIEL DO OESTE;500769;SAO GABRIEL DO OESTE;500769;7002084;UNIDADE DE SAUDE DA FAMILIA IX;F;17.04.2026;AMANDALUIZA_BIAZUS;17.04.2026;AMANDALUIZA_BIAZUS;10.00;PENDENTE;R002;96040653191;PAULO FENELON MARINHO
662891974;0110002;0301010072;CONSULTA EM ORTOPEDIA - GERAL;89074033172;ROGERIO PADOVANI TOFFOLI;15.05.2026;12:30;0;700504133636554;LUCAS GABRIEL DOS SANTOS CARNEIRO;22.01.2000;26;317;EDILENE DOS SANTOS MORO;RUA;CURRUIRAS;;996;JG;79490000;(67)99962-2112 / (67)99958-3032;SAO GABRIEL DO OESTE;500769;SAO GABRIEL DO OESTE;500769;6452116;CENTRO DE ESPECIALIDADES MEDICAS;M;17.04.2026;PATRICKMASIAGA;17.04.2026;PATRICKMASIAGA;10.00;CONFIRMADO;Z016;89074033172;ROGERIO PADOVANI TOFFOLI
662892122;0015001;0301010072;CONSULTA EM OFTALMOLOGIA GERAL;45183520097;JONI HILDOR SCHWEICKARDT;07.05.2026;16:00;0;704700796743135;SUELI DE FATIMA FARIA;11.03.1966;60;723;ANTONIA MARIA DE FARIA;RUA;CURICACA;CASA;1742;CONJUNTO FENIX;79490000;(67)99681-6795;SAO GABRIEL DO OESTE;500769;SAO GABRIEL DO OESTE;500769;7002084;UNIDADE DE SAUDE DA FAMILIA IX;F;17.04.2026;AMANDALUIZA_BIAZUS;17.04.2026;AMANDALUIZA_BIAZUS;10.00;CONFIRMADO;H522;96040653191;PAULO FENELON MARINHO
662897532;0110002;0301010072;CONSULTA EM ORTOPEDIA - GERAL;89074033172;ROGERIO PADOVANI TOFFOLI;29.05.2026;12:30;0;704806596353540;MARIA DE FATIMA DOS SANTOS DA SILVA;18.04.1967;59;710;ALMIRA FERREIRA DOS SANTOS;RUA;I;CASA;373;CIDADE JARDIM;79490000;(67)99937-1638;SAO GABRIEL DO OESTE;500769;SAO GABRIEL DO OESTE;500769;6452116;CENTRO DE ESPECIALIDADES MEDICAS;F;17.04.2026;PATRICKMASIAGA;17.04.2026;PATRICKMASIAGA;10.00;PENDENTE;Z016;89074033172;ROGERIO PADOVANI TOFFOLI
662897657;0110002;0301010072;CONSULTA EM ORTOPEDIA - GERAL;00530001101;BRUNO PETINARI UMBELINO;18.05.2026;06:30;0;706405650077983;DEILDE FERNANDES VIEGAS;19.07.1960;65;791;LEONILDA VIERA DOS SANTOS;RUA;MINAS GERAIS 2400/99999;;2422;AMABILE MAFFISSONI;79490088;(67)99959-8073;SAO GABRIEL DO OESTE;500769;SAO GABRIEL DO OESTE;500769;2599376;UNIDADE DE SAUDE DA FAMILIA VI;F;17.04.2026;MARIANA_MARTINS;17.04.2026;MARIANA_MARTINS;10.00;PENDENTE;M775;06437691107;MAIARA FLORES SCARIOT
662898735;0110002;0301010072;CONSULTA EM ORTOPEDIA - GERAL;32389571808;RODOLFO PELISSARI ZAMBOLIN;21.05.2026;12:30;0;702600215444642;DANIEL CHIOZI FRANCA;19.10.2012;13;164;KAROLINE MARTINS CHIOZI FRANCA;AVENIDA;JUSCELINO KUBITSCHEK 1200/99998;;1776;PRIMO MAFFISSONI;79490306;(67)99962-6484;SAO GABRIEL DO OESTE;500769;SAO GABRIEL DO OESTE;500769;7333218;UNIDADE DE SAUDE DA FAMILIA X;M;17.04.2026;RAISSASILVALIMA;22.04.2026;VANIA_MARIANO;10.00;CONFIRMADO;M238;63805480172;CLEDSON PERETTI
662903812;0701224;0301010072;CONSULTA EM NEUROLOGIA - GERAL;22264073837;ANSELMO COSTA;26.05.2026;09:00;0;706806261257120;LUANA MORALIS SILVA;26.12.2002;23;282;LIZETE FREITAS MORALIS SILVA;RUA;JOAO EVANGELISTA ROSA;CASA 03;87;CENTRO;79490000;(67)99882-2453 / (67)99632-6562;SAO GABRIEL DO OESTE;500769;SAO GABRIEL DO OESTE;500769;2599376;UNIDADE DE SAUDE DA FAMILIA VI;F;17.04.2026;MARIANA_MARTINS;17.04.2026;MARIANA_MARTINS;10.00;CONFIRMADO;G43;06437691107;MAIARA FLORES SCARIOT
662905485;0110002;0301010072;CONSULTA EM ORTOPEDIA - GERAL;93393539191;RODOLFO FABIANO NIZ BAREIRO;14.05.2026;14:00;0;705008069168558;ZELIA FLORIANO DA COSTA;08.12.1941;84;1014;ABADIA JOSE FLORIANO DA SILVA;RUA;FRANCISCO MILANI;;825;MILANI;79492068;(67)99635-1028;SAO GABRIEL DO OESTE;500769;SAO GABRIEL DO OESTE;500769;2370972;UNIDADE DE SAUDE DA FAMILIA MILANE II;F;17.04.2026;FLAVIA_RODRIGUES;17.04.2026;FLAVIA_RODRIGUES;10.00;PENDENTE;M545;02453491113;MILENA GUEDIN VARGAS
662909079;0110002;0301010072;CONSULTA EM ORTOPEDIA - GERAL;00530001101;BRUNO PETINARI UMBELINO;18.05.2026;06:30;0;700002637131203;DIONE JOSE AMORIM DE LIMA;29.10.1985;40;488;MARIA CIRENIA RODRIGUES DE LIMA MARTINS;RUA;PIRATINI;;298;MILANI;79492098;(67)99809-8876;SAO GABRIEL DO OESTE;500769;SAO GABRIEL DO OESTE;500769;2370972;UNIDADE DE SAUDE DA FAMILIA MILANE II;M;17.04.2026;FLAVIA_RODRIGUES;17.04.2026;FLAVIA_RODRIGUES;10.00;PENDENTE;S978;02453491113;MILENA GUEDIN VARGAS
662915417;0701224;0301010072;CONSULTA EM NEUROLOGIA - GERAL;22264073837;ANSELMO COSTA;26.05.2026;12:00;0;703000831622678;JESSICA DA SILVA BEZERRA;22.01.1999;27;329;EDNA DA SILVA BEZERRA;RUA;SÃO PAULO;CASA 01;1836;CENTRO;79490009;(67)99949-9731 / (67)99683-6470;SAO GABRIEL DO OESTE;500769;SAO GABRIEL DO OESTE;500769;2370980;UNIDADE DE SAUDE DA FAMILIA JARDIM GRAMADO I;F;17.04.2026;ELIANI_MOREIRA;17.04.2026;ELIANI_MOREIRA;10.00;CONFIRMADO;Z000;01454652179;MAYARA MARIA MELKE GUIMARAES
662924387;0110002;0301010072;CONSULTA EM ORTOPEDIA - GERAL;89074033172;ROGERIO PADOVANI TOFFOLI;15.05.2026;12:30;0;708407250815667;JANIO ALVES DE SOUZA;04.04.1975;51;615;ANICE ALVES DE SOUZA;AVENIDA;CASTELO BRANCO;CASA;1021;CENTRO;79490000;(67)99642-6478 / (67)99905-8555;SAO GABRIEL DO OESTE;500769;SAO GABRIEL DO OESTE;500769;2599376;UNIDADE DE SAUDE DA FAMILIA VI;M;17.04.2026;MARIANA_MARTINS;17.04.2026;MARIANA_MARTINS;10.00;CONFIRMADO;S410;06437691107;MAIARA FLORES SCARIOT
662924647;0015001;0301010072;CONSULTA EM OFTALMOLOGIA GERAL;45183520097;JONI HILDOR SCHWEICKARDT;07.05.2026;16:00;0;708407250815667;JANIO ALVES DE SOUZA;04.04.1975;51;615;ANICE ALVES DE SOUZA;AVENIDA;CASTELO BRANCO;CASA;1021;CENTRO;79490000;(67)99642-6478 / (67)99905-8555;SAO GABRIEL DO OESTE;500769;SAO GABRIEL DO OESTE;500769;2599376;UNIDADE DE SAUDE DA FAMILIA VI;M;17.04.2026;MARIANA_MARTINS;17.04.2026;MARIANA_MARTINS;10.00;CONFIRMADO;Z010;06437691107;MAIARA FLORES SCARIOT
662929533;2300004;0301010072;CONSULTA EM CARDIOLOGIA;01110123175;ELY DONIZETH DE ASSIS JUNIOR;05.05.2026;06:30;1;708708156323398;CREUZA ROSA BILAIA DA SILVA;04.01.1958;68;822;MARIA ROSA DE ASSIS;RUA;CURIO;CASA 03;333;JARDIM GRAMADO;79491012;(67)99846-1521;SAO GABRIEL DO OESTE;500769;SAO GABRIEL DO OESTE;500769;6452116;CENTRO DE ESPECIALIDADES MEDICAS;F;17.04.2026;FERNANDACRISTINAALVES;17.04.2026;FERNANDACRISTINAALVES;10.00;PENDENTE;Z016;01110123175;ELY DONIZETH DE ASSIS JUNIOR
662929540;0110002;0301010072;CONSULTA EM ORTOPEDIA - GERAL;89074033172;ROGERIO PADOVANI TOFFOLI;15.05.2026;12:30;0;700809958336984;PAULO CESAR DA SILVA;05.09.1990;35;430;MARIA CELIA DA SILVA DIAS;RUA;AROEIRA;;363;SAO CRISTOVAO;79491190;(67)98178-6685;SAO GABRIEL DO OESTE;500769;SAO GABRIEL DO OESTE;500769;7002084;UNIDADE DE SAUDE DA FAMILIA IX;M;17.04.2026;AMANDALUIZA_BIAZUS;17.04.2026;AMANDALUIZA_BIAZUS;10.00;PENDENTE;G551;06901507925;EVELYN KASSIA TUDISCO FERNANDES
662931400;0701224;0301010072;CONSULTA EM NEUROLOGIA - GERAL;22264073837;ANSELMO COSTA;26.05.2026;12:00;0;700103926488917;ELEN DIANA GOMES PAIVA;04.03.1991;35;424;MARIA APARECIDA GOMES COELHO;AVENIDA;TUIUIU 1/1465;;1051;JARDIM GRAMADO;79491006;(67)99847-8204;SAO GABRIEL DO OESTE;500769;SAO GABRIEL DO OESTE;500769;2370980;UNIDADE DE SAUDE DA FAMILIA JARDIM GRAMADO I;F;17.04.2026;ELIANI_MOREIRA;17.04.2026;ELIANI_MOREIRA;10.00;PENDENTE;L63;01454652179;MAYARA MARIA MELKE GUIMARAES
662931576;2300004;0301010072;CONSULTA EM CARDIOLOGIA;98260570106;CLAUDIA REGINA DUARTE CAZZOLATO KHALIL;29.05.2026;07:30;0;700103926488917;ELEN DIANA GOMES PAIVA;04.03.1991;35;424;MARIA APARECIDA GOMES COELHO;AVENIDA;TUIUIU 1/1465;;1051;JARDIM GRAMADO;79491006;(67)99847-8204;SAO GABRIEL DO OESTE;500769;SAO GABRIEL DO OESTE;500769;2370980;UNIDADE DE SAUDE DA FAMILIA JARDIM GRAMADO I;F;17.04.2026;ELIANI_MOREIRA;17.04.2026;ELIANI_MOREIRA;10.00;PENDENTE;L10;01454652179;MAYARA MARIA MELKE GUIMARAES
662932224;3516007;0301010072;CONSULTA EM UROLOGIA - GERAL;04349392181;ANTONIO AUGUSTO PALOMBO MENDES;07.05.2026;08:00;0;704705769243539;NATHAN LUIZ CAMARGO DIEDRICH;08.12.2005;20;246;NEUZA APARECIDA CAMARGO FLORES PIRES;AVENIDA;SENADOR ANTONIO MENDES CANALE;BLOCO 1 AP 312;725;PIONEIROS;79070295;(67)3295-3607 / (67)99891-0002;CAMPO GRANDE;500270;SAO GABRIEL DO OESTE;500769;2599376;UNIDADE DE SAUDE DA FAMILIA VI;M;17.04.2026;MARIANA_MARTINS;17.04.2026;VANIA_MARIANO;10.00;CONFIRMADO;N481;06437691107;MAIARA FLORES SCARIOT
662933103;3516007;0301010072;CONSULTA EM UROLOGIA - GERAL;04349392181;ANTONIO AUGUSTO PALOMBO MENDES;07.05.2026;06:30;0;700005558723801;CREUZA LOPES DE SOUZA SANTOS;18.02.1960;66;796;ARLINDA RITA DE JESUS;FAZENDA;MODELO;;S/N;RURAL;79490000;(67)9952-3725;SAO GABRIEL DO OESTE;500769;SAO GABRIEL DO OESTE;500769;3400964;UNIDADE DE SAUDE DA FAMILIA RURAL VII;F;17.04.2026;JESSICA_MONTEIRO;17.04.2026;VANIA_MARIANO;10.00;PENDENTE;N359;00612619630;KALYNKA SILVIA HIGINO
662933931;3100048;0207020027;RESSONANCIA MAGNETICA DE COTOVELO DIREITO;00125300006;MEDICOS SUS;16.05.2026;06:00;0;700106978350420;FRANCISCO FREIRE DO NASCIMENTO;09.04.1956;70;842;CELCINA LUZIA DA CONCEICAO;RUA;RIO DE JANEIRO;;2000;CENTRO;79490000;(67)9945-5734;SAO GABRIEL DO OESTE;500769;SAO GABRIEL DO OESTE;500769;6354265;CENTRAL DE REGULACAO DE SAO GABRIEL DO OESTE;M;17.04.2026;CLEIDIANE_REGULACAO;14.05.2026;CLEIDIANE_REGULADOR;268.75;CONFIRMADO;M771;;NELSON BARBOSA TAVARES FILHO
662937531;0320174;0301010072;CONSULTA EM PNEUMOLOGIA - GERAL;09028429603;BERNARDO MEDEIROS MAIA;26.05.2026;14:00;0;702407044944725;LEDA VANIA CONCEICAO DA SILVA;22.10.1981;44;536;IVONE MARIA DA SILVA;RUA;SANTA MARIA;;8;MILANI;79492074;(67)99820-9444;SAO GABRIEL DO OESTE;500769;SAO GABRIEL DO OESTE;500769;2370972;UNIDADE DE SAUDE DA FAMILIA MILANE II;F;17.04.2026;FLAVIA_RODRIGUES;17.04.2026;FLAVIA_RODRIGUES;10.00;CONFIRMADO;Z000;02453491113;MILENA GUEDIN VARGAS
662941796;0701224;0301010072;CONSULTA EM NEUROLOGIA - GERAL;22264073837;ANSELMO COSTA;26.05.2026;12:00;0;708907772383519;NAYARA ROBERTA FERREIRA;06.06.1987;39;469;MARIA DE FATIMA FERREIRA;RUA;PIRATINI;;210;MILANI;79492098;(67)99830-4521 / (67)99815-9909;SAO GABRIEL DO OESTE;500769;SAO GABRIEL DO OESTE;500769;2370972;UNIDADE DE SAUDE DA FAMILIA MILANE II;F;17.04.2026;FLAVIA_RODRIGUES;17.04.2026;FLAVIA_RODRIGUES;10.00;CONFIRMADO;B582;;LAIS GARABINI VASCONCELLOS
663093370;3500304;0206030037;TOMOGRAFIA COMPUTADORIZADA  DE PELVE / BACIA/ ABDOMEN INFERIOR COM CONTRASTE ;00125300006;MEDICOS SUS;14.05.2026;07:15;0;700406409048441;ELVINO KNOLL;23.03.1953;73;879;FRIDA KNOLL;RUA;JOAO DE ALMEIDA SAMPAIO;;669;JARDIM GRAMADO;79490000;(67)99929-2024;SAO GABRIEL DO OESTE;500769;SAO GABRIEL DO OESTE;500769;6354265;CENTRAL DE REGULACAO DE SAO GABRIEL DO OESTE;M;21.04.2026;CLEIDIANE_REGULACAO;08.05.2026;CLEIDIANE_REGULADOR;138.63;PENDENTE;C20;;FABIO MORAES DE JESUS
663093370;3500075;0206020031;TOMOGRAFIA COMPUTADORIZADA DO TORAX COM CONTRASTE;00125300006;MEDICOS SUS;14.05.2026;07:15;0;700406409048441;ELVINO KNOLL;23.03.1953;73;879;FRIDA KNOLL;RUA;JOAO DE ALMEIDA SAMPAIO;;669;JARDIM GRAMADO;79490000;(67)99929-2024;SAO GABRIEL DO OESTE;500769;SAO GABRIEL DO OESTE;500769;6354265;CENTRAL DE REGULACAO DE SAO GABRIEL DO OESTE;M;21.04.2026;CLEIDIANE_REGULACAO;08.05.2026;CLEIDIANE_REGULADOR;136.41;PENDENTE;C20;;FABIO MORAES DE JESUS
663093370;3500063;0206030010;TOMOGRAFIA COMPUTADORIZADA DO ABDOMEN SUPERIOR COM CONTRASTE;00125300006;MEDICOS SUS;14.05.2026;07:15;0;700406409048441;ELVINO KNOLL;23.03.1953;73;879;FRIDA KNOLL;RUA;JOAO DE ALMEIDA SAMPAIO;;669;JARDIM GRAMADO;79490000;(67)99929-2024;SAO GABRIEL DO OESTE;500769;SAO GABRIEL DO OESTE;500769;6354265;CENTRAL DE REGULACAO DE SAO GABRIEL DO OESTE;M;21.04.2026;CLEIDIANE_REGULACAO;08.05.2026;CLEIDIANE_REGULADOR;138.63;PENDENTE;C20;;FABIO MORAES DE JESUS
663095813;3100953;0207030022;RESSONANCIA MAGNETICA DE BACIA / PELVE / ABDOMEN INFERIOR;00125300006;MEDICOS SUS;15.05.2026;11:00;0;700401498454446;VALDIRENE BERNARDO DE OLIVEIRA SOUZA;01.03.1980;46;556;JOSEFA JULIA DA CONCEICAO;RUA;ERNESTO BORGES;DISTRITO;S/N;AREADO;79490000;(67)99662-8032;SAO GABRIEL DO OESTE;500769;SAO GABRIEL DO OESTE;500769;6354265;CENTRAL DE REGULACAO DE SAO GABRIEL DO OESTE;F;21.04.2026;ELISANGELATEIXEIRA;13.05.2026;CLEIDIANE_REGULADOR;268.75;CONFIRMADO;N800;;MARIA FERNANDA DIAS BASILIO
663096437;3100004;0207010030;RESSONANCIA MAGNETICA DE COLUNA CERVICAL                    ;00125300006;MEDICOS SUS;16.05.2026;06:00;0;702804654032766;LEOMIR ROGERIO PIVETTA;12.06.1983;43;516;EUGENIA KNOP PIVETTA;RUA;HILARIO NICARETTA;;2006;PRIMO MAFFISSONI;79490000;(67)98104-1143;SAO GABRIEL DO OESTE;500769;SAO GABRIEL DO OESTE;500769;6354265;CENTRAL DE REGULACAO DE SAO GABRIEL DO OESTE;M;21.04.2026;JULIOCESAR_SAOGABRIEL;14.05.2026;CLEIDIANE_REGULADOR;268.75;CONFIRMADO;M511;;DANIEL ROCHA DO CARMO
663097802;3100030;0207030030;RESSONANCIA MAGNETICA DO JOELHO ESQUERDO;00125300006;MEDICOS SUS;16.05.2026;06:00;0;702400593244025;RAQUEL DA SILVA SOARES;22.05.1998;28;337;IRACILDA DA SILVA MOISES;RUA;RIO DE JANEIRO;CASA;2441;CENTRO;79490000;(67)98635-8700 / (69)99377-3461;SAO GABRIEL DO OESTE;500769;SAO GABRIEL DO OESTE;500769;6354265;CENTRAL DE REGULACAO DE SAO GABRIEL DO OESTE;F;21.04.2026;CLEIDIANE_REGULACAO;14.05.2026;CLEIDIANE_REGULADOR;268.75;CONFIRMADO;M233;;NELSON BARBOSA TAVARES FILHO
663097951;3100006;0207010056;RESSONANCIA MAGNETICA DE COLUNA TORACICA                    ;00125300006;MEDICOS SUS;30.05.2026;06:00;0;700106944512916;PABLO ALVES DA SILVA;03.09.1996;29;358;SILVANA ALVES DE SOUZA;RUA;UIRAPURU;;455;JARDIM GRAMADO;79490000;(67)9837-1169;SAO GABRIEL DO OESTE;500769;SAO GABRIEL DO OESTE;500769;6354265;CENTRAL DE REGULACAO DE SAO GABRIEL DO OESTE;M;21.04.2026;ELISANGELATEIXEIRA;26.05.2026;CLEIDIANE_REGULADOR;268.75;CONFIRMADO;M54;;DANIEL ROCHA DO CARMO
663098504;3100031;0207030030;RESSONANCIA MAGNETICA DO JOELHO DIREITO;00125300006;MEDICOS SUS;25.05.2026;13:00;0;708102598645536;ROMILDA ARRUDA PINTO;07.12.1972;53;643;SEGUNDA DE ARRUDA PINTO;RUA;CEREJEIRA;;646;FLOR DO CERRADO;79490000;(67)99918-2489 / (67)99905-7350;SAO GABRIEL DO OESTE;500769;SAO GABRIEL DO OESTE;500769;6354265;CENTRAL DE REGULACAO DE SAO GABRIEL DO OESTE;F;21.04.2026;CLEIDIANE_REGULACAO;20.05.2026;CLEIDIANE_REGULADOR;268.75;CONFIRMADO;M233;;NELSON BARBOSA TAVARES FILHO
663098533;3100034;0207010064;RESSONANCIA MAGNETICA DE CRANIO;00125300006;MEDICOS SUS;29.05.2026;13:00;0;700604470976864;MARLEI VIEIRA DE SOUZA;17.08.1965;60;730;MARIA DIAS DE SOUZA;AVENIDA;SAO FRANCISCO;;2915;CENTRO;79490000;(67)99927-0605;SAO GABRIEL DO OESTE;500769;SAO GABRIEL DO OESTE;500769;6354265;CENTRAL DE REGULACAO DE SAO GABRIEL DO OESTE;F;21.04.2026;ELIETE_SAOGABRIEL;27.05.2026;CLEIDIANE_REGULADOR;268.75;CONFIRMADO;I64;65742103653;SOLICITANTE_SAO GABRIEL DO OESTE
663098658;3100027;0207020027;RESSONANCIA MAGNETICA DE OMBRO DIREITO;00125300006;MEDICOS SUS;16.05.2026;06:00;0;707001813567435;JAQUELINE FRANCISCA DE OLIVEIRA AMARAL;14.04.1968;58;698;MARIA HELENA DE OLIVEIRA;RUA;RIO DE JANEIRO;CASA;1653;CENTRO;79490000;(67)99803-5968;SAO GABRIEL DO OESTE;500769;SAO GABRIEL DO OESTE;500769;6354265;CENTRAL DE REGULACAO DE SAO GABRIEL DO OESTE;F;21.04.2026;JULIOCESAR_SAOGABRIEL;14.05.2026;CLEIDIANE_REGULADOR;268.75;CONFIRMADO;M751;;ROMULO AMARAL TAFURI
663099590;3100004;0207010030;RESSONANCIA MAGNETICA DE COLUNA CERVICAL                    ;00125300006;MEDICOS SUS;05.05.2026;13:00;0;700009793871304;SALETE SCHMIDT DA SILVA;26.08.1982;43;526;LUZIA DA SILVA;RUA;CAMBARA;;431;JARDIM GRAMADO;79490000;(67)99940-9632;SAO GABRIEL DO OESTE;500769;SAO GABRIEL DO OESTE;500769;6354265;CENTRAL DE REGULACAO DE SAO GABRIEL DO OESTE;F;21.04.2026;ELISANGELATEIXEIRA;30.04.2026;VANIA_MARIANO;268.75;CONFIRMADO;M508;;DANIEL ROCHA DO CARMO
663100221;3100027;0207020027;RESSONANCIA MAGNETICA DE OMBRO DIREITO;00125300006;MEDICOS SUS;30.05.2026;06:00;0;706009311533045;JOANA BATISTA BORGES DA SILVA;18.02.1956;70;844;MARIA FERNANDES BORGES;AVENIDA;A;;277;CIDADE JARDIM;79492134;(67)99614-1049;SAO GABRIEL DO OESTE;500769;SAO GABRIEL DO OESTE;500769;6354265;CENTRAL DE REGULACAO DE SAO GABRIEL DO OESTE;F;21.04.2026;JULIOCESAR_SAOGABRIEL;25.05.2026;CLEIDIANE_REGULADOR;268.75;CONFIRMADO;M751;;ROGERIO PADOVANI TOFFOLI
663121935;0320174;0301010072;CONSULTA EM PNEUMOLOGIA - GERAL;09028429603;BERNARDO MEDEIROS MAIA;21.05.2026;13:00;1;708604117522390;JOAO MOREL MORAES;08.04.1976;50;602;FRANCISCA MOREL MORAES;RUA;MATA FRESCA;;180;MOTODROMO;79480000;(67)99649-4963;RIO VERDE DE MATO GROSSO;500740;SAO GABRIEL DO OESTE;500769;6452116;CENTRO DE ESPECIALIDADES MEDICAS;M;22.04.2026;FERNANDACRISTINAALVES;22.04.2026;VANIA_MARIANO;10.00;PENDENTE;Z016;09028429603;BERNARDO MEDEIROS MAIA
663125498;0299008;0301010072;CONSULTA EM CIRURGIA VASCULAR – GERAL;70808015087;CELIO HELEGDA;20.05.2026;06:30;1;706305700963370;SERGIO DA SILVA;14.03.1950;76;915;MARIA FERREIRA DA SILVA;RUA;TICO TICO;CASA;239;FENIX;79490000;(67)99962-1415;SAO GABRIEL DO OESTE;500769;SAO GABRIEL DO OESTE;500769;6452116;CENTRO DE ESPECIALIDADES MEDICAS;M;22.04.2026;FERNANDACRISTINAALVES;22.04.2026;VANIA_MARIANO;10.00;PENDENTE;Z016;70808015087;CELIO HELEGDA
663125719;0110002;0301010072;CONSULTA EM ORTOPEDIA - GERAL;00530001101;BRUNO PETINARI UMBELINO;18.05.2026;08:00;0;703003851382179;MARILSE STOPASSOLI;26.04.1978;48;578;VILMA MARCON STOPASSOLI;RUA;MARIA SEVERO;;1995;PRIMO MAFFISSONI;79490000;(67)99657-9617;SAO GABRIEL DO OESTE;500769;SAO GABRIEL DO OESTE;500769;6452116;CENTRO DE ESPECIALIDADES MEDICAS;F;22.04.2026;PATRICKMASIAGA;22.04.2026;PATRICKMASIAGA;10.00;PENDENTE;Z016;08418818123;PATRICK RICHARD ARGUELHO MASIAGA
663126249;0110002;0301010072;CONSULTA EM ORTOPEDIA - GERAL;00530001101;BRUNO PETINARI UMBELINO;18.05.2026;08:00;0;705007818075351;GABRIELA STOPASSOLI CUSTODIO;12.07.2004;21;263;MARILSE STOPASSOLI;RUA;MARIA SEVERO;;1995;PRIMO MAFFISSONI;79490000;(67)9659-9587;SAO GABRIEL DO OESTE;500769;SAO GABRIEL DO OESTE;500769;6452116;CENTRO DE ESPECIALIDADES MEDICAS;F;22.04.2026;PATRICKMASIAGA;22.04.2026;PATRICKMASIAGA;10.00;PENDENTE;Z016;94777241149;NELSON BARBOSA TAVARES FILHO
663128141;0282081;0301010072;CONSULTA EM CIRURGIA GERAL;48047740172;EVA WILMA ABDO DOS SANTOS GUIMARAES;04.05.2026;12:30;1;706007869273647;NARA ALICE RODRIGUES CAMPOS;06.10.1994;31;381;MARIA APARECIDA DA SILVA;RUA;ANHUMAS;;1594;JARDIM GRAMADO;79490000;(61)3315-2425;SAO GABRIEL DO OESTE;500769;SAO GABRIEL DO OESTE;500769;6452116;CENTRO DE ESPECIALIDADES MEDICAS;F;22.04.2026;FERNANDACRISTINAALVES;22.04.2026;FERNANDACRISTINAALVES;10.00;PENDENTE;Z016;01110123175;ELY DONIZETH DE ASSIS JUNIOR
663130059;0110002;0301010072;CONSULTA EM ORTOPEDIA - GERAL;04469955680;DANIEL ROCHA DO CARMO;25.05.2026;14:00;0;705002280026150;JOSE MESSIAS DA SILVA;21.07.1966;59;719;FRANCISCA DA SILVA;RUA;PELICANOS;;1169;JARDIM GRAMADO;79490000;(67)99642-4611;SAO GABRIEL DO OESTE;500769;SAO GABRIEL DO OESTE;500769;6452116;CENTRO DE ESPECIALIDADES MEDICAS;M;22.04.2026;PATRICKMASIAGA;22.04.2026;PATRICKMASIAGA;10.00;CONFIRMADO;Z016;04469955680;DANIEL ROCHA DO CARMO
663134560;2300004;0301010072;CONSULTA EM CARDIOLOGIA;01110123175;ELY DONIZETH DE ASSIS JUNIOR;05.05.2026;06:30;1;700205919241724;SONIA MONTEIRO DE SOUZA;05.03.1975;51;616;JUSTINA DE SOUZA MONTEIRO;RUA;CEREJEIRA;;655;SÃO CRISTÓVÃO;79490000;(67)9933-4626;SAO GABRIEL DO OESTE;500769;SAO GABRIEL DO OESTE;500769;6452116;CENTRO DE ESPECIALIDADES MEDICAS;F;22.04.2026;CLEIDIANE_CEM;22.04.2026;CLEIDIANE_CEM;10.00;PENDENTE;Z489;;VANIA GOMES MARIANO
663134817;2300004;0301010072;CONSULTA EM CARDIOLOGIA;01110123175;ELY DONIZETH DE ASSIS JUNIOR;05.05.2026;06:30;1;709209275078331;MAIRIS SUBTIL DOS SANTOS;29.04.1950;76;914;MARIA SUBTIL DOS SANTOS;RUA;PAPAGAIO;CASA 670/1;670;JARDIM GRAMADO;79491032;(67)98224-7557 / (67)99890-4809;SAO GABRIEL DO OESTE;500769;SAO GABRIEL DO OESTE;500769;6452116;CENTRO DE ESPECIALIDADES MEDICAS;F;22.04.2026;FERNANDACRISTINAALVES;22.04.2026;FERNANDACRISTINAALVES;10.00;PENDENTE;Z016;01110123175;ELY DONIZETH DE ASSIS JUNIOR
663135070;2300004;0301010072;CONSULTA EM CARDIOLOGIA;01110123175;ELY DONIZETH DE ASSIS JUNIOR;05.05.2026;07:30;1;708400787783869;GILDA PEREIRA DOS SANTOS;01.02.1972;54;653;SARA RODRIGUES PEREIRA;RUA;RIO DE JANEIRO;;694;CENTRO;79490000;(67)9925-2207;SAO GABRIEL DO OESTE;500769;SAO GABRIEL DO OESTE;500769;6452116;CENTRO DE ESPECIALIDADES MEDICAS;F;22.04.2026;CLEIDIANE_CEM;22.04.2026;CLEIDIANE_CEM;10.00;PENDENTE;Z489;;VANIA GOMES MARIANO
663135327;0110002;0301010072;CONSULTA EM ORTOPEDIA - GERAL;89074033172;ROGERIO PADOVANI TOFFOLI;15.05.2026;14:00;0;709207278029933;ADRIANA TEREZA DA ROSA;08.08.1976;49;598;NADIR FORTES DA ROSA;RUA;K;;534;CIDADE JARDIM;79492136;(67)99693-9255;SAO GABRIEL DO OESTE;500769;SAO GABRIEL DO OESTE;500769;6452116;CENTRO DE ESPECIALIDADES MEDICAS;F;22.04.2026;PATRICKMASIAGA;22.04.2026;PATRICKMASIAGA;10.00;CONFIRMADO;Z016;89074033172;ROGERIO PADOVANI TOFFOLI
663139028;0110002;0301010072;CONSULTA EM ORTOPEDIA - GERAL;04469955680;DANIEL ROCHA DO CARMO;25.05.2026;14:00;0;706802794669520;VITORIA GABRIELA SCHERER SCHMITT;15.10.2008;17;212;DIRCE SERLI SCHMITT DE SCHERER;RUA;MENOTTI DEL PICCHIA;CASA-1;1053;JARDIM ALVORADA;79490000;(67)99677-6822;SAO GABRIEL DO OESTE;500769;SAO GABRIEL DO OESTE;500769;7333218;UNIDADE DE SAUDE DA FAMILIA X;F;22.04.2026;RAISSASILVALIMA;22.04.2026;RAISSASILVALIMA;10.00;CONFIRMADO;M54;;LUIZ LACERDA
663141901;2300004;0301010072;CONSULTA EM CARDIOLOGIA;01110123175;ELY DONIZETH DE ASSIS JUNIOR;06.05.2026;07:30;1;702802139179866;TALISON VINICIUS BARBOSA DE FREITAS;26.01.2012;14;173;LUCILENE LEITE BARBOSA;RUA;AZULAO;;1135;CONJ FENIX;79490000;(67)99933-6091;SAO GABRIEL DO OESTE;500769;SAO GABRIEL DO OESTE;500769;6452116;CENTRO DE ESPECIALIDADES MEDICAS;M;22.04.2026;CLEIDIANE_CEM;22.04.2026;CLEIDIANE_CEM;10.00;PENDENTE;Z489;;VANIA GOMES MARIANO
663143647;2300004;0301010072;CONSULTA EM CARDIOLOGIA;01110123175;ELY DONIZETH DE ASSIS JUNIOR;05.05.2026;07:30;1;708606097465887;DAVID ALEXANDRINO DOS SANTOS;21.08.1950;75;910;MARIA DA CONCEICAO;RUA;GAIVOTAS;;1112;JARDIM GRAMADO;79490000;(67)9903-1933;SAO GABRIEL DO OESTE;500769;SAO GABRIEL DO OESTE;500769;6452116;CENTRO DE ESPECIALIDADES MEDICAS;M;22.04.2026;FERNANDACRISTINAALVES;22.04.2026;FERNANDACRISTINAALVES;10.00;PENDENTE;Z016;01110123175;ELY DONIZETH DE ASSIS JUNIOR
663144717;0110002;0301010072;CONSULTA EM ORTOPEDIA - GERAL;04469955680;DANIEL ROCHA DO CARMO;25.05.2026;12:30;1;706503326459393;MARIA SONIA DOS SANTOS;17.03.1959;67;807;ELIZEUDA MARTINS DIAS;RUA;GAIVOTAS;;1112;GRAMADO;79490000;(67)99904-1996;SAO GABRIEL DO OESTE;500769;SAO GABRIEL DO OESTE;500769;6452116;CENTRO DE ESPECIALIDADES MEDICAS;F;22.04.2026;FERNANDACRISTINAALVES;22.04.2026;FERNANDACRISTINAALVES;10.00;CONFIRMADO;Z016;04469955680;DANIEL ROCHA DO CARMO
663145403;0015001;0301010072;CONSULTA EM OFTALMOLOGIA GERAL;45183520097;JONI HILDOR SCHWEICKARDT;07.05.2026;16:00;0;706402114550184;LAIANY PEREIRA DOS SANTOS;30.03.2026;00;3;ELUANA PEREIRA RODRIGUES;AREA;FAZENDA MONTE AZUL;;S/N;AREA RURAL DE SAO GABRIEL DO OESTE;79493899;(67)99655-4251;SAO GABRIEL DO OESTE;500769;SAO GABRIEL DO OESTE;500769;6452116;CENTRO DE ESPECIALIDADES MEDICAS;F;22.04.2026;PATRICKMASIAGA;22.04.2026;PATRICKMASIAGA;10.00;CONFIRMADO;Z016;;CLODOALDO SABINO
663157601;0110002;0301010072;CONSULTA EM ORTOPEDIA - GERAL;04469955680;DANIEL ROCHA DO CARMO;18.05.2026;12:30;1;707001809274232;MARIA LUCIA BORHRER;27.01.1954;72;869;EROTIDES GERMAN DORHRER;RUA;FRANCISCO MILANI;CASA;868;MILANI;79490000;(67)99634-1830;SAO GABRIEL DO OESTE;500769;SAO GABRIEL DO OESTE;500769;6452116;CENTRO DE ESPECIALIDADES MEDICAS;F;22.04.2026;FERNANDACRISTINAALVES;22.04.2026;FERNANDACRISTINAALVES;10.00;PENDENTE;Z016;04469955680;DANIEL ROCHA DO CARMO
663165142;0110002;0301010072;CONSULTA EM ORTOPEDIA - GERAL;89074033172;ROGERIO PADOVANI TOFFOLI;15.05.2026;14:00;0;708401270293369;ROBERTO DA SILVA FERREIRA;17.02.1988;38;460;MARIA DA SILVA DIVINO;RUA;DOS PARDAIS 1/99998;;995;FENIX;79491064;(67)99879-3790;SAO GABRIEL DO OESTE;500769;SAO GABRIEL DO OESTE;500769;2370999;UNIDADE DE SAUDE DA FAMILIA FENIX IV;M;22.04.2026;GUSTAVO_PIAIA;22.04.2026;GUSTAVO_PIAIA;10.00;CONFIRMADO;R522;96245646120;RAFAELLA MARIA COSTA GOIS DE FIGUEIREDO
663168022;2300004;0301010072;CONSULTA EM CARDIOLOGIA;01110123175;ELY DONIZETH DE ASSIS JUNIOR;13.05.2026;07:30;1;703403435349900;VITORIO EISING;05.04.1954;72;867;IDA MEURER EISING;RUA;CURIO;CASA;879;JARDIM GRAMADO;79490000;(67)99678-4072;SAO GABRIEL DO OESTE;500769;SAO GABRIEL DO OESTE;500769;6452116;CENTRO DE ESPECIALIDADES MEDICAS;M;22.04.2026;PATRICKMASIAGA;22.04.2026;PATRICKMASIAGA;10.00;PENDENTE;Z016;01110123175;ELY DONIZETH DE ASSIS JUNIOR
663169615;0110002;0301010072;CONSULTA EM ORTOPEDIA - GERAL;32389571808;RODOLFO PELISSARI ZAMBOLIN;21.05.2026;14:00;0;704609677490321;ANGELICA EISING;26.06.1959;67;804;IDALINA MEURER;RUA;CURIO;CASA;879;JARDIM GRAMADO;79490000;(67)99922-6962;SAO GABRIEL DO OESTE;500769;SAO GABRIEL DO OESTE;500769;6452116;CENTRO DE ESPECIALIDADES MEDICAS;F;22.04.2026;PATRICKMASIAGA;22.04.2026;PATRICKMASIAGA;10.00;PENDENTE;Z016;32389571808;RODOLFO PELISSARI ZAMBOLIN
663171747;0320003;0211020036;ELETROCARDIOGRAMA;01110123175;ELY DONIZETH DE ASSIS JUNIOR;29.05.2026;14:00;0;703104687282790;MARIA EDUARDA ROMEIRO DADONA;10.05.2002;24;289;LINDALVA ROMEIRO DE FREITAS;RUA;CURICACA;;485;JG;79490000;(67)99850-8152;SAO GABRIEL DO OESTE;500769;SAO GABRIEL DO OESTE;500769;6452116;CENTRO DE ESPECIALIDADES MEDICAS;F;22.04.2026;FERNANDACRISTINAALVES;22.04.2026;FERNANDACRISTINAALVES;5.15;PENDENTE;Z016;;LUCINALDO BASSO
663172632;3500022;0206020031;TOMOGRAFIA COMPUTADORIZADA DO TORAX SEM CONTRASTE;00125300006;MEDICOS SUS;06.05.2026;07:30;0;705006655852353;ANTONIO SASSET DETONI;12.07.1945;80;971;ROSALINA SASSET DETONI;RUA;ESPIRITO SANTO;;2479;CENTRO;79490000;(67)99959-3844;SAO GABRIEL DO OESTE;500769;SAO GABRIEL DO OESTE;500769;6354265;CENTRAL DE REGULACAO DE SAO GABRIEL DO OESTE;M;22.04.2026;CLEIDIANE_REGULACAO;02.05.2026;CLEIDIANE_REGULADOR;136.41;PENDENTE;J441;;BERNARDO MEDEIROS MAIA
663179036;3500023;0206010060;TOMOGRAFIA COMPUTADORIZADA  DE CRANIO SEM CONTRASTE;00125300006;MEDICOS SUS;04.05.2026;07:15;0;701000836486393;DORALICE BATISTA RIBEIRO;20.07.1950;75;911;BALBINA BATISTA DE JESUS;;;;;;;(67)99674-7010;;;SAO GABRIEL DO OESTE;500769;6354265;CENTRAL DE REGULACAO DE SAO GABRIEL DO OESTE;F;22.04.2026;CLEIDIANE_REGULACAO;30.04.2026;CLEIDIANE_REGULADOR;97.44;CONFIRMADO;I64;;ANSELMO COSTA
663181123;0320003;0211020036;ELETROCARDIOGRAMA;01110123175;ELY DONIZETH DE ASSIS JUNIOR;04.05.2026;08:00;0;700009022418809;VANDERLEI ROQUE DEVISE;08.04.1969;57;686;VANDA MATIEVICZ DEVISE;RUA;GOIAS;;2411;CENTRO;79490000;(67)99945-7365;SAO GABRIEL DO OESTE;500769;SAO GABRIEL DO OESTE;500769;2599376;UNIDADE DE SAUDE DA FAMILIA VI;M;22.04.2026;MARIANA_MARTINS;22.04.2026;MARIANA_MARTINS;5.15;PENDENTE;R94;;CLAUDIA REGINA
663183374;2300004;0301010072;CONSULTA EM CARDIOLOGIA;98260570106;CLAUDIA REGINA DUARTE CAZZOLATO KHALIL;08.05.2026;06:30;1;704607132770227;VALDIR ALVINO KREUTZ;06.12.1952;73;883;MARIA AMALIA KREUTZ;AVENIDA;SAO FRANCISCO;;709;CENTRO;79490000;(67)3295-2076;SAO GABRIEL DO OESTE;500769;SAO GABRIEL DO OESTE;500769;6452116;CENTRO DE ESPECIALIDADES MEDICAS;M;22.04.2026;FERNANDACRISTINAALVES;22.04.2026;FERNANDACRISTINAALVES;10.00;CONFIRMADO;Z016;98260570106;CLAUDIA REGINA DUARTE CAZZOLATO KHALIL
663184553;0015001;0301010072;CONSULTA EM OFTALMOLOGIA GERAL;45183520097;JONI HILDOR SCHWEICKARDT;14.05.2026;16:00;0;700108415349320;MARCIO DA SILVA KESSLER;17.03.1987;39;471;SUELI DA SILVA KESSLER;FAZENDA;BELA MIRAGEM;;S/N;RURAL;79490000;(67)9667-7188;SAO GABRIEL DO OESTE;500769;SAO GABRIEL DO OESTE;500769;6354265;CENTRAL DE REGULACAO DE SAO GABRIEL DO OESTE;M;22.04.2026;CLEIDIANE_SAOGABRIEL;22.04.2026;CLEIDIANE_SAOGABRIEL;10.00;CONFIRMADO;Z010;;SANDRA GABAN
663187142;0110002;0301010072;CONSULTA EM ORTOPEDIA - GERAL;06302616603;ROMULO AMARAL TAFURI;13.05.2026;12:30;1;704203290029587;ATEVALTE DOS SANTOS DE NOVAES;21.09.1981;44;537;MARIA ANTONIA DOS SANTOS;RUA;CURIO;;970;JARDIM GRAMADO;79490000;(67)99959-0144;SAO GABRIEL DO OESTE;500769;SAO GABRIEL DO OESTE;500769;6452116;CENTRO DE ESPECIALIDADES MEDICAS;M;22.04.2026;PATRICKMASIAGA;22.04.2026;PATRICKMASIAGA;10.00;PENDENTE;Z016;08418818123;PATRICK RICHARD ARGUELHO MASIAGA
663191493;0110002;0301010072;CONSULTA EM ORTOPEDIA - GERAL;89074033172;ROGERIO PADOVANI TOFFOLI;15.05.2026;14:00;0;706105813832230;RUTE ALVES FORTES;30.05.1949;77;925;CARMINDA MORAIS ALVES;RUA;AGERSON JORGE SENA;;130;CORONEL MARIANO;79480000;(67)99657-9996 / (67)99827-2541 / (67)99827-2541;RIO VERDE DE MATO GROSSO;500740;SAO GABRIEL DO OESTE;500769;2370964;UNIDADE DE SAUDE DA FAMILIA III;F;22.04.2026;ANACLAUDIA_NOGUEIRA;22.04.2026;ANACLAUDIA_NOGUEIRA;10.00;CONFIRMADO;M75;02611833974;HUDSON PERES DORIGAO BELISARIO DE SOUZA
663195699;0110002;0301010072;CONSULTA EM ORTOPEDIA - GERAL;89074033172;ROGERIO PADOVANI TOFFOLI;15.05.2026;14:00;0;703208666816594;FABIANO APARECIDO MORAES FREITAS;17.10.1982;43;524;MARIA APARECIDA FONSECA;RUA;DAS ANHUMAS;;791;JARDIM GRAMADO;79491016;(67)99296-1956 / (67)99981-3026;SAO GABRIEL DO OESTE;500769;SAO GABRIEL DO OESTE;500769;5971055;UNIDADE DE SAUDE DA FAMILIA VIII;M;22.04.2026;JESSICAPADILHA;22.04.2026;JESSICAPADILHA;10.00;PENDENTE;M51;;RENNAN ORTIZ BUENO
663199623;3500917;0206010036;TOMOGRAFIA COMPUTADORIZADA DE COLUNA TORACICA;00125300006;MEDICOS SUS;29.05.2026;07:15;0;700503525801459;ERIONE RIBEIRO PINTO SILVA;27.10.1989;36;440;MARIA RIBEIRO PINTO;RUA;GREGORIANA;CASA019;333;PRIMO MAFFISSONI;79490000;(67)99885-8852 / (67)99863-9291;SAO GABRIEL DO OESTE;500769;SAO GABRIEL DO OESTE;500769;6354265;CENTRAL DE REGULACAO DE SAO GABRIEL DO OESTE;F;22.04.2026;CLEIDIANE_REGULACAO;26.05.2026;CLEIDIANE_REGULADOR;86.76;CONFIRMADO;M546;;EVELYN KASSIA TUDISCO FERNANDES
663207739;0320003;0211020036;ELETROCARDIOGRAMA;01110123175;ELY DONIZETH DE ASSIS JUNIOR;04.05.2026;08:00;0;700206490925322;APARECIDA DE FATIMA VIEIRA WERNECK;04.04.1966;60;723;APARECIDA CORREA VIEIRA;RUA;RIO DE JANEIRO;;2520;CENTRO;79490000;(67)99948-6364;SAO GABRIEL DO OESTE;500769;SAO GABRIEL DO OESTE;500769;2599376;UNIDADE DE SAUDE DA FAMILIA VI;F;22.04.2026;MARIANA_MARTINS;22.04.2026;MARIANA_MARTINS;5.15;PENDENTE;R943;;RODOLFO FABIANO
663208801;3500022;0206020031;TOMOGRAFIA COMPUTADORIZADA DO TORAX SEM CONTRASTE;00125300006;MEDICOS SUS;04.05.2026;07:15;0;708406760380866;FERNANDES LEMES DA SILVA;11.02.1938;88;1060;ROSALINA LEMES DA SILVA;RUA;SANTA ANA;;97;MILANI;79492090;(67)99633-6957;SAO GABRIEL DO OESTE;500769;SAO GABRIEL DO OESTE;500769;6354265;CENTRAL DE REGULACAO DE SAO GABRIEL DO OESTE;M;22.04.2026;CLEIDIANE_REGULACAO;30.04.2026;CLEIDIANE_REGULADOR;136.41;CONFIRMADO;I48;;ELY DONIZETH DE ASSIS JUNIOR
663210186;0701224;0301010072;CONSULTA EM NEUROLOGIA - GERAL;22264073837;ANSELMO COSTA;27.05.2026;07:00;0;708508381256874;NISIANE COLETTO DE OLIVEIRA SILVEIRA;07.01.1980;46;558;DELMIRA COLETTO DE OLIVEIRA;RUA;PELICANOS;;474;JARDIM GRAMADO;79490000;(67)9804-4046;SAO GABRIEL DO OESTE;500769;SAO GABRIEL DO OESTE;500769;3400964;UNIDADE DE SAUDE DA FAMILIA RURAL VII;F;22.04.2026;DULCINEIA_MOCCELIN;22.04.2026;DULCINEIA_MOCCELIN;10.00;CONFIRMADO;G43;02453491113;MILENA GUEDIN VARGAS
663211479;2300004;0301010072;CONSULTA EM CARDIOLOGIA;01110123175;ELY DONIZETH DE ASSIS JUNIOR;25.05.2026;06:30;1;700206405498428;EDGAR TEODORO DE SOUZA;29.08.1980;45;550;ERNESTINA TEODORA DA CUNHA;RUA;RIO DE JANEIRO;;2909;AMABILE MAFISSONI;79490000;(67)99911-9320;SAO GABRIEL DO OESTE;500769;SAO GABRIEL DO OESTE;500769;6452116;CENTRO DE ESPECIALIDADES MEDICAS;M;22.04.2026;FERNANDACRISTINAALVES;22.04.2026;FERNANDACRISTINAALVES;10.00;PENDENTE;Z016;01110123175;ELY DONIZETH DE ASSIS JUNIOR
663212374;0320174;0301010072;CONSULTA EM PNEUMOLOGIA - GERAL;09028429603;BERNARDO MEDEIROS MAIA;15.05.2026;08:00;1;709800046836692;KELLY CRISTINA SILVA BARBOSA;24.05.1971;55;661;CECILIA SANTANA DA SILVA;TRAVESSA;RICARDO FRANCO;;726;MILANI;79492078;(67)99175-2387;SAO GABRIEL DO OESTE;500769;SAO GABRIEL DO OESTE;500769;6452116;CENTRO DE ESPECIALIDADES MEDICAS;F;22.04.2026;PATRICKMASIAGA;22.04.2026;PATRICKMASIAGA;10.00;CONFIRMADO;Z016;08418818123;PATRICK RICHARD ARGUELHO MASIAGA
663216041;0110002;0301010072;CONSULTA EM ORTOPEDIA - GERAL;04469955680;DANIEL ROCHA DO CARMO;25.05.2026;14:00;0;702408095299828;ILIANE DE FATIMA SANTANA;30.07.1975;50;611;ELZA SANTANA;RUA;JOAO EVANGELISTA ROSA;CASA 1;418;CENTRO;79490000;(67)3295-1848 / (67)99975-4627;SAO GABRIEL DO OESTE;500769;SAO GABRIEL DO OESTE;500769;6452116;CENTRO DE ESPECIALIDADES MEDICAS;F;22.04.2026;PATRICKMASIAGA;22.04.2026;PATRICKMASIAGA;10.00;PENDENTE;Z016;08418818123;PATRICK RICHARD ARGUELHO MASIAGA
663218467;3516007;0301010072;CONSULTA EM UROLOGIA - GERAL;04349392181;ANTONIO AUGUSTO PALOMBO MENDES;07.05.2026;08:00;1;703204679560298;LUIZ HENRIQUE MAROCCO;13.01.1991;35;425;ELIZABETE MARIA MAROCCO;RUA;PERNAMBUCO;;862;CENTRO;79490000;(67)3295-2112 / (67)9626-3089;SAO GABRIEL DO OESTE;500769;SAO GABRIEL DO OESTE;500769;6452116;CENTRO DE ESPECIALIDADES MEDICAS;M;22.04.2026;PATRICKMASIAGA;22.04.2026;PATRICKMASIAGA;10.00;PENDENTE;Z016;04349392181;ANTONIO AUGUSTO PALOMBO MENDES
663227850;0320174;0301010072;CONSULTA EM PNEUMOLOGIA - GERAL;09028429603;BERNARDO MEDEIROS MAIA;19.05.2026;13:00;1;702307139168219;DIEGO ANANIAS DE MELO;03.04.1993;33;399;ELIANE ANANIAS;RUA;SANTA MARIA;CASA;23;MILANI;79490000;(67)99963-8648;SAO GABRIEL DO OESTE;500769;SAO GABRIEL DO OESTE;500769;6452116;CENTRO DE ESPECIALIDADES MEDICAS;M;22.04.2026;PATRICKMASIAGA;22.04.2026;PATRICKMASIAGA;10.00;CONFIRMADO;Z016;09028429603;BERNARDO MEDEIROS MAIA
663231345;0110002;0301010072;CONSULTA EM ORTOPEDIA - GERAL;04469955680;DANIEL ROCHA DO CARMO;25.05.2026;12:30;1;703609050972431;SEBASTIANA VIEIRA MOURA;13.07.1967;58;707;EMILIA VIEIRA MOURA;RUA;GAIVOTAS;;1982;CONJUNTO FENIX;79490000;(67)9671-3257 / (67)99671-3257;SAO GABRIEL DO OESTE;500769;SAO GABRIEL DO OESTE;500769;6452116;CENTRO DE ESPECIALIDADES MEDICAS;F;22.04.2026;PATRICKMASIAGA;22.04.2026;PATRICKMASIAGA;10.00;CONFIRMADO;Z016;08418818123;PATRICK RICHARD ARGUELHO MASIAGA
663235742;0110002;0301010072;CONSULTA EM ORTOPEDIA - GERAL;00530001101;BRUNO PETINARI UMBELINO;18.05.2026;08:00;0;707009877025436;ROSINEI AJALA FERNANDES;21.02.1985;41;496;ROSALINA AJALA;AVENIDA;A;;498;CIDADE JARDIM;79492134;(67)99895-9790;SAO GABRIEL DO OESTE;500769;SAO GABRIEL DO OESTE;500769;6452116;CENTRO DE ESPECIALIDADES MEDICAS;F;22.04.2026;PATRICKMASIAGA;22.04.2026;PATRICKMASIAGA;10.00;PENDENTE;Z016;08418818123;PATRICK RICHARD ARGUELHO MASIAGA
663238628;0110002;0301010072;CONSULTA EM ORTOPEDIA - GERAL;04469955680;DANIEL ROCHA DO CARMO;18.05.2026;12:30;1;702000769783490;CLEMILDA ROBERTO DA SILVA;11.10.1964;61;740;PRECILA ROBERTO;RUA;PELICANOS;;1543;JARDIM GRAMADO;79490000;(67)99634-3276;SAO GABRIEL DO OESTE;500769;SAO GABRIEL DO OESTE;500769;6452116;CENTRO DE ESPECIALIDADES MEDICAS;F;22.04.2026;PATRICKMASIAGA;22.04.2026;PATRICKMASIAGA;10.00;CONFIRMADO;Z016;08418818123;PATRICK RICHARD ARGUELHO MASIAGA
663240153;3500023;0206010060;TOMOGRAFIA COMPUTADORIZADA  DE CRANIO SEM CONTRASTE;00125300006;MEDICOS SUS;19.05.2026;07:15;0;707606234292794;IRENI RODRIGUES DE ARANTES;22.08.1946;79;958;ALEXANDRINA LUIZ ARANTES;RUA;CANARIOS;;1397;JARDIM GRAMADO;79490000;(67)99625-4821;SAO GABRIEL DO OESTE;500769;SAO GABRIEL DO OESTE;500769;6354265;CENTRAL DE REGULACAO DE SAO GABRIEL DO OESTE;F;22.04.2026;CLEIDIANE_REGULACAO;18.05.2026;CLEIDIANE_REGULADOR;97.44;PENDENTE;A881;;ANSELMO COSTA
663242125;3500022;0206020031;TOMOGRAFIA COMPUTADORIZADA DO TORAX SEM CONTRASTE;00125300006;MEDICOS SUS;06.05.2026;07:45;0;702902581525978;JOSE OLIVEIRA DE PAULA;31.08.1943;82;994;HILDA OLIVEIRA DE PAULA;RUA;PIRATINI;;284;MILANI;79492098;(67)99651-0417;SAO GABRIEL DO OESTE;500769;SAO GABRIEL DO OESTE;500769;6354265;CENTRAL DE REGULACAO DE SAO GABRIEL DO OESTE;M;22.04.2026;CLEIDIANE_REGULACAO;02.05.2026;CLEIDIANE_REGULADOR;136.41;PENDENTE;J448;;BERNARDO MEDEIROS MAIA
663242790;0110002;0301010072;CONSULTA EM ORTOPEDIA - GERAL;04469955680;DANIEL ROCHA DO CARMO;18.05.2026;14:00;0;703001817179674;JESIEL RAMOS SANTOS;23.10.1985;40;488;ESTELITA RAMOS SANTOS;RUA;IPE;;354;JARDIM GRAMADO;79490000;(67)99630-5164;SAO GABRIEL DO OESTE;500769;SAO GABRIEL DO OESTE;500769;7002084;UNIDADE DE SAUDE DA FAMILIA IX;M;22.04.2026;AMANDALUIZA_BIAZUS;22.04.2026;AMANDALUIZA_BIAZUS;10.00;PENDENTE;M545;01415181110;ANGELA BENITES
663242964;0110002;0301010072;CONSULTA EM ORTOPEDIA - GERAL;00530001101;BRUNO PETINARI UMBELINO;18.05.2026;08:00;0;708702191197896;MELISSA ELOA GUARESMA FERREIRA;10.09.2015;10;129;GRAZIELI PATRICIA GUARESMA;RUA;E;;364;CIDADE JARDIM;79492122;(67)99212-2283;SAO GABRIEL DO OESTE;500769;SAO GABRIEL DO OESTE;500769;2370972;UNIDADE DE SAUDE DA FAMILIA MILANE II;F;22.04.2026;FLAVIA_RODRIGUES;22.04.2026;FLAVIA_RODRIGUES;10.00;PENDENTE;M545;83798633134;JOAO BAPTISTA BARBOSA SOUZA
663243604;3500022;0206020031;TOMOGRAFIA COMPUTADORIZADA DO TORAX SEM CONTRASTE;00125300006;MEDICOS SUS;08.05.2026;07:15;0;704200290116886;JOAO RODRIGUES BARCELOS;05.08.1935;90;1091;ANTONIA BARCELOS;RUA;EUGENIO FERREIRA DA CUNHA;;1120;JARDIM PRIMAVERA;79490000;(67)99959-0811 / (67)99682-2681;SAO GABRIEL DO OESTE;500769;SAO GABRIEL DO OESTE;500769;6354265;CENTRAL DE REGULACAO DE SAO GABRIEL DO OESTE;M;22.04.2026;CLEIDIANE_REGULACAO;02.05.2026;CLEIDIANE_REGULADOR;136.41;CONFIRMADO;J449;;BERNARDO MEDEIROS MAIA
663244329;0110002;0301010072;CONSULTA EM ORTOPEDIA - GERAL;06302616603;ROMULO AMARAL TAFURI;13.05.2026;12:30;1;700403101457050;ELZA MARIA DA SILVA;16.03.1964;62;747;TEREZA CRAVINO DA SILVA;RUA;ARARAS;CASA;1989;FENIX;79490000;(67)99634-5199;SAO GABRIEL DO OESTE;500769;SAO GABRIEL DO OESTE;500769;6452116;CENTRO DE ESPECIALIDADES MEDICAS;F;22.04.2026;PATRICKMASIAGA;22.04.2026;PATRICKMASIAGA;10.00;PENDENTE;Z016;06302616603;ROMULO AMARAL TAFURI
663244904;2300004;0301010072;CONSULTA EM CARDIOLOGIA;01110123175;ELY DONIZETH DE ASSIS JUNIOR;06.05.2026;06:30;1;700403101457050;ELZA MARIA DA SILVA;16.03.1964;62;747;TEREZA CRAVINO DA SILVA;RUA;ARARAS;CASA;1989;FENIX;79490000;(67)99634-5199;SAO GABRIEL DO OESTE;500769;SAO GABRIEL DO OESTE;500769;6452116;CENTRO DE ESPECIALIDADES MEDICAS;F;22.04.2026;PATRICKMASIAGA;22.04.2026;PATRICKMASIAGA;10.00;PENDENTE;Z016;01110123175;ELY DONIZETH DE ASSIS JUNIOR
663250719;0701224;0301010072;CONSULTA EM NEUROLOGIA - GERAL;22264073837;ANSELMO COSTA;26.05.2026;12:00;0;703302292646710;EDSON GONCALVES DOMINGUES;04.11.1984;41;500;ALZIRA GONCALVES;RUA;TANGARA;;856;FENIX;79491106;(67)99832-5982;SAO GABRIEL DO OESTE;500769;SAO GABRIEL DO OESTE;500769;2370999;UNIDADE DE SAUDE DA FAMILIA FENIX IV;M;22.04.2026;GUSTAVO_PIAIA;22.04.2026;GUSTAVO_PIAIA;10.00;CONFIRMADO;I638;00703866176;ALCIDES EDUARDO EIBEL
663254054;3500023;0206010060;TOMOGRAFIA COMPUTADORIZADA  DE CRANIO SEM CONTRASTE;00125300006;MEDICOS SUS;28.05.2026;07:15;0;708905775186011;LUIZ AUGUSTO ARRUDA MONTEIRO DE ANDRADE;15.12.2016;09;114;VIVIANE ARRUDA MONTEIRO;RUA;OSORIO RODRIGUES DA SILVA;;669;PRIMO MAFFISSONI;79490000;(67)99860-0884;SAO GABRIEL DO OESTE;500769;SAO GABRIEL DO OESTE;500769;6354265;CENTRAL DE REGULACAO DE SAO GABRIEL DO OESTE;M;22.04.2026;CLEIDIANE_REGULACAO;26.05.2026;CLEIDIANE_REGULADOR;97.44;CONFIRMADO;R51;;ANSELMO COSTA
663278069;0320174;0301010072;CONSULTA EM PNEUMOLOGIA - GERAL;09028429603;BERNARDO MEDEIROS MAIA;19.05.2026;14:00;1;700306936644033;IVANIR GUARESMA;27.03.1977;49;591;LILITA GUARESMA;RUA;JOAO RIBEIRO GUIMARAES;;69;JARDIM PRIMAVERA;79490000;(67)99667-5843;SAO GABRIEL DO OESTE;500769;SAO GABRIEL DO OESTE;500769;6452116;CENTRO DE ESPECIALIDADES MEDICAS;F;22.04.2026;FERNANDACRISTINAALVES;22.04.2026;FERNANDACRISTINAALVES;10.00;CONFIRMADO;Z016;09028429603;BERNARDO MEDEIROS MAIA
663278632;0110002;0301010072;CONSULTA EM ORTOPEDIA - GERAL;32389571808;RODOLFO PELISSARI ZAMBOLIN;07.05.2026;12:30;1;708601090062987;ISABELE GUARESMA DE LIMA;13.08.2003;22;274;IVANIR GUARESMA;RUA;JOAO RIBEIRO GUIMARAES;;69;PRIMAVERA;79490000;(67)99667-5843;SAO GABRIEL DO OESTE;500769;SAO GABRIEL DO OESTE;500769;6452116;CENTRO DE ESPECIALIDADES MEDICAS;F;22.04.2026;FERNANDACRISTINAALVES;22.04.2026;FERNANDACRISTINAALVES;10.00;PENDENTE;Z016;32389571808;RODOLFO PELISSARI ZAMBOLIN
663281300;0299008;0301010072;CONSULTA EM CIRURGIA VASCULAR – GERAL;70808015087;CELIO HELEGDA;13.05.2026;06:30;1;700000933533904;LIRIA DE FATIMA DA SILVA RICHTER;08.10.1964;61;740;ORAIDE DA SILVA RICHTER;RUA;CURIO;;806;JARDIM GRAMADO;79490000;(67)9949-7099 / (67)99949-7099;SAO GABRIEL DO OESTE;500769;SAO GABRIEL DO OESTE;500769;6452116;CENTRO DE ESPECIALIDADES MEDICAS;F;22.04.2026;FERNANDACRISTINAALVES;22.04.2026;FERNANDACRISTINAALVES;10.00;CONFIRMADO;Z016;70808015087;CELIO HELEGDA
663296439;0110002;0301010072;CONSULTA EM ORTOPEDIA - GERAL;00468987193;ARTHUR MARTINS DE ALMEIDA;26.05.2026;06:30;1;702902521598375;LEILA CRISTINA DE CAMPOS;10.06.1974;52;624;JUDITE FRANCISCA DA SILVA;RUA;ANTONIO LAMBERT;CASA;1847;JG;79490000;(67)99820-5908;SAO GABRIEL DO OESTE;500769;SAO GABRIEL DO OESTE;500769;6452116;CENTRO DE ESPECIALIDADES MEDICAS;F;22.04.2026;FERNANDACRISTINAALVES;22.04.2026;FERNANDACRISTINAALVES;10.00;PENDENTE;Z016;00468987193;ARTHUR MARTINS DE ALMEIDA
663297573;2300004;0301010072;CONSULTA EM CARDIOLOGIA;01110123175;ELY DONIZETH DE ASSIS JUNIOR;06.05.2026;07:30;1;706901115310130;SALVADORA ARGUELHO FERRO;22.03.1958;68;819;SARTONINA GONCALVES;RUA;JOSE ANTONIO;CASA;239;PIRACEMA;79400000;(67)99892-6070;COXIM;500330;SAO GABRIEL DO OESTE;500769;6452116;CENTRO DE ESPECIALIDADES MEDICAS;F;22.04.2026;FERNANDACRISTINAALVES;22.04.2026;FERNANDACRISTINAALVES;10.00;PENDENTE;Z016;01110123175;ELY DONIZETH DE ASSIS JUNIOR
663314612;1712011;0211080055;ESPIROMETRIA;09028429603;BERNARDO MEDEIROS MAIA;14.05.2026;07:30;0;702502765434340;GUILHERME FERRAREZI ZANONI;01.04.2015;11;135;ETINAN LIMA FERRAREZI;RUA;PELICANOS;;1465;JARDIM GRAMADO;79490000;(67)99868-3465;SAO GABRIEL DO OESTE;500769;SAO GABRIEL DO OESTE;500769;2370980;UNIDADE DE SAUDE DA FAMILIA JARDIM GRAMADO I;M;22.04.2026;ELIANI_MOREIRA;07.05.2026;CLEIDIANE_REGULADOR;6.36;CONFIRMADO;Z00;;STELLA ARRUDA MIRANDA CARNEIRO
663316693;0110002;0301010072;CONSULTA EM ORTOPEDIA - GERAL;06302616603;ROMULO AMARAL TAFURI;20.05.2026;14:00;0;703602094070437;HELENA DOS SANTOS ALVES NUNES;16.09.1966;59;717;MARIA GALDINA DOS SANTOS ALVES;AVENIDA;CASTELO BRANCO 1200/1998;;1120;JARDIM PRIMAVERA;79490120;(67)99942-3046;SAO GABRIEL DO OESTE;500769;SAO GABRIEL DO OESTE;500769;2599376;UNIDADE DE SAUDE DA FAMILIA VI;F;22.04.2026;MARIANA_MARTINS;22.04.2026;MARIANA_MARTINS;10.00;PENDENTE;S710;06437691107;MAIARA FLORES SCARIOT
663318028;0110002;0301010072;CONSULTA EM ORTOPEDIA - GERAL;04469955680;DANIEL ROCHA DO CARMO;18.05.2026;14:00;1;704708785712931;TEREZINHA CONCEICAO DA SILVA;12.09.1953;72;873;SALVIANA DIAS DA CONCEICAO;RUA;JURITI;CASA;82;JARDIM GRAMADO;79490000;(67)9957-8328;SAO GABRIEL DO OESTE;500769;SAO GABRIEL DO OESTE;500769;6452116;CENTRO DE ESPECIALIDADES MEDICAS;F;22.04.2026;FERNANDACRISTINAALVES;22.04.2026;FERNANDACRISTINAALVES;10.00;PENDENTE;Z00;04469955680;DANIEL ROCHA DO CARMO
663322127;0110002;0301010072;CONSULTA EM ORTOPEDIA - GERAL;00468987193;ARTHUR MARTINS DE ALMEIDA;26.05.2026;08:00;1;709209248264235;MONIQUE BARBOSA;23.08.2013;12;154;EDINALVA BARBOSA DO NASCIMENTO;RUA;GAIVOTAS;CASA;1932;FENIX;79490000;(67)99605-6045;SAO GABRIEL DO OESTE;500769;SAO GABRIEL DO OESTE;500769;6452116;CENTRO DE ESPECIALIDADES MEDICAS;F;22.04.2026;PATRICKMASIAGA;22.04.2026;PATRICKMASIAGA;10.00;CONFIRMADO;Z016;00468987193;ARTHUR MARTINS DE ALMEIDA
663329948;0110002;0301010072;CONSULTA EM ORTOPEDIA - GERAL;00468987193;ARTHUR MARTINS DE ALMEIDA;19.05.2026;08:00;0;700004888586807;APARECIDA FABIANA TALAVEIRA;05.07.1986;40;480;NELI DE FARIAS TALAVEIRA;RUA;FENIX;;1457;FENIX;79491110;(67)99816-0140;SAO GABRIEL DO OESTE;500769;SAO GABRIEL DO OESTE;500769;2370999;UNIDADE DE SAUDE DA FAMILIA FENIX IV;F;22.04.2026;GUSTAVO_PIAIA;22.04.2026;GUSTAVO_PIAIA;10.00;CONFIRMADO;M773;96245646120;RAFAELLA MARIA COSTA GOIS DE FIGUEIREDO
663330375;0015001;0301010072;CONSULTA EM OFTALMOLOGIA GERAL;45183520097;JONI HILDOR SCHWEICKARDT;07.05.2026;16:00;0;700004888586807;APARECIDA FABIANA TALAVEIRA;05.07.1986;40;480;NELI DE FARIAS TALAVEIRA;RUA;FENIX;;1457;FENIX;79491110;(67)99816-0140;SAO GABRIEL DO OESTE;500769;SAO GABRIEL DO OESTE;500769;2370999;UNIDADE DE SAUDE DA FAMILIA FENIX IV;F;22.04.2026;GUSTAVO_PIAIA;22.04.2026;GUSTAVO_PIAIA;10.00;CONFIRMADO;Z010;96245646120;RAFAELLA MARIA COSTA GOIS DE FIGUEIREDO
663335129;2300004;0301010072;CONSULTA EM CARDIOLOGIA;98260570106;CLAUDIA REGINA DUARTE CAZZOLATO KHALIL;15.05.2026;13:00;1;702803129920564;OSWALDO DOS SANTOS FERNANDES;16.03.1962;64;771;NAIR BERNADO FERNANDES;RUA;CURIO;CASA 2;996;JARDIM GRAMADO;79491012;(66)99600-7228;SAO GABRIEL DO OESTE;500769;SAO GABRIEL DO OESTE;500769;6452116;CENTRO DE ESPECIALIDADES MEDICAS;M;22.04.2026;FERNANDACRISTINAALVES;22.04.2026;FERNANDACRISTINAALVES;10.00;CONFIRMADO;Z016;98260570106;CLAUDIA REGINA DUARTE CAZZOLATO KHALIL
663341598;0110002;0301010072;CONSULTA EM ORTOPEDIA - GERAL;00530001101;BRUNO PETINARI UMBELINO;04.05.2026;06:30;1;700505319931050;INES FLORENTINO COSTA;11.07.1979;46;563;SANDRA ROCHTASCHEL DA SILVA;RUA;SANTA CATARINA;;2580;CENTRO;79490000;(44)99811-4639;SAO GABRIEL DO OESTE;500769;SAO GABRIEL DO OESTE;500769;6452116;CENTRO DE ESPECIALIDADES MEDICAS;F;22.04.2026;FERNANDACRISTINAALVES;22.04.2026;VANIA_MARIANO;10.00;PENDENTE;Z016;00530001101;BRUNO PETINARI UMBELINO
663346845;0110002;0301010072;CONSULTA EM ORTOPEDIA - GERAL;00468987193;ARTHUR MARTINS DE ALMEIDA;19.05.2026;08:00;0;706202505605361;ANIVERSIL FERREIRA DO CARMO;11.10.1950;75;908;ERNESTINA FERREIRA CARMO;RUA;ACRE;;833;CENTRO;79490000;(67)9932-1601;SAO GABRIEL DO OESTE;500769;SAO GABRIEL DO OESTE;500769;2591359;UNIDADE DE SAUDE DA FAMILIA V;M;22.04.2026;CHRISTIANEHELEN_FREITAS;22.04.2026;CHRISTIANEHELEN_FREITAS;10.00;CONFIRMADO;M23;04796956107;JULIANA DA ROCHA PEREIRA MENEZES
663348407;0110002;0301010072;CONSULTA EM ORTOPEDIA - GERAL;32389571808;RODOLFO PELISSARI ZAMBOLIN;21.05.2026;12:30;0;700004293893606;SALETE BOMBARDA;07.06.1965;61;733;PIERINA DAL PRA BOMBARDA;RUA;CURIO;CASA;615;JARDIM GRAMADO;79490000;(67)99935-7455;SAO GABRIEL DO OESTE;500769;SAO GABRIEL DO OESTE;500769;6452116;CENTRO DE ESPECIALIDADES MEDICAS;F;22.04.2026;FERNANDACRISTINAALVES;22.04.2026;FERNANDACRISTINAALVES;10.00;CONFIRMADO;Z016;06302616603;ROMULO AMARAL TAFURI
663350432;0110002;0301010072;CONSULTA EM ORTOPEDIA - GERAL;04469955680;DANIEL ROCHA DO CARMO;18.05.2026;12:30;0;700004293893606;SALETE BOMBARDA;07.06.1965;61;733;PIERINA DAL PRA BOMBARDA;RUA;CURIO;CASA;615;JARDIM GRAMADO;79490000;(67)99935-7455;SAO GABRIEL DO OESTE;500769;SAO GABRIEL DO OESTE;500769;6452116;CENTRO DE ESPECIALIDADES MEDICAS;F;22.04.2026;FERNANDACRISTINAALVES;22.04.2026;VANIA_MARIANO;10.00;CONFIRMADO;Z016;06302616603;ROMULO AMARAL TAFURI
663355753;0110002;0301010072;CONSULTA EM ORTOPEDIA - GERAL;06302616603;ROMULO AMARAL TAFURI;13.05.2026;14:00;1;707801622487111;IARA JOSE SEVERO SOARES;19.09.1961;64;777;MARIA MARCELINO SEVERO;RUA;ARAÇA;;366;FLOR DO CERRADO;79490000;(67)99612-6037;SAO GABRIEL DO OESTE;500769;SAO GABRIEL DO OESTE;500769;6452116;CENTRO DE ESPECIALIDADES MEDICAS;F;22.04.2026;PATRICKMASIAGA;22.04.2026;PATRICKMASIAGA;10.00;PENDENTE;Z016;06302616603;ROMULO AMARAL TAFURI
663359383;0015001;0301010072;CONSULTA EM OFTALMOLOGIA GERAL;45183520097;JONI HILDOR SCHWEICKARDT;07.05.2026;16:00;0;700506776541752;CLEOMIR DE LIMA ROTEL MACHADO;28.01.1989;37;449;EVA PEREIRA DE LIMA;RUA;RIO DE JANEIRO 2400/99999;;2448;AMABILE MAFFISSONI;79490102;(67)99655-7692;SAO GABRIEL DO OESTE;500769;SAO GABRIEL DO OESTE;500769;2599376;UNIDADE DE SAUDE DA FAMILIA VI;M;22.04.2026;MARIANA_MARTINS;22.04.2026;MARIANA_MARTINS;10.00;PENDENTE;Z010;06437691107;MAIARA FLORES SCARIOT
663362816;0701224;0301010072;CONSULTA EM NEUROLOGIA - GERAL;22264073837;ANSELMO COSTA;06.05.2026;07:00;0;700206439878525;PEDRO AUGUSTO FAUSTINO ROBERTO SOARES;04.07.2003;23;276;REGIA ADRIANA FERREIRA;AVENIDA;CASTELO BRANCO;CASA;1871;PRIMO MAFFISSONI;79490000;(67)99982-9233;SAO GABRIEL DO OESTE;500769;SAO GABRIEL DO OESTE;500769;7333218;UNIDADE DE SAUDE DA FAMILIA X;M;22.04.2026;RAISSASILVALIMA;23.04.2026;VANIA_MARIANO;10.00;PENDENTE;T913;63805480172;CLEDSON PERETTI
663363423;0110002;0301010072;CONSULTA EM ORTOPEDIA - GERAL;93393539191;RODOLFO FABIANO NIZ BAREIRO;21.05.2026;12:30;1;702803617110669;NADIR SAVOLDI DE SOUZA;14.10.1961;64;776;IZAURA BOTURA SAVOLDI;RUA;SERGIPE;;536;PRIMO MAFFISSONI;79490254;(18)99811-1841;SAO GABRIEL DO OESTE;500769;SAO GABRIEL DO OESTE;500769;6452116;CENTRO DE ESPECIALIDADES MEDICAS;F;22.04.2026;PATRICKMASIAGA;22.04.2026;PATRICKMASIAGA;10.00;CONFIRMADO;Z016;06302616603;ROMULO AMARAL TAFURI
663363926;3516007;0301010072;CONSULTA EM UROLOGIA - GERAL;04349392181;ANTONIO AUGUSTO PALOMBO MENDES;14.05.2026;06:30;0;700206439878525;PEDRO AUGUSTO FAUSTINO ROBERTO SOARES;04.07.2003;23;276;REGIA ADRIANA FERREIRA;AVENIDA;CASTELO BRANCO;CASA;1871;PRIMO MAFFISSONI;79490000;(67)99982-9233;SAO GABRIEL DO OESTE;500769;SAO GABRIEL DO OESTE;500769;7333218;UNIDADE DE SAUDE DA FAMILIA X;M;22.04.2026;RAISSASILVALIMA;23.04.2026;VANIA_MARIANO;10.00;CONFIRMADO;N319;63805480172;CLEDSON PERETTI
663366347;1712011;0211080055;ESPIROMETRIA;09028429603;BERNARDO MEDEIROS MAIA;08.05.2026;07:30;0;700007132626102;CAROLINA DOS SANTOS BARBOSA;11.06.1953;73;876;HENRIQUETA RODRIGUES DA SILVA;RUA;RAIMUNDO PRADO;;1129;CENTRO;79490000;(67)99949-4412;SAO GABRIEL DO OESTE;500769;SAO GABRIEL DO OESTE;500769;6354265;CENTRAL DE REGULACAO DE SAO GABRIEL DO OESTE;F;22.04.2026;JULIOCESAR_SAOGABRIEL;07.05.2026;CLEIDIANE_REGULADOR;6.36;CONFIRMADO;J448;;BERNARDO MEDEIROS MAIA
663367229;0282081;0301010072;CONSULTA EM CIRURGIA GERAL;48047740172;EVA WILMA ABDO DOS SANTOS GUIMARAES;25.05.2026;12:30;0;705609441910112;JALOISE APARECIDA ARTEAGA DA SILVA FRANCO;13.02.1981;45;544;IZETE ARTEAGA DA SILVA FRANCO;RUA;RIO DE JANEIRO;;2785;CENTRO;79490000;(67)99198-6521 / (67)9338-6469;SAO GABRIEL DO OESTE;500769;SAO GABRIEL DO OESTE;500769;6452116;CENTRO DE ESPECIALIDADES MEDICAS;F;22.04.2026;PATRICKMASIAGA;22.04.2026;PATRICKMASIAGA;10.00;CONFIRMADO;Z016;48047740172;EVA WILMA ABDO DOS SANTOS GUIMARAES
663369181;0110002;0301010072;CONSULTA EM ORTOPEDIA - GERAL;06302616603;ROMULO AMARAL TAFURI;27.05.2026;12:30;1;700004665708201;ANA PAULA PEREIRA;11.10.1982;43;524;CLARISSE DA SILVA;RUA;BICUDOS;;159;JARDIM GRAMADO;79490000;(67)99874-5433;SAO GABRIEL DO OESTE;500769;SAO GABRIEL DO OESTE;500769;6452116;CENTRO DE ESPECIALIDADES MEDICAS;F;22.04.2026;FERNANDACRISTINAALVES;22.04.2026;FERNANDACRISTINAALVES;10.00;PENDENTE;Z016;06302616603;ROMULO AMARAL TAFURI
663373676;3100026;0207020027;RESSONANCIA MAGNETICA DE OMBRO ESQUERDO;00125300006;MEDICOS SUS;30.05.2026;06:00;0;700008891172701;SIDNEI PEREIRA TEIXEIRA;03.06.1987;39;469;MARICELMA PEREIRA DE ASSIS;RUA;N;;1003;CIDADE JARDIM;79492142;(67)98475-8910;SAO GABRIEL DO OESTE;500769;SAO GABRIEL DO OESTE;500769;6354265;CENTRAL DE REGULACAO DE SAO GABRIEL DO OESTE;M;22.04.2026;CLEIDIANE_REGULACAO;29.05.2026;CLEIDIANE_REGULADOR;268.75;CONFIRMADO;M751;;ROMULO AMARAL
663375144;3500068;0206010044;TOMOGRAFIA COMPUTADORIZADA DE FACE OU SEIOS DE FACE SEM CONTRASTE;00125300006;MEDICOS SUS;29.05.2026;07:15;0;706301788763778;METILDES SIMONI BASSO;21.08.1942;83;1006;ANGELA TRIAN;CHACARA;DONA NELCI;;01;ZONA RURAL;79490000;(67)3295-6408;SAO GABRIEL DO OESTE;500769;SAO GABRIEL DO OESTE;500769;6354265;CENTRAL DE REGULACAO DE SAO GABRIEL DO OESTE;F;22.04.2026;CLEIDIANE_SAOGABRIEL;26.05.2026;CLEIDIANE_REGULADOR;86.75;CONFIRMADO;R05;;BERNARDO MEDEIROS MAIA
663379160;0110002;0301010072;CONSULTA EM ORTOPEDIA - GERAL;04469955680;DANIEL ROCHA DO CARMO;25.05.2026;14:00;0;700804942379986;ADRIANA RITH;07.12.1976;49;595;VERA LUCIA RITH;RUA;BEM TE VI;;1906;CONJUNTO FENIX;79490000;(67)99928-5779;SAO GABRIEL DO OESTE;500769;SAO GABRIEL DO OESTE;500769;6452116;CENTRO DE ESPECIALIDADES MEDICAS;F;22.04.2026;PATRICKMASIAGA;22.04.2026;PATRICKMASIAGA;10.00;PENDENTE;Z016;04469955680;DANIEL ROCHA DO CARMO
663392331;0110002;0301010072;CONSULTA EM ORTOPEDIA - GERAL;06302616603;ROMULO AMARAL TAFURI;27.05.2026;12:30;0;705207451717473;RAFAELA DIAS NOGUEIRA;04.10.2020;05;69;CAROLINA DIAS DE OLIVEIRA;RUA;CRISPIM SOARES;;85;JARDIM AMÉRICA;79420000;(67)99625-2686;CAMAPUA;500260;SAO GABRIEL DO OESTE;500769;6452116;CENTRO DE ESPECIALIDADES MEDICAS;F;22.04.2026;PATRICKMASIAGA;22.04.2026;PATRICKMASIAGA;10.00;CONFIRMADO;Z016;08418818123;PATRICK RICHARD ARGUELHO MASIAGA
663407001;2300004;0301010072;CONSULTA EM CARDIOLOGIA;01110123175;ELY DONIZETH DE ASSIS JUNIOR;13.05.2026;06:30;1;700102952290710;MARIA DA GLORIA ARAUJO DOS SANTOS;13.04.1969;57;686;BALBINA SANTA DE ARAUJO;RUA;IGNEZ BARATIERI RIZZO;;426;PRIMO MAFFISSONI;79490000;(67)99901-3930;SAO GABRIEL DO OESTE;500769;SAO GABRIEL DO OESTE;500769;6452116;CENTRO DE ESPECIALIDADES MEDICAS;F;23.04.2026;FERNANDACRISTINAALVES;23.04.2026;FERNANDACRISTINAALVES;10.00;CONFIRMADO;Z016;;RODOLFO ZAMBOLIN
663413112;0110002;0301010072;CONSULTA EM ORTOPEDIA - GERAL;04469955680;DANIEL ROCHA DO CARMO;25.05.2026;14:00;0;703403386668300;ROSANNE ARRUDA DO NASCIMENTO;29.04.1989;37;446;MARIA AUXILIADORA ARRUDA DO NASCIMENTO;AVENIDA;JUSCELINO KUBISTCHEK;CASA;500;CENTRO;79490000;(65)99944-6329 / (65)98445-5422 / (65)99800-5043;SAO GABRIEL DO OESTE;500769;SAO GABRIEL DO OESTE;500769;6452116;CENTRO DE ESPECIALIDADES MEDICAS;F;23.04.2026;FERNANDACRISTINAALVES;23.04.2026;FERNANDACRISTINAALVES;10.00;CONFIRMADO;Z016;;HUDSON PERES DORIGAO
663420091;0701224;0301010072;CONSULTA EM NEUROLOGIA - GERAL;22264073837;ANSELMO COSTA;26.05.2026;12:00;0;708207632622045;JOAO VINICIUS RODRIGUES MIRANDA;08.01.2009;17;209;LEIDE RODRIGUES DA SILVA OLIVIERA;CHACARA;2 IPE;;S/N;ASSENTAMENTO PATATIVA;79490000;(67)99829-9318;SAO GABRIEL DO OESTE;500769;SAO GABRIEL DO OESTE;500769;3400964;UNIDADE DE SAUDE DA FAMILIA RURAL VII;M;23.04.2026;CLEIDIANE_RURALVII;23.04.2026;CLEIDIANE_RURALVII;10.00;PENDENTE;F818;00612619630;KALYNKA SILVIA HIGINO
663421207;0701224;0301010072;CONSULTA EM NEUROLOGIA - GERAL;22264073837;ANSELMO COSTA;26.05.2026;12:00;0;706807761364229;ORIOVALDO FERNANDES;09.04.1952;74;890;HULINA EVA DA CRUZ FERNANDES;RUA;GAIVOTAS;CASA;1581;FÊNIX;79490000;(67)99968-8233;SAO GABRIEL DO OESTE;500769;SAO GABRIEL DO OESTE;500769;5971055;UNIDADE DE SAUDE DA FAMILIA VIII;M;23.04.2026;JESSICAPADILHA;23.04.2026;JESSICAPADILHA;10.00;CONFIRMADO;R55;;RENNAN ORTIZ BUENO
663426223;3516007;0301010072;CONSULTA EM UROLOGIA - GERAL;04349392181;ANTONIO AUGUSTO PALOMBO MENDES;14.05.2026;06:30;1;701407621775636;JARDELINO FERREIRA PALHANO;18.07.1957;68;827;MARIA DA LUZ CARLIN;RUA;MONTEIRO LOBATO;;1341;JARDIM ALVORADA;79490000;(67)91234-5678;SAO GABRIEL DO OESTE;500769;SAO GABRIEL DO OESTE;500769;6452116;CENTRO DE ESPECIALIDADES MEDICAS;M;23.04.2026;FERNANDACRISTINAALVES;23.04.2026;FERNANDACRISTINAALVES;10.00;CONFIRMADO;Z016;04349392181;ANTONIO AUGUSTO PALOMBO MENDES
663427183;3516007;0301010072;CONSULTA EM UROLOGIA - GERAL;04349392181;ANTONIO AUGUSTO PALOMBO MENDES;14.05.2026;08:00;1;705006430775858;FERNANDES CARLOS DE LIMA;25.01.1960;66;797;JOSEFA DE OLIVEIRA LIMA;RUA;CURICACA;;276;JARDIM GRAMADO;79490000;(67)99979-2008 / (67)99953-3631;SAO GABRIEL DO OESTE;500769;SAO GABRIEL DO OESTE;500769;6452116;CENTRO DE ESPECIALIDADES MEDICAS;M;23.04.2026;FERNANDACRISTINAALVES;23.04.2026;FERNANDACRISTINAALVES;10.00;CONFIRMADO;Z016;04349392181;ANTONIO AUGUSTO PALOMBO MENDES
663428624;3516007;0301010072;CONSULTA EM UROLOGIA - GERAL;04349392181;ANTONIO AUGUSTO PALOMBO MENDES;21.05.2026;06:30;1;705001080108055;ADERSON CLEMENCIA DE OLIVEIRA;10.01.1968;58;701;ISABEL CLEMENTE DE ASSIS;FAZENDA;SANTA CECILIA;;S/N;RURAL;79490000;(67)99811-6832 / (67)99996-9509;SAO GABRIEL DO OESTE;500769;SAO GABRIEL DO OESTE;500769;6452116;CENTRO DE ESPECIALIDADES MEDICAS;M;23.04.2026;FERNANDACRISTINAALVES;23.04.2026;FERNANDACRISTINAALVES;10.00;CONFIRMADO;Z016;04349392181;ANTONIO AUGUSTO PALOMBO MENDES
663433350;0015001;0301010072;CONSULTA EM OFTALMOLOGIA GERAL;45183520097;JONI HILDOR SCHWEICKARDT;07.05.2026;16:00;0;701403618266633;SAMUEL DIAS BARBOSA;13.04.2021;05;62;DAYANE DIAS DE SOUSA;RUA;CORONEL FREITAS;;911;JARDIM PRIMAVERA;79490176;(67)99682-8594;SAO GABRIEL DO OESTE;500769;SAO GABRIEL DO OESTE;500769;7333218;UNIDADE DE SAUDE DA FAMILIA X;M;23.04.2026;RAISSASILVALIMA;23.04.2026;RAISSASILVALIMA;10.00;CONFIRMADO;Z011;63805480172;CLEDSON PERETTI
663437760;0110002;0301010072;CONSULTA EM ORTOPEDIA - GERAL;06302616603;ROMULO AMARAL TAFURI;20.05.2026;14:00;0;704803520784343;MURILO SIMOES DA SILVA;12.03.2009;17;207;VILMA NOGUEIRA SIMOES;FAZENDA;SANTA RITA;30KM S PARAISO;S/N;ZONA RURAL;79420000;(67)99686-1865;CAMAPUA;500260;SAO GABRIEL DO OESTE;500769;6452116;CENTRO DE ESPECIALIDADES MEDICAS;M;23.04.2026;PATRICKMASIAGA;23.04.2026;PATRICKMASIAGA;10.00;PENDENTE;Z016;08418818123;PATRICK RICHARD ARGUELHO MASIAGA
663439375;0299008;0301010072;CONSULTA EM CIRURGIA VASCULAR – GERAL;70808015087;CELIO HELEGDA;13.05.2026;08:00;1;700000349705105;DEIZIANE CUSTODIO CASTRO;26.09.1993;32;393;VALDIRENE CUSTODIO CORREA;RUA;TUIUIU;;201;JARDIM GRAMADO;79490000;(92)99212-7830 / (67)99290-2166;SAO GABRIEL DO OESTE;500769;SAO GABRIEL DO OESTE;500769;6452116;CENTRO DE ESPECIALIDADES MEDICAS;F;23.04.2026;PATRICKMASIAGA;23.04.2026;PATRICKMASIAGA;10.00;PENDENTE;Z016;08418818123;PATRICK RICHARD ARGUELHO MASIAGA
663447207;3516007;0301010072;CONSULTA EM UROLOGIA - GERAL;04349392181;ANTONIO AUGUSTO PALOMBO MENDES;21.05.2026;06:30;1;706902163063238;ARNALDO FELIX DA SILVA;06.03.1958;68;820;MARIA DE DEUS DA SILVA;RUA;SANTA CATARINA;;2174;CENTRO;79490005;(67)99962-1190;SAO GABRIEL DO OESTE;500769;SAO GABRIEL DO OESTE;500769;6452116;CENTRO DE ESPECIALIDADES MEDICAS;M;23.04.2026;PATRICKMASIAGA;23.04.2026;PATRICKMASIAGA;10.00;CONFIRMADO;Z016;08418818123;PATRICK RICHARD ARGUELHO MASIAGA
663448337;0299008;0301010072;CONSULTA EM CIRURGIA VASCULAR – GERAL;70808015087;CELIO HELEGDA;20.05.2026;06:30;1;706002831583741;SIPRIANO SOUZA VARGAS;01.09.1962;63;766;MANOELINHA SOUZA DE VARGAS;LOTEAMENTO;ITAQUI;LOTE;76;ZONA RURAL;79490000;(67)99831-8203;SAO GABRIEL DO OESTE;500769;SAO GABRIEL DO OESTE;500769;6452116;CENTRO DE ESPECIALIDADES MEDICAS;M;23.04.2026;PATRICKMASIAGA;23.04.2026;PATRICKMASIAGA;10.00;PENDENTE;Z016;08418818123;PATRICK RICHARD ARGUELHO MASIAGA
663456757;0110002;0301010072;CONSULTA EM ORTOPEDIA - GERAL;93393539191;RODOLFO FABIANO NIZ BAREIRO;21.05.2026;12:30;0;709001877659418;RITA MARIA FERRARI;16.11.1958;67;811;JUDITHE TRENTIN RISSO;AVENIDA;SAO FRANCISCO;;2558;CENTRO;79490000;(67)99874-9778;SAO GABRIEL DO OESTE;500769;SAO GABRIEL DO OESTE;500769;2370964;UNIDADE DE SAUDE DA FAMILIA III;F;23.04.2026;ANACLAUDIA_NOGUEIRA;23.04.2026;ANACLAUDIA_NOGUEIRA;10.00;PENDENTE;M75;02611833974;HUDSON PERES DORIGAO BELISARIO DE SOUZA
663463452;0282081;0301010072;CONSULTA EM CIRURGIA GERAL;48047740172;EVA WILMA ABDO DOS SANTOS GUIMARAES;18.05.2026;12:30;1;700502763104657;JOSE APARECIDO BATISTA DA SILVA;25.06.1975;51;612;APARECIDA BATISTA DA SILVA;RUA;PEDRO SEGATTO;CASA;155;FÊNIX;79490000;(67)99951-4224;SAO GABRIEL DO OESTE;500769;SAO GABRIEL DO OESTE;500769;6452116;CENTRO DE ESPECIALIDADES MEDICAS;M;23.04.2026;FERNANDACRISTINAALVES;23.04.2026;FERNANDACRISTINAALVES;10.00;PENDENTE;Z016;48047740172;EVA WILMA ABDO DOS SANTOS GUIMARAES
663466700;2300004;0301010072;CONSULTA EM CARDIOLOGIA;01110123175;ELY DONIZETH DE ASSIS JUNIOR;13.05.2026;06:30;1;706404609820781;LUCELIA VARGAS VIEIRA;25.01.1982;44;533;NARCISA VARGAS;RUA;AVENIDA TUIUIU;;1625;JARDIM GRAMADO;79490000;(67)98421-9862;SAO GABRIEL DO OESTE;500769;SAO GABRIEL DO OESTE;500769;6452116;CENTRO DE ESPECIALIDADES MEDICAS;F;23.04.2026;FERNANDACRISTINAALVES;23.04.2026;FERNANDACRISTINAALVES;10.00;CONFIRMADO;Z016;04349392181;ANTONIO AUGUSTO PALOMBO MENDES
663468102;0701224;0301010072;CONSULTA EM NEUROLOGIA - GERAL;22264073837;ANSELMO COSTA;26.05.2026;14:00;0;708401718764363;GABRIELLY BERNARDI HEINZ;25.10.2017;08;104;RAQUELI BENICIO BERNARDI;AREA;RURAL;LOTE;29;AREA RURAL DE SAO GABRIEL DO OESTE;79493899;(45)99919-8689;SAO GABRIEL DO OESTE;500769;SAO GABRIEL DO OESTE;500769;6452116;CENTRO DE ESPECIALIDADES MEDICAS;F;23.04.2026;FERNANDACRISTINAALVES;23.04.2026;FERNANDACRISTINAALVES;10.00;PENDENTE;Z016;;JOAO BAPTISTA BARBOSA
663471544;0110002;0301010072;CONSULTA EM ORTOPEDIA - GERAL;00530001101;BRUNO PETINARI UMBELINO;18.05.2026;06:30;1;700309492520240;CLAISNE MARQUES DE SA;29.02.2012;14;172;MARILENE PEREIRA MARQUES;RUA;PERNAMBUCO;;3187;JARDIM PRIMAVERA;79490000;(67)99847-4341;SAO GABRIEL DO OESTE;500769;SAO GABRIEL DO OESTE;500769;6452116;CENTRO DE ESPECIALIDADES MEDICAS;F;23.04.2026;PATRICKMASIAGA;23.04.2026;PATRICKMASIAGA;10.00;PENDENTE;Z016;00530001101;BRUNO PETINARI UMBELINO
663472875;2300004;0301010072;CONSULTA EM CARDIOLOGIA;01110123175;ELY DONIZETH DE ASSIS JUNIOR;13.05.2026;06:30;1;700000940389910;IRLETE IULE;15.10.1936;89;1076;CLAUDETE IULE;RUA;SARACURA 1/1465;;615;JARDIM GRAMADO;79491002;(67)99654-8146;SAO GABRIEL DO OESTE;500769;SAO GABRIEL DO OESTE;500769;6452116;CENTRO DE ESPECIALIDADES MEDICAS;F;23.04.2026;FERNANDACRISTINAALVES;23.04.2026;FERNANDACRISTINAALVES;10.00;PENDENTE;Z016;01110123175;ELY DONIZETH DE ASSIS JUNIOR
663473603;0282063;0301010072;CONSULTA EM OTORRINOLARINGOLOGIA;78877326115;ANA PAULA CAVALIERI PONTES;08.05.2026;06:00;0;700806454559685;ALICE REGINA CORTESIA PILTZ;27.11.1964;61;739;ILSA SCHMIDT CORTESIA;AVENIDA;SANTO ANTONIO;;285;MILANI;79492094;(67)99994-3669;SAO GABRIEL DO OESTE;500769;SAO GABRIEL DO OESTE;500769;2370972;UNIDADE DE SAUDE DA FAMILIA MILANE II;F;23.04.2026;FLAVIA_RODRIGUES;23.04.2026;FLAVIA_RODRIGUES;10.00;CONFIRMADO;H919;02453491113;MILENA GUEDIN VARGAS
663475637;0320003;0211020036;ELETROCARDIOGRAMA;01110123175;ELY DONIZETH DE ASSIS JUNIOR;04.05.2026;08:00;0;700504554533956;ROBERTO WERNECK;13.03.1953;73;879;LUPERCIA PEREIRA WERNECK;RUA;RIO DE JANEIRO;;2520;CENTRO;79490000;(67)99947-7879;SAO GABRIEL DO OESTE;500769;SAO GABRIEL DO OESTE;500769;2599376;UNIDADE DE SAUDE DA FAMILIA VI;M;23.04.2026;MARIANA_MARTINS;23.04.2026;MARIANA_MARTINS;5.15;PENDENTE;Z136;;CELIO HELEGA
663477277;3500023;0206010060;TOMOGRAFIA COMPUTADORIZADA  DE CRANIO SEM CONTRASTE;00125300006;MEDICOS SUS;29.05.2026;07:15;0;703402278618712;NELCI MARIA SCHERER;20.08.1953;72;874;ALICE TEREZINHA KLIEMANN;RUA;MONTEIRO LOBATO;;1705;JARDIM ALVORADA;79490000;(67)99925-2575;SAO GABRIEL DO OESTE;500769;SAO GABRIEL DO OESTE;500769;6354265;CENTRAL DE REGULACAO DE SAO GABRIEL DO OESTE;F;23.04.2026;CLEIDIANE_REGULACAO;26.05.2026;CLEIDIANE_REGULADOR;97.44;CONFIRMADO;H31;;JESSICA FELTRACO 
663477807;0110002;0301010072;CONSULTA EM ORTOPEDIA - GERAL;89074033172;ROGERIO PADOVANI TOFFOLI;08.05.2026;12:30;0;700005323960501;OLIVETE SPIGOLON DALCHIAVON;14.07.1978;47;575;TERESINHA MARIA SPIGOLON;RUA;RAIMUNDO PRADO;;1211;CENTRO;79490000;(67)99661-9132;SAO GABRIEL DO OESTE;500769;SAO GABRIEL DO OESTE;500769;6354265;CENTRAL DE REGULACAO DE SAO GABRIEL DO OESTE;F;23.04.2026;VANIA_MARIANO;23.04.2026;VANIA_MARIANO;10.00;PENDENTE;M255;;VANIA GOMES MARIANO
663477893;0282081;0301010072;CONSULTA EM CIRURGIA GERAL;48047740172;EVA WILMA ABDO DOS SANTOS GUIMARAES;14.05.2026;06:30;1;708609087911186;NATALINO DA ROCHA RIBEIRO;27.07.1965;60;731;MARIA LUIZA RIBEIRO;RUA;A;;522;CIDADE JARDIM;79492110;(67)99607-5617;SAO GABRIEL DO OESTE;500769;SAO GABRIEL DO OESTE;500769;6452116;CENTRO DE ESPECIALIDADES MEDICAS;M;23.04.2026;FERNANDACRISTINAALVES;23.04.2026;VANIA_MARIANO;10.00;CONFIRMADO;Z016;48047740172;EVA WILMA ABDO DOS SANTOS GUIMARAES
663484149;3516007;0301010072;CONSULTA EM UROLOGIA - GERAL;04349392181;ANTONIO AUGUSTO PALOMBO MENDES;21.05.2026;08:00;1;706205000444363;DANIEL MEDKE PILTZ;10.11.2008;17;211;LIARA INES MEDKE PILTZ;RUA;SAO PAULO;;2609;CENTRO;79490000;(61)3315-2425;SAO GABRIEL DO OESTE;500769;SAO GABRIEL DO OESTE;500769;6452116;CENTRO DE ESPECIALIDADES MEDICAS;M;23.04.2026;PATRICKMASIAGA;23.04.2026;PATRICKMASIAGA;10.00;CONFIRMADO;Z016;08418818123;PATRICK RICHARD ARGUELHO MASIAGA
663487490;2300004;0301010072;CONSULTA EM CARDIOLOGIA;98260570106;CLAUDIA REGINA DUARTE CAZZOLATO KHALIL;15.05.2026;13:00;1;705406473179196;ROGERIO TAPPARO;11.10.1984;41;500;IRIA GEMMI TAPPARO;RUA;FENIX;;227;FÊNIX;79490000;(67)99847-4783;SAO GABRIEL DO OESTE;500769;SAO GABRIEL DO OESTE;500769;6452116;CENTRO DE ESPECIALIDADES MEDICAS;M;23.04.2026;CLEIDIANE_CEM;23.04.2026;CLEIDIANE_CEM;10.00;CONFIRMADO;Z00;98260570106;CLAUDIA REGINA DUARTE CAZZOLATO KHALIL
663489508;0110002;0301010072;CONSULTA EM ORTOPEDIA - GERAL;04469955680;DANIEL ROCHA DO CARMO;25.05.2026;14:00;1;700604470976864;MARLEI VIEIRA DE SOUZA;17.08.1965;60;730;MARIA DIAS DE SOUZA;AVENIDA;SAO FRANCISCO;;2915;CENTRO;79490000;(67)99927-0605;SAO GABRIEL DO OESTE;500769;SAO GABRIEL DO OESTE;500769;6452116;CENTRO DE ESPECIALIDADES MEDICAS;F;23.04.2026;FERNANDACRISTINAALVES;23.04.2026;FERNANDACRISTINAALVES;10.00;PENDENTE;Z016;04469955680;DANIEL ROCHA DO CARMO
663490296;0320174;0301010072;CONSULTA EM PNEUMOLOGIA - GERAL;09028429603;BERNARDO MEDEIROS MAIA;26.05.2026;14:00;0;708401337863870;STEFANY LARISSA GONDIM DA COSTA;21.11.1998;27;331;ROSELENE ALVES GONDIM;RUA;CONDE DE PORTO ALEGRE;;665;MILANI;79492072;(67)99156-5988;SAO GABRIEL DO OESTE;500769;SAO GABRIEL DO OESTE;500769;2370972;UNIDADE DE SAUDE DA FAMILIA MILANE II;F;23.04.2026;FLAVIA_RODRIGUES;23.04.2026;FLAVIA_RODRIGUES;10.00;PENDENTE;J459;02453491113;MILENA GUEDIN VARGAS
663491155;2300004;0301010072;CONSULTA EM CARDIOLOGIA;01110123175;ELY DONIZETH DE ASSIS JUNIOR;13.05.2026;07:30;1;708507355324875;EVA FERREIRA DE SOUZA;11.12.1958;67;810;LOURENCA FERREIRA DE SOUZA;CHACARA;PATATIVA;ASSENT PATATIVA;35;ZONA RURAL;79490000;(67)3305-8042 / (67)99690-4737 / (67)99255-7175;SAO GABRIEL DO OESTE;500769;SAO GABRIEL DO OESTE;500769;6452116;CENTRO DE ESPECIALIDADES MEDICAS;F;23.04.2026;PATRICKMASIAGA;23.04.2026;PATRICKMASIAGA;10.00;PENDENTE;Z016;01110123175;ELY DONIZETH DE ASSIS JUNIOR
663498597;3516007;0301010072;CONSULTA EM UROLOGIA - GERAL;04349392181;ANTONIO AUGUSTO PALOMBO MENDES;21.05.2026;08:00;1;705406473179196;ROGERIO TAPPARO;11.10.1984;41;500;IRIA GEMMI TAPPARO;RUA;FENIX;;227;FÊNIX;79490000;(67)99847-4783;SAO GABRIEL DO OESTE;500769;SAO GABRIEL DO OESTE;500769;6452116;CENTRO DE ESPECIALIDADES MEDICAS;M;23.04.2026;PATRICKMASIAGA;23.04.2026;PATRICKMASIAGA;10.00;CONFIRMADO;Z016;48047740172;EVA WILMA ABDO DOS SANTOS GUIMARAES
663511682;0110002;0301010072;CONSULTA EM ORTOPEDIA - GERAL;04469955680;DANIEL ROCHA DO CARMO;04.05.2026;12:30;1;701400680968635;CRISTIANE DA SILVA LUIZ;16.04.1979;47;566;DEJANIRA DA SILVA LUIZ;RUA;PERIQUITO;;235;FENIX;79491088;(67)99195-8255;SAO GABRIEL DO OESTE;500769;SAO GABRIEL DO OESTE;500769;6354265;CENTRAL DE REGULACAO DE SAO GABRIEL DO OESTE;F;23.04.2026;VANIA_MARIANO;23.04.2026;VANIA_MARIANO;10.00;PENDENTE;M545;;RAFAELLA MARIA COSTA GOIS DE FIGUEIREDO
663513007;0110002;0301010072;CONSULTA EM ORTOPEDIA - GERAL;06302616603;ROMULO AMARAL TAFURI;20.05.2026;12:30;1;708006346787020;FRANCISCA MARQUES DE BARROS DE OMENA;02.05.1954;72;866;MARIA JULIA DE BARROS;AVENIDA;JUSCELINO KUBISCHEK;;372;CENTRO;79490000;(67)99926-3150;SAO GABRIEL DO OESTE;500769;SAO GABRIEL DO OESTE;500769;6452116;CENTRO DE ESPECIALIDADES MEDICAS;F;23.04.2026;FERNANDACRISTINAALVES;23.04.2026;FERNANDACRISTINAALVES;10.00;PENDENTE;Z016;06302616603;ROMULO AMARAL TAFURI
663518667;0110002;0301010072;CONSULTA EM ORTOPEDIA - GERAL;00530001101;BRUNO PETINARI UMBELINO;18.05.2026;06:30;1;705602459279019;NEUZA MENEZES;25.07.1971;54;659;ANA MARIA DE JESUS;RUA;ALAGOAS;CSA 01;1114;PRIMO MAFFISSONI;79490258;(67)99697-2931;SAO GABRIEL DO OESTE;500769;SAO GABRIEL DO OESTE;500769;6452116;CENTRO DE ESPECIALIDADES MEDICAS;F;23.04.2026;FERNANDACRISTINAALVES;23.04.2026;FERNANDACRISTINAALVES;10.00;PENDENTE;Z016;00530001101;BRUNO PETINARI UMBELINO
663525052;0282081;0301010072;CONSULTA EM CIRURGIA GERAL;48047740172;EVA WILMA ABDO DOS SANTOS GUIMARAES;04.05.2026;14:00;1;707602297194699;CAMILA CARVALHO DE OLIVEIRA;05.12.1992;33;403;CLEUSA CARVALHO DE OLIVEIRA;RUA;DAS CURRUIRAS 1/1465;- ATE 1464/1465;1088;JARDIM GRAMADO;79491014;(67)99850-5809 / (67)99643-0356;SAO GABRIEL DO OESTE;500769;SAO GABRIEL DO OESTE;500769;6452116;CENTRO DE ESPECIALIDADES MEDICAS;F;23.04.2026;FERNANDACRISTINAALVES;23.04.2026;VANIA_MARIANO;10.00;PENDENTE;Z016;48047740172;EVA WILMA ABDO DOS SANTOS GUIMARAES
663531300;0110002;0301010072;CONSULTA EM ORTOPEDIA - GERAL;04469955680;DANIEL ROCHA DO CARMO;04.05.2026;14:00;1;708403216295768;JOACIR BATISTA PEDROSO;06.03.1980;46;556;ODETE APARECIDA BATISTA;RUA;HUMBERTO BARBOSA;CASA;731;JARDIM JOSE ANTONIO;79480000;(67)99832-5925;RIO VERDE DE MATO GROSSO;500740;SAO GABRIEL DO OESTE;500769;6452116;CENTRO DE ESPECIALIDADES MEDICAS;M;23.04.2026;FERNANDACRISTINAALVES;23.04.2026;VANIA_MARIANO;10.00;PENDENTE;Z016;04469955680;DANIEL ROCHA DO CARMO
663557029;2300004;0301010072;CONSULTA EM CARDIOLOGIA;01110123175;ELY DONIZETH DE ASSIS JUNIOR;18.05.2026;06:30;1;705806434578235;MARLENA AMERICO DE LIMA;19.06.1956;70;840;ORIZIA ESTROGIDIA AMERICO;RUA;BEM TE VI;CASA 1;1814;FÊNIX;79490000;(67)99809-4949;SAO GABRIEL DO OESTE;500769;SAO GABRIEL DO OESTE;500769;6452116;CENTRO DE ESPECIALIDADES MEDICAS;F;23.04.2026;PATRICKMASIAGA;23.04.2026;PATRICKMASIAGA;10.00;PENDENTE;Z016;08418818123;PATRICK RICHARD ARGUELHO MASIAGA
663581871;0110002;0301010072;CONSULTA EM ORTOPEDIA - GERAL;00530001101;BRUNO PETINARI UMBELINO;18.05.2026;06:30;0;706908160762939;JOAO CARLOS RIBEIRO DOS SANTOS;17.01.2012;14;173;DAIANA RIBEIRO DO AMARAL;RUA;CURIO;;1678;FENIX;79491082;(67)99942-8369 / (67)99811-4889;SAO GABRIEL DO OESTE;500769;SAO GABRIEL DO OESTE;500769;5971055;UNIDADE DE SAUDE DA FAMILIA VIII;M;23.04.2026;JESSICAPADILHA;23.04.2026;JESSICAPADILHA;10.00;PENDENTE;S525;;YASMIM YAIME PAIVA DE ARAUJO
663583459;0110002;0301010072;CONSULTA EM ORTOPEDIA - GERAL;06302616603;ROMULO AMARAL TAFURI;20.05.2026;12:30;1;702806690143167;INES LIBERA REBECHI;07.08.1962;63;767;MARGARIDA COSTA PRIGOL;RUA;RIO DE JANEIRO;;1129;CENTRO;79490000;(67)3295-2362;SAO GABRIEL DO OESTE;500769;SAO GABRIEL DO OESTE;500769;6452116;CENTRO DE ESPECIALIDADES MEDICAS;F;23.04.2026;PATRICKMASIAGA;23.04.2026;PATRICKMASIAGA;10.00;PENDENTE;Z016;08418818123;PATRICK RICHARD ARGUELHO MASIAGA
663589641;2300004;0301010072;CONSULTA EM CARDIOLOGIA;98260570106;CLAUDIA REGINA DUARTE CAZZOLATO KHALIL;28.05.2026;13:00;1;702601774787542;LAURO CHRIST;21.01.1948;78;941;CECILIA JULIANA CHRIST;RUA;PERNAMBUCO;;1230;CENTRO;79490000;(67)99924-6326;SAO GABRIEL DO OESTE;500769;SAO GABRIEL DO OESTE;500769;6452116;CENTRO DE ESPECIALIDADES MEDICAS;M;23.04.2026;PATRICKMASIAGA;23.04.2026;PATRICKMASIAGA;10.00;CONFIRMADO;Z016;98260570106;CLAUDIA REGINA DUARTE CAZZOLATO KHALIL
663605147;0110002;0301010072;CONSULTA EM ORTOPEDIA - GERAL;89074033172;ROGERIO PADOVANI TOFFOLI;15.05.2026;14:00;0;700103940345419;MARIA NILSA BALBINO;29.09.1964;61;741;MARIA DE LOURDES TIBURCIO;RUA;CURIO 1466/99999;;1845;FENIX;79491082;(67)99673-5856;SAO GABRIEL DO OESTE;500769;SAO GABRIEL DO OESTE;500769;2370999;UNIDADE DE SAUDE DA FAMILIA FENIX IV;F;23.04.2026;GUSTAVO_PIAIA;23.04.2026;GUSTAVO_PIAIA;10.00;CONFIRMADO;M255;00703866176;ALCIDES EDUARDO EIBEL
663611936;3500024;0206010079;TOMOGRAFIA COMPUTADORIZADA  DE CRANIO COM CONTRASTE;00125300006;MEDICOS SUS;20.05.2026;07:15;0;702002356175580;KETYLLIN FRANCIELE GONCALVES DE MELO;17.09.2015;10;129;JENNIFER GONCALVES DO SANTOS;RUA;DAS ANHUMAS;;731;JARDIM GRAMADO;79491016;(11)99230-3290 / (67)99197-0937;SAO GABRIEL DO OESTE;500769;SAO GABRIEL DO OESTE;500769;5971055;UNIDADE DE SAUDE DA FAMILIA VIII;F;23.04.2026;JESSICAPADILHA;18.05.2026;CLEIDIANE_REGULADOR;97.44;CONFIRMADO;R51;;RENNAN ORTIZ BUENO
663614130;2300004;0301010072;CONSULTA EM CARDIOLOGIA;98260570106;CLAUDIA REGINA DUARTE CAZZOLATO KHALIL;28.05.2026;14:00;0;704009861947067;LUIZA SILVA DE JESUS;12.08.1970;55;670;MARIA DELMIRO DA SILVA DE JESUS;RUA;SARACURA 1466/99999;;1871;FENIX;79491072;(67)99805-6451 / (67)99875-6186;SAO GABRIEL DO OESTE;500769;SAO GABRIEL DO OESTE;500769;2370999;UNIDADE DE SAUDE DA FAMILIA FENIX IV;F;23.04.2026;GUSTAVO_PIAIA;23.04.2026;GUSTAVO_PIAIA;10.00;PENDENTE;E66;96245646120;RAFAELLA MARIA COSTA GOIS DE FIGUEIREDO
663619151;0110002;0301010072;CONSULTA EM ORTOPEDIA - GERAL;93393539191;RODOLFO FABIANO NIZ BAREIRO;28.05.2026;12:30;1;705003200183654;APARECIDA CANDIDA DA PALMA;24.11.1939;86;1039;MARIA JOSE DA PALMA;RUA;CANARIOS;;276;JARDIM GRAMADO;79490000;(67)99622-2667;SAO GABRIEL DO OESTE;500769;SAO GABRIEL DO OESTE;500769;6452116;CENTRO DE ESPECIALIDADES MEDICAS;F;23.04.2026;PATRICKMASIAGA;23.04.2026;PATRICKMASIAGA;10.00;CONFIRMADO;Z016;08418818123;PATRICK RICHARD ARGUELHO MASIAGA
663620351;0110002;0301010072;CONSULTA EM ORTOPEDIA - GERAL;06302616603;ROMULO AMARAL TAFURI;20.05.2026;14:00;0;700200994374529;ARTHUR GUIMARAES DE MORAES;16.08.2012;13;166;FERNANDA CAROLINE DA SILVA GUIMARAES;RUA;JURITI;;22;CONJUNTO FENIX;79490000;(67)9979-9151;SAO GABRIEL DO OESTE;500769;SAO GABRIEL DO OESTE;500769;6452116;CENTRO DE ESPECIALIDADES MEDICAS;M;23.04.2026;PATRICKMASIAGA;23.04.2026;PATRICKMASIAGA;10.00;PENDENTE;Z016;08418818123;PATRICK RICHARD ARGUELHO MASIAGA
663625759;0110002;0301010072;CONSULTA EM ORTOPEDIA - GERAL;93393539191;RODOLFO FABIANO NIZ BAREIRO;21.05.2026;12:30;0;700209448870127;SUZANA SANTOS LARA;26.06.1996;30;360;SILVIA REGINA MELO DOS SANTOS LARA;RUA;CURIO;;1402;JARDIM GRAMADO;79491012;(67)99179-7888 / (67)99695-8065;SAO GABRIEL DO OESTE;500769;SAO GABRIEL DO OESTE;500769;5971055;UNIDADE DE SAUDE DA FAMILIA VIII;F;23.04.2026;JESSICAPADILHA;23.04.2026;JESSICAPADILHA;10.00;CONFIRMADO;G560;;RENNAN ORTIZ BUENO
663627259;0110002;0301010072;CONSULTA EM ORTOPEDIA - GERAL;89074033172;ROGERIO PADOVANI TOFFOLI;22.05.2026;12:30;0;703003820346170;ILECI PERIN BRUN;06.08.1951;74;899;MARIA GOLFETTO PERIN;RUA;SANTA CATARINA;;940;CENTRO;79490000;(67)99862-1265;SAO GABRIEL DO OESTE;500769;SAO GABRIEL DO OESTE;500769;6452116;CENTRO DE ESPECIALIDADES MEDICAS;F;23.04.2026;PATRICKMASIAGA;23.04.2026;PATRICKMASIAGA;10.00;CONFIRMADO;Z016;08418818123;PATRICK RICHARD ARGUELHO MASIAGA
663627444;0320174;0301010072;CONSULTA EM PNEUMOLOGIA - GERAL;09028429603;BERNARDO MEDEIROS MAIA;21.05.2026;14:00;1;702504382907736;MARIA GONCALVES DA SILVA;06.08.1958;67;815;ERMINDA FERREIRA GAMA;RUA;ARARAS;;1671;FENIX;79490000;(67)99982-6614;SAO GABRIEL DO OESTE;500769;SAO GABRIEL DO OESTE;500769;6452116;CENTRO DE ESPECIALIDADES MEDICAS;F;23.04.2026;FERNANDACRISTINAALVES;23.04.2026;FERNANDACRISTINAALVES;10.00;CONFIRMADO;Z016;09028429603;BERNARDO MEDEIROS MAIA
663628327;0015001;0301010072;CONSULTA EM OFTALMOLOGIA GERAL;45183520097;JONI HILDOR SCHWEICKARDT;14.05.2026;16:00;0;706002855939341;GUSTAVO JEAN DE ALMEIDA FERREIRA;27.02.2006;20;244;LUCYNEIDE TEIXEIRA DE ALMEIDA;RUA;IPÊ;;465;SÃO CRISTÓVÃO;79490000;(67)99604-8958;SAO GABRIEL DO OESTE;500769;SAO GABRIEL DO OESTE;500769;7333218;UNIDADE DE SAUDE DA FAMILIA X;M;23.04.2026;RAISSASILVALIMA;23.04.2026;RAISSASILVALIMA;10.00;CONFIRMADO;Z010;63805480172;CLEDSON PERETTI
663628487;0110002;0301010072;CONSULTA EM ORTOPEDIA - GERAL;32389571808;RODOLFO PELISSARI ZAMBOLIN;21.05.2026;12:30;1;700707936190072;LUCAS GUILHERME DE SOUZA BARBOSA;17.06.2005;21;252;LEILA GONCALVES DE SOUZA;RUA;ARARAS;;1671;FENIX;79490000;(67)99982-6614;SAO GABRIEL DO OESTE;500769;SAO GABRIEL DO OESTE;500769;6452116;CENTRO DE ESPECIALIDADES MEDICAS;M;23.04.2026;FERNANDACRISTINAALVES;23.04.2026;FERNANDACRISTINAALVES;10.00;PENDENTE;Z016;32389571808;RODOLFO PELISSARI ZAMBOLIN
663632667;2300004;0301010072;CONSULTA EM CARDIOLOGIA;01110123175;ELY DONIZETH DE ASSIS JUNIOR;18.05.2026;06:30;1;702004329650089;SEBASTIAO LOPES SOBRINHO;12.01.1973;53;641;ANA MARIA LOPES;RUA;CONDE DE PORTO ALEGRE;CASA;1091;MILANI;79490000;(67)99846-7599;SAO GABRIEL DO OESTE;500769;SAO GABRIEL DO OESTE;500769;6452116;CENTRO DE ESPECIALIDADES MEDICAS;M;23.04.2026;FERNANDACRISTINAALVES;23.04.2026;FERNANDACRISTINAALVES;10.00;PENDENTE;Z016;01110123175;ELY DONIZETH DE ASSIS JUNIOR
663633127;0320003;0211020036;ELETROCARDIOGRAMA;01110123175;ELY DONIZETH DE ASSIS JUNIOR;15.05.2026;14:00;0;702004329650089;SEBASTIAO LOPES SOBRINHO;12.01.1973;53;641;ANA MARIA LOPES;RUA;CONDE DE PORTO ALEGRE;CASA;1091;MILANI;79490000;(67)99846-7599;SAO GABRIEL DO OESTE;500769;SAO GABRIEL DO OESTE;500769;6452116;CENTRO DE ESPECIALIDADES MEDICAS;M;23.04.2026;FERNANDACRISTINAALVES;23.04.2026;FERNANDACRISTINAALVES;5.15;PENDENTE;Z016;93275439120;VALDIRENE CARDOSO PEREIRA
663636953;0110002;0301010072;CONSULTA EM ORTOPEDIA - GERAL;93393539191;RODOLFO FABIANO NIZ BAREIRO;07.05.2026;12:30;1;706801798574620;MARCIA FERREIRA DA SILVA;07.11.1971;54;656;MARIA JULIA DA SILVA;RUA;PARANA 2400/99999;;2620;AMABILE MAFFISSONI;79490084;(67)99653-1888;SAO GABRIEL DO OESTE;500769;SAO GABRIEL DO OESTE;500769;6452116;CENTRO DE ESPECIALIDADES MEDICAS;F;23.04.2026;FERNANDACRISTINAALVES;23.04.2026;FERNANDACRISTINAALVES;10.00;PENDENTE;Z016;93393539191;RODOLFO FABIANO NIZ BAREIRO
663641995;0015001;0301010072;CONSULTA EM OFTALMOLOGIA GERAL;45183520097;JONI HILDOR SCHWEICKARDT;14.05.2026;07:00;0;700007046393103;JULIANO QUEIROS ANTONIO;02.09.1985;40;490;NORINA QUEIROS ANTONIO;RUA;SARACURA;CASA;1157;JARDIM GRAMADO;79490000;(66)3560-1236 / (67)99831-8318;SAO GABRIEL DO OESTE;500769;SAO GABRIEL DO OESTE;500769;2370980;UNIDADE DE SAUDE DA FAMILIA JARDIM GRAMADO I;M;23.04.2026;ELIANI_MOREIRA;23.04.2026;ELIANI_MOREIRA;10.00;CONFIRMADO;H521;;BRUNO INCERTI
663651624;0110002;0301010072;CONSULTA EM ORTOPEDIA - GERAL;93393539191;RODOLFO FABIANO NIZ BAREIRO;14.05.2026;12:30;1;700402444429541;RICARDO MARINHO;24.02.1983;43;520;IVANILDA VALENCO MARINHO;RUA;QUERO-QUERO;CASA;249;JARDIM GRAMADO;79490000;(67)99914-9851;SAO GABRIEL DO OESTE;500769;SAO GABRIEL DO OESTE;500769;6452116;CENTRO DE ESPECIALIDADES MEDICAS;M;23.04.2026;FERNANDACRISTINAALVES;23.04.2026;FERNANDACRISTINAALVES;10.00;PENDENTE;Z016;93393539191;RODOLFO FABIANO NIZ BAREIRO
663653968;0110002;0301010072;CONSULTA EM ORTOPEDIA - GERAL;06302616603;ROMULO AMARAL TAFURI;27.05.2026;12:30;0;703404180197400;LUCIMAR FERREIRA GONCALVES;03.02.1977;49;593;NEUZA GONCALVES FERREIRA;RUA;TANGARA;NUMERO 431;S/N;FENIX;79491106;(67)99601-7150 / (67)99846-5054;SAO GABRIEL DO OESTE;500769;SAO GABRIEL DO OESTE;500769;7002084;UNIDADE DE SAUDE DA FAMILIA IX;F;23.04.2026;AMANDALUIZA_BIAZUS;23.04.2026;AMANDALUIZA_BIAZUS;10.00;CONFIRMADO;M255;96040653191;PAULO FENELON MARINHO
663654090;3500079;0206010036;TOMOGRAFIA COMPUTADORIZADA DE COLUNA TORACICA C/ OU S/ CONTRASTE;00125300006;MEDICOS SUS;21.05.2026;07:15;0;708405793324468;CHARLES STAUD;15.08.1978;47;574;NORMELINDA STAUD;RUA;DAS ANHUMAS;;1465;JARDIM GRAMADO;79491016;(67)99958-5760;SAO GABRIEL DO OESTE;500769;SAO GABRIEL DO OESTE;500769;5971055;UNIDADE DE SAUDE DA FAMILIA VIII;M;23.04.2026;JESSICAPADILHA;20.05.2026;CLEIDIANE_REGULADOR;86.76;CONFIRMADO;M549;;RENNAN ORTIZ BUENO
663655666;0110002;0301010072;CONSULTA EM ORTOPEDIA - GERAL;93393539191;RODOLFO FABIANO NIZ BAREIRO;07.05.2026;12:30;1;708400212745561;DOUGLAS FERREIRA DOS SANTOS;02.05.2003;23;278;LUCIANA PEREIRA FERREIRA;RUA PROJETADA;QUATRO;CASA;;CENTRO;79460000;(61)3315-2425;CORGUINHO;500310;SAO GABRIEL DO OESTE;500769;6452116;CENTRO DE ESPECIALIDADES MEDICAS;M;23.04.2026;FERNANDACRISTINAALVES;23.04.2026;FERNANDACRISTINAALVES;10.00;PENDENTE;Z016;93393539191;RODOLFO FABIANO NIZ BAREIRO
663663794;0299008;0301010072;CONSULTA EM CIRURGIA VASCULAR – GERAL;70808015087;CELIO HELEGDA;20.05.2026;08:00;1;706300710670479;RUTE DA SILVA;21.11.1974;51;619;ELENI CAMPOS LEITE DA SILVA;FAZENDA;ESTANCIA JACUTINGA;;S/N;RURAL;79490000;(67)99681-7667;SAO GABRIEL DO OESTE;500769;SAO GABRIEL DO OESTE;500769;6354265;CENTRAL DE REGULACAO DE SAO GABRIEL DO OESTE;F;23.04.2026;ELIETE_SAOGABRIEL;23.04.2026;ELIETE_SAOGABRIEL;10.00;PENDENTE;Z00;;CELIO HELEGDA
663670170;0299008;0301010072;CONSULTA EM CIRURGIA VASCULAR – GERAL;70808015087;CELIO HELEGDA;27.05.2026;06:30;1;703103394012160;ZONI VIEIRA DA SILVA;19.09.1953;72;873;ROZALINA INACIA DA SILVA;RUA;PERNAMBUCO;CASA;2100;CENTRO;79490000;(67)99965-0733;SAO GABRIEL DO OESTE;500769;SAO GABRIEL DO OESTE;500769;6452116;CENTRO DE ESPECIALIDADES MEDICAS;M;24.04.2026;FERNANDACRISTINAALVES;24.04.2026;FERNANDACRISTINAALVES;10.00;CONFIRMADO;Z016;70808015087;CELIO HELEGDA
663677073;3516007;0301010072;CONSULTA EM UROLOGIA - GERAL;04349392181;ANTONIO AUGUSTO PALOMBO MENDES;22.05.2026;06:30;1;702308012437420;NELSON CORREA;31.01.1963;63;761;LUIZA CARDOSO CORREA;RUA;ESPIRITO SANTO 2400/99999;CASA 2;2610;AMABILE MAFFISSONI;79490108;(67)99643-6261;SAO GABRIEL DO OESTE;500769;SAO GABRIEL DO OESTE;500769;6452116;CENTRO DE ESPECIALIDADES MEDICAS;M;24.04.2026;FERNANDACRISTINAALVES;24.04.2026;FERNANDACRISTINAALVES;10.00;PENDENTE;Z016;04349392181;ANTONIO AUGUSTO PALOMBO MENDES
663678089;0282063;0301010072;CONSULTA EM OTORRINOLARINGOLOGIA;78877326115;ANA PAULA CAVALIERI PONTES;08.05.2026;06:00;1;706902179427633;PATRICIO VIEIRA DE FREITAS;04.11.1965;60;728;CONSTANTINA VIEIRA;RUA;CASTANHEIRA;CASA;247;SAO CRISTOVAO;79490000;(67)99961-3113;SAO GABRIEL DO OESTE;500769;SAO GABRIEL DO OESTE;500769;6452116;CENTRO DE ESPECIALIDADES MEDICAS;M;24.04.2026;FERNANDACRISTINAALVES;24.04.2026;FERNANDACRISTINAALVES;10.00;PENDENTE;Z016;78877326115;ANA PAULA CAVALIERI PONTES
663680806;2300004;0301010072;CONSULTA EM CARDIOLOGIA;98260570106;CLAUDIA REGINA DUARTE CAZZOLATO KHALIL;15.05.2026;13:00;1;703409721347200;JOAO VICTOR PIRES PROCOPIO;03.07.2012;14;168;ROSENILDA DE OLIVEIRA PIRES PROCOPIO;RUA;GAIVOTAS;;1697;JARDIM GRAMADO;79491018;(67)99815-2102;SAO GABRIEL DO OESTE;500769;SAO GABRIEL DO OESTE;500769;6452116;CENTRO DE ESPECIALIDADES MEDICAS;M;24.04.2026;FERNANDACRISTINAALVES;24.04.2026;FERNANDACRISTINAALVES;10.00;CONFIRMADO;Z016;98260570106;CLAUDIA REGINA DUARTE CAZZOLATO KHALIL
663691795;0110002;0301010072;CONSULTA EM ORTOPEDIA - GERAL;93393539191;RODOLFO FABIANO NIZ BAREIRO;21.05.2026;12:30;0;702301177536119;JUDSON SIQUEIRA;06.02.1986;40;485;SINEIDE FREITAS DA SILVEIRA SIQUEIRA;RUA;DOS CANARIOS 1/1465;;1205;JARDIM GRAMADO;79491008;(67)99937-9417;SAO GABRIEL DO OESTE;500769;SAO GABRIEL DO OESTE;500769;2370980;UNIDADE DE SAUDE DA FAMILIA JARDIM GRAMADO I;M;24.04.2026;ELIANI_MOREIRA;24.04.2026;ELIANI_MOREIRA;10.00;PENDENTE;M544;96040653191;PAULO FENELON MARINHO
663693150;0282063;0301010072;CONSULTA EM OTORRINOLARINGOLOGIA;78877326115;ANA PAULA CAVALIERI PONTES;29.05.2026;06:00;1;706309740461876;VALENTINA DA SILVA LOPES;21.11.2018;07;91;EVELIN MANUELE SILVA OLIVEIRA;RUA;BOA VENTURA FERREIRA ROSA;CASA 02;1589;JARDIM ALVORADA;79490000;(67)99923-5637;SAO GABRIEL DO OESTE;500769;SAO GABRIEL DO OESTE;500769;6452116;CENTRO DE ESPECIALIDADES MEDICAS;F;24.04.2026;FERNANDACRISTINAALVES;24.04.2026;FERNANDACRISTINAALVES;10.00;PENDENTE;Z016;78877326115;ANA PAULA CAVALIERI PONTES
663706051;2300004;0301010072;CONSULTA EM CARDIOLOGIA;01110123175;ELY DONIZETH DE ASSIS JUNIOR;18.05.2026;07:30;1;701409633110237;TEREZINHA INACIO GOMES;19.05.1942;84;1009;MARIA INACIO GOMES;RUA;PEDRO NICARETTA;;1970;PRIMO MAFFISSONI;79420000;(67)99699-8075;SAO GABRIEL DO OESTE;500769;SAO GABRIEL DO OESTE;500769;6452116;CENTRO DE ESPECIALIDADES MEDICAS;F;24.04.2026;FERNANDACRISTINAALVES;24.04.2026;FERNANDACRISTINAALVES;10.00;CONFIRMADO;Z016;01110123175;ELY DONIZETH DE ASSIS JUNIOR
663708109;0282063;0301010072;CONSULTA EM OTORRINOLARINGOLOGIA;78877326115;ANA PAULA CAVALIERI PONTES;08.05.2026;06:00;1;704808098562948;ANTONIO DE OLIVEIRA VIEIRA;26.07.1982;43;527;ELZA DE OLIVEIRA;RUA;PERIQUITO;;21;FENIX;79490000;(67)98414-3676;SAO GABRIEL DO OESTE;500769;SAO GABRIEL DO OESTE;500769;6452116;CENTRO DE ESPECIALIDADES MEDICAS;M;24.04.2026;FERNANDACRISTINAALVES;24.04.2026;FERNANDACRISTINAALVES;10.00;CONFIRMADO;Z016;78877326115;ANA PAULA CAVALIERI PONTES
663708121;0110002;0301010072;CONSULTA EM ORTOPEDIA - GERAL;89074033172;ROGERIO PADOVANI TOFFOLI;22.05.2026;12:30;0;701400625247530;OSMAR NIVALDO DELFINO;16.10.1958;67;812;ARLINDA MARIA DE JESUS DELFINO;RUA;AZULÃO;;1627;FÊNIX;79490000;(67)99673-6315;SAO GABRIEL DO OESTE;500769;SAO GABRIEL DO OESTE;500769;7002084;UNIDADE DE SAUDE DA FAMILIA IX;M;24.04.2026;AMANDALUIZA_BIAZUS;24.04.2026;AMANDALUIZA_BIAZUS;10.00;PENDENTE;M664;06901507925;EVELYN KASSIA TUDISCO FERNANDES
663709169;0110002;0301010072;CONSULTA EM ORTOPEDIA - GERAL;00530001101;BRUNO PETINARI UMBELINO;18.05.2026;08:00;1;702407573889825;NIKSON DEFANTE COUTINHO;23.08.1994;31;382;MARINETE DEFANTE COUTINHO;RUA;AMAZONAS;;2655;AMIBILE;79490000;(67)99609-3934;SAO GABRIEL DO OESTE;500769;SAO GABRIEL DO OESTE;500769;6452116;CENTRO DE ESPECIALIDADES MEDICAS;M;24.04.2026;FERNANDACRISTINAALVES;24.04.2026;FERNANDACRISTINAALVES;10.00;PENDENTE;Z016;00530001101;BRUNO PETINARI UMBELINO
663715737;0110002;0301010072;CONSULTA EM ORTOPEDIA - GERAL;89074033172;ROGERIO PADOVANI TOFFOLI;22.05.2026;12:30;0;700000992140107;REGINA APARECIDA BORGES DE OLIVEIRA;12.10.1981;44;536;IRACY PEREIRA BORGES;AVENIDA;SAO FRANCISCO;CASA;1695;CENTRO;79490000;(67)9974-2004;SAO GABRIEL DO OESTE;500769;SAO GABRIEL DO OESTE;500769;6452116;CENTRO DE ESPECIALIDADES MEDICAS;F;24.04.2026;CLEIDIANE_CEM;24.04.2026;CLEIDIANE_CEM;10.00;CONFIRMADO;Z016;89074033172;ROGERIO PADOVANI TOFFOLI
663716000;0282063;0301010072;CONSULTA EM OTORRINOLARINGOLOGIA;78877326115;ANA PAULA CAVALIERI PONTES;08.05.2026;07:30;1;708709102681998;MARILENE LEONEL FERREIRA DA SILVA;23.06.1964;62;744;JOANA FERREIRA LACERDA;RUA;TUIUIU;CASA;332;JARDIM GRAMADO;79490000;(67)99812-5287;SAO GABRIEL DO OESTE;500769;SAO GABRIEL DO OESTE;500769;6452116;CENTRO DE ESPECIALIDADES MEDICAS;F;24.04.2026;FERNANDACRISTINAALVES;24.04.2026;FERNANDACRISTINAALVES;10.00;PENDENTE;Z016;;RENATA ANASTACIO
663718249;0299008;0301010072;CONSULTA EM CIRURGIA VASCULAR – GERAL;70808015087;CELIO HELEGDA;27.05.2026;06:30;1;706800203657825;LEDA MARIA DA SILVA;16.04.1958;68;818;FILOMENA RIBEIRO;RUA;PATATIVAS;CASA;266;FENIX;79490000;(67)99961-4061;SAO GABRIEL DO OESTE;500769;SAO GABRIEL DO OESTE;500769;6452116;CENTRO DE ESPECIALIDADES MEDICAS;F;24.04.2026;FERNANDACRISTINAALVES;24.04.2026;FERNANDACRISTINAALVES;10.00;CONFIRMADO;Z016;70808015087;CELIO HELEGDA
663722263;1712011;0211080055;ESPIROMETRIA;09028429603;BERNARDO MEDEIROS MAIA;08.05.2026;07:30;0;700505384598158;ABDENAIDE FONTOURA AMARILHA;26.10.1960;65;788;MARIA ABADIA FONTOURA;RUA;DAS ARARAS;;1805;FENIX;79491102;(67)3295-3206 / (67)99831-3787;SAO GABRIEL DO OESTE;500769;SAO GABRIEL DO OESTE;500769;6354265;CENTRAL DE REGULACAO DE SAO GABRIEL DO OESTE;M;24.04.2026;KARINE_SAOGABRIELDOOESTE;07.05.2026;CLEIDIANE_REGULADOR;6.36;CONFIRMADO;J450;;BERNARDO MEDEIROS MAIA
663723223;0015001;0301010072;CONSULTA EM OFTALMOLOGIA GERAL;45183520097;JONI HILDOR SCHWEICKARDT;14.05.2026;07:00;0;702000382025289;THAIS SILVA DE OLIVEIRA;20.09.2005;20;249;LAZARA APARECIDA DA SILVA;RUA;JOAO RIBEIRO GUIMARAES;;155;JARDIM PRIMAVERA;79490000;(67)9938-6102;SAO GABRIEL DO OESTE;500769;SAO GABRIEL DO OESTE;500769;2370964;UNIDADE DE SAUDE DA FAMILIA III;F;24.04.2026;ANACLAUDIA_NOGUEIRA;24.04.2026;ANACLAUDIA_NOGUEIRA;10.00;CONFIRMADO;H539;02611833974;HUDSON PERES DORIGAO BELISARIO DE SOUZA
663724059;2300004;0301010072;CONSULTA EM CARDIOLOGIA;98260570106;CLAUDIA REGINA DUARTE CAZZOLATO KHALIL;15.05.2026;06:30;1;709008843831710;JOAO ALMEIDA DE OLIVEIRA;08.02.1945;81;976;JOVELINA MARIA DA CONCEICAO;RUA;PELICANOS;;158;JARDIM GRAMADO;79490000;(67)3295-3336 / (67)9859-9466;SAO GABRIEL DO OESTE;500769;SAO GABRIEL DO OESTE;500769;6452116;CENTRO DE ESPECIALIDADES MEDICAS;M;24.04.2026;FERNANDACRISTINAALVES;24.04.2026;FERNANDACRISTINAALVES;10.00;CONFIRMADO;Z016;98260570106;CLAUDIA REGINA DUARTE CAZZOLATO KHALIL
663726150;0701224;0301010072;CONSULTA EM NEUROLOGIA - GERAL;22264073837;ANSELMO COSTA;26.05.2026;14:00;0;705402450303598;REGINA CELIA SILVA ALENCAR;19.12.1972;53;642;MARIA DAS GRACAS SILVA DE ALENCAR;RUA;PELICANOS;;126;JARDIM GRAMADO;79490000;(67)3295-3336 / (67)99829-9586;SAO GABRIEL DO OESTE;500769;SAO GABRIEL DO OESTE;500769;6452116;CENTRO DE ESPECIALIDADES MEDICAS;F;24.04.2026;FERNANDACRISTINAALVES;24.04.2026;FERNANDACRISTINAALVES;10.00;CONFIRMADO;Z016;98260570106;CLAUDIA REGINA DUARTE CAZZOLATO KHALIL
663727133;0701224;0301010072;CONSULTA EM NEUROLOGIA - GERAL;22264073837;ANSELMO COSTA;06.05.2026;12:00;1;700305922782438;MARIO SERGIO FERNANDES DE FRANCA;12.01.1979;47;569;MONIQUE FERNANDES DE FRANCA;FAZENDA;LAVREBRAS;;S/N;RURAL;79490000;(67)99915-3846;SAO GABRIEL DO OESTE;500769;SAO GABRIEL DO OESTE;500769;6452116;CENTRO DE ESPECIALIDADES MEDICAS;M;24.04.2026;FERNANDACRISTINAALVES;24.04.2026;FERNANDACRISTINAALVES;10.00;PENDENTE;Z016;22264073837;ANSELMO COSTA
663728122;2300004;0301010072;CONSULTA EM CARDIOLOGIA;98260570106;CLAUDIA REGINA DUARTE CAZZOLATO KHALIL;22.05.2026;06:30;1;705803411155130;JUDITE EMA HARDT;30.04.1954;72;866;ADELIA BUZELATO PENSO;RUA;SERGIPE;CASA;505;COHAB IV;79490000;(67)3295-1080 / (67)99924-0705;SAO GABRIEL DO OESTE;500769;SAO GABRIEL DO OESTE;500769;6452116;CENTRO DE ESPECIALIDADES MEDICAS;F;24.04.2026;FERNANDACRISTINAALVES;24.04.2026;FERNANDACRISTINAALVES;10.00;PENDENTE;Z016;98260570106;CLAUDIA REGINA DUARTE CAZZOLATO KHALIL
663737092;0110002;0301010072;CONSULTA EM ORTOPEDIA - GERAL;32389571808;RODOLFO PELISSARI ZAMBOLIN;07.05.2026;12:30;1;700006615825605;DIOMAR NOGUEIRA;03.07.1981;45;540;DILCI BLOS NOGUEIRA;RUA;QUEROQUERO;CASA;490;CONJUNTO FENIX;79490000;(67)9661-0801;SAO GABRIEL DO OESTE;500769;SAO GABRIEL DO OESTE;500769;6452116;CENTRO DE ESPECIALIDADES MEDICAS;M;24.04.2026;ARI_CEM;24.04.2026;VANIA_MARIANO;10.00;PENDENTE;M255;32389571808;RODOLFO PELISSARI ZAMBOLIN
663744288;0110002;0301010072;CONSULTA EM ORTOPEDIA - GERAL;00468987193;ARTHUR MARTINS DE ALMEIDA;05.05.2026;08:00;0;701809246417378;IVANIR GRANDO;09.05.1962;64;769;HUMBERTINA DAL MASO GRANDO;RUA;GREGORIANA;CHACARA;5;PRIMO MAFFISSONI;79490000;(67)99664-5947;SAO GABRIEL DO OESTE;500769;SAO GABRIEL DO OESTE;500769;7333218;UNIDADE DE SAUDE DA FAMILIA X;F;24.04.2026;RAISSASILVALIMA;24.04.2026;RAISSASILVALIMA;10.00;PENDENTE;D16;63805480172;CLEDSON PERETTI
663744496;2300004;0301010072;CONSULTA EM CARDIOLOGIA;98260570106;CLAUDIA REGINA DUARTE CAZZOLATO KHALIL;29.05.2026;06:30;1;704808098562948;ANTONIO DE OLIVEIRA VIEIRA;26.07.1982;43;527;ELZA DE OLIVEIRA;RUA;PERIQUITO;;21;FENIX;79490000;(67)98414-3676;SAO GABRIEL DO OESTE;500769;SAO GABRIEL DO OESTE;500769;6452116;CENTRO DE ESPECIALIDADES MEDICAS;M;24.04.2026;FERNANDACRISTINAALVES;24.04.2026;FERNANDACRISTINAALVES;10.00;PENDENTE;I20;98260570106;CLAUDIA REGINA DUARTE CAZZOLATO KHALIL
663745051;2300004;0301010072;CONSULTA EM CARDIOLOGIA;98260570106;CLAUDIA REGINA DUARTE CAZZOLATO KHALIL;29.05.2026;06:30;1;700502367179158;MARIA MARCILENE DA SILVA OLIVEIRA;18.01.1978;48;581;MARIA DAS MERCES DA SILVA OLIVEIRA;RUA;PERIQUITO;CASA;41;FENIX;79490000;(21)2105-0000;SAO GABRIEL DO OESTE;500769;SAO GABRIEL DO OESTE;500769;6452116;CENTRO DE ESPECIALIDADES MEDICAS;F;24.04.2026;FERNANDACRISTINAALVES;24.04.2026;FERNANDACRISTINAALVES;10.00;PENDENTE;I20;98260570106;CLAUDIA REGINA DUARTE CAZZOLATO KHALIL
663746489;1712011;0211080055;ESPIROMETRIA;09028429603;BERNARDO MEDEIROS MAIA;08.05.2026;07:30;0;706906108905439;ANGELA DE OLIVEIRA RIBEIRO DA SILVA;25.04.1977;49;590;SEBASTIANA DE MORAES OLIVEIRA;RUA;ACRE;;853;CENTRO;79490000;(67)99896-7122;SAO GABRIEL DO OESTE;500769;SAO GABRIEL DO OESTE;500769;6354265;CENTRAL DE REGULACAO DE SAO GABRIEL DO OESTE;F;24.04.2026;KARINE_SAOGABRIELDOOESTE;07.05.2026;CLEIDIANE_REGULADOR;6.36;CONFIRMADO;J450;;BERNARDO MEDEIROS MAIA
663750110;0282081;0301010072;CONSULTA EM CIRURGIA GERAL;48047740172;EVA WILMA ABDO DOS SANTOS GUIMARAES;07.05.2026;06:30;0;705202496422672;PAULO CESAR TRINDADE;20.10.1990;35;428;MARIA GONCALVES FERREIRA TRINDADE;RUA;OITI;;161;SÃO CRISTÓVÃO;79490000;(67)3295-4214 / (67)98421-5889;SAO GABRIEL DO OESTE;500769;SAO GABRIEL DO OESTE;500769;2370964;UNIDADE DE SAUDE DA FAMILIA III;M;24.04.2026;ANACLAUDIA_NOGUEIRA;27.04.2026;VANIA_MARIANO;10.00;PENDENTE;A630;02611833974;HUDSON PERES DORIGAO BELISARIO DE SOUZA
663751653;0110002;0301010072;CONSULTA EM ORTOPEDIA - GERAL;00530001101;BRUNO PETINARI UMBELINO;25.05.2026;06:30;0;703407263623213;SOLANGE ALVES DOS SANTOS;25.04.1975;51;614;CICERA FERREIRA DA SILVA;RUA;CURIO 1466/99999;;1988;FENIX;79491082;(67)99801-6649;SAO GABRIEL DO OESTE;500769;SAO GABRIEL DO OESTE;500769;2370999;UNIDADE DE SAUDE DA FAMILIA FENIX IV;F;24.04.2026;GUSTAVO_PIAIA;24.04.2026;GUSTAVO_PIAIA;10.00;CONFIRMADO;M545;96245646120;RAFAELLA MARIA COSTA GOIS DE FIGUEIREDO
663756853;0320174;0301010072;CONSULTA EM PNEUMOLOGIA - GERAL;09028429603;BERNARDO MEDEIROS MAIA;26.05.2026;13:00;1;704304530542690;JOAO ALVES DE SOUSA;18.06.1952;74;888;LUZIA MARIA DA CONCEICAO;RUA;CANARIOS;CASA;240;JARDIM GRAMADO;79490000;(67)99981-1945 / (67)99821-8119;SAO GABRIEL DO OESTE;500769;SAO GABRIEL DO OESTE;500769;6452116;CENTRO DE ESPECIALIDADES MEDICAS;M;24.04.2026;FERNANDACRISTINAALVES;24.04.2026;FERNANDACRISTINAALVES;10.00;CONFIRMADO;Z00;09028429603;BERNARDO MEDEIROS MAIA
663765031;0320003;0211020036;ELETROCARDIOGRAMA;01110123175;ELY DONIZETH DE ASSIS JUNIOR;04.05.2026;08:00;0;700408488040440;OSVALDO BARIA;09.07.1946;79;959;MARIA APARECIDA GONCALVES DA SILVA BARIA;RUA;TICO-TICO;;138;FENIX;79491096;(67)99932-3314;SAO GABRIEL DO OESTE;500769;SAO GABRIEL DO OESTE;500769;6452116;CENTRO DE ESPECIALIDADES MEDICAS;M;24.04.2026;FERNANDACRISTINAALVES;24.04.2026;FERNANDACRISTINAALVES;5.15;PENDENTE;Z518;01110123175;ELY DONIZETH DE ASSIS JUNIOR
663777934;0282063;0301010072;CONSULTA EM OTORRINOLARINGOLOGIA;78877326115;ANA PAULA CAVALIERI PONTES;08.05.2026;07:30;1;704003396524761;VALDEMAR DE SOUZA;25.04.1972;54;650;MARIA DE LOURDES DE JESUS;RUA;SAO JORGE;CASA 29;289;JARDIM PRIMAVERA;79490164;(75)99948-4799;SAO GABRIEL DO OESTE;500769;SAO GABRIEL DO OESTE;500769;6452116;CENTRO DE ESPECIALIDADES MEDICAS;M;24.04.2026;FERNANDACRISTINAALVES;24.04.2026;FERNANDACRISTINAALVES;10.00;PENDENTE;Z00;78877326115;ANA PAULA CAVALIERI PONTES
663781973;0110002;0301010072;CONSULTA EM ORTOPEDIA - GERAL;89074033172;ROGERIO PADOVANI TOFFOLI;22.05.2026;12:30;0;700506328109652;ISAMAR LEAL PIRES;10.05.1968;58;697;MARINA MARIA LEAL PIRES;RUA;BOAVENTURA FERREIRA ROSA 1200/99999;;1505;PRIMO MAFFISSONI;79490324;(67)98446-5940;SAO GABRIEL DO OESTE;500769;SAO GABRIEL DO OESTE;500769;6452116;CENTRO DE ESPECIALIDADES MEDICAS;F;24.04.2026;FERNANDACRISTINAALVES;24.04.2026;FERNANDACRISTINAALVES;10.00;PENDENTE;M751;04469955680;DANIEL ROCHA DO CARMO
663784583;2300004;0301010072;CONSULTA EM CARDIOLOGIA;98260570106;CLAUDIA REGINA DUARTE CAZZOLATO KHALIL;28.05.2026;13:00;1;708004896226321;MANOEL MESSIAS CARDOSO DA SILVA;13.12.1962;63;762;DONATILIA MARIA DA SILVA;RUA;AROEIRA;;230;SÃO CRISTOVÃO;79490000;(67)99864-7422;SAO GABRIEL DO OESTE;500769;SAO GABRIEL DO OESTE;500769;6452116;CENTRO DE ESPECIALIDADES MEDICAS;M;24.04.2026;FERNANDACRISTINAALVES;24.04.2026;FERNANDACRISTINAALVES;10.00;CONFIRMADO;I20;98260570106;CLAUDIA REGINA DUARTE CAZZOLATO KHALIL
663831514;2300004;0301010072;CONSULTA EM CARDIOLOGIA;01110123175;ELY DONIZETH DE ASSIS JUNIOR;18.05.2026;07:30;1;709206246630037;MARIA PEREIRA DE SOUZA;21.12.1958;67;810;OZANA MARIA DA CONCEICAO;RUA;ALAGOAS;;2769;CENTRO;79490000;(67)99933-5688;SAO GABRIEL DO OESTE;500769;SAO GABRIEL DO OESTE;500769;6452116;CENTRO DE ESPECIALIDADES MEDICAS;F;24.04.2026;FERNANDACRISTINAALVES;24.04.2026;FERNANDACRISTINAALVES;10.00;CONFIRMADO;Z016;01110123175;ELY DONIZETH DE ASSIS JUNIOR
663838439;0701224;0301010072;CONSULTA EM NEUROLOGIA - GERAL;22264073837;ANSELMO COSTA;26.05.2026;14:00;0;702808121250866;MARLI FERREIRA DE SOUZA;10.11.1983;42;511;SEBASTIANA FERREIRA DE SOUZA;RUA;RIO DE JANEIRO;;1084;CENTRO;79490000;(67)99656-5956;SAO GABRIEL DO OESTE;500769;SAO GABRIEL DO OESTE;500769;2591359;UNIDADE DE SAUDE DA FAMILIA V;F;24.04.2026;CHRISTIANEHELEN_FREITAS;24.04.2026;CHRISTIANEHELEN_FREITAS;10.00;CONFIRMADO;G43;04796956107;JULIANA DA ROCHA PEREIRA MENEZES
663841884;0299008;0301010072;CONSULTA EM CIRURGIA VASCULAR – GERAL;70808015087;CELIO HELEGDA;13.05.2026;06:30;0;704603674052921;GEOVANA RIBEIRO DA SILVA;01.09.1968;57;694;ILDA FERREIRA RIBEIRO;RUA;CASTANHEIRA;CASA;555;SAO CRISTOVAO;79491182;(67)99913-8705 / (67)99637-3217;SAO GABRIEL DO OESTE;500769;SAO GABRIEL DO OESTE;500769;6452116;CENTRO DE ESPECIALIDADES MEDICAS;F;24.04.2026;FERNANDACRISTINAALVES;24.04.2026;FERNANDACRISTINAALVES;10.00;CONFIRMADO;Z016;70808015087;CELIO HELEGDA
663850083;0110002;0301010072;CONSULTA EM ORTOPEDIA - GERAL;06302616603;ROMULO AMARAL TAFURI;20.05.2026;14:00;1;700200961894930;WILLAME RAIMUNDO DA COSTA;26.11.1994;31;379;ELZA ANTONIA DA SILVA COSTA;AVENIDA;CAMPO GRANDE;CASA5;2;MILANI;79490000;(87)98108-2081;SAO GABRIEL DO OESTE;500769;SAO GABRIEL DO OESTE;500769;6452116;CENTRO DE ESPECIALIDADES MEDICAS;M;24.04.2026;FERNANDACRISTINAALVES;24.04.2026;FERNANDACRISTINAALVES;10.00;PENDENTE;Z016;06302616603;ROMULO AMARAL TAFURI
663857140;0320003;0211020036;ELETROCARDIOGRAMA;01110123175;ELY DONIZETH DE ASSIS JUNIOR;08.05.2026;08:00;0;700509558374555;NELSON ANTONIO NESELLO;17.08.1940;85;1030;BENVENUTA NESELLO;RUA;FRANCISCO MILANI;;1405;MILANI;79490000;(61)3315-2425;SAO GABRIEL DO OESTE;500769;SAO GABRIEL DO OESTE;500769;6452116;CENTRO DE ESPECIALIDADES MEDICAS;M;24.04.2026;FERNANDACRISTINAALVES;24.04.2026;FERNANDACRISTINAALVES;5.15;PENDENTE;Z016;93275439120;VALDIRENE CARDOSO PEREIRA
663860260;3516007;0301010072;CONSULTA EM UROLOGIA - GERAL;04349392181;ANTONIO AUGUSTO PALOMBO MENDES;22.05.2026;06:30;1;701201075132119;IRUCI VALDIR POZENATO;26.02.1954;72;868;OLIDES LIRA POZENATO;RUA;JOSE FERREIRA DA CUNHA;;324;CAPÃO REDONDO;79490000;(67)3295-1089 / (67)99962-2807;SAO GABRIEL DO OESTE;500769;SAO GABRIEL DO OESTE;500769;6452116;CENTRO DE ESPECIALIDADES MEDICAS;M;24.04.2026;FERNANDACRISTINAALVES;24.04.2026;FERNANDACRISTINAALVES;10.00;CONFIRMADO;Z016;04349392181;ANTONIO AUGUSTO PALOMBO MENDES
663861668;0015001;0301010072;CONSULTA EM OFTALMOLOGIA GERAL;45183520097;JONI HILDOR SCHWEICKARDT;14.05.2026;07:00;0;702302170538214;GIOVANA GONZAGA RIBEIRO;08.01.2004;22;269;EDILAINE GONZAGA RIBEIRO;RUA;CURICACA;;958;JARDIM GRAMADO;79490000;(67)99603-4605;SAO GABRIEL DO OESTE;500769;SAO GABRIEL DO OESTE;500769;2370980;UNIDADE DE SAUDE DA FAMILIA JARDIM GRAMADO I;F;24.04.2026;ELIANI_MOREIRA;24.04.2026;ELIANI_MOREIRA;10.00;CONFIRMADO;H522;96040653191;PAULO FENELON MARINHO
663872940;2300004;0301010072;CONSULTA EM CARDIOLOGIA;01110123175;ELY DONIZETH DE ASSIS JUNIOR;04.05.2026;06:30;0;703202654565596;MARIZETE DA SILVA DIVINO;06.06.1984;42;505;MARIA DA SILVA DIVINO;RUA;TANGARA;;347;FÊNIX;79490000;(67)99948-5904 / (67)99948-5904;SAO GABRIEL DO OESTE;500769;SAO GABRIEL DO OESTE;500769;7002084;UNIDADE DE SAUDE DA FAMILIA IX;F;24.04.2026;AMANDALUIZA_BIAZUS;24.04.2026;VANIA_MARIANO;10.00;PENDENTE;Z000;06901507925;EVELYN KASSIA TUDISCO FERNANDES
663876274;0110002;0301010072;CONSULTA EM ORTOPEDIA - GERAL;00468987193;ARTHUR MARTINS DE ALMEIDA;19.05.2026;06:30;1;898005836229459;JOAO HENRIQUE CAMARGO ANTONIO;03.04.2005;21;255;LAURA CANDIDO CAMARGO;INVALIDO;SARACURA;;1169;JD GRAMADO;;(61)3315-2425;SAO GABRIEL DO OESTE;500769;SAO GABRIEL DO OESTE;500769;6452116;CENTRO DE ESPECIALIDADES MEDICAS;M;24.04.2026;FERNANDACRISTINAALVES;24.04.2026;VANIA_MARIANO;10.00;CONFIRMADO;Z016;00468987193;ARTHUR MARTINS DE ALMEIDA
663881647;0110002;0301010072;CONSULTA EM ORTOPEDIA - GERAL;00468987193;ARTHUR MARTINS DE ALMEIDA;26.05.2026;06:30;0;700507329441155;JOEL CESPEDE MARCAL;12.07.1967;58;707;MARIA CARMEM CESPEDES MARCAL;INVALIDO;RUA PELICANOS;;684;JARDIM GRAMADO;79490000;(61)3315-2425;SAO GABRIEL DO OESTE;500769;SAO GABRIEL DO OESTE;500769;6452116;CENTRO DE ESPECIALIDADES MEDICAS;M;24.04.2026;FERNANDACRISTINAALVES;24.04.2026;FERNANDACRISTINAALVES;10.00;CONFIRMADO;Z016;;YASMIM YAIME
663886389;0701224;0301010072;CONSULTA EM NEUROLOGIA - GERAL;22264073837;ANSELMO COSTA;26.05.2026;14:00;0;707604248405691;GABRIELY VIEIRA DO PRADO;25.03.2008;18;219;INGRE DOS SANTOS VIEIRA;RUA;AZULAO;;1175;CONJUNTO FENIX;79490000;(67)99627-9578;SAO GABRIEL DO OESTE;500769;SAO GABRIEL DO OESTE;500769;7002084;UNIDADE DE SAUDE DA FAMILIA IX;F;24.04.2026;AMANDALUIZA_BIAZUS;24.04.2026;AMANDALUIZA_BIAZUS;10.00;PENDENTE;G40;01415181110;ANGELA BENITES
663886917;0320174;0301010072;CONSULTA EM PNEUMOLOGIA - GERAL;09028429603;BERNARDO MEDEIROS MAIA;26.05.2026;14:00;1;702606208356348;SEBASTIANA MA DA SILVA;05.09.1973;52;634;MARIA JOSEFA DA SILVA;RUA;HILARIO NICARETA;CASA;1986;PRIMO MAFFISSONI;79490000;(67)99815-9465;SAO GABRIEL DO OESTE;500769;SAO GABRIEL DO OESTE;500769;6452116;CENTRO DE ESPECIALIDADES MEDICAS;F;24.04.2026;FERNANDACRISTINAALVES;24.04.2026;FERNANDACRISTINAALVES;10.00;CONFIRMADO;Z016;09028429603;BERNARDO MEDEIROS MAIA
663889697;0110002;0301010072;CONSULTA EM ORTOPEDIA - GERAL;93393539191;RODOLFO FABIANO NIZ BAREIRO;21.05.2026;14:00;0;707802631777713;ANDRESON MELO FERREIRA;24.07.1989;36;443;DILMA FERREIRA MELO;RUA;AZULAO 1073/99998;;1801;FENIX;79491104;(67)99913-7835 / (67)98116-4076;SAO GABRIEL DO OESTE;500769;SAO GABRIEL DO OESTE;500769;2370999;UNIDADE DE SAUDE DA FAMILIA FENIX IV;M;24.04.2026;GUSTAVO_PIAIA;24.04.2026;GUSTAVO_PIAIA;10.00;PENDENTE;M75;00703866176;ALCIDES EDUARDO EIBEL
663889800;0320003;0211020036;ELETROCARDIOGRAMA;01110123175;ELY DONIZETH DE ASSIS JUNIOR;04.05.2026;08:00;0;705603487324717;FLAVIO LEMES LIMA;23.02.2010;16;196;SINTIELE LEMES DOS SANTOS;RUA;CAMBARÁ;;725;FLOR DO CERRADO;79490000;(67)99882-9485;SAO GABRIEL DO OESTE;500769;SAO GABRIEL DO OESTE;500769;7002084;UNIDADE DE SAUDE DA FAMILIA IX;M;24.04.2026;AMANDALUIZA_BIAZUS;24.04.2026;AMANDALUIZA_BIAZUS;5.15;PENDENTE;Z000;01415181110;ANGELA BENITES
663890439;0015001;0301010072;CONSULTA EM OFTALMOLOGIA GERAL;45183520097;JONI HILDOR SCHWEICKARDT;14.05.2026;07:00;0;701202069550010;ALESSANDRA FAGUNDES DA SILVA;30.08.1997;28;346;CLEIDONIR FAGUNDES;RUA;MARIA SEVERO;CASA;1871;PRIMO MAFFISSONI;79490000;(67)99816-6997;SAO GABRIEL DO OESTE;500769;SAO GABRIEL DO OESTE;500769;7333218;UNIDADE DE SAUDE DA FAMILIA X;F;24.04.2026;RAISSASILVALIMA;24.04.2026;RAISSASILVALIMA;10.00;CONFIRMADO;Z010;63805480172;CLEDSON PERETTI
663890816;0015001;0301010072;CONSULTA EM OFTALMOLOGIA GERAL;45183520097;JONI HILDOR SCHWEICKARDT;14.05.2026;09:00;0;702609726947648;MIRELLA FAGUNDES;06.09.2018;07;94;ALESSANDRA FAGUNDES DA SILVA;RUA;MARIA SEVERO;CASA;1871;PRIMO MAFFISSONI;79490000;(61)3315-2425 / (67)99880-6997;SAO GABRIEL DO OESTE;500769;SAO GABRIEL DO OESTE;500769;7333218;UNIDADE DE SAUDE DA FAMILIA X;F;24.04.2026;RAISSASILVALIMA;24.04.2026;RAISSASILVALIMA;10.00;CONFIRMADO;Z010;63805480172;CLEDSON PERETTI
663891465;0110002;0301010072;CONSULTA EM ORTOPEDIA - GERAL;04469955680;DANIEL ROCHA DO CARMO;25.05.2026;12:30;1;702302139188711;MARIA CLEIA RIBEIRO DA SILVA;11.08.1979;46;562;MARIA DAS GRACAS RIBEIRO;RUA;CANARIOS;;983;JARDIM GRAMADO;79490000;(67)9604-6556;SAO GABRIEL DO OESTE;500769;SAO GABRIEL DO OESTE;500769;6452116;CENTRO DE ESPECIALIDADES MEDICAS;F;24.04.2026;FERNANDACRISTINAALVES;27.04.2026;VANIA_MARIANO;10.00;CONFIRMADO;Z016;04469955680;DANIEL ROCHA DO CARMO
663895702;0110002;0301010072;CONSULTA EM ORTOPEDIA - GERAL;06302616603;ROMULO AMARAL TAFURI;27.05.2026;12:30;1;708207113900540;MARCOS VINICIUS LOPES BEZERRA;14.12.1995;30;366;IZOLDA APARECIDA LOPES LOMBA BEZERRA;RUA;ALAGOAS;;2304;CENTRO;79490000;(67)9946-6982;SAO GABRIEL DO OESTE;500769;SAO GABRIEL DO OESTE;500769;6452116;CENTRO DE ESPECIALIDADES MEDICAS;M;24.04.2026;FERNANDACRISTINAALVES;24.04.2026;FERNANDACRISTINAALVES;10.00;CONFIRMADO;Z016;06302616603;ROMULO AMARAL TAFURI
663899898;0110002;0301010072;CONSULTA EM ORTOPEDIA - GERAL;32389571808;RODOLFO PELISSARI ZAMBOLIN;07.05.2026;12:30;1;704702770712838;CLAUDIR EIBEL;07.02.1972;54;653;ANAYR PIERINA EIBEL;RUA;RAIMUNDO PRADO;;119;CENTRO;79490000;(67)99639-2349;SAO GABRIEL DO OESTE;500769;SAO GABRIEL DO OESTE;500769;6452116;CENTRO DE ESPECIALIDADES MEDICAS;M;24.04.2026;FERNANDACRISTINAALVES;24.04.2026;VANIA_MARIANO;10.00;PENDENTE;Z016;32389571808;RODOLFO PELISSARI ZAMBOLIN
663901307;0110002;0301010072;CONSULTA EM ORTOPEDIA - GERAL;00530001101;BRUNO PETINARI UMBELINO;04.05.2026;06:30;0;706202005960065;EDUARDO MARTINS ALMADA;15.10.1988;37;452;LIGIA MARTINS CASTILHO ALMADA;RUA;SAO PAULO;CASA;1817;CENTRO;79490000;(67)99947-9002;SAO GABRIEL DO OESTE;500769;SAO GABRIEL DO OESTE;500769;6452116;CENTRO DE ESPECIALIDADES MEDICAS;M;24.04.2026;ARI_CEM;24.04.2026;ARI_CEM;10.00;CONFIRMADO;Z00;00530001101;BRUNO PETINARI UMBELINO
663904651;0282063;0301010072;CONSULTA EM OTORRINOLARINGOLOGIA;78877326115;ANA PAULA CAVALIERI PONTES;15.05.2026;06:00;1;700402445286949;SAMARA SANTOS E SANTOS;13.01.1992;34;413;LUZIA VITOR DOS SANTOS;RUA;CURUIRAS;CASA;1754;JARDIM GRAMADO;79490000;(67)99681-4442;SAO GABRIEL DO OESTE;500769;SAO GABRIEL DO OESTE;500769;6452116;CENTRO DE ESPECIALIDADES MEDICAS;F;24.04.2026;FERNANDACRISTINAALVES;24.04.2026;FERNANDACRISTINAALVES;10.00;CONFIRMADO;Z016;78877326115;ANA PAULA CAVALIERI PONTES
663952910;2300004;0301010072;CONSULTA EM CARDIOLOGIA;99746328115;GUSTAVO TRINDADE DE QUEIROZ;08.05.2026;06:30;1;706200703413270;ISAAC DE ALMEIDA;31.10.1946;79;956;MARIA MAGNOLIA DE ALMEIDA;AREA;LAR COOPERATIVA;;S/N;AREA RURAL DE SAO GABRIEL DO OESTE;79493899;(51)99632-4537;SAO GABRIEL DO OESTE;500769;SAO GABRIEL DO OESTE;500769;6452116;CENTRO DE ESPECIALIDADES MEDICAS;M;27.04.2026;FERNANDACRISTINAALVES;27.04.2026;FERNANDACRISTINAALVES;10.00;CONFIRMADO;Z016;01110123175;ELY DONIZETH DE ASSIS JUNIOR
663953273;0320003;0211020036;ELETROCARDIOGRAMA;01110123175;ELY DONIZETH DE ASSIS JUNIOR;06.05.2026;14:00;0;706200703413270;ISAAC DE ALMEIDA;31.10.1946;79;956;MARIA MAGNOLIA DE ALMEIDA;AREA;LAR COOPERATIVA;;S/N;AREA RURAL DE SAO GABRIEL DO OESTE;79493899;(51)99632-4537;SAO GABRIEL DO OESTE;500769;SAO GABRIEL DO OESTE;500769;6452116;CENTRO DE ESPECIALIDADES MEDICAS;M;27.04.2026;FERNANDACRISTINAALVES;27.04.2026;FERNANDACRISTINAALVES;5.15;PENDENTE;Z016;93275439120;VALDIRENE CARDOSO PEREIRA
663956099;0110002;0301010072;CONSULTA EM ORTOPEDIA - GERAL;00530001101;BRUNO PETINARI UMBELINO;18.05.2026;06:30;1;700808405444081;MARIA APARECIDA MARTINS DO NASCIMENTO COSTA;01.04.1992;34;411;MARIA MARTINS DA COSTA;RUA;DAS PERDIZES 965/99998;;1279;SAO CRISTOVAO;79491192;(67)99924-2981;SAO GABRIEL DO OESTE;500769;SAO GABRIEL DO OESTE;500769;6452116;CENTRO DE ESPECIALIDADES MEDICAS;F;27.04.2026;FERNANDACRISTINAALVES;27.04.2026;VANIA_MARIANO;10.00;PENDENTE;Z016;00530001101;BRUNO PETINARI UMBELINO
663957486;2300004;0301010072;CONSULTA EM CARDIOLOGIA;98260570106;CLAUDIA REGINA DUARTE CAZZOLATO KHALIL;22.05.2026;06:30;1;700902972112195;CARLOS LUIZ DA SILVA;24.11.1968;57;691;IVONE MARIA DA SILVA;RUA;PERDIZES;CASA;1257;FLOR DO CERRADO;79490000;(67)99652-5683;SAO GABRIEL DO OESTE;500769;SAO GABRIEL DO OESTE;500769;6452116;CENTRO DE ESPECIALIDADES MEDICAS;M;27.04.2026;FERNANDACRISTINAALVES;27.04.2026;FERNANDACRISTINAALVES;10.00;PENDENTE;Z016;98260570106;CLAUDIA REGINA DUARTE CAZZOLATO KHALIL
663958011;2300004;0301010072;CONSULTA EM CARDIOLOGIA;98260570106;CLAUDIA REGINA DUARTE CAZZOLATO KHALIL;22.05.2026;06:30;1;704703009124040;IVONE MARIA DA SILVA;18.03.1948;78;939;CECILIA MARIA DA CONCEICAO;AVENIDA;SANTO ANTONIO;;385;MILANI;79492094;(67)99846-9214;SAO GABRIEL DO OESTE;500769;SAO GABRIEL DO OESTE;500769;6452116;CENTRO DE ESPECIALIDADES MEDICAS;F;27.04.2026;FERNANDACRISTINAALVES;27.04.2026;FERNANDACRISTINAALVES;10.00;PENDENTE;Z016;98260570106;CLAUDIA REGINA DUARTE CAZZOLATO KHALIL
663958604;2300004;0301010072;CONSULTA EM CARDIOLOGIA;98260570106;CLAUDIA REGINA DUARTE CAZZOLATO KHALIL;29.05.2026;06:30;1;708606093591187;ALEXANDRA APARECIDA DA SILVA;23.02.1973;53;640;IVONE MARIA DA SILVA;RUA;FRANCISCO MILANI;CASA;810;MILANI;79490000;(67)99299-4982;SAO GABRIEL DO OESTE;500769;SAO GABRIEL DO OESTE;500769;6452116;CENTRO DE ESPECIALIDADES MEDICAS;F;27.04.2026;FERNANDACRISTINAALVES;27.04.2026;FERNANDACRISTINAALVES;10.00;PENDENTE;Z016;98260570106;CLAUDIA REGINA DUARTE CAZZOLATO KHALIL
663960552;0110002;0301010072;CONSULTA EM ORTOPEDIA - GERAL;04469955680;DANIEL ROCHA DO CARMO;04.05.2026;12:30;1;700102908927512;ADRIANA DE JESUS DOS SANTOS;02.04.1979;47;567;MARIA MARTINHA DE JESUS;RUA;CURICACA;;1919;JARDIM GRAMADO;79490000;(67)99671-5752;SAO GABRIEL DO OESTE;500769;SAO GABRIEL DO OESTE;500769;6452116;CENTRO DE ESPECIALIDADES MEDICAS;F;27.04.2026;FERNANDACRISTINAALVES;27.04.2026;VANIA_MARIANO;10.00;PENDENTE;Z016;04469955680;DANIEL ROCHA DO CARMO
663962893;2300004;0301010072;CONSULTA EM CARDIOLOGIA;99746328115;GUSTAVO TRINDADE DE QUEIROZ;08.05.2026;06:30;1;700804986169588;ELOISA JESUS DA CRUZ;13.06.1995;31;372;ADRIANA DE JESUS DOS SANTOS;RUA;CANARIOS;;332;JARDIM GRAMADO;79490000;(67)99651-3204;SAO GABRIEL DO OESTE;500769;SAO GABRIEL DO OESTE;500769;6452116;CENTRO DE ESPECIALIDADES MEDICAS;F;27.04.2026;FERNANDACRISTINAALVES;27.04.2026;FERNANDACRISTINAALVES;10.00;PENDENTE;Z016;01110123175;ELY DONIZETH DE ASSIS JUNIOR
663971860;0015001;0301010072;CONSULTA EM OFTALMOLOGIA GERAL;45183520097;JONI HILDOR SCHWEICKARDT;14.05.2026;07:00;0;707408032052974;SONIA VERAO RODRIGUES;12.07.1968;57;695;IDA VERAO RODRIGUES;RUA;MINAS GERAIS;CASA 07;1870;CENTRO;79490000;(67)99963-9815;SAO GABRIEL DO OESTE;500769;SAO GABRIEL DO OESTE;500769;2591359;UNIDADE DE SAUDE DA FAMILIA V;F;27.04.2026;CHRISTIANEHELEN_FREITAS;27.04.2026;CHRISTIANEHELEN_FREITAS;10.00;CONFIRMADO;Z010;04796956107;JULIANA DA ROCHA PEREIRA MENEZES
663973498;0110002;0301010072;CONSULTA EM ORTOPEDIA - GERAL;93393539191;RODOLFO FABIANO NIZ BAREIRO;14.05.2026;12:30;1;701005876261699;JOSE CANDIDO DE ALMEIDA RIQUINHO;01.03.1960;66;796;RODOLFINA DE ALMEIDA;RUA;DONA ELVIRA;;1260;MILANI;79490000;(67)99980-3517 / (67)99982-9636;SAO GABRIEL DO OESTE;500769;SAO GABRIEL DO OESTE;500769;6452116;CENTRO DE ESPECIALIDADES MEDICAS;M;27.04.2026;FERNANDACRISTINAALVES;27.04.2026;FERNANDACRISTINAALVES;10.00;PENDENTE;Z016;00468987193;ARTHUR MARTINS DE ALMEIDA
663978511;0015001;0301010072;CONSULTA EM OFTALMOLOGIA GERAL;45183520097;JONI HILDOR SCHWEICKARDT;14.05.2026;07:00;0;705404490996995;JOSE INACIO DE OLIVEIRA;16.01.1969;57;689;MARIA SEBASTIANA DE JESUS;RUA;CANARIOS;;1051;JARDIM GRAMADO;79490000;(67)99903-2826;SAO GABRIEL DO OESTE;500769;SAO GABRIEL DO OESTE;500769;2370980;UNIDADE DE SAUDE DA FAMILIA JARDIM GRAMADO I;M;27.04.2026;ELIANI_MOREIRA;27.04.2026;ELIANI_MOREIRA;10.00;CONFIRMADO;H54;96040653191;PAULO FENELON MARINHO
663979424;3516007;0301010072;CONSULTA EM UROLOGIA - GERAL;04349392181;ANTONIO AUGUSTO PALOMBO MENDES;22.05.2026;08:00;1;706506391089697;TAJI OTTONI;18.08.1977;48;586;LOURDES LUPATINI OTTONI;AVENIDA;RUI BARBOSA;;742;JD ALVORADA;79490000;(67)99874-9581;SAO GABRIEL DO OESTE;500769;SAO GABRIEL DO OESTE;500769;6452116;CENTRO DE ESPECIALIDADES MEDICAS;M;27.04.2026;PATRICKMASIAGA;27.04.2026;PATRICKMASIAGA;10.00;CONFIRMADO;Z016;08418818123;PATRICK RICHARD ARGUELHO MASIAGA
663982704;0110002;0301010072;CONSULTA EM ORTOPEDIA - GERAL;00530001101;BRUNO PETINARI UMBELINO;25.05.2026;06:30;1;706504377741593;CRISLAINE MACHADO RUIZ;12.06.1991;35;420;SONILDE TOBIAS MACHADO;SITIO;VESPERO;ASSENT ITAQUI;48;ZONA RURAL;79490000;(67)99612-4016;SAO GABRIEL DO OESTE;500769;SAO GABRIEL DO OESTE;500769;6452116;CENTRO DE ESPECIALIDADES MEDICAS;F;27.04.2026;FERNANDACRISTINAALVES;27.04.2026;FERNANDACRISTINAALVES;10.00;PENDENTE;Z016;00530001101;BRUNO PETINARI UMBELINO
663986491;2300004;0301010072;CONSULTA EM CARDIOLOGIA;01110123175;ELY DONIZETH DE ASSIS JUNIOR;19.05.2026;06:30;1;707009894280538;THIAGO APARECIDO FERRAZ;06.03.1983;43;520;SANDRA DA SILVA CANUTO;RUA;SAO PAULO;;2110;CENTRO;79490000;(67)98482-3265;SAO GABRIEL DO OESTE;500769;SAO GABRIEL DO OESTE;500769;6452116;CENTRO DE ESPECIALIDADES MEDICAS;M;27.04.2026;PATRICKMASIAGA;27.04.2026;PATRICKMASIAGA;10.00;CONFIRMADO;Z016;01110123175;ELY DONIZETH DE ASSIS JUNIOR
663987823;0110002;0301010072;CONSULTA EM ORTOPEDIA - GERAL;00530001101;BRUNO PETINARI UMBELINO;25.05.2026;06:30;1;703005816014179;BRENO LUIZ DE SOUZA SILVA;04.05.2012;14;170;EVELEN CRISTINA BRUNO DE SOUZA;RUA;SARACURA;;1580;JARDIM GRAMADO;79490000;(67)99893-5017;SAO GABRIEL DO OESTE;500769;SAO GABRIEL DO OESTE;500769;6452116;CENTRO DE ESPECIALIDADES MEDICAS;M;27.04.2026;PATRICKMASIAGA;27.04.2026;PATRICKMASIAGA;10.00;CONFIRMADO;Z016;08418818123;PATRICK RICHARD ARGUELHO MASIAGA
663989437;0320003;0211020036;ELETROCARDIOGRAMA;01110123175;ELY DONIZETH DE ASSIS JUNIOR;04.05.2026;08:00;0;709800083420097;RITA ALICE DOS SANTOS DE OLIVEIRA;26.02.1982;44;532;ANA ALICE DOS SANTOS DE OLIVEIRA;AVENIDA;SAO FRANCISCO;;3074;JARDIM PRIMAVERA;79490000;(67)9661-3772;SAO GABRIEL DO OESTE;500769;SAO GABRIEL DO OESTE;500769;2370964;UNIDADE DE SAUDE DA FAMILIA III;F;27.04.2026;ANACLAUDIA_NOGUEIRA;27.04.2026;ANACLAUDIA_NOGUEIRA;5.15;PENDENTE;M201;02611833974;HUDSON PERES DORIGAO BELISARIO DE SOUZA
663993145;2300004;0301010072;CONSULTA EM CARDIOLOGIA;01110123175;ELY DONIZETH DE ASSIS JUNIOR;18.05.2026;07:30;0;706805757959823;MARIA CONCEICAO MIRANDA;18.09.1960;65;789;MARILEIA RODRIGUES DA SILVA;RUA;COLIBRI;;348;FENIX;79491108;(67)99658-5293;SAO GABRIEL DO OESTE;500769;SAO GABRIEL DO OESTE;500769;7002084;UNIDADE DE SAUDE DA FAMILIA IX;F;27.04.2026;AMANDALUIZA_BIAZUS;27.04.2026;AMANDALUIZA_BIAZUS;10.00;CONFIRMADO;Z000;01415181110;ANGELA BENITES
663999598;0110002;0301010072;CONSULTA EM ORTOPEDIA - GERAL;89074033172;ROGERIO PADOVANI TOFFOLI;22.05.2026;12:30;0;700501724249851;DELCIO GUZZI;03.06.1966;60;721;ADELIA CENDRON GUZZI;AVENIDA;GREGORIO NICARETTA;CASA;2237;PRIMO MAFFISSONI;79490000;(67)99969-3706;SAO GABRIEL DO OESTE;500769;SAO GABRIEL DO OESTE;500769;2591359;UNIDADE DE SAUDE DA FAMILIA V;M;27.04.2026;CHRISTIANEHELEN_FREITAS;27.04.2026;CHRISTIANEHELEN_FREITAS;10.00;PENDENTE;S460;04796956107;JULIANA DA ROCHA PEREIRA MENEZES
664005536;0110002;0301010072;CONSULTA EM ORTOPEDIA - GERAL;32389571808;RODOLFO PELISSARI ZAMBOLIN;21.05.2026;14:00;0;700301970150140;ATILA BARBOSA CUSTODIO;31.03.2012;14;171;MARIA CONCEICAO DIAS BARBOSA SANTANA;RUA;HENRIQUETA DE JESUS;DISTRITO;S/N;AREADO;79490000;(67)99672-6825;SAO GABRIEL DO OESTE;500769;SAO GABRIEL DO OESTE;500769;2370972;UNIDADE DE SAUDE DA FAMILIA MILANE II;M;27.04.2026;VANESSAMARTINS_AREADO;27.04.2026;VANESSAMARTINS_AREADO;10.00;CONFIRMADO;S800;83798633134;JOAO BAPTISTA BARBOSA SOUZA
664006573;3516007;0301010072;CONSULTA EM UROLOGIA - GERAL;04349392181;ANTONIO AUGUSTO PALOMBO MENDES;22.05.2026;08:00;1;700504554533956;ROBERTO WERNECK;13.03.1953;73;879;LUPERCIA PEREIRA WERNECK;RUA;RIO DE JANEIRO;;2520;CENTRO;79490000;(67)99947-7879;SAO GABRIEL DO OESTE;500769;SAO GABRIEL DO OESTE;500769;6452116;CENTRO DE ESPECIALIDADES MEDICAS;M;27.04.2026;PATRICKMASIAGA;27.04.2026;PATRICKMASIAGA;10.00;PENDENTE;Z016;08418818123;PATRICK RICHARD ARGUELHO MASIAGA
664008584;0110002;0301010072;CONSULTA EM ORTOPEDIA - GERAL;06302616603;ROMULO AMARAL TAFURI;06.05.2026;12:30;1;706303744611478;BRUNO FELIPE MEZZA DA SILVA;16.11.1996;29;355;MARIA NALVA MEZZA;RUA;PELICANOS;;841;JARDIM GRAMADO;79490000;(67)99979-2514;SAO GABRIEL DO OESTE;500769;SAO GABRIEL DO OESTE;500769;6452116;CENTRO DE ESPECIALIDADES MEDICAS;M;27.04.2026;FERNANDACRISTINAALVES;27.04.2026;VANIA_MARIANO;10.00;PENDENTE;Z016;06302616603;ROMULO AMARAL TAFURI
664008897;0110002;0301010072;CONSULTA EM ORTOPEDIA - GERAL;89074033172;ROGERIO PADOVANI TOFFOLI;22.05.2026;12:30;0;708306278755960;MONICA DE FREITAS DA SILVA;16.09.1987;38;465;ELPIDIA DE FREITAS;RUA;GREGORIANA 1/99998;CASA 04;279;JARDIM PRIMAVERA;79490166;(67)99982-0673;SAO GABRIEL DO OESTE;500769;SAO GABRIEL DO OESTE;500769;7333218;UNIDADE DE SAUDE DA FAMILIA X;F;27.04.2026;RAISSASILVALIMA;27.04.2026;RAISSASILVALIMA;10.00;PENDENTE;M758;63805480172;CLEDSON PERETTI
664011168;1703204;0211020044;HOLTER 24 HORAS;01110123175;ELY DONIZETH DE ASSIS JUNIOR;07.05.2026;09:00;0;704603655639122;MARIA SOCORRO DA SILVA;11.03.1975;51;615;TEREZINHA MARIA DA SILVA;AVENIDA;MATO GROSSO DO SUL;;2483;AMABILE MAFFISSONI;79490092;(67)98469-8126;SAO GABRIEL DO OESTE;500769;SAO GABRIEL DO OESTE;500769;6452116;CENTRO DE ESPECIALIDADES MEDICAS;F;27.04.2026;FERNANDACRISTINAALVES;27.04.2026;FERNANDACRISTINAALVES;30.00;CONFIRMADO;Z016;01110123175;ELY DONIZETH DE ASSIS JUNIOR
664013146;1407044;0211020060;TESTE DE ESFORCO OU TESTE ERGOMETRICO;01110123175;ELY DONIZETH DE ASSIS JUNIOR;06.05.2026;13:00;0;704603655639122;MARIA SOCORRO DA SILVA;11.03.1975;51;615;TEREZINHA MARIA DA SILVA;AVENIDA;MATO GROSSO DO SUL;;2483;AMABILE MAFFISSONI;79490092;(67)98469-8126;SAO GABRIEL DO OESTE;500769;SAO GABRIEL DO OESTE;500769;6452116;CENTRO DE ESPECIALIDADES MEDICAS;F;27.04.2026;FERNANDACRISTINAALVES;27.04.2026;FERNANDACRISTINAALVES;30.00;CONFIRMADO;Z016;01110123175;ELY DONIZETH DE ASSIS JUNIOR
664014364;0108001;0205010032;ECOCARDIOGRAMA TRANSTORACICO;01110123175;ELY DONIZETH DE ASSIS JUNIOR;06.05.2026;13:00;0;704603655639122;MARIA SOCORRO DA SILVA;11.03.1975;51;615;TEREZINHA MARIA DA SILVA;AVENIDA;MATO GROSSO DO SUL;;2483;AMABILE MAFFISSONI;79490092;(67)98469-8126;SAO GABRIEL DO OESTE;500769;SAO GABRIEL DO OESTE;500769;6452116;CENTRO DE ESPECIALIDADES MEDICAS;F;27.04.2026;FERNANDACRISTINAALVES;27.04.2026;FERNANDACRISTINAALVES;67.86;CONFIRMADO;Z016;01110123175;ELY DONIZETH DE ASSIS JUNIOR
664022682;1407044;0211020060;TESTE DE ESFORCO OU TESTE ERGOMETRICO;01110123175;ELY DONIZETH DE ASSIS JUNIOR;04.05.2026;09:00;0;705206494616074;MIRIANE APARECIDA DE OLIVEIRA;10.07.1986;39;479;JOSEFA SOUZA DE OLIVEIRA;RUA;GAIVOTAS;;1555;JARDIM GRAMADO;79490000;(67)99250-2443;SAO GABRIEL DO OESTE;500769;SAO GABRIEL DO OESTE;500769;6452116;CENTRO DE ESPECIALIDADES MEDICAS;F;27.04.2026;FERNANDACRISTINAALVES;27.04.2026;FERNANDACRISTINAALVES;30.00;CONFIRMADO;Z016;01110123175;ELY DONIZETH DE ASSIS JUNIOR
664023577;0108001;0205010032;ECOCARDIOGRAMA TRANSTORACICO;01110123175;ELY DONIZETH DE ASSIS JUNIOR;04.05.2026;13:00;0;705206494616074;MIRIANE APARECIDA DE OLIVEIRA;10.07.1986;39;479;JOSEFA SOUZA DE OLIVEIRA;RUA;GAIVOTAS;;1555;JARDIM GRAMADO;79490000;(67)99250-2443;SAO GABRIEL DO OESTE;500769;SAO GABRIEL DO OESTE;500769;6452116;CENTRO DE ESPECIALIDADES MEDICAS;F;27.04.2026;FERNANDACRISTINAALVES;27.04.2026;FERNANDACRISTINAALVES;67.86;CONFIRMADO;Z016;01110123175;ELY DONIZETH DE ASSIS JUNIOR
664024410;1703204;0211020044;HOLTER 24 HORAS;01110123175;ELY DONIZETH DE ASSIS JUNIOR;07.05.2026;09:00;0;705206494616074;MIRIANE APARECIDA DE OLIVEIRA;10.07.1986;39;479;JOSEFA SOUZA DE OLIVEIRA;RUA;GAIVOTAS;;1555;JARDIM GRAMADO;79490000;(67)99250-2443;SAO GABRIEL DO OESTE;500769;SAO GABRIEL DO OESTE;500769;6452116;CENTRO DE ESPECIALIDADES MEDICAS;F;27.04.2026;FERNANDACRISTINAALVES;27.04.2026;FERNANDACRISTINAALVES;30.00;CONFIRMADO;Z016;01110123175;ELY DONIZETH DE ASSIS JUNIOR
664025867;0110002;0301010072;CONSULTA EM ORTOPEDIA - GERAL;00530001101;BRUNO PETINARI UMBELINO;25.05.2026;08:00;1;702307185511915;GERSON ROCHA DE OLIVEIRA;01.03.1960;66;796;DERCILIA ROCHA DE OLIVEIRA;RUA;RAIMUNDO DO PRADO;;1212;JARDIM PRIMAVERA;79490000;(67)98201-5192 / (67)99677-6801;SAO GABRIEL DO OESTE;500769;SAO GABRIEL DO OESTE;500769;6452116;CENTRO DE ESPECIALIDADES MEDICAS;M;27.04.2026;FERNANDACRISTINAALVES;27.04.2026;FERNANDACRISTINAALVES;10.00;CONFIRMADO;Z016;00530001101;BRUNO PETINARI UMBELINO
664030189;1703204;0211020044;HOLTER 24 HORAS;01110123175;ELY DONIZETH DE ASSIS JUNIOR;07.05.2026;09:00;0;702002840550084;COSME BARBOSA COSTA;12.07.1968;57;695;VALDEVINA BARBOSA DA COSTA;RUA;MARIA SEVERO;CASA;2231;PRIMO MAFFISSONI;79490000;(67)99912-9387;SAO GABRIEL DO OESTE;500769;SAO GABRIEL DO OESTE;500769;6452116;CENTRO DE ESPECIALIDADES MEDICAS;M;27.04.2026;PATRICKMASIAGA;27.04.2026;PATRICKMASIAGA;30.00;CONFIRMADO;Z016;01110123175;ELY DONIZETH DE ASSIS JUNIOR
664031284;1407044;0211020060;TESTE DE ESFORCO OU TESTE ERGOMETRICO;01110123175;ELY DONIZETH DE ASSIS JUNIOR;04.05.2026;09:00;0;702002840550084;COSME BARBOSA COSTA;12.07.1968;57;695;VALDEVINA BARBOSA DA COSTA;RUA;MARIA SEVERO;CASA;2231;PRIMO MAFFISSONI;79490000;(67)99912-9387;SAO GABRIEL DO OESTE;500769;SAO GABRIEL DO OESTE;500769;6452116;CENTRO DE ESPECIALIDADES MEDICAS;M;27.04.2026;PATRICKMASIAGA;27.04.2026;PATRICKMASIAGA;30.00;CONFIRMADO;Z016;01110123175;ELY DONIZETH DE ASSIS JUNIOR
664032444;0701224;0301010072;CONSULTA EM NEUROLOGIA - GERAL;22264073837;ANSELMO COSTA;06.05.2026;09:00;0;704607100071927;NIVALDO GOMES DE ARRUDA;04.07.1957;69;828;OLIBIA GOMES DE ARRUDA;RUA;GOIAS;;2412;AMABILE MAFFISSONI;79490098;(67)99999-6186 / (67)99650-7280;SAO GABRIEL DO OESTE;500769;SAO GABRIEL DO OESTE;500769;2599376;UNIDADE DE SAUDE DA FAMILIA VI;M;27.04.2026;MARIANA_MARTINS;27.04.2026;VANIA_MARIANO;10.00;PENDENTE;R42;06437691107;MAIARA FLORES SCARIOT
664032511;0108001;0205010032;ECOCARDIOGRAMA TRANSTORACICO;01110123175;ELY DONIZETH DE ASSIS JUNIOR;04.05.2026;09:00;0;702002840550084;COSME BARBOSA COSTA;12.07.1968;57;695;VALDEVINA BARBOSA DA COSTA;RUA;MARIA SEVERO;CASA;2231;PRIMO MAFFISSONI;79490000;(67)99912-9387;SAO GABRIEL DO OESTE;500769;SAO GABRIEL DO OESTE;500769;6452116;CENTRO DE ESPECIALIDADES MEDICAS;M;27.04.2026;PATRICKMASIAGA;27.04.2026;PATRICKMASIAGA;67.86;CONFIRMADO;Z016;01110123175;ELY DONIZETH DE ASSIS JUNIOR
664033874;0282063;0301010072;CONSULTA EM OTORRINOLARINGOLOGIA;78877326115;ANA PAULA CAVALIERI PONTES;08.05.2026;06:00;0;704607100071927;NIVALDO GOMES DE ARRUDA;04.07.1957;69;828;OLIBIA GOMES DE ARRUDA;RUA;GOIAS;;2412;AMABILE MAFFISSONI;79490098;(67)99999-6186 / (67)99650-7280;SAO GABRIEL DO OESTE;500769;SAO GABRIEL DO OESTE;500769;2599376;UNIDADE DE SAUDE DA FAMILIA VI;M;27.04.2026;MARIANA_MARTINS;27.04.2026;MARIANA_MARTINS;10.00;PENDENTE;J348;06437691107;MAIARA FLORES SCARIOT
664035492;0110002;0301010072;CONSULTA EM ORTOPEDIA - GERAL;06302616603;ROMULO AMARAL TAFURI;13.05.2026;12:30;0;700803914683187;ALICIA VITORIA MICHALSKI DOS SANTOS;06.02.2016;10;125;PATRICIA MICHALSKI RODRIGUES;RUA;BAHIA;;2738;CENTRO;79490000;(67)99921-3420;SAO GABRIEL DO OESTE;500769;SAO GABRIEL DO OESTE;500769;6452116;CENTRO DE ESPECIALIDADES MEDICAS;F;27.04.2026;FERNANDACRISTINAALVES;27.04.2026;VANIA_MARIANO;10.00;PENDENTE;Z016;00530001101;BRUNO PETINARI UMBELINO
664037071;0110002;0301010072;CONSULTA EM ORTOPEDIA - GERAL;00530001101;BRUNO PETINARI UMBELINO;25.05.2026;06:30;0;704206225577489;ANNA ALICE ALMEIDA GERLING;27.10.2019;06;80;ROSIELLY MARQUES DE ALMEIDA;RUA;GARÇA;;951;FENIX;79490000;(67)99809-6660;SAO GABRIEL DO OESTE;500769;SAO GABRIEL DO OESTE;500769;7333218;UNIDADE DE SAUDE DA FAMILIA X;F;27.04.2026;RAISSASILVALIMA;27.04.2026;RAISSASILVALIMA;10.00;PENDENTE;M255;63805480172;CLEDSON PERETTI
664039773;2300004;0301010072;CONSULTA EM CARDIOLOGIA;99746328115;GUSTAVO TRINDADE DE QUEIROZ;08.05.2026;06:30;1;704805011950743;ANTONIO ROBERTO ALEXANDRE OLIVEIRA;12.06.1974;52;624;LINDALVA ALEXANDRE BATISTA;RUA;PARAISO;CASA;17;ESTRADA VELHA;79400000;(67)99995-0514;COXIM;500330;SAO GABRIEL DO OESTE;500769;6452116;CENTRO DE ESPECIALIDADES MEDICAS;M;27.04.2026;FERNANDACRISTINAALVES;27.04.2026;FERNANDACRISTINAALVES;10.00;CONFIRMADO;Z016;98260570106;CLAUDIA REGINA DUARTE CAZZOLATO KHALIL
664040451;0505002;0211020052;MONITORIZACAO AMBULATORIAL DE PRESSAO ARTERIAL (M.A.P.A)                                            ;01110123175;ELY DONIZETH DE ASSIS JUNIOR;07.05.2026;09:00;0;705604407040416;MORGANA DA SILVA;26.09.1986;39;477;LEONTINA URBANO DA SILVA;RUA;SANTO ANGELO;;272;MILANI;79492092;(67)99917-5767;SAO GABRIEL DO OESTE;500769;SAO GABRIEL DO OESTE;500769;6452116;CENTRO DE ESPECIALIDADES MEDICAS;F;27.04.2026;PATRICKMASIAGA;27.04.2026;PATRICKMASIAGA;10.07;CONFIRMADO;Z016;01110123175;ELY DONIZETH DE ASSIS JUNIOR
664045294;0505002;0211020052;MONITORIZACAO AMBULATORIAL DE PRESSAO ARTERIAL (M.A.P.A)                                            ;01110123175;ELY DONIZETH DE ASSIS JUNIOR;07.05.2026;09:00;0;708608056654180;EUILSON FREIRES SALES;17.11.1968;57;691;MARIA DE JESUS FREIRES SALES;FAZENDA;BELA VISTA;;S/N;ZONA RURAL;79490000;(67)99989-7779;SAO GABRIEL DO OESTE;500769;SAO GABRIEL DO OESTE;500769;6452116;CENTRO DE ESPECIALIDADES MEDICAS;M;27.04.2026;FERNANDACRISTINAALVES;27.04.2026;FERNANDACRISTINAALVES;10.07;CONFIRMADO;Z016;01110123175;ELY DONIZETH DE ASSIS JUNIOR
664046351;1703204;0211020044;HOLTER 24 HORAS;01110123175;ELY DONIZETH DE ASSIS JUNIOR;07.05.2026;09:00;0;708608056654180;EUILSON FREIRES SALES;17.11.1968;57;691;MARIA DE JESUS FREIRES SALES;FAZENDA;BELA VISTA;;S/N;ZONA RURAL;79490000;(67)99989-7779;SAO GABRIEL DO OESTE;500769;SAO GABRIEL DO OESTE;500769;6452116;CENTRO DE ESPECIALIDADES MEDICAS;M;27.04.2026;FERNANDACRISTINAALVES;27.04.2026;FERNANDACRISTINAALVES;30.00;CONFIRMADO;Z016;01110123175;ELY DONIZETH DE ASSIS JUNIOR
664047883;1407044;0211020060;TESTE DE ESFORCO OU TESTE ERGOMETRICO;01110123175;ELY DONIZETH DE ASSIS JUNIOR;06.05.2026;09:00;0;708608056654180;EUILSON FREIRES SALES;17.11.1968;57;691;MARIA DE JESUS FREIRES SALES;FAZENDA;BELA VISTA;;S/N;ZONA RURAL;79490000;(67)99989-7779;SAO GABRIEL DO OESTE;500769;SAO GABRIEL DO OESTE;500769;6452116;CENTRO DE ESPECIALIDADES MEDICAS;M;27.04.2026;FERNANDACRISTINAALVES;27.04.2026;FERNANDACRISTINAALVES;30.00;CONFIRMADO;Z016;01110123175;ELY DONIZETH DE ASSIS JUNIOR
664048828;0108001;0205010032;ECOCARDIOGRAMA TRANSTORACICO;01110123175;ELY DONIZETH DE ASSIS JUNIOR;06.05.2026;09:00;0;708608056654180;EUILSON FREIRES SALES;17.11.1968;57;691;MARIA DE JESUS FREIRES SALES;FAZENDA;BELA VISTA;;S/N;ZONA RURAL;79490000;(67)99989-7779;SAO GABRIEL DO OESTE;500769;SAO GABRIEL DO OESTE;500769;6452116;CENTRO DE ESPECIALIDADES MEDICAS;M;27.04.2026;FERNANDACRISTINAALVES;27.04.2026;FERNANDACRISTINAALVES;67.86;CONFIRMADO;Z016;01110123175;ELY DONIZETH DE ASSIS JUNIOR
664050779;0110002;0301010072;CONSULTA EM ORTOPEDIA - GERAL;32389571808;RODOLFO PELISSARI ZAMBOLIN;21.05.2026;12:30;1;705201432258870;ERICA VILMA VALLOVERA LEFCHAK;25.04.2001;25;302;SOLANGE COSTA VALLOVERA LEFCHAK;RUA;PARA;;509;AMABILE MAFFISSONI;79490100;(67)99848-5809 / (67)99633-7408;SAO GABRIEL DO OESTE;500769;SAO GABRIEL DO OESTE;500769;6452116;CENTRO DE ESPECIALIDADES MEDICAS;F;27.04.2026;PATRICKMASIAGA;27.04.2026;PATRICKMASIAGA;10.00;PENDENTE;Z016;32389571808;RODOLFO PELISSARI ZAMBOLIN
664077705;2300004;0301010072;CONSULTA EM CARDIOLOGIA;01110123175;ELY DONIZETH DE ASSIS JUNIOR;04.05.2026;07:30;0;707100322466920;ANTONIO REZENDE DA COSTA;01.07.1949;77;924;MARIA ADELINA DOS SANTOS;RUA;DAS FLORES;;1312;ESPLANADA;79491278;(67)99852-8232;SAO GABRIEL DO OESTE;500769;SAO GABRIEL DO OESTE;500769;7002084;UNIDADE DE SAUDE DA FAMILIA IX;M;27.04.2026;AMANDALUIZA_BIAZUS;27.04.2026;VANIA_MARIANO;10.00;PENDENTE;I119;06901507925;EVELYN KASSIA TUDISCO FERNANDES
664078639;0110002;0301010072;CONSULTA EM ORTOPEDIA - GERAL;89074033172;ROGERIO PADOVANI TOFFOLI;22.05.2026;14:00;0;708604555725586;ERMELINDO MARQUES DA SILVA;03.09.1961;64;778;NEIDE MARIA RAMOS MARQUES;RUA;RIO GRANDE DO SUL;CASA 01;2145;CENTRO;79490000;(67)99968-7759;SAO GABRIEL DO OESTE;500769;SAO GABRIEL DO OESTE;500769;6452116;CENTRO DE ESPECIALIDADES MEDICAS;M;27.04.2026;FERNANDACRISTINAALVES;27.04.2026;FERNANDACRISTINAALVES;10.00;PENDENTE;Z016;00530001101;BRUNO PETINARI UMBELINO
664085780;3516007;0301010072;CONSULTA EM UROLOGIA - GERAL;04349392181;ANTONIO AUGUSTO PALOMBO MENDES;07.05.2026;08:00;0;704002344595969;ROSALINO SILVA DOS SANTOS;23.05.1949;77;925;MARIA DA SILVA DOS SANTOS;RUA;SARACURA;;1555;JARDIM GRAMADO;79490000;(67)99854-5588 / (67)99223-4942;SAO GABRIEL DO OESTE;500769;SAO GABRIEL DO OESTE;500769;2370980;UNIDADE DE SAUDE DA FAMILIA JARDIM GRAMADO I;M;27.04.2026;ELIANI_MOREIRA;27.04.2026;VANIA_MARIANO;10.00;PENDENTE;Z00;;BERNARDO MEDEIROS MAIA
664087192;2300004;0301010072;CONSULTA EM CARDIOLOGIA;99746328115;GUSTAVO TRINDADE DE QUEIROZ;08.05.2026;06:30;1;700905976671299;JO CASANOVA;20.06.1951;75;900;IDALINA CASANOVA;RUA;ALAGOAS;CASA;2099;CENTRO;79490000;(67)9847-5369;SAO GABRIEL DO OESTE;500769;SAO GABRIEL DO OESTE;500769;6452116;CENTRO DE ESPECIALIDADES MEDICAS;M;27.04.2026;FERNANDACRISTINAALVES;27.04.2026;FERNANDACRISTINAALVES;10.00;PENDENTE;Z016;98260570106;CLAUDIA REGINA DUARTE CAZZOLATO KHALIL
664156905;0110002;0301010072;CONSULTA EM ORTOPEDIA - GERAL;93393539191;RODOLFO FABIANO NIZ BAREIRO;28.05.2026;12:30;1;704001849700165;ROZIMEIRE FUZAR;23.02.1984;42;508;DIVINA SEVERINA NETO;RUA;PATATIVA;;220;FENIX;79491100;(67)99652-1885;SAO GABRIEL DO OESTE;500769;SAO GABRIEL DO OESTE;500769;6452116;CENTRO DE ESPECIALIDADES MEDICAS;F;27.04.2026;PATRICKMASIAGA;27.04.2026;PATRICKMASIAGA;10.00;CONFIRMADO;Z016;93393539191;RODOLFO FABIANO NIZ BAREIRO
664169599;0110002;0301010072;CONSULTA EM ORTOPEDIA - GERAL;06302616603;ROMULO AMARAL TAFURI;27.05.2026;12:30;0;708400271648763;VALERIA APARECIDA DOS SANTOS;31.03.1986;40;483;MARIA APARECIDA ALVIM SILVA;LOTEAMENTO;CHACARA J V;ASSENT PATATIVA;217;ZONA RURAL;79490000;(67)99609-7756;SAO GABRIEL DO OESTE;500769;SAO GABRIEL DO OESTE;500769;6452116;CENTRO DE ESPECIALIDADES MEDICAS;F;27.04.2026;PATRICKMASIAGA;27.04.2026;PATRICKMASIAGA;10.00;CONFIRMADO;Z016;06302616603;ROMULO AMARAL TAFURI
664183615;0110002;0301010072;CONSULTA EM ORTOPEDIA - GERAL;00530001101;BRUNO PETINARI UMBELINO;25.05.2026;08:00;0;704009300148866;ANA FLAVIA VELASQUES VICENTINI;31.03.2016;10;123;ANA LAURA VICENTINI;RUA;ESPIRITO SANTO 1/2399;;1885;CENTRO;79490023;(67)99828-7377;SAO GABRIEL DO OESTE;500769;SAO GABRIEL DO OESTE;500769;2599376;UNIDADE DE SAUDE DA FAMILIA VI;F;27.04.2026;MARIANA_MARTINS;27.04.2026;MARIANA_MARTINS;10.00;CONFIRMADO;Q664;06437691107;MAIARA FLORES SCARIOT
664196448;0110002;0301010072;CONSULTA EM ORTOPEDIA - GERAL;89074033172;ROGERIO PADOVANI TOFFOLI;22.05.2026;14:00;0;705003079829250;CARLOS BORGES DE OLIVEIRA;12.08.1974;51;622;IRACY BORGES DE OLIVEIRA;AVENIDA;SAO FRANCISCO 1/2399;;1695;PRIMO MAFFISSONI;79490250;(67)99974-2004;SAO GABRIEL DO OESTE;500769;SAO GABRIEL DO OESTE;500769;2599376;UNIDADE DE SAUDE DA FAMILIA VI;M;27.04.2026;MARIANA_MARTINS;27.04.2026;MARIANA_MARTINS;10.00;CONFIRMADO;M751;06437691107;MAIARA FLORES SCARIOT
664197232;0282063;0301010072;CONSULTA EM OTORRINOLARINGOLOGIA;78877326115;ANA PAULA CAVALIERI PONTES;08.05.2026;06:00;0;700506549650550;LUCIANA DA SILVA FERREIRA;26.01.1984;42;509;APARECIDA MARTINS DA SILVA;FAZENDA;COLORADO;;S/N;RURAL;79490000;(67)99603-0195;SAO GABRIEL DO OESTE;500769;SAO GABRIEL DO OESTE;500769;3400964;UNIDADE DE SAUDE DA FAMILIA RURAL VII;F;27.04.2026;DULCINEIA_MOCCELIN;27.04.2026;DULCINEIA_MOCCELIN;10.00;PENDENTE;J35;02453491113;MILENA GUEDIN VARGAS
664198849;0282081;0301010072;CONSULTA EM CIRURGIA GERAL;48047740172;EVA WILMA ABDO DOS SANTOS GUIMARAES;18.05.2026;12:30;1;700404557951350;SANDRA MICIA VIEIRA;16.02.1979;47;568;MARIA MICIA DA SILVA;RUA;DOS PARDAIS;CASA;1407;FENIX;79490000;(67)99916-6394 / (67)99940-0091;SAO GABRIEL DO OESTE;500769;SAO GABRIEL DO OESTE;500769;6452116;CENTRO DE ESPECIALIDADES MEDICAS;F;27.04.2026;PATRICKMASIAGA;27.04.2026;PATRICKMASIAGA;10.00;PENDENTE;Z016;48047740172;EVA WILMA ABDO DOS SANTOS GUIMARAES
664204638;2300004;0301010072;CONSULTA EM CARDIOLOGIA;01110123175;ELY DONIZETH DE ASSIS JUNIOR;06.05.2026;06:30;0;708402269325466;RENATE HEDI BUSS;27.07.1953;72;875;ELLY HARTER BUSS;AVENIDA;CASTELO BRANCO;CASA;1239;CENTRO;79490000;(67)99940-2483;SAO GABRIEL DO OESTE;500769;SAO GABRIEL DO OESTE;500769;2599376;UNIDADE DE SAUDE DA FAMILIA VI;F;27.04.2026;MARIANA_MARTINS;28.04.2026;VANIA_MARIANO;10.00;PENDENTE;Z488;06437691107;MAIARA FLORES SCARIOT
664206497;0320003;0211020036;ELETROCARDIOGRAMA;01110123175;ELY DONIZETH DE ASSIS JUNIOR;04.05.2026;14:00;0;708402269325466;RENATE HEDI BUSS;27.07.1953;72;875;ELLY HARTER BUSS;AVENIDA;CASTELO BRANCO;CASA;1239;CENTRO;79490000;(67)99940-2483;SAO GABRIEL DO OESTE;500769;SAO GABRIEL DO OESTE;500769;2599376;UNIDADE DE SAUDE DA FAMILIA VI;F;27.04.2026;MARIANA_MARTINS;27.04.2026;MARIANA_MARTINS;5.15;PENDENTE;Z488;06437691107;MAIARA FLORES SCARIOT
664208717;0110002;0301010072;CONSULTA EM ORTOPEDIA - GERAL;32389571808;RODOLFO PELISSARI ZAMBOLIN;21.05.2026;12:30;0;703606029736438;ALLAN SOUZA DE LAPENA;25.01.1992;34;413;LUZINETE SOUZA SANTANA DE LAPENA;AVENIDA;RUI BARBOSA;- ATE 99998 - LADO PAR;1995;PRIMO MAFFISSONI;79490270;(67)99654-3626 / (66)99976-8884;SAO GABRIEL DO OESTE;500769;SAO GABRIEL DO OESTE;500769;7333218;UNIDADE DE SAUDE DA FAMILIA X;M;27.04.2026;RAISSASILVALIMA;27.04.2026;RAISSASILVALIMA;10.00;PENDENTE;M238;63805480172;CLEDSON PERETTI
664210091;0282081;0301010072;CONSULTA EM CIRURGIA GERAL;48047740172;EVA WILMA ABDO DOS SANTOS GUIMARAES;25.05.2026;12:30;1;708000851434924;PEDRO FERREIRA DE OLIVEIRA;30.09.1967;58;705;SEBASTIANA SENHORINHA DE OLIVEIRA;RUA;BRASIL (DISTRITO AREADO);AREADO;S/N;ZONA RURAL;79490000;(67)99817-0080;SAO GABRIEL DO OESTE;500769;SAO GABRIEL DO OESTE;500769;6452116;CENTRO DE ESPECIALIDADES MEDICAS;M;27.04.2026;PATRICKMASIAGA;27.04.2026;PATRICKMASIAGA;10.00;CONFIRMADO;Z016;48047740172;EVA WILMA ABDO DOS SANTOS GUIMARAES
664212775;0110002;0301010072;CONSULTA EM ORTOPEDIA - GERAL;93393539191;RODOLFO FABIANO NIZ BAREIRO;21.05.2026;12:30;0;704607641877224;ALFREDO ROA ACOSTA;16.09.1995;30;369;FELIPA ROA VARGAS;RUA;TICO-TICO;;319;FENIX;79491096;(67)99187-5039 / (67)99300-7786;SAO GABRIEL DO OESTE;500769;SAO GABRIEL DO OESTE;500769;2370999;UNIDADE DE SAUDE DA FAMILIA FENIX IV;M;27.04.2026;GUSTAVO_PIAIA;27.04.2026;GUSTAVO_PIAIA;10.00;PENDENTE;R522;96245646120;RAFAELLA MARIA COSTA GOIS DE FIGUEIREDO
664215912;0110002;0301010072;CONSULTA EM ORTOPEDIA - GERAL;32389571808;RODOLFO PELISSARI ZAMBOLIN;21.05.2026;14:00;0;706208064842168;JOILSON COUTO SILVA;23.07.1985;40;491;JOELMA DA GUIA COUTO SILVA;RUA;JOAO EVANGELISTA ROSA 1/1199;;991;CENTRO;79490055;(67)99988-1429;SAO GABRIEL DO OESTE;500769;SAO GABRIEL DO OESTE;500769;2599376;UNIDADE DE SAUDE DA FAMILIA VI;M;27.04.2026;MARIANA_MARTINS;27.04.2026;MARIANA_MARTINS;10.00;PENDENTE;S800;06437691107;MAIARA FLORES SCARIOT
664217233;0701224;0301010072;CONSULTA EM NEUROLOGIA - GERAL;22264073837;ANSELMO COSTA;27.05.2026;07:00;0;706203538508668;CLEUZA MARIA OLIVEIRA DOS SANTOS;07.06.1950;76;913;ANTONIA SOARES DE OLIVEIRA;RUA;SANTO ANGELO;CASA;137;MILANI;79490000;(67)99915-7335;SAO GABRIEL DO OESTE;500769;SAO GABRIEL DO OESTE;500769;2370972;UNIDADE DE SAUDE DA FAMILIA MILANE II;F;27.04.2026;FLAVIA_RODRIGUES;27.04.2026;FLAVIA_RODRIGUES;10.00;CONFIRMADO;G40;;ANSELMO COSTA
664219012;3516007;0301010072;CONSULTA EM UROLOGIA - GERAL;04349392181;ANTONIO AUGUSTO PALOMBO MENDES;14.05.2026;08:00;1;704202257822086;LUIZ CARLOS ALVES DE OLIVEIRA;02.12.1983;42;511;JOANA ALVES DA SILVA;RUA;CANARIOS;CASA;381;JARDIM GRAMADO;79490000;(67)99978-6576;SAO GABRIEL DO OESTE;500769;SAO GABRIEL DO OESTE;500769;6452116;CENTRO DE ESPECIALIDADES MEDICAS;M;27.04.2026;FERNANDACRISTINAALVES;28.04.2026;VANIA_MARIANO;10.00;CONFIRMADO;Z016;04349392181;ANTONIO AUGUSTO PALOMBO MENDES
664226275;0110002;0301010072;CONSULTA EM ORTOPEDIA - GERAL;89074033172;ROGERIO PADOVANI TOFFOLI;22.05.2026;14:00;0;700009294396902;MARIA APARECIDA MUNIZ DE OLIVEIRA SERTAO;17.11.1972;53;643;ERMELINDA MUNIZ DE OLIVEIRA;RUA;HILDO NICARETTA;;2157;PRIMO MAFFISSONI;79490000;(67)9672-3650;SAO GABRIEL DO OESTE;500769;SAO GABRIEL DO OESTE;500769;7333218;UNIDADE DE SAUDE DA FAMILIA X;F;27.04.2026;RAISSASILVALIMA;27.04.2026;RAISSASILVALIMA;10.00;PENDENTE;M758;63805480172;CLEDSON PERETTI
664227378;2300004;0301010072;CONSULTA EM CARDIOLOGIA;99746328115;GUSTAVO TRINDADE DE QUEIROZ;08.05.2026;06:30;0;705800499667539;GEISE KELLY VIEIRA LEMOS;23.07.2000;25;311;MARCIA MICIA VIEIRA;RUA;JURITI;CASA;162;FENIX;79490000;(67)99811-1516;SAO GABRIEL DO OESTE;500769;SAO GABRIEL DO OESTE;500769;6452116;CENTRO DE ESPECIALIDADES MEDICAS;F;27.04.2026;FERNANDACRISTINAALVES;27.04.2026;FERNANDACRISTINAALVES;10.00;CONFIRMADO;Z016;48047740172;EVA WILMA ABDO DOS SANTOS GUIMARAES
664228233;0320003;0211020036;ELETROCARDIOGRAMA;01110123175;ELY DONIZETH DE ASSIS JUNIOR;06.05.2026;14:00;0;705800499667539;GEISE KELLY VIEIRA LEMOS;23.07.2000;25;311;MARCIA MICIA VIEIRA;RUA;JURITI;CASA;162;FENIX;79490000;(67)99811-1516;SAO GABRIEL DO OESTE;500769;SAO GABRIEL DO OESTE;500769;6452116;CENTRO DE ESPECIALIDADES MEDICAS;F;27.04.2026;FERNANDACRISTINAALVES;27.04.2026;FERNANDACRISTINAALVES;5.15;PENDENTE;Z016;93275439120;VALDIRENE CARDOSO PEREIRA
664230154;0110002;0301010072;CONSULTA EM ORTOPEDIA - GERAL;00468987193;ARTHUR MARTINS DE ALMEIDA;26.05.2026;06:30;0;706508370315193;LUCAS ANDRE DE OLIVEIRA;15.03.2001;25;303;ANDREA CRISTINA DE OLIVEIRA;RUA;DAS AGUIAS;;550;JARDIM GRAMADO;79491030;(67)99662-8268;SAO GABRIEL DO OESTE;500769;SAO GABRIEL DO OESTE;500769;6452116;CENTRO DE ESPECIALIDADES MEDICAS;M;27.04.2026;FERNANDACRISTINAALVES;27.04.2026;FERNANDACRISTINAALVES;10.00;CONFIRMADO;Z016;;YASMIM YAIME
664231168;0320003;0211020036;ELETROCARDIOGRAMA;01110123175;ELY DONIZETH DE ASSIS JUNIOR;04.05.2026;14:00;0;703609007345935;MARIA HELENA PIRES DE LIMA;18.02.1962;64;772;MARIA DE LOURDES ALVES PIRES;RUA;SANTA INES;;314;MILANI;79492096;(67)99619-3859;SAO GABRIEL DO OESTE;500769;SAO GABRIEL DO OESTE;500769;2370972;UNIDADE DE SAUDE DA FAMILIA MILANE II;F;27.04.2026;FLAVIA_RODRIGUES;27.04.2026;FLAVIA_RODRIGUES;5.15;PENDENTE;Z00;02453491113;MILENA GUEDIN VARGAS
664236464;0110002;0301010072;CONSULTA EM ORTOPEDIA - GERAL;93393539191;RODOLFO FABIANO NIZ BAREIRO;21.05.2026;14:00;0;702404519769725;ROSICLEIA BARIA DA SILVA;03.12.1981;44;535;FLORINDA BARIA DA SILVA;RUA;DAS ARARAS;;1814;FENIX;79491102;(67)99621-5416 / (67)99975-7512;SAO GABRIEL DO OESTE;500769;SAO GABRIEL DO OESTE;500769;2370999;UNIDADE DE SAUDE DA FAMILIA FENIX IV;F;27.04.2026;GUSTAVO_PIAIA;27.04.2026;GUSTAVO_PIAIA;10.00;CONFIRMADO;M511;00703866176;ALCIDES EDUARDO EIBEL
664241251;0701224;0301010072;CONSULTA EM NEUROLOGIA - GERAL;22264073837;ANSELMO COSTA;06.05.2026;07:00;1;700403101457050;ELZA MARIA DA SILVA;16.03.1964;62;747;TEREZA CRAVINO DA SILVA;RUA;ARARAS;CASA;1989;FENIX;79490000;(67)99634-5199;SAO GABRIEL DO OESTE;500769;SAO GABRIEL DO OESTE;500769;6452116;CENTRO DE ESPECIALIDADES MEDICAS;F;27.04.2026;PATRICKMASIAGA;27.04.2026;PATRICKMASIAGA;10.00;PENDENTE;Z016;08418818123;PATRICK RICHARD ARGUELHO MASIAGA
664245199;2300004;0301010072;CONSULTA EM CARDIOLOGIA;01110123175;ELY DONIZETH DE ASSIS JUNIOR;20.05.2026;06:30;1;705806406249737;SIDIANE MARIA PACHECO LOPES;01.04.1979;47;567;LOURDES PACHECO;AVENIDA;SÃO FRANCISCO;CASA;2624;AMABILE MAFFISSONI;79490110;(67)99619-1844;SAO GABRIEL DO OESTE;500769;SAO GABRIEL DO OESTE;500769;6452116;CENTRO DE ESPECIALIDADES MEDICAS;F;27.04.2026;FERNANDACRISTINAALVES;27.04.2026;FERNANDACRISTINAALVES;10.00;PENDENTE;Z016;;HUDSON PERES DORIGAO
664245754;2300004;0301010072;CONSULTA EM CARDIOLOGIA;01110123175;ELY DONIZETH DE ASSIS JUNIOR;19.05.2026;06:30;1;700504174392854;LEONI OLIBONI;10.10.1947;78;944;FLORA GRILLI;RUA;SANTA MARIA;CASA;10;MILANI;79490000;(67)99886-2507;SAO GABRIEL DO OESTE;500769;SAO GABRIEL DO OESTE;500769;6452116;CENTRO DE ESPECIALIDADES MEDICAS;F;27.04.2026;FERNANDACRISTINAALVES;27.04.2026;FERNANDACRISTINAALVES;10.00;PENDENTE;Z016;01110123175;ELY DONIZETH DE ASSIS JUNIOR
664248204;2300004;0301010072;CONSULTA EM CARDIOLOGIA;99746328115;GUSTAVO TRINDADE DE QUEIROZ;08.05.2026;06:30;0;708001311357327;SANDRA MARIA RAVANELLI;02.08.1970;55;671;LOURDES FACINI RAVANELLI;RUA;SAO JORGE;;166;JARDIM PRIMAVERA;79490164;(67)99637-9325;SAO GABRIEL DO OESTE;500769;SAO GABRIEL DO OESTE;500769;6452116;CENTRO DE ESPECIALIDADES MEDICAS;F;27.04.2026;CLEIDIANE_CEM;27.04.2026;CLEIDIANE_CEM;10.00;PENDENTE;Z00;;CEM
664248222;0320174;0301010072;CONSULTA EM PNEUMOLOGIA - GERAL;09028429603;BERNARDO MEDEIROS MAIA;05.05.2026;13:00;1;705006645992950;ALICE RODRIGUES INACIO;08.12.1951;74;894;THEONILIA RODRIGUES DE ALMEIDA;RUA;FORTUNATO QUINTINO ZANETTI;CASA;497;PRIMO MAFFISSONI;79490000;(67)99606-7216;SAO GABRIEL DO OESTE;500769;SAO GABRIEL DO OESTE;500769;6452116;CENTRO DE ESPECIALIDADES MEDICAS;F;27.04.2026;FERNANDACRISTINAALVES;28.04.2026;VANIA_MARIANO;10.00;PENDENTE;Z016;09028429603;BERNARDO MEDEIROS MAIA
664248990;2300004;0301010072;CONSULTA EM CARDIOLOGIA;99746328115;GUSTAVO TRINDADE DE QUEIROZ;08.05.2026;13:00;1;700601498135861;ELIZANDRA BENEDITA CANDIDO DE BARRO;26.12.1990;35;426;ADELEIDE CANDIDO DA SILVA;RUA;SANTA INES;;310;MILANI;79492096;(67)98144-9420;SAO GABRIEL DO OESTE;500769;SAO GABRIEL DO OESTE;500769;6452116;CENTRO DE ESPECIALIDADES MEDICAS;F;27.04.2026;CLEIDIANE_CEM;27.04.2026;CLEIDIANE_CEM;10.00;PENDENTE;Z00;01110123175;ELY DONIZETH DE ASSIS JUNIOR
664249353;2300004;0301010072;CONSULTA EM CARDIOLOGIA;99746328115;GUSTAVO TRINDADE DE QUEIROZ;08.05.2026;13:00;1;705002099592654;SIMONE MADALENO BONO;25.07.1984;41;503;VERA LUCIA DE OLIVEIRA;AVENIDA;HILARIO NICARETTA;;2251;PRIMO MAFFISSONI;79490288;(67)99824-0625;SAO GABRIEL DO OESTE;500769;SAO GABRIEL DO OESTE;500769;6452116;CENTRO DE ESPECIALIDADES MEDICAS;F;27.04.2026;CLEIDIANE_CEM;27.04.2026;CLEIDIANE_CEM;10.00;PENDENTE;Q225;01110123175;ELY DONIZETH DE ASSIS JUNIOR
664249593;0110002;0301010072;CONSULTA EM ORTOPEDIA - GERAL;00530001101;BRUNO PETINARI UMBELINO;04.05.2026;06:30;0;708206660765946;EMERSOM DA GRACA DIONIZIO;28.07.1997;28;347;EVANILDE DA GRACA SILVA;RUA;LUIZ GUSTAVO RAMOS ARRUDA;;656;LOTEAMENTO VESPASIANO MARTINS;79075400;(67)99995-0682;CAMPO GRANDE;500270;SAO GABRIEL DO OESTE;500769;6452116;CENTRO DE ESPECIALIDADES MEDICAS;M;27.04.2026;FERNANDACRISTINAALVES;28.04.2026;VANIA_MARIANO;10.00;PENDENTE;Z016;;VINICIUS SUGUITA
664250077;2300004;0301010072;CONSULTA EM CARDIOLOGIA;99746328115;GUSTAVO TRINDADE DE QUEIROZ;08.05.2026;06:30;0;704004375330667;LUZIA TANIA DE SOUZA DOS SANTOS;13.11.1979;46;559;RAIMUNDA MARIA DE JESUS SOUZA;RUA;MANOEL ROSA;CASA;564;CENTRO;79490000;(67)99961-1796;SAO GABRIEL DO OESTE;500769;SAO GABRIEL DO OESTE;500769;6452116;CENTRO DE ESPECIALIDADES MEDICAS;F;27.04.2026;CLEIDIANE_CEM;27.04.2026;CLEIDIANE_CEM;10.00;PENDENTE;Z00;01110123175;ELY DONIZETH DE ASSIS JUNIOR
664250882;2300004;0301010072;CONSULTA EM CARDIOLOGIA;99746328115;GUSTAVO TRINDADE DE QUEIROZ;08.05.2026;06:30;0;705606408476112;NILTON CESAR ANTONIO CORREA;19.12.1972;53;642;HELENA ANTONIO FERREIRA LINO;RUA;TULIO ALVES QUITO;;72;GUANANDI;79086140;(67)99300-3355;CAMPO GRANDE;500270;SAO GABRIEL DO OESTE;500769;6452116;CENTRO DE ESPECIALIDADES MEDICAS;M;27.04.2026;CLEIDIANE_CEM;27.04.2026;CLEIDIANE_CEM;10.00;PENDENTE;Z00;01110123175;ELY DONIZETH DE ASSIS JUNIOR
664251253;2300004;0301010072;CONSULTA EM CARDIOLOGIA;99746328115;GUSTAVO TRINDADE DE QUEIROZ;08.05.2026;06:30;0;702106782714698;MARIA ROSARIA DE FATIMA LIMA;29.04.1958;68;818;MARIA APARECIDA DE LIMA;AVENIDA;GREGORIO NICARETA;CASA;1906;PRIMO MAFFISSONI;79490000;(32)99114-8306 / (67)98177-7260;SAO GABRIEL DO OESTE;500769;SAO GABRIEL DO OESTE;500769;6452116;CENTRO DE ESPECIALIDADES MEDICAS;F;27.04.2026;CLEIDIANE_CEM;27.04.2026;CLEIDIANE_CEM;10.00;PENDENTE;Z00;01110123175;ELY DONIZETH DE ASSIS JUNIOR
664251812;2300004;0301010072;CONSULTA EM CARDIOLOGIA;99746328115;GUSTAVO TRINDADE DE QUEIROZ;08.05.2026;13:00;1;708507397313170;NADIA ANDREIA MANN RONCALHIO;12.10.1980;45;548;SUELI LOURENCO KOGLER MANN;RUA;SANTA MARIA;CHACARA;18;MILANI;79492074;(67)99903-1916;SAO GABRIEL DO OESTE;500769;SAO GABRIEL DO OESTE;500769;6452116;CENTRO DE ESPECIALIDADES MEDICAS;F;27.04.2026;CLEIDIANE_CEM;27.04.2026;CLEIDIANE_CEM;10.00;PENDENTE;Z00;01110123175;ELY DONIZETH DE ASSIS JUNIOR
664253534;2300004;0301010072;CONSULTA EM CARDIOLOGIA;01110123175;ELY DONIZETH DE ASSIS JUNIOR;19.05.2026;06:30;1;705807419026430;NAIR NARCISO;15.05.1974;52;625;JOSEFA DA SILVA NARCISO;RUA;TANGARA;CASA;626;FENIX;79490000;(67)99927-5681;SAO GABRIEL DO OESTE;500769;SAO GABRIEL DO OESTE;500769;6452116;CENTRO DE ESPECIALIDADES MEDICAS;F;27.04.2026;FERNANDACRISTINAALVES;27.04.2026;FERNANDACRISTINAALVES;10.00;CONFIRMADO;Z016;01110123175;ELY DONIZETH DE ASSIS JUNIOR
664253564;2300004;0301010072;CONSULTA EM CARDIOLOGIA;99746328115;GUSTAVO TRINDADE DE QUEIROZ;15.05.2026;06:30;0;707405090601974;ADRIANO FERREIRA DOS SANTOS;13.02.1991;35;424;ELIANE WILBERT;RUA;CAMBARA;;646;FLOR DO CERRADO;79490000;(67)99692-9540;SAO GABRIEL DO OESTE;500769;SAO GABRIEL DO OESTE;500769;6354265;CENTRAL DE REGULACAO DE SAO GABRIEL DO OESTE;M;27.04.2026;VANIA_MARIANO;27.04.2026;VANIA_MARIANO;10.00;PENDENTE;Z00;00125300006;MEDICOS SUS
664253670;2300004;0301010072;CONSULTA EM CARDIOLOGIA;99746328115;GUSTAVO TRINDADE DE QUEIROZ;15.05.2026;06:30;0;705004062890955;FRANCISCO FELIX DA COSTA;02.04.1969;57;687;EFIGENIA MARIA DE JESUS;RUA;JACARANDÁ;;356;FLOR DO CERRADO;79490000;(67)99665-1184;SAO GABRIEL DO OESTE;500769;SAO GABRIEL DO OESTE;500769;6354265;CENTRAL DE REGULACAO DE SAO GABRIEL DO OESTE;M;27.04.2026;VANIA_MARIANO;27.04.2026;VANIA_MARIANO;10.00;CONFIRMADO;Z00;00125300006;MEDICOS SUS
664253775;2300004;0301010072;CONSULTA EM CARDIOLOGIA;99746328115;GUSTAVO TRINDADE DE QUEIROZ;15.05.2026;06:30;0;700002794003105;OLAVO DOS ANJOS;28.07.1961;64;779;MARIA DOS ANJOS;RUA;PORTO ALEGRE;CASA;260;JARDIM OURO VERDE;79480000;(67)99968-1913 / (67)99914-2278;RIO VERDE DE MATO GROSSO;500740;SAO GABRIEL DO OESTE;500769;6354265;CENTRAL DE REGULACAO DE SAO GABRIEL DO OESTE;M;27.04.2026;VANIA_MARIANO;27.04.2026;VANIA_MARIANO;10.00;CONFIRMADO;Z00;00125300006;MEDICOS SUS
664253860;2300004;0301010072;CONSULTA EM CARDIOLOGIA;99746328115;GUSTAVO TRINDADE DE QUEIROZ;15.05.2026;06:30;0;700008652128809;CARMOSA SOARES DE OLIVEIRA;25.01.1955;71;857;FRANCISCA ISABEL DOS PRAZERES;FAZENDA;PRODUSOJA;;S/N;RURAL;79490000;(67)9986-9336;SAO GABRIEL DO OESTE;500769;SAO GABRIEL DO OESTE;500769;6354265;CENTRAL DE REGULACAO DE SAO GABRIEL DO OESTE;F;27.04.2026;VANIA_MARIANO;27.04.2026;VANIA_MARIANO;10.00;CONFIRMADO;Z00;00125300006;MEDICOS SUS
664253969;2300004;0301010072;CONSULTA EM CARDIOLOGIA;99746328115;GUSTAVO TRINDADE DE QUEIROZ;15.05.2026;06:30;0;706508330842095;ROSA MARIA DE JESUS;23.07.1943;82;995;JOANA MARIA DE JESUS;RUA;GOIAS;CASA 4;824;CENTRO;79490000;(67)99197-1121;SAO GABRIEL DO OESTE;500769;SAO GABRIEL DO OESTE;500769;6354265;CENTRAL DE REGULACAO DE SAO GABRIEL DO OESTE;F;27.04.2026;VANIA_MARIANO;27.04.2026;VANIA_MARIANO;10.00;CONFIRMADO;Z00;00125300006;MEDICOS SUS
664254070;2300004;0301010072;CONSULTA EM CARDIOLOGIA;99746328115;GUSTAVO TRINDADE DE QUEIROZ;15.05.2026;06:30;0;700404432114844;LEONEIDE DE JESUS MORAIS;11.07.1950;75;911;ERASMA TERREIRA ROBLES;RUA;SANTA MARIA;;16;MILANI;79490000;(67)9645-5985;SAO GABRIEL DO OESTE;500769;SAO GABRIEL DO OESTE;500769;6354265;CENTRAL DE REGULACAO DE SAO GABRIEL DO OESTE;F;27.04.2026;VANIA_MARIANO;27.04.2026;VANIA_MARIANO;10.00;CONFIRMADO;Z00;00125300006;MEDICOS SUS
664274219;0110002;0301010072;CONSULTA EM ORTOPEDIA - GERAL;06302616603;ROMULO AMARAL TAFURI;06.05.2026;12:30;0;705006482597152;FRANCISCO DA SILVA;14.08.1976;49;598;MARIA VITALINA DA SILVA;RUA;ALAGOAS 2400/99999;;2914;JARDIM PRIMAVERA;79490172;(67)99659-3788;SAO GABRIEL DO OESTE;500769;SAO GABRIEL DO OESTE;500769;6354265;CENTRAL DE REGULACAO DE SAO GABRIEL DO OESTE;M;28.04.2026;ARILENE_SAOGABRIEL;28.04.2026;VANIA_MARIANO;10.00;PENDENTE;Z016;;DANIEL ROCHA
664283416;1703204;0211020044;HOLTER 24 HORAS;01110123175;ELY DONIZETH DE ASSIS JUNIOR;07.05.2026;09:00;0;708607099236584;LEONILDES RODRIGUES PONTES;14.03.1974;52;627;NEUSA DE SOUZA RODRIGUES PONTES;SITIO;SÃO JOSE;;177;ASSENTAMENTO PATATIVA;79490000;(67)99941-0522;SAO GABRIEL DO OESTE;500769;SAO GABRIEL DO OESTE;500769;6452116;CENTRO DE ESPECIALIDADES MEDICAS;F;28.04.2026;PATRICKMASIAGA;28.04.2026;PATRICKMASIAGA;30.00;CONFIRMADO;Z016;08418818123;PATRICK RICHARD ARGUELHO MASIAGA
664291354;0110002;0301010072;CONSULTA EM ORTOPEDIA - GERAL;00468987193;ARTHUR MARTINS DE ALMEIDA;26.05.2026;08:00;0;706805256743828;MARILEI PORTO MARTINS;14.11.1975;50;607;LORENI DE OLIVEIRA;RUA;CURICACA;CASA;614;JARDIM GRAMADO;79491010;(67)99857-7200;SAO GABRIEL DO OESTE;500769;SAO GABRIEL DO OESTE;500769;6452116;CENTRO DE ESPECIALIDADES MEDICAS;F;28.04.2026;PATRICKMASIAGA;28.04.2026;PATRICKMASIAGA;10.00;CONFIRMADO;Z016;08418818123;PATRICK RICHARD ARGUELHO MASIAGA
664295749;1703204;0211020044;HOLTER 24 HORAS;01110123175;ELY DONIZETH DE ASSIS JUNIOR;07.05.2026;13:00;0;700000118229006;EVANIR BENACHIO;09.02.1951;75;904;ANA GILIOLI;RUA;AROEIRA;;705;SÃO CRISTÓVÃO;79490000;(67)3295-5109;SAO GABRIEL DO OESTE;500769;SAO GABRIEL DO OESTE;500769;6452116;CENTRO DE ESPECIALIDADES MEDICAS;F;28.04.2026;FERNANDACRISTINAALVES;28.04.2026;FERNANDACRISTINAALVES;30.00;CONFIRMADO;Z016;01110123175;ELY DONIZETH DE ASSIS JUNIOR
664296381;0505002;0211020052;MONITORIZACAO AMBULATORIAL DE PRESSAO ARTERIAL (M.A.P.A)                                            ;01110123175;ELY DONIZETH DE ASSIS JUNIOR;07.05.2026;13:00;0;700000118229006;EVANIR BENACHIO;09.02.1951;75;904;ANA GILIOLI;RUA;AROEIRA;;705;SÃO CRISTÓVÃO;79490000;(67)3295-5109;SAO GABRIEL DO OESTE;500769;SAO GABRIEL DO OESTE;500769;6452116;CENTRO DE ESPECIALIDADES MEDICAS;F;28.04.2026;FERNANDACRISTINAALVES;28.04.2026;FERNANDACRISTINAALVES;10.07;CONFIRMADO;Z016;01110123175;ELY DONIZETH DE ASSIS JUNIOR
664298088;0108001;0205010032;ECOCARDIOGRAMA TRANSTORACICO;01110123175;ELY DONIZETH DE ASSIS JUNIOR;06.05.2026;13:00;0;700000118229006;EVANIR BENACHIO;09.02.1951;75;904;ANA GILIOLI;RUA;AROEIRA;;705;SÃO CRISTÓVÃO;79490000;(67)3295-5109;SAO GABRIEL DO OESTE;500769;SAO GABRIEL DO OESTE;500769;6452116;CENTRO DE ESPECIALIDADES MEDICAS;F;28.04.2026;FERNANDACRISTINAALVES;28.04.2026;FERNANDACRISTINAALVES;67.86;CONFIRMADO;Z016;01110123175;ELY DONIZETH DE ASSIS JUNIOR
664298515;2300004;0301010072;CONSULTA EM CARDIOLOGIA;01110123175;ELY DONIZETH DE ASSIS JUNIOR;25.05.2026;06:30;1;700000118229006;EVANIR BENACHIO;09.02.1951;75;904;ANA GILIOLI;RUA;AROEIRA;;705;SÃO CRISTÓVÃO;79490000;(67)3295-5109;SAO GABRIEL DO OESTE;500769;SAO GABRIEL DO OESTE;500769;6452116;CENTRO DE ESPECIALIDADES MEDICAS;F;28.04.2026;FERNANDACRISTINAALVES;28.04.2026;FERNANDACRISTINAALVES;10.00;CONFIRMADO;Z016;01110123175;ELY DONIZETH DE ASSIS JUNIOR
664302181;1703204;0211020044;HOLTER 24 HORAS;01110123175;ELY DONIZETH DE ASSIS JUNIOR;07.05.2026;13:00;0;700806965638181;VANILDA DO BELEM DOS SANTOS MATIAS;05.11.1964;61;740;BRAULINA FAGUNDES DO NASCIMENTO;FAZENDA;CAMPO VERDE;;S/N;ZONA RURAL;79490000;(67)99616-6217;SAO GABRIEL DO OESTE;500769;SAO GABRIEL DO OESTE;500769;6452116;CENTRO DE ESPECIALIDADES MEDICAS;F;28.04.2026;FERNANDACRISTINAALVES;28.04.2026;FERNANDACRISTINAALVES;30.00;CONFIRMADO;Z016;01110123175;ELY DONIZETH DE ASSIS JUNIOR
664302973;1407044;0211020060;TESTE DE ESFORCO OU TESTE ERGOMETRICO;01110123175;ELY DONIZETH DE ASSIS JUNIOR;06.05.2026;09:00;0;700806965638181;VANILDA DO BELEM DOS SANTOS MATIAS;05.11.1964;61;740;BRAULINA FAGUNDES DO NASCIMENTO;FAZENDA;CAMPO VERDE;;S/N;ZONA RURAL;79490000;(67)99616-6217;SAO GABRIEL DO OESTE;500769;SAO GABRIEL DO OESTE;500769;6452116;CENTRO DE ESPECIALIDADES MEDICAS;F;28.04.2026;FERNANDACRISTINAALVES;28.04.2026;FERNANDACRISTINAALVES;30.00;CONFIRMADO;Z016;01110123175;ELY DONIZETH DE ASSIS JUNIOR
664304185;0108001;0205010032;ECOCARDIOGRAMA TRANSTORACICO;01110123175;ELY DONIZETH DE ASSIS JUNIOR;06.05.2026;09:00;0;700806965638181;VANILDA DO BELEM DOS SANTOS MATIAS;05.11.1964;61;740;BRAULINA FAGUNDES DO NASCIMENTO;FAZENDA;CAMPO VERDE;;S/N;ZONA RURAL;79490000;(67)99616-6217;SAO GABRIEL DO OESTE;500769;SAO GABRIEL DO OESTE;500769;6452116;CENTRO DE ESPECIALIDADES MEDICAS;F;28.04.2026;FERNANDACRISTINAALVES;28.04.2026;FERNANDACRISTINAALVES;67.86;CONFIRMADO;Z016;01110123175;ELY DONIZETH DE ASSIS JUNIOR
664305378;2300004;0301010072;CONSULTA EM CARDIOLOGIA;99746328115;GUSTAVO TRINDADE DE QUEIROZ;08.05.2026;13:00;0;702303100833013;LAUDEMIRA MOREIRA DE LIMA;11.04.1959;67;806;CLAUDEMIRA MOREIRA DE LIMA;CHACARA;JOSE E MARIA;ASSENTAMENTO;42;ITAQUI;79490000;(67)99655-9037;SAO GABRIEL DO OESTE;500769;SAO GABRIEL DO OESTE;500769;3400964;UNIDADE DE SAUDE DA FAMILIA RURAL VII;F;28.04.2026;DULCINEIA_MOCCELIN;28.04.2026;DULCINEIA_MOCCELIN;10.00;PENDENTE;I10;00612619630;KALYNKA SILVIA HIGINO
664305587;2300004;0301010072;CONSULTA EM CARDIOLOGIA;01110123175;ELY DONIZETH DE ASSIS JUNIOR;25.05.2026;06:30;1;700806965638181;VANILDA DO BELEM DOS SANTOS MATIAS;05.11.1964;61;740;BRAULINA FAGUNDES DO NASCIMENTO;FAZENDA;CAMPO VERDE;;S/N;ZONA RURAL;79490000;(67)99616-6217;SAO GABRIEL DO OESTE;500769;SAO GABRIEL DO OESTE;500769;6452116;CENTRO DE ESPECIALIDADES MEDICAS;F;28.04.2026;FERNANDACRISTINAALVES;28.04.2026;FERNANDACRISTINAALVES;10.00;CONFIRMADO;Z016;01110123175;ELY DONIZETH DE ASSIS JUNIOR
664309374;0110002;0301010072;CONSULTA EM ORTOPEDIA - GERAL;06302616603;ROMULO AMARAL TAFURI;27.05.2026;12:30;0;700100953562216;NELSON SEBASTIAO ALVES PANIAGUA;29.10.1967;58;704;ADELINA ALVES PANIAGUA;LOTEAMENTO;ASSENTAMENTO ITAQUI;;47;ZONA RURAL;79490000;(67)99944-1737;SAO GABRIEL DO OESTE;500769;SAO GABRIEL DO OESTE;500769;3400964;UNIDADE DE SAUDE DA FAMILIA RURAL VII;M;28.04.2026;DULCINEIA_MOCCELIN;28.04.2026;DULCINEIA_MOCCELIN;10.00;CONFIRMADO;Z000;;ROMULO TAFURI
664310952;0077026;0205010040;ULTRA-SONOGRAFIA DOPPLER DE CAROTIDAS E VERTEBRAIS;01110123175;ELY DONIZETH DE ASSIS JUNIOR;06.05.2026;13:00;0;700000118229006;EVANIR BENACHIO;09.02.1951;75;904;ANA GILIOLI;RUA;AROEIRA;;705;SÃO CRISTÓVÃO;79490000;(67)3295-5109;SAO GABRIEL DO OESTE;500769;SAO GABRIEL DO OESTE;500769;6452116;CENTRO DE ESPECIALIDADES MEDICAS;F;28.04.2026;FERNANDACRISTINAALVES;28.04.2026;FERNANDACRISTINAALVES;39.60;CONFIRMADO;Z016;01110123175;ELY DONIZETH DE ASSIS JUNIOR
664311469;0110002;0301010072;CONSULTA EM ORTOPEDIA - GERAL;00468987193;ARTHUR MARTINS DE ALMEIDA;26.05.2026;08:00;0;709601689853479;MARIA APARECIDA CONTI PANIAGO;10.03.1980;46;555;ISTELINA CONTI;RUA;CASTANHEIRA;;512;SAO CRISTOVÃO;79490000;(67)99942-8528;SAO GABRIEL DO OESTE;500769;SAO GABRIEL DO OESTE;500769;6452116;CENTRO DE ESPECIALIDADES MEDICAS;F;28.04.2026;PATRICKMASIAGA;28.04.2026;PATRICKMASIAGA;10.00;PENDENTE;Z016;08418818123;PATRICK RICHARD ARGUELHO MASIAGA
664313935;0282063;0301010072;CONSULTA EM OTORRINOLARINGOLOGIA;78877326115;ANA PAULA CAVALIERI PONTES;08.05.2026;07:30;0;898005950545291;RHYAN GUILHERME DE OLIVEIRA ALMEIDA;23.07.2010;15;191;DANIELE OLIVEIRA DOS SANTOS;INVALIDO;COFRE DE OURO;;SN;ZONA RURAL;;(61)3315-2425;PEDRO GOMES;500640;SAO GABRIEL DO OESTE;500769;3400964;UNIDADE DE SAUDE DA FAMILIA RURAL VII;M;28.04.2026;DULCINEIA_MOCCELIN;28.04.2026;DULCINEIA_MOCCELIN;10.00;CONFIRMADO;R040;00612619630;KALYNKA SILVIA HIGINO
664314863;1407044;0211020060;TESTE DE ESFORCO OU TESTE ERGOMETRICO;01110123175;ELY DONIZETH DE ASSIS JUNIOR;04.05.2026;13:00;0;700001450788100;ADRIANA APARECIDA NESELLO;16.03.1986;40;483;ILMA ONEIDE GOLIN NESELLO;RUA;CAMABARA;;588;SAO CRISTOVAO;79490000;(67)99804-4248;SAO GABRIEL DO OESTE;500769;SAO GABRIEL DO OESTE;500769;6452116;CENTRO DE ESPECIALIDADES MEDICAS;F;28.04.2026;PATRICKMASIAGA;28.04.2026;PATRICKMASIAGA;30.00;CONFIRMADO;Z016;01110123175;ELY DONIZETH DE ASSIS JUNIOR
664316156;0108001;0205010032;ECOCARDIOGRAMA TRANSTORACICO;01110123175;ELY DONIZETH DE ASSIS JUNIOR;04.05.2026;09:00;0;700001450788100;ADRIANA APARECIDA NESELLO;16.03.1986;40;483;ILMA ONEIDE GOLIN NESELLO;RUA;CAMABARA;;588;SAO CRISTOVAO;79490000;(67)99804-4248;SAO GABRIEL DO OESTE;500769;SAO GABRIEL DO OESTE;500769;6452116;CENTRO DE ESPECIALIDADES MEDICAS;F;28.04.2026;PATRICKMASIAGA;28.04.2026;PATRICKMASIAGA;67.86;CONFIRMADO;Z016;08418818123;PATRICK RICHARD ARGUELHO MASIAGA
664316585;0505002;0211020052;MONITORIZACAO AMBULATORIAL DE PRESSAO ARTERIAL (M.A.P.A)                                            ;01110123175;ELY DONIZETH DE ASSIS JUNIOR;07.05.2026;09:00;0;700001450788100;ADRIANA APARECIDA NESELLO;16.03.1986;40;483;ILMA ONEIDE GOLIN NESELLO;RUA;CAMABARA;;588;SAO CRISTOVAO;79490000;(67)99804-4248;SAO GABRIEL DO OESTE;500769;SAO GABRIEL DO OESTE;500769;6452116;CENTRO DE ESPECIALIDADES MEDICAS;F;28.04.2026;PATRICKMASIAGA;28.04.2026;PATRICKMASIAGA;10.07;CONFIRMADO;Z016;08418818123;PATRICK RICHARD ARGUELHO MASIAGA
664317546;0015001;0301010072;CONSULTA EM OFTALMOLOGIA GERAL;45183520097;JONI HILDOR SCHWEICKARDT;14.05.2026;09:00;0;702606245909444;GERALDO OTAVIANO;22.03.1963;63;759;MARIA ANTONIA DE SOUZA;LOTEAMENTO;ASSENTAMENTO PATATIVAS DO ACARE;;201;ASSENTAMENTO PATATIVA DO ACARE;79490000;(67)99994-2970;SAO GABRIEL DO OESTE;500769;SAO GABRIEL DO OESTE;500769;3400964;UNIDADE DE SAUDE DA FAMILIA RURAL VII;M;28.04.2026;DULCINEIA_MOCCELIN;28.04.2026;DULCINEIA_MOCCELIN;10.00;PENDENTE;Z010;00612619630;KALYNKA SILVIA HIGINO
664317714;2300004;0301010072;CONSULTA EM CARDIOLOGIA;98260570106;CLAUDIA REGINA DUARTE CAZZOLATO KHALIL;15.05.2026;06:30;1;707608211615491;MARLISE DE FREITAS AZZOLIN;27.11.1983;42;511;NEIZA ANTONIA DE FREITAS AZZOLIN;CHACARA;QUERENCIA SAO FRANCISCO;;85;RURAL;79490000;(67)99934-3630 / (67)99989-5777;SAO GABRIEL DO OESTE;500769;SAO GABRIEL DO OESTE;500769;6452116;CENTRO DE ESPECIALIDADES MEDICAS;F;28.04.2026;FERNANDACRISTINAALVES;28.04.2026;FERNANDACRISTINAALVES;10.00;CONFIRMADO;Z016;01110123175;ELY DONIZETH DE ASSIS JUNIOR
664318037;0701224;0301010072;CONSULTA EM NEUROLOGIA - GERAL;22264073837;ANSELMO COSTA;06.05.2026;09:00;1;700900958118597;NIVALDO SATURNINO DE SOUZA;05.10.1959;66;801;TEREZA MEDEIROS DE SOUZA;RUA;RIO DE JANEIRO;;2130;CENTRO;79490000;(67)9937-0476;SAO GABRIEL DO OESTE;500769;SAO GABRIEL DO OESTE;500769;6452116;CENTRO DE ESPECIALIDADES MEDICAS;M;28.04.2026;PATRICKMASIAGA;28.04.2026;PATRICKMASIAGA;10.00;PENDENTE;Z016;08418818123;PATRICK RICHARD ARGUELHO MASIAGA
664319380;0110002;0301010072;CONSULTA EM ORTOPEDIA - GERAL;00468987193;ARTHUR MARTINS DE ALMEIDA;26.05.2026;08:00;0;702405329628730;LUIZ ONEIDE DO NASCIMENTO ALVES;16.02.1957;69;832;ANGELINA DO NASCIMENTO ALVES;RUA;CURIO;CASA;2126;JARDIM GRAMADO;79490000;(67)99946-0406;SAO GABRIEL DO OESTE;500769;SAO GABRIEL DO OESTE;500769;6452116;CENTRO DE ESPECIALIDADES MEDICAS;M;28.04.2026;PATRICKMASIAGA;28.04.2026;PATRICKMASIAGA;10.00;PENDENTE;Z016;08418818123;PATRICK RICHARD ARGUELHO MASIAGA
664324600;0108001;0205010032;ECOCARDIOGRAMA TRANSTORACICO;01110123175;ELY DONIZETH DE ASSIS JUNIOR;26.05.2026;09:00;0;708604014033486;MARTA FERREIRA DE SOUZA;25.07.1964;61;743;JUSTINA GUILHERME SOUZA;RUA;DAS CURRUIRAS;;1463;JARDIM GRAMADO;79491014;(67)99825-9754 / (66)99651-6850;SAO GABRIEL DO OESTE;500769;SAO GABRIEL DO OESTE;500769;5971055;UNIDADE DE SAUDE DA FAMILIA VIII;F;28.04.2026;JESSICAPADILHA;19.05.2026;VANIA_MARIANO;67.86;CONFIRMADO;I48;;CLAUDIA REGINA DUARTE CAZZOLATO KHALIL
664325596;2300004;0301010072;CONSULTA EM CARDIOLOGIA;99746328115;GUSTAVO TRINDADE DE QUEIROZ;08.05.2026;07:30;0;708201613848046;LUCIANA DA SILVA DOS SANTOS;13.06.1984;42;504;LUZIA DA SILVA DOS SANTOS;RUA;ESPIRITO SANTO;;2913;JARDIM PRIMAVERA;79490000;(67)3295-1902;SAO GABRIEL DO OESTE;500769;SAO GABRIEL DO OESTE;500769;6354265;CENTRAL DE REGULACAO DE SAO GABRIEL DO OESTE;F;28.04.2026;VANIA_MARIANO;28.04.2026;VANIA_MARIANO;10.00;CONFIRMADO;Z00;00125300006;MEDICOS SUS
664326064;2300004;0301010072;CONSULTA EM CARDIOLOGIA;99746328115;GUSTAVO TRINDADE DE QUEIROZ;08.05.2026;07:30;0;703404299156418;NELCI MARTINS;29.09.1964;61;741;IRACEMA DA SILVA MARTINS;RUA;CURRUIRAS;;1508;JARDIM GRAMADO;79490000;(67)9645-4491;SAO GABRIEL DO OESTE;500769;SAO GABRIEL DO OESTE;500769;6354265;CENTRAL DE REGULACAO DE SAO GABRIEL DO OESTE;M;28.04.2026;VANIA_MARIANO;28.04.2026;VANIA_MARIANO;10.00;CONFIRMADO;Z00;00125300006;MEDICOS SUS
664326555;2300004;0301010072;CONSULTA EM CARDIOLOGIA;99746328115;GUSTAVO TRINDADE DE QUEIROZ;08.05.2026;07:30;0;700205961525123;GUIOMAR BELCHIOR DA SILVA;22.10.1950;75;908;MARIA PEREIRA MARTINS;FAZENDA;LAGEADO;;S/N;ZONA RURAL;79490000;(67)99955-8093;SAO GABRIEL DO OESTE;500769;SAO GABRIEL DO OESTE;500769;6354265;CENTRAL DE REGULACAO DE SAO GABRIEL DO OESTE;F;28.04.2026;VANIA_MARIANO;28.04.2026;VANIA_MARIANO;10.00;PENDENTE;Z00;00125300006;MEDICOS SUS
664327149;2300004;0301010072;CONSULTA EM CARDIOLOGIA;99746328115;GUSTAVO TRINDADE DE QUEIROZ;08.05.2026;07:30;0;701004806469192;DARIO CACERES;09.12.1971;54;654;ARMELINDA CACERES;FAZENDA;HASSAN;;S/N;ZONA RURAL;79490000;(67)99635-9971;SAO GABRIEL DO OESTE;500769;SAO GABRIEL DO OESTE;500769;6354265;CENTRAL DE REGULACAO DE SAO GABRIEL DO OESTE;M;28.04.2026;VANIA_MARIANO;28.04.2026;VANIA_MARIANO;10.00;PENDENTE;Z00;00125300006;MEDICOS SUS
664328220;0299008;0301010072;CONSULTA EM CIRURGIA VASCULAR – GERAL;70808015087;CELIO HELEGDA;13.05.2026;06:30;1;704703736506032;HIOLANDA INACIA SOUZA;10.05.1953;73;877;ANA PEREIRA SINTRA;RUA;BAHIA;;2582;CENTRO;79490000;(67)3295-1820;SAO GABRIEL DO OESTE;500769;SAO GABRIEL DO OESTE;500769;6452116;CENTRO DE ESPECIALIDADES MEDICAS;F;28.04.2026;FERNANDACRISTINAALVES;28.04.2026;VANIA_MARIANO;10.00;CONFIRMADO;Z016;70808015087;CELIO HELEGDA
664330157;2300004;0301010072;CONSULTA EM CARDIOLOGIA;99746328115;GUSTAVO TRINDADE DE QUEIROZ;22.05.2026;07:30;0;706700509246513;ELIANA FATIMA DOS SANTOS PINHEIRO SOCCOL;02.09.1964;61;742;SANTA TERESINHA BARBOSA DOS SANTOS;FAZENDA;TRICOLOR;;S/N;RURAL;79490000;(67)3295-2702;SAO GABRIEL DO OESTE;500769;SAO GABRIEL DO OESTE;500769;6354265;CENTRAL DE REGULACAO DE SAO GABRIEL DO OESTE;F;28.04.2026;VANIA_MARIANO;28.04.2026;VANIA_MARIANO;10.00;PENDENTE;Z00;00125300006;MEDICOS SUS
664331584;0110002;0301010072;CONSULTA EM ORTOPEDIA - GERAL;32389571808;RODOLFO PELISSARI ZAMBOLIN;21.05.2026;14:00;0;709608639160875;ROMILDO MANOEL DOS SANTOS;25.08.1971;54;658;WALQUIRIA GUIMARAES DOS SANTOS;RUA;ANGICO;CASA;725;FENIX;79490000;(67)99826-6114 / (67)99826-6114;SAO GABRIEL DO OESTE;500769;SAO GABRIEL DO OESTE;500769;7002084;UNIDADE DE SAUDE DA FAMILIA IX;M;28.04.2026;AMANDALUIZA_BIAZUS;28.04.2026;AMANDALUIZA_BIAZUS;10.00;PENDENTE;M869;01415181110;ANGELA BENITES
664333465;1703204;0211020044;HOLTER 24 HORAS;01110123175;ELY DONIZETH DE ASSIS JUNIOR;28.05.2026;13:00;0;708604014033486;MARTA FERREIRA DE SOUZA;25.07.1964;61;743;JUSTINA GUILHERME SOUZA;RUA;DAS CURRUIRAS;;1463;JARDIM GRAMADO;79491014;(67)99825-9754 / (66)99651-6850;SAO GABRIEL DO OESTE;500769;SAO GABRIEL DO OESTE;500769;5971055;UNIDADE DE SAUDE DA FAMILIA VIII;F;28.04.2026;JESSICAPADILHA;19.05.2026;VANIA_MARIANO;30.00;CONFIRMADO;I48;;CLAUDIA REGINA DUARTE CAZZOLATO KHALIL
664334048;2300004;0301010072;CONSULTA EM CARDIOLOGIA;99746328115;GUSTAVO TRINDADE DE QUEIROZ;08.05.2026;13:00;0;700306954745733;NELSON MARTINS DE AMORIM;18.07.1953;72;875;MARIA PEREIRA MARTINS;RUA;PIRATINI;CASA;298;MILANI;79490000;(67)99958-0441;SAO GABRIEL DO OESTE;500769;SAO GABRIEL DO OESTE;500769;2370972;UNIDADE DE SAUDE DA FAMILIA MILANE II;M;28.04.2026;FLAVIA_RODRIGUES;28.04.2026;FLAVIA_RODRIGUES;10.00;PENDENTE;L10;02453491113;MILENA GUEDIN VARGAS
664335736;0320003;0211020036;ELETROCARDIOGRAMA;01110123175;ELY DONIZETH DE ASSIS JUNIOR;04.05.2026;14:00;0;704701734178532;SONIA CRISTINA FERREIRA PAULO DA SILVA;30.04.1982;44;530;NOELI FERREIRA PAULO;RUA;CEREJEIRA;;745;FLOR DO CERRADO;79490000;(67)99816-3330 / (67)98456-7937;SAO GABRIEL DO OESTE;500769;SAO GABRIEL DO OESTE;500769;7002084;UNIDADE DE SAUDE DA FAMILIA IX;F;28.04.2026;AMANDALUIZA_BIAZUS;28.04.2026;AMANDALUIZA_BIAZUS;5.15;PENDENTE;Z000;01415181110;ANGELA BENITES
664335741;0110002;0301010072;CONSULTA EM ORTOPEDIA - GERAL;00468987193;ARTHUR MARTINS DE ALMEIDA;26.05.2026;08:00;0;706808772810722;SONIA APARECIDA PEREIRA DA COSTA;27.08.1973;52;634;TEREZINHA PEREIRA DA COSTA;FAZENDA;BOA ESPERANÇA;;S/N;ZONA RURAL;79490000;(67)9623-6482;SAO GABRIEL DO OESTE;500769;SAO GABRIEL DO OESTE;500769;6452116;CENTRO DE ESPECIALIDADES MEDICAS;F;28.04.2026;PATRICKMASIAGA;28.04.2026;PATRICKMASIAGA;10.00;CONFIRMADO;Z016;00468987193;ARTHUR MARTINS DE ALMEIDA
664336630;0110002;0301010072;CONSULTA EM ORTOPEDIA - GERAL;00468987193;ARTHUR MARTINS DE ALMEIDA;26.05.2026;08:00;0;702308143125112;ADAO CUSTODIO DE SANTANA;15.09.1964;61;741;ALDIVINA FRANCISCA APARECIDA;CHACARA;CACHOEIRA LOTE 159 ITAQUI;ASSENTAMENTO;S/N;ZONA RURAL;79490000;(67)99946-6928;SAO GABRIEL DO OESTE;500769;SAO GABRIEL DO OESTE;500769;6452116;CENTRO DE ESPECIALIDADES MEDICAS;M;28.04.2026;PATRICKMASIAGA;28.04.2026;PATRICKMASIAGA;10.00;CONFIRMADO;Z016;08418818123;PATRICK RICHARD ARGUELHO MASIAGA
664337373;0110002;0301010072;CONSULTA EM ORTOPEDIA - GERAL;00468987193;ARTHUR MARTINS DE ALMEIDA;26.05.2026;08:00;0;704100674932850;GENIR PEREIRA ALVES;01.12.1989;36;439;ALENIR PEREIRA BORGES;RUA;GERONIMO GARCIA;;S/N;LAGOA;79890000;(67)99682-6183 / (67)99974-9455;ITAPORA;500450;SAO GABRIEL DO OESTE;500769;6452116;CENTRO DE ESPECIALIDADES MEDICAS;M;28.04.2026;PATRICKMASIAGA;28.04.2026;PATRICKMASIAGA;10.00;CONFIRMADO;Z016;08418818123;PATRICK RICHARD ARGUELHO MASIAGA
664346029;0108001;0205010032;ECOCARDIOGRAMA TRANSTORACICO;01110123175;ELY DONIZETH DE ASSIS JUNIOR;04.05.2026;09:00;0;706006307607843;ERIALDO BARBOSA DE FRANCA;20.06.1977;49;588;LUIZA BARBOSA DE FRANCA;AVENIDA;CASTELO BRANCO;CASA;1933;PRIMO MAFFISSONI;79490000;(67)98421-2239;SAO GABRIEL DO OESTE;500769;SAO GABRIEL DO OESTE;500769;6452116;CENTRO DE ESPECIALIDADES MEDICAS;M;28.04.2026;PATRICKMASIAGA;28.04.2026;PATRICKMASIAGA;67.86;CONFIRMADO;Z016;01110123175;ELY DONIZETH DE ASSIS JUNIOR
664346689;0077026;0205010040;ULTRA-SONOGRAFIA DOPPLER DE CAROTIDAS E VERTEBRAIS;01110123175;ELY DONIZETH DE ASSIS JUNIOR;04.05.2026;09:00;0;706006307607843;ERIALDO BARBOSA DE FRANCA;20.06.1977;49;588;LUIZA BARBOSA DE FRANCA;AVENIDA;CASTELO BRANCO;CASA;1933;PRIMO MAFFISSONI;79490000;(67)98421-2239;SAO GABRIEL DO OESTE;500769;SAO GABRIEL DO OESTE;500769;6452116;CENTRO DE ESPECIALIDADES MEDICAS;M;28.04.2026;PATRICKMASIAGA;28.04.2026;PATRICKMASIAGA;39.60;CONFIRMADO;Z016;01110123175;ELY DONIZETH DE ASSIS JUNIOR
664346780;0110002;0301010072;CONSULTA EM ORTOPEDIA - GERAL;93393539191;RODOLFO FABIANO NIZ BAREIRO;21.05.2026;14:00;0;702404550138022;NATHALIA REGINA DE SOUZA;01.02.1995;31;377;ROSA MARIA DE SOUZA;RUA;CAMBARÁ;;756;FLOR DO CERRADO;79490000;(67)99959-7814;SAO GABRIEL DO OESTE;500769;SAO GABRIEL DO OESTE;500769;7002084;UNIDADE DE SAUDE DA FAMILIA IX;F;28.04.2026;AMANDALUIZA_BIAZUS;28.04.2026;AMANDALUIZA_BIAZUS;10.00;CONFIRMADO;M238;06901507925;EVELYN KASSIA TUDISCO FERNANDES
664347493;2300004;0301010072;CONSULTA EM CARDIOLOGIA;01110123175;ELY DONIZETH DE ASSIS JUNIOR;19.05.2026;07:30;1;706905191255432;ANA EDITE MATTE;16.09.1950;75;909;AUGUSTA FRANCISCHETO;AVENIDA;TUIUIU;;1193;JARDIM GRAMADO;79490000;(67)3295-3863;SAO GABRIEL DO OESTE;500769;SAO GABRIEL DO OESTE;500769;6452116;CENTRO DE ESPECIALIDADES MEDICAS;F;28.04.2026;FERNANDACRISTINAALVES;28.04.2026;FERNANDACRISTINAALVES;10.00;CONFIRMADO;Z016;01110123175;ELY DONIZETH DE ASSIS JUNIOR
664347552;1407044;0211020060;TESTE DE ESFORCO OU TESTE ERGOMETRICO;01110123175;ELY DONIZETH DE ASSIS JUNIOR;04.05.2026;13:00;0;706006307607843;ERIALDO BARBOSA DE FRANCA;20.06.1977;49;588;LUIZA BARBOSA DE FRANCA;AVENIDA;CASTELO BRANCO;CASA;1933;PRIMO MAFFISSONI;79490000;(67)98421-2239;SAO GABRIEL DO OESTE;500769;SAO GABRIEL DO OESTE;500769;6452116;CENTRO DE ESPECIALIDADES MEDICAS;M;28.04.2026;PATRICKMASIAGA;28.04.2026;PATRICKMASIAGA;30.00;PENDENTE;Z016;01110123175;ELY DONIZETH DE ASSIS JUNIOR
664353429;0015001;0301010072;CONSULTA EM OFTALMOLOGIA GERAL;45183520097;JONI HILDOR SCHWEICKARDT;14.05.2026;07:00;0;708501380216678;LAINE EMANUELE FLORENTINO RODRIGUES;24.03.2015;11;135;MARLIANE FLORENTINO PEREIRA;RUA;TRAVESSA MANOEL PEREIRA;;09;CORONEL MANOEL MARIANO;79480000;(67)99627-1373;RIO VERDE DE MATO GROSSO;500740;SAO GABRIEL DO OESTE;500769;2370964;UNIDADE DE SAUDE DA FAMILIA III;F;28.04.2026;ANACLAUDIA_NOGUEIRA;28.04.2026;ANACLAUDIA_NOGUEIRA;10.00;CONFIRMADO;H539;02611833974;HUDSON PERES DORIGAO BELISARIO DE SOUZA
664362002;0110002;0301010072;CONSULTA EM ORTOPEDIA - GERAL;00468987193;ARTHUR MARTINS DE ALMEIDA;26.05.2026;06:30;1;706708573272616;VANESSA BERNARDO MAAS;01.06.1990;36;433;SONIA MARIA BERNARDO DA SILVA;AVENIDA;FABIO ZAMIAN;CASA;45;CENTRO;79490000;(67)98441-3618;SAO GABRIEL DO OESTE;500769;SAO GABRIEL DO OESTE;500769;6452116;CENTRO DE ESPECIALIDADES MEDICAS;F;28.04.2026;FERNANDACRISTINAALVES;28.04.2026;VANIA_MARIANO;10.00;CONFIRMADO;Z016;00468987193;ARTHUR MARTINS DE ALMEIDA
664364785;0077026;0205010040;ULTRA-SONOGRAFIA DOPPLER DE CAROTIDAS E VERTEBRAIS;01110123175;ELY DONIZETH DE ASSIS JUNIOR;04.05.2026;09:00;0;700804900277786;APARECIDA GONCALVES SENNE RODRIGUES;25.04.1959;67;806;MARIA GONCALVES SENNE;RUA;DAS ANHUMAS 1/1465;;1180;JARDIM GRAMADO;79491016;(11)91179-8866;SAO GABRIEL DO OESTE;500769;SAO GABRIEL DO OESTE;500769;6452116;CENTRO DE ESPECIALIDADES MEDICAS;F;28.04.2026;FERNANDACRISTINAALVES;28.04.2026;FERNANDACRISTINAALVES;39.60;CONFIRMADO;Z016;01110123175;ELY DONIZETH DE ASSIS JUNIOR
664365259;0108001;0205010032;ECOCARDIOGRAMA TRANSTORACICO;01110123175;ELY DONIZETH DE ASSIS JUNIOR;04.05.2026;09:00;0;700804900277786;APARECIDA GONCALVES SENNE RODRIGUES;25.04.1959;67;806;MARIA GONCALVES SENNE;RUA;DAS ANHUMAS 1/1465;;1180;JARDIM GRAMADO;79491016;(11)91179-8866;SAO GABRIEL DO OESTE;500769;SAO GABRIEL DO OESTE;500769;6452116;CENTRO DE ESPECIALIDADES MEDICAS;F;28.04.2026;FERNANDACRISTINAALVES;28.04.2026;FERNANDACRISTINAALVES;67.86;CONFIRMADO;Z016;01110123175;ELY DONIZETH DE ASSIS JUNIOR
664366937;2300004;0301010072;CONSULTA EM CARDIOLOGIA;01110123175;ELY DONIZETH DE ASSIS JUNIOR;25.05.2026;07:30;1;700804900277786;APARECIDA GONCALVES SENNE RODRIGUES;25.04.1959;67;806;MARIA GONCALVES SENNE;RUA;DAS ANHUMAS 1/1465;;1180;JARDIM GRAMADO;79491016;(11)91179-8866;SAO GABRIEL DO OESTE;500769;SAO GABRIEL DO OESTE;500769;6452116;CENTRO DE ESPECIALIDADES MEDICAS;F;28.04.2026;FERNANDACRISTINAALVES;28.04.2026;FERNANDACRISTINAALVES;10.00;PENDENTE;Z016;01110123175;ELY DONIZETH DE ASSIS JUNIOR
664368927;0282063;0301010072;CONSULTA EM OTORRINOLARINGOLOGIA;78877326115;ANA PAULA CAVALIERI PONTES;08.05.2026;07:30;0;706402122849983;CACIO SILVEIRA;28.04.1934;92;1106;MARIA MADALENA SILVEIRA;RUA;HORMÍNIO PERRA MENDES;DISTRITO AREADO;59;JARDIM ITAMARACÁ;79062172;(67)9616-4260 / (67)99603-1174;CAMPO GRANDE;500270;SAO GABRIEL DO OESTE;500769;2370972;UNIDADE DE SAUDE DA FAMILIA MILANE II;M;28.04.2026;VANESSAMARTINS_AREADO;28.04.2026;VANESSAMARTINS_AREADO;10.00;CONFIRMADO;Z011;83798633134;JOAO BAPTISTA BARBOSA SOUZA
664379500;0701224;0301010072;CONSULTA EM NEUROLOGIA - GERAL;22264073837;ANSELMO COSTA;27.05.2026;07:00;0;702809140976363;LUIS ALFONSO GUILLEN GONZALEZ;09.11.1989;36;439;SORANGEL ROSALIA GONZALEZ DIAZ;RUA;BEIJA FLOR;;669;FLOR DO CERRADO;79490000;(67)99949-7175;SAO GABRIEL DO OESTE;500769;SAO GABRIEL DO OESTE;500769;7002084;UNIDADE DE SAUDE DA FAMILIA IX;M;28.04.2026;AMANDALUIZA_BIAZUS;28.04.2026;AMANDALUIZA_BIAZUS;10.00;CONFIRMADO;G43;01415181110;ANGELA BENITES
664396448;0701224;0301010072;CONSULTA EM NEUROLOGIA - GERAL;22264073837;ANSELMO COSTA;27.05.2026;07:00;0;702903511125270;INGRID GIOVANA NUNES VIEIRA SILVA;19.09.1994;31;381;JANE BORGES NUNES;FAZENDA;PLATINA;PROP ORTOLAN;S/N;RURAL;79490000;(67)99618-4596 / (67)99878-3633;SAO GABRIEL DO OESTE;500769;SAO GABRIEL DO OESTE;500769;6452116;CENTRO DE ESPECIALIDADES MEDICAS;F;28.04.2026;PATRICKMASIAGA;28.04.2026;PATRICKMASIAGA;10.00;CONFIRMADO;Z016;08418818123;PATRICK RICHARD ARGUELHO MASIAGA
664408293;0110002;0301010072;CONSULTA EM ORTOPEDIA - GERAL;00530001101;BRUNO PETINARI UMBELINO;25.05.2026;06:30;0;700003241516401;MARCIO GINO THOMAZ;06.09.1980;45;550;DELIA GINO THOMAZ;RUA;TANGARA;CASA;642;FENIX;79490000;(67)99820-9960;SAO GABRIEL DO OESTE;500769;SAO GABRIEL DO OESTE;500769;6452116;CENTRO DE ESPECIALIDADES MEDICAS;M;28.04.2026;PATRICKMASIAGA;28.04.2026;PATRICKMASIAGA;10.00;PENDENTE;Z016;08418818123;PATRICK RICHARD ARGUELHO MASIAGA
664419852;0110002;0301010072;CONSULTA EM ORTOPEDIA - GERAL;93393539191;RODOLFO FABIANO NIZ BAREIRO;21.05.2026;14:00;0;700005187409500;LAERIO FERREIRA DA SILVA;22.03.1963;63;759;TEREZINHA DE JESUS SILVA;RUA;HILARIO NICARETTA;;1911;PRIMO MAFFISSONI;79490000;(67)9661-0230;SAO GABRIEL DO OESTE;500769;SAO GABRIEL DO OESTE;500769;7333218;UNIDADE DE SAUDE DA FAMILIA X;M;28.04.2026;RAISSASILVALIMA;28.04.2026;RAISSASILVALIMA;10.00;CONFIRMADO;M713;63805480172;CLEDSON PERETTI
664470923;0110002;0301010072;CONSULTA EM ORTOPEDIA - GERAL;06302616603;ROMULO AMARAL TAFURI;27.05.2026;14:00;1;704103190565275;PAULO EDUARDO FERREIRA DOS SANTOS;20.09.2007;18;225;MARLY GOMES DOS SANTOS;AVENIDA;LIBERATO MAFFISSONI;CASA;1846;PRIMO MAFFISSONI;79490000;(67)99841-1261;SAO GABRIEL DO OESTE;500769;SAO GABRIEL DO OESTE;500769;6452116;CENTRO DE ESPECIALIDADES MEDICAS;M;28.04.2026;FERNANDACRISTINAALVES;28.04.2026;FERNANDACRISTINAALVES;10.00;PENDENTE;Z016;06302616603;ROMULO AMARAL TAFURI
664501800;0701224;0301010072;CONSULTA EM NEUROLOGIA - GERAL;22264073837;ANSELMO COSTA;27.05.2026;07:00;1;702101703132092;MARIUZIM APARECIDO DE OLIVEIRA;29.03.1969;57;687;MARIA DIVINA DE OLIVEIRA;RUA;JOAO EVANGELISTA ROSA;;1851;CENTRO;79490000;(67)9989-4867;SAO GABRIEL DO OESTE;500769;SAO GABRIEL DO OESTE;500769;6452116;CENTRO DE ESPECIALIDADES MEDICAS;M;28.04.2026;FERNANDACRISTINAALVES;28.04.2026;FERNANDACRISTINAALVES;10.00;CONFIRMADO;Z016;22264073837;ANSELMO COSTA
664504411;2300004;0301010072;CONSULTA EM CARDIOLOGIA;98260570106;CLAUDIA REGINA DUARTE CAZZOLATO KHALIL;15.05.2026;06:30;1;702800187773665;GILMAR ALGAIER MORAES JUNIOR;30.12.1993;32;390;ELIAMAR LUCIA MORAES;RUA;CURIO;;1087;JARDIM GRAMADO;79491012;(67)99622-1397;SAO GABRIEL DO OESTE;500769;SAO GABRIEL DO OESTE;500769;6452116;CENTRO DE ESPECIALIDADES MEDICAS;M;28.04.2026;FERNANDACRISTINAALVES;28.04.2026;FERNANDACRISTINAALVES;10.00;CONFIRMADO;Z016;;LUCINALDO BASSO
664519716;0701224;0301010072;CONSULTA EM NEUROLOGIA - GERAL;22264073837;ANSELMO COSTA;27.05.2026;12:00;0;700503159930955;JOSE NOEL MACHADO;15.04.1963;63;758;MARIA MACHADO MIRANDA;ACAMPAMENTO;ITAQUI;;S/N;RURAL;79490000;(67)9614-6987;SAO GABRIEL DO OESTE;500769;SAO GABRIEL DO OESTE;500769;3400964;UNIDADE DE SAUDE DA FAMILIA RURAL VII;M;28.04.2026;DULCINEIA_MOCCELIN;28.04.2026;DULCINEIA_MOCCELIN;10.00;PENDENTE;R251;00612619630;KALYNKA SILVIA HIGINO
664519825;2300004;0301010072;CONSULTA EM CARDIOLOGIA;01110123175;ELY DONIZETH DE ASSIS JUNIOR;19.05.2026;07:30;1;704803564443746;PRISCILA NUNES DOS SANTOS;19.12.1999;26;318;ROSALINA MALAQUIAS NUNES DOS SANTOS;RUA;PEDRO SEGATTO;;248;FENIX;79490000;(67)99834-9222;SAO GABRIEL DO OESTE;500769;SAO GABRIEL DO OESTE;500769;6452116;CENTRO DE ESPECIALIDADES MEDICAS;F;28.04.2026;FERNANDACRISTINAALVES;28.04.2026;FERNANDACRISTINAALVES;10.00;CONFIRMADO;Z016;98260570106;CLAUDIA REGINA DUARTE CAZZOLATO KHALIL
664526088;2300004;0301010072;CONSULTA EM CARDIOLOGIA;01110123175;ELY DONIZETH DE ASSIS JUNIOR;20.05.2026;06:30;1;705008069168558;ZELIA FLORIANO DA COSTA;08.12.1941;84;1014;ABADIA JOSE FLORIANO DA SILVA;RUA;FRANCISCO MILANI;;825;MILANI;79492068;(67)99635-1028;SAO GABRIEL DO OESTE;500769;SAO GABRIEL DO OESTE;500769;6452116;CENTRO DE ESPECIALIDADES MEDICAS;F;28.04.2026;FERNANDACRISTINAALVES;28.04.2026;FERNANDACRISTINAALVES;10.00;PENDENTE;Z016;01110123175;ELY DONIZETH DE ASSIS JUNIOR
664527857;0110002;0301010072;CONSULTA EM ORTOPEDIA - GERAL;89074033172;ROGERIO PADOVANI TOFFOLI;22.05.2026;14:00;0;703207644628492;ZELI SILVEIRA NOLASCO;25.08.1976;49;598;ALDIVINA SILVEIRA NOLASCO;RUA;DAS CURRUIRAS;;866;JARDIM GRAMADO;79491014;(67)99943-4528;SAO GABRIEL DO OESTE;500769;SAO GABRIEL DO OESTE;500769;5971055;UNIDADE DE SAUDE DA FAMILIA VIII;F;28.04.2026;JESSICAPADILHA;28.04.2026;JESSICAPADILHA;10.00;PENDENTE;M238;;RENNAN ORTIZ BUENO
664531764;0701224;0301010072;CONSULTA EM NEUROLOGIA - GERAL;22264073837;ANSELMO COSTA;27.05.2026;07:00;0;700006113105703;AILANA NAZARETH REYES RIVAS;18.10.2023;02;32;NATALI DE LOS ANGELES CARRILLO RIVAS;RUA;DA PAZ;;222;MILANI;79492084;(45)99954-2960;SAO GABRIEL DO OESTE;500769;SAO GABRIEL DO OESTE;500769;2370972;UNIDADE DE SAUDE DA FAMILIA MILANE II;F;28.04.2026;FLAVIA_RODRIGUES;28.04.2026;FLAVIA_RODRIGUES;10.00;CONFIRMADO;G40;02453491113;MILENA GUEDIN VARGAS
664534451;2300004;0301010072;CONSULTA EM CARDIOLOGIA;01110123175;ELY DONIZETH DE ASSIS JUNIOR;05.05.2026;06:30;0;700500904585352;CARLOS ALBERTO THOMAZ;28.11.1970;55;667;MARIA DE LOURDES THOMAZ;RUA;ALAGOAS;;3151;CENTRO;79490000;(67)9933-1516 / (67)99652-7945;SAO GABRIEL DO OESTE;500769;SAO GABRIEL DO OESTE;500769;7333218;UNIDADE DE SAUDE DA FAMILIA X;M;28.04.2026;RAISSASILVALIMA;28.04.2026;VANIA_MARIANO;10.00;PENDENTE;R072;63805480172;CLEDSON PERETTI
664535962;0110002;0301010072;CONSULTA EM ORTOPEDIA - GERAL;00468987193;ARTHUR MARTINS DE ALMEIDA;05.05.2026;06:30;0;705806442924937;ELEN CRISTINA RODRIGUES PEDROZA;22.12.1975;50;606;DIRCE RODRIGUES PEDROZA;RUA;AROEIRA;;281;SAO CRISTOVAO;79491190;(67)99699-0345 / (67)99801-4760;SAO GABRIEL DO OESTE;500769;SAO GABRIEL DO OESTE;500769;7002084;UNIDADE DE SAUDE DA FAMILIA IX;F;28.04.2026;AMANDALUIZA_BIAZUS;28.04.2026;VANIA_MARIANO;10.00;PENDENTE;G560;06901507925;EVELYN KASSIA TUDISCO FERNANDES
664536775;0701224;0301010072;CONSULTA EM NEUROLOGIA - GERAL;22264073837;ANSELMO COSTA;27.05.2026;07:00;0;703200607490893;ANGELA MARTINS DA SILVA;19.09.1978;47;573;MARIA APARECIDA MARTINS;RUA;AZULAO;;1254;FENIX;79491104;(67)99894-6487;SAO GABRIEL DO OESTE;500769;SAO GABRIEL DO OESTE;500769;5971055;UNIDADE DE SAUDE DA FAMILIA VIII;F;28.04.2026;JESSICAPADILHA;28.04.2026;JESSICAPADILHA;10.00;PENDENTE;G43;;RENNAN ORTIZ BUENO
664537168;0110002;0301010072;CONSULTA EM ORTOPEDIA - GERAL;89074033172;ROGERIO PADOVANI TOFFOLI;22.05.2026;14:00;0;702909522964371;MARCIA NANTES BARBOSA;05.05.1981;45;542;REGINA APARECIDA NANTES BARBOSA;RUA;ALAGOAS;CASA 1;565;PRIMO MAFFISSONI;79490000;(67)99882-3718 / (67)99996-4385;SAO GABRIEL DO OESTE;500769;SAO GABRIEL DO OESTE;500769;6452116;CENTRO DE ESPECIALIDADES MEDICAS;F;28.04.2026;FERNANDACRISTINAALVES;28.04.2026;FERNANDACRISTINAALVES;10.00;PENDENTE;Z016;89074033172;ROGERIO PADOVANI TOFFOLI
664538100;0320174;0301010072;CONSULTA EM PNEUMOLOGIA - GERAL;09028429603;BERNARDO MEDEIROS MAIA;15.05.2026;07:00;0;708009545733330;ELSON BARROS DO SENHOR;11.12.1980;45;546;ANA MARIA BARROS DO SENHOR;RUA;SANTA ANA;;419;MILANI;79492090;(67)98147-5011;SAO GABRIEL DO OESTE;500769;SAO GABRIEL DO OESTE;500769;2370972;UNIDADE DE SAUDE DA FAMILIA MILANE II;M;28.04.2026;FLAVIA_RODRIGUES;28.04.2026;FLAVIA_RODRIGUES;10.00;CONFIRMADO;R05;02453491113;MILENA GUEDIN VARGAS
664539086;0282063;0301010072;CONSULTA EM OTORRINOLARINGOLOGIA;78877326115;ANA PAULA CAVALIERI PONTES;08.05.2026;07:30;0;700506700096057;ALINE MOURA DE MELLO;02.05.1996;30;362;SANDRA APARECIDA DE MOURA BARRIOS;RUA;TUIUIUI;;996;JARDIM GRAMADO;79490000;(67)99671-7463 / (67)99946-2263;SAO GABRIEL DO OESTE;500769;SAO GABRIEL DO OESTE;500769;6354265;CENTRAL DE REGULACAO DE SAO GABRIEL DO OESTE;F;28.04.2026;ARILENE_SAOGABRIEL;28.04.2026;ARILENE_SAOGABRIEL;10.00;PENDENTE;Z016;00125300006;MEDICOS SUS
664540926;0110002;0301010072;CONSULTA EM ORTOPEDIA - GERAL;89074033172;ROGERIO PADOVANI TOFFOLI;22.05.2026;14:00;0;708203684373344;JULIA APARECIDA CANHETE ANTONIO;28.01.2006;20;245;GEOVANE CANHETE DE ARRUDA;RUA;CURIO;;971;JARDIM GRAMADO;79491012;(67)99644-3327;SAO GABRIEL DO OESTE;500769;SAO GABRIEL DO OESTE;500769;5971055;UNIDADE DE SAUDE DA FAMILIA VIII;F;28.04.2026;JESSICAPADILHA;28.04.2026;JESSICAPADILHA;10.00;PENDENTE;S903;;RENNAN ORTIZ BUENO
664541827;0282063;0301010072;CONSULTA EM OTORRINOLARINGOLOGIA;78877326115;ANA PAULA CAVALIERI PONTES;22.05.2026;06:00;1;701100093740710;FELIPE MENDES OLIVEIRA;10.05.2021;05;61;CRISTIANE MENDES PACIENCIA;RUA;RIO BRANCO;;11;JARDIM SAO BENTO;79420000;(67)98173-9621;CAMAPUA;500260;SAO GABRIEL DO OESTE;500769;6452116;CENTRO DE ESPECIALIDADES MEDICAS;M;28.04.2026;ANDREIA_CEM;28.04.2026;ANDREIA_CEM;10.00;PENDENTE;Z016;78877326115;ANA PAULA CAVALIERI PONTES
664549002;0701224;0301010072;CONSULTA EM NEUROLOGIA - GERAL;22264073837;ANSELMO COSTA;27.05.2026;09:00;0;706501315372591;ODETE PINHEIRO DOS SANTOS;16.10.1957;68;824;ANA BARBOSA DOS SANTOS;RUA;ANHUMAS;;1087;JARDIM GRAMADO;79490000;(67)99953-8891;SAO GABRIEL DO OESTE;500769;SAO GABRIEL DO OESTE;500769;5971055;UNIDADE DE SAUDE DA FAMILIA VIII;M;28.04.2026;JESSICAPADILHA;28.04.2026;JESSICAPADILHA;10.00;CONFIRMADO;Z000;;RENNAN ORTIZ BUENO
664563512;0299008;0301010072;CONSULTA EM CIRURGIA VASCULAR – GERAL;70808015087;CELIO HELEGDA;06.05.2026;06:30;0;704500383985512;MARIA ANTONIA COELHO DA SILVA;13.06.1956;70;840;DORA DE MORAES COELHO;RUA;PEDRO SEGATTO;;51;FENIX;79491062;(67)99858-5025 / (67)99905-3674;SAO GABRIEL DO OESTE;500769;SAO GABRIEL DO OESTE;500769;2370999;UNIDADE DE SAUDE DA FAMILIA FENIX IV;F;28.04.2026;GUSTAVO_PIAIA;29.04.2026;VANIA_MARIANO;10.00;PENDENTE;I702;00703866176;ALCIDES EDUARDO EIBEL
664588755;2300004;0301010072;CONSULTA EM CARDIOLOGIA;99746328115;GUSTAVO TRINDADE DE QUEIROZ;22.05.2026;06:30;0;706903138820331;ELAINE CRISTINA AMARAL MONTESSI;23.12.2000;25;306;IDENENIR PEREIRA DO AMARAL;RUA;CURICACA;CASA;1052;JARDIM GRAMADO;79490000;(67)99908-1495;SAO GABRIEL DO OESTE;500769;SAO GABRIEL DO OESTE;500769;6452116;CENTRO DE ESPECIALIDADES MEDICAS;F;29.04.2026;FERNANDACRISTINAALVES;29.04.2026;FERNANDACRISTINAALVES;10.00;PENDENTE;Z016;;LUCINALDO BASSO
664588915;0320003;0211020036;ELETROCARDIOGRAMA;01110123175;ELY DONIZETH DE ASSIS JUNIOR;20.05.2026;08:00;0;706903138820331;ELAINE CRISTINA AMARAL MONTESSI;23.12.2000;25;306;IDENENIR PEREIRA DO AMARAL;RUA;CURICACA;CASA;1052;JARDIM GRAMADO;79490000;(67)99908-1495;SAO GABRIEL DO OESTE;500769;SAO GABRIEL DO OESTE;500769;6452116;CENTRO DE ESPECIALIDADES MEDICAS;F;29.04.2026;FERNANDACRISTINAALVES;29.04.2026;FERNANDACRISTINAALVES;5.15;PENDENTE;Z016;93275439120;VALDIRENE CARDOSO PEREIRA
664613557;3516007;0301010072;CONSULTA EM UROLOGIA - GERAL;04349392181;ANTONIO AUGUSTO PALOMBO MENDES;14.05.2026;06:30;0;703006849576576;EVA FLAUSINA DA SILVA DE OLIVEIRA;17.01.1953;73;881;SEBASTIANA FLAUSINA DA COSTA;RUA;ARACA;;385;SAO CRISTOVAO;79491198;(67)99815-8820;SAO GABRIEL DO OESTE;500769;SAO GABRIEL DO OESTE;500769;7002084;UNIDADE DE SAUDE DA FAMILIA IX;F;29.04.2026;CLEIDIANE_UNIDADEIX;29.04.2026;VANIA_MARIANO;10.00;PENDENTE;N200;06901507925;EVELYN KASSIA TUDISCO FERNANDES
664621203;0110002;0301010072;CONSULTA EM ORTOPEDIA - GERAL;06302616603;ROMULO AMARAL TAFURI;13.05.2026;12:30;0;700906936275598;LENY GOMES DA SILVA;01.02.1947;79;953;CELANIRA GARCIA GOMES;RUA;DAS GARCAS;;935;FENIX;79491060;(67)98481-0183;SAO GABRIEL DO OESTE;500769;SAO GABRIEL DO OESTE;500769;6452116;CENTRO DE ESPECIALIDADES MEDICAS;F;29.04.2026;FERNANDACRISTINAALVES;29.04.2026;VANIA_MARIANO;10.00;PENDENTE;Z016;06302616603;ROMULO AMARAL TAFURI
664626505;0077026;0205010040;ULTRA-SONOGRAFIA DOPPLER DE CAROTIDAS E VERTEBRAIS;01110123175;ELY DONIZETH DE ASSIS JUNIOR;04.05.2026;13:00;0;704201247378387;TEREZINHA QUEVEDO DA SILVA;25.11.1960;65;787;MARIA SEBASTIANA DA SILVA;RUA;PERIQUITO;;191;FENIX;79490000;(67)99866-3919;SAO GABRIEL DO OESTE;500769;SAO GABRIEL DO OESTE;500769;6452116;CENTRO DE ESPECIALIDADES MEDICAS;F;29.04.2026;PATRICKMASIAGA;29.04.2026;PATRICKMASIAGA;39.60;CONFIRMADO;Z016;01110123175;ELY DONIZETH DE ASSIS JUNIOR
664626731;1407044;0211020060;TESTE DE ESFORCO OU TESTE ERGOMETRICO;01110123175;ELY DONIZETH DE ASSIS JUNIOR;05.05.2026;09:00;0;704201247378387;TEREZINHA QUEVEDO DA SILVA;25.11.1960;65;787;MARIA SEBASTIANA DA SILVA;RUA;PERIQUITO;;191;FENIX;79490000;(67)99866-3919;SAO GABRIEL DO OESTE;500769;SAO GABRIEL DO OESTE;500769;6452116;CENTRO DE ESPECIALIDADES MEDICAS;F;29.04.2026;PATRICKMASIAGA;29.04.2026;PATRICKMASIAGA;30.00;CONFIRMADO;Z016;01110123175;ELY DONIZETH DE ASSIS JUNIOR
664627470;0108001;0205010032;ECOCARDIOGRAMA TRANSTORACICO;01110123175;ELY DONIZETH DE ASSIS JUNIOR;04.05.2026;09:00;0;704201247378387;TEREZINHA QUEVEDO DA SILVA;25.11.1960;65;787;MARIA SEBASTIANA DA SILVA;RUA;PERIQUITO;;191;FENIX;79490000;(67)99866-3919;SAO GABRIEL DO OESTE;500769;SAO GABRIEL DO OESTE;500769;6452116;CENTRO DE ESPECIALIDADES MEDICAS;F;29.04.2026;PATRICKMASIAGA;29.04.2026;PATRICKMASIAGA;67.86;CONFIRMADO;Z016;01110123175;ELY DONIZETH DE ASSIS JUNIOR
664628968;0110002;0301010072;CONSULTA EM ORTOPEDIA - GERAL;00530001101;BRUNO PETINARI UMBELINO;25.05.2026;06:30;0;708908755182218;ISABELLA PEREIRA GUES;17.04.2024;02;26;JOSIANE FRANCISCA PEREIRA;RUA;FENIX;CASA;1057;FENIX;79490000;(67)99639-3496;SAO GABRIEL DO OESTE;500769;SAO GABRIEL DO OESTE;500769;6452116;CENTRO DE ESPECIALIDADES MEDICAS;F;29.04.2026;PATRICKMASIAGA;29.04.2026;PATRICKMASIAGA;10.00;CONFIRMADO;Z016;70602778115;RAFAELA MORAES SIUFI SILVA
664631291;0110002;0301010072;CONSULTA EM ORTOPEDIA - GERAL;06302616603;ROMULO AMARAL TAFURI;06.05.2026;12:30;0;706208040703664;MARIA FREIRES DA SILVA NASCIMENTO;11.03.1955;71;855;ANGELA FREIRES DE LIMA;RUA;FILINTO MILLER;CASA;485;MILANI;79490000;(67)98149-2856;SAO GABRIEL DO OESTE;500769;SAO GABRIEL DO OESTE;500769;6452116;CENTRO DE ESPECIALIDADES MEDICAS;F;29.04.2026;FERNANDACRISTINAALVES;29.04.2026;VANIA_MARIANO;10.00;PENDENTE;Z016;06302616603;ROMULO AMARAL TAFURI
664631587;1703204;0211020044;HOLTER 24 HORAS;01110123175;ELY DONIZETH DE ASSIS JUNIOR;07.05.2026;13:00;0;700808986947185;ODETE BICCIGO;25.02.1963;63;760;ERICA KOTTVITZ;RUA;MINAS GERAIS;;2648;CENTRO;79490000;(67)99627-8769;SAO GABRIEL DO OESTE;500769;SAO GABRIEL DO OESTE;500769;6452116;CENTRO DE ESPECIALIDADES MEDICAS;F;29.04.2026;PATRICKMASIAGA;29.04.2026;PATRICKMASIAGA;30.00;CONFIRMADO;Z016;01110123175;ELY DONIZETH DE ASSIS JUNIOR
664631831;0077026;0205010040;ULTRA-SONOGRAFIA DOPPLER DE CAROTIDAS E VERTEBRAIS;01110123175;ELY DONIZETH DE ASSIS JUNIOR;04.05.2026;13:00;0;700808986947185;ODETE BICCIGO;25.02.1963;63;760;ERICA KOTTVITZ;RUA;MINAS GERAIS;;2648;CENTRO;79490000;(67)99627-8769;SAO GABRIEL DO OESTE;500769;SAO GABRIEL DO OESTE;500769;6452116;CENTRO DE ESPECIALIDADES MEDICAS;F;29.04.2026;PATRICKMASIAGA;29.04.2026;PATRICKMASIAGA;39.60;CONFIRMADO;Z016;01110123175;ELY DONIZETH DE ASSIS JUNIOR
664632502;0108001;0205010032;ECOCARDIOGRAMA TRANSTORACICO;01110123175;ELY DONIZETH DE ASSIS JUNIOR;04.05.2026;13:00;0;700808986947185;ODETE BICCIGO;25.02.1963;63;760;ERICA KOTTVITZ;RUA;MINAS GERAIS;;2648;CENTRO;79490000;(67)99627-8769;SAO GABRIEL DO OESTE;500769;SAO GABRIEL DO OESTE;500769;6452116;CENTRO DE ESPECIALIDADES MEDICAS;F;29.04.2026;PATRICKMASIAGA;29.04.2026;PATRICKMASIAGA;67.86;CONFIRMADO;Z016;01110123175;ELY DONIZETH DE ASSIS JUNIOR
664633384;3516007;0301010072;CONSULTA EM UROLOGIA - GERAL;04349392181;ANTONIO AUGUSTO PALOMBO MENDES;14.05.2026;08:00;0;702507322218635;LEOMAR CONTE;15.12.1962;63;762;AMELIA MUNARETTO CONTE;RUA;BAHIA;;2579;JARDIM PRIMAVERA;79490000;(67)3295-3574 / (67)99994-6557;SAO GABRIEL DO OESTE;500769;SAO GABRIEL DO OESTE;500769;6452116;CENTRO DE ESPECIALIDADES MEDICAS;M;29.04.2026;FERNANDACRISTINAALVES;29.04.2026;VANIA_MARIANO;10.00;CONFIRMADO;Z016;04349392181;ANTONIO AUGUSTO PALOMBO MENDES
664633517;3500902;0206010010;TOMOGRAFIA COMPUTADORIZADA COLUNA CERVICAL COM CONTRASTE;00125300006;MEDICOS SUS;08.05.2026;07:15;0;703403217916919;SEBASTIANA RODRIGUES FEITOZA;11.07.1944;81;983;MARIA RODRIGUES DE SOUZA;RUA;CANARIOS;CASA;1881;FENIX;79490000;(61)3315-2425;SAO GABRIEL DO OESTE;500769;SAO GABRIEL DO OESTE;500769;2370999;UNIDADE DE SAUDE DA FAMILIA FENIX IV;F;29.04.2026;GUSTAVO_PIAIA;30.04.2026;CLEIDIANE_REGULADOR;86.76;PENDENTE;R522;96245646120;RAFAELLA MARIA COSTA GOIS DE FIGUEIREDO
664634786;0505002;0211020052;MONITORIZACAO AMBULATORIAL DE PRESSAO ARTERIAL (M.A.P.A)                                            ;01110123175;ELY DONIZETH DE ASSIS JUNIOR;07.05.2026;09:00;0;702603224663540;APARECIDA BERNARDO DA SILVA;30.09.1962;63;765;CARLINDA FERREIRA;RUA;CEREJEIRA;;S/N;SÃO CRISTÓVÃO;79490000;(67)99823-4792;SAO GABRIEL DO OESTE;500769;SAO GABRIEL DO OESTE;500769;6452116;CENTRO DE ESPECIALIDADES MEDICAS;F;29.04.2026;PATRICKMASIAGA;29.04.2026;PATRICKMASIAGA;10.07;CONFIRMADO;Z016;01110123175;ELY DONIZETH DE ASSIS JUNIOR
664635227;1407044;0211020060;TESTE DE ESFORCO OU TESTE ERGOMETRICO;01110123175;ELY DONIZETH DE ASSIS JUNIOR;05.05.2026;09:00;0;702603224663540;APARECIDA BERNARDO DA SILVA;30.09.1962;63;765;CARLINDA FERREIRA;RUA;CEREJEIRA;;S/N;SÃO CRISTÓVÃO;79490000;(67)99823-4792;SAO GABRIEL DO OESTE;500769;SAO GABRIEL DO OESTE;500769;6452116;CENTRO DE ESPECIALIDADES MEDICAS;F;29.04.2026;PATRICKMASIAGA;29.04.2026;PATRICKMASIAGA;30.00;CONFIRMADO;Z016;01110123175;ELY DONIZETH DE ASSIS JUNIOR
664635696;0108001;0205010032;ECOCARDIOGRAMA TRANSTORACICO;01110123175;ELY DONIZETH DE ASSIS JUNIOR;04.05.2026;13:00;0;702603224663540;APARECIDA BERNARDO DA SILVA;30.09.1962;63;765;CARLINDA FERREIRA;RUA;CEREJEIRA;;S/N;SÃO CRISTÓVÃO;79490000;(67)99823-4792;SAO GABRIEL DO OESTE;500769;SAO GABRIEL DO OESTE;500769;6452116;CENTRO DE ESPECIALIDADES MEDICAS;F;29.04.2026;PATRICKMASIAGA;29.04.2026;PATRICKMASIAGA;67.86;CONFIRMADO;Z016;01110123175;ELY DONIZETH DE ASSIS JUNIOR
664645977;2300004;0301010072;CONSULTA EM CARDIOLOGIA;99746328115;GUSTAVO TRINDADE DE QUEIROZ;22.05.2026;06:30;0;702804613677169;MARILEI MALACARNE DA CUNHA;03.01.1964;62;750;MARIA DEVISE MALACARNE;FAZENDA;NOSSA SENHORA DE FATIMA;;S/N;RURAL;79490000;(67)3295-2809;SAO GABRIEL DO OESTE;500769;SAO GABRIEL DO OESTE;500769;6452116;CENTRO DE ESPECIALIDADES MEDICAS;F;29.04.2026;FERNANDACRISTINAALVES;29.04.2026;FERNANDACRISTINAALVES;10.00;PENDENTE;Z016;70808015087;CELIO HELEGDA
664648252;0320003;0211020036;ELETROCARDIOGRAMA;01110123175;ELY DONIZETH DE ASSIS JUNIOR;20.05.2026;08:00;0;702804613677169;MARILEI MALACARNE DA CUNHA;03.01.1964;62;750;MARIA DEVISE MALACARNE;FAZENDA;NOSSA SENHORA DE FATIMA;;S/N;RURAL;79490000;(67)3295-2809;SAO GABRIEL DO OESTE;500769;SAO GABRIEL DO OESTE;500769;6452116;CENTRO DE ESPECIALIDADES MEDICAS;F;29.04.2026;FERNANDACRISTINAALVES;29.04.2026;FERNANDACRISTINAALVES;5.15;PENDENTE;Z016;70808015087;CELIO HELEGDA
664650119;0110002;0301010072;CONSULTA EM ORTOPEDIA - GERAL;89074033172;ROGERIO PADOVANI TOFFOLI;29.05.2026;12:30;0;705003418706458;VERA LUCIA SOARES DE FREITAS;27.07.1948;77;935;ALAYDE DE SOUZA FREITAS;RUA;QUARENTA E SETE;;;ITAIPUACU;24900000;;MARICA;330270;SAO GABRIEL DO OESTE;500769;6452116;CENTRO DE ESPECIALIDADES MEDICAS;F;29.04.2026;PATRICKMASIAGA;29.04.2026;PATRICKMASIAGA;10.00;PENDENTE;Z016;22264073837;ANSELMO COSTA
664655648;0108001;0205010032;ECOCARDIOGRAMA TRANSTORACICO;01110123175;ELY DONIZETH DE ASSIS JUNIOR;04.05.2026;13:00;0;704008391642167;FLAVIA REGINA SOARES DOS SANTOS;22.05.1987;39;469;RAMONA SOARES;AVENIDA;LIBERDADE;;225;MORRO DA TV;79470000;(67)99602-6242;RIO NEGRO;500730;SAO GABRIEL DO OESTE;500769;6452116;CENTRO DE ESPECIALIDADES MEDICAS;F;29.04.2026;PATRICKMASIAGA;29.04.2026;PATRICKMASIAGA;67.86;CONFIRMADO;Z016;01110123175;ELY DONIZETH DE ASSIS JUNIOR
664656399;1703204;0211020044;HOLTER 24 HORAS;01110123175;ELY DONIZETH DE ASSIS JUNIOR;07.05.2026;13:00;0;704008391642167;FLAVIA REGINA SOARES DOS SANTOS;22.05.1987;39;469;RAMONA SOARES;AVENIDA;LIBERDADE;;225;MORRO DA TV;79470000;(67)99602-6242;RIO NEGRO;500730;SAO GABRIEL DO OESTE;500769;6452116;CENTRO DE ESPECIALIDADES MEDICAS;F;29.04.2026;PATRICKMASIAGA;29.04.2026;PATRICKMASIAGA;30.00;CONFIRMADO;Z016;01110123175;ELY DONIZETH DE ASSIS JUNIOR
664659217;1407044;0211020060;TESTE DE ESFORCO OU TESTE ERGOMETRICO;01110123175;ELY DONIZETH DE ASSIS JUNIOR;05.05.2026;09:00;0;709808064401497;ANGELO MAGNO PEREIRA MENDES;23.04.1973;53;638;VICENCIA PEREIRA MENDES;RUA;PERNAMBUCO;CASA;2121;PRIMO MAFFISSONI;79490000;(61)3315-2425;SAO GABRIEL DO OESTE;500769;SAO GABRIEL DO OESTE;500769;6452116;CENTRO DE ESPECIALIDADES MEDICAS;M;29.04.2026;FERNANDACRISTINAALVES;29.04.2026;FERNANDACRISTINAALVES;30.00;CONFIRMADO;Z016;01110123175;ELY DONIZETH DE ASSIS JUNIOR
664660272;0077026;0205010040;ULTRA-SONOGRAFIA DOPPLER DE CAROTIDAS E VERTEBRAIS;01110123175;ELY DONIZETH DE ASSIS JUNIOR;05.05.2026;09:00;0;709808064401497;ANGELO MAGNO PEREIRA MENDES;23.04.1973;53;638;VICENCIA PEREIRA MENDES;RUA;PERNAMBUCO;CASA;2121;PRIMO MAFFISSONI;79490000;(61)3315-2425;SAO GABRIEL DO OESTE;500769;SAO GABRIEL DO OESTE;500769;6452116;CENTRO DE ESPECIALIDADES MEDICAS;M;29.04.2026;FERNANDACRISTINAALVES;29.04.2026;FERNANDACRISTINAALVES;39.60;CONFIRMADO;Z016;01110123175;ELY DONIZETH DE ASSIS JUNIOR
664660668;0282081;0301010072;CONSULTA EM CIRURGIA GERAL;48047740172;EVA WILMA ABDO DOS SANTOS GUIMARAES;21.05.2026;06:30;0;703400116333400;RENICI BATISTA RIBEIRO;03.06.1977;49;589;CLEONAIR BATISTA BARBOSA;RUA;CANARIOS;;1893;FÊNIX;79490000;(67)99819-9477 / (67)99819-9477 / (67)99819-9477 / (67)9981-5781;SAO GABRIEL DO OESTE;500769;SAO GABRIEL DO OESTE;500769;2370999;UNIDADE DE SAUDE DA FAMILIA FENIX IV;F;29.04.2026;GUSTAVO_PIAIA;06.05.2026;VANIA_MARIANO;10.00;CONFIRMADO;K46;00703866176;ALCIDES EDUARDO EIBEL
664660705;0108001;0205010032;ECOCARDIOGRAMA TRANSTORACICO;01110123175;ELY DONIZETH DE ASSIS JUNIOR;05.05.2026;09:00;0;709808064401497;ANGELO MAGNO PEREIRA MENDES;23.04.1973;53;638;VICENCIA PEREIRA MENDES;RUA;PERNAMBUCO;CASA;2121;PRIMO MAFFISSONI;79490000;(61)3315-2425;SAO GABRIEL DO OESTE;500769;SAO GABRIEL DO OESTE;500769;6452116;CENTRO DE ESPECIALIDADES MEDICAS;M;29.04.2026;FERNANDACRISTINAALVES;29.04.2026;FERNANDACRISTINAALVES;67.86;CONFIRMADO;Z016;01110123175;ELY DONIZETH DE ASSIS JUNIOR
664667915;0108001;0205010032;ECOCARDIOGRAMA TRANSTORACICO;01110123175;ELY DONIZETH DE ASSIS JUNIOR;13.05.2026;13:00;0;708009899441325;MANOEL APARECIDO CAVALCANTE DOS SANTOS;26.12.1969;56;678;AUREA CAVALCANTE DOS SANTOS;RUA;SANTA CATARINA;;1594;CENTRO;79490000;(18)98127-8090;SAO GABRIEL DO OESTE;500769;SAO GABRIEL DO OESTE;500769;6452116;CENTRO DE ESPECIALIDADES MEDICAS;M;29.04.2026;PATRICKMASIAGA;29.04.2026;PATRICKMASIAGA;67.86;PENDENTE;Z016;70808015087;CELIO HELEGDA
664668174;2300004;0301010072;CONSULTA EM CARDIOLOGIA;99746328115;GUSTAVO TRINDADE DE QUEIROZ;22.05.2026;06:30;0;707606275528199;SAMUEL CANTANHEDE MOREIRA;28.10.1993;32;392;MARYDULCE CANTANHEDE MOREIRA;RUA;SANTA INES;CASA;537;MILANI;79490000;(67)98442-1407 / (67)99885-6942;SAO GABRIEL DO OESTE;500769;SAO GABRIEL DO OESTE;500769;6452116;CENTRO DE ESPECIALIDADES MEDICAS;M;29.04.2026;FERNANDACRISTINAALVES;29.04.2026;FERNANDACRISTINAALVES;10.00;CONFIRMADO;Z016;32389571808;RODOLFO PELISSARI ZAMBOLIN
664675783;0282063;0301010072;CONSULTA EM OTORRINOLARINGOLOGIA;78877326115;ANA PAULA CAVALIERI PONTES;08.05.2026;07:30;0;708609004550881;NICOLLY ANDRADE OLIVEIRA;18.04.2016;10;122;MARIA ANDRADE DE OLIVEIRA;RUA;N;CASA;450;MILANI;79490000;(51)99721-5841 / (67)99774-5395;SAO GABRIEL DO OESTE;500769;SAO GABRIEL DO OESTE;500769;6452116;CENTRO DE ESPECIALIDADES MEDICAS;F;29.04.2026;FERNANDACRISTINAALVES;29.04.2026;FERNANDACRISTINAALVES;10.00;PENDENTE;Z016;78877326115;ANA PAULA CAVALIERI PONTES
664676751;0110002;0301010072;CONSULTA EM ORTOPEDIA - GERAL;00530001101;BRUNO PETINARI UMBELINO;25.05.2026;06:30;0;700001102960408;VERONICA DE FATIMA FRANCA DA SILVA;09.02.1960;66;796;MARIA DA CONCEICAO BARBOZA FRANCA;;;;;;;(67)9677-0085;;;SAO GABRIEL DO OESTE;500769;6452116;CENTRO DE ESPECIALIDADES MEDICAS;F;29.04.2026;PATRICKMASIAGA;29.04.2026;PATRICKMASIAGA;10.00;CONFIRMADO;Z016;08418818123;PATRICK RICHARD ARGUELHO MASIAGA
664693714;0110002;0301010072;CONSULTA EM ORTOPEDIA - GERAL;04469955680;DANIEL ROCHA DO CARMO;04.05.2026;14:00;0;708004834362922;NELSON ARLINDO DOS SANTOS;15.11.1966;59;715;BENEDITA RAIMUNDA DOS SANTOS;RUA;THOMAZ BARBOSA RANGEL;;80;JARDIM JOSE ANTONIO;79480000;(67)99950-6666;RIO VERDE DE MATO GROSSO;500740;SAO GABRIEL DO OESTE;500769;6452116;CENTRO DE ESPECIALIDADES MEDICAS;M;29.04.2026;FERNANDACRISTINAALVES;29.04.2026;VANIA_MARIANO;10.00;PENDENTE;Z016;04469955680;DANIEL ROCHA DO CARMO
664703092;0701224;0301010072;CONSULTA EM NEUROLOGIA - GERAL;22264073837;ANSELMO COSTA;27.05.2026;12:00;0;707605248823699;JAINE OLIVEIRA DA SILVA;20.04.2001;25;302;MARIA CAMILO DA SILVA;FAZENDA;MARABA;;S/N;RURAL;79490000;(67)9926-3808;SAO GABRIEL DO OESTE;500769;SAO GABRIEL DO OESTE;500769;3400964;UNIDADE DE SAUDE DA FAMILIA RURAL VII;F;29.04.2026;DULCINEIA_MOCCELIN;29.04.2026;DULCINEIA_MOCCELIN;10.00;PENDENTE;Z000;00612619630;KALYNKA SILVIA HIGINO
664711442;0320003;0211020036;ELETROCARDIOGRAMA;01110123175;ELY DONIZETH DE ASSIS JUNIOR;04.05.2026;14:00;0;700206453302023;DIOGENES DE OLIVEIRA;22.04.1969;57;686;APARECIDA FREITAS DE OLIVEIRA;RUA;RAIMUNDO DO PRADO;;1120;AMABILE MAFFISSONI;79490000;(67)99957-4150;SAO GABRIEL DO OESTE;500769;SAO GABRIEL DO OESTE;500769;7333218;UNIDADE DE SAUDE DA FAMILIA X;M;29.04.2026;RAISSASILVALIMA;29.04.2026;RAISSASILVALIMA;5.15;PENDENTE;Z00;;CARLA SUEMI HIANE
664713340;2300004;0301010072;CONSULTA EM CARDIOLOGIA;01110123175;ELY DONIZETH DE ASSIS JUNIOR;05.05.2026;07:30;0;700206453302023;DIOGENES DE OLIVEIRA;22.04.1969;57;686;APARECIDA FREITAS DE OLIVEIRA;RUA;RAIMUNDO DO PRADO;;1120;AMABILE MAFFISSONI;79490000;(67)99957-4150;SAO GABRIEL DO OESTE;500769;SAO GABRIEL DO OESTE;500769;7333218;UNIDADE DE SAUDE DA FAMILIA X;M;29.04.2026;RAISSASILVALIMA;29.04.2026;VANIA_MARIANO;10.00;PENDENTE;Z00;;CARLA SUEMI HIANE
664719234;0110002;0301010072;CONSULTA EM ORTOPEDIA - GERAL;00530001101;BRUNO PETINARI UMBELINO;25.05.2026;06:30;0;701802278018472;LAIS GONCALVES DA SILVA CECATTO;01.05.2005;21;254;DULCINEIDE GONCALVES DA SILVA;RUA;AROEIRA;;463;SAO CRISTOVAO;79491190;(67)99938-4016;SAO GABRIEL DO OESTE;500769;SAO GABRIEL DO OESTE;500769;6452116;CENTRO DE ESPECIALIDADES MEDICAS;F;29.04.2026;FERNANDACRISTINAALVES;29.04.2026;FERNANDACRISTINAALVES;10.00;CONFIRMADO;Z016;;FERNANDA MARA
664724786;0110002;0301010072;CONSULTA EM ORTOPEDIA - GERAL;06302616603;ROMULO AMARAL TAFURI;27.05.2026;12:30;0;702908516115472;RAIMUNDA MARIA DE JESUS SOUZA;06.05.1960;66;794;MARIA FELICIDADE DA SILVA;RUA;MANOEL ROSA;CASA 1;501;CENTRO;79490000;(67)99807-8082;SAO GABRIEL DO OESTE;500769;SAO GABRIEL DO OESTE;500769;6452116;CENTRO DE ESPECIALIDADES MEDICAS;F;29.04.2026;FERNANDACRISTINAALVES;29.04.2026;FERNANDACRISTINAALVES;10.00;CONFIRMADO;Z016;94777241149;NELSON BARBOSA TAVARES FILHO
664766309;0701224;0301010072;CONSULTA EM NEUROLOGIA - GERAL;22264073837;ANSELMO COSTA;27.05.2026;09:00;0;708006398600029;MARIANA GOMES ROSA;31.01.2001;25;305;ROSILDA TAVERES GOMES;RUA;SÃO JORGE;CASA 28;289;JARDIM PRIMAVERA;79490000;(67)99649-7879 / (67)99000-0000;SAO GABRIEL DO OESTE;500769;SAO GABRIEL DO OESTE;500769;6452116;CENTRO DE ESPECIALIDADES MEDICAS;F;29.04.2026;PATRICKMASIAGA;29.04.2026;PATRICKMASIAGA;10.00;CONFIRMADO;Z016;22264073837;ANSELMO COSTA
664772086;0701224;0301010072;CONSULTA EM NEUROLOGIA - GERAL;22264073837;ANSELMO COSTA;06.05.2026;14:00;0;705000626276050;EZEQUIEL MAFFISSONI ANDRADE;10.07.2014;11;143;LUCIVANI MAFFISSONI;RUA;RIO DE JANEIRO;;985;CENTRO;79490019;(67)3295-4750 / (67)99629-9427 / (67)99860-4010;SAO GABRIEL DO OESTE;500769;SAO GABRIEL DO OESTE;500769;6452116;CENTRO DE ESPECIALIDADES MEDICAS;M;29.04.2026;PATRICKMASIAGA;29.04.2026;VANIA_MARIANO;10.00;PENDENTE;Z016;22264073837;ANSELMO COSTA
664796108;0701224;0301010072;CONSULTA EM NEUROLOGIA - GERAL;22264073837;ANSELMO COSTA;06.05.2026;12:00;0;702103794710894;ELLEN PRISCILA TEREZINHA RIBEIRO;14.07.1977;48;587;MARIA ELIZETE ZAGO RIBEIRO;RUA;BAHIA;CASA 03;1680;CENTRO;79490000;(67)99685-6265;SAO GABRIEL DO OESTE;500769;SAO GABRIEL DO OESTE;500769;6452116;CENTRO DE ESPECIALIDADES MEDICAS;F;29.04.2026;ARI_CEM;29.04.2026;VANIA_MARIANO;10.00;CONFIRMADO;Z00;22264073837;ANSELMO COSTA
664803925;2300004;0301010072;CONSULTA EM CARDIOLOGIA;99746328115;GUSTAVO TRINDADE DE QUEIROZ;08.05.2026;07:30;0;700505333734054;ISAC ARCE BENITES;10.01.1939;87;1049;ROSINHA ARCE;RUA;PATATIVA;;186;FENIX;79491100;(67)99919-4143;SAO GABRIEL DO OESTE;500769;SAO GABRIEL DO OESTE;500769;2370999;UNIDADE DE SAUDE DA FAMILIA FENIX IV;M;29.04.2026;GUSTAVO_PIAIA;29.04.2026;VANIA_MARIANO;10.00;CONFIRMADO;I499;00703866176;ALCIDES EDUARDO EIBEL
664806091;3516007;0301010072;CONSULTA EM UROLOGIA - GERAL;04349392181;ANTONIO AUGUSTO PALOMBO MENDES;21.05.2026;06:30;0;700903945516893;BERNARDO BARBOSA;22.05.2015;11;133;TAIS DE CAMPO BARBOSA;RUA;FLORBELA ESPANCA;;533;RESIDENCIAL VIDA NOVA III;79017273;(67)99270-4391;CAMPO GRANDE;500270;SAO GABRIEL DO OESTE;500769;6354265;CENTRAL DE REGULACAO DE SAO GABRIEL DO OESTE;M;29.04.2026;CLEIDIANE_SAOGABRIEL;29.04.2026;VANIA_MARIANO;10.00;CONFIRMADO;S302;65742103653;SOLICITANTE_SAO GABRIEL DO OESTE
664811052;0015001;0301010072;CONSULTA EM OFTALMOLOGIA GERAL;45183520097;JONI HILDOR SCHWEICKARDT;21.05.2026;07:00;0;701106395934580;JOSE CRISOSTOMO DE MENDONCA;13.10.1936;89;1076;ANA CRISOSTEMO DE MENDONCA;FAZENDA;PONTE DE PEDRA II;ESTRADA DO AREA;S/N;AREA RURAL DE SAO GABRIEL DO OESTE;79493899;(67)99849-7495;SAO GABRIEL DO OESTE;500769;SAO GABRIEL DO OESTE;500769;3400964;UNIDADE DE SAUDE DA FAMILIA RURAL VII;M;29.04.2026;DULCINEIA_MOCCELIN;29.04.2026;DULCINEIA_MOCCELIN;10.00;CONFIRMADO;Z010;02453491113;MILENA GUEDIN VARGAS
664811669;0282063;0301010072;CONSULTA EM OTORRINOLARINGOLOGIA;78877326115;ANA PAULA CAVALIERI PONTES;08.05.2026;07:30;0;701106395934580;JOSE CRISOSTOMO DE MENDONCA;13.10.1936;89;1076;ANA CRISOSTEMO DE MENDONCA;FAZENDA;PONTE DE PEDRA II;ESTRADA DO AREA;S/N;AREA RURAL DE SAO GABRIEL DO OESTE;79493899;(67)99849-7495;SAO GABRIEL DO OESTE;500769;SAO GABRIEL DO OESTE;500769;3400964;UNIDADE DE SAUDE DA FAMILIA RURAL VII;M;29.04.2026;DULCINEIA_MOCCELIN;29.04.2026;DULCINEIA_MOCCELIN;10.00;CONFIRMADO;H91;02453491113;MILENA GUEDIN VARGAS
664813287;0110002;0301010072;CONSULTA EM ORTOPEDIA - GERAL;89074033172;ROGERIO PADOVANI TOFFOLI;29.05.2026;12:30;0;700100957764220;IVONETE APARECIDA XAVIER RIBEIRO;10.11.1972;53;643;MARIA XAVIER RIBEIRO;AREA;RURAL;ITAQUI LOTE 59;S/N;AREA RURAL DE SAO GABRIEL DO OESTE;79493899;(67)99884-5608;SAO GABRIEL DO OESTE;500769;SAO GABRIEL DO OESTE;500769;3400964;UNIDADE DE SAUDE DA FAMILIA RURAL VII;F;29.04.2026;DULCINEIA_MOCCELIN;29.04.2026;DULCINEIA_MOCCELIN;10.00;PENDENTE;Z000;;ROGERIO TOFOLI
664820978;0282081;0301010072;CONSULTA EM CIRURGIA GERAL;48047740172;EVA WILMA ABDO DOS SANTOS GUIMARAES;14.05.2026;08:00;0;705102856897740;LUCIANA VASCONCELOS THEODORO;14.07.1987;38;467;SONIA HELENA VASCONCELOS;RUA;AZULÃO;;1825;FENIX;79490000;(67)99841-3619;SAO GABRIEL DO OESTE;500769;SAO GABRIEL DO OESTE;500769;2370999;UNIDADE DE SAUDE DA FAMILIA FENIX IV;F;29.04.2026;GUSTAVO_PIAIA;29.04.2026;VANIA_MARIANO;10.00;CONFIRMADO;L989;96245646120;RAFAELLA MARIA COSTA GOIS DE FIGUEIREDO
664824273;0110002;0301010072;CONSULTA EM ORTOPEDIA - GERAL;89074033172;ROGERIO PADOVANI TOFFOLI;29.05.2026;12:30;0;709807082500999;ADRIANA MARIA LIMA DOS SANTOS;18.07.1982;43;527;MARIA SOCORRO LIMA BARROS;RUA;RACHID ABES;FUNDOS;1796;VISTA ALEGRE;79180000;(67)99844-0720;RIBAS DO RIO PARDO;500710;SAO GABRIEL DO OESTE;500769;6452116;CENTRO DE ESPECIALIDADES MEDICAS;F;29.04.2026;PATRICKMASIAGA;29.04.2026;PATRICKMASIAGA;10.00;PENDENTE;Z016;08418818123;PATRICK RICHARD ARGUELHO MASIAGA
664824344;2300004;0301010072;CONSULTA EM CARDIOLOGIA;01110123175;ELY DONIZETH DE ASSIS JUNIOR;20.05.2026;06:30;1;706308760378272;GILBERTO SCHWANTES;04.10.1950;75;909;BERTHA SCHWANTES;RUA;FILINTO MULLER;;285;MILANI;79492100;(67)99907-8630;SAO GABRIEL DO OESTE;500769;SAO GABRIEL DO OESTE;500769;6452116;CENTRO DE ESPECIALIDADES MEDICAS;M;29.04.2026;CLEIDIANE_CEM;29.04.2026;CLEIDIANE_CEM;10.00;PENDENTE;I10;01110123175;ELY DONIZETH DE ASSIS JUNIOR
664830976;0282063;0301010072;CONSULTA EM OTORRINOLARINGOLOGIA;78877326115;ANA PAULA CAVALIERI PONTES;08.05.2026;07:30;0;700008042994103;MIRIAN VASCONCELOS SILVA;27.01.2010;16;197;LUCIANA VASCONCELOS THEODORO DA SILVA;RUA;CANARIOS;CASA 1;923;JARDIM GRAMADO;79490000;(67)99841-3619;SAO GABRIEL DO OESTE;500769;SAO GABRIEL DO OESTE;500769;2370999;UNIDADE DE SAUDE DA FAMILIA FENIX IV;F;29.04.2026;GUSTAVO_PIAIA;29.04.2026;GUSTAVO_PIAIA;10.00;CONFIRMADO;Z000;;ANA PAULA CAVALIERI PONTES
664850108;0110002;0301010072;CONSULTA EM ORTOPEDIA - GERAL;89074033172;ROGERIO PADOVANI TOFFOLI;29.05.2026;12:30;0;705004680484255;SUELI DE APARECIDA DAVI;23.08.1975;50;610;DORILDES DAVI;RUA;PARANA;01 BLOCO A;2580;CENTRO;79490000;(67)98160-8577;SAO GABRIEL DO OESTE;500769;SAO GABRIEL DO OESTE;500769;6452116;CENTRO DE ESPECIALIDADES MEDICAS;F;29.04.2026;PATRICKMASIAGA;29.04.2026;PATRICKMASIAGA;10.00;PENDENTE;Z016;08418818123;PATRICK RICHARD ARGUELHO MASIAGA
664851168;0015001;0301010072;CONSULTA EM OFTALMOLOGIA GERAL;45183520097;JONI HILDOR SCHWEICKARDT;14.05.2026;09:00;0;703403222807219;OTACILIO FERREIRA DA CUNHA JUNIOR;23.04.1971;55;662;JORDINA ANDRADE DA CUNHA;FAZENDA;SOL;;S/N;ZONA RURAL;79490000;(67)9631-3275;SAO GABRIEL DO OESTE;500769;SAO GABRIEL DO OESTE;500769;3400964;UNIDADE DE SAUDE DA FAMILIA RURAL VII;M;29.04.2026;DULCINEIA_MOCCELIN;29.04.2026;DULCINEIA_MOCCELIN;10.00;CONFIRMADO;Z010;02453491113;MILENA GUEDIN VARGAS
664855030;0110002;0301010072;CONSULTA EM ORTOPEDIA - GERAL;93393539191;RODOLFO FABIANO NIZ BAREIRO;28.05.2026;12:30;0;702104737310395;ADENIR SANTA BARBOSA MENDONCA;20.04.1973;53;638;BELONISIA FRANCISCA MENDONCA;RUA;PIAUI;;206;AMABILE MAFFISSONI;79490000;(67)99968-5547;SAO GABRIEL DO OESTE;500769;SAO GABRIEL DO OESTE;500769;6452116;CENTRO DE ESPECIALIDADES MEDICAS;F;29.04.2026;PATRICKMASIAGA;29.04.2026;PATRICKMASIAGA;10.00;CONFIRMADO;Z016;08418818123;PATRICK RICHARD ARGUELHO MASIAGA
664860022;3100931;0207010064;RESSONANCIA MAGNETICA DE CRANIO COM CONTRASTE;00125300006;MEDICOS SUS;04.05.2026;13:00;0;898006435853438;RN DE JANAINA DE MORAES RODRIGUES;27.01.2026;00;5;JANAINA DE MORAIS RODRIGUES;;;;;;;(67)99892-2008;;;SAO GABRIEL DO OESTE;500769;6354265;CENTRAL DE REGULACAO DE SAO GABRIEL DO OESTE;F;29.04.2026;VANIA_MARIANO;29.04.2026;VANIA_MARIANO;268.75;CONFIRMADO;G40;;RHUANNE SIQUEIRA GUIMARAES
664867739;0282081;0301010072;CONSULTA EM CIRURGIA GERAL;48047740172;EVA WILMA ABDO DOS SANTOS GUIMARAES;18.05.2026;14:00;0;706002811065443;CAMILA ANDRESSA SCHMITZ LOPES;30.03.1997;29;351;LISIANE SCHMITZ;RUA;EUGENIO FERREIRA DA CUNHA;;509;CENTRO;79490000;(67)99644-6700;SAO GABRIEL DO OESTE;500769;SAO GABRIEL DO OESTE;500769;6452116;CENTRO DE ESPECIALIDADES MEDICAS;F;29.04.2026;FERNANDACRISTINAALVES;29.04.2026;VANIA_MARIANO;10.00;PENDENTE;Z016;48047740172;EVA WILMA ABDO DOS SANTOS GUIMARAES
664871656;2300004;0301010072;CONSULTA EM CARDIOLOGIA;99746328115;GUSTAVO TRINDADE DE QUEIROZ;08.05.2026;13:00;0;709801058868498;AMELIO CEZARIO GONCALVES MEDEIROS;10.07.1962;63;767;GENEZIA GONCALVES;RUA;DAS GAIVOTAS;;1626;JARDIM GRAMADO;79491018;(67)99842-8392;SAO GABRIEL DO OESTE;500769;SAO GABRIEL DO OESTE;500769;5971055;UNIDADE DE SAUDE DA FAMILIA VIII;M;29.04.2026;JESSICAPADILHA;29.04.2026;JESSICAPADILHA;10.00;PENDENTE;Z000;04805244160;RENNAN ORTIZ BUENO
664872371;2300004;0301010072;CONSULTA EM CARDIOLOGIA;99746328115;GUSTAVO TRINDADE DE QUEIROZ;22.05.2026;06:30;0;700508471573660;ROSELI MONTAGNA EHLERS;26.10.1967;58;704;LOURDES ZANARDI MONTAGNA;RUA;PERNAMBUCO;;1244;CENTRO;79490000;(67)3295-2128 / (67)3295-2128;SAO GABRIEL DO OESTE;500769;SAO GABRIEL DO OESTE;500769;6452116;CENTRO DE ESPECIALIDADES MEDICAS;F;29.04.2026;FERNANDACRISTINAALVES;29.04.2026;FERNANDACRISTINAALVES;10.00;PENDENTE;Z016;70808015087;CELIO HELEGDA
664872785;0320003;0211020036;ELETROCARDIOGRAMA;01110123175;ELY DONIZETH DE ASSIS JUNIOR;20.05.2026;08:00;0;700508471573660;ROSELI MONTAGNA EHLERS;26.10.1967;58;704;LOURDES ZANARDI MONTAGNA;RUA;PERNAMBUCO;;1244;CENTRO;79490000;(67)3295-2128 / (67)3295-2128;SAO GABRIEL DO OESTE;500769;SAO GABRIEL DO OESTE;500769;6452116;CENTRO DE ESPECIALIDADES MEDICAS;F;29.04.2026;FERNANDACRISTINAALVES;29.04.2026;FERNANDACRISTINAALVES;5.15;PENDENTE;Z016;70808015087;CELIO HELEGDA
664874405;0077026;0205010040;ULTRA-SONOGRAFIA DOPPLER DE CAROTIDAS E VERTEBRAIS;01110123175;ELY DONIZETH DE ASSIS JUNIOR;18.05.2026;09:00;0;707606216961396;IARA PRESTES DE CONTI;05.02.1960;66;797;MAGDA DE FREITAS PRESTES;RUA;PIRATINI;CASA;497;MILANI;79490000;(67)99941-8176;SAO GABRIEL DO OESTE;500769;SAO GABRIEL DO OESTE;500769;6452116;CENTRO DE ESPECIALIDADES MEDICAS;F;29.04.2026;FERNANDACRISTINAALVES;29.04.2026;FERNANDACRISTINAALVES;39.60;CONFIRMADO;Z016;98260570106;CLAUDIA REGINA DUARTE CAZZOLATO KHALIL
664874522;0108001;0205010032;ECOCARDIOGRAMA TRANSTORACICO;01110123175;ELY DONIZETH DE ASSIS JUNIOR;18.05.2026;09:00;0;707606216961396;IARA PRESTES DE CONTI;05.02.1960;66;797;MAGDA DE FREITAS PRESTES;RUA;PIRATINI;CASA;497;MILANI;79490000;(67)99941-8176;SAO GABRIEL DO OESTE;500769;SAO GABRIEL DO OESTE;500769;6452116;CENTRO DE ESPECIALIDADES MEDICAS;F;29.04.2026;FERNANDACRISTINAALVES;29.04.2026;FERNANDACRISTINAALVES;67.86;CONFIRMADO;Z016;98260570106;CLAUDIA REGINA DUARTE CAZZOLATO KHALIL
664876170;0110002;0301010072;CONSULTA EM ORTOPEDIA - GERAL;06302616603;ROMULO AMARAL TAFURI;27.05.2026;14:00;0;704108061009850;LUZINETE BATISTA DA SILVA;04.05.1971;55;662;MARIA RAIMUNDA DE ARAUJO;RUA;PEDRO SEGATTO;CASA;197;FÊNIX;79490000;(67)99859-5920;SAO GABRIEL DO OESTE;500769;SAO GABRIEL DO OESTE;500769;6452116;CENTRO DE ESPECIALIDADES MEDICAS;F;29.04.2026;FERNANDACRISTINAALVES;29.04.2026;FERNANDACRISTINAALVES;10.00;CONFIRMADO;Z016;06302616603;ROMULO AMARAL TAFURI
664895018;0015001;0301010072;CONSULTA EM OFTALMOLOGIA GERAL;45183520097;JONI HILDOR SCHWEICKARDT;14.05.2026;14:00;0;707802615359015;MARCIANO VILHALVA FILHO;10.11.1981;44;535;DENILDES ANUNCIACAO VILHALVA;RUA;SANTA MARIA;;27;MILANI;79490000;(67)99843-2732;SAO GABRIEL DO OESTE;500769;SAO GABRIEL DO OESTE;500769;8176132;CASA ROSA;M;30.04.2026;TAINAOLIVEIRA;30.04.2026;TAINAOLIVEIRA;10.00;CONFIRMADO;Z00;07781866100;TAINA DE OLIVEIRA SANTO
664912829;0110002;0301010072;CONSULTA EM ORTOPEDIA - GERAL;00530001101;BRUNO PETINARI UMBELINO;25.05.2026;08:00;0;702908583966373;JACINTO TORRES SANTOS;15.12.1971;54;654;MARIA DO CARMO TORRES SANTOS;;;;;;;(79)99999-0000;;;SAO GABRIEL DO OESTE;500769;6452116;CENTRO DE ESPECIALIDADES MEDICAS;M;30.04.2026;PATRICKMASIAGA;30.04.2026;PATRICKMASIAGA;10.00;CONFIRMADO;Z016;08418818123;PATRICK RICHARD ARGUELHO MASIAGA
664925018;0110002;0301010072;CONSULTA EM ORTOPEDIA - GERAL;06302616603;ROMULO AMARAL TAFURI;27.05.2026;14:00;0;898003743280819;ARTHUR SOUZA CRUZ;28.02.2012;14;172;DAYSE LARA COSME MIRANDA SOUZA BERNARDE;RUA;ARARAS;CASA;1560;CONJUNTO FENIX;79490000;(67)9882-0824;SAO GABRIEL DO OESTE;500769;SAO GABRIEL DO OESTE;500769;6452116;CENTRO DE ESPECIALIDADES MEDICAS;F;30.04.2026;PATRICKMASIAGA;30.04.2026;PATRICKMASIAGA;10.00;PENDENTE;Z016;08418818123;PATRICK RICHARD ARGUELHO MASIAGA
664925966;0701224;0301010072;CONSULTA EM NEUROLOGIA - GERAL;22264073837;ANSELMO COSTA;27.05.2026;09:00;0;700204981472628;PEDRO FRANCISCO BARROS DA SILVA;30.09.2013;12;153;ANDREIA SILVA BARROS;RUA;SARACURA;;1180;JARDIM GRAMADO;79491002;(67)99944-9108;SAO GABRIEL DO OESTE;500769;SAO GABRIEL DO OESTE;500769;2370980;UNIDADE DE SAUDE DA FAMILIA JARDIM GRAMADO I;M;30.04.2026;ELIANI_MOREIRA;30.04.2026;ELIANI_MOREIRA;10.00;PENDENTE;F900;96040653191;PAULO FENELON MARINHO
664940393;0110002;0301010072;CONSULTA EM ORTOPEDIA - GERAL;00530001101;BRUNO PETINARI UMBELINO;25.05.2026;08:00;0;702600262346449;EREMI SOUZA LOPES;12.02.1958;68;820;IDA PONELLO;RUA;ALAGOAS;;2449;JARDIM PRIMAVERA;79490000;(67)99924-7183;SAO GABRIEL DO OESTE;500769;SAO GABRIEL DO OESTE;500769;2370964;UNIDADE DE SAUDE DA FAMILIA III;M;30.04.2026;ANACLAUDIA_NOGUEIRA;30.04.2026;ANACLAUDIA_NOGUEIRA;10.00;CONFIRMADO;G560;02611833974;HUDSON PERES DORIGAO BELISARIO DE SOUZA
664942178;2300004;0301010072;CONSULTA EM CARDIOLOGIA;01110123175;ELY DONIZETH DE ASSIS JUNIOR;06.05.2026;06:30;0;704009887291967;DIVA ALVES DOMINGUES;01.01.1963;63;762;OCALINA DOS SANTOS DOMINGUES;RUA;CEREJEIRAS;;522;JARDIM GRAMADO;79490000;(67)99233-1400;SAO GABRIEL DO OESTE;500769;SAO GABRIEL DO OESTE;500769;7002084;UNIDADE DE SAUDE DA FAMILIA IX;F;30.04.2026;AMANDALUIZA_BIAZUS;30.04.2026;VANIA_MARIANO;10.00;PENDENTE;I10;01415181110;ANGELA BENITES
664946511;0110002;0301010072;CONSULTA EM ORTOPEDIA - GERAL;00530001101;BRUNO PETINARI UMBELINO;25.05.2026;08:00;0;709807047625896;MARIA DE LOURDES OLIVEIRA DE PAULA;07.04.1956;70;843;SETEMBRINA POSTINGHER FALCAO;RUA;PIRATINI;;284;MILANI;79492098;(67)99651-0417;SAO GABRIEL DO OESTE;500769;SAO GABRIEL DO OESTE;500769;2370972;UNIDADE DE SAUDE DA FAMILIA MILANE II;F;30.04.2026;FLAVIA_RODRIGUES;30.04.2026;FLAVIA_RODRIGUES;10.00;CONFIRMADO;M751;02453491113;MILENA GUEDIN VARGAS
664952880;0110002;0301010072;CONSULTA EM ORTOPEDIA - GERAL;93393539191;RODOLFO FABIANO NIZ BAREIRO;28.05.2026;12:30;0;706204520169064;MARIA EDIMARIA DE OLIVEIRA;13.01.1974;52;629;JOSEFA SANTA ROSA DE CARVALHO;TRAVESSA;AMOREIRA;CASA 2;3030;CENTRO;79490000;(67)99939-8526 / (67)99647-3413;SAO GABRIEL DO OESTE;500769;SAO GABRIEL DO OESTE;500769;6452116;CENTRO DE ESPECIALIDADES MEDICAS;F;30.04.2026;PATRICKMASIAGA;30.04.2026;PATRICKMASIAGA;10.00;PENDENTE;Z016;08418818123;PATRICK RICHARD ARGUELHO MASIAGA
664965700;0015001;0301010072;CONSULTA EM OFTALMOLOGIA GERAL;45183520097;JONI HILDOR SCHWEICKARDT;14.05.2026;09:00;0;705404486472995;FERNANDO RODRIGUES DE LIMA;13.02.1981;45;544;GLACY TEREZINHA DE LIMA;RUA;SERGIPE;;680;CENTRO;79490000;(67)9684-6334;SAO GABRIEL DO OESTE;500769;SAO GABRIEL DO OESTE;500769;2591359;UNIDADE DE SAUDE DA FAMILIA V;M;30.04.2026;CHRISTIANEHELEN_FREITAS;30.04.2026;CHRISTIANEHELEN_FREITAS;10.00;CONFIRMADO;Z010;04796956107;JULIANA DA ROCHA PEREIRA MENEZES
664979306;0110002;0301010072;CONSULTA EM ORTOPEDIA - GERAL;06302616603;ROMULO AMARAL TAFURI;27.05.2026;14:00;0;705006858198054;ANA SILVA;27.04.1965;61;734;AMBILINA BARBOSA DA SILVA;RUA;DA AVIAÇÃO;AREADO;S/N;AREADO;79490000;(67)99994-3570;SAO GABRIEL DO OESTE;500769;SAO GABRIEL DO OESTE;500769;6452116;CENTRO DE ESPECIALIDADES MEDICAS;F;30.04.2026;PATRICKMASIAGA;30.04.2026;PATRICKMASIAGA;10.00;CONFIRMADO;Z016;98260570106;CLAUDIA REGINA DUARTE CAZZOLATO KHALIL
664988547;0110002;0301010072;CONSULTA EM ORTOPEDIA - GERAL;93393539191;RODOLFO FABIANO NIZ BAREIRO;28.05.2026;12:30;0;700509300263951;ALISSON SIQUEIRA SANDIM;26.12.2003;22;270;ANTONIA DE SOUZA SANDIM;RUA;TANGARA;;135;FENIX;79490000;(67)99950-8937;SAO GABRIEL DO OESTE;500769;SAO GABRIEL DO OESTE;500769;7002084;UNIDADE DE SAUDE DA FAMILIA IX;M;30.04.2026;AMANDALUIZA_BIAZUS;30.04.2026;AMANDALUIZA_BIAZUS;10.00;PENDENTE;S836;01415181110;ANGELA BENITES
664990404;0110002;0301010072;CONSULTA EM ORTOPEDIA - GERAL;00468987193;ARTHUR MARTINS DE ALMEIDA;19.05.2026;08:00;0;702802167527768;PEDRO LEMES RODRIGUES;29.06.1961;65;780;NELEI RODRIGUES LEMES;RUA;IRERE;;142;FENIX;79491084;(67)99668-0073 / (67)99683-5022;SAO GABRIEL DO OESTE;500769;SAO GABRIEL DO OESTE;500769;2370999;UNIDADE DE SAUDE DA FAMILIA FENIX IV;M;30.04.2026;GUSTAVO_PIAIA;30.04.2026;GUSTAVO_PIAIA;10.00;CONFIRMADO;M51;00703866176;ALCIDES EDUARDO EIBEL
664992710;0110002;0301010072;CONSULTA EM ORTOPEDIA - GERAL;06302616603;ROMULO AMARAL TAFURI;27.05.2026;14:00;0;705001245915156;IVONE BECKHAUSER DEVISE;23.01.1949;77;929;MARIA WARMLING BECKHAUSER;RUA;ALBINO DE SOUZA BRANDAO;;829;CENTRO;79490000;(67)9833-8468;SAO GABRIEL DO OESTE;500769;SAO GABRIEL DO OESTE;500769;6452116;CENTRO DE ESPECIALIDADES MEDICAS;F;30.04.2026;PATRICKMASIAGA;30.04.2026;PATRICKMASIAGA;10.00;CONFIRMADO;Z016;08418818123;PATRICK RICHARD ARGUELHO MASIAGA
665013008;0701224;0301010072;CONSULTA EM NEUROLOGIA - GERAL;22264073837;ANSELMO COSTA;27.05.2026;12:00;0;703006858935575;CLAUDEMIRO DE OLIVEIRA;26.04.1970;56;674;ANTONIA ALMINDA DE OLIVEIRA;RUA;23 DE MAIO;;1533;FÊNIX;79490000;(67)99927-5764;SAO GABRIEL DO OESTE;500769;SAO GABRIEL DO OESTE;500769;3400964;UNIDADE DE SAUDE DA FAMILIA RURAL VII;M;30.04.2026;DULCINEIA_MOCCELIN;30.04.2026;DULCINEIA_MOCCELIN;10.00;CONFIRMADO;G250;00612619630;KALYNKA SILVIA HIGINO
665074891;3500062;0206030010;TOMOGRAFIA COMPUTADORIZADA DO ABDOMEN SUPERIOR SEM CONTRASTE;00125300006;MEDICOS SUS;05.05.2026;07:15;0;700701990403172;AIEDA MOUTINHO ROCHA;15.08.1947;78;946;MARIA DOS REIS MONTINHO;RUA;EMBOABAS;;83;VILA SUMARE;39402897;(77)3422-8263 / (38)98416-4677;MONTES CLAROS;314330;SAO GABRIEL DO OESTE;500769;6354265;CENTRAL DE REGULACAO DE SAO GABRIEL DO OESTE;F;30.04.2026;VANIA_MARIANO;30.04.2026;VANIA_MARIANO;138.63;PENDENTE;K85;;MARIA FERNANDA DIAS BASILIO
665075488;0110002;0301010072;CONSULTA EM ORTOPEDIA - GERAL;00468987193;ARTHUR MARTINS DE ALMEIDA;05.05.2026;06:30;0;701207072144413;MIRELA OLIVEIRA SOUZA MEZZANATTI;28.12.2017;08;102;LUCELIA SILVA OLIVEIRA;RUA;HILARIO NICARETTA;CASA;1995;PRIMO MAFFISSONI;79490000;(61)3315-2425 / (67)99938-7729;SAO GABRIEL DO OESTE;500769;SAO GABRIEL DO OESTE;500769;6452116;CENTRO DE ESPECIALIDADES MEDICAS;F;30.04.2026;FERNANDACRISTINAALVES;04.05.2026;VANIA_MARIANO;10.00;PENDENTE;Z016;;BRUNO INCERTI
665077916;2300004;0301010072;CONSULTA EM CARDIOLOGIA;99746328115;GUSTAVO TRINDADE DE QUEIROZ;22.05.2026;06:30;0;700903919478297;ANTONIA CLEIDE MARCAL DE OLIVEIRA;09.02.1964;62;748;DAMIANA MARIA DA CONCEICAO;RUA;PERNAMBUCO;CASA;2029;PRIMO MAFFISSONI;79490000;(67)99910-7196;SAO GABRIEL DO OESTE;500769;SAO GABRIEL DO OESTE;500769;6452116;CENTRO DE ESPECIALIDADES MEDICAS;F;30.04.2026;FERNANDACRISTINAALVES;30.04.2026;FERNANDACRISTINAALVES;10.00;CONFIRMADO;Z016;98260570106;CLAUDIA REGINA DUARTE CAZZOLATO KHALIL
665078456;0110002;0301010072;CONSULTA EM ORTOPEDIA - GERAL;00530001101;BRUNO PETINARI UMBELINO;04.05.2026;08:00;0;700500318096757;AUDENICE FERREIRA DE MOURA BARRETO;04.11.1965;60;728;SEVERINA FERREIRA DE MOURA;RUA;OSVALDO CRUZ;CASA;850;JARDIM JOSE ANTONIO;79480000;(67)99968-8346;RIO VERDE DE MATO GROSSO;500740;SAO GABRIEL DO OESTE;500769;2370964;UNIDADE DE SAUDE DA FAMILIA III;M;30.04.2026;ANACLAUDIA_NOGUEIRA;30.04.2026;ANACLAUDIA_NOGUEIRA;10.00;PENDENTE;M17;02611833974;HUDSON PERES DORIGAO BELISARIO DE SOUZA
665083977;2300004;0301010072;CONSULTA EM CARDIOLOGIA;99746328115;GUSTAVO TRINDADE DE QUEIROZ;08.05.2026;07:30;0;707509239143790;ELIZEU SCARIOT;20.09.1939;86;1041;ONDINA DA SILVA SCARIOT;RUA;GOIAS;;2145;CENTRO;79490000;(67)3295-1895;SAO GABRIEL DO OESTE;500769;SAO GABRIEL DO OESTE;500769;6452116;CENTRO DE ESPECIALIDADES MEDICAS;M;30.04.2026;ARI_CEM;30.04.2026;VANIA_MARIANO;10.00;PENDENTE;I20;98260570106;CLAUDIA REGINA DUARTE CAZZOLATO KHALIL
665090224;0015001;0301010072;CONSULTA EM OFTALMOLOGIA GERAL;45183520097;JONI HILDOR SCHWEICKARDT;14.05.2026;09:00;0;705608469255711;BENEDITA RODRIGUES BENITES;10.10.1944;81;980;ALBINA DE MELLO;RUA;PATATIVAS;CASA;186;CONJUNTO FENIX;79490000;(67)9919-4143;SAO GABRIEL DO OESTE;500769;SAO GABRIEL DO OESTE;500769;2370999;UNIDADE DE SAUDE DA FAMILIA FENIX IV;F;30.04.2026;GUSTAVO_PIAIA;30.04.2026;GUSTAVO_PIAIA;10.00;CONFIRMADO;L29;96245646120;RAFAELLA MARIA COSTA GOIS DE FIGUEIREDO
665092023;0110002;0301010072;CONSULTA EM ORTOPEDIA - GERAL;06302616603;ROMULO AMARAL TAFURI;27.05.2026;14:00;0;702400005388926;ROSANGELA APARECIDA DE ANDRADE;26.01.1972;54;653;MARIA VANDA DE ANDRADE;RUA;RIO DE JANEIRO;;985;CENTRO;79490019;(67)99832-3782 / (67)99977-2038;SAO GABRIEL DO OESTE;500769;SAO GABRIEL DO OESTE;500769;2591359;UNIDADE DE SAUDE DA FAMILIA V;F;30.04.2026;CHRISTIANEHELEN_FREITAS;30.04.2026;CHRISTIANEHELEN_FREITAS;10.00;PENDENTE;M544;04796956107;JULIANA DA ROCHA PEREIRA MENEZES
665102603;0110002;0301010072;CONSULTA EM ORTOPEDIA - GERAL;93393539191;RODOLFO FABIANO NIZ BAREIRO;07.05.2026;12:30;0;700002888698409;LAURA RODRIGUES LUGO;05.07.2023;03;36;DAIANE ROBERTO RODRIGUES;RUA;CASTANHEIRA;CASA;354;SAO CRISTOVAO;79490000;(67)99678-3748;SAO GABRIEL DO OESTE;500769;SAO GABRIEL DO OESTE;500769;6452116;CENTRO DE ESPECIALIDADES MEDICAS;F;30.04.2026;FERNANDACRISTINAALVES;04.05.2026;VANIA_MARIANO;10.00;PENDENTE;Z016;93393539191;RODOLFO FABIANO NIZ BAREIRO
665111009;0110002;0301010072;CONSULTA EM ORTOPEDIA - GERAL;93393539191;RODOLFO FABIANO NIZ BAREIRO;28.05.2026;12:30;0;704600679067525;EDER CARLOS FIGUEIREDO DE MORAES;19.02.1971;55;664;IRIS FIGUEIREDO DE MORAES;RUA;CURICACAS;CASA;640;JARDIM GRAMADO;79490000;(67)99697-2872;SAO GABRIEL DO OESTE;500769;SAO GABRIEL DO OESTE;500769;6452116;CENTRO DE ESPECIALIDADES MEDICAS;M;30.04.2026;FERNANDACRISTINAALVES;30.04.2026;FERNANDACRISTINAALVES;10.00;CONFIRMADO;Z016;93393539191;RODOLFO FABIANO NIZ BAREIRO
665111769;0110002;0301010072;CONSULTA EM ORTOPEDIA - GERAL;93393539191;RODOLFO FABIANO NIZ BAREIRO;28.05.2026;14:00;0;708004836546621;RAQUEL MIYAHIRA MORAES;12.01.1978;48;581;MAIRIZ DOS SANTOS;RUA;CURICACAS;;640;JARDIM GRAMADO;79490000;(67)99697-2872;SAO GABRIEL DO OESTE;500769;SAO GABRIEL DO OESTE;500769;6452116;CENTRO DE ESPECIALIDADES MEDICAS;F;30.04.2026;FERNANDACRISTINAALVES;30.04.2026;FERNANDACRISTINAALVES;10.00;CONFIRMADO;Z016;93393539191;RODOLFO FABIANO NIZ BAREIRO
665112947;0015001;0301010072;CONSULTA EM OFTALMOLOGIA GERAL;45183520097;JONI HILDOR SCHWEICKARDT;14.05.2026;09:00;0;703307247911510;GEISY KELLY SANTOS DE OLIVEIRA;22.11.1990;35;427;DALVA SANTOS DE OLIVEIRA;RUA;AZULAO 1073/99998;;1602;FENIX;79491104;(67)99665-4871;SAO GABRIEL DO OESTE;500769;SAO GABRIEL DO OESTE;500769;2370999;UNIDADE DE SAUDE DA FAMILIA FENIX IV;F;30.04.2026;GUSTAVO_PIAIA;30.04.2026;GUSTAVO_PIAIA;10.00;CONFIRMADO;Z010;96245646120;RAFAELLA MARIA COSTA GOIS DE FIGUEIREDO
665115725;0015001;0301010072;CONSULTA EM OFTALMOLOGIA GERAL;45183520097;JONI HILDOR SCHWEICKARDT;14.05.2026;14:00;0;704104488940850;ANDREA RAPHAELA ALVES VASQUES;20.01.1988;38;461;CONCEICAO ALVES MARINHO VASQUES;RUA;DAVID FERREIRA DA CUNHA;CASA;02;PRIMO MAFFISSONI;79490000;(67)99839-7848;SAO GABRIEL DO OESTE;500769;SAO GABRIEL DO OESTE;500769;7333218;UNIDADE DE SAUDE DA FAMILIA X;F;30.04.2026;RAISSASILVALIMA;30.04.2026;RAISSASILVALIMA;10.00;PENDENTE;Z010;63805480172;CLEDSON PERETTI
665116316;0015001;0301010072;CONSULTA EM OFTALMOLOGIA GERAL;45183520097;JONI HILDOR SCHWEICKARDT;14.05.2026;14:00;0;704205760235082;CONCEICAO ALVES MARINHO VASQUES;16.11.1955;70;847;MARIA ALVES PEREIRA;RUA;DAVID FERREIRA DA CUNHA;CASA;02;PRIMO MAFFISONI;79490000;(67)99943-0841;SAO GABRIEL DO OESTE;500769;SAO GABRIEL DO OESTE;500769;7333218;UNIDADE DE SAUDE DA FAMILIA X;F;30.04.2026;RAISSASILVALIMA;30.04.2026;RAISSASILVALIMA;10.00;PENDENTE;Z010;63805480172;CLEDSON PERETTI
665116845;0701224;0301010072;CONSULTA EM NEUROLOGIA - GERAL;22264073837;ANSELMO COSTA;27.05.2026;09:00;0;700500908066058;JOAO RAIMUNDO DA SILVA;18.02.1957;69;832;MARIA SEBASTIANA DE JESUS;RUA;TUIUIU;;1099;JARDIM GRAMADO;79490000;(67)9931-5333;SAO GABRIEL DO OESTE;500769;SAO GABRIEL DO OESTE;500769;6354265;CENTRAL DE REGULACAO DE SAO GABRIEL DO OESTE;M;30.04.2026;ARILENE_SAOGABRIEL;30.04.2026;ARILENE_SAOGABRIEL;10.00;CONFIRMADO;Z016;00125300006;MEDICOS SUS
665120472;0015001;0301010072;CONSULTA EM OFTALMOLOGIA GERAL;45183520097;JONI HILDOR SCHWEICKARDT;14.05.2026;09:00;0;708203689445548;PABLO HENRIQUE CAIRES GOMES;25.02.1999;27;328;LUZIA CANDIDA CAIRES GOMES;AREA;BR163 KM 607;LAV AURORA;S/N;AREA RURAL DE SAO GABRIEL DO OESTE;79493899;(67)99616-9447;SAO GABRIEL DO OESTE;500769;SAO GABRIEL DO OESTE;500769;3400964;UNIDADE DE SAUDE DA FAMILIA RURAL VII;M;30.04.2026;DULCINEIA_MOCCELIN;30.04.2026;DULCINEIA_MOCCELIN;10.00;CONFIRMADO;Z010;02453491113;MILENA GUEDIN VARGAS
665121115;0110002;0301010072;CONSULTA EM ORTOPEDIA - GERAL;93393539191;RODOLFO FABIANO NIZ BAREIRO;07.05.2026;12:30;0;705802499878833;MARGARIDA DA SILVA FERREIRA;26.05.1963;63;757;MARIA BELCHIOR DA SILVA;RUA;TUIUIU;CASA;1697;FENIX;79490000;(67)9636-3574;SAO GABRIEL DO OESTE;500769;SAO GABRIEL DO OESTE;500769;6452116;CENTRO DE ESPECIALIDADES MEDICAS;F;30.04.2026;FERNANDACRISTINAALVES;04.05.2026;VANIA_MARIANO;10.00;PENDENTE;Z016;93393539191;RODOLFO FABIANO NIZ BAREIRO
665121441;0110002;0301010072;CONSULTA EM ORTOPEDIA - GERAL;00530001101;BRUNO PETINARI UMBELINO;25.05.2026;08:00;0;706000327981346;APARECIDA LEONDRINO;20.01.1979;47;569;TEREZA VITALINA LEONDRINO;RUA;CONDE DE PORTO ALEGRE;;1127;MILANI;79492072;(67)99902-6578;SAO GABRIEL DO OESTE;500769;SAO GABRIEL DO OESTE;500769;2370972;UNIDADE DE SAUDE DA FAMILIA MILANE II;F;30.04.2026;FLAVIA_RODRIGUES;30.04.2026;FLAVIA_RODRIGUES;10.00;CONFIRMADO;M751;02453491113;MILENA GUEDIN VARGAS
665123938;0110002;0301010072;CONSULTA EM ORTOPEDIA - GERAL;93393539191;RODOLFO FABIANO NIZ BAREIRO;07.05.2026;12:30;0;708605092670783;CAMILA KATE SOARES DE OLIVEIRA;17.08.1992;33;406;MARIA CLEUSA SOARES;RUA;ABELARDO DE OLIVEIRA BARROS;;174;CRISTO REDENTOR;79420000;(67)99648-3411;CAMAPUA;500260;SAO GABRIEL DO OESTE;500769;6452116;CENTRO DE ESPECIALIDADES MEDICAS;F;30.04.2026;FERNANDACRISTINAALVES;04.05.2026;VANIA_MARIANO;10.00;PENDENTE;Z016;93393539191;RODOLFO FABIANO NIZ BAREIRO
665124333;0701224;0301010072;CONSULTA EM NEUROLOGIA - GERAL;22264073837;ANSELMO COSTA;27.05.2026;09:00;0;706201547091861;ROSELY APARECIDA TOSETO;22.04.1961;65;782;PLACIDINA PINHEIRO AURELUK;RUA;ESPIRITO SANTO;;809;CENTRO;79490000;(67)3295-3004 / (67)99631-6614;SAO GABRIEL DO OESTE;500769;SAO GABRIEL DO OESTE;500769;6354265;CENTRAL DE REGULACAO DE SAO GABRIEL DO OESTE;F;30.04.2026;ARILENE_SAOGABRIEL;30.04.2026;ARILENE_SAOGABRIEL;10.00;PENDENTE;Z016;00125300006;MEDICOS SUS
665125298;2300004;0301010072;CONSULTA EM CARDIOLOGIA;99746328115;GUSTAVO TRINDADE DE QUEIROZ;08.05.2026;07:30;0;701005876261699;JOSE CANDIDO DE ALMEIDA RIQUINHO;01.03.1960;66;796;RODOLFINA DE ALMEIDA;RUA;DONA ELVIRA;;1260;MILANI;79490000;(67)99980-3517 / (67)99982-9636;SAO GABRIEL DO OESTE;500769;SAO GABRIEL DO OESTE;500769;6452116;CENTRO DE ESPECIALIDADES MEDICAS;M;30.04.2026;FERNANDACRISTINAALVES;04.05.2026;VANIA_MARIANO;10.00;CONFIRMADO;Z016;93393539191;RODOLFO FABIANO NIZ BAREIRO
665125690;0110002;0301010072;CONSULTA EM ORTOPEDIA - GERAL;04469955680;DANIEL ROCHA DO CARMO;04.05.2026;16:00;0;701802250029577;JOAO BAPTISTA BARBOSA SOUZA;24.06.1979;47;564;ILEUZA BARBOSA PAULINO;RUA;JOAO RODRIGUES MIRANDA;;1051;CENTRO;79490035;(67)99613-9319;SAO GABRIEL DO OESTE;500769;SAO GABRIEL DO OESTE;500769;6354265;CENTRAL DE REGULACAO DE SAO GABRIEL DO OESTE;M;30.04.2026;VANIA_MARIANO;30.04.2026;VANIA_MARIANO;10.00;PENDENTE;Z016;00125300006;MEDICOS SUS
665126027;0110002;0301010072;CONSULTA EM ORTOPEDIA - GERAL;04469955680;DANIEL ROCHA DO CARMO;04.05.2026;16:00;0;701801208519676;ISDAEL MENDES DO NASCIMENTO;24.11.1970;55;667;MARIA ALMEIDA DO NASCIMENTO;RUA;CURRUIRAS;;756;JARDIM GRAMADO;79490000;(67)9968-0835;SAO GABRIEL DO OESTE;500769;SAO GABRIEL DO OESTE;500769;6354265;CENTRAL DE REGULACAO DE SAO GABRIEL DO OESTE;M;30.04.2026;VANIA_MARIANO;30.04.2026;VANIA_MARIANO;10.00;PENDENTE;Z016;00125300006;MEDICOS SUS
665126371;0110002;0301010072;CONSULTA EM ORTOPEDIA - GERAL;04469955680;DANIEL ROCHA DO CARMO;04.05.2026;16:00;0;706904137904036;ALEXSANDRO APARECIDO DA SILVA;29.03.1977;49;591;MARIA DE LOURDES MIRANDA DA SILVA;RUA;FILINTO MULLER;CASA;311;MILANI;79490000;(67)99960-1377;SAO GABRIEL DO OESTE;500769;SAO GABRIEL DO OESTE;500769;6354265;CENTRAL DE REGULACAO DE SAO GABRIEL DO OESTE;M;30.04.2026;VANIA_MARIANO;30.04.2026;VANIA_MARIANO;10.00;PENDENTE;Z016;00125300006;MEDICOS SUS
665126839;3500074;0206010052;TOMOGRAFIA COMPUTADORIZADA DE PESCOCO COM CONTRASTE;00125300006;MEDICOS SUS;04.05.2026;07:15;0;700208446907022;VALDIR PEREIRA DA SILVA;25.09.1949;76;921;SELMIRA WILLEMBRING DA SILVA;RUA;ALBINO DE SOUZA BRANDAO;;1056;CENTRO;79490000;(67)3295-2218;SAO GABRIEL DO OESTE;500769;SAO GABRIEL DO OESTE;500769;6354265;CENTRAL DE REGULACAO DE SAO GABRIEL DO OESTE;M;30.04.2026;ELIETE_SAOGABRIEL;30.04.2026;CLEIDIANE_REGULADOR;86.75;CONFIRMADO;I25;;CLAUDIA REGINA DUARTE CAZZOLATO KHALIL
665127271;0110002;0301010072;CONSULTA EM ORTOPEDIA - GERAL;04469955680;DANIEL ROCHA DO CARMO;04.05.2026;16:00;0;705102452134370;MARLENE NARCISO PEREIRA;11.11.1969;56;679;MARIA NARCISA GONCALVES;RUA;DA SERIEMA;;375;FENIX;79491068;(67)99638-6043;SAO GABRIEL DO OESTE;500769;SAO GABRIEL DO OESTE;500769;6354265;CENTRAL DE REGULACAO DE SAO GABRIEL DO OESTE;F;30.04.2026;VANIA_MARIANO;30.04.2026;VANIA_MARIANO;10.00;PENDENTE;Z016;00125300006;MEDICOS SUS
665129751;0505002;0211020052;MONITORIZACAO AMBULATORIAL DE PRESSAO ARTERIAL (M.A.P.A)                                            ;01110123175;ELY DONIZETH DE ASSIS JUNIOR;07.05.2026;09:00;0;704806530113347;FRANCINEIDE SILVA DE SOUZA OLIVEIRA;21.04.1973;53;638;FRANCISCA ANA DA SILVA;CHACARA;SANTA ANA;;109;ASSENTAMENTO ITAQUI;79490000;(67)99644-0746;SAO GABRIEL DO OESTE;500769;SAO GABRIEL DO OESTE;500769;6452116;CENTRO DE ESPECIALIDADES MEDICAS;F;30.04.2026;PATRICKMASIAGA;30.04.2026;PATRICKMASIAGA;10.07;CONFIRMADO;Z016;01110123175;ELY DONIZETH DE ASSIS JUNIOR
665129979;1703204;0211020044;HOLTER 24 HORAS;01110123175;ELY DONIZETH DE ASSIS JUNIOR;08.05.2026;09:00;0;704806530113347;FRANCINEIDE SILVA DE SOUZA OLIVEIRA;21.04.1973;53;638;FRANCISCA ANA DA SILVA;CHACARA;SANTA ANA;;109;ASSENTAMENTO ITAQUI;79490000;(67)99644-0746;SAO GABRIEL DO OESTE;500769;SAO GABRIEL DO OESTE;500769;6452116;CENTRO DE ESPECIALIDADES MEDICAS;F;30.04.2026;PATRICKMASIAGA;30.04.2026;PATRICKMASIAGA;30.00;CONFIRMADO;Z016;01110123175;ELY DONIZETH DE ASSIS JUNIOR
665130144;0110002;0301010072;CONSULTA EM ORTOPEDIA - GERAL;04469955680;DANIEL ROCHA DO CARMO;04.05.2026;16:00;0;704808059039148;SONIA FIGUEIREDO;25.12.1975;50;606;IVANETE FIGUEIREDO;RUA;SAO JORGE;CASA 68;289;PRIMO MAFISSONI;79490000;(67)99974-7714;SAO GABRIEL DO OESTE;500769;SAO GABRIEL DO OESTE;500769;6354265;CENTRAL DE REGULACAO DE SAO GABRIEL DO OESTE;F;30.04.2026;VANIA_MARIANO;30.04.2026;VANIA_MARIANO;10.00;PENDENTE;Z016;00125300006;MEDICOS SUS
665130320;1407044;0211020060;TESTE DE ESFORCO OU TESTE ERGOMETRICO;01110123175;ELY DONIZETH DE ASSIS JUNIOR;05.05.2026;13:00;0;704806530113347;FRANCINEIDE SILVA DE SOUZA OLIVEIRA;21.04.1973;53;638;FRANCISCA ANA DA SILVA;CHACARA;SANTA ANA;;109;ASSENTAMENTO ITAQUI;79490000;(67)99644-0746;SAO GABRIEL DO OESTE;500769;SAO GABRIEL DO OESTE;500769;6452116;CENTRO DE ESPECIALIDADES MEDICAS;F;30.04.2026;PATRICKMASIAGA;30.04.2026;PATRICKMASIAGA;30.00;CONFIRMADO;Z016;01110123175;ELY DONIZETH DE ASSIS JUNIOR
665130593;0108001;0205010032;ECOCARDIOGRAMA TRANSTORACICO;01110123175;ELY DONIZETH DE ASSIS JUNIOR;05.05.2026;09:00;0;704806530113347;FRANCINEIDE SILVA DE SOUZA OLIVEIRA;21.04.1973;53;638;FRANCISCA ANA DA SILVA;CHACARA;SANTA ANA;;109;ASSENTAMENTO ITAQUI;79490000;(67)99644-0746;SAO GABRIEL DO OESTE;500769;SAO GABRIEL DO OESTE;500769;6452116;CENTRO DE ESPECIALIDADES MEDICAS;F;30.04.2026;PATRICKMASIAGA;30.04.2026;PATRICKMASIAGA;67.86;CONFIRMADO;Z016;01110123175;ELY DONIZETH DE ASSIS JUNIOR
665130745;0077026;0205010040;ULTRA-SONOGRAFIA DOPPLER DE CAROTIDAS E VERTEBRAIS;01110123175;ELY DONIZETH DE ASSIS JUNIOR;05.05.2026;09:00;0;704806530113347;FRANCINEIDE SILVA DE SOUZA OLIVEIRA;21.04.1973;53;638;FRANCISCA ANA DA SILVA;CHACARA;SANTA ANA;;109;ASSENTAMENTO ITAQUI;79490000;(67)99644-0746;SAO GABRIEL DO OESTE;500769;SAO GABRIEL DO OESTE;500769;6452116;CENTRO DE ESPECIALIDADES MEDICAS;F;30.04.2026;PATRICKMASIAGA;30.04.2026;PATRICKMASIAGA;39.60;CONFIRMADO;Z016;01110123175;ELY DONIZETH DE ASSIS JUNIOR
665132164;0110002;0301010072;CONSULTA EM ORTOPEDIA - GERAL;04469955680;DANIEL ROCHA DO CARMO;18.05.2026;12:30;0;709008890497015;CLAILTON OLIVEIRA FRAGA DA SILVA;16.05.1990;36;433;ODETE CLEMENCIA DE OLIVEIRA DA SILVA;RUA;HILDO NICARETTA;CASA;2196;PRIMO MAFFISSONI;79490000;(67)99603-3652;SAO GABRIEL DO OESTE;500769;SAO GABRIEL DO OESTE;500769;6354265;CENTRAL DE REGULACAO DE SAO GABRIEL DO OESTE;M;30.04.2026;VANIA_MARIANO;30.04.2026;VANIA_MARIANO;10.00;PENDENTE;Z016;00125300006;MEDICOS SUS
665132475;0110002;0301010072;CONSULTA EM ORTOPEDIA - GERAL;04469955680;DANIEL ROCHA DO CARMO;18.05.2026;12:30;0;702804195158765;ELAINE SIQUEIRA VIVEIROS;27.11.1982;43;523;VALDENIR SIQUEIRA VIVEIROS;RUA;ESPIRITO SANTO;;2160;CENTRO;79490000;(67)99680-0337;SAO GABRIEL DO OESTE;500769;SAO GABRIEL DO OESTE;500769;6354265;CENTRAL DE REGULACAO DE SAO GABRIEL DO OESTE;F;30.04.2026;VANIA_MARIANO;30.04.2026;VANIA_MARIANO;10.00;CONFIRMADO;Z016;00125300006;MEDICOS SUS
665132904;0110002;0301010072;CONSULTA EM ORTOPEDIA - GERAL;04469955680;DANIEL ROCHA DO CARMO;18.05.2026;14:00;0;705603418175317;MARIA APARECIDA DEMETRIO;01.05.1984;42;506;MARIA LUZIA DEMETRIO;RUA;SAO FRANCISCO;;2740;JARDIM PRIMAVERA;79490000;(67)99689-0846;SAO GABRIEL DO OESTE;500769;SAO GABRIEL DO OESTE;500769;6354265;CENTRAL DE REGULACAO DE SAO GABRIEL DO OESTE;F;30.04.2026;VANIA_MARIANO;30.04.2026;VANIA_MARIANO;10.00;CONFIRMADO;Z016;00125300006;MEDICOS SUS
665133194;0110002;0301010072;CONSULTA EM ORTOPEDIA - GERAL;04469955680;DANIEL ROCHA DO CARMO;18.05.2026;14:00;0;706902161553734;FELIPE NERIS GARCIA;26.05.1982;44;529;EPIFANIA CRISTALDO;RUA;PARA;;71;AMABILE MAFFISSONI;79490100;(67)99264-3320;SAO GABRIEL DO OESTE;500769;SAO GABRIEL DO OESTE;500769;6354265;CENTRAL DE REGULACAO DE SAO GABRIEL DO OESTE;M;30.04.2026;VANIA_MARIANO;30.04.2026;VANIA_MARIANO;10.00;PENDENTE;Z016;00125300006;MEDICOS SUS
665136479;0110002;0301010072;CONSULTA EM ORTOPEDIA - GERAL;04469955680;DANIEL ROCHA DO CARMO;18.05.2026;16:00;0;700806980457486;LUIS HENRIQUE SOUZA SILVA;20.09.2012;13;165;VIRLEI APARECIDA INACIO DE SOUZA;RUA;SANTO ANGELO;CASA;298;MILANI;79490000;(67)99902-5909;SAO GABRIEL DO OESTE;500769;SAO GABRIEL DO OESTE;500769;6354265;CENTRAL DE REGULACAO DE SAO GABRIEL DO OESTE;M;30.04.2026;VANIA_MARIANO;30.04.2026;VANIA_MARIANO;10.00;PENDENTE;Z016;00125300006;MEDICOS SUS
665136733;0110002;0301010072;CONSULTA EM ORTOPEDIA - GERAL;04469955680;DANIEL ROCHA DO CARMO;18.05.2026;16:00;0;700000440485805;ARTHUR FELIPE RIBEIRO DE CAMARGO FERREIRA;10.10.2011;14;176;VANESSA RIBEIRO DE CAMARGO;RUA;CAMBARA;;646;FLOR DO CERRADO;79490000;(67)99692-9540;SAO GABRIEL DO OESTE;500769;SAO GABRIEL DO OESTE;500769;6354265;CENTRAL DE REGULACAO DE SAO GABRIEL DO OESTE;M;30.04.2026;VANIA_MARIANO;30.04.2026;VANIA_MARIANO;10.00;PENDENTE;Z016;00125300006;MEDICOS SUS
665136989;0110002;0301010072;CONSULTA EM ORTOPEDIA - GERAL;04469955680;DANIEL ROCHA DO CARMO;18.05.2026;16:00;0;700009934296602;HANNA MAYRA TEIXEIRA GONCALVES;08.01.1995;31;377;VENILTA TEIXEIRA DA CRUZ;RUA;JOAQUIM HONORIO RIBEIRO ROSA;;308;CENTRO;79490000;(67)99910-3366;SAO GABRIEL DO OESTE;500769;SAO GABRIEL DO OESTE;500769;6354265;CENTRAL DE REGULACAO DE SAO GABRIEL DO OESTE;F;30.04.2026;VANIA_MARIANO;30.04.2026;VANIA_MARIANO;10.00;PENDENTE;Z016;00125300006;MEDICOS SUS
665137670;0110002;0301010072;CONSULTA EM ORTOPEDIA - GERAL;04469955680;DANIEL ROCHA DO CARMO;18.05.2026;16:00;0;704206205496688;ALDEANE ELIAS DA SILVA;01.06.1985;41;493;DINA ELIAS DOS SANTOS E SILVA;RUA;CURIO;CASA;1802;JARDIM GRAMADO;79490000;(46)99935-6362;SAO GABRIEL DO OESTE;500769;SAO GABRIEL DO OESTE;500769;6354265;CENTRAL DE REGULACAO DE SAO GABRIEL DO OESTE;F;30.04.2026;VANIA_MARIANO;30.04.2026;VANIA_MARIANO;10.00;PENDENTE;Z016;00125300006;MEDICOS SUS
665137781;0282063;0301010072;CONSULTA EM OTORRINOLARINGOLOGIA;78877326115;ANA PAULA CAVALIERI PONTES;15.05.2026;06:00;0;703603019314236;EDNA RIBEIRO DE ALENCAR;17.10.1974;51;620;MARIA RODRIGUES DE ALENCAR;RUA;AZULAO;CASA 1;1682;FÊNIX;79490000;(67)99686-9043;SAO GABRIEL DO OESTE;500769;SAO GABRIEL DO OESTE;500769;6452116;CENTRO DE ESPECIALIDADES MEDICAS;F;30.04.2026;PATRICKMASIAGA;30.04.2026;PATRICKMASIAGA;10.00;CONFIRMADO;Z016;78877326115;ANA PAULA CAVALIERI PONTES
665137950;0110002;0301010072;CONSULTA EM ORTOPEDIA - GERAL;04469955680;DANIEL ROCHA DO CARMO;18.05.2026;16:00;0;708108173872340;LUCIA APARECIDA PINHEIRO MONTESSI;07.02.1979;47;569;MARIA PINHEIRO MONTESSI;RUA;ALAGOAS;;3162;AMABILE MAFFISSONI;79490000;(67)99911-2591;SAO GABRIEL DO OESTE;500769;SAO GABRIEL DO OESTE;500769;6354265;CENTRAL DE REGULACAO DE SAO GABRIEL DO OESTE;F;30.04.2026;VANIA_MARIANO;30.04.2026;VANIA_MARIANO;10.00;CONFIRMADO;Z016;00125300006;MEDICOS SUS
665138202;0110002;0301010072;CONSULTA EM ORTOPEDIA - GERAL;04469955680;DANIEL ROCHA DO CARMO;18.05.2026;16:00;0;707804638851511;ELIELSON JESUS DE OLIVEIRA;13.09.1982;43;525;CLARICE DE FATIMA OLIVEIRA;RUA;CANARIOS;;1163;JARDIM GRAMADO;79490000;(67)99997-3860;SAO GABRIEL DO OESTE;500769;SAO GABRIEL DO OESTE;500769;6354265;CENTRAL DE REGULACAO DE SAO GABRIEL DO OESTE;M;30.04.2026;VANIA_MARIANO;30.04.2026;VANIA_MARIANO;10.00;PENDENTE;Z016;00125300006;MEDICOS SUS
665140183;0110002;0301010072;CONSULTA EM ORTOPEDIA - GERAL;06302616603;ROMULO AMARAL TAFURI;27.05.2026;14:00;0;702803633644664;CLAUDEIR DE ARRUDA ALMEIDA;28.09.1979;46;561;IVANIR FERREIRA DE ARRUDA ALMEIDA;FAZENDA;ARCO IRIS;;S/N;RURAL;79490000;(67)99619-5748 / (67)99925-8588;SAO GABRIEL DO OESTE;500769;SAO GABRIEL DO OESTE;500769;6452116;CENTRO DE ESPECIALIDADES MEDICAS;M;30.04.2026;FERNANDACRISTINAALVES;30.04.2026;FERNANDACRISTINAALVES;10.00;CONFIRMADO;Z016;93393539191;RODOLFO FABIANO NIZ BAREIRO
665141048;0110002;0301010072;CONSULTA EM ORTOPEDIA - GERAL;89074033172;ROGERIO PADOVANI TOFFOLI;08.05.2026;12:30;0;702607294487540;GABRIEL DA SILVA;10.03.1971;55;663;MARIA ANTONIA DA SILVA;RUA;DAS GAIVOTAS;;2292;FENIX;79491094;(67)99641-4167;SAO GABRIEL DO OESTE;500769;SAO GABRIEL DO OESTE;500769;6354265;CENTRAL DE REGULACAO DE SAO GABRIEL DO OESTE;M;30.04.2026;VANIA_MARIANO;30.04.2026;VANIA_MARIANO;10.00;PENDENTE;M751;00125300006;MEDICOS SUS
665142121;0110002;0301010072;CONSULTA EM ORTOPEDIA - GERAL;93393539191;RODOLFO FABIANO NIZ BAREIRO;14.05.2026;12:30;0;706309775598770;EDUARDO DA SILVA RODRIGUES;24.06.2015;11;132;FERNANDA DE JESUS SILVA;RUA;SOSSEGO;CASA;73;ASSENTAMENTO CAMPANARIO;79490000;(67)99648-9854;SAO GABRIEL DO OESTE;500769;SAO GABRIEL DO OESTE;500769;6452116;CENTRO DE ESPECIALIDADES MEDICAS;M;30.04.2026;FERNANDACRISTINAALVES;04.05.2026;VANIA_MARIANO;10.00;PENDENTE;Z016;93393539191;RODOLFO FABIANO NIZ BAREIRO
665142925;0701224;0301010072;CONSULTA EM NEUROLOGIA - GERAL;22264073837;ANSELMO COSTA;27.05.2026;12:00;0;702604203643541;SEBASTIAO FREITAS DA SILVA;16.01.1967;59;713;CIRIACA FREITAS DA SILVA;RUA;CURIO;;1052;JARDIM GRAMADO;79490000;(67)99991-9294;SAO GABRIEL DO OESTE;500769;SAO GABRIEL DO OESTE;500769;6452116;CENTRO DE ESPECIALIDADES MEDICAS;M;30.04.2026;FERNANDACRISTINAALVES;30.04.2026;FERNANDACRISTINAALVES;10.00;CONFIRMADO;Z016;22264073837;ANSELMO COSTA
665143343;0108001;0205010032;ECOCARDIOGRAMA TRANSTORACICO;01110123175;ELY DONIZETH DE ASSIS JUNIOR;06.05.2026;13:00;0;706404168383881;LUIZ OTAVIO DE SOUZA STRELOW;25.09.2012;13;165;MARLI FERREIRA DE SOUZA;RUA;RIO DE JANEIRO;;1084;CENTRO;79490000;(67)99906-3612;SAO GABRIEL DO OESTE;500769;SAO GABRIEL DO OESTE;500769;6452116;CENTRO DE ESPECIALIDADES MEDICAS;M;30.04.2026;PATRICKMASIAGA;30.04.2026;PATRICKMASIAGA;67.86;CONFIRMADO;Z016;01110123175;ELY DONIZETH DE ASSIS JUNIOR
665143381;0015001;0301010072;CONSULTA EM OFTALMOLOGIA GERAL;45183520097;JONI HILDOR SCHWEICKARDT;14.05.2026;09:00;0;700204976557025;LOURDES JULIANA PROCOPIO DA SILVA;17.07.1963;62;755;JOSEFA PROCOPIO DA SILVA;RUA;GAIVOTAS;;720;JARDIM GRAMADO;79490000;(67)99944-9922;SAO GABRIEL DO OESTE;500769;SAO GABRIEL DO OESTE;500769;5971055;UNIDADE DE SAUDE DA FAMILIA VIII;F;30.04.2026;JESSICAPADILHA;30.04.2026;JESSICAPADILHA;10.00;CONFIRMADO;Z000;04805244160;RENNAN ORTIZ BUENO
665143463;1407044;0211020060;TESTE DE ESFORCO OU TESTE ERGOMETRICO;01110123175;ELY DONIZETH DE ASSIS JUNIOR;06.05.2026;09:00;0;706404168383881;LUIZ OTAVIO DE SOUZA STRELOW;25.09.2012;13;165;MARLI FERREIRA DE SOUZA;RUA;RIO DE JANEIRO;;1084;CENTRO;79490000;(67)99906-3612;SAO GABRIEL DO OESTE;500769;SAO GABRIEL DO OESTE;500769;6452116;CENTRO DE ESPECIALIDADES MEDICAS;M;30.04.2026;PATRICKMASIAGA;30.04.2026;PATRICKMASIAGA;30.00;CONFIRMADO;Z016;01110123175;ELY DONIZETH DE ASSIS JUNIOR
665143692;1703204;0211020044;HOLTER 24 HORAS;01110123175;ELY DONIZETH DE ASSIS JUNIOR;08.05.2026;09:00;0;706404168383881;LUIZ OTAVIO DE SOUZA STRELOW;25.09.2012;13;165;MARLI FERREIRA DE SOUZA;RUA;RIO DE JANEIRO;;1084;CENTRO;79490000;(67)99906-3612;SAO GABRIEL DO OESTE;500769;SAO GABRIEL DO OESTE;500769;6452116;CENTRO DE ESPECIALIDADES MEDICAS;M;30.04.2026;PATRICKMASIAGA;30.04.2026;PATRICKMASIAGA;30.00;CONFIRMADO;Z016;01110123175;ELY DONIZETH DE ASSIS JUNIOR
665144061;0110002;0301010072;CONSULTA EM ORTOPEDIA - GERAL;89074033172;ROGERIO PADOVANI TOFFOLI;29.05.2026;14:00;0;703407749377900;ED CARLOS DOS SANTOS;26.11.1979;46;559;APARECIDA DOS SANTOS;RUA;MARIA SEVERO;;1841;PRIMO MAFFISSONI;79490000;(67)99673-6293;SAO GABRIEL DO OESTE;500769;SAO GABRIEL DO OESTE;500769;6452116;CENTRO DE ESPECIALIDADES MEDICAS;M;30.04.2026;FERNANDACRISTINAALVES;30.04.2026;FERNANDACRISTINAALVES;10.00;PENDENTE;Z016;89074033172;ROGERIO PADOVANI TOFFOLI
665144138;0108001;0205010032;ECOCARDIOGRAMA TRANSTORACICO;01110123175;ELY DONIZETH DE ASSIS JUNIOR;06.05.2026;09:00;0;702808121250866;MARLI FERREIRA DE SOUZA;10.11.1983;42;511;SEBASTIANA FERREIRA DE SOUZA;RUA;RIO DE JANEIRO;;1084;CENTRO;79490000;(67)99656-5956;SAO GABRIEL DO OESTE;500769;SAO GABRIEL DO OESTE;500769;6452116;CENTRO DE ESPECIALIDADES MEDICAS;F;30.04.2026;PATRICKMASIAGA;30.04.2026;PATRICKMASIAGA;67.86;CONFIRMADO;Z016;98260570106;CLAUDIA REGINA DUARTE CAZZOLATO KHALIL
665144276;1407044;0211020060;TESTE DE ESFORCO OU TESTE ERGOMETRICO;01110123175;ELY DONIZETH DE ASSIS JUNIOR;06.05.2026;13:00;0;702808121250866;MARLI FERREIRA DE SOUZA;10.11.1983;42;511;SEBASTIANA FERREIRA DE SOUZA;RUA;RIO DE JANEIRO;;1084;CENTRO;79490000;(67)99656-5956;SAO GABRIEL DO OESTE;500769;SAO GABRIEL DO OESTE;500769;6452116;CENTRO DE ESPECIALIDADES MEDICAS;F;30.04.2026;PATRICKMASIAGA;30.04.2026;PATRICKMASIAGA;30.00;CONFIRMADO;Z016;98260570106;CLAUDIA REGINA DUARTE CAZZOLATO KHALIL
665144491;1703204;0211020044;HOLTER 24 HORAS;01110123175;ELY DONIZETH DE ASSIS JUNIOR;08.05.2026;09:00;0;702808121250866;MARLI FERREIRA DE SOUZA;10.11.1983;42;511;SEBASTIANA FERREIRA DE SOUZA;RUA;RIO DE JANEIRO;;1084;CENTRO;79490000;(67)99656-5956;SAO GABRIEL DO OESTE;500769;SAO GABRIEL DO OESTE;500769;6452116;CENTRO DE ESPECIALIDADES MEDICAS;F;30.04.2026;PATRICKMASIAGA;30.04.2026;PATRICKMASIAGA;30.00;CONFIRMADO;Z016;98260570106;CLAUDIA REGINA DUARTE CAZZOLATO KHALIL
665144668;0077026;0205010040;ULTRA-SONOGRAFIA DOPPLER DE CAROTIDAS E VERTEBRAIS;01110123175;ELY DONIZETH DE ASSIS JUNIOR;06.05.2026;09:00;0;702808121250866;MARLI FERREIRA DE SOUZA;10.11.1983;42;511;SEBASTIANA FERREIRA DE SOUZA;RUA;RIO DE JANEIRO;;1084;CENTRO;79490000;(67)99656-5956;SAO GABRIEL DO OESTE;500769;SAO GABRIEL DO OESTE;500769;6452116;CENTRO DE ESPECIALIDADES MEDICAS;F;30.04.2026;PATRICKMASIAGA;30.04.2026;PATRICKMASIAGA;39.60;CONFIRMADO;Z016;98260570106;CLAUDIA REGINA DUARTE CAZZOLATO KHALIL
665144733;0505002;0211020052;MONITORIZACAO AMBULATORIAL DE PRESSAO ARTERIAL (M.A.P.A)                                            ;01110123175;ELY DONIZETH DE ASSIS JUNIOR;08.05.2026;09:00;0;702808121250866;MARLI FERREIRA DE SOUZA;10.11.1983;42;511;SEBASTIANA FERREIRA DE SOUZA;RUA;RIO DE JANEIRO;;1084;CENTRO;79490000;(67)99656-5956;SAO GABRIEL DO OESTE;500769;SAO GABRIEL DO OESTE;500769;6452116;CENTRO DE ESPECIALIDADES MEDICAS;F;30.04.2026;PATRICKMASIAGA;30.04.2026;PATRICKMASIAGA;10.07;CONFIRMADO;Z016;98260570106;CLAUDIA REGINA DUARTE CAZZOLATO KHALIL
665145170;0110002;0301010072;CONSULTA EM ORTOPEDIA - GERAL;93393539191;RODOLFO FABIANO NIZ BAREIRO;28.05.2026;14:00;0;700206465163023;JOAO PEDRO DIOGENES DOS SANTOS;27.04.2015;11;134;JAIANA DIOGENES MENDES;RUA;EUGENIO FERREIRA DA CUNHA;;1044;JARDIM PRIMAVERA;79490000;(67)99924-2900;SAO GABRIEL DO OESTE;500769;SAO GABRIEL DO OESTE;500769;6452116;CENTRO DE ESPECIALIDADES MEDICAS;M;30.04.2026;PATRICKMASIAGA;30.04.2026;PATRICKMASIAGA;10.00;CONFIRMADO;Z016;08418818123;PATRICK RICHARD ARGUELHO MASIAGA
665145383;0110002;0301010072;CONSULTA EM ORTOPEDIA - GERAL;93393539191;RODOLFO FABIANO NIZ BAREIRO;28.05.2026;14:00;0;708004872136225;ANGELINA BERTO;18.07.1951;74;899;SANTINA RITA DA ROSA;RUA;JOAQUIM HONÓRIO RIBEIRO ROSA;;1300;COH;79490000;(67)3295-2606;SAO GABRIEL DO OESTE;500769;SAO GABRIEL DO OESTE;500769;6452116;CENTRO DE ESPECIALIDADES MEDICAS;F;30.04.2026;FERNANDACRISTINAALVES;30.04.2026;FERNANDACRISTINAALVES;10.00;PENDENTE;Z016;32389571808;RODOLFO PELISSARI ZAMBOLIN
665148112;0701224;0301010072;CONSULTA EM NEUROLOGIA - GERAL;22264073837;ANSELMO COSTA;27.05.2026;12:00;0;708100593556630;EUNICE SOARES DE SOUZA;20.05.1968;58;697;IRENE SOARES DE SOUZA;RUA;AROEIRA;;230;SÃO CRISTOVÃO;79490000;(69)99911-6435;SAO GABRIEL DO OESTE;500769;SAO GABRIEL DO OESTE;500769;6452116;CENTRO DE ESPECIALIDADES MEDICAS;F;30.04.2026;PATRICKMASIAGA;30.04.2026;PATRICKMASIAGA;10.00;CONFIRMADO;Z016;78877326115;ANA PAULA CAVALIERI PONTES
665153773;3100230;0207010048;RESSONANCIA MAGNETICA DE COLUNA LOMBAR;00125300006;MEDICOS SUS;05.05.2026;13:00;0;702503304936331;MARLETE AMBROS;22.01.1977;49;593;MARIA DE FATIMA AMBROS;RUA;MARIA SEVERO;;1841;PRIMO MAFFISSONI;79490000;(67)9654-8037;SAO GABRIEL DO OESTE;500769;SAO GABRIEL DO OESTE;500769;6354265;CENTRAL DE REGULACAO DE SAO GABRIEL DO OESTE;F;30.04.2026;VANIA_MARIANO;30.04.2026;VANIA_MARIANO;268.75;CONFIRMADO;M545;00125300006;MEDICOS SUS
665159054;3500023;0206010060;TOMOGRAFIA COMPUTADORIZADA  DE CRANIO SEM CONTRASTE;00125300006;MEDICOS SUS;07.05.2026;07:15;0;706003341991143;MANUELA LOPEZ ARANGO;23.01.2001;25;305;MA CONCEPCION ARANGO PINEDA;AVENIDA;JUSCELINO KUBITSCHEK 2/1198;;806;CENTRO;79490051;(67)99908-7296;SAO GABRIEL DO OESTE;500769;SAO GABRIEL DO OESTE;500769;6354265;CENTRAL DE REGULACAO DE SAO GABRIEL DO OESTE;F;30.04.2026;CLEIDIANE_REGULADOR;30.04.2026;CLEIDIANE_REGULADOR;97.44;PENDENTE;R51;;MAIARA FLORES SCARIOT
665181045;3500022;0206020031;TOMOGRAFIA COMPUTADORIZADA DO TORAX SEM CONTRASTE;00125300006;MEDICOS SUS;07.05.2026;07:15;0;704109247324080;JOAO DIAS VIEIRA;20.05.1955;71;853;ONEZIA SENHORINHA DE OLIVEIRA;RUA;CURIO;;1740;FENIX;79491082;(67)99995-6212;SAO GABRIEL DO OESTE;500769;SAO GABRIEL DO OESTE;500769;6354265;CENTRAL DE REGULACAO DE SAO GABRIEL DO OESTE;M;02.05.2026;CLEIDIANE_REGULADOR;02.05.2026;CLEIDIANE_REGULADOR;136.41;PENDENTE;R05;;BERNARDO MEDEIROS MAIA
665181082;3500022;0206020031;TOMOGRAFIA COMPUTADORIZADA DO TORAX SEM CONTRASTE;00125300006;MEDICOS SUS;07.05.2026;07:15;0;703604040953030;WALDOMIRO CARDOSO DOS SANTOS;04.06.1954;72;865;OLIVINA SCHLEDER DOS SANTOS;RUA;CONDE DE PORTO ALEGRE;CASA;795;MILANI;79490000;(67)99856-9893;SAO GABRIEL DO OESTE;500769;SAO GABRIEL DO OESTE;500769;6354265;CENTRAL DE REGULACAO DE SAO GABRIEL DO OESTE;M;02.05.2026;CLEIDIANE_REGULADOR;02.05.2026;CLEIDIANE_REGULADOR;136.41;PENDENTE;R05;;JOAO BAPTISTA BARBOSA SOUZA
665216198;0110002;0301010072;CONSULTA EM ORTOPEDIA - GERAL;89074033172;ROGERIO PADOVANI TOFFOLI;29.05.2026;12:30;0;708700140529091;ROSA EVANIR BENITES;19.09.1968;57;693;MARIA APARECIDA PIRES BENITES;RUA;MANOEL ROSA;;487;CENTRO;79490000;(67)99676-3858 / (67)99697-9968;SAO GABRIEL DO OESTE;500769;SAO GABRIEL DO OESTE;500769;6452116;CENTRO DE ESPECIALIDADES MEDICAS;F;04.05.2026;PATRICKMASIAGA;04.05.2026;PATRICKMASIAGA;10.00;PENDENTE;Z016;08418818123;PATRICK RICHARD ARGUELHO MASIAGA
665225145;0110002;0301010072;CONSULTA EM ORTOPEDIA - GERAL;00468987193;ARTHUR MARTINS DE ALMEIDA;05.05.2026;06:30;0;700306994034730;BRAYAN ANDRADE PEDRO;25.06.2023;03;36;AIRAM KELLEN JHAQUELINE PINTO ANDRADE;AVENIDA;SAO FRANCISCO 1/2399;;2189;PRIMO MAFFISSONI;79490250;(67)99804-6093;SAO GABRIEL DO OESTE;500769;SAO GABRIEL DO OESTE;500769;6452116;CENTRO DE ESPECIALIDADES MEDICAS;M;04.05.2026;PATRICKMASIAGA;04.05.2026;VANIA_MARIANO;10.00;PENDENTE;Z016;08418818123;PATRICK RICHARD ARGUELHO MASIAGA
665234240;0110002;0301010072;CONSULTA EM ORTOPEDIA - GERAL;04469955680;DANIEL ROCHA DO CARMO;25.05.2026;14:00;1;700201495200224;MARENILDA GOMES NASCIMENTO;18.12.1969;56;678;ROSITA GOMES NASCIMENTO;RUA;NILZA RIBEIRO;ESF ARAPONGAS;3022;JARDIM CAMPANARIO;79210000;(67)99930-9398;ANASTACIO;500070;SAO GABRIEL DO OESTE;500769;6354265;CENTRAL DE REGULACAO DE SAO GABRIEL DO OESTE;F;04.05.2026;CLEIDIANE_REGULADOR;04.05.2026;CLEIDIANE_REGULADOR;10.00;CONFIRMADO;Z00;00125300006;MEDICOS SUS
665236618;1703204;0211020044;HOLTER 24 HORAS;01110123175;ELY DONIZETH DE ASSIS JUNIOR;08.05.2026;09:00;0;703000893320179;LOURIVAL FORMIGONI;24.08.1948;77;934;LEONILDA MARQUES FORMIGONI;RUA;ESTUDANTE ELIAS BORGMAM;;1872;PRIMO MAFFISSONI;79490000;(67)9632-3316;SAO GABRIEL DO OESTE;500769;SAO GABRIEL DO OESTE;500769;6452116;CENTRO DE ESPECIALIDADES MEDICAS;M;04.05.2026;PATRICKMASIAGA;04.05.2026;PATRICKMASIAGA;30.00;CONFIRMADO;Z016;01110123175;ELY DONIZETH DE ASSIS JUNIOR
665237057;0505002;0211020052;MONITORIZACAO AMBULATORIAL DE PRESSAO ARTERIAL (M.A.P.A)                                            ;01110123175;ELY DONIZETH DE ASSIS JUNIOR;08.05.2026;09:00;0;703000893320179;LOURIVAL FORMIGONI;24.08.1948;77;934;LEONILDA MARQUES FORMIGONI;RUA;ESTUDANTE ELIAS BORGMAM;;1872;PRIMO MAFFISSONI;79490000;(67)9632-3316;SAO GABRIEL DO OESTE;500769;SAO GABRIEL DO OESTE;500769;6452116;CENTRO DE ESPECIALIDADES MEDICAS;M;04.05.2026;PATRICKMASIAGA;04.05.2026;PATRICKMASIAGA;10.07;CONFIRMADO;Z016;01110123175;ELY DONIZETH DE ASSIS JUNIOR
665237815;0077026;0205010040;ULTRA-SONOGRAFIA DOPPLER DE CAROTIDAS E VERTEBRAIS;01110123175;ELY DONIZETH DE ASSIS JUNIOR;06.05.2026;13:00;0;703000893320179;LOURIVAL FORMIGONI;24.08.1948;77;934;LEONILDA MARQUES FORMIGONI;RUA;ESTUDANTE ELIAS BORGMAM;;1872;PRIMO MAFFISSONI;79490000;(67)9632-3316;SAO GABRIEL DO OESTE;500769;SAO GABRIEL DO OESTE;500769;6452116;CENTRO DE ESPECIALIDADES MEDICAS;M;04.05.2026;PATRICKMASIAGA;04.05.2026;PATRICKMASIAGA;39.60;CONFIRMADO;Z016;01110123175;ELY DONIZETH DE ASSIS JUNIOR
665238088;0108001;0205010032;ECOCARDIOGRAMA TRANSTORACICO;01110123175;ELY DONIZETH DE ASSIS JUNIOR;06.05.2026;09:00;0;703000893320179;LOURIVAL FORMIGONI;24.08.1948;77;934;LEONILDA MARQUES FORMIGONI;RUA;ESTUDANTE ELIAS BORGMAM;;1872;PRIMO MAFFISSONI;79490000;(67)9632-3316;SAO GABRIEL DO OESTE;500769;SAO GABRIEL DO OESTE;500769;6452116;CENTRO DE ESPECIALIDADES MEDICAS;M;04.05.2026;PATRICKMASIAGA;04.05.2026;PATRICKMASIAGA;67.86;CONFIRMADO;Z016;01110123175;ELY DONIZETH DE ASSIS JUNIOR
665241788;0110002;0301010072;CONSULTA EM ORTOPEDIA - GERAL;00530001101;BRUNO PETINARI UMBELINO;25.05.2026;08:00;0;706408396999090;ADRIANA BILO;18.06.1973;53;636;ALDA LORENA BILO;AVENIDA;TUIUIU 1/1465;;626;JARDIM GRAMADO;79491006;(67)99637-0728;SAO GABRIEL DO OESTE;500769;SAO GABRIEL DO OESTE;500769;2370980;UNIDADE DE SAUDE DA FAMILIA JARDIM GRAMADO I;F;04.05.2026;ELIANI_MOREIRA;04.05.2026;ELIANI_MOREIRA;10.00;PENDENTE;S83;96040653191;PAULO FENELON MARINHO
665241804;0110002;0301010072;CONSULTA EM ORTOPEDIA - GERAL;89074033172;ROGERIO PADOVANI TOFFOLI;29.05.2026;14:00;0;702806170524468;ILMA FERNANDES DE FIGUEREDO GUEDES;09.09.1963;62;753;PAULA FRANCINETE FERNANDES;RUA;RIO DE JANEIRO;;2513;CENTRO;79490000;(67)99930-9196;SAO GABRIEL DO OESTE;500769;SAO GABRIEL DO OESTE;500769;2599376;UNIDADE DE SAUDE DA FAMILIA VI;F;04.05.2026;MARIANA_MARTINS;04.05.2026;MARIANA_MARTINS;10.00;PENDENTE;S410;06437691107;MAIARA FLORES SCARIOT
665243176;0077026;0205010040;ULTRA-SONOGRAFIA DOPPLER DE CAROTIDAS E VERTEBRAIS;01110123175;ELY DONIZETH DE ASSIS JUNIOR;06.05.2026;13:00;0;707100322466920;ANTONIO REZENDE DA COSTA;01.07.1949;77;924;MARIA ADELINA DOS SANTOS;RUA;DAS FLORES;;1312;ESPLANADA;79491278;(67)99852-8232;SAO GABRIEL DO OESTE;500769;SAO GABRIEL DO OESTE;500769;6452116;CENTRO DE ESPECIALIDADES MEDICAS;M;04.05.2026;PATRICKMASIAGA;04.05.2026;PATRICKMASIAGA;39.60;CONFIRMADO;Z016;08418818123;PATRICK RICHARD ARGUELHO MASIAGA
665243773;0320003;0211020036;ELETROCARDIOGRAMA;01110123175;ELY DONIZETH DE ASSIS JUNIOR;06.05.2026;14:00;0;707100322466920;ANTONIO REZENDE DA COSTA;01.07.1949;77;924;MARIA ADELINA DOS SANTOS;RUA;DAS FLORES;;1312;ESPLANADA;79491278;(67)99852-8232;SAO GABRIEL DO OESTE;500769;SAO GABRIEL DO OESTE;500769;6452116;CENTRO DE ESPECIALIDADES MEDICAS;M;04.05.2026;PATRICKMASIAGA;04.05.2026;PATRICKMASIAGA;5.15;PENDENTE;Z016;08418818123;PATRICK RICHARD ARGUELHO MASIAGA
665244116;1703204;0211020044;HOLTER 24 HORAS;01110123175;ELY DONIZETH DE ASSIS JUNIOR;08.05.2026;13:00;0;707100322466920;ANTONIO REZENDE DA COSTA;01.07.1949;77;924;MARIA ADELINA DOS SANTOS;RUA;DAS FLORES;;1312;ESPLANADA;79491278;(67)99852-8232;SAO GABRIEL DO OESTE;500769;SAO GABRIEL DO OESTE;500769;6452116;CENTRO DE ESPECIALIDADES MEDICAS;M;04.05.2026;PATRICKMASIAGA;04.05.2026;PATRICKMASIAGA;30.00;CONFIRMADO;Z016;08418818123;PATRICK RICHARD ARGUELHO MASIAGA
665246203;0015001;0301010072;CONSULTA EM OFTALMOLOGIA GERAL;45183520097;JONI HILDOR SCHWEICKARDT;14.05.2026;14:00;0;700504554533956;ROBERTO WERNECK;13.03.1953;73;879;LUPERCIA PEREIRA WERNECK;RUA;RIO DE JANEIRO;;2520;CENTRO;79490000;(67)99947-7879;SAO GABRIEL DO OESTE;500769;SAO GABRIEL DO OESTE;500769;2599376;UNIDADE DE SAUDE DA FAMILIA VI;M;04.05.2026;MARIANA_MARTINS;04.05.2026;MARIANA_MARTINS;10.00;CONFIRMADO;B309;06437691107;MAIARA FLORES SCARIOT
665247912;0110002;0301010072;CONSULTA EM ORTOPEDIA - GERAL;93393539191;RODOLFO FABIANO NIZ BAREIRO;28.05.2026;14:00;0;703400153757200;LUCIELENE GONCALVES;24.03.1972;54;651;MARIA GUILHERMINA SOUZA VASQUEZ;RUA;08 DE ABRIL;;1436;FENIX;79490000;(67)99803-1777 / (67)98473-1886;SAO GABRIEL DO OESTE;500769;SAO GABRIEL DO OESTE;500769;2370999;UNIDADE DE SAUDE DA FAMILIA FENIX IV;F;04.05.2026;GUSTAVO_PIAIA;04.05.2026;GUSTAVO_PIAIA;10.00;CONFIRMADO;M545;00703866176;ALCIDES EDUARDO EIBEL
665252187;1407044;0211020060;TESTE DE ESFORCO OU TESTE ERGOMETRICO;01110123175;ELY DONIZETH DE ASSIS JUNIOR;13.05.2026;09:00;0;705601406233218;MARIA LURDES LUCIA BARGAS;23.01.1950;76;917;BENONIA MOISES;RUA;RIO DE JANEIRO;;2873;AMABILE MAFFISSONI;79490000;(67)99649-2669;SAO GABRIEL DO OESTE;500769;SAO GABRIEL DO OESTE;500769;6452116;CENTRO DE ESPECIALIDADES MEDICAS;F;04.05.2026;PATRICKMASIAGA;04.05.2026;PATRICKMASIAGA;30.00;CONFIRMADO;Z016;01110123175;ELY DONIZETH DE ASSIS JUNIOR
665252432;0108001;0205010032;ECOCARDIOGRAMA TRANSTORACICO;01110123175;ELY DONIZETH DE ASSIS JUNIOR;13.05.2026;09:00;0;705601406233218;MARIA LURDES LUCIA BARGAS;23.01.1950;76;917;BENONIA MOISES;RUA;RIO DE JANEIRO;;2873;AMABILE MAFFISSONI;79490000;(67)99649-2669;SAO GABRIEL DO OESTE;500769;SAO GABRIEL DO OESTE;500769;6452116;CENTRO DE ESPECIALIDADES MEDICAS;F;04.05.2026;PATRICKMASIAGA;04.05.2026;PATRICKMASIAGA;67.86;CONFIRMADO;Z016;01110123175;ELY DONIZETH DE ASSIS JUNIOR
665253320;1703204;0211020044;HOLTER 24 HORAS;01110123175;ELY DONIZETH DE ASSIS JUNIOR;14.05.2026;09:00;0;705601406233218;MARIA LURDES LUCIA BARGAS;23.01.1950;76;917;BENONIA MOISES;RUA;RIO DE JANEIRO;;2873;AMABILE MAFFISSONI;79490000;(67)99649-2669;SAO GABRIEL DO OESTE;500769;SAO GABRIEL DO OESTE;500769;6452116;CENTRO DE ESPECIALIDADES MEDICAS;F;04.05.2026;PATRICKMASIAGA;04.05.2026;PATRICKMASIAGA;30.00;CONFIRMADO;Z016;01110123175;ELY DONIZETH DE ASSIS JUNIOR
665258995;0110002;0301010072;CONSULTA EM ORTOPEDIA - GERAL;89074033172;ROGERIO PADOVANI TOFFOLI;29.05.2026;14:00;0;700005223139601;CARLA DOS SANTOS DE MELO;14.01.1994;32;389;MARIA DO O MONTEIRO DOS SANTOS;RUA;ANTONIO LAMBERT;;1580;MILANI;79492064;(67)99323-7787 / (67)99126-2822;SAO GABRIEL DO OESTE;500769;SAO GABRIEL DO OESTE;500769;2599376;UNIDADE DE SAUDE DA FAMILIA VI;F;04.05.2026;MARIANA_MARTINS;04.05.2026;MARIANA_MARTINS;10.00;PENDENTE;M755;06437691107;MAIARA FLORES SCARIOT
665260706;1407044;0211020060;TESTE DE ESFORCO OU TESTE ERGOMETRICO;01110123175;ELY DONIZETH DE ASSIS JUNIOR;05.05.2026;13:00;0;700004257001008;IZABEL DA SILVA;25.12.1956;69;834;FRANCISCA CANDIDA DA SILVA;RUA;SAO MANOEL;CASA;695;MILANI;79490000;(67)99903-5826;SAO GABRIEL DO OESTE;500769;SAO GABRIEL DO OESTE;500769;6452116;CENTRO DE ESPECIALIDADES MEDICAS;F;04.05.2026;FERNANDACRISTINAALVES;04.05.2026;FERNANDACRISTINAALVES;30.00;CONFIRMADO;I20;01110123175;ELY DONIZETH DE ASSIS JUNIOR
665260733;0108001;0205010032;ECOCARDIOGRAMA TRANSTORACICO;01110123175;ELY DONIZETH DE ASSIS JUNIOR;05.05.2026;13:00;0;700004257001008;IZABEL DA SILVA;25.12.1956;69;834;FRANCISCA CANDIDA DA SILVA;RUA;SAO MANOEL;CASA;695;MILANI;79490000;(67)99903-5826;SAO GABRIEL DO OESTE;500769;SAO GABRIEL DO OESTE;500769;6452116;CENTRO DE ESPECIALIDADES MEDICAS;F;04.05.2026;FERNANDACRISTINAALVES;04.05.2026;FERNANDACRISTINAALVES;67.86;CONFIRMADO;I20;01110123175;ELY DONIZETH DE ASSIS JUNIOR
665260772;0077026;0205010040;ULTRA-SONOGRAFIA DOPPLER DE CAROTIDAS E VERTEBRAIS;01110123175;ELY DONIZETH DE ASSIS JUNIOR;05.05.2026;13:00;0;700004257001008;IZABEL DA SILVA;25.12.1956;69;834;FRANCISCA CANDIDA DA SILVA;RUA;SAO MANOEL;CASA;695;MILANI;79490000;(67)99903-5826;SAO GABRIEL DO OESTE;500769;SAO GABRIEL DO OESTE;500769;6452116;CENTRO DE ESPECIALIDADES MEDICAS;F;04.05.2026;FERNANDACRISTINAALVES;04.05.2026;FERNANDACRISTINAALVES;39.60;CONFIRMADO;I20;01110123175;ELY DONIZETH DE ASSIS JUNIOR
665261509;2300004;0301010072;CONSULTA EM CARDIOLOGIA;01110123175;ELY DONIZETH DE ASSIS JUNIOR;25.05.2026;07:30;1;700004257001008;IZABEL DA SILVA;25.12.1956;69;834;FRANCISCA CANDIDA DA SILVA;RUA;SAO MANOEL;CASA;695;MILANI;79490000;(67)99903-5826;SAO GABRIEL DO OESTE;500769;SAO GABRIEL DO OESTE;500769;6452116;CENTRO DE ESPECIALIDADES MEDICAS;F;04.05.2026;FERNANDACRISTINAALVES;04.05.2026;FERNANDACRISTINAALVES;10.00;CONFIRMADO;I20;01110123175;ELY DONIZETH DE ASSIS JUNIOR
665261916;0110002;0301010072;CONSULTA EM ORTOPEDIA - GERAL;89074033172;ROGERIO PADOVANI TOFFOLI;29.05.2026;14:00;0;700202449665822;MATHEUS MATOS CARVALHO;05.07.1999;27;324;OZENIR PIRES DE MATOS CARVALHO;RUA;CANARIOS;;369;JARDIM GRAMADO;79490000;(67)99989-4718;SAO GABRIEL DO OESTE;500769;SAO GABRIEL DO OESTE;500769;6452116;CENTRO DE ESPECIALIDADES MEDICAS;M;04.05.2026;PATRICKMASIAGA;04.05.2026;PATRICKMASIAGA;10.00;PENDENTE;Z016;08418818123;PATRICK RICHARD ARGUELHO MASIAGA
665264507;0015001;0301010072;CONSULTA EM OFTALMOLOGIA GERAL;45183520097;JONI HILDOR SCHWEICKARDT;14.05.2026;14:00;0;700505970872253;RAIMUNDO REBOLCAS DE FREITAS;12.02.1943;83;1000;RAIMUNDA MARTINS FREITAS;RUA;CURRUIRAS;;1789;JARDIM GRAMADO;79490000;(67)9947-2707;SAO GABRIEL DO OESTE;500769;SAO GABRIEL DO OESTE;500769;5971055;UNIDADE DE SAUDE DA FAMILIA VIII;M;04.05.2026;JESSICAPADILHA;04.05.2026;JESSICAPADILHA;10.00;CONFIRMADO;Z010;04805244160;RENNAN ORTIZ BUENO
665264962;0701224;0301010072;CONSULTA EM NEUROLOGIA - GERAL;22264073837;ANSELMO COSTA;27.05.2026;12:00;0;701000836486393;DORALICE BATISTA RIBEIRO;20.07.1950;75;911;BALBINA BATISTA DE JESUS;;;;;;;(67)99674-7010;;;SAO GABRIEL DO OESTE;500769;6452116;CENTRO DE ESPECIALIDADES MEDICAS;F;04.05.2026;FERNANDACRISTINAALVES;04.05.2026;FERNANDACRISTINAALVES;10.00;CONFIRMADO;Z00;22264073837;ANSELMO COSTA
665267866;0015001;0301010072;CONSULTA EM OFTALMOLOGIA GERAL;45183520097;JONI HILDOR SCHWEICKARDT;14.05.2026;14:00;0;702009380958189;CLEITON FERREIRA DA CUNHA;26.06.2000;26;312;CLARICE FERREIRA;FAZENDA;PATO BRANCO;;S/N;ZONA RURAL;79490000;(67)99641-6542;SAO GABRIEL DO OESTE;500769;SAO GABRIEL DO OESTE;500769;6452116;CENTRO DE ESPECIALIDADES MEDICAS;M;04.05.2026;PATRICKMASIAGA;04.05.2026;PATRICKMASIAGA;10.00;PENDENTE;Z016;08418818123;PATRICK RICHARD ARGUELHO MASIAGA
665274333;0108001;0205010032;ECOCARDIOGRAMA TRANSTORACICO;01110123175;ELY DONIZETH DE ASSIS JUNIOR;06.05.2026;09:00;0;706902179427633;PATRICIO VIEIRA DE FREITAS;04.11.1965;60;728;CONSTANTINA VIEIRA;RUA;CASTANHEIRA;CASA;247;SAO CRISTOVAO;79490000;(67)99961-3113;SAO GABRIEL DO OESTE;500769;SAO GABRIEL DO OESTE;500769;6452116;CENTRO DE ESPECIALIDADES MEDICAS;M;04.05.2026;PATRICKMASIAGA;04.05.2026;PATRICKMASIAGA;67.86;PENDENTE;Z016;01110123175;ELY DONIZETH DE ASSIS JUNIOR
665274681;1407044;0211020060;TESTE DE ESFORCO OU TESTE ERGOMETRICO;01110123175;ELY DONIZETH DE ASSIS JUNIOR;06.05.2026;13:00;0;706902179427633;PATRICIO VIEIRA DE FREITAS;04.11.1965;60;728;CONSTANTINA VIEIRA;RUA;CASTANHEIRA;CASA;247;SAO CRISTOVAO;79490000;(67)99961-3113;SAO GABRIEL DO OESTE;500769;SAO GABRIEL DO OESTE;500769;6452116;CENTRO DE ESPECIALIDADES MEDICAS;M;04.05.2026;PATRICKMASIAGA;04.05.2026;PATRICKMASIAGA;30.00;PENDENTE;Z016;01110123175;ELY DONIZETH DE ASSIS JUNIOR
665275293;0077026;0205010040;ULTRA-SONOGRAFIA DOPPLER DE CAROTIDAS E VERTEBRAIS;01110123175;ELY DONIZETH DE ASSIS JUNIOR;06.05.2026;09:00;0;706902179427633;PATRICIO VIEIRA DE FREITAS;04.11.1965;60;728;CONSTANTINA VIEIRA;RUA;CASTANHEIRA;CASA;247;SAO CRISTOVAO;79490000;(67)99961-3113;SAO GABRIEL DO OESTE;500769;SAO GABRIEL DO OESTE;500769;6452116;CENTRO DE ESPECIALIDADES MEDICAS;M;04.05.2026;PATRICKMASIAGA;04.05.2026;PATRICKMASIAGA;39.60;PENDENTE;Z016;01110123175;ELY DONIZETH DE ASSIS JUNIOR
665277957;0110002;0301010072;CONSULTA EM ORTOPEDIA - GERAL;89074033172;ROGERIO PADOVANI TOFFOLI;29.05.2026;14:00;0;705002024531259;SEVERINA NESELLO;01.05.1942;84;1010;VIRGINIA ZANFERARI;RUA;FRANCISCO MILANI;;1405;MILANI;79490000;(67)3295-1076 / (67)3295-1076;SAO GABRIEL DO OESTE;500769;SAO GABRIEL DO OESTE;500769;2370972;UNIDADE DE SAUDE DA FAMILIA MILANE II;F;04.05.2026;FLAVIA_RODRIGUES;04.05.2026;FLAVIA_RODRIGUES;10.00;PENDENTE;S325;83798633134;JOAO BAPTISTA BARBOSA SOUZA
665278179;0110002;0301010072;CONSULTA EM ORTOPEDIA - GERAL;89074033172;ROGERIO PADOVANI TOFFOLI;29.05.2026;14:00;0;702809132749760;JOSISLEINE APARECIDA RAMOS DE SA FLORENCIANO;06.05.1981;45;542;APARECIDA RAMOS DE SA;RUA;IRERE;;72;FENIX;79491084;(67)99625-9936;SAO GABRIEL DO OESTE;500769;SAO GABRIEL DO OESTE;500769;2370999;UNIDADE DE SAUDE DA FAMILIA FENIX IV;F;04.05.2026;GUSTAVO_PIAIA;04.05.2026;GUSTAVO_PIAIA;10.00;PENDENTE;M545;00703866176;ALCIDES EDUARDO EIBEL
665280155;1703204;0211020044;HOLTER 24 HORAS;01110123175;ELY DONIZETH DE ASSIS JUNIOR;14.05.2026;09:00;0;704302539284692;MARIA APARECIDA ANDRADE DA CUNHA DE MENEZES;08.01.1966;60;725;JORDINA ANDRADE DA CUNHA;FAZENDA;RECANTO FELIZ;;S/N;ZONA RURAL;79490000;(67)9914-1182;SAO GABRIEL DO OESTE;500769;SAO GABRIEL DO OESTE;500769;6452116;CENTRO DE ESPECIALIDADES MEDICAS;F;04.05.2026;PATRICKMASIAGA;04.05.2026;PATRICKMASIAGA;30.00;CONFIRMADO;Z016;01110123175;ELY DONIZETH DE ASSIS JUNIOR
665280388;1407044;0211020060;TESTE DE ESFORCO OU TESTE ERGOMETRICO;01110123175;ELY DONIZETH DE ASSIS JUNIOR;13.05.2026;13:00;0;704302539284692;MARIA APARECIDA ANDRADE DA CUNHA DE MENEZES;08.01.1966;60;725;JORDINA ANDRADE DA CUNHA;FAZENDA;RECANTO FELIZ;;S/N;ZONA RURAL;79490000;(67)9914-1182;SAO GABRIEL DO OESTE;500769;SAO GABRIEL DO OESTE;500769;6452116;CENTRO DE ESPECIALIDADES MEDICAS;F;04.05.2026;PATRICKMASIAGA;04.05.2026;PATRICKMASIAGA;30.00;CONFIRMADO;Z016;01110123175;ELY DONIZETH DE ASSIS JUNIOR
665281027;0108001;0205010032;ECOCARDIOGRAMA TRANSTORACICO;01110123175;ELY DONIZETH DE ASSIS JUNIOR;13.05.2026;09:00;0;704302539284692;MARIA APARECIDA ANDRADE DA CUNHA DE MENEZES;08.01.1966;60;725;JORDINA ANDRADE DA CUNHA;FAZENDA;RECANTO FELIZ;;S/N;ZONA RURAL;79490000;(67)9914-1182;SAO GABRIEL DO OESTE;500769;SAO GABRIEL DO OESTE;500769;6452116;CENTRO DE ESPECIALIDADES MEDICAS;F;04.05.2026;PATRICKMASIAGA;04.05.2026;PATRICKMASIAGA;67.86;CONFIRMADO;Z016;01110123175;ELY DONIZETH DE ASSIS JUNIOR
665281475;0701224;0301010072;CONSULTA EM NEUROLOGIA - GERAL;22264073837;ANSELMO COSTA;27.05.2026;14:00;0;700007260592901;MARIA ADRIANA DA COSTA RODRIGUES;30.11.1973;52;631;FRANCISCA MARIA SOUTO;RUA;5 DE OUTUBRO;;1581;FENIX;79491116;(47)99127-4797 / (67)99852-0117 / (67)99670-9949;SAO GABRIEL DO OESTE;500769;SAO GABRIEL DO OESTE;500769;2370999;UNIDADE DE SAUDE DA FAMILIA FENIX IV;F;04.05.2026;GUSTAVO_PIAIA;04.05.2026;GUSTAVO_PIAIA;10.00;CONFIRMADO;R51;96245646120;RAFAELLA MARIA COSTA GOIS DE FIGUEIREDO
665289488;1407044;0211020060;TESTE DE ESFORCO OU TESTE ERGOMETRICO;01110123175;ELY DONIZETH DE ASSIS JUNIOR;13.05.2026;13:00;0;701101344296280;AUXILIADORA JOSE DE OLIVEIRA;08.06.1970;56;672;ISABEL RODRIGUES ROMANO;RUA;ALAGOAS;CASA;2148;CENTRO;79490000;(67)99946-5099;SAO GABRIEL DO OESTE;500769;SAO GABRIEL DO OESTE;500769;6452116;CENTRO DE ESPECIALIDADES MEDICAS;F;04.05.2026;PATRICKMASIAGA;04.05.2026;PATRICKMASIAGA;30.00;CONFIRMADO;Z016;01110123175;ELY DONIZETH DE ASSIS JUNIOR
665289984;0505002;0211020052;MONITORIZACAO AMBULATORIAL DE PRESSAO ARTERIAL (M.A.P.A)                                            ;01110123175;ELY DONIZETH DE ASSIS JUNIOR;14.05.2026;09:00;0;701101344296280;AUXILIADORA JOSE DE OLIVEIRA;08.06.1970;56;672;ISABEL RODRIGUES ROMANO;RUA;ALAGOAS;CASA;2148;CENTRO;79490000;(67)99946-5099;SAO GABRIEL DO OESTE;500769;SAO GABRIEL DO OESTE;500769;6452116;CENTRO DE ESPECIALIDADES MEDICAS;F;04.05.2026;PATRICKMASIAGA;04.05.2026;PATRICKMASIAGA;10.07;CONFIRMADO;Z016;01110123175;ELY DONIZETH DE ASSIS JUNIOR
665290143;0015001;0301010072;CONSULTA EM OFTALMOLOGIA GERAL;45183520097;JONI HILDOR SCHWEICKARDT;14.05.2026;14:00;0;702601728406043;ODILIA MARIANA DA COSTA;29.10.1952;73;884;LUZIA MARIANA DA SILVA;RUA;GUANABARA;CASA;321;PRINCESA DO VALE;79420000;(67)99951-1673;CAMAPUA;500260;SAO GABRIEL DO OESTE;500769;7333218;UNIDADE DE SAUDE DA FAMILIA X;F;04.05.2026;RAISSASILVALIMA;04.05.2026;RAISSASILVALIMA;10.00;CONFIRMADO;H571;63805480172;CLEDSON PERETTI
665290632;0108001;0205010032;ECOCARDIOGRAMA TRANSTORACICO;01110123175;ELY DONIZETH DE ASSIS JUNIOR;13.05.2026;09:00;0;701101344296280;AUXILIADORA JOSE DE OLIVEIRA;08.06.1970;56;672;ISABEL RODRIGUES ROMANO;RUA;ALAGOAS;CASA;2148;CENTRO;79490000;(67)99946-5099;SAO GABRIEL DO OESTE;500769;SAO GABRIEL DO OESTE;500769;6452116;CENTRO DE ESPECIALIDADES MEDICAS;F;04.05.2026;PATRICKMASIAGA;04.05.2026;PATRICKMASIAGA;67.86;CONFIRMADO;Z016;01110123175;ELY DONIZETH DE ASSIS JUNIOR
665294444;1407044;0211020060;TESTE DE ESFORCO OU TESTE ERGOMETRICO;01110123175;ELY DONIZETH DE ASSIS JUNIOR;13.05.2026;09:00;0;898005910419554;ELIZABETH DEL CARMEN LOPEZ;05.07.1965;61;732;MARIA EMILIA LOPEZ;RUA;JOAQUIM MURTINHO;ACS NYELLE;965;JOSÉ CARRILHO ARANTES;79450000;(67)99907-2900;ROCHEDO;500750;SAO GABRIEL DO OESTE;500769;6452116;CENTRO DE ESPECIALIDADES MEDICAS;F;04.05.2026;PATRICKMASIAGA;04.05.2026;PATRICKMASIAGA;30.00;PENDENTE;Z016;01110123175;ELY DONIZETH DE ASSIS JUNIOR
665296386;0110002;0301010072;CONSULTA EM ORTOPEDIA - GERAL;00530001101;BRUNO PETINARI UMBELINO;04.05.2026;06:30;0;706802777730020;MARCIA PASQUALI DE LIMA;30.01.1973;53;641;JURSELI SEGALIN PASQUALI;RUA;BOA VENTURA FERREIRA ROSA;;1485;JARDIM ALVORADA;79490000;(21)2105-0000;SAO GABRIEL DO OESTE;500769;SAO GABRIEL DO OESTE;500769;6452116;CENTRO DE ESPECIALIDADES MEDICAS;F;04.05.2026;PATRICKMASIAGA;04.05.2026;VANIA_MARIANO;10.00;PENDENTE;Z016;00530001101;BRUNO PETINARI UMBELINO
665296985;0110002;0301010072;CONSULTA EM ORTOPEDIA - GERAL;00530001101;BRUNO PETINARI UMBELINO;04.05.2026;08:00;0;700000535642304;JOSE FREITAS DE OLIVEIRA;07.04.1975;51;615;IZANIR FRANCISCA DE OLIVEIRA;RUA;AZULAO;;1029;SÃO CRISTOVÃO;79490000;(67)99829-3361;SAO GABRIEL DO OESTE;500769;SAO GABRIEL DO OESTE;500769;6452116;CENTRO DE ESPECIALIDADES MEDICAS;M;04.05.2026;PATRICKMASIAGA;04.05.2026;VANIA_MARIANO;10.00;PENDENTE;Z016;00530001101;BRUNO PETINARI UMBELINO
665298946;0110002;0301010072;CONSULTA EM ORTOPEDIA - GERAL;00530001101;BRUNO PETINARI UMBELINO;04.05.2026;08:00;0;704106187807576;MIGUEL FERREIRA DA SILVA;22.11.2016;09;115;REGINA MACHADO FERREIRA;RUA;CORUJAS;CASA;607;FENIX;79490000;(67)99932-5195;SAO GABRIEL DO OESTE;500769;SAO GABRIEL DO OESTE;500769;6452116;CENTRO DE ESPECIALIDADES MEDICAS;M;04.05.2026;PATRICKMASIAGA;04.05.2026;VANIA_MARIANO;10.00;PENDENTE;Z016;00530001101;BRUNO PETINARI UMBELINO
665302235;0701224;0301010072;CONSULTA EM NEUROLOGIA - GERAL;22264073837;ANSELMO COSTA;27.05.2026;14:00;0;705400439480398;VALDETE AFONSO DOS SANTOS;19.04.1959;67;806;OLIVIA TEIXEIRA DOS SANTOS;AVENIDA;SAO FRANCISCO 2400/99998;NEMERO 3000;S/N;AMABILE MAFFISSONI;79490110;(67)99666-6888;SAO GABRIEL DO OESTE;500769;SAO GABRIEL DO OESTE;500769;6452116;CENTRO DE ESPECIALIDADES MEDICAS;M;04.05.2026;FERNANDACRISTINAALVES;04.05.2026;FERNANDACRISTINAALVES;10.00;CONFIRMADO;Z016;22264073837;ANSELMO COSTA
665306643;0701224;0301010072;CONSULTA EM NEUROLOGIA - GERAL;22264073837;ANSELMO COSTA;06.05.2026;12:00;0;703405200010913;VALDIVIA SOUSA PINHEIRO;07.08.1965;60;731;CELERINA MARIA DOS SANTOS;RUA;PELICANOS;;1581;JARDIM GRAMADO;79490000;(47)99658-3363 / (67)99842-7648;SAO GABRIEL DO OESTE;500769;SAO GABRIEL DO OESTE;500769;6452116;CENTRO DE ESPECIALIDADES MEDICAS;F;04.05.2026;PATRICKMASIAGA;04.05.2026;PATRICKMASIAGA;10.00;CONFIRMADO;Z016;08418818123;PATRICK RICHARD ARGUELHO MASIAGA
665312829;0505002;0211020052;MONITORIZACAO AMBULATORIAL DE PRESSAO ARTERIAL (M.A.P.A)                                            ;01110123175;ELY DONIZETH DE ASSIS JUNIOR;21.05.2026;09:00;0;704809542638248;ELAINE APARECIDA QUATROQUE BERNARDES;19.04.1980;46;554;MARIA IZILDA QUATROQUE BERNARDES;FAZENDA;XANADU;;S/N;RURAL;79490000;(67)99847-0808;SAO GABRIEL DO OESTE;500769;SAO GABRIEL DO OESTE;500769;6452116;CENTRO DE ESPECIALIDADES MEDICAS;F;04.05.2026;PATRICKMASIAGA;04.05.2026;PATRICKMASIAGA;10.07;CONFIRMADO;Z016;01110123175;ELY DONIZETH DE ASSIS JUNIOR
665313547;1407044;0211020060;TESTE DE ESFORCO OU TESTE ERGOMETRICO;01110123175;ELY DONIZETH DE ASSIS JUNIOR;20.05.2026;13:00;0;704809542638248;ELAINE APARECIDA QUATROQUE BERNARDES;19.04.1980;46;554;MARIA IZILDA QUATROQUE BERNARDES;FAZENDA;XANADU;;S/N;RURAL;79490000;(67)99847-0808;SAO GABRIEL DO OESTE;500769;SAO GABRIEL DO OESTE;500769;6452116;CENTRO DE ESPECIALIDADES MEDICAS;F;04.05.2026;PATRICKMASIAGA;04.05.2026;PATRICKMASIAGA;30.00;CONFIRMADO;Z016;01110123175;ELY DONIZETH DE ASSIS JUNIOR
665317042;0110002;0301010072;CONSULTA EM ORTOPEDIA - GERAL;93393539191;RODOLFO FABIANO NIZ BAREIRO;28.05.2026;12:30;0;704000848834760;ISAIAS RODRIGUES BENITES MORAES;30.01.1995;31;377;MARINES RODRIGUES BENITES MORAES;RUA;FENIX;;64;FENIX;79490000;(67)99629-0375;SAO GABRIEL DO OESTE;500769;SAO GABRIEL DO OESTE;500769;6354265;CENTRAL DE REGULACAO DE SAO GABRIEL DO OESTE;M;04.05.2026;VANIA_MARIANO;04.05.2026;VANIA_MARIANO;10.00;CONFIRMADO;Z00;00125300006;MEDICOS SUS
665317900;0110002;0301010072;CONSULTA EM ORTOPEDIA - GERAL;93393539191;RODOLFO FABIANO NIZ BAREIRO;28.05.2026;12:30;0;700402977956450;POLIANA DA ROSA OLIVEIRA;19.12.2003;22;270;ANA PAULA DA ROSA;RUA;LIVRO DO ECLESIASTES;CASA;S/N;MORADA DE DEUS;79400000;(67)99619-5113;COXIM;500330;SAO GABRIEL DO OESTE;500769;6354265;CENTRAL DE REGULACAO DE SAO GABRIEL DO OESTE;F;04.05.2026;VANIA_MARIANO;04.05.2026;VANIA_MARIANO;10.00;CONFIRMADO;Z016;00125300006;MEDICOS SUS
665318151;0127019;0205010032;ECODOPPLERCARDIOGRAMA COM ESTRESSE FARMACOLOGICO;01110123175;ELY DONIZETH DE ASSIS JUNIOR;04.05.2026;13:30;0;706006307607843;ERIALDO BARBOSA DE FRANCA;20.06.1977;49;588;LUIZA BARBOSA DE FRANCA;AVENIDA;CASTELO BRANCO;CASA;1933;PRIMO MAFFISSONI;79490000;(67)98421-2239;SAO GABRIEL DO OESTE;500769;SAO GABRIEL DO OESTE;500769;6452116;CENTRO DE ESPECIALIDADES MEDICAS;M;04.05.2026;ARI_CEM;04.05.2026;ARI_CEM;67.86;CONFIRMADO;I20;01110123175;ELY DONIZETH DE ASSIS JUNIOR
665318695;0110002;0301010072;CONSULTA EM ORTOPEDIA - GERAL;93393539191;RODOLFO FABIANO NIZ BAREIRO;28.05.2026;12:30;0;709002800685415;IRACEMA LOURDES TEODORO DE VARGAS;30.01.1962;64;773;EMILIA CORREA TEODORO;ACAMPAMENTO;ITAQUI;;76;RURAL;79490000;(67)99831-8203;SAO GABRIEL DO OESTE;500769;SAO GABRIEL DO OESTE;500769;6354265;CENTRAL DE REGULACAO DE SAO GABRIEL DO OESTE;F;04.05.2026;VANIA_MARIANO;04.05.2026;VANIA_MARIANO;10.00;CONFIRMADO;Z016;00125300006;MEDICOS SUS
665321016;0110002;0301010072;CONSULTA EM ORTOPEDIA - GERAL;93393539191;RODOLFO FABIANO NIZ BAREIRO;28.05.2026;12:30;0;706002831583741;SIPRIANO SOUZA VARGAS;01.09.1962;63;766;MANOELINHA SOUZA DE VARGAS;LOTEAMENTO;ITAQUI;LOTE;76;ZONA RURAL;79490000;(67)99831-8203;SAO GABRIEL DO OESTE;500769;SAO GABRIEL DO OESTE;500769;6354265;CENTRAL DE REGULACAO DE SAO GABRIEL DO OESTE;M;04.05.2026;VANIA_MARIANO;04.05.2026;VANIA_MARIANO;10.00;CONFIRMADO;Z016;00125300006;MEDICOS SUS
665321615;0110002;0301010072;CONSULTA EM ORTOPEDIA - GERAL;93393539191;RODOLFO FABIANO NIZ BAREIRO;28.05.2026;12:30;0;706803296608628;CELSO DO NASCIMENTO MONTESSI;08.06.1973;53;636;CONCEICAO DO NASCIMENTO MONTESSI;FAZENDA;TAQUARUSSU;;S/N;AREA RURAL DE SAO GABRIEL DO OESTE;79493899;(67)99929-6911;SAO GABRIEL DO OESTE;500769;SAO GABRIEL DO OESTE;500769;6354265;CENTRAL DE REGULACAO DE SAO GABRIEL DO OESTE;M;04.05.2026;VANIA_MARIANO;04.05.2026;VANIA_MARIANO;10.00;CONFIRMADO;Z016;00125300006;MEDICOS SUS
665322233;0015001;0301010072;CONSULTA EM OFTALMOLOGIA GERAL;45183520097;JONI HILDOR SCHWEICKARDT;14.05.2026;14:00;0;700001926265410;DAIANE ALVES FREITAS;15.12.1987;38;462;EVA ALVES FREITAS;RUA;ESPIRITO SANTO;;2724;PRIMO MAFFISSONI;79490000;(67)99614-8987;SAO GABRIEL DO OESTE;500769;SAO GABRIEL DO OESTE;500769;2599376;UNIDADE DE SAUDE DA FAMILIA VI;F;04.05.2026;MARIANA_MARTINS;04.05.2026;MARIANA_MARTINS;10.00;PENDENTE;H00;06437691107;MAIARA FLORES SCARIOT
665329781;0110002;0301010072;CONSULTA EM ORTOPEDIA - GERAL;93393539191;RODOLFO FABIANO NIZ BAREIRO;28.05.2026;16:00;0;703304211737410;BEATRIZ GASPAROTTO;25.09.1955;70;849;AVELINA RIZZI;RUA;PIRATINI;CASA;297;MILANI;79492098;(67)99625-9916;SAO GABRIEL DO OESTE;500769;SAO GABRIEL DO OESTE;500769;6354265;CENTRAL DE REGULACAO DE SAO GABRIEL DO OESTE;F;04.05.2026;VANIA_MARIANO;04.05.2026;VANIA_MARIANO;10.00;CONFIRMADO;Z016;00125300006;MEDICOS SUS
665330079;1703204;0211020044;HOLTER 24 HORAS;01110123175;ELY DONIZETH DE ASSIS JUNIOR;21.05.2026;09:00;0;703608016416237;MILTON MARTINS DA SILVA;31.08.1973;52;634;MARIA APARECIDA MARTINS;RUA;ARAÇA;;395;FLOR DO CERRADO;79490000;(67)9924-4933;SAO GABRIEL DO OESTE;500769;SAO GABRIEL DO OESTE;500769;6452116;CENTRO DE ESPECIALIDADES MEDICAS;M;04.05.2026;PATRICKMASIAGA;04.05.2026;PATRICKMASIAGA;30.00;CONFIRMADO;Z016;01110123175;ELY DONIZETH DE ASSIS JUNIOR
665330347;0110002;0301010072;CONSULTA EM ORTOPEDIA - GERAL;93393539191;RODOLFO FABIANO NIZ BAREIRO;28.05.2026;16:00;0;706804781209226;MAICON JONAS SOUZA ESCOBAR;17.01.1991;35;425;MARIA DERALDINA DE SOUZA SIQUEIRA;RUA;PATATIVAS;;298;CONJ FENIX;79490000;(67)9675-0913;SAO GABRIEL DO OESTE;500769;SAO GABRIEL DO OESTE;500769;6354265;CENTRAL DE REGULACAO DE SAO GABRIEL DO OESTE;M;04.05.2026;VANIA_MARIANO;04.05.2026;VANIA_MARIANO;10.00;PENDENTE;Z016;00125300006;MEDICOS SUS
665330513;0505002;0211020052;MONITORIZACAO AMBULATORIAL DE PRESSAO ARTERIAL (M.A.P.A)                                            ;01110123175;ELY DONIZETH DE ASSIS JUNIOR;21.05.2026;13:00;0;703608016416237;MILTON MARTINS DA SILVA;31.08.1973;52;634;MARIA APARECIDA MARTINS;RUA;ARAÇA;;395;FLOR DO CERRADO;79490000;(67)9924-4933;SAO GABRIEL DO OESTE;500769;SAO GABRIEL DO OESTE;500769;6452116;CENTRO DE ESPECIALIDADES MEDICAS;M;04.05.2026;PATRICKMASIAGA;04.05.2026;PATRICKMASIAGA;10.07;CONFIRMADO;Z016;01110123175;ELY DONIZETH DE ASSIS JUNIOR
665332489;0110002;0301010072;CONSULTA EM ORTOPEDIA - GERAL;93393539191;RODOLFO FABIANO NIZ BAREIRO;28.05.2026;16:00;0;702009302640486;MARILENE ARBO BONES;22.07.1978;47;575;ADELAIDE BONES;RUA;GREGORIANA 1/99998;CASA 07;609;SANTA LUZIA;79490196;(67)99668-5092;SAO GABRIEL DO OESTE;500769;SAO GABRIEL DO OESTE;500769;6354265;CENTRAL DE REGULACAO DE SAO GABRIEL DO OESTE;F;04.05.2026;VANIA_MARIANO;04.05.2026;VANIA_MARIANO;10.00;CONFIRMADO;Z016;00125300006;MEDICOS SUS
665334544;0110002;0301010072;CONSULTA EM ORTOPEDIA - GERAL;93393539191;RODOLFO FABIANO NIZ BAREIRO;28.05.2026;16:00;0;708909754863719;ADRIANO RIBEIRO DOS SANTOS;20.08.1991;34;418;CREUZA RIBEIRO DOS SANTOS;RUA;JURITI;CASA;101;FENIX;79490000;(67)99926-4113;SAO GABRIEL DO OESTE;500769;SAO GABRIEL DO OESTE;500769;6354265;CENTRAL DE REGULACAO DE SAO GABRIEL DO OESTE;M;04.05.2026;VANIA_MARIANO;04.05.2026;VANIA_MARIANO;10.00;PENDENTE;Z016;00125300006;MEDICOS SUS
665343443;0015001;0301010072;CONSULTA EM OFTALMOLOGIA GERAL;45183520097;JONI HILDOR SCHWEICKARDT;14.05.2026;16:00;0;705407495196590;CLEONICE CORREA TEIXEIRA;11.01.1972;54;653;MARIA LUCIA CORREA;RUA;SANTA INES;CASA;511;MILANI;79490000;(67)9652-9565;SAO GABRIEL DO OESTE;500769;SAO GABRIEL DO OESTE;500769;2370972;UNIDADE DE SAUDE DA FAMILIA MILANE II;F;04.05.2026;FLAVIA_RODRIGUES;04.05.2026;FLAVIA_RODRIGUES;10.00;CONFIRMADO;Z010;83798633134;JOAO BAPTISTA BARBOSA SOUZA
665344251;0701224;0301010072;CONSULTA EM NEUROLOGIA - GERAL;22264073837;ANSELMO COSTA;27.05.2026;14:00;0;705407495196590;CLEONICE CORREA TEIXEIRA;11.01.1972;54;653;MARIA LUCIA CORREA;RUA;SANTA INES;CASA;511;MILANI;79490000;(67)9652-9565;SAO GABRIEL DO OESTE;500769;SAO GABRIEL DO OESTE;500769;2370972;UNIDADE DE SAUDE DA FAMILIA MILANE II;F;04.05.2026;FLAVIA_RODRIGUES;04.05.2026;FLAVIA_RODRIGUES;10.00;PENDENTE;R42;83798633134;JOAO BAPTISTA BARBOSA SOUZA
665350156;0108001;0205010032;ECOCARDIOGRAMA TRANSTORACICO;01110123175;ELY DONIZETH DE ASSIS JUNIOR;13.05.2026;09:00;0;703608016416237;MILTON MARTINS DA SILVA;31.08.1973;52;634;MARIA APARECIDA MARTINS;RUA;ARAÇA;;395;FLOR DO CERRADO;79490000;(67)9924-4933;SAO GABRIEL DO OESTE;500769;SAO GABRIEL DO OESTE;500769;6452116;CENTRO DE ESPECIALIDADES MEDICAS;M;04.05.2026;PATRICKMASIAGA;04.05.2026;PATRICKMASIAGA;67.86;CONFIRMADO;Z016;08418818123;PATRICK RICHARD ARGUELHO MASIAGA
665378602;3100027;0207020027;RESSONANCIA MAGNETICA DE OMBRO DIREITO;00125300006;MEDICOS SUS;06.05.2026;13:00;0;706507305410593;ILMA ROCHA PEREIRA;22.06.1966;60;720;EURIPEDES PEREIRA DA SILVA;RUA;DAS PERDIZES;;549;JARDIM GRAMADO;79491048;(67)99819-2160;SAO GABRIEL DO OESTE;500769;SAO GABRIEL DO OESTE;500769;6354265;CENTRAL DE REGULACAO DE SAO GABRIEL DO OESTE;F;04.05.2026;CLEIDIANE_REGULADOR;04.05.2026;CLEIDIANE_REGULADOR;268.75;CONFIRMADO;M751;;NELSON BARBOSA TAVARES FILHO
665405240;1712011;0211080055;ESPIROMETRIA;09028429603;BERNARDO MEDEIROS MAIA;14.05.2026;07:30;0;700007917823606;ANA PAULA ARAUJO VIEIRA;10.07.2012;13;167;ROSALINA PEREIRA DE ARAUJO;RUA;SARACURA;;227;JARDIM GRAMADO;79490000;(67)99915-4675;SAO GABRIEL DO OESTE;500769;SAO GABRIEL DO OESTE;500769;6354265;CENTRAL DE REGULACAO DE SAO GABRIEL DO OESTE;F;04.05.2026;CLEIDIANE_REGULACAO;07.05.2026;CLEIDIANE_REGULADOR;6.36;CONFIRMADO;J45;;BERNARDO MEDEIROS MAIA
665410081;0015001;0301010072;CONSULTA EM OFTALMOLOGIA GERAL;45183520097;JONI HILDOR SCHWEICKARDT;14.05.2026;16:00;0;706107089580760;NOELI DA SILVA BELEM;18.02.1972;54;652;ELZA VIEIRA DE ALMEIDA BELEM;AVENIDA;CASTELO BRANCO;CASA 2;321;CENTRO;79490000;(67)99938-2227;SAO GABRIEL DO OESTE;500769;SAO GABRIEL DO OESTE;500769;6452116;CENTRO DE ESPECIALIDADES MEDICAS;F;04.05.2026;FERNANDACRISTINAALVES;04.05.2026;FERNANDACRISTINAALVES;10.00;PENDENTE;Z016;03084336105;JOAO PEDRO ARANTES DA CUNHA
665414578;0320003;0211020036;ELETROCARDIOGRAMA;01110123175;ELY DONIZETH DE ASSIS JUNIOR;05.05.2026;14:00;0;705606408476112;NILTON CESAR ANTONIO CORREA;19.12.1972;53;642;HELENA ANTONIO FERREIRA LINO;RUA;TULIO ALVES QUITO;;72;GUANANDI;79086140;(67)99300-3355;CAMPO GRANDE;500270;SAO GABRIEL DO OESTE;500769;2599376;UNIDADE DE SAUDE DA FAMILIA VI;M;04.05.2026;MARIANA_MARTINS;04.05.2026;MARIANA_MARTINS;5.15;PENDENTE;I10;06437691107;MAIARA FLORES SCARIOT
665415004;1712011;0211080055;ESPIROMETRIA;09028429603;BERNARDO MEDEIROS MAIA;08.05.2026;07:30;0;708001395071721;MARIA PINHEIRO MONTESSI;07.10.1953;72;873;ANA BARBOSA DOS SANTOS;RUA;ANHUMAS;;1087;JARDIM GRAMADO;79490000;(67)9953-8891;SAO GABRIEL DO OESTE;500769;SAO GABRIEL DO OESTE;500769;6354265;CENTRAL DE REGULACAO DE SAO GABRIEL DO OESTE;F;04.05.2026;ELISANGELATEIXEIRA;07.05.2026;CLEIDIANE_REGULADOR;6.36;CONFIRMADO;J448;;BERNARDO MEDEIROS MAIA
665428276;0701224;0301010072;CONSULTA EM NEUROLOGIA - GERAL;22264073837;ANSELMO COSTA;26.05.2026;07:00;0;704003866528563;JOAO MARIA DUARTE;26.06.1938;88;1056;ITALIA DUARTE;RUA;ALAGOAS 1/2399;;2094;PRIMO MAFFISSONI;79490258;(67)99614-8328;SAO GABRIEL DO OESTE;500769;SAO GABRIEL DO OESTE;500769;2599376;UNIDADE DE SAUDE DA FAMILIA VI;M;04.05.2026;MARIANA_MARTINS;05.05.2026;VANIA_MARIANO;10.00;PENDENTE;G44;;CAROLINE DELLABETA
665434645;0701224;0301010072;CONSULTA EM NEUROLOGIA - GERAL;22264073837;ANSELMO COSTA;27.05.2026;14:00;0;706808243320624;MARA RUTE DOS ANJOS DE OLIVEIRA;17.04.1981;45;542;IRACILDA LEMES DOS ANJOS DE OLIVEIRA;RUA;ANHUMAS;;907;JARDIM GRAMADO;79490000;(67)99609-5233;SAO GABRIEL DO OESTE;500769;SAO GABRIEL DO OESTE;500769;2599376;UNIDADE DE SAUDE DA FAMILIA VI;F;04.05.2026;MARIANA_MARTINS;04.05.2026;MARIANA_MARTINS;10.00;CONFIRMADO;R938;06437691107;MAIARA FLORES SCARIOT
665457885;0320003;0211020036;ELETROCARDIOGRAMA;01110123175;ELY DONIZETH DE ASSIS JUNIOR;05.05.2026;08:00;0;702508371167934;ELIBERTO CARMO DO NASCIMENTO;21.12.1966;59;714;MARIA DO CARMO NASCIMENTO;RUA;G;;355;CIDADE JARDIM;79492126;(67)99820-2955;SAO GABRIEL DO OESTE;500769;SAO GABRIEL DO OESTE;500769;2370972;UNIDADE DE SAUDE DA FAMILIA MILANE II;M;04.05.2026;FLAVIA_RODRIGUES;04.05.2026;FLAVIA_RODRIGUES;5.15;PENDENTE;R202;02453491113;MILENA GUEDIN VARGAS
665458583;0701224;0301010072;CONSULTA EM NEUROLOGIA - GERAL;22264073837;ANSELMO COSTA;27.05.2026;14:00;0;702508371167934;ELIBERTO CARMO DO NASCIMENTO;21.12.1966;59;714;MARIA DO CARMO NASCIMENTO;RUA;G;;355;CIDADE JARDIM;79492126;(67)99820-2955;SAO GABRIEL DO OESTE;500769;SAO GABRIEL DO OESTE;500769;2370972;UNIDADE DE SAUDE DA FAMILIA MILANE II;M;04.05.2026;FLAVIA_RODRIGUES;04.05.2026;FLAVIA_RODRIGUES;10.00;CONFIRMADO;R202;02453491113;MILENA GUEDIN VARGAS
665461613;0701224;0301010072;CONSULTA EM NEUROLOGIA - GERAL;22264073837;ANSELMO COSTA;27.05.2026;14:00;0;705005234464259;NOREMY CARLA ZONZINI LATTANZIO;22.01.1969;57;689;EMY ROCELLI ZONZINI;RUA;GOIAS;;1609;CENTRO;79490000;(44)98402-5737;SAO GABRIEL DO OESTE;500769;SAO GABRIEL DO OESTE;500769;6452116;CENTRO DE ESPECIALIDADES MEDICAS;F;04.05.2026;PATRICKMASIAGA;04.05.2026;PATRICKMASIAGA;10.00;CONFIRMADO;Z000;22264073837;ANSELMO COSTA
665464712;0701224;0301010072;CONSULTA EM NEUROLOGIA - GERAL;22264073837;ANSELMO COSTA;27.05.2026;07:00;0;705001827703259;DIRCEU GUEDIN;12.05.1959;67;805;ORTENILA BATTISTI GUEDIN;RUA;BOA VENTURA FERREIRA ROSA;;1556;JD ALVORADA;79490000;(61)3315-2425;SAO GABRIEL DO OESTE;500769;SAO GABRIEL DO OESTE;500769;6452116;CENTRO DE ESPECIALIDADES MEDICAS;M;04.05.2026;FERNANDACRISTINAALVES;04.05.2026;FERNANDACRISTINAALVES;10.00;CONFIRMADO;Z016;22264073837;ANSELMO COSTA
665467398;0701224;0301010072;CONSULTA EM NEUROLOGIA - GERAL;22264073837;ANSELMO COSTA;27.05.2026;12:00;0;703102389222860;DANIELLY CRISTINA SOUZA PINHEIRO MARIA;30.03.1999;27;327;SILVIA MIRANDA SOUZA BERNARDES;RUA;DAS ARARAS;CASA;1785;FENIX;79491102;(67)99849-0198 / (67)99658-5648;SAO GABRIEL DO OESTE;500769;SAO GABRIEL DO OESTE;500769;6452116;CENTRO DE ESPECIALIDADES MEDICAS;F;04.05.2026;PATRICKMASIAGA;04.05.2026;PATRICKMASIAGA;10.00;CONFIRMADO;Z000;22264073837;ANSELMO COSTA
665491136;0110002;0301010072;CONSULTA EM ORTOPEDIA - GERAL;89074033172;ROGERIO PADOVANI TOFFOLI;08.05.2026;14:00;0;705006621662950;ANTONIO JORGE DA SILVA;30.05.1963;63;757;DORVALINA SANTANA DA SILVA;AVENIDA;MATO GROSSO DO SUL;;2472;CENTRO;79490000;(67)3295-3736 / (67)99940-3649;SAO GABRIEL DO OESTE;500769;SAO GABRIEL DO OESTE;500769;6452116;CENTRO DE ESPECIALIDADES MEDICAS;M;04.05.2026;ARI_CEM;05.05.2026;VANIA_MARIANO;10.00;PENDENTE;Z016;89074033172;ROGERIO PADOVANI TOFFOLI
665500539;0320003;0211020036;ELETROCARDIOGRAMA;01110123175;ELY DONIZETH DE ASSIS JUNIOR;05.05.2026;08:00;0;704605648896028;GABRIEL SILVA DE ALMEIDA;06.09.2003;22;274;SOLENIR SOARES DA SILVA;RUA;PIRATINI;;484;MILANI;79492098;(67)98114-9527;SAO GABRIEL DO OESTE;500769;SAO GABRIEL DO OESTE;500769;2370972;UNIDADE DE SAUDE DA FAMILIA MILANE II;M;04.05.2026;FLAVIA_RODRIGUES;04.05.2026;FLAVIA_RODRIGUES;5.15;PENDENTE;M791;83798633134;JOAO BAPTISTA BARBOSA SOUZA
665503213;3500023;0206010060;TOMOGRAFIA COMPUTADORIZADA  DE CRANIO SEM CONTRASTE;00125300006;MEDICOS SUS;05.05.2026;08:45;0;705003037027652;ALICE DE SOUZA LIMA;27.08.1986;39;478;FATIMA APARECIDA FRANCISCO SOUZA DE LIMA;RUA;PARANA;CASA 01;475;JARDIM ALVORADA;79490000;(67)99655-2464;SAO GABRIEL DO OESTE;500769;SAO GABRIEL DO OESTE;500769;6354265;CENTRAL DE REGULACAO DE SAO GABRIEL DO OESTE;F;04.05.2026;CLEIDIANE_REGULADOR;04.05.2026;CLEIDIANE_REGULADOR;97.44;PENDENTE;V284;;MAIARA FLORES SCARIOT
665503409;3500023;0206010060;TOMOGRAFIA COMPUTADORIZADA  DE CRANIO SEM CONTRASTE;00125300006;MEDICOS SUS;05.05.2026;08:45;0;704003866528563;JOAO MARIA DUARTE;26.06.1938;88;1056;ITALIA DUARTE;RUA;ALAGOAS 1/2399;;2094;PRIMO MAFFISSONI;79490258;(67)99614-8328;SAO GABRIEL DO OESTE;500769;SAO GABRIEL DO OESTE;500769;6354265;CENTRAL DE REGULACAO DE SAO GABRIEL DO OESTE;M;04.05.2026;CLEIDIANE_REGULADOR;04.05.2026;CLEIDIANE_REGULADOR;97.44;PENDENTE;R51;;MAIARA FLORES SCARIOT
665544853;0701224;0301010072;CONSULTA EM NEUROLOGIA - GERAL;22264073837;ANSELMO COSTA;27.05.2026;07:00;0;704606108609429;SELVA DA COSTA DELMONDES;22.06.1951;75;900;OSVALDINA NUNES DA COSTA;RUA;FRANCISCO MILANI;;1740;MILANI;79490000;(67)3295-3355;SAO GABRIEL DO OESTE;500769;SAO GABRIEL DO OESTE;500769;2370972;UNIDADE DE SAUDE DA FAMILIA MILANE II;F;05.05.2026;FLAVIA_RODRIGUES;05.05.2026;FLAVIA_RODRIGUES;10.00;CONFIRMADO;G20;02453491113;MILENA GUEDIN VARGAS
665553587;0077026;0205010040;ULTRA-SONOGRAFIA DOPPLER DE CAROTIDAS E VERTEBRAIS;01110123175;ELY DONIZETH DE ASSIS JUNIOR;13.05.2026;09:00;0;709209275078331;MAIRIS SUBTIL DOS SANTOS;29.04.1950;76;914;MARIA SUBTIL DOS SANTOS;RUA;PAPAGAIO;CASA 670/1;670;JARDIM GRAMADO;79491032;(67)98224-7557 / (67)99890-4809;SAO GABRIEL DO OESTE;500769;SAO GABRIEL DO OESTE;500769;6452116;CENTRO DE ESPECIALIDADES MEDICAS;F;05.05.2026;FERNANDACRISTINAALVES;05.05.2026;FERNANDACRISTINAALVES;39.60;CONFIRMADO;I10;01110123175;ELY DONIZETH DE ASSIS JUNIOR
665554653;0108001;0205010032;ECOCARDIOGRAMA TRANSTORACICO;01110123175;ELY DONIZETH DE ASSIS JUNIOR;06.05.2026;13:00;0;709209275078331;MAIRIS SUBTIL DOS SANTOS;29.04.1950;76;914;MARIA SUBTIL DOS SANTOS;RUA;PAPAGAIO;CASA 670/1;670;JARDIM GRAMADO;79491032;(67)98224-7557 / (67)99890-4809;SAO GABRIEL DO OESTE;500769;SAO GABRIEL DO OESTE;500769;6452116;CENTRO DE ESPECIALIDADES MEDICAS;F;05.05.2026;FERNANDACRISTINAALVES;05.05.2026;FERNANDACRISTINAALVES;67.86;CONFIRMADO;I10;01110123175;ELY DONIZETH DE ASSIS JUNIOR
665555061;1407044;0211020060;TESTE DE ESFORCO OU TESTE ERGOMETRICO;01110123175;ELY DONIZETH DE ASSIS JUNIOR;13.05.2026;09:00;0;709209275078331;MAIRIS SUBTIL DOS SANTOS;29.04.1950;76;914;MARIA SUBTIL DOS SANTOS;RUA;PAPAGAIO;CASA 670/1;670;JARDIM GRAMADO;79491032;(67)98224-7557 / (67)99890-4809;SAO GABRIEL DO OESTE;500769;SAO GABRIEL DO OESTE;500769;6452116;CENTRO DE ESPECIALIDADES MEDICAS;F;05.05.2026;FERNANDACRISTINAALVES;05.05.2026;FERNANDACRISTINAALVES;30.00;CONFIRMADO;I10;01110123175;ELY DONIZETH DE ASSIS JUNIOR
665556007;0505002;0211020052;MONITORIZACAO AMBULATORIAL DE PRESSAO ARTERIAL (M.A.P.A)                                            ;01110123175;ELY DONIZETH DE ASSIS JUNIOR;07.05.2026;13:00;0;700105920627011;MANUEL PEREIRA DA COSTA;22.08.1961;64;778;JOSEFA DE JESUS;RUA;ALAGOAS;;2349;CENTRO;79490000;(67)3295-5325 / (67)99952-6652;SAO GABRIEL DO OESTE;500769;SAO GABRIEL DO OESTE;500769;6452116;CENTRO DE ESPECIALIDADES MEDICAS;M;05.05.2026;FERNANDACRISTINAALVES;05.05.2026;FERNANDACRISTINAALVES;10.07;PENDENTE;I10;01110123175;ELY DONIZETH DE ASSIS JUNIOR
665556900;1703204;0211020044;HOLTER 24 HORAS;01110123175;ELY DONIZETH DE ASSIS JUNIOR;08.05.2026;13:00;0;700105920627011;MANUEL PEREIRA DA COSTA;22.08.1961;64;778;JOSEFA DE JESUS;RUA;ALAGOAS;;2349;CENTRO;79490000;(67)3295-5325 / (67)99952-6652;SAO GABRIEL DO OESTE;500769;SAO GABRIEL DO OESTE;500769;6452116;CENTRO DE ESPECIALIDADES MEDICAS;M;05.05.2026;FERNANDACRISTINAALVES;05.05.2026;FERNANDACRISTINAALVES;30.00;PENDENTE;I10;01110123175;ELY DONIZETH DE ASSIS JUNIOR
665557470;0108001;0205010032;ECOCARDIOGRAMA TRANSTORACICO;01110123175;ELY DONIZETH DE ASSIS JUNIOR;05.05.2026;09:00;0;700105920627011;MANUEL PEREIRA DA COSTA;22.08.1961;64;778;JOSEFA DE JESUS;RUA;ALAGOAS;;2349;CENTRO;79490000;(67)3295-5325 / (67)99952-6652;SAO GABRIEL DO OESTE;500769;SAO GABRIEL DO OESTE;500769;6452116;CENTRO DE ESPECIALIDADES MEDICAS;M;05.05.2026;FERNANDACRISTINAALVES;05.05.2026;FERNANDACRISTINAALVES;67.86;CONFIRMADO;I10;01110123175;ELY DONIZETH DE ASSIS JUNIOR
665557900;1407044;0211020060;TESTE DE ESFORCO OU TESTE ERGOMETRICO;01110123175;ELY DONIZETH DE ASSIS JUNIOR;05.05.2026;13:00;0;700105920627011;MANUEL PEREIRA DA COSTA;22.08.1961;64;778;JOSEFA DE JESUS;RUA;ALAGOAS;;2349;CENTRO;79490000;(67)3295-5325 / (67)99952-6652;SAO GABRIEL DO OESTE;500769;SAO GABRIEL DO OESTE;500769;6452116;CENTRO DE ESPECIALIDADES MEDICAS;M;05.05.2026;FERNANDACRISTINAALVES;05.05.2026;FERNANDACRISTINAALVES;30.00;CONFIRMADO;I10;01110123175;ELY DONIZETH DE ASSIS JUNIOR
665560248;0505002;0211020052;MONITORIZACAO AMBULATORIAL DE PRESSAO ARTERIAL (M.A.P.A)                                            ;01110123175;ELY DONIZETH DE ASSIS JUNIOR;07.05.2026;13:00;0;700505371406654;MATURINO ALVES RODRIGUES;06.07.1952;74;888;MARIA ANTONIA RODRIGUES;RUA;CURICACA 1466/99999;;1698;FENIX;79491080;(67)99907-1978;SAO GABRIEL DO OESTE;500769;SAO GABRIEL DO OESTE;500769;6452116;CENTRO DE ESPECIALIDADES MEDICAS;M;05.05.2026;FERNANDACRISTINAALVES;05.05.2026;FERNANDACRISTINAALVES;10.07;CONFIRMADO;I10;01110123175;ELY DONIZETH DE ASSIS JUNIOR
665561507;0108001;0205010032;ECOCARDIOGRAMA TRANSTORACICO;01110123175;ELY DONIZETH DE ASSIS JUNIOR;06.05.2026;13:00;0;700505371406654;MATURINO ALVES RODRIGUES;06.07.1952;74;888;MARIA ANTONIA RODRIGUES;RUA;CURICACA 1466/99999;;1698;FENIX;79491080;(67)99907-1978;SAO GABRIEL DO OESTE;500769;SAO GABRIEL DO OESTE;500769;6452116;CENTRO DE ESPECIALIDADES MEDICAS;M;05.05.2026;FERNANDACRISTINAALVES;05.05.2026;FERNANDACRISTINAALVES;67.86;CONFIRMADO;I10;01110123175;ELY DONIZETH DE ASSIS JUNIOR
665563165;1407044;0211020060;TESTE DE ESFORCO OU TESTE ERGOMETRICO;01110123175;ELY DONIZETH DE ASSIS JUNIOR;13.05.2026;13:00;0;700505371406654;MATURINO ALVES RODRIGUES;06.07.1952;74;888;MARIA ANTONIA RODRIGUES;RUA;CURICACA 1466/99999;;1698;FENIX;79491080;(67)99907-1978;SAO GABRIEL DO OESTE;500769;SAO GABRIEL DO OESTE;500769;6452116;CENTRO DE ESPECIALIDADES MEDICAS;M;05.05.2026;FERNANDACRISTINAALVES;05.05.2026;FERNANDACRISTINAALVES;30.00;CONFIRMADO;I10;01110123175;ELY DONIZETH DE ASSIS JUNIOR
665564229;0015001;0301010072;CONSULTA EM OFTALMOLOGIA GERAL;45183520097;JONI HILDOR SCHWEICKARDT;14.05.2026;16:00;0;705601411098919;AGDA CRISTINA DE MATOS RIBEIRO;03.11.1993;32;392;MARIA JOSE DE MATOS;RUA;BEIJA-FLOR 1/99998;CASA;1192;FENIX;79491120;(67)99928-2458 / (67)99636-5006;SAO GABRIEL DO OESTE;500769;SAO GABRIEL DO OESTE;500769;2370999;UNIDADE DE SAUDE DA FAMILIA FENIX IV;F;05.05.2026;GUSTAVO_PIAIA;05.05.2026;GUSTAVO_PIAIA;10.00;CONFIRMADO;Z010;96245646120;RAFAELLA MARIA COSTA GOIS DE FIGUEIREDO
665566390;0320003;0211020036;ELETROCARDIOGRAMA;01110123175;ELY DONIZETH DE ASSIS JUNIOR;06.05.2026;08:00;0;700407430917748;CLAUDIA GOMES PEDROSO;07.07.1983;43;516;MARINEY GOMES DA SILVA;RUA;DONA ELVIRA;CASA 2;1506;MILANI;79490166;(67)99877-9299;SAO GABRIEL DO OESTE;500769;SAO GABRIEL DO OESTE;500769;2370972;UNIDADE DE SAUDE DA FAMILIA MILANE II;F;05.05.2026;FLAVIA_RODRIGUES;05.05.2026;FLAVIA_RODRIGUES;5.15;PENDENTE;Z48;02453491113;MILENA GUEDIN VARGAS
665567034;0015001;0301010072;CONSULTA EM OFTALMOLOGIA GERAL;45183520097;JONI HILDOR SCHWEICKARDT;14.05.2026;16:00;0;708600583139684;LUIZ ANHANI;08.05.1954;72;865;LAVINIA ANTONIO ANHANI;FAZENDA;ESPERANÇA;;S/N;RURAL;79490000;(61)3315-2425;SAO GABRIEL DO OESTE;500769;SAO GABRIEL DO OESTE;500769;5971055;UNIDADE DE SAUDE DA FAMILIA VIII;M;05.05.2026;JESSICAPADILHA;05.05.2026;JESSICAPADILHA;10.00;CONFIRMADO;Z010;04805244160;RENNAN ORTIZ BUENO
665567090;1703204;0211020044;HOLTER 24 HORAS;01110123175;ELY DONIZETH DE ASSIS JUNIOR;29.05.2026;09:00;0;700804407432788;JOAO BATISTA SOBRINHO;18.07.1962;63;767;LEOCARDINA MARIA DE JESUS;RUA;DO COMÉRCIO;DISTRITO AREADO;S/N;ZONA RURAL;79490000;(67)99991-0760;SAO GABRIEL DO OESTE;500769;SAO GABRIEL DO OESTE;500769;6354265;CENTRAL DE REGULACAO DE SAO GABRIEL DO OESTE;M;05.05.2026;ARILENE_SAOGABRIEL;19.05.2026;VANIA_MARIANO;30.00;PENDENTE;Z016;65742103653;SOLICITANTE_SAO GABRIEL DO OESTE
665567371;0077026;0205010040;ULTRA-SONOGRAFIA DOPPLER DE CAROTIDAS E VERTEBRAIS;01110123175;ELY DONIZETH DE ASSIS JUNIOR;06.05.2026;09:00;0;700505371406654;MATURINO ALVES RODRIGUES;06.07.1952;74;888;MARIA ANTONIA RODRIGUES;RUA;CURICACA 1466/99999;;1698;FENIX;79491080;(67)99907-1978;SAO GABRIEL DO OESTE;500769;SAO GABRIEL DO OESTE;500769;6452116;CENTRO DE ESPECIALIDADES MEDICAS;M;05.05.2026;FERNANDACRISTINAALVES;05.05.2026;FERNANDACRISTINAALVES;39.60;CONFIRMADO;I10;01110123175;ELY DONIZETH DE ASSIS JUNIOR
665569431;0108001;0205010032;ECOCARDIOGRAMA TRANSTORACICO;01110123175;ELY DONIZETH DE ASSIS JUNIOR;19.05.2026;09:00;0;700804407432788;JOAO BATISTA SOBRINHO;18.07.1962;63;767;LEOCARDINA MARIA DE JESUS;RUA;DO COMÉRCIO;DISTRITO AREADO;S/N;ZONA RURAL;79490000;(67)99991-0760;SAO GABRIEL DO OESTE;500769;SAO GABRIEL DO OESTE;500769;6354265;CENTRAL DE REGULACAO DE SAO GABRIEL DO OESTE;M;05.05.2026;ARILENE_SAOGABRIEL;19.05.2026;VANIA_MARIANO;67.86;PENDENTE;Z016;00125300006;MEDICOS SUS
665574062;3516007;0301010072;CONSULTA EM UROLOGIA - GERAL;04349392181;ANTONIO AUGUSTO PALOMBO MENDES;21.05.2026;06:30;0;704709738357331;VANDERSON MENDES SOUZA;13.12.1987;38;462;MARIA DE SOUZA MENDES SOUZA;RUA;FRANCISCO MILANI;;1564;MILANI;79492068;(67)99890-1672;SAO GABRIEL DO OESTE;500769;SAO GABRIEL DO OESTE;500769;6452116;CENTRO DE ESPECIALIDADES MEDICAS;M;05.05.2026;FERNANDACRISTINAALVES;05.05.2026;VANIA_MARIANO;10.00;CONFIRMADO;N433;;JOAO BATISTA BARBOSA SOUZA
665575674;0505002;0211020052;MONITORIZACAO AMBULATORIAL DE PRESSAO ARTERIAL (M.A.P.A)                                            ;01110123175;ELY DONIZETH DE ASSIS JUNIOR;28.05.2026;09:00;0;706307791511879;JOSEFA APARECIDA DA SILVA PROCOPIO;16.04.1963;63;758;MARIA LURDES MENDES;RUA;BALANCA;LOTE - CASA;100;ASSENTAMENTO CAMPANARIO;79490000;(67)9640-4111;SAO GABRIEL DO OESTE;500769;SAO GABRIEL DO OESTE;500769;6354265;CENTRAL DE REGULACAO DE SAO GABRIEL DO OESTE;F;05.05.2026;ARILENE_SAOGABRIEL;19.05.2026;VANIA_MARIANO;10.07;PENDENTE;Z016;00125300006;MEDICOS SUS
665580027;0505002;0211020052;MONITORIZACAO AMBULATORIAL DE PRESSAO ARTERIAL (M.A.P.A)                                            ;01110123175;ELY DONIZETH DE ASSIS JUNIOR;29.05.2026;13:00;0;704300568993491;ILSON DE SOUZA;04.06.1965;61;733;GENI ROSA DE SOUZA;RUA;SANTO ANGELO;;423;MILANI;79490000;(67)99939-9161;SAO GABRIEL DO OESTE;500769;SAO GABRIEL DO OESTE;500769;6354265;CENTRAL DE REGULACAO DE SAO GABRIEL DO OESTE;M;05.05.2026;ARILENE_SAOGABRIEL;19.05.2026;VANIA_MARIANO;10.07;PENDENTE;Z016;65742103653;SOLICITANTE_SAO GABRIEL DO OESTE
665581658;0108001;0205010032;ECOCARDIOGRAMA TRANSTORACICO;01110123175;ELY DONIZETH DE ASSIS JUNIOR;26.05.2026;09:00;0;704300568993491;ILSON DE SOUZA;04.06.1965;61;733;GENI ROSA DE SOUZA;RUA;SANTO ANGELO;;423;MILANI;79490000;(67)99939-9161;SAO GABRIEL DO OESTE;500769;SAO GABRIEL DO OESTE;500769;6354265;CENTRAL DE REGULACAO DE SAO GABRIEL DO OESTE;M;05.05.2026;ARILENE_SAOGABRIEL;19.05.2026;VANIA_MARIANO;67.86;PENDENTE;Z016;00125300006;MEDICOS SUS
665589948;1703204;0211020044;HOLTER 24 HORAS;01110123175;ELY DONIZETH DE ASSIS JUNIOR;29.05.2026;09:00;0;705609460760015;ABADIA DA SILVA OLIVEIRA DE JESUS;10.12.1966;59;714;ANTONIA DA SILVA OLIVEIRA;RUA;DOS CANARIOS 1466/99999;;1857;FENIX;79491078;(67)99122-3474;SAO GABRIEL DO OESTE;500769;SAO GABRIEL DO OESTE;500769;6354265;CENTRAL DE REGULACAO DE SAO GABRIEL DO OESTE;F;05.05.2026;ARILENE_SAOGABRIEL;19.05.2026;VANIA_MARIANO;30.00;CONFIRMADO;Z016;65742103653;SOLICITANTE_SAO GABRIEL DO OESTE
665590471;0108001;0205010032;ECOCARDIOGRAMA TRANSTORACICO;01110123175;ELY DONIZETH DE ASSIS JUNIOR;26.05.2026;09:00;0;705609460760015;ABADIA DA SILVA OLIVEIRA DE JESUS;10.12.1966;59;714;ANTONIA DA SILVA OLIVEIRA;RUA;DOS CANARIOS 1466/99999;;1857;FENIX;79491078;(67)99122-3474;SAO GABRIEL DO OESTE;500769;SAO GABRIEL DO OESTE;500769;6354265;CENTRAL DE REGULACAO DE SAO GABRIEL DO OESTE;F;05.05.2026;ARILENE_SAOGABRIEL;19.05.2026;VANIA_MARIANO;67.86;CONFIRMADO;Z016;00125300006;MEDICOS SUS
665592712;0505002;0211020052;MONITORIZACAO AMBULATORIAL DE PRESSAO ARTERIAL (M.A.P.A)                                            ;01110123175;ELY DONIZETH DE ASSIS JUNIOR;07.05.2026;13:00;0;706408625008682;SUELI DELGADO DE SOUZA;17.09.1967;58;705;RAMONA DELGADO;RUA;ANHUMAS;CASA;1259;JARDIM GRAMADO;79491016;(67)99180-3300;SAO GABRIEL DO OESTE;500769;SAO GABRIEL DO OESTE;500769;6452116;CENTRO DE ESPECIALIDADES MEDICAS;F;05.05.2026;FERNANDACRISTINAALVES;05.05.2026;FERNANDACRISTINAALVES;10.07;CONFIRMADO;I10;01110123175;ELY DONIZETH DE ASSIS JUNIOR
665593752;1407044;0211020060;TESTE DE ESFORCO OU TESTE ERGOMETRICO;01110123175;ELY DONIZETH DE ASSIS JUNIOR;18.05.2026;09:00;0;706408625008682;SUELI DELGADO DE SOUZA;17.09.1967;58;705;RAMONA DELGADO;RUA;ANHUMAS;CASA;1259;JARDIM GRAMADO;79491016;(67)99180-3300;SAO GABRIEL DO OESTE;500769;SAO GABRIEL DO OESTE;500769;6452116;CENTRO DE ESPECIALIDADES MEDICAS;F;05.05.2026;FERNANDACRISTINAALVES;05.05.2026;FERNANDACRISTINAALVES;30.00;CONFIRMADO;I10;01110123175;ELY DONIZETH DE ASSIS JUNIOR
665595007;0108001;0205010032;ECOCARDIOGRAMA TRANSTORACICO;01110123175;ELY DONIZETH DE ASSIS JUNIOR;05.05.2026;13:00;0;706408625008682;SUELI DELGADO DE SOUZA;17.09.1967;58;705;RAMONA DELGADO;RUA;ANHUMAS;CASA;1259;JARDIM GRAMADO;79491016;(67)99180-3300;SAO GABRIEL DO OESTE;500769;SAO GABRIEL DO OESTE;500769;6452116;CENTRO DE ESPECIALIDADES MEDICAS;F;05.05.2026;FERNANDACRISTINAALVES;05.05.2026;FERNANDACRISTINAALVES;67.86;CONFIRMADO;I10;01110123175;ELY DONIZETH DE ASSIS JUNIOR
665597518;0015001;0301010072;CONSULTA EM OFTALMOLOGIA GERAL;45183520097;JONI HILDOR SCHWEICKARDT;14.05.2026;16:00;0;708400787783869;GILDA PEREIRA DOS SANTOS;01.02.1972;54;653;SARA RODRIGUES PEREIRA;RUA;RIO DE JANEIRO;;694;CENTRO;79490000;(67)9925-2207;SAO GABRIEL DO OESTE;500769;SAO GABRIEL DO OESTE;500769;6452116;CENTRO DE ESPECIALIDADES MEDICAS;F;05.05.2026;FERNANDACRISTINAALVES;05.05.2026;FERNANDACRISTINAALVES;10.00;CONFIRMADO;Z00;01110123175;ELY DONIZETH DE ASSIS JUNIOR
665598121;0108001;0205010032;ECOCARDIOGRAMA TRANSTORACICO;01110123175;ELY DONIZETH DE ASSIS JUNIOR;13.05.2026;09:00;0;700500904585352;CARLOS ALBERTO THOMAZ;28.11.1970;55;667;MARIA DE LOURDES THOMAZ;RUA;ALAGOAS;;3151;CENTRO;79490000;(67)9933-1516 / (67)99652-7945;SAO GABRIEL DO OESTE;500769;SAO GABRIEL DO OESTE;500769;6452116;CENTRO DE ESPECIALIDADES MEDICAS;M;05.05.2026;PATRICKMASIAGA;05.05.2026;PATRICKMASIAGA;67.86;PENDENTE;Z016;01110123175;ELY DONIZETH DE ASSIS JUNIOR
665598762;0127019;0205010032;ECODOPPLERCARDIOGRAMA COM ESTRESSE FARMACOLOGICO;01110123175;ELY DONIZETH DE ASSIS JUNIOR;18.05.2026;13:30;0;700500904585352;CARLOS ALBERTO THOMAZ;28.11.1970;55;667;MARIA DE LOURDES THOMAZ;RUA;ALAGOAS;;3151;CENTRO;79490000;(67)9933-1516 / (67)99652-7945;SAO GABRIEL DO OESTE;500769;SAO GABRIEL DO OESTE;500769;6452116;CENTRO DE ESPECIALIDADES MEDICAS;M;05.05.2026;PATRICKMASIAGA;05.05.2026;PATRICKMASIAGA;67.86;PENDENTE;Z016;01110123175;ELY DONIZETH DE ASSIS JUNIOR
665599384;0015001;0301010072;CONSULTA EM OFTALMOLOGIA GERAL;45183520097;JONI HILDOR SCHWEICKARDT;14.05.2026;16:00;0;702509393016034;APOLONIA PERALTA;08.02.1970;56;676;ANAURELINA PAIM;RUA;DAS CURRUIRAS;;879;JARDIM GRAMADO;79491014;(67)99939-6560;SAO GABRIEL DO OESTE;500769;SAO GABRIEL DO OESTE;500769;5971055;UNIDADE DE SAUDE DA FAMILIA VIII;F;05.05.2026;JESSICAPADILHA;05.05.2026;JESSICAPADILHA;10.00;PENDENTE;H520;04805244160;RENNAN ORTIZ BUENO
665633646;0110002;0301010072;CONSULTA EM ORTOPEDIA - GERAL;00468987193;ARTHUR MARTINS DE ALMEIDA;19.05.2026;06:30;0;700007439421501;ROSIVELTI PEREIRA DE MORAIS;28.05.1969;57;685;EDIR PEREIRA DE MORAIS;RUA;OROZIMA INACIO DE AMORIM;;191;NOVO HORIZONTE;79550000;(67)98183-1006;COSTA RICA;500325;SAO GABRIEL DO OESTE;500769;6452116;CENTRO DE ESPECIALIDADES MEDICAS;M;05.05.2026;FERNANDACRISTINAALVES;05.05.2026;VANIA_MARIANO;10.00;CONFIRMADO;Z00;00468987193;ARTHUR MARTINS DE ALMEIDA
665650550;0701224;0301010072;CONSULTA EM NEUROLOGIA - GERAL;22264073837;ANSELMO COSTA;27.05.2026;07:00;0;704201792179982;VALDECI BARCELOS DE PAULA;28.08.1950;75;910;PERCILIA BARCELOS DE PAULA;RUA;PRINCIPAL I;CASA;69;ASSENTAMENTO CAMPANARIO;79490000;(67)99957-2210;SAO GABRIEL DO OESTE;500769;SAO GABRIEL DO OESTE;500769;6452116;CENTRO DE ESPECIALIDADES MEDICAS;M;05.05.2026;PATRICKMASIAGA;05.05.2026;PATRICKMASIAGA;10.00;CONFIRMADO;Z016;22264073837;ANSELMO COSTA
665651115;0701224;0301010072;CONSULTA EM NEUROLOGIA - GERAL;22264073837;ANSELMO COSTA;27.05.2026;07:00;0;705204412732472;TEREZINHA NOGUEIRA SEVERINO;16.04.1954;72;866;ABADIA PAES NOGUEIRA;RUA;PRINCIPAL I;CASA;69;ASSENTAMENTO CAMPANARIO;79490000;(67)99620-3130;SAO GABRIEL DO OESTE;500769;SAO GABRIEL DO OESTE;500769;6452116;CENTRO DE ESPECIALIDADES MEDICAS;F;05.05.2026;PATRICKMASIAGA;05.05.2026;PATRICKMASIAGA;10.00;CONFIRMADO;Z016;22264073837;ANSELMO COSTA
665653604;0110002;0301010072;CONSULTA EM ORTOPEDIA - GERAL;89074033172;ROGERIO PADOVANI TOFFOLI;08.05.2026;12:30;0;700306994034730;BRAYAN ANDRADE PEDRO;25.06.2023;03;36;AIRAM KELLEN JHAQUELINE PINTO ANDRADE;AVENIDA;SAO FRANCISCO 1/2399;;2189;PRIMO MAFFISSONI;79490250;(67)99804-6093;SAO GABRIEL DO OESTE;500769;SAO GABRIEL DO OESTE;500769;2599376;UNIDADE DE SAUDE DA FAMILIA VI;M;05.05.2026;MARIANA_MARTINS;05.05.2026;VANIA_MARIANO;10.00;PENDENTE;S498;06437691107;MAIARA FLORES SCARIOT
665655147;0320003;0211020036;ELETROCARDIOGRAMA;01110123175;ELY DONIZETH DE ASSIS JUNIOR;06.05.2026;08:00;0;708703111377893;ROSELI FERNANDES;31.08.1969;56;682;MARIA EDNA FERNANDES;RUA;PARANA 2400/99999;;2558;AMABILE MAFFISSONI;79490084;(67)99118-2986;SAO GABRIEL DO OESTE;500769;SAO GABRIEL DO OESTE;500769;7333218;UNIDADE DE SAUDE DA FAMILIA X;F;05.05.2026;RAISSASILVALIMA;05.05.2026;RAISSASILVALIMA;5.15;PENDENTE;Z00;;ARTHUR MARTINS
665655679;0127019;0205010032;ECODOPPLERCARDIOGRAMA COM ESTRESSE FARMACOLOGICO;01110123175;ELY DONIZETH DE ASSIS JUNIOR;18.05.2026;13:30;0;705606428063719;EXPEDITA PEREIRA;29.07.1957;68;827;ISABEL DO NASCIMENTO;RUA;EUGENIO FERREIRA DA CUNHA;;1106;AMABILE MAFFISSONI;79490000;(67)99804-2674;SAO GABRIEL DO OESTE;500769;SAO GABRIEL DO OESTE;500769;6452116;CENTRO DE ESPECIALIDADES MEDICAS;F;05.05.2026;PATRICKMASIAGA;05.05.2026;PATRICKMASIAGA;67.86;CONFIRMADO;Z016;01110123175;ELY DONIZETH DE ASSIS JUNIOR
665660749;0701224;0301010072;CONSULTA EM NEUROLOGIA - GERAL;22264073837;ANSELMO COSTA;27.05.2026;07:00;0;898005802530148;LUCAS GABRIEL DOS SANTOS DA SILVA;02.07.2014;12;144;DIENE SANTOS SILVA;RUA;SUCUPIRA;;282;SÃO CRISTÓVÃO;79490000;(67)98453-9233;SAO GABRIEL DO OESTE;500769;SAO GABRIEL DO OESTE;500769;6354265;CENTRAL DE REGULACAO DE SAO GABRIEL DO OESTE;M;05.05.2026;ELISANGELATEIXEIRA;05.05.2026;ELISANGELATEIXEIRA;10.00;CONFIRMADO;F40;;CLODOALDO SABINO DA SILVA
665662323;3100230;0207010048;RESSONANCIA MAGNETICA DE COLUNA LOMBAR;00125300006;MEDICOS SUS;09.05.2026;06:00;0;700508387633356;HELENA MARIA DA ROCHA;07.08.1971;54;659;MARIA PETRONILIA DO CARMO;RUA;ESPIRITO SANTO;;3241;CENTRO;79490000;(67)99872-0592;SAO GABRIEL DO OESTE;500769;SAO GABRIEL DO OESTE;500769;6354265;CENTRAL DE REGULACAO DE SAO GABRIEL DO OESTE;F;05.05.2026;CLEIDIANE_REGULADOR;05.05.2026;CLEIDIANE_REGULADOR;268.75;CONFIRMADO;M545;;NELSON BARBOSA TAVARES FILHO
665689023;3100230;0207010048;RESSONANCIA MAGNETICA DE COLUNA LOMBAR;00125300006;MEDICOS SUS;18.05.2026;13:00;0;701008831054492;THIAGO GRACIOSO DECKNES;06.12.1999;26;319;ADRIANA GRACIOSA MOTA;RUA;CEREJEIRA;;441;SÃO CRISTOVÃO;79490000;(67)99860-5491;SAO GABRIEL DO OESTE;500769;SAO GABRIEL DO OESTE;500769;6354265;CENTRAL DE REGULACAO DE SAO GABRIEL DO OESTE;M;05.05.2026;CLEIDIANE_REGULADOR;05.05.2026;CLEIDIANE_REGULADOR;268.75;CONFIRMADO;M543;;DANIEL ROCHA DO CARMO
665722530;0701224;0301010072;CONSULTA EM NEUROLOGIA - GERAL;22264073837;ANSELMO COSTA;26.05.2026;09:00;0;706407658037281;SOLANGE DA PASCOAL;25.05.1973;53;637;FATIMA TEREZINHA DA PASCOAL;RUA;OSORIO RODRIGUES DA SILVA;;619;JARDIM ALVORADA;79490000;(67)99982-4215;SAO GABRIEL DO OESTE;500769;SAO GABRIEL DO OESTE;500769;7333218;UNIDADE DE SAUDE DA FAMILIA X;F;05.05.2026;RAISSASILVALIMA;05.05.2026;VANIA_MARIANO;10.00;PENDENTE;R51;63805480172;CLEDSON PERETTI
665727613;0015001;0301010072;CONSULTA EM OFTALMOLOGIA GERAL;45183520097;JONI HILDOR SCHWEICKARDT;28.05.2026;07:00;0;701206030457714;SEBASTIANA FERRAZ DE SOUZA;16.02.1964;62;748;CLARICE PEREIRA FARIAS;AVENIDA;JUSCELINO FERREIRA GUIMARAES;CASA;S/N;DISTRITO POUSO ALTO;79556000;(67)99908-5874;PARAISO DAS AGUAS;500627;SAO GABRIEL DO OESTE;500769;6452116;CENTRO DE ESPECIALIDADES MEDICAS;F;05.05.2026;FERNANDACRISTINAALVES;05.05.2026;FERNANDACRISTINAALVES;10.00;CONFIRMADO;H51;;RENNAN ORTIZ BUENO
665732835;0320003;0211020036;ELETROCARDIOGRAMA;01110123175;ELY DONIZETH DE ASSIS JUNIOR;06.05.2026;08:00;0;705804440078530;ELAINE BALZAN POCAHY;10.01.1964;62;749;HERTA SEGATTO BALZAN;RUA;DONA ELVIRA;CASA;1008;MILANI;79490000;(67)3295-4465;SAO GABRIEL DO OESTE;500769;SAO GABRIEL DO OESTE;500769;7333218;UNIDADE DE SAUDE DA FAMILIA X;F;05.05.2026;RAISSASILVALIMA;05.05.2026;RAISSASILVALIMA;5.15;PENDENTE;Z00;63805480172;CLEDSON PERETTI
665750868;0282063;0301010072;CONSULTA EM OTORRINOLARINGOLOGIA;78877326115;ANA PAULA CAVALIERI PONTES;29.05.2026;06:00;0;701100093740710;FELIPE MENDES OLIVEIRA;10.05.2021;05;61;CRISTIANE MENDES PACIENCIA;RUA;RIO BRANCO;;11;JARDIM SAO BENTO;79420000;(67)98173-9621;CAMAPUA;500260;SAO GABRIEL DO OESTE;500769;6354265;CENTRAL DE REGULACAO DE SAO GABRIEL DO OESTE;M;05.05.2026;ARILENE_SAOGABRIEL;05.05.2026;ARILENE_SAOGABRIEL;10.00;PENDENTE;Z016;00125300006;MEDICOS SUS
665774255;3516007;0301010072;CONSULTA EM UROLOGIA - GERAL;04349392181;ANTONIO AUGUSTO PALOMBO MENDES;07.05.2026;08:00;0;702904533590376;JAIRO APARECIDO DOMINGOS BARBOSA;17.02.1959;67;808;ODOCIA DOMINGOS BARBOSA;RUA;DAS ANHUMAS 1466/99999;;1832;FENIX;79491090;(67)99681-4790;SAO GABRIEL DO OESTE;500769;SAO GABRIEL DO OESTE;500769;2370999;UNIDADE DE SAUDE DA FAMILIA FENIX IV;M;05.05.2026;GUSTAVO_PIAIA;05.05.2026;GUSTAVO_PIAIA;10.00;PENDENTE;N429;00703866176;ALCIDES EDUARDO EIBEL
665777228;0701224;0301010072;CONSULTA EM NEUROLOGIA - GERAL;22264073837;ANSELMO COSTA;06.05.2026;11:00;0;709009892822313;ADEMIR DA SILVA MARTINS;10.05.1994;32;385;APARECIDA ARRUDA DA SILVA;RUA;DAS ARARAS;;2204;FÊNIX;79490000;(67)99863-5196;SAO GABRIEL DO OESTE;500769;SAO GABRIEL DO OESTE;500769;6452116;CENTRO DE ESPECIALIDADES MEDICAS;M;05.05.2026;FERNANDACRISTINAALVES;05.05.2026;FERNANDACRISTINAALVES;10.00;CONFIRMADO;Z00;22264073837;ANSELMO COSTA
665796606;0282081;0301010072;CONSULTA EM CIRURGIA GERAL;48047740172;EVA WILMA ABDO DOS SANTOS GUIMARAES;07.05.2026;08:00;0;705807485014933;TELMA LUIS VANDES;16.01.1966;60;725;ZENAIDE LUIS VANDES;RUA;DAS CURRUIRAS;CASA;708;JARDIM GRAMADO;79491014;(67)99919-9779;SAO GABRIEL DO OESTE;500769;SAO GABRIEL DO OESTE;500769;6354265;CENTRAL DE REGULACAO DE SAO GABRIEL DO OESTE;F;05.05.2026;VANIA_MARIANO;05.05.2026;VANIA_MARIANO;10.00;CONFIRMADO;K80;00125300006;MEDICOS SUS
665796837;0701224;0301010072;CONSULTA EM NEUROLOGIA - GERAL;22264073837;ANSELMO COSTA;26.05.2026;11:00;0;700005393049301;AILTON LORDANO;03.06.1976;50;601;ZILMA DA SILVA LORDANO;RUA;ROQUE MIGLIAVACCA;;65;CENTRO;79490000;(67)9601-6374;SAO GABRIEL DO OESTE;500769;SAO GABRIEL DO OESTE;500769;6452116;CENTRO DE ESPECIALIDADES MEDICAS;M;05.05.2026;PATRICKMASIAGA;05.05.2026;PATRICKMASIAGA;10.00;CONFIRMADO;Z016;22264073837;ANSELMO COSTA
665805606;3500098;0206030029;TOMOGRAFIA COMPUTADORIZADA DO JOELHO DIREITO;00125300006;MEDICOS SUS;06.05.2026;09:00;0;702003835735684;NEDES FURTADO;05.09.1959;66;802;JACINTA DOS SANTOS;RUA;SARACURA;;251;GRAMADO;79490000;(67)99904-0353 / (67)99802-7306;SAO GABRIEL DO OESTE;500769;SAO GABRIEL DO OESTE;500769;6354265;CENTRAL DE REGULACAO DE SAO GABRIEL DO OESTE;M;05.05.2026;CLEIDIANE_REGULADOR;05.05.2026;CLEIDIANE_REGULADOR;86.75;PENDENTE;S984;;ARTHUR MARTINS DE ALMEIDA
665805606;3500103;0206030029;TOMOGRAFIA COMPUTADORIZADA DO TORNOZELO DIREITO;00125300006;MEDICOS SUS;06.05.2026;09:00;0;702003835735684;NEDES FURTADO;05.09.1959;66;802;JACINTA DOS SANTOS;RUA;SARACURA;;251;GRAMADO;79490000;(67)99904-0353 / (67)99802-7306;SAO GABRIEL DO OESTE;500769;SAO GABRIEL DO OESTE;500769;6354265;CENTRAL DE REGULACAO DE SAO GABRIEL DO OESTE;M;05.05.2026;CLEIDIANE_REGULADOR;05.05.2026;CLEIDIANE_REGULADOR;86.75;PENDENTE;S984;;ARTHUR MARTINS DE ALMEIDA
665834052;0701224;0301010072;CONSULTA EM NEUROLOGIA - GERAL;22264073837;ANSELMO COSTA;27.05.2026;07:00;0;702005851426986;ABIDALICIO FELICIANO NOGUEIRA;11.05.1946;80;961;TEREZA OLIVEIRA DA SILVA;RUA;JOAO EVANGELISTA ROSA 1/1199;;1045;CENTRO;79490055;(67)99840-3118;SAO GABRIEL DO OESTE;500769;SAO GABRIEL DO OESTE;500769;2599376;UNIDADE DE SAUDE DA FAMILIA VI;M;06.05.2026;MARIANA_MARTINS;06.05.2026;MARIANA_MARTINS;10.00;CONFIRMADO;S065;06437691107;MAIARA FLORES SCARIOT
665837151;2300004;0301010072;CONSULTA EM CARDIOLOGIA;01110123175;ELY DONIZETH DE ASSIS JUNIOR;13.05.2026;06:30;0;700403101457050;ELZA MARIA DA SILVA;16.03.1964;62;747;TEREZA CRAVINO DA SILVA;RUA;ARARAS;CASA;1989;FENIX;79490000;(67)99634-5199;SAO GABRIEL DO OESTE;500769;SAO GABRIEL DO OESTE;500769;6452116;CENTRO DE ESPECIALIDADES MEDICAS;F;06.05.2026;FERNANDACRISTINAALVES;06.05.2026;VANIA_MARIANO;10.00;PENDENTE;I20;01110123175;ELY DONIZETH DE ASSIS JUNIOR
665841775;0108001;0205010032;ECOCARDIOGRAMA TRANSTORACICO;01110123175;ELY DONIZETH DE ASSIS JUNIOR;13.05.2026;13:00;0;705004814193659;EVA DA CONCEICAO DE SOUZA;21.04.1941;85;1022;LAUDELINA CELESTINA DE SOUZA;RUA;CURRUIRAS;CASA;849;JARDIM GRAMADO;79490000;(67)99178-2143 / (67)99244-7696;SAO GABRIEL DO OESTE;500769;SAO GABRIEL DO OESTE;500769;6452116;CENTRO DE ESPECIALIDADES MEDICAS;F;06.05.2026;FERNANDACRISTINAALVES;06.05.2026;FERNANDACRISTINAALVES;67.86;CONFIRMADO;I20;01110123175;ELY DONIZETH DE ASSIS JUNIOR
665842380;0505002;0211020052;MONITORIZACAO AMBULATORIAL DE PRESSAO ARTERIAL (M.A.P.A)                                            ;01110123175;ELY DONIZETH DE ASSIS JUNIOR;08.05.2026;09:00;0;705004814193659;EVA DA CONCEICAO DE SOUZA;21.04.1941;85;1022;LAUDELINA CELESTINA DE SOUZA;RUA;CURRUIRAS;CASA;849;JARDIM GRAMADO;79490000;(67)99178-2143 / (67)99244-7696;SAO GABRIEL DO OESTE;500769;SAO GABRIEL DO OESTE;500769;6452116;CENTRO DE ESPECIALIDADES MEDICAS;F;06.05.2026;FERNANDACRISTINAALVES;06.05.2026;FERNANDACRISTINAALVES;10.07;CONFIRMADO;I20;01110123175;ELY DONIZETH DE ASSIS JUNIOR
665842436;1703204;0211020044;HOLTER 24 HORAS;01110123175;ELY DONIZETH DE ASSIS JUNIOR;08.05.2026;09:00;0;705004814193659;EVA DA CONCEICAO DE SOUZA;21.04.1941;85;1022;LAUDELINA CELESTINA DE SOUZA;RUA;CURRUIRAS;CASA;849;JARDIM GRAMADO;79490000;(67)99178-2143 / (67)99244-7696;SAO GABRIEL DO OESTE;500769;SAO GABRIEL DO OESTE;500769;6452116;CENTRO DE ESPECIALIDADES MEDICAS;F;06.05.2026;FERNANDACRISTINAALVES;06.05.2026;FERNANDACRISTINAALVES;30.00;CONFIRMADO;I20;01110123175;ELY DONIZETH DE ASSIS JUNIOR
665848097;1703204;0211020044;HOLTER 24 HORAS;01110123175;ELY DONIZETH DE ASSIS JUNIOR;14.05.2026;13:00;0;701005821505693;CICERO FELICIANO DE BRITO;29.10.1955;70;848;MARIA JOSE DE BRITO;RUA;CAMBARA;;305;SAO CRISTOVAO;79491186;(67)99856-4677;SAO GABRIEL DO OESTE;500769;SAO GABRIEL DO OESTE;500769;6452116;CENTRO DE ESPECIALIDADES MEDICAS;M;06.05.2026;PATRICKMASIAGA;06.05.2026;PATRICKMASIAGA;30.00;CONFIRMADO;I500;01110123175;ELY DONIZETH DE ASSIS JUNIOR
665848895;0108001;0205010032;ECOCARDIOGRAMA TRANSTORACICO;01110123175;ELY DONIZETH DE ASSIS JUNIOR;13.05.2026;13:00;0;701005821505693;CICERO FELICIANO DE BRITO;29.10.1955;70;848;MARIA JOSE DE BRITO;RUA;CAMBARA;;305;SAO CRISTOVAO;79491186;(67)99856-4677;SAO GABRIEL DO OESTE;500769;SAO GABRIEL DO OESTE;500769;6452116;CENTRO DE ESPECIALIDADES MEDICAS;M;06.05.2026;PATRICKMASIAGA;06.05.2026;PATRICKMASIAGA;67.86;CONFIRMADO;I500;01110123175;ELY DONIZETH DE ASSIS JUNIOR
665849427;0282063;0301010072;CONSULTA EM OTORRINOLARINGOLOGIA;78877326115;ANA PAULA CAVALIERI PONTES;15.05.2026;06:00;0;701801222106774;MARIA INES DOS SANTOS;16.10.1958;67;812;FRANCISCA CARLOS DOS SANTOS;RUA;MINAS GERAIS;;810;CENTRO;79490000;(67)9967-5938;SAO GABRIEL DO OESTE;500769;SAO GABRIEL DO OESTE;500769;2591359;UNIDADE DE SAUDE DA FAMILIA V;F;06.05.2026;CHRISTIANEHELEN_FREITAS;06.05.2026;CHRISTIANEHELEN_FREITAS;10.00;CONFIRMADO;H811;04796956107;JULIANA DA ROCHA PEREIRA MENEZES
665849789;0110002;0301010072;CONSULTA EM ORTOPEDIA - GERAL;93393539191;RODOLFO FABIANO NIZ BAREIRO;07.05.2026;12:30;0;709500693831670;VALDECI RIBEIRO DOS SANTOS CRUZ;18.06.1966;60;720;LEODINA RIBEIRO DOS SANTOS;RUA;DONA ELVIRA;CASA;1090;MILANI;79490000;(67)9629-3332;SAO GABRIEL DO OESTE;500769;SAO GABRIEL DO OESTE;500769;6452116;CENTRO DE ESPECIALIDADES MEDICAS;F;06.05.2026;FERNANDACRISTINAALVES;06.05.2026;VANIA_MARIANO;10.00;PENDENTE;S826;00125300006;MEDICOS SUS
665853446;0108001;0205010032;ECOCARDIOGRAMA TRANSTORACICO;01110123175;ELY DONIZETH DE ASSIS JUNIOR;18.05.2026;09:00;0;700007514157209;VALDECIR NATAL ANDREAZZA;10.08.1953;72;874;IRENE LAZZAROTTO ANDREAZZA;RUA CIRCULAR;RONDONIA;;733;CENTRO;79490039;(67)99686-2732;SAO GABRIEL DO OESTE;500769;SAO GABRIEL DO OESTE;500769;6452116;CENTRO DE ESPECIALIDADES MEDICAS;M;06.05.2026;FERNANDACRISTINAALVES;06.05.2026;FERNANDACRISTINAALVES;67.86;CONFIRMADO;I20;01110123175;ELY DONIZETH DE ASSIS JUNIOR
665853521;1407044;0211020060;TESTE DE ESFORCO OU TESTE ERGOMETRICO;01110123175;ELY DONIZETH DE ASSIS JUNIOR;18.05.2026;09:00;0;700007514157209;VALDECIR NATAL ANDREAZZA;10.08.1953;72;874;IRENE LAZZAROTTO ANDREAZZA;RUA CIRCULAR;RONDONIA;;733;CENTRO;79490039;(67)99686-2732;SAO GABRIEL DO OESTE;500769;SAO GABRIEL DO OESTE;500769;6452116;CENTRO DE ESPECIALIDADES MEDICAS;M;06.05.2026;FERNANDACRISTINAALVES;06.05.2026;FERNANDACRISTINAALVES;30.00;CONFIRMADO;I20;01110123175;ELY DONIZETH DE ASSIS JUNIOR
665853866;0505002;0211020052;MONITORIZACAO AMBULATORIAL DE PRESSAO ARTERIAL (M.A.P.A)                                            ;01110123175;ELY DONIZETH DE ASSIS JUNIOR;08.05.2026;09:00;0;700007514157209;VALDECIR NATAL ANDREAZZA;10.08.1953;72;874;IRENE LAZZAROTTO ANDREAZZA;RUA CIRCULAR;RONDONIA;;733;CENTRO;79490039;(67)99686-2732;SAO GABRIEL DO OESTE;500769;SAO GABRIEL DO OESTE;500769;6452116;CENTRO DE ESPECIALIDADES MEDICAS;M;06.05.2026;FERNANDACRISTINAALVES;06.05.2026;FERNANDACRISTINAALVES;10.07;CONFIRMADO;I20;01110123175;ELY DONIZETH DE ASSIS JUNIOR
665855398;0701224;0301010072;CONSULTA EM NEUROLOGIA - GERAL;22264073837;ANSELMO COSTA;06.05.2026;11:00;0;706907104208939;HELLENA MANOELLA PERALTA OLIVEIRA;30.07.2023;02;35;MIRELLY PERALTA FERREIRA;RUA;DAS CURRUIRAS 1/1465;CASA;879;JARDIM GRAMADO;79491014;(67)99812-2043;SAO GABRIEL DO OESTE;500769;SAO GABRIEL DO OESTE;500769;6452116;CENTRO DE ESPECIALIDADES MEDICAS;F;06.05.2026;FERNANDACRISTINAALVES;06.05.2026;FERNANDACRISTINAALVES;10.00;PENDENTE;G403;22264073837;ANSELMO COSTA
665861035;0108001;0205010032;ECOCARDIOGRAMA TRANSTORACICO;01110123175;ELY DONIZETH DE ASSIS JUNIOR;18.05.2026;13:00;0;700204492805225;LUCIA DE OLIVEIRA LEAO;01.09.1956;69;838;JULIA ROSSA;RUA;AZULÃO;;545;SÃO CRISTOVÃO;79490000;(67)99940-9761;SAO GABRIEL DO OESTE;500769;SAO GABRIEL DO OESTE;500769;6452116;CENTRO DE ESPECIALIDADES MEDICAS;F;06.05.2026;FERNANDACRISTINAALVES;06.05.2026;FERNANDACRISTINAALVES;67.86;CONFIRMADO;I20;01110123175;ELY DONIZETH DE ASSIS JUNIOR
665861104;1407044;0211020060;TESTE DE ESFORCO OU TESTE ERGOMETRICO;01110123175;ELY DONIZETH DE ASSIS JUNIOR;18.05.2026;13:00;0;700204492805225;LUCIA DE OLIVEIRA LEAO;01.09.1956;69;838;JULIA ROSSA;RUA;AZULÃO;;545;SÃO CRISTOVÃO;79490000;(67)99940-9761;SAO GABRIEL DO OESTE;500769;SAO GABRIEL DO OESTE;500769;6452116;CENTRO DE ESPECIALIDADES MEDICAS;F;06.05.2026;FERNANDACRISTINAALVES;06.05.2026;FERNANDACRISTINAALVES;30.00;CONFIRMADO;I20;01110123175;ELY DONIZETH DE ASSIS JUNIOR
665861546;0505002;0211020052;MONITORIZACAO AMBULATORIAL DE PRESSAO ARTERIAL (M.A.P.A)                                            ;01110123175;ELY DONIZETH DE ASSIS JUNIOR;08.05.2026;13:00;0;700204492805225;LUCIA DE OLIVEIRA LEAO;01.09.1956;69;838;JULIA ROSSA;RUA;AZULÃO;;545;SÃO CRISTOVÃO;79490000;(67)99940-9761;SAO GABRIEL DO OESTE;500769;SAO GABRIEL DO OESTE;500769;6452116;CENTRO DE ESPECIALIDADES MEDICAS;F;06.05.2026;FERNANDACRISTINAALVES;06.05.2026;FERNANDACRISTINAALVES;10.07;CONFIRMADO;I20;01110123175;ELY DONIZETH DE ASSIS JUNIOR
665862570;2300004;0301010072;CONSULTA EM CARDIOLOGIA;01110123175;ELY DONIZETH DE ASSIS JUNIOR;27.05.2026;06:30;1;700204492805225;LUCIA DE OLIVEIRA LEAO;01.09.1956;69;838;JULIA ROSSA;RUA;AZULÃO;;545;SÃO CRISTOVÃO;79490000;(67)99940-9761;SAO GABRIEL DO OESTE;500769;SAO GABRIEL DO OESTE;500769;6452116;CENTRO DE ESPECIALIDADES MEDICAS;F;06.05.2026;FERNANDACRISTINAALVES;06.05.2026;FERNANDACRISTINAALVES;10.00;CONFIRMADO;I20;01110123175;ELY DONIZETH DE ASSIS JUNIOR
665863576;0701224;0301010072;CONSULTA EM NEUROLOGIA - GERAL;22264073837;ANSELMO COSTA;26.05.2026;13:00;0;700204492805225;LUCIA DE OLIVEIRA LEAO;01.09.1956;69;838;JULIA ROSSA;RUA;AZULÃO;;545;SÃO CRISTOVÃO;79490000;(67)99940-9761;SAO GABRIEL DO OESTE;500769;SAO GABRIEL DO OESTE;500769;6452116;CENTRO DE ESPECIALIDADES MEDICAS;F;06.05.2026;FERNANDACRISTINAALVES;06.05.2026;FERNANDACRISTINAALVES;10.00;CONFIRMADO;Z00;22264073837;ANSELMO COSTA
665864267;0505002;0211020052;MONITORIZACAO AMBULATORIAL DE PRESSAO ARTERIAL (M.A.P.A)                                            ;01110123175;ELY DONIZETH DE ASSIS JUNIOR;08.05.2026;09:00;0;700403424843742;MARILENE JOSEFA DE OLIVEIRA;25.12.1959;66;798;JOSEFA JULIA DA CONCEICAO;RUA;ARARAS;CASA;1935;FÊNIX;79491102;(67)99857-1519 / (67)99695-5721;SAO GABRIEL DO OESTE;500769;SAO GABRIEL DO OESTE;500769;6452116;CENTRO DE ESPECIALIDADES MEDICAS;F;06.05.2026;FERNANDACRISTINAALVES;06.05.2026;FERNANDACRISTINAALVES;10.07;PENDENTE;I20;01110123175;ELY DONIZETH DE ASSIS JUNIOR
665866076;2300004;0301010072;CONSULTA EM CARDIOLOGIA;01110123175;ELY DONIZETH DE ASSIS JUNIOR;18.05.2026;06:30;0;700403424843742;MARILENE JOSEFA DE OLIVEIRA;25.12.1959;66;798;JOSEFA JULIA DA CONCEICAO;RUA;ARARAS;CASA;1935;FÊNIX;79491102;(67)99857-1519 / (67)99695-5721;SAO GABRIEL DO OESTE;500769;SAO GABRIEL DO OESTE;500769;6452116;CENTRO DE ESPECIALIDADES MEDICAS;F;06.05.2026;FERNANDACRISTINAALVES;06.05.2026;VANIA_MARIANO;10.00;PENDENTE;Z00;01110123175;ELY DONIZETH DE ASSIS JUNIOR
665868305;2300004;0301010072;CONSULTA EM CARDIOLOGIA;99746328115;GUSTAVO TRINDADE DE QUEIROZ;15.05.2026;06:30;0;700407430917748;CLAUDIA GOMES PEDROSO;07.07.1983;43;516;MARINEY GOMES DA SILVA;RUA;DONA ELVIRA;CASA 2;1506;MILANI;79490166;(67)99877-9299;SAO GABRIEL DO OESTE;500769;SAO GABRIEL DO OESTE;500769;6354265;CENTRAL DE REGULACAO DE SAO GABRIEL DO OESTE;F;06.05.2026;VANIA_MARIANO;06.05.2026;VANIA_MARIANO;10.00;CONFIRMADO;Z48;;MILENA GUEDIN
665874526;0108001;0205010032;ECOCARDIOGRAMA TRANSTORACICO;01110123175;ELY DONIZETH DE ASSIS JUNIOR;19.05.2026;09:00;0;704009887291967;DIVA ALVES DOMINGUES;01.01.1963;63;762;OCALINA DOS SANTOS DOMINGUES;RUA;CEREJEIRAS;;522;JARDIM GRAMADO;79490000;(67)99233-1400;SAO GABRIEL DO OESTE;500769;SAO GABRIEL DO OESTE;500769;6452116;CENTRO DE ESPECIALIDADES MEDICAS;F;06.05.2026;PATRICKMASIAGA;06.05.2026;PATRICKMASIAGA;67.86;PENDENTE;I10;01110123175;ELY DONIZETH DE ASSIS JUNIOR
665874602;1407044;0211020060;TESTE DE ESFORCO OU TESTE ERGOMETRICO;01110123175;ELY DONIZETH DE ASSIS JUNIOR;19.05.2026;09:00;0;704009887291967;DIVA ALVES DOMINGUES;01.01.1963;63;762;OCALINA DOS SANTOS DOMINGUES;RUA;CEREJEIRAS;;522;JARDIM GRAMADO;79490000;(67)99233-1400;SAO GABRIEL DO OESTE;500769;SAO GABRIEL DO OESTE;500769;6452116;CENTRO DE ESPECIALIDADES MEDICAS;F;06.05.2026;PATRICKMASIAGA;06.05.2026;PATRICKMASIAGA;30.00;PENDENTE;I10;01110123175;ELY DONIZETH DE ASSIS JUNIOR
665875953;1703204;0211020044;HOLTER 24 HORAS;01110123175;ELY DONIZETH DE ASSIS JUNIOR;08.05.2026;13:00;0;704009887291967;DIVA ALVES DOMINGUES;01.01.1963;63;762;OCALINA DOS SANTOS DOMINGUES;RUA;CEREJEIRAS;;522;JARDIM GRAMADO;79490000;(67)99233-1400;SAO GABRIEL DO OESTE;500769;SAO GABRIEL DO OESTE;500769;6452116;CENTRO DE ESPECIALIDADES MEDICAS;F;06.05.2026;PATRICKMASIAGA;06.05.2026;PATRICKMASIAGA;30.00;CONFIRMADO;I10;01110123175;ELY DONIZETH DE ASSIS JUNIOR
665879372;0015001;0301010072;CONSULTA EM OFTALMOLOGIA GERAL;45183520097;JONI HILDOR SCHWEICKARDT;28.05.2026;07:00;0;705103446278170;CARINA CABREIRA CRISTALDO;17.06.1995;31;372;LUCIMAR CABREIRA;RUA;CURICACA;CASA 01;1055;JARDIM GRAMADO;79491010;(67)99965-2290;SAO GABRIEL DO OESTE;500769;SAO GABRIEL DO OESTE;500769;5971055;UNIDADE DE SAUDE DA FAMILIA VIII;F;06.05.2026;JESSICAPADILHA;06.05.2026;JESSICAPADILHA;10.00;PENDENTE;H521;04805244160;RENNAN ORTIZ BUENO
665883836;0505002;0211020052;MONITORIZACAO AMBULATORIAL DE PRESSAO ARTERIAL (M.A.P.A)                                            ;01110123175;ELY DONIZETH DE ASSIS JUNIOR;08.05.2026;13:00;0;706202535427763;MARIA VIRGILINA SANTOS ROCHA;24.11.1965;60;727;MARIA LUZIA DOS SANTOS;RUA;SERIEMA;CASA;53;ASSENTAMENTO CAMPANARIO;79490000;(67)99618-3263;SAO GABRIEL DO OESTE;500769;SAO GABRIEL DO OESTE;500769;6452116;CENTRO DE ESPECIALIDADES MEDICAS;F;06.05.2026;PATRICKMASIAGA;06.05.2026;PATRICKMASIAGA;10.07;CONFIRMADO;I10;01110123175;ELY DONIZETH DE ASSIS JUNIOR
665884855;0077026;0205010040;ULTRA-SONOGRAFIA DOPPLER DE CAROTIDAS E VERTEBRAIS;01110123175;ELY DONIZETH DE ASSIS JUNIOR;13.05.2026;13:00;0;706202535427763;MARIA VIRGILINA SANTOS ROCHA;24.11.1965;60;727;MARIA LUZIA DOS SANTOS;RUA;SERIEMA;CASA;53;ASSENTAMENTO CAMPANARIO;79490000;(67)99618-3263;SAO GABRIEL DO OESTE;500769;SAO GABRIEL DO OESTE;500769;6452116;CENTRO DE ESPECIALIDADES MEDICAS;F;06.05.2026;PATRICKMASIAGA;06.05.2026;PATRICKMASIAGA;39.60;CONFIRMADO;I10;01110123175;ELY DONIZETH DE ASSIS JUNIOR
665884936;0108001;0205010032;ECOCARDIOGRAMA TRANSTORACICO;01110123175;ELY DONIZETH DE ASSIS JUNIOR;13.05.2026;13:00;0;706202535427763;MARIA VIRGILINA SANTOS ROCHA;24.11.1965;60;727;MARIA LUZIA DOS SANTOS;RUA;SERIEMA;CASA;53;ASSENTAMENTO CAMPANARIO;79490000;(67)99618-3263;SAO GABRIEL DO OESTE;500769;SAO GABRIEL DO OESTE;500769;6452116;CENTRO DE ESPECIALIDADES MEDICAS;F;06.05.2026;PATRICKMASIAGA;06.05.2026;PATRICKMASIAGA;67.86;CONFIRMADO;I10;01110123175;ELY DONIZETH DE ASSIS JUNIOR
665885774;0110002;0301010072;CONSULTA EM ORTOPEDIA - GERAL;93393539191;RODOLFO FABIANO NIZ BAREIRO;14.05.2026;12:30;0;700608911372861;ELIZANGELA PORTILHO PEREIRA;11.06.1983;43;516;IDE PORTILHO PEREIRA;RUA;GAIVOTAS;;934;JARDIM GRAMDO;79490000;(67)9647-1611;SAO GABRIEL DO OESTE;500769;SAO GABRIEL DO OESTE;500769;6452116;CENTRO DE ESPECIALIDADES MEDICAS;F;06.05.2026;FERNANDACRISTINAALVES;06.05.2026;VANIA_MARIANO;10.00;PENDENTE;Z00;93393539191;RODOLFO FABIANO NIZ BAREIRO
665886210;1407044;0211020060;TESTE DE ESFORCO OU TESTE ERGOMETRICO;01110123175;ELY DONIZETH DE ASSIS JUNIOR;20.05.2026;09:00;0;706202535427763;MARIA VIRGILINA SANTOS ROCHA;24.11.1965;60;727;MARIA LUZIA DOS SANTOS;RUA;SERIEMA;CASA;53;ASSENTAMENTO CAMPANARIO;79490000;(67)99618-3263;SAO GABRIEL DO OESTE;500769;SAO GABRIEL DO OESTE;500769;6452116;CENTRO DE ESPECIALIDADES MEDICAS;F;06.05.2026;PATRICKMASIAGA;06.05.2026;PATRICKMASIAGA;30.00;PENDENTE;I10;01110123175;ELY DONIZETH DE ASSIS JUNIOR
665888554;0110002;0301010072;CONSULTA EM ORTOPEDIA - GERAL;00530001101;BRUNO PETINARI UMBELINO;18.05.2026;06:30;0;704609101738323;BERNALDO VICENTE FILHO;10.05.1971;55;661;ANTONIA ALVES DE SOUZA;RUA;PELICANOS;;473;JARDIM GRAMADO;79490000;(67)99643-0743;SAO GABRIEL DO OESTE;500769;SAO GABRIEL DO OESTE;500769;2370980;UNIDADE DE SAUDE DA FAMILIA JARDIM GRAMADO I;M;06.05.2026;ELIANI_MOREIRA;06.05.2026;ELIANI_MOREIRA;10.00;PENDENTE;M255;96040653191;PAULO FENELON MARINHO
665901460;0701224;0301010072;CONSULTA EM NEUROLOGIA - GERAL;22264073837;ANSELMO COSTA;06.05.2026;13:00;0;700403988626644;SILVIA JOSEFINA RAMOS LOPEZ;08.02.1969;57;688;MARIA EMILIA LOPEZ;RUA;SANTA MARIA;CHACARA;26;MILANI;79492074;(67)99699-4482 / (67)99949-9014;SAO GABRIEL DO OESTE;500769;SAO GABRIEL DO OESTE;500769;2370972;UNIDADE DE SAUDE DA FAMILIA MILANE II;F;06.05.2026;FLAVIA_RODRIGUES;06.05.2026;FLAVIA_RODRIGUES;10.00;PENDENTE;R51;83798633134;JOAO BAPTISTA BARBOSA SOUZA
665902242;0701224;0301010072;CONSULTA EM NEUROLOGIA - GERAL;22264073837;ANSELMO COSTA;06.05.2026;11:00;0;705003037027652;ALICE DE SOUZA LIMA;27.08.1986;39;478;FATIMA APARECIDA FRANCISCO SOUZA DE LIMA;RUA;PARANA;CASA 01;475;JARDIM ALVORADA;79490000;(67)99655-2464;SAO GABRIEL DO OESTE;500769;SAO GABRIEL DO OESTE;500769;2599376;UNIDADE DE SAUDE DA FAMILIA VI;F;06.05.2026;MARIANA_MARTINS;06.05.2026;MARIANA_MARTINS;10.00;CONFIRMADO;S065;06437691107;MAIARA FLORES SCARIOT
665909441;0110002;0301010072;CONSULTA EM ORTOPEDIA - GERAL;89074033172;ROGERIO PADOVANI TOFFOLI;15.05.2026;12:30;0;700506328109652;ISAMAR LEAL PIRES;10.05.1968;58;697;MARINA MARIA LEAL PIRES;RUA;BOAVENTURA FERREIRA ROSA 1200/99999;;1505;PRIMO MAFFISSONI;79490324;(67)98446-5940;SAO GABRIEL DO OESTE;500769;SAO GABRIEL DO OESTE;500769;6452116;CENTRO DE ESPECIALIDADES MEDICAS;F;06.05.2026;PATRICKMASIAGA;07.05.2026;VANIA_MARIANO;10.00;CONFIRMADO;Z00;89074033172;ROGERIO PADOVANI TOFFOLI
665919560;0320174;0301010072;CONSULTA EM PNEUMOLOGIA - GERAL;09028429603;BERNARDO MEDEIROS MAIA;07.05.2026;13:00;0;700902958286696;MARIA CLARA MOREIRA DE ARAUJO;03.03.2020;06;76;JOSIELEN MOREIRA DE SOUZA;RUA;ALBINO DE SOUZA BRANDAO;;1470;PRIMO MAFFISSONI;79490000;(67)99242-9288;SAO GABRIEL DO OESTE;500769;SAO GABRIEL DO OESTE;500769;6452116;CENTRO DE ESPECIALIDADES MEDICAS;F;06.05.2026;PATRICKMASIAGA;06.05.2026;PATRICKMASIAGA;10.00;PENDENTE;Z016;09028429603;BERNARDO MEDEIROS MAIA
665919626;0320003;0211020036;ELETROCARDIOGRAMA;01110123175;ELY DONIZETH DE ASSIS JUNIOR;08.05.2026;08:00;0;700204443724624;TIALES CARNEIRO DA SILVA;01.10.1982;43;525;MARIA APARECIDA CARNEIRO DA SILVA;RUA;BATAGUASSU;;124;VILA ANGELICA I;79240000;(67)9606-4195;JARDIM;500500;SAO GABRIEL DO OESTE;500769;2599376;UNIDADE DE SAUDE DA FAMILIA VI;M;06.05.2026;MARIANA_MARTINS;06.05.2026;MARIANA_MARTINS;5.15;PENDENTE;Z302;;LUCINALDO
665925976;0299008;0301010072;CONSULTA EM CIRURGIA VASCULAR – GERAL;70808015087;CELIO HELEGDA;20.05.2026;08:00;0;705005063557851;MARIA ANTONIA DE NOVAES;28.02.1954;72;868;ANA TEIXEIRA DE SOUZA;RUA;CANARIOS;;995;JARDIM GRAMADO;79490000;(67)9948-6601;SAO GABRIEL DO OESTE;500769;SAO GABRIEL DO OESTE;500769;2370980;UNIDADE DE SAUDE DA FAMILIA JARDIM GRAMADO I;F;06.05.2026;ELIANI_MOREIRA;07.05.2026;VANIA_MARIANO;10.00;PENDENTE;R02;;CELIO HELEGDA
665933949;0701224;0301010072;CONSULTA EM NEUROLOGIA - GERAL;22264073837;ANSELMO COSTA;27.05.2026;09:00;0;700508459598160;MARILENE TELES NUNES BRUCHIER;19.06.1967;59;708;IZABEL TELES NUNES;RUA;TARUMA;;294;SAO CRISTOVAO;79491174;(67)98114-3586;SAO GABRIEL DO OESTE;500769;SAO GABRIEL DO OESTE;500769;6452116;CENTRO DE ESPECIALIDADES MEDICAS;F;06.05.2026;PATRICKMASIAGA;06.05.2026;PATRICKMASIAGA;10.00;CONFIRMADO;Z016;22264073837;ANSELMO COSTA
665943135;0701224;0301010072;CONSULTA EM NEUROLOGIA - GERAL;22264073837;ANSELMO COSTA;06.05.2026;13:00;0;702803672473565;AMELIA GNOATTO DE CHAVES;27.01.1944;82;989;ANGELA GNAOTTO;AVENIDA;SAO FRANCISCO;;1000;CENTRO;79490000;(67)3295-3960;SAO GABRIEL DO OESTE;500769;SAO GABRIEL DO OESTE;500769;2591359;UNIDADE DE SAUDE DA FAMILIA V;F;06.05.2026;CHRISTIANEHELEN_FREITAS;06.05.2026;CHRISTIANEHELEN_FREITAS;10.00;PENDENTE;R55;04796956107;JULIANA DA ROCHA PEREIRA MENEZES
665954630;0015001;0301010072;CONSULTA EM OFTALMOLOGIA GERAL;45183520097;JONI HILDOR SCHWEICKARDT;07.05.2026;09:00;0;701805253878373;LUCAS MATIASE DIMEIRA;01.08.2021;04;59;SUZANA EMILY MATIASE TARGINO DIMEIRA;RUA;TRAVESSA SANTO ISIDORO;CASA;1067;MILANI;79490000;(67)99277-3190;SAO GABRIEL DO OESTE;500769;SAO GABRIEL DO OESTE;500769;6354265;CENTRAL DE REGULACAO DE SAO GABRIEL DO OESTE;M;06.05.2026;VANIA_MARIANO;06.05.2026;VANIA_MARIANO;10.00;CONFIRMADO;H010;00125300006;MEDICOS SUS
665962583;3100954;0207030022;RESSONANCIA MAGNETICA DE BACIA/PELVE/ABDOMEN INFERIOR C/CONTRASTE;00125300006;MEDICOS SUS;08.05.2026;11:00;0;705200491093970;CAMILE VITORIA GALVAO DE OLIVEIRA;30.07.2003;22;275;DEVANIR FERREIRA GALVAO;RUA;MINAS GERAIS;;2507;CENTRO;79490000;(67)9679-4572;SAO GABRIEL DO OESTE;500769;SAO GABRIEL DO OESTE;500769;6354265;CENTRAL DE REGULACAO DE SAO GABRIEL DO OESTE;F;06.05.2026;VANIA_MARIANO;06.05.2026;VANIA_MARIANO;268.75;CONFIRMADO;N832;;MARIA FERNANDA DIAS BASILIO
665964132;0110002;0301010072;CONSULTA EM ORTOPEDIA - GERAL;32389571808;RODOLFO PELISSARI ZAMBOLIN;07.05.2026;12:30;0;702903552400772;JOAO VICTOR MARTINS BIBIANO;08.01.2011;15;185;KELLI MARTINS DOS SANTOS;RUA;PERDIZES;CASA;448;JARDIM GRAMADO;79081380;(67)99242-6909;SAO GABRIEL DO OESTE;500769;SAO GABRIEL DO OESTE;500769;6354265;CENTRAL DE REGULACAO DE SAO GABRIEL DO OESTE;M;06.05.2026;VANIA_MARIANO;06.05.2026;VANIA_MARIANO;10.00;PENDENTE;M25;00125300006;MEDICOS SUS
665967427;2300004;0301010072;CONSULTA EM CARDIOLOGIA;01110123175;ELY DONIZETH DE ASSIS JUNIOR;13.05.2026;06:30;0;702807188318968;MARIA APARECIDA DOS SANTOS;25.02.1949;77;928;EULALIA DE ARRUDA DO SANTOS;RUA;GAIVOTAS;CASA 01;1522;JARDIM GRAMADO;79490000;(67)99669-8166;SAO GABRIEL DO OESTE;500769;SAO GABRIEL DO OESTE;500769;7002084;UNIDADE DE SAUDE DA FAMILIA IX;F;06.05.2026;FELIPE_NERIS;07.05.2026;VANIA_MARIANO;10.00;PENDENTE;I959;01415181110;ANGELA BENITES
666007551;0110002;0301010072;CONSULTA EM ORTOPEDIA - GERAL;93393539191;RODOLFO FABIANO NIZ BAREIRO;14.05.2026;12:30;0;705405490483794;RAIANE IZABELE MOREIRA ALVES;19.05.2007;19;229;LEIDINALVA MOREIRA DA SILVA;RUA;TICO TICO;;102;FÊNIX;79490000;(67)99943-7784;SAO GABRIEL DO OESTE;500769;SAO GABRIEL DO OESTE;500769;6452116;CENTRO DE ESPECIALIDADES MEDICAS;F;06.05.2026;PATRICKMASIAGA;07.05.2026;VANIA_MARIANO;10.00;PENDENTE;Z00;93393539191;RODOLFO FABIANO NIZ BAREIRO
666013232;0015001;0301010072;CONSULTA EM OFTALMOLOGIA GERAL;45183520097;JONI HILDOR SCHWEICKARDT;28.05.2026;07:00;0;700007061972704;GUSTAVO DA SILVA DE ASSUNCAO;28.01.2009;17;209;MONICA DE FREITAS DA SILVA;RUA;GREGORIANA;CASA 22;279;PRIMO MAFFISONI;79490000;(98)98882-2540;SAO GABRIEL DO OESTE;500769;SAO GABRIEL DO OESTE;500769;7333218;UNIDADE DE SAUDE DA FAMILIA X;M;06.05.2026;RAISSASILVALIMA;06.05.2026;RAISSASILVALIMA;10.00;CONFIRMADO;Z010;63805480172;CLEDSON PERETTI
666017204;0108001;0205010032;ECOCARDIOGRAMA TRANSTORACICO;01110123175;ELY DONIZETH DE ASSIS JUNIOR;13.05.2026;13:00;0;707100322466920;ANTONIO REZENDE DA COSTA;01.07.1949;77;924;MARIA ADELINA DOS SANTOS;RUA;DAS FLORES;;1312;ESPLANADA;79491278;(67)99852-8232;SAO GABRIEL DO OESTE;500769;SAO GABRIEL DO OESTE;500769;6452116;CENTRO DE ESPECIALIDADES MEDICAS;M;06.05.2026;ARI_CEM;06.05.2026;ARI_CEM;67.86;CONFIRMADO;Z00;01110123175;ELY DONIZETH DE ASSIS JUNIOR
666022334;0110002;0301010072;CONSULTA EM ORTOPEDIA - GERAL;93393539191;RODOLFO FABIANO NIZ BAREIRO;07.05.2026;12:30;0;704108123017975;EVA MALAQUIAS DA COSTA;13.08.1978;47;574;TEREZA DA COSTA SILVA;RUA;MARIA SEVERO;CASA;1858;PRIMO MAFFISSONI;79490000;(67)99940-0543;SAO GABRIEL DO OESTE;500769;SAO GABRIEL DO OESTE;500769;6354265;CENTRAL DE REGULACAO DE SAO GABRIEL DO OESTE;F;06.05.2026;VANIA_MARIANO;06.05.2026;VANIA_MARIANO;10.00;PENDENTE;S93;00125300006;MEDICOS SUS
666026513;0710992;0205010032;ECOCARDIOGRAMA INFANTIL;01452917159;MARIELLI DE CASTRO CUNHA;18.05.2026;07:00;0;708009304749727;SOPHIA IVY FERREIRA DOS SANTOS;16.03.2026;00;3;TASSIANY FERREIRA PEDROSO;AREA;MODELO;;S/N;AREA RURAL DE SAO GABRIEL DO OESTE;79493899;(67)99982-4985;SAO GABRIEL DO OESTE;500769;SAO GABRIEL DO OESTE;500769;8176132;CASA ROSA;F;06.05.2026;TAINAOLIVEIRA;17.05.2026;VANIA_MARIANO;67.86;PENDENTE;Z00;04145161173;RHUANNE SIQUEIRA GUIMARAES
666031621;0701224;0301010072;CONSULTA EM NEUROLOGIA - GERAL;22264073837;ANSELMO COSTA;26.05.2026;11:00;0;704000360000166;LAURA GABRIELA DE SOUZA GONCALVES;08.11.2017;08;103;ADIVANIR LIMA DE SOUZA GONCALVES;RUA;DAS ANHUMAS;CASA;1347;JARDIM GRAMADO;79491016;(67)99857-2962;SAO GABRIEL DO OESTE;500769;SAO GABRIEL DO OESTE;500769;5971055;UNIDADE DE SAUDE DA FAMILIA VIII;F;06.05.2026;JESSICAPADILHA;06.05.2026;JESSICAPADILHA;10.00;CONFIRMADO;F411;;CLODOALDO SABINO DA SILVA
666037032;0282063;0301010072;CONSULTA EM OTORRINOLARINGOLOGIA;78877326115;ANA PAULA CAVALIERI PONTES;15.05.2026;06:00;0;704701790534330;MARIA JOSE DE ARRUDA BARBOSA;09.05.1955;71;853;SEBASTIANA FLORENTINA DE ARRUDA;RUA;ALAGOAS;;1465;CENTRO;79490000;(67)99617-9266;SAO GABRIEL DO OESTE;500769;SAO GABRIEL DO OESTE;500769;2591359;UNIDADE DE SAUDE DA FAMILIA V;F;06.05.2026;CHRISTIANEHELEN_FREITAS;06.05.2026;CHRISTIANEHELEN_FREITAS;10.00;CONFIRMADO;R43;04796956107;JULIANA DA ROCHA PEREIRA MENEZES
666040036;0320003;0211020036;ELETROCARDIOGRAMA;01110123175;ELY DONIZETH DE ASSIS JUNIOR;08.05.2026;14:00;0;704605655002320;NILZA MARIA DE SOUZA OSSINAGA;07.04.1975;51;615;ILIZABETH FERREIRA DE SOUZA;RUA;ALBINO SOUZA BRANDAO;;1241;PRIMO MAFFISSONI;79490294;(67)99847-5591;SAO GABRIEL DO OESTE;500769;SAO GABRIEL DO OESTE;500769;2599376;UNIDADE DE SAUDE DA FAMILIA VI;F;06.05.2026;MARIANA_MARTINS;06.05.2026;MARIANA_MARTINS;5.15;PENDENTE;Z48;06437691107;MAIARA FLORES SCARIOT
666044274;0282026;0301010072;CONSULTA  EM CARDIOLOGIA - PEDIATRIA;01452917159;MARIELLI DE CASTRO CUNHA;18.05.2026;06:30;0;702308176239419;JHENIFER SAMANIEGO LEONARDO;22.02.2016;10;124;MIRIAN HELENA SAMANIEGO MAR;FAZENDA;EZUDOS;CASA;S/N;ZONA RURAL;79590000;(67)99652-7096;SELVIRIA;500780;SAO GABRIEL DO OESTE;500769;8176132;CASA ROSA;F;06.05.2026;TAINAOLIVEIRA;17.05.2026;VANIA_MARIANO;10.00;CONFIRMADO;Z00;04145161173;RHUANNE SIQUEIRA GUIMARAES
666047896;0110002;0301010072;CONSULTA EM ORTOPEDIA - GERAL;32389571808;RODOLFO PELISSARI ZAMBOLIN;14.05.2026;12:30;0;700009232024300;ILDA DE SOUSA LEME;04.07.1981;45;540;MARIA MALTA DE SOUSA LEME;RUA;DAS GAIVOTAS 1466/99999;;2272;FENIX;79491094;(69)99994-0281;SAO GABRIEL DO OESTE;500769;SAO GABRIEL DO OESTE;500769;2370999;UNIDADE DE SAUDE DA FAMILIA FENIX IV;F;06.05.2026;GUSTAVO_PIAIA;07.05.2026;VANIA_MARIANO;10.00;PENDENTE;S835;00703866176;ALCIDES EDUARDO EIBEL
666055795;0710992;0205010032;ECOCARDIOGRAMA INFANTIL;01452917159;MARIELLI DE CASTRO CUNHA;18.05.2026;07:00;0;706004862936141;LARA HEMANUELY VIEIRA LORENA DOS SANTOS;08.02.2026;00;4;ANA LAURA BECKER VIEIRA;RUA;DAS ANHUMAS 1/1465;;1610;JARDIM GRAMADO;79491016;(67)99824-3080;SAO GABRIEL DO OESTE;500769;SAO GABRIEL DO OESTE;500769;8176132;CASA ROSA;F;06.05.2026;TAINAOLIVEIRA;17.05.2026;VANIA_MARIANO;67.86;CONFIRMADO;Z00;57255873120;CLODOALDO SABINO DA SILVA
666057912;0282063;0301010072;CONSULTA EM OTORRINOLARINGOLOGIA;78877326115;ANA PAULA CAVALIERI PONTES;15.05.2026;06:00;0;705002251857759;JOSE SALOMAO SOARES;02.08.2021;04;59;BIANCA SOARES;RUA;CURICACA;;1648;JARDIM GRAMADO;79491010;(67)99229-7654 / (67)99645-5854;SAO GABRIEL DO OESTE;500769;SAO GABRIEL DO OESTE;500769;6452116;CENTRO DE ESPECIALIDADES MEDICAS;M;06.05.2026;FERNANDACRISTINAALVES;06.05.2026;FERNANDACRISTINAALVES;10.00;CONFIRMADO;Z016;78877326115;ANA PAULA CAVALIERI PONTES
666060168;0710992;0205010032;ECOCARDIOGRAMA INFANTIL;01452917159;MARIELLI DE CASTRO CUNHA;18.05.2026;07:00;0;708909799590916;JOAO LUCAS DE SOUZA RODRIGUES;10.12.2025;00;6;CAROLINE DE SOUZA LUIZ;RUA;DAS ANHUMAS 1/1465;;638;JARDIM GRAMADO;79491016;(67)99671-3493;SAO GABRIEL DO OESTE;500769;SAO GABRIEL DO OESTE;500769;8176132;CASA ROSA;M;06.05.2026;TAINAOLIVEIRA;17.05.2026;VANIA_MARIANO;67.86;CONFIRMADO;P073;;MEDICO DE CAMPO GRANDE
666068490;0015001;0301010072;CONSULTA EM OFTALMOLOGIA GERAL;45183520097;JONI HILDOR SCHWEICKARDT;28.05.2026;07:00;0;709209250831133;CRIOMAR BEZERRA DE SOUZA;05.01.1981;45;546;APARECIDA BEZERRA DE SOUZA;RUA;ANGICO;;666;FLOR DO CERRADO;79490000;(67)99658-2648;SAO GABRIEL DO OESTE;500769;SAO GABRIEL DO OESTE;500769;7002084;UNIDADE DE SAUDE DA FAMILIA IX;M;06.05.2026;FELIPE_NERIS;06.05.2026;FELIPE_NERIS;10.00;CONFIRMADO;Z010;06901507925;EVELYN KASSIA TUDISCO FERNANDES
666073763;0110002;0301010072;CONSULTA EM ORTOPEDIA - GERAL;32389571808;RODOLFO PELISSARI ZAMBOLIN;21.05.2026;12:30;0;707603255032497;JAIR LUIS MASCHIO;16.01.1968;58;701;LEODETHE DE SOUZA MASCHIO;RUA;BEM-TE-VI;;1883;FENIX;79491098;(67)99933-5396 / (67)99955-0908;SAO GABRIEL DO OESTE;500769;SAO GABRIEL DO OESTE;500769;2370999;UNIDADE DE SAUDE DA FAMILIA FENIX IV;M;06.05.2026;GUSTAVO_PIAIA;06.05.2026;GUSTAVO_PIAIA;10.00;CONFIRMADO;Z000;96245646120;RAFAELLA MARIA COSTA GOIS DE FIGUEIREDO
666084822;0110002;0301010072;CONSULTA EM ORTOPEDIA - GERAL;32389571808;RODOLFO PELISSARI ZAMBOLIN;07.05.2026;12:30;0;706006887879542;LUIZ HENRIQUE BUENO BARBOSA;13.01.2000;26;317;JANETE BUENO BARBOSA;RUA;PERNAMBUCO;CASA;1409;JARDIM ALVORADA;79490000;(67)99627-8714;SAO GABRIEL DO OESTE;500769;SAO GABRIEL DO OESTE;500769;6354265;CENTRAL DE REGULACAO DE SAO GABRIEL DO OESTE;M;06.05.2026;VANIA_MARIANO;06.05.2026;VANIA_MARIANO;10.00;PENDENTE;M25;00125300006;MEDICOS SUS
666087432;3500075;0206020031;TOMOGRAFIA COMPUTADORIZADA DO TORAX COM CONTRASTE;00125300006;MEDICOS SUS;15.05.2026;14:00;0;708201613848046;LUCIANA DA SILVA DOS SANTOS;13.06.1984;42;504;LUZIA DA SILVA DOS SANTOS;RUA;ESPIRITO SANTO;;2913;JARDIM PRIMAVERA;79490000;(67)3295-1902;SAO GABRIEL DO OESTE;500769;SAO GABRIEL DO OESTE;500769;6354265;CENTRAL DE REGULACAO DE SAO GABRIEL DO OESTE;F;06.05.2026;ELIETE_SAOGABRIEL;08.05.2026;CLEIDIANE_REGULADOR;136.41;CONFIRMADO;C509;65742103653;SOLICITANTE_SAO GABRIEL DO OESTE
666087432;3500304;0206030037;TOMOGRAFIA COMPUTADORIZADA  DE PELVE / BACIA/ ABDOMEN INFERIOR COM CONTRASTE ;00125300006;MEDICOS SUS;15.05.2026;14:00;0;708201613848046;LUCIANA DA SILVA DOS SANTOS;13.06.1984;42;504;LUZIA DA SILVA DOS SANTOS;RUA;ESPIRITO SANTO;;2913;JARDIM PRIMAVERA;79490000;(67)3295-1902;SAO GABRIEL DO OESTE;500769;SAO GABRIEL DO OESTE;500769;6354265;CENTRAL DE REGULACAO DE SAO GABRIEL DO OESTE;F;06.05.2026;ELIETE_SAOGABRIEL;08.05.2026;CLEIDIANE_REGULADOR;138.63;CONFIRMADO;C509;65742103653;SOLICITANTE_SAO GABRIEL DO OESTE
666087432;3500063;0206030010;TOMOGRAFIA COMPUTADORIZADA DO ABDOMEN SUPERIOR COM CONTRASTE;00125300006;MEDICOS SUS;15.05.2026;14:00;0;708201613848046;LUCIANA DA SILVA DOS SANTOS;13.06.1984;42;504;LUZIA DA SILVA DOS SANTOS;RUA;ESPIRITO SANTO;;2913;JARDIM PRIMAVERA;79490000;(67)3295-1902;SAO GABRIEL DO OESTE;500769;SAO GABRIEL DO OESTE;500769;6354265;CENTRAL DE REGULACAO DE SAO GABRIEL DO OESTE;F;06.05.2026;ELIETE_SAOGABRIEL;08.05.2026;CLEIDIANE_REGULADOR;138.63;CONFIRMADO;C509;65742103653;SOLICITANTE_SAO GABRIEL DO OESTE
666090863;0015001;0301010072;CONSULTA EM OFTALMOLOGIA GERAL;45183520097;JONI HILDOR SCHWEICKARDT;28.05.2026;07:00;0;700009529372501;ALESSANDRA CONSTANTINO;30.06.2008;18;216;KARINA FRANCIANE BORREGO;RUA;ORIENTAL;;236;JARDIM SANTA EMILIA;79093450;(67)99110-7698;CAMPO GRANDE;500270;SAO GABRIEL DO OESTE;500769;7002084;UNIDADE DE SAUDE DA FAMILIA IX;F;06.05.2026;FELIPE_NERIS;06.05.2026;FELIPE_NERIS;10.00;PENDENTE;Z010;06901507925;EVELYN KASSIA TUDISCO FERNANDES
666127230;0282063;0301010072;CONSULTA EM OTORRINOLARINGOLOGIA;78877326115;ANA PAULA CAVALIERI PONTES;15.05.2026;06:00;0;706002831583741;SIPRIANO SOUZA VARGAS;01.09.1962;63;766;MANOELINHA SOUZA DE VARGAS;LOTEAMENTO;ITAQUI;LOTE;76;ZONA RURAL;79490000;(67)99831-8203;SAO GABRIEL DO OESTE;500769;SAO GABRIEL DO OESTE;500769;6452116;CENTRO DE ESPECIALIDADES MEDICAS;M;07.05.2026;PATRICKMASIAGA;07.05.2026;PATRICKMASIAGA;10.00;CONFIRMADO;Z00;78877326115;ANA PAULA CAVALIERI PONTES
666130225;0015001;0301010072;CONSULTA EM OFTALMOLOGIA GERAL;45183520097;JONI HILDOR SCHWEICKARDT;28.05.2026;07:00;0;708407263164368;ILZA DA SILVA BISPO;01.09.1968;57;694;LEOPOLDINA CACERES DA SILVA;RUA;IRIO MOLINARI;;47;JARDIM PRIMAVERA;79490000;(67)99934-5786;SAO GABRIEL DO OESTE;500769;SAO GABRIEL DO OESTE;500769;2370964;UNIDADE DE SAUDE DA FAMILIA III;F;07.05.2026;ANACLAUDIA_NOGUEIRA;07.05.2026;ANACLAUDIA_NOGUEIRA;10.00;CONFIRMADO;H539;02611833974;HUDSON PERES DORIGAO BELISARIO DE SOUZA
666137333;0282081;0301010072;CONSULTA EM CIRURGIA GERAL;48047740172;EVA WILMA ABDO DOS SANTOS GUIMARAES;28.05.2026;08:00;0;705002066094655;MARIA DURVALINA DA SILVA MENDES;01.08.1960;65;791;MARIA BENEDITA DA SILVA;RUA;PERIQUITO;;245;FÊNIX;79491088;(67)99965-9433;SAO GABRIEL DO OESTE;500769;SAO GABRIEL DO OESTE;500769;6452116;CENTRO DE ESPECIALIDADES MEDICAS;F;07.05.2026;FERNANDACRISTINAALVES;07.05.2026;FERNANDACRISTINAALVES;10.00;CONFIRMADO;Z00;48047740172;EVA WILMA ABDO DOS SANTOS GUIMARAES
666148898;0282081;0301010072;CONSULTA EM CIRURGIA GERAL;48047740172;EVA WILMA ABDO DOS SANTOS GUIMARAES;25.05.2026;14:00;0;707401077939874;MARIA INES RODRIGUES;21.06.1983;43;516;ALBINA ROMEIRO RODRIGUES;RUA;DAS ANHUMAS;CASA;971;JARDIM GRAMADO;79491016;(67)99278-8904;SAO GABRIEL DO OESTE;500769;SAO GABRIEL DO OESTE;500769;6452116;CENTRO DE ESPECIALIDADES MEDICAS;F;07.05.2026;FERNANDACRISTINAALVES;07.05.2026;VANIA_MARIANO;10.00;PENDENTE;Z016;48047740172;EVA WILMA ABDO DOS SANTOS GUIMARAES
666150173;2300004;0301010072;CONSULTA EM CARDIOLOGIA;01110123175;ELY DONIZETH DE ASSIS JUNIOR;18.05.2026;06:30;0;707401077939874;MARIA INES RODRIGUES;21.06.1983;43;516;ALBINA ROMEIRO RODRIGUES;RUA;DAS ANHUMAS;CASA;971;JARDIM GRAMADO;79491016;(67)99278-8904;SAO GABRIEL DO OESTE;500769;SAO GABRIEL DO OESTE;500769;6452116;CENTRO DE ESPECIALIDADES MEDICAS;F;07.05.2026;FERNANDACRISTINAALVES;07.05.2026;VANIA_MARIANO;10.00;PENDENTE;Z016;48047740172;EVA WILMA ABDO DOS SANTOS GUIMARAES
666151390;0282063;0301010072;CONSULTA EM OTORRINOLARINGOLOGIA;78877326115;ANA PAULA CAVALIERI PONTES;15.05.2026;06:00;0;705000087621555;CREOMAR LIMA DE MOURA;25.04.1976;50;602;OSMILDA GARCIA DE LIMA;RUA;QUERO QUERO;CASA;342;FÊNIX;79490000;(67)99919-8385 / (67)99994-9561 / (67)99868-6230;SAO GABRIEL DO OESTE;500769;SAO GABRIEL DO OESTE;500769;6452116;CENTRO DE ESPECIALIDADES MEDICAS;M;07.05.2026;PATRICKMASIAGA;07.05.2026;PATRICKMASIAGA;10.00;PENDENTE;H669;;LUIZ FELIPE GUILHERME LACERDA
666162462;0282063;0301010072;CONSULTA EM OTORRINOLARINGOLOGIA;78877326115;ANA PAULA CAVALIERI PONTES;15.05.2026;06:00;0;706809779444625;LUIZ CARLOS DOS REIS FARIAS;12.03.1957;69;831;SEBASTIANA RAMOS DOS REIS FARIAS;RUA;SANTA ANA;;97;MILANI;79492090;(67)99896-6877;SAO GABRIEL DO OESTE;500769;SAO GABRIEL DO OESTE;500769;2370972;UNIDADE DE SAUDE DA FAMILIA MILANE II;M;07.05.2026;FLAVIA_RODRIGUES;07.05.2026;FLAVIA_RODRIGUES;10.00;CONFIRMADO;H931;02453491113;MILENA GUEDIN VARGAS
666166776;0282063;0301010072;CONSULTA EM OTORRINOLARINGOLOGIA;78877326115;ANA PAULA CAVALIERI PONTES;15.05.2026;07:30;0;706403115590989;SAMUEL ROMEIRO DOMICIANO;18.02.2012;14;172;EDERLI ROMEIRO FERNANDES PEREIRA;AVENIDA;SAO FRANCISCO;;824;CENTRO;79490025;(67)99135-7066;SAO GABRIEL DO OESTE;500769;SAO GABRIEL DO OESTE;500769;2591359;UNIDADE DE SAUDE DA FAMILIA V;M;07.05.2026;CHRISTIANEHELEN_FREITAS;07.05.2026;CHRISTIANEHELEN_FREITAS;10.00;CONFIRMADO;J343;04796956107;JULIANA DA ROCHA PEREIRA MENEZES
666170119;0320003;0211020036;ELETROCARDIOGRAMA;01110123175;ELY DONIZETH DE ASSIS JUNIOR;13.05.2026;08:00;0;704100175917872;MARILENE DE SOUZA DA SILVA;25.09.1965;60;729;IZOLINA DELACOLETTA;RUA;MINAS GERAIS;;2605;AMABILE MAFFISSONI;79490000;(67)3295-3222 / (67)99862-7501;SAO GABRIEL DO OESTE;500769;SAO GABRIEL DO OESTE;500769;6452116;CENTRO DE ESPECIALIDADES MEDICAS;F;07.05.2026;FERNANDACRISTINAALVES;07.05.2026;FERNANDACRISTINAALVES;5.15;PENDENTE;Z016;01110123175;ELY DONIZETH DE ASSIS JUNIOR
666171266;0701224;0301010072;CONSULTA EM NEUROLOGIA - GERAL;22264073837;ANSELMO COSTA;26.05.2026;11:00;0;705002066094655;MARIA DURVALINA DA SILVA MENDES;01.08.1960;65;791;MARIA BENEDITA DA SILVA;RUA;PERIQUITO;;245;FÊNIX;79491088;(67)99965-9433;SAO GABRIEL DO OESTE;500769;SAO GABRIEL DO OESTE;500769;6452116;CENTRO DE ESPECIALIDADES MEDICAS;F;07.05.2026;ARI_CEM;07.05.2026;ARI_CEM;10.00;PENDENTE;Z00;22264073837;ANSELMO COSTA
666176801;0015001;0301010072;CONSULTA EM OFTALMOLOGIA GERAL;45183520097;JONI HILDOR SCHWEICKARDT;28.05.2026;07:00;0;706405678898086;MARIA APARECIDA CARLOS;12.08.1974;51;622;APARECIDA DOS SANTOS CARLOS;RUA;MENOTTI DEL PICCHIA;CASA;555;JARDIM ALVORADA;79490000;(67)99953-5772;SAO GABRIEL DO OESTE;500769;SAO GABRIEL DO OESTE;500769;7333218;UNIDADE DE SAUDE DA FAMILIA X;F;07.05.2026;RAISSASILVALIMA;07.05.2026;RAISSASILVALIMA;10.00;CONFIRMADO;Z010;63805480172;CLEDSON PERETTI
666192229;0282063;0301010072;CONSULTA EM OTORRINOLARINGOLOGIA;78877326115;ANA PAULA CAVALIERI PONTES;15.05.2026;07:30;0;700800928832985;IZAEL RODRIGUES GAMA;21.05.1980;46;553;ANTONIA RODRIGUES SOARES;RUA;DAS CURRUIRAS 1466/99999;;1872;FENIX;79491086;(67)99877-9234 / (67)99940-6334;SAO GABRIEL DO OESTE;500769;SAO GABRIEL DO OESTE;500769;2370999;UNIDADE DE SAUDE DA FAMILIA FENIX IV;M;07.05.2026;GUSTAVO_PIAIA;07.05.2026;GUSTAVO_PIAIA;10.00;CONFIRMADO;R070;96245646120;RAFAELLA MARIA COSTA GOIS DE FIGUEIREDO
666194133;0015001;0301010072;CONSULTA EM OFTALMOLOGIA GERAL;45183520097;JONI HILDOR SCHWEICKARDT;28.05.2026;09:00;0;708102588905136;IRINEU FREDERICO DALL AQUA;08.01.1957;69;833;LERI MIGUELINA BARROS DALL AQUA;RUA;MANOEL ROSA;;1035;PRIMO MAFFISSONI;79490258;(66)99694-9576 / (66)99642-1400;SAO GABRIEL DO OESTE;500769;SAO GABRIEL DO OESTE;500769;7333218;UNIDADE DE SAUDE DA FAMILIA X;M;07.05.2026;RAISSASILVALIMA;07.05.2026;RAISSASILVALIMA;10.00;CONFIRMADO;Z010;63805480172;CLEDSON PERETTI
666215413;0282063;0301010072;CONSULTA EM OTORRINOLARINGOLOGIA;78877326115;ANA PAULA CAVALIERI PONTES;22.05.2026;06:00;0;709609607318075;JUREMA GLOVASKI;19.03.1980;46;555;ZELIDE PELISONE;RUA;JOAO EVANGELISTA ROSA;;1479;PRIMO MAFFISSONI;79490000;(61)3315-2425;SAO GABRIEL DO OESTE;500769;SAO GABRIEL DO OESTE;500769;6452116;CENTRO DE ESPECIALIDADES MEDICAS;F;07.05.2026;PATRICKMASIAGA;07.05.2026;PATRICKMASIAGA;10.00;CONFIRMADO;Z016;78877326115;ANA PAULA CAVALIERI PONTES
666225484;0701224;0301010072;CONSULTA EM NEUROLOGIA - GERAL;22264073837;ANSELMO COSTA;26.05.2026;11:00;0;702409024210620;CLEBERSON BENTO DA SILVA;05.08.1993;32;395;ODETE BENTA DA SILVA;RUA;GAIVOTAS;CASA 01;1638;FENIX;79490000;(67)99896-4621;SAO GABRIEL DO OESTE;500769;SAO GABRIEL DO OESTE;500769;6452116;CENTRO DE ESPECIALIDADES MEDICAS;M;07.05.2026;FERNANDACRISTINAALVES;07.05.2026;FERNANDACRISTINAALVES;10.00;CONFIRMADO;Z016;22264073837;ANSELMO COSTA
666227933;3500022;0206020031;TOMOGRAFIA COMPUTADORIZADA DO TORAX SEM CONTRASTE;00125300006;MEDICOS SUS;13.05.2026;07:15;0;704209728871886;MILTON SILVEIRA;02.02.1947;79;953;MERCEDES ROSA SILVEIRA;RUA;PELICANOS;;1414;JARDIM GRAMADO;79490000;(67)99930-6515;SAO GABRIEL DO OESTE;500769;SAO GABRIEL DO OESTE;500769;6354265;CENTRAL DE REGULACAO DE SAO GABRIEL DO OESTE;M;07.05.2026;ELISANGELATEIXEIRA;08.05.2026;CLEIDIANE_REGULADOR;136.41;CONFIRMADO;J449;;RAFAEL CANDIDO MAIA
666242781;0299008;0301010072;CONSULTA EM CIRURGIA VASCULAR – GERAL;70808015087;CELIO HELEGDA;13.05.2026;08:00;0;708004815173621;UBIRAJARA ORTEGA;03.08.1942;83;1007;FRANCISCA TEODORA ORTEGA;RUA;ALBINO DE SOUZA BRANDAO;;841;CENTRO;79490000;(67)9944-3036;SAO GABRIEL DO OESTE;500769;SAO GABRIEL DO OESTE;500769;6452116;CENTRO DE ESPECIALIDADES MEDICAS;M;07.05.2026;PATRICKMASIAGA;07.05.2026;VANIA_MARIANO;10.00;PENDENTE;Z016;70808015087;CELIO HELEGDA
666243536;0320174;0301010072;CONSULTA EM PNEUMOLOGIA - GERAL;09028429603;BERNARDO MEDEIROS MAIA;15.05.2026;07:00;0;700009393209906;LEONIDAS RODRIGUES DA SILVA;03.04.1980;46;555;MARIA MADALENA DA CRUZ RODRIGUES;SITIO;PATATIVA;ASSENTAMENTO;17;AREA RURAL DE SAO GABRIEL DO OESTE;79493899;(67)99998-1915;SAO GABRIEL DO OESTE;500769;SAO GABRIEL DO OESTE;500769;3400964;UNIDADE DE SAUDE DA FAMILIA RURAL VII;M;07.05.2026;CLEIDIANE_RURALVII;07.05.2026;VANIA_MARIANO;10.00;CONFIRMADO;A199;00612619630;KALYNKA SILVIA HIGINO
666297874;0701224;0301010072;CONSULTA EM NEUROLOGIA - GERAL;22264073837;ANSELMO COSTA;26.05.2026;11:00;0;700400460429745;MARIA IRONI SANTANA VIEIRA;10.02.1949;77;928;NATALIA DE PAULA SANTANA;RUA;PATATIVAS;;265;FENIX;79490000;(67)99844-0687;SAO GABRIEL DO OESTE;500769;SAO GABRIEL DO OESTE;500769;6452116;CENTRO DE ESPECIALIDADES MEDICAS;F;07.05.2026;FERNANDACRISTINAALVES;07.05.2026;FERNANDACRISTINAALVES;10.00;CONFIRMADO;Z016;00125300006;MEDICOS SUS
666307538;0701224;0301010072;CONSULTA EM NEUROLOGIA - GERAL;22264073837;ANSELMO COSTA;26.05.2026;11:00;0;702000827563788;FERNANDO DA SILVA;12.01.1942;84;1013;LAURA MARIA DE JESUS;RUA;TICO-TICO;;332;FENIX;79491096;(67)99648-9854 / (67)99946-7787;SAO GABRIEL DO OESTE;500769;SAO GABRIEL DO OESTE;500769;2370999;UNIDADE DE SAUDE DA FAMILIA FENIX IV;M;07.05.2026;GUSTAVO_PIAIA;07.05.2026;VANIA_MARIANO;10.00;CONFIRMADO;S060;;YASMIM YAIME PAIVA DE ARAUJO
666318799;0701224;0301010072;CONSULTA EM NEUROLOGIA - GERAL;22264073837;ANSELMO COSTA;26.05.2026;13:00;0;700507199072554;FIDELCINA PERSI BRAGA;10.12.1953;72;870;SANTINA MILANIN PERSI;RUA;SANTA MARIA;;4;MILANI;79492074;(67)99690-8153;SAO GABRIEL DO OESTE;500769;SAO GABRIEL DO OESTE;500769;6452116;CENTRO DE ESPECIALIDADES MEDICAS;F;07.05.2026;FERNANDACRISTINAALVES;07.05.2026;FERNANDACRISTINAALVES;10.00;CONFIRMADO;Z016;00125300006;MEDICOS SUS
666335169;0110002;0301010072;CONSULTA EM ORTOPEDIA - GERAL;93393539191;RODOLFO FABIANO NIZ BAREIRO;14.05.2026;12:30;0;700002888698409;LAURA RODRIGUES LUGO;05.07.2023;03;36;DAIANE ROBERTO RODRIGUES;RUA;CASTANHEIRA;CASA;354;SAO CRISTOVAO;79490000;(67)99678-3748;SAO GABRIEL DO OESTE;500769;SAO GABRIEL DO OESTE;500769;6452116;CENTRO DE ESPECIALIDADES MEDICAS;F;07.05.2026;FERNANDACRISTINAALVES;07.05.2026;VANIA_MARIANO;10.00;PENDENTE;Z016;93393539191;RODOLFO FABIANO NIZ BAREIRO
666344018;3500062;0206030010;TOMOGRAFIA COMPUTADORIZADA DO ABDOMEN SUPERIOR SEM CONTRASTE;00125300006;MEDICOS SUS;14.05.2026;08:45;0;707104858784720;VALDECIR MALACARNE;11.06.1969;57;684;IZOLDA SIEGA MALACARNE;AVENIDA;CASTELO BRANCO;CASA;1669;PRIMO MAFFISSONI;79490000;(67)99643-8596 / (67)99644-9751;SAO GABRIEL DO OESTE;500769;SAO GABRIEL DO OESTE;500769;6354265;CENTRAL DE REGULACAO DE SAO GABRIEL DO OESTE;M;07.05.2026;ELIETE_SAOGABRIEL;08.05.2026;CLEIDIANE_REGULADOR;138.63;CONFIRMADO;R104;65742103653;SOLICITANTE_SAO GABRIEL DO OESTE
666344018;3500046;0206030037;TOMOGRAFIA COMPUTADORIZADA DE PELVE OU BACIA SEM CONTRASTE;00125300006;MEDICOS SUS;14.05.2026;08:45;0;707104858784720;VALDECIR MALACARNE;11.06.1969;57;684;IZOLDA SIEGA MALACARNE;AVENIDA;CASTELO BRANCO;CASA;1669;PRIMO MAFFISSONI;79490000;(67)99643-8596 / (67)99644-9751;SAO GABRIEL DO OESTE;500769;SAO GABRIEL DO OESTE;500769;6354265;CENTRAL DE REGULACAO DE SAO GABRIEL DO OESTE;M;07.05.2026;ELIETE_SAOGABRIEL;08.05.2026;CLEIDIANE_REGULADOR;138.63;CONFIRMADO;R104;65742103653;SOLICITANTE_SAO GABRIEL DO OESTE
666344308;0015001;0301010072;CONSULTA EM OFTALMOLOGIA GERAL;45183520097;JONI HILDOR SCHWEICKARDT;28.05.2026;14:00;0;706206097079267;ANDRESSA VITORIA CASSIANO DA SILVA;30.07.2010;15;191;EVANDA DA SILVA GONCALVES;RUA;DAS JABUTICABAS;CASA;806;VILA NOVA;79415000;(67)99673-1346;SONORA;500793;SAO GABRIEL DO OESTE;500769;3400964;UNIDADE DE SAUDE DA FAMILIA RURAL VII;F;07.05.2026;DULCINEIA_MOCCELIN;07.05.2026;DULCINEIA_MOCCELIN;10.00;CONFIRMADO;Z010;02453491113;MILENA GUEDIN VARGAS
666346234;0282063;0301010072;CONSULTA EM OTORRINOLARINGOLOGIA;78877326115;ANA PAULA CAVALIERI PONTES;15.05.2026;07:30;0;707405090601974;ADRIANO FERREIRA DOS SANTOS;13.02.1991;35;424;ELIANE WILBERT;RUA;CAMBARA;;646;FLOR DO CERRADO;79490000;(67)99692-9540;SAO GABRIEL DO OESTE;500769;SAO GABRIEL DO OESTE;500769;7002084;UNIDADE DE SAUDE DA FAMILIA IX;M;07.05.2026;FELIPE_NERIS;07.05.2026;FELIPE_NERIS;10.00;PENDENTE;J351;06901507925;EVELYN KASSIA TUDISCO FERNANDES
666347302;3500119;0206030037;TOMOGRAFIA COMPUTADORIZADA DE PELVE / BACIA / ABDOMEN INFERIOR;00125300006;MEDICOS SUS;13.05.2026;07:45;0;703208626341293;ALEXANDRA SORGATO;01.05.1976;50;602;MARIA FRANCISCA SORGATO;RUA;GOIAS;;665;CENTRO;79490000;(67)99958-1840;SAO GABRIEL DO OESTE;500769;SAO GABRIEL DO OESTE;500769;6354265;CENTRAL DE REGULACAO DE SAO GABRIEL DO OESTE;F;07.05.2026;ELIETE_SAOGABRIEL;08.05.2026;CLEIDIANE_REGULADOR;138.63;CONFIRMADO;K402;65742103653;SOLICITANTE_SAO GABRIEL DO OESTE
666363863;2300004;0301010072;CONSULTA EM CARDIOLOGIA;01110123175;ELY DONIZETH DE ASSIS JUNIOR;20.05.2026;06:30;0;709204232667934;ASSUNCAO ALEM;15.08.1956;69;838;FELIPA MACHADO;RUA;ESTUDANTE SONI BORTOLI;CASA;684;PRIMO MAFFISSONI;79490274;(67)98481-1142;SAO GABRIEL DO OESTE;500769;SAO GABRIEL DO OESTE;500769;6452116;CENTRO DE ESPECIALIDADES MEDICAS;F;07.05.2026;PATRICKMASIAGA;07.05.2026;VANIA_MARIANO;10.00;PENDENTE;Z016;01110123175;ELY DONIZETH DE ASSIS JUNIOR
666365104;0320003;0211020036;ELETROCARDIOGRAMA;01110123175;ELY DONIZETH DE ASSIS JUNIOR;08.05.2026;08:00;0;709500693831670;VALDECI RIBEIRO DOS SANTOS CRUZ;18.06.1966;60;720;LEODINA RIBEIRO DOS SANTOS;RUA;DONA ELVIRA;CASA;1090;MILANI;79490000;(67)9629-3332;SAO GABRIEL DO OESTE;500769;SAO GABRIEL DO OESTE;500769;2370972;UNIDADE DE SAUDE DA FAMILIA MILANE II;F;07.05.2026;FLAVIA_RODRIGUES;07.05.2026;FLAVIA_RODRIGUES;5.15;PENDENTE;S826;;RODOLFO P ZAMBOLIN
666396394;3516007;0301010072;CONSULTA EM UROLOGIA - GERAL;04349392181;ANTONIO AUGUSTO PALOMBO MENDES;21.05.2026;08:00;0;709203260542538;ANDERSON AUGUSTO LEME;11.10.1978;47;572;MARLI AUGUSTO LEME;RUA;TUIUIU;;393;JARDIM GRAMADO;79490000;(67)99628-3726;SAO GABRIEL DO OESTE;500769;SAO GABRIEL DO OESTE;500769;6452116;CENTRO DE ESPECIALIDADES MEDICAS;M;08.05.2026;PATRICKMASIAGA;08.05.2026;VANIA_MARIANO;10.00;CONFIRMADO;Z00;04349392181;ANTONIO AUGUSTO PALOMBO MENDES
666397443;3500068;0206010044;TOMOGRAFIA COMPUTADORIZADA DE FACE OU SEIOS DE FACE SEM CONTRASTE;00125300006;MEDICOS SUS;15.05.2026;07:15;0;704806048758243;MARTA ANDRADE BARBOSA SERPA;17.01.1965;61;737;LIBERALINA ANDRADE BARBOSA;RUA;BAHIA;;2275;CENTRO;79490000;(67)99905-7920;SAO GABRIEL DO OESTE;500769;SAO GABRIEL DO OESTE;500769;6354265;CENTRAL DE REGULACAO DE SAO GABRIEL DO OESTE;F;08.05.2026;CLEIDIANE_REGULADOR;08.05.2026;CLEIDIANE_REGULADOR;86.75;CONFIRMADO;R104;;ALCIDES EDUARDO EIBEL
666397443;3500304;0206030037;TOMOGRAFIA COMPUTADORIZADA  DE PELVE / BACIA/ ABDOMEN INFERIOR COM CONTRASTE ;00125300006;MEDICOS SUS;15.05.2026;07:15;0;704806048758243;MARTA ANDRADE BARBOSA SERPA;17.01.1965;61;737;LIBERALINA ANDRADE BARBOSA;RUA;BAHIA;;2275;CENTRO;79490000;(67)99905-7920;SAO GABRIEL DO OESTE;500769;SAO GABRIEL DO OESTE;500769;6354265;CENTRAL DE REGULACAO DE SAO GABRIEL DO OESTE;F;08.05.2026;CLEIDIANE_REGULADOR;08.05.2026;CLEIDIANE_REGULADOR;138.63;CONFIRMADO;R104;;ALCIDES EDUARDO EIBEL
666397443;3500063;0206030010;TOMOGRAFIA COMPUTADORIZADA DO ABDOMEN SUPERIOR COM CONTRASTE;00125300006;MEDICOS SUS;15.05.2026;07:15;0;704806048758243;MARTA ANDRADE BARBOSA SERPA;17.01.1965;61;737;LIBERALINA ANDRADE BARBOSA;RUA;BAHIA;;2275;CENTRO;79490000;(67)99905-7920;SAO GABRIEL DO OESTE;500769;SAO GABRIEL DO OESTE;500769;6354265;CENTRAL DE REGULACAO DE SAO GABRIEL DO OESTE;F;08.05.2026;CLEIDIANE_REGULADOR;08.05.2026;CLEIDIANE_REGULADOR;138.63;CONFIRMADO;R104;;ALCIDES EDUARDO EIBEL
666397837;3500069;0206010044;TOMOGRAFIA COMPUTADORIZADA DE FACE OU SEIOS DE FACE COM CONTRASTE;00125300006;MEDICOS SUS;08.05.2026;14:30;0;707804620067118;NILZA ZORRILHA NEUVALD;26.05.1971;55;661;BRANDINA DE FREITAS ZORRILHA;RUA;AMAZONAS;;2742;AMABILE MAFFISSONI;79490000;(67)99663-4107;SAO GABRIEL DO OESTE;500769;SAO GABRIEL DO OESTE;500769;8176132;CASA ROSA;F;08.05.2026;ARIROSA;08.05.2026;VANIA_MARIANO;86.75;CONFIRMADO;Z00;;VICTOR R SOUZA 
666398191;0701224;0301010072;CONSULTA EM NEUROLOGIA - GERAL;22264073837;ANSELMO COSTA;26.05.2026;13:00;0;709002880218312;JOSE BARBOSA DA SILVA;21.05.1940;86;1033;JOSEFA BARBOSA DA CONCEICAO;FAZENDA;ITAQUI;;143;ZONA RURAL;79490000;(67)9656-5455;SAO GABRIEL DO OESTE;500769;SAO GABRIEL DO OESTE;500769;6452116;CENTRO DE ESPECIALIDADES MEDICAS;M;08.05.2026;FERNANDACRISTINAALVES;08.05.2026;FERNANDACRISTINAALVES;10.00;CONFIRMADO;Z00;22264073837;ANSELMO COSTA
666400141;1703204;0211020044;HOLTER 24 HORAS;01110123175;ELY DONIZETH DE ASSIS JUNIOR;14.05.2026;09:00;0;700505333734054;ISAC ARCE BENITES;10.01.1939;87;1049;ROSINHA ARCE;RUA;PATATIVA;;186;FENIX;79491100;(67)99919-4143;SAO GABRIEL DO OESTE;500769;SAO GABRIEL DO OESTE;500769;6452116;CENTRO DE ESPECIALIDADES MEDICAS;M;08.05.2026;FERNANDACRISTINAALVES;08.05.2026;FERNANDACRISTINAALVES;30.00;CONFIRMADO;I48;99746328115;GUSTAVO TRINDADE DE QUEIROZ
666405125;0320174;0301010072;CONSULTA EM PNEUMOLOGIA - GERAL;09028429603;BERNARDO MEDEIROS MAIA;19.05.2026;13:00;0;700003091587104;LUIZ CARLOS DE SOUZA;11.12.1956;69;834;LIDIA RASSI DE SOUZA;RUA;SARACURA;FUNDOS;683;JARDIM GRAMADO;79490000;(67)9902-0276;SAO GABRIEL DO OESTE;500769;SAO GABRIEL DO OESTE;500769;2370980;UNIDADE DE SAUDE DA FAMILIA JARDIM GRAMADO I;M;08.05.2026;ELIANI_MOREIRA;08.05.2026;VANIA_MARIANO;10.00;CONFIRMADO;R060;01454652179;MAYARA MARIA MELKE GUIMARAES
666405818;0108001;0205010032;ECOCARDIOGRAMA TRANSTORACICO;01110123175;ELY DONIZETH DE ASSIS JUNIOR;18.05.2026;13:00;0;706200703413270;ISAAC DE ALMEIDA;31.10.1946;79;956;MARIA MAGNOLIA DE ALMEIDA;AREA;LAR COOPERATIVA;;S/N;AREA RURAL DE SAO GABRIEL DO OESTE;79493899;(51)99632-4537;SAO GABRIEL DO OESTE;500769;SAO GABRIEL DO OESTE;500769;6452116;CENTRO DE ESPECIALIDADES MEDICAS;M;08.05.2026;FERNANDACRISTINAALVES;08.05.2026;FERNANDACRISTINAALVES;67.86;CONFIRMADO;Z712;99746328115;GUSTAVO TRINDADE DE QUEIROZ
666405875;1407044;0211020060;TESTE DE ESFORCO OU TESTE ERGOMETRICO;01110123175;ELY DONIZETH DE ASSIS JUNIOR;18.05.2026;13:00;0;706200703413270;ISAAC DE ALMEIDA;31.10.1946;79;956;MARIA MAGNOLIA DE ALMEIDA;AREA;LAR COOPERATIVA;;S/N;AREA RURAL DE SAO GABRIEL DO OESTE;79493899;(51)99632-4537;SAO GABRIEL DO OESTE;500769;SAO GABRIEL DO OESTE;500769;6452116;CENTRO DE ESPECIALIDADES MEDICAS;M;08.05.2026;FERNANDACRISTINAALVES;08.05.2026;FERNANDACRISTINAALVES;30.00;CONFIRMADO;Z712;99746328115;GUSTAVO TRINDADE DE QUEIROZ
666409037;2300004;0301010072;CONSULTA EM CARDIOLOGIA;99746328115;GUSTAVO TRINDADE DE QUEIROZ;22.05.2026;07:30;0;706200703413270;ISAAC DE ALMEIDA;31.10.1946;79;956;MARIA MAGNOLIA DE ALMEIDA;AREA;LAR COOPERATIVA;;S/N;AREA RURAL DE SAO GABRIEL DO OESTE;79493899;(51)99632-4537;SAO GABRIEL DO OESTE;500769;SAO GABRIEL DO OESTE;500769;6452116;CENTRO DE ESPECIALIDADES MEDICAS;M;08.05.2026;FERNANDACRISTINAALVES;08.05.2026;VANIA_MARIANO;10.00;PENDENTE;Z00;99746328115;GUSTAVO TRINDADE DE QUEIROZ
666411747;0320003;0211020036;ELETROCARDIOGRAMA;01110123175;ELY DONIZETH DE ASSIS JUNIOR;13.05.2026;08:00;0;700002642846908;IVETE MARIA CORREA;19.01.1964;62;749;JANUARIA ANTONIO PEREIRA;RUA;FILINTO MULLER;;485;MILANI;79492100;(67)99819-2618;SAO GABRIEL DO OESTE;500769;SAO GABRIEL DO OESTE;500769;2370972;UNIDADE DE SAUDE DA FAMILIA MILANE II;F;08.05.2026;FLAVIA_RODRIGUES;08.05.2026;FLAVIA_RODRIGUES;5.15;PENDENTE;Z00;02453491113;MILENA GUEDIN VARGAS
666414027;0015001;0301010072;CONSULTA EM OFTALMOLOGIA GERAL;45183520097;JONI HILDOR SCHWEICKARDT;28.05.2026;07:00;0;700502324109557;MARIA EDUARDA DA SILVA COLOMBO;22.12.2012;13;162;PATRICIA DA SILVA COLOMBO;RUA;JACARANDA;;285;FLOR DO CERRADO;79490000;(67)99803-3787;SAO GABRIEL DO OESTE;500769;SAO GABRIEL DO OESTE;500769;7002084;UNIDADE DE SAUDE DA FAMILIA IX;F;08.05.2026;FELIPE_NERIS;08.05.2026;FELIPE_NERIS;10.00;CONFIRMADO;Z010;06901507925;EVELYN KASSIA TUDISCO FERNANDES
666414197;2300004;0301010072;CONSULTA EM CARDIOLOGIA;01110123175;ELY DONIZETH DE ASSIS JUNIOR;13.05.2026;07:30;0;702905524105275;JOE LUCIANER;09.10.1944;81;980;VISIA ROAVA LUCIANER;RUA;MARTIMINIANO ALVES DIAS;;297;CENTRO;79490000;(67)3295-2930 / (67)99208-0907;SAO GABRIEL DO OESTE;500769;SAO GABRIEL DO OESTE;500769;6452116;CENTRO DE ESPECIALIDADES MEDICAS;M;08.05.2026;PATRICKMASIAGA;08.05.2026;VANIA_MARIANO;10.00;PENDENTE;C443;;JOVINO NOGUEIRA
666419874;0282063;0301010072;CONSULTA EM OTORRINOLARINGOLOGIA;78877326115;ANA PAULA CAVALIERI PONTES;15.05.2026;07:00;0;708201613848046;LUCIANA DA SILVA DOS SANTOS;13.06.1984;42;504;LUZIA DA SILVA DOS SANTOS;RUA;ESPIRITO SANTO;;2913;JARDIM PRIMAVERA;79490000;(67)3295-1902;SAO GABRIEL DO OESTE;500769;SAO GABRIEL DO OESTE;500769;6452116;CENTRO DE ESPECIALIDADES MEDICAS;F;08.05.2026;FERNANDACRISTINAALVES;08.05.2026;FERNANDACRISTINAALVES;10.00;CONFIRMADO;Z016;78877326115;ANA PAULA CAVALIERI PONTES
666421452;0110002;0301010072;CONSULTA EM ORTOPEDIA - GERAL;89074033172;ROGERIO PADOVANI TOFFOLI;08.05.2026;14:00;0;705506466638910;VAL KESSYA DOS SANTOS DE ALMEIDA MARQUES;15.09.1990;35;429;MARLI DOS SANTOS DE ALMEIDA;RUA;ANGICO;;271;SAO CRISTOVAO;79491188;(67)99106-0010;SAO GABRIEL DO OESTE;500769;SAO GABRIEL DO OESTE;500769;7002084;UNIDADE DE SAUDE DA FAMILIA IX;F;08.05.2026;FELIPE_NERIS;08.05.2026;VANIA_MARIANO;10.00;PENDENTE;M751;06901507925;EVELYN KASSIA TUDISCO FERNANDES
666425504;0015001;0301010072;CONSULTA EM OFTALMOLOGIA GERAL;45183520097;JONI HILDOR SCHWEICKARDT;28.05.2026;09:00;0;700500958381852;ANA DA SILVA RODRIGUES;20.03.1999;27;327;MARIA DO SOCORRO DA SILVA;RUA;CURIO 1466/99999;;1753;FENIX;79491082;(87)3873-5689;SAO GABRIEL DO OESTE;500769;SAO GABRIEL DO OESTE;500769;2370999;UNIDADE DE SAUDE DA FAMILIA FENIX IV;F;08.05.2026;GUSTAVO_PIAIA;08.05.2026;GUSTAVO_PIAIA;10.00;PENDENTE;Z010;00703866176;ALCIDES EDUARDO EIBEL
666432851;2300004;0301010072;CONSULTA EM CARDIOLOGIA;01110123175;ELY DONIZETH DE ASSIS JUNIOR;19.05.2026;06:30;0;702002840550084;COSME BARBOSA COSTA;12.07.1968;57;695;VALDEVINA BARBOSA DA COSTA;RUA;MARIA SEVERO;CASA;2231;PRIMO MAFFISSONI;79490000;(67)99912-9387;SAO GABRIEL DO OESTE;500769;SAO GABRIEL DO OESTE;500769;6452116;CENTRO DE ESPECIALIDADES MEDICAS;M;08.05.2026;FERNANDACRISTINAALVES;08.05.2026;VANIA_MARIANO;10.00;CONFIRMADO;Z00;01110123175;ELY DONIZETH DE ASSIS JUNIOR
666437065;0110002;0301010072;CONSULTA EM ORTOPEDIA - GERAL;32389571808;RODOLFO PELISSARI ZAMBOLIN;14.05.2026;12:30;0;700200479008623;MAICO DIEGO ALVES DA SILVA;30.06.1988;38;456;MARIA APARECIDA ALVES LIMA DA SILVA;RUA;PERDIZES;;328;JARDIM GRAMADO;79490000;(61)3315-2425;SAO GABRIEL DO OESTE;500769;SAO GABRIEL DO OESTE;500769;6452116;CENTRO DE ESPECIALIDADES MEDICAS;M;08.05.2026;FERNANDACRISTINAALVES;08.05.2026;VANIA_MARIANO;10.00;PENDENTE;S836;;GEOVANNA BEATRIZ DE ARRUDA E SILVA
666440485;0299008;0301010072;CONSULTA EM CIRURGIA VASCULAR – GERAL;70808015087;CELIO HELEGDA;20.05.2026;06:30;0;700207425103527;ELISDAN FERREIRA SILVA;25.09.1973;52;633;MARIA VALDECI FERREIRA SILVA;RUA;EUGÊNIO FERREIRA DA CUNHA;;1092;AMABILE MAFISSONI;79490000;(47)99731-7874;SAO GABRIEL DO OESTE;500769;SAO GABRIEL DO OESTE;500769;6452116;CENTRO DE ESPECIALIDADES MEDICAS;F;08.05.2026;PATRICKMASIAGA;13.05.2026;VANIA_MARIANO;10.00;PENDENTE;I83;;EVELYN KASSIA 
666441024;0110002;0301010072;CONSULTA EM ORTOPEDIA - GERAL;89074033172;ROGERIO PADOVANI TOFFOLI;15.05.2026;12:30;0;700306994034730;BRAYAN ANDRADE PEDRO;25.06.2023;03;36;AIRAM KELLEN JHAQUELINE PINTO ANDRADE;AVENIDA;SAO FRANCISCO 1/2399;;2189;PRIMO MAFFISSONI;79490250;(67)99804-6093;SAO GABRIEL DO OESTE;500769;SAO GABRIEL DO OESTE;500769;6452116;CENTRO DE ESPECIALIDADES MEDICAS;M;08.05.2026;FERNANDACRISTINAALVES;08.05.2026;VANIA_MARIANO;10.00;CONFIRMADO;Z00;;FERNANDA MARA
666441594;3500022;0206020031;TOMOGRAFIA COMPUTADORIZADA DO TORAX SEM CONTRASTE;00125300006;MEDICOS SUS;26.05.2026;07:15;0;700507199072554;FIDELCINA PERSI BRAGA;10.12.1953;72;870;SANTINA MILANIN PERSI;RUA;SANTA MARIA;;4;MILANI;79492074;(67)99690-8153;SAO GABRIEL DO OESTE;500769;SAO GABRIEL DO OESTE;500769;6354265;CENTRAL DE REGULACAO DE SAO GABRIEL DO OESTE;F;08.05.2026;ELISANGELATEIXEIRA;22.05.2026;CLEIDIANE_REGULADOR;136.41;CONFIRMADO;J448;;BERNARDO MEDEIROS MAIA
666442809;0110002;0301010072;CONSULTA EM ORTOPEDIA - GERAL;04469955680;DANIEL ROCHA DO CARMO;25.05.2026;12:30;0;700503777851159;IVANILDE SGUAREZI IAGUZESKI;07.02.1949;77;929;AURORA SPANHOLI;RUA;DOS ROUXINOIS;;1442;SAO CRISTOVAO;79491200;(67)99664-9955;SAO GABRIEL DO OESTE;500769;SAO GABRIEL DO OESTE;500769;6452116;CENTRO DE ESPECIALIDADES MEDICAS;F;08.05.2026;CLEIDIANE_CEM;08.05.2026;VANIA_MARIANO;10.00;CONFIRMADO;M51;32111630187;JOSE EDACYR SIMM
666444515;0282063;0301010072;CONSULTA EM OTORRINOLARINGOLOGIA;78877326115;ANA PAULA CAVALIERI PONTES;15.05.2026;07:00;0;706006392062444;RAVI FURTADO DA CRUZ;11.06.2025;01;12;CINTIA DA CRUZ;RUA;PEDRO SEGATTO;;249;FENIX;79491062;(67)99210-6672;SAO GABRIEL DO OESTE;500769;SAO GABRIEL DO OESTE;500769;6452116;CENTRO DE ESPECIALIDADES MEDICAS;M;08.05.2026;PATRICKMASIAGA;08.05.2026;PATRICKMASIAGA;10.00;CONFIRMADO;Z00;;LEDA MARIA PAES
666447200;3500022;0206020031;TOMOGRAFIA COMPUTADORIZADA DO TORAX SEM CONTRASTE;00125300006;MEDICOS SUS;25.05.2026;07:15;0;702802187530160;MENDEZ CONTI PANIAGO;19.11.1994;31;379;ISTELINA CONTI;RUA;HILARIO NICARETTA;;1831;PRIMO MAFFISSONI;79490000;(67)9925-0633;SAO GABRIEL DO OESTE;500769;SAO GABRIEL DO OESTE;500769;6452116;CENTRO DE ESPECIALIDADES MEDICAS;M;08.05.2026;PATRICKMASIAGA;22.05.2026;CLEIDIANE_REGULADOR;136.41;PENDENTE;R074;;CLEDSON PERETTI
666449183;0320003;0211020036;ELETROCARDIOGRAMA;01110123175;ELY DONIZETH DE ASSIS JUNIOR;13.05.2026;14:00;0;705107337564540;SANDRA COROMOTO MIJARES RAMOS;11.09.1987;38;465;SILVIA JOSEFINA RAMOS LOPEZ;RUA;ALAGOAS 1/2399;;1579;PRIMO MAFFISSONI;79490258;(95)3592-1007;SAO GABRIEL DO OESTE;500769;SAO GABRIEL DO OESTE;500769;7333218;UNIDADE DE SAUDE DA FAMILIA X;F;08.05.2026;RAISSASILVALIMA;08.05.2026;RAISSASILVALIMA;5.15;PENDENTE;Z00;63805480172;CLEDSON PERETTI
666450966;0077026;0205010040;ULTRA-SONOGRAFIA DOPPLER DE CAROTIDAS E VERTEBRAIS;01110123175;ELY DONIZETH DE ASSIS JUNIOR;20.05.2026;09:00;0;706902179427633;PATRICIO VIEIRA DE FREITAS;04.11.1965;60;728;CONSTANTINA VIEIRA;RUA;CASTANHEIRA;CASA;247;SAO CRISTOVAO;79490000;(67)99961-3113;SAO GABRIEL DO OESTE;500769;SAO GABRIEL DO OESTE;500769;6452116;CENTRO DE ESPECIALIDADES MEDICAS;M;08.05.2026;PATRICKMASIAGA;13.05.2026;VANIA_MARIANO;39.60;CONFIRMADO;Z016;01110123175;ELY DONIZETH DE ASSIS JUNIOR
666465318;0505002;0211020052;MONITORIZACAO AMBULATORIAL DE PRESSAO ARTERIAL (M.A.P.A)                                            ;01110123175;ELY DONIZETH DE ASSIS JUNIOR;14.05.2026;09:00;0;707405035264570;MARIA CLEUCIR LEJANOSKI DE SOUZA;15.12.1969;56;678;FLORENTINA DO NASCIMENTO LEJANOSKI;RUA;DAS ACACIAS;;65;JARDIM PRIMAVERA;79490144;(67)99948-5645;SAO GABRIEL DO OESTE;500769;SAO GABRIEL DO OESTE;500769;6452116;CENTRO DE ESPECIALIDADES MEDICAS;F;08.05.2026;FERNANDACRISTINAALVES;08.05.2026;FERNANDACRISTINAALVES;10.07;CONFIRMADO;I10;99746328115;GUSTAVO TRINDADE DE QUEIROZ
666465794;0108001;0205010032;ECOCARDIOGRAMA TRANSTORACICO;01110123175;ELY DONIZETH DE ASSIS JUNIOR;18.05.2026;09:00;0;707405035264570;MARIA CLEUCIR LEJANOSKI DE SOUZA;15.12.1969;56;678;FLORENTINA DO NASCIMENTO LEJANOSKI;RUA;DAS ACACIAS;;65;JARDIM PRIMAVERA;79490144;(67)99948-5645;SAO GABRIEL DO OESTE;500769;SAO GABRIEL DO OESTE;500769;6452116;CENTRO DE ESPECIALIDADES MEDICAS;F;08.05.2026;FERNANDACRISTINAALVES;08.05.2026;FERNANDACRISTINAALVES;67.86;CONFIRMADO;I10;99746328115;GUSTAVO TRINDADE DE QUEIROZ
666471216;0015001;0301010072;CONSULTA EM OFTALMOLOGIA GERAL;45183520097;JONI HILDOR SCHWEICKARDT;28.05.2026;09:00;0;700608980627865;CAROLINA NOGUEIRA DE ARAUJO;26.09.2003;22;273;LISANDRA NOGUEIRA;RUA;GREGORIANA;CASA;07;PRIMO MAFFISSONI;79490000;(67)99998-7955;SAO GABRIEL DO OESTE;500769;SAO GABRIEL DO OESTE;500769;7333218;UNIDADE DE SAUDE DA FAMILIA X;F;08.05.2026;RAISSASILVALIMA;08.05.2026;RAISSASILVALIMA;10.00;CONFIRMADO;Z010;63805480172;CLEDSON PERETTI
666472191;0299008;0301010072;CONSULTA EM CIRURGIA VASCULAR – GERAL;70808015087;CELIO HELEGDA;27.05.2026;06:30;0;704602106219522;DELZA ROSA FERREIRA;08.06.1957;69;828;INACIA ROSA FERREIRA;LOTEAMENTO;PATATIVAS;LOTE;35;ZONA RURAL;79493899;(67)99274-0028 / (67)99612-8199;SAO GABRIEL DO OESTE;500769;SAO GABRIEL DO OESTE;500769;6452116;CENTRO DE ESPECIALIDADES MEDICAS;F;08.05.2026;PATRICKMASIAGA;08.05.2026;VANIA_MARIANO;10.00;CONFIRMADO;Z016;70808015087;CELIO HELEGDA
666472859;2300004;0301010072;CONSULTA EM CARDIOLOGIA;01110123175;ELY DONIZETH DE ASSIS JUNIOR;18.05.2026;07:30;0;703000893320179;LOURIVAL FORMIGONI;24.08.1948;77;934;LEONILDA MARQUES FORMIGONI;RUA;ESTUDANTE ELIAS BORGMAM;;1872;PRIMO MAFFISSONI;79490000;(67)9632-3316;SAO GABRIEL DO OESTE;500769;SAO GABRIEL DO OESTE;500769;6452116;CENTRO DE ESPECIALIDADES MEDICAS;M;08.05.2026;PATRICKMASIAGA;08.05.2026;VANIA_MARIANO;10.00;PENDENTE;Z016;01110123175;ELY DONIZETH DE ASSIS JUNIOR
666473598;0015001;0301010072;CONSULTA EM OFTALMOLOGIA GERAL;45183520097;JONI HILDOR SCHWEICKARDT;28.05.2026;09:00;0;701805229842771;THAMIS PAULA ZAMPIVA;24.04.1995;31;374;CLAUDIA APARECIDA DA ROSA ZAMPIVA;RUA;EUGENIO FERREIRA DA CUNHA 1/1199;CASA 02;207;AMABILE MAFFISSONI;79490074;(67)99651-9124;SAO GABRIEL DO OESTE;500769;SAO GABRIEL DO OESTE;500769;7333218;UNIDADE DE SAUDE DA FAMILIA X;F;08.05.2026;RAISSASILVALIMA;08.05.2026;RAISSASILVALIMA;10.00;PENDENTE;Z010;;ALCIDES EDUARDO EIBEL
666477742;0110002;0301010072;CONSULTA EM ORTOPEDIA - GERAL;93393539191;RODOLFO FABIANO NIZ BAREIRO;14.05.2026;12:30;0;705604467687610;ROSELI OLIVEIRA DA SILVA LIMA;01.05.1972;54;650;MARIA APARECIDA OLIVEIRA DA SILVA;RUA;JOAO EVANGELISTA ROSA;CASA;1500;PRIMO MAFFISSONI;79490000;(67)99676-9703;SAO GABRIEL DO OESTE;500769;SAO GABRIEL DO OESTE;500769;6452116;CENTRO DE ESPECIALIDADES MEDICAS;F;08.05.2026;PATRICKMASIAGA;08.05.2026;VANIA_MARIANO;10.00;PENDENTE;Z016;93393539191;RODOLFO FABIANO NIZ BAREIRO
666486573;0701224;0301010072;CONSULTA EM NEUROLOGIA - GERAL;22264073837;ANSELMO COSTA;26.05.2026;13:00;0;700205961525123;GUIOMAR BELCHIOR DA SILVA;22.10.1950;75;908;MARIA PEREIRA MARTINS;FAZENDA;LAGEADO;;S/N;ZONA RURAL;79490000;(67)99955-8093;SAO GABRIEL DO OESTE;500769;SAO GABRIEL DO OESTE;500769;6452116;CENTRO DE ESPECIALIDADES MEDICAS;F;08.05.2026;PATRICKMASIAGA;08.05.2026;PATRICKMASIAGA;10.00;PENDENTE;Z016;22264073837;ANSELMO COSTA
666486996;0701224;0301010072;CONSULTA EM NEUROLOGIA - GERAL;22264073837;ANSELMO COSTA;26.05.2026;13:00;0;700808446126386;CATARINA VIRGINIA LEMES LARA;17.08.1945;80;970;MARIA CLAUDINA DOS SANTOS;RUA;CURIO;;1402;JARDIM GRAMADO;79490000;(67)9681-0226 / (67)99681-0226;SAO GABRIEL DO OESTE;500769;SAO GABRIEL DO OESTE;500769;5971055;UNIDADE DE SAUDE DA FAMILIA VIII;F;08.05.2026;JESSICAPADILHA;08.05.2026;JESSICAPADILHA;10.00;CONFIRMADO;R51;04805244160;RENNAN ORTIZ BUENO
666492309;0108001;0205010032;ECOCARDIOGRAMA TRANSTORACICO;01110123175;ELY DONIZETH DE ASSIS JUNIOR;20.05.2026;09:00;0;704004375330667;LUZIA TANIA DE SOUZA DOS SANTOS;13.11.1979;46;559;RAIMUNDA MARIA DE JESUS SOUZA;RUA;MANOEL ROSA;CASA;564;CENTRO;79490000;(67)99961-1796;SAO GABRIEL DO OESTE;500769;SAO GABRIEL DO OESTE;500769;6452116;CENTRO DE ESPECIALIDADES MEDICAS;F;08.05.2026;PATRICKMASIAGA;08.05.2026;PATRICKMASIAGA;67.86;CONFIRMADO;Z016;99746328115;GUSTAVO TRINDADE DE QUEIROZ
666492468;1407044;0211020060;TESTE DE ESFORCO OU TESTE ERGOMETRICO;01110123175;ELY DONIZETH DE ASSIS JUNIOR;20.05.2026;13:00;0;704004375330667;LUZIA TANIA DE SOUZA DOS SANTOS;13.11.1979;46;559;RAIMUNDA MARIA DE JESUS SOUZA;RUA;MANOEL ROSA;CASA;564;CENTRO;79490000;(67)99961-1796;SAO GABRIEL DO OESTE;500769;SAO GABRIEL DO OESTE;500769;6452116;CENTRO DE ESPECIALIDADES MEDICAS;F;08.05.2026;PATRICKMASIAGA;08.05.2026;PATRICKMASIAGA;30.00;CONFIRMADO;Z016;99746328115;GUSTAVO TRINDADE DE QUEIROZ
666492599;0505002;0211020052;MONITORIZACAO AMBULATORIAL DE PRESSAO ARTERIAL (M.A.P.A)                                            ;01110123175;ELY DONIZETH DE ASSIS JUNIOR;21.05.2026;09:00;0;704004375330667;LUZIA TANIA DE SOUZA DOS SANTOS;13.11.1979;46;559;RAIMUNDA MARIA DE JESUS SOUZA;RUA;MANOEL ROSA;CASA;564;CENTRO;79490000;(67)99961-1796;SAO GABRIEL DO OESTE;500769;SAO GABRIEL DO OESTE;500769;6452116;CENTRO DE ESPECIALIDADES MEDICAS;F;08.05.2026;PATRICKMASIAGA;08.05.2026;PATRICKMASIAGA;10.07;CONFIRMADO;Z016;99746328115;GUSTAVO TRINDADE DE QUEIROZ
666496862;2300004;0301010072;CONSULTA EM CARDIOLOGIA;01110123175;ELY DONIZETH DE ASSIS JUNIOR;26.05.2026;06:30;0;704004375330667;LUZIA TANIA DE SOUZA DOS SANTOS;13.11.1979;46;559;RAIMUNDA MARIA DE JESUS SOUZA;RUA;MANOEL ROSA;CASA;564;CENTRO;79490000;(67)99961-1796;SAO GABRIEL DO OESTE;500769;SAO GABRIEL DO OESTE;500769;8176132;CASA ROSA;F;08.05.2026;TAINAOLIVEIRA;08.05.2026;VANIA_MARIANO;10.00;CONFIRMADO;Z00;;GUSTAVO TRINDADE DE QUEIROZ
666498613;0108001;0205010032;ECOCARDIOGRAMA TRANSTORACICO;01110123175;ELY DONIZETH DE ASSIS JUNIOR;20.05.2026;09:00;0;701005876261699;JOSE CANDIDO DE ALMEIDA RIQUINHO;01.03.1960;66;796;RODOLFINA DE ALMEIDA;RUA;DONA ELVIRA;;1260;MILANI;79490000;(67)99980-3517 / (67)99982-9636;SAO GABRIEL DO OESTE;500769;SAO GABRIEL DO OESTE;500769;6452116;CENTRO DE ESPECIALIDADES MEDICAS;M;08.05.2026;PATRICKMASIAGA;08.05.2026;PATRICKMASIAGA;67.86;CONFIRMADO;Z016;01110123175;ELY DONIZETH DE ASSIS JUNIOR
666498731;1407044;0211020060;TESTE DE ESFORCO OU TESTE ERGOMETRICO;01110123175;ELY DONIZETH DE ASSIS JUNIOR;20.05.2026;09:00;0;701005876261699;JOSE CANDIDO DE ALMEIDA RIQUINHO;01.03.1960;66;796;RODOLFINA DE ALMEIDA;RUA;DONA ELVIRA;;1260;MILANI;79490000;(67)99980-3517 / (67)99982-9636;SAO GABRIEL DO OESTE;500769;SAO GABRIEL DO OESTE;500769;6452116;CENTRO DE ESPECIALIDADES MEDICAS;M;08.05.2026;PATRICKMASIAGA;08.05.2026;PATRICKMASIAGA;30.00;CONFIRMADO;Z016;01110123175;ELY DONIZETH DE ASSIS JUNIOR
666498833;0505002;0211020052;MONITORIZACAO AMBULATORIAL DE PRESSAO ARTERIAL (M.A.P.A)                                            ;01110123175;ELY DONIZETH DE ASSIS JUNIOR;21.05.2026;09:00;0;701005876261699;JOSE CANDIDO DE ALMEIDA RIQUINHO;01.03.1960;66;796;RODOLFINA DE ALMEIDA;RUA;DONA ELVIRA;;1260;MILANI;79490000;(67)99980-3517 / (67)99982-9636;SAO GABRIEL DO OESTE;500769;SAO GABRIEL DO OESTE;500769;6452116;CENTRO DE ESPECIALIDADES MEDICAS;M;08.05.2026;PATRICKMASIAGA;08.05.2026;PATRICKMASIAGA;10.07;CONFIRMADO;Z016;01110123175;ELY DONIZETH DE ASSIS JUNIOR
666499234;0320174;0301010072;CONSULTA EM PNEUMOLOGIA - GERAL;09028429603;BERNARDO MEDEIROS MAIA;28.05.2026;12:30;0;704009861947067;LUIZA SILVA DE JESUS;12.08.1970;55;670;MARIA DELMIRO DA SILVA DE JESUS;RUA;SARACURA 1466/99999;;1871;FENIX;79491072;(67)99805-6451 / (67)99875-6186;SAO GABRIEL DO OESTE;500769;SAO GABRIEL DO OESTE;500769;6354265;CENTRAL DE REGULACAO DE SAO GABRIEL DO OESTE;F;08.05.2026;VANIA_MARIANO;08.05.2026;VANIA_MARIANO;10.00;CONFIRMADO;E66;00125300006;MEDICOS SUS
666499492;0320174;0301010072;CONSULTA EM PNEUMOLOGIA - GERAL;09028429603;BERNARDO MEDEIROS MAIA;28.05.2026;12:30;0;700808900503186;GRACIELE RIBEIRO DIAS;02.11.1983;42;512;MARINILCE RIBEIRO;RUA;QUERO-QUERO;143;1542;SÃO CRISTOVÃO;79491202;(67)99238-7560;SAO GABRIEL DO OESTE;500769;SAO GABRIEL DO OESTE;500769;6354265;CENTRAL DE REGULACAO DE SAO GABRIEL DO OESTE;F;08.05.2026;VANIA_MARIANO;08.05.2026;VANIA_MARIANO;10.00;CONFIRMADO;Z00;00125300006;MEDICOS SUS
666499737;0320174;0301010072;CONSULTA EM PNEUMOLOGIA - GERAL;09028429603;BERNARDO MEDEIROS MAIA;28.05.2026;12:30;0;705803411155130;JUDITE EMA HARDT;30.04.1954;72;866;ADELIA BUZELATO PENSO;RUA;SERGIPE;CASA;505;COHAB IV;79490000;(67)3295-1080 / (67)99924-0705;SAO GABRIEL DO OESTE;500769;SAO GABRIEL DO OESTE;500769;6354265;CENTRAL DE REGULACAO DE SAO GABRIEL DO OESTE;F;08.05.2026;VANIA_MARIANO;08.05.2026;VANIA_MARIANO;10.00;PENDENTE;G473;00125300006;MEDICOS SUS
666499986;0320174;0301010072;CONSULTA EM PNEUMOLOGIA - GERAL;09028429603;BERNARDO MEDEIROS MAIA;28.05.2026;12:30;0;703201652542598;MARA LUCIA DA SILVA DIAS ANDRADE;01.11.1974;51;620;JULIA DA SILVA;RUA;K;;1040;CIDADE JARDIM 2;79492136;(67)99680-7855;SAO GABRIEL DO OESTE;500769;SAO GABRIEL DO OESTE;500769;6354265;CENTRAL DE REGULACAO DE SAO GABRIEL DO OESTE;F;08.05.2026;VANIA_MARIANO;08.05.2026;VANIA_MARIANO;10.00;CONFIRMADO;Z00;00125300006;MEDICOS SUS
666500224;0320174;0301010072;CONSULTA EM PNEUMOLOGIA - GERAL;09028429603;BERNARDO MEDEIROS MAIA;28.05.2026;12:30;0;700008823561404;LEONINA DE FREITAS BARBOSA;21.03.1942;84;1011;OLIVIA FURTADO;RUA;PATATIVA;;174;FENIX;79491100;(66)99998-8658 / (67)99866-3490;SAO GABRIEL DO OESTE;500769;SAO GABRIEL DO OESTE;500769;6354265;CENTRAL DE REGULACAO DE SAO GABRIEL DO OESTE;F;08.05.2026;VANIA_MARIANO;08.05.2026;VANIA_MARIANO;10.00;PENDENTE;Z00;00125300006;MEDICOS SUS
666500429;0320174;0301010072;CONSULTA EM PNEUMOLOGIA - GERAL;09028429603;BERNARDO MEDEIROS MAIA;28.05.2026;12:30;0;705606466968715;JOSE DAVID DA SILVA;02.01.1954;72;870;INES MARIA DA SILVA;RUA;TICO-TICO;;90;FENIX;79491096;(67)99935-7083 / (67)99175-9577;SAO GABRIEL DO OESTE;500769;SAO GABRIEL DO OESTE;500769;6354265;CENTRAL DE REGULACAO DE SAO GABRIEL DO OESTE;M;08.05.2026;VANIA_MARIANO;08.05.2026;VANIA_MARIANO;10.00;PENDENTE;Z00;00125300006;MEDICOS SUS
666500632;0320174;0301010072;CONSULTA EM PNEUMOLOGIA - GERAL;09028429603;BERNARDO MEDEIROS MAIA;28.05.2026;12:30;0;706009845843445;EDNA SILVIA LEMES DE QUEIROZ;11.10.1970;55;668;IDALZEMA SIQUEIRA LEMES;RUA;IPE;;229;SAO CRISTOVAO;79490000;(67)9955-6136;SAO GABRIEL DO OESTE;500769;SAO GABRIEL DO OESTE;500769;6354265;CENTRAL DE REGULACAO DE SAO GABRIEL DO OESTE;F;08.05.2026;VANIA_MARIANO;08.05.2026;VANIA_MARIANO;10.00;CONFIRMADO;Z00;00125300006;MEDICOS SUS
666500839;0320174;0301010072;CONSULTA EM PNEUMOLOGIA - GERAL;09028429603;BERNARDO MEDEIROS MAIA;28.05.2026;12:30;0;703103822607760;MARIA SEBASTIANA DOS SANTOS;24.11.1940;85;1027;VALDOMIRA DOS SANTOS;RUA;MENOTTI DELL PICCHIA;CASA;1725;JARDIM ALVORADA;79490000;(67)99657-8229 / (67)99676-9041;SAO GABRIEL DO OESTE;500769;SAO GABRIEL DO OESTE;500769;6354265;CENTRAL DE REGULACAO DE SAO GABRIEL DO OESTE;F;08.05.2026;VANIA_MARIANO;08.05.2026;VANIA_MARIANO;10.00;PENDENTE;Z00;00125300006;MEDICOS SUS
666503111;0077026;0205010040;ULTRA-SONOGRAFIA DOPPLER DE CAROTIDAS E VERTEBRAIS;01110123175;ELY DONIZETH DE ASSIS JUNIOR;20.05.2026;09:00;0;700205961525123;GUIOMAR BELCHIOR DA SILVA;22.10.1950;75;908;MARIA PEREIRA MARTINS;FAZENDA;LAGEADO;;S/N;ZONA RURAL;79490000;(67)99955-8093;SAO GABRIEL DO OESTE;500769;SAO GABRIEL DO OESTE;500769;6452116;CENTRO DE ESPECIALIDADES MEDICAS;F;08.05.2026;PATRICKMASIAGA;08.05.2026;PATRICKMASIAGA;39.60;CONFIRMADO;Z016;01110123175;ELY DONIZETH DE ASSIS JUNIOR
666503390;0108001;0205010032;ECOCARDIOGRAMA TRANSTORACICO;01110123175;ELY DONIZETH DE ASSIS JUNIOR;20.05.2026;13:00;0;700205961525123;GUIOMAR BELCHIOR DA SILVA;22.10.1950;75;908;MARIA PEREIRA MARTINS;FAZENDA;LAGEADO;;S/N;ZONA RURAL;79490000;(67)99955-8093;SAO GABRIEL DO OESTE;500769;SAO GABRIEL DO OESTE;500769;6452116;CENTRO DE ESPECIALIDADES MEDICAS;F;08.05.2026;PATRICKMASIAGA;08.05.2026;PATRICKMASIAGA;67.86;CONFIRMADO;Z016;01110123175;ELY DONIZETH DE ASSIS JUNIOR
666503634;1703204;0211020044;HOLTER 24 HORAS;01110123175;ELY DONIZETH DE ASSIS JUNIOR;21.05.2026;09:00;0;700205961525123;GUIOMAR BELCHIOR DA SILVA;22.10.1950;75;908;MARIA PEREIRA MARTINS;FAZENDA;LAGEADO;;S/N;ZONA RURAL;79490000;(67)99955-8093;SAO GABRIEL DO OESTE;500769;SAO GABRIEL DO OESTE;500769;6452116;CENTRO DE ESPECIALIDADES MEDICAS;F;08.05.2026;PATRICKMASIAGA;08.05.2026;PATRICKMASIAGA;30.00;CONFIRMADO;Z016;01110123175;ELY DONIZETH DE ASSIS JUNIOR
666503844;0505002;0211020052;MONITORIZACAO AMBULATORIAL DE PRESSAO ARTERIAL (M.A.P.A)                                            ;01110123175;ELY DONIZETH DE ASSIS JUNIOR;21.05.2026;09:00;0;700205961525123;GUIOMAR BELCHIOR DA SILVA;22.10.1950;75;908;MARIA PEREIRA MARTINS;FAZENDA;LAGEADO;;S/N;ZONA RURAL;79490000;(67)99955-8093;SAO GABRIEL DO OESTE;500769;SAO GABRIEL DO OESTE;500769;6452116;CENTRO DE ESPECIALIDADES MEDICAS;F;08.05.2026;PATRICKMASIAGA;08.05.2026;PATRICKMASIAGA;10.07;CONFIRMADO;Z016;01110123175;ELY DONIZETH DE ASSIS JUNIOR
666508239;0701224;0301010072;CONSULTA EM NEUROLOGIA - GERAL;22264073837;ANSELMO COSTA;26.05.2026;13:00;0;707807679632019;MARCOS ANTONIO SILVA GOMES;24.10.2008;17;212;DEBORA DA SILVA SANTOS;AVENIDA;TUIUIU;;982;JARDIM GRAMADO;79490000;(67)99223-4948;SAO GABRIEL DO OESTE;500769;SAO GABRIEL DO OESTE;500769;6452116;CENTRO DE ESPECIALIDADES MEDICAS;M;08.05.2026;PATRICKMASIAGA;08.05.2026;PATRICKMASIAGA;10.00;CONFIRMADO;Z016;22264073837;ANSELMO COSTA
666541369;0108001;0205010032;ECOCARDIOGRAMA TRANSTORACICO;01110123175;ELY DONIZETH DE ASSIS JUNIOR;18.05.2026;09:00;0;700306954745733;NELSON MARTINS DE AMORIM;18.07.1953;72;875;MARIA PEREIRA MARTINS;RUA;PIRATINI;CASA;298;MILANI;79490000;(67)99958-0441;SAO GABRIEL DO OESTE;500769;SAO GABRIEL DO OESTE;500769;6452116;CENTRO DE ESPECIALIDADES MEDICAS;M;08.05.2026;PATRICKMASIAGA;08.05.2026;PATRICKMASIAGA;67.86;CONFIRMADO;R071;99746328115;GUSTAVO TRINDADE DE QUEIROZ
666542097;0505002;0211020052;MONITORIZACAO AMBULATORIAL DE PRESSAO ARTERIAL (M.A.P.A)                                            ;01110123175;ELY DONIZETH DE ASSIS JUNIOR;14.05.2026;09:00;0;700306954745733;NELSON MARTINS DE AMORIM;18.07.1953;72;875;MARIA PEREIRA MARTINS;RUA;PIRATINI;CASA;298;MILANI;79490000;(67)99958-0441;SAO GABRIEL DO OESTE;500769;SAO GABRIEL DO OESTE;500769;6452116;CENTRO DE ESPECIALIDADES MEDICAS;M;08.05.2026;PATRICKMASIAGA;08.05.2026;PATRICKMASIAGA;10.07;CONFIRMADO;R071;99746328115;GUSTAVO TRINDADE DE QUEIROZ
666542668;0015001;0301010072;CONSULTA EM OFTALMOLOGIA GERAL;45183520097;JONI HILDOR SCHWEICKARDT;28.05.2026;09:00;0;708207632622045;JOAO VINICIUS RODRIGUES MIRANDA;08.01.2009;17;209;LEIDE RODRIGUES DA SILVA OLIVIERA;CHACARA;2 IPE;;S/N;ASSENTAMENTO PATATIVA;79490000;(67)99829-9318;SAO GABRIEL DO OESTE;500769;SAO GABRIEL DO OESTE;500769;2591359;UNIDADE DE SAUDE DA FAMILIA V;M;08.05.2026;CHRISTIANEHELEN_FREITAS;08.05.2026;CHRISTIANEHELEN_FREITAS;10.00;PENDENTE;Z010;;ANA PAULA C PONTES
666542876;1407044;0211020060;TESTE DE ESFORCO OU TESTE ERGOMETRICO;01110123175;ELY DONIZETH DE ASSIS JUNIOR;19.05.2026;09:00;0;700306954745733;NELSON MARTINS DE AMORIM;18.07.1953;72;875;MARIA PEREIRA MARTINS;RUA;PIRATINI;CASA;298;MILANI;79490000;(67)99958-0441;SAO GABRIEL DO OESTE;500769;SAO GABRIEL DO OESTE;500769;6452116;CENTRO DE ESPECIALIDADES MEDICAS;M;08.05.2026;PATRICKMASIAGA;08.05.2026;PATRICKMASIAGA;30.00;CONFIRMADO;R071;99746328115;GUSTAVO TRINDADE DE QUEIROZ
666554261;0282063;0301010072;CONSULTA EM OTORRINOLARINGOLOGIA;78877326115;ANA PAULA CAVALIERI PONTES;15.05.2026;07:00;0;704307582488495;LEANDRA DE SOUZA CORREA;22.06.1998;28;336;MARGARETH ALVES DE SOUZA;AREA;BELA MIRAGEM;;S/N;AREA RURAL DE SAO GABRIEL DO OESTE;79493899;(67)99627-7291;SAO GABRIEL DO OESTE;500769;SAO GABRIEL DO OESTE;500769;3400964;UNIDADE DE SAUDE DA FAMILIA RURAL VII;F;08.05.2026;DULCINEIA_MOCCELIN;08.05.2026;DULCINEIA_MOCCELIN;10.00;PENDENTE;J352;00612619630;KALYNKA SILVIA HIGINO
666559791;0108001;0205010032;ECOCARDIOGRAMA TRANSTORACICO;01110123175;ELY DONIZETH DE ASSIS JUNIOR;18.05.2026;09:00;0;700400460429745;MARIA IRONI SANTANA VIEIRA;10.02.1949;77;928;NATALIA DE PAULA SANTANA;RUA;PATATIVAS;;265;FENIX;79490000;(67)99844-0687;SAO GABRIEL DO OESTE;500769;SAO GABRIEL DO OESTE;500769;6452116;CENTRO DE ESPECIALIDADES MEDICAS;F;08.05.2026;PATRICKMASIAGA;08.05.2026;PATRICKMASIAGA;67.86;PENDENTE;Z00;99746328115;GUSTAVO TRINDADE DE QUEIROZ
666559991;0505002;0211020052;MONITORIZACAO AMBULATORIAL DE PRESSAO ARTERIAL (M.A.P.A)                                            ;01110123175;ELY DONIZETH DE ASSIS JUNIOR;14.05.2026;09:00;0;700400460429745;MARIA IRONI SANTANA VIEIRA;10.02.1949;77;928;NATALIA DE PAULA SANTANA;RUA;PATATIVAS;;265;FENIX;79490000;(67)99844-0687;SAO GABRIEL DO OESTE;500769;SAO GABRIEL DO OESTE;500769;6452116;CENTRO DE ESPECIALIDADES MEDICAS;F;08.05.2026;PATRICKMASIAGA;08.05.2026;PATRICKMASIAGA;10.07;PENDENTE;Z00;99746328115;GUSTAVO TRINDADE DE QUEIROZ
666560242;0077026;0205010040;ULTRA-SONOGRAFIA DOPPLER DE CAROTIDAS E VERTEBRAIS;01110123175;ELY DONIZETH DE ASSIS JUNIOR;13.05.2026;09:00;0;700400460429745;MARIA IRONI SANTANA VIEIRA;10.02.1949;77;928;NATALIA DE PAULA SANTANA;RUA;PATATIVAS;;265;FENIX;79490000;(67)99844-0687;SAO GABRIEL DO OESTE;500769;SAO GABRIEL DO OESTE;500769;6452116;CENTRO DE ESPECIALIDADES MEDICAS;F;08.05.2026;PATRICKMASIAGA;08.05.2026;PATRICKMASIAGA;39.60;CONFIRMADO;Z00;99746328115;GUSTAVO TRINDADE DE QUEIROZ
666560421;0282063;0301010072;CONSULTA EM OTORRINOLARINGOLOGIA;78877326115;ANA PAULA CAVALIERI PONTES;15.05.2026;07:00;0;703205669430295;MARIA SOPHIA GONCALVES FOGACA FERREIRA;15.02.2018;08;100;SUZAN MARY GONCALVES DA SILVA FERREIRA;RUA;ARARAS;CASA;2388;FENIX;79490000;(67)99941-8332;SAO GABRIEL DO OESTE;500769;SAO GABRIEL DO OESTE;500769;6452116;CENTRO DE ESPECIALIDADES MEDICAS;F;08.05.2026;FERNANDACRISTINAALVES;08.05.2026;FERNANDACRISTINAALVES;10.00;CONFIRMADO;Z016;78877326115;ANA PAULA CAVALIERI PONTES
666561299;0015001;0301010072;CONSULTA EM OFTALMOLOGIA GERAL;45183520097;JONI HILDOR SCHWEICKARDT;28.05.2026;07:00;0;709804047745198;FRANCISCO ALVES DA SILVA;03.03.1973;53;640;ALDENICE MARIA DA SILVA;RUA;DAS GAIVOTAS 1466/99999;;2359;FENIX;79491094;(67)99886-1337;SAO GABRIEL DO OESTE;500769;SAO GABRIEL DO OESTE;500769;2370999;UNIDADE DE SAUDE DA FAMILIA FENIX IV;M;08.05.2026;GUSTAVO_PIAIA;08.05.2026;VANIA_MARIANO;10.00;PENDENTE;Z010;00703866176;ALCIDES EDUARDO EIBEL
666563098;0505002;0211020052;MONITORIZACAO AMBULATORIAL DE PRESSAO ARTERIAL (M.A.P.A)                                            ;01110123175;ELY DONIZETH DE ASSIS JUNIOR;14.05.2026;13:00;0;700008162953609;JUSSELDA MACHADO FONSECA;06.10.1954;71;861;THEREZINHA DE JESUS DA SILVA MACHADO;RUA;SANTA MARIA;;15;MILANI;79492074;(67)99801-0330;SAO GABRIEL DO OESTE;500769;SAO GABRIEL DO OESTE;500769;6452116;CENTRO DE ESPECIALIDADES MEDICAS;F;08.05.2026;PATRICKMASIAGA;08.05.2026;PATRICKMASIAGA;10.07;PENDENTE;I10;99746328115;GUSTAVO TRINDADE DE QUEIROZ
666563838;2300004;0301010072;CONSULTA EM CARDIOLOGIA;01110123175;ELY DONIZETH DE ASSIS JUNIOR;19.05.2026;06:30;0;705006621662950;ANTONIO JORGE DA SILVA;30.05.1963;63;757;DORVALINA SANTANA DA SILVA;AVENIDA;MATO GROSSO DO SUL;;2472;CENTRO;79490000;(67)3295-3736 / (67)99940-3649;SAO GABRIEL DO OESTE;500769;SAO GABRIEL DO OESTE;500769;6452116;CENTRO DE ESPECIALIDADES MEDICAS;M;08.05.2026;FERNANDACRISTINAALVES;08.05.2026;VANIA_MARIANO;10.00;PENDENTE;Z016;89074033172;ROGERIO PADOVANI TOFFOLI
666564582;3516007;0301010072;CONSULTA EM UROLOGIA - GERAL;04349392181;ANTONIO AUGUSTO PALOMBO MENDES;14.05.2026;06:20;0;700009427737209;ROZINEIDE ALVES FERREIRA;05.10.1968;57;693;MARIA PIA FERREIRA;RUA;DOS CANARIOS 1466/99999;;1625;FENIX;79491078;(67)99988-7150;SAO GABRIEL DO OESTE;500769;SAO GABRIEL DO OESTE;500769;6354265;CENTRAL DE REGULACAO DE SAO GABRIEL DO OESTE;F;08.05.2026;VANIA_MARIANO;08.05.2026;VANIA_MARIANO;10.00;CONFIRMADO;Z936;;VANIA GOMES MARIANO
666575681;0320174;0301010072;CONSULTA EM PNEUMOLOGIA - GERAL;09028429603;BERNARDO MEDEIROS MAIA;21.05.2026;13:00;0;701701261004570;CLAUDIO OSMAR DE OLIVEIRA;14.08.1973;52;634;IVA SILVA;RUA;ARARAS;;1865;CONJ FENIX;79490000;(67)9860-0917;SAO GABRIEL DO OESTE;500769;SAO GABRIEL DO OESTE;500769;6452116;CENTRO DE ESPECIALIDADES MEDICAS;M;08.05.2026;FERNANDACRISTINAALVES;08.05.2026;VANIA_MARIANO;10.00;CONFIRMADO;Z016;00125300006;MEDICOS SUS
666577874;0108001;0205010032;ECOCARDIOGRAMA TRANSTORACICO;01110123175;ELY DONIZETH DE ASSIS JUNIOR;26.05.2026;09:00;0;702403595717624;BELONISIA FRANCISCA MENDONCA;02.09.1951;74;898;ALBERTINA DE SOUZA E SILVA;RUA;SARACURA;;276;JARDIM GRAMADO;79490000;(67)9919-6816;SAO GABRIEL DO OESTE;500769;SAO GABRIEL DO OESTE;500769;2370980;UNIDADE DE SAUDE DA FAMILIA JARDIM GRAMADO I;F;08.05.2026;ELIANI_MOREIRA;19.05.2026;VANIA_MARIANO;67.86;CONFIRMADO;L10;;GUSTAVO TRINDADE DE QUEIROZ
666578344;0505002;0211020052;MONITORIZACAO AMBULATORIAL DE PRESSAO ARTERIAL (M.A.P.A)                                            ;01110123175;ELY DONIZETH DE ASSIS JUNIOR;29.05.2026;13:00;0;702403595717624;BELONISIA FRANCISCA MENDONCA;02.09.1951;74;898;ALBERTINA DE SOUZA E SILVA;RUA;SARACURA;;276;JARDIM GRAMADO;79490000;(67)9919-6816;SAO GABRIEL DO OESTE;500769;SAO GABRIEL DO OESTE;500769;2370980;UNIDADE DE SAUDE DA FAMILIA JARDIM GRAMADO I;F;08.05.2026;ELIANI_MOREIRA;19.05.2026;VANIA_MARIANO;10.07;CONFIRMADO;L10;;GUSTAVO TRINDADE DE QUEIROZ
666585181;0505002;0211020052;MONITORIZACAO AMBULATORIAL DE PRESSAO ARTERIAL (M.A.P.A)                                            ;01110123175;ELY DONIZETH DE ASSIS JUNIOR;22.05.2026;13:00;0;703202654565596;MARIZETE DA SILVA DIVINO;06.06.1984;42;505;MARIA DA SILVA DIVINO;RUA;TANGARA;;347;FÊNIX;79490000;(67)99948-5904 / (67)99948-5904;SAO GABRIEL DO OESTE;500769;SAO GABRIEL DO OESTE;500769;6452116;CENTRO DE ESPECIALIDADES MEDICAS;F;08.05.2026;FERNANDACRISTINAALVES;08.05.2026;FERNANDACRISTINAALVES;10.07;CONFIRMADO;I10;99746328115;GUSTAVO TRINDADE DE QUEIROZ
666588787;0015001;0301010072;CONSULTA EM OFTALMOLOGIA GERAL;45183520097;JONI HILDOR SCHWEICKARDT;14.05.2026;07:00;1;702802624209062;SEBASTIANA DIAS DE MENDONCA;10.03.1955;71;855;JOANA DIAS DE MENDONCA;AVENIDA;DOM PEDRO I;;484;JARDIM PRIMAVERA;79490000;(67)99954-1992 / (67)9954-1992;SAO GABRIEL DO OESTE;500769;SAO GABRIEL DO OESTE;500769;6452116;CENTRO DE ESPECIALIDADES MEDICAS;F;08.05.2026;PATRICKMASIAGA;08.05.2026;VANIA_MARIANO;10.00;CONFIRMADO;Z016;08418818123;PATRICK RICHARD ARGUELHO MASIAGA
666600336;2300004;0301010072;CONSULTA EM CARDIOLOGIA;99746328115;GUSTAVO TRINDADE DE QUEIROZ;15.05.2026;13:00;0;701105361461980;NESTOR CARLOS GAONA CABELLO;26.02.1970;56;676;ELODIA CABELLO;RUA;ESPIRITO SANTOS;;1014;CENTRO;79490000;(67)9962-1742;SAO GABRIEL DO OESTE;500769;SAO GABRIEL DO OESTE;500769;6452116;CENTRO DE ESPECIALIDADES MEDICAS;M;08.05.2026;PATRICKMASIAGA;08.05.2026;VANIA_MARIANO;10.00;CONFIRMADO;Z016;98260570106;CLAUDIA REGINA DUARTE CAZZOLATO KHALIL
667199418;0015001;0301010072;CONSULTA EM OFTALMOLOGIA GERAL;45183520097;JONI HILDOR SCHWEICKARDT;28.05.2026;09:00;0;703001820089672;BRUNA DE OLIVEIRA LIMA;28.06.1996;30;360;ROSELI DE OLIVEIRA;RUA;ANGICO;;365;SÃO CRISTOVÃO;79490000;(67)99635-5551;SAO GABRIEL DO OESTE;500769;SAO GABRIEL DO OESTE;500769;7002084;UNIDADE DE SAUDE DA FAMILIA IX;F;12.05.2026;FELIPE_NERIS;12.05.2026;FELIPE_NERIS;10.00;PENDENTE;Z010;06901507925;EVELYN KASSIA TUDISCO FERNANDES
667199634;3500063;0206030010;TOMOGRAFIA COMPUTADORIZADA DO ABDOMEN SUPERIOR COM CONTRASTE;00125300006;MEDICOS SUS;25.05.2026;07:15;0;702105753646999;DJOVANA DJANADAYO RODRIGUES DE FREITAS;24.11.1988;37;451;VIRGINIA RODRIGUES DA FONSECA;RUA;AZULÃO;;1635;FÊNIX;79490000;(67)99239-1961;SAO GABRIEL DO OESTE;500769;SAO GABRIEL DO OESTE;500769;7002084;UNIDADE DE SAUDE DA FAMILIA IX;F;12.05.2026;FELIPE_NERIS;22.05.2026;CLEIDIANE_REGULADOR;138.63;CONFIRMADO;K86;06901507925;EVELYN KASSIA TUDISCO FERNANDES
667200159;0282063;0301010072;CONSULTA EM OTORRINOLARINGOLOGIA;78877326115;ANA PAULA CAVALIERI PONTES;22.05.2026;07:00;0;705603487324717;FLAVIO LEMES LIMA;23.02.2010;16;196;SINTIELE LEMES DOS SANTOS;RUA;CAMBARÁ;;725;FLOR DO CERRADO;79490000;(67)99882-9485;SAO GABRIEL DO OESTE;500769;SAO GABRIEL DO OESTE;500769;7002084;UNIDADE DE SAUDE DA FAMILIA IX;M;13.05.2026;FELIPE_NERIS;13.05.2026;FELIPE_NERIS;10.00;CONFIRMADO;J351;01415181110;ANGELA BENITES
667200235;0320003;0211020036;ELETROCARDIOGRAMA;01110123175;ELY DONIZETH DE ASSIS JUNIOR;15.05.2026;08:00;0;700002590528102;SHIRLEY DIAS VIEIRA;28.04.1985;41;494;FATIMA PEREIRA DIAS;RUA;ANGICO;CASA;736;FLOR DO CERRADO;79490000;(67)99926-7243;SAO GABRIEL DO OESTE;500769;SAO GABRIEL DO OESTE;500769;7002084;UNIDADE DE SAUDE DA FAMILIA IX;F;13.05.2026;FELIPE_NERIS;13.05.2026;FELIPE_NERIS;5.15;PENDENTE;Z000;01415181110;ANGELA BENITES
667212719;0320003;0211020036;ELETROCARDIOGRAMA;01110123175;ELY DONIZETH DE ASSIS JUNIOR;13.05.2026;08:00;0;705006621662950;ANTONIO JORGE DA SILVA;30.05.1963;63;757;DORVALINA SANTANA DA SILVA;AVENIDA;MATO GROSSO DO SUL;;2472;CENTRO;79490000;(67)3295-3736 / (67)99940-3649;SAO GABRIEL DO OESTE;500769;SAO GABRIEL DO OESTE;500769;6452116;CENTRO DE ESPECIALIDADES MEDICAS;M;13.05.2026;PATRICKMASIAGA;13.05.2026;PATRICKMASIAGA;5.15;PENDENTE;M751;89074033172;ROGERIO PADOVANI TOFFOLI
667221784;0077026;0205010040;ULTRA-SONOGRAFIA DOPPLER DE CAROTIDAS E VERTEBRAIS;01110123175;ELY DONIZETH DE ASSIS JUNIOR;19.05.2026;09:00;0;709801058868498;AMELIO CEZARIO GONCALVES MEDEIROS;10.07.1962;63;767;GENEZIA GONCALVES;RUA;DAS GAIVOTAS;;1626;JARDIM GRAMADO;79491018;(67)99842-8392;SAO GABRIEL DO OESTE;500769;SAO GABRIEL DO OESTE;500769;6452116;CENTRO DE ESPECIALIDADES MEDICAS;M;13.05.2026;ARI_CEM;13.05.2026;ARI_CEM;39.60;CONFIRMADO;I20;01110123175;ELY DONIZETH DE ASSIS JUNIOR
667221876;1407044;0211020060;TESTE DE ESFORCO OU TESTE ERGOMETRICO;01110123175;ELY DONIZETH DE ASSIS JUNIOR;19.05.2026;09:00;0;709801058868498;AMELIO CEZARIO GONCALVES MEDEIROS;10.07.1962;63;767;GENEZIA GONCALVES;RUA;DAS GAIVOTAS;;1626;JARDIM GRAMADO;79491018;(67)99842-8392;SAO GABRIEL DO OESTE;500769;SAO GABRIEL DO OESTE;500769;6452116;CENTRO DE ESPECIALIDADES MEDICAS;M;13.05.2026;ARI_CEM;13.05.2026;ARI_CEM;30.00;CONFIRMADO;I20;01110123175;ELY DONIZETH DE ASSIS JUNIOR
667222238;0108001;0205010032;ECOCARDIOGRAMA TRANSTORACICO;01110123175;ELY DONIZETH DE ASSIS JUNIOR;19.05.2026;09:00;0;709801058868498;AMELIO CEZARIO GONCALVES MEDEIROS;10.07.1962;63;767;GENEZIA GONCALVES;RUA;DAS GAIVOTAS;;1626;JARDIM GRAMADO;79491018;(67)99842-8392;SAO GABRIEL DO OESTE;500769;SAO GABRIEL DO OESTE;500769;6452116;CENTRO DE ESPECIALIDADES MEDICAS;M;13.05.2026;ARI_CEM;13.05.2026;ARI_CEM;67.86;CONFIRMADO;I20;01110123175;ELY DONIZETH DE ASSIS JUNIOR
667222607;0108001;0205010032;ECOCARDIOGRAMA TRANSTORACICO;01110123175;ELY DONIZETH DE ASSIS JUNIOR;20.05.2026;13:00;0;700408974132045;EPAMINONDAS GARCIA DE MENDONCA;05.11.1928;97;1172;MARIANA LUCIANA DE MENDONCA;AREA;PRINCIPAL 1;;69;AREA RURAL DE SAO GABRIEL DO OESTE;79493899;(67)99924-4255 / (67)99872-7535;SAO GABRIEL DO OESTE;500769;SAO GABRIEL DO OESTE;500769;6452116;CENTRO DE ESPECIALIDADES MEDICAS;M;13.05.2026;FERNANDACRISTINAALVES;13.05.2026;FERNANDACRISTINAALVES;67.86;CONFIRMADO;Z016;01110123175;ELY DONIZETH DE ASSIS JUNIOR
667230359;0077026;0205010040;ULTRA-SONOGRAFIA DOPPLER DE CAROTIDAS E VERTEBRAIS;01110123175;ELY DONIZETH DE ASSIS JUNIOR;18.05.2026;13:00;0;705001661733455;NAIR DOS ANJOS ALMEIDA;12.08.1948;77;934;GERONIMA OTALIA BARBOZA;RUA;QNO 11 CL G CS 31;;31;STO;79480000;(61)3374-0504;BRASILIA;530010;SAO GABRIEL DO OESTE;500769;6452116;CENTRO DE ESPECIALIDADES MEDICAS;F;13.05.2026;PATRICKMASIAGA;13.05.2026;PATRICKMASIAGA;39.60;CONFIRMADO;I10;01110123175;ELY DONIZETH DE ASSIS JUNIOR
667230420;0108001;0205010032;ECOCARDIOGRAMA TRANSTORACICO;01110123175;ELY DONIZETH DE ASSIS JUNIOR;18.05.2026;13:00;0;705001661733455;NAIR DOS ANJOS ALMEIDA;12.08.1948;77;934;GERONIMA OTALIA BARBOZA;RUA;QNO 11 CL G CS 31;;31;STO;79480000;(61)3374-0504;BRASILIA;530010;SAO GABRIEL DO OESTE;500769;6452116;CENTRO DE ESPECIALIDADES MEDICAS;F;13.05.2026;PATRICKMASIAGA;13.05.2026;PATRICKMASIAGA;67.86;CONFIRMADO;I10;01110123175;ELY DONIZETH DE ASSIS JUNIOR
667230980;0505002;0211020052;MONITORIZACAO AMBULATORIAL DE PRESSAO ARTERIAL (M.A.P.A)                                            ;01110123175;ELY DONIZETH DE ASSIS JUNIOR;14.05.2026;13:00;0;705001661733455;NAIR DOS ANJOS ALMEIDA;12.08.1948;77;934;GERONIMA OTALIA BARBOZA;RUA;QNO 11 CL G CS 31;;31;STO;79480000;(61)3374-0504;BRASILIA;530010;SAO GABRIEL DO OESTE;500769;6452116;CENTRO DE ESPECIALIDADES MEDICAS;F;13.05.2026;PATRICKMASIAGA;13.05.2026;PATRICKMASIAGA;10.07;PENDENTE;I10;01110123175;ELY DONIZETH DE ASSIS JUNIOR
667237123;1407044;0211020060;TESTE DE ESFORCO OU TESTE ERGOMETRICO;01110123175;ELY DONIZETH DE ASSIS JUNIOR;19.05.2026;13:00;0;707607233041993;MARINEZ DA SILVA;12.04.1975;51;614;LENIR TEREZINHA DE OLIVEIRA;RUA;BEM TE VI;;1661;CONJUNTO FENIX;79490000;(67)9841-0329;SAO GABRIEL DO OESTE;500769;SAO GABRIEL DO OESTE;500769;6452116;CENTRO DE ESPECIALIDADES MEDICAS;F;13.05.2026;PATRICKMASIAGA;13.05.2026;PATRICKMASIAGA;30.00;PENDENTE;I50;;ELIZA MARIA NOVAES
667239791;0110002;0301010072;CONSULTA EM ORTOPEDIA - GERAL;89074033172;ROGERIO PADOVANI TOFFOLI;15.05.2026;12:30;0;701406661109539;CAIO EDUARDO OLIVEIRA DUARTE;09.02.2012;14;172;CINTIA OLIVEIRA DE OLIVEIRA;RUA;ANHUMAS;;1567;JARDIM GRAMADO;79490000;(61)3315-2425;SAO GABRIEL DO OESTE;500769;SAO GABRIEL DO OESTE;500769;6452116;CENTRO DE ESPECIALIDADES MEDICAS;M;13.05.2026;PATRICKMASIAGA;13.05.2026;VANIA_MARIANO;10.00;CONFIRMADO;S522;;RAFAEL OSTI DE MELO
667244354;0505002;0211020052;MONITORIZACAO AMBULATORIAL DE PRESSAO ARTERIAL (M.A.P.A)                                            ;01110123175;ELY DONIZETH DE ASSIS JUNIOR;21.05.2026;09:00;0;705002014686659;JERONIMO PINTO ALVES;02.08.1957;68;827;AMELIA SOUZA ALVES;RUA;BERNARDINO FERREIRA;DISTRITO AREADO;S/N;ZONA RURAL;79490000;(67)99826-1574;SAO GABRIEL DO OESTE;500769;SAO GABRIEL DO OESTE;500769;6452116;CENTRO DE ESPECIALIDADES MEDICAS;M;13.05.2026;FERNANDACRISTINAALVES;13.05.2026;FERNANDACRISTINAALVES;10.07;CONFIRMADO;Z016;01110123175;ELY DONIZETH DE ASSIS JUNIOR
667244786;1703204;0211020044;HOLTER 24 HORAS;01110123175;ELY DONIZETH DE ASSIS JUNIOR;22.05.2026;09:00;0;705002014686659;JERONIMO PINTO ALVES;02.08.1957;68;827;AMELIA SOUZA ALVES;RUA;BERNARDINO FERREIRA;DISTRITO AREADO;S/N;ZONA RURAL;79490000;(67)99826-1574;SAO GABRIEL DO OESTE;500769;SAO GABRIEL DO OESTE;500769;6452116;CENTRO DE ESPECIALIDADES MEDICAS;M;13.05.2026;FERNANDACRISTINAALVES;13.05.2026;FERNANDACRISTINAALVES;30.00;CONFIRMADO;Z016;01110123175;ELY DONIZETH DE ASSIS JUNIOR
667245031;0108001;0205010032;ECOCARDIOGRAMA TRANSTORACICO;01110123175;ELY DONIZETH DE ASSIS JUNIOR;20.05.2026;13:00;0;705002014686659;JERONIMO PINTO ALVES;02.08.1957;68;827;AMELIA SOUZA ALVES;RUA;BERNARDINO FERREIRA;DISTRITO AREADO;S/N;ZONA RURAL;79490000;(67)99826-1574;SAO GABRIEL DO OESTE;500769;SAO GABRIEL DO OESTE;500769;6452116;CENTRO DE ESPECIALIDADES MEDICAS;M;13.05.2026;FERNANDACRISTINAALVES;13.05.2026;FERNANDACRISTINAALVES;67.86;CONFIRMADO;Z016;01110123175;ELY DONIZETH DE ASSIS JUNIOR
667254400;0505002;0211020052;MONITORIZACAO AMBULATORIAL DE PRESSAO ARTERIAL (M.A.P.A)                                            ;01110123175;ELY DONIZETH DE ASSIS JUNIOR;21.05.2026;13:00;0;700403101457050;ELZA MARIA DA SILVA;16.03.1964;62;747;TEREZA CRAVINO DA SILVA;RUA;ARARAS;CASA;1989;FENIX;79490000;(67)99634-5199;SAO GABRIEL DO OESTE;500769;SAO GABRIEL DO OESTE;500769;6452116;CENTRO DE ESPECIALIDADES MEDICAS;F;13.05.2026;FERNANDACRISTINAALVES;13.05.2026;FERNANDACRISTINAALVES;10.07;CONFIRMADO;Z016;01110123175;ELY DONIZETH DE ASSIS JUNIOR
667254827;1407044;0211020060;TESTE DE ESFORCO OU TESTE ERGOMETRICO;01110123175;ELY DONIZETH DE ASSIS JUNIOR;20.05.2026;13:00;0;700403101457050;ELZA MARIA DA SILVA;16.03.1964;62;747;TEREZA CRAVINO DA SILVA;RUA;ARARAS;CASA;1989;FENIX;79490000;(67)99634-5199;SAO GABRIEL DO OESTE;500769;SAO GABRIEL DO OESTE;500769;6452116;CENTRO DE ESPECIALIDADES MEDICAS;F;13.05.2026;FERNANDACRISTINAALVES;13.05.2026;FERNANDACRISTINAALVES;30.00;CONFIRMADO;Z016;01110123175;ELY DONIZETH DE ASSIS JUNIOR
667255020;0077026;0205010040;ULTRA-SONOGRAFIA DOPPLER DE CAROTIDAS E VERTEBRAIS;01110123175;ELY DONIZETH DE ASSIS JUNIOR;20.05.2026;09:00;0;700403101457050;ELZA MARIA DA SILVA;16.03.1964;62;747;TEREZA CRAVINO DA SILVA;RUA;ARARAS;CASA;1989;FENIX;79490000;(67)99634-5199;SAO GABRIEL DO OESTE;500769;SAO GABRIEL DO OESTE;500769;6452116;CENTRO DE ESPECIALIDADES MEDICAS;F;13.05.2026;FERNANDACRISTINAALVES;13.05.2026;FERNANDACRISTINAALVES;39.60;CONFIRMADO;Z016;01110123175;ELY DONIZETH DE ASSIS JUNIOR
667255429;0108001;0205010032;ECOCARDIOGRAMA TRANSTORACICO;01110123175;ELY DONIZETH DE ASSIS JUNIOR;20.05.2026;13:00;0;700403101457050;ELZA MARIA DA SILVA;16.03.1964;62;747;TEREZA CRAVINO DA SILVA;RUA;ARARAS;CASA;1989;FENIX;79490000;(67)99634-5199;SAO GABRIEL DO OESTE;500769;SAO GABRIEL DO OESTE;500769;6452116;CENTRO DE ESPECIALIDADES MEDICAS;F;13.05.2026;FERNANDACRISTINAALVES;13.05.2026;FERNANDACRISTINAALVES;67.86;CONFIRMADO;Z016;01110123175;ELY DONIZETH DE ASSIS JUNIOR
667259905;0015001;0301010072;CONSULTA EM OFTALMOLOGIA GERAL;45183520097;JONI HILDOR SCHWEICKARDT;28.05.2026;14:00;0;704504329021016;NERISON KENEDI BARBOSA MARTINS;10.02.1991;35;424;LUCIMAR DE SOUZA BARBOSA MARTINS;RUA;CURICACAS;;553;JARDIM GARMADO;79490000;(67)99996-0389;SAO GABRIEL DO OESTE;500769;SAO GABRIEL DO OESTE;500769;2370964;UNIDADE DE SAUDE DA FAMILIA III;M;13.05.2026;ANACLAUDIA_NOGUEIRA;13.05.2026;ANACLAUDIA_NOGUEIRA;10.00;CONFIRMADO;H539;02611833974;HUDSON PERES DORIGAO BELISARIO DE SOUZA
667260456;1407044;0211020060;TESTE DE ESFORCO OU TESTE ERGOMETRICO;01110123175;ELY DONIZETH DE ASSIS JUNIOR;19.05.2026;13:00;0;708001305943228;EDIR DA SILVA FRASSETO;10.12.1964;61;738;ONDINA DO ESPIRITO SANTO SILVA;RUA;TUIUIU;;252;JARDIM GRAMADO;79490000;(67)3295-2891 / (67)99909-2265;SAO GABRIEL DO OESTE;500769;SAO GABRIEL DO OESTE;500769;6452116;CENTRO DE ESPECIALIDADES MEDICAS;F;13.05.2026;PATRICKMASIAGA;13.05.2026;PATRICKMASIAGA;30.00;CONFIRMADO;I10;01110123175;ELY DONIZETH DE ASSIS JUNIOR
667260569;0108001;0205010032;ECOCARDIOGRAMA TRANSTORACICO;01110123175;ELY DONIZETH DE ASSIS JUNIOR;19.05.2026;13:00;0;708001305943228;EDIR DA SILVA FRASSETO;10.12.1964;61;738;ONDINA DO ESPIRITO SANTO SILVA;RUA;TUIUIU;;252;JARDIM GRAMADO;79490000;(67)3295-2891 / (67)99909-2265;SAO GABRIEL DO OESTE;500769;SAO GABRIEL DO OESTE;500769;6452116;CENTRO DE ESPECIALIDADES MEDICAS;F;13.05.2026;PATRICKMASIAGA;13.05.2026;PATRICKMASIAGA;67.86;CONFIRMADO;I10;01110123175;ELY DONIZETH DE ASSIS JUNIOR
667261425;0077026;0205010040;ULTRA-SONOGRAFIA DOPPLER DE CAROTIDAS E VERTEBRAIS;01110123175;ELY DONIZETH DE ASSIS JUNIOR;19.05.2026;13:00;0;708001305943228;EDIR DA SILVA FRASSETO;10.12.1964;61;738;ONDINA DO ESPIRITO SANTO SILVA;RUA;TUIUIU;;252;JARDIM GRAMADO;79490000;(67)3295-2891 / (67)99909-2265;SAO GABRIEL DO OESTE;500769;SAO GABRIEL DO OESTE;500769;6452116;CENTRO DE ESPECIALIDADES MEDICAS;F;13.05.2026;PATRICKMASIAGA;13.05.2026;PATRICKMASIAGA;39.60;CONFIRMADO;I10;01110123175;ELY DONIZETH DE ASSIS JUNIOR
667261765;2300004;0301010072;CONSULTA EM CARDIOLOGIA;99746328115;GUSTAVO TRINDADE DE QUEIROZ;15.05.2026;06:30;0;705008895226653;MARCIO JOSE LUCCA BOLIGON;02.02.1984;42;509;DULCE MARIA LUCCA BOLIGON;RUA;JORGE AMADO;;1661;JARDIM ALVORADA;79490000;(67)9667-9844;SAO GABRIEL DO OESTE;500769;SAO GABRIEL DO OESTE;500769;7333218;UNIDADE DE SAUDE DA FAMILIA X;M;13.05.2026;RAISSASILVALIMA;13.05.2026;VANIA_MARIANO;10.00;CONFIRMADO;Z136;63805480172;CLEDSON PERETTI
667261815;0505002;0211020052;MONITORIZACAO AMBULATORIAL DE PRESSAO ARTERIAL (M.A.P.A)                                            ;01110123175;ELY DONIZETH DE ASSIS JUNIOR;14.05.2026;09:00;0;708001305943228;EDIR DA SILVA FRASSETO;10.12.1964;61;738;ONDINA DO ESPIRITO SANTO SILVA;RUA;TUIUIU;;252;JARDIM GRAMADO;79490000;(67)3295-2891 / (67)99909-2265;SAO GABRIEL DO OESTE;500769;SAO GABRIEL DO OESTE;500769;6452116;CENTRO DE ESPECIALIDADES MEDICAS;F;13.05.2026;PATRICKMASIAGA;13.05.2026;PATRICKMASIAGA;10.07;CONFIRMADO;I10;01110123175;ELY DONIZETH DE ASSIS JUNIOR
667262314;0108001;0205010032;ECOCARDIOGRAMA TRANSTORACICO;01110123175;ELY DONIZETH DE ASSIS JUNIOR;25.05.2026;09:00;0;700305951334839;LINDINALVA SOARES MONTEIRO;04.08.1974;51;623;VALDETE SOARES MONTEIRO;FAZENDA;SÃO LUIZ;;S/N;RURAL;79490000;(67)99933-7413 / (67)99833-7413;SAO GABRIEL DO OESTE;500769;SAO GABRIEL DO OESTE;500769;6452116;CENTRO DE ESPECIALIDADES MEDICAS;F;13.05.2026;FERNANDACRISTINAALVES;13.05.2026;FERNANDACRISTINAALVES;67.86;PENDENTE;Z016;01110123175;ELY DONIZETH DE ASSIS JUNIOR
667263036;1407044;0211020060;TESTE DE ESFORCO OU TESTE ERGOMETRICO;01110123175;ELY DONIZETH DE ASSIS JUNIOR;20.05.2026;09:00;0;700305951334839;LINDINALVA SOARES MONTEIRO;04.08.1974;51;623;VALDETE SOARES MONTEIRO;FAZENDA;SÃO LUIZ;;S/N;RURAL;79490000;(67)99933-7413 / (67)99833-7413;SAO GABRIEL DO OESTE;500769;SAO GABRIEL DO OESTE;500769;6452116;CENTRO DE ESPECIALIDADES MEDICAS;F;13.05.2026;FERNANDACRISTINAALVES;13.05.2026;FERNANDACRISTINAALVES;30.00;PENDENTE;Z016;01110123175;ELY DONIZETH DE ASSIS JUNIOR
667263468;0505002;0211020052;MONITORIZACAO AMBULATORIAL DE PRESSAO ARTERIAL (M.A.P.A)                                            ;01110123175;ELY DONIZETH DE ASSIS JUNIOR;21.05.2026;13:00;0;700305951334839;LINDINALVA SOARES MONTEIRO;04.08.1974;51;623;VALDETE SOARES MONTEIRO;FAZENDA;SÃO LUIZ;;S/N;RURAL;79490000;(67)99933-7413 / (67)99833-7413;SAO GABRIEL DO OESTE;500769;SAO GABRIEL DO OESTE;500769;6452116;CENTRO DE ESPECIALIDADES MEDICAS;F;13.05.2026;FERNANDACRISTINAALVES;13.05.2026;FERNANDACRISTINAALVES;10.07;PENDENTE;Z016;01110123175;ELY DONIZETH DE ASSIS JUNIOR
667263494;0299008;0301010072;CONSULTA EM CIRURGIA VASCULAR – GERAL;70808015087;CELIO HELEGDA;20.05.2026;08:00;0;705606408476112;NILTON CESAR ANTONIO CORREA;19.12.1972;53;642;HELENA ANTONIO FERREIRA LINO;RUA;TULIO ALVES QUITO;;72;GUANANDI;79086140;(67)99300-3355;CAMPO GRANDE;500270;SAO GABRIEL DO OESTE;500769;6452116;CENTRO DE ESPECIALIDADES MEDICAS;M;13.05.2026;ARI_CEM;13.05.2026;VANIA_MARIANO;10.00;PENDENTE;Z00;70808015087;CELIO HELEGDA
667271146;0127019;0205010032;ECODOPPLERCARDIOGRAMA COM ESTRESSE FARMACOLOGICO;01110123175;ELY DONIZETH DE ASSIS JUNIOR;18.05.2026;13:30;0;708108531981238;ELIZABETH DEL CARMEN BRITO RODRIGUEZ;10.10.2009;16;200;YOLITZABETH DEL VALLE RODRIGUEZ LOPEZ;RUA;HILDA DE SOUZA;;787;JOSE CARRILHO ARANTES;79450000;(95)3592-1047 / (67)99669-8754;ROCHEDO;500750;SAO GABRIEL DO OESTE;500769;6452116;CENTRO DE ESPECIALIDADES MEDICAS;F;13.05.2026;ARI_CEM;13.05.2026;ARI_CEM;67.86;CONFIRMADO;Z00;01110123175;ELY DONIZETH DE ASSIS JUNIOR
667279489;0110002;0301010072;CONSULTA EM ORTOPEDIA - GERAL;06302616603;ROMULO AMARAL TAFURI;13.05.2026;12:30;0;700504181868052;VALTER FERREIRA DE OLIVEIRA;18.06.1951;75;900;ANA FRANCISCA;RUA;UIRAPURU;;996;JARDIM GRAMADO;79491040;(67)3286-2284;SAO GABRIEL DO OESTE;500769;SAO GABRIEL DO OESTE;500769;6452116;CENTRO DE ESPECIALIDADES MEDICAS;M;13.05.2026;PATRICKMASIAGA;13.05.2026;VANIA_MARIANO;10.00;PENDENTE;Z00;06302616603;ROMULO AMARAL TAFURI
667323322;2300004;0301010072;CONSULTA EM CARDIOLOGIA;01110123175;ELY DONIZETH DE ASSIS JUNIOR;18.05.2026;07:30;0;700001822301909;JOAO SIQUEIRA DA SILVA;26.04.1951;75;902;JOANA DIAS DA SILVA;RUA;GOIAS;;2424;CENTRO;79490000;(67)99693-6912;SAO GABRIEL DO OESTE;500769;SAO GABRIEL DO OESTE;500769;6452116;CENTRO DE ESPECIALIDADES MEDICAS;M;13.05.2026;PATRICKMASIAGA;13.05.2026;VANIA_MARIANO;10.00;PENDENTE;Z00;01110123175;ELY DONIZETH DE ASSIS JUNIOR
667334885;0282063;0301010072;CONSULTA EM OTORRINOLARINGOLOGIA;78877326115;ANA PAULA CAVALIERI PONTES;15.05.2026;07:00;0;700408488040440;OSVALDO BARIA;09.07.1946;79;959;MARIA APARECIDA GONCALVES DA SILVA BARIA;RUA;TICO-TICO;;138;FENIX;79491096;(67)99932-3314;SAO GABRIEL DO OESTE;500769;SAO GABRIEL DO OESTE;500769;2370999;UNIDADE DE SAUDE DA FAMILIA FENIX IV;M;13.05.2026;GUSTAVO_PIAIA;13.05.2026;GUSTAVO_PIAIA;10.00;PENDENTE;H91;96245646120;RAFAELLA MARIA COSTA GOIS DE FIGUEIREDO
667365802;3500917;0206010036;TOMOGRAFIA COMPUTADORIZADA DE COLUNA TORACICA;00125300006;MEDICOS SUS;19.05.2026;07:15;0;700501724249851;DELCIO GUZZI;03.06.1966;60;721;ADELIA CENDRON GUZZI;AVENIDA;GREGORIO NICARETTA;CASA;2237;PRIMO MAFFISSONI;79490000;(67)99969-3706;SAO GABRIEL DO OESTE;500769;SAO GABRIEL DO OESTE;500769;6354265;CENTRAL DE REGULACAO DE SAO GABRIEL DO OESTE;M;13.05.2026;CLEIDIANE_REGULADOR;13.05.2026;CLEIDIANE_REGULADOR;86.76;CONFIRMADO;M546;;RAFAEL CANDIDO MAIA
667390104;0015001;0301010072;CONSULTA EM OFTALMOLOGIA GERAL;45183520097;JONI HILDOR SCHWEICKARDT;28.05.2026;14:00;0;702403578995727;JUCILENE LUIZA DA CUNHA;30.03.1971;55;663;ELVIRA LUIZA DA CUNHA;FAZENDA;SOL;;S/N;ZONA RURAL;79490000;(67)9631-3275;SAO GABRIEL DO OESTE;500769;SAO GABRIEL DO OESTE;500769;3400964;UNIDADE DE SAUDE DA FAMILIA RURAL VII;F;13.05.2026;DULCINEIA_MOCCELIN;13.05.2026;DULCINEIA_MOCCELIN;10.00;CONFIRMADO;Z010;02453491113;MILENA GUEDIN VARGAS
667394294;0282063;0301010072;CONSULTA EM OTORRINOLARINGOLOGIA;78877326115;ANA PAULA CAVALIERI PONTES;15.05.2026;07:00;0;704107018286650;MARIA CLARA GONCALVES REIS FRAZAO;25.07.2022;03;47;GEYZA GONCALVES FRAZAO;RUA;ANHUMAS;;707;JARDIM GRAMADO;79490000;(67)98145-5870;SAO GABRIEL DO OESTE;500769;SAO GABRIEL DO OESTE;500769;6452116;CENTRO DE ESPECIALIDADES MEDICAS;F;13.05.2026;PATRICKMASIAGA;13.05.2026;PATRICKMASIAGA;10.00;CONFIRMADO;S003;;ALUISIO TEODORO FERNANDES VELLOSO
667399303;3516007;0301010072;CONSULTA EM UROLOGIA - GERAL;04349392181;ANTONIO AUGUSTO PALOMBO MENDES;22.05.2026;06:30;0;704803079433246;EDER APARECIDO LUIS DA SILVA;25.11.1986;39;475;TELMA LUIS VANDES DA SILVA;RUA;BAHIA;CASA 01;2435;CENTRO;79490000;(67)99906-5775;SAO GABRIEL DO OESTE;500769;SAO GABRIEL DO OESTE;500769;2370964;UNIDADE DE SAUDE DA FAMILIA III;M;13.05.2026;MAYARAANGELO;13.05.2026;VANIA_MARIANO;10.00;CONFIRMADO;I861;02611833974;HUDSON PERES DORIGAO BELISARIO DE SOUZA
667402679;0110002;0301010072;CONSULTA EM ORTOPEDIA - GERAL;93393539191;RODOLFO FABIANO NIZ BAREIRO;21.05.2026;12:30;0;704709547071840;MARIA JOSEANE RAMOS DA SILVA;05.03.1984;42;508;JOSEFA RAMOS DA SILVA;RUA;CANARIOS;CASA;1930;FENIX;79490000;(67)99872-0059;SAO GABRIEL DO OESTE;500769;SAO GABRIEL DO OESTE;500769;6354265;CENTRAL DE REGULACAO DE SAO GABRIEL DO OESTE;F;13.05.2026;VANIA_MARIANO;13.05.2026;VANIA_MARIANO;10.00;CONFIRMADO;M755;00125300006;MEDICOS SUS
667403127;0110002;0301010072;CONSULTA EM ORTOPEDIA - GERAL;93393539191;RODOLFO FABIANO NIZ BAREIRO;21.05.2026;12:30;0;702606730572642;VALDETE FERREIRA DE SOUZA;07.06.1969;57;685;BRANDINA MATIAS DE SOUZA;RUA;PERNAMBUCO 2400/99999;;3163;JARDIM PRIMAVERA;79490174;(67)99891-9562 / (67)99957-8875;SAO GABRIEL DO OESTE;500769;SAO GABRIEL DO OESTE;500769;6354265;CENTRAL DE REGULACAO DE SAO GABRIEL DO OESTE;M;13.05.2026;VANIA_MARIANO;13.05.2026;VANIA_MARIANO;10.00;CONFIRMADO;G560;00125300006;MEDICOS SUS
667403849;0110002;0301010072;CONSULTA EM ORTOPEDIA - GERAL;93393539191;RODOLFO FABIANO NIZ BAREIRO;21.05.2026;12:30;0;701005876261699;JOSE CANDIDO DE ALMEIDA RIQUINHO;01.03.1960;66;796;RODOLFINA DE ALMEIDA;RUA;DONA ELVIRA;;1260;MILANI;79490000;(67)99980-3517 / (67)99982-9636;SAO GABRIEL DO OESTE;500769;SAO GABRIEL DO OESTE;500769;6354265;CENTRAL DE REGULACAO DE SAO GABRIEL DO OESTE;M;13.05.2026;VANIA_MARIANO;13.05.2026;VANIA_MARIANO;10.00;PENDENTE;Z00;00125300006;MEDICOS SUS
667404211;0110002;0301010072;CONSULTA EM ORTOPEDIA - GERAL;93393539191;RODOLFO FABIANO NIZ BAREIRO;21.05.2026;12:30;0;705604467687610;ROSELI OLIVEIRA DA SILVA LIMA;01.05.1972;54;650;MARIA APARECIDA OLIVEIRA DA SILVA;RUA;JOAO EVANGELISTA ROSA;CASA;1500;PRIMO MAFFISSONI;79490000;(67)99676-9703;SAO GABRIEL DO OESTE;500769;SAO GABRIEL DO OESTE;500769;6354265;CENTRAL DE REGULACAO DE SAO GABRIEL DO OESTE;F;13.05.2026;VANIA_MARIANO;13.05.2026;VANIA_MARIANO;10.00;CONFIRMADO;Z00;00125300006;MEDICOS SUS
667404630;0110002;0301010072;CONSULTA EM ORTOPEDIA - GERAL;93393539191;RODOLFO FABIANO NIZ BAREIRO;21.05.2026;12:30;0;708701163349295;ALICE BARBOSA MONTEIRO;07.03.1984;42;508;MADALENA INACIO MONTEIRO;AREA;ATOLADEIRA;;S/N;AREA RURAL DE SAO GABRIEL DO OESTE;79493899;(67)99618-6410;SAO GABRIEL DO OESTE;500769;SAO GABRIEL DO OESTE;500769;6354265;CENTRAL DE REGULACAO DE SAO GABRIEL DO OESTE;F;13.05.2026;VANIA_MARIANO;13.05.2026;VANIA_MARIANO;10.00;CONFIRMADO;G560;00125300006;MEDICOS SUS
667405731;0110002;0301010072;CONSULTA EM ORTOPEDIA - GERAL;06302616603;ROMULO AMARAL TAFURI;20.05.2026;12:30;0;700001437982101;ELITON BIAL FERREIRA;23.01.1998;28;341;MARCIA BIAL;RUA;PELICANOS 1/1465;;158;JARDIM GRAMADO;79491004;(67)99976-9442;SAO GABRIEL DO OESTE;500769;SAO GABRIEL DO OESTE;500769;6354265;CENTRAL DE REGULACAO DE SAO GABRIEL DO OESTE;M;13.05.2026;VANIA_MARIANO;13.05.2026;VANIA_MARIANO;10.00;PENDENTE;M545;00125300006;MEDICOS SUS
667421091;0110002;0301010072;CONSULTA EM ORTOPEDIA - GERAL;89074033172;ROGERIO PADOVANI TOFFOLI;15.05.2026;14:00;0;706804729325121;EILEEN ALMEIDA GODINHO;14.03.2018;08;99;ELLEN ALMEIDA REZENDE;RUA;HILARIO NICARETTA;CASA;2282;PRIMO MAFFISSONI;79490000;(67)99928-3213 / (67)99831-5317;SAO GABRIEL DO OESTE;500769;SAO GABRIEL DO OESTE;500769;6452116;CENTRO DE ESPECIALIDADES MEDICAS;F;13.05.2026;FERNANDACRISTINAALVES;13.05.2026;VANIA_MARIANO;10.00;CONFIRMADO;Z016;00125300006;MEDICOS SUS
667421700;3516007;0301010072;CONSULTA EM UROLOGIA - GERAL;04349392181;ANTONIO AUGUSTO PALOMBO MENDES;22.05.2026;06:30;0;705003601101756;ALICE TERESINHA ALVES DOS REIS;06.11.1951;74;896;ALICE DE OLIVEIRA REIS;RUA;CANARIOS;;263;JARDIM GRAMADO;79490000;(67)9625-1892;SAO GABRIEL DO OESTE;500769;SAO GABRIEL DO OESTE;500769;6452116;CENTRO DE ESPECIALIDADES MEDICAS;F;13.05.2026;PATRICKMASIAGA;13.05.2026;VANIA_MARIANO;10.00;CONFIRMADO;N302;;VANESSA BRESCHI
667430257;0110002;0301010072;CONSULTA EM ORTOPEDIA - GERAL;89074033172;ROGERIO PADOVANI TOFFOLI;15.05.2026;14:00;0;704801588219348;JOSE MARIO GONCALVES CABANHA;25.08.1993;32;394;MARIA JOSE GONCALVES;RUA;GAIVOTAS;CASA;1997;FENIX;79490000;(67)99865-2254;SAO GABRIEL DO OESTE;500769;SAO GABRIEL DO OESTE;500769;6452116;CENTRO DE ESPECIALIDADES MEDICAS;M;13.05.2026;PATRICKMASIAGA;13.05.2026;VANIA_MARIANO;10.00;PENDENTE;Z00;00468987193;ARTHUR MARTINS DE ALMEIDA
667445993;2300004;0301010072;CONSULTA EM CARDIOLOGIA;01110123175;ELY DONIZETH DE ASSIS JUNIOR;20.05.2026;07:30;1;705004814193659;EVA DA CONCEICAO DE SOUZA;21.04.1941;85;1022;LAUDELINA CELESTINA DE SOUZA;RUA;CURRUIRAS;CASA;849;JARDIM GRAMADO;79490000;(67)99178-2143 / (67)99244-7696;SAO GABRIEL DO OESTE;500769;SAO GABRIEL DO OESTE;500769;6452116;CENTRO DE ESPECIALIDADES MEDICAS;F;13.05.2026;FERNANDACRISTINAALVES;13.05.2026;FERNANDACRISTINAALVES;10.00;PENDENTE;Z016;01110123175;ELY DONIZETH DE ASSIS JUNIOR
667452263;3516007;0301010072;CONSULTA EM UROLOGIA - GERAL;04349392181;ANTONIO AUGUSTO PALOMBO MENDES;22.05.2026;07:00;0;704509378225619;LUDIMILA DOS SANTOS JULIO MANAGO;26.05.2006;20;241;MARILENE DOS SANTOS JULIO;AVENIDA;CASTELO BRANCO 1/1199;;1733;CENTRO;79490059;(61)3315-2425;SAO GABRIEL DO OESTE;500769;SAO GABRIEL DO OESTE;500769;7333218;UNIDADE DE SAUDE DA FAMILIA X;F;13.05.2026;RAISSASILVALIMA;15.05.2026;VANIA_MARIANO;10.00;PENDENTE;Z000;;ANTONIO AUGUSTO PALOMBO
667455317;0282063;0301010072;CONSULTA EM OTORRINOLARINGOLOGIA;78877326115;ANA PAULA CAVALIERI PONTES;15.05.2026;07:00;0;707400015609578;DIONISIO CAVAGLIERI;10.12.1951;74;894;ROSA COSSA CAVAGLIERI;RUA;MINAS GERAIS;ALAC;2280;CENTRO;79490011;(67)99814-4715;SAO GABRIEL DO OESTE;500769;SAO GABRIEL DO OESTE;500769;6452116;CENTRO DE ESPECIALIDADES MEDICAS;M;13.05.2026;FERNANDACRISTINAALVES;13.05.2026;FERNANDACRISTINAALVES;10.00;CONFIRMADO;Z016;08418818123;PATRICK RICHARD ARGUELHO MASIAGA
667468618;0701866;0301010072;CONSULTA EM ONCOLOGIA;00034229175;FABIO MORAES DE JESUS;14.05.2026;13:00;0;700004396645303;CENI LEONICE DA SILVEIRA;05.09.1964;61;742;DORVALINA AVILA DA SILVEIRA;RUA;SANTA CATARINA;;913;CENTRO;79490000;(67)99958-4769;SAO GABRIEL DO OESTE;500769;SAO GABRIEL DO OESTE;500769;6354265;CENTRAL DE REGULACAO DE SAO GABRIEL DO OESTE;F;13.05.2026;CLEIDIANE_REGULADOR;13.05.2026;CLEIDIANE_REGULADOR;10.00;CONFIRMADO;E07;65742103653;SOLICITANTE_SAO GABRIEL DO OESTE
667468647;0701866;0301010072;CONSULTA EM ONCOLOGIA;00034229175;FABIO MORAES DE JESUS;14.05.2026;13:00;0;700504111310052;ANGELINA SENHORINHA PEREIRA FERREIRA;02.10.1964;61;741;JOANA SENHORINHA PEREIRA;RUA;RIO DE JANEIRO;;2465;CENTRO;79490000;(67)99671-3253;SAO GABRIEL DO OESTE;500769;SAO GABRIEL DO OESTE;500769;6354265;CENTRAL DE REGULACAO DE SAO GABRIEL DO OESTE;F;13.05.2026;CLEIDIANE_REGULADOR;13.05.2026;CLEIDIANE_REGULADOR;10.00;CONFIRMADO;C449;65742103653;SOLICITANTE_SAO GABRIEL DO OESTE
667468705;0701866;0301010072;CONSULTA EM ONCOLOGIA;00034229175;FABIO MORAES DE JESUS;14.05.2026;13:00;0;700108922134317;MARCOS ALVES DA SILVA;08.06.1983;43;516;BENEDITA APARECIDA ALVES DA SILVA;RUA;ARARAS;;2114;CONJUNTO FENIX;79490000;(67)9943-8340;SAO GABRIEL DO OESTE;500769;SAO GABRIEL DO OESTE;500769;6354265;CENTRAL DE REGULACAO DE SAO GABRIEL DO OESTE;M;13.05.2026;CLEIDIANE_REGULADOR;13.05.2026;CLEIDIANE_REGULADOR;10.00;CONFIRMADO;D049;;RAFAELLA GOIS DE FIGUEIREDO
667468728;0701866;0301010072;CONSULTA EM ONCOLOGIA;00034229175;FABIO MORAES DE JESUS;14.05.2026;13:00;0;703404298150319;APARECIDO BARBOSA DOS SANTOS;23.04.1967;59;710;JOSEFA BARBOSA DOS SANTOS;AREA;LATERAL DO NUCLEO;ASSENTAMENTO C;67;AREA RURAL DE SAO GABRIEL DO OESTE;79493899;(67)99715-2929;SAO GABRIEL DO OESTE;500769;SAO GABRIEL DO OESTE;500769;6354265;CENTRAL DE REGULACAO DE SAO GABRIEL DO OESTE;M;13.05.2026;CLEIDIANE_REGULADOR;13.05.2026;CLEIDIANE_REGULADOR;10.00;CONFIRMADO;R59;65742103653;SOLICITANTE_SAO GABRIEL DO OESTE
667468763;0701866;0301010072;CONSULTA EM ONCOLOGIA;00034229175;FABIO MORAES DE JESUS;14.05.2026;13:00;0;701202062856319;ADILEUSA APARECIDA RODRIGUES;14.04.1969;57;686;IZULINA RIBEIRO RODRIGUES;RUA;CURIO;;842;JARDIM GRAMADO;79490000;(67)9986-2082;SAO GABRIEL DO OESTE;500769;SAO GABRIEL DO OESTE;500769;6354265;CENTRAL DE REGULACAO DE SAO GABRIEL DO OESTE;F;13.05.2026;CLEIDIANE_REGULADOR;13.05.2026;CLEIDIANE_REGULADOR;10.00;CONFIRMADO;Z00;;FABIO MORAES
667468782;0701866;0301010072;CONSULTA EM ONCOLOGIA;00034229175;FABIO MORAES DE JESUS;14.05.2026;13:00;0;704002314100066;ALVARO STRADIOTTI;10.03.1964;62;747;GENOVEVA STRADIOTTI;RUA;JOSE FEREIRA DA CUNHA;;920;CENTRO;79490000;(67)9257-9695;SAO GABRIEL DO OESTE;500769;SAO GABRIEL DO OESTE;500769;6354265;CENTRAL DE REGULACAO DE SAO GABRIEL DO OESTE;M;13.05.2026;CLEIDIANE_REGULADOR;13.05.2026;CLEIDIANE_REGULADOR;10.00;CONFIRMADO;L57;65742103653;SOLICITANTE_SAO GABRIEL DO OESTE
667468810;0701866;0301010072;CONSULTA EM ONCOLOGIA;00034229175;FABIO MORAES DE JESUS;14.05.2026;13:00;0;700205965036127;PRECILA NATALINA CAMILLO;24.07.1940;85;1031;ZELINDA MILAN;RUA;DONA ELVIRA;;1064;MILANI;79492070;(67)99887-1116 / (67)99964-7050;SAO GABRIEL DO OESTE;500769;SAO GABRIEL DO OESTE;500769;6354265;CENTRAL DE REGULACAO DE SAO GABRIEL DO OESTE;F;13.05.2026;CLEIDIANE_REGULADOR;13.05.2026;CLEIDIANE_REGULADOR;10.00;CONFIRMADO;L570;65742103653;SOLICITANTE_SAO GABRIEL DO OESTE
667468827;0701866;0301010072;CONSULTA EM ONCOLOGIA;00034229175;FABIO MORAES DE JESUS;14.05.2026;13:00;0;703204691363790;ROSELI CHERES DA CUNHA MATOS;01.11.1968;57;692;ADILHA CHERES DA CUNHA;RUA;SAO JORGE;CASA 07;289;JARDIM PRIMAVERA;79490164;(67)99917-9048;SAO GABRIEL DO OESTE;500769;SAO GABRIEL DO OESTE;500769;6354265;CENTRAL DE REGULACAO DE SAO GABRIEL DO OESTE;F;13.05.2026;CLEIDIANE_REGULADOR;13.05.2026;CLEIDIANE_REGULADOR;10.00;CONFIRMADO;L989;65742103653;SOLICITANTE_SAO GABRIEL DO OESTE
667468841;0701866;0301010072;CONSULTA EM ONCOLOGIA;00034229175;FABIO MORAES DE JESUS;14.05.2026;13:00;0;700008286333300;SELIA ALVES DA SILVA;27.09.1975;50;609;NAIR PEREIRA DA SILVA;AVENIDA;SAO FRANCISCO;CASA;2595;CENTRO;79490000;(67)3295-3206;SAO GABRIEL DO OESTE;500769;SAO GABRIEL DO OESTE;500769;6354265;CENTRAL DE REGULACAO DE SAO GABRIEL DO OESTE;F;13.05.2026;CLEIDIANE_REGULADOR;13.05.2026;CLEIDIANE_REGULADOR;10.00;CONFIRMADO;L570;65742103653;SOLICITANTE_SAO GABRIEL DO OESTE
667468869;0701866;0301010072;CONSULTA EM ONCOLOGIA;00034229175;FABIO MORAES DE JESUS;14.05.2026;13:00;0;706309705908371;CLAUDETE MARIA SOCCOL;10.09.1962;63;765;SEVERINA GIACHINI SOCCOL;RUA;FORTUNATO QUINTINO ZANETTI;CASA 04;644;PRIMO MAFFISSONI;79490000;(49)98412-0395 / (49)98830-2327;SAO GABRIEL DO OESTE;500769;SAO GABRIEL DO OESTE;500769;6354265;CENTRAL DE REGULACAO DE SAO GABRIEL DO OESTE;F;13.05.2026;CLEIDIANE_REGULADOR;13.05.2026;CLEIDIANE_REGULADOR;10.00;CONFIRMADO;Z00;65742103653;SOLICITANTE_SAO GABRIEL DO OESTE
667468891;0701866;0301010072;CONSULTA EM ONCOLOGIA;00034229175;FABIO MORAES DE JESUS;14.05.2026;13:00;0;701109874803780;LUISA PIVA;19.01.1970;56;677;DELVINA TECCHIO PIVA;FAZENDA;BOA VISTA AGROPECUARIA PILAO;;S/N;ZONA RURAL;79490000;(67)9921-7488;SAO GABRIEL DO OESTE;500769;SAO GABRIEL DO OESTE;500769;6354265;CENTRAL DE REGULACAO DE SAO GABRIEL DO OESTE;F;13.05.2026;CLEIDIANE_REGULADOR;13.05.2026;CLEIDIANE_REGULADOR;10.00;CONFIRMADO;Z00;65742103653;SOLICITANTE_SAO GABRIEL DO OESTE
667468913;0701866;0301010072;CONSULTA EM ONCOLOGIA;00034229175;FABIO MORAES DE JESUS;14.05.2026;13:00;0;705107410441970;ILDA CACERES DA SILVA;23.05.1970;56;673;LEOPOLDINA CACERES DA SILVA;RUA;IRIO MOLINARI;CASA;47;PRIMO MAFFISSONI;79490000;(67)99681-3685;SAO GABRIEL DO OESTE;500769;SAO GABRIEL DO OESTE;500769;6354265;CENTRAL DE REGULACAO DE SAO GABRIEL DO OESTE;F;13.05.2026;CLEIDIANE_REGULADOR;13.05.2026;CLEIDIANE_REGULADOR;10.00;PENDENTE;Z00;65742103653;SOLICITANTE_SAO GABRIEL DO OESTE
667488826;3100230;0207010048;RESSONANCIA MAGNETICA DE COLUNA LOMBAR;00125300006;MEDICOS SUS;16.05.2026;06:00;0;702804654032766;LEOMIR ROGERIO PIVETTA;12.06.1983;43;516;EUGENIA KNOP PIVETTA;RUA;HILARIO NICARETTA;;2006;PRIMO MAFFISSONI;79490000;(67)98104-1143;SAO GABRIEL DO OESTE;500769;SAO GABRIEL DO OESTE;500769;6354265;CENTRAL DE REGULACAO DE SAO GABRIEL DO OESTE;M;14.05.2026;CLEIDIANE_REGULADOR;14.05.2026;CLEIDIANE_REGULADOR;268.75;CONFIRMADO;M511;65742103653;SOLICITANTE_SAO GABRIEL DO OESTE
667489442;3100027;0207020027;RESSONANCIA MAGNETICA DE OMBRO DIREITO;00125300006;MEDICOS SUS;16.05.2026;06:00;0;700205913381125;LUCYNEIDE TEIXEIRA DE ALMEIDA VIGUACHE;19.06.1976;50;600;INEIDE TEIXEIRA DE ALMEIDA;RUA;IPÊ;;465;PRIMO MAFFISSONI;79490000;(67)99604-8958;SAO GABRIEL DO OESTE;500769;SAO GABRIEL DO OESTE;500769;6354265;CENTRAL DE REGULACAO DE SAO GABRIEL DO OESTE;F;14.05.2026;CLEIDIANE_REGULADOR;14.05.2026;CLEIDIANE_REGULADOR;268.75;CONFIRMADO;M751;65742103653;SOLICITANTE_SAO GABRIEL DO OESTE
667489442;3100026;0207020027;RESSONANCIA MAGNETICA DE OMBRO ESQUERDO;00125300006;MEDICOS SUS;16.05.2026;06:00;0;700205913381125;LUCYNEIDE TEIXEIRA DE ALMEIDA VIGUACHE;19.06.1976;50;600;INEIDE TEIXEIRA DE ALMEIDA;RUA;IPÊ;;465;PRIMO MAFFISSONI;79490000;(67)99604-8958;SAO GABRIEL DO OESTE;500769;SAO GABRIEL DO OESTE;500769;6354265;CENTRAL DE REGULACAO DE SAO GABRIEL DO OESTE;F;14.05.2026;CLEIDIANE_REGULADOR;14.05.2026;CLEIDIANE_REGULADOR;268.75;CONFIRMADO;M751;65742103653;SOLICITANTE_SAO GABRIEL DO OESTE
667497807;0282081;0301010072;CONSULTA EM CIRURGIA GERAL;48047740172;EVA WILMA ABDO DOS SANTOS GUIMARAES;25.05.2026;12:30;0;708604117522390;JOAO MOREL MORAES;08.04.1976;50;602;FRANCISCA MOREL MORAES;RUA;MATA FRESCA;;180;MOTODROMO;79480000;(67)99649-4963;RIO VERDE DE MATO GROSSO;500740;SAO GABRIEL DO OESTE;500769;6452116;CENTRO DE ESPECIALIDADES MEDICAS;M;14.05.2026;PATRICKMASIAGA;15.05.2026;VANIA_MARIANO;10.00;CONFIRMADO;Z00;48047740172;EVA WILMA ABDO DOS SANTOS GUIMARAES
667499395;0320003;0211020036;ELETROCARDIOGRAMA;01110123175;ELY DONIZETH DE ASSIS JUNIOR;18.05.2026;08:00;0;708505366650270;JULIA RAMOS PROCOPIO;02.06.2017;09;109;JANAINA PROCOPIO DA SILVA RAMOS;RUA;GAIVOTAS;;720;JARDIM GRAMADO;79490000;(67)99870-6777;SAO GABRIEL DO OESTE;500769;SAO GABRIEL DO OESTE;500769;7002084;UNIDADE DE SAUDE DA FAMILIA IX;F;14.05.2026;AMANDALUIZA_BIAZUS;14.05.2026;AMANDALUIZA_BIAZUS;5.15;PENDENTE;Z000;;ELY DONIZETH
667506686;0015001;0301010072;CONSULTA EM OFTALMOLOGIA GERAL;45183520097;JONI HILDOR SCHWEICKARDT;28.05.2026;09:00;0;704205276335783;ANTHONY LOMBARDI IBANEZ;05.11.2025;00;8;ANA LUISA LOMBARDI DE MELO;RUA;CAMBARA;;765;SAO CRISTOVAO;79491186;(61)3315-2425;SAO GABRIEL DO OESTE;500769;SAO GABRIEL DO OESTE;500769;6452116;CENTRO DE ESPECIALIDADES MEDICAS;M;14.05.2026;PATRICKMASIAGA;14.05.2026;PATRICKMASIAGA;10.00;CONFIRMADO;Z00;;STEPHANNO
667528601;0320003;0211020036;ELETROCARDIOGRAMA;01110123175;ELY DONIZETH DE ASSIS JUNIOR;15.05.2026;08:00;0;705009222653551;JAIR MATOS OJEDA;27.06.1970;56;672;ZILDA MATOS OJEDA;RUA;Q;;582;CIDADE JARDIM;79492148;(67)99904-4876;SAO GABRIEL DO OESTE;500769;SAO GABRIEL DO OESTE;500769;2370972;UNIDADE DE SAUDE DA FAMILIA MILANE II;M;14.05.2026;FLAVIA_RODRIGUES;14.05.2026;FLAVIA_RODRIGUES;5.15;PENDENTE;Z48;02453491113;MILENA GUEDIN VARGAS
667568870;0282063;0301010072;CONSULTA EM OTORRINOLARINGOLOGIA;78877326115;ANA PAULA CAVALIERI PONTES;22.05.2026;06:00;0;704608669153329;LUCIANO DIAS DUARTE;13.01.1993;33;401;IZAILDA DIAS SOUTO;FAZENDA;MODELO;;S/N;ZONA RURAL;79480000;(67)9606-2321;SAO GABRIEL DO OESTE;500769;SAO GABRIEL DO OESTE;500769;6452116;CENTRO DE ESPECIALIDADES MEDICAS;M;14.05.2026;PATRICKMASIAGA;14.05.2026;PATRICKMASIAGA;10.00;CONFIRMADO;J342;48047740172;EVA WILMA ABDO DOS SANTOS GUIMARAES
667586492;0077026;0205010040;ULTRA-SONOGRAFIA DOPPLER DE CAROTIDAS E VERTEBRAIS;01110123175;ELY DONIZETH DE ASSIS JUNIOR;19.05.2026;13:00;0;700502367179158;MARIA MARCILENE DA SILVA OLIVEIRA;18.01.1978;48;581;MARIA DAS MERCES DA SILVA OLIVEIRA;RUA;PERIQUITO;CASA;41;FENIX;79490000;(21)2105-0000;SAO GABRIEL DO OESTE;500769;SAO GABRIEL DO OESTE;500769;6452116;CENTRO DE ESPECIALIDADES MEDICAS;F;14.05.2026;PATRICKMASIAGA;14.05.2026;PATRICKMASIAGA;39.60;CONFIRMADO;R074;98260570106;CLAUDIA REGINA DUARTE CAZZOLATO KHALIL
667586540;1407044;0211020060;TESTE DE ESFORCO OU TESTE ERGOMETRICO;01110123175;ELY DONIZETH DE ASSIS JUNIOR;19.05.2026;13:00;0;700502367179158;MARIA MARCILENE DA SILVA OLIVEIRA;18.01.1978;48;581;MARIA DAS MERCES DA SILVA OLIVEIRA;RUA;PERIQUITO;CASA;41;FENIX;79490000;(21)2105-0000;SAO GABRIEL DO OESTE;500769;SAO GABRIEL DO OESTE;500769;6452116;CENTRO DE ESPECIALIDADES MEDICAS;F;14.05.2026;PATRICKMASIAGA;14.05.2026;PATRICKMASIAGA;30.00;CONFIRMADO;R074;98260570106;CLAUDIA REGINA DUARTE CAZZOLATO KHALIL
667586616;0108001;0205010032;ECOCARDIOGRAMA TRANSTORACICO;01110123175;ELY DONIZETH DE ASSIS JUNIOR;19.05.2026;13:00;0;700502367179158;MARIA MARCILENE DA SILVA OLIVEIRA;18.01.1978;48;581;MARIA DAS MERCES DA SILVA OLIVEIRA;RUA;PERIQUITO;CASA;41;FENIX;79490000;(21)2105-0000;SAO GABRIEL DO OESTE;500769;SAO GABRIEL DO OESTE;500769;6452116;CENTRO DE ESPECIALIDADES MEDICAS;F;14.05.2026;PATRICKMASIAGA;14.05.2026;PATRICKMASIAGA;67.86;CONFIRMADO;R074;98260570106;CLAUDIA REGINA DUARTE CAZZOLATO KHALIL
667597822;0320003;0211020036;ELETROCARDIOGRAMA;01110123175;ELY DONIZETH DE ASSIS JUNIOR;15.05.2026;14:00;0;700005445702809;RAUANY MARTINS PAGANOTTI;13.11.1993;32;391;MARCIA MARTINS DA SILVA;RUA;ALBINO SOUZA BRANDAO 1200/99999;;1586;PRIMO MAFFISSONI;79490294;(67)99863-5776 / (67)98196-1522;SAO GABRIEL DO OESTE;500769;SAO GABRIEL DO OESTE;500769;6452116;CENTRO DE ESPECIALIDADES MEDICAS;F;14.05.2026;PATRICKMASIAGA;14.05.2026;PATRICKMASIAGA;5.15;PENDENTE;Z00;;CLEDSON PERETTI
667621528;0701866;0301010072;CONSULTA EM ONCOLOGIA;00034229175;FABIO MORAES DE JESUS;14.05.2026;13:00;0;700501129159256;LUCINEIDE PEREIRA MARTINS;15.06.1986;40;480;MARIA LUIZA PEREIRA MARTINS;RUA;BAHIA;;2500;CENTRO;79490000;(67)99822-4531;SAO GABRIEL DO OESTE;500769;SAO GABRIEL DO OESTE;500769;6354265;CENTRAL DE REGULACAO DE SAO GABRIEL DO OESTE;F;14.05.2026;CLEIDIANE_REGULADOR;14.05.2026;CLEIDIANE_REGULADOR;10.00;CONFIRMADO;D440;65742103653;SOLICITANTE_SAO GABRIEL DO OESTE
667623238;0710992;0205010032;ECOCARDIOGRAMA INFANTIL;01452917159;MARIELLI DE CASTRO CUNHA;18.05.2026;07:00;0;703606086170634;REBECA MARQUES MARTINS;18.02.2026;00;4;SARA DE JESUS MARQUES;RUA;DAS CORUJAS;;1728;FENIX;79491054;(67)99960-9219;SAO GABRIEL DO OESTE;500769;SAO GABRIEL DO OESTE;500769;8176132;CASA ROSA;F;14.05.2026;TAINAOLIVEIRA;17.05.2026;VANIA_MARIANO;67.86;CONFIRMADO;Z001;57255873120;CLODOALDO SABINO DA SILVA
667625472;0282026;0301010072;CONSULTA  EM CARDIOLOGIA - PEDIATRIA;01452917159;MARIELLI DE CASTRO CUNHA;18.05.2026;07:00;0;708009386621320;ENILDO GOMES CARNEIRO DE ASSIS;02.05.2016;10;122;ROSA MARIA GOMES GONCALVES;RUA;CURRUIRAS;;1309;JARDIM GRAMADO;79490000;(67)99635-3286;SAO GABRIEL DO OESTE;500769;SAO GABRIEL DO OESTE;500769;8176132;CASA ROSA;M;14.05.2026;TAINAOLIVEIRA;17.05.2026;VANIA_MARIANO;10.00;CONFIRMADO;Z016;04145161173;RHUANNE SIQUEIRA GUIMARAES
667631255;2300004;0301010072;CONSULTA EM CARDIOLOGIA;01110123175;ELY DONIZETH DE ASSIS JUNIOR;18.05.2026;06:30;0;706006887879542;LUIZ HENRIQUE BUENO BARBOSA;13.01.2000;26;317;JANETE BUENO BARBOSA;RUA;PERNAMBUCO;CASA;1409;JARDIM ALVORADA;79490000;(67)99627-8714;SAO GABRIEL DO OESTE;500769;SAO GABRIEL DO OESTE;500769;6354265;CENTRAL DE REGULACAO DE SAO GABRIEL DO OESTE;M;14.05.2026;VANIA_MARIANO;14.05.2026;VANIA_MARIANO;10.00;PENDENTE;Z136;;ELY DONIZETE
667669096;0320003;0211020036;ELETROCARDIOGRAMA;01110123175;ELY DONIZETH DE ASSIS JUNIOR;15.05.2026;08:00;0;700504572528950;VALDILENE SABINA NOGUEIRA;28.04.1981;45;542;MARIA ABADIA SABINA NOGUEIRA;RUA;ANTONIO LAMBERT;;172;MILANI;79492064;(67)98107-3424;SAO GABRIEL DO OESTE;500769;SAO GABRIEL DO OESTE;500769;2370972;UNIDADE DE SAUDE DA FAMILIA MILANE II;F;14.05.2026;FLAVIA_RODRIGUES;14.05.2026;FLAVIA_RODRIGUES;5.15;PENDENTE;K409;;WILMA ABDO S GUIMARAES
667701021;0015001;0301010072;CONSULTA EM OFTALMOLOGIA GERAL;45183520097;JONI HILDOR SCHWEICKARDT;28.05.2026;14:00;0;898000435856679;IVANDIR EVANGELISTA CONCEICAO;04.02.1955;71;857;MARIA ANISIA EVANGELISTA;RUA;DIONISIO MOSCON;;1858;PRIMO MAFFISSONI;79490264;(73)99116-7010;SAO GABRIEL DO OESTE;500769;SAO GABRIEL DO OESTE;500769;7333218;UNIDADE DE SAUDE DA FAMILIA X;F;14.05.2026;RAISSASILVALIMA;14.05.2026;RAISSASILVALIMA;10.00;CONFIRMADO;Z000;;VICTOR SOUZA
667726623;0710992;0205010032;ECOCARDIOGRAMA INFANTIL;01452917159;MARIELLI DE CASTRO CUNHA;18.05.2026;07:00;0;705000203941956;OLIVER DE OLIVEIRA SILVA;04.02.2025;01;17;JULIANE TINARI DE OLIVEIRA SOUZA;RUA;CEREJEIRA;;397;SAO CRISTOVAO;79491184;(67)99619-4950;SAO GABRIEL DO OESTE;500769;SAO GABRIEL DO OESTE;500769;6452116;CENTRO DE ESPECIALIDADES MEDICAS;M;14.05.2026;PATRICKMASIAGA;17.05.2026;VANIA_MARIANO;67.86;CONFIRMADO;Z00;;STEPHANNO CONTRIS
667727094;2300004;0301010072;CONSULTA EM CARDIOLOGIA;01110123175;ELY DONIZETH DE ASSIS JUNIOR;26.05.2026;06:30;0;700408488040440;OSVALDO BARIA;09.07.1946;79;959;MARIA APARECIDA GONCALVES DA SILVA BARIA;RUA;TICO-TICO;;138;FENIX;79491096;(67)99932-3314;SAO GABRIEL DO OESTE;500769;SAO GABRIEL DO OESTE;500769;2370999;UNIDADE DE SAUDE DA FAMILIA FENIX IV;M;14.05.2026;GUSTAVO_PIAIA;15.05.2026;VANIA_MARIANO;10.00;CONFIRMADO;Z000;00703866176;ALCIDES EDUARDO EIBEL
667727650;0282026;0301010072;CONSULTA  EM CARDIOLOGIA - PEDIATRIA;01452917159;MARIELLI DE CASTRO CUNHA;18.05.2026;07:00;0;701006872173397;ERICK AUGUSTO SANTOS ALBUQUERQUE;22.12.2023;02;30;ELAINE DE BRITO SANTOS ALBUQUERQUE;RUA;HILARIO ANTONIO ROLIM;;394;PRIMO MAFFISSONI;79490000;(67)99288-2926;SAO GABRIEL DO OESTE;500769;SAO GABRIEL DO OESTE;500769;6452116;CENTRO DE ESPECIALIDADES MEDICAS;M;14.05.2026;PATRICKMASIAGA;17.05.2026;VANIA_MARIANO;10.00;CONFIRMADO;Z00;;RAFAEL CANDIDO MAIA
667731387;0110002;0301010072;CONSULTA EM ORTOPEDIA - GERAL;04469955680;DANIEL ROCHA DO CARMO;25.05.2026;12:30;0;700806980457486;LUIS HENRIQUE SOUZA SILVA;20.09.2012;13;165;VIRLEI APARECIDA INACIO DE SOUZA;RUA;SANTO ANGELO;CASA;298;MILANI;79490000;(67)99902-5909;SAO GABRIEL DO OESTE;500769;SAO GABRIEL DO OESTE;500769;6354265;CENTRAL DE REGULACAO DE SAO GABRIEL DO OESTE;M;14.05.2026;CLEIDIANE_REGULADOR;14.05.2026;CLEIDIANE_REGULADOR;10.00;CONFIRMADO;Z00;65742103653;SOLICITANTE_SAO GABRIEL DO OESTE
667750990;0282063;0301010072;CONSULTA EM OTORRINOLARINGOLOGIA;78877326115;ANA PAULA CAVALIERI PONTES;29.05.2026;06:00;1;700408488040440;OSVALDO BARIA;09.07.1946;79;959;MARIA APARECIDA GONCALVES DA SILVA BARIA;RUA;TICO-TICO;;138;FENIX;79491096;(67)99932-3314;SAO GABRIEL DO OESTE;500769;SAO GABRIEL DO OESTE;500769;6452116;CENTRO DE ESPECIALIDADES MEDICAS;M;15.05.2026;PATRICKMASIAGA;15.05.2026;PATRICKMASIAGA;10.00;PENDENTE;Z00;78877326115;ANA PAULA CAVALIERI PONTES
667757167;2300004;0301010072;CONSULTA EM CARDIOLOGIA;99746328115;GUSTAVO TRINDADE DE QUEIROZ;22.05.2026;06:30;1;700404432114844;LEONEIDE DE JESUS MORAIS;11.07.1950;75;911;ERASMA TERREIRA ROBLES;RUA;SANTA MARIA;;16;MILANI;79490000;(67)9645-5985;SAO GABRIEL DO OESTE;500769;SAO GABRIEL DO OESTE;500769;6452116;CENTRO DE ESPECIALIDADES MEDICAS;F;15.05.2026;PATRICKMASIAGA;15.05.2026;PATRICKMASIAGA;10.00;CONFIRMADO;Z00;99746328115;GUSTAVO TRINDADE DE QUEIROZ
667762028;0320003;0211020036;ELETROCARDIOGRAMA;01110123175;ELY DONIZETH DE ASSIS JUNIOR;15.05.2026;14:00;0;704107466757150;EDEMAR ROEPKE;15.09.1964;61;741;GERTRUDES ROEPKE;RUA;RIO DE JANEIRO;;2737;AMABILE MAFFISSONI;79490000;(67)9621-6557;SAO GABRIEL DO OESTE;500769;SAO GABRIEL DO OESTE;500769;6452116;CENTRO DE ESPECIALIDADES MEDICAS;M;15.05.2026;PATRICKMASIAGA;15.05.2026;PATRICKMASIAGA;5.15;PENDENTE;Z00;;HUDSON PERES DE SOUZA
667768267;2300004;0301010072;CONSULTA EM CARDIOLOGIA;99746328115;GUSTAVO TRINDADE DE QUEIROZ;22.05.2026;06:30;1;700008652128809;CARMOSA SOARES DE OLIVEIRA;25.01.1955;71;857;FRANCISCA ISABEL DOS PRAZERES;FAZENDA;PRODUSOJA;;S/N;RURAL;79490000;(67)9986-9336;SAO GABRIEL DO OESTE;500769;SAO GABRIEL DO OESTE;500769;6452116;CENTRO DE ESPECIALIDADES MEDICAS;F;15.05.2026;PATRICKMASIAGA;15.05.2026;PATRICKMASIAGA;10.00;PENDENTE;Z00;99746328115;GUSTAVO TRINDADE DE QUEIROZ
667783072;0108001;0205010032;ECOCARDIOGRAMA TRANSTORACICO;01110123175;ELY DONIZETH DE ASSIS JUNIOR;27.05.2026;13:00;0;702609713041645;JOAO EDI DA SILVA;17.06.1954;72;864;ARMIRIA BUENO DA SILVA;RUA;ALAGOAS;;2953;JARDIM PRIMAVERA;79490172;(67)99632-6177;SAO GABRIEL DO OESTE;500769;SAO GABRIEL DO OESTE;500769;6452116;CENTRO DE ESPECIALIDADES MEDICAS;M;15.05.2026;PATRICKMASIAGA;15.05.2026;PATRICKMASIAGA;67.86;PENDENTE;I251;99746328115;GUSTAVO TRINDADE DE QUEIROZ
667791877;1407044;0211020060;TESTE DE ESFORCO OU TESTE ERGOMETRICO;01110123175;ELY DONIZETH DE ASSIS JUNIOR;25.05.2026;13:00;0;702106704276793;LOURENCO SIQUEIRA;10.08.1965;60;730;SERVINA FELIZARDA SIQUEIRA;RUA;AMAZONAS;;2547;JARDIM PRIMAVERA;79490000;(67)99922-5944;SAO GABRIEL DO OESTE;500769;SAO GABRIEL DO OESTE;500769;6452116;CENTRO DE ESPECIALIDADES MEDICAS;M;15.05.2026;PATRICKMASIAGA;15.05.2026;PATRICKMASIAGA;30.00;CONFIRMADO;I10;99746328115;GUSTAVO TRINDADE DE QUEIROZ
667791946;0108001;0205010032;ECOCARDIOGRAMA TRANSTORACICO;01110123175;ELY DONIZETH DE ASSIS JUNIOR;25.05.2026;13:00;0;702106704276793;LOURENCO SIQUEIRA;10.08.1965;60;730;SERVINA FELIZARDA SIQUEIRA;RUA;AMAZONAS;;2547;JARDIM PRIMAVERA;79490000;(67)99922-5944;SAO GABRIEL DO OESTE;500769;SAO GABRIEL DO OESTE;500769;6452116;CENTRO DE ESPECIALIDADES MEDICAS;M;15.05.2026;PATRICKMASIAGA;15.05.2026;PATRICKMASIAGA;67.86;CONFIRMADO;I10;99746328115;GUSTAVO TRINDADE DE QUEIROZ
667793195;0505002;0211020052;MONITORIZACAO AMBULATORIAL DE PRESSAO ARTERIAL (M.A.P.A)                                            ;01110123175;ELY DONIZETH DE ASSIS JUNIOR;29.05.2026;13:00;0;702106704276793;LOURENCO SIQUEIRA;10.08.1965;60;730;SERVINA FELIZARDA SIQUEIRA;RUA;AMAZONAS;;2547;JARDIM PRIMAVERA;79490000;(67)99922-5944;SAO GABRIEL DO OESTE;500769;SAO GABRIEL DO OESTE;500769;6452116;CENTRO DE ESPECIALIDADES MEDICAS;M;15.05.2026;PATRICKMASIAGA;15.05.2026;PATRICKMASIAGA;10.07;CONFIRMADO;I10;99746328115;GUSTAVO TRINDADE DE QUEIROZ
667794205;3516007;0301010072;CONSULTA EM UROLOGIA - GERAL;04349392181;ANTONIO AUGUSTO PALOMBO MENDES;22.05.2026;07:00;0;703501068960730;NEIVO LUIZ STRAPASON;18.01.1959;67;809;MASSEMINA STRAPASON;RUA;MENOTI DEL PICCHIA;;1629;JARDIM ALVORADA;79490000;(67)99627-0807;SAO GABRIEL DO OESTE;500769;SAO GABRIEL DO OESTE;500769;6452116;CENTRO DE ESPECIALIDADES MEDICAS;M;15.05.2026;PATRICKMASIAGA;15.05.2026;PATRICKMASIAGA;10.00;CONFIRMADO;Z00;04349392181;ANTONIO AUGUSTO PALOMBO MENDES
667796621;1407044;0211020060;TESTE DE ESFORCO OU TESTE ERGOMETRICO;01110123175;ELY DONIZETH DE ASSIS JUNIOR;25.05.2026;13:00;0;700407430917748;CLAUDIA GOMES PEDROSO;07.07.1983;43;516;MARINEY GOMES DA SILVA;RUA;DONA ELVIRA;CASA 2;1506;MILANI;79490166;(67)99877-9299;SAO GABRIEL DO OESTE;500769;SAO GABRIEL DO OESTE;500769;6452116;CENTRO DE ESPECIALIDADES MEDICAS;F;15.05.2026;PATRICKMASIAGA;15.05.2026;PATRICKMASIAGA;30.00;CONFIRMADO;Z966;99746328115;GUSTAVO TRINDADE DE QUEIROZ
667796680;0108001;0205010032;ECOCARDIOGRAMA TRANSTORACICO;01110123175;ELY DONIZETH DE ASSIS JUNIOR;25.05.2026;13:00;0;700407430917748;CLAUDIA GOMES PEDROSO;07.07.1983;43;516;MARINEY GOMES DA SILVA;RUA;DONA ELVIRA;CASA 2;1506;MILANI;79490166;(67)99877-9299;SAO GABRIEL DO OESTE;500769;SAO GABRIEL DO OESTE;500769;6452116;CENTRO DE ESPECIALIDADES MEDICAS;F;15.05.2026;PATRICKMASIAGA;15.05.2026;PATRICKMASIAGA;67.86;CONFIRMADO;Z00;99746328115;GUSTAVO TRINDADE DE QUEIROZ
667802058;0108001;0205010032;ECOCARDIOGRAMA TRANSTORACICO;01110123175;ELY DONIZETH DE ASSIS JUNIOR;20.05.2026;13:00;0;707608211615491;MARLISE DE FREITAS AZZOLIN;27.11.1983;42;511;NEIZA ANTONIA DE FREITAS AZZOLIN;CHACARA;QUERENCIA SAO FRANCISCO;;85;RURAL;79490000;(67)99934-3630 / (67)99989-5777;SAO GABRIEL DO OESTE;500769;SAO GABRIEL DO OESTE;500769;6452116;CENTRO DE ESPECIALIDADES MEDICAS;F;15.05.2026;PATRICKMASIAGA;15.05.2026;PATRICKMASIAGA;67.86;PENDENTE;Z712;99746328115;GUSTAVO TRINDADE DE QUEIROZ
667803471;0320174;0301010072;CONSULTA EM PNEUMOLOGIA - GERAL;09028429603;BERNARDO MEDEIROS MAIA;26.05.2026;13:00;1;700404940299849;ELI PEREIRA;23.08.1956;69;838;ERENITA LOPES PEREIRA;RUA;PELICANOS;;461;JARDIM GRAMADO;79490000;(67)99837-8060;SAO GABRIEL DO OESTE;500769;SAO GABRIEL DO OESTE;500769;6452116;CENTRO DE ESPECIALIDADES MEDICAS;F;15.05.2026;PATRICKMASIAGA;17.05.2026;VANIA_MARIANO;10.00;CONFIRMADO;Z00;09028429603;BERNARDO MEDEIROS MAIA
667804213;0110002;0301010072;CONSULTA EM ORTOPEDIA - GERAL;00468987193;ARTHUR MARTINS DE ALMEIDA;19.05.2026;06:30;0;706503341741797;IRAN AVELAR DA COSTA;05.05.1978;48;578;LUCILA AVELAR DA COSTA;RUA;SANTA CATARINA;;2015;CENTRO;79490005;(67)9953-5758 / (67)99644-2032;SAO GABRIEL DO OESTE;500769;SAO GABRIEL DO OESTE;500769;2599376;UNIDADE DE SAUDE DA FAMILIA VI;M;15.05.2026;MARIANA_MARTINS;17.05.2026;VANIA_MARIANO;10.00;CONFIRMADO;S626;06437691107;MAIARA FLORES SCARIOT
667804717;0282063;0301010072;CONSULTA EM OTORRINOLARINGOLOGIA;78877326115;ANA PAULA CAVALIERI PONTES;22.05.2026;06:00;0;702403035967021;IZABEL CRISTINA DA SILVA;12.04.1968;58;698;HILDA MARIA SOUZA DA SILVA;RUA;MANOEL ROSA 401/1250;;116;JARDIM PRIMAVERA;79490138;(67)99965-5376;SAO GABRIEL DO OESTE;500769;SAO GABRIEL DO OESTE;500769;6452116;CENTRO DE ESPECIALIDADES MEDICAS;F;15.05.2026;FERNANDACRISTINAALVES;15.05.2026;FERNANDACRISTINAALVES;10.00;CONFIRMADO;Z016;78877326115;ANA PAULA CAVALIERI PONTES
667807948;0320003;0211020036;ELETROCARDIOGRAMA;01110123175;ELY DONIZETH DE ASSIS JUNIOR;15.05.2026;14:00;0;708404296567167;JOAO DOS ANJOS SILVA FILHO;08.09.1971;54;657;NILDA BERNARDINA DE SOUZA;RUA;CURICACA 1466/99999;;1778;FENIX;79491080;(67)99838-7313 / (67)99965-2736;SAO GABRIEL DO OESTE;500769;SAO GABRIEL DO OESTE;500769;2370999;UNIDADE DE SAUDE DA FAMILIA FENIX IV;M;15.05.2026;GUSTAVO_PIAIA;15.05.2026;GUSTAVO_PIAIA;5.15;PENDENTE;R074;00703866176;ALCIDES EDUARDO EIBEL
667809774;0108001;0205010032;ECOCARDIOGRAMA TRANSTORACICO;01110123175;ELY DONIZETH DE ASSIS JUNIOR;25.05.2026;09:00;0;705008895226653;MARCIO JOSE LUCCA BOLIGON;02.02.1984;42;509;DULCE MARIA LUCCA BOLIGON;RUA;JORGE AMADO;;1661;JARDIM ALVORADA;79490000;(67)9667-9844;SAO GABRIEL DO OESTE;500769;SAO GABRIEL DO OESTE;500769;6452116;CENTRO DE ESPECIALIDADES MEDICAS;M;15.05.2026;FERNANDACRISTINAALVES;15.05.2026;FERNANDACRISTINAALVES;67.86;CONFIRMADO;Z016;99746328115;GUSTAVO TRINDADE DE QUEIROZ
667810075;1407044;0211020060;TESTE DE ESFORCO OU TESTE ERGOMETRICO;01110123175;ELY DONIZETH DE ASSIS JUNIOR;25.05.2026;09:00;0;705008895226653;MARCIO JOSE LUCCA BOLIGON;02.02.1984;42;509;DULCE MARIA LUCCA BOLIGON;RUA;JORGE AMADO;;1661;JARDIM ALVORADA;79490000;(67)9667-9844;SAO GABRIEL DO OESTE;500769;SAO GABRIEL DO OESTE;500769;6452116;CENTRO DE ESPECIALIDADES MEDICAS;M;15.05.2026;FERNANDACRISTINAALVES;15.05.2026;FERNANDACRISTINAALVES;30.00;CONFIRMADO;Z016;99746328115;GUSTAVO TRINDADE DE QUEIROZ
667810247;0077026;0205010040;ULTRA-SONOGRAFIA DOPPLER DE CAROTIDAS E VERTEBRAIS;01110123175;ELY DONIZETH DE ASSIS JUNIOR;25.05.2026;13:00;0;705008895226653;MARCIO JOSE LUCCA BOLIGON;02.02.1984;42;509;DULCE MARIA LUCCA BOLIGON;RUA;JORGE AMADO;;1661;JARDIM ALVORADA;79490000;(67)9667-9844;SAO GABRIEL DO OESTE;500769;SAO GABRIEL DO OESTE;500769;6452116;CENTRO DE ESPECIALIDADES MEDICAS;M;15.05.2026;FERNANDACRISTINAALVES;15.05.2026;FERNANDACRISTINAALVES;39.60;CONFIRMADO;Z016;99746328115;GUSTAVO TRINDADE DE QUEIROZ
667812521;3500068;0206010044;TOMOGRAFIA COMPUTADORIZADA DE FACE OU SEIOS DE FACE SEM CONTRASTE;00125300006;MEDICOS SUS;28.05.2026;07:15;0;702404370299230;JOANA SENHORIA PEREIRA;10.07.1943;82;995;ORINESIA SENHORIA DE OLIVEIRA;RUA;RIO DE JANEIRO;;2465;CENTRO;79490000;(67)99920-1402;SAO GABRIEL DO OESTE;500769;SAO GABRIEL DO OESTE;500769;6354265;CENTRAL DE REGULACAO DE SAO GABRIEL DO OESTE;F;15.05.2026;CLEIDIANE_REGULACAO;26.05.2026;CLEIDIANE_REGULADOR;86.75;CONFIRMADO;J450;;BERNARDO MEDEIROS MAIA
667819897;3500022;0206020031;TOMOGRAFIA COMPUTADORIZADA DO TORAX SEM CONTRASTE;00125300006;MEDICOS SUS;28.05.2026;07:15;0;702404370299230;JOANA SENHORIA PEREIRA;10.07.1943;82;995;ORINESIA SENHORIA DE OLIVEIRA;RUA;RIO DE JANEIRO;;2465;CENTRO;79490000;(67)99920-1402;SAO GABRIEL DO OESTE;500769;SAO GABRIEL DO OESTE;500769;6354265;CENTRAL DE REGULACAO DE SAO GABRIEL DO OESTE;F;15.05.2026;CLEIDIANE_REGULACAO;26.05.2026;CLEIDIANE_REGULADOR;136.41;CONFIRMADO;J450;;BERNARDO MEDEIROS MAIA
667831567;0077026;0205010040;ULTRA-SONOGRAFIA DOPPLER DE CAROTIDAS E VERTEBRAIS;01110123175;ELY DONIZETH DE ASSIS JUNIOR;25.05.2026;09:00;0;705004062890955;FRANCISCO FELIX DA COSTA;02.04.1969;57;687;EFIGENIA MARIA DE JESUS;RUA;JACARANDÁ;;356;FLOR DO CERRADO;79490000;(67)99665-1184;SAO GABRIEL DO OESTE;500769;SAO GABRIEL DO OESTE;500769;6452116;CENTRO DE ESPECIALIDADES MEDICAS;M;15.05.2026;PATRICKMASIAGA;15.05.2026;PATRICKMASIAGA;39.60;CONFIRMADO;I64;99746328115;GUSTAVO TRINDADE DE QUEIROZ
667831621;0108001;0205010032;ECOCARDIOGRAMA TRANSTORACICO;01110123175;ELY DONIZETH DE ASSIS JUNIOR;25.05.2026;09:00;0;705004062890955;FRANCISCO FELIX DA COSTA;02.04.1969;57;687;EFIGENIA MARIA DE JESUS;RUA;JACARANDÁ;;356;FLOR DO CERRADO;79490000;(67)99665-1184;SAO GABRIEL DO OESTE;500769;SAO GABRIEL DO OESTE;500769;6452116;CENTRO DE ESPECIALIDADES MEDICAS;M;15.05.2026;PATRICKMASIAGA;15.05.2026;PATRICKMASIAGA;67.86;CONFIRMADO;I64;99746328115;GUSTAVO TRINDADE DE QUEIROZ
667831743;1703204;0211020044;HOLTER 24 HORAS;01110123175;ELY DONIZETH DE ASSIS JUNIOR;22.05.2026;09:00;0;705004062890955;FRANCISCO FELIX DA COSTA;02.04.1969;57;687;EFIGENIA MARIA DE JESUS;RUA;JACARANDÁ;;356;FLOR DO CERRADO;79490000;(67)99665-1184;SAO GABRIEL DO OESTE;500769;SAO GABRIEL DO OESTE;500769;6452116;CENTRO DE ESPECIALIDADES MEDICAS;M;15.05.2026;PATRICKMASIAGA;15.05.2026;PATRICKMASIAGA;30.00;CONFIRMADO;I64;99746328115;GUSTAVO TRINDADE DE QUEIROZ
667833321;0015001;0301010072;CONSULTA EM OFTALMOLOGIA GERAL;45183520097;JONI HILDOR SCHWEICKARDT;28.05.2026;09:00;0;705004062890955;FRANCISCO FELIX DA COSTA;02.04.1969;57;687;EFIGENIA MARIA DE JESUS;RUA;JACARANDÁ;;356;FLOR DO CERRADO;79490000;(67)99665-1184;SAO GABRIEL DO OESTE;500769;SAO GABRIEL DO OESTE;500769;6452116;CENTRO DE ESPECIALIDADES MEDICAS;M;15.05.2026;PATRICKMASIAGA;15.05.2026;PATRICKMASIAGA;10.00;CONFIRMADO;H262;99746328115;GUSTAVO TRINDADE DE QUEIROZ
667844414;0282063;0301010072;CONSULTA EM OTORRINOLARINGOLOGIA;78877326115;ANA PAULA CAVALIERI PONTES;22.05.2026;06:00;0;705202423929572;VOLMAR PASQUALI;19.02.1949;77;928;JULIA GABRIEL;RUA;ALAGOAS 2400/99999;;2944;JARDIM PRIMAVERA;79490172;(67)99905-3890;SAO GABRIEL DO OESTE;500769;SAO GABRIEL DO OESTE;500769;6452116;CENTRO DE ESPECIALIDADES MEDICAS;M;15.05.2026;FERNANDACRISTINAALVES;15.05.2026;FERNANDACRISTINAALVES;10.00;CONFIRMADO;Z016;78877326115;ANA PAULA CAVALIERI PONTES
667849315;0015001;0301010072;CONSULTA EM OFTALMOLOGIA GERAL;45183520097;JONI HILDOR SCHWEICKARDT;28.05.2026;14:00;0;705002066094655;MARIA DURVALINA DA SILVA MENDES;01.08.1960;65;791;MARIA BENEDITA DA SILVA;RUA;PERIQUITO;;245;FÊNIX;79491088;(67)99965-9433;SAO GABRIEL DO OESTE;500769;SAO GABRIEL DO OESTE;500769;6452116;CENTRO DE ESPECIALIDADES MEDICAS;F;15.05.2026;ARI_CEM;15.05.2026;ARI_CEM;10.00;CONFIRMADO;Z00;00125300006;MEDICOS SUS
667858771;2300004;0301010072;CONSULTA EM CARDIOLOGIA;01110123175;ELY DONIZETH DE ASSIS JUNIOR;20.05.2026;06:30;0;706508363883998;IVANIR SERGIO DE OLIVEIRA;01.04.1972;54;651;JOVELINA MARIA DE OLIVEIRA;RUA;DAS CORUJAS;;948;FENIX;79491054;(67)99654-7979 / (67)99623-1897;SAO GABRIEL DO OESTE;500769;SAO GABRIEL DO OESTE;500769;7002084;UNIDADE DE SAUDE DA FAMILIA IX;M;15.05.2026;AMANDALUIZA_BIAZUS;17.05.2026;VANIA_MARIANO;10.00;PENDENTE;R53;96040653191;PAULO FENELON MARINHO
667884366;2300004;0301010072;CONSULTA EM CARDIOLOGIA;98260570106;CLAUDIA REGINA DUARTE CAZZOLATO KHALIL;28.05.2026;14:00;0;700509567051453;GISLAINE GONZAGA DE ANDRADE;23.03.1977;49;591;CELIA GONZAGA DA SILVA;FAZENDA;BOA VISTA;;S/N;ZONA RURAL;79490000;(67)9609-2525;SAO GABRIEL DO OESTE;500769;SAO GABRIEL DO OESTE;500769;6452116;CENTRO DE ESPECIALIDADES MEDICAS;F;15.05.2026;PATRICKMASIAGA;17.05.2026;VANIA_MARIANO;10.00;PENDENTE;Z00;98260570106;CLAUDIA REGINA DUARTE CAZZOLATO KHALIL
667885412;3516007;0301010072;CONSULTA EM UROLOGIA - GERAL;04349392181;ANTONIO AUGUSTO PALOMBO MENDES;21.05.2026;08:00;0;704509348233311;DARIO DE ANDRADE FILHO;15.10.1951;74;896;JOANA MARIA DE ANDRADE;FAZENDA;BOA VISTA;;S/N;ZONA RURAL;79490000;(67)9668-1321;SAO GABRIEL DO OESTE;500769;SAO GABRIEL DO OESTE;500769;6452116;CENTRO DE ESPECIALIDADES MEDICAS;M;15.05.2026;PATRICKMASIAGA;17.05.2026;VANIA_MARIANO;10.00;PENDENTE;Z016;04349392181;ANTONIO AUGUSTO PALOMBO MENDES
667891706;0282081;0301010072;CONSULTA EM CIRURGIA GERAL;48047740172;EVA WILMA ABDO DOS SANTOS GUIMARAES;25.05.2026;14:00;0;706008813325049;JUCIMEIRE ARAUJO DE FREITAS;08.01.1979;47;569;MARIA ANTONIA DE ARAUJO FREITAS;RUA;JOAO RODRIGUES DE MIRANDA;;497;CENTRO;79490000;(67)99934-7418;SAO GABRIEL DO OESTE;500769;SAO GABRIEL DO OESTE;500769;6354265;CENTRAL DE REGULACAO DE SAO GABRIEL DO OESTE;F;15.05.2026;VANIA_MARIANO;15.05.2026;VANIA_MARIANO;10.00;CONFIRMADO;I84;00125300006;MEDICOS SUS
667894106;0108001;0205010032;ECOCARDIOGRAMA TRANSTORACICO;01110123175;ELY DONIZETH DE ASSIS JUNIOR;18.05.2026;13:00;0;702805152120864;ENIO ALVES DA SILVA;20.05.1950;76;913;EMPONINA DA SILVA ORTEGA;RUA;MAGNATAS;;34;JARDIM PRIMAVERA;79490000;(67)99862-9552;SAO GABRIEL DO OESTE;500769;SAO GABRIEL DO OESTE;500769;6452116;CENTRO DE ESPECIALIDADES MEDICAS;M;15.05.2026;FERNANDACRISTINAALVES;15.05.2026;FERNANDACRISTINAALVES;67.86;CONFIRMADO;Z00;01110123175;ELY DONIZETH DE ASSIS JUNIOR
667895819;3100230;0207010048;RESSONANCIA MAGNETICA DE COLUNA LOMBAR;00125300006;MEDICOS SUS;16.05.2026;06:00;0;702803695229261;ARILDO MARCOS LORDANO;16.10.1981;44;536;ZILMA DA SILVA LORDANO;RUA;SANTA MARIA;CASA;955;MILANI;79490000;(44)99172-3701;SAO GABRIEL DO OESTE;500769;SAO GABRIEL DO OESTE;500769;6354265;CENTRAL DE REGULACAO DE SAO GABRIEL DO OESTE;M;15.05.2026;CLEIDIANE_REGULADOR;15.05.2026;CLEIDIANE_REGULADOR;268.75;CONFIRMADO;Z00;65742103653;SOLICITANTE_SAO GABRIEL DO OESTE
667898998;3500022;0206020031;TOMOGRAFIA COMPUTADORIZADA DO TORAX SEM CONTRASTE;00125300006;MEDICOS SUS;27.05.2026;07:15;0;702401019861328;RENEE LISBOA PEROBELI;08.03.1941;85;1023;IRACEMA MARTINS;RUA;SANTA CATARINA;;2434;CENTRO;79490000;;SAO GABRIEL DO OESTE;500769;SAO GABRIEL DO OESTE;500769;6354265;CENTRAL DE REGULACAO DE SAO GABRIEL DO OESTE;F;15.05.2026;CLEIDIANE_REGULACAO;26.05.2026;CLEIDIANE_REGULADOR;136.41;PENDENTE;J45;;BERNARDO MEDEIROS MAIA
667912353;0110002;0301010072;CONSULTA EM ORTOPEDIA - GERAL;06302616603;ROMULO AMARAL TAFURI;20.05.2026;12:30;0;700700902845274;LUIZ FERNANDO RECH BATISTELLA;10.04.2008;18;218;MARCIA RECH;RUA;RIO DE JANEIRO 1/2399;;19999;CENTRO;79490019;(63)99113-0531;SAO GABRIEL DO OESTE;500769;SAO GABRIEL DO OESTE;500769;2599376;UNIDADE DE SAUDE DA FAMILIA VI;M;15.05.2026;MARIANA_MARTINS;17.05.2026;VANIA_MARIANO;10.00;PENDENTE;S122;06437691107;MAIARA FLORES SCARIOT
667915707;1407044;0211020060;TESTE DE ESFORCO OU TESTE ERGOMETRICO;01110123175;ELY DONIZETH DE ASSIS JUNIOR;25.05.2026;09:00;0;708807787795010;ALESSANDRA PALMEIRA DOS SANTOS;19.01.1996;30;365;CLAUDETE PALMEIRA;RUA;PATATIVA;;331;FENIX;79491100;(67)99876-0798;SAO GABRIEL DO OESTE;500769;SAO GABRIEL DO OESTE;500769;6452116;CENTRO DE ESPECIALIDADES MEDICAS;F;15.05.2026;PATRICKMASIAGA;15.05.2026;PATRICKMASIAGA;30.00;CONFIRMADO;I10;99746328115;GUSTAVO TRINDADE DE QUEIROZ
667915747;0108001;0205010032;ECOCARDIOGRAMA TRANSTORACICO;01110123175;ELY DONIZETH DE ASSIS JUNIOR;25.05.2026;09:00;0;708807787795010;ALESSANDRA PALMEIRA DOS SANTOS;19.01.1996;30;365;CLAUDETE PALMEIRA;RUA;PATATIVA;;331;FENIX;79491100;(67)99876-0798;SAO GABRIEL DO OESTE;500769;SAO GABRIEL DO OESTE;500769;6452116;CENTRO DE ESPECIALIDADES MEDICAS;F;15.05.2026;PATRICKMASIAGA;15.05.2026;PATRICKMASIAGA;67.86;CONFIRMADO;I10;99746328115;GUSTAVO TRINDADE DE QUEIROZ
667915780;0505002;0211020052;MONITORIZACAO AMBULATORIAL DE PRESSAO ARTERIAL (M.A.P.A)                                            ;01110123175;ELY DONIZETH DE ASSIS JUNIOR;21.05.2026;13:00;0;708807787795010;ALESSANDRA PALMEIRA DOS SANTOS;19.01.1996;30;365;CLAUDETE PALMEIRA;RUA;PATATIVA;;331;FENIX;79491100;(67)99876-0798;SAO GABRIEL DO OESTE;500769;SAO GABRIEL DO OESTE;500769;6452116;CENTRO DE ESPECIALIDADES MEDICAS;F;15.05.2026;PATRICKMASIAGA;15.05.2026;PATRICKMASIAGA;10.07;CONFIRMADO;I10;99746328115;GUSTAVO TRINDADE DE QUEIROZ
667919594;0108001;0205010032;ECOCARDIOGRAMA TRANSTORACICO;01110123175;ELY DONIZETH DE ASSIS JUNIOR;26.05.2026;13:00;0;708403710841565;ANDRESSA MALAGGI;08.11.1994;31;379;GENELSI FATIMA SIMIONATO MALAGGI;FAZENDA;CRIS FADA;CASA;S/N;ZONA RURAL;79550000;(67)99655-2232;COSTA RICA;500325;SAO GABRIEL DO OESTE;500769;6452116;CENTRO DE ESPECIALIDADES MEDICAS;F;15.05.2026;PATRICKMASIAGA;15.05.2026;PATRICKMASIAGA;67.86;CONFIRMADO;R002;99746328115;GUSTAVO TRINDADE DE QUEIROZ
667919635;1407044;0211020060;TESTE DE ESFORCO OU TESTE ERGOMETRICO;01110123175;ELY DONIZETH DE ASSIS JUNIOR;26.05.2026;13:00;0;708403710841565;ANDRESSA MALAGGI;08.11.1994;31;379;GENELSI FATIMA SIMIONATO MALAGGI;FAZENDA;CRIS FADA;CASA;S/N;ZONA RURAL;79550000;(67)99655-2232;COSTA RICA;500325;SAO GABRIEL DO OESTE;500769;6452116;CENTRO DE ESPECIALIDADES MEDICAS;F;15.05.2026;PATRICKMASIAGA;15.05.2026;PATRICKMASIAGA;30.00;CONFIRMADO;R002;99746328115;GUSTAVO TRINDADE DE QUEIROZ
667919776;1703204;0211020044;HOLTER 24 HORAS;01110123175;ELY DONIZETH DE ASSIS JUNIOR;21.05.2026;13:00;0;708403710841565;ANDRESSA MALAGGI;08.11.1994;31;379;GENELSI FATIMA SIMIONATO MALAGGI;FAZENDA;CRIS FADA;CASA;S/N;ZONA RURAL;79550000;(67)99655-2232;COSTA RICA;500325;SAO GABRIEL DO OESTE;500769;6452116;CENTRO DE ESPECIALIDADES MEDICAS;F;15.05.2026;PATRICKMASIAGA;15.05.2026;PATRICKMASIAGA;30.00;CONFIRMADO;R002;99746328115;GUSTAVO TRINDADE DE QUEIROZ
667929030;0282063;0301010072;CONSULTA EM OTORRINOLARINGOLOGIA;78877326115;ANA PAULA CAVALIERI PONTES;22.05.2026;06:00;0;701805232175675;JUSSARA LIA ARAUJO SILVA;27.06.1994;32;384;INES PEREIRA DOS SANTOS ARAUJO SILVA;RUA;DAS PERDIZES 1/917;;1291;JARDIM GRAMADO;79491048;(67)99948-1668;SAO GABRIEL DO OESTE;500769;SAO GABRIEL DO OESTE;500769;6452116;CENTRO DE ESPECIALIDADES MEDICAS;F;15.05.2026;PATRICKMASIAGA;15.05.2026;PATRICKMASIAGA;10.00;CONFIRMADO;Z00;;CLODOALDO SABINO
667932128;0710992;0205010032;ECOCARDIOGRAMA INFANTIL;01452917159;MARIELLI DE CASTRO CUNHA;18.05.2026;07:00;0;702105887070870;MARIA ALICE GOMES DOS SANTOS;06.09.2022;03;46;LAIS DORCELINO GOMES VILA;RUA;TANGARA;;334;FENIX;79490000;(67)99842-4617;SAO GABRIEL DO OESTE;500769;SAO GABRIEL DO OESTE;500769;6452116;CENTRO DE ESPECIALIDADES MEDICAS;F;15.05.2026;PATRICKMASIAGA;17.05.2026;VANIA_MARIANO;67.86;CONFIRMADO;Z136;;PAULO FENELON MARINHO 
667932622;0282026;0301010072;CONSULTA  EM CARDIOLOGIA - PEDIATRIA;01452917159;MARIELLI DE CASTRO CUNHA;18.05.2026;07:00;0;702105887070870;MARIA ALICE GOMES DOS SANTOS;06.09.2022;03;46;LAIS DORCELINO GOMES VILA;RUA;TANGARA;;334;FENIX;79490000;(67)99842-4617;SAO GABRIEL DO OESTE;500769;SAO GABRIEL DO OESTE;500769;6452116;CENTRO DE ESPECIALIDADES MEDICAS;F;15.05.2026;PATRICKMASIAGA;17.05.2026;VANIA_MARIANO;10.00;CONFIRMADO;Z136;;PAULO FENELON MARINHO 
667934264;0110002;0301010072;CONSULTA EM ORTOPEDIA - GERAL;89074033172;ROGERIO PADOVANI TOFFOLI;29.05.2026;12:30;1;701406661109539;CAIO EDUARDO OLIVEIRA DUARTE;09.02.2012;14;172;CINTIA OLIVEIRA DE OLIVEIRA;RUA;ANHUMAS;;1567;JARDIM GRAMADO;79490000;(61)3315-2425;SAO GABRIEL DO OESTE;500769;SAO GABRIEL DO OESTE;500769;6452116;CENTRO DE ESPECIALIDADES MEDICAS;M;15.05.2026;PATRICKMASIAGA;17.05.2026;VANIA_MARIANO;10.00;PENDENTE;Z00;89074033172;ROGERIO PADOVANI TOFFOLI
667937616;0710992;0205010032;ECOCARDIOGRAMA INFANTIL;01452917159;MARIELLI DE CASTRO CUNHA;18.05.2026;07:00;0;701006872173397;ERICK AUGUSTO SANTOS ALBUQUERQUE;22.12.2023;02;30;ELAINE DE BRITO SANTOS ALBUQUERQUE;RUA;HILARIO ANTONIO ROLIM;;394;PRIMO MAFFISSONI;79490000;(67)99288-2926;SAO GABRIEL DO OESTE;500769;SAO GABRIEL DO OESTE;500769;6452116;CENTRO DE ESPECIALIDADES MEDICAS;M;15.05.2026;PATRICKMASIAGA;17.05.2026;VANIA_MARIANO;67.86;CONFIRMADO;Z00;;RAFAEL CANDIDO MAIA
667938085;0282026;0301010072;CONSULTA  EM CARDIOLOGIA - PEDIATRIA;01452917159;MARIELLI DE CASTRO CUNHA;18.05.2026;07:00;0;705000203941956;OLIVER DE OLIVEIRA SILVA;04.02.2025;01;17;JULIANE TINARI DE OLIVEIRA SOUZA;RUA;CEREJEIRA;;397;SAO CRISTOVAO;79491184;(67)99619-4950;SAO GABRIEL DO OESTE;500769;SAO GABRIEL DO OESTE;500769;6452116;CENTRO DE ESPECIALIDADES MEDICAS;M;15.05.2026;PATRICKMASIAGA;17.05.2026;VANIA_MARIANO;10.00;CONFIRMADO;Z00;;STEPHANNO CONTRIS
667938569;0710992;0205010032;ECOCARDIOGRAMA INFANTIL;01452917159;MARIELLI DE CASTRO CUNHA;18.05.2026;07:00;0;708009386621320;ENILDO GOMES CARNEIRO DE ASSIS;02.05.2016;10;122;ROSA MARIA GOMES GONCALVES;RUA;CURRUIRAS;;1309;JARDIM GRAMADO;79490000;(67)99635-3286;SAO GABRIEL DO OESTE;500769;SAO GABRIEL DO OESTE;500769;6452116;CENTRO DE ESPECIALIDADES MEDICAS;M;15.05.2026;PATRICKMASIAGA;17.05.2026;VANIA_MARIANO;67.86;CONFIRMADO;Z00;;RHUANNE SIQUEIRA
667939637;0282026;0301010072;CONSULTA  EM CARDIOLOGIA - PEDIATRIA;01452917159;MARIELLI DE CASTRO CUNHA;18.05.2026;07:00;0;703606086170634;REBECA MARQUES MARTINS;18.02.2026;00;4;SARA DE JESUS MARQUES;RUA;DAS CORUJAS;;1728;FENIX;79491054;(67)99960-9219;SAO GABRIEL DO OESTE;500769;SAO GABRIEL DO OESTE;500769;6452116;CENTRO DE ESPECIALIDADES MEDICAS;F;15.05.2026;PATRICKMASIAGA;17.05.2026;VANIA_MARIANO;10.00;CONFIRMADO;Z001;;CLODOALDO SABINO
667940750;1407044;0211020060;TESTE DE ESFORCO OU TESTE ERGOMETRICO;01110123175;ELY DONIZETH DE ASSIS JUNIOR;26.05.2026;13:00;0;702800187773665;GILMAR ALGAIER MORAES JUNIOR;30.12.1993;32;390;ELIAMAR LUCIA MORAES;RUA;CURIO;;1087;JARDIM GRAMADO;79491012;(67)99622-1397;SAO GABRIEL DO OESTE;500769;SAO GABRIEL DO OESTE;500769;6452116;CENTRO DE ESPECIALIDADES MEDICAS;M;15.05.2026;PATRICKMASIAGA;15.05.2026;PATRICKMASIAGA;30.00;CONFIRMADO;Z712;99746328115;GUSTAVO TRINDADE DE QUEIROZ
667940783;0108001;0205010032;ECOCARDIOGRAMA TRANSTORACICO;01110123175;ELY DONIZETH DE ASSIS JUNIOR;26.05.2026;13:00;0;702800187773665;GILMAR ALGAIER MORAES JUNIOR;30.12.1993;32;390;ELIAMAR LUCIA MORAES;RUA;CURIO;;1087;JARDIM GRAMADO;79491012;(67)99622-1397;SAO GABRIEL DO OESTE;500769;SAO GABRIEL DO OESTE;500769;6452116;CENTRO DE ESPECIALIDADES MEDICAS;M;15.05.2026;PATRICKMASIAGA;15.05.2026;PATRICKMASIAGA;67.86;CONFIRMADO;Z712;99746328115;GUSTAVO TRINDADE DE QUEIROZ
667941704;0282026;0301010072;CONSULTA  EM CARDIOLOGIA - PEDIATRIA;01452917159;MARIELLI DE CASTRO CUNHA;18.05.2026;07:00;0;708009304749727;SOPHIA IVY FERREIRA DOS SANTOS;16.03.2026;00;3;TASSIANY FERREIRA PEDROSO;AREA;MODELO;;S/N;AREA RURAL DE SAO GABRIEL DO OESTE;79493899;(67)99982-4985;SAO GABRIEL DO OESTE;500769;SAO GABRIEL DO OESTE;500769;6452116;CENTRO DE ESPECIALIDADES MEDICAS;F;15.05.2026;PATRICKMASIAGA;17.05.2026;VANIA_MARIANO;10.00;PENDENTE;Z00;;RHUANNE SIQUEIRA
667942460;0710992;0205010032;ECOCARDIOGRAMA INFANTIL;01452917159;MARIELLI DE CASTRO CUNHA;18.05.2026;07:00;0;702308176239419;JHENIFER SAMANIEGO LEONARDO;22.02.2016;10;124;MIRIAN HELENA SAMANIEGO MAR;FAZENDA;EZUDOS;CASA;S/N;ZONA RURAL;79590000;(67)99652-7096;SELVIRIA;500780;SAO GABRIEL DO OESTE;500769;6452116;CENTRO DE ESPECIALIDADES MEDICAS;F;15.05.2026;PATRICKMASIAGA;18.05.2026;VANIA_MARIANO;67.86;CONFIRMADO;I49;;RHUANNE SIQUEIRA
667944030;0282026;0301010072;CONSULTA  EM CARDIOLOGIA - PEDIATRIA;01452917159;MARIELLI DE CASTRO CUNHA;18.05.2026;07:00;0;706004862936141;LARA HEMANUELY VIEIRA LORENA DOS SANTOS;08.02.2026;00;4;ANA LAURA BECKER VIEIRA;RUA;DAS ANHUMAS 1/1465;;1610;JARDIM GRAMADO;79491016;(67)99824-3080;SAO GABRIEL DO OESTE;500769;SAO GABRIEL DO OESTE;500769;6452116;CENTRO DE ESPECIALIDADES MEDICAS;F;15.05.2026;PATRICKMASIAGA;17.05.2026;VANIA_MARIANO;10.00;CONFIRMADO;Z001;;CLODOALDO SABINO
667944572;0282026;0301010072;CONSULTA  EM CARDIOLOGIA - PEDIATRIA;01452917159;MARIELLI DE CASTRO CUNHA;18.05.2026;07:00;0;708909799590916;JOAO LUCAS DE SOUZA RODRIGUES;10.12.2025;00;6;CAROLINE DE SOUZA LUIZ;RUA;DAS ANHUMAS 1/1465;;638;JARDIM GRAMADO;79491016;(67)99671-3493;SAO GABRIEL DO OESTE;500769;SAO GABRIEL DO OESTE;500769;6452116;CENTRO DE ESPECIALIDADES MEDICAS;M;15.05.2026;PATRICKMASIAGA;17.05.2026;VANIA_MARIANO;10.00;CONFIRMADO;Z00;;MATERNIDADE CANCIDO MARIANO
667946952;0282063;0301010072;CONSULTA EM OTORRINOLARINGOLOGIA;78877326115;ANA PAULA CAVALIERI PONTES;22.05.2026;06:00;0;700601953698564;CONCEICAO APARECIDA DE JESUS NUNES;24.10.1977;48;584;ROSA DELFINA DE JESUS NUNES;AVENIDA;SAO FRANCISCO;CASA;3020;CENTRO;79490000;(67)99986-1633;SAO GABRIEL DO OESTE;500769;SAO GABRIEL DO OESTE;500769;6452116;CENTRO DE ESPECIALIDADES MEDICAS;F;15.05.2026;PATRICKMASIAGA;15.05.2026;PATRICKMASIAGA;10.00;CONFIRMADO;Z00;78877326115;ANA PAULA CAVALIERI PONTES
667947881;2300004;0301010072;CONSULTA EM CARDIOLOGIA;01110123175;ELY DONIZETH DE ASSIS JUNIOR;26.05.2026;06:30;0;705801451532332;ADAIR MATIAS DA SILVA;21.08.1966;59;718;CARMOZINA MATIAS DA SILVA;RUA;PAU TERRA;;545;SÃO CRISTOVÃO;79490000;(67)99940-9761 / (67)99940-9761;SAO GABRIEL DO OESTE;500769;SAO GABRIEL DO OESTE;500769;6452116;CENTRO DE ESPECIALIDADES MEDICAS;M;15.05.2026;FERNANDACRISTINAALVES;17.05.2026;VANIA_MARIANO;10.00;PENDENTE;Z00;01110123175;ELY DONIZETH DE ASSIS JUNIOR
667957800;3100010;0207010064;RESSONANCIA MAGNETICA DE CRANIO                             ;00125300006;MEDICOS SUS;29.05.2026;07:00;0;709007844641817;ELIANE TEREZINHA ROSSAROLLA VENDRUSCOLO;20.07.1969;56;683;NORMELIA ROSSAROLLA;RUA;BOA VENTURA FERREIRA ROSA;CASA;1641;JARDIM ALVORADA;79490000;(67)99617-4931;SAO GABRIEL DO OESTE;500769;SAO GABRIEL DO OESTE;500769;6354265;CENTRAL DE REGULACAO DE SAO GABRIEL DO OESTE;F;15.05.2026;JULIOCESAR_SAOGABRIEL;27.05.2026;CLEIDIANE_REGULADOR;268.75;CONFIRMADO;C712;;HELBER ALVES PEREZ
667958833;0282026;0301010072;CONSULTA  EM CARDIOLOGIA - PEDIATRIA;01452917159;MARIELLI DE CASTRO CUNHA;18.05.2026;07:00;0;700002955436806;MAITE PEREIRA DE PAULA;06.09.2025;00;10;DAIANE DA SILVA PEREIRA;RUA;MINAS GERAIS;;2580;AMABILE MAFFISSONI;79490088;(67)99846-9768;SAO GABRIEL DO OESTE;500769;SAO GABRIEL DO OESTE;500769;6452116;CENTRO DE ESPECIALIDADES MEDICAS;F;15.05.2026;PATRICKMASIAGA;17.05.2026;VANIA_MARIANO;10.00;PENDENTE;Z00;;CLODOALDO SABINO
667958850;0710992;0205010032;ECOCARDIOGRAMA INFANTIL;01452917159;MARIELLI DE CASTRO CUNHA;18.05.2026;07:00;0;700002955436806;MAITE PEREIRA DE PAULA;06.09.2025;00;10;DAIANE DA SILVA PEREIRA;RUA;MINAS GERAIS;;2580;AMABILE MAFFISSONI;79490088;(67)99846-9768;SAO GABRIEL DO OESTE;500769;SAO GABRIEL DO OESTE;500769;6452116;CENTRO DE ESPECIALIDADES MEDICAS;F;15.05.2026;PATRICKMASIAGA;17.05.2026;VANIA_MARIANO;67.86;PENDENTE;Z001;;CLODOALDO SABINO
667959457;0710992;0205010032;ECOCARDIOGRAMA INFANTIL;01452917159;MARIELLI DE CASTRO CUNHA;18.05.2026;07:00;0;701007896975699;VITOR RAUPP SOUZA;20.04.2023;03;38;LUANA RAUPP;RUA;SARACURA;CASA;983;JARDIM GRAMADO;79491002;(45)99920-1707;SAO GABRIEL DO OESTE;500769;SAO GABRIEL DO OESTE;500769;6452116;CENTRO DE ESPECIALIDADES MEDICAS;M;15.05.2026;PATRICKMASIAGA;17.05.2026;VANIA_MARIANO;67.86;PENDENTE;Z00;;CLODOALDO SABINO
667959474;0282026;0301010072;CONSULTA  EM CARDIOLOGIA - PEDIATRIA;01452917159;MARIELLI DE CASTRO CUNHA;18.05.2026;07:00;0;701007896975699;VITOR RAUPP SOUZA;20.04.2023;03;38;LUANA RAUPP;RUA;SARACURA;CASA;983;JARDIM GRAMADO;79491002;(45)99920-1707;SAO GABRIEL DO OESTE;500769;SAO GABRIEL DO OESTE;500769;6452116;CENTRO DE ESPECIALIDADES MEDICAS;M;15.05.2026;PATRICKMASIAGA;17.05.2026;VANIA_MARIANO;10.00;PENDENTE;Z00;;CLODOALDO SABINO
667986292;0282026;0301010072;CONSULTA  EM CARDIOLOGIA - PEDIATRIA;01452917159;MARIELLI DE CASTRO CUNHA;18.05.2026;06:30;0;705008401064053;LIZ MARIA DA SILVA;05.03.2026;00;4;ANA PAULA DE ARAUJO NASCIMENTO;RUA;SAO JORGE;CASA 32;289;JARDIM PRIMAVERA;79490164;(67)99803-0115;SAO GABRIEL DO OESTE;500769;SAO GABRIEL DO OESTE;500769;6354265;CENTRAL DE REGULACAO DE SAO GABRIEL DO OESTE;F;17.05.2026;VANIA_MARIANO;17.05.2026;VANIA_MARIANO;10.00;CONFIRMADO;P073;;CLODOALDO SABINO
667986349;0710992;0205010032;ECOCARDIOGRAMA INFANTIL;01452917159;MARIELLI DE CASTRO CUNHA;18.05.2026;07:00;0;705008401064053;LIZ MARIA DA SILVA;05.03.2026;00;4;ANA PAULA DE ARAUJO NASCIMENTO;RUA;SAO JORGE;CASA 32;289;JARDIM PRIMAVERA;79490164;(67)99803-0115;SAO GABRIEL DO OESTE;500769;SAO GABRIEL DO OESTE;500769;6354265;CENTRAL DE REGULACAO DE SAO GABRIEL DO OESTE;F;17.05.2026;VANIA_MARIANO;17.05.2026;VANIA_MARIANO;67.86;CONFIRMADO;P073;;CLODOALDO SABINO
668004679;0299008;0301010072;CONSULTA EM CIRURGIA VASCULAR – GERAL;70808015087;CELIO HELEGDA;20.05.2026;06:15;0;700006899088708;MILENE LEMOS YANO;04.12.1972;53;643;EUNICE CUSTODIO LEMOS YANO;RUA;PERNAMBUCO;;1710;CENTRO;79490000;(67)9962-5476;SAO GABRIEL DO OESTE;500769;SAO GABRIEL DO OESTE;500769;6452116;CENTRO DE ESPECIALIDADES MEDICAS;F;18.05.2026;ARI_CEM;18.05.2026;VANIA_MARIANO;10.00;PENDENTE;Z00;70808015087;CELIO HELEGDA
668011228;0299008;0301010072;CONSULTA EM CIRURGIA VASCULAR – GERAL;70808015087;CELIO HELEGDA;27.05.2026;08:00;1;705005063557851;MARIA ANTONIA DE NOVAES;28.02.1954;72;868;ANA TEIXEIRA DE SOUZA;RUA;CANARIOS;;995;JARDIM GRAMADO;79490000;(67)9948-6601;SAO GABRIEL DO OESTE;500769;SAO GABRIEL DO OESTE;500769;6452116;CENTRO DE ESPECIALIDADES MEDICAS;F;18.05.2026;JOSEEDACYR_SIMM;18.05.2026;VANIA_MARIANO;10.00;CONFIRMADO;I830;32111630187;JOSE EDACYR SIMM
668012387;0110002;0301010072;CONSULTA EM ORTOPEDIA - GERAL;00530001101;BRUNO PETINARI UMBELINO;25.05.2026;06:30;1;706908160762939;JOAO CARLOS RIBEIRO DOS SANTOS;17.01.2012;14;173;DAIANA RIBEIRO DO AMARAL;RUA;CURIO;;1678;FENIX;79491082;(67)99942-8369 / (67)99811-4889;SAO GABRIEL DO OESTE;500769;SAO GABRIEL DO OESTE;500769;6452116;CENTRO DE ESPECIALIDADES MEDICAS;M;18.05.2026;ARI_CEM;18.05.2026;VANIA_MARIANO;10.00;CONFIRMADO;Z00;00530001101;BRUNO PETINARI UMBELINO
668013106;0505002;0211020052;MONITORIZACAO AMBULATORIAL DE PRESSAO ARTERIAL (M.A.P.A)                                            ;01110123175;ELY DONIZETH DE ASSIS JUNIOR;28.05.2026;09:00;0;704601689023122;JERONIMO BORGES DE CARVALHO;09.09.1945;80;969;ANNA UMBILINA DE JESUS;RUA;MARIA SEVERO;CASA;1851;PRIMO MAFFISSONI;79490000;(67)99876-8913;SAO GABRIEL DO OESTE;500769;SAO GABRIEL DO OESTE;500769;6452116;CENTRO DE ESPECIALIDADES MEDICAS;M;18.05.2026;FERNANDACRISTINAALVES;18.05.2026;FERNANDACRISTINAALVES;10.07;PENDENTE;Z016;01110123175;ELY DONIZETH DE ASSIS JUNIOR
668013492;0077026;0205010040;ULTRA-SONOGRAFIA DOPPLER DE CAROTIDAS E VERTEBRAIS;01110123175;ELY DONIZETH DE ASSIS JUNIOR;26.05.2026;09:00;0;704601689023122;JERONIMO BORGES DE CARVALHO;09.09.1945;80;969;ANNA UMBILINA DE JESUS;RUA;MARIA SEVERO;CASA;1851;PRIMO MAFFISSONI;79490000;(67)99876-8913;SAO GABRIEL DO OESTE;500769;SAO GABRIEL DO OESTE;500769;6452116;CENTRO DE ESPECIALIDADES MEDICAS;M;18.05.2026;FERNANDACRISTINAALVES;18.05.2026;FERNANDACRISTINAALVES;39.60;PENDENTE;Z016;01110123175;ELY DONIZETH DE ASSIS JUNIOR
668013763;1407044;0211020060;TESTE DE ESFORCO OU TESTE ERGOMETRICO;01110123175;ELY DONIZETH DE ASSIS JUNIOR;26.05.2026;09:00;0;704601689023122;JERONIMO BORGES DE CARVALHO;09.09.1945;80;969;ANNA UMBILINA DE JESUS;RUA;MARIA SEVERO;CASA;1851;PRIMO MAFFISSONI;79490000;(67)99876-8913;SAO GABRIEL DO OESTE;500769;SAO GABRIEL DO OESTE;500769;6452116;CENTRO DE ESPECIALIDADES MEDICAS;M;18.05.2026;FERNANDACRISTINAALVES;18.05.2026;FERNANDACRISTINAALVES;30.00;PENDENTE;Z016;01110123175;ELY DONIZETH DE ASSIS JUNIOR
668014242;0127019;0205010032;ECODOPPLERCARDIOGRAMA COM ESTRESSE FARMACOLOGICO;01110123175;ELY DONIZETH DE ASSIS JUNIOR;25.05.2026;13:30;0;704601689023122;JERONIMO BORGES DE CARVALHO;09.09.1945;80;969;ANNA UMBILINA DE JESUS;RUA;MARIA SEVERO;CASA;1851;PRIMO MAFFISSONI;79490000;(67)99876-8913;SAO GABRIEL DO OESTE;500769;SAO GABRIEL DO OESTE;500769;6452116;CENTRO DE ESPECIALIDADES MEDICAS;M;18.05.2026;FERNANDACRISTINAALVES;18.05.2026;FERNANDACRISTINAALVES;67.86;PENDENTE;Z016;01110123175;ELY DONIZETH DE ASSIS JUNIOR
668017545;0110002;0301010072;CONSULTA EM ORTOPEDIA - GERAL;00468987193;ARTHUR MARTINS DE ALMEIDA;19.05.2026;07:30;0;704005813139068;LUCIANA PEREIRA DA SILVA;06.02.1972;54;653;BEATRIZ PEREIRA DA SILVA;RUA;TANGARA;;70;FENIX;79491106;(16)99341-3447;SAO GABRIEL DO OESTE;500769;SAO GABRIEL DO OESTE;500769;6452116;CENTRO DE ESPECIALIDADES MEDICAS;F;18.05.2026;ARI_CEM;18.05.2026;VANIA_MARIANO;10.00;PENDENTE;Z00;00468987193;ARTHUR MARTINS DE ALMEIDA
668026099;0015001;0301010072;CONSULTA EM OFTALMOLOGIA GERAL;45183520097;JONI HILDOR SCHWEICKARDT;28.05.2026;14:00;0;708506599515180;ALCENIRA PEREIRA;10.03.1965;61;735;ZENITA SCHOTT;RUA;PATATIVA;;297;FENIX;79491100;(67)99823-0478;SAO GABRIEL DO OESTE;500769;SAO GABRIEL DO OESTE;500769;2370999;UNIDADE DE SAUDE DA FAMILIA FENIX IV;F;18.05.2026;GUSTAVO_PIAIA;18.05.2026;GUSTAVO_PIAIA;10.00;CONFIRMADO;Z010;00703866176;ALCIDES EDUARDO EIBEL
668027077;2300004;0301010072;CONSULTA EM CARDIOLOGIA;01110123175;ELY DONIZETH DE ASSIS JUNIOR;25.05.2026;06:30;0;705701492082030;MAGDIEL DOS ANJOS DE BRITO;28.01.2018;08;101;SIMONE DOS ANJOS COSTA DE BRITO;RUA;CURICACA 1466/99999;;2000;FENIX;79491080;(61)3315-2425 / (69)3252-1690 / (67)99843-6624;SAO GABRIEL DO OESTE;500769;SAO GABRIEL DO OESTE;500769;2370999;UNIDADE DE SAUDE DA FAMILIA FENIX IV;M;18.05.2026;GUSTAVO_PIAIA;18.05.2026;VANIA_MARIANO;10.00;CONFIRMADO;Z000;;ANTONIO AUGUSTO PALOMBO
668028263;0110002;0301010072;CONSULTA EM ORTOPEDIA - GERAL;00530001101;BRUNO PETINARI UMBELINO;18.05.2026;06:30;0;708502309423977;EMANUELLY BARBOSA DE SOUZA;30.08.2017;08;106;ELAINE BARBOSA DA SILVA;FAZENDA;ESCALADA;CASA;S/N;RURAL;79410000;(67)99882-6315 / (67)99827-7523;PEDRO GOMES;500640;SAO GABRIEL DO OESTE;500769;6452116;CENTRO DE ESPECIALIDADES MEDICAS;F;18.05.2026;FERNANDACRISTINAALVES;18.05.2026;VANIA_MARIANO;10.00;PENDENTE;Z016;00530001101;BRUNO PETINARI UMBELINO
668028895;0110002;0301010072;CONSULTA EM ORTOPEDIA - GERAL;00530001101;BRUNO PETINARI UMBELINO;18.05.2026;07:00;0;708202677691548;TEREZA ALVES PEREIRA BARCE;25.01.1982;44;533;MARIA DE LOURDES PEREIRA DE SOUZA;RUA;SANTA ANA;;272;MILANI;79492090;(67)99641-7882;SAO GABRIEL DO OESTE;500769;SAO GABRIEL DO OESTE;500769;6452116;CENTRO DE ESPECIALIDADES MEDICAS;F;18.05.2026;FERNANDACRISTINAALVES;18.05.2026;VANIA_MARIANO;10.00;PENDENTE;Z016;00530001101;BRUNO PETINARI UMBELINO
668034346;0015001;0301010072;CONSULTA EM OFTALMOLOGIA GERAL;45183520097;JONI HILDOR SCHWEICKARDT;28.05.2026;14:00;0;706205074034363;MARCOS ANTONIO PESARINI;29.03.1964;62;747;THEREZINHA EMILIANI PESARINI;RUA;PARA;;546;JARDIM PRIMAVERA;79490000;(67)99618-6529;SAO GABRIEL DO OESTE;500769;SAO GABRIEL DO OESTE;500769;2370964;UNIDADE DE SAUDE DA FAMILIA III;M;18.05.2026;ANACLAUDIA_NOGUEIRA;18.05.2026;ANACLAUDIA_NOGUEIRA;10.00;CONFIRMADO;H539;02611833974;HUDSON PERES DORIGAO BELISARIO DE SOUZA
668034818;0110002;0301010072;CONSULTA EM ORTOPEDIA - GERAL;00468987193;ARTHUR MARTINS DE ALMEIDA;19.05.2026;07:30;0;709805095662397;ALESSIO LICIO DA SILVA;26.04.1976;50;602;RITA ELIZIA DA SILVA;RUA;H;;426;CIDADE JARDIM;79492128;(61)99991-0561;SAO GABRIEL DO OESTE;500769;SAO GABRIEL DO OESTE;500769;2370972;UNIDADE DE SAUDE DA FAMILIA MILANE II;M;18.05.2026;FLAVIA_RODRIGUES;18.05.2026;FLAVIA_RODRIGUES;10.00;CONFIRMADO;T938;83798633134;JOAO BAPTISTA BARBOSA SOUZA
668035116;0110002;0301010072;CONSULTA EM ORTOPEDIA - GERAL;00468987193;ARTHUR MARTINS DE ALMEIDA;19.05.2026;07:30;0;706205074034363;MARCOS ANTONIO PESARINI;29.03.1964;62;747;THEREZINHA EMILIANI PESARINI;RUA;PARA;;546;JARDIM PRIMAVERA;79490000;(67)99618-6529;SAO GABRIEL DO OESTE;500769;SAO GABRIEL DO OESTE;500769;2370964;UNIDADE DE SAUDE DA FAMILIA III;M;18.05.2026;ANACLAUDIA_NOGUEIRA;18.05.2026;ANACLAUDIA_NOGUEIRA;10.00;CONFIRMADO;M751;02611833974;HUDSON PERES DORIGAO BELISARIO DE SOUZA
668035158;0077026;0205010040;ULTRA-SONOGRAFIA DOPPLER DE CAROTIDAS E VERTEBRAIS;01110123175;ELY DONIZETH DE ASSIS JUNIOR;20.05.2026;13:00;0;705806434578235;MARLENA AMERICO DE LIMA;19.06.1956;70;840;ORIZIA ESTROGIDIA AMERICO;RUA;BEM TE VI;CASA 1;1814;FÊNIX;79490000;(67)99809-4949;SAO GABRIEL DO OESTE;500769;SAO GABRIEL DO OESTE;500769;6452116;CENTRO DE ESPECIALIDADES MEDICAS;F;18.05.2026;FERNANDACRISTINAALVES;18.05.2026;FERNANDACRISTINAALVES;39.60;CONFIRMADO;Z016;01110123175;ELY DONIZETH DE ASSIS JUNIOR
668035432;0108001;0205010032;ECOCARDIOGRAMA TRANSTORACICO;01110123175;ELY DONIZETH DE ASSIS JUNIOR;20.05.2026;09:00;0;705806434578235;MARLENA AMERICO DE LIMA;19.06.1956;70;840;ORIZIA ESTROGIDIA AMERICO;RUA;BEM TE VI;CASA 1;1814;FÊNIX;79490000;(67)99809-4949;SAO GABRIEL DO OESTE;500769;SAO GABRIEL DO OESTE;500769;6452116;CENTRO DE ESPECIALIDADES MEDICAS;F;18.05.2026;FERNANDACRISTINAALVES;18.05.2026;FERNANDACRISTINAALVES;67.86;CONFIRMADO;Z016;01110123175;ELY DONIZETH DE ASSIS JUNIOR
668036121;1703204;0211020044;HOLTER 24 HORAS;01110123175;ELY DONIZETH DE ASSIS JUNIOR;22.05.2026;13:00;0;705806434578235;MARLENA AMERICO DE LIMA;19.06.1956;70;840;ORIZIA ESTROGIDIA AMERICO;RUA;BEM TE VI;CASA 1;1814;FÊNIX;79490000;(67)99809-4949;SAO GABRIEL DO OESTE;500769;SAO GABRIEL DO OESTE;500769;6452116;CENTRO DE ESPECIALIDADES MEDICAS;F;18.05.2026;FERNANDACRISTINAALVES;18.05.2026;FERNANDACRISTINAALVES;30.00;CONFIRMADO;Z016;01110123175;ELY DONIZETH DE ASSIS JUNIOR
668044450;0505002;0211020052;MONITORIZACAO AMBULATORIAL DE PRESSAO ARTERIAL (M.A.P.A)                                            ;01110123175;ELY DONIZETH DE ASSIS JUNIOR;28.05.2026;13:00;0;700002270402205;ZENY MORAES FASSINI;07.09.1958;67;814;ANA MACHADO MORAIS;RUA;IPÊ;;442;SÃO CRISTOVAO;79490000;(42)99947-2547;SAO GABRIEL DO OESTE;500769;SAO GABRIEL DO OESTE;500769;6452116;CENTRO DE ESPECIALIDADES MEDICAS;F;18.05.2026;FERNANDACRISTINAALVES;18.05.2026;FERNANDACRISTINAALVES;10.07;CONFIRMADO;Z016;00530001101;BRUNO PETINARI UMBELINO
668044626;1407044;0211020060;TESTE DE ESFORCO OU TESTE ERGOMETRICO;01110123175;ELY DONIZETH DE ASSIS JUNIOR;27.05.2026;09:00;0;700002270402205;ZENY MORAES FASSINI;07.09.1958;67;814;ANA MACHADO MORAIS;RUA;IPÊ;;442;SÃO CRISTOVAO;79490000;(42)99947-2547;SAO GABRIEL DO OESTE;500769;SAO GABRIEL DO OESTE;500769;6452116;CENTRO DE ESPECIALIDADES MEDICAS;F;18.05.2026;FERNANDACRISTINAALVES;18.05.2026;FERNANDACRISTINAALVES;30.00;CONFIRMADO;Z016;00530001101;BRUNO PETINARI UMBELINO
668045011;0108001;0205010032;ECOCARDIOGRAMA TRANSTORACICO;01110123175;ELY DONIZETH DE ASSIS JUNIOR;26.05.2026;13:00;0;700002270402205;ZENY MORAES FASSINI;07.09.1958;67;814;ANA MACHADO MORAIS;RUA;IPÊ;;442;SÃO CRISTOVAO;79490000;(42)99947-2547;SAO GABRIEL DO OESTE;500769;SAO GABRIEL DO OESTE;500769;6452116;CENTRO DE ESPECIALIDADES MEDICAS;F;18.05.2026;FERNANDACRISTINAALVES;18.05.2026;FERNANDACRISTINAALVES;67.86;CONFIRMADO;Z016;00530001101;BRUNO PETINARI UMBELINO
668049505;0127019;0205010032;ECODOPPLERCARDIOGRAMA COM ESTRESSE FARMACOLOGICO;01110123175;ELY DONIZETH DE ASSIS JUNIOR;25.05.2026;13:30;0;701409633110237;TEREZINHA INACIO GOMES;19.05.1942;84;1009;MARIA INACIO GOMES;RUA;PEDRO NICARETTA;;1970;PRIMO MAFFISSONI;79420000;(67)99699-8075;SAO GABRIEL DO OESTE;500769;SAO GABRIEL DO OESTE;500769;6452116;CENTRO DE ESPECIALIDADES MEDICAS;F;18.05.2026;FERNANDACRISTINAALVES;18.05.2026;FERNANDACRISTINAALVES;67.86;CONFIRMADO;Z016;01110123175;ELY DONIZETH DE ASSIS JUNIOR
668054219;2300004;0301010072;CONSULTA EM CARDIOLOGIA;01110123175;ELY DONIZETH DE ASSIS JUNIOR;19.05.2026;07:30;0;700900958118597;NIVALDO SATURNINO DE SOUZA;05.10.1959;66;801;TEREZA MEDEIROS DE SOUZA;RUA;RIO DE JANEIRO;;2130;CENTRO;79490000;(67)9937-0476;SAO GABRIEL DO OESTE;500769;SAO GABRIEL DO OESTE;500769;6452116;CENTRO DE ESPECIALIDADES MEDICAS;M;18.05.2026;ARI_CEM;18.05.2026;VANIA_MARIANO;10.00;CONFIRMADO;Z00;01110123175;ELY DONIZETH DE ASSIS JUNIOR
668054718;0505002;0211020052;MONITORIZACAO AMBULATORIAL DE PRESSAO ARTERIAL (M.A.P.A)                                            ;01110123175;ELY DONIZETH DE ASSIS JUNIOR;29.05.2026;09:00;0;706805757959823;MARIA CONCEICAO MIRANDA;18.09.1960;65;789;MARILEIA RODRIGUES DA SILVA;RUA;COLIBRI;;348;FENIX;79491108;(67)99658-5293;SAO GABRIEL DO OESTE;500769;SAO GABRIEL DO OESTE;500769;6452116;CENTRO DE ESPECIALIDADES MEDICAS;F;18.05.2026;FERNANDACRISTINAALVES;18.05.2026;FERNANDACRISTINAALVES;10.07;CONFIRMADO;Z016;01110123175;ELY DONIZETH DE ASSIS JUNIOR
668055004;1407044;0211020060;TESTE DE ESFORCO OU TESTE ERGOMETRICO;01110123175;ELY DONIZETH DE ASSIS JUNIOR;27.05.2026;09:00;0;706805757959823;MARIA CONCEICAO MIRANDA;18.09.1960;65;789;MARILEIA RODRIGUES DA SILVA;RUA;COLIBRI;;348;FENIX;79491108;(67)99658-5293;SAO GABRIEL DO OESTE;500769;SAO GABRIEL DO OESTE;500769;6452116;CENTRO DE ESPECIALIDADES MEDICAS;F;18.05.2026;FERNANDACRISTINAALVES;18.05.2026;FERNANDACRISTINAALVES;30.00;CONFIRMADO;Z016;01110123175;ELY DONIZETH DE ASSIS JUNIOR
668055635;0077026;0205010040;ULTRA-SONOGRAFIA DOPPLER DE CAROTIDAS E VERTEBRAIS;01110123175;ELY DONIZETH DE ASSIS JUNIOR;26.05.2026;13:00;0;706805757959823;MARIA CONCEICAO MIRANDA;18.09.1960;65;789;MARILEIA RODRIGUES DA SILVA;RUA;COLIBRI;;348;FENIX;79491108;(67)99658-5293;SAO GABRIEL DO OESTE;500769;SAO GABRIEL DO OESTE;500769;6452116;CENTRO DE ESPECIALIDADES MEDICAS;F;18.05.2026;FERNANDACRISTINAALVES;18.05.2026;FERNANDACRISTINAALVES;39.60;CONFIRMADO;Z016;01110123175;ELY DONIZETH DE ASSIS JUNIOR
668055871;0108001;0205010032;ECOCARDIOGRAMA TRANSTORACICO;01110123175;ELY DONIZETH DE ASSIS JUNIOR;27.05.2026;09:00;0;706805757959823;MARIA CONCEICAO MIRANDA;18.09.1960;65;789;MARILEIA RODRIGUES DA SILVA;RUA;COLIBRI;;348;FENIX;79491108;(67)99658-5293;SAO GABRIEL DO OESTE;500769;SAO GABRIEL DO OESTE;500769;6452116;CENTRO DE ESPECIALIDADES MEDICAS;F;18.05.2026;FERNANDACRISTINAALVES;18.05.2026;FERNANDACRISTINAALVES;67.86;CONFIRMADO;Z016;01110123175;ELY DONIZETH DE ASSIS JUNIOR
668059495;0110002;0301010072;CONSULTA EM ORTOPEDIA - GERAL;00468987193;ARTHUR MARTINS DE ALMEIDA;19.05.2026;07:30;0;704201722934889;ELAINE ANANIAS;16.01.1984;42;509;JOANA SEVERO DOS SANTOS ZAMBONI;RUA;SANTA MARIA;;23;MILANI;79492074;(67)99889-2706;SAO GABRIEL DO OESTE;500769;SAO GABRIEL DO OESTE;500769;2370972;UNIDADE DE SAUDE DA FAMILIA MILANE II;F;18.05.2026;FLAVIA_RODRIGUES;18.05.2026;FLAVIA_RODRIGUES;10.00;CONFIRMADO;M545;83798633134;JOAO BAPTISTA BARBOSA SOUZA
668067400;1703204;0211020044;HOLTER 24 HORAS;01110123175;ELY DONIZETH DE ASSIS JUNIOR;28.05.2026;13:00;0;702800164525665;EDNA PAULA DA SILVA;23.04.1977;49;590;GERACINA MARIA DA CONCEICAO;RUA;ANHUMAS;CASA;1310;JARDIM GRAMADO;79490000;(67)99928-9911;SAO GABRIEL DO OESTE;500769;SAO GABRIEL DO OESTE;500769;6452116;CENTRO DE ESPECIALIDADES MEDICAS;F;18.05.2026;FERNANDACRISTINAALVES;18.05.2026;FERNANDACRISTINAALVES;30.00;CONFIRMADO;Z016;01110123175;ELY DONIZETH DE ASSIS JUNIOR
668067642;1407044;0211020060;TESTE DE ESFORCO OU TESTE ERGOMETRICO;01110123175;ELY DONIZETH DE ASSIS JUNIOR;27.05.2026;09:00;0;702800164525665;EDNA PAULA DA SILVA;23.04.1977;49;590;GERACINA MARIA DA CONCEICAO;RUA;ANHUMAS;CASA;1310;JARDIM GRAMADO;79490000;(67)99928-9911;SAO GABRIEL DO OESTE;500769;SAO GABRIEL DO OESTE;500769;6452116;CENTRO DE ESPECIALIDADES MEDICAS;F;18.05.2026;FERNANDACRISTINAALVES;18.05.2026;FERNANDACRISTINAALVES;30.00;CONFIRMADO;Z016;01110123175;ELY DONIZETH DE ASSIS JUNIOR
668068041;0282081;0301010072;CONSULTA EM CIRURGIA GERAL;48047740172;EVA WILMA ABDO DOS SANTOS GUIMARAES;25.05.2026;14:00;0;703400269099919;ALBINO BATISTA;11.01.1970;56;677;MARIA DE JESUS BATISTA;RUA;PATATIVA;;364;FENIX;79491100;(67)98129-1292 / (67)99996-7804;SAO GABRIEL DO OESTE;500769;SAO GABRIEL DO OESTE;500769;6452116;CENTRO DE ESPECIALIDADES MEDICAS;M;18.05.2026;ARI_CEM;18.05.2026;VANIA_MARIANO;10.00;PENDENTE;Z00;48047740172;EVA WILMA ABDO DOS SANTOS GUIMARAES
668068423;0320003;0211020036;ELETROCARDIOGRAMA;01110123175;ELY DONIZETH DE ASSIS JUNIOR;19.05.2026;14:00;0;704502356132913;CAUA ANANIAS MARTINS;11.12.2012;13;162;ELAINE ANANIAS;RUA;SANTA MARIA;;23;MILANI;79492074;(67)99889-2706;SAO GABRIEL DO OESTE;500769;SAO GABRIEL DO OESTE;500769;2370972;UNIDADE DE SAUDE DA FAMILIA MILANE II;M;18.05.2026;FLAVIA_RODRIGUES;18.05.2026;FLAVIA_RODRIGUES;5.15;PENDENTE;F411;83798633134;JOAO BAPTISTA BARBOSA SOUZA
668077576;1407044;0211020060;TESTE DE ESFORCO OU TESTE ERGOMETRICO;01110123175;ELY DONIZETH DE ASSIS JUNIOR;27.05.2026;13:00;0;708202637297342;CLAUDEMIR DE AQUINO;12.02.1973;53;640;MARIA JOSE NICOLAU DE AQUINO;TRAVESSA;SANTO IZIDORO;CASA;1114;MILANI;79490000;(67)9643-3747;SAO GABRIEL DO OESTE;500769;SAO GABRIEL DO OESTE;500769;6452116;CENTRO DE ESPECIALIDADES MEDICAS;M;18.05.2026;FERNANDACRISTINAALVES;18.05.2026;FERNANDACRISTINAALVES;30.00;CONFIRMADO;Z016;01110123175;ELY DONIZETH DE ASSIS JUNIOR
668078033;0108001;0205010032;ECOCARDIOGRAMA TRANSTORACICO;01110123175;ELY DONIZETH DE ASSIS JUNIOR;27.05.2026;13:00;0;708202637297342;CLAUDEMIR DE AQUINO;12.02.1973;53;640;MARIA JOSE NICOLAU DE AQUINO;TRAVESSA;SANTO IZIDORO;CASA;1114;MILANI;79490000;(67)9643-3747;SAO GABRIEL DO OESTE;500769;SAO GABRIEL DO OESTE;500769;6452116;CENTRO DE ESPECIALIDADES MEDICAS;M;18.05.2026;FERNANDACRISTINAALVES;18.05.2026;FERNANDACRISTINAALVES;67.86;CONFIRMADO;Z016;01110123175;ELY DONIZETH DE ASSIS JUNIOR
668082828;0320003;0211020036;ELETROCARDIOGRAMA;01110123175;ELY DONIZETH DE ASSIS JUNIOR;19.05.2026;14:00;0;706007816294542;APARECIDO FRANCISCO DA SILVA;02.05.1971;55;662;MARIA DAS VIRGENS DOS SANTOS SILVA;RUA;COXIM;CASA;88;ASSENTAMENTO CAMPANARIO;79490000;(67)99621-7852;SAO GABRIEL DO OESTE;500769;SAO GABRIEL DO OESTE;500769;7002084;UNIDADE DE SAUDE DA FAMILIA IX;M;18.05.2026;AMANDALUIZA_BIAZUS;18.05.2026;AMANDALUIZA_BIAZUS;5.15;PENDENTE;Z10;96040653191;PAULO FENELON MARINHO
668087596;2300004;0301010072;CONSULTA EM CARDIOLOGIA;01110123175;ELY DONIZETH DE ASSIS JUNIOR;20.05.2026;07:30;0;704604669947828;HELIO ALVES GONZAGA NETO;24.02.2018;08;100;CLEONICE ANTUNES DOS REIS;FAZENDA;CONDOMINIO;;S/N;AREA RURAL DE SAO GABRIEL DO OESTE;79493899;(61)3315-2425;SAO GABRIEL DO OESTE;500769;SAO GABRIEL DO OESTE;500769;6452116;CENTRO DE ESPECIALIDADES MEDICAS;M;18.05.2026;FERNANDACRISTINAALVES;18.05.2026;VANIA_MARIANO;10.00;PENDENTE;Z016;01110123175;ELY DONIZETH DE ASSIS JUNIOR
668127027;2300004;0301010072;CONSULTA EM CARDIOLOGIA;98260570106;CLAUDIA REGINA DUARTE CAZZOLATO KHALIL;28.05.2026;14:00;0;700604414222760;VERONICA HOREN;06.10.1949;76;921;LUCIA SALOMON JACOBY;RUA;DAS MISSOES;;223;MILANI;79490000;(67)3295-1943 / (67)9989-2205;SAO GABRIEL DO OESTE;500769;SAO GABRIEL DO OESTE;500769;6452116;CENTRO DE ESPECIALIDADES MEDICAS;F;18.05.2026;FERNANDACRISTINAALVES;18.05.2026;VANIA_MARIANO;10.00;CONFIRMADO;Z016;98260570106;CLAUDIA REGINA DUARTE CAZZOLATO KHALIL
668127792;0110002;0301010072;CONSULTA EM ORTOPEDIA - GERAL;00468987193;ARTHUR MARTINS DE ALMEIDA;26.05.2026;07:30;0;702300148548014;VANESSA DE ARRUDA PEREIRA;13.02.1987;39;472;TEREZINHA DE ARRUDA PEREIRA;RUA;ALAGOAS;;3074;JD PRIMAVERA;79490000;(67)99635-5318;SAO GABRIEL DO OESTE;500769;SAO GABRIEL DO OESTE;500769;6452116;CENTRO DE ESPECIALIDADES MEDICAS;F;18.05.2026;FERNANDACRISTINAALVES;18.05.2026;FERNANDACRISTINAALVES;10.00;PENDENTE;Z016;00468987193;ARTHUR MARTINS DE ALMEIDA
668128213;3500023;0206010060;TOMOGRAFIA COMPUTADORIZADA  DE CRANIO SEM CONTRASTE;00125300006;MEDICOS SUS;19.05.2026;07:15;0;898005176510261;ARTHUR DE OLIVEIRA PEREIRA;26.08.2015;10;130;ELIANE APARECIDA DE OLIVEIRA VIEIRA DA SILVA;INVALIDO;CURIO;;639;CURIO;;(61)3315-2425;SAO GABRIEL DO OESTE;500769;SAO GABRIEL DO OESTE;500769;6354265;CENTRAL DE REGULACAO DE SAO GABRIEL DO OESTE;M;18.05.2026;JULIOCESAR_SAOGABRIEL;18.05.2026;CLEIDIANE_REGULADOR;97.44;CONFIRMADO;S09;;CLEDSON PERETTI
668192636;0110002;0301010072;CONSULTA EM ORTOPEDIA - GERAL;00530001101;BRUNO PETINARI UMBELINO;25.05.2026;07:00;1;706703573313318;LUAN BERNARDO GONZALEZ MONTESSI;17.05.2017;09;109;LUZANI GONZALEZ ALENCAR;RUA;CURRUIRAS;CASA;1883;JARDIM GRAMADO;79490000;(67)99690-0702;SAO GABRIEL DO OESTE;500769;SAO GABRIEL DO OESTE;500769;6452116;CENTRO DE ESPECIALIDADES MEDICAS;M;18.05.2026;ARI_CEM;18.05.2026;ARI_CEM;10.00;CONFIRMADO;Z016;00530001101;BRUNO PETINARI UMBELINO
668199447;0320174;0301010072;CONSULTA EM PNEUMOLOGIA - GERAL;09028429603;BERNARDO MEDEIROS MAIA;28.05.2026;12:30;0;708103534997939;MARILZA PEREIRA DOS SANTOS LIMA;08.11.1970;55;667;MARIA PEREIRA DOS SANTOS;RUA;DAS GAIVOTAS;;602;JARDIM GRAMADO;79490000;(67)9987-2513;SAO GABRIEL DO OESTE;500769;SAO GABRIEL DO OESTE;500769;6452116;CENTRO DE ESPECIALIDADES MEDICAS;F;18.05.2026;FERNANDACRISTINAALVES;18.05.2026;VANIA_MARIANO;10.00;CONFIRMADO;Z00;09028429603;BERNARDO MEDEIROS MAIA
668202932;0320003;0211020036;ELETROCARDIOGRAMA;01110123175;ELY DONIZETH DE ASSIS JUNIOR;25.05.2026;08:00;0;700009846098809;CENEIDE FIRMINO CERQUEIRA SILVA;11.01.1972;54;653;NAZARE FIRMINO SERQUEIRA;RUA;PRIMO MAFFISSONI;;1976;PRIMO MAFFISSONI;79490000;(67)99929-6781;SAO GABRIEL DO OESTE;500769;SAO GABRIEL DO OESTE;500769;7333218;UNIDADE DE SAUDE DA FAMILIA X;F;18.05.2026;RAISSASILVALIMA;18.05.2026;RAISSASILVALIMA;5.15;PENDENTE;Z000;63805480172;CLEDSON PERETTI
668224161;0110002;0301010072;CONSULTA EM ORTOPEDIA - GERAL;04469955680;DANIEL ROCHA DO CARMO;25.05.2026;14:00;0;702300189978617;APARECIDA SURIANA DA SILVA;07.02.1982;44;533;ANDRELINS BATISTA DA SILVA;RUA;FENIX;CASA;106;FENIX;79490000;(67)99853-1932;SAO GABRIEL DO OESTE;500769;SAO GABRIEL DO OESTE;500769;6452116;CENTRO DE ESPECIALIDADES MEDICAS;F;18.05.2026;FERNANDACRISTINAALVES;18.05.2026;VANIA_MARIANO;10.00;PENDENTE;Z00;04469955680;DANIEL ROCHA DO CARMO
668224382;2300004;0301010072;CONSULTA EM CARDIOLOGIA;01110123175;ELY DONIZETH DE ASSIS JUNIOR;25.05.2026;06:30;0;700804980988390;MARIA APARECIDA DOS SANTOS;21.11.1963;62;751;MARIA ROSA DOS SANTOS;RUA;FRANCISCO MILANI;;1213;MILANI;79492068;(67)99948-3075;SAO GABRIEL DO OESTE;500769;SAO GABRIEL DO OESTE;500769;2370972;UNIDADE DE SAUDE DA FAMILIA MILANE II;F;18.05.2026;JULIANA_PACHECO;18.05.2026;VANIA_MARIANO;10.00;CONFIRMADO;I10;83798633134;JOAO BAPTISTA BARBOSA SOUZA
668224857;0320003;0211020036;ELETROCARDIOGRAMA;01110123175;ELY DONIZETH DE ASSIS JUNIOR;19.05.2026;14:00;0;700804980988390;MARIA APARECIDA DOS SANTOS;21.11.1963;62;751;MARIA ROSA DOS SANTOS;RUA;FRANCISCO MILANI;;1213;MILANI;79492068;(67)99948-3075;SAO GABRIEL DO OESTE;500769;SAO GABRIEL DO OESTE;500769;2370972;UNIDADE DE SAUDE DA FAMILIA MILANE II;F;18.05.2026;JULIANA_PACHECO;18.05.2026;JULIANA_PACHECO;5.15;PENDENTE;I10;83798633134;JOAO BAPTISTA BARBOSA SOUZA
668226526;0110002;0301010072;CONSULTA EM ORTOPEDIA - GERAL;04469955680;DANIEL ROCHA DO CARMO;25.05.2026;12:00;0;700506328109652;ISAMAR LEAL PIRES;10.05.1968;58;697;MARINA MARIA LEAL PIRES;RUA;BOAVENTURA FERREIRA ROSA 1200/99999;;1505;PRIMO MAFFISSONI;79490324;(67)98446-5940;SAO GABRIEL DO OESTE;500769;SAO GABRIEL DO OESTE;500769;6452116;CENTRO DE ESPECIALIDADES MEDICAS;F;18.05.2026;FERNANDACRISTINAALVES;18.05.2026;VANIA_MARIANO;10.00;CONFIRMADO;Z00;04469955680;DANIEL ROCHA DO CARMO
668226879;0110002;0301010072;CONSULTA EM ORTOPEDIA - GERAL;04469955680;DANIEL ROCHA DO CARMO;25.05.2026;12:00;0;708004834362922;NELSON ARLINDO DOS SANTOS;15.11.1966;59;715;BENEDITA RAIMUNDA DOS SANTOS;RUA;THOMAZ BARBOSA RANGEL;;80;JARDIM JOSE ANTONIO;79480000;(67)99950-6666;RIO VERDE DE MATO GROSSO;500740;SAO GABRIEL DO OESTE;500769;6452116;CENTRO DE ESPECIALIDADES MEDICAS;M;18.05.2026;ARI_CEM;18.05.2026;VANIA_MARIANO;10.00;CONFIRMADO;Z016;04469955680;DANIEL ROCHA DO CARMO
668227875;0110002;0301010072;CONSULTA EM ORTOPEDIA - GERAL;04469955680;DANIEL ROCHA DO CARMO;25.05.2026;12:00;0;705209415632473;MARIA BRAGA DA SILVA;19.07.1962;63;767;JOAQUINA DE JESUS SILVA BRAGA;RUA;SANTA MARIA;;11;MILANI;79492074;(67)99924-4031;SAO GABRIEL DO OESTE;500769;SAO GABRIEL DO OESTE;500769;6452116;CENTRO DE ESPECIALIDADES MEDICAS;F;18.05.2026;FERNANDACRISTINAALVES;18.05.2026;VANIA_MARIANO;10.00;PENDENTE;Z00;04469955680;DANIEL ROCHA DO CARMO
668230996;0110002;0301010072;CONSULTA EM ORTOPEDIA - GERAL;04469955680;DANIEL ROCHA DO CARMO;25.05.2026;12:00;0;701401649977831;MARCELO ALVES DE OLIVEIRA;15.05.1993;33;397;NAIR CABREIRA DE OLIVEIRA;RUA;CURIO;CASA;1860;JARDIM GRAMADO;79490000;(67)9608-4962;SAO GABRIEL DO OESTE;500769;SAO GABRIEL DO OESTE;500769;6452116;CENTRO DE ESPECIALIDADES MEDICAS;M;18.05.2026;FERNANDACRISTINAALVES;18.05.2026;VANIA_MARIANO;10.00;PENDENTE;Z00;04469955680;DANIEL ROCHA DO CARMO
668234821;0108001;0205010032;ECOCARDIOGRAMA TRANSTORACICO;01110123175;ELY DONIZETH DE ASSIS JUNIOR;18.05.2026;17:00;0;702000714516490;JOAO SILVA;10.06.1947;79;948;ERCILIA INACIO DA SILVA;RUA;PELICANOS;;1205;JARDIM GRAMADO;79490000;(67)9933-4535;SAO GABRIEL DO OESTE;500769;SAO GABRIEL DO OESTE;500769;6354265;CENTRAL DE REGULACAO DE SAO GABRIEL DO OESTE;M;18.05.2026;VANIA_MARIANO;18.05.2026;VANIA_MARIANO;67.86;CONFIRMADO;Z00;00125300006;MEDICOS SUS
668242972;0110002;0301010072;CONSULTA EM ORTOPEDIA - GERAL;00530001101;BRUNO PETINARI UMBELINO;25.05.2026;07:00;0;708000375394621;GISELDA FELIX PINTO;26.10.1988;37;452;IRACI RODRIGUES PINTO;AVENIDA;SAO FRANCISCO 2401/99999;- DE 2401 AO FIM - LADO IMPAR;3189;JARDIM PRIMAVERA;79490170;(19)99573-9003 / (19)99017-9493;SAO GABRIEL DO OESTE;500769;SAO GABRIEL DO OESTE;500769;2370964;UNIDADE DE SAUDE DA FAMILIA III;F;18.05.2026;ANACLAUDIA_NOGUEIRA;18.05.2026;ANACLAUDIA_NOGUEIRA;10.00;PENDENTE;M544;02611833974;HUDSON PERES DORIGAO BELISARIO DE SOUZA
668249571;0282081;0301010072;CONSULTA EM CIRURGIA GERAL;48047740172;EVA WILMA ABDO DOS SANTOS GUIMARAES;21.05.2026;08:00;0;704002820923965;MARIA AUXILIADORA MORAIS VIEIRA;09.09.1961;64;777;RAIMUNDA MORAIS VIEIRA;RUA;HILARIO NICARETTA;;1891;PRIMO MAFFISSONI;79490000;(67)99946-8420 / (67)99924-6842;SAO GABRIEL DO OESTE;500769;SAO GABRIEL DO OESTE;500769;7333218;UNIDADE DE SAUDE DA FAMILIA X;F;18.05.2026;RAISSASILVALIMA;18.05.2026;VANIA_MARIANO;10.00;CONFIRMADO;Z540;63805480172;CLEDSON PERETTI
668254281;0110002;0301010072;CONSULTA EM ORTOPEDIA - GERAL;00530001101;BRUNO PETINARI UMBELINO;25.05.2026;07:00;0;702009396061183;PATRICIA DE JESUS PEREIRA;20.07.1984;41;503;MARIA LASARA PEREIRA;RUA;JOAO RODRIGUES DE MIRANDA;CASA 4;195;CENTRO;79490000;(67)99347-6735;SAO GABRIEL DO OESTE;500769;SAO GABRIEL DO OESTE;500769;7333218;UNIDADE DE SAUDE DA FAMILIA X;F;18.05.2026;RAISSASILVALIMA;18.05.2026;RAISSASILVALIMA;10.00;CONFIRMADO;S99;63805480172;CLEDSON PERETTI
668265061;3100030;0207030030;RESSONANCIA MAGNETICA DO JOELHO ESQUERDO;00125300006;MEDICOS SUS;26.05.2026;13:00;0;700402444429541;RICARDO MARINHO;24.02.1983;43;520;IVANILDA VALENCO MARINHO;RUA;QUERO-QUERO;CASA;249;JARDIM GRAMADO;79490000;(67)99914-9851;SAO GABRIEL DO OESTE;500769;SAO GABRIEL DO OESTE;500769;6354265;CENTRAL DE REGULACAO DE SAO GABRIEL DO OESTE;M;18.05.2026;CLEIDIANE_REGULACAO;22.05.2026;CLEIDIANE_REGULADOR;268.75;CONFIRMADO;S836;;RODOLFO PELISSARI ZAMBOLIN
668268716;3500075;0206020031;TOMOGRAFIA COMPUTADORIZADA DO TORAX COM CONTRASTE;00125300006;MEDICOS SUS;20.05.2026;07:15;0;702807124098266;MARIO BRUCHIER;11.11.1964;61;739;LEDA IDA LANGE BRUCHIER;RUA;TARUMA;;294;SAO CRISTOVAO;79491174;(47)99991-8862;SAO GABRIEL DO OESTE;500769;SAO GABRIEL DO OESTE;500769;6354265;CENTRAL DE REGULACAO DE SAO GABRIEL DO OESTE;M;18.05.2026;CLEIDIANE_REGULADOR;18.05.2026;CLEIDIANE_REGULADOR;136.41;CONFIRMADO;C20;;JAIRO COLEONE QUINELATO
668268716;3500063;0206030010;TOMOGRAFIA COMPUTADORIZADA DO ABDOMEN SUPERIOR COM CONTRASTE;00125300006;MEDICOS SUS;20.05.2026;07:15;0;702807124098266;MARIO BRUCHIER;11.11.1964;61;739;LEDA IDA LANGE BRUCHIER;RUA;TARUMA;;294;SAO CRISTOVAO;79491174;(47)99991-8862;SAO GABRIEL DO OESTE;500769;SAO GABRIEL DO OESTE;500769;6354265;CENTRAL DE REGULACAO DE SAO GABRIEL DO OESTE;M;18.05.2026;CLEIDIANE_REGULADOR;18.05.2026;CLEIDIANE_REGULADOR;138.63;CONFIRMADO;C20;;JAIRO COLEONE QUINELATO
668271682;0110002;0301010072;CONSULTA EM ORTOPEDIA - GERAL;04469955680;DANIEL ROCHA DO CARMO;18.05.2026;17:00;0;700707948979873;DELOCIR CANUTO;03.08.1967;58;707;BELARMINA ANGELICA CANUTO;ACAMPAMENTO;ITAQUI LOTE;;11;ZONA RURAL;79490000;(67)9660-5351;SAO GABRIEL DO OESTE;500769;SAO GABRIEL DO OESTE;500769;6354265;CENTRAL DE REGULACAO DE SAO GABRIEL DO OESTE;M;18.05.2026;VANIA_MARIANO;18.05.2026;VANIA_MARIANO;10.00;PENDENTE;Z00;00125300006;MEDICOS SUS
668271825;0110002;0301010072;CONSULTA EM ORTOPEDIA - GERAL;04469955680;DANIEL ROCHA DO CARMO;18.05.2026;17:00;0;207435094840009;ADENILSON FERREIRA GOMES;12.09.1970;55;669;SEBASTIANA LADEIRA FERREIRA DA SILVA;RUA;DAS CORUJAS;;908;VILA KELLEN;;(67)99969-6205;CAMPO GRANDE;500270;SAO GABRIEL DO OESTE;500769;6354265;CENTRAL DE REGULACAO DE SAO GABRIEL DO OESTE;M;18.05.2026;VANIA_MARIANO;18.05.2026;VANIA_MARIANO;10.00;PENDENTE;Z00;00125300006;MEDICOS SUS
668271896;0110002;0301010072;CONSULTA EM ORTOPEDIA - GERAL;04469955680;DANIEL ROCHA DO CARMO;18.05.2026;17:00;0;702300189978617;APARECIDA SURIANA DA SILVA;07.02.1982;44;533;ANDRELINS BATISTA DA SILVA;RUA;FENIX;CASA;106;FENIX;79490000;(67)99853-1932;SAO GABRIEL DO OESTE;500769;SAO GABRIEL DO OESTE;500769;6354265;CENTRAL DE REGULACAO DE SAO GABRIEL DO OESTE;F;18.05.2026;VANIA_MARIANO;18.05.2026;VANIA_MARIANO;10.00;PENDENTE;Z00;00125300006;MEDICOS SUS
668272004;0110002;0301010072;CONSULTA EM ORTOPEDIA - GERAL;04469955680;DANIEL ROCHA DO CARMO;18.05.2026;17:00;0;704202205207283;SEBASTIAO DOS SANTOS VIEIRA;25.07.1967;58;707;MARIA DOS SANTOS VIEIRA;RUA;JOAO EVANGELISTA ROSA;;1563;PRIMO MAFFISSONI;79490000;(67)99915-6505;SAO GABRIEL DO OESTE;500769;SAO GABRIEL DO OESTE;500769;6354265;CENTRAL DE REGULACAO DE SAO GABRIEL DO OESTE;M;18.05.2026;VANIA_MARIANO;18.05.2026;VANIA_MARIANO;10.00;PENDENTE;Z00;00125300006;MEDICOS SUS
668272083;0110002;0301010072;CONSULTA EM ORTOPEDIA - GERAL;04469955680;DANIEL ROCHA DO CARMO;18.05.2026;17:00;0;703608069187631;LAURETE TEREZINHA GOTTARDI;04.11.1964;61;740;ORTEMIA ROTAVA MIGLIAVACCA;RUA;JOAO RODRIGUES DE MIRANDA;CASA 2;442;CENTRO;79490000;(49)99817-1927;SAO GABRIEL DO OESTE;500769;SAO GABRIEL DO OESTE;500769;6354265;CENTRAL DE REGULACAO DE SAO GABRIEL DO OESTE;F;18.05.2026;VANIA_MARIANO;18.05.2026;VANIA_MARIANO;10.00;PENDENTE;Z00;00125300006;MEDICOS SUS
668272165;0110002;0301010072;CONSULTA EM ORTOPEDIA - GERAL;04469955680;DANIEL ROCHA DO CARMO;18.05.2026;17:00;0;701801208519676;ISDAEL MENDES DO NASCIMENTO;24.11.1970;55;667;MARIA ALMEIDA DO NASCIMENTO;RUA;CURRUIRAS;;756;JARDIM GRAMADO;79490000;(67)9968-0835;SAO GABRIEL DO OESTE;500769;SAO GABRIEL DO OESTE;500769;6354265;CENTRAL DE REGULACAO DE SAO GABRIEL DO OESTE;M;18.05.2026;VANIA_MARIANO;18.05.2026;VANIA_MARIANO;10.00;PENDENTE;Z00;00125300006;MEDICOS SUS
668272232;0110002;0301010072;CONSULTA EM ORTOPEDIA - GERAL;04469955680;DANIEL ROCHA DO CARMO;18.05.2026;17:00;0;704808059039148;SONIA FIGUEIREDO;25.12.1975;50;606;IVANETE FIGUEIREDO;RUA;SAO JORGE;CASA 68;289;PRIMO MAFISSONI;79490000;(67)99974-7714;SAO GABRIEL DO OESTE;500769;SAO GABRIEL DO OESTE;500769;6354265;CENTRAL DE REGULACAO DE SAO GABRIEL DO OESTE;F;18.05.2026;VANIA_MARIANO;18.05.2026;VANIA_MARIANO;10.00;PENDENTE;Z00;00125300006;MEDICOS SUS
668272297;0110002;0301010072;CONSULTA EM ORTOPEDIA - GERAL;04469955680;DANIEL ROCHA DO CARMO;18.05.2026;17:00;0;704502379662315;ADEMIR GEBERT;20.04.1965;61;734;ELIZA LUCIA GEBERT;RUA;SÃO JORGE;CASA 2;215;JARDIM PRIMAVERA;79490164;(67)99903-4150;SAO GABRIEL DO OESTE;500769;SAO GABRIEL DO OESTE;500769;6354265;CENTRAL DE REGULACAO DE SAO GABRIEL DO OESTE;M;18.05.2026;VANIA_MARIANO;18.05.2026;VANIA_MARIANO;10.00;PENDENTE;Z00;00125300006;MEDICOS SUS
668272356;0110002;0301010072;CONSULTA EM ORTOPEDIA - GERAL;04469955680;DANIEL ROCHA DO CARMO;18.05.2026;17:00;0;701701231619070;ANGELA MARIA DE SOUZA;31.07.1969;56;683;SANTINA DELFINA DE SOUZA;AVENIDA;SAO FRANCISCO;;793;CAPÃO REDONDO;79490000;(67)99698-6175;SAO GABRIEL DO OESTE;500769;SAO GABRIEL DO OESTE;500769;6354265;CENTRAL DE REGULACAO DE SAO GABRIEL DO OESTE;F;18.05.2026;VANIA_MARIANO;18.05.2026;VANIA_MARIANO;10.00;PENDENTE;Z00;00125300006;MEDICOS SUS
668272403;0110002;0301010072;CONSULTA EM ORTOPEDIA - GERAL;04469955680;DANIEL ROCHA DO CARMO;18.05.2026;17:00;0;702108759743395;PEDRO DOS SANTOS;29.06.1973;53;636;NATALIA PEREIRA DOS SANTOS;FAZENDA;MODELO;;S/N;RURAL;79490000;(67)9604-2015;SAO GABRIEL DO OESTE;500769;SAO GABRIEL DO OESTE;500769;6354265;CENTRAL DE REGULACAO DE SAO GABRIEL DO OESTE;M;18.05.2026;VANIA_MARIANO;18.05.2026;VANIA_MARIANO;10.00;PENDENTE;Z00;00125300006;MEDICOS SUS
668286793;0282081;0301010072;CONSULTA EM CIRURGIA GERAL;48047740172;EVA WILMA ABDO DOS SANTOS GUIMARAES;25.05.2026;14:00;0;703209630141296;EUGENIO FRANCO DE OLIVEIRA;13.09.1953;72;873;ELISIA FRANCO DE OLIVEIRA;RUA;TANGARA;;294;FENIX;79491106;(67)99685-5197;SAO GABRIEL DO OESTE;500769;SAO GABRIEL DO OESTE;500769;6452116;CENTRO DE ESPECIALIDADES MEDICAS;M;19.05.2026;FERNANDACRISTINAALVES;19.05.2026;VANIA_MARIANO;10.00;PENDENTE;Z016;00125300006;MEDICOS SUS
668300257;1703204;0211020044;HOLTER 24 HORAS;01110123175;ELY DONIZETH DE ASSIS JUNIOR;28.05.2026;09:00;0;700002716574000;JOAO INACIO BARBOSA;06.05.1949;77;926;VICENCIA ALVES FERREIRA SANTO;RUA;MATO GROSSO DO SUL;;2594;CENTRO;79490000;(67)99921-5900;SAO GABRIEL DO OESTE;500769;SAO GABRIEL DO OESTE;500769;6452116;CENTRO DE ESPECIALIDADES MEDICAS;M;19.05.2026;FERNANDACRISTINAALVES;19.05.2026;FERNANDACRISTINAALVES;30.00;CONFIRMADO;Z016;01110123175;ELY DONIZETH DE ASSIS JUNIOR
668300651;0108001;0205010032;ECOCARDIOGRAMA TRANSTORACICO;01110123175;ELY DONIZETH DE ASSIS JUNIOR;27.05.2026;09:00;0;700002716574000;JOAO INACIO BARBOSA;06.05.1949;77;926;VICENCIA ALVES FERREIRA SANTO;RUA;MATO GROSSO DO SUL;;2594;CENTRO;79490000;(67)99921-5900;SAO GABRIEL DO OESTE;500769;SAO GABRIEL DO OESTE;500769;6452116;CENTRO DE ESPECIALIDADES MEDICAS;M;19.05.2026;FERNANDACRISTINAALVES;19.05.2026;FERNANDACRISTINAALVES;67.86;CONFIRMADO;Z016;01110123175;ELY DONIZETH DE ASSIS JUNIOR
668304448;0110002;0301010072;CONSULTA EM ORTOPEDIA - GERAL;00530001101;BRUNO PETINARI UMBELINO;25.05.2026;07:00;0;898006306243404;KEMILLY LUIZA GONCALVES DOS SANTOS;19.02.2012;14;172;MARISTELA CRESCENTI GONCALVES;RUA;DAS CURRUIRAS;;1297;JARDIM GRAMADO;79491014;(67)99802-7086;SAO GABRIEL DO OESTE;500769;SAO GABRIEL DO OESTE;500769;5971055;UNIDADE DE SAUDE DA FAMILIA VIII;F;19.05.2026;JESSICAPADILHA;19.05.2026;JESSICAPADILHA;10.00;CONFIRMADO;Z000;;LAIS PRZYSIADA
668305193;0108001;0205010032;ECOCARDIOGRAMA TRANSTORACICO;01110123175;ELY DONIZETH DE ASSIS JUNIOR;19.05.2026;13:00;0;701306600499230;MARIA NEUSA VOLCE PEPATO;08.01.1949;77;929;ONISIA ZANEL VOLCE;RUA;ALAGOAS;APARTAMENTO 501;1150;CENTRO;79490000;(67)99804-3876;SAO GABRIEL DO OESTE;500769;SAO GABRIEL DO OESTE;500769;6452116;CENTRO DE ESPECIALIDADES MEDICAS;F;19.05.2026;FERNANDACRISTINAALVES;19.05.2026;FERNANDACRISTINAALVES;67.86;CONFIRMADO;Z016;01110123175;ELY DONIZETH DE ASSIS JUNIOR
668307246;0077026;0205010040;ULTRA-SONOGRAFIA DOPPLER DE CAROTIDAS E VERTEBRAIS;01110123175;ELY DONIZETH DE ASSIS JUNIOR;26.05.2026;09:00;0;706202592642260;GILDO MORAZ;28.09.1954;71;861;UBALDINA NAZARIO MORAZ;RUA;GREGORIANO;;05;PRIMO MAFFISSONI;79490000;(67)99923-0827;SAO GABRIEL DO OESTE;500769;SAO GABRIEL DO OESTE;500769;6452116;CENTRO DE ESPECIALIDADES MEDICAS;M;19.05.2026;FERNANDACRISTINAALVES;19.05.2026;FERNANDACRISTINAALVES;39.60;CONFIRMADO;Z016;01110123175;ELY DONIZETH DE ASSIS JUNIOR
668307713;0108001;0205010032;ECOCARDIOGRAMA TRANSTORACICO;01110123175;ELY DONIZETH DE ASSIS JUNIOR;25.05.2026;13:00;0;706202592642260;GILDO MORAZ;28.09.1954;71;861;UBALDINA NAZARIO MORAZ;RUA;GREGORIANO;;05;PRIMO MAFFISSONI;79490000;(67)99923-0827;SAO GABRIEL DO OESTE;500769;SAO GABRIEL DO OESTE;500769;6452116;CENTRO DE ESPECIALIDADES MEDICAS;M;19.05.2026;FERNANDACRISTINAALVES;19.05.2026;FERNANDACRISTINAALVES;67.86;CONFIRMADO;Z016;01110123175;ELY DONIZETH DE ASSIS JUNIOR
668312748;0108001;0205010032;ECOCARDIOGRAMA TRANSTORACICO;01110123175;ELY DONIZETH DE ASSIS JUNIOR;25.05.2026;09:00;0;705006621662950;ANTONIO JORGE DA SILVA;30.05.1963;63;757;DORVALINA SANTANA DA SILVA;AVENIDA;MATO GROSSO DO SUL;;2472;CENTRO;79490000;(67)3295-3736 / (67)99940-3649;SAO GABRIEL DO OESTE;500769;SAO GABRIEL DO OESTE;500769;6452116;CENTRO DE ESPECIALIDADES MEDICAS;M;19.05.2026;FERNANDACRISTINAALVES;19.05.2026;FERNANDACRISTINAALVES;67.86;CONFIRMADO;Z016;01110123175;ELY DONIZETH DE ASSIS JUNIOR
668312992;1407044;0211020060;TESTE DE ESFORCO OU TESTE ERGOMETRICO;01110123175;ELY DONIZETH DE ASSIS JUNIOR;26.05.2026;09:00;0;705006621662950;ANTONIO JORGE DA SILVA;30.05.1963;63;757;DORVALINA SANTANA DA SILVA;AVENIDA;MATO GROSSO DO SUL;;2472;CENTRO;79490000;(67)3295-3736 / (67)99940-3649;SAO GABRIEL DO OESTE;500769;SAO GABRIEL DO OESTE;500769;6452116;CENTRO DE ESPECIALIDADES MEDICAS;M;19.05.2026;FERNANDACRISTINAALVES;19.05.2026;FERNANDACRISTINAALVES;30.00;CONFIRMADO;Z016;01110123175;ELY DONIZETH DE ASSIS JUNIOR
668315194;1407044;0211020060;TESTE DE ESFORCO OU TESTE ERGOMETRICO;01110123175;ELY DONIZETH DE ASSIS JUNIOR;26.05.2026;13:00;0;708009386621320;ENILDO GOMES CARNEIRO DE ASSIS;02.05.2016;10;122;ROSA MARIA GOMES GONCALVES;RUA;CURRUIRAS;;1309;JARDIM GRAMADO;79490000;(67)99635-3286;SAO GABRIEL DO OESTE;500769;SAO GABRIEL DO OESTE;500769;6452116;CENTRO DE ESPECIALIDADES MEDICAS;M;19.05.2026;PATRICKMASIAGA;19.05.2026;PATRICKMASIAGA;30.00;CONFIRMADO;Z00;01452917159;MARIELLI DE CASTRO CUNHA
668325060;1407044;0211020060;TESTE DE ESFORCO OU TESTE ERGOMETRICO;01110123175;ELY DONIZETH DE ASSIS JUNIOR;27.05.2026;13:00;0;898006242794782;DANIEL DORELUS;01.01.1982;44;534;ELUCIANE DAT;RUA;DONA ELVIRA;CASA;1405;MILANI;79490000;(95)98419-6084;SAO GABRIEL DO OESTE;500769;SAO GABRIEL DO OESTE;500769;6452116;CENTRO DE ESPECIALIDADES MEDICAS;M;19.05.2026;FERNANDACRISTINAALVES;19.05.2026;FERNANDACRISTINAALVES;30.00;CONFIRMADO;Z016;01110123175;ELY DONIZETH DE ASSIS JUNIOR
668325286;0108001;0205010032;ECOCARDIOGRAMA TRANSTORACICO;01110123175;ELY DONIZETH DE ASSIS JUNIOR;26.05.2026;13:00;0;898006242794782;DANIEL DORELUS;01.01.1982;44;534;ELUCIANE DAT;RUA;DONA ELVIRA;CASA;1405;MILANI;79490000;(95)98419-6084;SAO GABRIEL DO OESTE;500769;SAO GABRIEL DO OESTE;500769;6452116;CENTRO DE ESPECIALIDADES MEDICAS;M;19.05.2026;FERNANDACRISTINAALVES;19.05.2026;FERNANDACRISTINAALVES;67.86;CONFIRMADO;Z016;01110123175;ELY DONIZETH DE ASSIS JUNIOR
668330474;0108001;0205010032;ECOCARDIOGRAMA TRANSTORACICO;01110123175;ELY DONIZETH DE ASSIS JUNIOR;25.05.2026;13:00;0;700301909350739;VERONICA BRAUNER LIMA;08.04.1969;57;686;ALAIR BRAUNER;RUA;DONA ELVIRA;;1435;MILANI;79492070;(67)99804-0279;SAO GABRIEL DO OESTE;500769;SAO GABRIEL DO OESTE;500769;6452116;CENTRO DE ESPECIALIDADES MEDICAS;F;19.05.2026;FERNANDACRISTINAALVES;19.05.2026;FERNANDACRISTINAALVES;67.86;CONFIRMADO;Z016;01110123175;ELY DONIZETH DE ASSIS JUNIOR
668330790;1407044;0211020060;TESTE DE ESFORCO OU TESTE ERGOMETRICO;01110123175;ELY DONIZETH DE ASSIS JUNIOR;27.05.2026;13:00;0;700301909350739;VERONICA BRAUNER LIMA;08.04.1969;57;686;ALAIR BRAUNER;RUA;DONA ELVIRA;;1435;MILANI;79492070;(67)99804-0279;SAO GABRIEL DO OESTE;500769;SAO GABRIEL DO OESTE;500769;6452116;CENTRO DE ESPECIALIDADES MEDICAS;F;19.05.2026;FERNANDACRISTINAALVES;19.05.2026;FERNANDACRISTINAALVES;30.00;CONFIRMADO;Z016;01110123175;ELY DONIZETH DE ASSIS JUNIOR
668338846;0108001;0205010032;ECOCARDIOGRAMA TRANSTORACICO;01110123175;ELY DONIZETH DE ASSIS JUNIOR;26.05.2026;09:00;0;706307791511879;JOSEFA APARECIDA DA SILVA PROCOPIO;16.04.1963;63;758;MARIA LURDES MENDES;RUA;BALANCA;LOTE - CASA;100;ASSENTAMENTO CAMPANARIO;79490000;(67)9640-4111;SAO GABRIEL DO OESTE;500769;SAO GABRIEL DO OESTE;500769;6354265;CENTRAL DE REGULACAO DE SAO GABRIEL DO OESTE;F;19.05.2026;VANIA_MARIANO;19.05.2026;VANIA_MARIANO;67.86;CONFIRMADO;Z00;;ELY DONIZETH
668343790;0110002;0301010072;CONSULTA EM ORTOPEDIA - GERAL;00468987193;ARTHUR MARTINS DE ALMEIDA;19.05.2026;07:30;0;702003835735684;NEDES FURTADO;05.09.1959;66;802;JACINTA DOS SANTOS;RUA;SARACURA;;251;GRAMADO;79490000;(67)99904-0353 / (67)99802-7306;SAO GABRIEL DO OESTE;500769;SAO GABRIEL DO OESTE;500769;6452116;CENTRO DE ESPECIALIDADES MEDICAS;M;19.05.2026;PATRICKMASIAGA;19.05.2026;VANIA_MARIANO;10.00;CONFIRMADO;Z00;00468987193;ARTHUR MARTINS DE ALMEIDA
668345550;0110002;0301010072;CONSULTA EM ORTOPEDIA - GERAL;00468987193;ARTHUR MARTINS DE ALMEIDA;19.05.2026;11:00;0;708008892595822;JAIME DE SOUSA ROCHA SOBRINHO;11.09.1976;49;597;AIEDA MOUTINHO ROCHA;RUA;ESTUDANTE SONI BORTOLI;CASA;1310;PRIMO MAFFISSONI;79490000;(38)99127-8940;SAO GABRIEL DO OESTE;500769;SAO GABRIEL DO OESTE;500769;6452116;CENTRO DE ESPECIALIDADES MEDICAS;M;19.05.2026;PATRICKMASIAGA;19.05.2026;VANIA_MARIANO;10.00;CONFIRMADO;Z00;00468987193;ARTHUR MARTINS DE ALMEIDA
668347105;0110002;0301010072;CONSULTA EM ORTOPEDIA - GERAL;00468987193;ARTHUR MARTINS DE ALMEIDA;19.05.2026;07:30;0;702404024934322;DILENE GONZAGA DE ANDRADE;11.01.1974;52;629;CELIA GONZAGA DA SILVA;AVENIDA;SAO FRANCISCO;CASA 1;2351;CENTRO;79490000;(67)99830-0555;SAO GABRIEL DO OESTE;500769;SAO GABRIEL DO OESTE;500769;6452116;CENTRO DE ESPECIALIDADES MEDICAS;F;19.05.2026;PATRICKMASIAGA;19.05.2026;PATRICKMASIAGA;10.00;CONFIRMADO;Z00;00468987193;ARTHUR MARTINS DE ALMEIDA
668349811;0505002;0211020052;MONITORIZACAO AMBULATORIAL DE PRESSAO ARTERIAL (M.A.P.A)                                            ;01110123175;ELY DONIZETH DE ASSIS JUNIOR;29.05.2026;09:00;0;702307143361311;CLEIDE ANTONIA PEREIRA DE PAULA;13.06.1975;51;612;MARIA CLEUZA PEREIRA DE PAULA;FAZENDA;ZILMAR;;S/N;RURAL;79490000;(67)99806-3797;SAO GABRIEL DO OESTE;500769;SAO GABRIEL DO OESTE;500769;6452116;CENTRO DE ESPECIALIDADES MEDICAS;F;19.05.2026;FERNANDACRISTINAALVES;19.05.2026;FERNANDACRISTINAALVES;10.07;CONFIRMADO;Z016;01110123175;ELY DONIZETH DE ASSIS JUNIOR
668350050;1703204;0211020044;HOLTER 24 HORAS;01110123175;ELY DONIZETH DE ASSIS JUNIOR;28.05.2026;13:00;0;702307143361311;CLEIDE ANTONIA PEREIRA DE PAULA;13.06.1975;51;612;MARIA CLEUZA PEREIRA DE PAULA;FAZENDA;ZILMAR;;S/N;RURAL;79490000;(67)99806-3797;SAO GABRIEL DO OESTE;500769;SAO GABRIEL DO OESTE;500769;6452116;CENTRO DE ESPECIALIDADES MEDICAS;F;19.05.2026;FERNANDACRISTINAALVES;19.05.2026;FERNANDACRISTINAALVES;30.00;CONFIRMADO;Z016;01110123175;ELY DONIZETH DE ASSIS JUNIOR
668350978;0108001;0205010032;ECOCARDIOGRAMA TRANSTORACICO;01110123175;ELY DONIZETH DE ASSIS JUNIOR;27.05.2026;13:00;0;702307143361311;CLEIDE ANTONIA PEREIRA DE PAULA;13.06.1975;51;612;MARIA CLEUZA PEREIRA DE PAULA;FAZENDA;ZILMAR;;S/N;RURAL;79490000;(67)99806-3797;SAO GABRIEL DO OESTE;500769;SAO GABRIEL DO OESTE;500769;6452116;CENTRO DE ESPECIALIDADES MEDICAS;F;19.05.2026;FERNANDACRISTINAALVES;19.05.2026;FERNANDACRISTINAALVES;67.86;CONFIRMADO;Z016;01110123175;ELY DONIZETH DE ASSIS JUNIOR
668351446;2300004;0301010072;CONSULTA EM CARDIOLOGIA;01110123175;ELY DONIZETH DE ASSIS JUNIOR;19.05.2026;12:30;0;700002716574000;JOAO INACIO BARBOSA;06.05.1949;77;926;VICENCIA ALVES FERREIRA SANTO;RUA;MATO GROSSO DO SUL;;2594;CENTRO;79490000;(67)99921-5900;SAO GABRIEL DO OESTE;500769;SAO GABRIEL DO OESTE;500769;6452116;CENTRO DE ESPECIALIDADES MEDICAS;M;19.05.2026;PATRICKMASIAGA;19.05.2026;VANIA_MARIANO;10.00;CONFIRMADO;Z00;01110123175;ELY DONIZETH DE ASSIS JUNIOR
668352015;0110002;0301010072;CONSULTA EM ORTOPEDIA - GERAL;00530001101;BRUNO PETINARI UMBELINO;25.05.2026;07:00;0;705405483445491;ROSEMEIRE MARQUES FREITAS;22.03.1969;57;687;JOAQUINA MARQUES FREITAS;RUA;BEM TE VI;CASA;1684;JARDIM GRAMADO;79490000;(67)99940-7828;SAO GABRIEL DO OESTE;500769;SAO GABRIEL DO OESTE;500769;5971055;UNIDADE DE SAUDE DA FAMILIA VIII;F;19.05.2026;JESSICAPADILHA;19.05.2026;JESSICAPADILHA;10.00;CONFIRMADO;Z000;04805244160;RENNAN ORTIZ BUENO
668359081;2300004;0301010072;CONSULTA EM CARDIOLOGIA;01110123175;ELY DONIZETH DE ASSIS JUNIOR;19.05.2026;12:30;0;700009022418809;VANDERLEI ROQUE DEVISE;08.04.1969;57;686;VANDA MATIEVICZ DEVISE;RUA;GOIAS;;2411;CENTRO;79490000;(67)99945-7365;SAO GABRIEL DO OESTE;500769;SAO GABRIEL DO OESTE;500769;6452116;CENTRO DE ESPECIALIDADES MEDICAS;M;19.05.2026;PATRICKMASIAGA;19.05.2026;VANIA_MARIANO;10.00;CONFIRMADO;Z00;01110123175;ELY DONIZETH DE ASSIS JUNIOR
668359228;0110002;0301010072;CONSULTA EM ORTOPEDIA - GERAL;00468987193;ARTHUR MARTINS DE ALMEIDA;26.05.2026;07:30;0;700604414365561;MARIA SHIRLEY SILVA SOUZA;19.10.1955;70;848;LUZIA DA SILVA SOUZA;FAZENDA;LAGEADO;;S/N;AREA RURAL DE SAO GABRIEL DO OESTE;79493899;(67)99863-3053;SAO GABRIEL DO OESTE;500769;SAO GABRIEL DO OESTE;500769;2370972;UNIDADE DE SAUDE DA FAMILIA MILANE II;F;19.05.2026;VANESSAMARTINS_AREADO;19.05.2026;VANESSAMARTINS_AREADO;10.00;CONFIRMADO;S635;83798633134;JOAO BAPTISTA BARBOSA SOUZA
668359485;0110002;0301010072;CONSULTA EM ORTOPEDIA - GERAL;00530001101;BRUNO PETINARI UMBELINO;25.05.2026;07:00;0;706803248078827;ELENA MONTESSI CANTERO;01.09.1963;62;754;CONCEICAO DO NASCIMENTO MANTESSI;RUA;MINAS GERAIS;;2653;CENTRO;79490000;(61)3315-2425;SAO GABRIEL DO OESTE;500769;SAO GABRIEL DO OESTE;500769;6452116;CENTRO DE ESPECIALIDADES MEDICAS;F;19.05.2026;PATRICKMASIAGA;19.05.2026;PATRICKMASIAGA;10.00;CONFIRMADO;Z00;00530001101;BRUNO PETINARI UMBELINO
668361373;2300004;0301010072;CONSULTA EM CARDIOLOGIA;01110123175;ELY DONIZETH DE ASSIS JUNIOR;19.05.2026;12:30;0;898006242794782;DANIEL DORELUS;01.01.1982;44;534;ELUCIANE DAT;RUA;DONA ELVIRA;CASA;1405;MILANI;79490000;(95)98419-6084;SAO GABRIEL DO OESTE;500769;SAO GABRIEL DO OESTE;500769;6452116;CENTRO DE ESPECIALIDADES MEDICAS;M;19.05.2026;PATRICKMASIAGA;19.05.2026;VANIA_MARIANO;10.00;CONFIRMADO;Z00;01110123175;ELY DONIZETH DE ASSIS JUNIOR
668362418;2300004;0301010072;CONSULTA EM CARDIOLOGIA;01110123175;ELY DONIZETH DE ASSIS JUNIOR;19.05.2026;12:30;0;700301909350739;VERONICA BRAUNER LIMA;08.04.1969;57;686;ALAIR BRAUNER;RUA;DONA ELVIRA;;1435;MILANI;79492070;(67)99804-0279;SAO GABRIEL DO OESTE;500769;SAO GABRIEL DO OESTE;500769;6452116;CENTRO DE ESPECIALIDADES MEDICAS;F;19.05.2026;PATRICKMASIAGA;19.05.2026;VANIA_MARIANO;10.00;CONFIRMADO;Z00;01110123175;ELY DONIZETH DE ASSIS JUNIOR
668364622;0077026;0205010040;ULTRA-SONOGRAFIA DOPPLER DE CAROTIDAS E VERTEBRAIS;01110123175;ELY DONIZETH DE ASSIS JUNIOR;19.05.2026;13:00;0;707400058622371;VALDETE CARDOSO DA ROCHA SOBRINHO;21.09.1971;54;657;REALINA FERREIRA CARDOSO;RUA;DO COMÉRCIO;DISTRITO AREADO;S/N;ZONA RURAL;79490000;(67)99991-0760;SAO GABRIEL DO OESTE;500769;SAO GABRIEL DO OESTE;500769;6452116;CENTRO DE ESPECIALIDADES MEDICAS;F;19.05.2026;PATRICKMASIAGA;19.05.2026;PATRICKMASIAGA;39.60;CONFIRMADO;I10;98260570106;CLAUDIA REGINA DUARTE CAZZOLATO KHALIL
668372538;0110002;0301010072;CONSULTA EM ORTOPEDIA - GERAL;00530001101;BRUNO PETINARI UMBELINO;25.05.2026;07:00;0;700107938788620;WILIAN SANTOS SILVA;31.10.1993;32;392;MARIA DOS SANTOS SILVA;RUA;CURIO;;1229;JARDIM GRAMADO;79491012;(67)99641-8077;SAO GABRIEL DO OESTE;500769;SAO GABRIEL DO OESTE;500769;5971055;UNIDADE DE SAUDE DA FAMILIA VIII;M;19.05.2026;JESSICAPADILHA;19.05.2026;JESSICAPADILHA;10.00;PENDENTE;M705;04805244160;RENNAN ORTIZ BUENO
668373337;0110002;0301010072;CONSULTA EM ORTOPEDIA - GERAL;00468987193;ARTHUR MARTINS DE ALMEIDA;26.05.2026;06:30;0;701808269285671;GEDIANE SOUZA ROCHA;11.05.1988;38;457;MARIA AUXILIADORA DE SOUZA;RUA;AZULAO;CASA;1573;CONJUNTO FENIX;79490000;(67)9802-1353;SAO GABRIEL DO OESTE;500769;SAO GABRIEL DO OESTE;500769;6452116;CENTRO DE ESPECIALIDADES MEDICAS;F;19.05.2026;PATRICKMASIAGA;19.05.2026;VANIA_MARIANO;10.00;CONFIRMADO;Z00;;NATALIA NUBIA CORREIA DE LIMA 
668374007;2300004;0301010072;CONSULTA EM CARDIOLOGIA;01110123175;ELY DONIZETH DE ASSIS JUNIOR;25.05.2026;07:30;0;700204985240829;JORGE DAVID SANTOS;23.04.1959;67;806;VALDETE MARIA DOS SANTOS;RUA;MINAS GERAIS;;1565;CENTRO;79490000;(67)99193-9937;SAO GABRIEL DO OESTE;500769;SAO GABRIEL DO OESTE;500769;6452116;CENTRO DE ESPECIALIDADES MEDICAS;M;19.05.2026;FERNANDACRISTINAALVES;19.05.2026;VANIA_MARIANO;10.00;PENDENTE;Z016;01110123175;ELY DONIZETH DE ASSIS JUNIOR
668389888;0282063;0301010072;CONSULTA EM OTORRINOLARINGOLOGIA;78877326115;ANA PAULA CAVALIERI PONTES;22.05.2026;06:00;0;709005824144212;CHRISTOPHER MIGUEL DOS ANJOS FARIAS;02.07.2023;03;36;FERNANDA GRAZIELA DOS ANJOS;RUA;SARACURA;;1156;JARDIM GRAMADO;79490000;(67)99642-3601;SAO GABRIEL DO OESTE;500769;SAO GABRIEL DO OESTE;500769;6452116;CENTRO DE ESPECIALIDADES MEDICAS;M;19.05.2026;PATRICKMASIAGA;19.05.2026;PATRICKMASIAGA;10.00;PENDENTE;Z00;;SIMONE FERREIRA
668396549;3100953;0207030022;RESSONANCIA MAGNETICA DE BACIA / PELVE / ABDOMEN INFERIOR;00125300006;MEDICOS SUS;29.05.2026;11:00;0;704602677464529;ALESSANDRA FERREIRA MEDEIROS RODRIGUES;26.03.1991;35;423;EDINA FERREIRA MEDEIROS;RUA;IPE;;347;SÃO CRISTOVÃO;79490000;(67)99921-7072;SAO GABRIEL DO OESTE;500769;SAO GABRIEL DO OESTE;500769;6354265;CENTRAL DE REGULACAO DE SAO GABRIEL DO OESTE;F;19.05.2026;CLEIDIANE_REGULACAO;22.05.2026;CLEIDIANE_REGULADOR;268.75;CONFIRMADO;R10;;ANTONIO AUGUSTO PALOMBO MENDES
668416215;0320174;0301010072;CONSULTA EM PNEUMOLOGIA - GERAL;09028429603;BERNARDO MEDEIROS MAIA;19.05.2026;14:00;0;703405273454013;NADIR ANTONIO PIAIA;12.03.1943;83;999;ORELIA STARTORIPIAIA;RUA;SANTA CATARINA;;839;CENTRO;79490000;(61)3315-2425;SAO GABRIEL DO OESTE;500769;SAO GABRIEL DO OESTE;500769;6452116;CENTRO DE ESPECIALIDADES MEDICAS;M;19.05.2026;PATRICKMASIAGA;19.05.2026;VANIA_MARIANO;10.00;CONFIRMADO;Z00;09028429603;BERNARDO MEDEIROS MAIA
668436130;0320174;0301010072;CONSULTA EM PNEUMOLOGIA - GERAL;09028429603;BERNARDO MEDEIROS MAIA;21.05.2026;14:00;0;704209728871886;MILTON SILVEIRA;02.02.1947;79;953;MERCEDES ROSA SILVEIRA;RUA;PELICANOS;;1414;JARDIM GRAMADO;79490000;(67)99930-6515;SAO GABRIEL DO OESTE;500769;SAO GABRIEL DO OESTE;500769;6452116;CENTRO DE ESPECIALIDADES MEDICAS;M;19.05.2026;PATRICKMASIAGA;19.05.2026;VANIA_MARIANO;10.00;PENDENTE;Z00;09028429603;BERNARDO MEDEIROS MAIA
668506681;0110002;0301010072;CONSULTA EM ORTOPEDIA - GERAL;00468987193;ARTHUR MARTINS DE ALMEIDA;26.05.2026;07:30;0;708605009598080;JOAO CAMARGO CARDOSO JUNIOR;08.07.1982;43;527;MARIA MARCOLINA PEREIRA;RUA;DAS CURRUIRAS 1466/99999;;1741;FENIX;79491086;(67)99206-5985;SAO GABRIEL DO OESTE;500769;SAO GABRIEL DO OESTE;500769;2370999;UNIDADE DE SAUDE DA FAMILIA FENIX IV;M;19.05.2026;GUSTAVO_PIAIA;19.05.2026;GUSTAVO_PIAIA;10.00;CONFIRMADO;M545;96245646120;RAFAELLA MARIA COSTA GOIS DE FIGUEIREDO
668508343;0110002;0301010072;CONSULTA EM ORTOPEDIA - GERAL;00468987193;ARTHUR MARTINS DE ALMEIDA;26.05.2026;07:30;0;702400554221427;SILVANA DINIZ DOS SANTOS CARDOSO;03.06.1982;44;529;TEREZINHA DE JESUS DOS SANTOS;RUA;DAS CURRUIRAS 1466/99999;;1741;FENIX;79491086;(67)99206-5985;SAO GABRIEL DO OESTE;500769;SAO GABRIEL DO OESTE;500769;2370999;UNIDADE DE SAUDE DA FAMILIA FENIX IV;F;19.05.2026;GUSTAVO_PIAIA;19.05.2026;GUSTAVO_PIAIA;10.00;CONFIRMADO;R522;96245646120;RAFAELLA MARIA COSTA GOIS DE FIGUEIREDO
668523776;0110002;0301010072;CONSULTA EM ORTOPEDIA - GERAL;00468987193;ARTHUR MARTINS DE ALMEIDA;26.05.2026;07:30;0;709001803451414;JOAO HENRIQUE LOPES DOS SANTOS;23.03.2011;15;183;MARIA APARECIDA LOPES DA SILVA;RUA;CONDE DE PORTO ALEGRE;CASA1;794;MILANI;79490000;(66)3422-2280 / (66)99969-8768;SAO GABRIEL DO OESTE;500769;SAO GABRIEL DO OESTE;500769;2370972;UNIDADE DE SAUDE DA FAMILIA MILANE II;M;19.05.2026;FLAVIA_RODRIGUES;19.05.2026;FLAVIA_RODRIGUES;10.00;CONFIRMADO;M41;02453491113;MILENA GUEDIN VARGAS
668523853;2300004;0301010072;CONSULTA EM CARDIOLOGIA;98260570106;CLAUDIA REGINA DUARTE CAZZOLATO KHALIL;29.05.2026;07:30;0;704001360908460;NERI MEURER;04.09.1959;66;802;ITALVINA NERVIS MEURER;RUA;PERNAMBUCO;;1507;JARDIM ALVORADA;79490000;(67)99951-0132;SAO GABRIEL DO OESTE;500769;SAO GABRIEL DO OESTE;500769;6452116;CENTRO DE ESPECIALIDADES MEDICAS;M;19.05.2026;FERNANDACRISTINAALVES;20.05.2026;VANIA_MARIANO;10.00;PENDENTE;Z016;98260570106;CLAUDIA REGINA DUARTE CAZZOLATO KHALIL
668532120;0110002;0301010072;CONSULTA EM ORTOPEDIA - GERAL;00468987193;ARTHUR MARTINS DE ALMEIDA;26.05.2026;07:30;0;706800797406324;JOAO BRAZ RODRIGUES DA SILVA;14.04.1981;45;542;NEUZA RODRIGUES DA SILVA;RUA;DAS CURRUIRAS 1/1465;;498;JARDIM GRAMADO;79491014;(67)99649-7478;SAO GABRIEL DO OESTE;500769;SAO GABRIEL DO OESTE;500769;5971055;UNIDADE DE SAUDE DA FAMILIA VIII;M;19.05.2026;JESSICAPADILHA;19.05.2026;JESSICAPADILHA;10.00;PENDENTE;M755;04805244160;RENNAN ORTIZ BUENO
668538290;0282063;0301010072;CONSULTA EM OTORRINOLARINGOLOGIA;78877326115;ANA PAULA CAVALIERI PONTES;22.05.2026;07:00;0;702406005729826;MAISA GRANDO UMBELINO;21.09.2022;03;45;TAIS LAGO GRANDO;RUA;DONA ELVIRA;;1008;MILANI;79492070;(67)99715-2590;SAO GABRIEL DO OESTE;500769;SAO GABRIEL DO OESTE;500769;2370972;UNIDADE DE SAUDE DA FAMILIA MILANE II;F;19.05.2026;FLAVIA_RODRIGUES;19.05.2026;FLAVIA_RODRIGUES;10.00;CONFIRMADO;H60;02453491113;MILENA GUEDIN VARGAS
668539709;0282081;0301010072;CONSULTA EM CIRURGIA GERAL;48047740172;EVA WILMA ABDO DOS SANTOS GUIMARAES;28.05.2026;06:30;1;705807485014933;TELMA LUIS VANDES;16.01.1966;60;725;ZENAIDE LUIS VANDES;RUA;DAS CURRUIRAS;CASA;708;JARDIM GRAMADO;79491014;(67)99919-9779;SAO GABRIEL DO OESTE;500769;SAO GABRIEL DO OESTE;500769;6452116;CENTRO DE ESPECIALIDADES MEDICAS;F;19.05.2026;PATRICKMASIAGA;20.05.2026;VANIA_MARIANO;10.00;CONFIRMADO;Z00;48047740172;EVA WILMA ABDO DOS SANTOS GUIMARAES
668549492;0015001;0301010072;CONSULTA EM OFTALMOLOGIA GERAL;45183520097;JONI HILDOR SCHWEICKARDT;28.05.2026;14:00;0;702509393016034;APOLONIA PERALTA;08.02.1970;56;676;ANAURELINA PAIM;RUA;DAS CURRUIRAS;;879;JARDIM GRAMADO;79491014;(67)99939-6560;SAO GABRIEL DO OESTE;500769;SAO GABRIEL DO OESTE;500769;5971055;UNIDADE DE SAUDE DA FAMILIA VIII;F;19.05.2026;JESSICAPADILHA;19.05.2026;JESSICAPADILHA;10.00;CONFIRMADO;H520;04805244160;RENNAN ORTIZ BUENO
668555065;2300004;0301010072;CONSULTA EM CARDIOLOGIA;98260570106;CLAUDIA REGINA DUARTE CAZZOLATO KHALIL;29.05.2026;07:30;0;704507398817110;MARINALVA RODRIGUES DE OLIVEIRA;08.05.1975;51;613;ZENILDA JOSEFINA DA CONCEICAO OLIVEIRA;RUA;JOSÉ FERREIRA DA CUNHA;;750;CENTRO;79490000;(67)98563-2145;SAO GABRIEL DO OESTE;500769;SAO GABRIEL DO OESTE;500769;8176132;CASA ROSA;F;19.05.2026;ANACLAUDIA_PASCOAL;19.05.2026;VANIA_MARIANO;10.00;PENDENTE;I20;;MEDICO SUS
668557271;3500062;0206030010;TOMOGRAFIA COMPUTADORIZADA DO ABDOMEN SUPERIOR SEM CONTRASTE;00125300006;MEDICOS SUS;22.05.2026;07:15;0;700409916074446;DARCI GUEDIN;02.04.1961;65;783;ORTENILIA BATISTI GUEDIN;RUA;ESPIRITO SANTO;;794;CENTRO;79490000;(67)9962-1888;SAO GABRIEL DO OESTE;500769;SAO GABRIEL DO OESTE;500769;2370972;UNIDADE DE SAUDE DA FAMILIA MILANE II;M;19.05.2026;FLAVIA_RODRIGUES;21.05.2026;CLEIDIANE_REGULADOR;138.63;CONFIRMADO;R194;02453491113;MILENA GUEDIN VARGAS
668557271;3500119;0206030037;TOMOGRAFIA COMPUTADORIZADA DE PELVE / BACIA / ABDOMEN INFERIOR;00125300006;MEDICOS SUS;22.05.2026;07:15;0;700409916074446;DARCI GUEDIN;02.04.1961;65;783;ORTENILIA BATISTI GUEDIN;RUA;ESPIRITO SANTO;;794;CENTRO;79490000;(67)9962-1888;SAO GABRIEL DO OESTE;500769;SAO GABRIEL DO OESTE;500769;2370972;UNIDADE DE SAUDE DA FAMILIA MILANE II;M;19.05.2026;FLAVIA_RODRIGUES;21.05.2026;CLEIDIANE_REGULADOR;138.63;CONFIRMADO;R194;02453491113;MILENA GUEDIN VARGAS
668579623;0282063;0301010072;CONSULTA EM OTORRINOLARINGOLOGIA;78877326115;ANA PAULA CAVALIERI PONTES;22.05.2026;07:00;0;700209484600525;DIRCE PEDROZO;12.11.1955;70;847;MAGNOLIA TEIXEIRA CARVALHO;RUA;CURRUIRAS;CASA;1727;FENIX;79490000;(67)99818-0880;SAO GABRIEL DO OESTE;500769;SAO GABRIEL DO OESTE;500769;6452116;CENTRO DE ESPECIALIDADES MEDICAS;F;20.05.2026;FERNANDACRISTINAALVES;20.05.2026;FERNANDACRISTINAALVES;10.00;CONFIRMADO;Z016;78877326115;ANA PAULA CAVALIERI PONTES
668590076;0108001;0205010032;ECOCARDIOGRAMA TRANSTORACICO;01110123175;ELY DONIZETH DE ASSIS JUNIOR;26.05.2026;13:00;0;705604407040416;MORGANA DA SILVA;26.09.1986;39;477;LEONTINA URBANO DA SILVA;RUA;SANTO ANGELO;;272;MILANI;79492092;(67)99917-5767;SAO GABRIEL DO OESTE;500769;SAO GABRIEL DO OESTE;500769;6452116;CENTRO DE ESPECIALIDADES MEDICAS;F;20.05.2026;FERNANDACRISTINAALVES;20.05.2026;FERNANDACRISTINAALVES;67.86;CONFIRMADO;I10;01110123175;ELY DONIZETH DE ASSIS JUNIOR
668591267;0282063;0301010072;CONSULTA EM OTORRINOLARINGOLOGIA;78877326115;ANA PAULA CAVALIERI PONTES;22.05.2026;06:00;1;700800928832985;IZAEL RODRIGUES GAMA;21.05.1980;46;553;ANTONIA RODRIGUES SOARES;RUA;DAS CURRUIRAS 1466/99999;;1872;FENIX;79491086;(67)99877-9234 / (67)99940-6334;SAO GABRIEL DO OESTE;500769;SAO GABRIEL DO OESTE;500769;2370999;UNIDADE DE SAUDE DA FAMILIA FENIX IV;M;20.05.2026;GUSTAVO_PIAIA;20.05.2026;GUSTAVO_PIAIA;10.00;CONFIRMADO;Z000;;ANA PAULA CAVALIEN PONTES
668591944;0320003;0211020036;ELETROCARDIOGRAMA;01110123175;ELY DONIZETH DE ASSIS JUNIOR;22.05.2026;08:00;0;700208433179120;PEDRO EUFAZIO FERREIRA DOS SANTOS;19.01.1960;66;797;JANE TEREZINHA FERREIRA DOS SANTOS;RUA;PELICANOS;;1142;JARDIM GRAMADO;79491004;(67)99929-9877;SAO GABRIEL DO OESTE;500769;SAO GABRIEL DO OESTE;500769;6452116;CENTRO DE ESPECIALIDADES MEDICAS;M;20.05.2026;FERNANDACRISTINAALVES;20.05.2026;FERNANDACRISTINAALVES;5.15;PENDENTE;Z00;70808015087;CELIO HELEGDA
668599135;0127019;0205010032;ECODOPPLERCARDIOGRAMA COM ESTRESSE FARMACOLOGICO;01110123175;ELY DONIZETH DE ASSIS JUNIOR;25.05.2026;13:30;0;706308760378272;GILBERTO SCHWANTES;04.10.1950;75;909;BERTHA SCHWANTES;RUA;FILINTO MULLER;;285;MILANI;79492100;(67)99907-8630;SAO GABRIEL DO OESTE;500769;SAO GABRIEL DO OESTE;500769;6452116;CENTRO DE ESPECIALIDADES MEDICAS;M;20.05.2026;FERNANDACRISTINAALVES;20.05.2026;FERNANDACRISTINAALVES;67.86;CONFIRMADO;Z016;01110123175;ELY DONIZETH DE ASSIS JUNIOR
668605993;0015001;0301010072;CONSULTA EM OFTALMOLOGIA GERAL;45183520097;JONI HILDOR SCHWEICKARDT;28.05.2026;16:00;0;700003690190902;NOAH DE MELO PEREIRA;04.03.2021;05;64;ISABELA DE MELO GONZAGA;FAZENDA;PONTO ALTO;;S/N;AREA RURAL DE SAO GABRIEL DO OESTE;79493899;(67)99943-2830;SAO GABRIEL DO OESTE;500769;SAO GABRIEL DO OESTE;500769;3400964;UNIDADE DE SAUDE DA FAMILIA RURAL VII;M;20.05.2026;DULCINEIA_MOCCELIN;20.05.2026;DULCINEIA_MOCCELIN;10.00;CONFIRMADO;Z010;02453491113;MILENA GUEDIN VARGAS
668609053;1703204;0211020044;HOLTER 24 HORAS;01110123175;ELY DONIZETH DE ASSIS JUNIOR;28.05.2026;09:00;0;703400288253219;CACEMIRO BORTOLI;27.02.1961;65;784;MARIA JOSE DE LIMA;RUA;SANTA ANA;CASA;210;MILANI;79490000;(67)9656-5870 / (67)99694-6713;SAO GABRIEL DO OESTE;500769;SAO GABRIEL DO OESTE;500769;6452116;CENTRO DE ESPECIALIDADES MEDICAS;M;20.05.2026;FERNANDACRISTINAALVES;20.05.2026;FERNANDACRISTINAALVES;30.00;CONFIRMADO;Z016;01110123175;ELY DONIZETH DE ASSIS JUNIOR
668609331;0127019;0205010032;ECODOPPLERCARDIOGRAMA COM ESTRESSE FARMACOLOGICO;01110123175;ELY DONIZETH DE ASSIS JUNIOR;25.05.2026;13:30;0;703400288253219;CACEMIRO BORTOLI;27.02.1961;65;784;MARIA JOSE DE LIMA;RUA;SANTA ANA;CASA;210;MILANI;79490000;(67)9656-5870 / (67)99694-6713;SAO GABRIEL DO OESTE;500769;SAO GABRIEL DO OESTE;500769;6452116;CENTRO DE ESPECIALIDADES MEDICAS;M;20.05.2026;FERNANDACRISTINAALVES;20.05.2026;FERNANDACRISTINAALVES;67.86;CONFIRMADO;Z016;01110123175;ELY DONIZETH DE ASSIS JUNIOR
668609901;0077026;0205010040;ULTRA-SONOGRAFIA DOPPLER DE CAROTIDAS E VERTEBRAIS;01110123175;ELY DONIZETH DE ASSIS JUNIOR;25.05.2026;09:00;0;703400288253219;CACEMIRO BORTOLI;27.02.1961;65;784;MARIA JOSE DE LIMA;RUA;SANTA ANA;CASA;210;MILANI;79490000;(67)9656-5870 / (67)99694-6713;SAO GABRIEL DO OESTE;500769;SAO GABRIEL DO OESTE;500769;6452116;CENTRO DE ESPECIALIDADES MEDICAS;M;20.05.2026;FERNANDACRISTINAALVES;20.05.2026;FERNANDACRISTINAALVES;39.60;CONFIRMADO;Z016;01110123175;ELY DONIZETH DE ASSIS JUNIOR
668610064;0108001;0205010032;ECOCARDIOGRAMA TRANSTORACICO;01110123175;ELY DONIZETH DE ASSIS JUNIOR;27.05.2026;09:00;0;703400288253219;CACEMIRO BORTOLI;27.02.1961;65;784;MARIA JOSE DE LIMA;RUA;SANTA ANA;CASA;210;MILANI;79490000;(67)9656-5870 / (67)99694-6713;SAO GABRIEL DO OESTE;500769;SAO GABRIEL DO OESTE;500769;6452116;CENTRO DE ESPECIALIDADES MEDICAS;M;20.05.2026;FERNANDACRISTINAALVES;20.05.2026;FERNANDACRISTINAALVES;67.86;CONFIRMADO;Z016;01110123175;ELY DONIZETH DE ASSIS JUNIOR
668630217;0505002;0211020052;MONITORIZACAO AMBULATORIAL DE PRESSAO ARTERIAL (M.A.P.A)                                            ;01110123175;ELY DONIZETH DE ASSIS JUNIOR;29.05.2026;09:00;0;704201286103881;MARIA JOSE RODRIGUES;11.05.1969;57;685;OTACILIA AURELIANA DA SILVA;FAZENDA;SÃO RAFAEL;CASA;S/N;MERCEDEZ;78563000;(67)99642-3635;TABAPORA;510794;SAO GABRIEL DO OESTE;500769;6452116;CENTRO DE ESPECIALIDADES MEDICAS;F;20.05.2026;FERNANDACRISTINAALVES;20.05.2026;FERNANDACRISTINAALVES;10.07;CONFIRMADO;Z016;01110123175;ELY DONIZETH DE ASSIS JUNIOR
668631167;0320003;0211020036;ELETROCARDIOGRAMA;01110123175;ELY DONIZETH DE ASSIS JUNIOR;22.05.2026;08:00;0;707403082104078;MARGARIDA MARCONDES ROLIM;04.11.1958;67;812;OLIDIA DE LEMOS MARCONDES;RUA;JORGE AMADO;;638;PRIMO MAFFISSONI;79490000;(67)99995-2072;SAO GABRIEL DO OESTE;500769;SAO GABRIEL DO OESTE;500769;6354265;CENTRAL DE REGULACAO DE SAO GABRIEL DO OESTE;F;20.05.2026;THAYANA_SAOGABRIEL;20.05.2026;THAYANA_SAOGABRIEL;5.15;PENDENTE;I10;65742103653;SOLICITANTE_SAO GABRIEL DO OESTE
668634099;0282063;0301010072;CONSULTA EM OTORRINOLARINGOLOGIA;78877326115;ANA PAULA CAVALIERI PONTES;22.05.2026;07:00;0;705007466233452;EMANUELLE COELHO VARGAS;08.02.2011;15;184;ELIS SANDRA COELHO MOREL;RUA;MINAS GERAIS;CASA;2129;CENTRO;79490011;(67)99859-0204 / (67)99859-0204 / (67)99859-0204;SAO GABRIEL DO OESTE;500769;SAO GABRIEL DO OESTE;500769;2599376;UNIDADE DE SAUDE DA FAMILIA VI;F;20.05.2026;MARIANA_MARTINS;20.05.2026;MARIANA_MARTINS;10.00;CONFIRMADO;J310;;PAULO FENELON
668638307;0077026;0205010040;ULTRA-SONOGRAFIA DOPPLER DE CAROTIDAS E VERTEBRAIS;01110123175;ELY DONIZETH DE ASSIS JUNIOR;27.05.2026;13:00;0;704502620522520;MARIA LUZIA ALMEIDA DA SILVA;13.12.1967;58;702;OTACILIA ALMEIDA DA SILVA;RUA;PARANA;;1270;CENTRO;79490000;(67)9999-0276;SAO GABRIEL DO OESTE;500769;SAO GABRIEL DO OESTE;500769;6452116;CENTRO DE ESPECIALIDADES MEDICAS;F;20.05.2026;FERNANDACRISTINAALVES;20.05.2026;FERNANDACRISTINAALVES;39.60;CONFIRMADO;Z016;01110123175;ELY DONIZETH DE ASSIS JUNIOR
668638815;0108001;0205010032;ECOCARDIOGRAMA TRANSTORACICO;01110123175;ELY DONIZETH DE ASSIS JUNIOR;27.05.2026;13:00;0;704502620522520;MARIA LUZIA ALMEIDA DA SILVA;13.12.1967;58;702;OTACILIA ALMEIDA DA SILVA;RUA;PARANA;;1270;CENTRO;79490000;(67)9999-0276;SAO GABRIEL DO OESTE;500769;SAO GABRIEL DO OESTE;500769;6452116;CENTRO DE ESPECIALIDADES MEDICAS;F;20.05.2026;FERNANDACRISTINAALVES;20.05.2026;FERNANDACRISTINAALVES;67.86;CONFIRMADO;Z016;01110123175;ELY DONIZETH DE ASSIS JUNIOR
668665702;0282063;0301010072;CONSULTA EM OTORRINOLARINGOLOGIA;78877326115;ANA PAULA CAVALIERI PONTES;22.05.2026;07:00;0;704108425112350;ERIC CALDEIRA DA FONSECA;20.02.2020;06;76;JULIANA JUNQUEIRA MARQUES CALDEIRA FONSECA;AVENIDA;MATO GROSSO DO SUL;;679;CENTRO;79490000;(67)99907-9908;SAO GABRIEL DO OESTE;500769;SAO GABRIEL DO OESTE;500769;2591359;UNIDADE DE SAUDE DA FAMILIA V;M;20.05.2026;CHRISTIANEHELEN_FREITAS;20.05.2026;CHRISTIANEHELEN_FREITAS;10.00;CONFIRMADO;H605;04796956107;JULIANA DA ROCHA PEREIRA MENEZES
668677483;0110002;0301010072;CONSULTA EM ORTOPEDIA - GERAL;89074033172;ROGERIO PADOVANI TOFFOLI;22.05.2026;12:30;0;708204175460649;CIBELE GABRIELE ANTUNES ALVES;22.12.2003;22;270;ANDREIA ANTUNES DE OLIVEIRA;RUA;RAIMUNDO PRADO;CASA 1;1141;CENTRO;79490000;(67)99809-4950;SAO GABRIEL DO OESTE;500769;SAO GABRIEL DO OESTE;500769;2599376;UNIDADE DE SAUDE DA FAMILIA VI;F;20.05.2026;MARIANA_MARTINS;20.05.2026;VANIA_MARIANO;10.00;CONFIRMADO;M255;;PAULO FENELON
668682491;0282063;0301010072;CONSULTA EM OTORRINOLARINGOLOGIA;78877326115;ANA PAULA CAVALIERI PONTES;22.05.2026;07:00;0;704207217594281;LUCAS DE MELO SILVA;03.08.2010;15;191;CARLA DOS SANTOS DE MELO;AVENIDA;MATO GROSSO DO SUL;;2483;CENTRO;79490000;(67)99323-7787 / (67)99126-2822;SAO GABRIEL DO OESTE;500769;SAO GABRIEL DO OESTE;500769;2599376;UNIDADE DE SAUDE DA FAMILIA VI;M;20.05.2026;MARIANA_MARTINS;20.05.2026;MARIANA_MARTINS;10.00;CONFIRMADO;J303;06437691107;MAIARA FLORES SCARIOT
668683295;1703204;0211020044;HOLTER 24 HORAS;01110123175;ELY DONIZETH DE ASSIS JUNIOR;29.05.2026;09:00;0;702507353276335;ODAIR DE FREITAS FERREIRA;17.01.1955;71;857;LYDIA FRANCISCA DE FREITAS;RUA;CURICACA;CASA;485;GRAMADO;79490000;(67)99647-0772;SAO GABRIEL DO OESTE;500769;SAO GABRIEL DO OESTE;500769;6452116;CENTRO DE ESPECIALIDADES MEDICAS;M;20.05.2026;FERNANDACRISTINAALVES;20.05.2026;FERNANDACRISTINAALVES;30.00;PENDENTE;Z016;01110123175;ELY DONIZETH DE ASSIS JUNIOR
668691385;0320003;0211020036;ELETROCARDIOGRAMA;01110123175;ELY DONIZETH DE ASSIS JUNIOR;22.05.2026;08:00;0;706707534874111;ELISANDRA DE OLIVEIRA BRANDAO;23.06.2004;22;264;ROSANGELA COSTA DE OLIVEIRA BRANDAO;RUA;CAMBARA;;248;SAO CRISTOVAO;79490000;(67)9964-9394;SAO GABRIEL DO OESTE;500769;SAO GABRIEL DO OESTE;500769;7002084;UNIDADE DE SAUDE DA FAMILIA IX;F;20.05.2026;AMANDALUIZA_BIAZUS;20.05.2026;AMANDALUIZA_BIAZUS;5.15;PENDENTE;Z000;;ALCIDES EDUARDO EIBEL 
668705410;0110002;0301010072;CONSULTA EM ORTOPEDIA - GERAL;89074033172;ROGERIO PADOVANI TOFFOLI;22.05.2026;12:30;0;700003851564507;ANDRIELE CRISTINA CARDOSO;12.11.1989;36;439;GENI CARDOSO;RUA;OSORIO RODRIGUES DA SILVA;CASA;1581;JARDIM ALVORADA;79490000;(67)99855-1338;SAO GABRIEL DO OESTE;500769;SAO GABRIEL DO OESTE;500769;6452116;CENTRO DE ESPECIALIDADES MEDICAS;F;20.05.2026;ARI_CEM;20.05.2026;VANIA_MARIANO;10.00;PENDENTE;Z00;;MEDICO SUS
668706851;2300004;0301010072;CONSULTA EM CARDIOLOGIA;01110123175;ELY DONIZETH DE ASSIS JUNIOR;26.05.2026;06:30;0;700007514157209;VALDECIR NATAL ANDREAZZA;10.08.1953;72;874;IRENE LAZZAROTTO ANDREAZZA;RUA CIRCULAR;RONDONIA;;733;CENTRO;79490039;(67)99686-2732;SAO GABRIEL DO OESTE;500769;SAO GABRIEL DO OESTE;500769;6452116;CENTRO DE ESPECIALIDADES MEDICAS;M;20.05.2026;FERNANDACRISTINAALVES;20.05.2026;VANIA_MARIANO;10.00;CONFIRMADO;Z016;01110123175;ELY DONIZETH DE ASSIS JUNIOR
668766512;2300004;0301010072;CONSULTA EM CARDIOLOGIA;01110123175;ELY DONIZETH DE ASSIS JUNIOR;25.05.2026;06:30;0;706003301682840;FLODOALDO PEREIRA DE SOUZA;05.04.1945;81;975;DIBERALINA FURTADO DE SOUZA;CHACARA;BOA FORTUNA;;S/N;ZONA RURAL;79490000;(67)99994-5837;SAO GABRIEL DO OESTE;500769;SAO GABRIEL DO OESTE;500769;3400964;UNIDADE DE SAUDE DA FAMILIA RURAL VII;M;20.05.2026;DULCINEIA_MOCCELIN;20.05.2026;DULCINEIA_MOCCELIN;10.00;CONFIRMADO;I10;02453491113;MILENA GUEDIN VARGAS
668784698;0282063;0301010072;CONSULTA EM OTORRINOLARINGOLOGIA;78877326115;ANA PAULA CAVALIERI PONTES;22.05.2026;06:00;0;706401336058390;MIGUEL RODRIGUES DA FONSECA SALES;18.11.2016;09;115;JOYCE DINAILA RODRIGUES DA FONSECA;RUA;TUIUIU;;1801;FENIX;79490000;(67)99964-3857;SAO GABRIEL DO OESTE;500769;SAO GABRIEL DO OESTE;500769;6354265;CENTRAL DE REGULACAO DE SAO GABRIEL DO OESTE;M;20.05.2026;VANIA_MARIANO;20.05.2026;VANIA_MARIANO;10.00;CONFIRMADO;Z011;;VANIA GOMES MARIANO
668787106;0015001;0301010072;CONSULTA EM OFTALMOLOGIA GERAL;45183520097;JONI HILDOR SCHWEICKARDT;28.05.2026;16:00;0;706401336058390;MIGUEL RODRIGUES DA FONSECA SALES;18.11.2016;09;115;JOYCE DINAILA RODRIGUES DA FONSECA;RUA;TUIUIU;;1801;FENIX;79490000;(67)99964-3857;SAO GABRIEL DO OESTE;500769;SAO GABRIEL DO OESTE;500769;6452116;CENTRO DE ESPECIALIDADES MEDICAS;M;20.05.2026;CLEIDIANE_CEM;20.05.2026;CLEIDIANE_CEM;10.00;CONFIRMADO;Z010;;VANIA GOMES MARIANO
668794902;0320003;0211020036;ELETROCARDIOGRAMA;01110123175;ELY DONIZETH DE ASSIS JUNIOR;22.05.2026;14:00;0;709205240608535;ROSENI DA SILVA GOMES;03.07.1962;64;768;SEBASTIANA SOARES DE OLIVEIRA;RUA;DOS PARDAIS;;1431;FENIX;79490000;(67)99634-8462;SAO GABRIEL DO OESTE;500769;SAO GABRIEL DO OESTE;500769;7002084;UNIDADE DE SAUDE DA FAMILIA IX;F;20.05.2026;AMANDALUIZA_BIAZUS;20.05.2026;AMANDALUIZA_BIAZUS;5.15;PENDENTE;Z000;;CELIO HELEGDA
668802260;0320174;0301010072;CONSULTA EM PNEUMOLOGIA - GERAL;09028429603;BERNARDO MEDEIROS MAIA;26.05.2026;14:00;0;707801622487111;IARA JOSE SEVERO SOARES;19.09.1961;64;777;MARIA MARCELINO SEVERO;RUA;ARAÇA;;366;FLOR DO CERRADO;79490000;(67)99612-6037;SAO GABRIEL DO OESTE;500769;SAO GABRIEL DO OESTE;500769;6354265;CENTRAL DE REGULACAO DE SAO GABRIEL DO OESTE;F;20.05.2026;VANIA_MARIANO;20.05.2026;VANIA_MARIANO;10.00;CONFIRMADO;J44;00125300006;MEDICOS SUS
668806879;0320003;0211020036;ELETROCARDIOGRAMA;01110123175;ELY DONIZETH DE ASSIS JUNIOR;22.05.2026;14:00;0;702108746087192;ANTONIO CLEITON PEREIRA;30.04.1985;41;494;MARIA LINDALVA PEREIRA;RUA;GOIÁS;;2423;AMABILE MAFFISSONI;79490098;(67)99959-2158;SAO GABRIEL DO OESTE;500769;SAO GABRIEL DO OESTE;500769;2599376;UNIDADE DE SAUDE DA FAMILIA VI;M;20.05.2026;MARIANA_MARTINS;20.05.2026;MARIANA_MARTINS;5.15;PENDENTE;Z10;;PAULO FENELON
668810464;0127019;0205010032;ECODOPPLERCARDIOGRAMA COM ESTRESSE FARMACOLOGICO;01110123175;ELY DONIZETH DE ASSIS JUNIOR;25.05.2026;13:30;0;703205692311698;CINTHIA NAYARA DA SILVA SOUZA;29.11.1991;34;415;CREUZA PEREIRA DA SILVA;RUA;G;CASA;355;CIDADE JARDIM;79492126;(67)99997-6873;SAO GABRIEL DO OESTE;500769;SAO GABRIEL DO OESTE;500769;6452116;CENTRO DE ESPECIALIDADES MEDICAS;F;20.05.2026;FERNANDACRISTINAALVES;20.05.2026;FERNANDACRISTINAALVES;67.86;CONFIRMADO;Z00;01110123175;ELY DONIZETH DE ASSIS JUNIOR
668830662;0701866;0301010072;CONSULTA EM ONCOLOGIA;36830507804;JAIRO COLEONE QUINELATO;21.05.2026;13:00;0;702308143125112;ADAO CUSTODIO DE SANTANA;15.09.1964;61;741;ALDIVINA FRANCISCA APARECIDA;CHACARA;CACHOEIRA LOTE 159 ITAQUI;ASSENTAMENTO;S/N;ZONA RURAL;79490000;(67)99946-6928;SAO GABRIEL DO OESTE;500769;SAO GABRIEL DO OESTE;500769;6354265;CENTRAL DE REGULACAO DE SAO GABRIEL DO OESTE;M;20.05.2026;CLEIDIANE_REGULADOR;20.05.2026;CLEIDIANE_REGULADOR;10.00;CONFIRMADO;Z00;65742103653;SOLICITANTE_SAO GABRIEL DO OESTE
668831741;0701866;0301010072;CONSULTA EM ONCOLOGIA;36830507804;JAIRO COLEONE QUINELATO;21.05.2026;13:00;0;707604218322194;DAIZA LETICIA DOS SANTOS SOARES;12.05.1996;30;361;LUCILA RODRIGUES DOS SANTOS;RUA;F;;272;CIDADE JARDIM;79492124;(67)99923-8720;SAO GABRIEL DO OESTE;500769;SAO GABRIEL DO OESTE;500769;6354265;CENTRAL DE REGULACAO DE SAO GABRIEL DO OESTE;F;20.05.2026;CLEIDIANE_REGULADOR;20.05.2026;CLEIDIANE_REGULADOR;10.00;CONFIRMADO;Z00;65742103653;SOLICITANTE_SAO GABRIEL DO OESTE
668832159;0701866;0301010072;CONSULTA EM ONCOLOGIA;36830507804;JAIRO COLEONE QUINELATO;21.05.2026;13:00;0;708400271648763;VALERIA APARECIDA DOS SANTOS;31.03.1986;40;483;MARIA APARECIDA ALVIM SILVA;LOTEAMENTO;CHACARA J V;ASSENT PATATIVA;217;ZONA RURAL;79490000;(67)99609-7756;SAO GABRIEL DO OESTE;500769;SAO GABRIEL DO OESTE;500769;6354265;CENTRAL DE REGULACAO DE SAO GABRIEL DO OESTE;F;20.05.2026;CLEIDIANE_REGULADOR;20.05.2026;CLEIDIANE_REGULADOR;10.00;CONFIRMADO;Z00;65742103653;SOLICITANTE_SAO GABRIEL DO OESTE
668832306;0701866;0301010072;CONSULTA EM ONCOLOGIA;36830507804;JAIRO COLEONE QUINELATO;21.05.2026;13:00;0;700501736446150;JAIR DO NASCIMENTO MONTESSI;30.11.1955;70;847;CONCEICAO DO NASCIMENTO MONTESSI;RUA;ANHUMAS;;1086;JARDIM GRAMADO;79490000;(67)9903-6119;SAO GABRIEL DO OESTE;500769;SAO GABRIEL DO OESTE;500769;6354265;CENTRAL DE REGULACAO DE SAO GABRIEL DO OESTE;M;20.05.2026;CLEIDIANE_REGULADOR;20.05.2026;CLEIDIANE_REGULADOR;10.00;CONFIRMADO;Z00;65742103653;SOLICITANTE_SAO GABRIEL DO OESTE
668833312;0701866;0301010072;CONSULTA EM ONCOLOGIA;36830507804;JAIRO COLEONE QUINELATO;21.05.2026;13:00;0;705004846074051;NEIDE CONCEICAO LUZ DE SOUZA;21.05.1962;64;769;ORELINA MARIA DA CONCEICAO;RUA;JURITI;CASA;191;FENIX;79490000;(67)9937-8969;SAO GABRIEL DO OESTE;500769;SAO GABRIEL DO OESTE;500769;6354265;CENTRAL DE REGULACAO DE SAO GABRIEL DO OESTE;F;20.05.2026;CLEIDIANE_REGULADOR;20.05.2026;CLEIDIANE_REGULADOR;10.00;CONFIRMADO;Z00;65742103653;SOLICITANTE_SAO GABRIEL DO OESTE
668833567;0701866;0301010072;CONSULTA EM ONCOLOGIA;36830507804;JAIRO COLEONE QUINELATO;21.05.2026;13:00;0;700608487110664;ODAIR DO NASCIMENTO MONTESSI;26.12.1956;69;834;CONCEICAO DO NASCIMENTO MONTESSI;RUA;CURIO;;878;JARDIM GRAMADO;79490000;(67)9621-8633;SAO GABRIEL DO OESTE;500769;SAO GABRIEL DO OESTE;500769;6354265;CENTRAL DE REGULACAO DE SAO GABRIEL DO OESTE;M;20.05.2026;CLEIDIANE_REGULADOR;20.05.2026;CLEIDIANE_REGULADOR;10.00;CONFIRMADO;Z00;65742103653;SOLICITANTE_SAO GABRIEL DO OESTE
668833869;0701866;0301010072;CONSULTA EM ONCOLOGIA;36830507804;JAIRO COLEONE QUINELATO;21.05.2026;13:00;0;700508387633356;HELENA MARIA DA ROCHA;07.08.1971;54;659;MARIA PETRONILIA DO CARMO;RUA;ESPIRITO SANTO;;3241;CENTRO;79490000;(67)99872-0592;SAO GABRIEL DO OESTE;500769;SAO GABRIEL DO OESTE;500769;6354265;CENTRAL DE REGULACAO DE SAO GABRIEL DO OESTE;F;20.05.2026;CLEIDIANE_REGULADOR;20.05.2026;CLEIDIANE_REGULADOR;10.00;CONFIRMADO;Z00;65742103653;SOLICITANTE_SAO GABRIEL DO OESTE
668834088;0701866;0301010072;CONSULTA EM ONCOLOGIA;36830507804;JAIRO COLEONE QUINELATO;21.05.2026;13:00;0;704201785483388;ANATERCE VIEIRA DE CARVALHO;25.07.1973;52;635;FRANCISCA VIEIRA GONCALVES;RUA;AZULÃO;;1204;CONJUNTO FENIX;79490000;(67)99602-0026;SAO GABRIEL DO OESTE;500769;SAO GABRIEL DO OESTE;500769;6354265;CENTRAL DE REGULACAO DE SAO GABRIEL DO OESTE;F;20.05.2026;CLEIDIANE_REGULADOR;20.05.2026;CLEIDIANE_REGULADOR;10.00;CONFIRMADO;Z00;65742103653;SOLICITANTE_SAO GABRIEL DO OESTE
668834273;0701866;0301010072;CONSULTA EM ONCOLOGIA;36830507804;JAIRO COLEONE QUINELATO;21.05.2026;13:00;0;704206227578083;JOAO HAAS;13.04.1959;67;806;LIDIA HAAS;RUA;ALAGOAS;;2655;CENTRO;79490000;(67)99637-8841;SAO GABRIEL DO OESTE;500769;SAO GABRIEL DO OESTE;500769;6354265;CENTRAL DE REGULACAO DE SAO GABRIEL DO OESTE;M;20.05.2026;CLEIDIANE_REGULADOR;20.05.2026;CLEIDIANE_REGULADOR;10.00;CONFIRMADO;Z00;65742103653;SOLICITANTE_SAO GABRIEL DO OESTE
668834424;0701866;0301010072;CONSULTA EM ONCOLOGIA;36830507804;JAIRO COLEONE QUINELATO;21.05.2026;13:00;0;704006398832865;TEREZINHA FRANCISCA DE SOUZA;04.04.1964;62;747;EVA AGENCIA DIONIZIO;CHACARA;NOSSA SENHORA APARECIDA;;S/N;ZONA RURAL;79490000;(61)3315-2425;SAO GABRIEL DO OESTE;500769;SAO GABRIEL DO OESTE;500769;6354265;CENTRAL DE REGULACAO DE SAO GABRIEL DO OESTE;F;20.05.2026;CLEIDIANE_REGULADOR;20.05.2026;CLEIDIANE_REGULADOR;10.00;CONFIRMADO;Z00;65742103653;SOLICITANTE_SAO GABRIEL DO OESTE
668834547;0701866;0301010072;CONSULTA EM ONCOLOGIA;36830507804;JAIRO COLEONE QUINELATO;21.05.2026;13:00;0;700006138395004;FRAZILIO VIEIRA MOURA;20.12.1959;66;798;EMILIA VIEIRA MOURA;RUA;IRIO MOLINARI;;62;CENTRO;79490000;(67)99974-7925;SAO GABRIEL DO OESTE;500769;SAO GABRIEL DO OESTE;500769;6354265;CENTRAL DE REGULACAO DE SAO GABRIEL DO OESTE;M;20.05.2026;CLEIDIANE_REGULADOR;20.05.2026;CLEIDIANE_REGULADOR;10.00;CONFIRMADO;Z00;65742103653;SOLICITANTE_SAO GABRIEL DO OESTE
668834685;0701866;0301010072;CONSULTA EM ONCOLOGIA;36830507804;JAIRO COLEONE QUINELATO;21.05.2026;13:00;0;704200226345381;ARCEBIO AZEVEDO DE SOUZA;27.10.1970;55;668;ELIANAR DE AZEVEDO DE SOUZA;RUA;TOCANTINS;;181;AMABILE MAFFISSONI;79490000;(67)99625-4821 / (67)99739-7820 / (67)99995-6872;SAO GABRIEL DO OESTE;500769;SAO GABRIEL DO OESTE;500769;6354265;CENTRAL DE REGULACAO DE SAO GABRIEL DO OESTE;M;20.05.2026;CLEIDIANE_REGULADOR;20.05.2026;CLEIDIANE_REGULADOR;10.00;CONFIRMADO;Z00;65742103653;SOLICITANTE_SAO GABRIEL DO OESTE
668834817;0701866;0301010072;CONSULTA EM ONCOLOGIA;36830507804;JAIRO COLEONE QUINELATO;21.05.2026;13:00;0;700801984313980;IVA TURKIEVICZ;20.01.1955;71;857;ANNA TURKIEVICZ;RUA;SANTA MARIA;CHACARA;26;MILANI;79490000;(67)98172-0251;SAO GABRIEL DO OESTE;500769;SAO GABRIEL DO OESTE;500769;6354265;CENTRAL DE REGULACAO DE SAO GABRIEL DO OESTE;F;20.05.2026;CLEIDIANE_REGULADOR;20.05.2026;CLEIDIANE_REGULADOR;10.00;CONFIRMADO;Z00;65742103653;SOLICITANTE_SAO GABRIEL DO OESTE
668835015;0701866;0301010072;CONSULTA EM ONCOLOGIA;36830507804;JAIRO COLEONE QUINELATO;21.05.2026;13:00;0;704107177926174;MAIRA CRISTINA RIBEIRO VIEIRA CARDOSO;29.04.1974;52;626;MADALENA RIBEIRO DE SOUZA VIEIRA;RUA;RIO DE JANEIRO;;2129;CENTRO;79490000;(67)9963-6834;SAO GABRIEL DO OESTE;500769;SAO GABRIEL DO OESTE;500769;6354265;CENTRAL DE REGULACAO DE SAO GABRIEL DO OESTE;F;20.05.2026;CLEIDIANE_REGULADOR;20.05.2026;CLEIDIANE_REGULADOR;10.00;CONFIRMADO;Z00;65742103653;SOLICITANTE_SAO GABRIEL DO OESTE
668835901;0701866;0301010072;CONSULTA EM ONCOLOGIA;36830507804;JAIRO COLEONE QUINELATO;21.05.2026;13:00;0;703404298150319;APARECIDO BARBOSA DOS SANTOS;23.04.1967;59;710;JOSEFA BARBOSA DOS SANTOS;AREA;LATERAL DO NUCLEO;ASSENTAMENTO C;67;AREA RURAL DE SAO GABRIEL DO OESTE;79493899;(67)99715-2929;SAO GABRIEL DO OESTE;500769;SAO GABRIEL DO OESTE;500769;6354265;CENTRAL DE REGULACAO DE SAO GABRIEL DO OESTE;M;20.05.2026;CLEIDIANE_REGULADOR;20.05.2026;CLEIDIANE_REGULADOR;10.00;CONFIRMADO;Z00;65742103653;SOLICITANTE_SAO GABRIEL DO OESTE
668836053;0701866;0301010072;CONSULTA EM ONCOLOGIA;36830507804;JAIRO COLEONE QUINELATO;21.05.2026;13:00;0;702506394209038;EDSON ANDRADE OLIVEIRA;15.12.1982;43;522;MARIA ANDRADE DE OLIVEIRA;RUA;SAO JORGE;CASA 26;215;PRIMO MAFFISSONI;79490000;(67)9911-2888;SAO GABRIEL DO OESTE;500769;SAO GABRIEL DO OESTE;500769;6354265;CENTRAL DE REGULACAO DE SAO GABRIEL DO OESTE;M;20.05.2026;CLEIDIANE_REGULADOR;20.05.2026;CLEIDIANE_REGULADOR;10.00;CONFIRMADO;Z00;65742103653;SOLICITANTE_SAO GABRIEL DO OESTE
668836177;0701866;0301010072;CONSULTA EM ONCOLOGIA;36830507804;JAIRO COLEONE QUINELATO;21.05.2026;13:00;0;702006855145087;VIRGINIA JESUINA DE FREITAS BRAGA;10.02.1944;82;988;ELVIRA JESUINA DE FREITAS DA SILVA;RUA;COLIBRI;CASA 1;104;FENIX;79490000;(67)99642-4889;SAO GABRIEL DO OESTE;500769;SAO GABRIEL DO OESTE;500769;6354265;CENTRAL DE REGULACAO DE SAO GABRIEL DO OESTE;F;20.05.2026;CLEIDIANE_REGULADOR;20.05.2026;CLEIDIANE_REGULADOR;10.00;PENDENTE;Z00;65742103653;SOLICITANTE_SAO GABRIEL DO OESTE
668836460;0701866;0301010072;CONSULTA EM ONCOLOGIA;36830507804;JAIRO COLEONE QUINELATO;21.05.2026;13:00;0;705007274311455;MANOEL FRANCISCO CAVALCANTI;22.07.1951;74;899;SEVERINA FELICIANA CAVALCANTI;RUA;TUIUIU;;865;JARDIM GRAMADO;79490000;(67)99836-4057;SAO GABRIEL DO OESTE;500769;SAO GABRIEL DO OESTE;500769;6354265;CENTRAL DE REGULACAO DE SAO GABRIEL DO OESTE;M;20.05.2026;CLEIDIANE_REGULADOR;20.05.2026;CLEIDIANE_REGULADOR;10.00;CONFIRMADO;Z00;65742103653;SOLICITANTE_SAO GABRIEL DO OESTE
668840277;0110002;0301010072;CONSULTA EM ORTOPEDIA - GERAL;00468987193;ARTHUR MARTINS DE ALMEIDA;26.05.2026;06:30;0;704005813139068;LUCIANA PEREIRA DA SILVA;06.02.1972;54;653;BEATRIZ PEREIRA DA SILVA;RUA;TANGARA;;70;FENIX;79491106;(16)99341-3447;SAO GABRIEL DO OESTE;500769;SAO GABRIEL DO OESTE;500769;6452116;CENTRO DE ESPECIALIDADES MEDICAS;F;20.05.2026;FERNANDACRISTINAALVES;21.05.2026;VANIA_MARIANO;10.00;CONFIRMADO;Z016;00468987193;ARTHUR MARTINS DE ALMEIDA
668844214;0701866;0301010072;CONSULTA EM ONCOLOGIA;36830507804;JAIRO COLEONE QUINELATO;21.05.2026;13:00;0;706404672705382;PEDRO LELIS GONCALVES;13.11.1933;92;1111;MARIA FRANCISCA GONCALVES;RUA;DAVI FERREIRA DA CUNHA;CHACARA 04;S/N;JARDIM PRIMAVERA;79490000;(67)99825-2777;SAO GABRIEL DO OESTE;500769;SAO GABRIEL DO OESTE;500769;6354265;CENTRAL DE REGULACAO DE SAO GABRIEL DO OESTE;M;20.05.2026;CENTRAL_REGULADOR;20.05.2026;CENTRAL_REGULADOR;10.00;CONFIRMADO;Z00;65742103653;SOLICITANTE_SAO GABRIEL DO OESTE
668878985;0282081;0301010072;CONSULTA EM CIRURGIA GERAL;48047740172;EVA WILMA ABDO DOS SANTOS GUIMARAES;28.05.2026;08:00;0;706007893130249;ISAIAS IVAN DA SILVA SANTOS;21.11.1990;35;427;IVANETE VICENTE DA SILVA SANTOS;RUA;BAHIA;;2810;AMABILE MAFFISSONI;79490106;(67)99196-3041 / (67)99185-7501 / (67)99290-5956;SAO GABRIEL DO OESTE;500769;SAO GABRIEL DO OESTE;500769;8176132;CASA ROSA;M;21.05.2026;ARIROSA;21.05.2026;VANIA_MARIANO;10.00;PENDENTE;Z016;;MEDICO SUS
668879235;0320003;0211020036;ELETROCARDIOGRAMA;01110123175;ELY DONIZETH DE ASSIS JUNIOR;22.05.2026;08:00;0;700905949067793;VICENTE FORNARI CITRON;16.11.1963;62;751;MARIA FORNARI CITRON;RUA;CHÁCARA FIGUEIRA;;S/N;FENIX;79490000;(67)99927-6885;SAO GABRIEL DO OESTE;500769;SAO GABRIEL DO OESTE;500769;7002084;UNIDADE DE SAUDE DA FAMILIA IX;M;21.05.2026;AMANDALUIZA_BIAZUS;21.05.2026;AMANDALUIZA_BIAZUS;5.15;PENDENTE;Z760;06901507925;EVELYN KASSIA TUDISCO FERNANDES
668879510;0110002;0301010072;CONSULTA EM ORTOPEDIA - GERAL;89074033172;ROGERIO PADOVANI TOFFOLI;22.05.2026;12:30;0;704808008788348;ANTONIO RODRIGUES DA SILVA;16.10.1972;53;644;OLINDA RODRIGUES DA SILVA;RUA;17 DE AGOSTO;;1557;FENIX;79491118;(67)99611-9459 / (67)99802-2121;SAO GABRIEL DO OESTE;500769;SAO GABRIEL DO OESTE;500769;6354265;CENTRAL DE REGULACAO DE SAO GABRIEL DO OESTE;M;21.05.2026;VANIA_MARIANO;21.05.2026;VANIA_MARIANO;10.00;CONFIRMADO;M25;;NEWTON CASTILHO
668899022;0320003;0211020036;ELETROCARDIOGRAMA;01110123175;ELY DONIZETH DE ASSIS JUNIOR;22.05.2026;14:00;0;709203226793639;SUZIANE CRISTINA JOHANN DE OLIVEIRA;26.10.1983;42;512;ANELI MARIA JOHANN DE OLIVEIRA;RUA;ALAGOAS;CASA;1709;CENTRO;79490000;(67)99821-9565;SAO GABRIEL DO OESTE;500769;SAO GABRIEL DO OESTE;500769;7333218;UNIDADE DE SAUDE DA FAMILIA X;F;21.05.2026;RAISSASILVALIMA;21.05.2026;RAISSASILVALIMA;5.15;PENDENTE;Z000;63805480172;CLEDSON PERETTI
668907039;0015001;0301010072;CONSULTA EM OFTALMOLOGIA GERAL;45183520097;JONI HILDOR SCHWEICKARDT;28.05.2026;16:00;0;702406500246028;ANTONIO LEITE RIBEIRO;12.06.1958;68;816;TEREZA MARIA DE JESUS RIBEIRO;RUA;SANTA MARIA;CASA 4;11;MILANI;79492074;(67)99620-4071;SAO GABRIEL DO OESTE;500769;SAO GABRIEL DO OESTE;500769;2370972;UNIDADE DE SAUDE DA FAMILIA MILANE II;M;21.05.2026;FLAVIA_RODRIGUES;21.05.2026;FLAVIA_RODRIGUES;10.00;CONFIRMADO;Z010;02453491113;MILENA GUEDIN VARGAS
668920982;0282063;0301010072;CONSULTA EM OTORRINOLARINGOLOGIA;78877326115;ANA PAULA CAVALIERI PONTES;29.05.2026;06:00;0;702400554221427;SILVANA DINIZ DOS SANTOS CARDOSO;03.06.1982;44;529;TEREZINHA DE JESUS DOS SANTOS;RUA;DAS CURRUIRAS 1466/99999;;1741;FENIX;79491086;(67)99206-5985;SAO GABRIEL DO OESTE;500769;SAO GABRIEL DO OESTE;500769;6452116;CENTRO DE ESPECIALIDADES MEDICAS;F;21.05.2026;FERNANDACRISTINAALVES;21.05.2026;FERNANDACRISTINAALVES;10.00;PENDENTE;Z016;78877326115;ANA PAULA CAVALIERI PONTES
668921629;0282063;0301010072;CONSULTA EM OTORRINOLARINGOLOGIA;78877326115;ANA PAULA CAVALIERI PONTES;29.05.2026;06:00;0;708605009598080;JOAO CAMARGO CARDOSO JUNIOR;08.07.1982;43;527;MARIA MARCOLINA PEREIRA;RUA;DAS CURRUIRAS 1466/99999;;1741;FENIX;79491086;(67)99206-5985;SAO GABRIEL DO OESTE;500769;SAO GABRIEL DO OESTE;500769;6452116;CENTRO DE ESPECIALIDADES MEDICAS;M;21.05.2026;FERNANDACRISTINAALVES;21.05.2026;FERNANDACRISTINAALVES;10.00;PENDENTE;Z016;78877326115;ANA PAULA CAVALIERI PONTES
668922814;0282063;0301010072;CONSULTA EM OTORRINOLARINGOLOGIA;78877326115;ANA PAULA CAVALIERI PONTES;22.05.2026;07:00;0;708704110652492;IVONE CERVIERI PECINI;19.05.1965;61;733;MARECI CERVIERI;RUA;SANTA CATARINA;CASA 02;1650;CAPÃO REDONDO;79490000;(67)99685-8618;SAO GABRIEL DO OESTE;500769;SAO GABRIEL DO OESTE;500769;6452116;CENTRO DE ESPECIALIDADES MEDICAS;F;21.05.2026;FERNANDACRISTINAALVES;21.05.2026;FERNANDACRISTINAALVES;10.00;CONFIRMADO;Z016;78877326115;ANA PAULA CAVALIERI PONTES
669031871;2300004;0301010072;CONSULTA EM CARDIOLOGIA;01110123175;ELY DONIZETH DE ASSIS JUNIOR;27.05.2026;06:30;0;706408625008682;SUELI DELGADO DE SOUZA;17.09.1967;58;705;RAMONA DELGADO;RUA;ANHUMAS;CASA;1259;JARDIM GRAMADO;79491016;(67)99180-3300;SAO GABRIEL DO OESTE;500769;SAO GABRIEL DO OESTE;500769;6452116;CENTRO DE ESPECIALIDADES MEDICAS;F;21.05.2026;PATRICKMASIAGA;21.05.2026;VANIA_MARIANO;10.00;CONFIRMADO;Z00;01110123175;ELY DONIZETH DE ASSIS JUNIOR
669065358;0110002;0301010072;CONSULTA EM ORTOPEDIA - GERAL;89074033172;ROGERIO PADOVANI TOFFOLI;22.05.2026;14:00;0;702006369677788;LAVINIA VITORIA BATISTA CORREA;30.07.2002;23;287;ROMINIA MARIA BATISTA;RUA;TICO-TICO;;2019;FENIX;79491096;(67)99908-8816;SAO GABRIEL DO OESTE;500769;SAO GABRIEL DO OESTE;500769;2370999;UNIDADE DE SAUDE DA FAMILIA FENIX IV;F;21.05.2026;GUSTAVO_PIAIA;21.05.2026;VANIA_MARIANO;10.00;CONFIRMADO;S521;;GEOVANNA BEATRIZ DE ARRUDA E SILVA
669066352;0110002;0301010072;CONSULTA EM ORTOPEDIA - GERAL;89074033172;ROGERIO PADOVANI TOFFOLI;22.05.2026;14:00;0;704804096933341;JOAO TARCISIO AZAMBUJA GNOATTO;03.04.2015;11;135;SIBELE LILI AZAMBUJA GNOATTO;RUA;GOIAS;;1274;CENTRO;79490000;(67)9955-1200;SAO GABRIEL DO OESTE;500769;SAO GABRIEL DO OESTE;500769;6452116;CENTRO DE ESPECIALIDADES MEDICAS;M;21.05.2026;PATRICKMASIAGA;21.05.2026;VANIA_MARIANO;10.00;PENDENTE;S637;;TATIANE MARTON LEITE
669071170;0320003;0211020036;ELETROCARDIOGRAMA;01110123175;ELY DONIZETH DE ASSIS JUNIOR;22.05.2026;14:00;0;704502305178819;AQUILINO MALACARNE;05.10.1941;84;1017;MARIA FASOLIN MALACARNE;RUA;JUSCELINO KUBITSCHEK;;409;CENTRO;79490000;(67)3295-2809;SAO GABRIEL DO OESTE;500769;SAO GABRIEL DO OESTE;500769;2599376;UNIDADE DE SAUDE DA FAMILIA VI;M;21.05.2026;MARIANA_MARTINS;21.05.2026;MARIANA_MARTINS;5.15;PENDENTE;L89;;CELIO HELEGDA
669071757;0282063;0301010072;CONSULTA EM OTORRINOLARINGOLOGIA;78877326115;ANA PAULA CAVALIERI PONTES;29.05.2026;07:00;0;700404943495444;HEYTOR GHAEL XAVIER MARQUES;21.10.2023;02;32;KAROLLAINE FRANCA XAVIER;RUA;QUERO QUERO;CASA 11;1542;REVOADA DOS PÁSSAROS;79490000;(67)99863-9712;SAO GABRIEL DO OESTE;500769;SAO GABRIEL DO OESTE;500769;7002084;UNIDADE DE SAUDE DA FAMILIA IX;M;21.05.2026;AMANDALUIZA_BIAZUS;21.05.2026;AMANDALUIZA_BIAZUS;10.00;PENDENTE;J352;06901507925;EVELYN KASSIA TUDISCO FERNANDES
669102914;0015001;0301010072;CONSULTA EM OFTALMOLOGIA GERAL;45183520097;JONI HILDOR SCHWEICKARDT;28.05.2026;09:00;0;704206718865880;UEMERSON DOS SANTOS PINHEIRO;04.03.1983;43;520;LEILA DOS SANTOS PINHEIRO;RUA;CEARÁ;CASA 03;185;CENTRO;79490045;(67)99242-2351 / (67)99242-2351;SAO GABRIEL DO OESTE;500769;SAO GABRIEL DO OESTE;500769;6354265;CENTRAL DE REGULACAO DE SAO GABRIEL DO OESTE;M;21.05.2026;VANIA_MARIANO;21.05.2026;VANIA_MARIANO;10.00;CONFIRMADO;Z01;;VANIA GOMES MARIANO
669104811;0320003;0211020036;ELETROCARDIOGRAMA;01110123175;ELY DONIZETH DE ASSIS JUNIOR;25.05.2026;08:00;0;700002252925005;CLAUCI KATIA GAIGHER DO NASCIMENTO;31.03.1974;52;627;CACILDA DOS SANTOS GAIGHER;RUA;SAO PAULO;;1739;CENTRO;79490000;(67)9959-7143;SAO GABRIEL DO OESTE;500769;SAO GABRIEL DO OESTE;500769;2599376;UNIDADE DE SAUDE DA FAMILIA VI;F;21.05.2026;MARIANA_MARTINS;21.05.2026;MARIANA_MARTINS;5.15;PENDENTE;Z000;06437691107;MAIARA FLORES SCARIOT
669110782;0505002;0211020052;MONITORIZACAO AMBULATORIAL DE PRESSAO ARTERIAL (M.A.P.A)                                            ;01110123175;ELY DONIZETH DE ASSIS JUNIOR;28.05.2026;09:00;0;700400460429745;MARIA IRONI SANTANA VIEIRA;10.02.1949;77;928;NATALIA DE PAULA SANTANA;RUA;PATATIVAS;;265;FENIX;79490000;(67)99844-0687;SAO GABRIEL DO OESTE;500769;SAO GABRIEL DO OESTE;500769;6354265;CENTRAL DE REGULACAO DE SAO GABRIEL DO OESTE;F;21.05.2026;VANIA_MARIANO;21.05.2026;VANIA_MARIANO;10.07;PENDENTE;I10;;GUSTAVO TRINDADE DE QUEIROZ 
669113822;3500074;0206010052;TOMOGRAFIA COMPUTADORIZADA DE PESCOCO COM CONTRASTE;00125300006;MEDICOS SUS;21.05.2026;07:15;0;703404298150319;APARECIDO BARBOSA DOS SANTOS;23.04.1967;59;710;JOSEFA BARBOSA DOS SANTOS;AREA;LATERAL DO NUCLEO;ASSENTAMENTO C;67;AREA RURAL DE SAO GABRIEL DO OESTE;79493899;(67)99715-2929;SAO GABRIEL DO OESTE;500769;SAO GABRIEL DO OESTE;500769;6354265;CENTRAL DE REGULACAO DE SAO GABRIEL DO OESTE;M;21.05.2026;CLEIDIANE_REGULADOR;21.05.2026;CLEIDIANE_REGULADOR;86.75;CONFIRMADO;R221;;JAIRO COLEONE QUINELATTO
669128779;0320003;0211020036;ELETROCARDIOGRAMA;01110123175;ELY DONIZETH DE ASSIS JUNIOR;22.05.2026;08:00;0;700509791538557;ALEXANDRE SILVERIO;05.12.1982;43;523;MARIA DE LOURDES DA SILVA SILVERIO;RUA;CURIO;CASA 4;1229;JARDIM GRAMADO;79491012;(67)99888-6185 / (67)99954-9769;SAO GABRIEL DO OESTE;500769;SAO GABRIEL DO OESTE;500769;6452116;CENTRO DE ESPECIALIDADES MEDICAS;M;22.05.2026;PATRICKMASIAGA;22.05.2026;PATRICKMASIAGA;5.15;PENDENTE;K801;48047740172;EVA WILMA ABDO DOS SANTOS GUIMARAES
669134167;0320003;0211020036;ELETROCARDIOGRAMA;01110123175;ELY DONIZETH DE ASSIS JUNIOR;22.05.2026;08:00;0;706007893130249;ISAIAS IVAN DA SILVA SANTOS;21.11.1990;35;427;IVANETE VICENTE DA SILVA SANTOS;RUA;BAHIA;;2810;AMABILE MAFFISSONI;79490106;(67)99196-3041 / (67)99185-7501 / (67)99290-5956;SAO GABRIEL DO OESTE;500769;SAO GABRIEL DO OESTE;500769;6452116;CENTRO DE ESPECIALIDADES MEDICAS;M;22.05.2026;PATRICKMASIAGA;22.05.2026;PATRICKMASIAGA;5.15;PENDENTE;Z00;48047740172;EVA WILMA ABDO DOS SANTOS GUIMARAES
669141175;0110002;0301010072;CONSULTA EM ORTOPEDIA - GERAL;00530001101;BRUNO PETINARI UMBELINO;25.05.2026;06:30;0;700809440391887;JOANES BATISTA CARDOSO SOBRINHO;28.03.1989;37;447;VALDETE CARDOSO DA ROCHA;RUA;DA AVIAÇÃO;AREADO;S/N;AREA RURAL DE SAO GABRIEL DO OESTE;79493899;(67)99872-3256;SAO GABRIEL DO OESTE;500769;SAO GABRIEL DO OESTE;500769;6354265;CENTRAL DE REGULACAO DE SAO GABRIEL DO OESTE;M;22.05.2026;VANIA_MARIANO;22.05.2026;VANIA_MARIANO;10.00;CONFIRMADO;S99;;VANIA GOMES MARIANO
669153030;0282063;0301010072;CONSULTA EM OTORRINOLARINGOLOGIA;78877326115;ANA PAULA CAVALIERI PONTES;29.05.2026;06:00;0;700302980983537;MARI TEREZINHA ANTUNES;14.09.1965;60;729;MARIA MOCELIN PIAIA;RUA;MINAS GERAIS;;2174;CENTRO;79490000;(67)99615-2696 / (67)98482-6924;SAO GABRIEL DO OESTE;500769;SAO GABRIEL DO OESTE;500769;2599376;UNIDADE DE SAUDE DA FAMILIA VI;F;22.05.2026;MARIANA_MARTINS;22.05.2026;MARIANA_MARTINS;10.00;PENDENTE;H905;;PAULO FENELON
669156306;0110002;0301010072;CONSULTA EM ORTOPEDIA - GERAL;00468987193;ARTHUR MARTINS DE ALMEIDA;26.05.2026;07:30;0;700005936909608;ROSEMEIRE VILELA PORTO;16.11.1966;59;715;ADALGISA VILELA ROLANDO;RUA;GAIVOTAS;;854;JARDIM GRAMADO;79490000;(67)99655-0625;SAO GABRIEL DO OESTE;500769;SAO GABRIEL DO OESTE;500769;5971055;UNIDADE DE SAUDE DA FAMILIA VIII;F;22.05.2026;JESSICAPADILHA;22.05.2026;CLEIDIANE_REGULADOR;10.00;CONFIRMADO;M238;04805244160;RENNAN ORTIZ BUENO
669174991;0505002;0211020052;MONITORIZACAO AMBULATORIAL DE PRESSAO ARTERIAL (M.A.P.A)                                            ;01110123175;ELY DONIZETH DE ASSIS JUNIOR;29.05.2026;09:00;0;700903919478297;ANTONIA CLEIDE MARCAL DE OLIVEIRA;09.02.1964;62;748;DAMIANA MARIA DA CONCEICAO;RUA;PERNAMBUCO;CASA;2029;PRIMO MAFFISSONI;79490000;(67)99910-7196;SAO GABRIEL DO OESTE;500769;SAO GABRIEL DO OESTE;500769;6452116;CENTRO DE ESPECIALIDADES MEDICAS;F;22.05.2026;PATRICKMASIAGA;22.05.2026;PATRICKMASIAGA;10.07;CONFIRMADO;I10;99746328115;GUSTAVO TRINDADE DE QUEIROZ
669186423;0282063;0301010072;CONSULTA EM OTORRINOLARINGOLOGIA;78877326115;ANA PAULA CAVALIERI PONTES;29.05.2026;06:00;0;704806048758243;MARTA ANDRADE BARBOSA SERPA;17.01.1965;61;737;LIBERALINA ANDRADE BARBOSA;RUA;BAHIA;;2275;CENTRO;79490000;(67)99905-7920;SAO GABRIEL DO OESTE;500769;SAO GABRIEL DO OESTE;500769;6452116;CENTRO DE ESPECIALIDADES MEDICAS;F;22.05.2026;FERNANDACRISTINAALVES;22.05.2026;FERNANDACRISTINAALVES;10.00;PENDENTE;Z016;78877326115;ANA PAULA CAVALIERI PONTES
669187258;0282063;0301010072;CONSULTA EM OTORRINOLARINGOLOGIA;78877326115;ANA PAULA CAVALIERI PONTES;29.05.2026;06:00;0;703403047667700;ESIO ANDRADE BARBOSA;25.08.1955;70;850;LIBERALINA ANDRADE BARBOSA;RUA;GOIAS;;1695;CENTRO;79490000;(67)3295-2689;SAO GABRIEL DO OESTE;500769;SAO GABRIEL DO OESTE;500769;6452116;CENTRO DE ESPECIALIDADES MEDICAS;M;22.05.2026;FERNANDACRISTINAALVES;22.05.2026;FERNANDACRISTINAALVES;10.00;PENDENTE;Z016;78877326115;ANA PAULA CAVALIERI PONTES
669188597;0110002;0301010072;CONSULTA EM ORTOPEDIA - GERAL;00468987193;ARTHUR MARTINS DE ALMEIDA;26.05.2026;07:30;0;700006268321906;ESTER CABREIRA DE SOUZA;23.08.2024;01;22;JOSIANE PEREIRA CABREIRA;FAZENDA;RAMADA;;S/N;ZONA RURAL-;79490000;(67)99821-8338;SAO GABRIEL DO OESTE;500769;SAO GABRIEL DO OESTE;500769;6452116;CENTRO DE ESPECIALIDADES MEDICAS;F;22.05.2026;PATRICKMASIAGA;22.05.2026;VANIA_MARIANO;10.00;CONFIRMADO;S40;;TATIANE MARTON LEITE
669189402;0282063;0301010072;CONSULTA EM OTORRINOLARINGOLOGIA;78877326115;ANA PAULA CAVALIERI PONTES;29.05.2026;06:00;0;708907786369416;YURI FERREIRA BONAZZA;28.01.2015;11;137;ADRIANA DIAS FERREIRA;RUA;ARAPONGAS;;466;JARDIM GRAMADO;79490000;(67)99838-8732;SAO GABRIEL DO OESTE;500769;SAO GABRIEL DO OESTE;500769;5971055;UNIDADE DE SAUDE DA FAMILIA VIII;M;22.05.2026;JESSICAPADILHA;22.05.2026;JESSICAPADILHA;10.00;PENDENTE;Z000;04805244160;RENNAN ORTIZ BUENO
669190820;0108001;0205010032;ECOCARDIOGRAMA TRANSTORACICO;01110123175;ELY DONIZETH DE ASSIS JUNIOR;27.05.2026;09:00;0;706903138820331;ELAINE CRISTINA AMARAL MONTESSI;23.12.2000;25;306;IDENENIR PEREIRA DO AMARAL;RUA;CURICACA;CASA;1052;JARDIM GRAMADO;79490000;(67)99908-1495;SAO GABRIEL DO OESTE;500769;SAO GABRIEL DO OESTE;500769;6452116;CENTRO DE ESPECIALIDADES MEDICAS;F;22.05.2026;FERNANDACRISTINAALVES;22.05.2026;FERNANDACRISTINAALVES;67.86;CONFIRMADO;Z016;99746328115;GUSTAVO TRINDADE DE QUEIROZ
669195604;0282063;0301010072;CONSULTA EM OTORRINOLARINGOLOGIA;78877326115;ANA PAULA CAVALIERI PONTES;29.05.2026;07:00;0;700008806884705;CLARICE QUEIROS DE BARROS;03.08.1952;73;887;MARIA DE QUEIROS;FAZENDA;LETICIA;FAZENDA;S/N;ZONA RURAL;79480000;(67)99633-8511;RIO VERDE DE MATO GROSSO;500740;SAO GABRIEL DO OESTE;500769;2370980;UNIDADE DE SAUDE DA FAMILIA JARDIM GRAMADO I;F;22.05.2026;ELISANGELA_UNIDADEI;22.05.2026;ELISANGELA_UNIDADEI;10.00;PENDENTE;H931;01454652179;MAYARA MARIA MELKE GUIMARAES
669198807;0108001;0205010032;ECOCARDIOGRAMA TRANSTORACICO;01110123175;ELY DONIZETH DE ASSIS JUNIOR;27.05.2026;13:00;0;700809927393684;LUCIMARA MOREIRA DA SILVA;27.05.1983;43;517;LAUDEMIRA MOREIRA DE LIMA;AREA;RURAL;ITAQUI LOTE 147;S/N;AREA RURAL DE SAO GABRIEL DO OESTE;79493899;(67)99641-0239 / (67)99919-4143;SAO GABRIEL DO OESTE;500769;SAO GABRIEL DO OESTE;500769;6452116;CENTRO DE ESPECIALIDADES MEDICAS;F;22.05.2026;PATRICKMASIAGA;22.05.2026;PATRICKMASIAGA;67.86;CONFIRMADO;I50;99746328115;GUSTAVO TRINDADE DE QUEIROZ
669199359;1703204;0211020044;HOLTER 24 HORAS;01110123175;ELY DONIZETH DE ASSIS JUNIOR;28.05.2026;13:00;0;706204554861866;IRONITA BARALDI;17.10.1955;70;848;TRINDADE LEANDRINA KEHLER;RUA;PELICANOS;;239;JARDIM GRAMADO;79490000;(67)99955-1436;SAO GABRIEL DO OESTE;500769;SAO GABRIEL DO OESTE;500769;6354265;CENTRAL DE REGULACAO DE SAO GABRIEL DO OESTE;F;22.05.2026;VANIA_MARIANO;22.05.2026;VANIA_MARIANO;30.00;CONFIRMADO;N18;;POLYANA KLOMFASS
669213413;0077026;0205010040;ULTRA-SONOGRAFIA DOPPLER DE CAROTIDAS E VERTEBRAIS;01110123175;ELY DONIZETH DE ASSIS JUNIOR;26.05.2026;13:00;0;708000830247521;MAURO MAXIMINO DALCHIAVON;28.11.1969;56;679;ERNESTA DALCHIAVON;RUA;RAIMUNDO PRADO;;1211;CENTRO;79490000;(67)99943-8042;SAO GABRIEL DO OESTE;500769;SAO GABRIEL DO OESTE;500769;6452116;CENTRO DE ESPECIALIDADES MEDICAS;M;22.05.2026;FERNANDACRISTINAALVES;22.05.2026;FERNANDACRISTINAALVES;39.60;CONFIRMADO;Z016;01110123175;ELY DONIZETH DE ASSIS JUNIOR
669213701;0108001;0205010032;ECOCARDIOGRAMA TRANSTORACICO;01110123175;ELY DONIZETH DE ASSIS JUNIOR;27.05.2026;09:00;0;708000830247521;MAURO MAXIMINO DALCHIAVON;28.11.1969;56;679;ERNESTA DALCHIAVON;RUA;RAIMUNDO PRADO;;1211;CENTRO;79490000;(67)99943-8042;SAO GABRIEL DO OESTE;500769;SAO GABRIEL DO OESTE;500769;6452116;CENTRO DE ESPECIALIDADES MEDICAS;M;22.05.2026;FERNANDACRISTINAALVES;22.05.2026;FERNANDACRISTINAALVES;67.86;CONFIRMADO;Z016;01110123175;ELY DONIZETH DE ASSIS JUNIOR
669221514;0505002;0211020052;MONITORIZACAO AMBULATORIAL DE PRESSAO ARTERIAL (M.A.P.A)                                            ;01110123175;ELY DONIZETH DE ASSIS JUNIOR;29.05.2026;13:00;0;708506335355375;FRANCISCO SENHOR DA SILVA;13.01.1978;48;581;LUIZA GOMES DA SILVA;RUA;SANTO ANGELO;;310;MILANI;79492092;(67)99981-7776;SAO GABRIEL DO OESTE;500769;SAO GABRIEL DO OESTE;500769;6452116;CENTRO DE ESPECIALIDADES MEDICAS;M;22.05.2026;FERNANDACRISTINAALVES;22.05.2026;FERNANDACRISTINAALVES;10.07;CONFIRMADO;Z016;99746328115;GUSTAVO TRINDADE DE QUEIROZ
669222204;0077026;0205010040;ULTRA-SONOGRAFIA DOPPLER DE CAROTIDAS E VERTEBRAIS;01110123175;ELY DONIZETH DE ASSIS JUNIOR;27.05.2026;13:00;0;708506335355375;FRANCISCO SENHOR DA SILVA;13.01.1978;48;581;LUIZA GOMES DA SILVA;RUA;SANTO ANGELO;;310;MILANI;79492092;(67)99981-7776;SAO GABRIEL DO OESTE;500769;SAO GABRIEL DO OESTE;500769;6452116;CENTRO DE ESPECIALIDADES MEDICAS;M;22.05.2026;FERNANDACRISTINAALVES;22.05.2026;FERNANDACRISTINAALVES;39.60;CONFIRMADO;Z016;99746328115;GUSTAVO TRINDADE DE QUEIROZ
669222206;3500105;0206030029;TOMOGRAFIA COMPUTADORIZADA DO PE DIREITO;00125300006;MEDICOS SUS;26.05.2026;07:15;0;704102791438080;KAIQUE ANDRADE OLIVEIRA EUGENIO DOS REIS;03.05.2017;09;110;JULIANA EUGENIO DOS REIS;RUA;SAO JORGE;CASA 26;215;PRIMO MAFFISSONI;79490000;(67)99926-5871;SAO GABRIEL DO OESTE;500769;SAO GABRIEL DO OESTE;500769;6354265;CENTRAL DE REGULACAO DE SAO GABRIEL DO OESTE;M;22.05.2026;CLEIDIANE_REGULADOR;22.05.2026;CLEIDIANE_REGULADOR;86.75;CONFIRMADO;M87;;VANIA GOMES MARIANO
669222206;3500106;0206020023;TOMOGRAFIA COMPUTADORIZADA DO PE ESQUERDO;00125300006;MEDICOS SUS;26.05.2026;07:15;0;704102791438080;KAIQUE ANDRADE OLIVEIRA EUGENIO DOS REIS;03.05.2017;09;110;JULIANA EUGENIO DOS REIS;RUA;SAO JORGE;CASA 26;215;PRIMO MAFFISSONI;79490000;(67)99926-5871;SAO GABRIEL DO OESTE;500769;SAO GABRIEL DO OESTE;500769;6354265;CENTRAL DE REGULACAO DE SAO GABRIEL DO OESTE;M;22.05.2026;CLEIDIANE_REGULADOR;22.05.2026;CLEIDIANE_REGULADOR;86.75;CONFIRMADO;M87;;VANIA GOMES MARIANO
669227976;0110002;0301010072;CONSULTA EM ORTOPEDIA - GERAL;89074033172;ROGERIO PADOVANI TOFFOLI;29.05.2026;12:30;0;700002819986204;ALOR ANEZIO DE SOUZA;22.08.1949;76;922;ABADIA BARBOSA DE LIMA;FAZENDA;CHACARA FAMA;;S/N;ZONA RURAL;79480000;(67)99996-9509;RIO VERDE DE MATO GROSSO;500740;SAO GABRIEL DO OESTE;500769;6452116;CENTRO DE ESPECIALIDADES MEDICAS;M;22.05.2026;PATRICKMASIAGA;22.05.2026;VANIA_MARIANO;10.00;PENDENTE;S400;;NEWTON SIGNORINI CASTILHO
669248630;0282063;0301010072;CONSULTA EM OTORRINOLARINGOLOGIA;78877326115;ANA PAULA CAVALIERI PONTES;29.05.2026;07:00;0;705606410732317;LUCIA DE FREITAS AVELAR;31.10.1955;70;848;PERCILIA BATISTA DE AGUIAR;RUA;MINAS GERAIS;CASA;2480;CENTRO;79490000;(67)98419-1148;SAO GABRIEL DO OESTE;500769;SAO GABRIEL DO OESTE;500769;6452116;CENTRO DE ESPECIALIDADES MEDICAS;F;22.05.2026;PATRICKMASIAGA;22.05.2026;PATRICKMASIAGA;10.00;PENDENTE;Z00;78877326115;ANA PAULA CAVALIERI PONTES
669291288;3100069;0207030030;RESSONANCIA MAGNETICA DE PERNA ESQUERDA;00125300006;MEDICOS SUS;27.05.2026;13:00;0;704005328189466;LETICIA SILVA DE SOUSA MARCAL;16.04.1997;29;350;DAMIANA ALVES DA SILVA;RUA;AMAZONAS;;2547;AMABILE MAFFISSONI;79490104;(67)99169-1805;SAO GABRIEL DO OESTE;500769;SAO GABRIEL DO OESTE;500769;6354265;CENTRAL DE REGULACAO DE SAO GABRIEL DO OESTE;F;22.05.2026;CLEIDIANE_REGULADOR;22.05.2026;CLEIDIANE_REGULADOR;268.75;CONFIRMADO;S830;65742103653;SOLICITANTE_SAO GABRIEL DO OESTE
669291288;3100030;0207030030;RESSONANCIA MAGNETICA DO JOELHO ESQUERDO;00125300006;MEDICOS SUS;27.05.2026;13:00;0;704005328189466;LETICIA SILVA DE SOUSA MARCAL;16.04.1997;29;350;DAMIANA ALVES DA SILVA;RUA;AMAZONAS;;2547;AMABILE MAFFISSONI;79490104;(67)99169-1805;SAO GABRIEL DO OESTE;500769;SAO GABRIEL DO OESTE;500769;6354265;CENTRAL DE REGULACAO DE SAO GABRIEL DO OESTE;F;22.05.2026;CLEIDIANE_REGULADOR;22.05.2026;CLEIDIANE_REGULADOR;268.75;CONFIRMADO;S830;65742103653;SOLICITANTE_SAO GABRIEL DO OESTE
669293485;3100030;0207030030;RESSONANCIA MAGNETICA DO JOELHO ESQUERDO;00125300006;MEDICOS SUS;27.05.2026;13:00;0;701109812438280;KAUA SANTOS DE LIMA;11.11.2007;18;223;VANIA ALVE DOS SANTOS;RUA;CORREDOR PUBLICO;;215;COOPHAVALE;79420000;(67)99824-0283;CAMAPUA;500260;SAO GABRIEL DO OESTE;500769;6354265;CENTRAL DE REGULACAO DE SAO GABRIEL DO OESTE;M;22.05.2026;CLEIDIANE_REGULADOR;22.05.2026;CLEIDIANE_REGULADOR;268.75;CONFIRMADO;S835;65742103653;SOLICITANTE_SAO GABRIEL DO OESTE
669310845;0282063;0301010072;CONSULTA EM OTORRINOLARINGOLOGIA;78877326115;ANA PAULA CAVALIERI PONTES;29.05.2026;07:00;0;702401566214421;LIZ HELENA SANTOS DA CRUZ;10.04.2025;01;14;ANA CLARA SANTOS PEREIRA;RUA;FENIX;;1522;CONJUNTO FENIX;79490000;(66)99605-3553;SAO GABRIEL DO OESTE;500769;SAO GABRIEL DO OESTE;500769;6452116;CENTRO DE ESPECIALIDADES MEDICAS;F;22.05.2026;FERNANDACRISTINAALVES;22.05.2026;FERNANDACRISTINAALVES;10.00;PENDENTE;Z016;99746328115;GUSTAVO TRINDADE DE QUEIROZ
669331116;3100027;0207020027;RESSONANCIA MAGNETICA DE OMBRO DIREITO;00125300006;MEDICOS SUS;30.05.2026;06:00;0;704808008788348;ANTONIO RODRIGUES DA SILVA;16.10.1972;53;644;OLINDA RODRIGUES DA SILVA;RUA;17 DE AGOSTO;;1557;FENIX;79491118;(67)99611-9459 / (67)99802-2121;SAO GABRIEL DO OESTE;500769;SAO GABRIEL DO OESTE;500769;6354265;CENTRAL DE REGULACAO DE SAO GABRIEL DO OESTE;M;22.05.2026;CLEIDIANE_REGULACAO;25.05.2026;CLEIDIANE_REGULADOR;268.75;CONFIRMADO;M751;;ROGERIO PADOVANI TOFFOLI
669347482;3500022;0206020031;TOMOGRAFIA COMPUTADORIZADA DO TORAX SEM CONTRASTE;00125300006;MEDICOS SUS;25.05.2026;07:15;0;703404439039400;JOSE SILVA;06.04.1975;51;615;CLEMENTINA SILVA;RUA;DONA ELVIRA;CASA;809;MILANI;79490000;(67)99614-1892 / (67)99949-8185;SAO GABRIEL DO OESTE;500769;SAO GABRIEL DO OESTE;500769;6354265;CENTRAL DE REGULACAO DE SAO GABRIEL DO OESTE;M;22.05.2026;CLEIDIANE_REGULADOR;22.05.2026;CLEIDIANE_REGULADOR;136.41;PENDENTE;J448;65742103653;SOLICITANTE_SAO GABRIEL DO OESTE
669350757;3500063;0206030010;TOMOGRAFIA COMPUTADORIZADA DO ABDOMEN SUPERIOR COM CONTRASTE;00125300006;MEDICOS SUS;27.05.2026;07:15;0;700602967068763;HELIO BALCACAR;19.12.1958;67;810;OLINFA BALCACAR;RUA;AMAZONAS;;2999;AMABILE MAFISSONI;79490000;(67)99942-3888;SAO GABRIEL DO OESTE;500769;SAO GABRIEL DO OESTE;500769;6354265;CENTRAL DE REGULACAO DE SAO GABRIEL DO OESTE;M;22.05.2026;CLEIDIANE_REGULADOR;22.05.2026;CLEIDIANE_REGULADOR;138.63;CONFIRMADO;C22;65742103653;SOLICITANTE_SAO GABRIEL DO OESTE
669364794;3500024;0206010079;TOMOGRAFIA COMPUTADORIZADA  DE CRANIO COM CONTRASTE;00125300006;MEDICOS SUS;27.05.2026;07:15;0;703205659957495;LEONTINA URBANO DA SILVA;16.04.1949;77;926;MARIA DA NATIVIDADE;RUA;SANTO ANGELO;;272;MILANI;79492092;(67)99810-5956;SAO GABRIEL DO OESTE;500769;SAO GABRIEL DO OESTE;500769;6354265;CENTRAL DE REGULACAO DE SAO GABRIEL DO OESTE;F;23.05.2026;CLEIDIANE_REGULADOR;23.05.2026;CLEIDIANE_REGULADOR;97.44;CONFIRMADO;I64;65742103653;SOLICITANTE_SAO GABRIEL DO OESTE
669414861;0015001;0301010072;CONSULTA EM OFTALMOLOGIA GERAL;45183520097;JONI HILDOR SCHWEICKARDT;28.05.2026;16:00;0;700903974433496;GUILHERME DA SILVA PEDRO;17.07.1998;27;335;LUCIANE WILCHEN DA SILVA;AVENIDA;SÃO FRANCISCO;CASA 1;2189;PRIMO MAFFISSONI;79490250;(67)99804-6093 / (67)99618-9462 / (67)99912-3530;SAO GABRIEL DO OESTE;500769;SAO GABRIEL DO OESTE;500769;2599376;UNIDADE DE SAUDE DA FAMILIA VI;M;25.05.2026;MARIANA_MARTINS;25.05.2026;MARIANA_MARTINS;10.00;CONFIRMADO;H54;;PAULO FENELON
669416176;0015001;0301010072;CONSULTA EM OFTALMOLOGIA GERAL;45183520097;JONI HILDOR SCHWEICKARDT;28.05.2026;16:00;0;700004543432902;JOCILENE APARECIDA BARBOSA;30.08.1976;49;598;ZILDA MATHES BARBOSA;RUA;PATOS;;106;JARDIM GRAMADO;79490000;(67)99678-7292;SAO GABRIEL DO OESTE;500769;SAO GABRIEL DO OESTE;500769;2370980;UNIDADE DE SAUDE DA FAMILIA JARDIM GRAMADO I;F;25.05.2026;ELISANGELA_UNIDADEI;25.05.2026;ELISANGELA_UNIDADEI;10.00;PENDENTE;H57;01454652179;MAYARA MARIA MELKE GUIMARAES
669417600;0320003;0211020036;ELETROCARDIOGRAMA;01110123175;ELY DONIZETH DE ASSIS JUNIOR;26.05.2026;14:00;0;709207278029933;ADRIANA TEREZA DA ROSA;08.08.1976;49;598;NADIR FORTES DA ROSA;RUA;K;;534;CIDADE JARDIM;79492136;(67)99693-9255;SAO GABRIEL DO OESTE;500769;SAO GABRIEL DO OESTE;500769;2370972;UNIDADE DE SAUDE DA FAMILIA MILANE II;F;25.05.2026;FLAVIA_RODRIGUES;25.05.2026;FLAVIA_RODRIGUES;5.15;PENDENTE;M75;;ROGERIO PADOVANE TOFFOLI
669443613;0320003;0211020036;ELETROCARDIOGRAMA;01110123175;ELY DONIZETH DE ASSIS JUNIOR;26.05.2026;08:00;0;700005322307006;CELIO INACIO PIRES DA SILVA;07.04.1978;48;579;CLEUZA INACIO PIRES DA SILVA;RUA;HILARIO NICARETTA;CASA;2251;PRIMO MAFFISSONI;79490000;(67)99655-9921;SAO GABRIEL DO OESTE;500769;SAO GABRIEL DO OESTE;500769;7333218;UNIDADE DE SAUDE DA FAMILIA X;M;25.05.2026;RAISSASILVALIMA;25.05.2026;RAISSASILVALIMA;5.15;PENDENTE;Z000;63805480172;CLEDSON PERETTI
669448111;0015001;0301010072;CONSULTA EM OFTALMOLOGIA GERAL;45183520097;JONI HILDOR SCHWEICKARDT;28.05.2026;16:00;0;705009663415555;ERICA DE MORAES SILVA MENDONCA;28.07.1998;27;335;ANDREA CAMPOS DE MORAES;RUA;BAHIA;;1900;CENTRO;79490000;(67)99919-6709 / (67)99975-0553;SAO GABRIEL DO OESTE;500769;SAO GABRIEL DO OESTE;500769;2370964;UNIDADE DE SAUDE DA FAMILIA III;F;25.05.2026;ANACLAUDIA_NOGUEIRA;25.05.2026;ANACLAUDIA_NOGUEIRA;10.00;CONFIRMADO;H539;02611833974;HUDSON PERES DORIGAO BELISARIO DE SOUZA
669450414;1703204;0211020044;HOLTER 24 HORAS;01110123175;ELY DONIZETH DE ASSIS JUNIOR;28.05.2026;09:00;0;700405420056942;ISMA MARIA DOS REIS TAVARES;02.09.1958;67;814;ANA MARIA DOS REIS;RUA;ANHUMAS;;922;JARDIM GRAMADO;79490000;(67)9661-4311;SAO GABRIEL DO OESTE;500769;SAO GABRIEL DO OESTE;500769;6452116;CENTRO DE ESPECIALIDADES MEDICAS;F;25.05.2026;PATRICKMASIAGA;25.05.2026;PATRICKMASIAGA;30.00;CONFIRMADO;I10;01110123175;ELY DONIZETH DE ASSIS JUNIOR
669450493;0505002;0211020052;MONITORIZACAO AMBULATORIAL DE PRESSAO ARTERIAL (M.A.P.A)                                            ;01110123175;ELY DONIZETH DE ASSIS JUNIOR;28.05.2026;09:00;0;700405420056942;ISMA MARIA DOS REIS TAVARES;02.09.1958;67;814;ANA MARIA DOS REIS;RUA;ANHUMAS;;922;JARDIM GRAMADO;79490000;(67)9661-4311;SAO GABRIEL DO OESTE;500769;SAO GABRIEL DO OESTE;500769;6452116;CENTRO DE ESPECIALIDADES MEDICAS;F;25.05.2026;PATRICKMASIAGA;25.05.2026;PATRICKMASIAGA;10.07;CONFIRMADO;I10;01110123175;ELY DONIZETH DE ASSIS JUNIOR
669477015;0282063;0301010072;CONSULTA EM OTORRINOLARINGOLOGIA;78877326115;ANA PAULA CAVALIERI PONTES;29.05.2026;07:00;0;700708915584579;ADEMIR LARA DE CASTRO;02.02.1978;48;581;VERISSIMA LARA DE CASTRO;RUA;ANTONIO CUNHA DE SOUZA;;811;CAMPO ALEGRE;79480000;(67)9645-0684;RIO VERDE DE MATO GROSSO;500740;SAO GABRIEL DO OESTE;500769;6452116;CENTRO DE ESPECIALIDADES MEDICAS;M;25.05.2026;FERNANDACRISTINAALVES;25.05.2026;FERNANDACRISTINAALVES;10.00;CONFIRMADO;Z016;78877326115;ANA PAULA CAVALIERI PONTES
669497132;0320003;0211020036;ELETROCARDIOGRAMA;01110123175;ELY DONIZETH DE ASSIS JUNIOR;26.05.2026;08:00;0;700008719356808;MARTA REGINA SILVA;13.11.1975;50;607;MARIA ALBERTINA PEREIRA SILVA;RUA;TRAVESSA 21;CASA;37;VILA BELA;79400000;(67)99949-2185;COXIM;500330;SAO GABRIEL DO OESTE;500769;2599376;UNIDADE DE SAUDE DA FAMILIA VI;F;25.05.2026;MARIANA_MARTINS;25.05.2026;MARIANA_MARTINS;5.15;PENDENTE;Z136;;PAULO FENELON
669498412;0015001;0301010072;CONSULTA EM OFTALMOLOGIA GERAL;45183520097;JONI HILDOR SCHWEICKARDT;28.05.2026;16:00;0;709001846633115;WALDEMAR FETTER;18.02.1947;79;952;ANSELMA HELENA ASSMANN FETTER;FAZENDA;BARREIRO;20KMS PONTINHA;S/N;RURAL;79420000;(67)99915-9898;CAMAPUA;500260;SAO GABRIEL DO OESTE;500769;6452116;CENTRO DE ESPECIALIDADES MEDICAS;M;25.05.2026;FERNANDACRISTINAALVES;25.05.2026;FERNANDACRISTINAALVES;10.00;CONFIRMADO;Z016;00530001101;BRUNO PETINARI UMBELINO
669503693;2300004;0301010072;CONSULTA EM CARDIOLOGIA;01110123175;ELY DONIZETH DE ASSIS JUNIOR;27.05.2026;06:30;0;700001822301909;JOAO SIQUEIRA DA SILVA;26.04.1951;75;902;JOANA DIAS DA SILVA;RUA;GOIAS;;2424;CENTRO;79490000;(67)99693-6912;SAO GABRIEL DO OESTE;500769;SAO GABRIEL DO OESTE;500769;6452116;CENTRO DE ESPECIALIDADES MEDICAS;M;25.05.2026;PATRICKMASIAGA;25.05.2026;VANIA_MARIANO;10.00;CONFIRMADO;Z00;01110123175;ELY DONIZETH DE ASSIS JUNIOR
669590150;0015001;0301010072;CONSULTA EM OFTALMOLOGIA GERAL;45183520097;JONI HILDOR SCHWEICKARDT;28.05.2026;16:00;0;708003398096123;ZENIR CANOVA BIN;15.10.1950;75;908;AMABILE CANOVA;RUA;DAVI FERREIRA DA CUNHA;;3290;JARDIM PRIMAVERA;79490000;(67)3295-1708;SAO GABRIEL DO OESTE;500769;SAO GABRIEL DO OESTE;500769;2370964;UNIDADE DE SAUDE DA FAMILIA III;F;25.05.2026;ANACLAUDIA_NOGUEIRA;25.05.2026;ANACLAUDIA_NOGUEIRA;10.00;CONFIRMADO;H539;02611833974;HUDSON PERES DORIGAO BELISARIO DE SOUZA
669592649;0320003;0211020036;ELETROCARDIOGRAMA;01110123175;ELY DONIZETH DE ASSIS JUNIOR;26.05.2026;14:00;0;700001775065302;ISABELLY FLORENCIANO CASANOVA;20.01.2011;15;185;LUCIANA APARECIDA DA SILVA FLORENCIANO CASANOVA;RUA;MAGNATAS;;64;JARDIM PRIMAVERA;79490000;(67)99839-6703;SAO GABRIEL DO OESTE;500769;SAO GABRIEL DO OESTE;500769;2370964;UNIDADE DE SAUDE DA FAMILIA III;F;25.05.2026;ANACLAUDIA_NOGUEIRA;25.05.2026;ANACLAUDIA_NOGUEIRA;5.15;PENDENTE;R072;02611833974;HUDSON PERES DORIGAO BELISARIO DE SOUZA
669628137;0320003;0211020036;ELETROCARDIOGRAMA;01110123175;ELY DONIZETH DE ASSIS JUNIOR;26.05.2026;14:00;0;706308728404476;ESTEFANIE ROZARIO DE OLIVEIRA;06.11.1998;27;332;ANA MARIA DO ROZARIO;RUA;CURIO;CASA;1437;JARDIM GRAMADO;79490000;(67)99638-8329;SAO GABRIEL DO OESTE;500769;SAO GABRIEL DO OESTE;500769;6452116;CENTRO DE ESPECIALIDADES MEDICAS;F;25.05.2026;PATRICKMASIAGA;25.05.2026;PATRICKMASIAGA;5.15;PENDENTE;K801;48047740172;EVA WILMA ABDO DOS SANTOS GUIMARAES
669633883;0110002;0301010072;CONSULTA EM ORTOPEDIA - GERAL;06302616603;ROMULO AMARAL TAFURI;27.05.2026;12:30;0;705004825374056;INGRID NICOLE PINHEIRO;28.05.2002;24;289;NAILDA SILVA DOS SANTOS;RUA;FENIX;;64;FENIX;79490000;(67)99629-0375;SAO GABRIEL DO OESTE;500769;SAO GABRIEL DO OESTE;500769;6452116;CENTRO DE ESPECIALIDADES MEDICAS;F;25.05.2026;PATRICKMASIAGA;26.05.2026;VANIA_MARIANO;10.00;PENDENTE;S626;;NATALIA NUBIA CORREIA DE LIMA 
669661665;0320003;0211020036;ELETROCARDIOGRAMA;01110123175;ELY DONIZETH DE ASSIS JUNIOR;26.05.2026;08:00;0;709004814060910;NATHAN DA SILVA FURST;11.05.2022;04;49;MAIRA ALVES DA SILVA;RUA;ARAPONGAS;;639;JARDIM GRAMADO;79490000;(67)99613-5029;SAO GABRIEL DO OESTE;500769;SAO GABRIEL DO OESTE;500769;2370964;UNIDADE DE SAUDE DA FAMILIA III;M;25.05.2026;ANACLAUDIA_NOGUEIRA;25.05.2026;ANACLAUDIA_NOGUEIRA;5.15;PENDENTE;Z018;02611833974;HUDSON PERES DORIGAO BELISARIO DE SOUZA
669667804;0320003;0211020036;ELETROCARDIOGRAMA;01110123175;ELY DONIZETH DE ASSIS JUNIOR;26.05.2026;08:00;0;706404161058187;MATHEUS SANTOS SILVA;24.08.1998;27;334;MARCIA SANTOS DE SALES;RUA;JOAO EVANGELISTA ROSA;CASA;537;CENTRO;79490000;(67)99928-9408 / (67)99934-6677;SAO GABRIEL DO OESTE;500769;SAO GABRIEL DO OESTE;500769;2370964;UNIDADE DE SAUDE DA FAMILIA III;M;25.05.2026;ANACLAUDIA_NOGUEIRA;25.05.2026;ANACLAUDIA_NOGUEIRA;5.15;PENDENTE;R53;02611833974;HUDSON PERES DORIGAO BELISARIO DE SOUZA
669671321;3100249;0207010013;ANGIORESSONANCIA CEREBRAL ARTERIAL;00125300006;MEDICOS SUS;29.05.2026;11:00;0;706408625008682;SUELI DELGADO DE SOUZA;17.09.1967;58;705;RAMONA DELGADO;RUA;ANHUMAS;CASA;1259;JARDIM GRAMADO;79491016;(67)99180-3300;SAO GABRIEL DO OESTE;500769;SAO GABRIEL DO OESTE;500769;6354265;CENTRAL DE REGULACAO DE SAO GABRIEL DO OESTE;F;25.05.2026;CLEIDIANE_REGULADOR;25.05.2026;CLEIDIANE_REGULADOR;268.75;CONFIRMADO;D353;;ANSELMO COSTA
669700533;0320003;0211020036;ELETROCARDIOGRAMA;01110123175;ELY DONIZETH DE ASSIS JUNIOR;27.05.2026;08:00;0;702403019762429;EDINEI PINTO VIERA;07.11.1975;50;608;JACIRA NUNES VIERA;RUA;CEREJEIRA;;499;SÃO CRISTOVÃO;79490000;(67)99936-7572;SAO GABRIEL DO OESTE;500769;SAO GABRIEL DO OESTE;500769;7002084;UNIDADE DE SAUDE DA FAMILIA IX;M;26.05.2026;AMANDALUIZA_BIAZUS;26.05.2026;AMANDALUIZA_BIAZUS;5.15;CONFIRMADO;I10;06901507925;EVELYN KASSIA TUDISCO FERNANDES
669704384;1703204;0211020044;HOLTER 24 HORAS;01110123175;ELY DONIZETH DE ASSIS JUNIOR;28.05.2026;09:00;0;700408488040440;OSVALDO BARIA;09.07.1946;79;959;MARIA APARECIDA GONCALVES DA SILVA BARIA;RUA;TICO-TICO;;138;FENIX;79491096;(67)99932-3314;SAO GABRIEL DO OESTE;500769;SAO GABRIEL DO OESTE;500769;6452116;CENTRO DE ESPECIALIDADES MEDICAS;M;26.05.2026;ARI_CEM;26.05.2026;ARI_CEM;30.00;CONFIRMADO;I499;01110123175;ELY DONIZETH DE ASSIS JUNIOR
669733602;3100031;0207030030;RESSONANCIA MAGNETICA DO JOELHO DIREITO;00125300006;MEDICOS SUS;30.05.2026;06:00;0;700000567022409;JOSE ROBERTO ALMEIDA DOS SANTOS;06.01.1976;50;606;TEREZA ALMEIDA DE JESUS;RUA;OSORIO RODRIGUES DA SILVA;CASA;507;JARDIM ALVORADA;79490000;(44)98818-9645;SAO GABRIEL DO OESTE;500769;SAO GABRIEL DO OESTE;500769;6354265;CENTRAL DE REGULACAO DE SAO GABRIEL DO OESTE;M;26.05.2026;CLEIDIANE_REGULADOR;26.05.2026;CLEIDIANE_REGULADOR;268.75;PENDENTE;S83;;NELSON BARBOSA TAVARES FILHO
669776846;0282063;0301010072;CONSULTA EM OTORRINOLARINGOLOGIA;78877326115;ANA PAULA CAVALIERI PONTES;29.05.2026;07:00;0;702403035967021;IZABEL CRISTINA DA SILVA;12.04.1968;58;698;HILDA MARIA SOUZA DA SILVA;RUA;MANOEL ROSA 401/1250;;116;JARDIM PRIMAVERA;79490138;(67)99965-5376;SAO GABRIEL DO OESTE;500769;SAO GABRIEL DO OESTE;500769;6452116;CENTRO DE ESPECIALIDADES MEDICAS;F;26.05.2026;FERNANDACRISTINAALVES;26.05.2026;VANIA_MARIANO;10.00;PENDENTE;Z016;78877326115;ANA PAULA CAVALIERI PONTES
669777421;0015001;0301010072;CONSULTA EM OFTALMOLOGIA GERAL;45183520097;JONI HILDOR SCHWEICKARDT;28.05.2026;14:00;0;709005897139618;ELOA OLIVEIRA PORTELA;13.11.2025;00;7;DAYANA CRISTINA OLIVEIRA SANTOS RODRIGUES;RUA;PARA;;533;AMABILE MAFFISSONI;79490100;(67)99618-2900;SAO GABRIEL DO OESTE;500769;SAO GABRIEL DO OESTE;500769;6452116;CENTRO DE ESPECIALIDADES MEDICAS;F;26.05.2026;PATRICKMASIAGA;26.05.2026;VANIA_MARIANO;10.00;CONFIRMADO;Z00;;RHUANNE SIQUEIRA
669833802;0015001;0301010072;CONSULTA EM OFTALMOLOGIA GERAL;45183520097;JONI HILDOR SCHWEICKARDT;28.05.2026;16:00;0;700207494241224;MARIA EDUARDA DOS SANTOS;07.03.2005;21;256;LUZIA TANIA DE SOUZA DOS SANTOS;FAZENDA;VIVEL I;;S/N;ZONA RURAL;79493899;(67)99864-8586;SAO GABRIEL DO OESTE;500769;SAO GABRIEL DO OESTE;500769;6452116;CENTRO DE ESPECIALIDADES MEDICAS;F;26.05.2026;PATRICKMASIAGA;26.05.2026;VANIA_MARIANO;10.00;CONFIRMADO;O14;;MARIA FERNANDA 
669922765;0282063;0301010072;CONSULTA EM OTORRINOLARINGOLOGIA;78877326115;ANA PAULA CAVALIERI PONTES;29.05.2026;07:00;0;700509955077859;NAIR DE OLIVEIRA PENTEADO MORAIS DO PRADO;02.07.1967;59;708;IZULINA FARIAS PENTEADO;RUA;CURICACA;;497;JARDIM GRAMADO;79490000;(67)99667-3828;SAO GABRIEL DO OESTE;500769;SAO GABRIEL DO OESTE;500769;5971055;UNIDADE DE SAUDE DA FAMILIA VIII;F;26.05.2026;JESSICAPADILHA;26.05.2026;JESSICAPADILHA;10.00;PENDENTE;J328;04805244160;RENNAN ORTIZ BUENO
669946517;0320174;0301010072;CONSULTA EM PNEUMOLOGIA - GERAL;09028429603;BERNARDO MEDEIROS MAIA;28.05.2026;12:30;0;708702103510694;OTILIA DA SILVA;28.02.1963;63;760;CLEMENTINA STEFANSKI DA SILVA;RUA;ESPIRITO SANTO;CASA;1070;CENTRO;79490000;(67)9841-2351;SAO GABRIEL DO OESTE;500769;SAO GABRIEL DO OESTE;500769;6354265;CENTRAL DE REGULACAO DE SAO GABRIEL DO OESTE;F;26.05.2026;VANIA_MARIANO;26.05.2026;VANIA_MARIANO;10.00;CONFIRMADO;Z00;00125300006;MEDICOS SUS
669946713;0110002;0301010072;CONSULTA EM ORTOPEDIA - GERAL;06302616603;ROMULO AMARAL TAFURI;27.05.2026;12:30;0;708408760713263;JONAS PAVAO CABELHO;25.08.1995;30;370;ANTONIA PAVAO CABELHO;RUA;DAS GAIVOTAS 1466/99999;;2062;FENIX;79491094;(67)99627-8292 / (67)99654-2141;SAO GABRIEL DO OESTE;500769;SAO GABRIEL DO OESTE;500769;2370999;UNIDADE DE SAUDE DA FAMILIA FENIX IV;M;26.05.2026;GUSTAVO_PIAIA;26.05.2026;VANIA_MARIANO;10.00;CONFIRMADO;S462;96245646120;RAFAELLA MARIA COSTA GOIS DE FIGUEIREDO
669953361;0320003;0211020036;ELETROCARDIOGRAMA;01110123175;ELY DONIZETH DE ASSIS JUNIOR;27.05.2026;14:00;0;704509339332914;SEBASTIAO DE SOUZA LARA NETO;04.01.1974;52;630;ELOIR SOUZA DE LARA;RUA;CONDE DE PORTO ALEGRE;CASA;772;MILANI;79490000;(67)9857-8357;SAO GABRIEL DO OESTE;500769;SAO GABRIEL DO OESTE;500769;2370972;UNIDADE DE SAUDE DA FAMILIA MILANE II;M;26.05.2026;FLAVIA_RODRIGUES;26.05.2026;FLAVIA_RODRIGUES;5.15;PENDENTE;I83;83798633134;JOAO BAPTISTA BARBOSA SOUZA
669968809;3100953;0207030022;RESSONANCIA MAGNETICA DE BACIA / PELVE / ABDOMEN INFERIOR;00125300006;MEDICOS SUS;29.05.2026;13:00;0;704000347154260;RENATA DIAS SOBRINHO;23.02.1992;34;412;ANTONIA PEREIRA DIAS;CHACARA;NOSSA SENHORA APARECIDA;ITAQUI 136;S/N;ZONA RURAL;79490000;(67)99656-3754;SAO GABRIEL DO OESTE;500769;SAO GABRIEL DO OESTE;500769;6354265;CENTRAL DE REGULACAO DE SAO GABRIEL DO OESTE;F;26.05.2026;CLEIDIANE_REGULACAO;27.05.2026;CLEIDIANE_REGULADOR;268.75;CONFIRMADO;D26;;MARIA FERNANDA DIAS BASILIO
670025527;1703204;0211020044;HOLTER 24 HORAS;01110123175;ELY DONIZETH DE ASSIS JUNIOR;29.05.2026;09:00;0;700001822301909;JOAO SIQUEIRA DA SILVA;26.04.1951;75;902;JOANA DIAS DA SILVA;RUA;GOIAS;;2424;CENTRO;79490000;(67)99693-6912;SAO GABRIEL DO OESTE;500769;SAO GABRIEL DO OESTE;500769;6452116;CENTRO DE ESPECIALIDADES MEDICAS;M;27.05.2026;PATRICKMASIAGA;27.05.2026;PATRICKMASIAGA;30.00;CONFIRMADO;R074;01110123175;ELY DONIZETH DE ASSIS JUNIOR
670052471;0320003;0211020036;ELETROCARDIOGRAMA;01110123175;ELY DONIZETH DE ASSIS JUNIOR;29.05.2026;14:00;0;702807187720266;CONCEICAO APARECIDA DE BARROS DA SILVA;08.07.1969;56;683;MARIA JULIA DE BARROS;CHACARA;NOSSA SENHORA APARECIDA;;S/N;RURAL;79490000;(67)99847-6132;SAO GABRIEL DO OESTE;500769;SAO GABRIEL DO OESTE;500769;7333218;UNIDADE DE SAUDE DA FAMILIA X;F;27.05.2026;RAISSASILVALIMA;27.05.2026;RAISSASILVALIMA;5.15;PENDENTE;Z000;63805480172;CLEDSON PERETTI
670057921;0505002;0211020052;MONITORIZACAO AMBULATORIAL DE PRESSAO ARTERIAL (M.A.P.A)                                            ;01110123175;ELY DONIZETH DE ASSIS JUNIOR;28.05.2026;13:00;0;706900198607933;MARIA DE FATIMA RODRIGUES DA SILVA;14.06.1974;52;624;NEUZA RODRIGUES DA SILVA;RUA;AZULAO;CASA;1245;CONJUNTO FENIX;79490000;(67)99654-3592;SAO GABRIEL DO OESTE;500769;SAO GABRIEL DO OESTE;500769;6452116;CENTRO DE ESPECIALIDADES MEDICAS;F;27.05.2026;PATRICKMASIAGA;27.05.2026;PATRICKMASIAGA;10.07;CONFIRMADO;I10;01110123175;ELY DONIZETH DE ASSIS JUNIOR
670090996;0320003;0211020036;ELETROCARDIOGRAMA;01110123175;ELY DONIZETH DE ASSIS JUNIOR;29.05.2026;08:00;0;702006744868390;JOAO PEDRO DA SILVA NOGUEIRA;30.05.2007;19;229;EVA MARIA DA SILVA;RUA;CURRUIRAS;CASA;1697;FENIX;79490000;(65)9934-5621;SAO GABRIEL DO OESTE;500769;SAO GABRIEL DO OESTE;500769;6452116;CENTRO DE ESPECIALIDADES MEDICAS;M;27.05.2026;PATRICKMASIAGA;27.05.2026;PATRICKMASIAGA;5.15;PENDENTE;Z016;00125300006;MEDICOS SUS
670094655;0282063;0301010072;CONSULTA EM OTORRINOLARINGOLOGIA;78877326115;ANA PAULA CAVALIERI PONTES;29.05.2026;07:00;0;705000059230857;MARIA CELIA CUSTODIO BENTO;01.04.1979;47;567;MARINA CUSTODIO BENTO;RUA;ARAPONGAS;;520;JARDIM GRAMADO;79490000;(92)98416-9224;SAO GABRIEL DO OESTE;500769;SAO GABRIEL DO OESTE;500769;6452116;CENTRO DE ESPECIALIDADES MEDICAS;F;27.05.2026;PATRICKMASIAGA;27.05.2026;PATRICKMASIAGA;10.00;PENDENTE;Z00;78877326115;ANA PAULA CAVALIERI PONTES
670133461;0110002;0301010072;CONSULTA EM ORTOPEDIA - GERAL;06302616603;ROMULO AMARAL TAFURI;27.05.2026;12:30;0;707509239143790;ELIZEU SCARIOT;20.09.1939;86;1041;ONDINA DA SILVA SCARIOT;RUA;GOIAS;;2145;CENTRO;79490000;(67)3295-1895;SAO GABRIEL DO OESTE;500769;SAO GABRIEL DO OESTE;500769;6354265;CENTRAL DE REGULACAO DE SAO GABRIEL DO OESTE;M;27.05.2026;VANIA_MARIANO;27.05.2026;VANIA_MARIANO;10.00;CONFIRMADO;M796;;CLEDSON PERETTI
670156709;3100230;0207010048;RESSONANCIA MAGNETICA DE COLUNA LOMBAR;00125300006;MEDICOS SUS;29.05.2026;07:00;0;706803295000820;ALDELIRIA MARIA DE JESUS OLIVEIRA;24.02.1973;53;640;FRANCISCA MARIA DE OLIVEIRA;RUA;UIRAPURU;;163;JARDIM GRAMADO;79490000;(67)99949-4982;SAO GABRIEL DO OESTE;500769;SAO GABRIEL DO OESTE;500769;6354265;CENTRAL DE REGULACAO DE SAO GABRIEL DO OESTE;F;27.05.2026;CLEIDIANE_REGULADOR;27.05.2026;CLEIDIANE_REGULADOR;268.75;PENDENTE;M549;65742103653;SOLICITANTE_SAO GABRIEL DO OESTE
670157608;3100230;0207010048;RESSONANCIA MAGNETICA DE COLUNA LOMBAR;00125300006;MEDICOS SUS;29.05.2026;07:00;0;706706541922311;MARILSA CUNHA DE PAULO;22.04.1973;53;638;REGINA APARECIDA CUNHA DE PAULO;RUA;PEDRO SEGATO;CASA;31;FENIX;79490000;(67)9689-4712;SAO GABRIEL DO OESTE;500769;SAO GABRIEL DO OESTE;500769;6354265;CENTRAL DE REGULACAO DE SAO GABRIEL DO OESTE;F;27.05.2026;CLEIDIANE_REGULADOR;27.05.2026;CLEIDIANE_REGULADOR;268.75;CONFIRMADO;M513;65742103653;SOLICITANTE_SAO GABRIEL DO OESTE
670160523;3100004;0207010030;RESSONANCIA MAGNETICA DE COLUNA CERVICAL                    ;00125300006;MEDICOS SUS;30.05.2026;06:00;0;702602226806143;CLAUDEMIR IAGUZESKI;26.02.1968;58;700;IVANILDE SGUAREZI IAGUZESKI;SITIO;ASSENTAMENTO SAO FRANCISCO;MATADEIRA;S/N;ZONA RURAL;79480000;(67)99918-6127;RIO VERDE DE MATO GROSSO;500740;SAO GABRIEL DO OESTE;500769;6354265;CENTRAL DE REGULACAO DE SAO GABRIEL DO OESTE;M;27.05.2026;CLEIDIANE_REGULADOR;27.05.2026;CLEIDIANE_REGULADOR;268.75;CONFIRMADO;M543;65742103653;SOLICITANTE_SAO GABRIEL DO OESTE
670160523;3100230;0207010048;RESSONANCIA MAGNETICA DE COLUNA LOMBAR;00125300006;MEDICOS SUS;30.05.2026;06:00;0;702602226806143;CLAUDEMIR IAGUZESKI;26.02.1968;58;700;IVANILDE SGUAREZI IAGUZESKI;SITIO;ASSENTAMENTO SAO FRANCISCO;MATADEIRA;S/N;ZONA RURAL;79480000;(67)99918-6127;RIO VERDE DE MATO GROSSO;500740;SAO GABRIEL DO OESTE;500769;6354265;CENTRAL DE REGULACAO DE SAO GABRIEL DO OESTE;M;27.05.2026;CLEIDIANE_REGULADOR;27.05.2026;CLEIDIANE_REGULADOR;268.75;CONFIRMADO;M543;65742103653;SOLICITANTE_SAO GABRIEL DO OESTE
670161855;3100953;0207030022;RESSONANCIA MAGNETICA DE BACIA / PELVE / ABDOMEN INFERIOR;00125300006;MEDICOS SUS;30.05.2026;06:00;0;702006768148290;EDEMAR SOUZA DA SILVA;16.09.1952;73;885;MARIA LOURDES SOUZA DA SILVA;RUA;JOSE HONORIO SOBRINHO;;1006;CENTRO;79490053;(67)99654-7954;SAO GABRIEL DO OESTE;500769;SAO GABRIEL DO OESTE;500769;6354265;CENTRAL DE REGULACAO DE SAO GABRIEL DO OESTE;M;27.05.2026;CLEIDIANE_REGULADOR;27.05.2026;CLEIDIANE_REGULADOR;268.75;CONFIRMADO;C61;65742103653;SOLICITANTE_SAO GABRIEL DO OESTE
670262413;3100048;0207020027;RESSONANCIA MAGNETICA DE COTOVELO DIREITO;00125300006;MEDICOS SUS;30.05.2026;06:00;0;708408760713263;JONAS PAVAO CABELHO;25.08.1995;30;370;ANTONIA PAVAO CABELHO;RUA;DAS GAIVOTAS 1466/99999;;2062;FENIX;79491094;(67)99627-8292 / (67)99654-2141;SAO GABRIEL DO OESTE;500769;SAO GABRIEL DO OESTE;500769;6354265;CENTRAL DE REGULACAO DE SAO GABRIEL DO OESTE;M;27.05.2026;THAYANA_SAOGABRIEL;27.05.2026;CLEIDIANE_REGULADOR;268.75;CONFIRMADO;S462;65742103653;SOLICITANTE_SAO GABRIEL DO OESTE
670484722;1703204;0211020044;HOLTER 24 HORAS;01110123175;ELY DONIZETH DE ASSIS JUNIOR;28.05.2026;09:00;0;704502620522520;MARIA LUZIA ALMEIDA DA SILVA;13.12.1967;58;702;OTACILIA ALMEIDA DA SILVA;RUA;PARANA;;1270;CENTRO;79490000;(67)9999-0276;SAO GABRIEL DO OESTE;500769;SAO GABRIEL DO OESTE;500769;6354265;CENTRAL DE REGULACAO DE SAO GABRIEL DO OESTE;F;28.05.2026;VANIA_MARIANO;28.05.2026;VANIA_MARIANO;30.00;CONFIRMADO;I421;;ELY DONIZETH
670499333;3100230;0207010048;RESSONANCIA MAGNETICA DE COLUNA LOMBAR;00125300006;MEDICOS SUS;30.05.2026;06:00;0;708200177170547;ANA MARIA RODRIGUES DA ROSA;21.09.1976;49;597;LOURDES MARIA DA ROSA;AVENIDA;CASTELO BRANCO;;1021;CENTRO;79490000;(67)9601-4534;SAO GABRIEL DO OESTE;500769;SAO GABRIEL DO OESTE;500769;6354265;CENTRAL DE REGULACAO DE SAO GABRIEL DO OESTE;F;28.05.2026;CLEIDIANE_REGULADOR;28.05.2026;CLEIDIANE_REGULADOR;268.75;CONFIRMADO;M501;65742103653;SOLICITANTE_SAO GABRIEL DO OESTE
