solicitacao;codigo_interno;codigo_unificado;descricao_procedimento;cpf_proficional_executante;nome_profissional_executante;data_agendamento;hr_agendamento;tipo;cns;nome;dt_nascimento;idade;idade_meses;nome_mae;tipo_logradouro;logradouro;complemento;numero_logradouro;bairro;cep;telefone;municipio;ibge;mun_solicitante;ibge_solicitante;cnes_solicitante;unidade_fantasia;sexo;data_solicitacao;operador_solicitante;data_autorizacao;operador_autorizador;valor_procedimento;situacao;cid;cpf_profissional_solicitante;nome_profissional_solicitante
660489348;0299008;0301010072;CONSULTA EM CIRURGIA VASCULAR – GERAL;70808015087;CELIO HELEGDA;05.05.2026;18:00;0;700206448689322;LUCIANA DOS SANTOS RODRIGUES;16.08.1982;43;525;LAUDELINA DOS SANTOS RODRIGUES;AVENIDA;CASTELO BRANCO;CASA;1891;PRIMO MAFFISSONI;79490000;(67)99618-4547;SAO GABRIEL DO OESTE;500769;SAO GABRIEL DO OESTE;500769;2370964;UNIDADE DE SAUDE DA FAMILIA III;F;07.04.2026;CLEIDIANE_UNIDADEIII;07.04.2026;CLEIDIANE_UNIDADEIII;10.00;PENDENTE;I83;02611833974;HUDSON PERES DORIGAO BELISARIO DE SOUZA
660490534;0299008;0301010072;CONSULTA EM CIRURGIA VASCULAR – GERAL;70808015087;CELIO HELEGDA;05.05.2026;18:00;0;709200202172437;MARIA AUXILIADORA DE ARRUDA PADILHA;15.11.1963;62;750;NADIR SERGIO DE ARRUDA;AVENIDA;JUSCELINO KUBISTCHEK;CASA;500;CENTRO;79490000;(65)98448-9098 / (65)99239-7334;SAO GABRIEL DO OESTE;500769;SAO GABRIEL DO OESTE;500769;2370964;UNIDADE DE SAUDE DA FAMILIA III;F;07.04.2026;CLEIDIANE_UNIDADEIII;07.04.2026;CLEIDIANE_UNIDADEIII;10.00;PENDENTE;I872;;RODOLFO PELISSARI ZAMBOLIN
660492216;0299008;0301010072;CONSULTA EM CIRURGIA VASCULAR – GERAL;70808015087;CELIO HELEGDA;05.05.2026;18:00;0;702603212506844;JOSE CARLOS ROSA;15.01.1963;63;760;ANTONIETA BATISTA ROSA;RUA;ALAGOAS;;3141;CENTRO;79490000;(61)3315-2425 / (67)99839-4775;SAO GABRIEL DO OESTE;500769;SAO GABRIEL DO OESTE;500769;2370964;UNIDADE DE SAUDE DA FAMILIA III;M;07.04.2026;CLEIDIANE_UNIDADEIII;07.04.2026;CLEIDIANE_UNIDADEIII;10.00;PENDENTE;E105;02611833974;HUDSON PERES DORIGAO BELISARIO DE SOUZA
660526666;0299008;0301010072;CONSULTA EM CIRURGIA VASCULAR – GERAL;70808015087;CELIO HELEGDA;05.05.2026;18:00;0;704002384369463;ANA VILELA DOS SANTOS;12.11.1996;29;354;ROSALINA VILELA GOMES DOS SANTOS;RUA;CURRUIRAS;;1391;JD GRAMADO;79490000;(67)99938-7215;SAO GABRIEL DO OESTE;500769;SAO GABRIEL DO OESTE;500769;5971055;UNIDADE DE SAUDE DA FAMILIA VIII;F;07.04.2026;CLEIDIANE_ESFVIII;07.04.2026;CLEIDIANE_ESFVIII;10.00;PENDENTE;I83;04805244160;RENNAN ORTIZ BUENO
660578034;0299008;0301010072;CONSULTA EM CIRURGIA VASCULAR – GERAL;70808015087;CELIO HELEGDA;05.05.2026;19:00;0;701206009799016;MARIA MACHADO DE OLIVEIRA;06.06.1970;55;671;JESUINA MACHADO DE OLIVEIRA;RUA;COLIBRI;;771;FENIX;79490000;(67)99857-3334;SAO GABRIEL DO OESTE;500769;SAO GABRIEL DO OESTE;500769;2370999;UNIDADE DE SAUDE DA FAMILIA FENIX IV;F;07.04.2026;CLEIDIANE_FENIX;07.04.2026;CLEIDIANE_FENIX;10.00;PENDENTE;I724;96245646120;RAFAELLA MARIA COSTA GOIS DE FIGUEIREDO
660751413;0299008;0301010072;CONSULTA EM CIRURGIA VASCULAR – GERAL;70808015087;CELIO HELEGDA;05.05.2026;19:00;0;706800719060423;SANTINA ELSA VIEDA BOMBIERI;11.01.1953;73;880;CLARINDA CORREA DA ROSA;RUA;ANHUMAS;;626;JARDIM GRAMADO;79490000;(67)99892-6546 / (67)99651-8682;SAO GABRIEL DO OESTE;500769;SAO GABRIEL DO OESTE;500769;5971055;UNIDADE DE SAUDE DA FAMILIA VIII;F;08.04.2026;CLEIDIANE_ESFVIII;08.04.2026;CLEIDIANE_ESFVIII;10.00;PENDENTE;I872;04805244160;RENNAN ORTIZ BUENO
660761703;0299008;0301010072;CONSULTA EM CIRURGIA VASCULAR – GERAL;70808015087;CELIO HELEGDA;05.05.2026;19:00;0;700809952224386;REGINALDO ANSELMO DE OLIVEIRA;29.11.1977;48;581;DULCE BARCELLOS DE OLIVEIRA;FAZENDA;ANHUMAS;;970;JARDIM GRAMADO;79490000;(67)99820-9663;SAO GABRIEL DO OESTE;500769;SAO GABRIEL DO OESTE;500769;2370999;UNIDADE DE SAUDE DA FAMILIA FENIX IV;M;08.04.2026;CLEIDIANE_FENIX;08.04.2026;CLEIDIANE_FENIX;10.00;PENDENTE;I83;96245646120;RAFAELLA MARIA COSTA GOIS DE FIGUEIREDO
660762357;0299008;0301010072;CONSULTA EM CIRURGIA VASCULAR – GERAL;70808015087;CELIO HELEGDA;05.05.2026;19:00;0;708004325885226;ERIKA LOBO HENRIQUE;03.07.2007;18;226;LUCI MARA LOBO;RUA;ANHUMAS;CASA 1;983;JARDIM GRAMADO;79490000;(67)99679-4338;SAO GABRIEL DO OESTE;500769;SAO GABRIEL DO OESTE;500769;2370999;UNIDADE DE SAUDE DA FAMILIA FENIX IV;F;08.04.2026;CLEIDIANE_FENIX;08.04.2026;CLEIDIANE_FENIX;10.00;PENDENTE;R522;96245646120;RAFAELLA MARIA COSTA GOIS DE FIGUEIREDO
660763598;0282063;0301010072;CONSULTA EM OTORRINOLARINGOLOGIA;78877326115;ANA PAULA CAVALIERI PONTES;07.05.2026;18:00;0;704800521324548;DAVI LOPES RODRIGUES;26.03.2022;04;49;HELLEN RODRIGUES BARROS;RUA;PEDRO SEGATTO;;187;FENIX;79490000;(67)98220-1353;SAO GABRIEL DO OESTE;500769;SAO GABRIEL DO OESTE;500769;2370999;UNIDADE DE SAUDE DA FAMILIA FENIX IV;M;08.04.2026;CLEIDIANE_FENIX;08.04.2026;CLEIDIANE_FENIX;10.00;PENDENTE;R13;96245646120;RAFAELLA MARIA COSTA GOIS DE FIGUEIREDO
660785407;0282063;0301010072;CONSULTA EM OTORRINOLARINGOLOGIA;78877326115;ANA PAULA CAVALIERI PONTES;07.05.2026;18:00;0;700408369059350;PAULO HENRIQUE SOARES DA SILVA NETO;05.12.2013;12;149;CARLA VANDES DE OLIVEIRA SOARES;RUA;PIRATINI;CASA2;136;MILANI;79490000;(67)99692-9647;SAO GABRIEL DO OESTE;500769;SAO GABRIEL DO OESTE;500769;2370980;UNIDADE DE SAUDE DA FAMILIA JARDIM GRAMADO I;M;08.04.2026;CLEIDIANE_UNIDADEGRAMADOI;08.04.2026;CLEIDIANE_UNIDADEGRAMADOI;10.00;PENDENTE;Z000;01454652179;MAYARA MARIA MELKE GUIMARAES
660796540;0282063;0301010072;CONSULTA EM OTORRINOLARINGOLOGIA;78877326115;ANA PAULA CAVALIERI PONTES;07.05.2026;18:00;0;700608906954963;RUDIMAR LUIS MERLO;20.11.1967;58;702;TERESINHA FOLLE MERLO;RUA;TUIUIUI;;602;JARDIM GRAMADO;79490000;(67)99810-9151;SAO GABRIEL DO OESTE;500769;SAO GABRIEL DO OESTE;500769;2370980;UNIDADE DE SAUDE DA FAMILIA JARDIM GRAMADO I;M;08.04.2026;CLEIDIANE_UNIDADEGRAMADOI;08.04.2026;CLEIDIANE_UNIDADEGRAMADOI;10.00;PENDENTE;H931;01454652179;MAYARA MARIA MELKE GUIMARAES
661042053;0299008;0301010072;CONSULTA EM CIRURGIA VASCULAR – GERAL;70808015087;CELIO HELEGDA;19.05.2026;18:00;0;708702156794093;VALDIR DE ALMEIDA RIBEIRO;14.02.1978;48;579;VALDIRA PEREIRA DE ALMEIDA;RUA;PORFIRIO GONÇALVES;;1711;CENTRO;79480000;(67)98193-9025;RIO VERDE DE MATO GROSSO;500740;SAO GABRIEL DO OESTE;500769;2599376;UNIDADE DE SAUDE DA FAMILIA VI;M;09.04.2026;CLEIDIANE_ESFVI;09.04.2026;CLEIDIANE_ESFVI;10.00;PENDENTE;I872;06437691107;MAIARA FLORES SCARIOT
661068364;0282063;0301010072;CONSULTA EM OTORRINOLARINGOLOGIA;78877326115;ANA PAULA CAVALIERI PONTES;07.05.2026;18:00;0;705001860521458;VALDECIR PRADO CINTRA;06.11.1968;57;690;LURDES PRADO CINTRA;FAZENDA;RANCHO SAO JORGE;DISTRITO AREADO;S/N;RURAL;79490000;(67)9258-3314;SAO GABRIEL DO OESTE;500769;SAO GABRIEL DO OESTE;500769;3400964;UNIDADE DE SAUDE DA FAMILIA RURAL VII;M;09.04.2026;CLEIDIANE_RURALVII;09.04.2026;CLEIDIANE_RURALVII;10.00;PENDENTE;Z011;;JOAO BAPTISTA BARBOSA SOUZA
661069618;0282063;0301010072;CONSULTA EM OTORRINOLARINGOLOGIA;78877326115;ANA PAULA CAVALIERI PONTES;07.05.2026;18:00;0;704006822456969;IDALINA ANTONINA NERYS;25.03.1966;60;722;GELY ANTONINA NERYS;RUA;AREADO;DISTRITO;S/N;AREADO;79490000;(67)99841-2324;SAO GABRIEL DO OESTE;500769;SAO GABRIEL DO OESTE;500769;3400964;UNIDADE DE SAUDE DA FAMILIA RURAL VII;F;09.04.2026;CLEIDIANE_RURALVII;09.04.2026;CLEIDIANE_RURALVII;10.00;PENDENTE;Z011;;JOAO BAPTISTA BARBOSA SOUZA
661198146;1314095;0204030153;TORAX (PA + PERFIL);01320968112;MARCELO MARTINS ROCHA;05.05.2026;11:00;0;700009307864904;MARIA LUCIA DIAS DA COSTA;11.04.1957;69;829;QUITERIA CAVALCANTE DIAS;LOTEAMENTO;ITAQUI;ASSENTAMENTO;161;RURAL;79490000;(67)99953-5715;SAO GABRIEL DO OESTE;500769;SAO GABRIEL DO OESTE;500769;3400964;UNIDADE DE SAUDE DA FAMILIA RURAL VII;F;09.04.2026;CLEIDIANE_RURALVII;09.04.2026;CLEIDIANE_RURALVII;9.50;PENDENTE;R060;02453491113;MILENA GUEDIN VARGAS
661218478;1314095;0204030153;TORAX (PA + PERFIL);01320968112;MARCELO MARTINS ROCHA;14.05.2026;11:00;0;705003430562754;JOANES DAL SANTO;12.08.1986;39;477;DELIDES CARMO DAL SANTO;FAZENDA;PLATINA;;S/N;ZONA RURAL;79490000;(67)99692-4979;SAO GABRIEL DO OESTE;500769;SAO GABRIEL DO OESTE;500769;3400964;UNIDADE DE SAUDE DA FAMILIA RURAL VII;M;09.04.2026;CLEIDIANE_RURALVII;09.04.2026;CLEIDIANE_RURALVII;9.50;PENDENTE;Z488;02453491113;MILENA GUEDIN VARGAS
661251061;0299008;0301010072;CONSULTA EM CIRURGIA VASCULAR – GERAL;70808015087;CELIO HELEGDA;19.05.2026;18:00;0;700600968907163;NATALIE EDUARDA RITH DA COSTA;21.08.2003;22;273;ADRIANA RITH;RUA;BEM-TE-VI;;1906;FENIX;79491098;(67)99678-5987 / (67)99938-7527;SAO GABRIEL DO OESTE;500769;SAO GABRIEL DO OESTE;500769;2370999;UNIDADE DE SAUDE DA FAMILIA FENIX IV;F;09.04.2026;CLEIDIANE_FENIX;09.04.2026;CLEIDIANE_FENIX;10.00;PENDENTE;Z000;;CELIO HELEGDA
661251473;0299008;0301010072;CONSULTA EM CIRURGIA VASCULAR – GERAL;70808015087;CELIO HELEGDA;19.05.2026;18:00;0;706805256743828;MARILEI PORTO MARTINS;14.11.1975;50;606;LORENI DE OLIVEIRA;RUA;CURICACA;CASA;614;JARDIM GRAMADO;79491010;(67)99857-7200;SAO GABRIEL DO OESTE;500769;SAO GABRIEL DO OESTE;500769;6452116;CENTRO DE ESPECIALIDADES MEDICAS;F;09.04.2026;FERNANDACRISTINAALVES;09.04.2026;FERNANDACRISTINAALVES;10.00;PENDENTE;Z016;70808015087;CELIO HELEGDA
661252746;0299008;0301010072;CONSULTA EM CIRURGIA VASCULAR – GERAL;70808015087;CELIO HELEGDA;19.05.2026;19:00;0;700009427737209;ROZINEIDE ALVES FERREIRA;05.10.1968;57;691;MARIA PIA FERREIRA;RUA;DOS CANARIOS 1466/99999;;1625;FENIX;79491078;(67)99988-7150;SAO GABRIEL DO OESTE;500769;SAO GABRIEL DO OESTE;500769;6452116;CENTRO DE ESPECIALIDADES MEDICAS;F;09.04.2026;FERNANDACRISTINAALVES;09.04.2026;FERNANDACRISTINAALVES;10.00;PENDENTE;Z016;70808015087;CELIO HELEGDA
661253726;0299008;0301010072;CONSULTA EM CIRURGIA VASCULAR – GERAL;70808015087;CELIO HELEGDA;19.05.2026;18:00;0;708604555725586;ERMELINDO MARQUES DA SILVA;03.09.1961;64;776;NEIDE MARIA RAMOS MARQUES;RUA;RIO GRANDE DO SUL;CASA 01;2145;CENTRO;79490000;(67)99968-7759;SAO GABRIEL DO OESTE;500769;SAO GABRIEL DO OESTE;500769;6452116;CENTRO DE ESPECIALIDADES MEDICAS;M;09.04.2026;FERNANDACRISTINAALVES;09.04.2026;FERNANDACRISTINAALVES;10.00;PENDENTE;Z016;70808015087;CELIO HELEGDA
661490302;0299008;0301010072;CONSULTA EM CIRURGIA VASCULAR – GERAL;70808015087;CELIO HELEGDA;19.05.2026;19:00;0;700403459804549;ROSALINA MALAQUIAS NUNES;07.01.1978;48;580;APARECIDA COSTA NUNES;RUA;PEDRO SEGATTO;;248;FENIX;79491062;(67)99806-3497;SAO GABRIEL DO OESTE;500769;SAO GABRIEL DO OESTE;500769;6452116;CENTRO DE ESPECIALIDADES MEDICAS;F;10.04.2026;FERNANDACRISTINAALVES;10.04.2026;FERNANDACRISTINAALVES;10.00;PENDENTE;Z016;70808015087;CELIO HELEGDA
661498899;0299008;0301010072;CONSULTA EM CIRURGIA VASCULAR – GERAL;70808015087;CELIO HELEGDA;19.05.2026;19:00;0;700501159259755;CLEUZA MARIA TIGRE GUTOSKI;02.10.1978;47;571;LINDA MANTUVANNI TIGRE;RUA;23 DE MAIO;;1569;FENIX;79491112;(61)3315-2425 / (67)99620-5410;SAO GABRIEL DO OESTE;500769;SAO GABRIEL DO OESTE;500769;6452116;CENTRO DE ESPECIALIDADES MEDICAS;F;10.04.2026;FERNANDACRISTINAALVES;10.04.2026;FERNANDACRISTINAALVES;10.00;PENDENTE;Z016;70808015087;CELIO HELEGDA
661568155;1314077;0204060168;PERNA E;80089844149;ANA PAULA DOS SANTOS PEREIRA SILVANY;08.05.2026;07:00;0;701206063614711;CELIO NUNES PAIVA SALES;30.09.1984;41;499;NEUSA MARIA PAIVA DE SALES;RUA;AMAZONAS;;2717;CENTRO;79490000;(67)99623-0305;SAO GABRIEL DO OESTE;500769;SAO GABRIEL DO OESTE;500769;6452116;CENTRO DE ESPECIALIDADES MEDICAS;M;13.04.2026;PATRICKMASIAGA;13.04.2026;PATRICKMASIAGA;8.94;PENDENTE;Z016;00530001101;BRUNO PETINARI UMBELINO
661646441;1314067;0204060060;ARTICULACAO COXO-FEMORAL E;80089844149;ANA PAULA DOS SANTOS PEREIRA SILVANY;04.05.2026;07:00;0;702601774787542;LAURO CHRIST;21.01.1948;78;940;CECILIA JULIANA CHRIST;RUA;PERNAMBUCO;;1230;CENTRO;79490000;(67)99924-6326;SAO GABRIEL DO OESTE;500769;SAO GABRIEL DO OESTE;500769;6452116;CENTRO DE ESPECIALIDADES MEDICAS;M;13.04.2026;FERNANDACRISTINAALVES;13.04.2026;FERNANDACRISTINAALVES;7.77;PENDENTE;Z016;06302616603;ROMULO AMARAL TAFURI
661665919;0282063;0301010072;CONSULTA EM OTORRINOLARINGOLOGIA;78877326115;ANA PAULA CAVALIERI PONTES;07.05.2026;18:00;0;704007338667664;LUCCA ANTONIO SANTOS DA CRUZ;25.07.2017;08;106;DANIELA SANTOS DA SILVA;RUA;CURICACA 1466/99999;;1581;FENIX;79491080;(44)99831-5532;SAO GABRIEL DO OESTE;500769;SAO GABRIEL DO OESTE;500769;5971055;UNIDADE DE SAUDE DA FAMILIA VIII;M;13.04.2026;LAYS_VILHALVA;13.04.2026;LAYS_VILHALVA;10.00;PENDENTE;Z000;04805244160;RENNAN ORTIZ BUENO
661670148;0299008;0301010072;CONSULTA EM CIRURGIA VASCULAR – GERAL;70808015087;CELIO HELEGDA;19.05.2026;19:00;0;700002270402205;ZENY MORAES FASSINI;07.09.1958;67;812;ANA MACHADO MORAIS;RUA;IPÊ;;442;SÃO CRISTOVAO;79490000;(42)99947-2547;SAO GABRIEL DO OESTE;500769;SAO GABRIEL DO OESTE;500769;6452116;CENTRO DE ESPECIALIDADES MEDICAS;F;13.04.2026;PATRICKMASIAGA;13.04.2026;PATRICKMASIAGA;10.00;PENDENTE;Z016;70808015087;CELIO HELEGDA
661693541;0299008;0301010072;CONSULTA EM CIRURGIA VASCULAR – GERAL;70808015087;CELIO HELEGDA;26.05.2026;18:00;0;702001304925081;FRANCISCO MESSIAS DANTAS FILHO;21.08.1954;71;861;AMELIA FRANCISCO DO N DANTAS;RUA;DAS CURRUIRAS;;1180;JARDIM GRAMADO;79491014;(67)99826-9803;SAO GABRIEL DO OESTE;500769;SAO GABRIEL DO OESTE;500769;3400964;UNIDADE DE SAUDE DA FAMILIA RURAL VII;M;13.04.2026;JESSICA_PINHEIRO;13.04.2026;JESSICA_PINHEIRO;10.00;PENDENTE;I832;;RENNAN ORTIZ BUENO
661764812;1314095;0204030153;TORAX (PA + PERFIL);01320968112;MARCELO MARTINS ROCHA;07.05.2026;11:00;0;706404144432386;PEDRO ALVES DE MOURA;29.06.1964;61;742;ALZENIR ALVES DE MOURA;FAZENDA;BOA VISTA RETIRO;;S/N;AREA RURAL DE SAO GABRIEL DO OESTE;79493899;(67)99839-3276;SAO GABRIEL DO OESTE;500769;SAO GABRIEL DO OESTE;500769;3400964;UNIDADE DE SAUDE DA FAMILIA RURAL VII;M;13.04.2026;DULCINEIA_MOCCELIN;13.04.2026;DULCINEIA_MOCCELIN;9.50;PENDENTE;K46;00612619630;KALYNKA SILVIA HIGINO
661845222;1314029;0204020069;COLUNA LOMBO-SACRA;59241284153;CLODOALDO DE AZEVEDO CARDOSO;15.05.2026;15:00;0;700805422166989;FRANCISCA JOCIANA MENDES CRUZ;05.11.1989;36;438;TEREZA COSTA MENDES;RUA;BEM TEVI;CASA;1845;FÊNIX;79490000;(67)98463-7912;SAO GABRIEL DO OESTE;500769;SAO GABRIEL DO OESTE;500769;6452116;CENTRO DE ESPECIALIDADES MEDICAS;F;14.04.2026;FERNANDACRISTINAALVES;14.04.2026;FERNANDACRISTINAALVES;10.96;PENDENTE;Z016;;EVELYN KASSIA TUDISCO FERNANDES
661947024;0299008;0301010072;CONSULTA EM CIRURGIA VASCULAR – GERAL;70808015087;CELIO HELEGDA;26.05.2026;18:00;0;702802691334868;APARECIDA LUIZ;07.07.1971;54;658;SEBASTIANA AUGUSTA;RUA;PINTASSILGO;CASA;1144;JARDIM GRAMADO;79491042;(67)99310-9934;SAO GABRIEL DO OESTE;500769;SAO GABRIEL DO OESTE;500769;6452116;CENTRO DE ESPECIALIDADES MEDICAS;F;14.04.2026;FERNANDACRISTINAALVES;14.04.2026;FERNANDACRISTINAALVES;10.00;PENDENTE;Z016;70808015087;CELIO HELEGDA
661983290;0299008;0301010072;CONSULTA EM CIRURGIA VASCULAR – GERAL;70808015087;CELIO HELEGDA;26.05.2026;18:00;0;704509695563220;MARIA DAS DORES MOREIRA DA SILVA;18.07.1975;50;610;MARIA DE LOURDES MOREIRA DA SILVA;RUA;DAS ARARAS;;1979;FENIX;79491102;(67)99969-9846;SAO GABRIEL DO OESTE;500769;SAO GABRIEL DO OESTE;500769;6452116;CENTRO DE ESPECIALIDADES MEDICAS;F;14.04.2026;PATRICKMASIAGA;14.04.2026;PATRICKMASIAGA;10.00;PENDENTE;Z016;08418818123;PATRICK RICHARD ARGUELHO MASIAGA
662121953;1314031;0204020085;COLUNA LOMBO-SACRA FUNCIONAL / DINAMICA;59241284153;CLODOALDO DE AZEVEDO CARDOSO;04.05.2026;16:00;0;702006313321082;GISLENE CAROLINA DOS SANTOS;26.12.1995;30;364;INÊS DA SILVA;RUA;URUGUAIANA 302/99999;EST PENAL IRMA;563;CORONEL ANTONINO;79011330;(67)3901-1334;CAMPO GRANDE;500270;SAO GABRIEL DO OESTE;500769;6452116;CENTRO DE ESPECIALIDADES MEDICAS;F;14.04.2026;FERNANDACRISTINAALVES;14.04.2026;FERNANDACRISTINAALVES;16.88;PENDENTE;Z016;04469955680;DANIEL ROCHA DO CARMO
662159175;0299008;0301010072;CONSULTA EM CIRURGIA VASCULAR – GERAL;70808015087;CELIO HELEGDA;26.05.2026;18:00;0;709800048893995;VALTENIR MOTA;04.01.1951;75;904;ARISTOTELINA MOTA;RUA;CANARIOS;;1260;JARDIM GRAMADO;79490000;(67)9939-7502;SAO GABRIEL DO OESTE;500769;SAO GABRIEL DO OESTE;500769;6452116;CENTRO DE ESPECIALIDADES MEDICAS;M;15.04.2026;FERNANDACRISTINAALVES;15.04.2026;FERNANDACRISTINAALVES;10.00;PENDENTE;Z016;70808015087;CELIO HELEGDA
662207617;0299008;0301010072;CONSULTA EM CIRURGIA VASCULAR – GERAL;70808015087;CELIO HELEGDA;26.05.2026;19:00;0;702609763092448;ELSA DINIZ PAZ;05.02.1948;78;939;PEDROLINA DINIZ;RUA;SANTA CATARINA;;1255;CENTRO;79490000;(67)3295-3801;SAO GABRIEL DO OESTE;500769;SAO GABRIEL DO OESTE;500769;6452116;CENTRO DE ESPECIALIDADES MEDICAS;F;15.04.2026;PATRICKMASIAGA;15.04.2026;PATRICKMASIAGA;10.00;PENDENTE;Z016;70808015087;CELIO HELEGDA
662217306;0299008;0301010072;CONSULTA EM CIRURGIA VASCULAR – GERAL;70808015087;CELIO HELEGDA;26.05.2026;19:00;0;700008971838501;MARIA LOURDES DOS SANTOS COSTA;15.10.1959;66;799;JOSEFINA MARIA DE JESUS;RUA;ALAGOAS;;2349;CENTRO;79490000;(67)3295-5325 / (67)99952-6652;SAO GABRIEL DO OESTE;500769;SAO GABRIEL DO OESTE;500769;6452116;CENTRO DE ESPECIALIDADES MEDICAS;F;15.04.2026;PATRICKMASIAGA;15.04.2026;PATRICKMASIAGA;10.00;PENDENTE;Z016;;ANGELA BENITES
662343849;0282063;0301010072;CONSULTA EM OTORRINOLARINGOLOGIA;78877326115;ANA PAULA CAVALIERI PONTES;07.05.2026;18:00;0;706903118809332;SINEIDE FREITAS DA SILVEIRA SIQUEIRA;09.12.1957;68;821;ROSA FREITAS DA SILVEIRA;RUA;CANARIOS;;1204;JARDIM GRAMADO;79490000;(67)9940-9543;SAO GABRIEL DO OESTE;500769;SAO GABRIEL DO OESTE;500769;2370980;UNIDADE DE SAUDE DA FAMILIA JARDIM GRAMADO I;F;15.04.2026;ELIANI_MOREIRA;15.04.2026;ELIANI_MOREIRA;10.00;PENDENTE;H920;01454652179;MAYARA MARIA MELKE GUIMARAES
662431655;1314067;0204060060;ARTICULACAO COXO-FEMORAL E;80089844149;ANA PAULA DOS SANTOS PEREIRA SILVANY;13.05.2026;07:00;0;702308012437420;NELSON CORREA;31.01.1963;63;759;LUIZA CARDOSO CORREA;RUA;ESPIRITO SANTO 2400/99999;CASA 2;2610;AMABILE MAFFISSONI;79490108;(67)99643-6261;SAO GABRIEL DO OESTE;500769;SAO GABRIEL DO OESTE;500769;6452116;CENTRO DE ESPECIALIDADES MEDICAS;M;16.04.2026;FERNANDACRISTINAALVES;16.04.2026;FERNANDACRISTINAALVES;7.77;PENDENTE;Z016;06302616603;ROMULO AMARAL TAFURI
662431655;1314044;0204040060;CLAVICULA E;80089844149;ANA PAULA DOS SANTOS PEREIRA SILVANY;13.05.2026;07:00;0;702308012437420;NELSON CORREA;31.01.1963;63;759;LUIZA CARDOSO CORREA;RUA;ESPIRITO SANTO 2400/99999;CASA 2;2610;AMABILE MAFFISSONI;79490108;(67)99643-6261;SAO GABRIEL DO OESTE;500769;SAO GABRIEL DO OESTE;500769;6452116;CENTRO DE ESPECIALIDADES MEDICAS;M;16.04.2026;FERNANDACRISTINAALVES;16.04.2026;FERNANDACRISTINAALVES;7.40;PENDENTE;Z016;06302616603;ROMULO AMARAL TAFURI
662431655;1314079;0204060087;ARTICULACAO TIBIO-TARSICA (TORNOZELO) E;80089844149;ANA PAULA DOS SANTOS PEREIRA SILVANY;13.05.2026;07:00;0;702308012437420;NELSON CORREA;31.01.1963;63;759;LUIZA CARDOSO CORREA;RUA;ESPIRITO SANTO 2400/99999;CASA 2;2610;AMABILE MAFFISSONI;79490108;(67)99643-6261;SAO GABRIEL DO OESTE;500769;SAO GABRIEL DO OESTE;500769;6452116;CENTRO DE ESPECIALIDADES MEDICAS;M;16.04.2026;FERNANDACRISTINAALVES;16.04.2026;FERNANDACRISTINAALVES;6.50;PENDENTE;Z016;06302616603;ROMULO AMARAL TAFURI
662474122;0299008;0301010072;CONSULTA EM CIRURGIA VASCULAR – GERAL;70808015087;CELIO HELEGDA;26.05.2026;19:00;0;700008932599801;MARINA GONCALVES;25.12.1972;53;641;MARIA AMARO;RUA;PELICANOS;CASA;1778;FENIX;79490000;(67)98160-6182 / (67)98186-3602;SAO GABRIEL DO OESTE;500769;SAO GABRIEL DO OESTE;500769;6452116;CENTRO DE ESPECIALIDADES MEDICAS;F;16.04.2026;CLEIDIANE_CEM;16.04.2026;CLEIDIANE_CEM;10.00;PENDENTE;I83;;VICTOR R SOUZA
662500859;1314113;0204020093;COLUNA TORACICA (AP + LATERAL);80089844149;ANA PAULA DOS SANTOS PEREIRA SILVANY;04.05.2026;07:00;0;700006828692300;IRENE RAMOS DE SOUZA;10.05.1942;84;1008;ALICE DE BRITO RAMOS;RUA;ANHUMAS;;805;JARDIM GRAMADO;79490000;(67)9618-6312;SAO GABRIEL DO OESTE;500769;SAO GABRIEL DO OESTE;500769;6452116;CENTRO DE ESPECIALIDADES MEDICAS;F;16.04.2026;PATRICKMASIAGA;16.04.2026;PATRICKMASIAGA;9.16;PENDENTE;Z016;04469955680;DANIEL ROCHA DO CARMO
662500859;1314114;0204020107;COLUNA TORACO-LOMBAR;80089844149;ANA PAULA DOS SANTOS PEREIRA SILVANY;04.05.2026;07:00;0;700006828692300;IRENE RAMOS DE SOUZA;10.05.1942;84;1008;ALICE DE BRITO RAMOS;RUA;ANHUMAS;;805;JARDIM GRAMADO;79490000;(67)9618-6312;SAO GABRIEL DO OESTE;500769;SAO GABRIEL DO OESTE;500769;6452116;CENTRO DE ESPECIALIDADES MEDICAS;F;16.04.2026;PATRICKMASIAGA;16.04.2026;PATRICKMASIAGA;9.73;PENDENTE;Z016;04469955680;DANIEL ROCHA DO CARMO
662515531;0299008;0301010072;CONSULTA EM CIRURGIA VASCULAR – GERAL;70808015087;CELIO HELEGDA;26.05.2026;19:00;0;700502979166960;JOSE FRANCISCO DA COSTA;21.05.1959;67;804;MARIA ROSA DA COSTA;RUA;TUIUIU;;1051;JARDIM GRAMADO;79490000;(67)99817-5253;SAO GABRIEL DO OESTE;500769;SAO GABRIEL DO OESTE;500769;2370980;UNIDADE DE SAUDE DA FAMILIA JARDIM GRAMADO I;M;16.04.2026;ELIANI_MOREIRA;16.04.2026;ELIANI_MOREIRA;10.00;PENDENTE;L83;01454652179;MAYARA MARIA MELKE GUIMARAES
662619478;1314054;0204040124;PUNHO E (AP + LATERAL + OBLIQUA);80089844149;ANA PAULA DOS SANTOS PEREIRA SILVANY;04.05.2026;07:00;0;700002165998500;LUCAS GOMES BENITES;12.01.2012;14;172;FLAVIANA LELIS GOMES BALBINO;RUA;PATATIVAS;CASA;244;CONJ FENIX;79490000;(67)9902-1390 / (67)99655-2599;SAO GABRIEL DO OESTE;500769;SAO GABRIEL DO OESTE;500769;6452116;CENTRO DE ESPECIALIDADES MEDICAS;M;16.04.2026;FERNANDACRISTINAALVES;16.04.2026;FERNANDACRISTINAALVES;6.91;PENDENTE;Z016;00468987193;ARTHUR MARTINS DE ALMEIDA
662662686;1314072;0204060133;JOELHO / ROTULA D (AP + LATERAL + AXIAL);59241284153;CLODOALDO DE AZEVEDO CARDOSO;13.05.2026;16:00;0;704608688082229;ANDREI PEREIRA DE OLIVEIRA;11.06.1991;34;419;FRANCISCA RODRIGUES DE OLIVEIRA ARAUJO;RUA;PATATIVA;CASA 1;126;FÊNIX;79490000;(67)99867-3160;SAO GABRIEL DO OESTE;500769;SAO GABRIEL DO OESTE;500769;6452116;CENTRO DE ESPECIALIDADES MEDICAS;M;16.04.2026;FERNANDACRISTINAALVES;16.04.2026;FERNANDACRISTINAALVES;7.16;CONFIRMADO;Z016;32389571808;RODOLFO PELISSARI ZAMBOLIN
662662686;1314073;0204060133;JOELHO / ROTULA E (AP + LATERAL + AXIAL);59241284153;CLODOALDO DE AZEVEDO CARDOSO;13.05.2026;16:00;0;704608688082229;ANDREI PEREIRA DE OLIVEIRA;11.06.1991;34;419;FRANCISCA RODRIGUES DE OLIVEIRA ARAUJO;RUA;PATATIVA;CASA 1;126;FÊNIX;79490000;(67)99867-3160;SAO GABRIEL DO OESTE;500769;SAO GABRIEL DO OESTE;500769;6452116;CENTRO DE ESPECIALIDADES MEDICAS;M;16.04.2026;FERNANDACRISTINAALVES;16.04.2026;FERNANDACRISTINAALVES;7.16;CONFIRMADO;Z016;32389571808;RODOLFO PELISSARI ZAMBOLIN
662690072;0282063;0301010072;CONSULTA EM OTORRINOLARINGOLOGIA;78877326115;ANA PAULA CAVALIERI PONTES;07.05.2026;18:00;0;702407081115621;RENATA VITORIA GAMA BORGES;18.07.2017;08;106;GLAZIELA ACUNHA DA GAMA;FAZENDA;RINCÃO;;S/N;RURAL;79424000;(67)99956-2927;CAMAPUA;500260;SAO GABRIEL DO OESTE;500769;3400964;UNIDADE DE SAUDE DA FAMILIA RURAL VII;F;16.04.2026;CLEIDIANE_RURALVII;16.04.2026;CLEIDIANE_RURALVII;10.00;PENDENTE;J342;00612619630;KALYNKA SILVIA HIGINO
662758227;0299008;0301010072;CONSULTA EM CIRURGIA VASCULAR – GERAL;70808015087;CELIO HELEGDA;05.05.2026;18:00;1;700003046900702;LUIZ CARLOS MORONA;28.09.1955;70;847;OLGA MORONA;RUA;SERGIPE;COHAB IV;525;PRIMO MAFFISSONI;79490000;(67)98176-8009;SAO GABRIEL DO OESTE;500769;SAO GABRIEL DO OESTE;500769;6452116;CENTRO DE ESPECIALIDADES MEDICAS;M;17.04.2026;PATRICKMASIAGA;17.04.2026;PATRICKMASIAGA;10.00;PENDENTE;Z016;01110123175;ELY DONIZETH DE ASSIS JUNIOR
662794669;1314095;0204030153;TORAX (PA + PERFIL);01320968112;MARCELO MARTINS ROCHA;05.05.2026;11:00;0;703402274696115;ROSANE CAVALHEIRO LOPES;08.03.1973;53;638;CONCEICAO CAVALHEIRO LOPES;FAZENDA;SÃO LUIZ;;S/N;ZONA RURAL;79490000;(67)99895-1257 / (67)99844-9576;SAO GABRIEL DO OESTE;500769;SAO GABRIEL DO OESTE;500769;2370972;UNIDADE DE SAUDE DA FAMILIA MILANE II;F;17.04.2026;VANESSAMARTINS_AREADO;17.04.2026;VANESSAMARTINS_AREADO;9.50;PENDENTE;Z00;83798633134;JOAO BAPTISTA BARBOSA SOUZA
662832493;0299008;0301010072;CONSULTA EM CIRURGIA VASCULAR – GERAL;70808015087;CELIO HELEGDA;05.05.2026;18:00;1;704201738709987;MARIA JOSE DA SILVA BENTO;15.08.1983;42;513;CARMEM APARECIDA DA SILVA;RUA;CURICACAS;;1260;JARDIM GRAMADO;79490000;(67)99915-8713;SAO GABRIEL DO OESTE;500769;SAO GABRIEL DO OESTE;500769;6452116;CENTRO DE ESPECIALIDADES MEDICAS;F;17.04.2026;FERNANDACRISTINAALVES;17.04.2026;FERNANDACRISTINAALVES;10.00;PENDENTE;Z016;70808015087;CELIO HELEGDA
662936229;0282063;0301010072;CONSULTA EM OTORRINOLARINGOLOGIA;78877326115;ANA PAULA CAVALIERI PONTES;07.05.2026;18:00;0;709602686295077;ODINEIA DE JESUS MORAES;08.11.1982;43;522;LEONEIDE DE JESUS MORAES;RUA;GREGORIANA 1/99998;CASA 20;279;JARDIM PRIMAVERA;79490166;(67)99849-2861;SAO GABRIEL DO OESTE;500769;SAO GABRIEL DO OESTE;500769;7333218;UNIDADE DE SAUDE DA FAMILIA X;F;17.04.2026;RAISSASILVALIMA;17.04.2026;RAISSASILVALIMA;10.00;PENDENTE;Z00;;ANA PAULA CAVALIERI PONTES
663164053;1314110;0204030153;TORAX (PA + PERFIL) PRE-OPERATORIO;80089844149;ANA PAULA DOS SANTOS PEREIRA SILVANY;04.05.2026;07:00;0;700205919241724;SONIA MONTEIRO DE SOUZA;05.03.1975;51;614;JUSTINA DE SOUZA MONTEIRO;RUA;CEREJEIRA;;655;SÃO CRISTÓVÃO;79490000;(67)9933-4626;SAO GABRIEL DO OESTE;500769;SAO GABRIEL DO OESTE;500769;6452116;CENTRO DE ESPECIALIDADES MEDICAS;F;22.04.2026;PATRICKMASIAGA;22.04.2026;PATRICKMASIAGA;9.50;PENDENTE;Z016;08418818123;PATRICK RICHARD ARGUELHO MASIAGA
663164877;1314095;0204030153;TORAX (PA + PERFIL);80089844149;ANA PAULA DOS SANTOS PEREIRA SILVANY;04.05.2026;07:00;0;708400787783869;GILDA PEREIRA DOS SANTOS;01.02.1972;54;651;SARA RODRIGUES PEREIRA;RUA;RIO DE JANEIRO;;694;CENTRO;79490000;(67)9925-2207;SAO GABRIEL DO OESTE;500769;SAO GABRIEL DO OESTE;500769;6452116;CENTRO DE ESPECIALIDADES MEDICAS;F;22.04.2026;FERNANDACRISTINAALVES;22.04.2026;FERNANDACRISTINAALVES;9.50;PENDENTE;Z016;;VANIA GOMES
663168423;0299008;0301010072;CONSULTA EM CIRURGIA VASCULAR – GERAL;70808015087;CELIO HELEGDA;05.05.2026;19:00;1;703403435349900;VITORIO EISING;05.04.1954;72;865;IDA MEURER EISING;RUA;CURIO;CASA;879;JARDIM GRAMADO;79490000;(67)99678-4072;SAO GABRIEL DO OESTE;500769;SAO GABRIEL DO OESTE;500769;6452116;CENTRO DE ESPECIALIDADES MEDICAS;M;22.04.2026;PATRICKMASIAGA;22.04.2026;PATRICKMASIAGA;10.00;PENDENTE;Z016;70808015087;CELIO HELEGDA
663170555;1314093;0204030170;TORAX (PA);01320968112;MARCELO MARTINS ROCHA;29.05.2026;11:00;0;703104687282790;MARIA EDUARDA ROMEIRO DADONA;10.05.2002;24;288;LINDALVA ROMEIRO DE FREITAS;RUA;CURICACA;;485;JG;79490000;(67)99850-8152;SAO GABRIEL DO OESTE;500769;SAO GABRIEL DO OESTE;500769;6452116;CENTRO DE ESPECIALIDADES MEDICAS;F;22.04.2026;FERNANDACRISTINAALVES;22.04.2026;FERNANDACRISTINAALVES;6.88;PENDENTE;Z016;;LUCINALDO BASSO
663323381;1314054;0204040124;PUNHO E (AP + LATERAL + OBLIQUA);01320968112;MARCELO MARTINS ROCHA;22.05.2026;11:00;0;709209248264235;MONIQUE BARBOSA;23.08.2013;12;153;EDINALVA BARBOSA DO NASCIMENTO;RUA;GAIVOTAS;CASA;1932;FENIX;79490000;(67)99605-6045;SAO GABRIEL DO OESTE;500769;SAO GABRIEL DO OESTE;500769;6452116;CENTRO DE ESPECIALIDADES MEDICAS;F;22.04.2026;PATRICKMASIAGA;22.04.2026;PATRICKMASIAGA;6.91;CONFIRMADO;Z016;00468987193;ARTHUR MARTINS DE ALMEIDA
663352158;1314070;0204060125;JOELHO D (AP + LATERAL);80089844149;ANA PAULA DOS SANTOS PEREIRA SILVANY;19.05.2026;07:00;0;700004293893606;SALETE BOMBARDA;07.06.1965;60;731;PIERINA DAL PRA BOMBARDA;RUA;CURIO;CASA;615;JARDIM GRAMADO;79490000;(67)99935-7455;SAO GABRIEL DO OESTE;500769;SAO GABRIEL DO OESTE;500769;6452116;CENTRO DE ESPECIALIDADES MEDICAS;F;22.04.2026;FERNANDACRISTINAALVES;22.04.2026;FERNANDACRISTINAALVES;6.78;CONFIRMADO;Z016;06302616603;ROMULO AMARAL TAFURI
663352158;1314071;0204060125;JOELHO E (AP + LATERAL);80089844149;ANA PAULA DOS SANTOS PEREIRA SILVANY;19.05.2026;07:00;0;700004293893606;SALETE BOMBARDA;07.06.1965;60;731;PIERINA DAL PRA BOMBARDA;RUA;CURIO;CASA;615;JARDIM GRAMADO;79490000;(67)99935-7455;SAO GABRIEL DO OESTE;500769;SAO GABRIEL DO OESTE;500769;6452116;CENTRO DE ESPECIALIDADES MEDICAS;F;22.04.2026;FERNANDACRISTINAALVES;22.04.2026;FERNANDACRISTINAALVES;6.78;CONFIRMADO;Z016;06302616603;ROMULO AMARAL TAFURI
663366130;0299008;0301010072;CONSULTA EM CIRURGIA VASCULAR – GERAL;70808015087;CELIO HELEGDA;05.05.2026;19:00;1;700003241516401;MARCIO GINO THOMAZ;06.09.1980;45;548;DELIA GINO THOMAZ;RUA;TANGARA;CASA;642;FENIX;79490000;(67)99820-9960;SAO GABRIEL DO OESTE;500769;SAO GABRIEL DO OESTE;500769;6452116;CENTRO DE ESPECIALIDADES MEDICAS;M;22.04.2026;ARI_CEM;22.04.2026;ARI_CEM;10.00;PENDENTE;Z00;70808015087;CELIO HELEGDA
663366322;0299008;0301010072;CONSULTA EM CIRURGIA VASCULAR – GERAL;70808015087;CELIO HELEGDA;26.05.2026;19:00;1;708607576259080;ADEMILSON SOUZA;11.12.1971;54;653;MARIA LURDES SOUZA;RUA;CURICACA;;523;JARDIM GRAMADO;79490000;(67)9632-5242;SAO GABRIEL DO OESTE;500769;SAO GABRIEL DO OESTE;500769;6452116;CENTRO DE ESPECIALIDADES MEDICAS;M;22.04.2026;PATRICKMASIAGA;22.04.2026;PATRICKMASIAGA;10.00;PENDENTE;Z016;70808015087;CELIO HELEGDA
663370434;1314121;0204060095;RADIOGRAFIA PANORAMICA DE BACIA;59241284153;CLODOALDO DE AZEVEDO CARDOSO;25.05.2026;16:00;0;700004665708201;ANA PAULA PEREIRA;11.10.1982;43;523;CLARISSE DA SILVA;RUA;BICUDOS;;159;JARDIM GRAMADO;79490000;(67)99874-5433;SAO GABRIEL DO OESTE;500769;SAO GABRIEL DO OESTE;500769;6452116;CENTRO DE ESPECIALIDADES MEDICAS;F;22.04.2026;FERNANDACRISTINAALVES;22.04.2026;FERNANDACRISTINAALVES;7.77;PENDENTE;Z016;06302616603;ROMULO AMARAL TAFURI
663370434;1314118;0204020069;COLUNA LOMBAR (AP + PERFIL);59241284153;CLODOALDO DE AZEVEDO CARDOSO;25.05.2026;16:00;0;700004665708201;ANA PAULA PEREIRA;11.10.1982;43;523;CLARISSE DA SILVA;RUA;BICUDOS;;159;JARDIM GRAMADO;79490000;(67)99874-5433;SAO GABRIEL DO OESTE;500769;SAO GABRIEL DO OESTE;500769;6452116;CENTRO DE ESPECIALIDADES MEDICAS;F;22.04.2026;FERNANDACRISTINAALVES;22.04.2026;FERNANDACRISTINAALVES;10.96;PENDENTE;Z016;06302616603;ROMULO AMARAL TAFURI
663370434;1314070;0204060125;JOELHO D (AP + LATERAL);59241284153;CLODOALDO DE AZEVEDO CARDOSO;25.05.2026;16:00;0;700004665708201;ANA PAULA PEREIRA;11.10.1982;43;523;CLARISSE DA SILVA;RUA;BICUDOS;;159;JARDIM GRAMADO;79490000;(67)99874-5433;SAO GABRIEL DO OESTE;500769;SAO GABRIEL DO OESTE;500769;6452116;CENTRO DE ESPECIALIDADES MEDICAS;F;22.04.2026;FERNANDACRISTINAALVES;22.04.2026;FERNANDACRISTINAALVES;6.78;PENDENTE;Z016;06302616603;ROMULO AMARAL TAFURI
663370434;1314071;0204060125;JOELHO E (AP + LATERAL);59241284153;CLODOALDO DE AZEVEDO CARDOSO;25.05.2026;16:00;0;700004665708201;ANA PAULA PEREIRA;11.10.1982;43;523;CLARISSE DA SILVA;RUA;BICUDOS;;159;JARDIM GRAMADO;79490000;(67)99874-5433;SAO GABRIEL DO OESTE;500769;SAO GABRIEL DO OESTE;500769;6452116;CENTRO DE ESPECIALIDADES MEDICAS;F;22.04.2026;FERNANDACRISTINAALVES;22.04.2026;FERNANDACRISTINAALVES;6.78;PENDENTE;Z016;06302616603;ROMULO AMARAL TAFURI
663378528;0299008;0301010072;CONSULTA EM CIRURGIA VASCULAR – GERAL;70808015087;CELIO HELEGDA;19.05.2026;18:00;1;708507397313170;NADIA ANDREIA MANN RONCALHIO;12.10.1980;45;547;SUELI LOURENCO KOGLER MANN;RUA;SANTA MARIA;CHACARA;18;MILANI;79492074;(67)99903-1916;SAO GABRIEL DO OESTE;500769;SAO GABRIEL DO OESTE;500769;6452116;CENTRO DE ESPECIALIDADES MEDICAS;F;22.04.2026;FERNANDACRISTINAALVES;22.04.2026;FERNANDACRISTINAALVES;10.00;PENDENTE;Z016;70808015087;CELIO HELEGDA
663393096;0299008;0301010072;CONSULTA EM CIRURGIA VASCULAR – GERAL;70808015087;CELIO HELEGDA;19.05.2026;18:00;1;709609613948875;TEREZA ALMEIDA DE JESUS;15.05.1953;73;876;MARIA FRANCISCA DE JESUS;RUA;OSORIO RODRIGUES DA SILVA;CASA;507;JARDIM ALVORADA;79490000;(44)99880-5833;SAO GABRIEL DO OESTE;500769;SAO GABRIEL DO OESTE;500769;6452116;CENTRO DE ESPECIALIDADES MEDICAS;F;22.04.2026;PATRICKMASIAGA;22.04.2026;PATRICKMASIAGA;10.00;PENDENTE;Z016;70808015087;CELIO HELEGDA
663420774;0282063;0301010072;CONSULTA EM OTORRINOLARINGOLOGIA;78877326115;ANA PAULA CAVALIERI PONTES;07.05.2026;18:00;0;708207632622045;JOAO VINICIUS RODRIGUES MIRANDA;08.01.2009;17;208;LEIDE RODRIGUES DA SILVA OLIVIERA;CHACARA;2 IPE;;S/N;ASSENTAMENTO PATATIVA;79490000;(67)99829-9318;SAO GABRIEL DO OESTE;500769;SAO GABRIEL DO OESTE;500769;3400964;UNIDADE DE SAUDE DA FAMILIA RURAL VII;M;23.04.2026;CLEIDIANE_RURALVII;23.04.2026;CLEIDIANE_RURALVII;10.00;PENDENTE;F818;00612619630;KALYNKA SILVIA HIGINO
663431424;0299008;0301010072;CONSULTA EM CIRURGIA VASCULAR – GERAL;70808015087;CELIO HELEGDA;19.05.2026;19:00;1;706906173289739;RUTH CANDIDO DA SILVA;03.01.2000;26;316;NEUCELIA DA SILVA;FAZENDA;TAQUARUSSU;;S/N;RURAL;79490000;(67)99645-8122;SAO GABRIEL DO OESTE;500769;SAO GABRIEL DO OESTE;500769;6452116;CENTRO DE ESPECIALIDADES MEDICAS;F;23.04.2026;PATRICKMASIAGA;23.04.2026;PATRICKMASIAGA;10.00;PENDENTE;Z016;70808015087;CELIO HELEGDA
663438883;0299008;0301010072;CONSULTA EM CIRURGIA VASCULAR – GERAL;70808015087;CELIO HELEGDA;19.05.2026;19:00;1;708109557204833;SAMUEL CACERES AZEVEDO DE OLIVEIRA;30.08.2014;11;140;FABIA CACERES AZEVEDO;RUA;ESPIRITO SANTO;;1115;CENTRO;79490000;(67)99616-8683;SAO GABRIEL DO OESTE;500769;SAO GABRIEL DO OESTE;500769;6452116;CENTRO DE ESPECIALIDADES MEDICAS;M;23.04.2026;PATRICKMASIAGA;23.04.2026;PATRICKMASIAGA;10.00;PENDENTE;Z016;08418818123;PATRICK RICHARD ARGUELHO MASIAGA
663450298;0299008;0301010072;CONSULTA EM CIRURGIA VASCULAR – GERAL;70808015087;CELIO HELEGDA;26.05.2026;18:00;1;702106744921290;JULIANA CRISTINA DE OLIVEIRA ESPIRITO SANTO BORGES;30.01.1990;36;435;MARIA AUXILIADORA FERNANDES DE OLIVEIRA;RUA;CAMBARÁ;;587;SÃO CRISTOVÃO;79490000;(67)99957-2955;SAO GABRIEL DO OESTE;500769;SAO GABRIEL DO OESTE;500769;6452116;CENTRO DE ESPECIALIDADES MEDICAS;F;23.04.2026;PATRICKMASIAGA;23.04.2026;PATRICKMASIAGA;10.00;PENDENTE;Z016;08418818123;PATRICK RICHARD ARGUELHO MASIAGA
663453318;0299008;0301010072;CONSULTA EM CIRURGIA VASCULAR – GERAL;70808015087;CELIO HELEGDA;26.05.2026;18:00;1;700403101457050;ELZA MARIA DA SILVA;16.03.1964;62;746;TEREZA CRAVINO DA SILVA;RUA;ARARAS;CASA;1989;FENIX;79490000;(67)99634-5199;SAO GABRIEL DO OESTE;500769;SAO GABRIEL DO OESTE;500769;6452116;CENTRO DE ESPECIALIDADES MEDICAS;F;23.04.2026;PATRICKMASIAGA;23.04.2026;PATRICKMASIAGA;10.00;PENDENTE;Z016;70808015087;CELIO HELEGDA
663514767;1314070;0204060125;JOELHO D (AP + LATERAL);80089844149;ANA PAULA DOS SANTOS PEREIRA SILVANY;18.05.2026;07:00;0;708006346787020;FRANCISCA MARQUES DE BARROS DE OMENA;02.05.1954;72;864;MARIA JULIA DE BARROS;AVENIDA;JUSCELINO KUBISCHEK;;372;CENTRO;79490000;(67)99926-3150;SAO GABRIEL DO OESTE;500769;SAO GABRIEL DO OESTE;500769;6452116;CENTRO DE ESPECIALIDADES MEDICAS;F;23.04.2026;FERNANDACRISTINAALVES;23.04.2026;FERNANDACRISTINAALVES;6.78;CONFIRMADO;Z016;06302616603;ROMULO AMARAL TAFURI
663514767;1314071;0204060125;JOELHO E (AP + LATERAL);80089844149;ANA PAULA DOS SANTOS PEREIRA SILVANY;18.05.2026;07:00;0;708006346787020;FRANCISCA MARQUES DE BARROS DE OMENA;02.05.1954;72;864;MARIA JULIA DE BARROS;AVENIDA;JUSCELINO KUBISCHEK;;372;CENTRO;79490000;(67)99926-3150;SAO GABRIEL DO OESTE;500769;SAO GABRIEL DO OESTE;500769;6452116;CENTRO DE ESPECIALIDADES MEDICAS;F;23.04.2026;FERNANDACRISTINAALVES;23.04.2026;FERNANDACRISTINAALVES;6.78;CONFIRMADO;Z016;06302616603;ROMULO AMARAL TAFURI
663519827;1314079;0204060087;ARTICULACAO TIBIO-TARSICA (TORNOZELO) E;01320968112;MARCELO MARTINS ROCHA;15.05.2026;11:00;0;705602459279019;NEUZA MENEZES;25.07.1971;54;658;ANA MARIA DE JESUS;RUA;ALAGOAS;CSA 01;1114;PRIMO MAFFISSONI;79490258;(67)99697-2931;SAO GABRIEL DO OESTE;500769;SAO GABRIEL DO OESTE;500769;6452116;CENTRO DE ESPECIALIDADES MEDICAS;F;23.04.2026;FERNANDACRISTINAALVES;23.04.2026;FERNANDACRISTINAALVES;6.50;CONFIRMADO;Z016;00530001101;BRUNO PETINARI UMBELINO
663519827;1314083;0204060150;PE E;01320968112;MARCELO MARTINS ROCHA;15.05.2026;11:00;0;705602459279019;NEUZA MENEZES;25.07.1971;54;658;ANA MARIA DE JESUS;RUA;ALAGOAS;CSA 01;1114;PRIMO MAFFISSONI;79490258;(67)99697-2931;SAO GABRIEL DO OESTE;500769;SAO GABRIEL DO OESTE;500769;6452116;CENTRO DE ESPECIALIDADES MEDICAS;F;23.04.2026;FERNANDACRISTINAALVES;23.04.2026;FERNANDACRISTINAALVES;6.78;CONFIRMADO;Z016;00530001101;BRUNO PETINARI UMBELINO
663633587;1314093;0204030170;TORAX (PA);59241284153;CLODOALDO DE AZEVEDO CARDOSO;15.05.2026;15:00;0;702004329650089;SEBASTIAO LOPES SOBRINHO;12.01.1973;53;640;ANA MARIA LOPES;RUA;CONDE DE PORTO ALEGRE;CASA;1091;MILANI;79490000;(67)99846-7599;SAO GABRIEL DO OESTE;500769;SAO GABRIEL DO OESTE;500769;6452116;CENTRO DE ESPECIALIDADES MEDICAS;M;23.04.2026;FERNANDACRISTINAALVES;23.04.2026;FERNANDACRISTINAALVES;6.88;CONFIRMADO;Z016;32389571808;RODOLFO PELISSARI ZAMBOLIN
663652361;0282063;0301010072;CONSULTA EM OTORRINOLARINGOLOGIA;78877326115;ANA PAULA CAVALIERI PONTES;14.05.2026;18:00;0;702604750108044;GRAZIELA PEROBELI CARASOL;26.08.2019;06;80;VANESSA APARECIDA PEROBELI CARASOL;RUA;GREGORIANA;CASA 24;333;PRIMO MAFFISSONI;79490000;(67)99618-1222;SAO GABRIEL DO OESTE;500769;SAO GABRIEL DO OESTE;500769;7002084;UNIDADE DE SAUDE DA FAMILIA IX;F;23.04.2026;AMANDALUIZA_BIAZUS;23.04.2026;AMANDALUIZA_BIAZUS;10.00;PENDENTE;Z000;96040653191;PAULO FENELON MARINHO
663701591;1314113;0204020093;COLUNA TORACICA (AP + LATERAL);87751593172;CRISTIANE DE SOUZA PEREIRA;28.05.2026;21:00;0;700000764940508;ANTONIA FRANCISCA RODRIGUES;13.11.1969;56;678;ELIZA MARIA DE JESUS;AVENIDA;ALAGOAS;NA;2639;CENTRO;79490000;(67)99962-2682;SAO GABRIEL DO OESTE;500769;SAO GABRIEL DO OESTE;500769;6354265;CENTRAL DE REGULACAO DE SAO GABRIEL DO OESTE;F;24.04.2026;CLEIDIANE_SAOGABRIEL;24.04.2026;CLEIDIANE_SAOGABRIEL;9.16;PENDENTE;M255;;RAISSA DUDIENAS DOMINGUES PEREIRA
663701591;1314056;0204040094;MAO E (DUAS INCIDENCIAS);87751593172;CRISTIANE DE SOUZA PEREIRA;28.05.2026;21:00;0;700000764940508;ANTONIA FRANCISCA RODRIGUES;13.11.1969;56;678;ELIZA MARIA DE JESUS;AVENIDA;ALAGOAS;NA;2639;CENTRO;79490000;(67)99962-2682;SAO GABRIEL DO OESTE;500769;SAO GABRIEL DO OESTE;500769;6354265;CENTRAL DE REGULACAO DE SAO GABRIEL DO OESTE;F;24.04.2026;CLEIDIANE_SAOGABRIEL;24.04.2026;CLEIDIANE_SAOGABRIEL;6.30;PENDENTE;M255;;RAISSA DUDIENAS DOMINGUES PEREIRA
663701591;1314062;0204060095;BACIA;87751593172;CRISTIANE DE SOUZA PEREIRA;28.05.2026;21:00;0;700000764940508;ANTONIA FRANCISCA RODRIGUES;13.11.1969;56;678;ELIZA MARIA DE JESUS;AVENIDA;ALAGOAS;NA;2639;CENTRO;79490000;(67)99962-2682;SAO GABRIEL DO OESTE;500769;SAO GABRIEL DO OESTE;500769;6354265;CENTRAL DE REGULACAO DE SAO GABRIEL DO OESTE;F;24.04.2026;CLEIDIANE_SAOGABRIEL;24.04.2026;CLEIDIANE_SAOGABRIEL;7.77;PENDENTE;M255;;RAISSA DUDIENAS DOMINGUES PEREIRA
663701591;1314023;0204020034;COLUNA CERVICAL (AP + LATERAL + TO + OBLIQUAS);87751593172;CRISTIANE DE SOUZA PEREIRA;28.05.2026;21:00;0;700000764940508;ANTONIA FRANCISCA RODRIGUES;13.11.1969;56;678;ELIZA MARIA DE JESUS;AVENIDA;ALAGOAS;NA;2639;CENTRO;79490000;(67)99962-2682;SAO GABRIEL DO OESTE;500769;SAO GABRIEL DO OESTE;500769;6354265;CENTRAL DE REGULACAO DE SAO GABRIEL DO OESTE;F;24.04.2026;CLEIDIANE_SAOGABRIEL;24.04.2026;CLEIDIANE_SAOGABRIEL;8.33;PENDENTE;M255;;RAISSA DUDIENAS DOMINGUES PEREIRA
663701591;1314118;0204020069;COLUNA LOMBAR (AP + PERFIL);87751593172;CRISTIANE DE SOUZA PEREIRA;28.05.2026;21:00;0;700000764940508;ANTONIA FRANCISCA RODRIGUES;13.11.1969;56;678;ELIZA MARIA DE JESUS;AVENIDA;ALAGOAS;NA;2639;CENTRO;79490000;(67)99962-2682;SAO GABRIEL DO OESTE;500769;SAO GABRIEL DO OESTE;500769;6354265;CENTRAL DE REGULACAO DE SAO GABRIEL DO OESTE;F;24.04.2026;CLEIDIANE_SAOGABRIEL;24.04.2026;CLEIDIANE_SAOGABRIEL;10.96;PENDENTE;M255;;RAISSA DUDIENAS DOMINGUES PEREIRA
663701591;1314055;0204040094;MAO D (DUAS INCIDENCIAS);87751593172;CRISTIANE DE SOUZA PEREIRA;28.05.2026;21:00;0;700000764940508;ANTONIA FRANCISCA RODRIGUES;13.11.1969;56;678;ELIZA MARIA DE JESUS;AVENIDA;ALAGOAS;NA;2639;CENTRO;79490000;(67)99962-2682;SAO GABRIEL DO OESTE;500769;SAO GABRIEL DO OESTE;500769;6354265;CENTRAL DE REGULACAO DE SAO GABRIEL DO OESTE;F;24.04.2026;CLEIDIANE_SAOGABRIEL;24.04.2026;CLEIDIANE_SAOGABRIEL;6.30;PENDENTE;M255;;RAISSA DUDIENAS DOMINGUES PEREIRA
663704180;0299008;0301010072;CONSULTA EM CIRURGIA VASCULAR – GERAL;70808015087;CELIO HELEGDA;26.05.2026;19:00;1;700506778109750;MARTA ROSA DOS REIS;12.11.1977;48;582;FRANCINA LACERDA DOS REIS;RUA;CURRUIRAS;;1052;JARDIM GRAMADO;79490000;(69)99993-6099;SAO GABRIEL DO OESTE;500769;SAO GABRIEL DO OESTE;500769;6452116;CENTRO DE ESPECIALIDADES MEDICAS;F;24.04.2026;FERNANDACRISTINAALVES;24.04.2026;FERNANDACRISTINAALVES;10.00;PENDENTE;Z016;70808015087;CELIO HELEGDA
663716028;0282063;0301010072;CONSULTA EM OTORRINOLARINGOLOGIA;78877326115;ANA PAULA CAVALIERI PONTES;14.05.2026;18:00;0;702802184900366;TANIA MARIA DALPASQUALE ZIMERMANN;04.12.1955;70;845;MARIA IVONE FORTES DALPASQUALE;RUA;CEARA;;834;CENTRO;79490000;(67)3295-1841;SAO GABRIEL DO OESTE;500769;SAO GABRIEL DO OESTE;500769;6452116;CENTRO DE ESPECIALIDADES MEDICAS;F;24.04.2026;ARI_CEM;24.04.2026;ARI_CEM;10.00;PENDENTE;Z00;78877326115;ANA PAULA CAVALIERI PONTES
663737515;1314070;0204060125;JOELHO D (AP + LATERAL);59241284153;CLODOALDO DE AZEVEDO CARDOSO;06.05.2026;16:00;0;700006615825605;DIOMAR NOGUEIRA;03.07.1981;44;538;DILCI BLOS NOGUEIRA;RUA;QUEROQUERO;CASA;490;CONJUNTO FENIX;79490000;(67)9661-0801;SAO GABRIEL DO OESTE;500769;SAO GABRIEL DO OESTE;500769;6452116;CENTRO DE ESPECIALIDADES MEDICAS;M;24.04.2026;ARI_CEM;24.04.2026;ARI_CEM;6.78;PENDENTE;M255;94777241149;NELSON BARBOSA TAVARES FILHO
663737515;1314067;0204060060;ARTICULACAO COXO-FEMORAL E;59241284153;CLODOALDO DE AZEVEDO CARDOSO;06.05.2026;16:00;0;700006615825605;DIOMAR NOGUEIRA;03.07.1981;44;538;DILCI BLOS NOGUEIRA;RUA;QUEROQUERO;CASA;490;CONJUNTO FENIX;79490000;(67)9661-0801;SAO GABRIEL DO OESTE;500769;SAO GABRIEL DO OESTE;500769;6452116;CENTRO DE ESPECIALIDADES MEDICAS;M;24.04.2026;ARI_CEM;24.04.2026;ARI_CEM;7.77;PENDENTE;M255;94777241149;NELSON BARBOSA TAVARES FILHO
663737515;1314071;0204060125;JOELHO E (AP + LATERAL);59241284153;CLODOALDO DE AZEVEDO CARDOSO;06.05.2026;16:00;0;700006615825605;DIOMAR NOGUEIRA;03.07.1981;44;538;DILCI BLOS NOGUEIRA;RUA;QUEROQUERO;CASA;490;CONJUNTO FENIX;79490000;(67)9661-0801;SAO GABRIEL DO OESTE;500769;SAO GABRIEL DO OESTE;500769;6452116;CENTRO DE ESPECIALIDADES MEDICAS;M;24.04.2026;ARI_CEM;24.04.2026;ARI_CEM;6.78;PENDENTE;M255;94777241149;NELSON BARBOSA TAVARES FILHO
663754249;1314128;0204030153;RADIOGRAFIA PANORAMICA DE TORAX (PA E PERFIL);80089844149;ANA PAULA DOS SANTOS PEREIRA SILVANY;06.05.2026;07:00;0;701004806469192;DARIO CACERES;09.12.1971;54;653;ARMELINDA CACERES;FAZENDA;HASSAN;;S/N;ZONA RURAL;79490000;(67)99635-9971;SAO GABRIEL DO OESTE;500769;SAO GABRIEL DO OESTE;500769;6452116;CENTRO DE ESPECIALIDADES MEDICAS;M;24.04.2026;FERNANDACRISTINAALVES;24.04.2026;FERNANDACRISTINAALVES;9.50;PENDENTE;I20;98260570106;CLAUDIA REGINA DUARTE CAZZOLATO KHALIL
663850871;1314056;0204040094;MAO E (DUAS INCIDENCIAS);59241284153;CLODOALDO DE AZEVEDO CARDOSO;18.05.2026;16:00;0;700200961894930;WILLAME RAIMUNDO DA COSTA;26.11.1994;31;377;ELZA ANTONIA DA SILVA COSTA;AVENIDA;CAMPO GRANDE;CASA5;2;MILANI;79490000;(87)98108-2081;SAO GABRIEL DO OESTE;500769;SAO GABRIEL DO OESTE;500769;6452116;CENTRO DE ESPECIALIDADES MEDICAS;M;24.04.2026;FERNANDACRISTINAALVES;24.04.2026;FERNANDACRISTINAALVES;6.30;PENDENTE;Z016;06302616603;ROMULO AMARAL TAFURI
663904991;0282063;0301010072;CONSULTA EM OTORRINOLARINGOLOGIA;78877326115;ANA PAULA CAVALIERI PONTES;14.05.2026;18:00;0;706505352822892;ZERLI DE QUADROS;27.11.1973;52;629;CECILIA G DE QUADROS;RUA;DAVID FERREIRA DA CUNHA;CASA;04;PRIMO MAFFISSONI;79490000;(67)99621-1234;SAO GABRIEL DO OESTE;500769;SAO GABRIEL DO OESTE;500769;6452116;CENTRO DE ESPECIALIDADES MEDICAS;M;24.04.2026;FERNANDACRISTINAALVES;24.04.2026;FERNANDACRISTINAALVES;10.00;PENDENTE;Z016;78877326115;ANA PAULA CAVALIERI PONTES
663953795;1314095;0204030153;TORAX (PA + PERFIL);59241284153;CLODOALDO DE AZEVEDO CARDOSO;06.05.2026;16:00;0;706200703413270;ISAAC DE ALMEIDA;31.10.1946;79;954;MARIA MAGNOLIA DE ALMEIDA;RUA PROJETADA;4;;25;COHAB VILA NOVA;79480000;(67)3292-4115;RIO VERDE DE MATO GROSSO;500740;SAO GABRIEL DO OESTE;500769;6452116;CENTRO DE ESPECIALIDADES MEDICAS;M;27.04.2026;FERNANDACRISTINAALVES;27.04.2026;FERNANDACRISTINAALVES;9.50;PENDENTE;Z016;04349392181;ANTONIO AUGUSTO PALOMBO MENDES
663985305;1314110;0204030153;TORAX (PA + PERFIL) PRE-OPERATORIO;80089844149;ANA PAULA DOS SANTOS PEREIRA SILVANY;04.05.2026;07:00;0;700003046900702;LUIZ CARLOS MORONA;28.09.1955;70;847;OLGA MORONA;RUA;SERGIPE;COHAB IV;525;PRIMO MAFFISSONI;79490000;(67)98176-8009;SAO GABRIEL DO OESTE;500769;SAO GABRIEL DO OESTE;500769;6452116;CENTRO DE ESPECIALIDADES MEDICAS;M;27.04.2026;PATRICKMASIAGA;27.04.2026;PATRICKMASIAGA;9.50;PENDENTE;Z016;08418818123;PATRICK RICHARD ARGUELHO MASIAGA
664001749;1314078;0204060087;ARTICULACAO TIBIO-TARSICA (TORNOZELO) D;59241284153;CLODOALDO DE AZEVEDO CARDOSO;29.05.2026;15:00;0;701808223227571;PAULO DE LIMA VIEIRA;14.01.1995;31;376;FRANCISCA DE LIMA;RUA;CANARIOS;;1934;FENIX;79490000;(67)99684-4961;SAO GABRIEL DO OESTE;500769;SAO GABRIEL DO OESTE;500769;6452116;CENTRO DE ESPECIALIDADES MEDICAS;M;27.04.2026;FERNANDACRISTINAALVES;27.04.2026;FERNANDACRISTINAALVES;6.50;PENDENTE;Z016;00530001101;BRUNO PETINARI UMBELINO
664012317;1314095;0204030153;TORAX (PA + PERFIL);59241284153;CLODOALDO DE AZEVEDO CARDOSO;04.05.2026;16:00;0;707404081148676;MARIA CONCEICAO DIAS BARBOSA SANTANA;08.12.1977;48;581;MARIA DIAS BARBOSA;RUA;HENRIQUETA DE JESUS;DISTRITO;S/N;AREADO;79490000;(67)99674-7820;SAO GABRIEL DO OESTE;500769;SAO GABRIEL DO OESTE;500769;2370972;UNIDADE DE SAUDE DA FAMILIA MILANE II;F;27.04.2026;VANESSAMARTINS_AREADO;27.04.2026;VANESSAMARTINS_AREADO;9.50;PENDENTE;R074;83798633134;JOAO BAPTISTA BARBOSA SOUZA
664028988;1314070;0204060125;JOELHO D (AP + LATERAL);80089844149;ANA PAULA DOS SANTOS PEREIRA SILVANY;22.05.2026;07:00;0;702307185511915;GERSON ROCHA DE OLIVEIRA;01.03.1960;66;794;DERCILIA ROCHA DE OLIVEIRA;RUA;RAIMUNDO DO PRADO;;1212;JARDIM PRIMAVERA;79490000;(67)98201-5192 / (67)99677-6801;SAO GABRIEL DO OESTE;500769;SAO GABRIEL DO OESTE;500769;6452116;CENTRO DE ESPECIALIDADES MEDICAS;M;27.04.2026;FERNANDACRISTINAALVES;27.04.2026;FERNANDACRISTINAALVES;6.78;PENDENTE;Z016;00530001101;BRUNO PETINARI UMBELINO
664028988;1314078;0204060087;ARTICULACAO TIBIO-TARSICA (TORNOZELO) D;80089844149;ANA PAULA DOS SANTOS PEREIRA SILVANY;22.05.2026;07:00;0;702307185511915;GERSON ROCHA DE OLIVEIRA;01.03.1960;66;794;DERCILIA ROCHA DE OLIVEIRA;RUA;RAIMUNDO DO PRADO;;1212;JARDIM PRIMAVERA;79490000;(67)98201-5192 / (67)99677-6801;SAO GABRIEL DO OESTE;500769;SAO GABRIEL DO OESTE;500769;6452116;CENTRO DE ESPECIALIDADES MEDICAS;M;27.04.2026;FERNANDACRISTINAALVES;27.04.2026;FERNANDACRISTINAALVES;6.50;PENDENTE;Z016;00530001101;BRUNO PETINARI UMBELINO
664197785;1314128;0204030153;RADIOGRAFIA PANORAMICA DE TORAX (PA E PERFIL);80089844149;ANA PAULA DOS SANTOS PEREIRA SILVANY;04.05.2026;07:00;0;700702438859480;JOSE LUIZ PINHEIRO MONTESSI;18.06.1984;41;503;MARIA PINHEIRO MONTESSI;RUA;DAS ANHUMAS;;1087;JARDIM GRAMADO;79491016;(67)99991-6681;SAO GABRIEL DO OESTE;500769;SAO GABRIEL DO OESTE;500769;5971055;UNIDADE DE SAUDE DA FAMILIA VIII;M;27.04.2026;JESSICAPADILHA;27.04.2026;JESSICAPADILHA;9.50;PENDENTE;Z000;;RENNAN ORTIZ BUENO
664272266;1314062;0204060095;BACIA;80089844149;ANA PAULA DOS SANTOS PEREIRA SILVANY;05.05.2026;07:00;0;705006482597152;FRANCISCO DA SILVA;14.08.1976;49;597;MARIA VITALINA DA SILVA;RUA;ALAGOAS 2400/99999;;2914;JARDIM PRIMAVERA;79490172;(67)99659-3788;SAO GABRIEL DO OESTE;500769;SAO GABRIEL DO OESTE;500769;6354265;CENTRAL DE REGULACAO DE SAO GABRIEL DO OESTE;M;28.04.2026;ARILENE_SAOGABRIEL;28.04.2026;ARILENE_SAOGABRIEL;7.77;PENDENTE;Z016;;DANIEL ROCHA
664272266;1314067;0204060060;ARTICULACAO COXO-FEMORAL E;80089844149;ANA PAULA DOS SANTOS PEREIRA SILVANY;05.05.2026;07:00;0;705006482597152;FRANCISCO DA SILVA;14.08.1976;49;597;MARIA VITALINA DA SILVA;RUA;ALAGOAS 2400/99999;;2914;JARDIM PRIMAVERA;79490172;(67)99659-3788;SAO GABRIEL DO OESTE;500769;SAO GABRIEL DO OESTE;500769;6354265;CENTRAL DE REGULACAO DE SAO GABRIEL DO OESTE;M;28.04.2026;ARILENE_SAOGABRIEL;28.04.2026;ARILENE_SAOGABRIEL;7.77;PENDENTE;Z016;;DANIEL ROCHA
664505356;1314095;0204030153;TORAX (PA + PERFIL);80089844149;ANA PAULA DOS SANTOS PEREIRA SILVANY;14.05.2026;07:00;0;702800187773665;GILMAR ALGAIER MORAES JUNIOR;30.12.1993;32;388;ELIAMAR LUCIA MORAES;RUA;ESPIRITO SANTO;;2464;CENTRO;79490000;(67)3295-4175;SAO GABRIEL DO OESTE;500769;SAO GABRIEL DO OESTE;500769;6452116;CENTRO DE ESPECIALIDADES MEDICAS;M;28.04.2026;FERNANDACRISTINAALVES;28.04.2026;FERNANDACRISTINAALVES;9.50;CONFIRMADO;Z016;;LUCINALDO BASSO
664520993;1314095;0204030153;TORAX (PA + PERFIL);59241284153;CLODOALDO DE AZEVEDO CARDOSO;18.05.2026;16:00;0;704803564443746;PRISCILA NUNES DOS SANTOS;19.12.1999;26;317;ROSALINA MALAQUIAS NUNES DOS SANTOS;RUA;PEDRO SEGATTO;;248;FENIX;79490000;(67)99834-9222;SAO GABRIEL DO OESTE;500769;SAO GABRIEL DO OESTE;500769;6452116;CENTRO DE ESPECIALIDADES MEDICAS;F;28.04.2026;FERNANDACRISTINAALVES;28.04.2026;FERNANDACRISTINAALVES;9.50;CONFIRMADO;Z016;70808015087;CELIO HELEGDA
664523597;0282063;0301010072;CONSULTA EM OTORRINOLARINGOLOGIA;78877326115;ANA PAULA CAVALIERI PONTES;14.05.2026;18:00;0;700505128063550;NELSON GONCALVES DA SILVA;04.07.1978;47;574;IDALINA GONCALVES DA SILVA;INVALIDO;RUA BAHIA;;2654;CENTRO;79490000;(61)3315-2425;SAO GABRIEL DO OESTE;500769;SAO GABRIEL DO OESTE;500769;6452116;CENTRO DE ESPECIALIDADES MEDICAS;M;28.04.2026;ANDREIA_CEM;28.04.2026;ANDREIA_CEM;10.00;PENDENTE;Z016;00125300006;MEDICOS SUS
664538185;1314043;0204040060;CLAVICULA D;80089844149;ANA PAULA DOS SANTOS PEREIRA SILVANY;21.05.2026;07:00;0;702909522964371;MARCIA NANTES BARBOSA;05.05.1981;45;540;REGINA APARECIDA NANTES BARBOSA;RUA;ALAGOAS;CASA 1;565;PRIMO MAFFISSONI;79490000;(67)99882-3718 / (67)99996-4385;SAO GABRIEL DO OESTE;500769;SAO GABRIEL DO OESTE;500769;6452116;CENTRO DE ESPECIALIDADES MEDICAS;F;28.04.2026;FERNANDACRISTINAALVES;28.04.2026;FERNANDACRISTINAALVES;7.40;CONFIRMADO;Z016;06302616603;ROMULO AMARAL TAFURI
664561460;1314055;0204040094;MAO D (DUAS INCIDENCIAS);59241284153;CLODOALDO DE AZEVEDO CARDOSO;04.05.2026;16:00;0;700202999413028;GENESI LIMA DA SILVA;21.07.1964;61;742;TEREZINHA LIMA DA SILVA;RUA;SANTA ANA;;97;MILANI;79492090;(67)99633-6957;SAO GABRIEL DO OESTE;500769;SAO GABRIEL DO OESTE;500769;6452116;CENTRO DE ESPECIALIDADES MEDICAS;F;28.04.2026;FERNANDACRISTINAALVES;28.04.2026;FERNANDACRISTINAALVES;6.30;PENDENTE;Z016;00468987193;ARTHUR MARTINS DE ALMEIDA
664561460;1314082;0204060150;PE D;59241284153;CLODOALDO DE AZEVEDO CARDOSO;04.05.2026;16:00;0;700202999413028;GENESI LIMA DA SILVA;21.07.1964;61;742;TEREZINHA LIMA DA SILVA;RUA;SANTA ANA;;97;MILANI;79492090;(67)99633-6957;SAO GABRIEL DO OESTE;500769;SAO GABRIEL DO OESTE;500769;6452116;CENTRO DE ESPECIALIDADES MEDICAS;F;28.04.2026;FERNANDACRISTINAALVES;28.04.2026;FERNANDACRISTINAALVES;6.78;PENDENTE;Z016;00468987193;ARTHUR MARTINS DE ALMEIDA
664561460;1314056;0204040094;MAO E (DUAS INCIDENCIAS);59241284153;CLODOALDO DE AZEVEDO CARDOSO;04.05.2026;16:00;0;700202999413028;GENESI LIMA DA SILVA;21.07.1964;61;742;TEREZINHA LIMA DA SILVA;RUA;SANTA ANA;;97;MILANI;79492090;(67)99633-6957;SAO GABRIEL DO OESTE;500769;SAO GABRIEL DO OESTE;500769;6452116;CENTRO DE ESPECIALIDADES MEDICAS;F;28.04.2026;FERNANDACRISTINAALVES;28.04.2026;FERNANDACRISTINAALVES;6.30;PENDENTE;Z016;00468987193;ARTHUR MARTINS DE ALMEIDA
664561460;1314083;0204060150;PE E;59241284153;CLODOALDO DE AZEVEDO CARDOSO;04.05.2026;16:00;0;700202999413028;GENESI LIMA DA SILVA;21.07.1964;61;742;TEREZINHA LIMA DA SILVA;RUA;SANTA ANA;;97;MILANI;79492090;(67)99633-6957;SAO GABRIEL DO OESTE;500769;SAO GABRIEL DO OESTE;500769;6452116;CENTRO DE ESPECIALIDADES MEDICAS;F;28.04.2026;FERNANDACRISTINAALVES;28.04.2026;FERNANDACRISTINAALVES;6.78;PENDENTE;Z016;00468987193;ARTHUR MARTINS DE ALMEIDA
664589103;1314093;0204030170;TORAX (PA);01320968112;MARCELO MARTINS ROCHA;20.05.2026;11:00;0;706903138820331;ELAINE CRISTINA AMARAL MONTESSI;23.12.2000;25;305;IDENENIR PEREIRA DO AMARAL;RUA;CURICACA;CASA;1052;JARDIM GRAMADO;79490000;(67)99908-1495;SAO GABRIEL DO OESTE;500769;SAO GABRIEL DO OESTE;500769;6452116;CENTRO DE ESPECIALIDADES MEDICAS;F;29.04.2026;FERNANDACRISTINAALVES;29.04.2026;FERNANDACRISTINAALVES;6.88;CONFIRMADO;Z016;;LUCINALDO BASSO
664600347;1314062;0204060095;BACIA;01320968112;MARCELO MARTINS ROCHA;13.05.2026;11:00;0;700906936275598;LENY GOMES DA SILVA;01.02.1947;79;951;CELANIRA GARCIA GOMES;RUA;DAS GARCAS;;935;FENIX;79491060;(67)98481-0183;SAO GABRIEL DO OESTE;500769;SAO GABRIEL DO OESTE;500769;6452116;CENTRO DE ESPECIALIDADES MEDICAS;F;29.04.2026;FERNANDACRISTINAALVES;29.04.2026;FERNANDACRISTINAALVES;7.77;CONFIRMADO;Z016;06302616603;ROMULO AMARAL TAFURI
664600347;1314070;0204060125;JOELHO D (AP + LATERAL);01320968112;MARCELO MARTINS ROCHA;13.05.2026;11:00;0;700906936275598;LENY GOMES DA SILVA;01.02.1947;79;951;CELANIRA GARCIA GOMES;RUA;DAS GARCAS;;935;FENIX;79491060;(67)98481-0183;SAO GABRIEL DO OESTE;500769;SAO GABRIEL DO OESTE;500769;6452116;CENTRO DE ESPECIALIDADES MEDICAS;F;29.04.2026;FERNANDACRISTINAALVES;29.04.2026;FERNANDACRISTINAALVES;6.78;CONFIRMADO;Z016;06302616603;ROMULO AMARAL TAFURI
664600347;1314071;0204060125;JOELHO E (AP + LATERAL);01320968112;MARCELO MARTINS ROCHA;13.05.2026;11:00;0;700906936275598;LENY GOMES DA SILVA;01.02.1947;79;951;CELANIRA GARCIA GOMES;RUA;DAS GARCAS;;935;FENIX;79491060;(67)98481-0183;SAO GABRIEL DO OESTE;500769;SAO GABRIEL DO OESTE;500769;6452116;CENTRO DE ESPECIALIDADES MEDICAS;F;29.04.2026;FERNANDACRISTINAALVES;29.04.2026;FERNANDACRISTINAALVES;6.78;CONFIRMADO;Z016;06302616603;ROMULO AMARAL TAFURI
664600347;1314045;0204040116;OMOPLATA / OMBRO D (TRES POSICOES);01320968112;MARCELO MARTINS ROCHA;13.05.2026;11:00;0;700906936275598;LENY GOMES DA SILVA;01.02.1947;79;951;CELANIRA GARCIA GOMES;RUA;DAS GARCAS;;935;FENIX;79491060;(67)98481-0183;SAO GABRIEL DO OESTE;500769;SAO GABRIEL DO OESTE;500769;6452116;CENTRO DE ESPECIALIDADES MEDICAS;F;29.04.2026;FERNANDACRISTINAALVES;29.04.2026;FERNANDACRISTINAALVES;7.98;CONFIRMADO;Z016;06302616603;ROMULO AMARAL TAFURI
664604429;1314095;0204030153;TORAX (PA + PERFIL);59241284153;CLODOALDO DE AZEVEDO CARDOSO;04.05.2026;16:00;0;705807485014933;TELMA LUIS VANDES;16.01.1966;60;724;ZENAIDE LUIS VANDES;RUA;DAS CURRUIRAS;CASA;708;JARDIM GRAMADO;79491014;(67)99919-9779;SAO GABRIEL DO OESTE;500769;SAO GABRIEL DO OESTE;500769;5971055;UNIDADE DE SAUDE DA FAMILIA VIII;F;29.04.2026;JESSICAPADILHA;29.04.2026;JESSICAPADILHA;9.50;PENDENTE;Z000;04805244160;RENNAN ORTIZ BUENO
664647309;1314095;0204030153;TORAX (PA + PERFIL);01320968112;MARCELO MARTINS ROCHA;20.05.2026;11:00;0;702804613677169;MARILEI MALACARNE DA CUNHA;03.01.1964;62;748;MARIA DEVISE MALACARNE;FAZENDA;NOSSA SENHORA DE FATIMA;;S/N;RURAL;79490000;(67)3295-2809;SAO GABRIEL DO OESTE;500769;SAO GABRIEL DO OESTE;500769;6452116;CENTRO DE ESPECIALIDADES MEDICAS;F;29.04.2026;FERNANDACRISTINAALVES;29.04.2026;FERNANDACRISTINAALVES;9.50;CONFIRMADO;Z016;70808015087;CELIO HELEGDA
664823806;1314022;0204020042;COLUNA CERVICAL (AP + LATERAL + TO / FLEXAO);01320968112;MARCELO MARTINS ROCHA;04.05.2026;11:00;0;700601498135861;ELIZANDRA BENEDITA CANDIDO DE BARRO;26.12.1990;35;424;ADELEIDE CANDIDO DA SILVA;RUA;SANTA INES;;310;MILANI;79492096;(67)98144-9420;SAO GABRIEL DO OESTE;500769;SAO GABRIEL DO OESTE;500769;2370972;UNIDADE DE SAUDE DA FAMILIA MILANE II;F;29.04.2026;FLAVIA_RODRIGUES;29.04.2026;FLAVIA_RODRIGUES;8.19;PENDENTE;G560;;ARTHUR MARTINS DE ALMEIDA
664916667;1314034;0204030072;COSTELAS P/ HEMITORAX D;01320968112;MARCELO MARTINS ROCHA;04.05.2026;11:00;0;702000827563788;FERNANDO DA SILVA;12.01.1942;84;1012;LAURA MARIA DE JESUS;RUA;TICO-TICO;;332;FENIX;79491096;(67)99648-9854 / (67)99946-7787;SAO GABRIEL DO OESTE;500769;SAO GABRIEL DO OESTE;500769;2370999;UNIDADE DE SAUDE DA FAMILIA FENIX IV;M;30.04.2026;GUSTAVO_PIAIA;30.04.2026;GUSTAVO_PIAIA;8.37;PENDENTE;W19;00703866176;ALCIDES EDUARDO EIBEL
664950277;0282063;0301010072;CONSULTA EM OTORRINOLARINGOLOGIA;78877326115;ANA PAULA CAVALIERI PONTES;14.05.2026;18:00;0;707803604789413;ROSA IRENE MOREIRA;14.02.1958;68;819;REGINA ROSA CASAGRANDE;RUA;ARACA;CASA;375;FENIX;79490000;(67)99986-1986;SAO GABRIEL DO OESTE;500769;SAO GABRIEL DO OESTE;500769;6452116;CENTRO DE ESPECIALIDADES MEDICAS;F;30.04.2026;PATRICKMASIAGA;30.04.2026;PATRICKMASIAGA;10.00;PENDENTE;Z016;09735831694;RAIZA JACOMETTI
664974275;1314095;0204030153;TORAX (PA + PERFIL);01320968112;MARCELO MARTINS ROCHA;04.05.2026;11:00;0;705105403947870;LEANDRO SILVA DE LIMA;21.05.1989;37;444;CLEIDE SILVA DE LIMA;RUA;DAS ANHUMAS 1466/99999;;1860;FENIX;79491090;(61)93361-0000 / (67)99979-5205;SAO GABRIEL DO OESTE;500769;SAO GABRIEL DO OESTE;500769;2370999;UNIDADE DE SAUDE DA FAMILIA FENIX IV;M;30.04.2026;GUSTAVO_PIAIA;30.04.2026;GUSTAVO_PIAIA;9.50;PENDENTE;Z000;;RENNAN ORTIZ BUENO
665110572;1314095;0204030153;TORAX (PA + PERFIL);59241284153;CLODOALDO DE AZEVEDO CARDOSO;04.05.2026;16:00;0;708408241348262;MARIA GLORIA DOS SANTOS OLIVEIRA;28.09.1959;66;799;ANALIA DOS SANTOS OLIVEIRA;RUA;23 DE MAIO;;1457;FENIX;79491112;(67)99647-2267;SAO GABRIEL DO OESTE;500769;SAO GABRIEL DO OESTE;500769;2370999;UNIDADE DE SAUDE DA FAMILIA FENIX IV;F;30.04.2026;GUSTAVO_PIAIA;30.04.2026;GUSTAVO_PIAIA;9.50;PENDENTE;M54;00703866176;ALCIDES EDUARDO EIBEL
665113834;1314071;0204060125;JOELHO E (AP + LATERAL);87751593172;CRISTIANE DE SOUZA PEREIRA;26.05.2026;21:00;0;708909754863719;ADRIANO RIBEIRO DOS SANTOS;20.08.1991;34;417;CREUZA RIBEIRO DOS SANTOS;RUA;JURITI;CASA;101;FENIX;79490000;(67)99926-4113;SAO GABRIEL DO OESTE;500769;SAO GABRIEL DO OESTE;500769;6452116;CENTRO DE ESPECIALIDADES MEDICAS;M;30.04.2026;FERNANDACRISTINAALVES;30.04.2026;FERNANDACRISTINAALVES;6.78;PENDENTE;Z016;06302616603;ROMULO AMARAL TAFURI
665121805;1314045;0204040116;OMOPLATA / OMBRO D (TRES POSICOES);01320968112;MARCELO MARTINS ROCHA;04.05.2026;11:00;0;705802499878833;MARGARIDA DA SILVA FERREIRA;26.05.1963;62;755;MARIA BELCHIOR DA SILVA;RUA;TUIUIU;CASA;1697;FENIX;79490000;(67)9636-3574;SAO GABRIEL DO OESTE;500769;SAO GABRIEL DO OESTE;500769;6452116;CENTRO DE ESPECIALIDADES MEDICAS;F;30.04.2026;FERNANDACRISTINAALVES;30.04.2026;FERNANDACRISTINAALVES;7.98;PENDENTE;Z016;93393539191;RODOLFO FABIANO NIZ BAREIRO
665131146;1314095;0204030153;TORAX (PA + PERFIL);59241284153;CLODOALDO DE AZEVEDO CARDOSO;05.05.2026;16:00;0;701405673532937;AGENOR MOCELIN;14.10.1944;81;979;JOANA LAFERDINI MOCELIN;RUA;BAHIA;;984;CENTRO;79490000;(67)3295-5142;SAO GABRIEL DO OESTE;500769;SAO GABRIEL DO OESTE;500769;3400964;UNIDADE DE SAUDE DA FAMILIA RURAL VII;M;30.04.2026;DULCINEIA_MOCCELIN;30.04.2026;DULCINEIA_MOCCELIN;9.50;PENDENTE;I739;;JULIANA MENEZES
665230916;1314054;0204040124;PUNHO E (AP + LATERAL + OBLIQUA);87751593172;CRISTIANE DE SOUZA PEREIRA;04.05.2026;21:00;0;706701267853120;FRANCISCO ITALO MEDEIROS DOS SANTOS;10.10.2000;25;307;EDILEUZA ELIZA DOS SANTOS;RUA;RIO DE JANEIRO;CASA 1;2785;CENTRO;79490000;(67)99964-5663;SAO GABRIEL DO OESTE;500769;SAO GABRIEL DO OESTE;500769;6452116;CENTRO DE ESPECIALIDADES MEDICAS;M;04.05.2026;PATRICKMASIAGA;04.05.2026;PATRICKMASIAGA;6.91;PENDENTE;Z016;01110123175;ELY DONIZETH DE ASSIS JUNIOR
665235640;1314110;0204030153;TORAX (PA + PERFIL) PRE-OPERATORIO;80089844149;ANA PAULA DOS SANTOS PEREIRA SILVANY;05.05.2026;07:00;0;706906179217934;JOANA DARC RAMOS DE AMORIM;25.07.1977;48;586;SEBASTIANA RAMOS DO PRADO;RUA;CURIO;;695;JARDIM GRAMADO;79490000;(67)9945-1772;SAO GABRIEL DO OESTE;500769;SAO GABRIEL DO OESTE;500769;6452116;CENTRO DE ESPECIALIDADES MEDICAS;F;04.05.2026;PATRICKMASIAGA;04.05.2026;PATRICKMASIAGA;9.50;PENDENTE;Z016;08418818123;PATRICK RICHARD ARGUELHO MASIAGA
665271657;1314074;0204060141;JOELHO / ROTULA D (AP + LATERAL + OBLIQUAS + 3 AXIAIS);80089844149;ANA PAULA DOS SANTOS PEREIRA SILVANY;05.05.2026;07:00;0;708905743826414;FLAVIO MATTIONI;09.05.1966;60;720;HORAIDE RIGOL MATTIONI;RUA;BAHIA;;810;CENTRO;79490000;(67)99956-6516;SAO GABRIEL DO OESTE;500769;SAO GABRIEL DO OESTE;500769;2599376;UNIDADE DE SAUDE DA FAMILIA VI;M;04.05.2026;MARIANA_MARTINS;04.05.2026;MARIANA_MARTINS;9.29;PENDENTE;S810;06437691107;MAIARA FLORES SCARIOT
665299012;1314029;0204020069;COLUNA LOMBO-SACRA;87751593172;CRISTIANE DE SOUZA PEREIRA;04.05.2026;21:00;0;703003855495970;QUEREN ISABELE DE OLIVEIRA;12.03.2003;23;278;ROSIANE MARIA BEZERRA;RUA;DOS CANARIOS 1466/99999;;2034;FENIX;79491078;(67)99612-6680 / (67)99911-9268;SAO GABRIEL DO OESTE;500769;SAO GABRIEL DO OESTE;500769;2370999;UNIDADE DE SAUDE DA FAMILIA FENIX IV;F;04.05.2026;GUSTAVO_PIAIA;04.05.2026;GUSTAVO_PIAIA;10.96;PENDENTE;M545;00703866176;ALCIDES EDUARDO EIBEL
665299582;1314110;0204030153;TORAX (PA + PERFIL) PRE-OPERATORIO;01320968112;MARCELO MARTINS ROCHA;05.05.2026;11:00;0;706405166166086;ALCIRIO BRUXEL JUNIOR;11.12.1992;33;401;IRACI ANTONIO BRUXEL;RUA;ESTUDANTE ELIAS BORGAMAN;CASA;1668;JARDIM ALVORADA;79490000;(67)99634-3669;SAO GABRIEL DO OESTE;500769;SAO GABRIEL DO OESTE;500769;6452116;CENTRO DE ESPECIALIDADES MEDICAS;M;04.05.2026;PATRICKMASIAGA;04.05.2026;PATRICKMASIAGA;9.50;PENDENTE;Z016;01110123175;ELY DONIZETH DE ASSIS JUNIOR
665309763;0282063;0301010072;CONSULTA EM OTORRINOLARINGOLOGIA;78877326115;ANA PAULA CAVALIERI PONTES;14.05.2026;18:00;0;706400124031781;ANDERSON VIEIRA ROSSI;12.01.1992;34;412;REGINA CELIA MORAES VIEIRA ROSSI;AVENIDA;CASTELO BRANCO;CASA;1841;PRIMO MAFFISSONI;79490000;(67)99601-4318;SAO GABRIEL DO OESTE;500769;SAO GABRIEL DO OESTE;500769;5971055;UNIDADE DE SAUDE DA FAMILIA VIII;M;04.05.2026;JESSICAPADILHA;04.05.2026;JESSICAPADILHA;10.00;PENDENTE;Z00;04805244160;RENNAN ORTIZ BUENO
665312595;1314128;0204030153;RADIOGRAFIA PANORAMICA DE TORAX (PA E PERFIL);01320968112;MARCELO MARTINS ROCHA;04.05.2026;11:00;0;709204285913336;NILTON COSTA MARQUES;23.01.1979;47;568;MARIA DAS GRACAS COSTA MARQUES;RUA;DAS CURRUIRAS;;1660;JARDIM GRAMADO;79491014;(67)99286-9715;SAO GABRIEL DO OESTE;500769;SAO GABRIEL DO OESTE;500769;5971055;UNIDADE DE SAUDE DA FAMILIA VIII;M;04.05.2026;JESSICAPADILHA;04.05.2026;JESSICAPADILHA;9.50;PENDENTE;Z000;04805244160;RENNAN ORTIZ BUENO
665321636;1314115;0204020115;COLUNA TORACO-LOMBAR DINAMICA;59241284153;CLODOALDO DE AZEVEDO CARDOSO;05.05.2026;16:00;0;700001926265410;DAIANE ALVES FREITAS;15.12.1987;38;461;EVA ALVES FREITAS;RUA;ESPIRITO SANTO;;2724;PRIMO MAFFISSONI;79490000;(67)99614-8987;SAO GABRIEL DO OESTE;500769;SAO GABRIEL DO OESTE;500769;2599376;UNIDADE DE SAUDE DA FAMILIA VI;F;04.05.2026;MARIANA_MARTINS;04.05.2026;MARIANA_MARTINS;15.58;PENDENTE;M546;06437691107;MAIARA FLORES SCARIOT
665418221;1314066;0204060060;ARTICULACAO COXO-FEMORAL D;87751593172;CRISTIANE DE SOUZA PEREIRA;04.05.2026;21:00;0;707403082104078;MARGARIDA MARCONDES ROLIM;04.11.1958;67;810;OLIDIA DE LEMOS MARCONDES;RUA;JORGE AMADO;;638;PRIMO MAFFISSONI;79490000;(67)99995-2072;SAO GABRIEL DO OESTE;500769;SAO GABRIEL DO OESTE;500769;7333218;UNIDADE DE SAUDE DA FAMILIA X;F;04.05.2026;RAISSASILVALIMA;04.05.2026;RAISSASILVALIMA;7.77;PENDENTE;M255;63805480172;CLEDSON PERETTI
665439562;1314029;0204020069;COLUNA LOMBO-SACRA;80089844149;ANA PAULA DOS SANTOS PEREIRA SILVANY;05.05.2026;07:00;0;702008390908884;HUILSON PASQUALLI;01.10.1971;54;655;NELCIR DAL AGNOL PASQUALLI;RUA;RONDONIA;;803;CENTRO;79490000;(67)99684-5745;SAO GABRIEL DO OESTE;500769;SAO GABRIEL DO OESTE;500769;2370964;UNIDADE DE SAUDE DA FAMILIA III;M;04.05.2026;ANACLAUDIA_NOGUEIRA;04.05.2026;ANACLAUDIA_NOGUEIRA;10.96;PENDENTE;M545;02611833974;HUDSON PERES DORIGAO BELISARIO DE SOUZA
665462041;1314034;0204030072;COSTELAS P/ HEMITORAX D;80089844149;ANA PAULA DOS SANTOS PEREIRA SILVANY;05.05.2026;07:00;0;700007620207303;ADEMAR SILVEIRA NOLASCO;05.04.1973;53;637;ALDIVINA SILVEIRA NOLASCO;RUA;DAS MARGARIDAS;;45;COHAB III;79490000;(61)3315-2425;SAO GABRIEL DO OESTE;500769;SAO GABRIEL DO OESTE;500769;2370980;UNIDADE DE SAUDE DA FAMILIA JARDIM GRAMADO I;M;04.05.2026;ELIANI_MOREIRA;04.05.2026;ELIANI_MOREIRA;8.37;PENDENTE;R071;96040653191;PAULO FENELON MARINHO
665466128;1314029;0204020069;COLUNA LOMBO-SACRA;87751593172;CRISTIANE DE SOUZA PEREIRA;04.05.2026;21:00;0;700008675915203;TAYNARA CARDOSO DA SILVA;10.11.1995;30;366;LUCIENE RODRIGUES CARDOSO;RUA;CURRUIRAS;;1064;JARDIM GRAMADO;79490000;(67)99866-9651 / (67)99668-1389;SAO GABRIEL DO OESTE;500769;SAO GABRIEL DO OESTE;500769;6452116;CENTRO DE ESPECIALIDADES MEDICAS;F;04.05.2026;PATRICKMASIAGA;04.05.2026;PATRICKMASIAGA;10.96;PENDENTE;M545;;RAFAELLA MARIA COSTA GOIS DE FIGUEIREDO
665479714;0282063;0301010072;CONSULTA EM OTORRINOLARINGOLOGIA;78877326115;ANA PAULA CAVALIERI PONTES;14.05.2026;18:00;0;705602425247912;ISADORA AZAMBUJA GNOATTO;11.07.2021;04;58;SIBELE LILI AZAMBUJA GNOATTO;RUA;GOIAS;CASA 1;1274;CENTRO;79490000;(67)99912-2521;SAO GABRIEL DO OESTE;500769;SAO GABRIEL DO OESTE;500769;6452116;CENTRO DE ESPECIALIDADES MEDICAS;F;04.05.2026;PATRICKMASIAGA;04.05.2026;PATRICKMASIAGA;10.00;PENDENTE;Z016;78877326115;ANA PAULA CAVALIERI PONTES
665483833;1314070;0204060125;JOELHO D (AP + LATERAL);87751593172;CRISTIANE DE SOUZA PEREIRA;04.05.2026;21:00;0;702603200316549;ANA BORGES DE OLIVEIRA ALVES;25.09.1973;52;632;IRACY BORGES DE OLIVEIRA;RUA;SANTO ANGELO;;384;MILANI;79490000;(67)9677-1099;SAO GABRIEL DO OESTE;500769;SAO GABRIEL DO OESTE;500769;6452116;CENTRO DE ESPECIALIDADES MEDICAS;F;04.05.2026;PATRICKMASIAGA;04.05.2026;PATRICKMASIAGA;6.78;PENDENTE;Z016;08418818123;PATRICK RICHARD ARGUELHO MASIAGA
665483833;1314071;0204060125;JOELHO E (AP + LATERAL);87751593172;CRISTIANE DE SOUZA PEREIRA;04.05.2026;21:00;0;702603200316549;ANA BORGES DE OLIVEIRA ALVES;25.09.1973;52;632;IRACY BORGES DE OLIVEIRA;RUA;SANTO ANGELO;;384;MILANI;79490000;(67)9677-1099;SAO GABRIEL DO OESTE;500769;SAO GABRIEL DO OESTE;500769;6452116;CENTRO DE ESPECIALIDADES MEDICAS;F;04.05.2026;PATRICKMASIAGA;04.05.2026;PATRICKMASIAGA;6.78;PENDENTE;Z016;08418818123;PATRICK RICHARD ARGUELHO MASIAGA
665520160;1314095;0204030153;TORAX (PA + PERFIL);80089844149;ANA PAULA DOS SANTOS PEREIRA SILVANY;05.05.2026;07:00;0;702007347979286;ITANALIA NATIELE MARTINS FORTUNATO;21.07.1994;31;382;SANDRA MARTINS DA SILVA FORTUNADO;RUA;COLIBRI;;447;FENIX;79490000;(67)99834-9081;SAO GABRIEL DO OESTE;500769;SAO GABRIEL DO OESTE;500769;7002084;UNIDADE DE SAUDE DA FAMILIA IX;F;05.05.2026;FELIPE_NERIS;05.05.2026;FELIPE_NERIS;9.50;PENDENTE;R074;06901507925;EVELYN KASSIA TUDISCO FERNANDES
665545138;0282063;0301010072;CONSULTA EM OTORRINOLARINGOLOGIA;78877326115;ANA PAULA CAVALIERI PONTES;14.05.2026;18:00;0;708808779601610;AGENOR VIEIRA DA SILVA;01.12.1971;54;653;MARIA DAMACENA DA SILVA VIEIRA;RUA;DAVID FERREIRA DA CUNHA;;188;JARDIM PRIMAVERA;79490000;(67)9865-3351;SAO GABRIEL DO OESTE;500769;SAO GABRIEL DO OESTE;500769;6452116;CENTRO DE ESPECIALIDADES MEDICAS;M;05.05.2026;FERNANDACRISTINAALVES;05.05.2026;FERNANDACRISTINAALVES;10.00;PENDENTE;Z00;78877326115;ANA PAULA CAVALIERI PONTES
665547673;0282063;0301010072;CONSULTA EM OTORRINOLARINGOLOGIA;78877326115;ANA PAULA CAVALIERI PONTES;14.05.2026;18:00;0;700504572528950;VALDILENE SABINA NOGUEIRA;28.04.1981;45;540;MARIA ABADIA SABINA NOGUEIRA;RUA;ANTONIO LAMBERT;;172;MILANI;79492064;(67)98107-3424;SAO GABRIEL DO OESTE;500769;SAO GABRIEL DO OESTE;500769;6354265;CENTRAL DE REGULACAO DE SAO GABRIEL DO OESTE;F;05.05.2026;ARILENE_SAOGABRIEL;05.05.2026;ARILENE_SAOGABRIEL;10.00;PENDENTE;Z016;00125300006;MEDICOS SUS
665551264;1314054;0204040124;PUNHO E (AP + LATERAL + OBLIQUA);01320968112;MARCELO MARTINS ROCHA;29.05.2026;11:00;0;704707555028140;MARIA CICERA VITURINO SILVA;20.12.1948;77;929;MARIA CABILO DA SILVA;FAZENDA;PONTE VERMELHA;;S/N;RURAL;79490000;(67)9933-3375 / (67)9948-2202;SAO GABRIEL DO OESTE;500769;SAO GABRIEL DO OESTE;500769;6452116;CENTRO DE ESPECIALIDADES MEDICAS;F;05.05.2026;FERNANDACRISTINAALVES;05.05.2026;FERNANDACRISTINAALVES;6.91;PENDENTE;S525;00468987193;ARTHUR MARTINS DE ALMEIDA
665565389;1314095;0204030153;TORAX (PA + PERFIL);01320968112;MARCELO MARTINS ROCHA;05.05.2026;11:00;0;700407430917748;CLAUDIA GOMES PEDROSO;07.07.1983;42;514;MARINEY GOMES DA SILVA;RUA;DONA ELVIRA;;1506;MILANI;79492070;(67)99877-9299;SAO GABRIEL DO OESTE;500769;SAO GABRIEL DO OESTE;500769;2370972;UNIDADE DE SAUDE DA FAMILIA MILANE II;F;05.05.2026;FLAVIA_RODRIGUES;05.05.2026;FLAVIA_RODRIGUES;9.50;PENDENTE;Z48;02453491113;MILENA GUEDIN VARGAS
665565775;1314095;0204030153;TORAX (PA + PERFIL);01320968112;MARCELO MARTINS ROCHA;05.05.2026;11:00;0;709008883847715;TANE MUDRAK BORGES;29.01.1981;45;543;ANA INES MUDRAK;FAZENDA;BURITIZAL;;S/N;ZONA RURAL;79430000;(67)99672-6612;BANDEIRANTES;500150;SAO GABRIEL DO OESTE;500769;2591359;UNIDADE DE SAUDE DA FAMILIA V;F;05.05.2026;CHRISTIANEHELEN_FREITAS;05.05.2026;CHRISTIANEHELEN_FREITAS;9.50;PENDENTE;Z00;04796956107;JULIANA DA ROCHA PEREIRA MENEZES
665570669;1314128;0204030153;RADIOGRAFIA PANORAMICA DE TORAX (PA E PERFIL);80089844149;ANA PAULA DOS SANTOS PEREIRA SILVANY;06.05.2026;07:00;0;708600583139684;LUIZ ANHANI;08.05.1954;72;864;LAVINIA ANTONIO ANHANI;FAZENDA;ESPERANÇA;;S/N;RURAL;79490000;(61)3315-2425;SAO GABRIEL DO OESTE;500769;SAO GABRIEL DO OESTE;500769;5971055;UNIDADE DE SAUDE DA FAMILIA VIII;M;05.05.2026;JESSICAPADILHA;05.05.2026;JESSICAPADILHA;9.50;PENDENTE;R05;04805244160;RENNAN ORTIZ BUENO
665590114;1314034;0204030072;COSTELAS P/ HEMITORAX D;80089844149;ANA PAULA DOS SANTOS PEREIRA SILVANY;06.05.2026;07:00;0;705005608459550;MARCIA SANTOS DE SALES;20.05.1976;50;600;MARIA JOSE SANTOS DE SALES;RUA;SAO JORGE;CASA 64;289;JARDIM PRIMAVERA;79490164;(67)99929-3084;SAO GABRIEL DO OESTE;500769;SAO GABRIEL DO OESTE;500769;2370964;UNIDADE DE SAUDE DA FAMILIA III;F;05.05.2026;ANACLAUDIA_NOGUEIRA;05.05.2026;ANACLAUDIA_NOGUEIRA;8.37;PENDENTE;Z000;02611833974;HUDSON PERES DORIGAO BELISARIO DE SOUZA
665600704;1314121;0204060095;RADIOGRAFIA PANORAMICA DE BACIA;87751593172;CRISTIANE DE SOUZA PEREIRA;08.05.2026;19:00;0;704201755129381;MADALENA FERNANDES DE LIMA;22.07.1956;69;838;BRAZILINA GOMES FERREIRA;RUA;ARACA;;406;SAO CRISTOVAO;79491198;(67)99617-2465;SAO GABRIEL DO OESTE;500769;SAO GABRIEL DO OESTE;500769;6452116;CENTRO DE ESPECIALIDADES MEDICAS;F;05.05.2026;PATRICKMASIAGA;05.05.2026;PATRICKMASIAGA;7.77;PENDENTE;Z016;08418818123;PATRICK RICHARD ARGUELHO MASIAGA
665600704;1314046;0204040116;OMOPLATA / OMBRO E (TRES POSICOES);87751593172;CRISTIANE DE SOUZA PEREIRA;08.05.2026;19:00;0;704201755129381;MADALENA FERNANDES DE LIMA;22.07.1956;69;838;BRAZILINA GOMES FERREIRA;RUA;ARACA;;406;SAO CRISTOVAO;79491198;(67)99617-2465;SAO GABRIEL DO OESTE;500769;SAO GABRIEL DO OESTE;500769;6452116;CENTRO DE ESPECIALIDADES MEDICAS;F;05.05.2026;PATRICKMASIAGA;05.05.2026;PATRICKMASIAGA;7.98;PENDENTE;Z016;08418818123;PATRICK RICHARD ARGUELHO MASIAGA
665601576;0282063;0301010072;CONSULTA EM OTORRINOLARINGOLOGIA;78877326115;ANA PAULA CAVALIERI PONTES;14.05.2026;18:00;0;702105887070870;MARIA ALICE GOMES DOS SANTOS;06.09.2022;03;44;LAIS DORCELINO GOMES VILA;RUA;TANGARA;;334;FENIX;79490000;(67)99842-4617;SAO GABRIEL DO OESTE;500769;SAO GABRIEL DO OESTE;500769;6452116;CENTRO DE ESPECIALIDADES MEDICAS;F;05.05.2026;FERNANDACRISTINAALVES;05.05.2026;FERNANDACRISTINAALVES;10.00;PENDENTE;J343;;BETRIZ PEREIRA
665631397;1314056;0204040094;MAO E (DUAS INCIDENCIAS);01320968112;MARCELO MARTINS ROCHA;05.05.2026;11:00;0;700007439421501;ROSIVELTI PEREIRA DE MORAIS;28.05.1969;56;683;EDIR PEREIRA DE MORAIS;RUA;OROZIMA INACIO DE AMORIM;;191;NOVO HORIZONTE;79550000;(67)98183-1006;COSTA RICA;500325;SAO GABRIEL DO OESTE;500769;6452116;CENTRO DE ESPECIALIDADES MEDICAS;M;05.05.2026;FERNANDACRISTINAALVES;05.05.2026;FERNANDACRISTINAALVES;6.30;PENDENTE;Z00;00468987193;ARTHUR MARTINS DE ALMEIDA
665654214;1314093;0204030170;TORAX (PA);59241284153;CLODOALDO DE AZEVEDO CARDOSO;05.05.2026;16:00;0;708703111377893;ROSELI FERNANDES;31.08.1969;56;680;MARIA EDNA FERNANDES;RUA;PARANA 2400/99999;;2558;AMABILE MAFFISSONI;79490084;(67)99118-2986;SAO GABRIEL DO OESTE;500769;SAO GABRIEL DO OESTE;500769;7333218;UNIDADE DE SAUDE DA FAMILIA X;F;05.05.2026;RAISSASILVALIMA;05.05.2026;RAISSASILVALIMA;6.88;PENDENTE;Z00;;ARTHUR MARTINS
665705050;0282063;0301010072;CONSULTA EM OTORRINOLARINGOLOGIA;78877326115;ANA PAULA CAVALIERI PONTES;21.05.2026;18:00;0;709606636857679;JOSE PEREIRA;12.10.1946;79;955;LUZIA PEREIRA DO CARMO;RUA;AROEIRA;Q06 L24;S/N;FENIX;79490000;(67)99965-0373;SAO GABRIEL DO OESTE;500769;SAO GABRIEL DO OESTE;500769;7002084;UNIDADE DE SAUDE DA FAMILIA IX;M;05.05.2026;FELIPE_NERIS;05.05.2026;FELIPE_NERIS;10.00;PENDENTE;A011;06901507925;EVELYN KASSIA TUDISCO FERNANDES
665755289;0282063;0301010072;CONSULTA EM OTORRINOLARINGOLOGIA;78877326115;ANA PAULA CAVALIERI PONTES;21.05.2026;18:00;0;702609212211343;JOCILAINE RODRIGUES FERREIRA;21.01.1990;36;436;ADELINA ALVES RODRIGUES FERREIRA;RUA;BEM TE VI;;1521;CONJUNTO FENIX;79490000;(67)9692-4713;SAO GABRIEL DO OESTE;500769;SAO GABRIEL DO OESTE;500769;6354265;CENTRAL DE REGULACAO DE SAO GABRIEL DO OESTE;F;05.05.2026;ARILENE_SAOGABRIEL;05.05.2026;ARILENE_SAOGABRIEL;10.00;PENDENTE;Z016;00125300006;MEDICOS SUS
665766056;1314106;0204050111;ABDOMEN (AP + LATERAL / LOCALIZADA);59241284153;CLODOALDO DE AZEVEDO CARDOSO;05.05.2026;16:00;0;704309575400997;FRANCISCO ROSARIO GOIS;05.07.1962;63;766;IZAIRA GINFREDO GOIS;AVENIDA;TUIUIU 1466/99998;;1931;FENIX;79491076;(67)99637-1896 / (67)99901-5918;SAO GABRIEL DO OESTE;500769;SAO GABRIEL DO OESTE;500769;6452116;CENTRO DE ESPECIALIDADES MEDICAS;M;05.05.2026;FERNANDACRISTINAALVES;05.05.2026;FERNANDACRISTINAALVES;10.73;PENDENTE;Z00;;VANIA GOMES MARIANO
665772932;1314113;0204020093;COLUNA TORACICA (AP + LATERAL);80089844149;ANA PAULA DOS SANTOS PEREIRA SILVANY;07.05.2026;07:00;0;700202901037421;KARINA APARECIDA BILAIA DA SILVA SANTOS;13.02.1996;30;363;CREUZA ROSA BILAIA DA SILVA;RUA;CURIO;CASA;333;JARDIM GRAMADO;79491012;(67)99846-1521;SAO GABRIEL DO OESTE;500769;SAO GABRIEL DO OESTE;500769;6452116;CENTRO DE ESPECIALIDADES MEDICAS;F;05.05.2026;FERNANDACRISTINAALVES;05.05.2026;FERNANDACRISTINAALVES;9.16;PENDENTE;Z00;;RENNAN ORTIZ BUENO
665772932;1314114;0204020107;COLUNA TORACO-LOMBAR;80089844149;ANA PAULA DOS SANTOS PEREIRA SILVANY;07.05.2026;07:00;0;700202901037421;KARINA APARECIDA BILAIA DA SILVA SANTOS;13.02.1996;30;363;CREUZA ROSA BILAIA DA SILVA;RUA;CURIO;CASA;333;JARDIM GRAMADO;79491012;(67)99846-1521;SAO GABRIEL DO OESTE;500769;SAO GABRIEL DO OESTE;500769;6452116;CENTRO DE ESPECIALIDADES MEDICAS;F;05.05.2026;FERNANDACRISTINAALVES;05.05.2026;FERNANDACRISTINAALVES;9.73;PENDENTE;Z00;;RENNAN ORTIZ BUENO
665786720;1314077;0204060168;PERNA E;01320968112;MARCELO MARTINS ROCHA;15.05.2026;11:00;0;702407573889825;NIKSON DEFANTE COUTINHO;23.08.1994;31;381;MARINETE DEFANTE COUTINHO;RUA;AMAZONAS;;2655;AMIBILE;79490000;(67)99609-3934;SAO GABRIEL DO OESTE;500769;SAO GABRIEL DO OESTE;500769;6452116;CENTRO DE ESPECIALIDADES MEDICAS;M;05.05.2026;PATRICKMASIAGA;05.05.2026;PATRICKMASIAGA;8.94;PENDENTE;Z016;00530001101;BRUNO PETINARI UMBELINO
665786720;1314079;0204060087;ARTICULACAO TIBIO-TARSICA (TORNOZELO) E;01320968112;MARCELO MARTINS ROCHA;15.05.2026;11:00;0;702407573889825;NIKSON DEFANTE COUTINHO;23.08.1994;31;381;MARINETE DEFANTE COUTINHO;RUA;AMAZONAS;;2655;AMIBILE;79490000;(67)99609-3934;SAO GABRIEL DO OESTE;500769;SAO GABRIEL DO OESTE;500769;6452116;CENTRO DE ESPECIALIDADES MEDICAS;M;05.05.2026;PATRICKMASIAGA;05.05.2026;PATRICKMASIAGA;6.50;PENDENTE;Z016;00530001101;BRUNO PETINARI UMBELINO
665796266;1314032;0204020123;SACRO-COCCIX;01320968112;MARCELO MARTINS ROCHA;06.05.2026;11:00;0;706802179638430;JUCIENE RIOS FRETES;18.07.1991;34;418;RUFINA RIOS FRETES;RUA;AZULAO 1073/99998;;1812;FENIX;79491104;(67)99836-1343;SAO GABRIEL DO OESTE;500769;SAO GABRIEL DO OESTE;500769;2370999;UNIDADE DE SAUDE DA FAMILIA FENIX IV;F;05.05.2026;GUSTAVO_PIAIA;05.05.2026;GUSTAVO_PIAIA;7.80;PENDENTE;M545;00703866176;ALCIDES EDUARDO EIBEL
665798118;1314128;0204030153;RADIOGRAFIA PANORAMICA DE TORAX (PA E PERFIL);80089844149;ANA PAULA DOS SANTOS PEREIRA SILVANY;06.05.2026;07:00;0;706209534727263;ARYELI CENTURIAO ROCHA;31.10.1986;39;474;CLEUZA ANTONIA CENTURIAO;RUA;DAS CURRUIRAS;CASA 02;1464;JARDIM GRAMADO;79491014;(67)99905-3913;SAO GABRIEL DO OESTE;500769;SAO GABRIEL DO OESTE;500769;5971055;UNIDADE DE SAUDE DA FAMILIA VIII;F;05.05.2026;JESSICAPADILHA;05.05.2026;JESSICAPADILHA;9.50;PENDENTE;Z000;04805244160;RENNAN ORTIZ BUENO
665800647;1314110;0204030153;TORAX (PA + PERFIL) PRE-OPERATORIO;87751593172;CRISTIANE DE SOUZA PEREIRA;14.05.2026;21:00;0;703100851051160;VERONICA TIGRE;23.05.1959;67;804;ANNA ALVES TIGRE;RUA;CURIO;;392;JARDIM GRAMADO;79490000;(67)99695-7925;SAO GABRIEL DO OESTE;500769;SAO GABRIEL DO OESTE;500769;6452116;CENTRO DE ESPECIALIDADES MEDICAS;F;05.05.2026;PATRICKMASIAGA;05.05.2026;PATRICKMASIAGA;9.50;CONFIRMADO;Z016;09028429603;BERNARDO MEDEIROS MAIA
665847667;1314095;0204030153;TORAX (PA + PERFIL);01320968112;MARCELO MARTINS ROCHA;06.05.2026;11:00;0;700009307864904;MARIA LUCIA DIAS DA COSTA;11.04.1957;69;829;QUITERIA CAVALCANTE DIAS;LOTEAMENTO;ITAQUI;ASSENTAMENTO;161;RURAL;79490000;(67)99953-5715;SAO GABRIEL DO OESTE;500769;SAO GABRIEL DO OESTE;500769;6452116;CENTRO DE ESPECIALIDADES MEDICAS;F;06.05.2026;FERNANDACRISTINAALVES;06.05.2026;FERNANDACRISTINAALVES;9.50;PENDENTE;R060;;MILENA GUEDIN VARGAS
665871780;0282063;0301010072;CONSULTA EM OTORRINOLARINGOLOGIA;78877326115;ANA PAULA CAVALIERI PONTES;21.05.2026;18:00;0;704004370229968;ANA ALICE DA SILVA SERPA;18.11.2018;07;90;TACIARA MARQUES DA SILVA;RUA;JANDAIA;;1765;JARDIM RASSLEM;79813270;(67)99157-1746 / (67)2222-1827;DOURADOS;500370;SAO GABRIEL DO OESTE;500769;2370964;UNIDADE DE SAUDE DA FAMILIA III;F;06.05.2026;ANACLAUDIA_NOGUEIRA;06.05.2026;ANACLAUDIA_NOGUEIRA;10.00;PENDENTE;H918;02611833974;HUDSON PERES DORIGAO BELISARIO DE SOUZA
665879842;1314039;0204040035;ARTICULACAO ESCAPULO-UMERAL D;59241284153;CLODOALDO DE AZEVEDO CARDOSO;07.05.2026;16:00;0;705004846074051;NEIDE CONCEICAO LUZ DE SOUZA;21.05.1962;64;768;ORELINA MARIA DA CONCEICAO;RUA;JURITI;CASA;191;FENIX;79490000;(67)9937-8969;SAO GABRIEL DO OESTE;500769;SAO GABRIEL DO OESTE;500769;6452116;CENTRO DE ESPECIALIDADES MEDICAS;F;06.05.2026;PATRICKMASIAGA;06.05.2026;PATRICKMASIAGA;7.40;PENDENTE;M791;;RONNEY
665887407;1314095;0204030153;TORAX (PA + PERFIL);01320968112;MARCELO MARTINS ROCHA;06.05.2026;11:00;0;704006386411169;MARIANA DA SILVA FERREIRA;12.09.2011;14;176;TEREZINHA DA SILVA PEREIRA FERREIRA;RUA;SARACURA;;1375;JARDIM GRAMADO;79490000;(67)9680-6376;SAO GABRIEL DO OESTE;500769;SAO GABRIEL DO OESTE;500769;2370980;UNIDADE DE SAUDE DA FAMILIA JARDIM GRAMADO I;F;06.05.2026;ELIANI_MOREIRA;06.05.2026;ELIANI_MOREIRA;9.50;PENDENTE;J03;96040653191;PAULO FENELON MARINHO
665918851;1314093;0204030170;TORAX (PA);59241284153;CLODOALDO DE AZEVEDO CARDOSO;06.05.2026;16:00;0;700204443724624;TIALES CARNEIRO DA SILVA;01.10.1982;43;523;MARIA APARECIDA CARNEIRO DA SILVA;RUA;BATAGUASSU;;124;VILA ANGELICA I;79240000;(67)9606-4195;JARDIM;500500;SAO GABRIEL DO OESTE;500769;2599376;UNIDADE DE SAUDE DA FAMILIA VI;M;06.05.2026;MARIANA_MARTINS;06.05.2026;MARIANA_MARTINS;6.88;PENDENTE;Z302;;LUCINALDO
665932412;0282063;0301010072;CONSULTA EM OTORRINOLARINGOLOGIA;78877326115;ANA PAULA CAVALIERI PONTES;21.05.2026;18:00;0;702000391022289;KAREN BRIZUELA VARGAS;02.02.2002;24;291;CELICA BRIZUELA OLIVEIRA;TRAVESSA;25 DE FEVEREIRO;;15;JARDIM PRIMAVERA;79490162;(67)99633-8546;SAO GABRIEL DO OESTE;500769;SAO GABRIEL DO OESTE;500769;7333218;UNIDADE DE SAUDE DA FAMILIA X;F;06.05.2026;RAISSASILVALIMA;06.05.2026;RAISSASILVALIMA;10.00;PENDENTE;Q35;63805480172;CLEDSON PERETTI
665936267;1314062;0204060095;BACIA;80089844149;ANA PAULA DOS SANTOS PEREIRA SILVANY;22.05.2026;07:00;0;706208062867864;MARIA BENEDITA DA SILVA;21.04.1974;52;625;ANTONIA BERNARDO DA SILVA;RUA;FRANCISCO MILANI;;1213;MILANI;79492068;(67)99948-3075;SAO GABRIEL DO OESTE;500769;SAO GABRIEL DO OESTE;500769;6452116;CENTRO DE ESPECIALIDADES MEDICAS;F;06.05.2026;PATRICKMASIAGA;06.05.2026;PATRICKMASIAGA;7.77;PENDENTE;Z016;04469955680;DANIEL ROCHA DO CARMO
665936267;1314114;0204020107;COLUNA TORACO-LOMBAR;80089844149;ANA PAULA DOS SANTOS PEREIRA SILVANY;22.05.2026;07:00;0;706208062867864;MARIA BENEDITA DA SILVA;21.04.1974;52;625;ANTONIA BERNARDO DA SILVA;RUA;FRANCISCO MILANI;;1213;MILANI;79492068;(67)99948-3075;SAO GABRIEL DO OESTE;500769;SAO GABRIEL DO OESTE;500769;6452116;CENTRO DE ESPECIALIDADES MEDICAS;F;06.05.2026;PATRICKMASIAGA;06.05.2026;PATRICKMASIAGA;9.73;PENDENTE;Z016;04469955680;DANIEL ROCHA DO CARMO
665954532;1314095;0204030153;TORAX (PA + PERFIL);80089844149;ANA PAULA DOS SANTOS PEREIRA SILVANY;08.05.2026;07:00;0;704803000399941;ALINE RODRIGUES PORTO;27.03.1995;31;373;ROSEMARI DE LIMA RODRIGUES;RUA;PELICANOS;CASA;1801;JARDIM GRAMADO;79490000;(67)99652-5633 / (67)99915-6930;SAO GABRIEL DO OESTE;500769;SAO GABRIEL DO OESTE;500769;7002084;UNIDADE DE SAUDE DA FAMILIA IX;F;06.05.2026;FELIPE_NERIS;06.05.2026;FELIPE_NERIS;9.50;PENDENTE;Z00;06901507925;EVELYN KASSIA TUDISCO FERNANDES
665960595;1314097;0204030129;TORAX APICO-LORDORTICA;01320968112;MARCELO MARTINS ROCHA;08.05.2026;11:00;0;704605611544322;JOSE SOARES DA SILVA FILHO;14.05.1968;58;696;MARIA CICERA VITORINO DA SILVA;RUA;TANCREDO NEVES;AGEPEN;730;FLAVIO GARCIA;79400000;(61)3315-2425 / (67)3908-6440;COXIM;500330;SAO GABRIEL DO OESTE;500769;3400964;UNIDADE DE SAUDE DA FAMILIA RURAL VII;M;06.05.2026;DULCINEIA_MOCCELIN;06.05.2026;DULCINEIA_MOCCELIN;5.56;PENDENTE;Z000;00612619630;KALYNKA SILVIA HIGINO
665960595;1314095;0204030153;TORAX (PA + PERFIL);01320968112;MARCELO MARTINS ROCHA;08.05.2026;11:00;0;704605611544322;JOSE SOARES DA SILVA FILHO;14.05.1968;58;696;MARIA CICERA VITORINO DA SILVA;RUA;TANCREDO NEVES;AGEPEN;730;FLAVIO GARCIA;79400000;(61)3315-2425 / (67)3908-6440;COXIM;500330;SAO GABRIEL DO OESTE;500769;3400964;UNIDADE DE SAUDE DA FAMILIA RURAL VII;M;06.05.2026;DULCINEIA_MOCCELIN;06.05.2026;DULCINEIA_MOCCELIN;9.50;PENDENTE;Z000;00612619630;KALYNKA SILVIA HIGINO
665991566;1314070;0204060125;JOELHO D (AP + LATERAL);80089844149;ANA PAULA DOS SANTOS PEREIRA SILVANY;07.05.2026;07:00;0;700506157044152;ELTON DA SILVA RICHTER;24.12.1968;57;689;ORAIDE DA SILVA RICHTER;RUA;CURICACAS;;720;JARDIM GRAMADO;79490000;(67)9806-9336;SAO GABRIEL DO OESTE;500769;SAO GABRIEL DO OESTE;500769;6452116;CENTRO DE ESPECIALIDADES MEDICAS;M;06.05.2026;PATRICKMASIAGA;06.05.2026;PATRICKMASIAGA;6.78;PENDENTE;Z016;08418818123;PATRICK RICHARD ARGUELHO MASIAGA
666015675;1314054;0204040124;PUNHO E (AP + LATERAL + OBLIQUA);87751593172;CRISTIANE DE SOUZA PEREIRA;28.05.2026;21:00;0;700507199072554;FIDELCINA PERSI BRAGA;10.12.1953;72;869;SANTINA MILANIN PERSI;RUA;SANTA MARIA;;4;MILANI;79492074;(67)99690-8153;SAO GABRIEL DO OESTE;500769;SAO GABRIEL DO OESTE;500769;6452116;CENTRO DE ESPECIALIDADES MEDICAS;F;06.05.2026;PATRICKMASIAGA;06.05.2026;PATRICKMASIAGA;6.91;PENDENTE;Z00;06302616603;ROMULO AMARAL TAFURI
666040643;1314095;0204030153;TORAX (PA + PERFIL);59241284153;CLODOALDO DE AZEVEDO CARDOSO;07.05.2026;16:00;0;704605655002320;NILZA MARIA DE SOUZA OSSINAGA;07.04.1975;51;613;ILIZABETH FERREIRA DE SOUZA;RUA;ALBINO SOUZA BRANDAO;;1241;PRIMO MAFFISSONI;79490294;(67)99847-5591;SAO GABRIEL DO OESTE;500769;SAO GABRIEL DO OESTE;500769;2599376;UNIDADE DE SAUDE DA FAMILIA VI;F;06.05.2026;MARIANA_MARTINS;06.05.2026;MARIANA_MARTINS;9.50;PENDENTE;Z48;06437691107;MAIARA FLORES SCARIOT
666054434;0282063;0301010072;CONSULTA EM OTORRINOLARINGOLOGIA;78877326115;ANA PAULA CAVALIERI PONTES;21.05.2026;18:00;0;709802036209891;JOAO MANOEL TOME DOS SANTOS;04.06.2010;15;191;JULIETE VALLOVERA TOME;RUA;DONA ELVIRA;;665;MILANI;79490000;(67)99651-4174;SAO GABRIEL DO OESTE;500769;SAO GABRIEL DO OESTE;500769;2370964;UNIDADE DE SAUDE DA FAMILIA III;M;06.05.2026;ANACLAUDIA_NOGUEIRA;06.05.2026;ANACLAUDIA_NOGUEIRA;10.00;PENDENTE;J352;02611833974;HUDSON PERES DORIGAO BELISARIO DE SOUZA
666059253;1314095;0204030153;TORAX (PA + PERFIL);59241284153;CLODOALDO DE AZEVEDO CARDOSO;07.05.2026;16:00;0;704102434312450;RAFAEL RAMOS DA SILVA;29.05.1996;29;359;CREOMILDA DOS SANTOS RAMOS;RUA;FORTUNATO QUINTINO ZANETTI;;1746;PRIMO MAFFISSONI;79490286;(67)99919-3209;SAO GABRIEL DO OESTE;500769;SAO GABRIEL DO OESTE;500769;2370964;UNIDADE DE SAUDE DA FAMILIA III;M;06.05.2026;ANACLAUDIA_NOGUEIRA;06.05.2026;ANACLAUDIA_NOGUEIRA;9.50;PENDENTE;R060;02611833974;HUDSON PERES DORIGAO BELISARIO DE SOUZA
666062560;1314067;0204060060;ARTICULACAO COXO-FEMORAL E;80089844149;ANA PAULA DOS SANTOS PEREIRA SILVANY;07.05.2026;07:00;0;708006378628025;MARA ASSUNCAO DE ASSIS SANTOS;15.07.1992;33;406;MARIA DE LOURDES ASSUNCAO DE SOUZA;RUA;SARACURA;;1064;JARDIM GRAMADO;79490000;(67)9935-4367;SAO GABRIEL DO OESTE;500769;SAO GABRIEL DO OESTE;500769;2370980;UNIDADE DE SAUDE DA FAMILIA JARDIM GRAMADO I;F;06.05.2026;ELIANI_MOREIRA;06.05.2026;ELIANI_MOREIRA;7.77;PENDENTE;M255;96040653191;PAULO FENELON MARINHO
666073708;1314062;0204060095;BACIA;80089844149;ANA PAULA DOS SANTOS PEREIRA SILVANY;21.05.2026;07:00;0;707603255032497;JAIR LUIS MASCHIO;16.01.1968;58;700;LEODETHE DE SOUZA MASCHIO;RUA;BEM-TE-VI;;1883;FENIX;79491098;(67)99933-5396 / (67)99955-0908;SAO GABRIEL DO OESTE;500769;SAO GABRIEL DO OESTE;500769;2370999;UNIDADE DE SAUDE DA FAMILIA FENIX IV;M;06.05.2026;GUSTAVO_PIAIA;06.05.2026;GUSTAVO_PIAIA;7.77;CONFIRMADO;Z000;96245646120;RAFAELLA MARIA COSTA GOIS DE FIGUEIREDO
666110450;1314095;0204030153;TORAX (PA + PERFIL);80089844149;ANA PAULA DOS SANTOS PEREIRA SILVANY;13.05.2026;07:00;0;705006475468059;JOAO BATISTA PINTO;04.11.1943;82;990;JOANA SENHORINHA DE OLIVEIRA;FAZENDA;PONTE VERMELHA;;S/N;RURAL;79490000;(61)3315-2425;SAO GABRIEL DO OESTE;500769;SAO GABRIEL DO OESTE;500769;6452116;CENTRO DE ESPECIALIDADES MEDICAS;M;07.05.2026;PATRICKMASIAGA;07.05.2026;PATRICKMASIAGA;9.50;PENDENTE;Z00;;KALYNA SILVIA HIGIO
666163182;1314095;0204030153;TORAX (PA + PERFIL);80089844149;ANA PAULA DOS SANTOS PEREIRA SILVANY;13.05.2026;07:00;0;707401077939874;MARIA INES RODRIGUES;21.06.1983;42;515;ALBINA ROMEIRO RODRIGUES;RUA;DAS ANHUMAS;CASA;971;JARDIM GRAMADO;79491016;(67)99278-8904;SAO GABRIEL DO OESTE;500769;SAO GABRIEL DO OESTE;500769;6452116;CENTRO DE ESPECIALIDADES MEDICAS;F;07.05.2026;FERNANDACRISTINAALVES;07.05.2026;FERNANDACRISTINAALVES;9.50;PENDENTE;Z016;48047740172;EVA WILMA ABDO DOS SANTOS GUIMARAES
666168808;1314095;0204030153;TORAX (PA + PERFIL);80089844149;ANA PAULA DOS SANTOS PEREIRA SILVANY;13.05.2026;07:00;0;704100175917872;MARILENE DE SOUZA DA SILVA;25.09.1965;60;728;IZOLINA DELACOLETTA;RUA;MINAS GERAIS;;2605;AMABILE MAFFISSONI;79490000;(67)3295-3222 / (67)99862-7501;SAO GABRIEL DO OESTE;500769;SAO GABRIEL DO OESTE;500769;6452116;CENTRO DE ESPECIALIDADES MEDICAS;F;07.05.2026;FERNANDACRISTINAALVES;07.05.2026;FERNANDACRISTINAALVES;9.50;PENDENTE;Z016;93393539191;RODOLFO FABIANO NIZ BAREIRO
666222386;1314130;0204060125;RADIOGRAFIA PANORAMICA DE JOELHO E;80089844149;ANA PAULA DOS SANTOS PEREIRA SILVANY;13.05.2026;07:00;0;898004016946397;PEDRO HENRIQUE OCHOA DA SILVA;15.02.2010;16;195;RASANGELA DE JESUS UCHOA DA SILVA;RUA;SANTA MARIA;;1;MILANI;79490000;(67)9601-5414;SAO GABRIEL DO OESTE;500769;SAO GABRIEL DO OESTE;500769;6452116;CENTRO DE ESPECIALIDADES MEDICAS;M;07.05.2026;PATRICKMASIAGA;07.05.2026;PATRICKMASIAGA;6.78;PENDENTE;Z016;32389571808;RODOLFO PELISSARI ZAMBOLIN
666239479;1314095;0204030153;TORAX (PA + PERFIL);01320968112;MARCELO MARTINS ROCHA;14.05.2026;11:00;0;700009393209906;LEONIDAS RODRIGUES DA SILVA;03.04.1980;46;553;MARIA MADALENA DA CRUZ RODRIGUES;SITIO;PATATIVA;ASSENTAMENTO;17;AREA RURAL DE SAO GABRIEL DO OESTE;79493899;(67)99998-1915;SAO GABRIEL DO OESTE;500769;SAO GABRIEL DO OESTE;500769;3400964;UNIDADE DE SAUDE DA FAMILIA RURAL VII;M;07.05.2026;CLEIDIANE_RURALVII;07.05.2026;CLEIDIANE_RURALVII;9.50;PENDENTE;A15;02453491113;MILENA GUEDIN VARGAS
666278872;1314095;0204030153;TORAX (PA + PERFIL);59241284153;CLODOALDO DE AZEVEDO CARDOSO;07.05.2026;16:00;0;705001860521458;VALDECIR PRADO CINTRA;06.11.1968;57;690;LURDES PRADO CINTRA;FAZENDA;RANCHO SAO JORGE;DISTRITO AREADO;S/N;RURAL;79490000;(67)9258-3314;SAO GABRIEL DO OESTE;500769;SAO GABRIEL DO OESTE;500769;6452116;CENTRO DE ESPECIALIDADES MEDICAS;M;07.05.2026;FERNANDACRISTINAALVES;07.05.2026;FERNANDACRISTINAALVES;9.50;PENDENTE;Z016;00530001101;BRUNO PETINARI UMBELINO
666280887;1314127;0204040124;RADIOGRAFIA PANORAMICA DE PUNHO E;87751593172;CRISTIANE DE SOUZA PEREIRA;07.05.2026;21:00;0;706000348045542;FABIANO DORLI PINTO DE QUADROS;29.04.1997;29;348;ELISANDRA RAMA PINTO DE QUADROS;RUA;ANHUMAS;CASA;1113;JARDIM GRAMADO;79490000;(67)99682-6109;SAO GABRIEL DO OESTE;500769;SAO GABRIEL DO OESTE;500769;6452116;CENTRO DE ESPECIALIDADES MEDICAS;M;07.05.2026;FERNANDACRISTINAALVES;07.05.2026;FERNANDACRISTINAALVES;6.91;PENDENTE;Z016;00468987193;ARTHUR MARTINS DE ALMEIDA
666337040;1314095;0204030153;TORAX (PA + PERFIL);59241284153;CLODOALDO DE AZEVEDO CARDOSO;07.05.2026;16:00;0;705002676909954;FABIANA PEREIRA CRISPIN;30.10.1989;36;438;ROSALINA PEREIRA;RUA;AGUIAS;;234;JARDIM GRAMADO;79490000;(67)99956-9407;SAO GABRIEL DO OESTE;500769;SAO GABRIEL DO OESTE;500769;6452116;CENTRO DE ESPECIALIDADES MEDICAS;F;07.05.2026;FERNANDACRISTINAALVES;07.05.2026;FERNANDACRISTINAALVES;9.50;PENDENTE;Z016;00125300006;MEDICOS SUS
666346844;1314029;0204020069;COLUNA LOMBO-SACRA;01320968112;MARCELO MARTINS ROCHA;19.05.2026;11:00;0;700300984343433;EVANDA DA SILVA GONCALVES;12.01.1992;34;412;MARIA AUXILIADORA DA SILVA;FAZENDA;RINCÃO;;S/N;AREA RURAL DE SAO GABRIEL DO OESTE;79493899;(65)99639-3303 / (65)99816-9174;SAO GABRIEL DO OESTE;500769;SAO GABRIEL DO OESTE;500769;3400964;UNIDADE DE SAUDE DA FAMILIA RURAL VII;F;07.05.2026;DULCINEIA_MOCCELIN;07.05.2026;DULCINEIA_MOCCELIN;10.96;CONFIRMADO;M545;02453491113;MILENA GUEDIN VARGAS
666360641;1314077;0204060168;PERNA E;80089844149;ANA PAULA DOS SANTOS PEREIRA SILVANY;07.05.2026;07:00;0;706804756734223;WALLISSON SOUSA LIMA;17.09.1999;26;320;ALDEANE COSTA SOUSA;AVENIDA;SÃO FRANCISCO;;2579;CENTRO;79490000;(67)98223-6646;SAO GABRIEL DO OESTE;500769;SAO GABRIEL DO OESTE;500769;6452116;CENTRO DE ESPECIALIDADES MEDICAS;M;07.05.2026;PATRICKMASIAGA;07.05.2026;PATRICKMASIAGA;8.94;PENDENTE;Z016;93393539191;RODOLFO FABIANO NIZ BAREIRO
666360641;1314069;0204060117;COXA E;80089844149;ANA PAULA DOS SANTOS PEREIRA SILVANY;07.05.2026;07:00;0;706804756734223;WALLISSON SOUSA LIMA;17.09.1999;26;320;ALDEANE COSTA SOUSA;AVENIDA;SÃO FRANCISCO;;2579;CENTRO;79490000;(67)98223-6646;SAO GABRIEL DO OESTE;500769;SAO GABRIEL DO OESTE;500769;6452116;CENTRO DE ESPECIALIDADES MEDICAS;M;07.05.2026;PATRICKMASIAGA;07.05.2026;PATRICKMASIAGA;8.94;PENDENTE;Z016;93393539191;RODOLFO FABIANO NIZ BAREIRO
666365980;1314095;0204030153;TORAX (PA + PERFIL);87751593172;CRISTIANE DE SOUZA PEREIRA;07.05.2026;21:00;0;709500693831670;VALDECI RIBEIRO DOS SANTOS CRUZ;18.06.1966;59;719;LEODINA RIBEIRO DOS SANTOS;RUA;DONA ELVIRA;CASA;1090;MILANI;79490000;(67)9629-3332;SAO GABRIEL DO OESTE;500769;SAO GABRIEL DO OESTE;500769;2370972;UNIDADE DE SAUDE DA FAMILIA MILANE II;F;07.05.2026;FLAVIA_RODRIGUES;07.05.2026;FLAVIA_RODRIGUES;9.50;PENDENTE;S826;;RODOLFO P ZAMBOLIN
666375319;1314067;0204060060;ARTICULACAO COXO-FEMORAL E;80089844149;ANA PAULA DOS SANTOS PEREIRA SILVANY;13.05.2026;07:00;0;702809197115960;ROSEMEIRE AVILA DE OLIVEIRA;08.12.1971;54;653;GERCELINA AVILA MORAES DE OLIVEIRA;RUA;CAMBARA;;685;SAO CRISTOVAO;79491186;(67)99932-9141;SAO GABRIEL DO OESTE;500769;SAO GABRIEL DO OESTE;500769;7002084;UNIDADE DE SAUDE DA FAMILIA IX;F;07.05.2026;FELIPE_NERIS;07.05.2026;FELIPE_NERIS;7.77;PENDENTE;Z000;06901507925;EVELYN KASSIA TUDISCO FERNANDES
666375319;1314066;0204060060;ARTICULACAO COXO-FEMORAL D;80089844149;ANA PAULA DOS SANTOS PEREIRA SILVANY;13.05.2026;07:00;0;702809197115960;ROSEMEIRE AVILA DE OLIVEIRA;08.12.1971;54;653;GERCELINA AVILA MORAES DE OLIVEIRA;RUA;CAMBARA;;685;SAO CRISTOVAO;79491186;(67)99932-9141;SAO GABRIEL DO OESTE;500769;SAO GABRIEL DO OESTE;500769;7002084;UNIDADE DE SAUDE DA FAMILIA IX;F;07.05.2026;FELIPE_NERIS;07.05.2026;FELIPE_NERIS;7.77;PENDENTE;Z000;06901507925;EVELYN KASSIA TUDISCO FERNANDES
666382903;1314095;0204030153;TORAX (PA + PERFIL);80089844149;ANA PAULA DOS SANTOS PEREIRA SILVANY;08.05.2026;07:00;0;706006887879542;LUIZ HENRIQUE BUENO BARBOSA;13.01.2000;26;316;JANETE BUENO BARBOSA;RUA;PERNAMBUCO;CASA;1409;JARDIM ALVORADA;79490000;(67)99627-8714;SAO GABRIEL DO OESTE;500769;SAO GABRIEL DO OESTE;500769;6452116;CENTRO DE ESPECIALIDADES MEDICAS;M;08.05.2026;FERNANDACRISTINAALVES;08.05.2026;FERNANDACRISTINAALVES;9.50;PENDENTE;Z016;32389571808;RODOLFO PELISSARI ZAMBOLIN
666390579;1314080;0204060109;CALCANEO D;80089844149;ANA PAULA DOS SANTOS PEREIRA SILVANY;13.05.2026;07:00;0;707009877025436;ROSINEI AJALA FERNANDES;21.02.1985;41;495;ROSALINA AJALA;AVENIDA;A;;498;CIDADE JARDIM;79492134;(67)99895-9790;SAO GABRIEL DO OESTE;500769;SAO GABRIEL DO OESTE;500769;6452116;CENTRO DE ESPECIALIDADES MEDICAS;F;08.05.2026;FERNANDACRISTINAALVES;08.05.2026;FERNANDACRISTINAALVES;6.50;PENDENTE;Z016;70808015087;CELIO HELEGDA
666391565;1314081;0204060109;CALCANEO E;80089844149;ANA PAULA DOS SANTOS PEREIRA SILVANY;13.05.2026;07:00;0;707009877025436;ROSINEI AJALA FERNANDES;21.02.1985;41;495;ROSALINA AJALA;AVENIDA;A;;498;CIDADE JARDIM;79492134;(67)99895-9790;SAO GABRIEL DO OESTE;500769;SAO GABRIEL DO OESTE;500769;6452116;CENTRO DE ESPECIALIDADES MEDICAS;F;08.05.2026;FERNANDACRISTINAALVES;08.05.2026;FERNANDACRISTINAALVES;6.50;PENDENTE;Z016;70808015087;CELIO HELEGDA
666395532;1314115;0204020115;COLUNA TORACO-LOMBAR DINAMICA;59241284153;CLODOALDO DE AZEVEDO CARDOSO;13.05.2026;16:00;0;700001926265410;DAIANE ALVES FREITAS;15.12.1987;38;461;EVA ALVES FREITAS;RUA;ESPIRITO SANTO;;2724;PRIMO MAFFISSONI;79490000;(67)99614-8987;SAO GABRIEL DO OESTE;500769;SAO GABRIEL DO OESTE;500769;2599376;UNIDADE DE SAUDE DA FAMILIA VI;F;08.05.2026;MARIANA_MARTINS;08.05.2026;MARIANA_MARTINS;15.58;PENDENTE;M546;06437691107;MAIARA FLORES SCARIOT
666405430;1314114;0204020107;COLUNA TORACO-LOMBAR;87751593172;CRISTIANE DE SOUZA PEREIRA;08.05.2026;19:00;0;706204069367669;MARIA DE FATIMA SCARIOT;23.02.1957;69;831;MARIA LUIZA SANTANA MANENTI;RUA;SANTO ANGELO;;397;MILANI;79492092;(67)99936-0744;SAO GABRIEL DO OESTE;500769;SAO GABRIEL DO OESTE;500769;2370972;UNIDADE DE SAUDE DA FAMILIA MILANE II;F;08.05.2026;FLAVIA_RODRIGUES;08.05.2026;FLAVIA_RODRIGUES;9.73;PENDENTE;M545;02453491113;MILENA GUEDIN VARGAS
666418037;1314054;0204040124;PUNHO E (AP + LATERAL + OBLIQUA);59241284153;CLODOALDO DE AZEVEDO CARDOSO;08.05.2026;15:00;0;706002807866445;SOPHIA VITORIA ARAUJO DOS SANTOS;23.04.2018;08;97;THIFANI LETICIA ARAUJO ALMEIDA;RUA;FORTALEZA;CASA;8;PIRACEMA;79400000;(67)99836-8139;COXIM;500330;SAO GABRIEL DO OESTE;500769;6452116;CENTRO DE ESPECIALIDADES MEDICAS;F;08.05.2026;PATRICKMASIAGA;08.05.2026;PATRICKMASIAGA;6.91;PENDENTE;Z00;;KALYNKA S HIGINO
666418037;1314056;0204040094;MAO E (DUAS INCIDENCIAS);59241284153;CLODOALDO DE AZEVEDO CARDOSO;08.05.2026;15:00;0;706002807866445;SOPHIA VITORIA ARAUJO DOS SANTOS;23.04.2018;08;97;THIFANI LETICIA ARAUJO ALMEIDA;RUA;FORTALEZA;CASA;8;PIRACEMA;79400000;(67)99836-8139;COXIM;500330;SAO GABRIEL DO OESTE;500769;6452116;CENTRO DE ESPECIALIDADES MEDICAS;F;08.05.2026;PATRICKMASIAGA;08.05.2026;PATRICKMASIAGA;6.30;PENDENTE;Z00;;KALYNKA S HIGINO
666418037;1314053;0204040124;PUNHO D (AP + LATERAL + OBLIQUA);59241284153;CLODOALDO DE AZEVEDO CARDOSO;08.05.2026;15:00;0;706002807866445;SOPHIA VITORIA ARAUJO DOS SANTOS;23.04.2018;08;97;THIFANI LETICIA ARAUJO ALMEIDA;RUA;FORTALEZA;CASA;8;PIRACEMA;79400000;(67)99836-8139;COXIM;500330;SAO GABRIEL DO OESTE;500769;6452116;CENTRO DE ESPECIALIDADES MEDICAS;F;08.05.2026;PATRICKMASIAGA;08.05.2026;PATRICKMASIAGA;6.91;PENDENTE;Z00;;KALYNKA S HIGINO
666418037;1314055;0204040094;MAO D (DUAS INCIDENCIAS);59241284153;CLODOALDO DE AZEVEDO CARDOSO;08.05.2026;15:00;0;706002807866445;SOPHIA VITORIA ARAUJO DOS SANTOS;23.04.2018;08;97;THIFANI LETICIA ARAUJO ALMEIDA;RUA;FORTALEZA;CASA;8;PIRACEMA;79400000;(67)99836-8139;COXIM;500330;SAO GABRIEL DO OESTE;500769;6452116;CENTRO DE ESPECIALIDADES MEDICAS;F;08.05.2026;PATRICKMASIAGA;08.05.2026;PATRICKMASIAGA;6.30;PENDENTE;Z00;;KALYNKA S HIGINO
666435452;1314095;0204030153;TORAX (PA + PERFIL);01320968112;MARCELO MARTINS ROCHA;13.05.2026;11:00;0;700906956324993;PATRICIA LOPES DA CRUZ;05.11.1990;35;426;MARIA DOS ANJOS LOPES;RUA;COLIBRI;;318;FENIX;79491108;(67)99652-7788;SAO GABRIEL DO OESTE;500769;SAO GABRIEL DO OESTE;500769;6452116;CENTRO DE ESPECIALIDADES MEDICAS;F;08.05.2026;PATRICKMASIAGA;08.05.2026;PATRICKMASIAGA;9.50;CONFIRMADO;Z00;09028429603;BERNARDO MEDEIROS MAIA
666443213;1314095;0204030153;TORAX (PA + PERFIL);80089844149;ANA PAULA DOS SANTOS PEREIRA SILVANY;18.05.2026;07:00;0;700207425103527;ELISDAN FERREIRA SILVA;25.09.1973;52;632;MARIA VALDECI FERREIRA SILVA;RUA;EUGÊNIO FERREIRA DA CUNHA;;1092;AMABILE MAFISSONI;79490000;(47)99731-7874;SAO GABRIEL DO OESTE;500769;SAO GABRIEL DO OESTE;500769;6452116;CENTRO DE ESPECIALIDADES MEDICAS;F;08.05.2026;PATRICKMASIAGA;08.05.2026;PATRICKMASIAGA;9.50;PENDENTE;Z00;;EVELYN KASSIA 
666476911;1314053;0204040124;PUNHO D (AP + LATERAL + OBLIQUA);01320968112;MARCELO MARTINS ROCHA;08.05.2026;11:00;0;705606451266817;ARIELA SILVA SOARES VILELA;05.08.2001;24;297;ANA MARIA LAURINDO SILVA;RUA;JURITI;;142;FENIX;79491092;(67)99882-3955;SAO GABRIEL DO OESTE;500769;SAO GABRIEL DO OESTE;500769;2370999;UNIDADE DE SAUDE DA FAMILIA FENIX IV;F;08.05.2026;GUSTAVO_PIAIA;08.05.2026;GUSTAVO_PIAIA;6.91;PENDENTE;R520;96245646120;RAFAELLA MARIA COSTA GOIS DE FIGUEIREDO
666483934;1314079;0204060087;ARTICULACAO TIBIO-TARSICA (TORNOZELO) E;59241284153;CLODOALDO DE AZEVEDO CARDOSO;13.05.2026;16:00;0;700808405444081;MARIA APARECIDA MARTINS DO NASCIMENTO COSTA;01.04.1992;34;409;MARIA MARTINS DA COSTA;RUA;DAS PERDIZES 965/99998;;1279;SAO CRISTOVAO;79491192;(67)99924-2981;SAO GABRIEL DO OESTE;500769;SAO GABRIEL DO OESTE;500769;6452116;CENTRO DE ESPECIALIDADES MEDICAS;F;08.05.2026;FERNANDACRISTINAALVES;08.05.2026;FERNANDACRISTINAALVES;6.50;CONFIRMADO;Z016;00530001101;BRUNO PETINARI UMBELINO
666483934;1314083;0204060150;PE E;59241284153;CLODOALDO DE AZEVEDO CARDOSO;13.05.2026;16:00;0;700808405444081;MARIA APARECIDA MARTINS DO NASCIMENTO COSTA;01.04.1992;34;409;MARIA MARTINS DA COSTA;RUA;DAS PERDIZES 965/99998;;1279;SAO CRISTOVAO;79491192;(67)99924-2981;SAO GABRIEL DO OESTE;500769;SAO GABRIEL DO OESTE;500769;6452116;CENTRO DE ESPECIALIDADES MEDICAS;F;08.05.2026;FERNANDACRISTINAALVES;08.05.2026;FERNANDACRISTINAALVES;6.78;CONFIRMADO;Z016;00530001101;BRUNO PETINARI UMBELINO
666497054;1314052;0204040019;ANTEBRACO E;59241284153;CLODOALDO DE AZEVEDO CARDOSO;08.05.2026;15:00;0;701406661109539;CAIO EDUARDO OLIVEIRA DUARTE;09.02.2012;14;171;CINTIA OLIVEIRA DE OLIVEIRA;RUA;ANHUMAS;;1567;JARDIM GRAMADO;79490000;(61)3315-2425;SAO GABRIEL DO OESTE;500769;SAO GABRIEL DO OESTE;500769;2370999;UNIDADE DE SAUDE DA FAMILIA FENIX IV;M;08.05.2026;GUSTAVO_PIAIA;08.05.2026;GUSTAVO_PIAIA;6.42;PENDENTE;S59;00703866176;ALCIDES EDUARDO EIBEL
666592001;1314106;0204050111;ABDOMEN (AP + LATERAL / LOCALIZADA);59241284153;CLODOALDO DE AZEVEDO CARDOSO;15.05.2026;15:00;0;700702968413676;ROBERTO FERREIRA SOARES;29.10.1966;59;714;TEREZINHA FERREIRA DA SILVA;RUA;PITATININGA;RUA DOS LIRIOS;S/N;CENTRO;78888000;(66)99962-0822;NOVA UBIRATA;510624;SAO GABRIEL DO OESTE;500769;6452116;CENTRO DE ESPECIALIDADES MEDICAS;M;08.05.2026;PATRICKMASIAGA;08.05.2026;PATRICKMASIAGA;10.73;CONFIRMADO;Z016;08418818123;PATRICK RICHARD ARGUELHO MASIAGA
666601139;1314054;0204040124;PUNHO E (AP + LATERAL + OBLIQUA);01320968112;MARCELO MARTINS ROCHA;13.05.2026;11:00;0;702001378150083;JOAO MIGUEL COLOMBO GARBIN;06.09.2014;11;140;DIRCE ALVES COLOMBO GARBIN;RUA;TUIUIU;;275;JARDIM GRAMADO;79490000;(67)99984-8918 / (67)99934-2210;SAO GABRIEL DO OESTE;500769;SAO GABRIEL DO OESTE;500769;6452116;CENTRO DE ESPECIALIDADES MEDICAS;M;08.05.2026;FERNANDACRISTINAALVES;08.05.2026;FERNANDACRISTINAALVES;6.91;CONFIRMADO;Z016;06302616603;ROMULO AMARAL TAFURI
667200041;1314095;0204030153;TORAX (PA + PERFIL);80089844149;ANA PAULA DOS SANTOS PEREIRA SILVANY;15.05.2026;07:00;0;705603487324717;FLAVIO LEMES LIMA;23.02.2010;16;195;SINTIELE LEMES DOS SANTOS;RUA;CAMBARÁ;;725;FLOR DO CERRADO;79490000;(67)99882-9485;SAO GABRIEL DO OESTE;500769;SAO GABRIEL DO OESTE;500769;7002084;UNIDADE DE SAUDE DA FAMILIA IX;M;12.05.2026;FELIPE_NERIS;12.05.2026;FELIPE_NERIS;9.50;CONFIRMADO;Z000;01415181110;ANGELA BENITES
667212385;1314095;0204030153;TORAX (PA + PERFIL);01320968112;MARCELO MARTINS ROCHA;13.05.2026;11:00;0;705006621662950;ANTONIO JORGE DA SILVA;30.05.1963;62;755;DORVALINA SANTANA DA SILVA;AVENIDA;MATO GROSSO DO SUL;;2472;CENTRO;79490000;(67)3295-3736 / (67)99940-3649;SAO GABRIEL DO OESTE;500769;SAO GABRIEL DO OESTE;500769;6452116;CENTRO DE ESPECIALIDADES MEDICAS;M;13.05.2026;PATRICKMASIAGA;13.05.2026;PATRICKMASIAGA;9.50;CONFIRMADO;M751;89074033172;ROGERIO PADOVANI TOFFOLI
667225263;1314070;0204060125;JOELHO D (AP + LATERAL);59241284153;CLODOALDO DE AZEVEDO CARDOSO;13.05.2026;16:00;0;708409258171361;DANIEL MICHALSKI;19.04.1970;56;673;ELMINA FERREIRA MICHALSKI;RUA;BAHIA;;2715;CENTRO;79490000;(67)99604-0861;SAO GABRIEL DO OESTE;500769;SAO GABRIEL DO OESTE;500769;6452116;CENTRO DE ESPECIALIDADES MEDICAS;M;13.05.2026;FERNANDACRISTINAALVES;13.05.2026;FERNANDACRISTINAALVES;6.78;CONFIRMADO;Z016;32389571808;RODOLFO PELISSARI ZAMBOLIN
667236546;1314124;0204040094;RADIOGRAFIA PANORAMICA DE MAO D;01320968112;MARCELO MARTINS ROCHA;13.05.2026;11:00;0;705009447804956;AUGUSTINHO RODRIGUES DE OLIVEIRA;10.03.1956;70;842;ADELAIDE ASSUNTA GASPARIM;RUA;AZULAO;;1094;FENIX;79491104;(67)99918-7836;SAO GABRIEL DO OESTE;500769;SAO GABRIEL DO OESTE;500769;5971055;UNIDADE DE SAUDE DA FAMILIA VIII;M;13.05.2026;JESSICAPADILHA;13.05.2026;JESSICAPADILHA;6.30;CONFIRMADO;Z000;04805244160;RENNAN ORTIZ BUENO
667238949;1314043;0204040060;CLAVICULA D;01320968112;MARCELO MARTINS ROCHA;14.05.2026;11:00;0;700009384759605;MARIA DE LOURDES DA SILVA SILVERIO;02.12.1955;70;845;CICERA MARIA DE JESUS;RUA;GAIVOTAS;CASA;2312;FENIX;79490000;(67)99976-8045;SAO GABRIEL DO OESTE;500769;SAO GABRIEL DO OESTE;500769;6452116;CENTRO DE ESPECIALIDADES MEDICAS;F;13.05.2026;FERNANDACRISTINAALVES;13.05.2026;FERNANDACRISTINAALVES;7.40;CONFIRMADO;Z016;89074033172;ROGERIO PADOVANI TOFFOLI
667241236;0282063;0301010072;CONSULTA EM OTORRINOLARINGOLOGIA;78877326115;ANA PAULA CAVALIERI PONTES;21.05.2026;18:00;0;704809041781048;ANGELA NAZARETE MARQUES;07.05.1965;61;732;RITA TEIXEIRA ROSA MARQUES;RUA;DAS ROSAS;;35;JARDIM PRIMAVERA;79490136;(67)99635-0465;SAO GABRIEL DO OESTE;500769;SAO GABRIEL DO OESTE;500769;2370964;UNIDADE DE SAUDE DA FAMILIA III;F;13.05.2026;ANACLAUDIA_NOGUEIRA;13.05.2026;ANACLAUDIA_NOGUEIRA;10.00;PENDENTE;R42;02611833974;HUDSON PERES DORIGAO BELISARIO DE SOUZA
667253024;1314070;0204060125;JOELHO D (AP + LATERAL);01320968112;MARCELO MARTINS ROCHA;14.05.2026;11:00;0;703208636133499;ROSELY OLAZAR;04.07.1973;52;634;MARTIMIANA DA SILVA;RUA;SARACURA;;107;JARDIM GRAMADO;79491002;(67)99690-4939;SAO GABRIEL DO OESTE;500769;SAO GABRIEL DO OESTE;500769;6452116;CENTRO DE ESPECIALIDADES MEDICAS;F;13.05.2026;FERNANDACRISTINAALVES;13.05.2026;FERNANDACRISTINAALVES;6.78;CONFIRMADO;Z016;01110123175;ELY DONIZETH DE ASSIS JUNIOR
667253024;1314071;0204060125;JOELHO E (AP + LATERAL);01320968112;MARCELO MARTINS ROCHA;14.05.2026;11:00;0;703208636133499;ROSELY OLAZAR;04.07.1973;52;634;MARTIMIANA DA SILVA;RUA;SARACURA;;107;JARDIM GRAMADO;79491002;(67)99690-4939;SAO GABRIEL DO OESTE;500769;SAO GABRIEL DO OESTE;500769;6452116;CENTRO DE ESPECIALIDADES MEDICAS;F;13.05.2026;FERNANDACRISTINAALVES;13.05.2026;FERNANDACRISTINAALVES;6.78;CONFIRMADO;Z016;01110123175;ELY DONIZETH DE ASSIS JUNIOR
667256997;1314029;0204020069;COLUNA LOMBO-SACRA;59241284153;CLODOALDO DE AZEVEDO CARDOSO;13.05.2026;16:00;0;700401432326040;ELIANE MARCOLINA DA SILVA;14.10.1993;32;391;DELFINA MARCOLINA DE SOUZA;RUA;OITI;;355;SAO CRISTOVAO;79491196;(67)99820-0182;SAO GABRIEL DO OESTE;500769;SAO GABRIEL DO OESTE;500769;7002084;UNIDADE DE SAUDE DA FAMILIA IX;F;13.05.2026;AMANDALUIZA_BIAZUS;13.05.2026;AMANDALUIZA_BIAZUS;10.96;CONFIRMADO;M545;96040653191;PAULO FENELON MARINHO
667258438;1314073;0204060133;JOELHO / ROTULA E (AP + LATERAL + AXIAL);80089844149;ANA PAULA DOS SANTOS PEREIRA SILVANY;14.05.2026;07:00;0;704107180434376;NEUSA MARIA DE PAIVA SALES;09.10.1956;69;835;LEONOR CORREA DE PAIVA;RUA;AMAZONAS;;2717;CENTRO;79490000;(67)99820-7870;SAO GABRIEL DO OESTE;500769;SAO GABRIEL DO OESTE;500769;6452116;CENTRO DE ESPECIALIDADES MEDICAS;F;13.05.2026;PATRICKMASIAGA;13.05.2026;PATRICKMASIAGA;7.16;CONFIRMADO;M17;;GABRIELI VEIGA DE MICO
667258438;1314072;0204060133;JOELHO / ROTULA D (AP + LATERAL + AXIAL);80089844149;ANA PAULA DOS SANTOS PEREIRA SILVANY;14.05.2026;07:00;0;704107180434376;NEUSA MARIA DE PAIVA SALES;09.10.1956;69;835;LEONOR CORREA DE PAIVA;RUA;AMAZONAS;;2717;CENTRO;79490000;(67)99820-7870;SAO GABRIEL DO OESTE;500769;SAO GABRIEL DO OESTE;500769;6452116;CENTRO DE ESPECIALIDADES MEDICAS;F;13.05.2026;PATRICKMASIAGA;13.05.2026;PATRICKMASIAGA;7.16;CONFIRMADO;M17;;GABRIELI VEIGA DE MICO
667266330;0299008;0301010072;CONSULTA EM CIRURGIA VASCULAR – GERAL;70808015087;CELIO HELEGDA;26.05.2026;18:00;0;707402072214570;ANA IZABEL MARTINS DA SILVA;05.07.1969;56;682;MARIA APARECIDA ANTONIO MARTINS;RUA;TUIUIU;;368;JARDIM GRAMADO;79490000;(67)99925-6444;SAO GABRIEL DO OESTE;500769;SAO GABRIEL DO OESTE;500769;6452116;CENTRO DE ESPECIALIDADES MEDICAS;F;13.05.2026;FERNANDACRISTINAALVES;13.05.2026;VANIA_MARIANO;10.00;PENDENTE;Z016;70808015087;CELIO HELEGDA
667274420;1314095;0204030153;TORAX (PA + PERFIL);59241284153;CLODOALDO DE AZEVEDO CARDOSO;13.05.2026;16:00;0;703405016167600;CRISTIANE DE OLIVEIRA RODRIGUES;24.02.1997;29;351;RAIMUNDA RODRIGUES DE OLIVEIRA;RUA;QUERO-QUERO;CASA 84;1542;FENIX;79491058;(67)99668-4524;SAO GABRIEL DO OESTE;500769;SAO GABRIEL DO OESTE;500769;7002084;UNIDADE DE SAUDE DA FAMILIA IX;F;13.05.2026;AMANDALUIZA_BIAZUS;13.05.2026;AMANDALUIZA_BIAZUS;9.50;CONFIRMADO;J069;96040653191;PAULO FENELON MARINHO
667278007;0299008;0301010072;CONSULTA EM CIRURGIA VASCULAR – GERAL;70808015087;CELIO HELEGDA;19.05.2026;18:00;0;700504181868052;VALTER FERREIRA DE OLIVEIRA;18.06.1951;74;899;ANA FRANCISCA;RUA;UIRAPURU;;996;JARDIM GRAMADO;79491040;(67)3286-2284;SAO GABRIEL DO OESTE;500769;SAO GABRIEL DO OESTE;500769;6452116;CENTRO DE ESPECIALIDADES MEDICAS;M;13.05.2026;PATRICKMASIAGA;13.05.2026;VANIA_MARIANO;10.00;PENDENTE;Z016;70808015087;CELIO HELEGDA
667283306;1314110;0204030153;TORAX (PA + PERFIL) PRE-OPERATORIO;80089844149;ANA PAULA DOS SANTOS PEREIRA SILVANY;14.05.2026;07:00;0;701306600499230;MARIA NEUSA VOLCE PEPATO;08.01.1949;77;928;ONISIA ZANEL VOLCE;RUA;ALAGOAS;APARTAMENTO 501;1150;CENTRO;79490000;(67)99804-3876;SAO GABRIEL DO OESTE;500769;SAO GABRIEL DO OESTE;500769;6452116;CENTRO DE ESPECIALIDADES MEDICAS;F;13.05.2026;FERNANDACRISTINAALVES;13.05.2026;FERNANDACRISTINAALVES;9.50;CONFIRMADO;Z016;08418818123;PATRICK RICHARD ARGUELHO MASIAGA
667293880;1314023;0204020034;COLUNA CERVICAL (AP + LATERAL + TO + OBLIQUAS);87751593172;CRISTIANE DE SOUZA PEREIRA;13.05.2026;21:00;0;707601264890792;CRISTIANE DOLORES DE CARVALHO;09.11.1984;41;498;MARIA DOLORES DE CARVALHO;RUA;CEREJEIRA;;656;FLOR DO CERRADO;79490000;(67)99635-6714;SAO GABRIEL DO OESTE;500769;SAO GABRIEL DO OESTE;500769;3400964;UNIDADE DE SAUDE DA FAMILIA RURAL VII;F;13.05.2026;DULCINEIA_MOCCELIN;13.05.2026;DULCINEIA_MOCCELIN;8.33;PENDENTE;M542;02453491113;MILENA GUEDIN VARGAS
667311568;1314055;0204040094;MAO D (DUAS INCIDENCIAS);80089844149;ANA PAULA DOS SANTOS PEREIRA SILVANY;14.05.2026;07:00;0;700009003162802;LIDIA ROBERTO;04.02.1970;56;675;PRECILA ROBERTO;RUA;BEM-TE-VI;;1919;FENIX;79491098;(67)99679-8855 / (67)99871-3300;SAO GABRIEL DO OESTE;500769;SAO GABRIEL DO OESTE;500769;2370999;UNIDADE DE SAUDE DA FAMILIA FENIX IV;F;13.05.2026;GUSTAVO_PIAIA;13.05.2026;GUSTAVO_PIAIA;6.30;CONFIRMADO;S600;00703866176;ALCIDES EDUARDO EIBEL
667391910;1314023;0204020034;COLUNA CERVICAL (AP + LATERAL + TO + OBLIQUAS);87751593172;CRISTIANE DE SOUZA PEREIRA;13.05.2026;21:00;0;702108874141270;CRISTIAN EDUARDO MAICAN VILLILO;10.02.2004;22;267;AMPARO ANABELA VILLILO CHAURAN;RUA;SANTA ANA;;372;MILANI;79492090;(67)93145-4595;SAO GABRIEL DO OESTE;500769;SAO GABRIEL DO OESTE;500769;2370972;UNIDADE DE SAUDE DA FAMILIA MILANE II;M;13.05.2026;FLAVIA_RODRIGUES;13.05.2026;FLAVIA_RODRIGUES;8.33;CONFIRMADO;Z000;;NEWTON SIGNORINI CASTILHO
667392780;1314113;0204020093;COLUNA TORACICA (AP + LATERAL);87751593172;CRISTIANE DE SOUZA PEREIRA;13.05.2026;21:00;0;702108874141270;CRISTIAN EDUARDO MAICAN VILLILO;10.02.2004;22;267;AMPARO ANABELA VILLILO CHAURAN;RUA;SANTA ANA;;372;MILANI;79492090;(67)93145-4595;SAO GABRIEL DO OESTE;500769;SAO GABRIEL DO OESTE;500769;2370972;UNIDADE DE SAUDE DA FAMILIA MILANE II;M;13.05.2026;FLAVIA_RODRIGUES;13.05.2026;FLAVIA_RODRIGUES;9.16;CONFIRMADO;Z000;;NEWTON SIGNORINI CASTILHO
667393717;1314029;0204020069;COLUNA LOMBO-SACRA;87751593172;CRISTIANE DE SOUZA PEREIRA;13.05.2026;21:00;0;702108874141270;CRISTIAN EDUARDO MAICAN VILLILO;10.02.2004;22;267;AMPARO ANABELA VILLILO CHAURAN;RUA;SANTA ANA;;372;MILANI;79492090;(67)93145-4595;SAO GABRIEL DO OESTE;500769;SAO GABRIEL DO OESTE;500769;2370972;UNIDADE DE SAUDE DA FAMILIA MILANE II;M;13.05.2026;FLAVIA_RODRIGUES;13.05.2026;FLAVIA_RODRIGUES;10.96;CONFIRMADO;Z000;;NEWTON SIGNORINI CASTILHO
667405021;1314095;0204030153;TORAX (PA + PERFIL);59241284153;CLODOALDO DE AZEVEDO CARDOSO;14.05.2026;16:00;0;704802099517940;AMELIA MARIA DOS ANJOS;08.05.1947;79;948;CECILIA MARIA DA CONCEICAO;RUA;JACARANDA;CASA;315;FÊNIX;79490000;(67)99909-2728 / (67)99909-2718;SAO GABRIEL DO OESTE;500769;SAO GABRIEL DO OESTE;500769;7002084;UNIDADE DE SAUDE DA FAMILIA IX;F;13.05.2026;AMANDALUIZA_BIAZUS;13.05.2026;AMANDALUIZA_BIAZUS;9.50;CONFIRMADO;Z000;;BERNARDO MEDEIROS MAIA
667422455;1314095;0204030153;TORAX (PA + PERFIL);59241284153;CLODOALDO DE AZEVEDO CARDOSO;14.05.2026;16:00;0;700007826695605;IVETE PILATTI;03.03.1951;75;902;MARIA BATISTA;RUA;AROEIRA;;765;FLOR DO CERRADO;79490000;(67)99848-9203;SAO GABRIEL DO OESTE;500769;SAO GABRIEL DO OESTE;500769;7002084;UNIDADE DE SAUDE DA FAMILIA IX;F;13.05.2026;AMANDALUIZA_BIAZUS;13.05.2026;AMANDALUIZA_BIAZUS;9.50;CONFIRMADO;J069;96040653191;PAULO FENELON MARINHO
667443968;1314029;0204020069;COLUNA LOMBO-SACRA;01320968112;MARCELO MARTINS ROCHA;21.05.2026;11:00;0;700506538972756;REJANE PIRES DE SOUZA;23.08.1979;46;561;MARIA CECILIA PIRES DE SOUZA;CHACARA;LOTE;ITAQUI;156;AREA RURAL DE SAO GABRIEL DO OESTE;79493899;(67)99989-5771;SAO GABRIEL DO OESTE;500769;SAO GABRIEL DO OESTE;500769;3400964;UNIDADE DE SAUDE DA FAMILIA RURAL VII;F;13.05.2026;DULCINEIA_MOCCELIN;13.05.2026;DULCINEIA_MOCCELIN;10.96;PENDENTE;Z000;00612619630;KALYNKA SILVIA HIGINO
667450460;1314029;0204020069;COLUNA LOMBO-SACRA;01320968112;MARCELO MARTINS ROCHA;21.05.2026;11:00;0;705009087846350;EVA FURTADO;26.12.1985;40;484;FRANCISCA DE FATIMA FURTADO;CHACARA;NOSSA SENHORA APARECIDA;ASSENTAMENTO;186;PATATIVA;79490000;(67)99930-3021;SAO GABRIEL DO OESTE;500769;SAO GABRIEL DO OESTE;500769;3400964;UNIDADE DE SAUDE DA FAMILIA RURAL VII;F;13.05.2026;DULCINEIA_MOCCELIN;13.05.2026;DULCINEIA_MOCCELIN;10.96;PENDENTE;Z000;00612619630;KALYNKA SILVIA HIGINO
667498843;1314095;0204030153;TORAX (PA + PERFIL);80089844149;ANA PAULA DOS SANTOS PEREIRA SILVANY;15.05.2026;07:00;0;708505366650270;JULIA RAMOS PROCOPIO;02.06.2017;08;107;JANAINA PROCOPIO DA SILVA RAMOS;RUA;GAIVOTAS;;720;JARDIM GRAMADO;79490000;(67)99870-6777;SAO GABRIEL DO OESTE;500769;SAO GABRIEL DO OESTE;500769;7002084;UNIDADE DE SAUDE DA FAMILIA IX;F;14.05.2026;AMANDALUIZA_BIAZUS;14.05.2026;AMANDALUIZA_BIAZUS;9.50;CONFIRMADO;Z000;;ELY DONIZETH
667500262;1314029;0204020069;COLUNA LOMBO-SACRA;01320968112;MARCELO MARTINS ROCHA;14.05.2026;11:00;0;705100849830340;THEREZINHA GUILHERMINA DE MATTOS CASTRO;15.10.1957;68;823;LEONOR GUILHERMINA DE MATTOS;RUA;PERNAMBUCO;CASA;3095;CENTRO;79490000;(67)99601-2112 / (67)99988-6993;SAO GABRIEL DO OESTE;500769;SAO GABRIEL DO OESTE;500769;2370964;UNIDADE DE SAUDE DA FAMILIA III;F;14.05.2026;ANACLAUDIA_NOGUEIRA;14.05.2026;ANACLAUDIA_NOGUEIRA;10.96;CONFIRMADO;M545;02611833974;HUDSON PERES DORIGAO BELISARIO DE SOUZA
667522469;0299008;0301010072;CONSULTA EM CIRURGIA VASCULAR – GERAL;70808015087;CELIO HELEGDA;26.05.2026;19:00;0;700408482443349;ALTAIR TORELLI;22.02.1964;62;747;MARIA PEIXER;RUA;RIO DE JANEIRO;CASA;1907;CENTRO;79490000;(67)9940-9282;SAO GABRIEL DO OESTE;500769;SAO GABRIEL DO OESTE;500769;6452116;CENTRO DE ESPECIALIDADES MEDICAS;M;14.05.2026;PATRICKMASIAGA;17.05.2026;VANIA_MARIANO;10.00;PENDENTE;Z016;70808015087;CELIO HELEGDA
667522849;1314110;0204030153;TORAX (PA + PERFIL) PRE-OPERATORIO;80089844149;ANA PAULA DOS SANTOS PEREIRA SILVANY;15.05.2026;07:00;0;702905524105275;JOE LUCIANER;09.10.1944;81;979;VISIA ROAVA LUCIANER;RUA;MARTIMINIANO ALVES DIAS;;297;CENTRO;79490000;(67)3295-2930 / (67)99208-0907;SAO GABRIEL DO OESTE;500769;SAO GABRIEL DO OESTE;500769;6452116;CENTRO DE ESPECIALIDADES MEDICAS;M;14.05.2026;FERNANDACRISTINAALVES;14.05.2026;FERNANDACRISTINAALVES;9.50;CONFIRMADO;Z016;08418818123;PATRICK RICHARD ARGUELHO MASIAGA
667527686;1314095;0204030153;TORAX (PA + PERFIL);59241284153;CLODOALDO DE AZEVEDO CARDOSO;14.05.2026;16:00;0;705009222653551;JAIR MATOS OJEDA;27.06.1970;55;670;ZILDA MATOS OJEDA;RUA;Q;;582;CIDADE JARDIM;79492148;(67)99904-4876;SAO GABRIEL DO OESTE;500769;SAO GABRIEL DO OESTE;500769;2370972;UNIDADE DE SAUDE DA FAMILIA MILANE II;M;14.05.2026;FLAVIA_RODRIGUES;14.05.2026;FLAVIA_RODRIGUES;9.50;CONFIRMADO;Z48;02453491113;MILENA GUEDIN VARGAS
667536946;1314062;0204060095;BACIA;01320968112;MARCELO MARTINS ROCHA;18.05.2026;11:00;0;706501328191892;KAIO LUKA DIAS DE SOUZA;18.03.2016;10;122;SILVANA DIAS DE SOUZA;RUA;CAMBARA;;665;SÃO CRISTOVÃO;79490000;(67)93300-5033;SAO GABRIEL DO OESTE;500769;SAO GABRIEL DO OESTE;500769;8176132;CASA ROSA;M;14.05.2026;TAINAOLIVEIRA;14.05.2026;TAINAOLIVEIRA;7.77;CONFIRMADO;Z016;;RODOLFO P ZAMBOLIN
667541072;1314008;0204010144;SEIOS DA FACE (FN + MN + LATERAL + HIRTZ);59241284153;CLODOALDO DE AZEVEDO CARDOSO;15.05.2026;15:00;0;700307978174834;RENAN VESPERO HERNANDEZ;17.10.2018;07;91;ANA CARLA VESPERO;RUA;CONDE PORTO ALEGRE;;1405;MILANI;79490000;(67)99907-3771;SAO GABRIEL DO OESTE;500769;SAO GABRIEL DO OESTE;500769;8176132;CASA ROSA;M;14.05.2026;TAINAOLIVEIRA;14.05.2026;TAINAOLIVEIRA;7.32;CONFIRMADO;Z001;57255873120;CLODOALDO SABINO DA SILVA
667541397;1314095;0204030153;TORAX (PA + PERFIL);59241284153;CLODOALDO DE AZEVEDO CARDOSO;14.05.2026;16:00;0;702905524105275;JOE LUCIANER;09.10.1944;81;979;VISIA ROAVA LUCIANER;RUA;MARTIMINIANO ALVES DIAS;;297;CENTRO;79490000;(67)3295-2930 / (67)99208-0907;SAO GABRIEL DO OESTE;500769;SAO GABRIEL DO OESTE;500769;2591359;UNIDADE DE SAUDE DA FAMILIA V;M;14.05.2026;CHRISTIANEHELEN_FREITAS;14.05.2026;CHRISTIANEHELEN_FREITAS;9.50;PENDENTE;C189;;JOVINO NOGUEIRA DA SILVA MENEZES
667541963;1314095;0204030153;TORAX (PA + PERFIL);59241284153;CLODOALDO DE AZEVEDO CARDOSO;14.05.2026;16:00;0;704205785125388;WAGNER JOSE RODRIGUES DA SILVA NOBRE;22.06.2001;24;299;RAQUEL TEREZINHA RODRIGUES DA SILVA;RUA;PEDRO SEGATTO;;45;FENIX;79491062;(67)99919-0317 / (67)99680-6813;SAO GABRIEL DO OESTE;500769;SAO GABRIEL DO OESTE;500769;2370999;UNIDADE DE SAUDE DA FAMILIA FENIX IV;M;14.05.2026;GUSTAVO_PIAIA;14.05.2026;GUSTAVO_PIAIA;9.50;CONFIRMADO;R060;00703866176;ALCIDES EDUARDO EIBEL
667570332;1314095;0204030153;TORAX (PA + PERFIL);87751593172;CRISTIANE DE SOUZA PEREIRA;29.05.2026;19:00;0;706406660056386;DANIELA JESUS DE ALMEIDA;12.06.1989;36;443;DAVINA DOS SANTOS;RUA;CASTANHEIRA;CASA;463;SÃO CRISTÓVÃO;79490000;(67)99855-9995;SAO GABRIEL DO OESTE;500769;SAO GABRIEL DO OESTE;500769;6452116;CENTRO DE ESPECIALIDADES MEDICAS;F;14.05.2026;ANDREIA_CEM;14.05.2026;ANDREIA_CEM;9.50;PENDENTE;Z016;00125300006;MEDICOS SUS
667591165;1314124;0204040094;RADIOGRAFIA PANORAMICA DE MAO D;80089844149;ANA PAULA DOS SANTOS PEREIRA SILVANY;25.05.2026;07:00;0;706708573272616;VANESSA BERNARDO MAAS;01.06.1990;35;431;SONIA MARIA BERNARDO DA SILVA;AVENIDA;FABIO ZAMIAN;CASA;45;CENTRO;79490000;(67)98441-3618;SAO GABRIEL DO OESTE;500769;SAO GABRIEL DO OESTE;500769;6452116;CENTRO DE ESPECIALIDADES MEDICAS;F;14.05.2026;PATRICKMASIAGA;14.05.2026;PATRICKMASIAGA;6.30;PENDENTE;S626;00468987193;ARTHUR MARTINS DE ALMEIDA
667609721;1314064;0204060079;ARTICULACAO SACRO-ILIACA D;87751593172;CRISTIANE DE SOUZA PEREIRA;14.05.2026;21:00;0;700608441569168;GISLAINE GOES DOS SANTOS;08.02.1992;34;411;ROSANGELA FIALHO DE GOES;RUA;FENIX;;275;FENIX;79491110;(67)99655-5725;SAO GABRIEL DO OESTE;500769;SAO GABRIEL DO OESTE;500769;6452116;CENTRO DE ESPECIALIDADES MEDICAS;F;14.05.2026;PATRICKMASIAGA;14.05.2026;PATRICKMASIAGA;7.77;CONFIRMADO;M545;;IANE
667609721;1314030;0204020077;COLUNA LOMBO-SACRA C/ OBLIQUAS;87751593172;CRISTIANE DE SOUZA PEREIRA;14.05.2026;21:00;0;700608441569168;GISLAINE GOES DOS SANTOS;08.02.1992;34;411;ROSANGELA FIALHO DE GOES;RUA;FENIX;;275;FENIX;79491110;(67)99655-5725;SAO GABRIEL DO OESTE;500769;SAO GABRIEL DO OESTE;500769;6452116;CENTRO DE ESPECIALIDADES MEDICAS;F;14.05.2026;PATRICKMASIAGA;14.05.2026;PATRICKMASIAGA;14.90;CONFIRMADO;M545;;IANE
667609721;1314023;0204020034;COLUNA CERVICAL (AP + LATERAL + TO + OBLIQUAS);87751593172;CRISTIANE DE SOUZA PEREIRA;14.05.2026;21:00;0;700608441569168;GISLAINE GOES DOS SANTOS;08.02.1992;34;411;ROSANGELA FIALHO DE GOES;RUA;FENIX;;275;FENIX;79491110;(67)99655-5725;SAO GABRIEL DO OESTE;500769;SAO GABRIEL DO OESTE;500769;6452116;CENTRO DE ESPECIALIDADES MEDICAS;F;14.05.2026;PATRICKMASIAGA;14.05.2026;PATRICKMASIAGA;8.33;CONFIRMADO;M545;;IANE
667609721;1314025;0204020093;COLUNA DORSAL (AP + LATERAL);87751593172;CRISTIANE DE SOUZA PEREIRA;14.05.2026;21:00;0;700608441569168;GISLAINE GOES DOS SANTOS;08.02.1992;34;411;ROSANGELA FIALHO DE GOES;RUA;FENIX;;275;FENIX;79491110;(67)99655-5725;SAO GABRIEL DO OESTE;500769;SAO GABRIEL DO OESTE;500769;6452116;CENTRO DE ESPECIALIDADES MEDICAS;F;14.05.2026;PATRICKMASIAGA;14.05.2026;PATRICKMASIAGA;9.16;CONFIRMADO;M545;;IANE
667664069;1314053;0204040124;PUNHO D (AP + LATERAL + OBLIQUA);01320968112;MARCELO MARTINS ROCHA;18.05.2026;11:00;0;898005836229459;JOAO HENRIQUE CAMARGO ANTONIO;03.04.2005;21;253;LAURA CANDIDO CAMARGO;INVALIDO;SARACURA;;1169;JD GRAMADO;;(61)3315-2425;SAO GABRIEL DO OESTE;500769;SAO GABRIEL DO OESTE;500769;6452116;CENTRO DE ESPECIALIDADES MEDICAS;M;14.05.2026;FERNANDACRISTINAALVES;14.05.2026;FERNANDACRISTINAALVES;6.91;CONFIRMADO;Z016;00468987193;ARTHUR MARTINS DE ALMEIDA
667668500;1314095;0204030153;TORAX (PA + PERFIL);01320968112;MARCELO MARTINS ROCHA;15.05.2026;11:00;0;700504572528950;VALDILENE SABINA NOGUEIRA;28.04.1981;45;540;MARIA ABADIA SABINA NOGUEIRA;RUA;ANTONIO LAMBERT;;172;MILANI;79492064;(67)98107-3424;SAO GABRIEL DO OESTE;500769;SAO GABRIEL DO OESTE;500769;2370972;UNIDADE DE SAUDE DA FAMILIA MILANE II;F;14.05.2026;FLAVIA_RODRIGUES;14.05.2026;FLAVIA_RODRIGUES;9.50;CONFIRMADO;K409;;WILMA ABDO S GUIMARAES
667673642;1314110;0204030153;TORAX (PA + PERFIL) PRE-OPERATORIO;80089844149;ANA PAULA DOS SANTOS PEREIRA SILVANY;15.05.2026;07:00;0;704107466757150;EDEMAR ROEPKE;15.09.1964;61;740;GERTRUDES ROEPKE;RUA;RIO DE JANEIRO;;2737;AMABILE MAFFISSONI;79490000;(67)9621-6557;SAO GABRIEL DO OESTE;500769;SAO GABRIEL DO OESTE;500769;6452116;CENTRO DE ESPECIALIDADES MEDICAS;M;14.05.2026;FERNANDACRISTINAALVES;14.05.2026;FERNANDACRISTINAALVES;9.50;CONFIRMADO;Z016;01110123175;ELY DONIZETH DE ASSIS JUNIOR
667694713;1314057;0204040108;MAOS E PUNHOS P/ IDADE OSSEA;59241284153;CLODOALDO DE AZEVEDO CARDOSO;22.05.2026;15:00;0;708508308069776;MIGUEL GONCALVES DE ALMEIDA;02.02.2014;12;147;KELY CRISTINA GONCALVES DE ARAUJO;RUA;PIAUI;;107;CENTRO;79490000;(67)99931-8923;SAO GABRIEL DO OESTE;500769;SAO GABRIEL DO OESTE;500769;6452116;CENTRO DE ESPECIALIDADES MEDICAS;M;14.05.2026;FERNANDACRISTINAALVES;14.05.2026;FERNANDACRISTINAALVES;6.00;CONFIRMADO;Z016;01110123175;ELY DONIZETH DE ASSIS JUNIOR
667700867;1314114;0204020107;COLUNA TORACO-LOMBAR;59241284153;CLODOALDO DE AZEVEDO CARDOSO;18.05.2026;16:00;0;708908723753910;ILA OLIVEIRA DE FREITAS;09.05.1973;53;636;RITA COSTA DE OLIVEIRA FREITAS;RUA;TRAVESSA SANTO ISIDORO;CASA;1067;MILANI;79490000;(67)99686-3359;SAO GABRIEL DO OESTE;500769;SAO GABRIEL DO OESTE;500769;6452116;CENTRO DE ESPECIALIDADES MEDICAS;F;14.05.2026;FERNANDACRISTINAALVES;14.05.2026;FERNANDACRISTINAALVES;9.73;CONFIRMADO;Z016;00468987193;ARTHUR MARTINS DE ALMEIDA
667700867;1314022;0204020042;COLUNA CERVICAL (AP + LATERAL + TO / FLEXAO);59241284153;CLODOALDO DE AZEVEDO CARDOSO;18.05.2026;16:00;0;708908723753910;ILA OLIVEIRA DE FREITAS;09.05.1973;53;636;RITA COSTA DE OLIVEIRA FREITAS;RUA;TRAVESSA SANTO ISIDORO;CASA;1067;MILANI;79490000;(67)99686-3359;SAO GABRIEL DO OESTE;500769;SAO GABRIEL DO OESTE;500769;6452116;CENTRO DE ESPECIALIDADES MEDICAS;F;14.05.2026;FERNANDACRISTINAALVES;14.05.2026;FERNANDACRISTINAALVES;8.19;CONFIRMADO;Z016;00468987193;ARTHUR MARTINS DE ALMEIDA
667700867;1314062;0204060095;BACIA;59241284153;CLODOALDO DE AZEVEDO CARDOSO;18.05.2026;16:00;0;708908723753910;ILA OLIVEIRA DE FREITAS;09.05.1973;53;636;RITA COSTA DE OLIVEIRA FREITAS;RUA;TRAVESSA SANTO ISIDORO;CASA;1067;MILANI;79490000;(67)99686-3359;SAO GABRIEL DO OESTE;500769;SAO GABRIEL DO OESTE;500769;6452116;CENTRO DE ESPECIALIDADES MEDICAS;F;14.05.2026;FERNANDACRISTINAALVES;14.05.2026;FERNANDACRISTINAALVES;7.77;CONFIRMADO;Z016;00468987193;ARTHUR MARTINS DE ALMEIDA
667702220;1314046;0204040116;OMOPLATA / OMBRO E (TRES POSICOES);59241284153;CLODOALDO DE AZEVEDO CARDOSO;15.05.2026;15:00;0;700507123398254;MARIA DENKIU BONES;26.10.1962;63;762;NATALIA DENKIU;RUA;PARA;;546;JARDIM PRIMAVERA;79490000;(67)99989-5014;SAO GABRIEL DO OESTE;500769;SAO GABRIEL DO OESTE;500769;2370964;UNIDADE DE SAUDE DA FAMILIA III;F;14.05.2026;ANACLAUDIA_NOGUEIRA;14.05.2026;ANACLAUDIA_NOGUEIRA;7.98;CONFIRMADO;M549;02611833974;HUDSON PERES DORIGAO BELISARIO DE SOUZA
667702220;1314095;0204030153;TORAX (PA + PERFIL);59241284153;CLODOALDO DE AZEVEDO CARDOSO;15.05.2026;15:00;0;700507123398254;MARIA DENKIU BONES;26.10.1962;63;762;NATALIA DENKIU;RUA;PARA;;546;JARDIM PRIMAVERA;79490000;(67)99989-5014;SAO GABRIEL DO OESTE;500769;SAO GABRIEL DO OESTE;500769;2370964;UNIDADE DE SAUDE DA FAMILIA III;F;14.05.2026;ANACLAUDIA_NOGUEIRA;14.05.2026;ANACLAUDIA_NOGUEIRA;9.50;CONFIRMADO;M549;02611833974;HUDSON PERES DORIGAO BELISARIO DE SOUZA
667702220;1314029;0204020069;COLUNA LOMBO-SACRA;59241284153;CLODOALDO DE AZEVEDO CARDOSO;15.05.2026;15:00;0;700507123398254;MARIA DENKIU BONES;26.10.1962;63;762;NATALIA DENKIU;RUA;PARA;;546;JARDIM PRIMAVERA;79490000;(67)99989-5014;SAO GABRIEL DO OESTE;500769;SAO GABRIEL DO OESTE;500769;2370964;UNIDADE DE SAUDE DA FAMILIA III;F;14.05.2026;ANACLAUDIA_NOGUEIRA;14.05.2026;ANACLAUDIA_NOGUEIRA;10.96;CONFIRMADO;M549;02611833974;HUDSON PERES DORIGAO BELISARIO DE SOUZA
667707495;1314095;0204030153;TORAX (PA + PERFIL);01320968112;MARCELO MARTINS ROCHA;15.05.2026;11:00;0;708208154689241;PERLA CAROLINA CENTURION VILHALVA;03.04.1994;32;385;LUCINDA CENTURIO ROMERO;RUA;ARAÇA;CASA 2;162;SÃO CRISTOVÃO;79491198;(67)98102-7112;SAO GABRIEL DO OESTE;500769;SAO GABRIEL DO OESTE;500769;7002084;UNIDADE DE SAUDE DA FAMILIA IX;F;14.05.2026;AMANDALUIZA_BIAZUS;14.05.2026;AMANDALUIZA_BIAZUS;9.50;CONFIRMADO;Z000;;EVA WILMA ABDO DOS SANTOS GUIMARES
667722616;1314029;0204020069;COLUNA LOMBO-SACRA;80089844149;ANA PAULA DOS SANTOS PEREIRA SILVANY;18.05.2026;07:00;0;703000818568274;DOUGLAS CANDIDO DA SILVA;07.03.1977;49;590;CREUSA TENORIO DA SILVA;FAZENDA;CAPÃO ALTO;;S/N;AREA RURAL DE SAO GABRIEL DO OESTE;79493899;(67)99815-1415;SAO GABRIEL DO OESTE;500769;SAO GABRIEL DO OESTE;500769;3400964;UNIDADE DE SAUDE DA FAMILIA RURAL VII;M;14.05.2026;DULCINEIA_MOCCELIN;14.05.2026;DULCINEIA_MOCCELIN;10.96;CONFIRMADO;M545;02453491113;MILENA GUEDIN VARGAS
667745668;1314045;0204040116;OMOPLATA / OMBRO D (TRES POSICOES);80089844149;ANA PAULA DOS SANTOS PEREIRA SILVANY;15.05.2026;07:00;0;704202700930881;ADIR PEREIRA FRANCA;05.07.1956;69;838;BENEDITA PEREIRA FRANCA;AREA;PRINCIPAL 1;ASSENTAMENTO C;41;AREA RURAL DE SAO GABRIEL DO OESTE;79493899;(67)99997-6005;SAO GABRIEL DO OESTE;500769;SAO GABRIEL DO OESTE;500769;6452116;CENTRO DE ESPECIALIDADES MEDICAS;M;15.05.2026;FERNANDACRISTINAALVES;15.05.2026;FERNANDACRISTINAALVES;7.98;CONFIRMADO;Z016;00125300006;MEDICOS SUS
667745668;1314039;0204040035;ARTICULACAO ESCAPULO-UMERAL D;80089844149;ANA PAULA DOS SANTOS PEREIRA SILVANY;15.05.2026;07:00;0;704202700930881;ADIR PEREIRA FRANCA;05.07.1956;69;838;BENEDITA PEREIRA FRANCA;AREA;PRINCIPAL 1;ASSENTAMENTO C;41;AREA RURAL DE SAO GABRIEL DO OESTE;79493899;(67)99997-6005;SAO GABRIEL DO OESTE;500769;SAO GABRIEL DO OESTE;500769;6452116;CENTRO DE ESPECIALIDADES MEDICAS;M;15.05.2026;FERNANDACRISTINAALVES;15.05.2026;FERNANDACRISTINAALVES;7.40;CONFIRMADO;Z016;00125300006;MEDICOS SUS
667760866;1314062;0204060095;BACIA;01320968112;MARCELO MARTINS ROCHA;15.05.2026;11:00;0;700004550885208;DILMARA ANGELA GUIMARAES CHICO;21.10.1966;59;715;OLANDINA DE OLIVEIRA GUIMARAES;AVENIDA;CAMPO GRANDE;;237;MILANI;79492086;(67)99994-7666;SAO GABRIEL DO OESTE;500769;SAO GABRIEL DO OESTE;500769;2370972;UNIDADE DE SAUDE DA FAMILIA MILANE II;F;15.05.2026;JULIANA_PACHECO;15.05.2026;JULIANA_PACHECO;7.77;CONFIRMADO;S623;;ARTHUR MARTINS DE ALMEIDA 
667760866;1314114;0204020107;COLUNA TORACO-LOMBAR;01320968112;MARCELO MARTINS ROCHA;15.05.2026;11:00;0;700004550885208;DILMARA ANGELA GUIMARAES CHICO;21.10.1966;59;715;OLANDINA DE OLIVEIRA GUIMARAES;AVENIDA;CAMPO GRANDE;;237;MILANI;79492086;(67)99994-7666;SAO GABRIEL DO OESTE;500769;SAO GABRIEL DO OESTE;500769;2370972;UNIDADE DE SAUDE DA FAMILIA MILANE II;F;15.05.2026;JULIANA_PACHECO;15.05.2026;JULIANA_PACHECO;9.73;CONFIRMADO;S623;;ARTHUR MARTINS DE ALMEIDA 
667762214;1314029;0204020069;COLUNA LOMBO-SACRA;59241284153;CLODOALDO DE AZEVEDO CARDOSO;29.05.2026;15:00;0;700202928801823;JOSE MARIA RONDON DE OLIVEIRA;09.05.1976;50;600;ABADIA DE CAMPOS RONDON;FAZENDA;SÃO LUIZ;;S/N;ZONA RURAL;79490000;(67)99859-8161;SAO GABRIEL DO OESTE;500769;SAO GABRIEL DO OESTE;500769;2370972;UNIDADE DE SAUDE DA FAMILIA MILANE II;M;15.05.2026;VANESSAMARTINS_AREADO;15.05.2026;VANESSAMARTINS_AREADO;10.96;PENDENTE;Z00;83798633134;JOAO BAPTISTA BARBOSA SOUZA
667784487;1314082;0204060150;PE D;87751593172;CRISTIANE DE SOUZA PEREIRA;15.05.2026;19:00;0;708604574555186;JOAO ANTONIO RIBAS HOREN;02.10.2008;17;211;LEILA APARECIDA LUIZA RIBAS;RUA;BAHIA;CASA;2452;CENTRO;79490000;(67)99946-0337;SAO GABRIEL DO OESTE;500769;SAO GABRIEL DO OESTE;500769;7333218;UNIDADE DE SAUDE DA FAMILIA X;M;15.05.2026;RAISSASILVALIMA;15.05.2026;RAISSASILVALIMA;6.78;CONFIRMADO;Z000;63805480172;CLEDSON PERETTI
667793099;0299008;0301010072;CONSULTA EM CIRURGIA VASCULAR – GERAL;70808015087;CELIO HELEGDA;19.05.2026;19:00;0;700208433179120;PEDRO EUFAZIO FERREIRA DOS SANTOS;19.01.1960;66;796;JANE TEREZINHA FERREIRA DOS SANTOS;RUA;JASMIM;CASA;103;SENHOR DIVINO;79400000;(67)99959-7338;COXIM;500330;SAO GABRIEL DO OESTE;500769;2370980;UNIDADE DE SAUDE DA FAMILIA JARDIM GRAMADO I;M;15.05.2026;ELISANGELA_UNIDADEI;17.05.2026;VANIA_MARIANO;10.00;PENDENTE;I832;01454652179;MAYARA MARIA MELKE GUIMARAES
667800340;1314069;0204060117;COXA E;87751593172;CRISTIANE DE SOUZA PEREIRA;20.05.2026;21:00;0;703005816014179;BRENO LUIZ DE SOUZA SILVA;04.05.2012;14;168;EVELEN CRISTINA BRUNO DE SOUZA;RUA;SARACURA;;1580;JARDIM GRAMADO;79490000;(67)99893-5017;SAO GABRIEL DO OESTE;500769;SAO GABRIEL DO OESTE;500769;6452116;CENTRO DE ESPECIALIDADES MEDICAS;M;15.05.2026;PATRICKMASIAGA;15.05.2026;PATRICKMASIAGA;8.94;CONFIRMADO;Z00;00530001101;BRUNO PETINARI UMBELINO
667800340;1314071;0204060125;JOELHO E (AP + LATERAL);87751593172;CRISTIANE DE SOUZA PEREIRA;20.05.2026;21:00;0;703005816014179;BRENO LUIZ DE SOUZA SILVA;04.05.2012;14;168;EVELEN CRISTINA BRUNO DE SOUZA;RUA;SARACURA;;1580;JARDIM GRAMADO;79490000;(67)99893-5017;SAO GABRIEL DO OESTE;500769;SAO GABRIEL DO OESTE;500769;6452116;CENTRO DE ESPECIALIDADES MEDICAS;M;15.05.2026;PATRICKMASIAGA;15.05.2026;PATRICKMASIAGA;6.78;CONFIRMADO;Z00;00530001101;BRUNO PETINARI UMBELINO
667808268;1314029;0204020069;COLUNA LOMBO-SACRA;80089844149;ANA PAULA DOS SANTOS PEREIRA SILVANY;18.05.2026;07:00;0;705008291113454;ENEO SOARES FAGUNDES;02.06.1967;58;707;ZENAIDE SOARES DE PAULA;RUA;CANARIOS;;995;JARDIM GRAMADO;79490000;(67)99942-3508;SAO GABRIEL DO OESTE;500769;SAO GABRIEL DO OESTE;500769;2370980;UNIDADE DE SAUDE DA FAMILIA JARDIM GRAMADO I;M;15.05.2026;ELISANGELA_UNIDADEI;15.05.2026;ELISANGELA_UNIDADEI;10.96;PENDENTE;M54;01454652179;MAYARA MARIA MELKE GUIMARAES
667860103;1314095;0204030153;TORAX (PA + PERFIL);80089844149;ANA PAULA DOS SANTOS PEREIRA SILVANY;18.05.2026;07:00;0;702007347979286;ITANALIA NATIELE MARTINS FORTUNATO;21.07.1994;31;382;SANDRA MARTINS DA SILVA FORTUNADO;RUA;COLIBRI;;447;FENIX;79490000;(67)99834-9081;SAO GABRIEL DO OESTE;500769;SAO GABRIEL DO OESTE;500769;7002084;UNIDADE DE SAUDE DA FAMILIA IX;F;15.05.2026;AMANDALUIZA_BIAZUS;15.05.2026;AMANDALUIZA_BIAZUS;9.50;PENDENTE;R074;06901507925;EVELYN KASSIA TUDISCO FERNANDES
667862861;1314110;0204030153;TORAX (PA + PERFIL) PRE-OPERATORIO;01320968112;MARCELO MARTINS ROCHA;18.05.2026;11:00;0;700603984402863;LUCAS SIVERIS;02.10.1962;63;763;MATHILDE SIVERIS;RUA;ESPIRITO SANTO;;970;CENTRO;79490000;(61)99908-1093 / (61)99820-2587;SAO GABRIEL DO OESTE;500769;SAO GABRIEL DO OESTE;500769;6452116;CENTRO DE ESPECIALIDADES MEDICAS;M;15.05.2026;FERNANDACRISTINAALVES;15.05.2026;FERNANDACRISTINAALVES;9.50;CONFIRMADO;Z016;09028429603;BERNARDO MEDEIROS MAIA
667902818;0282063;0301010072;CONSULTA EM OTORRINOLARINGOLOGIA;78877326115;ANA PAULA CAVALIERI PONTES;21.05.2026;18:00;0;700006822162709;IGOR FRANCISCO DE COL SOUZA;21.10.2012;13;163;KELLY MAY DE COL;RUA;MINAS GERAIS;;1090;CENTRO;79490000;(67)3295-3842;SAO GABRIEL DO OESTE;500769;SAO GABRIEL DO OESTE;500769;6452116;CENTRO DE ESPECIALIDADES MEDICAS;M;15.05.2026;FERNANDACRISTINAALVES;15.05.2026;FERNANDACRISTINAALVES;10.00;PENDENTE;Z016;78877326115;ANA PAULA CAVALIERI PONTES
667913369;1314095;0204030153;TORAX (PA + PERFIL);80089844149;ANA PAULA DOS SANTOS PEREIRA SILVANY;18.05.2026;07:00;0;703208649335796;MATILDE DIAS DA SILVA;09.06.1958;67;815;MARIA DIAS DE SOUZA;RUA;MANOEL ROSA;CASA;452;CENTRO;79490000;(67)99967-4432;SAO GABRIEL DO OESTE;500769;SAO GABRIEL DO OESTE;500769;6452116;CENTRO DE ESPECIALIDADES MEDICAS;F;15.05.2026;PATRICKMASIAGA;15.05.2026;PATRICKMASIAGA;9.50;CONFIRMADO;K409;48047740172;EVA WILMA ABDO DOS SANTOS GUIMARAES
667916376;1314095;0204030153;TORAX (PA + PERFIL);80089844149;ANA PAULA DOS SANTOS PEREIRA SILVANY;18.05.2026;07:00;0;703202625112694;EDUARDO FRAGA DE OLIVEIRA;30.08.2001;24;296;CLAUDIA FRAGA OLHER;RUA;ZAMBEI SATO;;670;BARRA VERDE;79480000;(67)99988-8711;RIO VERDE DE MATO GROSSO;500740;SAO GABRIEL DO OESTE;500769;2370980;UNIDADE DE SAUDE DA FAMILIA JARDIM GRAMADO I;M;15.05.2026;ELISANGELA_UNIDADEI;15.05.2026;ELISANGELA_UNIDADEI;9.50;CONFIRMADO;K074;01454652179;MAYARA MARIA MELKE GUIMARAES
667920279;1314095;0204030153;TORAX (PA + PERFIL);59241284153;CLODOALDO DE AZEVEDO CARDOSO;29.05.2026;15:00;0;703000808066276;ODETE GRANDO BALBINOT;05.08.1957;68;825;ODILA ZAMARCHI GRANDO;RUA;MINAS GERAIS;;714;CENTRO;79490000;(67)9962-3698;SAO GABRIEL DO OESTE;500769;SAO GABRIEL DO OESTE;500769;6452116;CENTRO DE ESPECIALIDADES MEDICAS;F;15.05.2026;FERNANDACRISTINAALVES;15.05.2026;FERNANDACRISTINAALVES;9.50;PENDENTE;Z016;89074033172;ROGERIO PADOVANI TOFFOLI
667925177;1314128;0204030153;RADIOGRAFIA PANORAMICA DE TORAX (PA E PERFIL);01320968112;MARCELO MARTINS ROCHA;18.05.2026;11:00;0;706800751706023;KEREN VITORIA VALDEZ MENDONCA;09.07.2025;00;10;HELEN ARGUELHO MENDONCA;RUA;CURIO;CASA;1346;JARDIM GRAMADO;79491012;(67)99265-5703;SAO GABRIEL DO OESTE;500769;SAO GABRIEL DO OESTE;500769;5971055;UNIDADE DE SAUDE DA FAMILIA VIII;F;15.05.2026;JESSICAPADILHA;15.05.2026;JESSICAPADILHA;9.50;PENDENTE;Z000;04805244160;RENNAN ORTIZ BUENO
667943855;1314115;0204020115;COLUNA TORACO-LOMBAR DINAMICA;01320968112;MARCELO MARTINS ROCHA;18.05.2026;11:00;0;700001926265410;DAIANE ALVES FREITAS;15.12.1987;38;461;EVA ALVES FREITAS;RUA;ESPIRITO SANTO;;2724;PRIMO MAFFISSONI;79490000;(67)99614-8987;SAO GABRIEL DO OESTE;500769;SAO GABRIEL DO OESTE;500769;2599376;UNIDADE DE SAUDE DA FAMILIA VI;F;15.05.2026;MARIANA_MARTINS;15.05.2026;MARIANA_MARTINS;15.58;CONFIRMADO;M546;06437691107;MAIARA FLORES SCARIOT
668000907;0282063;0301010072;CONSULTA EM OTORRINOLARINGOLOGIA;78877326115;ANA PAULA CAVALIERI PONTES;21.05.2026;18:00;0;700608489191068;MARIA AUXILIADORA DE SOUZA;26.08.1971;54;656;DELFINA MARCOLINO DE SOUZA;RUA;IGNES BARATIERE RIZZO;CASA 3;352;JARDIM PRIMAVERA;79490128;(67)99674-4146;SAO GABRIEL DO OESTE;500769;SAO GABRIEL DO OESTE;500769;8176132;CASA ROSA;F;18.05.2026;ARIROSA;18.05.2026;ARIROSA;10.00;PENDENTE;Z00;;INGRID ROCHA 
668015536;1314045;0204040116;OMOPLATA / OMBRO D (TRES POSICOES);59241284153;CLODOALDO DE AZEVEDO CARDOSO;29.05.2026;15:00;0;704609101738323;BERNALDO VICENTE FILHO;10.05.1971;55;660;ANTONIA ALVES DE SOUZA;RUA;PELICANOS;;473;JARDIM GRAMADO;79490000;(67)99643-0743;SAO GABRIEL DO OESTE;500769;SAO GABRIEL DO OESTE;500769;6452116;CENTRO DE ESPECIALIDADES MEDICAS;M;18.05.2026;ARI_CEM;18.05.2026;ARI_CEM;7.98;PENDENTE;Z00;00530001101;BRUNO PETINARI UMBELINO
668015536;1314023;0204020034;COLUNA CERVICAL (AP + LATERAL + TO + OBLIQUAS);59241284153;CLODOALDO DE AZEVEDO CARDOSO;29.05.2026;15:00;0;704609101738323;BERNALDO VICENTE FILHO;10.05.1971;55;660;ANTONIA ALVES DE SOUZA;RUA;PELICANOS;;473;JARDIM GRAMADO;79490000;(67)99643-0743;SAO GABRIEL DO OESTE;500769;SAO GABRIEL DO OESTE;500769;6452116;CENTRO DE ESPECIALIDADES MEDICAS;M;18.05.2026;ARI_CEM;18.05.2026;ARI_CEM;8.33;PENDENTE;Z00;00530001101;BRUNO PETINARI UMBELINO
668015536;1314029;0204020069;COLUNA LOMBO-SACRA;59241284153;CLODOALDO DE AZEVEDO CARDOSO;29.05.2026;15:00;0;704609101738323;BERNALDO VICENTE FILHO;10.05.1971;55;660;ANTONIA ALVES DE SOUZA;RUA;PELICANOS;;473;JARDIM GRAMADO;79490000;(67)99643-0743;SAO GABRIEL DO OESTE;500769;SAO GABRIEL DO OESTE;500769;6452116;CENTRO DE ESPECIALIDADES MEDICAS;M;18.05.2026;ARI_CEM;18.05.2026;ARI_CEM;10.96;PENDENTE;Z00;00530001101;BRUNO PETINARI UMBELINO
668015536;1314073;0204060133;JOELHO / ROTULA E (AP + LATERAL + AXIAL);59241284153;CLODOALDO DE AZEVEDO CARDOSO;29.05.2026;15:00;0;704609101738323;BERNALDO VICENTE FILHO;10.05.1971;55;660;ANTONIA ALVES DE SOUZA;RUA;PELICANOS;;473;JARDIM GRAMADO;79490000;(67)99643-0743;SAO GABRIEL DO OESTE;500769;SAO GABRIEL DO OESTE;500769;6452116;CENTRO DE ESPECIALIDADES MEDICAS;M;18.05.2026;ARI_CEM;18.05.2026;ARI_CEM;7.16;PENDENTE;Z00;00530001101;BRUNO PETINARI UMBELINO
668018648;1314072;0204060133;JOELHO / ROTULA D (AP + LATERAL + AXIAL);80089844149;ANA PAULA DOS SANTOS PEREIRA SILVANY;20.05.2026;07:00;0;700207918779927;NEUSA PEREIRA DOS SANTOS SILVA;01.05.1962;64;768;HILDA IVA PEREIRA;RUA;CANARIOS;;958;JARDIM GRAMADO;79490000;(67)8162-3018;SAO GABRIEL DO OESTE;500769;SAO GABRIEL DO OESTE;500769;2370980;UNIDADE DE SAUDE DA FAMILIA JARDIM GRAMADO I;F;18.05.2026;ELISANGELA_UNIDADEI;18.05.2026;ELISANGELA_UNIDADEI;7.16;CONFIRMADO;M23;;BRUNO PERTINARI
668024346;1314029;0204020069;COLUNA LOMBO-SACRA;01320968112;MARCELO MARTINS ROCHA;18.05.2026;11:00;0;700805422166989;FRANCISCA JOCIANA MENDES CRUZ;05.11.1989;36;438;TEREZA COSTA MENDES;RUA;BEM TEVI;CASA;1845;FÊNIX;79490000;(67)98463-7912;SAO GABRIEL DO OESTE;500769;SAO GABRIEL DO OESTE;500769;6452116;CENTRO DE ESPECIALIDADES MEDICAS;F;18.05.2026;FERNANDACRISTINAALVES;18.05.2026;FERNANDACRISTINAALVES;10.96;CONFIRMADO;Z016;00530001101;BRUNO PETINARI UMBELINO
668025952;1314079;0204060087;ARTICULACAO TIBIO-TARSICA (TORNOZELO) E;01320968112;MARCELO MARTINS ROCHA;21.05.2026;11:00;0;702908583966373;JACINTO TORRES SANTOS;15.12.1971;54;653;MARIA DO CARMO TORRES SANTOS;;;;;;;(79)99999-0000;;;SAO GABRIEL DO OESTE;500769;6452116;CENTRO DE ESPECIALIDADES MEDICAS;M;18.05.2026;ARI_CEM;18.05.2026;ARI_CEM;6.50;CONFIRMADO;Z00;00530001101;BRUNO PETINARI UMBELINO
668039113;1314078;0204060087;ARTICULACAO TIBIO-TARSICA (TORNOZELO) D;80089844149;ANA PAULA DOS SANTOS PEREIRA SILVANY;19.05.2026;07:00;0;700002888698409;LAURA RODRIGUES LUGO;05.07.2023;02;34;DAIANE ROBERTO RODRIGUES;RUA;CASTANHEIRA;CASA;354;SAO CRISTOVAO;79490000;(67)99678-3748;SAO GABRIEL DO OESTE;500769;SAO GABRIEL DO OESTE;500769;6452116;CENTRO DE ESPECIALIDADES MEDICAS;F;18.05.2026;FERNANDACRISTINAALVES;18.05.2026;FERNANDACRISTINAALVES;6.50;CONFIRMADO;Z016;93393539191;RODOLFO FABIANO NIZ BAREIRO
668048029;1314128;0204030153;RADIOGRAFIA PANORAMICA DE TORAX (PA E PERFIL);01320968112;MARCELO MARTINS ROCHA;18.05.2026;11:00;0;706408625008682;SUELI DELGADO DE SOUZA;17.09.1967;58;704;RAMONA DELGADO;RUA;ANHUMAS;CASA;1259;JARDIM GRAMADO;79491016;(67)99180-3300;SAO GABRIEL DO OESTE;500769;SAO GABRIEL DO OESTE;500769;5971055;UNIDADE DE SAUDE DA FAMILIA VIII;F;18.05.2026;JESSICAPADILHA;18.05.2026;JESSICAPADILHA;9.50;CONFIRMADO;Z000;04805244160;RENNAN ORTIZ BUENO
668056721;1314095;0204030153;TORAX (PA + PERFIL);59241284153;CLODOALDO DE AZEVEDO CARDOSO;18.05.2026;16:00;0;704201722934889;ELAINE ANANIAS;16.01.1984;42;508;JOANA SEVERO DOS SANTOS ZAMBONI;RUA;SANTA MARIA;;23;MILANI;79492074;(67)99889-2706;SAO GABRIEL DO OESTE;500769;SAO GABRIEL DO OESTE;500769;2370972;UNIDADE DE SAUDE DA FAMILIA MILANE II;F;18.05.2026;FLAVIA_RODRIGUES;18.05.2026;FLAVIA_RODRIGUES;9.50;CONFIRMADO;M545;83798633134;JOAO BAPTISTA BARBOSA SOUZA
668062783;1314079;0204060087;ARTICULACAO TIBIO-TARSICA (TORNOZELO) E;01320968112;MARCELO MARTINS ROCHA;18.05.2026;11:00;0;709500693831670;VALDECI RIBEIRO DOS SANTOS CRUZ;18.06.1966;59;719;LEODINA RIBEIRO DOS SANTOS;RUA;DONA ELVIRA;CASA;1090;MILANI;79490000;(67)9629-3332;SAO GABRIEL DO OESTE;500769;SAO GABRIEL DO OESTE;500769;6452116;CENTRO DE ESPECIALIDADES MEDICAS;F;18.05.2026;FERNANDACRISTINAALVES;18.05.2026;FERNANDACRISTINAALVES;6.50;CONFIRMADO;Z016;00530001101;BRUNO PETINARI UMBELINO
668067174;1314095;0204030153;TORAX (PA + PERFIL);59241284153;CLODOALDO DE AZEVEDO CARDOSO;18.05.2026;16:00;0;704502356132913;CAUA ANANIAS MARTINS;11.12.2012;13;161;ELAINE ANANIAS;RUA;SANTA MARIA;;23;MILANI;79492074;(67)99889-2706;SAO GABRIEL DO OESTE;500769;SAO GABRIEL DO OESTE;500769;2370972;UNIDADE DE SAUDE DA FAMILIA MILANE II;M;18.05.2026;FLAVIA_RODRIGUES;18.05.2026;FLAVIA_RODRIGUES;9.50;CONFIRMADO;Z000;83798633134;JOAO BAPTISTA BARBOSA SOUZA
668070816;1314123;0204060150;RADIOGRAFIA PANORAMICA DE PE / DEDOS DO PE;01320968112;MARCELO MARTINS ROCHA;25.05.2026;11:00;0;704100674932850;GENIR PEREIRA ALVES;01.12.1989;36;437;ALENIR PEREIRA BORGES;RUA;GERONIMO GARCIA;;S/N;LAGOA;79890000;(67)99682-6183 / (67)99974-9455;ITAPORA;500450;SAO GABRIEL DO OESTE;500769;6452116;CENTRO DE ESPECIALIDADES MEDICAS;M;18.05.2026;FERNANDACRISTINAALVES;18.05.2026;FERNANDACRISTINAALVES;6.78;PENDENTE;Z016;04469955680;DANIEL ROCHA DO CARMO
668070816;1314069;0204060117;COXA E;01320968112;MARCELO MARTINS ROCHA;25.05.2026;11:00;0;704100674932850;GENIR PEREIRA ALVES;01.12.1989;36;437;ALENIR PEREIRA BORGES;RUA;GERONIMO GARCIA;;S/N;LAGOA;79890000;(67)99682-6183 / (67)99974-9455;ITAPORA;500450;SAO GABRIEL DO OESTE;500769;6452116;CENTRO DE ESPECIALIDADES MEDICAS;M;18.05.2026;FERNANDACRISTINAALVES;18.05.2026;FERNANDACRISTINAALVES;8.94;PENDENTE;Z016;04469955680;DANIEL ROCHA DO CARMO
668070902;1314070;0204060125;JOELHO D (AP + LATERAL);87751593172;CRISTIANE DE SOUZA PEREIRA;18.05.2026;21:00;0;700002022653003;KATIA PEREIRA DE OLIVEIRA;22.09.1960;65;788;MARIA DE LOURDES BOM PEREIRA;RUA;CANARIOS;;1520;JARDIM GRAMADO;79490000;(67)99621-7810;SAO GABRIEL DO OESTE;500769;SAO GABRIEL DO OESTE;500769;2370980;UNIDADE DE SAUDE DA FAMILIA JARDIM GRAMADO I;F;18.05.2026;ELISANGELA_UNIDADEI;18.05.2026;ELISANGELA_UNIDADEI;6.78;CONFIRMADO;M545;01454652179;MAYARA MARIA MELKE GUIMARAES
668070902;1314029;0204020069;COLUNA LOMBO-SACRA;87751593172;CRISTIANE DE SOUZA PEREIRA;18.05.2026;21:00;0;700002022653003;KATIA PEREIRA DE OLIVEIRA;22.09.1960;65;788;MARIA DE LOURDES BOM PEREIRA;RUA;CANARIOS;;1520;JARDIM GRAMADO;79490000;(67)99621-7810;SAO GABRIEL DO OESTE;500769;SAO GABRIEL DO OESTE;500769;2370980;UNIDADE DE SAUDE DA FAMILIA JARDIM GRAMADO I;F;18.05.2026;ELISANGELA_UNIDADEI;18.05.2026;ELISANGELA_UNIDADEI;10.96;CONFIRMADO;M545;01454652179;MAYARA MARIA MELKE GUIMARAES
668070902;1314071;0204060125;JOELHO E (AP + LATERAL);87751593172;CRISTIANE DE SOUZA PEREIRA;18.05.2026;21:00;0;700002022653003;KATIA PEREIRA DE OLIVEIRA;22.09.1960;65;788;MARIA DE LOURDES BOM PEREIRA;RUA;CANARIOS;;1520;JARDIM GRAMADO;79490000;(67)99621-7810;SAO GABRIEL DO OESTE;500769;SAO GABRIEL DO OESTE;500769;2370980;UNIDADE DE SAUDE DA FAMILIA JARDIM GRAMADO I;F;18.05.2026;ELISANGELA_UNIDADEI;18.05.2026;ELISANGELA_UNIDADEI;6.78;CONFIRMADO;M545;01454652179;MAYARA MARIA MELKE GUIMARAES
668075400;1314055;0204040094;MAO D (DUAS INCIDENCIAS);59241284153;CLODOALDO DE AZEVEDO CARDOSO;25.05.2026;16:00;0;701406661109539;CAIO EDUARDO OLIVEIRA DUARTE;09.02.2012;14;171;CINTIA OLIVEIRA DE OLIVEIRA;RUA;ANHUMAS;;1567;JARDIM GRAMADO;79490000;(61)3315-2425;SAO GABRIEL DO OESTE;500769;SAO GABRIEL DO OESTE;500769;8176132;CASA ROSA;M;18.05.2026;TAINAOLIVEIRA;18.05.2026;TAINAOLIVEIRA;6.30;PENDENTE;Z00;;ROGERIO PADOVANI TOFFOLI
668079243;1314056;0204040094;MAO E (DUAS INCIDENCIAS);59241284153;CLODOALDO DE AZEVEDO CARDOSO;18.05.2026;16:00;0;706203529672264;ABRAAO CESAR DA SILVA;19.05.2005;21;252;ANA LUCIA DUTRA DA SILVA;CHACARA;ASSENTAMENTO MATADEIRA;;S/N;ZONA RURAL;79480000;(67)99945-1445;RIO VERDE DE MATO GROSSO;500740;SAO GABRIEL DO OESTE;500769;2370980;UNIDADE DE SAUDE DA FAMILIA JARDIM GRAMADO I;M;18.05.2026;ELISANGELA_UNIDADEI;18.05.2026;ELISANGELA_UNIDADEI;6.30;CONFIRMADO;M796;01454652179;MAYARA MARIA MELKE GUIMARAES
668079441;1314110;0204030153;TORAX (PA + PERFIL) PRE-OPERATORIO;59241284153;CLODOALDO DE AZEVEDO CARDOSO;29.05.2026;15:00;0;700004450094004;MARLI OLIVEIRA DE OLIVEIRA;25.11.1950;75;906;ZELI ANHAIA DE OLIVEIRA;RUA;CURRUIRAS;;1390;JARDIM GRAMADO;79490000;(67)9637-2977;SAO GABRIEL DO OESTE;500769;SAO GABRIEL DO OESTE;500769;8176132;CASA ROSA;F;18.05.2026;TAINAOLIVEIRA;18.05.2026;TAINAOLIVEIRA;9.50;PENDENTE;Z001;;CELIO HELE
668088261;1314110;0204030153;TORAX (PA + PERFIL) PRE-OPERATORIO;80089844149;ANA PAULA DOS SANTOS PEREIRA SILVANY;19.05.2026;07:00;0;704604669947828;HELIO ALVES GONZAGA NETO;24.02.2018;08;99;CLEONICE ANTUNES DOS REIS;FAZENDA;CONDOMINIO;;S/N;AREA RURAL DE SAO GABRIEL DO OESTE;79493899;(61)3315-2425;SAO GABRIEL DO OESTE;500769;SAO GABRIEL DO OESTE;500769;6452116;CENTRO DE ESPECIALIDADES MEDICAS;M;18.05.2026;FERNANDACRISTINAALVES;18.05.2026;FERNANDACRISTINAALVES;9.50;CONFIRMADO;Z016;01110123175;ELY DONIZETH DE ASSIS JUNIOR
668088553;1314070;0204060125;JOELHO D (AP + LATERAL);80089844149;ANA PAULA DOS SANTOS PEREIRA SILVANY;19.05.2026;07:00;0;706200011585368;JOSE DE SOUZA;20.04.1962;64;769;APARECIDA DE SOUZA;RUA;MINAS GERAIS;;2648;CENTRO;79490000;(67)99646-3314;SAO GABRIEL DO OESTE;500769;SAO GABRIEL DO OESTE;500769;2370964;UNIDADE DE SAUDE DA FAMILIA III;M;18.05.2026;ANACLAUDIA_NOGUEIRA;18.05.2026;ANACLAUDIA_NOGUEIRA;6.78;CONFIRMADO;M255;02611833974;HUDSON PERES DORIGAO BELISARIO DE SOUZA
668091396;1314011;0204010080;CRANIO (PA + LATERAL);87751593172;CRISTIANE DE SOUZA PEREIRA;18.05.2026;21:00;0;706805200799224;TATIANA RODRIGUES;30.08.1995;30;368;OLGA MARIA RODRIGUES;RUA;DAS PERDIZES 965/99998;N 1156;S/N;SAO CRISTOVAO;79491192;(67)99645-2750;SAO GABRIEL DO OESTE;500769;SAO GABRIEL DO OESTE;500769;7002084;UNIDADE DE SAUDE DA FAMILIA IX;F;18.05.2026;AMANDALUIZA_BIAZUS;18.05.2026;AMANDALUIZA_BIAZUS;7.52;CONFIRMADO;M542;96040653191;PAULO FENELON MARINHO
668091396;1314023;0204020034;COLUNA CERVICAL (AP + LATERAL + TO + OBLIQUAS);87751593172;CRISTIANE DE SOUZA PEREIRA;18.05.2026;21:00;0;706805200799224;TATIANA RODRIGUES;30.08.1995;30;368;OLGA MARIA RODRIGUES;RUA;DAS PERDIZES 965/99998;N 1156;S/N;SAO CRISTOVAO;79491192;(67)99645-2750;SAO GABRIEL DO OESTE;500769;SAO GABRIEL DO OESTE;500769;7002084;UNIDADE DE SAUDE DA FAMILIA IX;F;18.05.2026;AMANDALUIZA_BIAZUS;18.05.2026;AMANDALUIZA_BIAZUS;8.33;CONFIRMADO;M542;96040653191;PAULO FENELON MARINHO
668095745;1314034;0204030072;COSTELAS P/ HEMITORAX D;59241284153;CLODOALDO DE AZEVEDO CARDOSO;19.05.2026;16:00;0;704606160553528;MARIA CONCEICAO CUBAS;08.12.1959;66;797;ANA RIOS BRANCO;AVENIDA;ARAPONGAS;CASA4;632;JARDIM GRAMADO;79491034;(67)99613-2355 / (69)99359-4979;SAO GABRIEL DO OESTE;500769;SAO GABRIEL DO OESTE;500769;5971055;UNIDADE DE SAUDE DA FAMILIA VIII;F;18.05.2026;JESSICAPADILHA;18.05.2026;JESSICAPADILHA;8.37;CONFIRMADO;Z000;04805244160;RENNAN ORTIZ BUENO
668130781;1314043;0204040060;CLAVICULA D;80089844149;ANA PAULA DOS SANTOS PEREIRA SILVANY;20.05.2026;07:00;0;702106768747096;ALAN JUNIOR FERREIRA DA SILVA;02.08.2014;11;141;FRANCIELI DA GAMA FERREIRA;RUA;LEOCÁDIO RAMOS NOGUEIRA;APT 08;158;CENTRO;79490027;(45)99916-6365;SAO GABRIEL DO OESTE;500769;SAO GABRIEL DO OESTE;500769;6452116;CENTRO DE ESPECIALIDADES MEDICAS;M;18.05.2026;FERNANDACRISTINAALVES;18.05.2026;FERNANDACRISTINAALVES;7.40;PENDENTE;Z016;04469955680;DANIEL ROCHA DO CARMO
668130906;1314043;0204040060;CLAVICULA D;01320968112;MARCELO MARTINS ROCHA;20.05.2026;11:00;0;702106768747096;ALAN JUNIOR FERREIRA DA SILVA;02.08.2014;11;141;FRANCIELI DA GAMA FERREIRA;RUA;LEOCÁDIO RAMOS NOGUEIRA;APT 08;158;CENTRO;79490027;(45)99916-6365;SAO GABRIEL DO OESTE;500769;SAO GABRIEL DO OESTE;500769;6452116;CENTRO DE ESPECIALIDADES MEDICAS;M;18.05.2026;FERNANDACRISTINAALVES;18.05.2026;FERNANDACRISTINAALVES;7.40;CONFIRMADO;Z016;04469955680;DANIEL ROCHA DO CARMO
668144532;1314070;0204060125;JOELHO D (AP + LATERAL);87751593172;CRISTIANE DE SOUZA PEREIRA;20.05.2026;21:00;0;702803695229261;ARILDO MARCOS LORDANO;16.10.1981;44;535;ZILMA DA SILVA LORDANO;RUA;SANTA MARIA;CASA;955;MILANI;79490000;(44)99172-3701;SAO GABRIEL DO OESTE;500769;SAO GABRIEL DO OESTE;500769;6452116;CENTRO DE ESPECIALIDADES MEDICAS;M;18.05.2026;FERNANDACRISTINAALVES;19.05.2026;VANIA_MARIANO;6.78;CONFIRMADO;Z016;93393539191;RODOLFO FABIANO NIZ BAREIRO
668144532;1314071;0204060125;JOELHO E (AP + LATERAL);87751593172;CRISTIANE DE SOUZA PEREIRA;20.05.2026;21:00;0;702803695229261;ARILDO MARCOS LORDANO;16.10.1981;44;535;ZILMA DA SILVA LORDANO;RUA;SANTA MARIA;CASA;955;MILANI;79490000;(44)99172-3701;SAO GABRIEL DO OESTE;500769;SAO GABRIEL DO OESTE;500769;6452116;CENTRO DE ESPECIALIDADES MEDICAS;M;18.05.2026;FERNANDACRISTINAALVES;19.05.2026;VANIA_MARIANO;6.78;CONFIRMADO;Z016;93393539191;RODOLFO FABIANO NIZ BAREIRO
668178813;1314083;0204060150;PE E;59241284153;CLODOALDO DE AZEVEDO CARDOSO;22.05.2026;15:00;0;706805258796821;ALEX SOLOAGA DA CUNHA;26.08.1983;42;512;MARIA OLINDA SOLOAGA CUNHA;FAZENDA;SANTA MARIA;;S/N;AREA RURAL DE SAO GABRIEL DO OESTE;79493899;(67)99226-3281;SAO GABRIEL DO OESTE;500769;SAO GABRIEL DO OESTE;500769;6452116;CENTRO DE ESPECIALIDADES MEDICAS;M;18.05.2026;ARI_CEM;18.05.2026;ARI_CEM;6.78;CONFIRMADO;Z016;00530001101;BRUNO PETINARI UMBELINO
668193745;1314081;0204060109;CALCANEO E;59241284153;CLODOALDO DE AZEVEDO CARDOSO;22.05.2026;15:00;0;706703573313318;LUAN BERNARDO GONZALEZ MONTESSI;17.05.2017;09;108;LUZANI GONZALEZ ALENCAR;RUA;CURRUIRAS;CASA;1883;JARDIM GRAMADO;79490000;(67)99690-0702;SAO GABRIEL DO OESTE;500769;SAO GABRIEL DO OESTE;500769;6452116;CENTRO DE ESPECIALIDADES MEDICAS;M;18.05.2026;ARI_CEM;18.05.2026;ARI_CEM;6.50;CONFIRMADO;Z016;00530001101;BRUNO PETINARI UMBELINO
668193745;1314080;0204060109;CALCANEO D;59241284153;CLODOALDO DE AZEVEDO CARDOSO;22.05.2026;15:00;0;706703573313318;LUAN BERNARDO GONZALEZ MONTESSI;17.05.2017;09;108;LUZANI GONZALEZ ALENCAR;RUA;CURRUIRAS;CASA;1883;JARDIM GRAMADO;79490000;(67)99690-0702;SAO GABRIEL DO OESTE;500769;SAO GABRIEL DO OESTE;500769;6452116;CENTRO DE ESPECIALIDADES MEDICAS;M;18.05.2026;ARI_CEM;18.05.2026;ARI_CEM;6.50;CONFIRMADO;Z016;00530001101;BRUNO PETINARI UMBELINO
668195957;1314055;0204040094;MAO D (DUAS INCIDENCIAS);59241284153;CLODOALDO DE AZEVEDO CARDOSO;19.05.2026;16:00;0;704006385094666;FATIMA FREIRES RODRIGUES;12.12.1980;45;545;MARIA FREIRES DE AMORIM RODRIGUES;RUA;ARARAS;;2300;CONJUNTO FENIX;79490000;(67)9942-8382;SAO GABRIEL DO OESTE;500769;SAO GABRIEL DO OESTE;500769;2370999;UNIDADE DE SAUDE DA FAMILIA FENIX IV;F;18.05.2026;GUSTAVO_PIAIA;18.05.2026;GUSTAVO_PIAIA;6.30;CONFIRMADO;M069;00703866176;ALCIDES EDUARDO EIBEL
668212396;1314095;0204030153;TORAX (PA + PERFIL);01320968112;MARCELO MARTINS ROCHA;19.05.2026;11:00;0;706406660056386;DANIELA JESUS DE ALMEIDA;12.06.1989;36;443;DAVINA DOS SANTOS;RUA;CASTANHEIRA;CASA;463;SÃO CRISTÓVÃO;79490000;(67)99855-9995;SAO GABRIEL DO OESTE;500769;SAO GABRIEL DO OESTE;500769;6354265;CENTRAL DE REGULACAO DE SAO GABRIEL DO OESTE;F;18.05.2026;VANIA_MARIANO;18.05.2026;VANIA_MARIANO;9.50;CONFIRMADO;Z00;;RENAN BUENNO
668215975;1314095;0204030153;TORAX (PA + PERFIL);80089844149;ANA PAULA DOS SANTOS PEREIRA SILVANY;19.05.2026;07:00;0;704604109611824;MARCELO ANTONIO DE ARRUDA;07.05.1965;61;732;NAILZA CORREA DE ARRUDA;RUA;CAMBARA;;166;PEQUI 2;79400000;(67)99927-1338;COXIM;500330;SAO GABRIEL DO OESTE;500769;7002084;UNIDADE DE SAUDE DA FAMILIA IX;M;18.05.2026;AMANDALUIZA_BIAZUS;18.05.2026;AMANDALUIZA_BIAZUS;9.50;CONFIRMADO;R101;96040653191;PAULO FENELON MARINHO
668215975;1314107;0204050120;ABDOMEN AGUDO (MINIMO DE 3 INCIDENCIAS);80089844149;ANA PAULA DOS SANTOS PEREIRA SILVANY;19.05.2026;07:00;0;704604109611824;MARCELO ANTONIO DE ARRUDA;07.05.1965;61;732;NAILZA CORREA DE ARRUDA;RUA;CAMBARA;;166;PEQUI 2;79400000;(67)99927-1338;COXIM;500330;SAO GABRIEL DO OESTE;500769;7002084;UNIDADE DE SAUDE DA FAMILIA IX;M;18.05.2026;AMANDALUIZA_BIAZUS;18.05.2026;AMANDALUIZA_BIAZUS;15.30;CONFIRMADO;R101;96040653191;PAULO FENELON MARINHO
668232722;1314095;0204030153;TORAX (PA + PERFIL);80089844149;ANA PAULA DOS SANTOS PEREIRA SILVANY;19.05.2026;07:00;0;708401258727761;ILMA MESSIAS DOS SANTOS;16.09.1969;56;680;ELZA DE SOUZA DOS SANTOS;RUA;OITI;;285;FLOR DO CERRADO;79490000;(67)99941-6244;SAO GABRIEL DO OESTE;500769;SAO GABRIEL DO OESTE;500769;7002084;UNIDADE DE SAUDE DA FAMILIA IX;F;18.05.2026;AMANDALUIZA_BIAZUS;18.05.2026;AMANDALUIZA_BIAZUS;9.50;CONFIRMADO;J180;;RENNAN ORTIZ
668238038;1314128;0204030153;RADIOGRAFIA PANORAMICA DE TORAX (PA E PERFIL);01320968112;MARCELO MARTINS ROCHA;19.05.2026;11:00;0;701408653835430;ERCILIA PEREIRA DA SILVA;21.01.1951;75;904;MARGARIDA PEREIRA LEAL;RUA;GAIVOTAS;CASA;920;JARDIM GRAMADO;79491018;(67)99984-3039;SAO GABRIEL DO OESTE;500769;SAO GABRIEL DO OESTE;500769;5971055;UNIDADE DE SAUDE DA FAMILIA VIII;F;18.05.2026;JESSICAPADILHA;18.05.2026;JESSICAPADILHA;9.50;CONFIRMADO;Z000;04805244160;RENNAN ORTIZ BUENO
668242093;1314095;0204030153;TORAX (PA + PERFIL);01320968112;MARCELO MARTINS ROCHA;19.05.2026;11:00;0;702802167527768;PEDRO LEMES RODRIGUES;29.06.1961;64;778;NELEI RODRIGUES LEMES;RUA;IRERE;;142;FENIX;79491084;(67)99668-0073 / (67)99683-5022;SAO GABRIEL DO OESTE;500769;SAO GABRIEL DO OESTE;500769;2370999;UNIDADE DE SAUDE DA FAMILIA FENIX IV;M;18.05.2026;GUSTAVO_PIAIA;18.05.2026;GUSTAVO_PIAIA;9.50;CONFIRMADO;R060;00703866176;ALCIDES EDUARDO EIBEL
668250627;1314071;0204060125;JOELHO E (AP + LATERAL);87751593172;CRISTIANE DE SOUZA PEREIRA;29.05.2026;19:00;0;700700943512970;ALESSANDRO DOS SANTOS;17.08.1978;47;573;ANTONIA MARIA DOS ANJOS SANTOS;RUA;TUIUIUI;;1346;JARDIM GRAMADO;79490000;(67)99657-9991;SAO GABRIEL DO OESTE;500769;SAO GABRIEL DO OESTE;500769;6452116;CENTRO DE ESPECIALIDADES MEDICAS;M;18.05.2026;ANDREIA_CEM;18.05.2026;ANDREIA_CEM;6.78;PENDENTE;Z016;00468987193;ARTHUR MARTINS DE ALMEIDA
668250627;1314040;0204040035;ARTICULACAO ESCAPULO-UMERAL E;87751593172;CRISTIANE DE SOUZA PEREIRA;29.05.2026;19:00;0;700700943512970;ALESSANDRO DOS SANTOS;17.08.1978;47;573;ANTONIA MARIA DOS ANJOS SANTOS;RUA;TUIUIUI;;1346;JARDIM GRAMADO;79490000;(67)99657-9991;SAO GABRIEL DO OESTE;500769;SAO GABRIEL DO OESTE;500769;6452116;CENTRO DE ESPECIALIDADES MEDICAS;M;18.05.2026;ANDREIA_CEM;18.05.2026;ANDREIA_CEM;7.40;PENDENTE;Z016;00468987193;ARTHUR MARTINS DE ALMEIDA
668250627;1314114;0204020107;COLUNA TORACO-LOMBAR;87751593172;CRISTIANE DE SOUZA PEREIRA;29.05.2026;19:00;0;700700943512970;ALESSANDRO DOS SANTOS;17.08.1978;47;573;ANTONIA MARIA DOS ANJOS SANTOS;RUA;TUIUIUI;;1346;JARDIM GRAMADO;79490000;(67)99657-9991;SAO GABRIEL DO OESTE;500769;SAO GABRIEL DO OESTE;500769;6452116;CENTRO DE ESPECIALIDADES MEDICAS;M;18.05.2026;ANDREIA_CEM;18.05.2026;ANDREIA_CEM;9.73;PENDENTE;Z016;00468987193;ARTHUR MARTINS DE ALMEIDA
668250627;1314049;0204040078;COTOVELO D;87751593172;CRISTIANE DE SOUZA PEREIRA;29.05.2026;19:00;0;700700943512970;ALESSANDRO DOS SANTOS;17.08.1978;47;573;ANTONIA MARIA DOS ANJOS SANTOS;RUA;TUIUIUI;;1346;JARDIM GRAMADO;79490000;(67)99657-9991;SAO GABRIEL DO OESTE;500769;SAO GABRIEL DO OESTE;500769;6452116;CENTRO DE ESPECIALIDADES MEDICAS;M;18.05.2026;ANDREIA_CEM;18.05.2026;ANDREIA_CEM;5.90;PENDENTE;Z016;00468987193;ARTHUR MARTINS DE ALMEIDA
668250627;1314039;0204040035;ARTICULACAO ESCAPULO-UMERAL D;87751593172;CRISTIANE DE SOUZA PEREIRA;29.05.2026;19:00;0;700700943512970;ALESSANDRO DOS SANTOS;17.08.1978;47;573;ANTONIA MARIA DOS ANJOS SANTOS;RUA;TUIUIUI;;1346;JARDIM GRAMADO;79490000;(67)99657-9991;SAO GABRIEL DO OESTE;500769;SAO GABRIEL DO OESTE;500769;6452116;CENTRO DE ESPECIALIDADES MEDICAS;M;18.05.2026;ANDREIA_CEM;18.05.2026;ANDREIA_CEM;7.40;PENDENTE;Z016;00468987193;ARTHUR MARTINS DE ALMEIDA
668250627;1314050;0204040078;COTOVELO E;87751593172;CRISTIANE DE SOUZA PEREIRA;29.05.2026;19:00;0;700700943512970;ALESSANDRO DOS SANTOS;17.08.1978;47;573;ANTONIA MARIA DOS ANJOS SANTOS;RUA;TUIUIUI;;1346;JARDIM GRAMADO;79490000;(67)99657-9991;SAO GABRIEL DO OESTE;500769;SAO GABRIEL DO OESTE;500769;6452116;CENTRO DE ESPECIALIDADES MEDICAS;M;18.05.2026;ANDREIA_CEM;18.05.2026;ANDREIA_CEM;5.90;PENDENTE;Z016;00468987193;ARTHUR MARTINS DE ALMEIDA
668250627;1314070;0204060125;JOELHO D (AP + LATERAL);87751593172;CRISTIANE DE SOUZA PEREIRA;29.05.2026;19:00;0;700700943512970;ALESSANDRO DOS SANTOS;17.08.1978;47;573;ANTONIA MARIA DOS ANJOS SANTOS;RUA;TUIUIUI;;1346;JARDIM GRAMADO;79490000;(67)99657-9991;SAO GABRIEL DO OESTE;500769;SAO GABRIEL DO OESTE;500769;6452116;CENTRO DE ESPECIALIDADES MEDICAS;M;18.05.2026;ANDREIA_CEM;18.05.2026;ANDREIA_CEM;6.78;PENDENTE;Z016;00468987193;ARTHUR MARTINS DE ALMEIDA
668260357;1314079;0204060087;ARTICULACAO TIBIO-TARSICA (TORNOZELO) E;80089844149;ANA PAULA DOS SANTOS PEREIRA SILVANY;21.05.2026;07:00;0;706800759173121;DAVID MIGUEL DOS SANTOS ALMADA;03.06.2019;06;83;MARIA ALICE DOS SANTOS;AVENIDA;SÃO FRANCISCO;;3075;CENTRO;79490000;(67)99977-0429 / (67)9699-1647;SAO GABRIEL DO OESTE;500769;SAO GABRIEL DO OESTE;500769;6452116;CENTRO DE ESPECIALIDADES MEDICAS;M;18.05.2026;FERNANDACRISTINAALVES;18.05.2026;FERNANDACRISTINAALVES;6.50;CONFIRMADO;Z016;32389571808;RODOLFO PELISSARI ZAMBOLIN
668260357;1314078;0204060087;ARTICULACAO TIBIO-TARSICA (TORNOZELO) D;80089844149;ANA PAULA DOS SANTOS PEREIRA SILVANY;21.05.2026;07:00;0;706800759173121;DAVID MIGUEL DOS SANTOS ALMADA;03.06.2019;06;83;MARIA ALICE DOS SANTOS;AVENIDA;SÃO FRANCISCO;;3075;CENTRO;79490000;(67)99977-0429 / (67)9699-1647;SAO GABRIEL DO OESTE;500769;SAO GABRIEL DO OESTE;500769;6452116;CENTRO DE ESPECIALIDADES MEDICAS;M;18.05.2026;FERNANDACRISTINAALVES;18.05.2026;FERNANDACRISTINAALVES;6.50;CONFIRMADO;Z016;32389571808;RODOLFO PELISSARI ZAMBOLIN
668301068;1314082;0204060150;PE D;01320968112;MARCELO MARTINS ROCHA;19.05.2026;11:00;0;700501142667855;ROSENILDO SEVERINO DE OLIVEIRA;14.11.1973;52;630;MARIA ANA DE OLIVEIRA;RUA;TUIUIU;;829;JARDIM GRAMADO;79490000;(67)99620-3841;SAO GABRIEL DO OESTE;500769;SAO GABRIEL DO OESTE;500769;2370980;UNIDADE DE SAUDE DA FAMILIA JARDIM GRAMADO I;M;19.05.2026;ELISANGELA_UNIDADEI;19.05.2026;ELISANGELA_UNIDADEI;6.78;CONFIRMADO;M773;01454652179;MAYARA MARIA MELKE GUIMARAES
668304891;1314070;0204060125;JOELHO D (AP + LATERAL);01320968112;MARCELO MARTINS ROCHA;19.05.2026;11:00;0;700209495648923;ALECIR RODRIGO SPAGNOLLO;25.03.2000;26;314;CLENAR TAGLIAN SPAGNOLLO;;;;;;;(67)99849-4901;;;SAO GABRIEL DO OESTE;500769;2370964;UNIDADE DE SAUDE DA FAMILIA III;M;19.05.2026;ANACLAUDIA_NOGUEIRA;19.05.2026;ANACLAUDIA_NOGUEIRA;6.78;CONFIRMADO;M255;02611833974;HUDSON PERES DORIGAO BELISARIO DE SOUZA
668304891;1314071;0204060125;JOELHO E (AP + LATERAL);01320968112;MARCELO MARTINS ROCHA;19.05.2026;11:00;0;700209495648923;ALECIR RODRIGO SPAGNOLLO;25.03.2000;26;314;CLENAR TAGLIAN SPAGNOLLO;;;;;;;(67)99849-4901;;;SAO GABRIEL DO OESTE;500769;2370964;UNIDADE DE SAUDE DA FAMILIA III;M;19.05.2026;ANACLAUDIA_NOGUEIRA;19.05.2026;ANACLAUDIA_NOGUEIRA;6.78;CONFIRMADO;M255;02611833974;HUDSON PERES DORIGAO BELISARIO DE SOUZA
668307465;1314072;0204060133;JOELHO / ROTULA D (AP + LATERAL + AXIAL);01320968112;MARCELO MARTINS ROCHA;19.05.2026;11:00;0;707007834307330;VALDIR PEDRO MARCHI;01.02.1952;74;891;FLORINDA VILANI;RUA;GREGORIANA;;03;PRIMO MAFFISSONI;79490000;(67)3295-1772;SAO GABRIEL DO OESTE;500769;SAO GABRIEL DO OESTE;500769;7333218;UNIDADE DE SAUDE DA FAMILIA X;M;19.05.2026;RAISSASILVALIMA;19.05.2026;RAISSASILVALIMA;7.16;CONFIRMADO;Z000;;RODOLFO PELISSARI ZAMBOLIN
668309565;1314128;0204030153;RADIOGRAFIA PANORAMICA DE TORAX (PA E PERFIL);01320968112;MARCELO MARTINS ROCHA;20.05.2026;11:00;0;706800751706023;KEREN VITORIA VALDEZ MENDONCA;09.07.2025;00;10;HELEN ARGUELHO MENDONCA;RUA;CURIO;CASA;1346;JARDIM GRAMADO;79491012;(67)99265-5703;SAO GABRIEL DO OESTE;500769;SAO GABRIEL DO OESTE;500769;5971055;UNIDADE DE SAUDE DA FAMILIA VIII;F;19.05.2026;JESSICAPADILHA;19.05.2026;JESSICAPADILHA;9.50;CONFIRMADO;Z000;04805244160;RENNAN ORTIZ BUENO
668353067;1314128;0204030153;RADIOGRAFIA PANORAMICA DE TORAX (PA E PERFIL);59241284153;CLODOALDO DE AZEVEDO CARDOSO;19.05.2026;16:00;0;705405483445491;ROSEMEIRE MARQUES FREITAS;22.03.1969;57;686;JOAQUINA MARQUES FREITAS;RUA;BEM TE VI;CASA;1684;JARDIM GRAMADO;79490000;(67)99940-7828;SAO GABRIEL DO OESTE;500769;SAO GABRIEL DO OESTE;500769;5971055;UNIDADE DE SAUDE DA FAMILIA VIII;F;19.05.2026;JESSICAPADILHA;19.05.2026;JESSICAPADILHA;9.50;CONFIRMADO;Z000;04805244160;RENNAN ORTIZ BUENO
668356583;1314093;0204030170;TORAX (PA);80089844149;ANA PAULA DOS SANTOS PEREIRA SILVANY;20.05.2026;07:00;0;701004806469192;DARIO CACERES;09.12.1971;54;653;ARMELINDA CACERES;FAZENDA;HASSAN;;S/N;ZONA RURAL;79490000;(67)99635-9971;SAO GABRIEL DO OESTE;500769;SAO GABRIEL DO OESTE;500769;6452116;CENTRO DE ESPECIALIDADES MEDICAS;M;19.05.2026;PATRICKMASIAGA;19.05.2026;PATRICKMASIAGA;6.88;CONFIRMADO;Z00;;MARCELO KURACK DA SILVA
668356768;1314079;0204060087;ARTICULACAO TIBIO-TARSICA (TORNOZELO) E;01320968112;MARCELO MARTINS ROCHA;27.05.2026;11:00;0;706204520169064;MARIA EDIMARIA DE OLIVEIRA;13.01.1974;52;628;JOSEFA SANTA ROSA DE CARVALHO;TRAVESSA;AMOREIRA;CASA 2;3030;CENTRO;79490000;(67)99939-8526 / (67)99647-3413;SAO GABRIEL DO OESTE;500769;SAO GABRIEL DO OESTE;500769;6452116;CENTRO DE ESPECIALIDADES MEDICAS;F;19.05.2026;FERNANDACRISTINAALVES;19.05.2026;FERNANDACRISTINAALVES;6.50;PENDENTE;Z016;32389571808;RODOLFO PELISSARI ZAMBOLIN
668356768;1314082;0204060150;PE D;01320968112;MARCELO MARTINS ROCHA;27.05.2026;11:00;0;706204520169064;MARIA EDIMARIA DE OLIVEIRA;13.01.1974;52;628;JOSEFA SANTA ROSA DE CARVALHO;TRAVESSA;AMOREIRA;CASA 2;3030;CENTRO;79490000;(67)99939-8526 / (67)99647-3413;SAO GABRIEL DO OESTE;500769;SAO GABRIEL DO OESTE;500769;6452116;CENTRO DE ESPECIALIDADES MEDICAS;F;19.05.2026;FERNANDACRISTINAALVES;19.05.2026;FERNANDACRISTINAALVES;6.78;PENDENTE;Z016;32389571808;RODOLFO PELISSARI ZAMBOLIN
668356768;1314083;0204060150;PE E;01320968112;MARCELO MARTINS ROCHA;27.05.2026;11:00;0;706204520169064;MARIA EDIMARIA DE OLIVEIRA;13.01.1974;52;628;JOSEFA SANTA ROSA DE CARVALHO;TRAVESSA;AMOREIRA;CASA 2;3030;CENTRO;79490000;(67)99939-8526 / (67)99647-3413;SAO GABRIEL DO OESTE;500769;SAO GABRIEL DO OESTE;500769;6452116;CENTRO DE ESPECIALIDADES MEDICAS;F;19.05.2026;FERNANDACRISTINAALVES;19.05.2026;FERNANDACRISTINAALVES;6.78;PENDENTE;Z016;32389571808;RODOLFO PELISSARI ZAMBOLIN
668356768;1314078;0204060087;ARTICULACAO TIBIO-TARSICA (TORNOZELO) D;01320968112;MARCELO MARTINS ROCHA;27.05.2026;11:00;0;706204520169064;MARIA EDIMARIA DE OLIVEIRA;13.01.1974;52;628;JOSEFA SANTA ROSA DE CARVALHO;TRAVESSA;AMOREIRA;CASA 2;3030;CENTRO;79490000;(67)99939-8526 / (67)99647-3413;SAO GABRIEL DO OESTE;500769;SAO GABRIEL DO OESTE;500769;6452116;CENTRO DE ESPECIALIDADES MEDICAS;F;19.05.2026;FERNANDACRISTINAALVES;19.05.2026;FERNANDACRISTINAALVES;6.50;PENDENTE;Z016;32389571808;RODOLFO PELISSARI ZAMBOLIN
668357272;1314066;0204060060;ARTICULACAO COXO-FEMORAL D;59241284153;CLODOALDO DE AZEVEDO CARDOSO;20.05.2026;16:00;0;700603967587869;EVA VILMA DOS SANTOS;11.11.1985;40;486;GECEDIR TEIXEIRA DA ROSA;FAZENDA;MODELO;;S/N;AREA RURAL DE SAO GABRIEL DO OESTE;79493899;(67)99612-4421;SAO GABRIEL DO OESTE;500769;SAO GABRIEL DO OESTE;500769;3400964;UNIDADE DE SAUDE DA FAMILIA RURAL VII;F;19.05.2026;DULCINEIA_MOCCELIN;19.05.2026;DULCINEIA_MOCCELIN;7.77;CONFIRMADO;Z10;00612619630;KALYNKA SILVIA HIGINO
668357272;1314114;0204020107;COLUNA TORACO-LOMBAR;59241284153;CLODOALDO DE AZEVEDO CARDOSO;20.05.2026;16:00;0;700603967587869;EVA VILMA DOS SANTOS;11.11.1985;40;486;GECEDIR TEIXEIRA DA ROSA;FAZENDA;MODELO;;S/N;AREA RURAL DE SAO GABRIEL DO OESTE;79493899;(67)99612-4421;SAO GABRIEL DO OESTE;500769;SAO GABRIEL DO OESTE;500769;3400964;UNIDADE DE SAUDE DA FAMILIA RURAL VII;F;19.05.2026;DULCINEIA_MOCCELIN;19.05.2026;DULCINEIA_MOCCELIN;9.73;CONFIRMADO;Z10;00612619630;KALYNKA SILVIA HIGINO
668357272;1314029;0204020069;COLUNA LOMBO-SACRA;59241284153;CLODOALDO DE AZEVEDO CARDOSO;20.05.2026;16:00;0;700603967587869;EVA VILMA DOS SANTOS;11.11.1985;40;486;GECEDIR TEIXEIRA DA ROSA;FAZENDA;MODELO;;S/N;AREA RURAL DE SAO GABRIEL DO OESTE;79493899;(67)99612-4421;SAO GABRIEL DO OESTE;500769;SAO GABRIEL DO OESTE;500769;3400964;UNIDADE DE SAUDE DA FAMILIA RURAL VII;F;19.05.2026;DULCINEIA_MOCCELIN;19.05.2026;DULCINEIA_MOCCELIN;10.96;CONFIRMADO;Z10;00612619630;KALYNKA SILVIA HIGINO
668357272;1314062;0204060095;BACIA;59241284153;CLODOALDO DE AZEVEDO CARDOSO;20.05.2026;16:00;0;700603967587869;EVA VILMA DOS SANTOS;11.11.1985;40;486;GECEDIR TEIXEIRA DA ROSA;FAZENDA;MODELO;;S/N;AREA RURAL DE SAO GABRIEL DO OESTE;79493899;(67)99612-4421;SAO GABRIEL DO OESTE;500769;SAO GABRIEL DO OESTE;500769;3400964;UNIDADE DE SAUDE DA FAMILIA RURAL VII;F;19.05.2026;DULCINEIA_MOCCELIN;19.05.2026;DULCINEIA_MOCCELIN;7.77;CONFIRMADO;Z10;00612619630;KALYNKA SILVIA HIGINO
668357272;1314067;0204060060;ARTICULACAO COXO-FEMORAL E;59241284153;CLODOALDO DE AZEVEDO CARDOSO;20.05.2026;16:00;0;700603967587869;EVA VILMA DOS SANTOS;11.11.1985;40;486;GECEDIR TEIXEIRA DA ROSA;FAZENDA;MODELO;;S/N;AREA RURAL DE SAO GABRIEL DO OESTE;79493899;(67)99612-4421;SAO GABRIEL DO OESTE;500769;SAO GABRIEL DO OESTE;500769;3400964;UNIDADE DE SAUDE DA FAMILIA RURAL VII;F;19.05.2026;DULCINEIA_MOCCELIN;19.05.2026;DULCINEIA_MOCCELIN;7.77;CONFIRMADO;Z10;00612619630;KALYNKA SILVIA HIGINO
668429334;1314062;0204060095;BACIA;59241284153;CLODOALDO DE AZEVEDO CARDOSO;19.05.2026;16:00;0;704000347154260;RENATA DIAS SOBRINHO;23.02.1992;34;411;ANTONIA PEREIRA DIAS;CHACARA;NOSSA SENHORA APARECIDA;ITAQUI 136;S/N;ZONA RURAL;79490000;(67)99656-3754;SAO GABRIEL DO OESTE;500769;SAO GABRIEL DO OESTE;500769;3400964;UNIDADE DE SAUDE DA FAMILIA RURAL VII;F;19.05.2026;DULCINEIA_MOCCELIN;19.05.2026;DULCINEIA_MOCCELIN;7.77;PENDENTE;M545;00612619630;KALYNKA SILVIA HIGINO
668429334;1314029;0204020069;COLUNA LOMBO-SACRA;59241284153;CLODOALDO DE AZEVEDO CARDOSO;19.05.2026;16:00;0;704000347154260;RENATA DIAS SOBRINHO;23.02.1992;34;411;ANTONIA PEREIRA DIAS;CHACARA;NOSSA SENHORA APARECIDA;ITAQUI 136;S/N;ZONA RURAL;79490000;(67)99656-3754;SAO GABRIEL DO OESTE;500769;SAO GABRIEL DO OESTE;500769;3400964;UNIDADE DE SAUDE DA FAMILIA RURAL VII;F;19.05.2026;DULCINEIA_MOCCELIN;19.05.2026;DULCINEIA_MOCCELIN;10.96;PENDENTE;M545;00612619630;KALYNKA SILVIA HIGINO
668429334;1314114;0204020107;COLUNA TORACO-LOMBAR;59241284153;CLODOALDO DE AZEVEDO CARDOSO;19.05.2026;16:00;0;704000347154260;RENATA DIAS SOBRINHO;23.02.1992;34;411;ANTONIA PEREIRA DIAS;CHACARA;NOSSA SENHORA APARECIDA;ITAQUI 136;S/N;ZONA RURAL;79490000;(67)99656-3754;SAO GABRIEL DO OESTE;500769;SAO GABRIEL DO OESTE;500769;3400964;UNIDADE DE SAUDE DA FAMILIA RURAL VII;F;19.05.2026;DULCINEIA_MOCCELIN;19.05.2026;DULCINEIA_MOCCELIN;9.73;PENDENTE;M545;00612619630;KALYNKA SILVIA HIGINO
668507102;1314046;0204040116;OMOPLATA / OMBRO E (TRES POSICOES);87751593172;CRISTIANE DE SOUZA PEREIRA;28.05.2026;21:00;0;708700140529091;ROSA EVANIR BENITES;19.09.1968;57;692;MARIA APARECIDA PIRES BENITES;RUA;MANOEL ROSA;;487;CENTRO;79490000;(67)99676-3858 / (67)99697-9968;SAO GABRIEL DO OESTE;500769;SAO GABRIEL DO OESTE;500769;6452116;CENTRO DE ESPECIALIDADES MEDICAS;F;19.05.2026;FERNANDACRISTINAALVES;19.05.2026;FERNANDACRISTINAALVES;7.98;PENDENTE;Z016;89074033172;ROGERIO PADOVANI TOFFOLI
668525441;1314023;0204020034;COLUNA CERVICAL (AP + LATERAL + TO + OBLIQUAS);80089844149;ANA PAULA DOS SANTOS PEREIRA SILVANY;20.05.2026;07:00;0;703403152280500;AMANDA MOURA DE MELLO;04.08.2001;24;297;SANDRA APARECIDA DE MOURA BARRIOS;AVENIDA;TUIUIU;CASA 2;201;JARDIM GRAMADO;79490000;(67)99946-2263;SAO GABRIEL DO OESTE;500769;SAO GABRIEL DO OESTE;500769;2370980;UNIDADE DE SAUDE DA FAMILIA JARDIM GRAMADO I;F;19.05.2026;ELISANGELA_UNIDADEI;19.05.2026;ELISANGELA_UNIDADEI;8.33;PENDENTE;M542;01454652179;MAYARA MARIA MELKE GUIMARAES
668543284;1314007;0204010144;SEIOS DA FACE (FN + MN + LATERAL);59241284153;CLODOALDO DE AZEVEDO CARDOSO;20.05.2026;16:00;0;706903121234337;NICOLLAS ALEXANDRE GARBELINE DELGADO;11.06.2019;06;83;BEATRIZ ABNER DE SOUZA GARBELINE;RUA;GREGORIANO;CASA 16;279;PRIMO MAFFISSONI;79490000;(67)99679-0910;SAO GABRIEL DO OESTE;500769;SAO GABRIEL DO OESTE;500769;6452116;CENTRO DE ESPECIALIDADES MEDICAS;M;19.05.2026;PATRICKMASIAGA;19.05.2026;PATRICKMASIAGA;7.32;CONFIRMADO;Z00;;CLODOALDO SABINO
668582783;1314053;0204040124;PUNHO D (AP + LATERAL + OBLIQUA);80089844149;ANA PAULA DOS SANTOS PEREIRA SILVANY;21.05.2026;07:00;0;705600425992918;ANTONIO APARECIDO DA CRUZ;30.07.1964;61;741;RUTE MARTINS;FAZENDA;BEIRA SERRA;;S/N;ZONA RURAL;79490000;(67)9962-2760;SAO GABRIEL DO OESTE;500769;SAO GABRIEL DO OESTE;500769;6452116;CENTRO DE ESPECIALIDADES MEDICAS;M;20.05.2026;FERNANDACRISTINAALVES;20.05.2026;FERNANDACRISTINAALVES;6.91;CONFIRMADO;Z016;00125300006;MEDICOS SUS
668591343;1314095;0204030153;TORAX (PA + PERFIL);01320968112;MARCELO MARTINS ROCHA;21.05.2026;11:00;0;700208433179120;PEDRO EUFAZIO FERREIRA DOS SANTOS;19.01.1960;66;796;JANE TEREZINHA FERREIRA DOS SANTOS;RUA;JASMIM;CASA;103;SENHOR DIVINO;79400000;(67)99959-7338;COXIM;500330;SAO GABRIEL DO OESTE;500769;6452116;CENTRO DE ESPECIALIDADES MEDICAS;M;20.05.2026;FERNANDACRISTINAALVES;20.05.2026;FERNANDACRISTINAALVES;9.50;CONFIRMADO;Z00;70808015087;CELIO HELEGDA
668616372;1314023;0204020034;COLUNA CERVICAL (AP + LATERAL + TO + OBLIQUAS);80089844149;ANA PAULA DOS SANTOS PEREIRA SILVANY;21.05.2026;07:00;0;703403152280500;AMANDA MOURA DE MELLO;04.08.2001;24;297;SANDRA APARECIDA DE MOURA BARRIOS;AVENIDA;TUIUIU;CASA 2;201;JARDIM GRAMADO;79490000;(67)99946-2263;SAO GABRIEL DO OESTE;500769;SAO GABRIEL DO OESTE;500769;2370980;UNIDADE DE SAUDE DA FAMILIA JARDIM GRAMADO I;F;20.05.2026;ELISANGELA_UNIDADEI;20.05.2026;ELISANGELA_UNIDADEI;8.33;CONFIRMADO;M542;01454652179;MAYARA MARIA MELKE GUIMARAES
668637135;1314095;0204030153;TORAX (PA + PERFIL);59241284153;CLODOALDO DE AZEVEDO CARDOSO;28.05.2026;16:00;0;700501159259755;CLEUZA MARIA TIGRE GUTOSKI;02.10.1978;47;571;LINDA MANTUVANNI TIGRE;RUA;23 DE MAIO;;1569;FENIX;79491112;(61)3315-2425 / (67)99620-5410;SAO GABRIEL DO OESTE;500769;SAO GABRIEL DO OESTE;500769;2370999;UNIDADE DE SAUDE DA FAMILIA FENIX IV;F;20.05.2026;GUSTAVO_PIAIA;20.05.2026;GUSTAVO_PIAIA;9.50;PENDENTE;Z000;;CELIO HELEGDA
668645043;1314029;0204020069;COLUNA LOMBO-SACRA;01320968112;MARCELO MARTINS ROCHA;21.05.2026;11:00;0;700005410275300;MICHELE PALMEIRA;13.08.1974;51;621;FATIMA BOSS CANTEIRO;TRAVESSA;MANOEL PEREIRA;;08;CORONEL MANOEL MARIANO;79480000;(67)99183-7031;RIO VERDE DE MATO GROSSO;500740;SAO GABRIEL DO OESTE;500769;2370980;UNIDADE DE SAUDE DA FAMILIA JARDIM GRAMADO I;F;20.05.2026;ELISANGELA_UNIDADEI;20.05.2026;ELISANGELA_UNIDADEI;10.96;CONFIRMADO;M545;01454652179;MAYARA MARIA MELKE GUIMARAES
668662957;1314037;0204040027;ARTICULACAO ACROMIO-CLAVICULAR D;87751593172;CRISTIANE DE SOUZA PEREIRA;21.05.2026;21:00;0;706708539320417;JOELSON SOUZA LIMA;09.10.1992;33;403;SONIA BARBOSA DE SOUZA;RUA;PARA;;494;CENTRO;79490000;(67)99997-7961;SAO GABRIEL DO OESTE;500769;SAO GABRIEL DO OESTE;500769;6452116;CENTRO DE ESPECIALIDADES MEDICAS;M;20.05.2026;FERNANDACRISTINAALVES;20.05.2026;FERNANDACRISTINAALVES;7.40;CONFIRMADO;Z016;32389571808;RODOLFO PELISSARI ZAMBOLIN
668680421;1314095;0204030153;TORAX (PA + PERFIL);80089844149;ANA PAULA DOS SANTOS PEREIRA SILVANY;21.05.2026;07:00;0;706803285835520;SANTINA LOURDES GNOATTO SILVEIRA;20.12.1948;77;929;ANGELINA GNOATTO;RUA;SERGIPE;;578;CENTRO;79490000;(67)9649-1601;SAO GABRIEL DO OESTE;500769;SAO GABRIEL DO OESTE;500769;2591359;UNIDADE DE SAUDE DA FAMILIA V;F;20.05.2026;CHRISTIANEHELEN_FREITAS;20.05.2026;CHRISTIANEHELEN_FREITAS;9.50;PENDENTE;J449;04796956107;JULIANA DA ROCHA PEREIRA MENEZES
668681033;1314113;0204020093;COLUNA TORACICA (AP + LATERAL);59241284153;CLODOALDO DE AZEVEDO CARDOSO;21.05.2026;16:00;0;702305117312811;ELIZABETE HENRIQUE BRANDAO;27.11.1970;55;665;IZABEL HENRIQUE BRANDAO;RUA;ROSAS;CASA;65;COAB III;79490000;(67)99612-0192;SAO GABRIEL DO OESTE;500769;SAO GABRIEL DO OESTE;500769;6452116;CENTRO DE ESPECIALIDADES MEDICAS;F;20.05.2026;FERNANDACRISTINAALVES;20.05.2026;FERNANDACRISTINAALVES;9.16;CONFIRMADO;Z016;70808015087;CELIO HELEGDA
668681033;1314029;0204020069;COLUNA LOMBO-SACRA;59241284153;CLODOALDO DE AZEVEDO CARDOSO;21.05.2026;16:00;0;702305117312811;ELIZABETE HENRIQUE BRANDAO;27.11.1970;55;665;IZABEL HENRIQUE BRANDAO;RUA;ROSAS;CASA;65;COAB III;79490000;(67)99612-0192;SAO GABRIEL DO OESTE;500769;SAO GABRIEL DO OESTE;500769;6452116;CENTRO DE ESPECIALIDADES MEDICAS;F;20.05.2026;FERNANDACRISTINAALVES;20.05.2026;FERNANDACRISTINAALVES;10.96;CONFIRMADO;Z016;70808015087;CELIO HELEGDA
668689885;1314072;0204060133;JOELHO / ROTULA D (AP + LATERAL + AXIAL);80089844149;ANA PAULA DOS SANTOS PEREIRA SILVANY;21.05.2026;07:00;0;705104476697970;ALBEANNYS CAROLINA AMARISTA VILLASMIL;18.03.2001;25;302;ANA BENITA MANUEL AMARISTA ROCA;RUA;PAZ;;236;MILANI;79492084;(45)99954-2960;SAO GABRIEL DO OESTE;500769;SAO GABRIEL DO OESTE;500769;2370972;UNIDADE DE SAUDE DA FAMILIA MILANE II;F;20.05.2026;FLAVIA_RODRIGUES;20.05.2026;FLAVIA_RODRIGUES;7.16;PENDENTE;R300;83798633134;JOAO BAPTISTA BARBOSA SOUZA
668692212;1314044;0204040060;CLAVICULA E;59241284153;CLODOALDO DE AZEVEDO CARDOSO;21.05.2026;16:00;0;709809036182590;SUELY TERESINHA FEDRIGO MOCCELIN;20.08.1954;71;861;MARIA PANDOLFO FEDRIGO;RUA;BAHIA;;984;CENTRO;79490000;(67)3295-5142;SAO GABRIEL DO OESTE;500769;SAO GABRIEL DO OESTE;500769;3400964;UNIDADE DE SAUDE DA FAMILIA RURAL VII;F;20.05.2026;DULCINEIA_MOCCELIN;20.05.2026;DULCINEIA_MOCCELIN;7.40;CONFIRMADO;M751;;JULIANA MENEZES
668692212;1314037;0204040027;ARTICULACAO ACROMIO-CLAVICULAR D;59241284153;CLODOALDO DE AZEVEDO CARDOSO;21.05.2026;16:00;0;709809036182590;SUELY TERESINHA FEDRIGO MOCCELIN;20.08.1954;71;861;MARIA PANDOLFO FEDRIGO;RUA;BAHIA;;984;CENTRO;79490000;(67)3295-5142;SAO GABRIEL DO OESTE;500769;SAO GABRIEL DO OESTE;500769;3400964;UNIDADE DE SAUDE DA FAMILIA RURAL VII;F;20.05.2026;DULCINEIA_MOCCELIN;20.05.2026;DULCINEIA_MOCCELIN;7.40;CONFIRMADO;M751;;JULIANA MENEZES
668692212;1314066;0204060060;ARTICULACAO COXO-FEMORAL D;59241284153;CLODOALDO DE AZEVEDO CARDOSO;21.05.2026;16:00;0;709809036182590;SUELY TERESINHA FEDRIGO MOCCELIN;20.08.1954;71;861;MARIA PANDOLFO FEDRIGO;RUA;BAHIA;;984;CENTRO;79490000;(67)3295-5142;SAO GABRIEL DO OESTE;500769;SAO GABRIEL DO OESTE;500769;3400964;UNIDADE DE SAUDE DA FAMILIA RURAL VII;F;20.05.2026;DULCINEIA_MOCCELIN;20.05.2026;DULCINEIA_MOCCELIN;7.77;CONFIRMADO;M751;;JULIANA MENEZES
668692212;1314067;0204060060;ARTICULACAO COXO-FEMORAL E;59241284153;CLODOALDO DE AZEVEDO CARDOSO;21.05.2026;16:00;0;709809036182590;SUELY TERESINHA FEDRIGO MOCCELIN;20.08.1954;71;861;MARIA PANDOLFO FEDRIGO;RUA;BAHIA;;984;CENTRO;79490000;(67)3295-5142;SAO GABRIEL DO OESTE;500769;SAO GABRIEL DO OESTE;500769;3400964;UNIDADE DE SAUDE DA FAMILIA RURAL VII;F;20.05.2026;DULCINEIA_MOCCELIN;20.05.2026;DULCINEIA_MOCCELIN;7.77;CONFIRMADO;M751;;JULIANA MENEZES
668692212;1314038;0204040027;ARTICULACAO ACROMIO-CLAVICULAR E;59241284153;CLODOALDO DE AZEVEDO CARDOSO;21.05.2026;16:00;0;709809036182590;SUELY TERESINHA FEDRIGO MOCCELIN;20.08.1954;71;861;MARIA PANDOLFO FEDRIGO;RUA;BAHIA;;984;CENTRO;79490000;(67)3295-5142;SAO GABRIEL DO OESTE;500769;SAO GABRIEL DO OESTE;500769;3400964;UNIDADE DE SAUDE DA FAMILIA RURAL VII;F;20.05.2026;DULCINEIA_MOCCELIN;20.05.2026;DULCINEIA_MOCCELIN;7.40;CONFIRMADO;M751;;JULIANA MENEZES
668754114;1314083;0204060150;PE E;59241284153;CLODOALDO DE AZEVEDO CARDOSO;20.05.2026;16:00;0;704002889192560;MARIA IZILDA QUATROQUE BERNARDES;30.09.1962;63;763;ODETE BENTO GOMES QUATROQUE;FAZENDA;BAUS;;S/N;ZONA RURAL;79550000;(67)99649-5984;COSTA RICA;500325;SAO GABRIEL DO OESTE;500769;6452116;CENTRO DE ESPECIALIDADES MEDICAS;F;20.05.2026;FERNANDACRISTINAALVES;20.05.2026;FERNANDACRISTINAALVES;6.78;CONFIRMADO;Z016;00125300006;MEDICOS SUS
668756822;1314029;0204020069;COLUNA LOMBO-SACRA;59241284153;CLODOALDO DE AZEVEDO CARDOSO;22.05.2026;15:00;0;704504329021016;NERISON KENEDI BARBOSA MARTINS;10.02.1991;35;423;LUCIMAR DE SOUZA BARBOSA MARTINS;RUA;CURICACAS;;553;JARDIM GARMADO;79490000;(67)99996-0389;SAO GABRIEL DO OESTE;500769;SAO GABRIEL DO OESTE;500769;6452116;CENTRO DE ESPECIALIDADES MEDICAS;M;20.05.2026;FERNANDACRISTINAALVES;20.05.2026;FERNANDACRISTINAALVES;10.96;PENDENTE;Z016;00125300006;MEDICOS SUS
668766500;1314079;0204060087;ARTICULACAO TIBIO-TARSICA (TORNOZELO) E;59241284153;CLODOALDO DE AZEVEDO CARDOSO;20.05.2026;16:00;0;705405490483794;RAIANE IZABELE MOREIRA ALVES;19.05.2007;19;228;LEIDINALVA MOREIRA DA SILVA;RUA;TICO TICO;;102;FÊNIX;79490000;(67)99943-7784;SAO GABRIEL DO OESTE;500769;SAO GABRIEL DO OESTE;500769;6452116;CENTRO DE ESPECIALIDADES MEDICAS;F;20.05.2026;FERNANDACRISTINAALVES;20.05.2026;FERNANDACRISTINAALVES;6.50;CONFIRMADO;Z00;;MEDICO SUS
668782768;1314053;0204040124;PUNHO D (AP + LATERAL + OBLIQUA);87751593172;CRISTIANE DE SOUZA PEREIRA;25.05.2026;21:00;0;709008808217815;MIGUEL LEAO BACH;13.06.2018;07;95;ANDREIA ANA DE OLIVEIRA LEAO;RUA;DAS ANHUMAS 1/1465;CASA;731;JARDIM GRAMADO;79491016;(67)98149-8411;SAO GABRIEL DO OESTE;500769;SAO GABRIEL DO OESTE;500769;6452116;CENTRO DE ESPECIALIDADES MEDICAS;M;20.05.2026;FERNANDACRISTINAALVES;20.05.2026;FERNANDACRISTINAALVES;6.91;PENDENTE;Z016;00468987193;ARTHUR MARTINS DE ALMEIDA
668783938;1314049;0204040078;COTOVELO D;01320968112;MARCELO MARTINS ROCHA;22.05.2026;11:00;0;706401336058390;MIGUEL RODRIGUES DA FONSECA SALES;18.11.2016;09;114;JOYCE DINAILA RODRIGUES DA FONSECA;RUA;TUIUIU;;1801;FENIX;79490000;(67)99964-3857;SAO GABRIEL DO OESTE;500769;SAO GABRIEL DO OESTE;500769;6354265;CENTRAL DE REGULACAO DE SAO GABRIEL DO OESTE;M;20.05.2026;VANIA_MARIANO;20.05.2026;VANIA_MARIANO;5.90;CONFIRMADO;M25;00125300006;MEDICOS SUS
668784648;1314037;0204040027;ARTICULACAO ACROMIO-CLAVICULAR D;87751593172;CRISTIANE DE SOUZA PEREIRA;20.05.2026;21:00;0;702106768747096;ALAN JUNIOR FERREIRA DA SILVA;02.08.2014;11;141;FRANCIELI DA GAMA FERREIRA;RUA;LEOCÁDIO RAMOS NOGUEIRA;APT 08;158;CENTRO;79490027;(45)99916-6365;SAO GABRIEL DO OESTE;500769;SAO GABRIEL DO OESTE;500769;6452116;CENTRO DE ESPECIALIDADES MEDICAS;M;20.05.2026;FERNANDACRISTINAALVES;20.05.2026;FERNANDACRISTINAALVES;7.40;CONFIRMADO;Z016;06302616603;ROMULO AMARAL TAFURI
668795517;1314095;0204030153;TORAX (PA + PERFIL);59241284153;CLODOALDO DE AZEVEDO CARDOSO;21.05.2026;16:00;0;709205240608535;ROSENI DA SILVA GOMES;03.07.1962;63;766;SEBASTIANA SOARES DE OLIVEIRA;RUA;DOS PARDAIS;;1431;FENIX;79490000;(67)99634-8462;SAO GABRIEL DO OESTE;500769;SAO GABRIEL DO OESTE;500769;7002084;UNIDADE DE SAUDE DA FAMILIA IX;F;20.05.2026;AMANDALUIZA_BIAZUS;20.05.2026;AMANDALUIZA_BIAZUS;9.50;CONFIRMADO;Z000;;CELIO HELEGDA
668795627;0282063;0301010072;CONSULTA EM OTORRINOLARINGOLOGIA;78877326115;ANA PAULA CAVALIERI PONTES;21.05.2026;18:00;0;702804625738966;LEONARDI ARNOLDO MEDKE;03.01.1962;64;772;INEZ SELI MEDKE;RUA;RUI BARBOSA;;517;PRIMO MAFFISSONI;79490000;(55)3324-3393;SAO GABRIEL DO OESTE;500769;SAO GABRIEL DO OESTE;500769;7333218;UNIDADE DE SAUDE DA FAMILIA X;M;20.05.2026;RAISSASILVALIMA;20.05.2026;RAISSASILVALIMA;10.00;PENDENTE;H91;63805480172;CLEDSON PERETTI
668798664;1314062;0204060095;BACIA;80089844149;ANA PAULA DOS SANTOS PEREIRA SILVANY;27.05.2026;07:00;0;709009892822313;ADEMIR DA SILVA MARTINS;10.05.1994;32;384;APARECIDA ARRUDA DA SILVA;RUA;DAS ARARAS;;2204;FÊNIX;79490000;(67)99863-5196;SAO GABRIEL DO OESTE;500769;SAO GABRIEL DO OESTE;500769;6452116;CENTRO DE ESPECIALIDADES MEDICAS;M;20.05.2026;FERNANDACRISTINAALVES;20.05.2026;FERNANDACRISTINAALVES;7.77;PENDENTE;Z016;32389571808;RODOLFO PELISSARI ZAMBOLIN
668799625;1314095;0204030153;TORAX (PA + PERFIL);80089844149;ANA PAULA DOS SANTOS PEREIRA SILVANY;25.05.2026;07:00;0;708402261210368;CLARICE LUIZ DE OLIVEIRA FRANCO;13.07.1978;47;574;MARIA ABADIA RODRIGUES DE OLIVEIRA;RUA;QUERO-QUERO 1/99998;;342;FENIX;79491058;(67)99649-5712 / (67)99615-0361 / (67)99605-0526;SAO GABRIEL DO OESTE;500769;SAO GABRIEL DO OESTE;500769;2370999;UNIDADE DE SAUDE DA FAMILIA FENIX IV;F;20.05.2026;GUSTAVO_PIAIA;20.05.2026;GUSTAVO_PIAIA;9.50;PENDENTE;Z000;;CELIO HELEGDA
668823085;0299008;0301010072;CONSULTA EM CIRURGIA VASCULAR – GERAL;70808015087;CELIO HELEGDA;26.05.2026;17:50;0;706204051662162;CECILIA PEREIRA DA SILVA ROSA;02.05.1963;63;756;MARIA JOSEFA DA CONCEICAO;RUA;SARACURA;;553;JARDIM GRAMADO;79490000;(67)99698-9110;SAO GABRIEL DO OESTE;500769;SAO GABRIEL DO OESTE;500769;6354265;CENTRAL DE REGULACAO DE SAO GABRIEL DO OESTE;F;20.05.2026;VANIA_MARIANO;20.05.2026;VANIA_MARIANO;10.00;PENDENTE;Z00;;SMS
668830891;1314113;0204020093;COLUNA TORACICA (AP + LATERAL);87751593172;CRISTIANE DE SOUZA PEREIRA;20.05.2026;21:00;0;702300155957714;VILMA MARCON STOPASSOLI;09.06.1946;79;959;MARIA DALMOLIN MARCON;RUA;TUIUIU;;841;JARDIM GRAMADO;79490000;(67)3295-4332;SAO GABRIEL DO OESTE;500769;SAO GABRIEL DO OESTE;500769;2370980;UNIDADE DE SAUDE DA FAMILIA JARDIM GRAMADO I;F;20.05.2026;ELISANGELA_UNIDADEI;20.05.2026;ELISANGELA_UNIDADEI;9.16;CONFIRMADO;M54;01454652179;MAYARA MARIA MELKE GUIMARAES
668830891;1314029;0204020069;COLUNA LOMBO-SACRA;87751593172;CRISTIANE DE SOUZA PEREIRA;20.05.2026;21:00;0;702300155957714;VILMA MARCON STOPASSOLI;09.06.1946;79;959;MARIA DALMOLIN MARCON;RUA;TUIUIU;;841;JARDIM GRAMADO;79490000;(67)3295-4332;SAO GABRIEL DO OESTE;500769;SAO GABRIEL DO OESTE;500769;2370980;UNIDADE DE SAUDE DA FAMILIA JARDIM GRAMADO I;F;20.05.2026;ELISANGELA_UNIDADEI;20.05.2026;ELISANGELA_UNIDADEI;10.96;CONFIRMADO;M54;01454652179;MAYARA MARIA MELKE GUIMARAES
668830891;1314023;0204020034;COLUNA CERVICAL (AP + LATERAL + TO + OBLIQUAS);87751593172;CRISTIANE DE SOUZA PEREIRA;20.05.2026;21:00;0;702300155957714;VILMA MARCON STOPASSOLI;09.06.1946;79;959;MARIA DALMOLIN MARCON;RUA;TUIUIU;;841;JARDIM GRAMADO;79490000;(67)3295-4332;SAO GABRIEL DO OESTE;500769;SAO GABRIEL DO OESTE;500769;2370980;UNIDADE DE SAUDE DA FAMILIA JARDIM GRAMADO I;F;20.05.2026;ELISANGELA_UNIDADEI;20.05.2026;ELISANGELA_UNIDADEI;8.33;CONFIRMADO;M54;01454652179;MAYARA MARIA MELKE GUIMARAES
668830992;1314095;0204030153;TORAX (PA + PERFIL);01320968112;MARCELO MARTINS ROCHA;21.05.2026;11:00;0;708503318405375;NATANAEL OLIVEIRA FERRI;08.10.2025;00;7;VITORIA ANGELO DE OLIVEIRA;RUA;E;;367;CIDADE JARDIM;79492122;(67)99643-2075;SAO GABRIEL DO OESTE;500769;SAO GABRIEL DO OESTE;500769;7333218;UNIDADE DE SAUDE DA FAMILIA X;M;20.05.2026;RAISSASILVALIMA;20.05.2026;RAISSASILVALIMA;9.50;CONFIRMADO;Z000;;STEPHANNO CONTIS 
668834482;1314066;0204060060;ARTICULACAO COXO-FEMORAL D;80089844149;ANA PAULA DOS SANTOS PEREIRA SILVANY;22.05.2026;07:00;0;702809197115960;ROSEMEIRE AVILA DE OLIVEIRA;08.12.1971;54;653;GERCELINA AVILA MORAES DE OLIVEIRA;RUA;CAMBARA;;685;SAO CRISTOVAO;79491186;(67)99932-9141;SAO GABRIEL DO OESTE;500769;SAO GABRIEL DO OESTE;500769;7002084;UNIDADE DE SAUDE DA FAMILIA IX;F;20.05.2026;AMANDALUIZA_BIAZUS;20.05.2026;AMANDALUIZA_BIAZUS;7.77;PENDENTE;Z000;06901507925;EVELYN KASSIA TUDISCO FERNANDES
668834482;1314067;0204060060;ARTICULACAO COXO-FEMORAL E;80089844149;ANA PAULA DOS SANTOS PEREIRA SILVANY;22.05.2026;07:00;0;702809197115960;ROSEMEIRE AVILA DE OLIVEIRA;08.12.1971;54;653;GERCELINA AVILA MORAES DE OLIVEIRA;RUA;CAMBARA;;685;SAO CRISTOVAO;79491186;(67)99932-9141;SAO GABRIEL DO OESTE;500769;SAO GABRIEL DO OESTE;500769;7002084;UNIDADE DE SAUDE DA FAMILIA IX;F;20.05.2026;AMANDALUIZA_BIAZUS;20.05.2026;AMANDALUIZA_BIAZUS;7.77;PENDENTE;Z000;06901507925;EVELYN KASSIA TUDISCO FERNANDES
668874840;1314029;0204020069;COLUNA LOMBO-SACRA;01320968112;MARCELO MARTINS ROCHA;21.05.2026;11:00;0;705008291113454;ENEO SOARES FAGUNDES;02.06.1967;58;707;ZENAIDE SOARES DE PAULA;RUA;CANARIOS;;995;JARDIM GRAMADO;79490000;(67)99942-3508;SAO GABRIEL DO OESTE;500769;SAO GABRIEL DO OESTE;500769;2370980;UNIDADE DE SAUDE DA FAMILIA JARDIM GRAMADO I;M;21.05.2026;ELISANGELA_UNIDADEI;21.05.2026;ELISANGELA_UNIDADEI;10.96;CONFIRMADO;M54;01454652179;MAYARA MARIA MELKE GUIMARAES
668881084;1314113;0204020093;COLUNA TORACICA (AP + LATERAL);01320968112;MARCELO MARTINS ROCHA;21.05.2026;11:00;0;702001873905387;JAINE DA SILVA;18.12.1993;32;389;ADRIANA FRANCISCA DA SILVA;RUA;A;;1114;CIDADE JARDIM;79492110;(67)99951-8573;SAO GABRIEL DO OESTE;500769;SAO GABRIEL DO OESTE;500769;2370972;UNIDADE DE SAUDE DA FAMILIA MILANE II;F;21.05.2026;FLAVIA_RODRIGUES;21.05.2026;FLAVIA_RODRIGUES;9.16;CONFIRMADO;M546;02453491113;MILENA GUEDIN VARGAS
668886829;1314095;0204030153;TORAX (PA + PERFIL);87751593172;CRISTIANE DE SOUZA PEREIRA;21.05.2026;21:00;0;708003893868224;MARCELA CRISTINA DOS SANTOS;21.03.2007;19;230;CLAUDINEIA ROSA DOS SANTOS;RUA;AZULAO 1073/99998;;1392;FENIX;79491104;(67)99837-1445 / (67)99989-7092 / (67)99824-2890;SAO GABRIEL DO OESTE;500769;SAO GABRIEL DO OESTE;500769;2370999;UNIDADE DE SAUDE DA FAMILIA FENIX IV;F;21.05.2026;GUSTAVO_PIAIA;21.05.2026;GUSTAVO_PIAIA;9.50;CONFIRMADO;J069;;NATALIA NUBIA CORREIA DE LIMA
668897914;1314095;0204030153;TORAX (PA + PERFIL);87751593172;CRISTIANE DE SOUZA PEREIRA;21.05.2026;21:00;0;709203226793639;SUZIANE CRISTINA JOHANN DE OLIVEIRA;26.10.1983;42;510;ANELI MARIA JOHANN DE OLIVEIRA;RUA;ALAGOAS;CASA;1709;CENTRO;79490000;(67)99821-9565;SAO GABRIEL DO OESTE;500769;SAO GABRIEL DO OESTE;500769;7333218;UNIDADE DE SAUDE DA FAMILIA X;F;21.05.2026;RAISSASILVALIMA;21.05.2026;RAISSASILVALIMA;9.50;CONFIRMADO;Z000;63805480172;CLEDSON PERETTI
668900061;0282063;0301010072;CONSULTA EM OTORRINOLARINGOLOGIA;78877326115;ANA PAULA CAVALIERI PONTES;21.05.2026;18:00;0;703606095815332;LOURDES TREVISAN MARCHI;23.08.1953;72;873;MARIA PIVA TREVISAN;RUA;JOAO EVANGELISTA ROSA;;941;CENTRO;79490000;(67)99815-9465;SAO GABRIEL DO OESTE;500769;SAO GABRIEL DO OESTE;500769;6452116;CENTRO DE ESPECIALIDADES MEDICAS;F;21.05.2026;PATRICKMASIAGA;21.05.2026;PATRICKMASIAGA;10.00;PENDENTE;Z00;78877326115;ANA PAULA CAVALIERI PONTES
668910728;1314118;0204020069;COLUNA LOMBAR (AP + PERFIL);87751593172;CRISTIANE DE SOUZA PEREIRA;21.05.2026;21:00;0;705200485045072;MARCIO GIOVANE GOMES BARBOSA;14.10.1978;47;571;JANIRA GOMES BARBOSA;RUA;BICUDOS;;329;JARDIM GRAMADO;79490000;(67)3295-3717;SAO GABRIEL DO OESTE;500769;SAO GABRIEL DO OESTE;500769;2370980;UNIDADE DE SAUDE DA FAMILIA JARDIM GRAMADO I;M;21.05.2026;ELISANGELA_UNIDADEI;21.05.2026;ELISANGELA_UNIDADEI;10.96;CONFIRMADO;M545;01454652179;MAYARA MARIA MELKE GUIMARAES
668918716;0282063;0301010072;CONSULTA EM OTORRINOLARINGOLOGIA;78877326115;ANA PAULA CAVALIERI PONTES;28.05.2026;18:00;0;708405781272468;MARIA DE FATIMA PEREIRA DA VITORIA;07.04.1995;31;373;ANTONIA MORAES DA ROCHA PEREIRA;RUA;T;;472;CIDADE JARDIM;79492154;(67)98137-6795;SAO GABRIEL DO OESTE;500769;SAO GABRIEL DO OESTE;500769;2370972;UNIDADE DE SAUDE DA FAMILIA MILANE II;F;21.05.2026;FLAVIA_RODRIGUES;21.05.2026;FLAVIA_RODRIGUES;10.00;PENDENTE;J350;02453491113;MILENA GUEDIN VARGAS
668954870;0282063;0301010072;CONSULTA EM OTORRINOLARINGOLOGIA;78877326115;ANA PAULA CAVALIERI PONTES;28.05.2026;18:00;0;700608911372861;ELIZANGELA PORTILHO PEREIRA;11.06.1983;42;515;IDE PORTILHO PEREIRA;RUA;GAIVOTAS;;934;JARDIM GRAMDO;79490000;(67)9647-1611;SAO GABRIEL DO OESTE;500769;SAO GABRIEL DO OESTE;500769;6452116;CENTRO DE ESPECIALIDADES MEDICAS;F;21.05.2026;PATRICKMASIAGA;21.05.2026;PATRICKMASIAGA;10.00;PENDENTE;Z000;;RENNAN ORTIZ
668959700;1314025;0204020093;COLUNA DORSAL (AP + LATERAL);87751593172;CRISTIANE DE SOUZA PEREIRA;21.05.2026;21:00;0;704300576447697;FELIPE FERREIRA THONIASO;18.04.2008;18;217;ALICE DE LIMA FERREIRA THONIASO;RUA;ALAGOAS;;2625;JARDIM PRIMAVERA;79490000;(67)99955-5345;SAO GABRIEL DO OESTE;500769;SAO GABRIEL DO OESTE;500769;6452116;CENTRO DE ESPECIALIDADES MEDICAS;M;21.05.2026;PATRICKMASIAGA;21.05.2026;PATRICKMASIAGA;9.16;CONFIRMADO;Z00;32389571808;RODOLFO PELISSARI ZAMBOLIN
668961237;1314082;0204060150;PE D;59241284153;CLODOALDO DE AZEVEDO CARDOSO;27.05.2026;16:00;0;700603429667266;LIVIA LACERDA FERREIRA;07.03.2014;12;146;ALINI ROBERTO LACERDA;RUA;SAO PAULO;CASA 01;1594;CAPAO REDONDO;79490000;(67)99984-1470;SAO GABRIEL DO OESTE;500769;SAO GABRIEL DO OESTE;500769;6452116;CENTRO DE ESPECIALIDADES MEDICAS;F;21.05.2026;FERNANDACRISTINAALVES;21.05.2026;FERNANDACRISTINAALVES;6.78;PENDENTE;Z016;93393539191;RODOLFO FABIANO NIZ BAREIRO
668961237;1314062;0204060095;BACIA;59241284153;CLODOALDO DE AZEVEDO CARDOSO;27.05.2026;16:00;0;700603429667266;LIVIA LACERDA FERREIRA;07.03.2014;12;146;ALINI ROBERTO LACERDA;RUA;SAO PAULO;CASA 01;1594;CAPAO REDONDO;79490000;(67)99984-1470;SAO GABRIEL DO OESTE;500769;SAO GABRIEL DO OESTE;500769;6452116;CENTRO DE ESPECIALIDADES MEDICAS;F;21.05.2026;FERNANDACRISTINAALVES;21.05.2026;FERNANDACRISTINAALVES;7.77;PENDENTE;Z016;93393539191;RODOLFO FABIANO NIZ BAREIRO
668961237;1314069;0204060117;COXA E;59241284153;CLODOALDO DE AZEVEDO CARDOSO;27.05.2026;16:00;0;700603429667266;LIVIA LACERDA FERREIRA;07.03.2014;12;146;ALINI ROBERTO LACERDA;RUA;SAO PAULO;CASA 01;1594;CAPAO REDONDO;79490000;(67)99984-1470;SAO GABRIEL DO OESTE;500769;SAO GABRIEL DO OESTE;500769;6452116;CENTRO DE ESPECIALIDADES MEDICAS;F;21.05.2026;FERNANDACRISTINAALVES;21.05.2026;FERNANDACRISTINAALVES;8.94;PENDENTE;Z016;93393539191;RODOLFO FABIANO NIZ BAREIRO
669033975;1314124;0204040094;RADIOGRAFIA PANORAMICA DE MAO D;01320968112;MARCELO MARTINS ROCHA;28.05.2026;11:00;0;700106937373612;PAULA DE MENDONCA MARTINS DE OLIVEIRA;28.07.1996;29;357;LIDUINA DE MENDONCA MARTINS;FAZENDA;SANTO ANTONIO (FURNAS);;S/N;RURAL;79490000;(67)99928-6109 / (67)99651-0051;SAO GABRIEL DO OESTE;500769;SAO GABRIEL DO OESTE;500769;6452116;CENTRO DE ESPECIALIDADES MEDICAS;F;21.05.2026;PATRICKMASIAGA;21.05.2026;PATRICKMASIAGA;6.30;PENDENTE;Z00;00468987193;ARTHUR MARTINS DE ALMEIDA
669055946;0282063;0301010072;CONSULTA EM OTORRINOLARINGOLOGIA;78877326115;ANA PAULA CAVALIERI PONTES;28.05.2026;18:00;0;701201024647715;RODRIGO DA SILVA;13.07.1979;46;562;HELENA REMES DA SILVA;AVENIDA;SAO FRANCISCO;;1274;CENTRO;79490000;(41)99534-5384;SAO GABRIEL DO OESTE;500769;SAO GABRIEL DO OESTE;500769;6452116;CENTRO DE ESPECIALIDADES MEDICAS;M;21.05.2026;PATRICKMASIAGA;21.05.2026;PATRICKMASIAGA;10.00;PENDENTE;K115;;NEWTON SIGNORINI CASTILHO
669073891;1314095;0204030153;TORAX (PA + PERFIL);80089844149;ANA PAULA DOS SANTOS PEREIRA SILVANY;22.05.2026;07:00;0;704502305178819;AQUILINO MALACARNE;05.10.1941;84;1015;MARIA FASOLIN MALACARNE;RUA;JUSCELINO KUBITSCHEK;;409;CENTRO;79490000;(67)3295-2809;SAO GABRIEL DO OESTE;500769;SAO GABRIEL DO OESTE;500769;2599376;UNIDADE DE SAUDE DA FAMILIA VI;M;21.05.2026;MARIANA_MARTINS;21.05.2026;MARIANA_MARTINS;9.50;PENDENTE;L89;;CELIO HELEGDA
669084324;1314011;0204010080;CRANIO (PA + LATERAL);87751593172;CRISTIANE DE SOUZA PEREIRA;21.05.2026;21:00;0;706905128093838;ODAIR JOSE DE SOUZA;11.03.1966;60;722;ANEZIA PEREIRA DE SOUZA;RUA;JOÃO RIBEIRO GUIMARÃES;;155;AMABILE MAFISSONI;79490000;(67)99609-5330;SAO GABRIEL DO OESTE;500769;SAO GABRIEL DO OESTE;500769;2370964;UNIDADE DE SAUDE DA FAMILIA III;M;21.05.2026;ANACLAUDIA_NOGUEIRA;21.05.2026;ANACLAUDIA_NOGUEIRA;7.52;CONFIRMADO;G442;02611833974;HUDSON PERES DORIGAO BELISARIO DE SOUZA
669097204;1314067;0204060060;ARTICULACAO COXO-FEMORAL E;59241284153;CLODOALDO DE AZEVEDO CARDOSO;22.05.2026;15:00;0;707608225410897;MIGUEL ADALBERTO DE OLIVEIRA BONILLA;03.05.1955;71;852;NILSA DE OLIVEIRA BONILLA;RUA;CEARA;;845;CENTRO;79490000;(67)99927-4730;SAO GABRIEL DO OESTE;500769;SAO GABRIEL DO OESTE;500769;6452116;CENTRO DE ESPECIALIDADES MEDICAS;M;21.05.2026;PATRICKMASIAGA;21.05.2026;PATRICKMASIAGA;7.77;CONFIRMADO;Z00;;JOSE EDACYR 
669097204;1314066;0204060060;ARTICULACAO COXO-FEMORAL D;59241284153;CLODOALDO DE AZEVEDO CARDOSO;22.05.2026;15:00;0;707608225410897;MIGUEL ADALBERTO DE OLIVEIRA BONILLA;03.05.1955;71;852;NILSA DE OLIVEIRA BONILLA;RUA;CEARA;;845;CENTRO;79490000;(67)99927-4730;SAO GABRIEL DO OESTE;500769;SAO GABRIEL DO OESTE;500769;6452116;CENTRO DE ESPECIALIDADES MEDICAS;M;21.05.2026;PATRICKMASIAGA;21.05.2026;PATRICKMASIAGA;7.77;CONFIRMADO;Z00;;JOSE EDACYR 
669107113;1314058;0204040086;01 (UM) QUIRODACTILO (POLEGAR) D;01320968112;MARCELO MARTINS ROCHA;22.05.2026;11:00;0;706504360158091;HERIKA DA SILVA SANTOS;18.09.2005;20;248;VIVIANE CRISTINA MOURA DA SILVA;RUA;PERNAMBUCO;CASA 2;2805;PRIMO MAFFISSONI;79490000;(67)99696-3988;SAO GABRIEL DO OESTE;500769;SAO GABRIEL DO OESTE;500769;2370964;UNIDADE DE SAUDE DA FAMILIA III;F;21.05.2026;ANACLAUDIA_NOGUEIRA;21.05.2026;ANACLAUDIA_NOGUEIRA;5.62;CONFIRMADO;Z000;02611833974;HUDSON PERES DORIGAO BELISARIO DE SOUZA
669107113;1314060;0204040086;QUIRODACTILO (SEGUNDO AO QUINTO) D;01320968112;MARCELO MARTINS ROCHA;22.05.2026;11:00;0;706504360158091;HERIKA DA SILVA SANTOS;18.09.2005;20;248;VIVIANE CRISTINA MOURA DA SILVA;RUA;PERNAMBUCO;CASA 2;2805;PRIMO MAFFISSONI;79490000;(67)99696-3988;SAO GABRIEL DO OESTE;500769;SAO GABRIEL DO OESTE;500769;2370964;UNIDADE DE SAUDE DA FAMILIA III;F;21.05.2026;ANACLAUDIA_NOGUEIRA;21.05.2026;ANACLAUDIA_NOGUEIRA;5.62;CONFIRMADO;Z000;02611833974;HUDSON PERES DORIGAO BELISARIO DE SOUZA
669129422;1314110;0204030153;TORAX (PA + PERFIL) PRE-OPERATORIO;01320968112;MARCELO MARTINS ROCHA;22.05.2026;11:00;0;700509791538557;ALEXANDRE SILVERIO;05.12.1982;43;521;MARIA DE LOURDES DA SILVA SILVERIO;RUA;CURIO;CASA 4;1229;JARDIM GRAMADO;79491012;(67)99888-6185 / (67)99954-9769;SAO GABRIEL DO OESTE;500769;SAO GABRIEL DO OESTE;500769;6452116;CENTRO DE ESPECIALIDADES MEDICAS;M;22.05.2026;PATRICKMASIAGA;22.05.2026;PATRICKMASIAGA;9.50;CONFIRMADO;K801;48047740172;EVA WILMA ABDO DOS SANTOS GUIMARAES
669134617;1314110;0204030153;TORAX (PA + PERFIL) PRE-OPERATORIO;01320968112;MARCELO MARTINS ROCHA;22.05.2026;11:00;0;706007893130249;ISAIAS IVAN DA SILVA SANTOS;21.11.1990;35;426;IVANETE VICENTE DA SILVA SANTOS;RUA;PARATUDO;P 3798453;511;LOTEAMENTO RANCHO ALEGRE II;79096142;(67)99617-2114;CAMPO GRANDE;500270;SAO GABRIEL DO OESTE;500769;6452116;CENTRO DE ESPECIALIDADES MEDICAS;M;22.05.2026;PATRICKMASIAGA;22.05.2026;PATRICKMASIAGA;9.50;CONFIRMADO;K801;48047740172;EVA WILMA ABDO DOS SANTOS GUIMARAES
669135457;1314095;0204030153;TORAX (PA + PERFIL);80089844149;ANA PAULA DOS SANTOS PEREIRA SILVANY;22.05.2026;07:00;0;704603674052921;GEOVANA RIBEIRO DA SILVA;01.09.1968;57;692;ILDA FERREIRA RIBEIRO;GRANJA;SÃO ROQUE;;S/N;ZONA RURAL;79490000;(67)99913-8705;SAO GABRIEL DO OESTE;500769;SAO GABRIEL DO OESTE;500769;6452116;CENTRO DE ESPECIALIDADES MEDICAS;F;22.05.2026;PATRICKMASIAGA;22.05.2026;PATRICKMASIAGA;9.50;PENDENTE;Z00;70808015087;CELIO HELEGDA
669157936;1314045;0204040116;OMOPLATA / OMBRO D (TRES POSICOES);01320968112;MARCELO MARTINS ROCHA;25.05.2026;11:00;0;701106371993080;SIDILEI CORREA DOS ANJOS;11.11.1977;48;582;ZELI CORREA NETO;RUA;DOS CANARIOS 1/1465;;318;JARDIM GRAMADO;79491008;(67)99625-5354;SAO GABRIEL DO OESTE;500769;SAO GABRIEL DO OESTE;500769;2370980;UNIDADE DE SAUDE DA FAMILIA JARDIM GRAMADO I;M;22.05.2026;ELISANGELA_UNIDADEI;22.05.2026;ELISANGELA_UNIDADEI;7.98;PENDENTE;M75;01454652179;MAYARA MARIA MELKE GUIMARAES
669157936;1314029;0204020069;COLUNA LOMBO-SACRA;01320968112;MARCELO MARTINS ROCHA;25.05.2026;11:00;0;701106371993080;SIDILEI CORREA DOS ANJOS;11.11.1977;48;582;ZELI CORREA NETO;RUA;DOS CANARIOS 1/1465;;318;JARDIM GRAMADO;79491008;(67)99625-5354;SAO GABRIEL DO OESTE;500769;SAO GABRIEL DO OESTE;500769;2370980;UNIDADE DE SAUDE DA FAMILIA JARDIM GRAMADO I;M;22.05.2026;ELISANGELA_UNIDADEI;22.05.2026;ELISANGELA_UNIDADEI;10.96;PENDENTE;M75;01454652179;MAYARA MARIA MELKE GUIMARAES
669179057;1314128;0204030153;RADIOGRAFIA PANORAMICA DE TORAX (PA E PERFIL);80089844149;ANA PAULA DOS SANTOS PEREIRA SILVANY;25.05.2026;07:00;0;706901115310130;SALVADORA ARGUELHO FERRO;22.03.1958;68;818;SARTONINA GONCALVES;RUA;JOSE ANTONIO;CASA;239;PIRACEMA;79400000;(67)99892-6070;COXIM;500330;SAO GABRIEL DO OESTE;500769;5971055;UNIDADE DE SAUDE DA FAMILIA VIII;F;22.05.2026;JESSICAPADILHA;22.05.2026;JESSICAPADILHA;9.50;PENDENTE;Z000;04805244160;RENNAN ORTIZ BUENO
669189526;1314095;0204030153;TORAX (PA + PERFIL);59241284153;CLODOALDO DE AZEVEDO CARDOSO;25.05.2026;16:00;0;704205268154384;ANDERSON APARECIDO DOS SANTOS;06.10.1983;42;511;ANTONIA MARIA DOS ANJOS SANTOS;RUA;JORGE AMADO;CASA;1716;PRIMO MAFFISSONI;79490000;(67)99682-8748;SAO GABRIEL DO OESTE;500769;SAO GABRIEL DO OESTE;500769;7333218;UNIDADE DE SAUDE DA FAMILIA X;M;22.05.2026;SAMILLESTRELOW;22.05.2026;SAMILLESTRELOW;9.50;PENDENTE;J00;63805480172;CLEDSON PERETTI
669215579;1314110;0204030153;TORAX (PA + PERFIL) PRE-OPERATORIO;59241284153;CLODOALDO DE AZEVEDO CARDOSO;22.05.2026;15:00;0;704803079433246;EDER APARECIDO LUIS DA SILVA;25.11.1986;39;474;TELMA LUIS VANDES DA SILVA;RUA;BAHIA;CASA 01;2435;CENTRO;79490000;(67)99906-5775;SAO GABRIEL DO OESTE;500769;SAO GABRIEL DO OESTE;500769;6452116;CENTRO DE ESPECIALIDADES MEDICAS;M;22.05.2026;FERNANDACRISTINAALVES;22.05.2026;FERNANDACRISTINAALVES;9.50;CONFIRMADO;Z016;04349392181;ANTONIO AUGUSTO PALOMBO MENDES
669225940;1314113;0204020093;COLUNA TORACICA (AP + LATERAL);80089844149;ANA PAULA DOS SANTOS PEREIRA SILVANY;25.05.2026;07:00;0;709602614110372;JURANDI VIEIRA;06.01.1973;53;640;MARIA TIODOCIO VIEIRA;FAZENDA;PRODUSOJA 3;;S/N;RURAL;79490000;(67)99282-7164;SAO GABRIEL DO OESTE;500769;SAO GABRIEL DO OESTE;500769;2370964;UNIDADE DE SAUDE DA FAMILIA III;M;22.05.2026;ANACLAUDIA_NOGUEIRA;22.05.2026;ANACLAUDIA_NOGUEIRA;9.16;PENDENTE;M45;02611833974;HUDSON PERES DORIGAO BELISARIO DE SOUZA
669225940;1314029;0204020069;COLUNA LOMBO-SACRA;80089844149;ANA PAULA DOS SANTOS PEREIRA SILVANY;25.05.2026;07:00;0;709602614110372;JURANDI VIEIRA;06.01.1973;53;640;MARIA TIODOCIO VIEIRA;FAZENDA;PRODUSOJA 3;;S/N;RURAL;79490000;(67)99282-7164;SAO GABRIEL DO OESTE;500769;SAO GABRIEL DO OESTE;500769;2370964;UNIDADE DE SAUDE DA FAMILIA III;M;22.05.2026;ANACLAUDIA_NOGUEIRA;22.05.2026;ANACLAUDIA_NOGUEIRA;10.96;PENDENTE;M45;02611833974;HUDSON PERES DORIGAO BELISARIO DE SOUZA
669225940;1314062;0204060095;BACIA;80089844149;ANA PAULA DOS SANTOS PEREIRA SILVANY;25.05.2026;07:00;0;709602614110372;JURANDI VIEIRA;06.01.1973;53;640;MARIA TIODOCIO VIEIRA;FAZENDA;PRODUSOJA 3;;S/N;RURAL;79490000;(67)99282-7164;SAO GABRIEL DO OESTE;500769;SAO GABRIEL DO OESTE;500769;2370964;UNIDADE DE SAUDE DA FAMILIA III;M;22.05.2026;ANACLAUDIA_NOGUEIRA;22.05.2026;ANACLAUDIA_NOGUEIRA;7.77;PENDENTE;M45;02611833974;HUDSON PERES DORIGAO BELISARIO DE SOUZA
669225940;1314065;0204060079;ARTICULACAO SACRO-ILIACA E;80089844149;ANA PAULA DOS SANTOS PEREIRA SILVANY;25.05.2026;07:00;0;709602614110372;JURANDI VIEIRA;06.01.1973;53;640;MARIA TIODOCIO VIEIRA;FAZENDA;PRODUSOJA 3;;S/N;RURAL;79490000;(67)99282-7164;SAO GABRIEL DO OESTE;500769;SAO GABRIEL DO OESTE;500769;2370964;UNIDADE DE SAUDE DA FAMILIA III;M;22.05.2026;ANACLAUDIA_NOGUEIRA;22.05.2026;ANACLAUDIA_NOGUEIRA;7.77;PENDENTE;M45;02611833974;HUDSON PERES DORIGAO BELISARIO DE SOUZA
669227360;1314095;0204030153;TORAX (PA + PERFIL);87751593172;CRISTIANE DE SOUZA PEREIRA;25.05.2026;21:00;0;704102791438080;KAIQUE ANDRADE OLIVEIRA EUGENIO DOS REIS;03.05.2017;09;108;JULIANA EUGENIO DOS REIS;RUA;SAO JORGE;CASA 26;215;PRIMO MAFFISSONI;79490000;(67)99926-5871;SAO GABRIEL DO OESTE;500769;SAO GABRIEL DO OESTE;500769;6452116;CENTRO DE ESPECIALIDADES MEDICAS;M;22.05.2026;CLEIDIANE_CEM;22.05.2026;CLEIDIANE_CEM;9.50;PENDENTE;Z00;;VANIA GOMES MARIANO
669297499;1314095;0204030153;TORAX (PA + PERFIL);01320968112;MARCELO MARTINS ROCHA;25.05.2026;11:00;0;700509572002457;CHARLES VINICIUS DEVISE;13.07.2005;20;250;LEILA BARROS DO NASCIMENTO DEVISE;RUA;GOIÁS;;2411;AMABILE MAFFISSONI;79490098;(67)99835-9171;SAO GABRIEL DO OESTE;500769;SAO GABRIEL DO OESTE;500769;2599376;UNIDADE DE SAUDE DA FAMILIA VI;M;22.05.2026;MARIANA_MARTINS;22.05.2026;MARIANA_MARTINS;9.50;PENDENTE;Z720;;PAULO FENELON
669316097;1314045;0204040116;OMOPLATA / OMBRO D (TRES POSICOES);01320968112;MARCELO MARTINS ROCHA;29.05.2026;11:00;0;708604555725586;ERMELINDO MARQUES DA SILVA;03.09.1961;64;776;NEIDE MARIA RAMOS MARQUES;RUA;RIO GRANDE DO SUL;CASA 01;2145;CENTRO;79490000;(67)99968-7759;SAO GABRIEL DO OESTE;500769;SAO GABRIEL DO OESTE;500769;6452116;CENTRO DE ESPECIALIDADES MEDICAS;M;22.05.2026;FERNANDACRISTINAALVES;22.05.2026;FERNANDACRISTINAALVES;7.98;PENDENTE;Z016;70602778115;RAFAELA MORAES SIUFI SILVA
669322180;1314062;0204060095;BACIA;01320968112;MARCELO MARTINS ROCHA;22.05.2026;11:00;0;703403152280500;AMANDA MOURA DE MELLO;04.08.2001;24;297;SANDRA APARECIDA DE MOURA BARRIOS;AVENIDA;TUIUIU;CASA 2;201;JARDIM GRAMADO;79490000;(67)99946-2263;SAO GABRIEL DO OESTE;500769;SAO GABRIEL DO OESTE;500769;2370980;UNIDADE DE SAUDE DA FAMILIA JARDIM GRAMADO I;F;22.05.2026;ELISANGELA_UNIDADEI;22.05.2026;ELISANGELA_UNIDADEI;7.77;PENDENTE;M542;01454652179;MAYARA MARIA MELKE GUIMARAES
669322180;1314023;0204020034;COLUNA CERVICAL (AP + LATERAL + TO + OBLIQUAS);01320968112;MARCELO MARTINS ROCHA;22.05.2026;11:00;0;703403152280500;AMANDA MOURA DE MELLO;04.08.2001;24;297;SANDRA APARECIDA DE MOURA BARRIOS;AVENIDA;TUIUIU;CASA 2;201;JARDIM GRAMADO;79490000;(67)99946-2263;SAO GABRIEL DO OESTE;500769;SAO GABRIEL DO OESTE;500769;2370980;UNIDADE DE SAUDE DA FAMILIA JARDIM GRAMADO I;F;22.05.2026;ELISANGELA_UNIDADEI;22.05.2026;ELISANGELA_UNIDADEI;8.33;PENDENTE;M542;01454652179;MAYARA MARIA MELKE GUIMARAES
669322508;1314023;0204020034;COLUNA CERVICAL (AP + LATERAL + TO + OBLIQUAS);87751593172;CRISTIANE DE SOUZA PEREIRA;22.05.2026;19:00;0;703403152280500;AMANDA MOURA DE MELLO;04.08.2001;24;297;SANDRA APARECIDA DE MOURA BARRIOS;AVENIDA;TUIUIU;CASA 2;201;JARDIM GRAMADO;79490000;(67)99946-2263;SAO GABRIEL DO OESTE;500769;SAO GABRIEL DO OESTE;500769;2370980;UNIDADE DE SAUDE DA FAMILIA JARDIM GRAMADO I;F;22.05.2026;ELISANGELA_UNIDADEI;22.05.2026;ELISANGELA_UNIDADEI;8.33;CONFIRMADO;M542;01454652179;MAYARA MARIA MELKE GUIMARAES
669322508;1314062;0204060095;BACIA;87751593172;CRISTIANE DE SOUZA PEREIRA;22.05.2026;19:00;0;703403152280500;AMANDA MOURA DE MELLO;04.08.2001;24;297;SANDRA APARECIDA DE MOURA BARRIOS;AVENIDA;TUIUIU;CASA 2;201;JARDIM GRAMADO;79490000;(67)99946-2263;SAO GABRIEL DO OESTE;500769;SAO GABRIEL DO OESTE;500769;2370980;UNIDADE DE SAUDE DA FAMILIA JARDIM GRAMADO I;F;22.05.2026;ELISANGELA_UNIDADEI;22.05.2026;ELISANGELA_UNIDADEI;7.77;CONFIRMADO;M542;01454652179;MAYARA MARIA MELKE GUIMARAES
669324687;1314029;0204020069;COLUNA LOMBO-SACRA;87751593172;CRISTIANE DE SOUZA PEREIRA;22.05.2026;19:00;0;706409161989681;ANTONIA GRACIELI SIQUEIRA LYNCH;17.06.1985;40;491;MARIA LUCIMAR DE SOUZA SIQUEIRA;RUA;DAS ARARAS;;2119;FENIX;79491102;(67)99603-1184;SAO GABRIEL DO OESTE;500769;SAO GABRIEL DO OESTE;500769;2370999;UNIDADE DE SAUDE DA FAMILIA FENIX IV;F;22.05.2026;GUSTAVO_PIAIA;22.05.2026;GUSTAVO_PIAIA;10.96;PENDENTE;M545;96245646120;RAFAELLA MARIA COSTA GOIS DE FIGUEIREDO
669325462;0282063;0301010072;CONSULTA EM OTORRINOLARINGOLOGIA;78877326115;ANA PAULA CAVALIERI PONTES;28.05.2026;18:00;0;705005615786456;LILIAN PORTO SOARES DA SILVA;23.04.1970;56;673;ANALIS DOS SANTOS SOARES;RUA;CONDE DE PORTO ALEGRE;;1259;MILANI;79492072;(67)99923-3149;SAO GABRIEL DO OESTE;500769;SAO GABRIEL DO OESTE;500769;2370972;UNIDADE DE SAUDE DA FAMILIA MILANE II;F;22.05.2026;FLAVIA_RODRIGUES;22.05.2026;FLAVIA_RODRIGUES;10.00;PENDENTE;R13;02453491113;MILENA GUEDIN VARGAS
669416859;1314095;0204030153;TORAX (PA + PERFIL);01320968112;MARCELO MARTINS ROCHA;26.05.2026;11:00;0;709207278029933;ADRIANA TEREZA DA ROSA;08.08.1976;49;597;NADIR FORTES DA ROSA;RUA;K;;534;CIDADE JARDIM;79492136;(67)99693-9255;SAO GABRIEL DO OESTE;500769;SAO GABRIEL DO OESTE;500769;2370972;UNIDADE DE SAUDE DA FAMILIA MILANE II;F;25.05.2026;FLAVIA_RODRIGUES;25.05.2026;FLAVIA_RODRIGUES;9.50;PENDENTE;M75;;ROGERIO PADOVANE TOFFOLI
669433727;0282063;0301010072;CONSULTA EM OTORRINOLARINGOLOGIA;78877326115;ANA PAULA CAVALIERI PONTES;28.05.2026;18:00;0;704202782085285;VALENTINA SPIGOLON RODRIGUES;20.10.2018;07;91;ISABELLA CAROLINA SANTOS SPIGOLON;RUA;SARACURA;;497;JARDIM GRAMADO;79491002;(67)99894-6981;SAO GABRIEL DO OESTE;500769;SAO GABRIEL DO OESTE;500769;6452116;CENTRO DE ESPECIALIDADES MEDICAS;F;25.05.2026;PATRICKMASIAGA;25.05.2026;PATRICKMASIAGA;10.00;PENDENTE;Z00;78877326115;ANA PAULA CAVALIERI PONTES
669434309;1314062;0204060095;BACIA;80089844149;ANA PAULA DOS SANTOS PEREIRA SILVANY;26.05.2026;07:00;0;700408536840650;VANUSA ALVES FREITAS;02.11.1990;35;426;CLAUDINER DOS SANTOS ALVES;RUA;CANARIOS;CASA 2;1298;JARDIM GRAMADO;79490000;(61)99879-7001;SAO GABRIEL DO OESTE;500769;SAO GABRIEL DO OESTE;500769;2370980;UNIDADE DE SAUDE DA FAMILIA JARDIM GRAMADO I;F;25.05.2026;ELISANGELA_UNIDADEI;25.05.2026;ELISANGELA_UNIDADEI;7.77;PENDENTE;M796;01454652179;MAYARA MARIA MELKE GUIMARAES
669434309;1314066;0204060060;ARTICULACAO COXO-FEMORAL D;80089844149;ANA PAULA DOS SANTOS PEREIRA SILVANY;26.05.2026;07:00;0;700408536840650;VANUSA ALVES FREITAS;02.11.1990;35;426;CLAUDINER DOS SANTOS ALVES;RUA;CANARIOS;CASA 2;1298;JARDIM GRAMADO;79490000;(61)99879-7001;SAO GABRIEL DO OESTE;500769;SAO GABRIEL DO OESTE;500769;2370980;UNIDADE DE SAUDE DA FAMILIA JARDIM GRAMADO I;F;25.05.2026;ELISANGELA_UNIDADEI;25.05.2026;ELISANGELA_UNIDADEI;7.77;PENDENTE;M796;01454652179;MAYARA MARIA MELKE GUIMARAES
669434663;1314079;0204060087;ARTICULACAO TIBIO-TARSICA (TORNOZELO) E;01320968112;MARCELO MARTINS ROCHA;26.05.2026;11:00;0;706009884067744;ROSA EGILDA DA SILVA;12.06.1962;63;767;JULIA CELESTINO DA SILVA;AVENIDA;MATO GROSSO DO SUL;;1595;CENTRO;79490015;(67)99940-6715;SAO GABRIEL DO OESTE;500769;SAO GABRIEL DO OESTE;500769;6452116;CENTRO DE ESPECIALIDADES MEDICAS;F;25.05.2026;FERNANDACRISTINAALVES;25.05.2026;FERNANDACRISTINAALVES;6.50;PENDENTE;Z016;00530001101;BRUNO PETINARI UMBELINO
669434663;1314083;0204060150;PE E;01320968112;MARCELO MARTINS ROCHA;26.05.2026;11:00;0;706009884067744;ROSA EGILDA DA SILVA;12.06.1962;63;767;JULIA CELESTINO DA SILVA;AVENIDA;MATO GROSSO DO SUL;;1595;CENTRO;79490015;(67)99940-6715;SAO GABRIEL DO OESTE;500769;SAO GABRIEL DO OESTE;500769;6452116;CENTRO DE ESPECIALIDADES MEDICAS;F;25.05.2026;FERNANDACRISTINAALVES;25.05.2026;FERNANDACRISTINAALVES;6.78;PENDENTE;Z016;00530001101;BRUNO PETINARI UMBELINO
669440346;1314084;0204060150;PE D C/ CARGA;80089844149;ANA PAULA DOS SANTOS PEREIRA SILVANY;29.05.2026;07:00;0;708908755182218;ISABELLA PEREIRA GUES;17.04.2024;02;25;JOSIANE FRANCISCA PEREIRA;RUA;FENIX;CASA;1057;FENIX;79490000;(67)99639-3496;SAO GABRIEL DO OESTE;500769;SAO GABRIEL DO OESTE;500769;6452116;CENTRO DE ESPECIALIDADES MEDICAS;F;25.05.2026;FERNANDACRISTINAALVES;25.05.2026;FERNANDACRISTINAALVES;6.78;PENDENTE;Z016;04516730189;DJAIR RODRIGO ANDREOLI
669440346;1314085;0204060150;PE E C/ CARGA;80089844149;ANA PAULA DOS SANTOS PEREIRA SILVANY;29.05.2026;07:00;0;708908755182218;ISABELLA PEREIRA GUES;17.04.2024;02;25;JOSIANE FRANCISCA PEREIRA;RUA;FENIX;CASA;1057;FENIX;79490000;(67)99639-3496;SAO GABRIEL DO OESTE;500769;SAO GABRIEL DO OESTE;500769;6452116;CENTRO DE ESPECIALIDADES MEDICAS;F;25.05.2026;FERNANDACRISTINAALVES;25.05.2026;FERNANDACRISTINAALVES;6.78;PENDENTE;Z016;04516730189;DJAIR RODRIGO ANDREOLI
669449543;1314095;0204030153;TORAX (PA + PERFIL);80089844149;ANA PAULA DOS SANTOS PEREIRA SILVANY;26.05.2026;07:00;0;700007833543505;AYLA EMANUELLE ROGIANO LIMA;05.07.2018;07;94;ANA GABRIELI ROGIANO FRANCA;RUA;Q;;497;CIDADE JARDIM;79492148;(67)92001-8869;SAO GABRIEL DO OESTE;500769;SAO GABRIEL DO OESTE;500769;2370972;UNIDADE DE SAUDE DA FAMILIA MILANE II;F;25.05.2026;FLAVIA_RODRIGUES;25.05.2026;FLAVIA_RODRIGUES;9.50;PENDENTE;J180;83798633134;JOAO BAPTISTA BARBOSA SOUZA
669451523;1314056;0204040094;MAO E (DUAS INCIDENCIAS);59241284153;CLODOALDO DE AZEVEDO CARDOSO;28.05.2026;16:00;0;704804096933341;JOAO TARCISIO AZAMBUJA GNOATTO;03.04.2015;11;133;SIBELE LILI AZAMBUJA GNOATTO;RUA;GOIAS;;1274;CENTRO;79490000;(67)9955-1200;SAO GABRIEL DO OESTE;500769;SAO GABRIEL DO OESTE;500769;6452116;CENTRO DE ESPECIALIDADES MEDICAS;M;25.05.2026;FERNANDACRISTINAALVES;25.05.2026;FERNANDACRISTINAALVES;6.30;PENDENTE;Z016;89074033172;ROGERIO PADOVANI TOFFOLI
669460771;1314095;0204030153;TORAX (PA + PERFIL);01320968112;MARCELO MARTINS ROCHA;26.05.2026;11:00;0;705003655263150;KALYSON DA SILVA CENTURION;30.05.2011;14;179;MORGANA DA SILVA CENTURION;RUA;SANTO ANGELO;;272;MILANI;79492092;(67)99917-5767;SAO GABRIEL DO OESTE;500769;SAO GABRIEL DO OESTE;500769;2370972;UNIDADE DE SAUDE DA FAMILIA MILANE II;M;25.05.2026;FLAVIA_RODRIGUES;25.05.2026;FLAVIA_RODRIGUES;9.50;PENDENTE;R509;83798633134;JOAO BAPTISTA BARBOSA SOUZA
669477837;1314045;0204040116;OMOPLATA / OMBRO D (TRES POSICOES);80089844149;ANA PAULA DOS SANTOS PEREIRA SILVANY;26.05.2026;07:00;0;700001210676006;GUILHERME MARCHESINI;23.12.1966;59;713;TEREZINHA DA ROCHA MARCHESINI;RUA;JOAO EVANGELISTA ROSA;;1277;CENTRO;79490000;(67)99933-9707 / (67)99933-9797;SAO GABRIEL DO OESTE;500769;SAO GABRIEL DO OESTE;500769;7333218;UNIDADE DE SAUDE DA FAMILIA X;M;25.05.2026;RAISSASILVALIMA;25.05.2026;RAISSASILVALIMA;7.98;PENDENTE;Z000;63805480172;CLEDSON PERETTI
669485945;1314095;0204030153;TORAX (PA + PERFIL);59241284153;CLODOALDO DE AZEVEDO CARDOSO;27.05.2026;16:00;0;706805794000429;EMILIA BENTO CARDOSO;04.07.1948;77;934;ALVINA MERECIANA CARDOSO;RUA;MARIO BAICHA;;62;JARDIM PLANALTO;79480000;(67)99865-6472;RIO VERDE DE MATO GROSSO;500740;SAO GABRIEL DO OESTE;500769;6452116;CENTRO DE ESPECIALIDADES MEDICAS;F;25.05.2026;PATRICKMASIAGA;25.05.2026;PATRICKMASIAGA;9.50;PENDENTE;Z00;70808015087;CELIO HELEGDA
669488033;1314056;0204040094;MAO E (DUAS INCIDENCIAS);80089844149;ANA PAULA DOS SANTOS PEREIRA SILVANY;26.05.2026;07:00;0;700005187409500;LAERIO FERREIRA DA SILVA;22.03.1963;63;758;TEREZINHA DE JESUS SILVA;RUA;HILARIO NICARETTA;;1911;PRIMO MAFFISSONI;79490000;(67)9661-0230;SAO GABRIEL DO OESTE;500769;SAO GABRIEL DO OESTE;500769;6452116;CENTRO DE ESPECIALIDADES MEDICAS;M;25.05.2026;PATRICKMASIAGA;25.05.2026;PATRICKMASIAGA;6.30;PENDENTE;Z00;93393539191;RODOLFO FABIANO NIZ BAREIRO
669488033;1314055;0204040094;MAO D (DUAS INCIDENCIAS);80089844149;ANA PAULA DOS SANTOS PEREIRA SILVANY;26.05.2026;07:00;0;700005187409500;LAERIO FERREIRA DA SILVA;22.03.1963;63;758;TEREZINHA DE JESUS SILVA;RUA;HILARIO NICARETTA;;1911;PRIMO MAFFISSONI;79490000;(67)9661-0230;SAO GABRIEL DO OESTE;500769;SAO GABRIEL DO OESTE;500769;6452116;CENTRO DE ESPECIALIDADES MEDICAS;M;25.05.2026;PATRICKMASIAGA;25.05.2026;PATRICKMASIAGA;6.30;PENDENTE;Z00;93393539191;RODOLFO FABIANO NIZ BAREIRO
669497878;0282063;0301010072;CONSULTA EM OTORRINOLARINGOLOGIA;78877326115;ANA PAULA CAVALIERI PONTES;28.05.2026;18:00;0;703402227670717;SUSANA ARALDI;18.07.1988;37;454;MARIA IARA ARALDI;RUA;SAO JORGE;CASA 16;289;CENTRO;79490000;(67)98159-5252;SAO GABRIEL DO OESTE;500769;SAO GABRIEL DO OESTE;500769;2370964;UNIDADE DE SAUDE DA FAMILIA III;F;25.05.2026;ANACLAUDIA_NOGUEIRA;25.05.2026;ANACLAUDIA_NOGUEIRA;10.00;PENDENTE;R070;02611833974;HUDSON PERES DORIGAO BELISARIO DE SOUZA
669502750;0282063;0301010072;CONSULTA EM OTORRINOLARINGOLOGIA;78877326115;ANA PAULA CAVALIERI PONTES;28.05.2026;18:00;0;702802184900366;TANIA MARIA DALPASQUALE ZIMERMANN;04.12.1955;70;845;MARIA IVONE FORTES DALPASQUALE;RUA;CEARA;;834;CENTRO;79490000;(67)3295-1841;SAO GABRIEL DO OESTE;500769;SAO GABRIEL DO OESTE;500769;6452116;CENTRO DE ESPECIALIDADES MEDICAS;F;25.05.2026;FERNANDACRISTINAALVES;25.05.2026;VANIA_MARIANO;10.00;PENDENTE;Z016;78877326115;ANA PAULA CAVALIERI PONTES
669579665;1314110;0204030153;TORAX (PA + PERFIL) PRE-OPERATORIO;01320968112;MARCELO MARTINS ROCHA;29.05.2026;11:00;0;706302742488376;MALVINA DOLORES DE JESUS;29.10.1966;59;714;ROSA MARIA DE JESUS;RUA;23 DE MAIO;CASA;1388;CONJUNTO FENIX;79490000;(67)99965-6483;SAO GABRIEL DO OESTE;500769;SAO GABRIEL DO OESTE;500769;6452116;CENTRO DE ESPECIALIDADES MEDICAS;F;25.05.2026;FERNANDACRISTINAALVES;25.05.2026;FERNANDACRISTINAALVES;9.50;PENDENTE;Z00;;RAFAELLA MARIA DA COSTA 
669592715;1314128;0204030153;RADIOGRAFIA PANORAMICA DE TORAX (PA E PERFIL);80089844149;ANA PAULA DOS SANTOS PEREIRA SILVANY;26.05.2026;07:00;0;708201639411346;JESIEL SECUNDO DE MELO;11.10.1950;75;907;FRANCISCA BAIAO DE MELO;RUA;GAIVOTAS;;1414;JARDIM GRAMADO;79490000;(67)9958-1302;SAO GABRIEL DO OESTE;500769;SAO GABRIEL DO OESTE;500769;5971055;UNIDADE DE SAUDE DA FAMILIA VIII;M;25.05.2026;JESSICAPADILHA;25.05.2026;JESSICAPADILHA;9.50;PENDENTE;Z000;04805244160;RENNAN ORTIZ BUENO
669605634;1314128;0204030153;RADIOGRAFIA PANORAMICA DE TORAX (PA E PERFIL);80089844149;ANA PAULA DOS SANTOS PEREIRA SILVANY;27.05.2026;07:00;0;702600289075845;MAIRI TEREZINHA LISOT MARTINI;07.05.1954;72;864;ILMA ZOLETT;RUA;ANHUMAS;;510;JARDIM GRAMADO;79490000;(67)98479-7393;SAO GABRIEL DO OESTE;500769;SAO GABRIEL DO OESTE;500769;5971055;UNIDADE DE SAUDE DA FAMILIA VIII;F;25.05.2026;JESSICAPADILHA;25.05.2026;JESSICAPADILHA;9.50;PENDENTE;Z000;04805244160;RENNAN ORTIZ BUENO
669619632;1314110;0204030153;TORAX (PA + PERFIL) PRE-OPERATORIO;87751593172;CRISTIANE DE SOUZA PEREIRA;26.05.2026;21:00;0;704606656745220;ANDRESSA CABRAL;09.05.1996;30;360;IVANIR DE ALMEIDA CABRAL;RUA;DAS ARARAS;;2149;FENIX;79491102;(67)99942-5451;SAO GABRIEL DO OESTE;500769;SAO GABRIEL DO OESTE;500769;2370999;UNIDADE DE SAUDE DA FAMILIA FENIX IV;F;25.05.2026;GUSTAVO_PIAIA;25.05.2026;GUSTAVO_PIAIA;9.50;PENDENTE;K801;;EVA WILMA ABDO DOS SANTOS GUIMARAES
669628946;1314110;0204030153;TORAX (PA + PERFIL) PRE-OPERATORIO;87751593172;CRISTIANE DE SOUZA PEREIRA;26.05.2026;21:00;0;706308728404476;ESTEFANIE ROZARIO DE OLIVEIRA;06.11.1998;27;330;ANA MARIA DO ROZARIO;RUA;CURIO;CASA;1437;JARDIM GRAMADO;79490000;(67)99638-8329;SAO GABRIEL DO OESTE;500769;SAO GABRIEL DO OESTE;500769;6452116;CENTRO DE ESPECIALIDADES MEDICAS;F;25.05.2026;PATRICKMASIAGA;25.05.2026;PATRICKMASIAGA;9.50;PENDENTE;Z00;48047740172;EVA WILMA ABDO DOS SANTOS GUIMARAES
669629662;0282063;0301010072;CONSULTA EM OTORRINOLARINGOLOGIA;78877326115;ANA PAULA CAVALIERI PONTES;28.05.2026;18:00;0;704703009124040;IVONE MARIA DA SILVA;18.03.1948;78;938;CECILIA MARIA DA CONCEICAO;AVENIDA;SANTO ANTONIO;;385;MILANI;79492094;(67)99846-9214;SAO GABRIEL DO OESTE;500769;SAO GABRIEL DO OESTE;500769;2370972;UNIDADE DE SAUDE DA FAMILIA MILANE II;F;25.05.2026;FLAVIA_RODRIGUES;25.05.2026;FLAVIA_RODRIGUES;10.00;PENDENTE;Z011;83798633134;JOAO BAPTISTA BARBOSA SOUZA
669633787;0282063;0301010072;CONSULTA EM OTORRINOLARINGOLOGIA;78877326115;ANA PAULA CAVALIERI PONTES;28.05.2026;18:00;0;700708912478174;SONIA BEATRIZ LINCK DOS SANTOS;30.03.1957;69;829;CLEONICE TEREZINHA LEITE;RUA;ALAGOAS;CASA 1;1099;CENTRO;79490000;(67)99819-9220;SAO GABRIEL DO OESTE;500769;SAO GABRIEL DO OESTE;500769;2591359;UNIDADE DE SAUDE DA FAMILIA V;F;25.05.2026;CHRISTIANEHELEN_FREITAS;25.05.2026;CHRISTIANEHELEN_FREITAS;10.00;PENDENTE;H91;04796956107;JULIANA DA ROCHA PEREIRA MENEZES
669636362;1314114;0204020107;COLUNA TORACO-LOMBAR;80089844149;ANA PAULA DOS SANTOS PEREIRA SILVANY;26.05.2026;07:00;0;708202616766947;MARIA DO SOCORRO DE SOUZA MARINS NERVIS;21.08.1970;55;669;MARIA DAS GRACAS DE SOUZA MARINS;RUA;DAVI FERREIRA DA CUNHA;;69;PRIMAVERA;79490000;(67)99844-8576;SAO GABRIEL DO OESTE;500769;SAO GABRIEL DO OESTE;500769;2370964;UNIDADE DE SAUDE DA FAMILIA III;F;25.05.2026;ANACLAUDIA_NOGUEIRA;25.05.2026;ANACLAUDIA_NOGUEIRA;9.73;PENDENTE;M545;02611833974;HUDSON PERES DORIGAO BELISARIO DE SOUZA
669641551;1314008;0204010144;SEIOS DA FACE (FN + MN + LATERAL + HIRTZ);59241284153;CLODOALDO DE AZEVEDO CARDOSO;26.05.2026;16:00;0;708900781339814;INES ISABEL DA CRUZ DE ALMEIDA;19.06.1966;59;719;ZILMA SANTOS DA CRUZ;RUA;SANTA MARIA;CASA;939;MILANI;79490000;(67)99677-8988 / (67)99806-7574;SAO GABRIEL DO OESTE;500769;SAO GABRIEL DO OESTE;500769;2370972;UNIDADE DE SAUDE DA FAMILIA MILANE II;F;25.05.2026;FLAVIA_RODRIGUES;25.05.2026;FLAVIA_RODRIGUES;7.32;PENDENTE;F411;83798633134;JOAO BAPTISTA BARBOSA SOUZA
