solicitacao;codigo_interno;codigo_unificado;descricao_procedimento;cpf_proficional_executante;nome_profissional_executante;data_agendamento;hr_agendamento;tipo;cns;nome;dt_nascimento;idade;idade_meses;nome_mae;tipo_logradouro;logradouro;complemento;numero_logradouro;bairro;cep;telefone;municipio;ibge;mun_solicitante;ibge_solicitante;cnes_solicitante;unidade_fantasia;sexo;data_solicitacao;operador_solicitante;data_autorizacao;operador_autorizador;valor_procedimento;situacao;cid;cpf_profissional_solicitante;nome_profissional_solicitante
661399697;0076168;0205020186;ULTRA-SONOGRAFIA TRANSVAGINAL;30097886149;CLEIDE CARVALHO SILVA DOS SANTOS;05.05.2026;07:00;0;700008529847304;ALEXANDRA DE LIMA DA SILVA;27.03.1991;35;421;CICERA DE ARAUJO DA SILVA;RODOVIA;POSTO GUAIBA;BR 163;S/N;RURAL;79430000;(66)99625-5585;BANDEIRANTES;500150;SAO GABRIEL DO OESTE;500769;3400964;UNIDADE DE SAUDE DA FAMILIA RURAL VII;F;10.04.2026;CLEIDIANE_RURALVII;10.04.2026;CLEIDIANE_RURALVII;24.20;CONFIRMADO;R101;00612619630;KALYNKA SILVIA HIGINO
661465483;0076168;0205020186;ULTRA-SONOGRAFIA TRANSVAGINAL;30097886149;CLEIDE CARVALHO SILVA DOS SANTOS;05.05.2026;07:00;0;701207014974611;RHABECH ZEN PIANA;26.05.2000;25;311;ROSANE APARECIDA GUIMARAES ZEN;RUA;N;;425;CIDADE JARDIM;79492142;(45)99985-7284;SAO GABRIEL DO OESTE;500769;SAO GABRIEL DO OESTE;500769;2370972;UNIDADE DE SAUDE DA FAMILIA MILANE II;F;10.04.2026;FLAVIA_RODRIGUES;10.04.2026;FLAVIA_RODRIGUES;24.20;CONFIRMADO;E282;02453491113;MILENA GUEDIN VARGAS
661580256;0076168;0205020186;ULTRA-SONOGRAFIA TRANSVAGINAL;30097886149;CLEIDE CARVALHO SILVA DOS SANTOS;05.05.2026;07:00;0;707407088583079;KECTLYLEEN ANARIO DE CASTRO;14.07.1990;35;430;ELIANE ANARIO DOS SANTOS DE CASTRO;AVENIDA;MARGINAL BÁLSAMO;;89;NÚCLEO HABITACIONAL UNIVERSITÁRIAS;79071270;(67)98154-2185;CAMPO GRANDE;500270;SAO GABRIEL DO OESTE;500769;8176132;CASA ROSA;F;13.04.2026;TAINAOLIVEIRA;13.04.2026;TAINAOLIVEIRA;24.20;PENDENTE;Z00;;YASMIM YAIPE 
661594892;0076168;0205020186;ULTRA-SONOGRAFIA TRANSVAGINAL;30097886149;CLEIDE CARVALHO SILVA DOS SANTOS;05.05.2026;07:00;0;704704725617033;JANAINA LEITE NOVAES;08.04.1998;28;337;ELAINE GONCALVES LEITE;RUA;DAS ARARAS;;2019;FENIX;79491102;(67)99626-2830;SAO GABRIEL DO OESTE;500769;SAO GABRIEL DO OESTE;500769;8176132;CASA ROSA;F;13.04.2026;TAINAOLIVEIRA;13.04.2026;TAINAOLIVEIRA;24.20;PENDENTE;Z00;;CAROLINE DELLABETA
661652625;0076168;0205020186;ULTRA-SONOGRAFIA TRANSVAGINAL;30097886149;CLEIDE CARVALHO SILVA DOS SANTOS;05.05.2026;07:00;0;705001469896651;DHYENYFER ALVES BORGES;28.01.2008;18;219;CLENILDA FRANCISCA ALVES;RUA;ALAGOAS;;1458;PRIMO MAFFISSONI;79490258;(67)99635-4625;SAO GABRIEL DO OESTE;500769;SAO GABRIEL DO OESTE;500769;2591359;UNIDADE DE SAUDE DA FAMILIA V;F;13.04.2026;CHRISTIANEHELEN_FREITAS;13.04.2026;CHRISTIANEHELEN_FREITAS;24.20;PENDENTE;E282;04796956107;JULIANA DA ROCHA PEREIRA MENEZES
661767054;0076145;0205020127;ULTRA-SONOGRAFIA DE TIREOIDE;30097886149;CLEIDE CARVALHO SILVA DOS SANTOS;08.05.2026;07:00;0;709808041893792;GERSON DE SIQUEIRA;28.07.1954;71;861;SERVINA FELIZARDA SIQUEIRA;RUA;CANARIOS;;1204;JARDIM GRAMADO;79490000;(67)99936-2159;SAO GABRIEL DO OESTE;500769;SAO GABRIEL DO OESTE;500769;2370980;UNIDADE DE SAUDE DA FAMILIA JARDIM GRAMADO I;M;13.04.2026;ELIANI_MOREIRA;13.04.2026;ELIANI_MOREIRA;24.20;CONFIRMADO;E03;01454652179;MAYARA MARIA MELKE GUIMARAES
661767159;0076168;0205020186;ULTRA-SONOGRAFIA TRANSVAGINAL;30097886149;CLEIDE CARVALHO SILVA DOS SANTOS;05.05.2026;07:00;0;701403612198237;NATHALIA CRISTALDO DE OLIVEIRA;17.11.1994;31;378;DIRLENE FRANCO CRISTALDO;RUA;SOUTO MAIOR;;1182;JARDIM TIJUCA;79094560;(67)99112-1012 / (67)98453-9464;CAMPO GRANDE;500270;SAO GABRIEL DO OESTE;500769;2370972;UNIDADE DE SAUDE DA FAMILIA MILANE II;F;13.04.2026;JULIANA_PACHECO;13.04.2026;JULIANA_PACHECO;24.20;CONFIRMADO;Z00;02453491113;MILENA GUEDIN VARGAS
661790839;0076168;0205020186;ULTRA-SONOGRAFIA TRANSVAGINAL;30097886149;CLEIDE CARVALHO SILVA DOS SANTOS;05.05.2026;07:00;0;700506955687158;REGIANE PEREIRA PINTO;02.07.1990;35;430;ROZILDA FERREIRA PEREIRA PINTO;RUA;CEREJEIRAS;;441;SÃO CRISTOVÃO;79490000;(67)99994-0874;SAO GABRIEL DO OESTE;500769;SAO GABRIEL DO OESTE;500769;3400964;UNIDADE DE SAUDE DA FAMILIA RURAL VII;F;13.04.2026;DULCINEIA_MOCCELIN;13.04.2026;DULCINEIA_MOCCELIN;24.20;CONFIRMADO;N719;02453491113;MILENA GUEDIN VARGAS
661870041;0076168;0205020186;ULTRA-SONOGRAFIA TRANSVAGINAL;30097886149;CLEIDE CARVALHO SILVA DOS SANTOS;05.05.2026;13:00;0;702507306489530;NATALIA JARA SOUZA;20.02.2002;24;291;MARIA ANISIA JARA;RUA;DAS ARARAS;;2204;FENIX;79491102;(67)99928-2269;SAO GABRIEL DO OESTE;500769;SAO GABRIEL DO OESTE;500769;2370999;UNIDADE DE SAUDE DA FAMILIA FENIX IV;F;14.04.2026;GUSTAVO_PIAIA;14.04.2026;GUSTAVO_PIAIA;24.20;PENDENTE;N83;00703866176;ALCIDES EDUARDO EIBEL
661878689;0511032;0205020143;ULTRASSONOGRAFIA OBSTETRICA                                                                         ;30097886149;CLEIDE CARVALHO SILVA DOS SANTOS;04.05.2026;13:00;0;704004192901770;KEWELLY RAISSA APARECIDO BERNALDINO FERMINO;01.05.2009;17;204;KAREM SARITA SOARES BERNALDINO;RUA;TUIUIU;;381;JARDIM GRAMADO;79490000;(67)99217-9912;SAO GABRIEL DO OESTE;500769;SAO GABRIEL DO OESTE;500769;7333218;UNIDADE DE SAUDE DA FAMILIA X;F;14.04.2026;SAMILLESTRELOW;14.04.2026;SAMILLESTRELOW;24.20;CONFIRMADO;Z34;01952696160;SAMILLE SPETH STRELOW
661892887;0511032;0205020143;ULTRASSONOGRAFIA OBSTETRICA                                                                         ;30097886149;CLEIDE CARVALHO SILVA DOS SANTOS;04.05.2026;07:00;0;704802598720849;JHENIFER VALDEZ PERUZZO;27.01.2000;26;315;MERCEDES VALDEZ PERUZZO;RUA;CURIO;;1142;JARDIM GRAMADO;79491012;(67)99248-9366;SAO GABRIEL DO OESTE;500769;SAO GABRIEL DO OESTE;500769;3400964;UNIDADE DE SAUDE DA FAMILIA RURAL VII;F;14.04.2026;JESSICA_PINHEIRO;14.04.2026;JESSICA_PINHEIRO;24.20;CONFIRMADO;Z000;;RENNAN ORTIZ BUENO
661893054;0076168;0205020186;ULTRA-SONOGRAFIA TRANSVAGINAL;30097886149;CLEIDE CARVALHO SILVA DOS SANTOS;05.05.2026;07:00;0;708603531443083;EMILY BEATRIZ BETIN NOVAIS;03.09.2010;15;188;ELIANA GELIO BETIN;RUA;VIELLA GUATAMBU;;1466;SAO CRISTOVAO;79490000;(67)9626-3095;SAO GABRIEL DO OESTE;500769;SAO GABRIEL DO OESTE;500769;7002084;UNIDADE DE SAUDE DA FAMILIA IX;F;14.04.2026;AMANDALUIZA_BIAZUS;14.04.2026;AMANDALUIZA_BIAZUS;24.20;CONFIRMADO;N912;96040653191;PAULO FENELON MARINHO
661902596;0076168;0205020186;ULTRA-SONOGRAFIA TRANSVAGINAL;30097886149;CLEIDE CARVALHO SILVA DOS SANTOS;05.05.2026;07:00;0;704804563430145;DAYANE PAES;13.04.1982;44;529;MARIA SOLANGE COSTA PAES;RUA;TANGARA;;417;FENIX;79491106;(67)98177-2359;SAO GABRIEL DO OESTE;500769;SAO GABRIEL DO OESTE;500769;7002084;UNIDADE DE SAUDE DA FAMILIA IX;F;14.04.2026;AMANDALUIZA_BIAZUS;14.04.2026;AMANDALUIZA_BIAZUS;24.20;CONFIRMADO;N951;06901507925;EVELYN KASSIA TUDISCO FERNANDES
661941869;0511032;0205020143;ULTRASSONOGRAFIA OBSTETRICA                                                                         ;30097886149;CLEIDE CARVALHO SILVA DOS SANTOS;04.05.2026;07:00;0;705002636651956;ADRIELE ANDRADE NAZARIO;24.05.2008;18;216;ROSALIA SILVA DE ANDRADE;RUA;PELICANOS;;1567;JARDIM GRAMADO;79490000;(67)99622-6225;SAO GABRIEL DO OESTE;500769;SAO GABRIEL DO OESTE;500769;2370999;UNIDADE DE SAUDE DA FAMILIA FENIX IV;F;14.04.2026;GUSTAVO_PIAIA;14.04.2026;GUSTAVO_PIAIA;24.20;CONFIRMADO;Z34;96245646120;RAFAELLA MARIA COSTA GOIS DE FIGUEIREDO
661949339;0076168;0205020186;ULTRA-SONOGRAFIA TRANSVAGINAL;30097886149;CLEIDE CARVALHO SILVA DOS SANTOS;05.05.2026;07:00;0;702505715204840;MARLI POLGA;30.04.1977;49;588;AMELIA MARIA TOMAZONI POLGA;RUA;RUI BARBOSA;CASA;630;PRIMO MAFFISSONI;79490000;(67)3295-5080 / (67)99977-9537;SAO GABRIEL DO OESTE;500769;SAO GABRIEL DO OESTE;500769;8176132;CASA ROSA;F;14.04.2026;ARIROSA;14.04.2026;ARIROSA;24.20;PENDENTE;Z00;;CLEDSON PERETTI
661952849;0076168;0205020186;ULTRA-SONOGRAFIA TRANSVAGINAL;30097886149;CLEIDE CARVALHO SILVA DOS SANTOS;07.05.2026;07:00;0;700505912110850;LETICIA DE OLIVEIRA DOS ANJOS;17.10.2005;20;247;ERENILDE DE OLIVEIRA DA SILVA;RUA;MINAS GERAIS;;1435;CENTRO;79490011;(67)99940-8855;SAO GABRIEL DO OESTE;500769;SAO GABRIEL DO OESTE;500769;2591359;UNIDADE DE SAUDE DA FAMILIA V;F;14.04.2026;CHRISTIANEHELEN_FREITAS;14.04.2026;CHRISTIANEHELEN_FREITAS;24.20;PENDENTE;Z30;;VANESSA BRESCH
662041338;0076168;0205020186;ULTRA-SONOGRAFIA TRANSVAGINAL;30097886149;CLEIDE CARVALHO SILVA DOS SANTOS;05.05.2026;13:00;0;708108173872340;LUCIA APARECIDA PINHEIRO MONTESSI;07.02.1979;47;567;MARIA PINHEIRO MONTESSI;RUA;ALAGOAS;;3162;AMABILE MAFFISSONI;79490000;(67)99911-2591;SAO GABRIEL DO OESTE;500769;SAO GABRIEL DO OESTE;500769;8176132;CASA ROSA;F;14.04.2026;ARIROSA;14.04.2026;ARIROSA;24.20;CONFIRMADO;Z00;;HUDSON PERES DORIGAO BELISARIO DE SOUZA
662087930;0076132;0205020097;ULTRA-SONOGRAFIA DE MAMAS (BILATERAL);30097886149;CLEIDE CARVALHO SILVA DOS SANTOS;06.05.2026;13:00;0;706206518498066;SIMONE DE JESUS CORREIA;06.05.1986;40;480;ROSA BISPO DE JESUS CORREIA;RUA;DAS CURRUIRAS 1/1465;;1789;JARDIM GRAMADO;79491086;(67)99674-2174;SAO GABRIEL DO OESTE;500769;SAO GABRIEL DO OESTE;500769;2370999;UNIDADE DE SAUDE DA FAMILIA FENIX IV;F;14.04.2026;GUSTAVO_PIAIA;14.04.2026;GUSTAVO_PIAIA;24.20;CONFIRMADO;N63;96245646120;RAFAELLA MARIA COSTA GOIS DE FIGUEIREDO
662094363;0076168;0205020186;ULTRA-SONOGRAFIA TRANSVAGINAL;30097886149;CLEIDE CARVALHO SILVA DOS SANTOS;05.05.2026;13:00;0;704201286103881;MARIA JOSE RODRIGUES;11.05.1969;57;684;OTACILIA AURELIANA DA SILVA;FAZENDA;SÃO RAFAEL;CASA;S/N;MERCEDEZ;78563000;(67)99642-3635;TABAPORA;510794;SAO GABRIEL DO OESTE;500769;8176132;CASA ROSA;F;14.04.2026;ARIROSA;14.04.2026;ARIROSA;24.20;PENDENTE;Z00;;KALYNKA SILVIA HIGINO
662099330;0076168;0205020186;ULTRA-SONOGRAFIA TRANSVAGINAL;30097886149;CLEIDE CARVALHO SILVA DOS SANTOS;19.05.2026;07:00;0;703408237370118;MARLUCIA DA SILVA LEITAO;02.01.1988;38;460;MARIA DIOLINA PEREIRA DA SILVA;RUA;SAO JOSE DOS PINHAIS;CASA;1806;SIBIPIRUNA;79560000;(67)99932-0754;CHAPADAO DO SUL;500295;SAO GABRIEL DO OESTE;500769;8176132;CASA ROSA;F;14.04.2026;ARIROSA;14.04.2026;ARIROSA;24.20;PENDENTE;Z00;;MAIARA FLORES SCARIOT
662103707;0076168;0205020186;ULTRA-SONOGRAFIA TRANSVAGINAL;30097886149;CLEIDE CARVALHO SILVA DOS SANTOS;05.05.2026;13:00;0;706700577800717;SAMYRA AMBROS;09.04.2010;16;193;LISIANE DA SILVA;RUA;BAHIA;;2289;CENTRO;79490000;(49)3445-5513;SAO GABRIEL DO OESTE;500769;SAO GABRIEL DO OESTE;500769;8176132;CASA ROSA;F;14.04.2026;ARIROSA;14.04.2026;ARIROSA;24.20;CONFIRMADO;Z00;95747818104;VANESSA BRESCHI
662110415;0076168;0205020186;ULTRA-SONOGRAFIA TRANSVAGINAL;30097886149;CLEIDE CARVALHO SILVA DOS SANTOS;05.05.2026;13:00;0;701800223634676;MARIA DE LURDES DA VEIGA;27.04.1960;66;792;ANTONIA DAVI BARBOZA DA VEIGA;RUA;AZULAO;;1134;CONJUNTO FENIX;79490000;(67)99625-8113;SAO GABRIEL DO OESTE;500769;SAO GABRIEL DO OESTE;500769;8176132;CASA ROSA;F;14.04.2026;ARIROSA;14.04.2026;ARIROSA;24.20;CONFIRMADO;Z00;91415799172;ALESSANDRA REGINA GOMES RODOVALHO
662118566;0076168;0205020186;ULTRA-SONOGRAFIA TRANSVAGINAL;30097886149;CLEIDE CARVALHO SILVA DOS SANTOS;05.05.2026;13:00;0;706504322310795;ELIZANGELA SANTANA DE OLIVEIRA;21.05.1998;28;336;LUCILENE SANTANA DE OLIVEIRA;RUA;CAJAZEIRA;;1485;JARDIM AERO RANCHO;79083590;(67)99665-0595;CAMPO GRANDE;500270;SAO GABRIEL DO OESTE;500769;8176132;CASA ROSA;F;14.04.2026;ARIROSA;14.04.2026;ARIROSA;24.20;CONFIRMADO;Z00;;JOAO BAPTISTA BARBOSA SOUZA
662119175;0076132;0205020097;ULTRA-SONOGRAFIA DE MAMAS (BILATERAL);30097886149;CLEIDE CARVALHO SILVA DOS SANTOS;06.05.2026;13:00;0;700707935293080;RITA DE CASSIA GOMES;16.10.1976;49;595;AMELIA GOMES;RUA;PERNAMBUCO;CASA-1;803;JD ALVORADA;79490000;(67)99965-6583;SAO GABRIEL DO OESTE;500769;SAO GABRIEL DO OESTE;500769;8176132;CASA ROSA;F;14.04.2026;ARIROSA;14.04.2026;ARIROSA;24.20;CONFIRMADO;Z00;;CLEDSON PERETTI
662121406;0076168;0205020186;ULTRA-SONOGRAFIA TRANSVAGINAL;30097886149;CLEIDE CARVALHO SILVA DOS SANTOS;19.05.2026;07:00;0;708600044154989;HIENDA MARLIN ARRUDA DE ALMEIDA;25.01.2000;26;316;LILIAN DE ARRUDA;RUA;DAMA DA NOITE;;29;VILA BELA;79400000;(67)99605-1960 / (67)99847-3473;COXIM;500330;SAO GABRIEL DO OESTE;500769;8176132;CASA ROSA;F;14.04.2026;ARIROSA;14.04.2026;ARIROSA;24.20;PENDENTE;Z00;;MAIARA FLORES SCARIOT
662123050;0076168;0205020186;ULTRA-SONOGRAFIA TRANSVAGINAL;30097886149;CLEIDE CARVALHO SILVA DOS SANTOS;14.05.2026;07:00;0;705208404370277;FABIANE CARVALHO DOS SANTOS;27.08.1982;43;524;MARIA DE FATIMA CARVALHO;RUA;PLANALTINA;;867;JARDIM SANTA EMÍLIA;79093071;(67)9175-2489 / (67)3397-0598;CAMPO GRANDE;500270;SAO GABRIEL DO OESTE;500769;8176132;CASA ROSA;F;14.04.2026;ARIROSA;14.04.2026;ARIROSA;24.20;CONFIRMADO;Z00;;MAIARA FLORES SCARIOT
662123470;0076168;0205020186;ULTRA-SONOGRAFIA TRANSVAGINAL;30097886149;CLEIDE CARVALHO SILVA DOS SANTOS;14.05.2026;07:00;0;703403269994619;ONORINA ALVES DE SOUZA;12.12.1966;59;713;ANAIR CORREA;RUA;GAIVOTAS;;1567;JG;79490000;(67)3928-8091 / (61)3315-2425;SAO GABRIEL DO OESTE;500769;SAO GABRIEL DO OESTE;500769;8176132;CASA ROSA;F;14.04.2026;ARIROSA;14.04.2026;ARIROSA;24.20;CONFIRMADO;Z00;;MAIARA FLORES SCARIOT
662123930;0076168;0205020186;ULTRA-SONOGRAFIA TRANSVAGINAL;30097886149;CLEIDE CARVALHO SILVA DOS SANTOS;07.05.2026;07:00;0;700404416262745;MARIA EDUARDA DA ROCHA ALVES;11.04.2005;21;253;ANTONIA RISONETE DA ROCHA ALVES;RUA;CURICACA 1/1465;- ATE 1464/1465;854;JARDIM GRAMADO;79491010;(67)98143-9762 / (89)98143-9762;SAO GABRIEL DO OESTE;500769;SAO GABRIEL DO OESTE;500769;8176132;CASA ROSA;F;14.04.2026;ARIROSA;14.04.2026;ARIROSA;24.20;CONFIRMADO;Z00;;MAIARA FLORES SCARIOT
662256753;0511032;0205020143;ULTRASSONOGRAFIA OBSTETRICA                                                                         ;30097886149;CLEIDE CARVALHO SILVA DOS SANTOS;04.05.2026;07:00;0;898004129892756;ISMAELLY VIEIRA;07.06.2011;14;179;INGRE DOS SANTOS VIEIRA;RUA;AZULAO 1/1019;;1175;SAO CRISTOVAO;79491206;(67)99872-1735;SAO GABRIEL DO OESTE;500769;SAO GABRIEL DO OESTE;500769;7002084;UNIDADE DE SAUDE DA FAMILIA IX;F;15.04.2026;AMANDALUIZA_BIAZUS;15.04.2026;AMANDALUIZA_BIAZUS;24.20;PENDENTE;Z36;96040653191;PAULO FENELON MARINHO
662268890;0076168;0205020186;ULTRA-SONOGRAFIA TRANSVAGINAL;30097886149;CLEIDE CARVALHO SILVA DOS SANTOS;07.05.2026;07:00;0;706202506490568;RENATA DOS SANTOS SILVA;26.07.2002;23;285;JUSSARA DOS SANTOS SILVA;FAZENDA;GRANJA F;;S/N;ZONA RURAL;79490000;(67)99616-4029;SAO GABRIEL DO OESTE;500769;SAO GABRIEL DO OESTE;500769;3400964;UNIDADE DE SAUDE DA FAMILIA RURAL VII;F;15.04.2026;DULCINEIA_MOCCELIN;15.04.2026;DULCINEIA_MOCCELIN;24.20;CONFIRMADO;Z014;02453491113;MILENA GUEDIN VARGAS
662333925;0511032;0205020143;ULTRASSONOGRAFIA OBSTETRICA                                                                         ;30097886149;CLEIDE CARVALHO SILVA DOS SANTOS;04.05.2026;07:00;0;705207489889573;LUANA BARBOSA DO NASCIMENTO;27.01.1994;32;387;VALDIRENE BARBOSA DO NASCIMENTO;RUA;CURIO;;1260;JARDIM GRAMADO;79491012;(67)99696-7234 / (67)99604-3512 / (67)99979-5387;SAO GABRIEL DO OESTE;500769;SAO GABRIEL DO OESTE;500769;3400964;UNIDADE DE SAUDE DA FAMILIA RURAL VII;F;15.04.2026;JESSICA_PINHEIRO;15.04.2026;JESSICA_PINHEIRO;24.20;PENDENTE;Z000;;MAIARA RAMOS DA SILVA
662340045;0076168;0205020186;ULTRA-SONOGRAFIA TRANSVAGINAL;30097886149;CLEIDE CARVALHO SILVA DOS SANTOS;14.05.2026;07:00;0;700808969058688;VALERIA MARTINS PARANHO;03.03.1996;30;362;RENATA MARTINS DE LIMA;RUA;COLIBRI;;881;FENIX;79491108;(67)98402-0938;SAO GABRIEL DO OESTE;500769;SAO GABRIEL DO OESTE;500769;2370999;UNIDADE DE SAUDE DA FAMILIA FENIX IV;F;15.04.2026;GUSTAVO_PIAIA;15.04.2026;GUSTAVO_PIAIA;24.20;CONFIRMADO;Z975;00703866176;ALCIDES EDUARDO EIBEL
662344008;0076168;0205020186;ULTRA-SONOGRAFIA TRANSVAGINAL;30097886149;CLEIDE CARVALHO SILVA DOS SANTOS;07.05.2026;13:00;0;700506549650550;LUCIANA DA SILVA FERREIRA;26.01.1984;42;507;APARECIDA MARTINS DA SILVA;FAZENDA;COLORADO;;S/N;RURAL;79490000;(67)99603-0195;SAO GABRIEL DO OESTE;500769;SAO GABRIEL DO OESTE;500769;3400964;UNIDADE DE SAUDE DA FAMILIA RURAL VII;F;15.04.2026;DULCINEIA_MOCCELIN;15.04.2026;DULCINEIA_MOCCELIN;24.20;CONFIRMADO;Z014;02453491113;MILENA GUEDIN VARGAS
662350216;0076168;0205020186;ULTRA-SONOGRAFIA TRANSVAGINAL;30097886149;CLEIDE CARVALHO SILVA DOS SANTOS;07.05.2026;13:00;0;704005316021069;KELI CRISTINA SPIGOLON SOARES;18.08.1988;37;453;LUCIANE ROBERTO DOS SANTOS SPIGOLON;RUA;JOSE MAROCCO;CASA;S/N;CENTRO;89818000;(67)99968-7759 / (67)99841-0399 / (49)3327-0102;NOVA ITABERABA;421145;SAO GABRIEL DO OESTE;500769;3400964;UNIDADE DE SAUDE DA FAMILIA RURAL VII;F;15.04.2026;DULCINEIA_MOCCELIN;15.04.2026;DULCINEIA_MOCCELIN;24.20;PENDENTE;Z000;02453491113;MILENA GUEDIN VARGAS
662351010;0511032;0205020143;ULTRASSONOGRAFIA OBSTETRICA                                                                         ;30097886149;CLEIDE CARVALHO SILVA DOS SANTOS;04.05.2026;07:00;0;700808401960085;KAROLLINY LEMES DE OLIVEIRA;12.05.2007;19;228;KELLY LEMES FERREIRA;RUA;MARECHAL FLORIANO;;1656;MILANI;79492060;(67)99624-5474 / (67)99217-1345;SAO GABRIEL DO OESTE;500769;SAO GABRIEL DO OESTE;500769;2370972;UNIDADE DE SAUDE DA FAMILIA MILANE II;F;15.04.2026;FLAVIA_RODRIGUES;15.04.2026;FLAVIA_RODRIGUES;24.20;CONFIRMADO;Z34;83798633134;JOAO BAPTISTA BARBOSA SOUZA
662363771;0511032;0205020143;ULTRASSONOGRAFIA OBSTETRICA                                                                         ;30097886149;CLEIDE CARVALHO SILVA DOS SANTOS;06.05.2026;07:00;0;700201933785929;KEITY MAIARA RODRIGUES DA SILVA;10.12.1996;29;353;MARILEUZA RODRIGUES DA SILVA;RUA;R;;570;CIDADE JARDIM;79492150;(67)99621-3856 / (67)99891-5802;SAO GABRIEL DO OESTE;500769;SAO GABRIEL DO OESTE;500769;2370972;UNIDADE DE SAUDE DA FAMILIA MILANE II;F;15.04.2026;FLAVIA_RODRIGUES;15.04.2026;FLAVIA_RODRIGUES;24.20;CONFIRMADO;Z34;;JULIANA P BARTHIMANN
662364236;0511032;0205020143;ULTRASSONOGRAFIA OBSTETRICA                                                                         ;30097886149;CLEIDE CARVALHO SILVA DOS SANTOS;04.05.2026;07:00;0;700609475752764;ANA LETICIA RONDON PEREIRA FERREIRA;18.04.2008;18;217;CARLA RONDON DA SILVA;RUA;DAS ARARAS;;2066;FENIX;79491102;(67)99971-3016;SAO GABRIEL DO OESTE;500769;SAO GABRIEL DO OESTE;500769;2370999;UNIDADE DE SAUDE DA FAMILIA FENIX IV;F;15.04.2026;GUSTAVO_PIAIA;15.04.2026;GUSTAVO_PIAIA;24.20;PENDENTE;Z349;;VANESSA BRESCHI
662366327;0076132;0205020097;ULTRA-SONOGRAFIA DE MAMAS (BILATERAL);30097886149;CLEIDE CARVALHO SILVA DOS SANTOS;06.05.2026;13:00;0;704204269720587;ROSICLEA FREITAS DOMINGUES;23.03.1990;36;434;GEOVANA RAMOS DE FREITAS;RUA;PELICANOS 1466/99998;;1765;FENIX;79491074;(67)99909-8718;SAO GABRIEL DO OESTE;500769;SAO GABRIEL DO OESTE;500769;2370999;UNIDADE DE SAUDE DA FAMILIA FENIX IV;F;15.04.2026;GUSTAVO_PIAIA;15.04.2026;GUSTAVO_PIAIA;24.20;CONFIRMADO;N644;00703866176;ALCIDES EDUARDO EIBEL
662366942;0076168;0205020186;ULTRA-SONOGRAFIA TRANSVAGINAL;30097886149;CLEIDE CARVALHO SILVA DOS SANTOS;07.05.2026;07:00;0;702805178475368;RAFAELY LEAL DOS SANTOS;24.07.2001;24;298;KELLY LEAL DA ROSA;RUA;ARAÇA;;385;FLOR DO CERRADO;79490000;(67)99626-5716;SAO GABRIEL DO OESTE;500769;SAO GABRIEL DO OESTE;500769;8176132;CASA ROSA;F;15.04.2026;EMILY_CASAROSA;15.04.2026;EMILY_CASAROSA;24.20;CONFIRMADO;Z00;;EVELYN KASSIA TUDISCO FERNANDES
662369559;0076132;0205020097;ULTRA-SONOGRAFIA DE MAMAS (BILATERAL);30097886149;CLEIDE CARVALHO SILVA DOS SANTOS;06.05.2026;13:00;0;702402509735028;ELISANGELA CORREA;11.01.1981;45;544;RITA FACHINELLO;RUA;DAS ARARAS;;2069;FENIX;79491102;(67)97400-1925;SAO GABRIEL DO OESTE;500769;SAO GABRIEL DO OESTE;500769;2370999;UNIDADE DE SAUDE DA FAMILIA FENIX IV;F;15.04.2026;GUSTAVO_PIAIA;15.04.2026;GUSTAVO_PIAIA;24.20;CONFIRMADO;N63;00703866176;ALCIDES EDUARDO EIBEL
662370076;0076168;0205020186;ULTRA-SONOGRAFIA TRANSVAGINAL;30097886149;CLEIDE CARVALHO SILVA DOS SANTOS;07.05.2026;07:00;0;706409164651789;MICAELE DA SILVA PRUDENCIO;12.11.2006;19;234;KELLI BETANIA DA SILVA;AVENIDA;PARANA;;2070;SIBIPIRUNA;79560000;(67)99640-9739;CHAPADAO DO SUL;500295;SAO GABRIEL DO OESTE;500769;8176132;CASA ROSA;F;15.04.2026;EMILY_CASAROSA;15.04.2026;EMILY_CASAROSA;24.20;CONFIRMADO;Z014;10963419641;MARIA FERNANDA DIAS BASILIO
662371035;0511032;0205020143;ULTRASSONOGRAFIA OBSTETRICA                                                                         ;30097886149;CLEIDE CARVALHO SILVA DOS SANTOS;04.05.2026;07:00;0;706007886356342;TAINA HANINI FERNANDES;18.07.2005;20;250;ANGELA GOMES FERNANDES;RUA;COLIBRI;;75;FENIX;79491108;(67)99822-4080;SAO GABRIEL DO OESTE;500769;SAO GABRIEL DO OESTE;500769;7002084;UNIDADE DE SAUDE DA FAMILIA IX;F;15.04.2026;AMANDALUIZA_BIAZUS;15.04.2026;AMANDALUIZA_BIAZUS;24.20;PENDENTE;Z34;96040653191;PAULO FENELON MARINHO
662372063;0076132;0205020097;ULTRA-SONOGRAFIA DE MAMAS (BILATERAL);30097886149;CLEIDE CARVALHO SILVA DOS SANTOS;13.05.2026;13:00;0;898000485704112;JULIA LIMA PEREIRA;07.01.2008;18;220;DIONEIA LIMA PEREIRA;RUA;MANOEL ROSA;;266;AMABILE MAFFISSONI;79490000;(67)99632-6290;SAO GABRIEL DO OESTE;500769;SAO GABRIEL DO OESTE;500769;8176132;CASA ROSA;F;15.04.2026;EMILY_CASAROSA;15.04.2026;EMILY_CASAROSA;24.20;CONFIRMADO;N63;;RAPHAELLA MARIA COSTA GOIS DE FIGUEIREDO
662382076;0511032;0205020143;ULTRASSONOGRAFIA OBSTETRICA                                                                         ;30097886149;CLEIDE CARVALHO SILVA DOS SANTOS;04.05.2026;07:00;0;700401927992940;NYCOLLY THAUANY WILCK;07.01.2003;23;280;MARLENE DE BRITO MEDINA;RUA;K;;992;CIDADE JARDIM 2;79492136;(67)99818-4084;SAO GABRIEL DO OESTE;500769;SAO GABRIEL DO OESTE;500769;2370972;UNIDADE DE SAUDE DA FAMILIA MILANE II;F;15.04.2026;FLAVIA_RODRIGUES;15.04.2026;FLAVIA_RODRIGUES;24.20;CONFIRMADO;Z34;83798633134;JOAO BAPTISTA BARBOSA SOUZA
662383809;0076168;0205020186;ULTRA-SONOGRAFIA TRANSVAGINAL;30097886149;CLEIDE CARVALHO SILVA DOS SANTOS;07.05.2026;07:00;0;706303749938270;MARLI PETTER;15.03.1972;54;650;CLARA CHRIST;DISTRITO;PONTE VERMELHA;RUA DOIS;S/N;RURAL;79490000;(67)99681-7194;SAO GABRIEL DO OESTE;500769;SAO GABRIEL DO OESTE;500769;3400964;UNIDADE DE SAUDE DA FAMILIA RURAL VII;F;15.04.2026;DULCINEIA_MOCCELIN;15.04.2026;DULCINEIA_MOCCELIN;24.20;PENDENTE;Z000;02453491113;MILENA GUEDIN VARGAS
662441677;0511032;0205020143;ULTRASSONOGRAFIA OBSTETRICA                                                                         ;30097886149;CLEIDE CARVALHO SILVA DOS SANTOS;04.05.2026;13:00;0;700500126582556;TAUANE FERNANDA NANTES MORO;04.05.2008;18;216;KELLY TAUHANY NANTES;RUA;DAS GAIVOTAS;;950;JARDIM GRAMADO;79491018;(67)99686-1557;SAO GABRIEL DO OESTE;500769;SAO GABRIEL DO OESTE;500769;3400964;UNIDADE DE SAUDE DA FAMILIA RURAL VII;F;16.04.2026;JESSICA_PINHEIRO;16.04.2026;JESSICA_PINHEIRO;24.20;CONFIRMADO;Z000;;RENNAN ORTIZ BUENO
662475826;0511032;0205020143;ULTRASSONOGRAFIA OBSTETRICA                                                                         ;30097886149;CLEIDE CARVALHO SILVA DOS SANTOS;04.05.2026;13:00;0;708206643594748;MARIA DA CONCEICAO RODRIGUES RIQUELME;08.12.1996;29;353;RENIRDE RODRIGUES RIQUELME;RUA;CURIO;;829;JARDIM GRAMADO;79491012;(67)99974-6382 / (67)99687-5953;SAO GABRIEL DO OESTE;500769;SAO GABRIEL DO OESTE;500769;3400964;UNIDADE DE SAUDE DA FAMILIA RURAL VII;F;16.04.2026;JESSICA_PINHEIRO;16.04.2026;JESSICA_PINHEIRO;24.20;CONFIRMADO;Z000;;LAYS VILHALVA GUIMARAES
662478888;0076168;0205020186;ULTRA-SONOGRAFIA TRANSVAGINAL;30097886149;CLEIDE CARVALHO SILVA DOS SANTOS;07.05.2026;07:00;0;704009373784061;ANA PAULA DRESCHLER DE HAAS;21.10.1992;33;403;MIRTES MARIA BERTE DRESCHLER;RUA;DEOCLECIO ZAMIGNAN;;2013;PRIMO MAFFISSONI;79490276;(67)99826-7883;SAO GABRIEL DO OESTE;500769;SAO GABRIEL DO OESTE;500769;8176132;CASA ROSA;F;16.04.2026;ANACLAUDIA_PASCOAL;16.04.2026;ANACLAUDIA_PASCOAL;24.20;CONFIRMADO;Z00;;CLEDSON PERETTI
662480580;0076132;0205020097;ULTRA-SONOGRAFIA DE MAMAS (BILATERAL);30097886149;CLEIDE CARVALHO SILVA DOS SANTOS;13.05.2026;13:00;0;704009373784061;ANA PAULA DRESCHLER DE HAAS;21.10.1992;33;403;MIRTES MARIA BERTE DRESCHLER;RUA;DEOCLECIO ZAMIGNAN;;2013;PRIMO MAFFISSONI;79490276;(67)99826-7883;SAO GABRIEL DO OESTE;500769;SAO GABRIEL DO OESTE;500769;8176132;CASA ROSA;F;16.04.2026;ANACLAUDIA_PASCOAL;16.04.2026;ANACLAUDIA_PASCOAL;24.20;CONFIRMADO;Z00;;CLEDSON PERETTI
662491543;0076132;0205020097;ULTRA-SONOGRAFIA DE MAMAS (BILATERAL);30097886149;CLEIDE CARVALHO SILVA DOS SANTOS;13.05.2026;13:00;0;706004851566941;LANA MICAELA RODRIGUES SILVA;04.09.2005;20;248;FRANCIELE RODRIGUES DA COSTA;AVENIDA;LIBERDADE;;275;MORRO DA TV;79470000;(67)99971-1473;RIO NEGRO;500730;SAO GABRIEL DO OESTE;500769;8176132;CASA ROSA;F;16.04.2026;ANACLAUDIA_PASCOAL;16.04.2026;ANACLAUDIA_PASCOAL;24.20;CONFIRMADO;Z00;10963419641;MARIA FERNANDA DIAS BASILIO
662563382;0511032;0205020143;ULTRASSONOGRAFIA OBSTETRICA                                                                         ;30097886149;CLEIDE CARVALHO SILVA DOS SANTOS;04.05.2026;07:00;0;702002826176189;INGRID LARA ZANONI;18.06.2002;23;287;ADRIANA LEMES LARA;RUA;SÃO JORGE;CASA 47;289;PRIMO MAFFISSONI;79490000;(67)99634-3682;SAO GABRIEL DO OESTE;500769;SAO GABRIEL DO OESTE;500769;8176132;CASA ROSA;F;16.04.2026;ANACLAUDIA_PASCOAL;16.04.2026;ANACLAUDIA_PASCOAL;24.20;CONFIRMADO;Z00;;HUDSON
662612017;0076158;0205020160;ULTRA-SONOGRAFIA PELVICA;30097886149;CLEIDE CARVALHO SILVA DOS SANTOS;04.05.2026;13:00;0;704705709476138;ISABELLA GONCALVES SANTANA ROCHA;28.07.2008;17;213;NATALIA GONCALVES SANTANA ROCHA;RUA;ESTUDANTE SONI BORTOLI;;1310;JARDIM ALVORADA;79490000;(38)99127-8940;SAO GABRIEL DO OESTE;500769;SAO GABRIEL DO OESTE;500769;6354265;CENTRAL DE REGULACAO DE SAO GABRIEL DO OESTE;F;16.04.2026;VANIA_MARIANO;16.04.2026;VANIA_MARIANO;24.20;CONFIRMADO;E282;;VANIA GOMES MARIANO
662633857;0076168;0205020186;ULTRA-SONOGRAFIA TRANSVAGINAL;30097886149;CLEIDE CARVALHO SILVA DOS SANTOS;07.05.2026;07:00;0;707603275328898;ALINE BEATRIZ DE ARAUJO SOUZA;24.08.1989;36;441;REGINA DE SOUZA ARAUJO;FAZENDA;SANTO ANTONIO;;S/N;ZONA RURAL;79490000;(67)99287-5603 / (67)99300-2884;SAO GABRIEL DO OESTE;500769;SAO GABRIEL DO OESTE;500769;3400964;UNIDADE DE SAUDE DA FAMILIA RURAL VII;F;16.04.2026;DULCINEIA_MOCCELIN;16.04.2026;DULCINEIA_MOCCELIN;24.20;CONFIRMADO;E282;02453491113;MILENA GUEDIN VARGAS
662645399;0076168;0205020186;ULTRA-SONOGRAFIA TRANSVAGINAL;30097886149;CLEIDE CARVALHO SILVA DOS SANTOS;07.05.2026;07:00;0;702105758122793;EVELIN CAMILE BARBOSA LOPES;19.11.2003;22;270;CAROLINA MODESTA BARBOSA DE ALMEIDA;RUA;SANTA MARIA;CHACARA 26;26;MILANI;79492074;(67)99810-4904;SAO GABRIEL DO OESTE;500769;SAO GABRIEL DO OESTE;500769;8176132;CASA ROSA;F;16.04.2026;EMILY_CASAROSA;16.04.2026;EMILY_CASAROSA;24.20;CONFIRMADO;M545;;JOAO BAPTISTA BARBOSA DE SOUZA
662654787;0511032;0205020143;ULTRASSONOGRAFIA OBSTETRICA                                                                         ;30097886149;CLEIDE CARVALHO SILVA DOS SANTOS;04.05.2026;07:00;0;700004387269701;GRASIELA APARECIDA DE SOUZA;29.10.1984;41;498;MADALENA MATEUS DE SOUZA;RUA;AZULAO;CASA;1732;FENIX;79491104;(67)99665-1882;SAO GABRIEL DO OESTE;500769;SAO GABRIEL DO OESTE;500769;8176132;CASA ROSA;F;16.04.2026;TAINAOLIVEIRA;16.04.2026;TAINAOLIVEIRA;24.20;CONFIRMADO;Z00;;MAIARA RAMOS 
662658793;0076168;0205020186;ULTRA-SONOGRAFIA TRANSVAGINAL;30097886149;CLEIDE CARVALHO SILVA DOS SANTOS;07.05.2026;13:00;0;704003154315370;BRUNA CRISTINA BARBOSA OLIVEIRA;02.03.1990;36;434;LUCILENE LEITE BARBOSA;RUA;AZULAO 1073/99998;;1135;FENIX;79491104;(67)99987-8885;SAO GABRIEL DO OESTE;500769;SAO GABRIEL DO OESTE;500769;7002084;UNIDADE DE SAUDE DA FAMILIA IX;F;16.04.2026;AMANDALUIZA_BIAZUS;16.04.2026;AMANDALUIZA_BIAZUS;24.20;PENDENTE;N921;96040653191;PAULO FENELON MARINHO
662662599;0076168;0205020186;ULTRA-SONOGRAFIA TRANSVAGINAL;30097886149;CLEIDE CARVALHO SILVA DOS SANTOS;07.05.2026;13:00;0;706509327299190;MARIA JOISE DIAS DA SILVA SANTOS;29.05.1999;26;323;ELIANA DIAS DOS SANTOS;RUA;IZAILTO BARBOSA;;22;SANTA TEREZINHA;79480000;(88)99273-3984 / (67)99840-4849;RIO VERDE DE MATO GROSSO;500740;SAO GABRIEL DO OESTE;500769;8176132;CASA ROSA;F;16.04.2026;EMILY_CASAROSA;16.04.2026;EMILY_CASAROSA;24.20;PENDENTE;Z00;;MILENA GUEDIN VARGAS
662667120;0076168;0205020186;ULTRA-SONOGRAFIA TRANSVAGINAL;30097886149;CLEIDE CARVALHO SILVA DOS SANTOS;07.05.2026;13:00;0;708007814345723;GRAZIELE FELIX DOS SANTOS;02.09.1998;27;332;MARIA DALVA DOS SANTOS;RUA;CANÁRIOS;;1568;FÊNIX;79491078;(73)98843-1395 / (77)9914-8548;SAO GABRIEL DO OESTE;500769;SAO GABRIEL DO OESTE;500769;8176132;CASA ROSA;F;16.04.2026;EMILY_CASAROSA;16.04.2026;EMILY_CASAROSA;24.20;CONFIRMADO;Z00;;ALCIDES EDUARDO EIBEL
662669635;0076168;0205020186;ULTRA-SONOGRAFIA TRANSVAGINAL;30097886149;CLEIDE CARVALHO SILVA DOS SANTOS;07.05.2026;13:00;0;702505322015333;GLAUCIA EVANGELISTA DOS ANJOS;29.01.1986;40;483;APARECIDA ALVES;RUA;SARACURA;;1156;JARDIM GRAMADO;79490000;(67)3928-8091;SAO GABRIEL DO OESTE;500769;SAO GABRIEL DO OESTE;500769;8176132;CASA ROSA;F;16.04.2026;EMILY_CASAROSA;16.04.2026;EMILY_CASAROSA;24.20;CONFIRMADO;Z00;10963419641;MARIA FERNANDA DIAS BASILIO
662670597;0076168;0205020186;ULTRA-SONOGRAFIA TRANSVAGINAL;30097886149;CLEIDE CARVALHO SILVA DOS SANTOS;14.05.2026;07:00;0;700802942176889;MARIA ANISIA JARA;17.05.1974;52;624;EMILIANA VILASBOAS JARA;SITIO;ITAQUI LOTE 117;;117;ZONA RURAL;79490000;(67)99894-1286;SAO GABRIEL DO OESTE;500769;SAO GABRIEL DO OESTE;500769;3400964;UNIDADE DE SAUDE DA FAMILIA RURAL VII;F;16.04.2026;CLEIDIANE_RURALVII;16.04.2026;CLEIDIANE_RURALVII;24.20;PENDENTE;R10;00612619630;KALYNKA SILVIA HIGINO
662674167;0076132;0205020097;ULTRA-SONOGRAFIA DE MAMAS (BILATERAL);30097886149;CLEIDE CARVALHO SILVA DOS SANTOS;13.05.2026;13:00;0;705408443702895;BRUNA ROCHA MENDONCA;13.02.1995;31;375;SANDRA ROSE DA ROCHA;FAZENDA;PONTE DE PEDRA;;S/N;RURAL;79490000;(67)99849-7495;SAO GABRIEL DO OESTE;500769;SAO GABRIEL DO OESTE;500769;8176132;CASA ROSA;F;16.04.2026;EMILY_CASAROSA;16.04.2026;EMILY_CASAROSA;24.20;CONFIRMADO;Z00;;MILENA GUEDIN VARGAS
662674829;0076132;0205020097;ULTRA-SONOGRAFIA DE MAMAS (BILATERAL);30097886149;CLEIDE CARVALHO SILVA DOS SANTOS;20.05.2026;13:00;0;709004894015917;CIDELIA ROJAS;24.04.1979;47;565;CELINA ROJAS;FAZENDA;TRIUNFO;;S/N;RURAL;79490000;(67)99690-9208;SAO GABRIEL DO OESTE;500769;SAO GABRIEL DO OESTE;500769;8176132;CASA ROSA;F;16.04.2026;EMILY_CASAROSA;16.04.2026;EMILY_CASAROSA;24.20;PENDENTE;Z00;;MILENA GUEDIN VARGAS
662679626;0076168;0205020186;ULTRA-SONOGRAFIA TRANSVAGINAL;30097886149;CLEIDE CARVALHO SILVA DOS SANTOS;14.05.2026;13:00;0;700507905876853;ANA MARIA SANTOS DE OLIVEIRA;07.03.1996;30;362;MARIA APARECIDA RODRIGUES DOS SANTOS;RUA;ALENCAR GOMES TINOCO;;70;JATOBA;79440000;(67)99914-0199;JARAGUARI;500490;SAO GABRIEL DO OESTE;500769;8176132;CASA ROSA;F;16.04.2026;ANACLAUDIA_PASCOAL;16.04.2026;ANACLAUDIA_PASCOAL;24.20;CONFIRMADO;Z00;;JOAO BATISTA 
662680140;0076145;0205020127;ULTRA-SONOGRAFIA DE TIREOIDE;30097886149;CLEIDE CARVALHO SILVA DOS SANTOS;08.05.2026;07:00;0;708409285345561;HODIGAR LUIS VANDES;15.05.1969;57;684;ZENAIDE LUIS VANDES;RUA;FELINTO MULLER;;437;MILANI;79490000;(67)99979-1895;SAO GABRIEL DO OESTE;500769;SAO GABRIEL DO OESTE;500769;3400964;UNIDADE DE SAUDE DA FAMILIA RURAL VII;M;16.04.2026;DULCINEIA_MOCCELIN;16.04.2026;DULCINEIA_MOCCELIN;24.20;PENDENTE;I10;00612619630;KALYNKA SILVIA HIGINO
662726794;0076168;0205020186;ULTRA-SONOGRAFIA TRANSVAGINAL;30097886149;CLEIDE CARVALHO SILVA DOS SANTOS;14.05.2026;07:00;0;702507344508636;IVONE PEREIRA CAMARGO;28.10.1976;49;594;RAIMUNDA PEREIRA CAMARGO;FAZENDA;SAO CARLOS;;S/N;RURAL;79470000;(67)99974-2641 / (67)99668-0751;RIO NEGRO;500730;SAO GABRIEL DO OESTE;500769;8176132;CASA ROSA;F;17.04.2026;ANACLAUDIA_PASCOAL;17.04.2026;ANACLAUDIA_PASCOAL;24.20;PENDENTE;Z00;;KALYNKA
662738668;0076132;0205020097;ULTRA-SONOGRAFIA DE MAMAS (BILATERAL);30097886149;CLEIDE CARVALHO SILVA DOS SANTOS;20.05.2026;13:00;0;706203538508668;CLEUZA MARIA OLIVEIRA DOS SANTOS;07.06.1950;75;911;ANTONIA SOARES DE OLIVEIRA;RUA;SANTO ANGELO;CASA;137;MILANI;79490000;(67)99915-7335;SAO GABRIEL DO OESTE;500769;SAO GABRIEL DO OESTE;500769;2370972;UNIDADE DE SAUDE DA FAMILIA MILANE II;F;17.04.2026;FLAVIA_RODRIGUES;17.04.2026;FLAVIA_RODRIGUES;24.20;PENDENTE;N645;02453491113;MILENA GUEDIN VARGAS
662741137;0076132;0205020097;ULTRA-SONOGRAFIA DE MAMAS (BILATERAL);30097886149;CLEIDE CARVALHO SILVA DOS SANTOS;20.05.2026;13:00;0;705003220857952;SUELI PEREIRA DOS SANTOS;11.09.1965;60;728;JENI ALVES DOS SANTOS;FAZENDA;PONTE VERMELHA;;S/N;ZONA RURAL;79490000;(67)99329-4088 / (67)99945-6301 / (67)99610-8603;SAO GABRIEL DO OESTE;500769;SAO GABRIEL DO OESTE;500769;3400964;UNIDADE DE SAUDE DA FAMILIA RURAL VII;F;17.04.2026;CLEIDIANE_RURALVII;17.04.2026;CLEIDIANE_RURALVII;24.20;PENDENTE;N64;00612619630;KALYNKA SILVIA HIGINO
662748751;0076168;0205020186;ULTRA-SONOGRAFIA TRANSVAGINAL;30097886149;CLEIDE CARVALHO SILVA DOS SANTOS;14.05.2026;07:00;0;704006831875561;MILAINE BARBOSA ALVES;24.12.2003;22;269;ADRIANA BARBOSA BAIONA;RUA;PIRATINI;CASA1;384;MILANI;79490000;(67)98412-0185;SAO GABRIEL DO OESTE;500769;SAO GABRIEL DO OESTE;500769;8176132;CASA ROSA;F;17.04.2026;ANACLAUDIA_PASCOAL;17.04.2026;ANACLAUDIA_PASCOAL;24.20;CONFIRMADO;Z00;91415799172;ALESSANDRA REGINA GOMES RODOVALHO
662759422;0076168;0205020186;ULTRA-SONOGRAFIA TRANSVAGINAL;30097886149;CLEIDE CARVALHO SILVA DOS SANTOS;14.05.2026;07:00;0;700503584426855;MARIA FERNANDA NOGUEIRA;15.09.2004;21;260;ARLI PEREIRA MESQUITA;RUA;SUCUPIRA;;305;SÃO CRISTOVÃO;79490000;(67)99644-0202;SAO GABRIEL DO OESTE;500769;SAO GABRIEL DO OESTE;500769;8176132;CASA ROSA;F;17.04.2026;TAINAOLIVEIRA;17.04.2026;TAINAOLIVEIRA;24.20;CONFIRMADO;Z316;;PAULO FENELON
662760943;0511032;0205020143;ULTRASSONOGRAFIA OBSTETRICA                                                                         ;30097886149;CLEIDE CARVALHO SILVA DOS SANTOS;06.05.2026;07:00;0;705005436672855;JESSICA DE SOUZA GOMES;01.10.1998;27;331;FATIMA IZIDORA DE SOUZA;RUA;SANTA MARIA;;17;MILANI;79492074;(67)99667-4038;SAO GABRIEL DO OESTE;500769;SAO GABRIEL DO OESTE;500769;2370972;UNIDADE DE SAUDE DA FAMILIA MILANE II;F;17.04.2026;FLAVIA_RODRIGUES;17.04.2026;FLAVIA_RODRIGUES;24.20;CONFIRMADO;Z34;02453491113;MILENA GUEDIN VARGAS
662780948;0076168;0205020186;ULTRA-SONOGRAFIA TRANSVAGINAL;30097886149;CLEIDE CARVALHO SILVA DOS SANTOS;14.05.2026;07:00;0;704304557663391;FRANCISCA MARIA DE OLIVEIRA;10.11.1956;69;834;MARIA DE JESUS DA SILVA;RUA;TUIUIU;;971;JARDIM GRAMADO;79490000;(67)99637-1721 / (67)9637-1721;SAO GABRIEL DO OESTE;500769;SAO GABRIEL DO OESTE;500769;2370980;UNIDADE DE SAUDE DA FAMILIA JARDIM GRAMADO I;F;17.04.2026;ELIANI_MOREIRA;17.04.2026;ELIANI_MOREIRA;24.20;CONFIRMADO;Z000;;HUSSEM KHALIL FARES
662786668;0511032;0205020143;ULTRASSONOGRAFIA OBSTETRICA                                                                         ;30097886149;CLEIDE CARVALHO SILVA DOS SANTOS;06.05.2026;13:00;0;701306644474330;FATIMA VIEIRA DA SILVA;01.02.1993;33;399;SANDRA MICIA VIEIRA;RUA;H;;437;CIDADE JARDIM;79492128;(67)99857-9982;SAO GABRIEL DO OESTE;500769;SAO GABRIEL DO OESTE;500769;2370972;UNIDADE DE SAUDE DA FAMILIA MILANE II;F;17.04.2026;FLAVIA_RODRIGUES;17.04.2026;FLAVIA_RODRIGUES;24.20;CONFIRMADO;Z34;;JULIANA P BARTHIMANN
662799084;0076168;0205020186;ULTRA-SONOGRAFIA TRANSVAGINAL;30097886149;CLEIDE CARVALHO SILVA DOS SANTOS;14.05.2026;07:00;0;700007422326403;LUCIENE VILLA REAL ROBERTO;01.01.1989;37;448;IRMA VILLA REAL ROBERTO;FAZENDA;AREIA AZUL;;S/N;ZONA RURAL;79424000;(67)99646-9975;CAMAPUA;500260;SAO GABRIEL DO OESTE;500769;2370972;UNIDADE DE SAUDE DA FAMILIA MILANE II;F;17.04.2026;VANESSAMARTINS_AREADO;17.04.2026;VANESSAMARTINS_AREADO;24.20;PENDENTE;N80;83798633134;JOAO BAPTISTA BARBOSA SOUZA
662801670;0511032;0205020143;ULTRASSONOGRAFIA OBSTETRICA                                                                         ;30097886149;CLEIDE CARVALHO SILVA DOS SANTOS;06.05.2026;07:00;0;705600481809112;FRANCILAINE CHIMENES DOS SANTOS;30.03.1998;28;337;TEREZA CHIMENES DA SILVA;RUA;DOS PARDAIS 1/99998;;943;FENIX;79491064;(67)98418-1650;SAO GABRIEL DO OESTE;500769;SAO GABRIEL DO OESTE;500769;2370999;UNIDADE DE SAUDE DA FAMILIA FENIX IV;F;17.04.2026;GUSTAVO_PIAIA;17.04.2026;GUSTAVO_PIAIA;24.20;CONFIRMADO;Z34;96245646120;RAFAELLA MARIA COSTA GOIS DE FIGUEIREDO
662805396;0511032;0205020143;ULTRASSONOGRAFIA OBSTETRICA                                                                         ;30097886149;CLEIDE CARVALHO SILVA DOS SANTOS;06.05.2026;07:00;0;704502375857219;CAMILA NASCIMENTO MARTINS;05.11.1994;31;378;ADRIANA NASCIMENTO MARTINS;RUA;8 DE ABRIL;;1587;FENIX;79491114;(67)99662-7194;SAO GABRIEL DO OESTE;500769;SAO GABRIEL DO OESTE;500769;2370999;UNIDADE DE SAUDE DA FAMILIA FENIX IV;F;17.04.2026;GUSTAVO_PIAIA;17.04.2026;GUSTAVO_PIAIA;24.20;CONFIRMADO;Z36;;MAIARA RAMOS DA SILVA
662808850;0511032;0205020143;ULTRASSONOGRAFIA OBSTETRICA                                                                         ;30097886149;CLEIDE CARVALHO SILVA DOS SANTOS;06.05.2026;07:00;0;705002804005750;MARIA EDNA DA SILVA MACEDO;11.07.2000;25;310;FRANCISCA IZABEL DA SILVA;RUA;DAS PERDIZES 965/99998;;1478;SAO CRISTOVAO;79491192;(67)99820-4376;SAO GABRIEL DO OESTE;500769;SAO GABRIEL DO OESTE;500769;7002084;UNIDADE DE SAUDE DA FAMILIA IX;F;17.04.2026;AMANDALUIZA_BIAZUS;17.04.2026;AMANDALUIZA_BIAZUS;24.20;CONFIRMADO;Z00;96040653191;PAULO FENELON MARINHO
662825087;0511032;0205020143;ULTRASSONOGRAFIA OBSTETRICA                                                                         ;30097886149;CLEIDE CARVALHO SILVA DOS SANTOS;06.05.2026;07:00;0;700006211370908;PATRICIA ESPINDOLA;04.01.1999;27;328;CLAUDIENE ESPINDOLA;RUA;AROEIRA;;222;SAO CRISTOVAO;79491190;(67)99673-1481;SAO GABRIEL DO OESTE;500769;SAO GABRIEL DO OESTE;500769;7002084;UNIDADE DE SAUDE DA FAMILIA IX;F;17.04.2026;AMANDALUIZA_BIAZUS;17.04.2026;AMANDALUIZA_BIAZUS;24.20;PENDENTE;Z34;06901507925;EVELYN KASSIA TUDISCO FERNANDES
662829419;0511032;0205020143;ULTRASSONOGRAFIA OBSTETRICA                                                                         ;30097886149;CLEIDE CARVALHO SILVA DOS SANTOS;06.05.2026;07:00;0;704707721777039;MAYARA PEREIRA MARTINS;17.11.1995;30;366;NOEMI PAIAO PEREIRA;RUA;TANGARA;CASA 2;225;FENIX;79491106;(67)99628-5826;SAO GABRIEL DO OESTE;500769;SAO GABRIEL DO OESTE;500769;7002084;UNIDADE DE SAUDE DA FAMILIA IX;F;17.04.2026;AMANDALUIZA_BIAZUS;17.04.2026;AMANDALUIZA_BIAZUS;24.20;CONFIRMADO;Z00;96040653191;PAULO FENELON MARINHO
662903659;0076158;0205020160;ULTRA-SONOGRAFIA PELVICA;30097886149;CLEIDE CARVALHO SILVA DOS SANTOS;04.05.2026;13:00;0;706805266683321;ANA CLARA SILVA ARANTES;12.09.2010;15;188;MARLEI FERREIRA DA SILVA;FAZENDA;CACULA;;S/N;RURAL;79550000;(67)99676-7389;COSTA RICA;500325;SAO GABRIEL DO OESTE;500769;2370980;UNIDADE DE SAUDE DA FAMILIA JARDIM GRAMADO I;F;17.04.2026;ELIANI_MOREIRA;17.04.2026;ELIANI_MOREIRA;24.20;PENDENTE;R10;01454652179;MAYARA MARIA MELKE GUIMARAES
662910238;0076168;0205020186;ULTRA-SONOGRAFIA TRANSVAGINAL;30097886149;CLEIDE CARVALHO SILVA DOS SANTOS;14.05.2026;07:00;0;706701591952716;JOCIMARA MARIA DE OLIVEIRA;21.07.1981;44;538;ALICE MONTEIRO DE OLIVEIRA;RUA;DOS CANARIOS 1/1465;;1261;JARDIM GRAMADO;79491008;(65)99935-6339;SAO GABRIEL DO OESTE;500769;SAO GABRIEL DO OESTE;500769;2370980;UNIDADE DE SAUDE DA FAMILIA JARDIM GRAMADO I;F;17.04.2026;ELIANI_MOREIRA;17.04.2026;ELIANI_MOREIRA;24.20;CONFIRMADO;R10;01454652179;MAYARA MARIA MELKE GUIMARAES
662918574;0076168;0205020186;ULTRA-SONOGRAFIA TRANSVAGINAL;30097886149;CLEIDE CARVALHO SILVA DOS SANTOS;14.05.2026;13:00;0;702407044944725;LEDA VANIA CONCEICAO DA SILVA;22.10.1981;44;535;IVONE MARIA DA SILVA;RUA;SANTA MARIA;;8;MILANI;79492074;(67)99820-9444;SAO GABRIEL DO OESTE;500769;SAO GABRIEL DO OESTE;500769;2370972;UNIDADE DE SAUDE DA FAMILIA MILANE II;F;17.04.2026;FLAVIA_RODRIGUES;17.04.2026;FLAVIA_RODRIGUES;24.20;CONFIRMADO;R10;02453491113;MILENA GUEDIN VARGAS
662921865;0076168;0205020186;ULTRA-SONOGRAFIA TRANSVAGINAL;30097886149;CLEIDE CARVALHO SILVA DOS SANTOS;14.05.2026;13:00;0;700401949992447;GISELE CRISTINA DE OLIVEIRA DA SILVA;04.05.1990;36;432;MARIA DAS DORES DE OLIVEIRA DA SILVA;AREA;NOSSA SENHORA APARECIDA II;;S/N;AREA RURAL DE SAO GABRIEL DO OESTE;79493899;(67)99836-9244;SAO GABRIEL DO OESTE;500769;SAO GABRIEL DO OESTE;500769;3400964;UNIDADE DE SAUDE DA FAMILIA RURAL VII;F;17.04.2026;JESSICA_MONTEIRO;17.04.2026;JESSICA_MONTEIRO;24.20;CONFIRMADO;Z10;00612619630;KALYNKA SILVIA HIGINO
662926726;0076168;0205020186;ULTRA-SONOGRAFIA TRANSVAGINAL;30097886149;CLEIDE CARVALHO SILVA DOS SANTOS;14.05.2026;13:00;0;700000684061702;RENATA DOS SANTOS MAGRINI;04.09.1988;37;452;MARIA LUCIA DOS SANTOS;RUA;F;;368;CIDADE JARDIM;79492124;(67)98449-8331;SAO GABRIEL DO OESTE;500769;SAO GABRIEL DO OESTE;500769;2370972;UNIDADE DE SAUDE DA FAMILIA MILANE II;F;17.04.2026;FLAVIA_RODRIGUES;17.04.2026;FLAVIA_RODRIGUES;24.20;PENDENTE;Z014;02453491113;MILENA GUEDIN VARGAS
662943513;0511032;0205020143;ULTRASSONOGRAFIA OBSTETRICA                                                                         ;30097886149;CLEIDE CARVALHO SILVA DOS SANTOS;20.05.2026;07:00;0;704707762261630;RAQUEL COUTO MOREIRA;27.05.2004;21;263;ROSANA COUTO NASCIMENTO;RUA;QUERO-QUERO 1/99998;CASA 51;1542;SAO CRISTOVAO;79491202;(67)99873-8439;SAO GABRIEL DO OESTE;500769;SAO GABRIEL DO OESTE;500769;7002084;UNIDADE DE SAUDE DA FAMILIA IX;F;17.04.2026;AMANDALUIZA_BIAZUS;17.04.2026;AMANDALUIZA_BIAZUS;24.20;PENDENTE;Z00;96040653191;PAULO FENELON MARINHO
663162019;0076168;0205020186;ULTRA-SONOGRAFIA TRANSVAGINAL;30097886149;CLEIDE CARVALHO SILVA DOS SANTOS;14.05.2026;13:00;0;704207748135083;ROSILENE ROSA DUTRA;29.08.1991;34;416;MARIA EVA CAMPOS DA ROSA;RUA;AMAZONAS;;2595;AMABILE MAFFISSONI;79490104;(67)98195-2530 / (67)99871-5972;SAO GABRIEL DO OESTE;500769;SAO GABRIEL DO OESTE;500769;8176132;CASA ROSA;F;22.04.2026;ANACLAUDIA_PASCOAL;22.04.2026;ANACLAUDIA_PASCOAL;24.20;CONFIRMADO;Z014;10963419641;MARIA FERNANDA DIAS BASILIO
663170035;0076168;0205020186;ULTRA-SONOGRAFIA TRANSVAGINAL;30097886149;CLEIDE CARVALHO SILVA DOS SANTOS;07.05.2026;13:00;0;706701591952716;JOCIMARA MARIA DE OLIVEIRA;21.07.1981;44;538;ALICE MONTEIRO DE OLIVEIRA;RUA;DOS CANARIOS 1/1465;;1261;JARDIM GRAMADO;79491008;(65)99935-6339;SAO GABRIEL DO OESTE;500769;SAO GABRIEL DO OESTE;500769;2370980;UNIDADE DE SAUDE DA FAMILIA JARDIM GRAMADO I;F;22.04.2026;ELIANI_MOREIRA;30.04.2026;VANIA_MARIANO;24.20;PENDENTE;Z00;;BERNARDO MEDEIROS MAIA
663196197;0511032;0205020143;ULTRASSONOGRAFIA OBSTETRICA                                                                         ;30097886149;CLEIDE CARVALHO SILVA DOS SANTOS;06.05.2026;07:00;0;700603983348563;NEUCILLENE DA SILVA RODRIGUES;27.12.1987;38;460;LUCEMAR DA SILVA JESUS RODRIGUES;RUA;DAS ANHUMAS 1466/99999;;1846;FENIX;79491090;(67)99655-2356;SAO GABRIEL DO OESTE;500769;SAO GABRIEL DO OESTE;500769;2370999;UNIDADE DE SAUDE DA FAMILIA FENIX IV;F;22.04.2026;GUSTAVO_PIAIA;22.04.2026;GUSTAVO_PIAIA;24.20;CONFIRMADO;Z34;96245646120;RAFAELLA MARIA COSTA GOIS DE FIGUEIREDO
663211452;0076132;0205020097;ULTRA-SONOGRAFIA DE MAMAS (BILATERAL);30097886149;CLEIDE CARVALHO SILVA DOS SANTOS;27.05.2026;13:00;0;709809016793896;MARIA LUCIA LEAO NOGUEIRA;09.07.1957;68;826;LOURDES LEAO NOGUEIRA;RUA;ACESSO;CASA;S/N;SANTA CLARA;78895000;(67)99614-8074;SORRISO;510792;SAO GABRIEL DO OESTE;500769;8176132;CASA ROSA;F;22.04.2026;TAINAOLIVEIRA;22.04.2026;TAINAOLIVEIRA;24.20;PENDENTE;Z00;;JOSE JULIO 
663219515;0511032;0205020143;ULTRASSONOGRAFIA OBSTETRICA                                                                         ;30097886149;CLEIDE CARVALHO SILVA DOS SANTOS;06.05.2026;07:00;0;700604945986567;GISLAINE ALVES DOS SANTOS;11.01.2001;25;304;IVANETE VALENTE ALVES;RUA;QUERO-QUERO 1/99998;CASA 80;1542;SAO CRISTOVAO;79491202;(67)99849-5930;SAO GABRIEL DO OESTE;500769;SAO GABRIEL DO OESTE;500769;7002084;UNIDADE DE SAUDE DA FAMILIA IX;F;22.04.2026;AMANDALUIZA_BIAZUS;22.04.2026;AMANDALUIZA_BIAZUS;24.20;CONFIRMADO;Z000;01415181110;ANGELA BENITES
663238440;0076168;0205020186;ULTRA-SONOGRAFIA TRANSVAGINAL;30097886149;CLEIDE CARVALHO SILVA DOS SANTOS;19.05.2026;07:00;0;700505145717156;GILCELIA DALTRO BACELAR FERNANDES;29.12.1980;45;544;VERA LUCIA DALTRO BACELAR;AVENIDA;TUIUIU 1466/99998;;1883;FENIX;79491076;(71)98270-0894;SAO GABRIEL DO OESTE;500769;SAO GABRIEL DO OESTE;500769;2370999;UNIDADE DE SAUDE DA FAMILIA FENIX IV;F;22.04.2026;GUSTAVO_PIAIA;22.04.2026;GUSTAVO_PIAIA;24.20;PENDENTE;Z30;96245646120;RAFAELLA MARIA COSTA GOIS DE FIGUEIREDO
663323626;0076168;0205020186;ULTRA-SONOGRAFIA TRANSVAGINAL;30097886149;CLEIDE CARVALHO SILVA DOS SANTOS;21.05.2026;13:00;0;706400607201789;FRANCIELE PIRES VIEIRA;01.08.1991;34;417;EVA GLOVACKI VIEIRA;RUA;JOAO EVANGELISTA ROSA;;929;CENTRO;79490000;(67)99840-8321;SAO GABRIEL DO OESTE;500769;SAO GABRIEL DO OESTE;500769;8176132;CASA ROSA;F;22.04.2026;TAINAOLIVEIRA;22.04.2026;TAINAOLIVEIRA;24.20;PENDENTE;Z00;95747818104;VANESSA BRESCHI
663324178;0076132;0205020097;ULTRA-SONOGRAFIA DE MAMAS (BILATERAL);30097886149;CLEIDE CARVALHO SILVA DOS SANTOS;20.05.2026;13:00;0;706400607201789;FRANCIELE PIRES VIEIRA;01.08.1991;34;417;EVA GLOVACKI VIEIRA;RUA;JOAO EVANGELISTA ROSA;;929;CENTRO;79490000;(67)99840-8321;SAO GABRIEL DO OESTE;500769;SAO GABRIEL DO OESTE;500769;8176132;CASA ROSA;F;22.04.2026;TAINAOLIVEIRA;22.04.2026;TAINAOLIVEIRA;24.20;PENDENTE;Z00;95747818104;VANESSA BRESCHI
663338606;0076168;0205020186;ULTRA-SONOGRAFIA TRANSVAGINAL;30097886149;CLEIDE CARVALHO SILVA DOS SANTOS;14.05.2026;13:00;0;705608413901316;JOSIANE JOSE DE OLIVEIRA;09.09.1997;28;344;MARIA LUCINEIDE DA SILVA;RUA;DAS ANHUMAS 1466/99999;;1792;FENIX;79491090;(67)99350-3635;SAO GABRIEL DO OESTE;500769;SAO GABRIEL DO OESTE;500769;2370999;UNIDADE DE SAUDE DA FAMILIA FENIX IV;F;22.04.2026;GUSTAVO_PIAIA;22.04.2026;GUSTAVO_PIAIA;24.20;PENDENTE;D259;00703866176;ALCIDES EDUARDO EIBEL
663354437;0076132;0205020097;ULTRA-SONOGRAFIA DE MAMAS (BILATERAL);30097886149;CLEIDE CARVALHO SILVA DOS SANTOS;27.05.2026;13:00;0;701202023821410;MARIA DA GLORIA DOS SANTOS;23.12.1969;56;677;ROSA MARIA DOS SANTOS;RUA;CASTANHEIRA;;387;FLOR DO CERRADO;79490000;(67)99672-8664;SAO GABRIEL DO OESTE;500769;SAO GABRIEL DO OESTE;500769;6452116;CENTRO DE ESPECIALIDADES MEDICAS;F;22.04.2026;ARI_CEM;22.04.2026;ARI_CEM;24.20;PENDENTE;N951;;VANESSA BRESCHI
663374802;0076158;0205020160;ULTRA-SONOGRAFIA PELVICA;30097886149;CLEIDE CARVALHO SILVA DOS SANTOS;04.05.2026;13:00;0;701405694465031;ANA JULIA SILVA SANTOS;18.02.2016;10;123;LUCIANA FRANCISCA DA SILVA;RUA;JOAO RODRIGUES DE MIRANDA;CASA;1494;PRIMO MAFFISSONI;79490000;(67)99901-9156 / (67)99901-9156;SAO GABRIEL DO OESTE;500769;SAO GABRIEL DO OESTE;500769;8176132;CASA ROSA;F;22.04.2026;ANACLAUDIA_PASCOAL;22.04.2026;ANACLAUDIA_PASCOAL;24.20;PENDENTE;Z00;57255873120;CLODOALDO SABINO DA SILVA
663377391;0511032;0205020143;ULTRASSONOGRAFIA OBSTETRICA                                                                         ;30097886149;CLEIDE CARVALHO SILVA DOS SANTOS;06.05.2026;07:00;0;702403559180829;MARIA EDUARDA PEREIRA MESQUITA;22.09.2004;21;260;ELIENE PEREIRA VIEIRA;RUA;TANGARA;;401;FENIX;79491106;(67)99823-2814;SAO GABRIEL DO OESTE;500769;SAO GABRIEL DO OESTE;500769;7002084;UNIDADE DE SAUDE DA FAMILIA IX;F;22.04.2026;AMANDALUIZA_BIAZUS;22.04.2026;AMANDALUIZA_BIAZUS;24.20;CONFIRMADO;Z000;01415181110;ANGELA BENITES
663378060;0076168;0205020186;ULTRA-SONOGRAFIA TRANSVAGINAL;30097886149;CLEIDE CARVALHO SILVA DOS SANTOS;19.05.2026;07:00;0;700506344220155;MIRELE ALVES PEREIRA;13.03.2004;22;266;DELITIAN ALVES DE LIMA;RUA;CANARIOS;;461;JARDIM GRAMADO;79490000;(67)99877-6103 / (67)99263-1288;SAO GABRIEL DO OESTE;500769;SAO GABRIEL DO OESTE;500769;8176132;CASA ROSA;F;22.04.2026;ANACLAUDIA_PASCOAL;22.04.2026;ANACLAUDIA_PASCOAL;24.20;PENDENTE;Z00;95747818104;VANESSA BRESCHI
663432356;0511032;0205020143;ULTRASSONOGRAFIA OBSTETRICA                                                                         ;30097886149;CLEIDE CARVALHO SILVA DOS SANTOS;06.05.2026;13:00;0;709601613031974;RAISSA RODRIGUES AMORIM;15.04.2000;26;313;LUCELI RODRIGUES RUAS;RUA;PELICANOS;;996;JARDIM GRAMADO;79490000;(67)99873-8634;SAO GABRIEL DO OESTE;500769;SAO GABRIEL DO OESTE;500769;8176132;CASA ROSA;F;23.04.2026;TAINAOLIVEIRA;23.04.2026;TAINAOLIVEIRA;24.20;CONFIRMADO;Z00;95747818104;VANESSA BRESCHI
663440839;0076168;0205020186;ULTRA-SONOGRAFIA TRANSVAGINAL;30097886149;CLEIDE CARVALHO SILVA DOS SANTOS;19.05.2026;07:00;0;700804900277786;APARECIDA GONCALVES SENNE RODRIGUES;25.04.1959;67;805;MARIA GONCALVES SENNE;RUA;DAS ANHUMAS 1/1465;;1180;JARDIM GRAMADO;79491016;(11)91179-8866;SAO GABRIEL DO OESTE;500769;SAO GABRIEL DO OESTE;500769;8176132;CASA ROSA;F;23.04.2026;TAINAOLIVEIRA;23.04.2026;TAINAOLIVEIRA;24.20;PENDENTE;Z00;88308499953;LUCINALDO BASSO
663512212;0076168;0205020186;ULTRA-SONOGRAFIA TRANSVAGINAL;30097886149;CLEIDE CARVALHO SILVA DOS SANTOS;19.05.2026;13:00;0;705006244291854;ANA BEATRIZ TEIXEIRA ANTONIO;15.05.2011;15;180;DAYANE TEIXEIRA SALVADOR;RUA;B;;809;CIDADE JARDIM;79492112;(67)99893-2904;SAO GABRIEL DO OESTE;500769;SAO GABRIEL DO OESTE;500769;8176132;CASA ROSA;F;23.04.2026;TAINAOLIVEIRA;23.04.2026;TAINAOLIVEIRA;24.20;PENDENTE;Z014;10963419641;MARIA FERNANDA DIAS BASILIO
663514909;0076168;0205020186;ULTRA-SONOGRAFIA TRANSVAGINAL;30097886149;CLEIDE CARVALHO SILVA DOS SANTOS;19.05.2026;07:00;0;702409035159621;FERNANDA DOS SANTOS TEIXEIRA;16.11.1986;39;474;MARINA DOS SANTOS PEREIRA TEIXEIRA;RUA;TANGARÁ;;281;SÃO CRISTOVÃO;79491176;(67)99826-7421;SAO GABRIEL DO OESTE;500769;SAO GABRIEL DO OESTE;500769;7002084;UNIDADE DE SAUDE DA FAMILIA IX;F;23.04.2026;AMANDALUIZA_BIAZUS;23.04.2026;AMANDALUIZA_BIAZUS;24.20;PENDENTE;Z000;01415181110;ANGELA BENITES
663533857;0076132;0205020097;ULTRA-SONOGRAFIA DE MAMAS (BILATERAL);30097886149;CLEIDE CARVALHO SILVA DOS SANTOS;27.05.2026;13:00;0;701803201028970;CRISTIANE NASCIMENTO SANTOS SOUZA;07.04.1985;41;493;MARIA APARECIDA BALBINO NASCIMENTO SANTOS;RUA;ANGICO;;247;SÃO CRISTOVÃO;79490000;(67)99890-1953 / (67)99819-8855;SAO GABRIEL DO OESTE;500769;SAO GABRIEL DO OESTE;500769;8176132;CASA ROSA;F;23.04.2026;TAINAOLIVEIRA;23.04.2026;TAINAOLIVEIRA;24.20;PENDENTE;Z014;10963419641;MARIA FERNANDA DIAS BASILIO
663534490;0076168;0205020186;ULTRA-SONOGRAFIA TRANSVAGINAL;30097886149;CLEIDE CARVALHO SILVA DOS SANTOS;26.05.2026;13:00;0;701803201028970;CRISTIANE NASCIMENTO SANTOS SOUZA;07.04.1985;41;493;MARIA APARECIDA BALBINO NASCIMENTO SANTOS;RUA;ANGICO;;247;SÃO CRISTOVÃO;79490000;(67)99890-1953 / (67)99819-8855;SAO GABRIEL DO OESTE;500769;SAO GABRIEL DO OESTE;500769;8176132;CASA ROSA;F;23.04.2026;TAINAOLIVEIRA;23.04.2026;TAINAOLIVEIRA;24.20;PENDENTE;Z014;10963419641;MARIA FERNANDA DIAS BASILIO
663585238;0076168;0205020186;ULTRA-SONOGRAFIA TRANSVAGINAL;30097886149;CLEIDE CARVALHO SILVA DOS SANTOS;19.05.2026;13:00;0;708705196154098;THALIA FERNANDA FONSECA;26.11.1999;26;317;ROSANGELA DA FONSECA;GRANJA;BREJÃO;;S/N;RURAL;79490000;(67)99852-5814;SAO GABRIEL DO OESTE;500769;SAO GABRIEL DO OESTE;500769;3400964;UNIDADE DE SAUDE DA FAMILIA RURAL VII;F;23.04.2026;DULCINEIA_MOCCELIN;23.04.2026;DULCINEIA_MOCCELIN;24.20;PENDENTE;Z014;;MARIA FERNANDA DIAS
663600558;0511032;0205020143;ULTRASSONOGRAFIA OBSTETRICA                                                                         ;30097886149;CLEIDE CARVALHO SILVA DOS SANTOS;06.05.2026;13:00;0;701402616473339;MARIA ANTONIA RODRIGUES ALVES DA SILVA;13.06.1995;30;371;MARIA DE LOURDES RODRIGUES DA SILVA;RUA;ALAGOAS 2400/99999;;3017;JARDIM PRIMAVERA;79490172;(67)98136-6324;SAO GABRIEL DO OESTE;500769;SAO GABRIEL DO OESTE;500769;2370964;UNIDADE DE SAUDE DA FAMILIA III;F;23.04.2026;ANACLAUDIA_NOGUEIRA;23.04.2026;ANACLAUDIA_NOGUEIRA;24.20;CONFIRMADO;Z349;02611833974;HUDSON PERES DORIGAO BELISARIO DE SOUZA
663601405;0076168;0205020186;ULTRA-SONOGRAFIA TRANSVAGINAL;30097886149;CLEIDE CARVALHO SILVA DOS SANTOS;19.05.2026;07:00;0;705007062717857;ROSEANE MARIA DA SILVA MACIEL;04.07.1988;37;454;MARIA JOSE DA SILVA;FAZENDA;ESTANCIA VALE DOS SONHOS;;S/N;ZONA RURAL;79493899;(67)99670-5385;SAO GABRIEL DO OESTE;500769;SAO GABRIEL DO OESTE;500769;8176132;CASA ROSA;F;23.04.2026;ANACLAUDIA_PASCOAL;23.04.2026;ANACLAUDIA_PASCOAL;24.20;PENDENTE;Z00;95747818104;VANESSA BRESCHI
663732251;0511032;0205020143;ULTRASSONOGRAFIA OBSTETRICA                                                                         ;30097886149;CLEIDE CARVALHO SILVA DOS SANTOS;13.05.2026;07:00;0;700306977610338;IONARA SOUZA DA SILVA;17.03.1999;27;326;IONE MARTINS DE SOUZA;RUA;ALAGOAS;CASA 4;1114;PRIMO MAFFISSONI;79490258;(67)99959-2454;SAO GABRIEL DO OESTE;500769;SAO GABRIEL DO OESTE;500769;2370972;UNIDADE DE SAUDE DA FAMILIA MILANE II;F;24.04.2026;FLAVIA_RODRIGUES;24.04.2026;FLAVIA_RODRIGUES;24.20;CONFIRMADO;Z34;02453491113;MILENA GUEDIN VARGAS
663740750;0076132;0205020097;ULTRA-SONOGRAFIA DE MAMAS (BILATERAL);30097886149;CLEIDE CARVALHO SILVA DOS SANTOS;27.05.2026;13:00;0;702304120610118;ELIANE PEREIRA BERNARDO;08.08.1985;40;489;ABADIA VASCONCELOS BERNARDO;RUA;QUERO QUERO;;490;FENIX;79490000;(67)99661-0808 / (67)99661-0808;SAO GABRIEL DO OESTE;500769;SAO GABRIEL DO OESTE;500769;8176132;CASA ROSA;F;24.04.2026;TAINAOLIVEIRA;24.04.2026;TAINAOLIVEIRA;24.20;PENDENTE;Z014;10963419641;MARIA FERNANDA DIAS BASILIO
663782180;0076168;0205020186;ULTRA-SONOGRAFIA TRANSVAGINAL;30097886149;CLEIDE CARVALHO SILVA DOS SANTOS;19.05.2026;07:00;0;700502138552152;LINDAURA CARLOS DA SILVA;01.02.1976;50;603;APARECIDA DOS SANTOS CARLOS;RUA;RIO GRANDE DO SUL;;925;CENTRO;79490000;(67)9954-9563;SAO GABRIEL DO OESTE;500769;SAO GABRIEL DO OESTE;500769;8176132;CASA ROSA;F;24.04.2026;ANACLAUDIA_PASCOAL;24.04.2026;ANACLAUDIA_PASCOAL;24.20;PENDENTE;Z014;10963419641;MARIA FERNANDA DIAS BASILIO
663859511;0076168;0205020186;ULTRA-SONOGRAFIA TRANSVAGINAL;30097886149;CLEIDE CARVALHO SILVA DOS SANTOS;19.05.2026;07:00;0;700801445641086;LIANDRA DE OLIVEIRA PEREIRA;12.02.1991;35;423;MARIA GLORIA FRANCISCA ROSA;RUA;DOS CARDIAIS;CASA;234;JARDIM GRAMADO;79490000;(67)99939-5542;SAO GABRIEL DO OESTE;500769;SAO GABRIEL DO OESTE;500769;2370980;UNIDADE DE SAUDE DA FAMILIA JARDIM GRAMADO I;F;24.04.2026;ELIANI_MOREIRA;24.04.2026;ELIANI_MOREIRA;24.20;PENDENTE;N912;96040653191;PAULO FENELON MARINHO
663871190;0076168;0205020186;ULTRA-SONOGRAFIA TRANSVAGINAL;30097886149;CLEIDE CARVALHO SILVA DOS SANTOS;19.05.2026;07:00;0;700009553288507;ANA ERICA JESUS DE OLIVEIRA;23.01.1981;45;544;NAIR DE FATIMA DE OLIVEIRA;RUA;O;;896;CIDADE JARDIM 2;79492144;(67)99305-2359;SAO GABRIEL DO OESTE;500769;SAO GABRIEL DO OESTE;500769;2370972;UNIDADE DE SAUDE DA FAMILIA MILANE II;F;24.04.2026;FLAVIA_RODRIGUES;24.04.2026;FLAVIA_RODRIGUES;24.20;PENDENTE;Z014;02453491113;MILENA GUEDIN VARGAS
663873041;0076168;0205020186;ULTRA-SONOGRAFIA TRANSVAGINAL;30097886149;CLEIDE CARVALHO SILVA DOS SANTOS;19.05.2026;13:00;0;706203591366465;ESTER VIEBRANTZ VERAS;09.12.2005;20;245;GLORIA BERTON VIEBRANTZ;RUA;GOIÁS;;2873;AMBILE MAFFISSONI;79490000;(67)99930-2959;SAO GABRIEL DO OESTE;500769;SAO GABRIEL DO OESTE;500769;8176132;CASA ROSA;F;24.04.2026;ANACLAUDIA_PASCOAL;24.04.2026;ANACLAUDIA_PASCOAL;24.20;PENDENTE;Z00;;HUDSON
663873709;0076145;0205020127;ULTRA-SONOGRAFIA DE TIREOIDE;30097886149;CLEIDE CARVALHO SILVA DOS SANTOS;08.05.2026;07:00;0;703202654565596;MARIZETE DA SILVA DIVINO;06.06.1984;41;503;MARIA DA SILVA DIVINO;RUA;TANGARA;;347;FÊNIX;79490000;(67)99948-5904 / (67)99948-5904;SAO GABRIEL DO OESTE;500769;SAO GABRIEL DO OESTE;500769;7002084;UNIDADE DE SAUDE DA FAMILIA IX;F;24.04.2026;AMANDALUIZA_BIAZUS;24.04.2026;AMANDALUIZA_BIAZUS;24.20;PENDENTE;E039;06901507925;EVELYN KASSIA TUDISCO FERNANDES
663975628;0076168;0205020186;ULTRA-SONOGRAFIA TRANSVAGINAL;30097886149;CLEIDE CARVALHO SILVA DOS SANTOS;19.05.2026;13:00;0;708009860755221;MARIA APARECIDA SOUZA POLICARPO;17.07.1975;50;610;MEIRE VILMA DE SOUZA POLICARPO;RUA;PERNAMBUCO;;1054;PRIMO MAFFISSONI;79490260;(67)99659-0724;SAO GABRIEL DO OESTE;500769;SAO GABRIEL DO OESTE;500769;2591359;UNIDADE DE SAUDE DA FAMILIA V;F;27.04.2026;CHRISTIANEHELEN_FREITAS;27.04.2026;CHRISTIANEHELEN_FREITAS;24.20;PENDENTE;N951;04796956107;JULIANA DA ROCHA PEREIRA MENEZES
663983924;0076168;0205020186;ULTRA-SONOGRAFIA TRANSVAGINAL;30097886149;CLEIDE CARVALHO SILVA DOS SANTOS;21.05.2026;07:00;0;709207299963732;ROSANGELA GOMES DA SILVA OLIVEIRA;29.06.1978;47;574;LEONOR GOMES DA SILVA;AVENIDA;MATO GROSSO DO SUL;;2251;CENTRO;79490015;(67)99925-8986;SAO GABRIEL DO OESTE;500769;SAO GABRIEL DO OESTE;500769;2599376;UNIDADE DE SAUDE DA FAMILIA VI;F;27.04.2026;MARIANA_MARTINS;27.04.2026;MARIANA_MARTINS;24.20;PENDENTE;Z014;06437691107;MAIARA FLORES SCARIOT
664057212;0511032;0205020143;ULTRASSONOGRAFIA OBSTETRICA                                                                         ;30097886149;CLEIDE CARVALHO SILVA DOS SANTOS;13.05.2026;07:00;0;702805545445270;ANA LUIZA CITADELLA;03.07.2000;25;310;SONISE CITADELLA;AVENIDA;SAO FRANCISCO;;794;CENTRO;79490000;(67)99656-0418;SAO GABRIEL DO OESTE;500769;SAO GABRIEL DO OESTE;500769;8176132;CASA ROSA;F;27.04.2026;ANACLAUDIA_PASCOAL;27.04.2026;ANACLAUDIA_PASCOAL;24.20;CONFIRMADO;Z34;88308499953;LUCINALDO BASSO
664090710;0076145;0205020127;ULTRA-SONOGRAFIA DE TIREOIDE;30097886149;CLEIDE CARVALHO SILVA DOS SANTOS;08.05.2026;07:00;0;705602481178815;IZABEL FERREIRA DA SILVA;06.08.2004;21;261;SUELI DORNELES FERREIRA DA SILVA;RUA;TIETE;FUNDOS;46;JARDIM INDEPENDENCIA;79814410;(67)99902-4806;DOURADOS;500370;SAO GABRIEL DO OESTE;500769;8176132;CASA ROSA;F;27.04.2026;TAINAOLIVEIRA;27.04.2026;TAINAOLIVEIRA;24.20;CONFIRMADO;Z34;88308499953;LUCINALDO BASSO
664190050;0076145;0205020127;ULTRA-SONOGRAFIA DE TIREOIDE;30097886149;CLEIDE CARVALHO SILVA DOS SANTOS;08.05.2026;07:00;0;707404049440375;MARCIELI OLIVEIRA ANTUNES;06.03.1988;38;458;INI DE FATIMA ANTUNES;RUA;BOA VENTURA FERREIRA ROSA;CASA;1712;JARDIM ALVORADA;79490000;(67)99698-8988;SAO GABRIEL DO OESTE;500769;SAO GABRIEL DO OESTE;500769;2591359;UNIDADE DE SAUDE DA FAMILIA V;F;27.04.2026;CHRISTIANEHELEN_FREITAS;27.04.2026;CHRISTIANEHELEN_FREITAS;24.20;CONFIRMADO;E039;04796956107;JULIANA DA ROCHA PEREIRA MENEZES
664206793;0076158;0205020160;ULTRA-SONOGRAFIA PELVICA;30097886149;CLEIDE CARVALHO SILVA DOS SANTOS;18.05.2026;13:00;0;702403510738729;JUSSARA HELENA ARAUJO VILELA;14.09.2003;22;272;ROSALINA PEREIRA DE ARAUJO;RUA;HENRIQUETA DE JESUS;AREADO;S/N;RURAL;79490000;(67)9648-4441;SAO GABRIEL DO OESTE;500769;SAO GABRIEL DO OESTE;500769;8176132;CASA ROSA;F;27.04.2026;ANACLAUDIA_PASCOAL;27.04.2026;ANACLAUDIA_PASCOAL;24.20;PENDENTE;Z014;91415799172;ALESSANDRA REGINA GOMES RODOVALHO
664212841;0076168;0205020186;ULTRA-SONOGRAFIA TRANSVAGINAL;30097886149;CLEIDE CARVALHO SILVA DOS SANTOS;19.05.2026;13:00;0;700106925003815;ADRIANA ARANDA NASCIMENTO DE FREITAS;08.11.1982;43;522;NANCI ARANDA NASCIMENTO;RUA;CURIO;;406;JARDIM GRAMADO;79491012;(67)99804-5060;SAO GABRIEL DO OESTE;500769;SAO GABRIEL DO OESTE;500769;5971055;UNIDADE DE SAUDE DA FAMILIA VIII;F;27.04.2026;JESSICAPADILHA;27.04.2026;JESSICAPADILHA;24.20;PENDENTE;Z000;;RENNAN ORTIZ BUENO
664215378;0076168;0205020186;ULTRA-SONOGRAFIA TRANSVAGINAL;30097886149;CLEIDE CARVALHO SILVA DOS SANTOS;21.05.2026;07:00;0;702009305528482;CLARICE DOS SANTOS OLIVEIRA;02.11.1971;54;654;CREUZA JESUS DOS SANTOS OLIVEIRA;RUA;CANARIOS;CASA;1310;JARDIM GRAMADO;79490000;(67)99998-0387;SAO GABRIEL DO OESTE;500769;SAO GABRIEL DO OESTE;500769;8176132;CASA ROSA;F;27.04.2026;ANACLAUDIA_PASCOAL;27.04.2026;ANACLAUDIA_PASCOAL;24.20;PENDENTE;Z00;91415799172;ALESSANDRA REGINA GOMES RODOVALHO
664217447;0076168;0205020186;ULTRA-SONOGRAFIA TRANSVAGINAL;30097886149;CLEIDE CARVALHO SILVA DOS SANTOS;21.05.2026;07:00;0;706405678898086;MARIA APARECIDA CARLOS;12.08.1974;51;621;APARECIDA DOS SANTOS CARLOS;RUA;MENOTTI DEL PICCHIA;CASA;555;JARDIM ALVORADA;79490000;(67)99953-5772;SAO GABRIEL DO OESTE;500769;SAO GABRIEL DO OESTE;500769;7333218;UNIDADE DE SAUDE DA FAMILIA X;F;27.04.2026;RAISSASILVALIMA;27.04.2026;RAISSASILVALIMA;24.20;PENDENTE;R102;63805480172;CLEDSON PERETTI
664218300;0076145;0205020127;ULTRA-SONOGRAFIA DE TIREOIDE;30097886149;CLEIDE CARVALHO SILVA DOS SANTOS;08.05.2026;07:00;0;706405678898086;MARIA APARECIDA CARLOS;12.08.1974;51;621;APARECIDA DOS SANTOS CARLOS;RUA;MENOTTI DEL PICCHIA;CASA;555;JARDIM ALVORADA;79490000;(67)99953-5772;SAO GABRIEL DO OESTE;500769;SAO GABRIEL DO OESTE;500769;7333218;UNIDADE DE SAUDE DA FAMILIA X;F;27.04.2026;RAISSASILVALIMA;27.04.2026;RAISSASILVALIMA;24.20;CONFIRMADO;E039;63805480172;CLEDSON PERETTI
664224768;0076168;0205020186;ULTRA-SONOGRAFIA TRANSVAGINAL;30097886149;CLEIDE CARVALHO SILVA DOS SANTOS;21.05.2026;07:00;0;708402754632561;LUCIMAR ALVES DE LIMA;08.08.1981;44;537;MARIA ALVES DE LIMA;RUA;TUCANOS;CASA;155;JARDIM GRAMADO;79490000;(67)99904-5131;SAO GABRIEL DO OESTE;500769;SAO GABRIEL DO OESTE;500769;8176132;CASA ROSA;F;27.04.2026;ANACLAUDIA_PASCOAL;27.04.2026;ANACLAUDIA_PASCOAL;24.20;PENDENTE;Z00;91415799172;ALESSANDRA REGINA GOMES RODOVALHO
664233978;0076158;0205020160;ULTRA-SONOGRAFIA PELVICA;30097886149;CLEIDE CARVALHO SILVA DOS SANTOS;18.05.2026;13:00;0;704502620522520;MARIA LUZIA ALMEIDA DA SILVA;13.12.1967;58;701;OTACILIA ALMEIDA DA SILVA;RUA;PARANA;;1270;CENTRO;79490000;(67)9999-0276;SAO GABRIEL DO OESTE;500769;SAO GABRIEL DO OESTE;500769;8176132;CASA ROSA;F;27.04.2026;TAINAOLIVEIRA;27.04.2026;TAINAOLIVEIRA;24.20;PENDENTE;N95;91415799172;ALESSANDRA REGINA GOMES RODOVALHO
664243018;0076145;0205020127;ULTRA-SONOGRAFIA DE TIREOIDE;30097886149;CLEIDE CARVALHO SILVA DOS SANTOS;08.05.2026;07:00;0;700003872112001;ANA CLARA SILVA SOUZA;19.01.2011;15;184;SINTIA GONCALVES DA SILVA;RUA;SEBASTIÃO FENELON COSTA;CASA 5 - P B;1355;VILA SÃO JOÃO;79621340;(67)98137-5537;TRES LAGOAS;500830;SAO GABRIEL DO OESTE;500769;8176132;CASA ROSA;F;27.04.2026;TAINAOLIVEIRA;27.04.2026;TAINAOLIVEIRA;24.20;PENDENTE;Z00;;ANA PAULA CAVALIERI
664288985;0511032;0205020143;ULTRASSONOGRAFIA OBSTETRICA                                                                         ;30097886149;CLEIDE CARVALHO SILVA DOS SANTOS;13.05.2026;07:00;0;708009375715221;FRANCIELE FERREIRA DA CUNHA;24.10.2001;24;295;CLARICE FERREIRA;RUA;ESPIRITO SANTO;CASA 01;970;CENTRO;79490000;(67)99641-6542;SAO GABRIEL DO OESTE;500769;SAO GABRIEL DO OESTE;500769;8176132;CASA ROSA;F;28.04.2026;TAINAOLIVEIRA;28.04.2026;TAINAOLIVEIRA;24.20;CONFIRMADO;Z00;32111630187;JOSE EDACYR SIMM
664293271;0076168;0205020186;ULTRA-SONOGRAFIA TRANSVAGINAL;30097886149;CLEIDE CARVALHO SILVA DOS SANTOS;21.05.2026;13:00;0;708001325484326;MARIA ANDRADE DE OLIVEIRA;13.05.1979;47;564;MARIA ANDRADE DE OLIVEIRA;RUA;N;CASA;450;MILANI;79490000;(67)99821-5841 / (67)99977-4539;SAO GABRIEL DO OESTE;500769;SAO GABRIEL DO OESTE;500769;8176132;CASA ROSA;F;28.04.2026;TAINAOLIVEIRA;28.04.2026;TAINAOLIVEIRA;24.20;PENDENTE;N951;10963419641;MARIA FERNANDA DIAS BASILIO
664334659;0076168;0205020186;ULTRA-SONOGRAFIA TRANSVAGINAL;30097886149;CLEIDE CARVALHO SILVA DOS SANTOS;21.05.2026;13:00;0;707805650075411;FLAVIA DE SOUZA FREIRE;14.01.1982;44;532;ANA MARIA APARECIDA FREIRE;RUA;CARANGOLA;;735;JARDIM SAO CONRADO;79093031;(67)99648-7516;CAMPO GRANDE;500270;SAO GABRIEL DO OESTE;500769;7333218;UNIDADE DE SAUDE DA FAMILIA X;F;28.04.2026;RAISSASILVALIMA;28.04.2026;RAISSASILVALIMA;24.20;PENDENTE;Z00;;JOSE EDACYR SIMM
664335706;0511032;0205020143;ULTRASSONOGRAFIA OBSTETRICA                                                                         ;30097886149;CLEIDE CARVALHO SILVA DOS SANTOS;13.05.2026;07:00;0;706807783917727;RITA DE CASSIA ALVES PEREIRA MONTESSI EDUARDO;24.09.1984;41;500;ZULMIRA ALVES PEREIRA MONTESSI;RUA;AROEIRA ;CASA;544;JARDIM GRAMADO;79490000;(67)99854-8301 / (67)99616-8563;SAO GABRIEL DO OESTE;500769;SAO GABRIEL DO OESTE;500769;8176132;CASA ROSA;F;28.04.2026;ANACLAUDIA_PASCOAL;28.04.2026;ANACLAUDIA_PASCOAL;24.20;CONFIRMADO;Z359;10963419641;MARIA FERNANDA DIAS BASILIO
664344081;0511032;0205020143;ULTRASSONOGRAFIA OBSTETRICA                                                                         ;30097886149;CLEIDE CARVALHO SILVA DOS SANTOS;13.05.2026;07:00;0;700009241953505;TANIA RENATA DOS SANTOS;10.04.1995;31;373;IVONILDA APARECIDA DOS SANTOS;RUA;SARACURA 1/1465;;134;JARDIM GRAMADO;79491002;(42)99970-1043;SAO GABRIEL DO OESTE;500769;SAO GABRIEL DO OESTE;500769;2370980;UNIDADE DE SAUDE DA FAMILIA JARDIM GRAMADO I;F;28.04.2026;ELIANI_MOREIRA;28.04.2026;ELIANI_MOREIRA;24.20;CONFIRMADO;Z34;;CLAUDIA DOS SANTOS SILVA
664352519;0076168;0205020186;ULTRA-SONOGRAFIA TRANSVAGINAL;30097886149;CLEIDE CARVALHO SILVA DOS SANTOS;21.05.2026;07:00;0;702908591997770;MARIA CILENE GONCALVES DE OLIVEIRA;06.08.1974;51;621;MAIRA FERREIRA DE OLIVEIRA;RUA;ANGICO;;271;SAO CRISTOVAO;79491188;(67)99106-0010;SAO GABRIEL DO OESTE;500769;SAO GABRIEL DO OESTE;500769;7002084;UNIDADE DE SAUDE DA FAMILIA IX;F;28.04.2026;AMANDALUIZA_BIAZUS;28.04.2026;AMANDALUIZA_BIAZUS;24.20;PENDENTE;Z000;06901507925;EVELYN KASSIA TUDISCO FERNANDES
664356451;0511032;0205020143;ULTRASSONOGRAFIA OBSTETRICA                                                                         ;30097886149;CLEIDE CARVALHO SILVA DOS SANTOS;13.05.2026;07:00;0;700809955048082;PATRICIA PEREIRA DE OLIVEIRA;25.05.1997;29;348;FRANCISCA RODRIGUES DE OLIVEIRA ARAUJO;RUA;DAS ARARAS;;1979;FENIX;79491102;(67)99622-4238 / (67)99623-2919 / (67)99863-8889;SAO GABRIEL DO OESTE;500769;SAO GABRIEL DO OESTE;500769;2370999;UNIDADE DE SAUDE DA FAMILIA FENIX IV;F;28.04.2026;GUSTAVO_PIAIA;28.04.2026;GUSTAVO_PIAIA;24.20;CONFIRMADO;Z34;96245646120;RAFAELLA MARIA COSTA GOIS DE FIGUEIREDO
664362544;0511032;0205020143;ULTRASSONOGRAFIA OBSTETRICA                                                                         ;30097886149;CLEIDE CARVALHO SILVA DOS SANTOS;13.05.2026;07:00;0;708609021523781;SIMONE DOS ANJOS COSTA;10.05.1988;38;456;MARIA DOS ANJOS;RUA;CURICACA 1466/99999;;2000;FENIX;79491080;(67)99888-9805 / (67)99843-6624;SAO GABRIEL DO OESTE;500769;SAO GABRIEL DO OESTE;500769;2370999;UNIDADE DE SAUDE DA FAMILIA FENIX IV;F;28.04.2026;GUSTAVO_PIAIA;28.04.2026;GUSTAVO_PIAIA;24.20;CONFIRMADO;Z34;96245646120;RAFAELLA MARIA COSTA GOIS DE FIGUEIREDO
664368175;0076168;0205020186;ULTRA-SONOGRAFIA TRANSVAGINAL;30097886149;CLEIDE CARVALHO SILVA DOS SANTOS;21.05.2026;07:00;0;707809691312314;LOURDES GIRARDELLO TAPARO;25.01.1961;65;784;AMAELIA GIRARDELLO;RUA;ALAGOAS;;2021;CENTRO;79490000;(67)99945-2979;SAO GABRIEL DO OESTE;500769;SAO GABRIEL DO OESTE;500769;8176132;CASA ROSA;F;28.04.2026;TAINAOLIVEIRA;28.04.2026;TAINAOLIVEIRA;24.20;PENDENTE;N951;10963419641;MARIA FERNANDA DIAS BASILIO
664386500;0076168;0205020186;ULTRA-SONOGRAFIA TRANSVAGINAL;30097886149;CLEIDE CARVALHO SILVA DOS SANTOS;21.05.2026;07:00;0;705008850636755;ISABELA DE MELO GONZAGA;08.09.2000;25;308;NAIZA MUNIZ DE MELO;AVENIDA;SAO FRANCISCO;;2465;CENTRO;79490000;(67)99943-2830;SAO GABRIEL DO OESTE;500769;SAO GABRIEL DO OESTE;500769;2370964;UNIDADE DE SAUDE DA FAMILIA III;F;28.04.2026;ANACLAUDIA_NOGUEIRA;28.04.2026;ANACLAUDIA_NOGUEIRA;24.20;PENDENTE;N926;02611833974;HUDSON PERES DORIGAO BELISARIO DE SOUZA
664390894;0076145;0205020127;ULTRA-SONOGRAFIA DE TIREOIDE;30097886149;CLEIDE CARVALHO SILVA DOS SANTOS;08.05.2026;07:00;0;708704139050490;JULIANA DE OLIVEIRA;28.06.1985;40;490;NARALYA MARIA BENACHIO OLIVEIRA;RUA;PERNAMBUCO;;504;CENTRO;79490000;(67)99668-6470;SAO GABRIEL DO OESTE;500769;SAO GABRIEL DO OESTE;500769;8176132;CASA ROSA;F;28.04.2026;ANACLAUDIA_PASCOAL;28.04.2026;ANACLAUDIA_PASCOAL;24.20;CONFIRMADO;Z00;10963419641;MARIA FERNANDA DIAS BASILIO
664392008;0076168;0205020186;ULTRA-SONOGRAFIA TRANSVAGINAL;30097886149;CLEIDE CARVALHO SILVA DOS SANTOS;21.05.2026;07:00;0;700505589178657;LAVINIA CAMILA HAINASKI DOS SANTOS;26.08.1997;28;344;LUCIA HAINASKI DO CARMO;RUA;ANGICO;;725;SAO CRISTOVAO;79491188;(67)99319-3837;SAO GABRIEL DO OESTE;500769;SAO GABRIEL DO OESTE;500769;7002084;UNIDADE DE SAUDE DA FAMILIA IX;F;28.04.2026;AMANDALUIZA_BIAZUS;28.04.2026;AMANDALUIZA_BIAZUS;24.20;PENDENTE;Z000;06901507925;EVELYN KASSIA TUDISCO FERNANDES
664405697;0076168;0205020186;ULTRA-SONOGRAFIA TRANSVAGINAL;30097886149;CLEIDE CARVALHO SILVA DOS SANTOS;21.05.2026;07:00;0;702105788004594;JAQUELINE CABRERA SANABRIA CORDEIRO;27.02.1991;35;422;ROSENEI CABRERA SANABRIA;;;;;;;(67)99677-6948 / (67)99677-6948;;;SAO GABRIEL DO OESTE;500769;8176132;CASA ROSA;F;28.04.2026;ANACLAUDIA_PASCOAL;28.04.2026;ANACLAUDIA_PASCOAL;24.20;PENDENTE;Z00;10963419641;MARIA FERNANDA DIAS BASILIO
664414061;0076168;0205020186;ULTRA-SONOGRAFIA TRANSVAGINAL;30097886149;CLEIDE CARVALHO SILVA DOS SANTOS;21.05.2026;07:00;0;700706962001671;REGINA RODRIGUES DA SILVA;29.12.1980;45;544;INEZ DA ROCHA RODRIGUES;RUA;JOAO RODRIGUES MIRANDA;;1385;PRIMO MAFFISSONI;79490320;(67)99222-4493;SAO GABRIEL DO OESTE;500769;SAO GABRIEL DO OESTE;500769;8176132;CASA ROSA;F;28.04.2026;ANACLAUDIA_PASCOAL;28.04.2026;ANACLAUDIA_PASCOAL;24.20;PENDENTE;Z00;10963419641;MARIA FERNANDA DIAS BASILIO
664502119;0076168;0205020186;ULTRA-SONOGRAFIA TRANSVAGINAL;30097886149;CLEIDE CARVALHO SILVA DOS SANTOS;21.05.2026;13:00;0;704204743484583;ANA LIVIA PIOVEZAN MIRANDA;15.11.2000;25;306;DALVA MIRANDA DA SILVA;RUA;DAS ANHUMAS;;578;JARDIM GRAMADO;79491016;(67)99639-5877;SAO GABRIEL DO OESTE;500769;SAO GABRIEL DO OESTE;500769;5971055;UNIDADE DE SAUDE DA FAMILIA VIII;F;28.04.2026;JESSICAPADILHA;28.04.2026;JESSICAPADILHA;24.20;PENDENTE;N921;;RENNAN ORTIZ BUENO
664511817;0076168;0205020186;ULTRA-SONOGRAFIA TRANSVAGINAL;30097886149;CLEIDE CARVALHO SILVA DOS SANTOS;21.05.2026;13:00;0;700002790955802;BRUNA LETICIA LIMA ARAUJO;13.05.2008;18;216;VIVIANE MOREIRA LIMA;RUA;DAS GAIVOTAS;;950;JARDIM GRAMADO;79491018;(67)99987-9518;SAO GABRIEL DO OESTE;500769;SAO GABRIEL DO OESTE;500769;5971055;UNIDADE DE SAUDE DA FAMILIA VIII;F;28.04.2026;JESSICAPADILHA;28.04.2026;JESSICAPADILHA;24.20;PENDENTE;Z000;;RENNAN ORTIZ BUENO
664513606;0511032;0205020143;ULTRASSONOGRAFIA OBSTETRICA                                                                         ;30097886149;CLEIDE CARVALHO SILVA DOS SANTOS;13.05.2026;07:00;0;704000809337867;ANGELA DO PRADO DA SILVA;16.04.1997;29;349;SUELI ROSANGELA DO PRADO;RUA;PERNAMBUCO 2400/99999;;2881;JARDIM PRIMAVERA;79490174;(67)99652-2741;SAO GABRIEL DO OESTE;500769;SAO GABRIEL DO OESTE;500769;2370964;UNIDADE DE SAUDE DA FAMILIA III;F;28.04.2026;ANACLAUDIA_NOGUEIRA;28.04.2026;ANACLAUDIA_NOGUEIRA;24.20;CONFIRMADO;Z349;02611833974;HUDSON PERES DORIGAO BELISARIO DE SOUZA
664537439;0076145;0205020127;ULTRA-SONOGRAFIA DE TIREOIDE;30097886149;CLEIDE CARVALHO SILVA DOS SANTOS;08.05.2026;07:00;0;705102490247470;HELOISA MESQUITA VILHALVA;07.02.1971;55;663;MARIA MESQUITA VILHALVA;RUA;AZULAO;;649;SAO CRISTOVAO;79491206;(67)99137-7273 / (67)99267-2099;SAO GABRIEL DO OESTE;500769;SAO GABRIEL DO OESTE;500769;7002084;UNIDADE DE SAUDE DA FAMILIA IX;F;28.04.2026;AMANDALUIZA_BIAZUS;28.04.2026;AMANDALUIZA_BIAZUS;24.20;CONFIRMADO;E042;06901507925;EVELYN KASSIA TUDISCO FERNANDES
664548993;0076168;0205020186;ULTRA-SONOGRAFIA TRANSVAGINAL;30097886149;CLEIDE CARVALHO SILVA DOS SANTOS;07.05.2026;13:00;0;706302796203574;ANA KELLY DE SOUSA SILVA IBIAPINA;08.05.1991;35;420;ANA KATIA DE SOUSA SILVA;RUA;SANTA ANA;;123;MILANI;79492090;(85)99417-8606;SAO GABRIEL DO OESTE;500769;SAO GABRIEL DO OESTE;500769;2370972;UNIDADE DE SAUDE DA FAMILIA MILANE II;F;28.04.2026;FLAVIA_RODRIGUES;30.04.2026;VANIA_MARIANO;24.20;CONFIRMADO;N709;02453491113;MILENA GUEDIN VARGAS
664553096;0076168;0205020186;ULTRA-SONOGRAFIA TRANSVAGINAL;30097886149;CLEIDE CARVALHO SILVA DOS SANTOS;21.05.2026;13:00;0;705009633977857;CAMILA EDUARDA DA SILVA OLIVEIRA;05.03.2002;24;290;SILVIA MARCIA DA SILVA BRANDAO DE OLIVEIRA;RUA;IPE;;260;SAO CRISTOVAO;79491180;(67)99942-3952;SAO GABRIEL DO OESTE;500769;SAO GABRIEL DO OESTE;500769;7002084;UNIDADE DE SAUDE DA FAMILIA IX;F;28.04.2026;AMANDALUIZA_BIAZUS;28.04.2026;AMANDALUIZA_BIAZUS;24.20;PENDENTE;Z000;01415181110;ANGELA BENITES
664569757;0511032;0205020143;ULTRASSONOGRAFIA OBSTETRICA                                                                         ;30097886149;CLEIDE CARVALHO SILVA DOS SANTOS;13.05.2026;07:00;0;702604220310849;RAFAELA FLORIANO CANEPA CHAVES;28.05.1994;31;383;JUCILENE PINHEIRO FLORIANO CHAVES;RUA;FENIX;;455;FENIX;79491110;(67)99907-1059;SAO GABRIEL DO OESTE;500769;SAO GABRIEL DO OESTE;500769;7002084;UNIDADE DE SAUDE DA FAMILIA IX;F;28.04.2026;AMANDALUIZA_BIAZUS;28.04.2026;AMANDALUIZA_BIAZUS;24.20;PENDENTE;Z000;;FELIPE NERIS GARCIA
664609097;0511032;0205020143;ULTRASSONOGRAFIA OBSTETRICA                                                                         ;30097886149;CLEIDE CARVALHO SILVA DOS SANTOS;13.05.2026;07:00;0;700607982357767;CASSIA DE OLIVEIRA ROCHA;06.07.1993;32;394;NEUSA FERNANDES DE OLIVEIRA ROCHA;FAZENDA;SANTA CLARA DO JABUTI;;S/N;ZONA RURAL;79480000;(67)99609-2012;RIO VERDE DE MATO GROSSO;500740;SAO GABRIEL DO OESTE;500769;2591359;UNIDADE DE SAUDE DA FAMILIA V;F;29.04.2026;CHRISTIANEHELEN_FREITAS;29.04.2026;CHRISTIANEHELEN_FREITAS;24.20;CONFIRMADO;Z34;;MARIA FERNANDA DIAS BASILIO
664624540;0076168;0205020186;ULTRA-SONOGRAFIA TRANSVAGINAL;30097886149;CLEIDE CARVALHO SILVA DOS SANTOS;26.05.2026;07:00;0;705003634256252;STEFANY DE OLIVEIRA COSTA;07.10.1995;30;367;JUCILENE FERNANDES DE OLIVEIRA COSTA;AVENIDA;SAO FRANCISCO 2401/99999;;3029;JARDIM PRIMAVERA;79490170;(67)99609-9967;SAO GABRIEL DO OESTE;500769;SAO GABRIEL DO OESTE;500769;8176132;CASA ROSA;F;29.04.2026;ANACLAUDIA_PASCOAL;29.04.2026;ANACLAUDIA_PASCOAL;24.20;PENDENTE;Z00;10963419641;MARIA FERNANDA DIAS BASILIO
664640091;0076168;0205020186;ULTRA-SONOGRAFIA TRANSVAGINAL;30097886149;CLEIDE CARVALHO SILVA DOS SANTOS;26.05.2026;07:00;0;706809714250222;MARIA LUCIA CASSIMIRO COELHO;14.11.1993;32;390;MARIA LUCIA CASSIMIRO COELHO;RUA;CURICACA;;393;JARDIM GRAMADO;79491010;(32)98577-2298;SAO GABRIEL DO OESTE;500769;SAO GABRIEL DO OESTE;500769;5971055;UNIDADE DE SAUDE DA FAMILIA VIII;F;29.04.2026;JESSICAPADILHA;29.04.2026;JESSICAPADILHA;24.20;PENDENTE;Z000;04805244160;RENNAN ORTIZ BUENO
664660640;0076168;0205020186;ULTRA-SONOGRAFIA TRANSVAGINAL;30097886149;CLEIDE CARVALHO SILVA DOS SANTOS;26.05.2026;07:00;0;701202023821410;MARIA DA GLORIA DOS SANTOS;23.12.1969;56;677;ROSA MARIA DOS SANTOS;RUA;CASTANHEIRA;;387;FLOR DO CERRADO;79490000;(67)99672-8664;SAO GABRIEL DO OESTE;500769;SAO GABRIEL DO OESTE;500769;7002084;UNIDADE DE SAUDE DA FAMILIA IX;F;29.04.2026;AMANDALUIZA_BIAZUS;29.04.2026;AMANDALUIZA_BIAZUS;24.20;PENDENTE;Z000;01415181110;ANGELA BENITES
664660679;0076168;0205020186;ULTRA-SONOGRAFIA TRANSVAGINAL;30097886149;CLEIDE CARVALHO SILVA DOS SANTOS;26.05.2026;13:00;0;702600798508944;APARECIDA JACINTO SANTANA;01.02.1958;68;819;OLIMPIA PIRES;RUA;JOAO EVANGELISTA ROSA;CASA;1963;PRIMO MAFFISSONI;79490000;(67)99695-3678;SAO GABRIEL DO OESTE;500769;SAO GABRIEL DO OESTE;500769;7333218;UNIDADE DE SAUDE DA FAMILIA X;F;29.04.2026;RAISSASILVALIMA;29.04.2026;RAISSASILVALIMA;24.20;PENDENTE;R102;63805480172;CLEDSON PERETTI
664664314;0511032;0205020143;ULTRASSONOGRAFIA OBSTETRICA                                                                         ;30097886149;CLEIDE CARVALHO SILVA DOS SANTOS;13.05.2026;13:00;0;700000171311501;ALICE GOMES DE ORTIZ;14.03.2012;14;170;ANA DE JESUS GOMES DE SOUZA;TRAVESSA;SERVIDÃO;;131;SÃO CRISTÓVÃO;79490000;(67)99803-6005;SAO GABRIEL DO OESTE;500769;SAO GABRIEL DO OESTE;500769;5971055;UNIDADE DE SAUDE DA FAMILIA VIII;F;29.04.2026;JESSICAPADILHA;29.04.2026;JESSICAPADILHA;24.20;CONFIRMADO;Z00;;RENNAN ORTIZ BUENO
664673596;0076168;0205020186;ULTRA-SONOGRAFIA TRANSVAGINAL;30097886149;CLEIDE CARVALHO SILVA DOS SANTOS;26.05.2026;07:00;0;702800196988261;MARIA LUIZA LEITE ROSINA;06.03.2009;17;206;ANA CLAUDIA DA SILVA LEITE;RUA;DAS CORUJAS;;S/N;FÊNIX;79490000;(66)98448-8345;SAO GABRIEL DO OESTE;500769;SAO GABRIEL DO OESTE;500769;8176132;CASA ROSA;F;29.04.2026;ANACLAUDIA_PASCOAL;29.04.2026;ANACLAUDIA_PASCOAL;24.20;PENDENTE;Z00;10963419641;MARIA FERNANDA DIAS BASILIO
664724426;0076168;0205020186;ULTRA-SONOGRAFIA TRANSVAGINAL;30097886149;CLEIDE CARVALHO SILVA DOS SANTOS;05.05.2026;13:00;0;703006836286078;GENIFER MARTINEZ RODRIGUES;24.05.1986;40;480;VALDENICE MARTINEZ RODRIGUES;RUA;COLIBRI;CASA;758;CONJ.FENIX;79490000;(67)9609-0477;SAO GABRIEL DO OESTE;500769;SAO GABRIEL DO OESTE;500769;2370999;UNIDADE DE SAUDE DA FAMILIA FENIX IV;F;29.04.2026;GUSTAVO_PIAIA;30.04.2026;VANIA_MARIANO;24.20;CONFIRMADO;N921;00703866176;ALCIDES EDUARDO EIBEL
664725631;0076168;0205020186;ULTRA-SONOGRAFIA TRANSVAGINAL;30097886149;CLEIDE CARVALHO SILVA DOS SANTOS;14.05.2026;13:00;0;704004372753265;LENICE SANTOS DE MATOS;18.08.1995;30;369;COSMA GABRIEL DOS SANTOS;RUA;W;;187;CIDADE JARDIM;79492157;(67)99933-7438;SAO GABRIEL DO OESTE;500769;SAO GABRIEL DO OESTE;500769;8176132;CASA ROSA;F;29.04.2026;TAINAOLIVEIRA;30.04.2026;VANIA_MARIANO;24.20;CONFIRMADO;Z014;10963419641;MARIA FERNANDA DIAS BASILIO
664801381;0511032;0205020143;ULTRASSONOGRAFIA OBSTETRICA                                                                         ;30097886149;CLEIDE CARVALHO SILVA DOS SANTOS;13.05.2026;13:00;0;700002944649803;TAIS MARTINS BARBOSA;17.10.2001;24;295;VILANY ARAUJO MARTINS;RUA;ANHUMAS;;591;JARDIM GRAMADO;79490000;(67)99914-6471;SAO GABRIEL DO OESTE;500769;SAO GABRIEL DO OESTE;500769;8176132;CASA ROSA;F;29.04.2026;ANACLAUDIA_PASCOAL;29.04.2026;ANACLAUDIA_PASCOAL;24.20;CONFIRMADO;Z00;95747818104;VANESSA BRESCHI
664802993;0076168;0205020186;ULTRA-SONOGRAFIA TRANSVAGINAL;30097886149;CLEIDE CARVALHO SILVA DOS SANTOS;26.05.2026;13:00;0;708106616678740;THAYNARA DANIELE DOS SANTOS;01.07.2000;25;310;LUZIA TANIA DE SOUZA DOS SANTOS;AVENIDA;RUI BARBOSA 1/99999;;2103;PRIMO MAFFISSONI;79490272;(67)99671-5539;SAO GABRIEL DO OESTE;500769;SAO GABRIEL DO OESTE;500769;7333218;UNIDADE DE SAUDE DA FAMILIA X;F;29.04.2026;RAISSASILVALIMA;29.04.2026;RAISSASILVALIMA;24.20;PENDENTE;Z014;;MARIA FERNANDA DIAS BASILIO
664805777;0076145;0205020127;ULTRA-SONOGRAFIA DE TIREOIDE;30097886149;CLEIDE CARVALHO SILVA DOS SANTOS;08.05.2026;07:00;0;706802774346629;MARILHA AZEVEDO DE SOUZA;16.03.1973;53;638;ELIENAR AZEVEDO DE SOUZA;RUA;MARTIMINIANO ALVES DIAS;CASA;955;CENTRO;79490000;(67)99988-7847;SAO GABRIEL DO OESTE;500769;SAO GABRIEL DO OESTE;500769;2591359;UNIDADE DE SAUDE DA FAMILIA V;F;29.04.2026;CHRISTIANEHELEN_FREITAS;29.04.2026;CHRISTIANEHELEN_FREITAS;24.20;CONFIRMADO;E039;04796956107;JULIANA DA ROCHA PEREIRA MENEZES
664806541;0511032;0205020143;ULTRASSONOGRAFIA OBSTETRICA                                                                         ;30097886149;CLEIDE CARVALHO SILVA DOS SANTOS;13.05.2026;13:00;0;709002826218814;MARIA EDUARDA DE OLIVEIRA ALVES;15.11.2010;15;186;DEIVILA DE OLIVEIRA CUSTODIO;RUA;SANTA MARIA;CHACARRA;24;MILANI;79492074;(67)99606-5319;SAO GABRIEL DO OESTE;500769;SAO GABRIEL DO OESTE;500769;2370972;UNIDADE DE SAUDE DA FAMILIA MILANE II;F;29.04.2026;FLAVIA_RODRIGUES;29.04.2026;FLAVIA_RODRIGUES;24.20;CONFIRMADO;Z34;;JULIANA P BARTHIMANN
664813350;0076168;0205020186;ULTRA-SONOGRAFIA TRANSVAGINAL;30097886149;CLEIDE CARVALHO SILVA DOS SANTOS;26.05.2026;13:00;0;700008804085708;CARLA JULIANI;12.01.1981;45;544;ARLETE JULIANI;RUA;RIO DE JANEIRO;CASA 1;2146;CENTRO;79490019;(67)99657-8020;SAO GABRIEL DO OESTE;500769;SAO GABRIEL DO OESTE;500769;2599376;UNIDADE DE SAUDE DA FAMILIA VI;F;29.04.2026;MARIANA_MARTINS;29.04.2026;MARIANA_MARTINS;24.20;PENDENTE;R10;06437691107;MAIARA FLORES SCARIOT
664820266;0076145;0205020127;ULTRA-SONOGRAFIA DE TIREOIDE;30097886149;CLEIDE CARVALHO SILVA DOS SANTOS;15.05.2026;07:00;0;700205977939224;RAMIRO DA CRUZ AMORIM;17.04.1994;32;385;CLEONICE APARECIDA RODRIGUES DA CRUZ;RUA;DOS PATOS;;2175;JARDIM GRAMADO;79491022;(67)99882-1138;SAO GABRIEL DO OESTE;500769;SAO GABRIEL DO OESTE;500769;2599376;UNIDADE DE SAUDE DA FAMILIA VI;M;29.04.2026;MARIANA_MARTINS;29.04.2026;MARIANA_MARTINS;24.20;PENDENTE;E039;06437691107;MAIARA FLORES SCARIOT
664820835;0076168;0205020186;ULTRA-SONOGRAFIA TRANSVAGINAL;30097886149;CLEIDE CARVALHO SILVA DOS SANTOS;26.05.2026;07:00;0;708406780093269;JESSICA PADILHA PINHEIRO;21.04.1994;32;385;GERCI PADILHA;RUA;PINTASSILGO;CASA;388;JARDIM GRAMADO;79490000;(67)99927-3595;SAO GABRIEL DO OESTE;500769;SAO GABRIEL DO OESTE;500769;5971055;UNIDADE DE SAUDE DA FAMILIA VIII;F;29.04.2026;JESSICAPADILHA;29.04.2026;JESSICAPADILHA;24.20;PENDENTE;Z000;04805244160;RENNAN ORTIZ BUENO
664829328;0076168;0205020186;ULTRA-SONOGRAFIA TRANSVAGINAL;30097886149;CLEIDE CARVALHO SILVA DOS SANTOS;19.05.2026;13:00;0;705406423001091;SILVIA FATIMA RODRIGUES PINTO;06.08.1964;61;741;GENY PEDROSO DE MORAES PINTO;RUA;JERONIMO DE ALBUQUERQUE;;2537;NOVA LIMA;79017121;(67)98444-0194;CAMPO GRANDE;500270;SAO GABRIEL DO OESTE;500769;8176132;CASA ROSA;F;29.04.2026;ANACLAUDIA_PASCOAL;30.04.2026;VANIA_MARIANO;24.20;PENDENTE;Z00;;KALYNKA
664857624;0511032;0205020143;ULTRASSONOGRAFIA OBSTETRICA                                                                         ;30097886149;CLEIDE CARVALHO SILVA DOS SANTOS;18.05.2026;07:00;0;709204288677234;JHENIFFER FAGUNDES FERREIRA;29.12.1997;28;340;CELIA REGINA FAGUNDES FERREIRA;RUA;DAS CORUJAS;;1002;FENIX;79491054;(69)99606-0925;SAO GABRIEL DO OESTE;500769;SAO GABRIEL DO OESTE;500769;8176132;CASA ROSA;F;29.04.2026;ANACLAUDIA_PASCOAL;29.04.2026;ANACLAUDIA_PASCOAL;24.20;PENDENTE;Z00;;EVELYN KASSIA TUDISCO FERNANDES
664868479;0511032;0205020143;ULTRASSONOGRAFIA OBSTETRICA                                                                         ;30097886149;CLEIDE CARVALHO SILVA DOS SANTOS;18.05.2026;13:00;0;700604404730461;SARA SANCHEZ ARRUA;20.04.2006;20;241;IGNACIA ARRUA MORALES;RUA;MARIA SEVERO;;1807;PRIMO MAFFISSONI;79490284;(67)99895-8687;SAO GABRIEL DO OESTE;500769;SAO GABRIEL DO OESTE;500769;8176132;CASA ROSA;F;29.04.2026;TAINAOLIVEIRA;29.04.2026;TAINAOLIVEIRA;24.20;PENDENTE;Z00;91415799172;ALESSANDRA REGINA GOMES RODOVALHO
664916060;0076168;0205020186;ULTRA-SONOGRAFIA TRANSVAGINAL;30097886149;CLEIDE CARVALHO SILVA DOS SANTOS;26.05.2026;13:00;0;704701771880830;ELIDAMAR BRAGA DE OLIVEIRA;04.11.1978;47;570;MARIA BRAGA DE OLIVEIRA;RUA;ALAGOAS 2400/99999;;3201;JARDIM PRIMAVERA;79490172;(67)99915-1911;SAO GABRIEL DO OESTE;500769;SAO GABRIEL DO OESTE;500769;2370964;UNIDADE DE SAUDE DA FAMILIA III;F;30.04.2026;ANACLAUDIA_NOGUEIRA;30.04.2026;ANACLAUDIA_NOGUEIRA;24.20;PENDENTE;N926;02611833974;HUDSON PERES DORIGAO BELISARIO DE SOUZA
664924190;0076158;0205020160;ULTRA-SONOGRAFIA PELVICA;30097886149;CLEIDE CARVALHO SILVA DOS SANTOS;18.05.2026;13:00;0;704003381868966;BARBARA LARA CORREIA SILVA;04.09.2015;10;128;NAIARA FERNANDA ROSA CORREIA;RUA;TOCANTINS;;230;AMABILE MAFFISSONI;79490090;(67)99657-7286;SAO GABRIEL DO OESTE;500769;SAO GABRIEL DO OESTE;500769;8176132;CASA ROSA;F;30.04.2026;TAINAOLIVEIRA;30.04.2026;TAINAOLIVEIRA;24.20;PENDENTE;Z00;57255873120;CLODOALDO SABINO DA SILVA
664935186;0076145;0205020127;ULTRA-SONOGRAFIA DE TIREOIDE;30097886149;CLEIDE CARVALHO SILVA DOS SANTOS;15.05.2026;07:00;0;704804595726643;IVANILDE ROSA DA SILVA;06.09.1966;59;716;PACIFICA ROSA DA SILVA;TRAVESSA;25 DE FEVEREIRO;CASA;97;PRIMO MAFFISSONI;79490000;(55)3331-8800;SAO GABRIEL DO OESTE;500769;SAO GABRIEL DO OESTE;500769;7333218;UNIDADE DE SAUDE DA FAMILIA X;F;30.04.2026;RAISSASILVALIMA;30.04.2026;RAISSASILVALIMA;24.20;CONFIRMADO;E078;63805480172;CLEDSON PERETTI
664950378;0511032;0205020143;ULTRASSONOGRAFIA OBSTETRICA                                                                         ;30097886149;CLEIDE CARVALHO SILVA DOS SANTOS;18.05.2026;07:00;0;706405662441081;FABIELE RODRIGUES DE ALMEIDA;15.04.2004;22;265;NEIDIANA DA SILVA RODRIGUES;RUA;TETE ESPINDULA;;41;NOVA ESPERANÇA;79480000;(67)99659-2951 / (67)99833-3558;RIO VERDE DE MATO GROSSO;500740;SAO GABRIEL DO OESTE;500769;5971055;UNIDADE DE SAUDE DA FAMILIA VIII;F;30.04.2026;JESSICAPADILHA;30.04.2026;JESSICAPADILHA;24.20;PENDENTE;Z00;;RENNAN ORTIZ BUENO
664959614;0076168;0205020186;ULTRA-SONOGRAFIA TRANSVAGINAL;30097886149;CLEIDE CARVALHO SILVA DOS SANTOS;26.05.2026;07:00;0;708406701199166;LEILA DENISE FEIX KULPA;22.05.1980;46;552;CLARICE FEIX;RUA;MARTIMIANO ALVES DIAS;;491;CENTRO;79490037;(45)99914-1923;SAO GABRIEL DO OESTE;500769;SAO GABRIEL DO OESTE;500769;2591359;UNIDADE DE SAUDE DA FAMILIA V;F;30.04.2026;CHRISTIANEHELEN_FREITAS;30.04.2026;CHRISTIANEHELEN_FREITAS;24.20;PENDENTE;N951;04796956107;JULIANA DA ROCHA PEREIRA MENEZES
665010644;0076168;0205020186;ULTRA-SONOGRAFIA TRANSVAGINAL;30097886149;CLEIDE CARVALHO SILVA DOS SANTOS;26.05.2026;13:00;0;700901978701396;IVANEIDE CONCEICAO DOS SANTOS CAMPOS;20.04.1974;52;625;MARIA JOSE CONCEICAO DOS SANTOS;RUA;23 DE MAIO;;1533;FÊNIX;79490000;(67)99913-9028;SAO GABRIEL DO OESTE;500769;SAO GABRIEL DO OESTE;500769;3400964;UNIDADE DE SAUDE DA FAMILIA RURAL VII;F;30.04.2026;DULCINEIA_MOCCELIN;30.04.2026;DULCINEIA_MOCCELIN;24.20;PENDENTE;Z000;00612619630;KALYNKA SILVIA HIGINO
665091916;0076168;0205020186;ULTRA-SONOGRAFIA TRANSVAGINAL;30097886149;CLEIDE CARVALHO SILVA DOS SANTOS;26.05.2026;07:00;0;709809065362690;CAMILA ALMEIDA DE SOUZA;29.11.2000;25;305;REGIANA ALMEIDA DE SOUZA;TRAVESSA;SANTO ISIDORO;;1115;MILANI;79490000;(67)99963-4940;SAO GABRIEL DO OESTE;500769;SAO GABRIEL DO OESTE;500769;7002084;UNIDADE DE SAUDE DA FAMILIA IX;F;30.04.2026;AMANDALUIZA_BIAZUS;30.04.2026;AMANDALUIZA_BIAZUS;24.20;PENDENTE;Z000;01415181110;ANGELA BENITES
665100410;0511032;0205020143;ULTRASSONOGRAFIA OBSTETRICA                                                                         ;30097886149;CLEIDE CARVALHO SILVA DOS SANTOS;18.05.2026;07:00;0;706000845927446;LARA APARECIDA GARCIA COLTRIS;12.10.2003;22;271;PATRICIA GARCIA MACIEL;RUA;CORUJAS;;994;FENIX;79490000;(67)99818-7939;SAO GABRIEL DO OESTE;500769;SAO GABRIEL DO OESTE;500769;8176132;CASA ROSA;F;30.04.2026;TAINAOLIVEIRA;30.04.2026;TAINAOLIVEIRA;24.20;PENDENTE;Z34;95747818104;VANESSA BRESCHI
665103621;0511032;0205020143;ULTRASSONOGRAFIA OBSTETRICA                                                                         ;30097886149;CLEIDE CARVALHO SILVA DOS SANTOS;18.05.2026;07:00;0;704000803894667;LIVIA BARBOSA CAMPOS;03.05.2011;15;180;TAIS DE CAMPO BARBOSA;RUA;FLORBELA ESPANCA;;533;RESIDENCIAL VIDA NOVA III;79017273;(67)99291-6078;CAMPO GRANDE;500270;SAO GABRIEL DO OESTE;500769;8176132;CASA ROSA;F;30.04.2026;TAINAOLIVEIRA;30.04.2026;TAINAOLIVEIRA;24.20;PENDENTE;Z34;95747818104;VANESSA BRESCHI
665110896;0511032;0205020143;ULTRASSONOGRAFIA OBSTETRICA                                                                         ;30097886149;CLEIDE CARVALHO SILVA DOS SANTOS;18.05.2026;13:00;0;700007439053707;ANDRESSA TOME PIRES;21.11.2000;25;306;JULIANA VALLOVERA TOME;RUA;PARA;;569;CENTRO;79490000;(67)98415-5897;SAO GABRIEL DO OESTE;500769;SAO GABRIEL DO OESTE;500769;8176132;CASA ROSA;F;30.04.2026;TAINAOLIVEIRA;30.04.2026;TAINAOLIVEIRA;24.20;PENDENTE;Z34;95747818104;VANESSA BRESCHI
665122590;0511032;0205020143;ULTRASSONOGRAFIA OBSTETRICA                                                                         ;30097886149;CLEIDE CARVALHO SILVA DOS SANTOS;18.05.2026;13:00;0;708508366662271;JULIA RONDON DA SILVA;12.04.2007;19;229;MARIA DO CARMO FRANCISCA DA SILVA;RUA;DR JOSE FELICIANO;;20;VILA NOVA;79480000;(67)9878-5100;RIO VERDE DE MATO GROSSO;500740;SAO GABRIEL DO OESTE;500769;8176132;CASA ROSA;F;30.04.2026;TAINAOLIVEIRA;30.04.2026;TAINAOLIVEIRA;24.20;PENDENTE;Z34;95747818104;VANESSA BRESCHI
665251761;0076145;0205020127;ULTRA-SONOGRAFIA DE TIREOIDE;30097886149;CLEIDE CARVALHO SILVA DOS SANTOS;15.05.2026;07:00;0;708001395071721;MARIA PINHEIRO MONTESSI;07.10.1953;72;871;ANA BARBOSA DOS SANTOS;RUA;ANHUMAS;;1087;JARDIM GRAMADO;79490000;(67)9953-8891;SAO GABRIEL DO OESTE;500769;SAO GABRIEL DO OESTE;500769;8176132;CASA ROSA;F;04.05.2026;ANACLAUDIA_PASCOAL;04.05.2026;ANACLAUDIA_PASCOAL;24.20;CONFIRMADO;Z00;95747818104;VANESSA BRESCHI
665255178;0076168;0205020186;ULTRA-SONOGRAFIA TRANSVAGINAL;30097886149;CLEIDE CARVALHO SILVA DOS SANTOS;26.05.2026;07:00;0;702801607058964;ELAINE ALVES VIEIRA;20.11.1986;39;474;ILDA ALVES VIEIRA;;;;;;;(67)99642-3795;;;SAO GABRIEL DO OESTE;500769;8176132;CASA ROSA;F;04.05.2026;TAINAOLIVEIRA;04.05.2026;TAINAOLIVEIRA;24.20;PENDENTE;Z014;10963419641;MARIA FERNANDA DIAS BASILIO
665256899;0076168;0205020186;ULTRA-SONOGRAFIA TRANSVAGINAL;30097886149;CLEIDE CARVALHO SILVA DOS SANTOS;26.05.2026;07:00;0;701000864584191;ANA CLAUDIA MARTINS DA SILVA SANTANA;04.10.1988;37;451;ILARIA REINALDA MARTINS DA SILVA;RUA;ARARAS;CASA;2324;FÊNIX;79490000;(44)98439-3532;SAO GABRIEL DO OESTE;500769;SAO GABRIEL DO OESTE;500769;2370999;UNIDADE DE SAUDE DA FAMILIA FENIX IV;F;04.05.2026;GUSTAVO_PIAIA;04.05.2026;GUSTAVO_PIAIA;24.20;PENDENTE;N946;96245646120;RAFAELLA MARIA COSTA GOIS DE FIGUEIREDO
665271727;0076168;0205020186;ULTRA-SONOGRAFIA TRANSVAGINAL;30097886149;CLEIDE CARVALHO SILVA DOS SANTOS;26.05.2026;07:00;0;703409692159200;BIANCA GAMA FERREIRA;11.05.2006;20;240;CELIA DOS SANTOS GAMA;RUA;DAS GAIVOTAS;;1531;FÊNIX;79490000;(67)99954-2916 / (67)99958-7788;SAO GABRIEL DO OESTE;500769;SAO GABRIEL DO OESTE;500769;8176132;CASA ROSA;F;04.05.2026;ANACLAUDIA_PASCOAL;04.05.2026;ANACLAUDIA_PASCOAL;24.20;PENDENTE;Z00;;GEOVANNA BEATRIZ
665290519;0076168;0205020186;ULTRA-SONOGRAFIA TRANSVAGINAL;30097886149;CLEIDE CARVALHO SILVA DOS SANTOS;28.05.2026;07:00;0;700509904337454;TERESINHA DE FATIMA LUFT;07.11.1956;69;834;CARMELINA DA LUZ LUFT;AVENIDA;GETULIO VARGAS;;1350;CENTRO;79490000;(67)9923-1097;SAO GABRIEL DO OESTE;500769;SAO GABRIEL DO OESTE;500769;8176132;CASA ROSA;F;04.05.2026;ANACLAUDIA_PASCOAL;04.05.2026;ANACLAUDIA_PASCOAL;24.20;PENDENTE;Z00;;DR HUSSEM
665318312;0076168;0205020186;ULTRA-SONOGRAFIA TRANSVAGINAL;30097886149;CLEIDE CARVALHO SILVA DOS SANTOS;28.05.2026;07:00;0;700807909736182;ELLEN CAROLINE ACOSTA MARQUES;11.03.2006;20;242;ROSILENE SILVA MARQUES;RUA;JOAO EVANGELISTA ROSA;CASA;200;CENTRO;79490000;(67)99843-4982 / (67)99936-0144;SAO GABRIEL DO OESTE;500769;SAO GABRIEL DO OESTE;500769;7333218;UNIDADE DE SAUDE DA FAMILIA X;F;04.05.2026;RAISSASILVALIMA;04.05.2026;RAISSASILVALIMA;24.20;PENDENTE;N946;63805480172;CLEDSON PERETTI
665320449;0076168;0205020186;ULTRA-SONOGRAFIA TRANSVAGINAL;30097886149;CLEIDE CARVALHO SILVA DOS SANTOS;28.05.2026;13:00;0;700001926265410;DAIANE ALVES FREITAS;15.12.1987;38;461;EVA ALVES FREITAS;RUA;ESPIRITO SANTO;;2724;PRIMO MAFFISSONI;79490000;(67)99614-8987;SAO GABRIEL DO OESTE;500769;SAO GABRIEL DO OESTE;500769;2599376;UNIDADE DE SAUDE DA FAMILIA VI;F;04.05.2026;MARIANA_MARTINS;04.05.2026;MARIANA_MARTINS;24.20;PENDENTE;N760;06437691107;MAIARA FLORES SCARIOT
665323495;0076168;0205020186;ULTRA-SONOGRAFIA TRANSVAGINAL;30097886149;CLEIDE CARVALHO SILVA DOS SANTOS;28.05.2026;07:00;0;709600682110976;ELAINE CRISTINA MUCHNI DOS SANTOS;25.07.1977;48;586;ZENILDA MUCHNI DOS SANTOS;AVENIDA;SANTO ANTONIO;CASA;489;MILANI;79490000;(67)99921-4428;SAO GABRIEL DO OESTE;500769;SAO GABRIEL DO OESTE;500769;2370972;UNIDADE DE SAUDE DA FAMILIA MILANE II;F;04.05.2026;FLAVIA_RODRIGUES;04.05.2026;FLAVIA_RODRIGUES;24.20;PENDENTE;Z00;;CAROLINE DELLABETA OS SANTOS 
665329684;0076168;0205020186;ULTRA-SONOGRAFIA TRANSVAGINAL;30097886149;CLEIDE CARVALHO SILVA DOS SANTOS;28.05.2026;07:00;0;700600968907163;NATALIE EDUARDA RITH DA COSTA;21.08.2003;22;273;ADRIANA RITH;RUA;BEM-TE-VI;;1906;FENIX;79491098;(67)99678-5987 / (67)99938-7527;SAO GABRIEL DO OESTE;500769;SAO GABRIEL DO OESTE;500769;2370999;UNIDADE DE SAUDE DA FAMILIA FENIX IV;F;04.05.2026;GUSTAVO_PIAIA;04.05.2026;GUSTAVO_PIAIA;24.20;PENDENTE;N941;00703866176;ALCIDES EDUARDO EIBEL
665335257;0511032;0205020143;ULTRASSONOGRAFIA OBSTETRICA                                                                         ;30097886149;CLEIDE CARVALHO SILVA DOS SANTOS;18.05.2026;07:00;0;708407223969462;ANA PAULA TRINDADE PINHEIRO DO NASCIMENTO;29.08.2001;24;296;JOSIANE DOS SANTOS TRINDADE;RUA;CURIO 1466/99999;;1872;FENIX;79491082;(67)99112-1731;SAO GABRIEL DO OESTE;500769;SAO GABRIEL DO OESTE;500769;8176132;CASA ROSA;F;04.05.2026;TAINAOLIVEIRA;04.05.2026;TAINAOLIVEIRA;24.20;PENDENTE;Z00;88308499953;LUCINALDO BASSO
665357312;0076168;0205020186;ULTRA-SONOGRAFIA TRANSVAGINAL;30097886149;CLEIDE CARVALHO SILVA DOS SANTOS;19.05.2026;13:00;0;700209448870127;SUZANA SANTOS LARA;26.06.1996;29;358;SILVIA REGINA MELO DOS SANTOS LARA;RUA;CURIO;;1402;JARDIM GRAMADO;79491012;(67)99179-7888 / (67)99695-8065;SAO GABRIEL DO OESTE;500769;SAO GABRIEL DO OESTE;500769;5971055;UNIDADE DE SAUDE DA FAMILIA VIII;F;04.05.2026;JESSICAPADILHA;04.05.2026;JESSICAPADILHA;24.20;PENDENTE;E11;04805244160;RENNAN ORTIZ BUENO
665456175;0076168;0205020186;ULTRA-SONOGRAFIA TRANSVAGINAL;30097886149;CLEIDE CARVALHO SILVA DOS SANTOS;28.05.2026;13:00;0;708608118389590;CAMILE ASCHI REIS;16.01.2009;17;208;ALEXSANDRA CARLA ASCHI;AVENIDA;DOM PEDRO I;;498;CENTRO;79490000;(67)98346-8873;SAO GABRIEL DO OESTE;500769;SAO GABRIEL DO OESTE;500769;2370964;UNIDADE DE SAUDE DA FAMILIA III;F;04.05.2026;ANACLAUDIA_NOGUEIRA;04.05.2026;ANACLAUDIA_NOGUEIRA;24.20;PENDENTE;N926;02611833974;HUDSON PERES DORIGAO BELISARIO DE SOUZA
665456206;0076168;0205020186;ULTRA-SONOGRAFIA TRANSVAGINAL;30097886149;CLEIDE CARVALHO SILVA DOS SANTOS;28.05.2026;07:00;0;706005852641247;RUTE MORAES FARIAS;30.06.1997;28;346;IRENE DE CAMARGO MORAES FARIAS;RUA;TANGARA;;190;FÊNIX;79490000;(67)99608-6234;SAO GABRIEL DO OESTE;500769;SAO GABRIEL DO OESTE;500769;5971055;UNIDADE DE SAUDE DA FAMILIA VIII;F;04.05.2026;JESSICAPADILHA;04.05.2026;JESSICAPADILHA;24.20;PENDENTE;N93;04805244160;RENNAN ORTIZ BUENO
665465395;0076168;0205020186;ULTRA-SONOGRAFIA TRANSVAGINAL;30097886149;CLEIDE CARVALHO SILVA DOS SANTOS;28.05.2026;07:00;0;706803285806423;TAINARA PATRICIA DOS SANTOS DIAS;04.05.1995;31;372;ELISABETE ROSA DOS SANTOS DIAS;RUA;MONTEIRO LOBATO;CASA;771;PRIMO MAFFISSONI;79490000;(67)99203-0745;SAO GABRIEL DO OESTE;500769;SAO GABRIEL DO OESTE;500769;8176132;CASA ROSA;F;04.05.2026;ANACLAUDIA_PASCOAL;04.05.2026;ANACLAUDIA_PASCOAL;24.20;PENDENTE;Z00;95747818104;VANESSA BRESCHI
665466222;0511032;0205020143;ULTRASSONOGRAFIA OBSTETRICA                                                                         ;30097886149;CLEIDE CARVALHO SILVA DOS SANTOS;18.05.2026;07:00;0;704007329303663;STEFANY DA CRUZ SANTOS;31.08.1999;26;320;MARIA ANA LUCIA SANTOS;RUA;PIRATINI;;523;MILANI;79492098;(79)99137-5983;SAO GABRIEL DO OESTE;500769;SAO GABRIEL DO OESTE;500769;2370972;UNIDADE DE SAUDE DA FAMILIA MILANE II;F;04.05.2026;FLAVIA_RODRIGUES;04.05.2026;FLAVIA_RODRIGUES;24.20;PENDENTE;Z34;83798633134;JOAO BAPTISTA BARBOSA SOUZA
665472484;0076168;0205020186;ULTRA-SONOGRAFIA TRANSVAGINAL;30097886149;CLEIDE CARVALHO SILVA DOS SANTOS;28.05.2026;13:00;0;706003826973341;GEISE MICHELE DOS SANTOS PIERGENTILE;16.02.1982;44;531;MARILDA RODRIGUES DOS SANTOS;RUA;BOAVENTURA FERREIRA ROSA;;1349;CENTRO;79490000;(19)99843-1835;SAO GABRIEL DO OESTE;500769;SAO GABRIEL DO OESTE;500769;7333218;UNIDADE DE SAUDE DA FAMILIA X;F;04.05.2026;RAISSASILVALIMA;04.05.2026;RAISSASILVALIMA;24.20;PENDENTE;N912;63805480172;CLEDSON PERETTI
665486459;0076168;0205020186;ULTRA-SONOGRAFIA TRANSVAGINAL;30097886149;CLEIDE CARVALHO SILVA DOS SANTOS;28.05.2026;07:00;0;705004681837151;ALDENIRA CAMPANHA;29.03.1982;44;529;MARIA APARECIDA MACHADO;RUA;O;;474;CIDADE JARDIM;79492144;(67)99996-1739;SAO GABRIEL DO OESTE;500769;SAO GABRIEL DO OESTE;500769;2370972;UNIDADE DE SAUDE DA FAMILIA MILANE II;F;04.05.2026;FLAVIA_RODRIGUES;04.05.2026;FLAVIA_RODRIGUES;24.20;PENDENTE;L10;83798633134;JOAO BAPTISTA BARBOSA SOUZA
665491100;0076145;0205020127;ULTRA-SONOGRAFIA DE TIREOIDE;30097886149;CLEIDE CARVALHO SILVA DOS SANTOS;15.05.2026;07:00;0;704007383688764;LUISA GABRIELLY MARTINS PANIAGO;23.07.2013;12;154;LUCIENE DA SILVA MARTINS;RUA;SUCUPIRA;;293;SAO CRISTOVAO;79490000;(67)99955-2074;SAO GABRIEL DO OESTE;500769;SAO GABRIEL DO OESTE;500769;8176132;CASA ROSA;F;04.05.2026;TAINAOLIVEIRA;04.05.2026;TAINAOLIVEIRA;24.20;CONFIRMADO;Z00;04145161173;RHUANNE SIQUEIRA GUIMARAES
665501749;0076168;0205020186;ULTRA-SONOGRAFIA TRANSVAGINAL;30097886149;CLEIDE CARVALHO SILVA DOS SANTOS;28.05.2026;13:00;0;708209609806749;GIOVANA LIMA RODRIGUES;21.09.2006;19;236;ROSELANE DE LIMA;AVENIDA;SAO FRANCISCO;;763;CENTRO;79490000;(67)3295-4704;SAO GABRIEL DO OESTE;500769;SAO GABRIEL DO OESTE;500769;8176132;CASA ROSA;F;04.05.2026;ARIROSA;04.05.2026;ARIROSA;24.20;PENDENTE;Z00;30097886149;CLEIDE CARVALHO SILVA DOS SANTOS
665536463;0076168;0205020186;ULTRA-SONOGRAFIA TRANSVAGINAL;30097886149;CLEIDE CARVALHO SILVA DOS SANTOS;28.05.2026;13:00;0;706406689335984;LUZIMAR RODRIGUES LYNCH;13.12.1981;44;533;IRINETE RODRIGUES MOREIRA LYNCH;RUA;ANHUMAS;CASA;982;JARDIM GRAMADO;79490000;(67)99112-3151;SAO GABRIEL DO OESTE;500769;SAO GABRIEL DO OESTE;500769;3400964;UNIDADE DE SAUDE DA FAMILIA RURAL VII;F;05.05.2026;DULCINEIA_MOCCELIN;05.05.2026;DULCINEIA_MOCCELIN;24.20;PENDENTE;E66;00612619630;KALYNKA SILVIA HIGINO
665554994;0076168;0205020186;ULTRA-SONOGRAFIA TRANSVAGINAL;30097886149;CLEIDE CARVALHO SILVA DOS SANTOS;28.05.2026;07:00;0;704805004630844;ANDREA DE ANDRADE CAETANO;11.05.1976;50;600;JORJINA PINHEIRO DE ANDRADE;RUA;CURRUIRAS;;947;JARDIM GRAMADO;79490000;(67)99618-2348;SAO GABRIEL DO OESTE;500769;SAO GABRIEL DO OESTE;500769;8176132;CASA ROSA;F;05.05.2026;ANACLAUDIA_PASCOAL;05.05.2026;ANACLAUDIA_PASCOAL;24.20;PENDENTE;Z00;88308499953;LUCINALDO BASSO
665567115;0076168;0205020186;ULTRA-SONOGRAFIA TRANSVAGINAL;30097886149;CLEIDE CARVALHO SILVA DOS SANTOS;28.05.2026;07:00;0;703403296438713;GRACIELA ARRUDA DE OLIVEIRA;12.09.1980;45;548;MARIA MACIEL DE ARRUDA;RUA;CURIO 1/1465;;356;JARDIM GRAMADO;79491012;(67)99829-3064 / (67)99911-2613;SAO GABRIEL DO OESTE;500769;SAO GABRIEL DO OESTE;500769;8176132;CASA ROSA;F;05.05.2026;ANACLAUDIA_PASCOAL;05.05.2026;ANACLAUDIA_PASCOAL;24.20;PENDENTE;Z00;32111630187;JOSE EDACYR SIMM
665578855;0076168;0205020186;ULTRA-SONOGRAFIA TRANSVAGINAL;30097886149;CLEIDE CARVALHO SILVA DOS SANTOS;28.05.2026;07:00;0;702400042193823;IONICE GOMES DE MACEDO;26.11.1972;53;641;MARIA MARIANA DE MACEDO;RUA;T;;583;CIDADE JARDIM 2;79492154;(67)99180-3269;SAO GABRIEL DO OESTE;500769;SAO GABRIEL DO OESTE;500769;2370972;UNIDADE DE SAUDE DA FAMILIA MILANE II;F;05.05.2026;FLAVIA_RODRIGUES;05.05.2026;FLAVIA_RODRIGUES;24.20;PENDENTE;D259;02453491113;MILENA GUEDIN VARGAS
665579141;0511032;0205020143;ULTRASSONOGRAFIA OBSTETRICA                                                                         ;30097886149;CLEIDE CARVALHO SILVA DOS SANTOS;18.05.2026;07:00;0;704100139849471;ANA CAROLINA CUNHA DE ALMEIDA FERREIRA;08.03.1995;31;374;ANA CRISTINA DA CUNHA BARBOSA;RUA;17 DE AGOSTO;CASA;1427;FENIX;79491118;(67)99882-1166 / (67)99841-0440 / (67)99904-5062;SAO GABRIEL DO OESTE;500769;SAO GABRIEL DO OESTE;500769;2370999;UNIDADE DE SAUDE DA FAMILIA FENIX IV;F;05.05.2026;GUSTAVO_PIAIA;05.05.2026;GUSTAVO_PIAIA;24.20;PENDENTE;Z34;96245646120;RAFAELLA MARIA COSTA GOIS DE FIGUEIREDO
665600775;0511032;0205020143;ULTRASSONOGRAFIA OBSTETRICA                                                                         ;30097886149;CLEIDE CARVALHO SILVA DOS SANTOS;18.05.2026;07:00;0;701204020634816;ANA APARECIDA NERY FERREIRA;23.10.1989;36;439;LUCIENE RICALDI NERY;AVENIDA;TUIUIU 1466/99998;;2000;FENIX;79491076;(67)99659-5075 / (67)99856-5393;SAO GABRIEL DO OESTE;500769;SAO GABRIEL DO OESTE;500769;2370999;UNIDADE DE SAUDE DA FAMILIA FENIX IV;F;05.05.2026;GUSTAVO_PIAIA;05.05.2026;GUSTAVO_PIAIA;24.20;PENDENTE;Z34;;MAIARA RAMOS DA SILVA
665612538;0076168;0205020186;ULTRA-SONOGRAFIA TRANSVAGINAL;30097886149;CLEIDE CARVALHO SILVA DOS SANTOS;28.05.2026;13:00;0;709204244475431;VALERIA FREITAS DE OLIVEIRA;25.03.1992;34;410;LAZINHA APARECIDA ARRUDA DE OLIVEIRA;AVENIDA;GREGORIO NICARETTA;CASA 02;2122;PRIMO MAFFISSONI;79490000;(67)99618-0202;SAO GABRIEL DO OESTE;500769;SAO GABRIEL DO OESTE;500769;8176132;CASA ROSA;F;05.05.2026;ANACLAUDIA_PASCOAL;05.05.2026;ANACLAUDIA_PASCOAL;24.20;PENDENTE;Z00;10963419641;MARIA FERNANDA DIAS BASILIO
665643810;0076168;0205020186;ULTRA-SONOGRAFIA TRANSVAGINAL;30097886149;CLEIDE CARVALHO SILVA DOS SANTOS;07.05.2026;07:00;0;708504344078573;DAYANE COSTA RODRIGUES;19.02.1993;33;399;MARIA ADRIANA SOUTO DA COSTA;RUA;JOAO ALMEIDA SAMPAIO;;99;JARDIM GRAMADO;79490000;(47)99127-4797;SAO GABRIEL DO OESTE;500769;SAO GABRIEL DO OESTE;500769;8176132;CASA ROSA;F;05.05.2026;ANACLAUDIA_PASCOAL;05.05.2026;ANACLAUDIA_PASCOAL;24.20;CONFIRMADO;Z00;10963419641;MARIA FERNANDA DIAS BASILIO
665644390;0076132;0205020097;ULTRA-SONOGRAFIA DE MAMAS (BILATERAL);30097886149;CLEIDE CARVALHO SILVA DOS SANTOS;06.05.2026;13:00;0;705102856897740;LUCIANA VASCONCELOS THEODORO;14.07.1987;38;466;SONIA HELENA VASCONCELOS;RUA;AZULÃO;;1825;FENIX;79490000;(67)99841-3619;SAO GABRIEL DO OESTE;500769;SAO GABRIEL DO OESTE;500769;6354265;CENTRAL DE REGULACAO DE SAO GABRIEL DO OESTE;F;05.05.2026;ELIETE_SAOGABRIEL;05.05.2026;VANIA_MARIANO;24.20;CONFIRMADO;C509;;JAIRO COLEONE QUINELATO
665745790;0511032;0205020143;ULTRASSONOGRAFIA OBSTETRICA                                                                         ;30097886149;CLEIDE CARVALHO SILVA DOS SANTOS;18.05.2026;07:00;0;706204020329461;NATALIA NARCISO OLIVEIRA;15.09.1998;27;332;JOSEFA DA SILVA NARCISO;RUA;CURIO;CASA;664;JARDIM GRAMADO;79490000;(67)99821-8093;SAO GABRIEL DO OESTE;500769;SAO GABRIEL DO OESTE;500769;2591359;UNIDADE DE SAUDE DA FAMILIA V;F;05.05.2026;CHRISTIANEHELEN_FREITAS;05.05.2026;CHRISTIANEHELEN_FREITAS;24.20;PENDENTE;Z34;04796956107;JULIANA DA ROCHA PEREIRA MENEZES
665797760;0511032;0205020143;ULTRASSONOGRAFIA OBSTETRICA                                                                         ;30097886149;CLEIDE CARVALHO SILVA DOS SANTOS;20.05.2026;07:00;0;708409253052666;EVELLIN VITORIA ROTEL DE OLIVEIRA;17.07.2001;24;298;ADRIANA ROTEL;RUA;TUIUIU;;317;JARDIM GRAMADO;79490000;(67)99683-5658;SAO GABRIEL DO OESTE;500769;SAO GABRIEL DO OESTE;500769;8176132;CASA ROSA;F;05.05.2026;ANACLAUDIA_PASCOAL;05.05.2026;ANACLAUDIA_PASCOAL;24.20;PENDENTE;Z00;91415799172;ALESSANDRA REGINA GOMES RODOVALHO
665844627;0511032;0205020143;ULTRASSONOGRAFIA OBSTETRICA                                                                         ;30097886149;CLEIDE CARVALHO SILVA DOS SANTOS;20.05.2026;07:00;0;708502378906175;VANESSA DA SILVA MAIA;27.06.1998;27;334;MARLENE PEREIRA DA SILVA;RUA;TICO TICO;CASA;36;FENIX;79490000;(67)99827-0766;SAO GABRIEL DO OESTE;500769;SAO GABRIEL DO OESTE;500769;8176132;CASA ROSA;F;06.05.2026;ANACLAUDIA_PASCOAL;06.05.2026;ANACLAUDIA_PASCOAL;24.20;PENDENTE;Z00;95747818104;VANESSA BRESCHI
665873632;0511032;0205020143;ULTRASSONOGRAFIA OBSTETRICA                                                                         ;30097886149;CLEIDE CARVALHO SILVA DOS SANTOS;20.05.2026;07:00;0;704006870496762;VIVIANE VILA MAIOR RONDON;25.05.1990;36;432;LUCIENE VILA MAIOR RONDON;RUA;RIO DE JANEIRO;;780;CENTRO;79490000;(67)99872-3232;SAO GABRIEL DO OESTE;500769;SAO GABRIEL DO OESTE;500769;8176132;CASA ROSA;F;06.05.2026;ANACLAUDIA_PASCOAL;06.05.2026;ANACLAUDIA_PASCOAL;24.20;PENDENTE;Z00;10963419641;MARIA FERNANDA DIAS BASILIO
665902943;0511032;0205020143;ULTRASSONOGRAFIA OBSTETRICA                                                                         ;30097886149;CLEIDE CARVALHO SILVA DOS SANTOS;20.05.2026;13:00;0;704300527489098;GLACIELY TEODORO DE FREITAS;20.02.1991;35;423;GRACINDA FLORENTINA TEODORO DE FREITAS;RUA;CAMBARA;CASA;796;FENIX;79490000;(67)98531-0430 / (67)99890-7716;SAO GABRIEL DO OESTE;500769;SAO GABRIEL DO OESTE;500769;8176132;CASA ROSA;F;06.05.2026;ANACLAUDIA_PASCOAL;06.05.2026;ANACLAUDIA_PASCOAL;24.20;PENDENTE;Z00;95747818104;VANESSA BRESCHI
666059851;0076168;0205020186;ULTRA-SONOGRAFIA TRANSVAGINAL;30097886149;CLEIDE CARVALHO SILVA DOS SANTOS;21.05.2026;13:00;0;706205012718765;ISABELA JACINTHO PROENCIO DE OLIVEIRA;04.12.2001;24;293;JANAINA ALVES JACINTHO;AREA;AGROVIA CAMPANARIO;;42;AREA RURAL DE SAO GABRIEL DO OESTE;79493899;(67)99875-8383;SAO GABRIEL DO OESTE;500769;SAO GABRIEL DO OESTE;500769;8176132;CASA ROSA;F;06.05.2026;ANACLAUDIA_PASCOAL;06.05.2026;VANIA_MARIANO;24.20;PENDENTE;Z00;10963419641;MARIA FERNANDA DIAS BASILIO
666083720;0511032;0205020143;ULTRASSONOGRAFIA OBSTETRICA                                                                         ;30097886149;CLEIDE CARVALHO SILVA DOS SANTOS;20.05.2026;07:00;0;702100786493895;ELLEN BRUCHIER DE OLIVEIRA;26.12.2001;24;292;ELIZETE APARECIDA DA COSTA FARIAS;RUA;TARUMA;;294;SAO CRISTOVAO;79491174;(47)99293-9591;SAO GABRIEL DO OESTE;500769;SAO GABRIEL DO OESTE;500769;7002084;UNIDADE DE SAUDE DA FAMILIA IX;F;06.05.2026;FELIPE_NERIS;06.05.2026;FELIPE_NERIS;24.20;PENDENTE;Z34;01415181110;ANGELA BENITES
666092679;0511032;0205020143;ULTRASSONOGRAFIA OBSTETRICA                                                                         ;30097886149;CLEIDE CARVALHO SILVA DOS SANTOS;20.05.2026;07:00;0;702907566375973;DANIELLY OCAMPOS FERNANDES;05.12.2004;21;257;SIDINEIA CAMILO OCAMPOS;AREA;PRINCIPAL 1;;33;AREA RURAL DE SAO GABRIEL DO OESTE;79493899;(67)99331-6178;SAO GABRIEL DO OESTE;500769;SAO GABRIEL DO OESTE;500769;2370972;UNIDADE DE SAUDE DA FAMILIA MILANE II;F;06.05.2026;FLAVIA_RODRIGUES;06.05.2026;FLAVIA_RODRIGUES;24.20;PENDENTE;Z34;83798633134;JOAO BAPTISTA BARBOSA SOUZA
666165314;0076145;0205020127;ULTRA-SONOGRAFIA DE TIREOIDE;30097886149;CLEIDE CARVALHO SILVA DOS SANTOS;22.05.2026;07:00;0;708406760380866;FERNANDES LEMES DA SILVA;11.02.1938;88;1059;ROSALINA LEMES DA SILVA;RUA;SANTA ANA;;97;MILANI;79492090;(67)99633-6957;SAO GABRIEL DO OESTE;500769;SAO GABRIEL DO OESTE;500769;2370972;UNIDADE DE SAUDE DA FAMILIA MILANE II;M;07.05.2026;FLAVIA_RODRIGUES;07.05.2026;FLAVIA_RODRIGUES;24.20;PENDENTE;Z000;02453491113;MILENA GUEDIN VARGAS
666168314;0076145;0205020127;ULTRA-SONOGRAFIA DE TIREOIDE;30097886149;CLEIDE CARVALHO SILVA DOS SANTOS;15.05.2026;07:00;0;700009508107302;THAIS DO NASCIMENTO DIAS;16.03.1995;31;374;NELCENY MARIA DO NASCIMENTO;RUA;SAO JORGE;CASA 21;215;JARDIM PRIMAVERA;79490164;(67)99852-4446;SAO GABRIEL DO OESTE;500769;SAO GABRIEL DO OESTE;500769;8176132;CASA ROSA;F;07.05.2026;TAINAOLIVEIRA;07.05.2026;TAINAOLIVEIRA;24.20;CONFIRMADO;E039;;LEANDRO CARVALHO
666308644;0511032;0205020143;ULTRASSONOGRAFIA OBSTETRICA                                                                         ;30097886149;CLEIDE CARVALHO SILVA DOS SANTOS;13.05.2026;13:00;0;702406000464220;ERIKA DA SILVA LIMA STUANI;02.09.1987;38;464;RAIMUNDA MARIA DA SILVA LIMA;RUA;HILDO NICARETTA;;1858;PRIMO MAFFISSONI;79490000;(67)99678-9169;SAO GABRIEL DO OESTE;500769;SAO GABRIEL DO OESTE;500769;8176132;CASA ROSA;F;07.05.2026;ANACLAUDIA_PASCOAL;07.05.2026;VANIA_MARIANO;24.20;PENDENTE;Z00;95747818104;VANESSA BRESCHI
666330005;0511032;0205020143;ULTRASSONOGRAFIA OBSTETRICA                                                                         ;30097886149;CLEIDE CARVALHO SILVA DOS SANTOS;13.05.2026;13:00;0;702108719745796;JOICE APARECIDA CAMARGO DE ALMEIDA;10.10.1998;27;331;MARITELMA FERREIRA CAMARGO;RUA;JOAO VERMELHO;CASA;282;BAIRRO ALTO;79420000;(61)3315-2425;CAMAPUA;500260;SAO GABRIEL DO OESTE;500769;8176132;CASA ROSA;F;07.05.2026;TAINAOLIVEIRA;07.05.2026;VANIA_MARIANO;24.20;PENDENTE;Z34;95747818104;VANESSA BRESCHI
666395254;0076145;0205020127;ULTRA-SONOGRAFIA DE TIREOIDE;30097886149;CLEIDE CARVALHO SILVA DOS SANTOS;15.05.2026;07:00;0;707804620067118;NILZA ZORRILHA NEUVALD;26.05.1971;54;659;BRANDINA DE FREITAS ZORRILHA;RUA;AMAZONAS;;2742;AMABILE MAFFISSONI;79490000;(67)99663-4107;SAO GABRIEL DO OESTE;500769;SAO GABRIEL DO OESTE;500769;8176132;CASA ROSA;F;08.05.2026;ARIROSA;08.05.2026;VANIA_MARIANO;24.20;PENDENTE;Z00;;VICTOR R SOUZA 
666563696;0511032;0205020143;ULTRASSONOGRAFIA OBSTETRICA                                                                         ;30097886149;CLEIDE CARVALHO SILVA DOS SANTOS;20.05.2026;13:00;0;700009687044505;FRANCIELI COELHO VEIGA;21.09.2000;25;308;SONIA BELARMINO DA SILVA;RUA;ALBINO SOUZA BRANDAO 1/1199;;807;CENTRO;79490057;(67)99929-0302;SAO GABRIEL DO OESTE;500769;SAO GABRIEL DO OESTE;500769;2599376;UNIDADE DE SAUDE DA FAMILIA VI;F;08.05.2026;MARIANA_MARTINS;08.05.2026;MARIANA_MARTINS;24.20;PENDENTE;Z34;06437691107;MAIARA FLORES SCARIOT
667231859;0076145;0205020127;ULTRA-SONOGRAFIA DE TIREOIDE;30097886149;CLEIDE CARVALHO SILVA DOS SANTOS;15.05.2026;07:00;0;700902995889595;LORI DIELL;29.10.1953;72;870;MATILDE SOMMER;RUA;ESTUDANTE SONI BORTOLI;;760;JARDIM ALVORADA;79490000;(67)99968-7556;SAO GABRIEL DO OESTE;500769;SAO GABRIEL DO OESTE;500769;6452116;CENTRO DE ESPECIALIDADES MEDICAS;F;13.05.2026;ARI_CEM;13.05.2026;ARI_CEM;24.20;CONFIRMADO;Z00;;JOSE JULIO 
667244269;0076132;0205020097;ULTRA-SONOGRAFIA DE MAMAS (BILATERAL);30097886149;CLEIDE CARVALHO SILVA DOS SANTOS;20.05.2026;13:00;0;701004879610693;JEOCACIA DE OLIVEIRA SANTOS;15.03.1992;34;410;JANICE DE OLIVEIRA SANTOS;RUA;ACAIA;;1228;JARDIM TARUMA;79097230;(67)99987-5563;CAMPO GRANDE;500270;SAO GABRIEL DO OESTE;500769;6354265;CENTRAL DE REGULACAO DE SAO GABRIEL DO OESTE;F;13.05.2026;CLEIDIANE_REGULADOR;13.05.2026;CLEIDIANE_REGULADOR;24.20;PENDENTE;Z00;;EVELYN KASSIA TUDISCO FERNANDES
667254859;0511032;0205020143;ULTRASSONOGRAFIA OBSTETRICA                                                                         ;30097886149;CLEIDE CARVALHO SILVA DOS SANTOS;18.05.2026;13:00;0;700408473221746;ANA LUIZA ROLIM;18.02.2010;16;195;LUANA LOPES ROLIM;AVENIDA;TUIUIU;;614;JARDIM GRAMADO;79490000;(67)98215-7150;SAO GABRIEL DO OESTE;500769;SAO GABRIEL DO OESTE;500769;8176132;CASA ROSA;F;13.05.2026;EMILY_CASAROSA;13.05.2026;VANIA_MARIANO;24.20;PENDENTE;Z34;95747818104;VANESSA BRESCHI
667258727;0076168;0205020186;ULTRA-SONOGRAFIA TRANSVAGINAL;30097886149;CLEIDE CARVALHO SILVA DOS SANTOS;14.05.2026;13:00;0;703201690913492;CAMILA APARECIDA CARDOSO FERREIRA;29.09.1999;26;319;SUELI APARECIDA CARDOSO;RUA;BICUDOS;;329;JARDIM GRAMADO;79490000;(61)3315-2425;SAO GABRIEL DO OESTE;500769;SAO GABRIEL DO OESTE;500769;6354265;CENTRAL DE REGULACAO DE SAO GABRIEL DO OESTE;F;13.05.2026;VANIA_MARIANO;13.05.2026;VANIA_MARIANO;24.20;CONFIRMADO;Z00;00125300006;MEDICOS SUS
667289157;0511032;0205020143;ULTRASSONOGRAFIA OBSTETRICA                                                                         ;30097886149;CLEIDE CARVALHO SILVA DOS SANTOS;25.05.2026;07:00;0;700009241953505;TANIA RENATA DOS SANTOS;10.04.1995;31;373;IVONILDA APARECIDA DOS SANTOS;RUA;SARACURA 1/1465;;134;JARDIM GRAMADO;79491002;(42)99970-1043;SAO GABRIEL DO OESTE;500769;SAO GABRIEL DO OESTE;500769;2370980;UNIDADE DE SAUDE DA FAMILIA JARDIM GRAMADO I;F;13.05.2026;ELIANI_MOREIRA;13.05.2026;ELIANI_MOREIRA;24.20;PENDENTE;Z34;;CLAUDIA DOS SANTOS SILVA
667313995;0076145;0205020127;ULTRA-SONOGRAFIA DE TIREOIDE;30097886149;CLEIDE CARVALHO SILVA DOS SANTOS;29.05.2026;07:00;0;704108839900450;FRANCELEIDE DOS SANTOS;15.02.1974;52;627;GETULIA LAURINDA DA SILVA;RUA;SARACURA;;1064;JARDIM GRAMADO;79490000;(67)99825-0302 / (67)99919-0635;SAO GABRIEL DO OESTE;500769;SAO GABRIEL DO OESTE;500769;6354265;CENTRAL DE REGULACAO DE SAO GABRIEL DO OESTE;F;13.05.2026;JULIOCESAR_SAOGABRIEL;13.05.2026;JULIOCESAR_SAOGABRIEL;24.20;PENDENTE;E07;;MAYARA MARIA MELKE
667330313;0511032;0205020143;ULTRASSONOGRAFIA OBSTETRICA                                                                         ;30097886149;CLEIDE CARVALHO SILVA DOS SANTOS;20.05.2026;13:00;0;706001866436841;ESTEFANI FERREIRA BEZERRA;13.03.2007;19;230;JOCILAINE RODRIGUES FERREIRA;RUA;BEM TE VI;;1521;CONJUNTO FENIX;79490000;(67)9692-4713;SAO GABRIEL DO OESTE;500769;SAO GABRIEL DO OESTE;500769;8176132;CASA ROSA;F;13.05.2026;EMILY_CASAROSA;13.05.2026;EMILY_CASAROSA;24.20;PENDENTE;Z35;91415799172;ALESSANDRA REGINA GOMES RODOVALHO
667420946;0511032;0205020143;ULTRASSONOGRAFIA OBSTETRICA                                                                         ;30097886149;CLEIDE CARVALHO SILVA DOS SANTOS;20.05.2026;07:00;0;704605113459722;VANUZA LEAL DE OLIVEIRA;01.03.1997;29;350;VANIRA GONCALVES LEAL DE OLIVEIRA;RUA;GOIAS;CASA 01;824;CENTRO;79490000;(67)99813-0685;SAO GABRIEL DO OESTE;500769;SAO GABRIEL DO OESTE;500769;7333218;UNIDADE DE SAUDE DA FAMILIA X;F;13.05.2026;RAISSASILVALIMA;13.05.2026;RAISSASILVALIMA;24.20;PENDENTE;Z000;01952696160;SAMILLE SPETH STRELOW
667440888;0076168;0205020186;ULTRA-SONOGRAFIA TRANSVAGINAL;30097886149;CLEIDE CARVALHO SILVA DOS SANTOS;19.05.2026;13:00;0;709608648566773;GABRIELLE MOREIRA ALVES SOUZA;27.09.2003;22;271;MARISTELA MOREIRA ALVES;RUA;SARACURA 1/1465;;393;JARDIM GRAMADO;79491002;(67)99941-0327;SAO GABRIEL DO OESTE;500769;SAO GABRIEL DO OESTE;500769;8176132;CASA ROSA;F;13.05.2026;EMILY_CASAROSA;13.05.2026;VANIA_MARIANO;24.20;PENDENTE;N97;95747818104;VANESSA BRESCHI
667455937;0511032;0205020143;ULTRASSONOGRAFIA OBSTETRICA                                                                         ;30097886149;CLEIDE CARVALHO SILVA DOS SANTOS;20.05.2026;07:00;0;709002826218814;MARIA EDUARDA DE OLIVEIRA ALVES;15.11.2010;15;186;DEIVILA DE OLIVEIRA CUSTODIO;RUA;SANTA MARIA;CHACARRA;24;MILANI;79492074;(67)99606-5319;SAO GABRIEL DO OESTE;500769;SAO GABRIEL DO OESTE;500769;8176132;CASA ROSA;F;13.05.2026;ANACLAUDIA_PASCOAL;13.05.2026;ANACLAUDIA_PASCOAL;24.20;PENDENTE;Z00;;NEWTON SIGNORINI CASTILHO 
667456920;0511032;0205020143;ULTRASSONOGRAFIA OBSTETRICA                                                                         ;30097886149;CLEIDE CARVALHO SILVA DOS SANTOS;20.05.2026;07:00;0;706004803560246;YASMIN DA SILVA GOMES;16.05.2005;21;252;SOLANGE GOMES DA SILVA;RUA;CURRUIRAS;CASA;1673;JARDIM GRAMADO;79490000;(67)99831-7565 / (67)99866-7347;SAO GABRIEL DO OESTE;500769;SAO GABRIEL DO OESTE;500769;8176132;CASA ROSA;F;13.05.2026;EMILY_CASAROSA;13.05.2026;EMILY_CASAROSA;24.20;PENDENTE;Z35;91415799172;ALESSANDRA REGINA GOMES RODOVALHO
667495672;0076168;0205020186;ULTRA-SONOGRAFIA TRANSVAGINAL;30097886149;CLEIDE CARVALHO SILVA DOS SANTOS;21.05.2026;13:00;0;708204164244443;ALAIR SANTOS DA SILVA;05.07.1993;32;394;CAROLINA DOS SANTOS BARBOSA;RUA;RAIMUNDO PRADO;;1129;CENTRO;79490000;(67)99682-0347;SAO GABRIEL DO OESTE;500769;SAO GABRIEL DO OESTE;500769;8176132;CASA ROSA;F;14.05.2026;EMILY_CASAROSA;15.05.2026;VANIA_MARIANO;24.20;PENDENTE;N830;88308499953;LUCINALDO BASSO
667516711;0511032;0205020143;ULTRASSONOGRAFIA OBSTETRICA                                                                         ;30097886149;CLEIDE CARVALHO SILVA DOS SANTOS;20.05.2026;07:00;0;708206643594748;MARIA DA CONCEICAO RODRIGUES RIQUELME;08.12.1996;29;353;RENIRDE RODRIGUES RIQUELME;RUA;CURIO;;829;JARDIM GRAMADO;79491012;(67)99974-6382 / (67)99687-5953;SAO GABRIEL DO OESTE;500769;SAO GABRIEL DO OESTE;500769;5971055;UNIDADE DE SAUDE DA FAMILIA VIII;F;14.05.2026;JESSICAPADILHA;14.05.2026;JESSICAPADILHA;24.20;PENDENTE;Z000;04805244160;RENNAN ORTIZ BUENO
667517149;0076145;0205020127;ULTRA-SONOGRAFIA DE TIREOIDE;30097886149;CLEIDE CARVALHO SILVA DOS SANTOS;22.05.2026;07:00;0;700007943057109;FLAVIANA VITORIA LEMUS RIBAS;04.12.2006;19;233;NORMA LEMUS DA SILVA RIBAS;RUA;JOAO RIBEIRO GUIMARÃES;;167;JD PRIMAVERA;79490000;(67)99656-1861;SAO GABRIEL DO OESTE;500769;SAO GABRIEL DO OESTE;500769;8176132;CASA ROSA;F;14.05.2026;ANACLAUDIA_PASCOAL;14.05.2026;ANACLAUDIA_PASCOAL;24.20;PENDENTE;E039;;HUDSON
667546602;0511032;0205020143;ULTRASSONOGRAFIA OBSTETRICA                                                                         ;30097886149;CLEIDE CARVALHO SILVA DOS SANTOS;25.05.2026;07:00;0;706105045417560;TAIS SILVA GOMES;14.03.2008;18;218;APARECIDA FERREIRA DA SILVA;RUA;CURIÓ;CASA 2;879;JARDIM GRAMADO;79491012;(67)99615-0017;SAO GABRIEL DO OESTE;500769;SAO GABRIEL DO OESTE;500769;5971055;UNIDADE DE SAUDE DA FAMILIA VIII;F;14.05.2026;JESSICAPADILHA;14.05.2026;JESSICAPADILHA;24.20;PENDENTE;Z000;;MARTA FERNANDES DE ABREU
667551028;0511032;0205020143;ULTRASSONOGRAFIA OBSTETRICA                                                                         ;30097886149;CLEIDE CARVALHO SILVA DOS SANTOS;25.05.2026;13:00;0;704606672015029;SILMARA ANDRESSA RODRIGUES DA SILVA;09.03.1992;34;410;LUCIENE RODRIGUES DA SILVA;RUA;FILINTO MULLER;;224;MILANI;79492100;(67)99650-3572;SAO GABRIEL DO OESTE;500769;SAO GABRIEL DO OESTE;500769;8176132;CASA ROSA;F;14.05.2026;ANACLAUDIA_PASCOAL;14.05.2026;ANACLAUDIA_PASCOAL;24.20;PENDENTE;Z001;95747818104;VANESSA BRESCHI
667649407;0511032;0205020143;ULTRASSONOGRAFIA OBSTETRICA                                                                         ;30097886149;CLEIDE CARVALHO SILVA DOS SANTOS;25.05.2026;13:00;0;700006211370908;PATRICIA ESPINDOLA;04.01.1999;27;328;CLAUDIENE ESPINDOLA;RUA;AROEIRA;;222;SAO CRISTOVAO;79491190;(67)99673-1481;SAO GABRIEL DO OESTE;500769;SAO GABRIEL DO OESTE;500769;8176132;CASA ROSA;F;14.05.2026;ANACLAUDIA_PASCOAL;14.05.2026;ANACLAUDIA_PASCOAL;24.20;PENDENTE;Z001;32111630187;JOSE EDACYR SIMM
667665341;0511032;0205020143;ULTRASSONOGRAFIA OBSTETRICA                                                                         ;30097886149;CLEIDE CARVALHO SILVA DOS SANTOS;25.05.2026;07:00;0;707708658386010;TAINARA SANTOS DE OLIVEIRA;30.12.1999;26;316;MARTA PEREIRA DOS SANTOS OLIVEIRA;RUA;MINAS GERAIS;;2289;CENTRO;79490000;(67)3928-8091;SAO GABRIEL DO OESTE;500769;SAO GABRIEL DO OESTE;500769;8176132;CASA ROSA;F;14.05.2026;ANACLAUDIA_PASCOAL;14.05.2026;ANACLAUDIA_PASCOAL;24.20;PENDENTE;Z34;95747818104;VANESSA BRESCHI
667762268;0076145;0205020127;ULTRA-SONOGRAFIA DE TIREOIDE;30097886149;CLEIDE CARVALHO SILVA DOS SANTOS;22.05.2026;07:00;0;708409285345561;HODIGAR LUIS VANDES;15.05.1969;57;684;ZENAIDE LUIS VANDES;RUA;FELINTO MULLER;;437;MILANI;79490000;(67)99979-1895;SAO GABRIEL DO OESTE;500769;SAO GABRIEL DO OESTE;500769;8176132;CASA ROSA;M;15.05.2026;EMILY_CASAROSA;15.05.2026;EMILY_CASAROSA;24.20;PENDENTE;I10;;KALYNKA S HIGNO
667814325;0076145;0205020127;ULTRA-SONOGRAFIA DE TIREOIDE;30097886149;CLEIDE CARVALHO SILVA DOS SANTOS;29.05.2026;07:00;0;705809404277434;VERA CRISTINA DA SILVA DA SILVA;25.06.1985;40;491;IVANILDE DA SILVA DA SILVA;TRAVESSA;25 DE FEVEREIRO;;97;PRIMO MAFFISSONI;79490000;(67)99819-7631;SAO GABRIEL DO OESTE;500769;SAO GABRIEL DO OESTE;500769;8176132;CASA ROSA;F;15.05.2026;EMILY_CASAROSA;15.05.2026;EMILY_CASAROSA;24.20;PENDENTE;Z00;;CLEDSON PERETTI
667998835;0511032;0205020143;ULTRASSONOGRAFIA OBSTETRICA                                                                         ;30097886149;CLEIDE CARVALHO SILVA DOS SANTOS;25.05.2026;07:00;0;700402422762442;EDILAINY KELLY RAMOS MARTINS;12.08.1990;35;429;ELIZA RAMOS MARTINS;RUA;CAMBARÁ;;317;SÃO CRISTÓVÃO;79490000;(67)99907-2968;SAO GABRIEL DO OESTE;500769;SAO GABRIEL DO OESTE;500769;8176132;CASA ROSA;F;18.05.2026;TAINAOLIVEIRA;18.05.2026;TAINAOLIVEIRA;24.20;PENDENTE;Z359;10963419641;MARIA FERNANDA DIAS BASILIO
668031062;0076168;0205020186;ULTRA-SONOGRAFIA TRANSVAGINAL;30097886149;CLEIDE CARVALHO SILVA DOS SANTOS;28.05.2026;13:00;0;703201690913492;CAMILA APARECIDA CARDOSO FERREIRA;29.09.1999;26;319;SUELI APARECIDA CARDOSO;RUA;BICUDOS;;329;JARDIM GRAMADO;79490000;(61)3315-2425;SAO GABRIEL DO OESTE;500769;SAO GABRIEL DO OESTE;500769;6354265;CENTRAL DE REGULACAO DE SAO GABRIEL DO OESTE;F;18.05.2026;VANIA_MARIANO;18.05.2026;VANIA_MARIANO;24.20;PENDENTE;N93;00125300006;MEDICOS SUS
668211249;0076132;0205020097;ULTRA-SONOGRAFIA DE MAMAS (BILATERAL);30097886149;CLEIDE CARVALHO SILVA DOS SANTOS;27.05.2026;13:00;0;706406660056386;DANIELA JESUS DE ALMEIDA;12.06.1989;36;443;DAVINA DOS SANTOS;RUA;CASTANHEIRA;CASA;463;SÃO CRISTÓVÃO;79490000;(67)99855-9995;SAO GABRIEL DO OESTE;500769;SAO GABRIEL DO OESTE;500769;6354265;CENTRAL DE REGULACAO DE SAO GABRIEL DO OESTE;F;18.05.2026;VANIA_MARIANO;18.05.2026;VANIA_MARIANO;24.20;PENDENTE;N62;;RENNAN BUENO
668330388;0511032;0205020143;ULTRASSONOGRAFIA OBSTETRICA                                                                         ;30097886149;CLEIDE CARVALHO SILVA DOS SANTOS;20.05.2026;13:00;0;702108719745796;JOICE APARECIDA CAMARGO DE ALMEIDA;10.10.1998;27;331;MARITELMA FERREIRA CAMARGO;RUA;JOAO VERMELHO;CASA;282;BAIRRO ALTO;79420000;(61)3315-2425;CAMAPUA;500260;SAO GABRIEL DO OESTE;500769;8176132;CASA ROSA;F;19.05.2026;EMILY_CASAROSA;19.05.2026;VANIA_MARIANO;24.20;PENDENTE;Z00;95747818104;VANESSA BRESCHI
668373878;0076168;0205020186;ULTRA-SONOGRAFIA TRANSVAGINAL;30097886149;CLEIDE CARVALHO SILVA DOS SANTOS;19.05.2026;12:50;0;708204155691343;MARIELEN RODRIGUES DE SOUZA;14.08.2003;22;273;AMELIA RODRIGUES DE SOUZA;RUA;FENIX;CASA;64;FENIX;79490000;(67)99937-1438 / (67)99937-1438;SAO GABRIEL DO OESTE;500769;SAO GABRIEL DO OESTE;500769;8176132;CASA ROSA;F;19.05.2026;EMILY_CASAROSA;19.05.2026;VANIA_MARIANO;24.20;PENDENTE;Z00;;GEOVANNA BEATRIZ
668413971;0511032;0205020143;ULTRASSONOGRAFIA OBSTETRICA                                                                         ;30097886149;CLEIDE CARVALHO SILVA DOS SANTOS;25.05.2026;13:00;0;700005445702809;RAUANY MARTINS PAGANOTTI;13.11.1993;32;390;MARCIA MARTINS DA SILVA;RUA;ALBINO SOUZA BRANDAO 1200/99999;;1586;PRIMO MAFFISSONI;79490294;(67)99863-5776 / (67)98196-1522;SAO GABRIEL DO OESTE;500769;SAO GABRIEL DO OESTE;500769;7333218;UNIDADE DE SAUDE DA FAMILIA X;F;19.05.2026;RAISSASILVALIMA;19.05.2026;RAISSASILVALIMA;24.20;PENDENTE;Z000;63805480172;CLEDSON PERETTI
668605820;0511032;0205020143;ULTRASSONOGRAFIA OBSTETRICA                                                                         ;30097886149;CLEIDE CARVALHO SILVA DOS SANTOS;25.05.2026;07:00;0;704008395414460;ADRIANE REHBAIN;15.10.1997;28;343;NAIR GERHARDT VON MULHEN REHBAIN;RUA;CURIO;;1112;JARDIM GRAMADO;79490000;(46)99937-1692;SAO GABRIEL DO OESTE;500769;SAO GABRIEL DO OESTE;500769;5971055;UNIDADE DE SAUDE DA FAMILIA VIII;F;20.05.2026;JESSICAPADILHA;20.05.2026;JESSICAPADILHA;24.20;PENDENTE;Z000;;MARTA FERNANDES DE ABREU
668627394;0511032;0205020143;ULTRASSONOGRAFIA OBSTETRICA                                                                         ;30097886149;CLEIDE CARVALHO SILVA DOS SANTOS;25.05.2026;07:00;0;706003311392349;MARINA BETARELLO;02.04.2010;16;193;ELETICIA DE OLIVEIRA LOPES;FAZENDA;FLORAO DA BUKAINA;;S/N;ZONA RURAL;79580000;(67)99822-0992;INOCENCIA;500440;SAO GABRIEL DO OESTE;500769;8176132;CASA ROSA;F;20.05.2026;EMILY_CASAROSA;20.05.2026;EMILY_CASAROSA;24.20;PENDENTE;Z34;95747818104;VANESSA BRESCHI
668679498;0511032;0205020143;ULTRASSONOGRAFIA OBSTETRICA                                                                         ;30097886149;CLEIDE CARVALHO SILVA DOS SANTOS;25.05.2026;07:00;0;700501170515355;GEOVANA GABRIELE MORAES GUIMARAES;08.12.2007;18;221;ODINEIA DE JESUS MORAES;RUA;CONDE DE PORTO ALEGRE;CASA;1302;MILANI;79490000;(67)9937-3002;SAO GABRIEL DO OESTE;500769;SAO GABRIEL DO OESTE;500769;8176132;CASA ROSA;F;20.05.2026;ANACLAUDIA_PASCOAL;20.05.2026;ANACLAUDIA_PASCOAL;24.20;PENDENTE;Z00;95747818104;VANESSA BRESCHI
668788087;0511032;0205020143;ULTRASSONOGRAFIA OBSTETRICA                                                                         ;30097886149;CLEIDE CARVALHO SILVA DOS SANTOS;25.05.2026;07:00;0;898004129892756;ISMAELLY VIEIRA;07.06.2011;14;179;INGRE DOS SANTOS VIEIRA;RUA;AZULAO 1/1019;;1175;SAO CRISTOVAO;79491206;(67)99872-1735;SAO GABRIEL DO OESTE;500769;SAO GABRIEL DO OESTE;500769;7002084;UNIDADE DE SAUDE DA FAMILIA IX;F;20.05.2026;AMANDALUIZA_BIAZUS;20.05.2026;AMANDALUIZA_BIAZUS;24.20;PENDENTE;Z000;;FELIPE NERIS
668800237;0511032;0205020143;ULTRASSONOGRAFIA OBSTETRICA                                                                         ;30097886149;CLEIDE CARVALHO SILVA DOS SANTOS;25.05.2026;07:00;0;705005436672855;JESSICA DE SOUZA GOMES;01.10.1998;27;331;FATIMA IZIDORA DE SOUZA;RUA;SANTA MARIA;;17;MILANI;79492074;(67)99667-4038;SAO GABRIEL DO OESTE;500769;SAO GABRIEL DO OESTE;500769;2370972;UNIDADE DE SAUDE DA FAMILIA MILANE II;F;20.05.2026;FLAVIA_RODRIGUES;20.05.2026;FLAVIA_RODRIGUES;24.20;PENDENTE;Z34;83798633134;JOAO BAPTISTA BARBOSA SOUZA
668818332;0076145;0205020127;ULTRA-SONOGRAFIA DE TIREOIDE;30097886149;CLEIDE CARVALHO SILVA DOS SANTOS;22.05.2026;07:00;0;701402696877431;MARGITA MARLENE LESKE;09.12.1965;60;725;ERNA LESKE;RUA;DEOCLECIO ZAMIGNAN;;1895;PRIMO MAFFISSONI;79490000;(67)99615-7207;SAO GABRIEL DO OESTE;500769;SAO GABRIEL DO OESTE;500769;7333218;UNIDADE DE SAUDE DA FAMILIA X;F;20.05.2026;RAISSASILVALIMA;20.05.2026;RAISSASILVALIMA;24.20;PENDENTE;Z000;63805480172;CLEDSON PERETTI
668929854;0511032;0205020143;ULTRASSONOGRAFIA OBSTETRICA                                                                         ;30097886149;CLEIDE CARVALHO SILVA DOS SANTOS;25.05.2026;07:00;0;708405789532965;VALQUIRIA GONCALVES DE OLIVEIRA;18.06.1987;38;467;MARLENE GONCALVES DA SILVA;FAZENDA;SERRA NEGRA;;S/N;RURAL;79490000;(67)99948-0570 / (67)99965-9208;SAO GABRIEL DO OESTE;500769;SAO GABRIEL DO OESTE;500769;8176132;CASA ROSA;F;21.05.2026;ANACLAUDIA_PASCOAL;21.05.2026;ANACLAUDIA_PASCOAL;24.20;PENDENTE;Z00;10963419641;MARIA FERNANDA DIAS BASILIO
668974928;0076168;0205020186;ULTRA-SONOGRAFIA TRANSVAGINAL;30097886149;CLEIDE CARVALHO SILVA DOS SANTOS;26.05.2026;13:00;0;700804900277786;APARECIDA GONCALVES SENNE RODRIGUES;25.04.1959;67;805;MARIA GONCALVES SENNE;RUA;DAS ANHUMAS 1/1465;;1180;JARDIM GRAMADO;79491016;(11)91179-8866;SAO GABRIEL DO OESTE;500769;SAO GABRIEL DO OESTE;500769;8176132;CASA ROSA;F;21.05.2026;EMILY_CASAROSA;21.05.2026;VANIA_MARIANO;24.20;PENDENTE;Z00;88308499953;LUCINALDO BASSO
669084103;0511032;0205020143;ULTRASSONOGRAFIA OBSTETRICA                                                                         ;30097886149;CLEIDE CARVALHO SILVA DOS SANTOS;27.05.2026;07:00;0;700000118989302;CAMILA CAVALHEIRO DA SILVA;09.03.1999;27;326;CARLA ADRIANA NUNES CAVALHEIRO;FAZENDA;SANTA PAULA;;S/N;ZONA RURAL;79490000;(67)98475-4625;SAO GABRIEL DO OESTE;500769;SAO GABRIEL DO OESTE;500769;8176132;CASA ROSA;F;21.05.2026;EMILY_CASAROSA;21.05.2026;EMILY_CASAROSA;24.20;PENDENTE;Z34;95747818104;VANESSA BRESCHI
669086890;0511032;0205020143;ULTRASSONOGRAFIA OBSTETRICA                                                                         ;30097886149;CLEIDE CARVALHO SILVA DOS SANTOS;27.05.2026;07:00;0;700000945990507;THAIANE DA SILVA PIRES;10.01.2003;23;280;FABIANA DA SILVA;ESTRADA;FAZENDA BODOQUENA;TRÊS MORROS;S/N;ZONA RURAL;79290000;(67)99833-8951;BONITO;500220;SAO GABRIEL DO OESTE;500769;8176132;CASA ROSA;F;21.05.2026;EMILY_CASAROSA;21.05.2026;EMILY_CASAROSA;24.20;PENDENTE;Z34;95747818104;VANESSA BRESCHI
669090386;0511032;0205020143;ULTRASSONOGRAFIA OBSTETRICA                                                                         ;30097886149;CLEIDE CARVALHO SILVA DOS SANTOS;27.05.2026;13:00;0;708508366662271;JULIA RONDON DA SILVA;12.04.2007;19;229;MARIA DO CARMO FRANCISCA DA SILVA;RUA;DR JOSE FELICIANO;;20;VILA NOVA;79480000;(67)9878-5100;RIO VERDE DE MATO GROSSO;500740;SAO GABRIEL DO OESTE;500769;8176132;CASA ROSA;F;21.05.2026;EMILY_CASAROSA;21.05.2026;EMILY_CASAROSA;24.20;PENDENTE;Z34;95747818104;VANESSA BRESCHI
669097503;0511032;0205020143;ULTRASSONOGRAFIA OBSTETRICA                                                                         ;30097886149;CLEIDE CARVALHO SILVA DOS SANTOS;27.05.2026;07:00;0;700600979098970;ANA VITORIA PEREIRA DA SILVA;12.04.2006;20;241;LUCIENE PEREIRA DOS ANJOS;RUA;DOS CANARIOS 1466/99999;;2001;FENIX;79491078;(67)99927-9780 / (67)99958-2686;SAO GABRIEL DO OESTE;500769;SAO GABRIEL DO OESTE;500769;2370999;UNIDADE DE SAUDE DA FAMILIA FENIX IV;F;21.05.2026;GUSTAVO_PIAIA;21.05.2026;GUSTAVO_PIAIA;24.20;PENDENTE;Z34;96245646120;RAFAELLA MARIA COSTA GOIS DE FIGUEIREDO
669099169;0511032;0205020143;ULTRASSONOGRAFIA OBSTETRICA                                                                         ;30097886149;CLEIDE CARVALHO SILVA DOS SANTOS;27.05.2026;07:00;0;700601900300663;BEATRIZ MENEZES DOS SANTOS;13.04.2009;17;205;SARAH JANE MENEZES RODRIGUES;RUA;JOSE MATTE;;06;VILA NEUSA;79117711;(67)99627-4044;CAMPO GRANDE;500270;SAO GABRIEL DO OESTE;500769;2370999;UNIDADE DE SAUDE DA FAMILIA FENIX IV;F;21.05.2026;GUSTAVO_PIAIA;21.05.2026;GUSTAVO_PIAIA;24.20;PENDENTE;Z000;96245646120;RAFAELLA MARIA COSTA GOIS DE FIGUEIREDO
669100446;0511032;0205020143;ULTRASSONOGRAFIA OBSTETRICA                                                                         ;30097886149;CLEIDE CARVALHO SILVA DOS SANTOS;27.05.2026;07:00;0;706401639786988;LARISSA VITORIA DA SILVA GOUVEIA;08.01.2010;16;196;ALDEANE ELIAS DA SILVA;RUA;BEIJA-FLOR 1/99998;;1284;FENIX;79491120;(54)99690-6743 / (67)99642-2579;SAO GABRIEL DO OESTE;500769;SAO GABRIEL DO OESTE;500769;2370999;UNIDADE DE SAUDE DA FAMILIA FENIX IV;F;21.05.2026;GUSTAVO_PIAIA;21.05.2026;GUSTAVO_PIAIA;24.20;PENDENTE;Z34;;CLAUDIA DOS SANTOS SILVA
669192871;0511032;0205020143;ULTRASSONOGRAFIA OBSTETRICA                                                                         ;30097886149;CLEIDE CARVALHO SILVA DOS SANTOS;27.05.2026;07:00;0;704303563354698;INDIANARA BATISTELLA;16.10.2000;25;307;NEIVA MARIA CECATTO BATISTELLA;RUA;N;;498;CIDADE JARDIM;79492142;(49)98838-5818;SAO GABRIEL DO OESTE;500769;SAO GABRIEL DO OESTE;500769;2370972;UNIDADE DE SAUDE DA FAMILIA MILANE II;F;22.05.2026;FLAVIA_RODRIGUES;22.05.2026;FLAVIA_RODRIGUES;24.20;PENDENTE;Z000;02453491113;MILENA GUEDIN VARGAS
669325097;0076145;0205020127;ULTRA-SONOGRAFIA DE TIREOIDE;30097886149;CLEIDE CARVALHO SILVA DOS SANTOS;29.05.2026;07:00;0;705005615786456;LILIAN PORTO SOARES DA SILVA;23.04.1970;56;673;ANALIS DOS SANTOS SOARES;RUA;CONDE DE PORTO ALEGRE;;1259;MILANI;79492072;(67)99923-3149;SAO GABRIEL DO OESTE;500769;SAO GABRIEL DO OESTE;500769;2370972;UNIDADE DE SAUDE DA FAMILIA MILANE II;F;22.05.2026;FLAVIA_RODRIGUES;22.05.2026;FLAVIA_RODRIGUES;24.20;PENDENTE;Z000;02453491113;MILENA GUEDIN VARGAS
669482957;0511032;0205020143;ULTRASSONOGRAFIA OBSTETRICA                                                                         ;30097886149;CLEIDE CARVALHO SILVA DOS SANTOS;27.05.2026;07:00;0;702901513172371;EDNA PEREIRA DA SILVA;04.01.2004;22;268;ROSILDA APARECIDA PEREIRA;RUA;I;;397;CIDADE JARDIM;79490000;(67)99831-3712;SAO GABRIEL DO OESTE;500769;SAO GABRIEL DO OESTE;500769;2370972;UNIDADE DE SAUDE DA FAMILIA MILANE II;F;25.05.2026;FLAVIA_RODRIGUES;25.05.2026;FLAVIA_RODRIGUES;24.20;PENDENTE;Z34;83798633134;JOAO BAPTISTA BARBOSA SOUZA
669630907;0511032;0205020143;ULTRASSONOGRAFIA OBSTETRICA                                                                         ;30097886149;CLEIDE CARVALHO SILVA DOS SANTOS;27.05.2026;07:00;0;707002889632336;SIENY CONCEICAO SANTANA;12.01.2001;25;304;CLEUZA OLIVEIRA DA CONCEICAO;RUA;TUIUIU;;1077;JARDIM GRAMADO;79490000;(67)99972-0876;SAO GABRIEL DO OESTE;500769;SAO GABRIEL DO OESTE;500769;3400964;UNIDADE DE SAUDE DA FAMILIA RURAL VII;F;25.05.2026;CLEIDIANE_RURALVII;25.05.2026;CLEIDIANE_RURALVII;24.20;PENDENTE;Z00;;LAYS
669643756;0511032;0205020143;ULTRASSONOGRAFIA OBSTETRICA                                                                         ;30097886149;CLEIDE CARVALHO SILVA DOS SANTOS;27.05.2026;07:00;0;703107342935660;DAIANE DA SILVA PEREIRA;09.07.1996;29;358;ROSANGELA VIEIRA DA SILVA;RUA;MINAS GERAIS;;2580;AMABILE MAFFISSONI;79490088;(67)99867-9768;SAO GABRIEL DO OESTE;500769;SAO GABRIEL DO OESTE;500769;2370964;UNIDADE DE SAUDE DA FAMILIA III;F;25.05.2026;ANACLAUDIA_NOGUEIRA;25.05.2026;ANACLAUDIA_NOGUEIRA;24.20;PENDENTE;R102;02611833974;HUDSON PERES DORIGAO BELISARIO DE SOUZA
669644030;0511032;0205020143;ULTRASSONOGRAFIA OBSTETRICA                                                                         ;30097886149;CLEIDE CARVALHO SILVA DOS SANTOS;27.05.2026;07:00;0;703107342935660;DAIANE DA SILVA PEREIRA;09.07.1996;29;358;ROSANGELA VIEIRA DA SILVA;RUA;MINAS GERAIS;;2580;AMABILE MAFFISSONI;79490088;(67)99867-9768;SAO GABRIEL DO OESTE;500769;SAO GABRIEL DO OESTE;500769;2370964;UNIDADE DE SAUDE DA FAMILIA III;F;25.05.2026;ANACLAUDIA_NOGUEIRA;25.05.2026;ANACLAUDIA_NOGUEIRA;24.20;PENDENTE;R102;02611833974;HUDSON PERES DORIGAO BELISARIO DE SOUZA
