Cód. Solicitação;Data da Solicitação;Paciente;Idade Paciente;Procedimento;CID;Dias em Espera
522158485;01/03/2024;MARIA DURVALINA DA SILVA MENDES;65 anos;CONSULTA EM NEUROCIRURGIA - GERAL;M541;846
522301398;01/03/2024;ANTONIA CLEIDE MARCAL DE OLIVEIRA;62 anos;CONSULTA EM CIRURGIA OTORRINOLARINGOLOGIA;H652;846
659856983;01/04/2026;DANIEL CARLOS DOS SANTOS;59 anos;BIOPSIA DE PROSTATA;N40;85
659869066;01/04/2026;GILMAR RODRIGUES SILVEIRA;52 anos;CONSULTA EM CARDIOLOGIA - ADULTO;I30;85
659928633;01/04/2026;JORGE KAWE DA SILVA;2 anos;CONSULTA EM GENETICA MEDICA;Q878;85
659938303;01/04/2026;MARCOS ROGERIO DHEIN;58 anos;GRUPO - ATENDIMENTO / ACOMPANHAMENTO EM REABILITAÇÃO NAS MULTIPLAS DEFICIÊNCIAS;H906;85
659941752;01/04/2026;JAIR PROENCA;75 anos;CATETERISMO CARDIACO;I251;85
659954474;01/04/2026;MARIA ISABEL SCHEIFER;31 anos;CONSULTA EM CIRURGIA BARIATRICA OBESIDADE;E660;85
659956538;01/04/2026;SILVIANA CARDOSO DE MEDEIROS SILVA;42 anos;CONSULTA EM REUMATOLOGIA - ADULTO;M797;85
420684071;01/06/2022;ROOSEVELT NERY DA SILVA;58 anos;CONSULTA EM ORTOPEDIA - JOELHO;M179;1485
670919805;01/06/2026;MARIA AUXILIADORA RIBAS;69 anos;CONSULTA EM NEFROLOGIA - ADULTO;N18;24
670959224;01/06/2026;EVA FURTADO DE FREITAS;67 anos;CONSULTA EM ENDOCRINOLOGIA E METABOLOGIA - ADULTO;L108;24
671035989;01/06/2026;ALLAN SOUZA DE LAPENA;34 anos;GRUPO - RESSONANCIA MAGNETICA;M233;24
671038260;01/06/2026;CLAUDIONEI SORGATTO;47 anos;ENDOSCOPIA DIGESTIVA ALTA;K92;24
671039801;01/06/2026;MARIA DO CARMO DE JESUS ALVES;85 anos;GRUPO - TOMOGRAFIA COMPUTADORIZADA;J450;24
671040121;01/06/2026;MARIA DO CARMO DE JESUS ALVES;85 anos;ESPIROMETRIA;J450;24
671040151;01/06/2026;VANUSA SAVOLDI DE SOUZA;42 anos;GRUPO - ELETRONEUROMIOGRAFIA;G560;24
671041111;01/06/2026;CLEVERSON BAISCHI;25 anos;GRUPO - RESSONANCIA MAGNETICA;M545;24
671044971;01/06/2026;SEBASTIAO FERREIRA NETO;63 anos;CONSULTA EM NEFROLOGIA - ADULTO;R944;24
671046619;01/06/2026;JOAO VITOR DE LIMA CENI;26 anos;CONSULTA EM GASTROENTEROLOGIA - GERAL;W79;24
671048643;01/06/2026;CLEONICE DE MOREIRA SALES;75 anos;ESPIROMETRIA;R06;24
671049684;01/06/2026;CLEONICE DE MOREIRA SALES;75 anos;GRUPO - TOMOGRAFIA COMPUTADORIZADA;R06;24
671054327;01/06/2026;PAULO RICARDO JACINTHO PROENCIO;21 anos;GRUPO - RESSONANCIA MAGNETICA;M23;24
671058144;01/06/2026;TANIA MARIA DALPASQUALE ZIMERMANN;70 anos;GRUPO - ATENDIMENTO / ACOMPANHAMENTO EM REABILITAÇÃO NAS MULTIPLAS DEFICIÊNCIAS;H906;24
671060875;01/06/2026;SUSANA ARALDI;37 anos;ENDOSCOPIA DIGESTIVA ALTA;K210;24
671060905;01/06/2026;OLINDA MATOS DE SOUZA;82 anos;GRUPO - RESSONANCIA MAGNETICA;M809;24
671066515;01/06/2026;MURYLO KENJI MORI;17 anos;GRUPO - RESSONANCIA MAGNETICA;S430;24
671077570;01/06/2026;VANUSE FERREIRA DA SILVA;43 anos;CONSULTA EM MASTOLOGIA - GERAL;N63;24
671085711;01/06/2026;ILMA FERNANDES DE FIGUEREDO GUEDES;62 anos;GRUPO - RESSONANCIA MAGNETICA;M751;24
671090791;01/06/2026;ELIANE TEREZINHA ROSSAROLLA VENDRUSCOLO;56 anos;CONSULTA EM NEUROCIRURGIA - GERAL;C71;24
671123392;01/06/2026;ELZA MELLO;62 anos;CONSULTA EM REUMATOLOGIA - ADULTO;M797;24
671131449;01/06/2026;CLOVIS TEIXEIRA MARQUES;63 anos;CONSULTA EM OFTALMOLOGIA - RETINA GERAL;H358;24
609795615;01/07/2025;GEOVANE APARECIDO DO AMARAL;29 anos;CONSULTA EM NEUROCIRURGIA - GERAL;S062;359
429940881;01/08/2022;NICOLAS GONCALVES SILVA;9 anos;CONSULTA EM NEUROLOGIA - PEDIATRIA;R568;1424
487070327;01/08/2023;LOURDES ARAUJO;45 anos;CONSULTA EM ORTOPEDIA - JOELHO;M179;1059
615456996;01/08/2025;NEUSA NUNES DE JESUS;75 anos;CONSULTA EM ENDOCRINOLOGIA E METABOLOGIA - ADULTO;E105;328
615493943;01/08/2025;ANA NISA DA SILVA;79 anos;CONSULTA EM ENDOCRINOLOGIA E METABOLOGIA - ADULTO;E039;328
435223998;01/09/2022;NESTOR ALMEIDA DE SOUZA;43 anos;CONSULTA EM CIRURGIA ORTOPEDICA - OMBROS;M759;1393
621577735;01/09/2025;ALTAIR RODRIGUES DA CUNHA;58 anos;CONSULTA EM NEUROCIRURGIA - GERAL;M511;297
621596411;01/09/2025;LEONILDA DOS SANTOS;43 anos;CONSULTA EM ENDOCRINOLOGIA E METABOLOGIA - ADULTO;E66;297
562148079;01/10/2024;BEATRIZ CHAVES;59 anos;CONSULTA EM NEUROCIRURGIA - GERAL;M431;632
627707046;01/10/2025;RAYSSA LIMA MOREIRA ALVES;20 anos;CONSULTA EM ENDOCRINOLOGIA E METABOLOGIA - ADULTO;E05;267
627911818;01/10/2025;LINDAURA MUNIZ DA SILVA;57 anos;CONSULTA EM REUMATOLOGIA - ADULTO;M797;267
639247025;01/12/2025;ZERLINA CATARINA DE QUADROS;50 anos;CONSULTA EM REUMATOLOGIA - ADULTO;M797;206
639250358;01/12/2025;ROSANA DE ARAUJO COSTA;46 anos;GRUPO - US DOPPLER COLORIDO DE TRES VASOS;I839;206
639375938;01/12/2025;JOAO PEDRO DIOGENES DOS SANTOS;11 anos;CONSULTA EM ENDOCRINOLOGIA - PEDIATRIA;E230;206
452688308;02/01/2023;ANTHONY MIGUEL ZANDOMENI MARTINS;8 anos;CONSULTA EM CIRURGIA DE CABECA E PESCOCO - GERAL;Q892;1270
402840202;02/02/2022;ANNA ELISA FLORIANO PANIAGO;4 anos;CONSULTA EM GENETICA MEDICA;Q70;1604
648877999;02/02/2026;AMELIA MARIA DOS ANJOS;79 anos;CONSULTA EM OFTALMOLOGIA - RETINA GERAL;H358;143
648881048;02/02/2026;ITALO DAVI DOS SANTOS LIRA;5 anos;CONSULTA EM OFTALMOLOGIA - CATARATA CONGENITA E INFANTIL;H260;143
653705265;02/03/2026;GILMAR ROSA TAVEIRA;55 anos;CONSULTA EM GASTROENTEROLOGIA - GERAL;K294;115
653790140;02/03/2026;CLEONICE MARIA DE NOVAES BALBINO;54 anos;GRUPO - US DOPPLER COLORIDO DE TRES VASOS;I839;115
653801976;02/03/2026;LETICIA LORRAINE CRUZ PEREIRA;28 anos;CONSULTA EM REUMATOLOGIA - ADULTO;M07;115
653857920;02/03/2026;EDITE RODRIGUES FOLLE;78 anos;CONSULTA EM OFTALMOLOGIA - PLASTICA OCULAR;H023;115
331955769;02/04/2020;TAMARA LIMA DE SOUZA;25 anos;CONSULTA EM CIRURGIA PLASTICA - GERAL;N648;2275
527886997;02/04/2024;DALVINA RODRIGUES RIBEIRO;59 anos;CONSULTA EM NEUROCIRURGIA - GERAL;M511;814
593221119;02/04/2025;DAVINA DOS SANTOS;63 anos;CONSULTA EM ENDOCRINOLOGIA - PACIENTES DIABETICOS;E10;449
198807493;02/05/2017;ANATHALIA RODRIGUES DA SILVA;30 anos;CONSULTA EM ORTOPEDIA ADULTO;B47;3341
471395101;02/05/2023;VILIBORDO VAREIRA JARA;51 anos;CONSULTA EM OFTALMOLOGIA - PLASTICA OCULAR;H00;1150
477203736;02/06/2023;FRANCIELE APARECIDA PINHEIRO ANHANI CURTI;34 anos;CONSULTA EM CIRURGIA ORTOPEDICA - COLUNA;M513;1119
671170917;02/06/2026;REGINA CELIA MORAIS VIEIRA;54 anos;GRUPO - RESSONANCIA MAGNETICA;M75;23
671171490;02/06/2026;REGINA CELIA MORAIS VIEIRA;54 anos;GRUPO - RESSONANCIA MAGNETICA;M545;23
671192752;02/06/2026;EMOACYR ANTONIO DE OLIVEIRA;41 anos;CONSULTA EM UROLOGIA - AVALIACAO DE LITOTRIPSIA;N201;23
671196722;02/06/2026;LUZIA REZENDE COIMBRA;45 anos;GRUPO - RESSONANCIA MAGNETICA;M511;23
671205863;02/06/2026;GEOVANA MARIELLY FERREIRA DOS SANTOS;13 anos;CONSULTA EM ENDOCRINOLOGIA - PEDIATRIA;R739;23
671208920;02/06/2026;JAINE DA SILVA;32 anos;GRUPO - RESSONANCIA MAGNETICA;M542;23
671245798;02/06/2026;LEA STAUD DE SOUSA;42 anos;GRUPO - RESSONANCIA MAGNETICA;M224;23
671250759;02/06/2026;MARIANY VITORIA DE ALMEIDA FRANCA;17 anos;CONSULTA EM MASTOLOGIA - GERAL;N63;23
671261936;02/06/2026;ALBEANNYS CAROLINA AMARISTA VILLASMIL;25 anos;GRUPO - RESSONANCIA MAGNETICA;M224;23
671298624;02/06/2026;IRONITA BARALDI;70 anos;GRUPO - TOMOGRAFIA COMPUTADORIZADA;R060;23
671355886;02/06/2026;JOSEFA DA SILVA;60 anos;CONSULTA EM CIRURGIA DE CABECA E PESCOCO - GERAL;C73;23
671361425;02/06/2026;JAIRO LEMES DA SILVA;66 anos;CONSULTA EM CIRURGIA GERAL - ADULTO;K805;23
671374713;02/06/2026;GUILHERME DOS SANTOS RODRIGUES PEDROSO;5 anos;CONSULTA EM CIRURGIA PEDIATRICA - GERAL;Q531;23
671398015;02/06/2026;SANDRA MARIA LAURINDO DA SILVA;56 anos;GRUPO - RESSONANCIA MAGNETICA;M751;23
671423814;02/06/2026;RODRIGO DA SILVA;46 anos;CONSULTA EM CIRURGIA DE CABECA E PESCOCO - GERAL;K115;23
671427872;02/06/2026;BERNARDO BALZAN GIARETTA;10 anos;GRUPO - RESSONANCIA MAGNETICA;G80;23
671433945;02/06/2026;JUAREZ DOS SANTOS;66 anos;GRUPO - RESSONANCIA MAGNETICA;E329;23
430171681;02/08/2022;ELOA LETICIA SANTOS;6 anos;CONSULTA EM GENETICA MEDICA;Q85;1423
430178619;02/08/2022;MARLI FERREIRA DE SOUZA;42 anos;CONSULTA EM CIRURGIA ORTOPEDICA - COLUNA;M545;1423
550344386;02/08/2024;CLEIA APARECIDA DA SILVA;44 anos;CONSULTA EM ENDOCRINOLOGIA E METABOLOGIA - ADULTO;E109;692
550398512;02/08/2024;CAIQUE DOS SANTOS SANDIM;18 anos;CONSULTA EM GENETICA MEDICA;Q874;692
550444540;02/08/2024;CLEICIANE DOS SANTOS ANTUNES DE CASTRO;39 anos;CONSULTA EM OFTALMOLOGIA - PTERIGIO;H11;692
435353374;02/09/2022;AMANDA ALVES SOETHE;18 anos;CONSULTA EM OFTALMOLOGIA - PLASTICA OCULAR;H001;1392
556097159;02/09/2024;CAMILA ANDRESSA SCHMITZ LOPES;29 anos;CONSULTA EM CIRURGIA PLASTICA - GERAL;M54;661
556149386;02/09/2024;ESTER EMANUELLY FERREIRA DOS SANTOS;10 anos;CONSULTA EM NEUROLOGIA - PEDIATRIA;F900;661
556199395;02/09/2024;CAUA PORTO MARTINS;18 anos;CONSULTA EM ENDOCRINOLOGIA E METABOLOGIA - ADULTO;E10;661
621958102;02/09/2025;MURILO FERREIRA PIMENTA;3 anos;CONSULTA EM NEUROLOGIA - PEDIATRIA;R463;296
573069804;02/12/2024;ARTHUR LUIZ VILLA REAL PANIAGO;12 anos;CONSULTA EM OFTALMOLOGIA - ESTRABISMO;H504;570
639503352;02/12/2025;SONIA FRANCISCA DA SILVA PASCOAL;47 anos;CONSULTA EM GINECOLOGIA CIRURGICA;N80;205
639511270;02/12/2025;MARCILENE DA SILVA FURST;34 anos;CONSULTA EM GASTROENTEROLOGIA - GERAL;B96;205
639679113;02/12/2025;ELDMILSON PIAIA;51 anos;CONSULTA EM CIRURGIA GERAL - ADULTO;K80;205
577072873;03/01/2025;TEREZA FURMAN;70 anos;CONSULTA EM ENDOCRINOLOGIA E METABOLOGIA - ADULTO;E049;538
649171455;03/02/2026;VANDERLEIA APOLINARIO;48 anos;CONSULTA EM ENDOCRINOLOGIA E METABOLOGIA - ADULTO;E06;142
461919900;03/03/2023;NEUSA MARIA DE PAIVA SALES;69 anos;COLONOSCOPIA;K635;1210
653912564;03/03/2026;SONHOCIR MASCARELLO;60 anos;CONSULTA EM NEUROCIRURGIA - GERAL;M50;114
654121625;03/03/2026;JOSE MARIA;73 anos;CONSULTA EM OFTALMOLOGIA - GLAUCOMA;H401;114
593445125;03/04/2025;ELISANGELA DOS SANTOS;36 anos;CONSULTA EM ENDOCRINOLOGIA - PACIENTES DIABETICOS;E110;448
593450157;03/04/2025;JOSIAS FERNANDES DIAS;60 anos;CONSULTA EM NEUROCIRURGIA - GERAL;M511;448
415955671;03/05/2022;ELIANE DE SOUZA MENDONCA;38 anos;CONSULTA EM NEUROCIRURGIA - GERAL;M511;1514
533771385;03/05/2024;CARLOS SILVEIRA MOITINHO;48 anos;CONSULTA EM CIRURGIA OTORRINOLARINGOLOGIA;G473;783
604740542;03/06/2025;VALDIRA FERREIRA DO CARMO;69 anos;CONSULTA EM REUMATOLOGIA - ADULTO;M81;387
604790804;03/06/2025;LEVY BORGES ARAUJO;1 ano;CONSULTA EM NEUROLOGIA - PEDIATRIA;R56;387
671464148;03/06/2026;FATIMA APARECIDA FRANCISCO DE SOUZA;58 anos;COLONOSCOPIA;Z121;22
671475393;03/06/2026;ZONI VIEIRA DA SILVA;72 anos;CONSULTA EM OFTALMOLOGIA - CATARATA;H259;22
671477885;03/06/2026;NATALINO AMERICO ANGELO;72 anos;CONSULTA EM NEFROLOGIA - ADULTO;N18;22
671485402;03/06/2026;MARIA DE FATIMA GALVAO PEREIRA;54 anos;CONSULTA EM MASTOLOGIA - GERAL;C509;22
671569932;03/06/2026;SUELI DE APARECIDA DAVI;50 anos;GRUPO - RESSONANCIA MAGNETICA;M751;22
671590320;03/06/2026;CARLOS ALBERTO THOMAZ;55 anos;CONSULTA EM ORTOPEDIA (TUMORES);R224;22
671640002;03/06/2026;MARIA CARMELINA DUTRA DA SILVA;63 anos;CONSULTA EM MASTOLOGIA - GERAL;N62;22
671645182;03/06/2026;MARIA DAS MERCES DA SILVA OLIVEIRA;69 anos;CAPSULOTOMIA A YAG LASER;H264;22
671645843;03/06/2026;MARIA DAS MERCES DA SILVA OLIVEIRA;69 anos;CONSULTA EM OFTALMOLOGIA - PLASTICA OCULAR;H028;22
671656406;03/06/2026;ADEVALDO BENEDITO DE SA;70 anos;CONSULTA EM OFTALMOLOGIA - CATARATA;H259;22
671658173;03/06/2026;ADEVALDO BENEDITO DE SA;70 anos;CAPSULOTOMIA A YAG LASER;H264;22
671660619;03/06/2026;GRACIMARA APARECIDA RIBEIRO;45 anos;GRUPO - US DOPPLER COLORIDO DE TRES VASOS;A46;22
671665098;03/06/2026;ELIADE FERNANDES SOUZA SANTOS;32 anos;ENDOSCOPIA DIGESTIVA ALTA;K297;22
671674107;03/06/2026;RAFAEL GUSTAVO LYNCH DA SILVA;25 anos;CONSULTA EM NEUROLOGIA - ADULTO;G255;22
671675909;03/06/2026;RAFAEL GUSTAVO LYNCH DA SILVA;25 anos;CONSULTA EM NEFROLOGIA - ADULTO;G255;22
671711970;03/06/2026;ROBERTO DUTRA;55 anos;ENDOSCOPIA DIGESTIVA ALTA;K76;22
481874777;03/07/2023;MARIA APARECIDA ALVIM;60 anos;CONSULTA EM OFTALMOLOGIA - PLASTICA OCULAR;D231;1088
481945607;03/07/2023;PLINIO AGUIAR FREITAS DE ALMEIDA;51 anos;CONSULTA EM NEUROCIRURGIA - GERAL;M511;1088
481988877;03/07/2023;DAVI ANTONIO SILVA NASCIMENTO;4 anos;CONSULTA EM UROLOGIA - PEDIATRICA;N511;1088
544691367;03/07/2024;AGATHA LIZZIE RODRIGUES LOUVEIRA;2 anos;CONSULTA EM OFTALMOLOGIA - ESTRABISMO;H508;722
610330256;03/07/2025;MATHEUS SOUZA MATOS;5 anos;CONSULTA EM ORTOPEDIA PEDIATRICA (COLUNA);Q771;357
556392806;03/09/2024;DIONERES CRUZ DA ROCHA;73 anos;CONSULTA EM ENDOCRINOLOGIA E METABOLOGIA - ADULTO;E079;660
498201029;03/10/2023;ANTONIA MARIA DOS ANJOS;70 anos;COLONOSCOPIA;K635;996
562624039;03/10/2024;ELIANE PEREIRA BERNARDO;40 anos;CONSULTA EM CIRURGIA PLASTICA - GERAL;K911;630
628252699;03/10/2025;MARIA ROSARIA DE FATIMA LIMA;68 anos;CONSULTA EM ENDOCRINOLOGIA E METABOLOGIA - ADULTO;M81;265
628271067;03/10/2025;OTAVIO GOMES MAMEDIO;56 anos;CONSULTA EM ENDOCRINOLOGIA E METABOLOGIA - ADULTO;E079;265
628316135;03/10/2025;WALDEMAR LUIZ FEYH;68 anos;CONSULTA EM REUMATOLOGIA - ADULTO;M06;265
628434931;03/10/2025;LUCEVANE BELLEI;65 anos;CONSULTA EM CIRURGIA PLASTICA - GERAL;N62;265
628453455;03/10/2025;NOILI ELENA WELZEL;65 anos;CONSULTA EM ENDOCRINOLOGIA E METABOLOGIA - ADULTO;D440;265
628454707;03/10/2025;RUTH OLIVEIRA DA SILVA;26 anos;CONSULTA EM CIRURGIA PLASTICA - GERAL;N62;265
444726885;03/11/2022;HYTALLO MARTIM PEREIRA CORREA;6 anos;CONSULTA EM NEUROLOGIA - PEDIATRIA;F84;1330
634179253;03/11/2025;MARIA ALVES GOMES;64 anos;CONSULTA EM ENDOCRINOLOGIA E METABOLOGIA - ADULTO;E109;234
351832239;03/12/2020;JESSICA OLIVEIRA ROSA;31 anos;CONSULTA EM CIRURGIA PLASTICA - GERAL;M545;2030
573495641;03/12/2024;MARIZETE DA SILVA DIVINO;42 anos;CONSULTA EM GASTROENTEROLOGIA - GERAL;K297;569
639751668;03/12/2025;LAERIO FERREIRA DA SILVA;63 anos;CONSULTA EM ORTOPEDIA (TUMORES);R224;204
639828203;03/12/2025;DEUSELINA DOS SANTOS BENITEZ FERREIRA;56 anos;CONSULTA EM ENDOCRINOLOGIA - PACIENTES DIABETICOS;E11;204
639947226;03/12/2025;EDNA GAMARRA DE ARAUJO DE SOUZA;56 anos;CONSULTA EM GASTROENTEROLOGIA - GERAL;K296;204
639954140;03/12/2025;KAROLINE FERNANDES DA SILVA CRUZ;32 anos;CONSULTA EM REUMATOLOGIA - ADULTO;M45;204
512528985;04/01/2024;SIMONE TEREZINHA PACHECO;44 anos;CONSULTA EM ENDOCRINOLOGIA - PACIENTES DIABETICOS;E11;903
582473294;04/02/2025;ANTONIO SILVA;75 anos;CONSULTA EM NEUROLOGIA - NEUROVASCULAR;I64;506
649382259;04/02/2026;IVAIR FERREIRA DE SOUZA;54 anos;CONSULTA EM OFTALMOLOGIA - PLASTICA OCULAR;H029;141
649461601;04/02/2026;FELISBERTO JOSE FERREIRA;67 anos;CONSULTA EM UROLOGIA - CIRURGICA;N202;141
649499971;04/02/2026;MARIA CECILIA ALENCAR DOS SANTOS;8 anos;CONSULTA EM CIRURGIA PEDIATRICA - GERAL;K42;141
649544584;04/02/2026;JURANDI CANDIDO DA PALMA;88 anos;CONSULTA EM OFTALMOLOGIA - RETINA GERAL;H358;141
522615114;04/03/2024;MAURO CELSO FAGUNDES AGUIAR;49 anos;CONSULTA EM NEUROCIRURGIA - GERAL;M54;843
654192158;04/03/2026;IANKA NATALY ALVES;28 anos;CONSULTA EM OFTALMOLOGIA - PLASTICA OCULAR;H001;113
654198552;04/03/2026;DENISE AMORIM BLOS;44 anos;CONSULTA EM GINECOLOGIA CIRURGICA;D259;113
654237211;04/03/2026;HELOISA DOS ANJOS FELIX;9 anos;CONSULTA EM ENDOCRINOLOGIA - PEDIATRIA;E301;113
654386587;04/03/2026;VITORIO EISING;72 anos;CATETERISMO CARDIACO;I209;113
654409958;04/03/2026;PATRICIA APARECIDA GIACOMINI;41 anos;CONSULTA EM GASTROENTEROLOGIA - GERAL;K30;113
411691036;04/04/2022;CAIO EDUARDO OLIVEIRA DUARTE;14 anos;CONSULTA EM NEUROLOGIA - PEDIATRIA;F90;1543
593843669;04/04/2025;ADRIANO CASSIMIRO DA SILVA;48 anos;CONSULTA EM NEUROCIRURGIA - GERAL;M41;447
332913900;04/05/2020;JOSE BARBOSA RAMOS;56 anos;CONSULTA EM CIRURGIA ORTOPEDICA - COLUNA;M51;2243
332929903;04/05/2020;JOSE CARLOS RIBEIRO DA CRUZ;48 anos;CONSULTA EM CIRURGIA ORTOPEDICA - COLUNA;M51;2243
332931122;04/05/2020;LEANDRO LOSS;49 anos;CONSULTA EM CIRURGIA ORTOPEDICA - COLUNA;M511;2243
332932276;04/05/2020;LUCILA CORREA DA SILVA;59 anos;CONSULTA EM CIRURGIA ORTOPEDICA - COLUNA;M51;2243
665225851;04/05/2026;MARILENE FARIAS DE CASTRO;56 anos;GRUPO - RESSONANCIA MAGNETICA;M214;52
665230754;04/05/2026;LUZIA DE OLIVEIRA GONCALVES;66 anos;GRUPO - US DOPPLER COLORIDO DE TRES VASOS;I839;52
665269148;04/05/2026;JONAS WILDE;47 anos;COLONOSCOPIA;Z121;52
665272550;04/05/2026;JOAQUINA HELIDA DOS SANTOS;58 anos;COLONOSCOPIA;Z110;52
665275050;04/05/2026;CARLA ARRUDA DE LARA PEREIRA;50 anos;GRUPO - RESSONANCIA MAGNETICA;M233;52
665276100;04/05/2026;LENIR MARIA GOTSSELIG ANGNES;60 anos;COLONOSCOPIA;Z121;52
665277610;04/05/2026;LEIDE MUNHOS TOME MENDES;60 anos;COLONOSCOPIA;K58;52
665279565;04/05/2026;JOEL JOSE HAAS LEICHTWEIS;38 anos;COLONOSCOPIA;R194;52
665281983;04/05/2026;MARIA LUCIMAR DE SOUZA CIQUEIRA;59 anos;COLONOSCOPIA;K591;52
665299092;04/05/2026;MARIA VANDERLITA MARTINS;70 anos;COLONOSCOPIA;Z121;52
665302791;04/05/2026;MAURO CELSO FAGUNDES AGUIAR;49 anos;COLONOSCOPIA;Z121;52
665304264;04/05/2026;JOSSEANE ARRUDA DE ALMEIDA;39 anos;CONSULTA EM REUMATOLOGIA - ADULTO;M797;52
665305068;04/05/2026;MOISES BESERRA DA SILVA;52 anos;COLONOSCOPIA;K591;52
665306574;04/05/2026;MARCOS PAULO DE OLIVEIRA;52 anos;COLONOSCOPIA;K922;52
665309789;04/05/2026;MARGARIDA RODRIGUES LIMA;66 anos;COLONOSCOPIA;R10;52
665313432;04/05/2026;MARIA CARMELINA DUTRA DA SILVA;63 anos;COLONOSCOPIA;A09;52
665317808;04/05/2026;OSMARINO FERREIRA;72 anos;COLONOSCOPIA;K92;52
665327058;04/05/2026;MEIRE VILMA DE SOUZA POLICARPO;74 anos;COLONOSCOPIA;K57;52
665329269;04/05/2026;MARZILIA DE SOUZA BRANDAO TORELLI;63 anos;COLONOSCOPIA;M480;52
665332606;04/05/2026;MARCOLINA DA SILVA ORTEGA;79 anos;COLONOSCOPIA;C189;52
665337818;04/05/2026;MARIA MARCILENE DA SILVA OLIVEIRA;48 anos;COLONOSCOPIA;D126;52
665339458;04/05/2026;ONEIDA MARTINS RODRIGUES DE OLIVEIRA;53 anos;COLONOSCOPIA;R194;52
665340270;04/05/2026;MARLENE IRATILDE VEZARO DA SILVA;66 anos;CONSULTA EM GASTROENTEROLOGIA - GERAL;K296;52
665341291;04/05/2026;OJANE DALLA ROSA SILVA;47 anos;COLONOSCOPIA;Z12;52
665343118;04/05/2026;MARLI FERREIRA DE ASSIS;46 anos;COLONOSCOPIA;I84;52
665352850;04/05/2026;MARIA SANCHES;73 anos;COLONOSCOPIA;K59;52
665354475;04/05/2026;MARIA AMELIA DE ARAUJO SILVA ESTEVAM;56 anos;COLONOSCOPIA;K922;52
665357156;04/05/2026;WILLIAM DA SILVA ANDRADE;26 anos;COLONOSCOPIA;K922;52
665361065;04/05/2026;ROSA EGILDA DA SILVA;64 anos;COLONOSCOPIA;R14;52
665361779;04/05/2026;PATRICIA SANTOS DA SILVA;41 anos;COLONOSCOPIA;Z121;52
665362818;04/05/2026;RODINEIA APONTE DA SILVA;36 anos;COLONOSCOPIA;B57;52
665363609;04/05/2026;RITA ALVES DE SOUZA;85 anos;COLONOSCOPIA;R10;52
665364209;04/05/2026;PAULO EDIR OLIVEIRA DO AMARAL;71 anos;COLONOSCOPIA;Z121;52
665403389;04/05/2026;NELSON MIRANDA;34 anos;CONSULTA EM OFTALMOLOGIA - CORNEA;H164;52
665404545;04/05/2026;DEVAIR RIBEIRO SEVERINO;48 anos;GRUPO - RESSONANCIA MAGNETICA;K869;52
665405120;04/05/2026;DEVAIR RIBEIRO SEVERINO;48 anos;ENDOSCOPIA DIGESTIVA ALTA;D649;52
665409882;04/05/2026;AIRTON PASQUALI JUNIOR;18 anos;GRUPO - TOMOGRAFIA COMPUTADORIZADA;N130;52
665413577;04/05/2026;LUCCA PERES CASTILHO;18 anos;ACOLHIMENTO PARA PROCESSO TRANSEXUALIZADOR;F640;52
665418846;04/05/2026;JOANA DARC RAMOS DE AMORIM;48 anos;GRUPO - ELETRONEUROMIOGRAFIA;G560;52
665434473;04/05/2026;ELZA FERREIRA DE OLIVEIRA;51 anos;ENDOSCOPIA DIGESTIVA ALTA;R101;52
665449379;04/05/2026;ENEDINA PACHECO MARQUES;73 anos;CONSULTA EM UROLOGIA - CIRURGICA;N20;52
665455854;04/05/2026;ELZA FERREIRA DE OLIVEIRA;51 anos;GRUPO - US DOPPLER COLORIDO DE TRES VASOS;I839;52
665467483;04/05/2026;ANA SILVA;61 anos;CONSULTA EM ENDOCRINOLOGIA E METABOLOGIA - ADULTO;E079;52
665489969;04/05/2026;OVIEDO FEITOSA SANTOS;51 anos;COLONOSCOPIA;R104;52
665490449;04/05/2026;INESSA GABRIELA RIBEIRO DE FREITAS MORAIS;8 anos;CONSULTA EM NEUROLOGIA - PEDIATRIA;F98;52
665496646;04/05/2026;ARI GONCALVES;73 anos;GRUPO - TOMOGRAFIA COMPUTADORIZADA;R91;52
665501043;04/05/2026;ROSILAINE ROSSI DA SILVA;35 anos;GRUPO - ENDOSCOPIA DIGESTIVA;R104;52
604865156;04/06/2025;ARTHUR SOUZA CRUZ;14 anos;CONSULTA EM PSIQUIATRIA - PEDIATRIA;F98;386
604954845;04/06/2025;FERNANDA NAOMI AREDES RODRIGUES CHAVES;6 anos;CONSULTA EM NEUROLOGIA - PEDIATRIA;F79;386
605040868;04/06/2025;AURINEU DANTAS COSTA;74 anos;CONSULTA EM OFTALMOLOGIA - RETINA GERAL;H353;386
605074726;04/06/2025;CLAUZOMIRO MATTIONI;64 anos;CONSULTA EM UROLOGIA - CIRURGICA;N40;386
605083599;04/06/2025;LUAN CARNEIRO MORBEQUE;4 anos;CONSULTA EM NEUROLOGIA - PEDIATRIA;G40;386
610565000;04/07/2025;AYLA SOPHIA SILVA PEREIRA;2 anos;CONSULTA EM ORTOPEDIA - PEDIATRIA;M211;356
610578726;04/07/2025;ALICE REGINA CORTESIA PILTZ;61 anos;CONSULTA EM ENDOCRINOLOGIA E METABOLOGIA - ADULTO;E041;356
209205647;04/08/2017;JOSE DA CONCEICAO;86 anos;CONSULTA EM OFTALMOLOGIA ADULTO;H264;3247
487702788;04/08/2023;RENICI BATISTA RIBEIRO;49 anos;CONSULTA EM CIRURGIA ORTOPEDICA-QUADRIL;M86;1056
487743764;04/08/2023;SERGIO AMANCIO MOREIRA;77 anos;GRUPO - ENDOSCOPIA DIGESTIVA;K21;1056
615843713;04/08/2025;NUBIA PAULINO GOMES PASQUALLI;38 anos;CONSULTA EM ENDOCRINOLOGIA E METABOLOGIA - ADULTO;E07;325
615871813;04/08/2025;JADSON JOSE DOS SANTOS SILVA;19 anos;CONSULTA EM OFTALMOLOGIA - CORNEA;Z947;325
556848485;04/09/2024;ROMILDO MANOEL DOS SANTOS;54 anos;CONSULTA EM ENDOCRINOLOGIA E METABOLOGIA - ADULTO;E660;659
622473942;04/09/2025;LUCAS LEONARDO KURECK;30 anos;CONSULTA EM OFTALMOLOGIA - ESTRABISMO;H508;294
622536572;04/09/2025;EMANUELLY GETULIA DOS SANTOS RODRIGUES;6 anos;CONSULTA EM CIRURGIA PEDIATRICA - GERAL;Z931;294
622553038;04/09/2025;JANIO ALVES DE SOUZA;51 anos;CONSULTA EM NEUROCIRURGIA - GERAL;M542;294
622562559;04/09/2025;GEMA BENITI LAZZARETTI;81 anos;CONSULTA EM GASTROENTEROLOGIA - GERAL;Q446;294
634416884;04/11/2025;CRISTIANA JESUS DE SOUZA;43 anos;CONSULTA EM CARDIOLOGIA - MARCAPASSO;Z950;233
634441707;04/11/2025;LUCIA DE OLIVEIRA LEAO;69 anos;GRUPO - US DOPPLER COLORIDO DE TRES VASOS;I839;233
634467061;04/11/2025;MIGUEL ALUIZIO ALMEIDA DE SOUZA;11 anos;CONSULTA EM ENDOCRINOLOGIA - PEDIATRIA;Q556;233
640216483;04/12/2025;WILLIAM PIEHTRO SOUSA LIMA PINTO;12 anos;CONSULTA EM ORTOPEDIA - PEDIATRIA;G809;203
399278841;05/01/2022;CATARINA PAIM KOSLOSKI;75 anos;CONSULTA EM NEUROCIRURGIA - GERAL;M511;1632
512600923;05/01/2024;SIMONE TEREZINHA PACHECO;44 anos;CONSULTA EM OFTALMOLOGIA - RETINA GERAL;E103;902
643721558;05/01/2026;PATRICIA MATOS DOS SANTOS;32 anos;GRUPO - US DOPPLER COLORIDO DE TRES VASOS;I83;171
643733535;05/01/2026;VITORIO EISING;72 anos;CONSULTA EM UROLOGIA - CIRURGICA;N40;171
517980636;05/02/2024;DORALICE EVANGELISTA DE LIMA;60 anos;CONSULTA EM CIRURGIA OTORRINOLARINGOLOGIA;J342;871
361013580;05/03/2021;DOUGLAS GABRIEL CRUZ PEREIRA;26 anos;CONSULTA EM NEUROCIRURGIA - GERAL;S143;1938
522699849;05/03/2024;GENI TEREZINHA KAIPERS;54 anos;CONSULTA EM ENDOCRINOLOGIA - PACIENTES DIABETICOS;E149;842
522700232;05/03/2024;FRANCISCA DA SILVA OLIVEIRA;65 anos;CONSULTA EM ENDOCRINOLOGIA - PACIENTES DIABETICOS;E10;842
522804945;05/03/2024;CLEVERSON AFONSO MENDONCA;37 anos;CONSULTA EM GENETICA MEDICA;G112;842
522829099;05/03/2024;CLAUDETE PAULINO;63 anos;CONSULTA EM ENDOCRINOLOGIA - PACIENTES DIABETICOS;E109;842
522871299;05/03/2024;ADELAIDE SORRILHA SOUZA;64 anos;CONSULTA EM ENDOCRINOLOGIA - PACIENTES DIABETICOS;E109;842
522884041;05/03/2024;DAVI MATEUS PECKELHOFF;11 anos;CONSULTA EM OFTALMOLOGIA - ESTRABISMO;H50;842
587622160;05/03/2025;MARIA FRANCISCA DA SILVA;74 anos;CONSULTA EM OFTALMOLOGIA - PLASTICA OCULAR;H029;477
587623499;05/03/2025;MARCIA MAIA BARBOSA;51 anos;CONSULTA EM OFTALMOLOGIA - GLAUCOMA;H40;477
654497440;05/03/2026;EZELINDA DE FATIMA RODRIGUES;48 anos;CONSULTA EM OFTALMOLOGIA - RETINA GERAL;H358;112
654706602;05/03/2026;LUCIA DE FREITAS AVELAR;70 anos;GRUPO - US DOPPLER COLORIDO DE TRES VASOS;I839;112
654707365;05/03/2026;IZADE FERNANDES BARBOSA;63 anos;CONSULTA EM NEUROCIRURGIA - GERAL;M144;112
411892998;05/04/2022;ROSANE MARTINS;38 anos;CONSULTA EM NEUROCIRURGIA - GERAL;M511;1542
411911953;05/04/2022;CARMELITA DE OLIVEIRA BOFFE;73 anos;CONSULTA EM CIRURGIA ORTOPEDICA - OMBROS;M841;1542
467567704;05/04/2023;ELISABETE MEDIANEIRA TONETTO;55 anos;CONSULTA EM NEUROCIRURGIA - GERAL;M511;1177
598515131;05/05/2025;ELENIR APARECIDA GARBIN TREVISANI;53 anos;CONSULTA EM ENDOCRINOLOGIA E METABOLOGIA - ADULTO;D34;416
598761793;05/05/2025;WEMERSON PEREIRA DE FARIAS;33 anos;CONSULTA EM HEMATOLOGIA - GERAL;D59;416
598809452;05/05/2025;MICHELI SILVA SACHETTI SANTOS;38 anos;CONSULTA EM CIRURGIA PLASTICA - GERAL;Z429;416
665528556;05/05/2026;SUELY LUIZA RIBAS;65 anos;COLONOSCOPIA;K571;51
665531427;05/05/2026;SOLANGE APARECIDA MOLINARI;62 anos;COLONOSCOPIA;Z121;51
665532774;05/05/2026;SUZELI DA SILVA OLIVEIRA DE JESUS;39 anos;COLONOSCOPIA;R10;51
665533695;05/05/2026;TEREZA PALMIRA ANGELO;82 anos;COLONOSCOPIA;K635;51
665540356;05/05/2026;SELMA CUSTODIO SANTANA DA SILVA;52 anos;ENDOSCOPIA DIGESTIVA ALTA;K297;51
665541116;05/05/2026;SELMA CUSTODIO SANTANA DA SILVA;52 anos;COLONOSCOPIA;Z121;51
665543766;05/05/2026;SEBASTIANA APARECIDA FURTADO;51 anos;COLONOSCOPIA;K519;51
665550162;05/05/2026;TERESINHA GOMES DE OLIVEIRA;60 anos;COLONOSCOPIA;Z080;51
665551695;05/05/2026;TAYNARA TALINE DA SILVA;33 anos;COLONOSCOPIA;Z110;51
665553953;05/05/2026;SEVERINO DA CONCEICAO;75 anos;COLONOSCOPIA;Z121;51
665555127;05/05/2026;SEBASTIAO PRATES PEREIRA;77 anos;COLONOSCOPIA;R104;51
665559885;05/05/2026;ZENIR FREITAS DE SOUZA ALENCAR;61 anos;COLONOSCOPIA;Z121;51
665560971;05/05/2026;MANUELLA LOUISE BENTO DA SILVA MANSO;4 anos;CONSULTA EM OFTALMOLOGIA - ESTRABISMO;H509;51
665563943;05/05/2026;VALDIRA ALECRIM DA SILVA;58 anos;COLONOSCOPIA;Z121;51
665565138;05/05/2026;VANDERLEI PEREIRA PITALUGA;60 anos;COLONOSCOPIA;Z121;51
665567839;05/05/2026;VALDREIA APARECIDA NEVES;44 anos;COLONOSCOPIA;K59;51
665576875;05/05/2026;DENISE DOS SANTOS KELLER;61 anos;ENDOSCOPIA DIGESTIVA ALTA;K296;51
665581882;05/05/2026;ALICE RODRIGUES INACIO;74 anos;COLONOSCOPIA;D509;51
665583461;05/05/2026;ALICE RODRIGUES INACIO;74 anos;ENDOSCOPIA DIGESTIVA ALTA;D509;51
665585334;05/05/2026;MAURICIO FABIANO GONCALVES MARQUES;31 anos;COLONOSCOPIA;K29;51
665586878;05/05/2026;MAURICIO FABIANO GONCALVES MARQUES;31 anos;ENDOSCOPIA DIGESTIVA ALTA;K25;51
665590418;05/05/2026;MARTA ANDRADE BARBOSA SERPA;61 anos;COLONOSCOPIA;K590;51
665592317;05/05/2026;MARTA ANDRADE BARBOSA SERPA;61 anos;ENDOSCOPIA DIGESTIVA ALTA;R101;51
665599621;05/05/2026;ROSANGELA MOREIRA DE SOUZA;52 anos;ENDOSCOPIA DIGESTIVA ALTA;R194;51
665602675;05/05/2026;MARIA SUELI BISPO DA SILVA;59 anos;COLONOSCOPIA;A09;51
665603891;05/05/2026;MARIA SUELI BISPO DA SILVA;59 anos;ENDOSCOPIA DIGESTIVA ALTA;A09;51
665607176;05/05/2026;EPAMINONDAS GARCIA DE MENDONCA;97 anos;COLONOSCOPIA;Z129;51
665608522;05/05/2026;EPAMINONDAS GARCIA DE MENDONCA;97 anos;ENDOSCOPIA DIGESTIVA ALTA;K92;51
665626655;05/05/2026;SOLANGE DOS SANTOS;53 anos;ENDOSCOPIA DIGESTIVA ALTA;E11;51
665630003;05/05/2026;ALTAIR BELCHIOR DA SILVA;52 anos;ENDOSCOPIA DIGESTIVA ALTA;K297;51
665631398;05/05/2026;ALTAIR BELCHIOR DA SILVA;52 anos;COLONOSCOPIA;Z121;51
665633054;05/05/2026;MARIA ONEIDE DOS SANTOS BRANDAO;76 anos;COLONOSCOPIA;D50;51
665634134;05/05/2026;MARIA ONEIDE DOS SANTOS BRANDAO;76 anos;ENDOSCOPIA DIGESTIVA ALTA;D50;51
665636816;05/05/2026;ORESTES DE JESUS;87 anos;ENDOSCOPIA DIGESTIVA ALTA;D649;51
665645236;05/05/2026;MARIA SEBASTIANA DOS SANTOS;85 anos;ENDOSCOPIA DIGESTIVA ALTA;D500;51
665646413;05/05/2026;MARIA SEBASTIANA DOS SANTOS;85 anos;COLONOSCOPIA;D500;51
665655117;05/05/2026;GENIR MEURER;60 anos;COLONOSCOPIA;R10;51
665656468;05/05/2026;GENIR MEURER;60 anos;ENDOSCOPIA DIGESTIVA ALTA;R10;51
665659870;05/05/2026;MARIA TEREZINHA SOUSA DA SILVA;45 anos;ENDOSCOPIA DIGESTIVA ALTA;K29;51
665660841;05/05/2026;MARIA TEREZINHA SOUSA DA SILVA;45 anos;COLONOSCOPIA;Z12;51
665665373;05/05/2026;ELSA DINIZ PAZ;78 anos;ENDOSCOPIA DIGESTIVA ALTA;R101;51
665666224;05/05/2026;ELSA DINIZ PAZ;78 anos;COLONOSCOPIA;R10;51
665667425;05/05/2026;MARIETA DAMM TONETTO;77 anos;COLONOSCOPIA;K590;51
665668583;05/05/2026;MARIETA DAMM TONETTO;77 anos;ENDOSCOPIA DIGESTIVA ALTA;K22;51
665755647;05/05/2026;CLAUDIA CRESCENCIO DA ROCHA;51 anos;CONSULTA EM OFTALMOLOGIA - RETINA GERAL;H348;51
665803176;05/05/2026;MARCOS ROBERTO BRANDT;42 anos;GRUPO - RESSONANCIA MAGNETICA;M233;51
671830301;05/06/2026;MAURO MAXIMINO DALCHIAVON;56 anos;CATETERISMO CARDIACO;I250;20
425682912;05/07/2022;WALDEMAR LUIZ ZIMMER;78 anos;CONSULTA EM NEUROCIRURGIA - GERAL;M511;1451
482452304;05/07/2023;ANA JULIA DE SOUZA LUIZ;18 anos;CONSULTA EM CIRURGIA PLASTICA - GERAL;S02;1086
550745095;05/08/2024;JOSE DUARTE;76 anos;CONSULTA EM OFTALMOLOGIA - GLAUCOMA;H400;689
616133620;05/08/2025;VITORIA GABRIELE DA SILVA OLIVEIRA;25 anos;CONSULTA EM ENDOCRINOLOGIA E METABOLOGIA - ADULTO;E050;324
616137910;05/08/2025;CARLOS MIGUEL DE OLIVEIRA CASTRO;4 anos;CONSULTA EM GENETICA MEDICA;Q87;324
616211189;05/08/2025;ELZA MARIA DA SILVA;62 anos;CONSULTA EM ENDOCRINOLOGIA E METABOLOGIA - ADULTO;E106;324
622754408;05/09/2025;DANIEL DE VARGAS KOLING;9 meses;CONSULTA EM ORTOPEDIA - PEDIATRIA;Q65;293
622774958;05/09/2025;ROSILDA TAVARES GOMES;47 anos;CONSULTA EM CIRURGIA DE CABECA E PESCOCO - GERAL;K118;293
622784121;05/09/2025;JAMIL DUAILIBI MARCIANO;69 anos;CONSULTA EM ENDOCRINOLOGIA E METABOLOGIA - ADULTO;E11;293
622787583;05/09/2025;BENICIO SOUZA DOS ANJOS;4 anos;CONSULTA EM NEUROLOGIA - PEDIATRIA;R463;293
622791316;05/09/2025;MIGUEL RIQUINHO SOUZA;3 anos;CONSULTA EM UROLOGIA - PEDIATRICA;N20;293
634562331;05/11/2025;CRISTINO PRATES DA SILVA;48 anos;GRUPO - US DOPPLER COLORIDO DE TRES VASOS;I702;232
634645808;05/11/2025;JOSE ANTONIO DO NASCIMENTO;59 anos;GRUPO - US DOPPLER COLORIDO DE TRES VASOS;I739;232
634646671;05/11/2025;JOSE ANTONIO DO NASCIMENTO;59 anos;GRUPO - US DOPPLER COLORIDO DE TRES VASOS;I739;232
634737257;05/11/2025;BRYAN BENITEZ MANDES;9 anos;CONSULTA EM NEUROLOGIA - PEDIATRIA;F90;232
573872811;05/12/2024;IZADORA GONZALEZ SILVA;12 anos;CONSULTA EM OFTALMOLOGIA - ESTRABISMO;H50;567
573877488;05/12/2024;IZOLETA GOMES DE MIRANDA SILVA;70 anos;CONSULTA EM NEUROLOGIA - NEUROVASCULAR;I639;567
640350501;05/12/2025;NEUSA DE SOUZA TONETTO;52 anos;CONSULTA EM ENDOCRINOLOGIA E METABOLOGIA - ADULTO;C70;202
643863284;06/01/2026;VALDIRIA RISSO;48 anos;CONSULTA EM CIRURGIA ORTOPEDICA-QUADRIL;M16;170
457968641;06/02/2023;CLAUDIOMIR GEHLEN;58 anos;CONSULTA EM NEUROCIRURGIA - GERAL;M511;1235
518206883;06/02/2024;TALES AQUINO CORREA;27 anos;CONSULTA EM NEUROCIRURGIA - GERAL;M541;870
650051593;06/02/2026;ADELAIDE SORRILHA SOUZA;64 anos;CONSULTA EM OFTALMOLOGIA - RETINOPATIA DIABETICA;H360;139
650052505;06/02/2026;FRANCISLEIDE RODRIGUES SOARES;48 anos;CONSULTA EM OFTALMOLOGIA - GLAUCOMA;H400;139
650057702;06/02/2026;GLEICE KELLY DOS SANTOS LUCIDONIO;30 anos;CONSULTA EM ENDOCRINOLOGIA E METABOLOGIA - ADULTO;E078;139
462166008;06/03/2023;MARIA EDUARDAH DE LIMA LOPES SILVA;7 anos;CONSULTA EM NEUROLOGIA - PEDIATRIA;R568;1207
462234786;06/03/2023;NELIO MARTINS PEREIRA;59 anos;CONSULTA EM NEUROCIRURGIA - GERAL;G63;1207
462281953;06/03/2023;MARIA GOMES;81 anos;CONSULTA EM NEUROCIRURGIA - GERAL;S065;1207
587866383;06/03/2025;ANDERSON RIBOLIS NEILS;19 anos;CONSULTA EM ENDOCRINOLOGIA E METABOLOGIA - ADULTO;D34;476
654911090;06/03/2026;ANTONIA PEREIRA DIAS;57 anos;CONSULTA EM NEUROCIRURGIA - GERAL;M544;111
412081439;06/04/2022;MARTA ROSA DOS REIS;48 anos;CONSULTA EM CIRURGIA ORTOPEDICA - OMBROS;M759;1541
660220122;06/04/2026;ADAIANA MARIA ROSSONI;42 anos;CONSULTA EM REUMATOLOGIA - ADULTO;M797;80
660240066;06/04/2026;GUILHERME PEREIRA;20 anos;CONSULTA EM OFTALMOLOGIA - CORNEA;H186;80
660291202;06/04/2026;RONILDA INACIO DE ARAUJO;56 anos;CONSULTA EM CIRURGIA BARIATRICA OBESIDADE;K91;80
660424649;06/04/2026;MALVINA DOLORES DE JESUS;59 anos;CONSULTA EM REUMATOLOGIA - ADULTO;M05;80
660427587;06/04/2026;SALETE BOMBARDA;61 anos;CONSULTA EM GASTROENTEROLOGIA - GERAL;K590;80
534075436;06/05/2024;EDNA NAZARIO;52 anos;CONSULTA EM NEUROCIRURGIA - GERAL;M501;780
534097520;06/05/2024;DAVI ANTONIO SILVA NASCIMENTO;4 anos;CONSULTA EM CIRURGIA PEDIATRICA - GERAL;N511;780
598830006;06/05/2025;TRINDADE DO ESPIRITO SANTO;81 anos;CONSULTA EM ENDOCRINOLOGIA - PACIENTES DIABETICOS;E107;415
598902274;06/05/2025;MARIA DAS MERCES DA SILVA OLIVEIRA;69 anos;CONSULTA EM ENDOCRINOLOGIA E METABOLOGIA - ADULTO;E03;415
599124522;06/05/2025;IDENIRA DA CRUZ RODRIGUES;69 anos;CONSULTA EM OFTALMOLOGIA - RETINA GERAL;H353;415
599127425;06/05/2025;ISABEL PINHEIRO DOS SANTOS;63 anos;CONSULTA EM UROLOGIA - CIRURGICA;N20;415
665839977;06/05/2026;VANESSA ZATTA;45 anos;COLONOSCOPIA;Z121;50
665841250;06/05/2026;VANESSA ZATTA;45 anos;ENDOSCOPIA DIGESTIVA ALTA;K297;50
665848408;06/05/2026;SIMONE STEFANES;37 anos;CONSULTA EM ENDOCRINOLOGIA E METABOLOGIA - ADULTO;E105;50
665856027;06/05/2026;ANA NISA DA SILVA;79 anos;COLONOSCOPIA;K92;50
665859151;06/05/2026;ANTONIO DE OLIVEIRA VIEIRA;43 anos;ENDOSCOPIA DIGESTIVA ALTA;K21;50
665860394;06/05/2026;ANTONIO DE OLIVEIRA VIEIRA;43 anos;COLONOSCOPIA;K21;50
665863122;06/05/2026;LAZARA PEREIRA GOES;34 anos;ENDOSCOPIA DIGESTIVA ALTA;K297;50
665864796;06/05/2026;LAZARA PEREIRA GOES;34 anos;COLONOSCOPIA;D649;50
665867829;06/05/2026;MARIA APARECIDA GONCALVES DA SILVA AMARAL;64 anos;ENDOSCOPIA DIGESTIVA ALTA;R10;50
665868925;06/05/2026;MARIA APARECIDA GONCALVES DA SILVA AMARAL;64 anos;COLONOSCOPIA;R10;50
665911601;06/05/2026;KELY REGINA LOPES RODRIGUES;44 anos;COLONOSCOPIA;K635;50
665918067;06/05/2026;ILARIA REINALDA MARTINS DA SILVA;54 anos;GRUPO - ELETRONEUROMIOGRAFIA;E108;50
665931913;06/05/2026;ANA PAULA SOUZA DA SILVA MAGALHAES;30 anos;COLONOSCOPIA;Z123;50
666048813;06/05/2026;ILARIA REINALDA MARTINS DA SILVA;54 anos;GRUPO - RESSONANCIA MAGNETICA;M541;50
666056087;06/05/2026;OLEZIA PEREIRA DE SOUZA;64 anos;GRUPO - TOMOGRAFIA COMPUTADORIZADA;R91;50
666086375;06/05/2026;MARIA DE FATIMA DA CONCEICAO DA SILVA;73 anos;GRUPO - RESSONANCIA MAGNETICA;M541;50
666087423;06/05/2026;FABIANA DOS ANJOS ORMANDES;40 anos;CONSULTA EM MASTOLOGIA - GERAL;N63;50
666088465;06/05/2026;LOINY SOBRINHO DE OLIVEIRA;33 anos;GRUPO - ELETRONEUROMIOGRAFIA;G560;50
539881603;06/06/2024;ANA LUCIA PINHEIRO DE ALMEIDA;41 anos;CONSULTA EM OFTALMOLOGIA - VIAS LACRIMAIS;H045;749
545387411;06/07/2024;MARIA TOMALUSKI PIAIA;71 anos;CONSULTA EM OFTALMOLOGIA - RETINA GERAL;H35;719
616316124;06/08/2025;MARIA ZELIA FERREIRA OLIVEIRA ALVES;65 anos;CONSULTA EM OFTALMOLOGIA - CATARATA;H259;323
616379657;06/08/2025;CLEUSA CARVALHO DE OLIVEIRA;67 anos;CONSULTA EM ENDOCRINOLOGIA E METABOLOGIA - ADULTO;M80;323
557204227;06/09/2024;VALERIA OLIVEIRA OSSUNA;30 anos;CONSULTA EM ENDOCRINOLOGIA E METABOLOGIA - ADULTO;E058;657
387970820;06/10/2021;EMANUELLY GETULIA DOS SANTOS RODRIGUES;6 anos;CONSULTA EM GENETICA MEDICA;Q999;1723
440651638;06/10/2022;GLAUCIANE COIMBRA BARREIROS;41 anos;CONSULTA EM CIRURGIA ORTOPEDICA - OMBROS;M751;1358
568870161;06/11/2024;JAIR PROENCA;75 anos;CONSULTA EM UROLOGIA - CIRURGICA;N40;596
634969700;06/11/2025;DOUGLAS ADRIANO BUENO ASSUNCAO;17 anos;GRUPO - US DOPPLER COLORIDO DE TRES VASOS;I839;231
634978946;06/11/2025;RAFAEL FARIA DE MORAES;33 anos;CONSULTA EM ENDOCRINOLOGIA - PACIENTES DIABETICOS;E107;231
634981607;06/11/2025;GUILHERME MARCHESINI;59 anos;CONSULTA EM ENDOCRINOLOGIA - PACIENTES DIABETICOS;E88;231
223375073;06/12/2017;GRACIANO DOS SANTOS BRANDAO;44 anos;CONSULTA EM OFTALMOLOGIA ADULTO;H332;3123
449693432;06/12/2022;IVETE BORTOLINI DA SILVA;67 anos;CONSULTA EM NEUROCIRURGIA - GERAL;M541;1297
399627910;07/01/2022;CLEUSA VILASBOAS;50 anos;CONSULTA EM NEUROCIRURGIA - GERAL;M511;1630
458268208;07/02/2023;DIOLINO PEREIRA DO CARMO;63 anos;CONSULTA EM ORTOPEDIA - JOELHO;R17;1234
458307179;07/02/2023;MARCOS DANUBIO OLIVEIRA;64 anos;CONSULTA EM CIRURGIA ORTOPEDICA-QUADRIL;M16;1234
518455639;07/02/2024;MAFAUDA PADILHA HONORATO;53 anos;GRUPO - RADIOLOGIA INTERVENCIONISTA;I671;869
583429639;07/02/2025;SILMARA GOULART DA SILVA;43 anos;CONSULTA EM CIRURGIA GERAL - ADULTO;K801;503
587935681;07/03/2025;MARIA SUELY DANTAS FERREIRA;57 anos;CONSULTA EM REUMATOLOGIA - ADULTO;M255;475
412336861;07/04/2022;NARCISA VARGAS;76 anos;CONSULTA EM CIRURGIA ORTOPEDICA-QUADRIL;M169;1540
593996693;07/04/2025;AGLAIDE MARIA DA SILVA;68 anos;CONSULTA EM OFTALMOLOGIA - CATARATA;H264;444
594092980;07/04/2025;LUIZ FABRICIO XAVIER DE MENDONCA;50 anos;CONSULTA EM CIRURGIA VASCULAR - DOENCAS ARTERIAIS;I652;444
660509422;07/04/2026;JANICE MARIA TOMAZONI;61 anos;CONSULTA EM REUMATOLOGIA - ADULTO;M17;79
660543954;07/04/2026;NOEMI MACHADO DE SOUZA;11 anos;GRUPO - TOMOGRAFIA COMPUTADORIZADA;R51;79
660571897;07/04/2026;ALDENIA VALERIA DA SILVA SOARES;38 anos;CONSULTA EM ENDOCRINOLOGIA E METABOLOGIA - ADULTO;E07;79
534360118;07/05/2024;EUCLIDES CUNHA DOS SANTOS;63 anos;CONSULTA EM UROLOGIA - CIRURGICA;Z00;779
666202698;07/05/2026;LUCELIA COSTA CUNHA;54 anos;CONSULTA EM OFTALMOLOGIA - GLAUCOMA;H400;49
666209248;07/05/2026;ROSANA PEREIRA DA SILVA;32 anos;CONSULTA EM ENDOCRINOLOGIA E METABOLOGIA - ADULTO;E66;49
666215077;07/05/2026;NEILOR LUIS PEDRUSSI;42 anos;GRUPO - RESSONANCIA MAGNETICA;K60;49
666305221;07/05/2026;SUSANA FERNANDES SIQUEIRA;40 anos;ENDOSCOPIA DIGESTIVA ALTA;R101;49
666318808;07/05/2026;CLECY MARIA RECH DE CEZARO;69 anos;ESPIROMETRIA;J450;49
666322308;07/05/2026;GRAZIELA TERZETTI;49 anos;ESPIROMETRIA;J448;49
666351216;07/05/2026;LAURA GABRIELA DE SOUZA GONCALVES;8 anos;CONSULTA EM ENDOCRINOLOGIA - PEDIATRIA;E301;49
666355838;07/05/2026;ANA LUCIA MARQUES SILVA;61 anos;CATETERISMO CARDIACO;I20;49
666361564;07/05/2026;PEDRO HENRIQUE TEODORO DE ALENCAR;18 anos;GRUPO - TOMOGRAFIA COMPUTADORIZADA;J342;49
666365714;07/05/2026;ISABELA CARNEIRO OLIVEIRA;4 anos;GRUPO - RESSONANCIA MAGNETICA;R51;49
666366146;07/05/2026;ROSELI CHERES DA CUNHA MATOS;57 anos;GRUPO - RESSONANCIA MAGNETICA;M545;49
488012172;07/08/2023;ORESTES DE JESUS;87 anos;COLONOSCOPIA;A09;1053
616622835;07/08/2025;LUCIA PAZ ALVES MORAES;67 anos;CONSULTA EM REUMATOLOGIA - ADULTO;M06;322
628837267;07/10/2025;CLEONICE GOMES DOS SANTOS;55 anos;CONSULTA EM REUMATOLOGIA - ADULTO;M797;261
569143663;07/11/2024;SILVIO PIAIA;75 anos;CONSULTA EM OFTALMOLOGIA - RETINA GERAL;H353;595
635104654;07/11/2025;LAVINYA VICTORIA DOS SANTOS LOPES;7 anos;CONSULTA EM ORTOPEDIA - PEDIATRIA;M21;230
399660705;08/01/2022;ATEVIR PEREIRA DE SOUZA;66 anos;CONSULTA EM CIRURGIA ORTOPEDICA - COLUNA;M511;1629
577802079;08/01/2025;ALCINDO BARBOSA DA SILVA;54 anos;CONSULTA EM UROLOGIA - CIRURGICA;N47;533
644378971;08/01/2026;ERIONE RIBEIRO PINTO SILVA;36 anos;CONSULTA EM REUMATOLOGIA - ADULTO;M797;168
458495289;08/02/2023;FERNANDA PANIAGO BRUN;11 anos;CONSULTA EM UROLOGIA - PEDIATRICA;N390;1233
583462852;08/02/2025;VERA LUCIA BORGES LEAL;67 anos;CONSULTA EM UROLOGIA - CIRURGICA;Q610;502
583463066;08/02/2025;ABDENAIDE FONTOURA AMARILHA;65 anos;CONSULTA EM UROLOGIA - CIRURGICA;N40;502
523671088;08/03/2024;CARLOS MIGUEL DE OLIVEIRA CASTRO;4 anos;CONSULTA EM NEUROCIRURGIA - GERAL;P073;839
528929627;08/04/2024;MOACIR MARQUES;53 anos;CONSULTA EM UROLOGIA - CIRURGICA;Z00;808
660771253;08/04/2026;LEOCI ALVES NOGUEIRA CABOCLO;49 anos;CONSULTA EM CARDIOLOGIA - CLINICA;I50;78
660809438;08/04/2026;RAMAO MACIEL DA SILVA;83 anos;CONSULTA EM REUMATOLOGIA - ADULTO;M139;78
660946355;08/04/2026;DAVI SILVA DOS SANTOS;42 anos;GRUPO - TOMOGRAFIA COMPUTADORIZADA;G930;78
660949376;08/04/2026;HEITOR OLIVEIRA CELESTRINO;5 anos;GRUPO - TOMOGRAFIA COMPUTADORIZADA;F84;78
660952205;08/04/2026;JHONATAN DELGADO DA COSTA;2 anos;GRUPO - TOMOGRAFIA COMPUTADORIZADA;M418;78
660954358;08/04/2026;JULIANA CELESTINA DE ALMEIDA;44 anos;GRUPO - TOMOGRAFIA COMPUTADORIZADA;H906;78
660959337;08/04/2026;IZOLINA ROSA PEREIRA;66 anos;GRUPO - TOMOGRAFIA COMPUTADORIZADA;J449;78
660970772;08/04/2026;ARTHUR BLASZAKI LEMOS FILHO;1 ano;GRUPO - TOMOGRAFIA COMPUTADORIZADA;G403;78
660981854;08/04/2026;ARTHUR MIGUEL DA CUNHA ALENCAR;5 anos;GRUPO - RESSONANCIA MAGNETICA;G918;78
660982927;08/04/2026;ADENOR PINHEIRO VALADARES;66 anos;GRUPO - RESSONANCIA MAGNETICA;M751;78
660989293;08/04/2026;ADRIANA RIBEIRO DA SILVA;47 anos;GRUPO - RESSONANCIA MAGNETICA;M771;78
660990414;08/04/2026;ADRIANA RIBEIRO DA SILVA;47 anos;GRUPO - RESSONANCIA MAGNETICA;M751;78
660990722;08/04/2026;ADONIAS JOSE DA SILVA;84 anos;GRUPO - RESSONANCIA MAGNETICA;K801;78
660991360;08/04/2026;ANNE FERNANDES COELHO;32 anos;GRUPO - RESSONANCIA MAGNETICA;S999;78
660993967;08/04/2026;MARIA CECILIA COSTA LOURINDO;66 anos;CONSULTA EM NEUROCIRURGIA - GERAL;M994;78
472550376;08/05/2023;DAVI HENRIQUE LOPES DE MATOS;11 anos;CONSULTA EM GENETICA MEDICA;Q871;1144
534624250;08/05/2024;MARIA GLORIA DOS SANTOS OLIVEIRA;66 anos;CONSULTA EM OFTALMOLOGIA - ESTRABISMO;H50;778
534650674;08/05/2024;CLAUDIO HENRIQUE DOS SANTOS DE MATOS;29 anos;CONSULTA EM NEUROCIRURGIA - GERAL;M544;778
666385873;08/05/2026;VALDENICE DA SILVA ALVES LOPES;49 anos;GRUPO - ELETRONEUROMIOGRAFIA;I839;48
666387500;08/05/2026;DIONICE SANTOS BOMFIM DA SILVA;49 anos;COLONOSCOPIA;R190;48
666387909;08/05/2026;DAVI AFONSO COIMBRA TELES;10 anos;ESPIROMETRIA;J45;48
666390135;08/05/2026;ALDINEI EPIFANIO ALVES;41 anos;GRUPO - RESSONANCIA MAGNETICA;M543;48
666393018;08/05/2026;LUCIA MEREDICK BORSOI;66 anos;GRUPO - RESSONANCIA MAGNETICA;M233;48
666397384;08/05/2026;SIRLENE PEREIRA DA SILVA;52 anos;CONSULTA EM HEMATOLOGIA - GERAL;D649;48
666492993;08/05/2026;APARECIDA DE LOURDES ALVES;58 anos;CONSULTA EM OFTALMOLOGIA - GLAUCOMA;H400;48
666502426;08/05/2026;MARIA AUXILIADORA DE ARRUDA PADILHA;62 anos;GRUPO - US DOPPLER COLORIDO DE TRES VASOS;I839;48
666587237;08/05/2026;ERIALDO BARBOSA DE FRANCA;49 anos;CONSULTA EM OFTALMOLOGIA - CORNEA;H178;48
666592780;08/05/2026;ROSANE CAVALHEIRO LOPES;53 anos;GRUPO - TOMOGRAFIA COMPUTADORIZADA;J448;48
666599010;08/05/2026;BRYAN FELIPE GIACOMINI SANTOS;11 anos;CONSULTA EM ORTOPEDIA - PEDIATRIA;M930;48
666602573;08/05/2026;JACKSON CLAUDY;53 anos;ENDOSCOPIA DIGESTIVA ALTA;K20;48
671886491;08/06/2026;WIVIANE ALVES DE SOUZA NORBEQUE;37 anos;GRUPO - ELETRONEUROMIOGRAFIA;G632;17
671937996;08/06/2026;SIMONE ROSA DO CARMO;48 anos;GRUPO - RESSONANCIA MAGNETICA;M511;17
671946150;08/06/2026;HELOISA MESQUITA VILHALVA;55 anos;CONSULTA EM ENDOCRINOLOGIA E METABOLOGIA - ADULTO;E042;17
671996076;08/06/2026;TEREZA CRISTINA DOS SANTOS VILIALVA;46 anos;CONSULTA EM ENDOCRINOLOGIA E METABOLOGIA - ADULTO;E11;17
672013360;08/06/2026;CLAUDETE PALMEIRA;46 anos;CONSULTA EM NEUROCIRURGIA - GERAL;M511;17
672060272;08/06/2026;MARA LUCIA DA SILVA DIAS ANDRADE;51 anos;ESPIROMETRIA;J450;17
672069658;08/06/2026;AGDA DA CRUZ JARA;42 anos;GRUPO - RESSONANCIA MAGNETICA;G403;17
672078943;08/06/2026;ALEXANDRE MOLDENHAUER PENSO;50 anos;CONSULTA EM NEUROCIRURGIA - GERAL;I620;17
672081859;08/06/2026;MURILO WESLEY ALVES DE SOUSA;6 anos;CONSULTA EM ENDOCRINOLOGIA - PEDIATRIA;E66;17
672088706;08/06/2026;METILDES SIMONI BASSO;83 anos;ESPIROMETRIA;J448;17
672095223;08/06/2026;MARA LUCIA PINTO AGUILAR DOS SANTOS;58 anos;GRUPO - RESSONANCIA MAGNETICA;M722;17
672111990;08/06/2026;RAIMUNDO NONATO DO NASCIMENTO;66 anos;CONSULTA EM OFTALMOLOGIA - CATARATA;H259;17
672115023;08/06/2026;LUCIA DE FREITAS AVELAR;70 anos;GRUPO - ATENDIMENTO / ACOMPANHAMENTO EM REABILITAÇÃO NAS MULTIPLAS DEFICIÊNCIAS;H906;17
672122080;08/06/2026;LUCIA APARECIDA PINHEIRO MONTESSI;47 anos;CONSULTA EM NEUROCIRURGIA - GERAL;M543;17
672125225;08/06/2026;ELIANNE MARCAL DE OLIVEIRA SOUSA;29 anos;COLONOSCOPIA;K591;17
672139678;08/06/2026;DERLI ANTONIO DE OLIVEIRA;50 anos;GRUPO - TOMOGRAFIA COMPUTADORIZADA;K46;17
672140923;08/06/2026;JOSE CARLOS MARTINS DE ARAUJO;61 anos;ENDOSCOPIA DIGESTIVA ALTA;K295;17
672146190;08/06/2026;ELSA BISCHOFF GAI;79 anos;CONSULTA EM CARDIOLOGIA - MARCAPASSO;I45;17
672149624;08/06/2026;SOLANGE APARECIDA DE ALMEIDA;61 anos;CONSULTA EM INFECTOLOGIA - ADULTO;B18;17
545485606;08/07/2024;CAROLINA DOS SANTOS BARBOSA;73 anos;CONSULTA EM ENDOCRINOLOGIA E METABOLOGIA - ADULTO;E039;717
611066645;08/07/2025;LOURIVAL FORMIGONI;77 anos;CONSULTA EM CIRURGIA VASCULAR - DOENCAS ARTERIAIS;Z00;352
611116606;08/07/2025;VANUZA DA SILVA ARAUJO;47 anos;CONSULTA EM ENDOCRINOLOGIA E METABOLOGIA - ADULTO;E24;352
209614878;08/08/2017;IARA JOSE SEVERO SOARES;64 anos;CONSULTA EM ORTOPEDIA ADULTO;M751;3243
551589827;08/08/2024;JOSE CLAUDINO DE OLIVEIRA;62 anos;CONSULTA EM OFTALMOLOGIA - RETINA GERAL;H360;686
616848122;08/08/2025;SONIA DE SOUZA DO CARMO;45 anos;CONSULTA EM CIRURGIA DE CABECA E PESCOCO - GERAL;E07;321
617040899;08/08/2025;DIOGENES DE OLIVEIRA;57 anos;CONSULTA EM ENDOCRINOLOGIA - PACIENTES DIABETICOS;E10;321
557387641;08/09/2024;BEATRIZ DA SILVA ESTEVAO;25 anos;CONSULTA EM ENDOCRINOLOGIA E METABOLOGIA - ADULTO;E109;655
623034915;08/09/2025;MARIA DA GLORIA ARAUJO DOS SANTOS;57 anos;CONSULTA EM REUMATOLOGIA - ADULTO;M05;290
388462453;08/10/2021;ELIZANGELA ALVES DA SILVA;43 anos;CONSULTA EM CIRURGIA PLASTICA - GERAL;N62;1721
629101112;08/10/2025;SIMONI BATISTA FRANCA;48 anos;CONSULTA EM REUMATOLOGIA - ADULTO;M797;260
629139364;08/10/2025;MARILENE DE SOUZA DUARTH;60 anos;CONSULTA EM ENDOCRINOLOGIA - PACIENTES DIABETICOS;E10;260
629198201;08/10/2025;JULIANA DA COSTA LIMA NOGUEIRA;48 anos;CONSULTA EM ENDOCRINOLOGIA E METABOLOGIA - ADULTO;E039;260
504151343;08/11/2023;ARTHUR MIGUEL DA CUNHA ALENCAR;5 anos;CONSULTA EM NEUROCIRURGIA - GERAL;G93;960
569303155;08/11/2024;KAIO GABRIEL DA SILVA SANTOS;8 anos;CONSULTA EM NEUROLOGIA - PEDIATRIA;G930;594
569309590;08/11/2024;KAIO GABRIEL DA SILVA SANTOS;8 anos;CONSULTA EM UROLOGIA - PEDIATRICA;Q559;594
578126753;09/01/2025;ALINE SANTANA DE OLIVEIRA;30 anos;CONSULTA EM GASTROENTEROLOGIA - GERAL;K51;532
644727157;09/01/2026;VALDETE CARDOSO DA ROCHA SOBRINHO;54 anos;GRUPO - US DOPPLER COLORIDO DE TRES VASOS;I10;167
358040068;09/02/2021;DANIEL DA SILVA;41 anos;CONSULTA EM NEUROCIRURGIA - GERAL;M511;1962
458713153;09/02/2023;ANTHONY MIGUEL ZANDOMENI MARTINS;8 anos;CONSULTA EM NEUROLOGIA - PEDIATRIA;G40;1232
458714315;09/02/2023;JOHN CARLOS ROCHA MORAES;10 anos;CONSULTA EM NEUROLOGIA - PEDIATRIA;G40;1232
518908267;09/02/2024;JESSE SAMUEL RODRIGUES LAGNI;3 anos;CONSULTA EM NEUROCIRURGIA - GERAL;Q753;867
650287026;09/02/2026;RAFAEL FREIRE DA SILVA;29 anos;GRUPO - ENDOSCOPIA DIGESTIVA;R101;136
650335835;09/02/2026;LAZARA MARIA PEREIRA;72 anos;CONSULTA EM OFTALMOLOGIA - PLASTICA OCULAR;H02;136
650336745;09/02/2026;ELIZANGELA PORTILHO PEREIRA;43 anos;GRUPO - US DOPPLER COLORIDO DE TRES VASOS;I83;136
655024159;09/03/2026;ANA VITORIA GOMES NUNES;7 anos;CONSULTA EM ORTOPEDIA - PEDIATRIA;M220;108
655053357;09/03/2026;ALANA VITORIA DA SILVA QUEVEDO;9 anos;CONSULTA EM ENDOCRINOLOGIA - PEDIATRIA;R891;108
655119218;09/03/2026;ROSANE TOME DE SOUZA;51 anos;CONSULTA EM ENDOCRINOLOGIA E METABOLOGIA - ADULTO;E10;108
655233694;09/03/2026;MANOEL NERY SOBRINHO;77 anos;CATETERISMO CARDIACO;I500;108
655259616;09/03/2026;ANDREIA VIANA WELZEL;47 anos;CONSULTA EM GASTROENTEROLOGIA - GERAL;K222;108
594621273;09/04/2025;JOSE SOARES FREIRE;85 anos;CONSULTA EM OFTALMOLOGIA - PLASTICA OCULAR;H020;442
661178610;09/04/2026;MARIA ZILDA FURTADO;50 anos;GRUPO - TOMOGRAFIA COMPUTADORIZADA;M545;77
661189021;09/04/2026;PATRICIA DOMINGOS DE CARVALHO ORTEGA;48 anos;GRUPO - TOMOGRAFIA COMPUTADORIZADA;N133;77
661196931;09/04/2026;OLIVIA ALVES DA SILVA;37 anos;GRUPO - TOMOGRAFIA COMPUTADORIZADA;N200;77
661212078;09/04/2026;MARIA SUELI BISPO DA SILVA;59 anos;GRUPO - TOMOGRAFIA COMPUTADORIZADA;A09;77
661214157;09/04/2026;MARIA SUELI BISPO DA SILVA;59 anos;GRUPO - TOMOGRAFIA COMPUTADORIZADA;I719;77
661214512;09/04/2026;ANDREIA DA ROCHA NANTES;37 anos;ENDOSCOPIA DIGESTIVA ALTA;K29;77
661216231;09/04/2026;MATHEUS SOUZA MATOS;5 anos;GRUPO - TOMOGRAFIA COMPUTADORIZADA;Q758;77
661221129;09/04/2026;MARCIA MICIA VIEIRA;46 anos;GRUPO - TOMOGRAFIA COMPUTADORIZADA;N39;77
661222736;09/04/2026;MARIA IFRAN ESCOBAR;68 anos;GRUPO - TOMOGRAFIA COMPUTADORIZADA;N20;77
661229518;09/04/2026;DIEIVID ALVES BORGES;26 anos;GRUPO - RESSONANCIA MAGNETICA;S602;77
661230977;09/04/2026;DANIELLY OLIVEIRA BERTO;23 anos;GRUPO - RESSONANCIA MAGNETICA;N80;77
661232850;09/04/2026;DELCON FERREIRA SA;42 anos;GRUPO - RESSONANCIA MAGNETICA;M224;77
661239910;09/04/2026;ZENIRDA CARVALHO DOS SANTOS;54 anos;GRUPO - RESSONANCIA MAGNETICA;M518;77
661247171;09/04/2026;MARILENE TEREZINHA FALCAO DE PAULA;67 anos;GRUPO - RESSONANCIA MAGNETICA;M16;77
661252324;09/04/2026;YASMIM QUEIROZ DOS SANTOS;19 anos;GRUPO - RESSONANCIA MAGNETICA;M545;77
661253620;09/04/2026;WISLHER ALEJANDRO DE SOUZA;26 anos;GRUPO - RESSONANCIA MAGNETICA;S602;77
661255012;09/04/2026;WANDERSON DOS SANTOS FAUSTINI;38 anos;GRUPO - RESSONANCIA MAGNETICA;M545;77
661257888;09/04/2026;VILMAR DICKER;62 anos;GRUPO - RESSONANCIA MAGNETICA;M545;77
661260106;09/04/2026;TEREZINHA QUEVEDO DA SILVA;65 anos;GRUPO - RESSONANCIA MAGNETICA;I471;77
661261314;09/04/2026;THAYNARA DANIELE DOS SANTOS;25 anos;GRUPO - RESSONANCIA MAGNETICA;G51;77
661262363;09/04/2026;THEREZINHA GUILHERMINA DE MATTOS CASTRO;68 anos;GRUPO - RESSONANCIA MAGNETICA;M751;77
661263005;09/04/2026;SERGIO DONIZETI GARBIN;61 anos;GRUPO - RESSONANCIA MAGNETICA;M751;77
661263898;09/04/2026;SONIA REGINA OLIVEIRA DE MENEZES;62 anos;GRUPO - RESSONANCIA MAGNETICA;M179;77
661264576;09/04/2026;SANDRA CONCEICAO DA SILVA CURTI;52 anos;GRUPO - RESSONANCIA MAGNETICA;M23;77
534839778;09/05/2024;FRANCISCA JOCIANA MENDES CRUZ;36 anos;CONSULTA EM GINECOLOGIA - INFERTILIDADE;N971;777
599899104;09/05/2025;HERMINIO DA SILVA ROMEIRO;63 anos;CONSULTA EM NEUROCIRURGIA - GERAL;I671;412
599921345;09/05/2025;MARIA NOGUEIRA DOS SANTOS;82 anos;CONSULTA EM OFTALMOLOGIA - GLAUCOMA;H401;412
421967944;09/06/2022;KAIKE BARBOSA DE OLIVEIRA;11 anos;CONSULTA EM NEUROLOGIA - PEDIATRIA;F06;1477
605728941;09/06/2025;MARTA ROSA DOS REIS;48 anos;CONSULTA EM REUMATOLOGIA - ADULTO;M797;381
672208159;09/06/2026;MARIONETE CARDOZO GOMES SILVEIRA;57 anos;BIOPSIA DE TIREOIDE OU PARATIREOIDE;E07;16
672210136;09/06/2026;MAICON VALADARES BARIA;37 anos;CONSULTA EM ALERGIA E IMUNOLOGIA - ADULTO;L130;16
672231073;09/06/2026;YURI SILVA SANTOS;14 anos;CONSULTA EM MASTOLOGIA - GERAL;N63;16
672242107;09/06/2026;CLEUZA APARECIDA MONTEIRO ANGELO;73 anos;CONSULTA EM REUMATOLOGIA - ADULTO;M06;16
672254873;09/06/2026;SILVANA DINIZ DOS SANTOS CARDOSO;44 anos;GRUPO - RESSONANCIA MAGNETICA;R418;16
672259903;09/06/2026;JOAO CAMARGO CARDOSO JUNIOR;43 anos;GRUPO - RESSONANCIA MAGNETICA;F001;16
672268879;09/06/2026;ZENIRDA CARVALHO DOS SANTOS;54 anos;GRUPO - RESSONANCIA MAGNETICA;S934;16
672278061;09/06/2026;ALDA VIEIRA DE FREITAS;70 anos;GRUPO - ELETRONEUROMIOGRAFIA;M62;16
672298848;09/06/2026;APARECIDA BEZERRA DE CARVALHO;55 anos;GRUPO - RESSONANCIA MAGNETICA;M545;16
672302118;09/06/2026;VANESSA CONCEICAO PEREIRA CARDOSO;42 anos;GRUPO - RESSONANCIA MAGNETICA;M545;16
672368480;09/06/2026;SALMO LUIZ MENDES ANDRADE;8 anos;CONSULTA EM NEFROLOGIA - PEDIATRIA;Q60;16
672378391;09/06/2026;ECLAIR SILVA LYNCH;63 anos;ENDOSCOPIA DIGESTIVA ALTA;K29;16
672392782;09/06/2026;RENATA DA CONCEICAO FABIANO;38 anos;GRUPO - ENDOSCOPIA RESPIRATORIA;R060;16
672397585;09/06/2026;SUELY TERESINHA FEDRIGO MOCCELIN;71 anos;CONSULTA EM CIRURGIA ORTOPEDICA-QUADRIL;M16;16
672408878;09/06/2026;MARIA CORREIA DOS SANTOS;51 anos;GRUPO - RESSONANCIA MAGNETICA;M545;16
672411152;09/06/2026;SONIA APARECIDA PEREIRA DA COSTA;52 anos;GRUPO - ELETRONEUROMIOGRAFIA;G56;16
672422318;09/06/2026;MARIA CORREIA DOS SANTOS;51 anos;GRUPO - ELETRONEUROMIOGRAFIA;M545;16
672428517;09/06/2026;APARECIDA DE LIMA VIEIRA;55 anos;CAPSULOTOMIA A YAG LASER;H264;16
672431033;09/06/2026;TEREZINHA LOVANE DULLIUS;63 anos;GRUPO - US DOPPLER COLORIDO DE TRES VASOS;I839;16
672434876;09/06/2026;LUCAS APARECIDO GONCALVES MIRANDA;24 anos;GRUPO - RESSONANCIA MAGNETICA;M224;16
672435329;09/06/2026;NANCY LEDA MANSO CUNHA;74 anos;GRUPO - TOMOGRAFIA COMPUTADORIZADA;M545;16
672443080;09/06/2026;JULIO JOSE FERREIRA SILVA;14 anos;CONSULTA EM CIRURGIA TORACICA - GERAL;M856;16
611409412;09/07/2025;CLEBERSON BENTO DA SILVA;32 anos;CONSULTA EM ENDOCRINOLOGIA E METABOLOGIA - ADULTO;E039;351
611412055;09/07/2025;IRENEU KOWALESKI;80 anos;CONSULTA EM CIRURGIA GERAL - ADULTO;K80;351
623281848;09/09/2025;MARCIA MARIA SANTANA DE HOLLANDA SILVA;52 anos;CONSULTA EM CIRURGIA TORACICA - GERAL;J955;289
623381726;09/09/2025;VALERIA XIMENES MATTOSO;57 anos;CONSULTA EM REUMATOLOGIA - ADULTO;M13;289
499171515;09/10/2023;SILMARA AFONSO MENDONCA;44 anos;CONSULTA EM CIRURGIA PLASTICA - GERAL;N62;990
629532010;09/10/2025;SANTCHESS GASPARD;4 anos;CONSULTA EM CIRURGIA PEDIATRICA - GERAL;N47;259
629541830;09/10/2025;THEO VICENTE SANCHES SOARES;11 meses;CONSULTA EM ORTOPEDIA - PEDIATRIA;Q690;259
504381119;09/11/2023;WEDSON OLIVEIRA COSTA;42 anos;CONSULTA EM CIRURGIA ORTOPEDICA - COLUNA;M511;959
640700785;09/12/2025;WILHAMY SOARES DE FRANCA;41 anos;CONSULTA EM ODONTOLOGIA - PACIENTES COM NECESSIDADES ESPECIAIS - SEDACAO;I69;198
640701858;09/12/2025;EMANUELLY VALENTINA SANTOS ANTUNES;5 anos;CONSULTA EM GENETICA MEDICA;Q851;198
640813178;09/12/2025;VALDIRENE BERNARDO DE OLIVEIRA SOUZA;46 anos;GRUPO - US DOPPLER COLORIDO DE TRES VASOS;I83;198
640817613;09/12/2025;EDUARDO AMORIM DE OLIVEIRA;11 anos;AUDIOMETRIA PEDIATRICA;H906;198
513397427;10/01/2024;VITORIA ALVES DE OLIVEIRA;21 anos;CONSULTA EM OFTALMOLOGIA - ESTRABISMO;H502;897
513401735;10/01/2024;EMILI GABRIELE GIMENES LELIS;11 anos;CONSULTA EM OFTALMOLOGIA - ESTRABISMO;H500;897
583668421;10/02/2025;MARIA JOSE PONTEDURA;82 anos;CONSULTA EM OFTALMOLOGIA - RETINA GERAL;H360;500
583672657;10/02/2025;ELZA MARIA DA SILVA PANINI;56 anos;CONSULTA EM ENDOCRINOLOGIA - PACIENTES DIABETICOS;E11;500
583711987;10/02/2025;CLAUDIA FRANCISCA DA SILVA;42 anos;CONSULTA EM ENDOCRINOLOGIA - PACIENTES DIABETICOS;E105;500
650452856;10/02/2026;SEBASTIAO ROSA DOS REIS;46 anos;CONSULTA EM REUMATOLOGIA - ADULTO;M05;135
650621546;10/02/2026;APARECIDO MARIO GARUZI;75 anos;CATETERISMO CARDIACO;I209;135
650628294;10/02/2026;LAIS SOMAVILLA IAGUCHESKI;14 anos;CONSULTA EM HEMATOLOGIA - GERAL;D561;135
650628487;10/02/2026;JOAO FLORISBELO DE OLIVEIRA SANTOS;61 anos;CONSULTA EM OFTALMOLOGIA - RETINA GERAL;H358;135
588186579;10/03/2025;EURIDES BEZERRA BATISTA;60 anos;CONSULTA EM ENDOCRINOLOGIA E METABOLOGIA - ADULTO;E039;472
655349793;10/03/2026;MIGUEL GONCALVES DE ALMEIDA;12 anos;CONSULTA EM ENDOCRINOLOGIA - PEDIATRIA;E54;107
655404318;10/03/2026;CLAUDETE MARIA SOCCOL;63 anos;CONSULTA EM FISIATRIA - TOXINA BOTULINICA;G600;107
655408922;10/03/2026;DAVI HENRIQUE OLIVEIRA SILVA;10 anos;CONSULTA EM UROLOGIA - PEDIATRICA;Q642;107
655418291;10/03/2026;SUZANA SANTOS LARA;29 anos;CONSULTA EM ENDOCRINOLOGIA E METABOLOGIA - ADULTO;E660;107
529517546;10/04/2024;LUIZ ROBERTO DE PAULA;48 anos;CONSULTA EM NEUROCIRURGIA - GERAL;T844;806
661308249;10/04/2026;MIGUEL ALVES SENCAO;5 anos;CONSULTA EM ENDOCRINOLOGIA - PEDIATRIA;R628;76
661339614;10/04/2026;MARIA APARECIDA NOVAIS;53 anos;CONSULTA EM ENDOCRINOLOGIA E METABOLOGIA - ADULTO;E07;76
661377297;10/04/2026;ALEXANDRE SILVA THONIASO;40 anos;CATETERISMO CARDIACO;Q251;76
661444950;10/04/2026;RONIVON DO ROZARIO;49 anos;GRUPO - RESSONANCIA MAGNETICA;M545;76
661446780;10/04/2026;PERSIVAL DE MIRANDA;60 anos;GRUPO - RESSONANCIA MAGNETICA;M233;76
661453926;10/04/2026;NARA THAIZA ALVES CEDRAZ;37 anos;GRUPO - RESSONANCIA MAGNETICA;M545;76
661457749;10/04/2026;MARIA MADALENA SOARES DE SOUZA;53 anos;GRUPO - RESSONANCIA MAGNETICA;M179;76
661459065;10/04/2026;MICHELE RICHTER;24 anos;GRUPO - RESSONANCIA MAGNETICA;M543;76
661460859;10/04/2026;MAIRA SANTOS COSTA;41 anos;GRUPO - RESSONANCIA MAGNETICA;G560;76
661464467;10/04/2026;MARIA LUCIA LEAO NOGUEIRA;68 anos;GRUPO - RESSONANCIA MAGNETICA;M751;76
661471188;10/04/2026;JOSE WERTON GOIS DE FIGUEIREDO;74 anos;GRUPO - RESSONANCIA MAGNETICA;C61;76
661472709;10/04/2026;PEROLA PIETRA SANTOS;7 anos;CONSULTA EM GASTROENTEROLOGIA - PEDIATRIA;K21;76
661477661;10/04/2026;MAURO MARCIO MONTEIRO;64 anos;GRUPO - RESSONANCIA MAGNETICA;M75;76
661479741;10/04/2026;MARILSA DA COSTA BRUNO;65 anos;GRUPO - RESSONANCIA MAGNETICA;D16;76
661481210;10/04/2026;MARIA MADALENA GOMES DA SILVA;33 anos;GRUPO - RESSONANCIA MAGNETICA;G508;76
661482901;10/04/2026;MARINO HERMETO WILLE SCHNEIDER;50 anos;GRUPO - RESSONANCIA MAGNETICA;M545;76
661483790;10/04/2026;MARISTELA BENITES;43 anos;CONSULTA EM CIRURGIA BARIATRICA OBESIDADE;E669;76
661486940;10/04/2026;MOIZES LOPES DOS SANTOS;61 anos;GRUPO - RESSONANCIA MAGNETICA;M232;76
661488074;10/04/2026;MARIA JOSE RODRIGUES;71 anos;GRUPO - RESSONANCIA MAGNETICA;S460;76
661489179;10/04/2026;MARIA DE LIMA;65 anos;GRUPO - RESSONANCIA MAGNETICA;S460;76
661491999;10/04/2026;MARIA APARECIDA DA SILVA MIRANDA;40 anos;GRUPO - RESSONANCIA MAGNETICA;N80;76
661493345;10/04/2026;MARCO ANTONIO PEDROSO;53 anos;GRUPO - RESSONANCIA MAGNETICA;M751;76
661495517;10/04/2026;MARIA EDUARDA SOUSA GOMES;19 anos;GRUPO - RESSONANCIA MAGNETICA;R55;76
661496658;10/04/2026;MARILENE DE SOUZA DUARTH;60 anos;GRUPO - RESSONANCIA MAGNETICA;M545;76
661497687;10/04/2026;MARIA EDUARDA DA SILVA MATOS;22 anos;GRUPO - RESSONANCIA MAGNETICA;S830;76
661503514;10/04/2026;MARIA JOSE DE ARRUDA BARBOSA;71 anos;GRUPO - RESSONANCIA MAGNETICA;M17;76
661503812;10/04/2026;HELIO AZEVEDO BRITO;82 anos;CONSULTA EM ENDOCRINOLOGIA E METABOLOGIA - ADULTO;E031;76
661504314;10/04/2026;MANOEL DOS SANTOS;66 anos;GRUPO - RESSONANCIA MAGNETICA;N40;76
661505204;10/04/2026;LUIZ GUSTAVO DE SOUZA SILVA;31 anos;GRUPO - RESSONANCIA MAGNETICA;M545;76
661506283;10/04/2026;KASSIO WILLIAN NEVES DA SILVA;29 anos;GRUPO - RESSONANCIA MAGNETICA;M545;76
661506837;10/04/2026;JOAO ALVES FEITOZA;66 anos;GRUPO - RESSONANCIA MAGNETICA;C61;76
661507962;10/04/2026;JOSELIA ROSA DA ROSA;46 anos;GRUPO - RESSONANCIA MAGNETICA;M545;76
661508442;10/04/2026;JOAO GRISOSTE BENITES TRINDADE;49 anos;GRUPO - RESSONANCIA MAGNETICA;M545;76
661508979;10/04/2026;IODA MARIA INACIA RODA;70 anos;GRUPO - RESSONANCIA MAGNETICA;F001;76
661509954;10/04/2026;IVAIR TORELI;58 anos;GRUPO - RESSONANCIA MAGNETICA;M232;76
661510476;10/04/2026;ISABELLY FLORENCIANO CASANOVA;15 anos;GRUPO - RESSONANCIA MAGNETICA;S830;76
661511158;10/04/2026;MARCIO DA SILVA PIRES;45 anos;CATETERISMO CARDIACO;I209;76
661511771;10/04/2026;HERCILIA CRISPIM FERNANDES MACIEL;66 anos;GRUPO - RESSONANCIA MAGNETICA;M751;76
535169779;10/05/2024;NELSON ARLINDO DOS SANTOS;59 anos;CONSULTA EM NEUROCIRURGIA - GERAL;M511;776
535173016;10/05/2024;ADAIR GONCALVES;52 anos;CONSULTA EM NEUROCIRURGIA - GERAL;M541;776
540392449;10/06/2024;FELISBERTO JOSE FERREIRA;67 anos;CONSULTA EM OFTALMOLOGIA - RETINOPATIA DIABETICA;H360;745
605990363;10/06/2025;ZORAIDES ALVES DOS SANTOS FERREIRA;47 anos;CONSULTA EM UROLOGIA - CIRURGICA;N20;380
606162245;10/06/2025;DAVI MIGUEL OLIVEIRA SAVARIS;9 anos;CONSULTA EM GENETICA MEDICA;Q87;380
606166734;10/06/2025;NEIVO LUIZ STRAPASON;67 anos;CONSULTA EM OFTALMOLOGIA - RETINA GERAL;H333;380
672472772;10/06/2026;MARIA THAYS LOMBARDI GOMES;26 anos;CONSULTA EM MASTOLOGIA - GERAL;N63;15
672475310;10/06/2026;ANYELIS CAROLINA ZARAGOZA CARIMA;28 anos;CONSULTA EM ENDOCRINOLOGIA E METABOLOGIA - ADULTO;E039;15
672480710;10/06/2026;LEANDRO VENANCIO SOARES;36 anos;GRUPO - RESSONANCIA MAGNETICA;S834;15
672480869;10/06/2026;KELY LUANA DA SILVA BRITO PEDO;44 anos;CONSULTA EM HEMATOLOGIA - ONCOLOGIA;D46;15
672500315;10/06/2026;NADIR BECKHAUSER;68 anos;CONSULTA EM OFTALMOLOGIA - CATARATA;H259;15
672522532;10/06/2026;KALEBER ALVES DOS REIS;6 anos;ESPIROMETRIA;J45;15
672533534;10/06/2026;ELIANE GOTERRA;59 anos;GRUPO - RESSONANCIA MAGNETICA;I839;15
672535318;10/06/2026;ELIANE GOTERRA;59 anos;GRUPO - ELETRONEUROMIOGRAFIA;I839;15
672545803;10/06/2026;EDUARDO AMORIM DE OLIVEIRA;11 anos;AUDIOMETRIA;H906;15
672553098;10/06/2026;LEONTINA URBANO DA SILVA;77 anos;CAPSULOTOMIA A YAG LASER;H264;15
672560270;10/06/2026;DIRCE DOS SANTOS COSTA;55 anos;CONSULTA EM REUMATOLOGIA - ADULTO;M255;15
672591934;10/06/2026;OLGA LARSON DE ARAUJO;57 anos;CONSULTA EM OFTALMOLOGIA - CATARATA;H259;15
672672058;10/06/2026;LUCIANA LUGO MORINIGO;55 anos;GRUPO - RESSONANCIA MAGNETICA;I839;15
672673851;10/06/2026;LUCIANA LUGO MORINIGO;55 anos;GRUPO - ELETRONEUROMIOGRAFIA;I839;15
672676810;10/06/2026;LUCIANA LUGO MORINIGO;55 anos;GRUPO - US DOPPLER COLORIDO DE TRES VASOS;I839;15
672725062;10/06/2026;NEUSA NUNES DE JESUS;75 anos;GRUPO - US DOPPLER COLORIDO DE TRES VASOS;I839;15
672726849;10/06/2026;PIETRO LEVI QUEIROZ SANTOS;6 meses;CONSULTA EM ENDOCRINOLOGIA - PEDIATRIA;E039;15
611480107;10/07/2025;MARIA APARECIDA NOVAIS;53 anos;CONSULTA EM HEMATOLOGIA - GERAL;D77;350
611509118;10/07/2025;MARIA JUDITH DA SILVA;64 anos;GRUPO - RADIOLOGIA INTERVENCIONISTA;Q282;350
611535641;10/07/2025;ORESTE JARA;57 anos;CONSULTA EM ENDOCRINOLOGIA - PACIENTES DIABETICOS;E232;350
611589403;10/07/2025;MARTA PEREIRA NUNES;45 anos;CONSULTA EM ENDOCRINOLOGIA - PACIENTES DIABETICOS;E104;350
611636311;10/07/2025;MALVINA DOLORES DE JESUS;59 anos;CONSULTA EM NEUROCIRURGIA - GERAL;M54;350
611643240;10/07/2025;VICTOR HUGO ESPINDOLA DE ARAUJO;4 anos;CONSULTA EM PSIQUIATRIA - PEDIATRIA;F80;350
611643725;10/07/2025;VICTOR HUGO ESPINDOLA DE ARAUJO;4 anos;CONSULTA EM NEUROLOGIA - PEDIATRIA;F80;350
611657684;10/07/2025;JAKELYNE MONTAGNA;43 anos;CONSULTA EM CIRURGIA PLASTICA - GERAL;N62;350
623409418;10/09/2025;APARECIDA SURIANA DA SILVA;44 anos;CONSULTA EM REUMATOLOGIA - ADULTO;M255;288
623411687;10/09/2025;ANA HONORIA DE SANTANA;78 anos;CONSULTA EM REUMATOLOGIA - ADULTO;M150;288
623649076;10/09/2025;APARECIDA AMORIM BLOS;61 anos;CONSULTA EM REUMATOLOGIA - ADULTO;M797;288
629612127;10/10/2025;CARLOS ALEXANDRE DE JESUS MACHADO;11 anos;AUDIOMETRIA PEDIATRICA;H906;258
629759235;10/10/2025;ANDREY GABRIEL GIACOMINI DOS SANTOS;14 anos;CONSULTA EM PSIQUIATRIA - PEDIATRIA;F900;258
635541149;10/11/2025;LIGIA WALERIA DE SOUZA RODRIGUES;40 anos;CONSULTA EM ENDOCRINOLOGIA E METABOLOGIA - ADULTO;E039;227
635554376;10/11/2025;ROSILENE PEREIRA DA SILVA;49 anos;CATETERISMO CARDIACO;I251;227
513723633;11/01/2024;SUIANE GABRIELA GUIDINI;29 anos;CONSULTA EM CIRURGIA PLASTICA - GERAL;N62;896
578364343;11/01/2025;ROSINA RIGOTTI BONES;92 anos;CONSULTA EM UROLOGIA - CIRURGICA;N21;530
458962943;11/02/2023;ODILZA TEREZA LISIAK;66 anos;CONSULTA EM OFTALMOLOGIA - PLASTICA OCULAR;H02;1230
583793709;11/02/2025;ANDRESSA APARECIDA TEIXEIRA LAVARIAS;30 anos;CONSULTA EM UROLOGIA - CIRURGICA;N200;499
650710929;11/02/2026;SIMONE MADALENO BONO;41 anos;CONSULTA EM ENDOCRINOLOGIA E METABOLOGIA - ADULTO;E06;134
650766428;11/02/2026;JOSE SEVERINO PEREIRA DA SILVA;52 anos;CONSULTA EM OFTALMOLOGIA - RETINA GERAL;H358;134
650897311;11/02/2026;MARIA CLEIDE DA SILVA;54 anos;CONSULTA EM OFTALMOLOGIA - GLAUCOMA;H401;134
523912639;11/03/2024;ALCENIRA PEREIRA;61 anos;CONSULTA EM NEUROCIRURGIA - GERAL;M545;836
523970866;11/03/2024;SANDRA APARECIDA DE MOURA BARRIOS;55 anos;CONSULTA EM NEUROCIRURGIA - GERAL;M518;836
588657992;11/03/2025;MARIA DAS MERCES DA SILVA OLIVEIRA;69 anos;CONSULTA EM HEMATOLOGIA - GERAL;D649;471
588664851;11/03/2025;JULIANA LINO DA SILVA TRINDADE;42 anos;CONSULTA EM CIRURGIA PLASTICA - GERAL;Z428;471
588726650;11/03/2025;JESSICA PADILHA PINHEIRO;32 anos;CONSULTA EM CIRURGIA PLASTICA - GERAL;Z421;471
655751757;11/03/2026;AUGUSTINHO RODRIGUES DE OLIVEIRA;70 anos;CONSULTA EM GASTROENTEROLOGIA - GERAL;K20;106
655775122;11/03/2026;RAQUEL CAMPOS VASCONCELOS;58 anos;CONSULTA EM OFTALMOLOGIA - GLAUCOMA;H401;106
412593923;11/04/2022;CARLOS ALBERTO ROSA;60 anos;CONSULTA EM CIRURGIA ORTOPEDICA - OMBROS;M759;1536
529728952;11/04/2024;MARIA DO SOCORRO BARBOZA PEREIRA;68 anos;CONSULTA EM NEUROCIRURGIA - GERAL;M54;805
529776741;11/04/2024;JOAO ANTONIO BERRES;56 anos;CONSULTA EM OFTALMOLOGIA - RETINA GERAL;H35;805
595069700;11/04/2025;ROSA HELENA POMPEU DA SILVA;54 anos;CONSULTA EM REUMATOLOGIA - ADULTO;M059;440
595123969;11/04/2025;LUCIMARA GONCALVES NARCIZO;33 anos;CONSULTA EM NEUROLOGIA - ADULTO;G700;440
661524259;11/04/2026;CELSO HENRIQUE FABIANO;61 anos;CONSULTA EM CIRURGIA BARIATRICA OBESIDADE;E668;75
666690784;11/05/2026;RAIMUNDA MARIA DE JESUS SOUZA;66 anos;CONSULTA EM REUMATOLOGIA - ADULTO;M150;45
672777440;11/06/2026;MARLY RIBOLIS GOMES;48 anos;GRUPO - RESSONANCIA MAGNETICA;G360;14
672778210;11/06/2026;MARLY RIBOLIS GOMES;48 anos;GRUPO - RESSONANCIA MAGNETICA;G360;14
672779517;11/06/2026;PEDRO HENRIQUE ARRAIS CABRAL;5 anos;CONSULTA EM CIRURGIA PEDIATRICA - GERAL;Q542;14
672785125;11/06/2026;OLINDA GONCALVES DA SILVA;77 anos;CONSULTA EM OFTALMOLOGIA - CATARATA;H264;14
672791505;11/06/2026;ALAIR SANTOS DA SILVA;32 anos;GRUPO - RESSONANCIA MAGNETICA;D391;14
672860889;11/06/2026;EVA FERREIRA DA CONCEICAO;68 anos;CAPSULOTOMIA A YAG LASER;H264;14
672873910;11/06/2026;MARCELO RODRIGUES DOS SANTOS;43 anos;CONSULTA EM OFTALMOLOGIA - CORNEA;H179;14
672923754;11/06/2026;MARIA ISABEL SCHEIFER;31 anos;ENDOSCOPIA DIGESTIVA ALTA;Z000;14
672930583;11/06/2026;ZENIR FREITAS DE SOUZA ALENCAR;61 anos;CONSULTA EM CIRURGIA DE CABECA E PESCOCO - GERAL;D44;14
672935328;11/06/2026;ROSALI MARIA WAGNER;60 anos;CONSULTA EM CIRURGIA DE CABECA E PESCOCO - GERAL;E07;14
672938745;11/06/2026;MARIA AUZENIRA DA SILVA;76 anos;CONSULTA EM CIRURGIA DE CABECA E PESCOCO - GERAL;C73;14
672941737;11/06/2026;MARIA APARECIDA ANDRADE DA CUNHA DE MENEZES;60 anos;CONSULTA EM CIRURGIA DE CABECA E PESCOCO - GERAL;E041;14
672956097;11/06/2026;MARIA SERITA DA SILVA;71 anos;CONSULTA EM MASTOLOGIA - GERAL;N63;14
672959516;11/06/2026;WENDRIK GUILHERME OLIVEIRA;7 anos;CONSULTA EM CIRURGIA PEDIATRICA - GERAL;G80;14
672963166;11/06/2026;WILMAR BIANCHINI;65 anos;CONSULTA EM CIRURGIA GERAL - ADULTO;K429;14
672966989;11/06/2026;WALQUIRIA ALMIRAO ALVARENGA;56 anos;CONSULTA EM CIRURGIA BARIATRICA OBESIDADE;E669;14
672971797;11/06/2026;ANATERCE VIEIRA DE CARVALHO;52 anos;CONSULTA EM MASTOLOGIA - GERAL;N63;14
672975364;11/06/2026;OLINIR LUIANNY DE SOUZA;32 anos;CONSULTA EM CIRURGIA BARIATRICA OBESIDADE;E66;14
672975749;11/06/2026;BRUNO BROETTO;32 anos;GRUPO - US DOPPLER COLORIDO DE TRES VASOS;I99;14
672978161;11/06/2026;ROSANGELA LINA ESTEVAM;54 anos;CONSULTA EM ENDOCRINOLOGIA E METABOLOGIA - ADULTO;E07;14
672979498;11/06/2026;JAQUELINE CASALI TREUHERZ;40 anos;CONSULTA EM CIRURGIA BARIATRICA OBESIDADE;E660;14
672980871;11/06/2026;TEREZINHA INES BALZAN;68 anos;CONSULTA EM CIRURGIA DE CABECA E PESCOCO - GERAL;E07;14
672981061;11/06/2026;NILSE RANZAN LUCIANER;78 anos;CONSULTA EM NEUROCIRURGIA - GERAL;M544;14
672982297;11/06/2026;HILDA DE JESUS GOMES;63 anos;GRUPO - US DOPPLER COLORIDO DE TRES VASOS;I83;14
672983443;11/06/2026;SEBASTIANA PADILHA DOS SANTOS;55 anos;CONSULTA EM CIRURGIA DE CABECA E PESCOCO - GERAL;Z031;14
672984587;11/06/2026;ROZILENE QUEIROZ DOS SANTOS;56 anos;CONSULTA EM CIRURGIA BARIATRICA OBESIDADE;E66;14
672985437;11/06/2026;ELZA MARIA DA SILVA PANINI;56 anos;GRUPO - US DOPPLER COLORIDO DE TRES VASOS;I839;14
672985635;11/06/2026;ANA CLAUDIA CACERES CAMILO;37 anos;CONSULTA EM CIRURGIA BARIATRICA OBESIDADE;E660;14
672987640;11/06/2026;EMERSON ANANIAS;46 anos;CONSULTA EM CIRURGIA BARIATRICA OBESIDADE;E66;14
672989543;11/06/2026;CINTHIA NAYARA DA SILVA SOUZA;34 anos;CONSULTA EM CIRURGIA BARIATRICA OBESIDADE;E660;14
672990086;11/06/2026;ALBERTINO DOS SANTOS;86 anos;GRUPO - US DOPPLER COLORIDO DE TRES VASOS;Z00;14
672994519;11/06/2026;ANDRIELLI SERRA NISSOLA;33 anos;CONSULTA EM CIRURGIA BARIATRICA OBESIDADE;E660;14
672997090;11/06/2026;APARECIDA CORREIA DOS SANTOS;53 anos;CONSULTA EM NEUROCIRURGIA - GERAL;M531;14
672997759;11/06/2026;MARCIO GINO THOMAZ;45 anos;CONSULTA EM CIRURGIA BARIATRICA OBESIDADE;E669;14
672999023;11/06/2026;ANTONIA MARIELE ALVES COSTA DE JESUS;36 anos;CONSULTA EM GASTROENTEROLOGIA - GERAL;E660;14
672999616;11/06/2026;MARIZA ELAINE DA SILVA XERES;50 anos;CONSULTA EM NEUROCIRURGIA - GERAL;M510;14
672999992;11/06/2026;ANA VILELA DOS SANTOS DA SILVA;29 anos;CONSULTA EM CIRURGIA BARIATRICA OBESIDADE;E660;14
673001348;11/06/2026;LUCAS SOLON ORTIZ ROSA;3 anos;CONSULTA EM NEUROLOGIA - PEDIATRIA;F840;14
673002476;11/06/2026;LUIS ADALTO GOMES DA SILVA;64 anos;CONSULTA EM CIRURGIA GERAL - ADULTO;L728;14
673004042;11/06/2026;LIXANDRINA MARIA DA SILVA;84 anos;GRUPO - US DOPPLER COLORIDO DE TRES VASOS;R60;14
673005459;11/06/2026;LUCEVANE BELLEI;65 anos;CONSULTA EM CIRURGIA BARIATRICA OBESIDADE;E669;14
673006680;11/06/2026;KHENY VIANNA DE OLIVEIRA;34 anos;CONSULTA EM CIRURGIA BARIATRICA OBESIDADE;E660;14
611699938;11/07/2025;ELIZABETH BARROS DE OLIVEIRA;45 anos;CONSULTA EM NEUROCIRURGIA - GERAL;M511;349
611833692;11/07/2025;LUA NAMY CAMPOS VILIALVA;1 ano;CONSULTA EM CIRURGIA PEDIATRICA - GERAL;K42;349
611838043;11/07/2025;KELLI REGINA SILVA;40 anos;CONSULTA EM REUMATOLOGIA - ADULTO;M06;349
617216612;11/08/2025;MANOEL MESSIAS CARDOSO DA SILVA;63 anos;CONSULTA EM ENDOCRINOLOGIA - PACIENTES DIABETICOS;E10;318
558215084;11/09/2024;DANILO GUSTAVO DE MORAIS SOUZA;7 anos;CONSULTA EM ORTOPEDIA - PEDIATRIA;Q66;652
558217040;11/09/2024;LUCI GONCALVES DA SILVA;46 anos;CONSULTA EM ENDOCRINOLOGIA E METABOLOGIA - ADULTO;E669;652
558222244;11/09/2024;CARMEM LUCIA BOUFLEUR DE HAAS;60 anos;CONSULTA EM CIRURGIA DE CABECA E PESCOCO - GERAL;E041;652
569741869;11/11/2024;SANDRA APARECIDA DIMEIRA DOS REIS BARBOSA;62 anos;CONSULTA EM NEUROCIRURGIA - GERAL;D353;591
635659696;11/11/2025;JOSE ANTONIO DO NASCIMENTO;59 anos;CONSULTA EM ENDOCRINOLOGIA - PACIENTES DIABETICOS;E11;226
635819246;11/11/2025;SIMONE STEFANES;37 anos;CONSULTA EM ENDOCRINOLOGIA - PACIENTES DIABETICOS;E105;226
635831495;11/11/2025;ROSALINA VILELA GOMES DOS SANTOS;52 anos;CONSULTA EM ENDOCRINOLOGIA E METABOLOGIA - ADULTO;E109;226
397199180;11/12/2021;IVANIR GUARESMA;49 anos;CONSULTA EM CIRURGIA ORTOPEDICA - OMBROS;M759;1657
509569753;11/12/2023;LEILA BARROS DO NASCIMENTO;47 anos;CONSULTA EM CIRURGIA PLASTICA - GERAL;Z42;927
509612993;11/12/2023;ELENILDE ROSA DOS SANTOS;47 anos;CONSULTA EM CIRURGIA PLASTICA - GERAL;N63;927
574877626;11/12/2024;NESTOR DEFANTE;84 anos;CONSULTA EM UROLOGIA - CIRURGICA;N210;561
574926822;11/12/2024;DOMINGA BENITES MARTINS;41 anos;CONSULTA EM UROLOGIA - CIRURGICA;N200;561
513920390;12/01/2024;FRANCISCA RODRIGUES DE OLIVEIRA;57 anos;CONSULTA EM OFTALMOLOGIA - GLAUCOMA;H409;895
644939066;12/01/2026;RUTE GOMES DE OLIVEIRA;28 anos;CONSULTA EM GASTROENTEROLOGIA - GERAL;K44;164
645050647;12/01/2026;VILMA RODRIGUES DA COSTA;65 anos;CONSULTA EM ENDOCRINOLOGIA - PACIENTES DIABETICOS;E14;164
584051269;12/02/2025;NIVERSINA CHAVES PIRES;58 anos;CONSULTA EM CIRURGIA PLASTICA - GERAL;E66;498
651026528;12/02/2026;ANDREW PEREIRA DE FREITAS;15 anos;CONSULTA EM OFTALMOLOGIA - ESTRABISMO;H50;133
651041857;12/02/2026;REGINA CELIA PEREIRA ROSALIM;55 anos;CONSULTA EM OFTALMOLOGIA - PLASTICA OCULAR;H001;133
588939402;12/03/2025;JOAO LUCAS DA SILVA PEDROSO;15 anos;CONSULTA EM UROLOGIA - PEDIATRICA;N47;470
655856619;12/03/2026;THAIS DO NASCIMENTO DIAS;31 anos;CONSULTA EM CIRURGIA DE CABECA E PESCOCO - GERAL;R221;105
655924790;12/03/2026;PAULO EDUARDO FERREIRA DOS SANTOS;18 anos;CONSULTA EM CIRURGIA ORTOPEDICA-QUADRIL;N872;105
656042710;12/03/2026;JUSSARA MARIA COSTA NASSIMENTO;70 anos;CONSULTA EM OFTALMOLOGIA - PLASTICA OCULAR;H023;105
468397186;12/04/2023;HELENA DOS SANTOS ALVES NUNES;59 anos;CONSULTA EM CIRURGIA ORTOPEDICA - OMBROS;M751;1170
478402914;12/06/2023;MIRNA UTZIG GOTTSELIG;64 anos;CONSULTA EM CIRURGIA ORTOPEDICA - COLUNA;M513;1109
606484254;12/06/2025;ANA CLARA RODRIGUES BOHLING TIZATTO;11 anos;CONSULTA EM CIRURGIA TORACICA - GERAL;Q677;378
606500979;12/06/2025;ADAIR JOSE MAIA;52 anos;CONSULTA EM OFTALMOLOGIA - TUMORES;H029;378
606542705;12/06/2025;HELENA MARIA DINIZ DA SILVA;52 anos;CONSULTA EM REUMATOLOGIA - ADULTO;M797;378
673033031;12/06/2026;FRANCISCA DE LIMA;66 anos;GRUPO - RESSONANCIA MAGNETICA;G578;13
673033383;12/06/2026;VITOR HUGO REICHERT;20 anos;GRUPO - RESSONANCIA MAGNETICA;S835;13
673033470;12/06/2026;FRANCISCA DE LIMA;66 anos;GRUPO - ELETRONEUROMIOGRAFIA;G578;13
673043181;12/06/2026;EVANDI ABREU AMARAL;62 anos;CONSULTA EM REUMATOLOGIA - ADULTO;M06;13
673049889;12/06/2026;SUZAN MARY GONCALVES DA SILVA;37 anos;ENDOSCOPIA DIGESTIVA ALTA;K21;13
673049895;12/06/2026;CREUSA MARTINS DA SILVA;70 anos;GRUPO - RESSONANCIA MAGNETICA;F001;13
673066318;12/06/2026;JOSE MARCIO DE SOUZA PRUDENCIO FILHO;12 anos;CONSULTA EM GASTROENTEROLOGIA - PEDIATRIA;K621;13
673087016;12/06/2026;MARLI CUNHA DE SOUZA;62 anos;CONSULTA EM CIRURGIA DE CABECA E PESCOCO - GERAL;C73;13
673091048;12/06/2026;LUCIMAR FERREIRA GONCALVES;49 anos;GRUPO - ELETRONEUROMIOGRAFIA;G560;13
673093293;12/06/2026;CREUZA ROSA BILAIA DA SILVA;68 anos;ESPIROMETRIA;J450;13
673096484;12/06/2026;ELIZANDRA BENEDITA CANDIDO DE BARRO;35 anos;GRUPO - RESSONANCIA MAGNETICA;M542;13
673099106;12/06/2026;ELIZANDRA BENEDITA CANDIDO DE BARRO;35 anos;GRUPO - ELETRONEUROMIOGRAFIA;G560;13
673115668;12/06/2026;SEBASTIAO LUIZ LOPES;86 anos;ESPIROMETRIA;J448;13
673118815;12/06/2026;SEBASTIAO LUIZ LOPES;86 anos;GRUPO - TOMOGRAFIA COMPUTADORIZADA;J448;13
673121406;12/06/2026;MARIA JOSE MORBEQUE;67 anos;GRUPO - TOMOGRAFIA COMPUTADORIZADA;I72;13
673125235;12/06/2026;EULINA ALVES ROSA;85 anos;CAPSULOTOMIA A YAG LASER;H264;13
673142202;12/06/2026;JOAO VICTOR PIRES PROCOPIO;13 anos;CONSULTA EM CIRURGIA CARDIACA - PEDIATRICA;Q209;13
673177070;12/06/2026;IVONETE APARECIDA XAVIER RIBEIRO;53 anos;ESPIROMETRIA;J448;13
673180256;12/06/2026;LILIAN PORTO SOARES DA SILVA;56 anos;ENDOSCOPIA DIGESTIVA ALTA;K230;13
673193573;12/06/2026;NILVACIR SANTOS DELGUINGARO;41 anos;CONSULTA EM MASTOLOGIA - GERAL;N63;13
673199488;12/06/2026;JOAO MIGUEL FERREIRA DE SANTANA;1 ano;CONSULTA EM NEUROLOGIA - PEDIATRIA;R268;13
673201260;12/06/2026;ADRIANA FRANCISCA DA SILVA GOMIDES;54 anos;CONSULTA EM OFTALMOLOGIA - PTERIGIO;H110;13
673202662;12/06/2026;MARIA APARECIDA ANDRADE DA CUNHA DE MENEZES;60 anos;CONSULTA EM INFECTOLOGIA - ADULTO;B18;13
673203896;12/06/2026;JACKSON CLAUDY;53 anos;CONSULTA EM OFTALMOLOGIA - PLASTICA OCULAR;H001;13
673204440;12/06/2026;LUIZ CARLOS ZANETTI;62 anos;CONSULTA EM INFECTOLOGIA - ADULTO;B181;13
673209101;12/06/2026;AMARO LOPES;77 anos;CONSULTA EM CIRURGIA GERAL - ADULTO;K805;13
673212057;12/06/2026;JORGE DE OLIVEIRA;77 anos;CONSULTA EM CIRURGIA GERAL - ADULTO;Z00;13
673213357;12/06/2026;ALICE REGINA CORTESIA PILTZ;61 anos;GRUPO - ATENDIMENTO / ACOMPANHAMENTO EM REABILITAÇÃO NAS MULTIPLAS DEFICIÊNCIAS;H906;13
673214747;12/06/2026;NICOLLY VITORIA SOUZA DA SILVA;12 anos;CONSULTA EM OFTALMOLOGIA - CORNEA;H186;13
673218537;12/06/2026;MARIA CARDOZO GONCALVES DA SILVA;61 anos;ENDOSCOPIA DIGESTIVA ALTA;R13;13
673223696;12/06/2026;IRINEU FREDERICO DALL AQUA;69 anos;CONSULTA EM OFTALMOLOGIA - CATARATA;H280;13
673226263;12/06/2026;PAULO ROMALDO KIRCH;45 anos;CONSULTA EM OFTALMOLOGIA - CORNEA;H180;13
673234701;12/06/2026;ARACCELLY DE CARVALHO ALMEIDA;41 anos;CONSULTA EM CIRURGIA BARIATRICA OBESIDADE;E66;13
673235856;12/06/2026;LUCI LEIA MANGELOT;63 anos;CONSULTA EM CIRURGIA DE CABECA E PESCOCO - GERAL;R59;13
206591160;12/07/2017;OLGA MARIA FERREIRA DA ROCHA;69 anos;CONSULTA EM ORTOPEDIA ADULTO;M751;3270
546645335;12/07/2024;GENIVALDO ALVES DE SOUZA;44 anos;CONSULTA EM NEUROCIRURGIA - GERAL;G540;713
617590114;12/08/2025;LIDIA MARTINS CASTILHO;57 anos;CONSULTA EM ENDOCRINOLOGIA E METABOLOGIA - ADULTO;E660;317
617609170;12/08/2025;CINTIA ALVES CARDOSO;35 anos;CONSULTA EM ENDOCRINOLOGIA E METABOLOGIA - ADULTO;E66;317
617621195;12/08/2025;ADELAIDE SORRILHA SOUZA;64 anos;CONSULTA EM OFTALMOLOGIA - RETINA GERAL;H360;317
436504540;12/09/2022;HELENA MATTOS VIEIRA;8 anos;CONSULTA EM NEUROLOGIA - PEDIATRIA;F80;1382
494072771;12/09/2023;MIGUEL ELIAS ALVES NETO;69 anos;CONSULTA EM NEUROCIRURGIA - GERAL;M542;1017
558290263;12/09/2024;VERA CRISTINA DA SILVA DA SILVA;41 anos;CONSULTA EM ENDOCRINOLOGIA E METABOLOGIA - ADULTO;E039;651
558478912;12/09/2024;CAIO ANDERSON DA SILVA DOS SANTOS;13 anos;CONSULTA EM ORTOPEDIA - PEDIATRIA;M255;651
446362209;12/11/2022;GABRIEL FREITAS SOARES;7 anos;CONSULTA EM NEUROLOGIA - PEDIATRIA;F84;1321
569892545;12/11/2024;DARCI GUEDIN;65 anos;CONSULTA EM GASTROENTEROLOGIA - GERAL;K21;590
569947702;12/11/2024;MARIA JOANA DA SILVA LIMA;69 anos;CONSULTA EM OFTALMOLOGIA - RETINA GERAL;H360;590
570014418;12/11/2024;LUCI GONCALVES DA SILVA;46 anos;CONSULTA EM NEUROCIRURGIA - GERAL;M431;590
636107141;12/11/2025;JAIR DO NASCIMENTO MONTESSI;70 anos;GRUPO - US DOPPLER COLORIDO DE TRES VASOS;I10;225
636133135;12/11/2025;ENIO ALVES DA SILVA;76 anos;CONSULTA EM GASTROENTEROLOGIA - GERAL;K44;225
450192819;12/12/2022;MARINES TEREZINHA SANT ANNA;53 anos;CONSULTA EM CIRURGIA PLASTICA - GERAL;N62;1291
641410487;12/12/2025;RONEI SOSTER;51 anos;CONSULTA EM UROLOGIA - CIRURGICA;N40;195
641413043;12/12/2025;PAULA MOREIRA SOUZA PERGENTINO;41 anos;CONSULTA EM CIRURGIA BARIATRICA OBESIDADE;E66;195
641545197;12/12/2025;JULIA RAMOS PROCOPIO;9 anos;CONSULTA EM CIRURGIA DE CABECA E PESCOCO - GERAL;R221;195
641548929;12/12/2025;MICAELLY SOUZA MACHADO;3 anos;CONSULTA EM ORTOPEDIA - PEDIATRIA;Q65;195
641566058;12/12/2025;IRONI SOUZA LOPES;70 anos;CONSULTA EM ENDOCRINOLOGIA - PACIENTES DIABETICOS;E102;195
641588082;12/12/2025;MARIA DO SOCORRO;72 anos;CONSULTA EM CIRURGIA DE CABECA E PESCOCO - GERAL;E21;195
454392551;13/01/2023;LUCAS GABRIEL PORTO DE OLIVEIRA;29 anos;CONSULTA EM CIRURGIA ORTOPEDICA - COLUNA;M545;1259
454396618;13/01/2023;JOAO PEDRO LEMOS DOS ANJOS;80 anos;CONSULTA EM CIRURGIA VASCULAR - DOENCAS ARTERIAIS;Z00;1259
454410850;13/01/2023;HILDA PEREIRA RIBEIRO;63 anos;CONSULTA EM OFTALMOLOGIA - PLASTICA OCULAR;H02;1259
578464813;13/01/2025;ANDREA CRISTINA DE OLIVEIRA;51 anos;CONSULTA EM REUMATOLOGIA - ADULTO;M797;528
645255042;13/01/2026;ARTHUR RIBEIRO PINTO;13 anos;CONSULTA EM OFTALMOLOGIA - CORNEA;H186;163
645269036;13/01/2026;CLEUSA APARECIDA DE PAULA SILVA;58 anos;CONSULTA EM REUMATOLOGIA - ADULTO;M060;163
645310762;13/01/2026;ERIONE RIBEIRO PINTO SILVA;36 anos;GRUPO - US DOPPLER COLORIDO DE TRES VASOS;I83;163
645325923;13/01/2026;KAUA LUCAS DA SILVA SEDREZ;14 anos;CONSULTA EM ENDOCRINOLOGIA - PEDIATRIA;N62;163
584425398;13/02/2025;BEATRIS FAVA SEGATTO;52 anos;CONSULTA EM NEUROLOGIA - NEUROVASCULAR;I638;497
584469977;13/02/2025;KAIQUE ANDRADE OLIVEIRA EUGENIO DOS REIS;9 anos;CONSULTA EM ORTOPEDIA - PEDIATRIA;Q69;497
651218097;13/02/2026;VALDIVIA SOUSA PINHEIRO;60 anos;CONSULTA EM NEUROLOGIA - NEUROVASCULAR;I678;132
651231671;13/02/2026;DENILSON ADAO DA ROSA;51 anos;CONSULTA EM NEUROCIRURGIA - GERAL;M501;132
651315004;13/02/2026;AILTON LORDANO;50 anos;CONSULTA EM NEUROCIRURGIA - GERAL;M144;132
651326610;13/02/2026;MARIA BASTOS DOS ANJOS;79 anos;CONSULTA EM OFTALMOLOGIA - GLAUCOMA;H401;132
651330216;13/02/2026;NIVALDO GOMES DE ARRUDA;68 anos;CONSULTA EM NEUROCIRURGIA - GERAL;Z00;132
651341038;13/02/2026;RAFAELA DIAS DE ANDRADE;34 anos;CONSULTA EM GASTROENTEROLOGIA - GERAL;K449;132
651348923;13/02/2026;PAULO EDUARDO DA SILVA;36 anos;CONSULTA EM OFTALMOLOGIA - CORNEA;H178;132
656252522;13/03/2026;LUZIA TANIA DE SOUZA DOS SANTOS;46 anos;CONSULTA EM GASTROENTEROLOGIA - DOENCAS DO FIGADO;D134;104
656265696;13/03/2026;MANOEL PEREIRA FRANCA;81 anos;GRUPO - US DOPPLER COLORIDO DE TRES VASOS;I74;104
656267798;13/03/2026;MANOEL PEREIRA FRANCA;81 anos;GRUPO - US DOPPLER COLORIDO DE TRES VASOS;I839;104
413167102;13/04/2022;ADENILDE CORREA DA SILVA ROCHA;56 anos;CONSULTA EM NEUROCIRURGIA - GERAL;G560;1534
661607578;13/04/2026;MARIO VIEIRA CABRAL;80 anos;CONSULTA EM NEUROLOGIA - ADULTO;R13;73
661607798;13/04/2026;DANIELI DE LIMA TELES VIEIRA BRAGA PEIXOTO;33 anos;CONSULTA EM ENDOCRINOLOGIA E METABOLOGIA - ADULTO;D34;73
661701841;13/04/2026;ANA LUCIA DUTRA DA SILVA;44 anos;CONSULTA EM PEQUENA CIRURGIA ADULTO;L570;73
661740071;13/04/2026;ERIKA HELENA FUCHS DARTORA;15 anos;CONSULTA EM HEMATOLOGIA - GERAL;D500;73
600534013;13/05/2025;WILLIAN BARBOSA DA SILVA;36 anos;CONSULTA EM REUMATOLOGIA - ADULTO;M060;408
667216092;13/05/2026;SILVIA JOSEFINA RAMOS LOPEZ;57 anos;GRUPO - TOMOGRAFIA COMPUTADORIZADA;R51;43
667219010;13/05/2026;VAL KESSYA DOS SANTOS DE ALMEIDA MARQUES;35 anos;GRUPO - RESSONANCIA MAGNETICA;M751;43
667226136;13/05/2026;GISLAINE GOMES COIMBRA;33 anos;CONSULTA EM ENDOCRINOLOGIA E METABOLOGIA - ADULTO;E669;43
667269219;13/05/2026;GENIVALDO DA SILVA BARBOSA;55 anos;GRUPO - RESSONANCIA MAGNETICA;M545;43
667291133;13/05/2026;JEANPIERRE FERREIRA PAIVA;36 anos;GRUPO - RESSONANCIA MAGNETICA;M751;43
667294987;13/05/2026;ERACIDE APARECIDA DUTRA DA SILVA PEREIRA;49 anos;CONSULTA EM OFTALMOLOGIA - RETINA GERAL;H35;43
667311325;13/05/2026;ANA VILELA DOS SANTOS DA SILVA;29 anos;GRUPO - RESSONANCIA MAGNETICA;I839;43
667338307;13/05/2026;DALVA PEREIRA SA DOS SANTOS;55 anos;CONSULTA EM CIRURGIA PLASTICA - GERAL;C50;43
667395475;13/05/2026;MARIA ALVES GOMES;64 anos;CONSULTA EM GASTROENTEROLOGIA - GERAL;K29;43
667440278;13/05/2026;JOSE RENILTE DA SILVA;75 anos;CONSULTA EM OFTALMOLOGIA - PLASTICA OCULAR;H024;43
667448231;13/05/2026;VERA LUCIA PEREIRA DA SILVA;52 anos;CONSULTA EM OFTALMOLOGIA - PLASTICA OCULAR;H028;43
667452860;13/05/2026;JORGE KAWE DA SILVA;2 anos;CONSULTA EM ENDOCRINOLOGIA - PEDIATRIA;E34;43
667464035;13/05/2026;JOSE ERISVALDO FERREIRA;65 anos;GRUPO - RESSONANCIA MAGNETICA;M545;43
203407368;13/06/2017;CARMO GOMES DE SOUZA;62 anos;CONSULTA EM ORTOPEDIA ADULTO;M751;3299
203415316;13/06/2017;MARIA APARECIDA DO NASCIMENTO MONTESSI;71 anos;CONSULTA EM ORTOPEDIA ADULTO;M17;3299
203443395;13/06/2017;MARIA IFRAN ESCOBAR;68 anos;CONSULTA EM ORTOPEDIA ADULTO;M71;3299
606756813;13/06/2025;MARGARIDA PEREIRA DOS SANTOS;55 anos;CONSULTA EM REUMATOLOGIA - ADULTO;M797;377
617687312;13/08/2025;ALENCAR DOS SANTOS CARVALHO;33 anos;CONSULTA EM NEUROCIRURGIA - GERAL;M141;316
630064934;13/10/2025;ELIANE ANANIAS;51 anos;CONSULTA EM ENDOCRINOLOGIA E METABOLOGIA - ADULTO;E108;255
570132183;13/11/2024;FRANCISCA DA SILVA;79 anos;CONSULTA EM OFTALMOLOGIA - PLASTICA OCULAR;H028;589
636184550;13/11/2025;SHEILA GONCALVES;64 anos;GRUPO - TOMOGRAFIA COMPUTADORIZADA;K439;224
636191693;13/11/2025;VERA LUCIA VILASBOAS JARA;51 anos;GRUPO - RESSONANCIA MAGNETICA;M179;224
636261158;13/11/2025;CLARA INACIO ANGELO;11 anos;CONSULTA EM ORTOPEDIA - PEDIATRIA;Q650;224
636340002;13/11/2025;YURI GABRIEL GIMENEZ DA SILVA;2 anos;CONSULTA EM NEUROLOGIA - PEDIATRIA;R62;224
509954390;13/12/2023;RONILDA INACIO DE ARAUJO;56 anos;GRUPO - RAIO X CONTRASTADO;K22;925
509957593;13/12/2023;JOAO RODRIGUES COIMBRA;87 anos;CONSULTA EM NEUROCIRURGIA - GERAL;S320;925
575240976;13/12/2024;MAITE LOUISE DOS SANTOS MENEGON;4 anos;CONSULTA EM UROLOGIA - PEDIATRICA;N39;559
578654162;14/01/2025;TALISON VINICIUS BARBOSA DE FREITAS;14 anos;CONSULTA EM ORTOPEDIA - PEDIATRIA;M255;527
645494047;14/01/2026;DJOVANA DJANADAYO RODRIGUES DE FREITAS;37 anos;CONSULTA EM CIRURGIA ORTOPEDICA-QUADRIL;M16;162
645586414;14/01/2026;BRENDA LOUREIRO FORNARI;14 anos;CONSULTA EM CIRURGIA PLASTICA - GERAL;Q175;162
404313692;14/02/2022;EULINA GOMES DA SILVA;53 anos;CONSULTA EM NEUROCIRURGIA - GERAL;G56;1592
584638069;14/02/2025;ROBERTO MARQUES MOITINHO;59 anos;CONSULTA EM OFTALMOLOGIA - PTERIGIO;H110;496
584670155;14/02/2025;VERA LUCIA DE JESUS;52 anos;CONSULTA EM ENDOCRINOLOGIA E METABOLOGIA - ADULTO;E039;496
584709512;14/02/2025;RITA DE CASSIA ALVES PEREIRA MONTESSI EDUARDO;41 anos;CONSULTA EM UROLOGIA - CIRURGICA;N20;496
194052363;14/03/2017;CLEUZA UMBELINA DA SILVA ARAUJO;63 anos;CONSULTA EM ORTOPEDIA ADULTO;M10;3390
524745000;14/03/2024;MAIRIS SUBTIL DOS SANTOS;76 anos;CONSULTA EM OFTALMOLOGIA - PLASTICA OCULAR;H024;833
589395766;14/03/2025;HEITOR BORGES DE FREITAS AZEVEDO;7 anos;CONSULTA EM NEUROLOGIA - PEDIATRIA;G40;468
595401370;14/04/2025;JOSE AUGUSTO PADILHA;57 anos;CONSULTA EM CARDIOLOGIA - MARCAPASSO;I50;437
661977596;14/04/2026;GELSON BRITO ISAIAS;33 anos;GRUPO - RESSONANCIA MAGNETICA;M233;72
661980935;14/04/2026;FATIMA DE LOURDES PEREIRA SABINO;61 anos;GRUPO - RESSONANCIA MAGNETICA;M545;72
661984606;14/04/2026;ELOA TEREZINHA ROSSI;64 anos;GRUPO - RESSONANCIA MAGNETICA;M461;72
661988853;14/04/2026;EZEQUIEL FRANCISCO GABILON;53 anos;GRUPO - RESSONANCIA MAGNETICA;M161;72
662042998;14/04/2026;VERA CRISTINA DA SILVA DA SILVA;41 anos;CONSULTA EM PEQUENA CIRURGIA ADULTO;L24;72
662057847;14/04/2026;PAMELA MARTA DALRI;35 anos;CONSULTA EM CIRURGIA BARIATRICA OBESIDADE;E66;72
662095746;14/04/2026;CHRISTOPHER GONCALVES ALVARES;8 anos;ESPIROMETRIA;J45;72
662105753;14/04/2026;EDINELSON CLEYTON DUTRA;46 anos;ESPIROMETRIA;J448;72
662113670;14/04/2026;WALTER RODRIGUES DA SILVA;63 anos;CATETERISMO CARDIACO;I209;72
662115698;14/04/2026;ANA JULIA PALMEIRA MIRANDA;7 anos;ESPIROMETRIA;J459;72
662120458;14/04/2026;MIGUEL ADALBERTO DE OLIVEIRA BONILLA;71 anos;ESPIROMETRIA;J450;72
662121390;14/04/2026;ELIZETE REGINA VARGAS DIAS;54 anos;ESPIROMETRIA;J449;72
662121452;14/04/2026;JOSE EMIDIO DE SOUZA;71 anos;CONSULTA EM OFTALMOLOGIA - PLASTICA OCULAR;H021;72
662122108;14/04/2026;JOSE SIMPLICIO DE OLIVEIRA;77 anos;ESPIROMETRIA;J449;72
667491354;14/05/2026;ATEVALTE DOS SANTOS DE NOVAES;44 anos;GRUPO - RESSONANCIA MAGNETICA;S762;42
667532072;14/05/2026;RUFINO CACERES BRITO;84 anos;GRUPO - ELETRONEUROMIOGRAFIA;M511;42
667539017;14/05/2026;MARIZETE BUENO IAGUCHESKI;53 anos;CONSULTA EM CIRURGIA GERAL - ADULTO;K439;42
667556070;14/05/2026;ROSANE TOME DE SOUZA;51 anos;GRUPO - RESSONANCIA MAGNETICA;M751;42
667650829;14/05/2026;GISLAINE GOES DOS SANTOS;34 anos;CONSULTA EM REUMATOLOGIA - ADULTO;M797;42
667670293;14/05/2026;THELMA SILVA RIBEIRO DE MELO;49 anos;CONSULTA EM CIRURGIA DE CABECA E PESCOCO - GERAL;C73;42
667721701;14/05/2026;ROSELANE MARIA DUDA DA SILVA;53 anos;CONSULTA EM ENDOCRINOLOGIA E METABOLOGIA - ADULTO;E149;42
667722176;14/05/2026;EDENILSO BALBINOT;42 anos;GRUPO - RESSONANCIA MAGNETICA;M255;42
427236395;14/07/2022;MARIA APARECIDA DOS ANJOS;61 anos;CONSULTA EM CIRURGIA ORTOPEDICA - OMBROS;M75;1442
484084774;14/07/2023;ANA NISA DA SILVA;79 anos;GRUPO - ENDOSCOPIA DIGESTIVA;K25;1077
612216943;14/07/2025;CICERO MARIANO DA SILVA;67 anos;CONSULTA EM ORTOPEDIA - JOELHO;M179;346
630324674;14/10/2025;MARINA GONCALVES;53 anos;GRUPO - US DOPPLER COLORIDO DE TRES VASOS;I832;254
630344330;14/10/2025;ANA HONORIA DE SANTANA;78 anos;CONSULTA EM ENDOCRINOLOGIA E METABOLOGIA - ADULTO;E039;254
570395179;14/11/2024;VANESSA VASCONCELOS DA SILVA;21 anos;CONSULTA EM CIRURGIA DE CABECA E PESCOCO - GERAL;D179;588
514223862;15/01/2024;UBIRAJARA ORTEGA;83 anos;CONSULTA EM OFTALMOLOGIA - GLAUCOMA;H400;892
645624042;15/01/2026;LUCIANA FRANCISCA DA SILVA;49 anos;GRUPO - US DOPPLER COLORIDO DE TRES VASOS;I839;161
645840732;15/01/2026;ELIAS CAMPOS DA SILVA;64 anos;CONSULTA EM UROLOGIA - CIRURGICA;N40;161
463750325;15/03/2023;PAULO SERGIO GOMES;56 anos;TRIAGEM PARA URODINAMICA;N40;1198
463777148;15/03/2023;CANDIDA SORGATTO;86 anos;COLONOSCOPIA;K59;1198
463791568;15/03/2023;LORECI FERREIRA DE LARA;44 anos;TRIAGEM PARA URODINAMICA;R32;1198
463822054;15/03/2023;NESTOR ALMEIDA DE SOUZA;43 anos;CONSULTA EM CIRURGIA ORTOPEDICA - COLUNA;M511;1198
463955147;15/03/2023;MARIA AUXILIADORA MORAIS VIEIRA;64 anos;CONSULTA EM CIRURGIA ORTOPEDICA - COLUNA;M513;1198
524978202;15/03/2024;SANDOVAL TIBURCIO DOS SANTOS;47 anos;CONSULTA EM OFTALMOLOGIA - RETINOPATIA DIABETICA;H360;832
530317042;15/04/2024;ROSANGELA DE JESUS GOMES;39 anos;CONSULTA EM GINECOLOGIA - INFERTILIDADE;N971;801
595608526;15/04/2025;LUCIMARA GONCALVES NARCIZO;33 anos;CONSULTA EM NEUROFTALMOLOGIA;G70;436
595626028;15/04/2025;JOSIELI DA SILVA OLIVEIRA;33 anos;CONSULTA EM OFTALMOLOGIA - CORNEA;H186;436
662164928;15/04/2026;ALAIR SANTOS DA SILVA;32 anos;GRUPO - RESSONANCIA MAGNETICA;M541;71
662192893;15/04/2026;LUCIMAR GONCALVES MACHADO;51 anos;CONSULTA EM REUMATOLOGIA - ADULTO;M797;71
662205053;15/04/2026;FRANCISCO ALVES DE CARVALHO;79 anos;CONSULTA EM HEMATOLOGIA - GERAL;D696;71
662211000;15/04/2026;FRANCISCO ALVES DE CARVALHO;79 anos;CONSULTA EM REUMATOLOGIA - ADULTO;M32;71
662254244;15/04/2026;RAQUEL ROSA DOS SANTOS;53 anos;CONSULTA EM PEQUENA CIRURGIA ADULTO;L24;71
662387404;15/04/2026;HAYANA DE PAULA LIMA RODRIGUES;36 anos;GRUPO - RESSONANCIA MAGNETICA;M511;71
662391770;15/04/2026;JULIANO FREITAS LIMA;38 anos;GRUPO - RESSONANCIA MAGNETICA;S835;71
662394242;15/04/2026;JOSEFINA RODRIGUES;72 anos;GRUPO - RESSONANCIA MAGNETICA;M161;71
662395955;15/04/2026;JANETE VALDECI DA SILVA MAIDANO;60 anos;GRUPO - RESSONANCIA MAGNETICA;M751;71
662397364;15/04/2026;JOHN GABRIEL MOREIRA KOPP;29 anos;GRUPO - RESSONANCIA MAGNETICA;M179;71
662398754;15/04/2026;JACKSON VICENTE FERRARI;32 anos;GRUPO - RESSONANCIA MAGNETICA;K610;71
662400017;15/04/2026;JONATAS WILLIAN PINTO DE ANDRADE;32 anos;GRUPO - RESSONANCIA MAGNETICA;M233;71
662400281;15/04/2026;CIDENE DE SOUZA NERY LUIZ;55 anos;GRUPO - US DOPPLER COLORIDO DE TRES VASOS;I839;71
662402554;15/04/2026;IZIDIO ALVES DE BRITO;59 anos;GRUPO - RESSONANCIA MAGNETICA;M545;71
662403760;15/04/2026;IZAURA NERES GONCALVES;67 anos;GRUPO - RESSONANCIA MAGNETICA;M179;71
662404875;15/04/2026;HELENA MARIA BRIOCHI;57 anos;GRUPO - RESSONANCIA MAGNETICA;M179;71
662405949;15/04/2026;GLACI SOARES RODRIGUES;50 anos;GRUPO - RESSONANCIA MAGNETICA;S932;71
662408034;15/04/2026;GABRIEL ANTONIO DE SOUZA;73 anos;GRUPO - RESSONANCIA MAGNETICA;M480;71
662408876;15/04/2026;GABRIELE DA ROCHA SEGAT;35 anos;GRUPO - RESSONANCIA MAGNETICA;M751;71
662412057;15/04/2026;FRANCISCO SUEUDO DANTAS DE LIMA;51 anos;GRUPO - RESSONANCIA MAGNETICA;M22;71
662412814;15/04/2026;ELCI RODRIGUES DA ROSA;69 anos;GRUPO - RESSONANCIA MAGNETICA;M179;71
662414003;15/04/2026;EMANUELLY DE JESUS RIBEIRO DE PAULA;20 anos;GRUPO - RESSONANCIA MAGNETICA;S830;71
662414541;15/04/2026;ELISANDRA BARBOSA LOMBARDI;36 anos;GRUPO - RESSONANCIA MAGNETICA;M75;71
662415295;15/04/2026;EDSON GONCALVES DOMINGUES;41 anos;GRUPO - RESSONANCIA MAGNETICA;I638;71
473729894;15/05/2023;DONIZETE ALVES DE OLIVEIRA;57 anos;CONSULTA EM ORTOPEDIA - JOELHO;M23;1137
535821618;15/05/2024;ISABELE ALVES OLIVEIRA;18 anos;CONSULTA EM OFTALMOLOGIA - PLASTICA OCULAR;H024;771
535907756;15/05/2024;BRENO LUIZ DE SOUZA SILVA;14 anos;CONSULTA EM OFTALMOLOGIA - PLASTICA OCULAR;D310;771
600865140;15/05/2025;MARIA LIBERDADE FERREIRA GOMES;45 anos;CONSULTA EM REUMATOLOGIA - ADULTO;M797;406
667816423;15/05/2026;MARTA GONCALOS AZEVEDO;52 anos;CONSULTA EM GASTROENTEROLOGIA - GERAL;R15;41
667818593;15/05/2026;VALDIR PEDRO DA SILVA;63 anos;CONSULTA EM UROLOGIA - ANDROLOGIA;N484;41
667841041;15/05/2026;RAYELLE SOUZA VIEIRA;37 anos;CONSULTA EM REUMATOLOGIA - ADULTO;M25;41
667891361;15/05/2026;LEILIANE XAVIER RIBEIRO;33 anos;GRUPO - RESSONANCIA MAGNETICA;M54;41
667899891;15/05/2026;NILTON COSTA MARQUES;47 anos;GRUPO - RESSONANCIA MAGNETICA;M508;41
667900779;15/05/2026;NILTON COSTA MARQUES;47 anos;GRUPO - RESSONANCIA MAGNETICA;M508;41
667927429;15/05/2026;EPAMINONDAS GARCIA DE MENDONCA;97 anos;CONSULTA EM OFTALMOLOGIA - RETINA GERAL;H358;41
667929735;15/05/2026;ANGELO MAGNO PEREIRA MENDES;53 anos;GRUPO - RESSONANCIA MAGNETICA;M233;41
667931972;15/05/2026;LORRAINE CAROLINE FERNANDES OLIVEIRA DE CARVALHO;29 anos;GRUPO - RESSONANCIA MAGNETICA;M233;41
667934947;15/05/2026;LUCIANO DIAS DUARTE;33 anos;CONSULTA EM CIRURGIA PLASTICA - GERAL;S02;41
667956513;15/05/2026;MARIA AUZENIRA DA SILVA;76 anos;CAPSULOTOMIA A YAG LASER;H264;41
673296637;15/06/2026;EUGENIO FRANCO DE OLIVEIRA;72 anos;ESPIROMETRIA;J448;10
673298060;15/06/2026;EUGENIO FRANCO DE OLIVEIRA;72 anos;GRUPO - TOMOGRAFIA COMPUTADORIZADA;J448;10
673324123;15/06/2026;PAULO SANTINI;65 anos;CONSULTA EM OFTALMOLOGIA - CATARATA;H259;10
673328769;15/06/2026;ISAIAS IVAN DA SILVA SANTOS;35 anos;CONSULTA EM HEMATOLOGIA - GERAL;D57;10
673329738;15/06/2026;MARIA APARECIDA ALVES;53 anos;GRUPO - RESSONANCIA MAGNETICA;M179;10
673333277;15/06/2026;ZENY MORAES FASSINI;67 anos;CATETERISMO CARDIACO;I500;10
673403409;15/06/2026;YANNA MENDES CAMPOS;5 anos;CONSULTA EM CIRURGIA PEDIATRICA - GERAL;A630;10
673407026;15/06/2026;NELSON NEVES DA SILVA;54 anos;CONSULTA EM OFTALMOLOGIA - GLAUCOMA;H400;10
673444838;15/06/2026;PEDRO RAUL CORREA DEFANTE;1 ano;CONSULTA EM ALERGIA E IMUNOLOGIA - PEDIATRICA;D59;10
673456942;15/06/2026;MARIA DAS GRACAS RAMOS DE SOUZA;72 anos;CONSULTA EM GASTROENTEROLOGIA - GERAL;K294;10
673459358;15/06/2026;ANDERSON CARLOS DA SILVA NARCISO;41 anos;COLONOSCOPIA;D509;10
673459833;15/06/2026;ANDERSON CARLOS DA SILVA NARCISO;41 anos;ENDOSCOPIA DIGESTIVA ALTA;D509;10
673460021;15/06/2026;FERNANDO SOLOAGA DA CUNHA;40 anos;GRUPO - RESSONANCIA MAGNETICA;M751;10
673475000;15/06/2026;DIRCE MARTINS DE SOUZA;79 anos;CAPSULOTOMIA A YAG LASER;H264;10
673477716;15/06/2026;LUZIA ANTONIO DE MATOS;75 anos;CONSULTA EM OFTALMOLOGIA - GLAUCOMA;H400;10
673484514;15/06/2026;LUCELAINE DONIZETE LIMA DE OLIVEIRA AQUINO;48 anos;CONSULTA EM MASTOLOGIA - GERAL;N63;10
673487699;15/06/2026;JOSE MESSIAS DA SILVA;59 anos;CONSULTA EM NEUROCIRURGIA - GERAL;M994;10
673496845;15/06/2026;MARILENE DE SOUZA DUARTH;60 anos;GRUPO - RESSONANCIA MAGNETICA;M751;10
673505257;15/06/2026;MARTA APARECIDA SANTOS CANDIDO;59 anos;CONSULTA EM GINECOLOGIA CIRURGICA;R32;10
673515986;15/06/2026;LUIZ ANTONIO MARTINS;63 anos;CONSULTA EM NEFROLOGIA - ADULTO;N18;10
673518725;15/06/2026;JOAO RAIMUNDO DA SILVEIRA;76 anos;CONSULTA EM UROLOGIA - CIRURGICA;N40;10
673530405;15/06/2026;MARIZETE BUENO IAGUCHESKI;53 anos;GRUPO - US DOPPLER COLORIDO DE TRES VASOS;I839;10
673532164;15/06/2026;NATALIE EDUARDA RITH DA COSTA;22 anos;GRUPO - US DOPPLER COLORIDO DE TRES VASOS;I839;10
673544900;15/06/2026;FATIMA MARIA BRITES FERREIRA;60 anos;CONSULTA EM OFTALMOLOGIA - PTERIGIO;H110;10
673545149;15/06/2026;FATIMA MARIA BRITES FERREIRA;60 anos;CONSULTA EM OFTALMOLOGIA - CATARATA;H259;10
618402468;15/08/2025;MARIA APARECIDA NOVAIS;53 anos;CONSULTA EM CIRURGIA BARIATRICA OBESIDADE;E660;314
618414059;15/08/2025;LUIZ OTAVIO DE OLIVEIRA PORTO;10 anos;CONSULTA EM ORTOPEDIA - PEDIATRIA;M255;314
618416415;15/08/2025;NOEMI DOS SANTOS OLIVEIRA SOUZA;42 anos;CONSULTA EM HEMATOLOGIA - GERAL;D648;314
618436320;15/08/2025;CINTIA ALVES CARDOSO;35 anos;CONSULTA EM CIRURGIA BARIATRICA OBESIDADE;E660;314
494873588;15/09/2023;PEDRO GABRIEL GOMES DE CASTRO;4 anos;CONSULTA EM NEUROCIRURGIA - GERAL;Z00;1014
624338204;15/09/2025;ALINI GABRIELLY DE SOUZA TONETTO;19 anos;CONSULTA EM REUMATOLOGIA - ADULTO;M797;283
624473192;15/09/2025;LEIDIAMIRIA CARNEIRO DE FREITAS;33 anos;CONSULTA EM ENDOCRINOLOGIA E METABOLOGIA - ADULTO;E079;283
624475030;15/09/2025;KELY LUANA DA SILVA BRITO PEDO;44 anos;CONSULTA EM HEMATOLOGIA - GERAL;D613;283
389121061;15/10/2021;JULEMAR SCHNEIDER;43 anos;CONSULTA EM NEUROCIRURGIA - GERAL;G540;1714
630619838;15/10/2025;BRUNA DOS SANTOS PEREIRA;27 anos;CONSULTA EM CIRURGIA DE CABECA E PESCOCO - GERAL;E04;253
570440888;15/11/2024;ELISABETHA GRICELDA KLEIN;71 anos;CONSULTA EM NEUROCIRURGIA - GERAL;M541;587
641731313;15/12/2025;ELIVAN GONZAGA GONCALVES;56 anos;CONSULTA EM CIRURGIA TORACICA - GERAL;A156;192
641807692;15/12/2025;MARCIA MARTINS DA SILVA PAGANOTTI;53 anos;CONSULTA EM REUMATOLOGIA - ADULTO;M797;192
641846665;15/12/2025;IVONE FERREIRA DIONIZIO BORGES;51 anos;CONSULTA EM CIRURGIA DE CABECA E PESCOCO - GERAL;D17;192
454505055;16/01/2023;GERSON FLAVIO RODRIGUES;65 anos;CONSULTA EM OFTALMOLOGIA - PLASTICA OCULAR;H02;1256
579152484;16/01/2025;MURILO WESLEY ALVES DE SOUSA;6 anos;CONSULTA EM GENETICA MEDICA;R482;525
519555518;16/02/2024;SAMUEL SATURNINO DE SOUZA;27 anos;CONSULTA EM CIRURGIA OTORRINOLARINGOLOGIA;J342;860
651393088;16/02/2026;ANA MARIA LORENA;52 anos;CONSULTA EM CIRURGIA DE CABECA E PESCOCO - GERAL;E05;129
651395455;16/02/2026;ATEVIR PEREIRA DE SOUZA;66 anos;CONSULTA EM NEUROCIRURGIA - GERAL;M54;129
651396094;16/02/2026;JOSEANE FASSINI SOETHE;47 anos;CONSULTA EM GASTROENTEROLOGIA - GERAL;K30;129
651401841;16/02/2026;JOANA DOMINGOS DE SOUZA;69 anos;CONSULTA EM OFTALMOLOGIA - RETINA GERAL;H360;129
651403497;16/02/2026;WALDECY REGIA DA SILVA BRAGA;67 anos;GRUPO - US DOPPLER COLORIDO DE TRES VASOS;I829;129
464149623;16/03/2023;LUIS FERNANDO PEREIRA PINTO;8 anos;CONSULTA EM NEUROLOGIA - PEDIATRIA;F98;1197
656568466;16/03/2026;JULIA FERNANDES MACEDO;10 anos;CONSULTA EM OFTALMOLOGIA - PLASTICA OCULAR;H049;101
595974321;16/04/2025;APARECIDA COELHO DE LIMA SILVA;55 anos;CONSULTA EM REUMATOLOGIA - ADULTO;M34;435
596063570;16/04/2025;ADRIANO DE PAULO NOLASCO;34 anos;CONSULTA EM NEUROCIRURGIA - GERAL;M541;435
662442201;16/04/2026;ADILSON MONTEIRO DOS SANTOS;34 anos;GRUPO - RESSONANCIA MAGNETICA;M545;70
662448974;16/04/2026;ANA MARIA RODRIGUES DA ROSA;49 anos;GRUPO - RESSONANCIA MAGNETICA;M501;70
662450513;16/04/2026;ALBERTO CARLOS STRITAR;60 anos;GRUPO - RESSONANCIA MAGNETICA;M508;70
662452252;16/04/2026;ANGELA RODRIGUES PORTO;41 anos;GRUPO - RESSONANCIA MAGNETICA;M54;70
662453319;16/04/2026;FATIMA DE LOURDES PRADO CARVALHO;52 anos;CONSULTA EM REUMATOLOGIA - ADULTO;M797;70
662455619;16/04/2026;ANGELICA SOUZA DA SILVA;37 anos;GRUPO - RESSONANCIA MAGNETICA;M751;70
662457613;16/04/2026;ANDRESSA CRISTINA DELGADO MACHADO;37 anos;GRUPO - RESSONANCIA MAGNETICA;M545;70
662464074;16/04/2026;LOIDE LEME;50 anos;CONSULTA EM NEUROCIRURGIA - GERAL;M544;70
662465019;16/04/2026;ACIONE BENITES DE OLIVEIRA;54 anos;GRUPO - RESSONANCIA MAGNETICA;M431;70
662467499;16/04/2026;ANA MARIA VAZ VIEIRA;68 anos;GRUPO - RESSONANCIA MAGNETICA;M751;70
662472548;16/04/2026;AFONSO APARECIDO CALVES LOPES;65 anos;GRUPO - RESSONANCIA MAGNETICA;M751;70
662474283;16/04/2026;ANGELA MARIA DE SOUZA;56 anos;GRUPO - RESSONANCIA MAGNETICA;M545;70
662476565;16/04/2026;ADEMIR DA SILVA MARTINS;32 anos;GRUPO - RESSONANCIA MAGNETICA;G572;70
662479054;16/04/2026;ALEXSANDRO APARECIDO DA SILVA;49 anos;GRUPO - RESSONANCIA MAGNETICA;M766;70
662480894;16/04/2026;ALEXSANDRO APARECIDO DA SILVA;49 anos;GRUPO - RESSONANCIA MAGNETICA;M545;70
662483019;16/04/2026;ANTONIO DE OLIVEIRA;59 anos;GRUPO - RESSONANCIA MAGNETICA;M751;70
662484588;16/04/2026;ADAIR MARIO SOCCOL;60 anos;GRUPO - RESSONANCIA MAGNETICA;M751;70
662502635;16/04/2026;ANA LUCIA DA SILVA ALENCAR;47 anos;GRUPO - RESSONANCIA MAGNETICA;M545;70
662505806;16/04/2026;ANTERO VIEIRA DA SILVA;62 anos;GRUPO - RESSONANCIA MAGNETICA;M179;70
662508957;16/04/2026;AYRTON BALBINO;58 anos;GRUPO - RESSONANCIA MAGNETICA;M542;70
662517477;16/04/2026;AURIVANIA DOS SANTOS PEREIRA SILVA;46 anos;GRUPO - RESSONANCIA MAGNETICA;M751;70
662518381;16/04/2026;JULIA RAMOS DA SILVA;10 anos;CONSULTA EM OFTALMOLOGIA - ESTRABISMO;H500;70
662522725;16/04/2026;APARECIDO RODRIGUES DA CUNHA;62 anos;GRUPO - RESSONANCIA MAGNETICA;M431;70
662525452;16/04/2026;APARECIDA LUIZ;54 anos;GRUPO - RESSONANCIA MAGNETICA;M545;70
662531490;16/04/2026;ARTHUR SAMUEL REBESCHINI PADILHA;4 anos;GRUPO - RESSONANCIA MAGNETICA;F80;70
662533118;16/04/2026;ADEMILSON INACIO DE OLIVEIRA;66 anos;GRUPO - RESSONANCIA MAGNETICA;M179;70
662535137;16/04/2026;ANA GABRIELI ROGIANO FRANCA;28 anos;GRUPO - RESSONANCIA MAGNETICA;S834;70
662538283;16/04/2026;ALDEMIR SOARES DA SILVA;51 anos;GRUPO - RESSONANCIA MAGNETICA;M545;70
662541494;16/04/2026;ANA CAROLINY DAMASCENO REIS;31 anos;GRUPO - RESSONANCIA MAGNETICA;S922;70
662549656;16/04/2026;ANTONIO DE OLIVEIRA VIEIRA;43 anos;GRUPO - RESSONANCIA MAGNETICA;R51;70
662551253;16/04/2026;ADRILENE DUTRA DOS SANTOS;34 anos;GRUPO - RESSONANCIA MAGNETICA;M545;70
662552981;16/04/2026;AUDRIA RIBEIRO RODRIGUES;52 anos;GRUPO - RESSONANCIA MAGNETICA;M54;70
662557476;16/04/2026;ANA ALICE DOS SANTOS DE OLIVEIRA;74 anos;GRUPO - RESSONANCIA MAGNETICA;M179;70
662558923;16/04/2026;APARECIDO ALVES DE SOUZA;41 anos;GRUPO - RESSONANCIA MAGNETICA;M545;70
662560211;16/04/2026;APARECIDO ALVES DE SOUZA;41 anos;GRUPO - RESSONANCIA MAGNETICA;M545;70
662561177;16/04/2026;ALBERTO CARLOS STRITAR;60 anos;GRUPO - RESSONANCIA MAGNETICA;M511;70
662561295;16/04/2026;ELAINE FINGER;45 anos;CONSULTA EM OFTALMOLOGIA - UVEITE;H301;70
662565009;16/04/2026;BRUNA DA SILVA;30 anos;GRUPO - RESSONANCIA MAGNETICA;M544;70
662566149;16/04/2026;BRUNO DE AVILA RODRIGUES;31 anos;GRUPO - RESSONANCIA MAGNETICA;M54;70
662567255;16/04/2026;BASILICIO RAMIREZ CESPEDES;50 anos;GRUPO - RESSONANCIA MAGNETICA;S835;70
662568338;16/04/2026;BENEDITO DIAS;60 anos;GRUPO - RESSONANCIA MAGNETICA;S460;70
662611856;16/04/2026;BARBARA LIMA DE SOUZA CARVALHO;3 anos;GRUPO - RESSONANCIA MAGNETICA;F700;70
662614899;16/04/2026;ACIONE BENITES DE OLIVEIRA;54 anos;GRUPO - RESSONANCIA MAGNETICA;M431;70
662648742;16/04/2026;EDIVANJA BORGES XAVIER DA MATA;43 anos;GRUPO - RESSONANCIA MAGNETICA;M513;70
662652994;16/04/2026;ELZIR MEURER;63 anos;GRUPO - RESSONANCIA MAGNETICA;M751;70
662654817;16/04/2026;JOAO FELIPE ALVES DE SOUSA;5 anos;CONSULTA EM OFTALMOLOGIA - PLASTICA OCULAR;H02;70
662659336;16/04/2026;EDILENE ALFREDO ANDRADE;44 anos;GRUPO - RESSONANCIA MAGNETICA;R10;70
662664706;16/04/2026;ELIZARDO SANCHEZ ORTIZ;58 anos;GRUPO - RESSONANCIA MAGNETICA;M545;70
662666889;16/04/2026;MARIA VALDENEIDE DE OLIVEIRA;67 anos;GRUPO - TOMOGRAFIA COMPUTADORIZADA;J448;70
662668028;16/04/2026;EPAMINONDAS GARCIA TERRA;63 anos;GRUPO - RESSONANCIA MAGNETICA;M751;70
662674442;16/04/2026;EZIA DE ALMEIDA MARTINS;43 anos;GRUPO - RESSONANCIA MAGNETICA;M232;70
662679001;16/04/2026;MADALENA FERNANDES DE LIMA;69 anos;CONSULTA EM CIRURGIA ORTOPEDICA-QUADRIL;M166;70
662679362;16/04/2026;ERICK FURST LIMA;4 anos;GRUPO - RESSONANCIA MAGNETICA;F808;70
662682286;16/04/2026;ENZO GUTOSKI;76 anos;GRUPO - RESSONANCIA MAGNETICA;M994;70
662684745;16/04/2026;ELIODORA GONCALVES;67 anos;GRUPO - RESSONANCIA MAGNETICA;M179;70
662686556;16/04/2026;DIOGO DE SOUZA GONCALVES;16 anos;CONSULTA EM ENDOCRINOLOGIA E METABOLOGIA - ADULTO;E039;70
662686808;16/04/2026;DOUGLAS SIQUEIRA BRAUNER;31 anos;GRUPO - RESSONANCIA MAGNETICA;S835;70
662688560;16/04/2026;DANILO MATEUS ALVES;27 anos;GRUPO - RESSONANCIA MAGNETICA;M545;70
601265298;16/05/2025;IRYS BEATRIZ DE OLIVEIRA BARRETO;7 anos;CONSULTA EM ORTOPEDIA - PEDIATRIA;G82;405
601276570;16/05/2025;CLARA MARIA ESPIRITO SANTO DA SILVA;16 anos;CONSULTA EM OFTALMOLOGIA - CORNEA;H185;405
601295908;16/05/2025;FRANKLIN SALES DE FREITAS;81 anos;CONSULTA EM OFTALMOLOGIA - PLASTICA OCULAR;H020;405
479263822;16/06/2023;RAHEL CARVALHO;30 anos;CONSULTA EM NEUROCIRURGIA - GERAL;M541;1105
673586734;16/06/2026;ISDAEL MENDES DO NASCIMENTO;55 anos;CONSULTA EM NEUROCIRURGIA - GERAL;M169;9
673602019;16/06/2026;JOSE ALBINO PREVIATTI;64 anos;COLONOSCOPIA;K63;9
673631433;16/06/2026;ALEXANDRE GARCIA;79 anos;CONSULTA EM OFTALMOLOGIA - CATARATA;H259;9
673650326;16/06/2026;OLGA ROSALBA LOPEZ MEDINA;45 anos;CONSULTA EM GINECOLOGIA - PATOLOGIA CERVICAL;N879;9
673699036;16/06/2026;CARLOS XIMENES DE OLIVEIRA;49 anos;CONSULTA EM OFTALMOLOGIA - CORNEA;H178;9
673744006;16/06/2026;ROSALINA VILELA GOMES DOS SANTOS;52 anos;CONSULTA EM UROLOGIA - CIRURGICA;N20;9
673745154;16/06/2026;ANTONIA CLEIDE MARCAL DE OLIVEIRA;62 anos;CONSULTA EM ENDOCRINOLOGIA E METABOLOGIA - ADULTO;E039;9
673749901;16/06/2026;ANTONIA CLEIDE MARCAL DE OLIVEIRA;62 anos;COLONOSCOPIA;R634;9
673773058;16/06/2026;CARLA ARAUJO SANTOS;27 anos;ENDOSCOPIA DIGESTIVA ALTA;K29;9
673798283;16/06/2026;EDSON DA SILVA OLIVEIRA;38 anos;CONSULTA EM GASTROENTEROLOGIA - GERAL;K20;9
673805391;16/06/2026;FERNANDES CARLOS DE LIMA;66 anos;ENDOSCOPIA DIGESTIVA ALTA;K297;9
673807445;16/06/2026;FRANCISCA MAZZETTI ANTONIO;67 anos;ENDOSCOPIA DIGESTIVA ALTA;K297;9
673823852;16/06/2026;JULIO RENI DA SILVA;61 anos;ENDOSCOPIA DIGESTIVA ALTA;Z000;9
673828470;16/06/2026;EVALDO FRANCISCO DOS SANTOS;51 anos;GRUPO - RESSONANCIA MAGNETICA;I99;9
673829148;16/06/2026;EVALDO FRANCISCO DOS SANTOS;51 anos;GRUPO - ELETRONEUROMIOGRAFIA;I99;9
673829399;16/06/2026;EVALDO FRANCISCO DOS SANTOS;51 anos;GRUPO - ELETRONEUROMIOGRAFIA;I99;9
673830456;16/06/2026;ANE VITORIA COUTINHO BERNARDO;13 anos;CONSULTA EM OFTALMOLOGIA - GLAUCOMA;H400;9
673831112;16/06/2026;CELIA MARTINS DA SILVA CHRUN;50 anos;CONSULTA EM OFTALMOLOGIA - PTERIGIO;H110;9
673831953;16/06/2026;RENATA DIAS SOBRINHO;34 anos;GRUPO - RESSONANCIA MAGNETICA;M545;9
673832725;16/06/2026;SALETE SANTOS DE OLIVEIRA;59 anos;CONSULTA EM OFTALMOLOGIA - CATARATA;H259;9
673833277;16/06/2026;MARIA DA PENHA RIBEIRO;73 anos;CONSULTA EM OFTALMOLOGIA - CATARATA;H259;9
673833819;16/06/2026;ANA VILELA DOS SANTOS DA SILVA;29 anos;ENDOSCOPIA DIGESTIVA ALTA;K21;9
673833989;16/06/2026;LUIZ FERNANDO VIEIRA DA SILVA;22 anos;COLONOSCOPIA;K922;9
673834465;16/06/2026;LUZIA TEIXEIRA DOS SANTOS DA CRUZ;57 anos;CAPSULOTOMIA A YAG LASER;H264;9
673835398;16/06/2026;DAVID ANTONIO FERREIRA DE OLIVEIRA;66 anos;CONSULTA EM OFTALMOLOGIA - CATARATA;H259;9
673835473;16/06/2026;CAMILLY DE OLIVEIRA COELHO DALL AQUA;14 anos;GRUPO - TOMOGRAFIA COMPUTADORIZADA;S800;9
673835574;16/06/2026;DAVID ANTONIO FERREIRA DE OLIVEIRA;66 anos;CAPSULOTOMIA A YAG LASER;H264;9
612748292;16/07/2025;CAIO ANDRADE ARAUJO;1 ano;CONSULTA EM UROLOGIA - PEDIATRICA;Q54;344
612750855;16/07/2025;INACIO DIAS DA ROCHA;89 anos;CONSULTA EM ENDOCRINOLOGIA E METABOLOGIA - ADULTO;E03;344
385068582;16/09/2021;SOLANGE APARECIDA DE ALMEIDA;61 anos;CONSULTA EM NEUROCIRURGIA - GERAL;M511;1743
437463675;16/09/2022;LORENZO DE SOUZA FALCAO;9 anos;CONSULTA EM GENETICA MEDICA;G802;1378
624535827;16/09/2025;ELIZANGELA DA SILVA ARRUDA;47 anos;CONSULTA EM ENDOCRINOLOGIA E METABOLOGIA - ADULTO;E078;282
624691053;16/09/2025;PAULA MOREIRA SOUZA PERGENTINO;41 anos;CONSULTA EM ENDOCRINOLOGIA E METABOLOGIA - ADULTO;E669;282
624698143;16/09/2025;JOSEFA DA SILVA;60 anos;CONSULTA EM ENDOCRINOLOGIA E METABOLOGIA - ADULTO;E01;282
624702528;16/09/2025;EVANDRO CARLOS NEILS;49 anos;CONSULTA EM ENDOCRINOLOGIA E METABOLOGIA - ADULTO;E049;282
624706621;16/09/2025;EZIA DE ALMEIDA MARTINS;43 anos;CONSULTA EM ENDOCRINOLOGIA E METABOLOGIA - ADULTO;E059;282
564794591;16/10/2024;MARIA ZELIA FERREIRA OLIVEIRA ALVES;65 anos;CONSULTA EM NEUROCIRURGIA - GERAL;M541;617
564856708;16/10/2024;THOMAS VINICIUS MARTINS SOARES;12 anos;CONSULTA EM ORTOPEDIA - PEDIATRIA;Q66;617
564955023;16/10/2024;DIRCE APARECIDA DA CUNHA DA SILVA;71 anos;CONSULTA EM NEUROCIRURGIA - GERAL;M545;617
564994271;16/10/2024;MARCOS ANTONIO DE CARVALHO ROCHA;64 anos;CONSULTA EM NEUROCIRURGIA - GERAL;G912;617
630677292;16/10/2025;MARILHA AZEVEDO DE SOUZA;53 anos;CONSULTA EM REUMATOLOGIA - ADULTO;R522;252
630709280;16/10/2025;VITALINA FATIMA DA SILVA PIRES;61 anos;CONSULTA EM CIRURGIA GERAL - ADULTO;K808;252
630760004;16/10/2025;SIRLEI ALVES CAMPOS;44 anos;CONSULTA EM ENDOCRINOLOGIA E METABOLOGIA - ADULTO;E07;252
630779295;16/10/2025;EDUARDO HENRIQUE OLIVEIRA SANTOS;20 anos;CONSULTA EM GENETICA MEDICA;Q923;252
505270739;16/11/2023;MANOEL PEREIRA FRANCA;81 anos;ECOCARDIOGRAFIA TRANSESOFAGICA;I50;952
641924706;16/12/2025;GUSTAVO DANIEL HELMICH SCHULZ;5 anos;CONSULTA EM NEUROCIRURGIA - GERAL;D33;191
641973338;16/12/2025;SILMARA BELLINELLO SAKAMOTO;62 anos;CONSULTA EM ENDOCRINOLOGIA - PACIENTES DIABETICOS;E10;191
642096891;16/12/2025;PAULO AFONSO DIAS GASPAR;12 anos;CONSULTA EM GASTROENTEROLOGIA - PEDIATRIA;K90;191
579419493;17/01/2025;ILIANE DE FATIMA SANTANA;50 anos;CONSULTA EM GASTROENTEROLOGIA - GERAL;K635;524
579450872;17/01/2025;ISIS HELENA PINHEIRO RODRIGUES;1 ano;CONSULTA EM NEUROLOGIA - PEDIATRIA;Q759;524
585044335;17/02/2025;IVONE HELENA CZIZEWSKI;62 anos;CONSULTA EM NEUROCIRURGIA - GERAL;I694;493
656861261;17/03/2026;MAIRA EDUARDA CAVANHA GONCALVES;24 anos;CONSULTA EM NEUROLOGIA - ADULTO;G43;100
656872664;17/03/2026;ALICE MARIA JOHANN;71 anos;GRUPO - US DOPPLER COLORIDO DE TRES VASOS;I839;100
656877714;17/03/2026;MARIA ANDRADE DE OLIVEIRA;47 anos;GRUPO - US DOPPLER COLORIDO DE TRES VASOS;I839;100
656885935;17/03/2026;DIONE RAFAEL DE ANDRADE;58 anos;CONSULTA EM ENDOCRINOLOGIA E METABOLOGIA - ADULTO;E06;100
197325019;17/04/2017;ROSENI DA SILVA GOMES;63 anos;CONSULTA EM ORTOPEDIA ADULTO;M543;3356
662721060;17/04/2026;CARLIANE MATOS DOS REIS;38 anos;GRUPO - RESSONANCIA MAGNETICA;N80;69
662722361;17/04/2026;CRISTIANE MEIRE DA SILVA OLIVEIRA;46 anos;GRUPO - RESSONANCIA MAGNETICA;N80;69
662724386;17/04/2026;CARLOS ALBERTO SERRANO SOTO;61 anos;GRUPO - RESSONANCIA MAGNETICA;M544;69
662725406;17/04/2026;CLAUDINES ALMEIDA DE SOUZA;47 anos;GRUPO - RESSONANCIA MAGNETICA;M23;69
662726802;17/04/2026;CLARICE LUIZ DE OLIVEIRA FRANCO;47 anos;GRUPO - RESSONANCIA MAGNETICA;M753;69
662728580;17/04/2026;CRISTIANE NASCIMENTO SANTOS SOUZA;41 anos;GRUPO - RESSONANCIA MAGNETICA;M25;69
662731041;17/04/2026;CRISTIANE NASCIMENTO SANTOS SOUZA;41 anos;GRUPO - RESSONANCIA MAGNETICA;M545;69
662733630;17/04/2026;CLARICE DOS SANTOS OLIVEIRA;54 anos;GRUPO - RESSONANCIA MAGNETICA;M431;69
662735186;17/04/2026;CICERO VASCONCELOS DE ARAUJO;49 anos;GRUPO - RESSONANCIA MAGNETICA;N39;69
662737726;17/04/2026;CACILDO DA SILVA CORREA;58 anos;GRUPO - RESSONANCIA MAGNETICA;M542;69
662739401;17/04/2026;CACILDO DA SILVA CORREA;58 anos;GRUPO - RESSONANCIA MAGNETICA;M545;69
662749273;17/04/2026;CLEVERSON RODRIGUES DOS SANTOS;36 anos;GRUPO - RESSONANCIA MAGNETICA;M233;69
662750571;17/04/2026;CLEUSA CARVALHO DE OLIVEIRA;67 anos;GRUPO - RESSONANCIA MAGNETICA;M545;69
662752107;17/04/2026;CARMELINA VIRGINIA MURRO;80 anos;GRUPO - RESSONANCIA MAGNETICA;M544;69
662754321;17/04/2026;CLAUDETE PAULINO;63 anos;GRUPO - RESSONANCIA MAGNETICA;M179;69
662756324;17/04/2026;CRISTIANE LOURENCO DOS SANTOS;47 anos;GRUPO - RESSONANCIA MAGNETICA;M765;69
662758236;17/04/2026;CAROLINA NOGUEIRA DE ARAUJO;22 anos;GRUPO - RESSONANCIA MAGNETICA;S830;69
662760469;17/04/2026;CESAR DOS SANTOS;49 anos;GRUPO - RESSONANCIA MAGNETICA;N40;69
662762068;17/04/2026;CLAITON ROGERIO HENRIQUES;52 anos;GRUPO - RESSONANCIA MAGNETICA;M511;69
662762738;17/04/2026;MARIA LUIZA LORENA;61 anos;CONSULTA EM CARDIOLOGIA - MARCAPASSO;Z950;69
662764043;17/04/2026;CLAITON ROGERIO HENRIQUES;52 anos;GRUPO - RESSONANCIA MAGNETICA;M511;69
662766321;17/04/2026;CARLA FERNANDA DA SILVA DOS SANTOS;44 anos;GRUPO - RESSONANCIA MAGNETICA;M233;69
662767873;17/04/2026;CARLA FERNANDA DA SILVA DOS SANTOS;44 anos;GRUPO - RESSONANCIA MAGNETICA;M542;69
662769645;17/04/2026;CELMA APARECIDA FERREIRA;64 anos;GRUPO - RESSONANCIA MAGNETICA;M545;69
662771320;17/04/2026;CARLA ADRIANA ALVES VASQUES;45 anos;GRUPO - RESSONANCIA MAGNETICA;M179;69
662779317;17/04/2026;CLAUDIA LUIZA MORAIS LEITE DE PAULO;51 anos;GRUPO - RESSONANCIA MAGNETICA;M511;69
662781657;17/04/2026;CREUZA PEREIRA DA SILVA NASCIMENTO;56 anos;GRUPO - RESSONANCIA MAGNETICA;M179;69
662784130;17/04/2026;CATARINA ALMEIDA ORMOND;52 anos;GRUPO - RESSONANCIA MAGNETICA;M255;69
662786839;17/04/2026;DARLENE FATIMA BOMBARDA PEREIRA;40 anos;GRUPO - RESSONANCIA MAGNETICA;M513;69
662788348;17/04/2026;DIEGO SALES BIANO;26 anos;GRUPO - RESSONANCIA MAGNETICA;M199;69
662793270;17/04/2026;DIONIS DA PENHA CARVALHO;38 anos;GRUPO - RESSONANCIA MAGNETICA;M199;69
662794814;17/04/2026;DAVID CERVIERI;64 anos;GRUPO - RESSONANCIA MAGNETICA;M751;69
662797331;17/04/2026;DANIEL ROCHA DE OLIVEIRA;24 anos;GRUPO - RESSONANCIA MAGNETICA;S602;69
662807047;17/04/2026;DENISE AMORIM BLOS;44 anos;GRUPO - RESSONANCIA MAGNETICA;Z014;69
662808675;17/04/2026;DONILDE SALETE PINHEIRO CARDOSO;63 anos;GRUPO - RESSONANCIA MAGNETICA;M545;69
662810319;17/04/2026;DOUGLAS DOS SANTOS;29 anos;GRUPO - RESSONANCIA MAGNETICA;S835;69
662818759;17/04/2026;ELISABETE PRESTES LOUREIRO;56 anos;GRUPO - RESSONANCIA MAGNETICA;S836;69
662820315;17/04/2026;ELENILDE OLIVEIRA DOS SANTOS;49 anos;GRUPO - RESSONANCIA MAGNETICA;M545;69
662883998;17/04/2026;VILMAR DICKER;62 anos;CATETERISMO CARDIACO;I251;69
662886268;17/04/2026;EDNA SILVEIRA LINA FERREIRA;56 anos;CONSULTA EM CIRURGIA GERAL - ADULTO;K460;69
662888124;17/04/2026;EDILEUZA GONZAGA DIAS;50 anos;GRUPO - RESSONANCIA MAGNETICA;M511;69
662889804;17/04/2026;ELICIOMAR DE JESUS DA SILVA;43 anos;GRUPO - RESSONANCIA MAGNETICA;M233;69
662893090;17/04/2026;ELIZABETH VITORIA SANTOS DE PAULA;8 anos;GRUPO - RESSONANCIA MAGNETICA;E230;69
662895240;17/04/2026;ELIANE ALVES DA SILVA;49 anos;GRUPO - RESSONANCIA MAGNETICA;M511;69
662896531;17/04/2026;ESTELINA EVA DE MELO SANTANA;57 anos;GRUPO - RESSONANCIA MAGNETICA;M545;69
662899108;17/04/2026;ESTELINA EVA DE MELO SANTANA;57 anos;GRUPO - RESSONANCIA MAGNETICA;M545;69
662901096;17/04/2026;ANA CAROLINA GOMES DA SILVA;18 anos;CONSULTA EM OFTALMOLOGIA - CORNEA;H186;69
662901237;17/04/2026;ESTELINA EVA DE MELO SANTANA;57 anos;GRUPO - RESSONANCIA MAGNETICA;M545;69
662902264;17/04/2026;BEATRIZ DA SILVA ESTEVAO;25 anos;CONSULTA EM OFTALMOLOGIA - CATARATA;H26;69
662903000;17/04/2026;EVA MARIA GIACOMINI;67 anos;GRUPO - RESSONANCIA MAGNETICA;M23;69
662907266;17/04/2026;EVA MARIA GIACOMINI;67 anos;GRUPO - RESSONANCIA MAGNETICA;M774;69
662908629;17/04/2026;ELIANA FATIMA DOS SANTOS PINHEIRO SOCCOL;61 anos;GRUPO - RESSONANCIA MAGNETICA;M545;69
662910535;17/04/2026;EULINA GOMES DA SILVA;53 anos;GRUPO - RESSONANCIA MAGNETICA;M751;69
662911192;17/04/2026;GEOVANA RIBEIRO DA SILVA;57 anos;GRUPO - US DOPPLER COLORIDO DE TRES VASOS;I839;69
662912603;17/04/2026;GEOVANA RIBEIRO DA SILVA;57 anos;GRUPO - US DOPPLER COLORIDO DE TRES VASOS;I839;69
662914193;17/04/2026;ERIOVALDO TALAVEIRA;57 anos;GRUPO - RESSONANCIA MAGNETICA;M751;69
662915537;17/04/2026;EDILENE CRISTIANE DE SOUZA;34 anos;GRUPO - RESSONANCIA MAGNETICA;M751;69
662917061;17/04/2026;EUGENIO FRANCO DE OLIVEIRA;72 anos;GRUPO - RESSONANCIA MAGNETICA;M751;69
662921531;17/04/2026;FRANCISCA DA SILVA OLIVEIRA;65 anos;GRUPO - RESSONANCIA MAGNETICA;M545;69
662922676;17/04/2026;FRANCISCA MARIA DE OLIVEIRA;69 anos;GRUPO - RESSONANCIA MAGNETICA;M994;69
662925286;17/04/2026;FRANCISCO PEREIRA DA CUNHA;50 anos;GRUPO - RESSONANCIA MAGNETICA;M751;69
662927822;17/04/2026;FABIANA FAVERSSIANI FERREIRA;45 anos;GRUPO - RESSONANCIA MAGNETICA;M54;69
662931670;17/04/2026;FABIO LUIS SACHETT;55 anos;GRUPO - RESSONANCIA MAGNETICA;M511;69
662936261;17/04/2026;GERALDO SERGIO DE OLIVEIRA;59 anos;GRUPO - RESSONANCIA MAGNETICA;M545;69
662936919;17/04/2026;GENECI SILVEIRA NOLASCO DA SILVA;55 anos;GRUPO - RESSONANCIA MAGNETICA;M179;69
662938927;17/04/2026;GERCILDA SOARES FIGUEIREDO DOS SANTOS;72 anos;GRUPO - RESSONANCIA MAGNETICA;K802;69
662939491;17/04/2026;GENESIO DE SOUZA DUARTH;61 anos;GRUPO - RESSONANCIA MAGNETICA;M545;69
662939954;17/04/2026;GEOVANE ALMADA DIAS;28 anos;GRUPO - RESSONANCIA MAGNETICA;M233;69
662940386;17/04/2026;GENOIR DE BORTOLI;54 anos;GRUPO - RESSONANCIA MAGNETICA;M241;69
662940882;17/04/2026;GUILHERME PEREIRA;20 anos;GRUPO - RESSONANCIA MAGNETICA;M546;69
662941343;17/04/2026;GRAZIELA TERZETTI;49 anos;GRUPO - RESSONANCIA MAGNETICA;M542;69
662941852;17/04/2026;HELIO DARCI PLETSCH;70 anos;GRUPO - RESSONANCIA MAGNETICA;G20;69
662942243;17/04/2026;HELOISA FERREIRA PAULINO;17 anos;GRUPO - RESSONANCIA MAGNETICA;S832;69
662942642;17/04/2026;HILDEBRANDO TALAVEIRA;66 anos;GRUPO - RESSONANCIA MAGNETICA;S835;69
662943119;17/04/2026;IRANI GONCALVES DIAS;60 anos;GRUPO - RESSONANCIA MAGNETICA;M545;69
662943608;17/04/2026;INES PEREIRA DOS SANTOS;62 anos;GRUPO - RESSONANCIA MAGNETICA;S832;69
662943998;17/04/2026;ILMA ONEIDE GOLIN NESELLO;64 anos;GRUPO - RESSONANCIA MAGNETICA;M544;69
474213858;17/05/2023;MARCIA LUCIANA ALVES;47 anos;CONSULTA EM OFTALMOLOGIA - ESTRABISMO;H509;1135
474228056;17/05/2023;FABRICIO PADILHA DE OLIVEIRA;32 anos;CONSULTA EM NEUROCIRURGIA - GERAL;F919;1135
536226436;17/05/2024;MARLEI VIEIRA DE SOUZA;60 anos;CONSULTA EM NEUROCIRURGIA - GERAL;M511;769
607434405;17/06/2025;FRANCISCO FERREIRA BARBOZA;56 anos;CONSULTA EM NEUROCIRURGIA - GERAL;G54;373
673872499;17/06/2026;MURILO WESLEY ALVES DE SOUSA;6 anos;CONSULTA EM OFTALMOLOGIA - ESTRABISMO;H509;8
673879397;17/06/2026;MARCOS VINICIUS LOPES BEZERRA;30 anos;GRUPO - TOMOGRAFIA COMPUTADORIZADA;H200;8
673881182;17/06/2026;MARIA OLCENIR DO NASCIMENTO;48 anos;CONSULTA EM MASTOLOGIA - GERAL;N63;8
673898099;17/06/2026;CLEUSA DE OLIVEIRA DA CONCEICAO;50 anos;ESPIROMETRIA;J448;8
673907918;17/06/2026;JOAO EDUARDO ROA CASSIANO FORTTI VIEIRA;2 anos;CONSULTA EM NEUROLOGIA - PEDIATRIA;F840;8
673938406;17/06/2026;PATRICIA DAS GRACAS DE OLIVEIRA;32 anos;CONSULTA EM PEQUENA CIRURGIA ADULTO;L400;8
673946246;17/06/2026;JOSE SANTO DOS REIS;53 anos;CONSULTA EM NEFROLOGIA - ADULTO;R944;8
673986848;17/06/2026;ALICE MARIA JOHANN;71 anos;GRUPO - TOMOGRAFIA COMPUTADORIZADA;S060;8
673988740;17/06/2026;MARGARIDA RODRIGUES LIMA;66 anos;ESPIROMETRIA;J45;8
674031191;17/06/2026;MARCOS ANTONIO DA CRUZ;49 anos;ENDOSCOPIA DIGESTIVA ALTA;K297;8
674036404;17/06/2026;MARIA AUXILIADORA FERNANDES DE OLIVEIRA;55 anos;ENDOSCOPIA DIGESTIVA ALTA;K21;8
674070361;17/06/2026;JOSE SALOMAO SOARES;4 anos;CONSULTA EM GASTROENTEROLOGIA - PEDIATRIA;R104;8
674073769;17/06/2026;CARLA FERNANDA DA SILVA DOS SANTOS;44 anos;ESPIROMETRIA;J450;8
674073828;17/06/2026;PAULO RICARDO ALMEIDA NASCIMENTO;39 anos;ENDOSCOPIA DIGESTIVA ALTA;K29;8
674077515;17/06/2026;MARIA ALVES GOMES;64 anos;ESPIROMETRIA;J448;8
674077966;17/06/2026;MARIA ALVES GOMES;64 anos;GRUPO - TOMOGRAFIA COMPUTADORIZADA;J448;8
674082771;17/06/2026;ROSANE MARIA FRUET THOME LOBAS;64 anos;ENDOSCOPIA DIGESTIVA ALTA;K297;8
674083608;17/06/2026;ANTONIO BARBOZA DE SOUZA;71 anos;CONSULTA EM OFTALMOLOGIA - CATARATA;H259;8
674084709;17/06/2026;LUZANIRA PEREIRA DOS SANTOS;50 anos;CONSULTA EM REUMATOLOGIA - ADULTO;M797;8
674085400;17/06/2026;ANTONIO BARBOZA DE SOUZA;71 anos;CONSULTA EM OFTALMOLOGIA - PTERIGIO;H110;8
674086346;17/06/2026;MARCELO DA SILVA;40 anos;CONSULTA EM OFTALMOLOGIA - PTERIGIO;H110;8
674088332;17/06/2026;DIVA ALVES DOMINGUES;63 anos;GRUPO - RESSONANCIA MAGNETICA;M994;8
674096389;17/06/2026;VALTER HENRIQUE DA SILVA BRANDAO;26 anos;ENDOSCOPIA DIGESTIVA ALTA;K219;8
674096607;17/06/2026;ROBERTO DUTRA;55 anos;CONSULTA EM HEMATOLOGIA - GERAL;D696;8
674098353;17/06/2026;MARIA DE LOURDES COSTRO OLIVEIRA;82 anos;CONSULTA EM NEUROCIRURGIA - GERAL;G060;8
547192201;17/07/2024;MARIA EUNICE DA SILVA;60 anos;CONSULTA EM ENDOCRINOLOGIA E METABOLOGIA - ADULTO;E07;708
547203414;17/07/2024;NILSON LELIS GONCALVES;61 anos;CONSULTA EM OFTALMOLOGIA - RETINOPATIA DIABETICA;H360;708
612937889;17/07/2025;MARTINHO ALVES DE MORAES;59 anos;CONSULTA EM NEUROCIRURGIA - GERAL;M510;343
489870348;17/08/2023;RAFAELA SILVINO COSTA;15 anos;CONSULTA EM ORTOPEDIA - PEDIATRIA;Q652;1043
559332538;17/09/2024;ABIMAEL GOMES DE LIMA;73 anos;CONSULTA EM CIRURGIA GERAL - ADULTO;Z00;646
625043492;17/09/2025;SEBASTIAO BARBOSA DE ARRUDA NETO;58 anos;CONSULTA EM NEUROCIRURGIA - GERAL;M501;281
565232637;17/10/2024;MARIA ROSELY MARTINS;59 anos;CONSULTA EM NEUROCIRURGIA - GERAL;M511;616
631044488;17/10/2025;ROSA CONCEICAO LUIZ PEREIRA;52 anos;CATETERISMO CARDIACO;I209;251
631051461;17/10/2025;ANA PAULA SOUZA DA SILVA MAGALHAES;30 anos;CONSULTA EM CIRURGIA PLASTICA - GERAL;Q17;251
631157055;17/10/2025;PATRICIO VIEIRA DE FREITAS;60 anos;CONSULTA EM UROLOGIA - CIRURGICA;N40;251
636938315;17/11/2025;HILDA MARIA SOUZA DA SILVA;73 anos;GRUPO - US DOPPLER COLORIDO DE TRES VASOS;I839;220
642145696;17/12/2025;JOSE ROBERTO ALMEIDA DOS SANTOS;50 anos;CONSULTA EM ENDOCRINOLOGIA E METABOLOGIA - ADULTO;E660;190
642181890;17/12/2025;GILBERTO APARECIDO BRAGA;64 anos;GRUPO - US DOPPLER COLORIDO DE TRES VASOS;I839;190
642230829;17/12/2025;AMANDA DE LIZ SANTOS;25 anos;CONSULTA EM ENDOCRINOLOGIA E METABOLOGIA - ADULTO;E668;190
642322448;17/12/2025;AMANDA DE LIZ SANTOS;25 anos;CONSULTA EM CIRURGIA BARIATRICA OBESIDADE;E66;190
514846225;18/01/2024;ROMILDO MANOEL DOS SANTOS;54 anos;CONSULTA EM OFTALMOLOGIA - RETINOPATIA DIABETICA;H40;889
514960167;18/01/2024;RENE JUNIOR DA SILVA VASCONCELOS;29 anos;CONSULTA EM CIRURGIA PLASTICA - GERAL;N62;889
646093639;18/01/2026;JOANA DOMINGOS DE SOUZA;69 anos;CONSULTA EM ENDOCRINOLOGIA - PACIENTES DIABETICOS;E103;158
585211617;18/02/2025;GLAUCIENE AMANCIO DA SILVA;45 anos;CONSULTA EM CIRURGIA PLASTICA - GERAL;Z428;492
651494051;18/02/2026;JOSE ANTONIO RODRIGUES DA SILVA;46 anos;CONSULTA EM OFTALMOLOGIA - UVEITE;H30;127
651497934;18/02/2026;JHONATAN DELGADO DA COSTA;2 anos;CONSULTA EM ODONTOLOGIA - PEDIATRIA;K02;127
409137114;18/03/2022;VIVIAN DE SOUZA XAVIER;37 anos;CONSULTA EM NEUROCIRURGIA - GERAL;M501;1560
657127214;18/03/2026;ANTONELA DULCE SCHEIDT;10 anos;CONSULTA EM ENDOCRINOLOGIA - PEDIATRIA;C101;99
657145396;18/03/2026;APARECIDA AMORIM BLOS;61 anos;GRUPO - US DOPPLER COLORIDO DE TRES VASOS;I839;99
657187485;18/03/2026;OSMAR RODRIGUES QUINTANILHA DE SOUZA FILHO;29 anos;CONSULTA EM CIRURGIA ORTOPEDICA-QUADRIL;M169;99
657187978;18/03/2026;HILDA MARIA SOUZA DA SILVA;73 anos;CONSULTA EM GASTROENTEROLOGIA - GERAL;R10;99
413574764;18/04/2022;EDENILZE AZAMBUJA CANHETE;46 anos;CONSULTA EM CIRURGIA ORTOPEDICA - OMBROS;M751;1529
530981758;18/04/2024;LEONARDO AUGUSTO MARTINS ARAUJO;19 anos;CONSULTA EM GASTROENTEROLOGIA - GERAL;K21;798
662968588;18/04/2026;VALDIRA ALECRIM DA SILVA;58 anos;ENDOSCOPIA DIGESTIVA ALTA;K297;68
662968696;18/04/2026;MARILEI CONFORTIN MACHADO;66 anos;ENDOSCOPIA DIGESTIVA ALTA;K318;68
662968757;18/04/2026;MARILENE DE SOUZA DA SILVA;60 anos;ENDOSCOPIA DIGESTIVA ALTA;K21;68
474515631;18/05/2023;KAIO GEOVAN CARVALHO PEDROSO;18 anos;CONSULTA EM GENETICA MEDICA;E230;1134
668182006;18/05/2026;ROBERTO DA SILVA FERREIRA;38 anos;GRUPO - RESSONANCIA MAGNETICA;M545;38
668210487;18/05/2026;CRISTINA APARECIDA DOS SANTOS SILVA;27 anos;CONSULTA EM HEMATOLOGIA - GERAL;D509;38
668232481;18/05/2026;RUBENS MAURO CIUPAK;72 anos;GRUPO - TOMOGRAFIA COMPUTADORIZADA;D18;38
668242030;18/05/2026;VALDILENE SABINA NOGUEIRA;45 anos;GRUPO - TOMOGRAFIA COMPUTADORIZADA;H906;38
668254987;18/05/2026;LEONEIDE DE JESUS MORAIS;75 anos;CATETERISMO CARDIACO;I251;38
668260332;18/05/2026;DORVALINA DA SILVA;47 anos;GRUPO - RESSONANCIA MAGNETICA;M472;38
668260579;18/05/2026;DORVALINA DA SILVA;47 anos;GRUPO - RESSONANCIA MAGNETICA;M472;38
668263415;18/05/2026;MARIA CAMPOS DA SILVA;83 anos;COLONOSCOPIA;Z121;38
668270505;18/05/2026;LEONIDAS RODRIGUES DA SILVA;46 anos;ESPIROMETRIA;A158;38
607715799;18/06/2025;THEO HENRIQUE HOLANDA NISSOLA;5 anos;CONSULTA EM PSIQUIATRIA - PEDIATRIA;F900;372
607741786;18/06/2025;ROSELI DE FATIMA DA SILVA LEMES BORGES;56 anos;CONSULTA EM ENDOCRINOLOGIA - PACIENTES DIABETICOS;E102;372
607775507;18/06/2025;ELIZABETE RUFINO DA SILVA;39 anos;CONSULTA EM HEMATOLOGIA - GERAL;D649;372
674129256;18/06/2026;EDNA LUIZA DE PAULA SILVA;61 anos;COLONOSCOPIA;K922;7
674137475;18/06/2026;CAMILA EDUARDA DA SILVA OLIVEIRA;24 anos;CONSULTA EM OFTALMOLOGIA - CORNEA;H186;7
674144066;18/06/2026;MAYARA ANDRESSA SABEDOT;42 anos;CONSULTA EM GASTROENTEROLOGIA - GERAL;K50;7
674147551;18/06/2026;DJALMA JOSE FERREIRA;70 anos;GRUPO - RESSONANCIA MAGNETICA;M751;7
674150716;18/06/2026;JAQUELINE DE JESUS MONTENEGRO;29 anos;CONSULTA EM GINECOLOGIA CIRURGICA;N840;7
674188704;18/06/2026;ERIK SOUZA DUARTH;30 anos;CONSULTA EM OFTALMOLOGIA - CATARATA;H270;7
674194913;18/06/2026;CIDELIA ROJAS;47 anos;CONSULTA EM MASTOLOGIA - GERAL;N645;7
674204532;18/06/2026;VERA LUCIA BORGES LEAL;67 anos;GRUPO - TOMOGRAFIA COMPUTADORIZADA;N281;7
674213431;18/06/2026;ANTHONY COIMBRA MIRANDA;3 anos;GRUPO - RESSONANCIA MAGNETICA;F90;7
674215312;18/06/2026;VERA LUCIA BORGES LEAL;67 anos;GRUPO - TOMOGRAFIA COMPUTADORIZADA;N281;7
674223712;18/06/2026;PEDRO BARBOSA DA SILVA NETO;53 anos;CONSULTA EM OFTALMOLOGIA - CATARATA;H280;7
674226286;18/06/2026;JOAO ALMEIDA DE OLIVEIRA;81 anos;BIOPSIA DE PROSTATA;C61;7
674226331;18/06/2026;ADONIAS JOSE DA SILVA;84 anos;BIOPSIA DE PROSTATA;C61;7
674226907;18/06/2026;MARIO CORREA DA SILVA;71 anos;BIOPSIA DE PROSTATA;C61;7
674227731;18/06/2026;JOSE SUCHOW BRINGHUENTI;69 anos;BIOPSIA DE PROSTATA;C61;7
674228040;18/06/2026;APARECIDO PEREIRA DE CASTRO;61 anos;BIOPSIA DE PROSTATA;C61;7
674229322;18/06/2026;TERESINHA DE FATIMA LUFT;69 anos;BIOPSIA DE TIREOIDE OU PARATIREOIDE;D44;7
674229528;18/06/2026;NEIDE ROBERTA ALVES;60 anos;BIOPSIA DE TIREOIDE OU PARATIREOIDE;D34;7
674229825;18/06/2026;ANA SILVA;61 anos;BIOPSIA DE TIREOIDE OU PARATIREOIDE;D44;7
674229982;18/06/2026;YSAMAR YOHANA SALAS SANCHEZ;33 anos;BIOPSIA DE TIREOIDE OU PARATIREOIDE;E049;7
674230605;18/06/2026;DENISE DOS SANTOS KELLER;61 anos;BIOPSIA DE TIREOIDE OU PARATIREOIDE;C73;7
674231782;18/06/2026;MANOEL LEMES DOS SANTOS;40 anos;CONSULTA EM ALERGIA E IMUNOLOGIA - ADULTO;J303;7
674231836;18/06/2026;SANDRA DA SILVA;50 anos;CONSULTA EM ALERGIA E IMUNOLOGIA - ADULTO;T784;7
674232230;18/06/2026;NICOLLAS ALEXANDRE GARBELINE DELGADO;7 anos;CONSULTA EM ALERGIA E IMUNOLOGIA - PEDIATRICA;T784;7
674233188;18/06/2026;JUAREZ MANOEL DE ARAUJO;67 anos;CONSULTA EM CIRURGIA VASCULAR - DOENCAS ARTERIAIS;I652;7
674237831;18/06/2026;ALICE MARTINS BEZERRA;2 anos;GRUPO - TOMOGRAFIA COMPUTADORIZADA;R560;7
674243919;18/06/2026;CLAIR THEBALDI;69 anos;CONSULTA EM OFTALMOLOGIA - CATARATA;H251;7
674288593;18/06/2026;VENANCIA RIOS;71 anos;GRUPO - TOMOGRAFIA COMPUTADORIZADA;C82;7
674290149;18/06/2026;VENANCIA RIOS;71 anos;GRUPO - TOMOGRAFIA COMPUTADORIZADA;C82;7
674291110;18/06/2026;VENANCIA RIOS;71 anos;GRUPO - TOMOGRAFIA COMPUTADORIZADA;C82;7
674292877;18/06/2026;VENANCIA RIOS;71 anos;GRUPO - TOMOGRAFIA COMPUTADORIZADA;C82;7
674313825;18/06/2026;ADELINA FAUSTINO DE OLIVEIRA;60 anos;CONSULTA EM OFTALMOLOGIA - CATARATA;H259;7
674315946;18/06/2026;CLAUDIONEI SORGATTO;47 anos;CONSULTA EM CIRURGIA GERAL - ADULTO;Z00;7
674321045;18/06/2026;ANTONIO LEITE RIBEIRO;68 anos;CONSULTA EM OFTALMOLOGIA - CATARATA;H251;7
674328536;18/06/2026;APARECIDO DE CASTRO SOUZA;71 anos;CONSULTA EM OFTALMOLOGIA - CATARATA;H251;7
674331989;18/06/2026;SANDRA APARECIDA DE MOURA BARRIOS;55 anos;CONSULTA EM ENDOCRINOLOGIA E METABOLOGIA - ADULTO;E104;7
674333715;18/06/2026;ALDEMIR SOARES DA SILVA;51 anos;CONSULTA EM OFTALMOLOGIA - CATARATA;H25;7
674338275;18/06/2026;APARECIDA DE FATIMA VIEIRA WERNECK;60 anos;CONSULTA EM OFTALMOLOGIA - CATARATA;H259;7
674341955;18/06/2026;AGHATA BRITES VIEIRA;1 ano;CONSULTA EM OFTALMOLOGIA - PLASTICA OCULAR;H024;7
674344837;18/06/2026;ATANAGILDO PAULO RODRIGUES;76 anos;CONSULTA EM OFTALMOLOGIA - CATARATA;H259;7
674344925;18/06/2026;ORLANDO CAVALCANTE DIAS;64 anos;CONSULTA EM OFTALMOLOGIA - PLASTICA OCULAR;H024;7
674349021;18/06/2026;EDILEUZA GONZAGA DIAS;50 anos;ENDOSCOPIA DIGESTIVA ALTA;K21;7
674364816;18/06/2026;MERCEDES NOGUEIRA DALOSSA;82 anos;GRUPO - TOMOGRAFIA COMPUTADORIZADA;F001;7
674368734;18/06/2026;ROSELY APARECIDA TOSETO;65 anos;GRUPO - ELETROENCEFALOGRAMA - ADULTO;G403;7
674370676;18/06/2026;ARTHUR INACIO ESPINDOLA SOBRINHO;6 anos;GRUPO - ELETROENCEFALOGRAMA - PEDIATRICO;G40;7
674372476;18/06/2026;ANTONIO GOMES DA SILVA JUNIOR;29 anos;CONSULTA EM OFTALMOLOGIA - PTERIGIO;H110;7
674372923;18/06/2026;DEILDE FERNANDES VIEGAS;65 anos;GRUPO - RESSONANCIA MAGNETICA;M431;7
674375688;18/06/2026;JOAO SANTANA;73 anos;CONSULTA EM PEQUENA CIRURGIA ADULTO;A309;7
207192146;18/07/2017;EMERINDA MARIA DE CARVALHO;82 anos;CONSULTA EM OFTALMOLOGIA ADULTO;H260;3264
427647685;18/07/2022;ARTHUR DE MORAIS DUARTES;4 anos;CONSULTA EM UROLOGIA - PEDIATRICA;Q53;1438
613237900;18/07/2025;IVETE MARIA SCHENKEL MORAWSKI;63 anos;CONSULTA EM NEUROCIRURGIA - GERAL;M511;342
618605987;18/08/2025;MARLEIDA ANA SPAGNOLLO STRADA;50 anos;CONSULTA EM ENDOCRINOLOGIA E METABOLOGIA - ADULTO;E05;311
618743806;18/08/2025;ROSA IRENE MOREIRA;68 anos;CONSULTA EM NEUROCIRURGIA - GERAL;M42;311
625143689;18/09/2025;JOSEFINA FRANCISCO DE SOUZA FERREIRA;69 anos;GRUPO - US DOPPLER COLORIDO DE TRES VASOS;I74;280
625183504;18/09/2025;KAIO ALEXANDRE DIOGENES DOS SANTOS;14 anos;CONSULTA EM ENDOCRINOLOGIA - PEDIATRIA;E230;280
442346259;18/10/2022;GENIVALDO GONCALVES DIAS;57 anos;CONSULTA EM NEUROCIRURGIA - GERAL;M541;1346
442403257;18/10/2022;DIONEIA DA SILVA LIMA PEREIRA;41 anos;CONSULTA EM OFTALMOLOGIA - PLASTICA OCULAR;D23;1346
442406061;18/10/2022;ERICK HENRIQUE OLIVEIRA NOLASCO;9 anos;CONSULTA EM GENETICA MEDICA;Q901;1346
442406062;18/10/2022;TAIS ADRIELLY MOREIRA DE SOUZA;35 anos;CONSULTA EM GENETICA MEDICA;Q90;1346
500429507;18/10/2023;MARILENE DE SOUZA DUARTH;60 anos;CONSULTA EM OFTALMOLOGIA - PLASTICA OCULAR;H360;981
565515620;18/10/2024;LIVIA LACERDA FERREIRA;12 anos;CONSULTA EM ORTOPEDIA - PEDIATRIA;M86;615
637000714;18/11/2025;EDINA LEMES CARDOSO;54 anos;CONSULTA EM ENDOCRINOLOGIA E METABOLOGIA - ADULTO;E07;219
637188497;18/11/2025;CLARISSE SOFYE DAL SANTO DE SOUZA;2 anos;CONSULTA EM UROLOGIA - PEDIATRICA;Q625;219
401066550;19/01/2022;SEBASTIAO CLAUDIO GERONIMO;74 anos;CONSULTA EM NEUROCIRURGIA - GERAL;S065;1618
455353747;19/01/2023;MARIA DAS GRACAS DA SILVA;73 anos;CONSULTA EM ORTOPEDIA - JOELHO;M179;1253
646291757;19/01/2026;MATHEUS PEREIRA LIMA;19 anos;CONSULTA EM ENDOCRINOLOGIA E METABOLOGIA - ADULTO;Q824;157
646291853;19/01/2026;EMILLY MANUELLY LUZ DA CRUZ;7 anos;CONSULTA EM CIRURGIA PEDIATRICA - GERAL;K42;157
519679996;19/02/2024;MARIA ALICE GOMES DOS SANTOS;3 anos;CONSULTA EM GENETICA MEDICA;Q213;857
519840382;19/02/2024;ATAIDE PEREIRA;70 anos;CONSULTA EM NEUROCIRURGIA - GERAL;M541;857
651754045;19/02/2026;JOSIELEN MOREIRA DE SOUZA;34 anos;CONSULTA EM GINECOLOGIA CIRURGICA;N80;126
651778776;19/02/2026;MAURO RODRIGUES DA SILVA;49 anos;CONSULTA EM OFTALMOLOGIA - GLAUCOMA;H400;126
651788888;19/02/2026;ALEXANDRE LUIZ POZENATO;44 anos;CONSULTA EM ENDOCRINOLOGIA - PACIENTES DIABETICOS;E109;126
651791513;19/02/2026;MARIA APARECIDA GOMES DA SILVA;64 anos;CONSULTA EM GASTROENTEROLOGIA - GERAL;K294;126
657265875;19/03/2026;JOSE MARIANO PEREIRA;71 anos;CONSULTA EM OFTALMOLOGIA - GLAUCOMA;H400;98
657375207;19/03/2026;MARIO SERGIO FERNANDES DE FRANCA;47 anos;CONSULTA EM NEUROLOGIA - ADULTO;G122;98
657435434;19/03/2026;MARINES FERREIRA;39 anos;CONSULTA EM CIRURGIA PLASTICA - GERAL;C509;98
657444948;19/03/2026;JESSICA MONTEIRO DA SILVA OLIVEIRA;33 anos;CONSULTA EM ENDOCRINOLOGIA E METABOLOGIA - ADULTO;E221;98
657445245;19/03/2026;OSMAN SALOMON ABUDAY EGUEZ;57 anos;BIOPSIA DE PROSTATA;D40;98
657449773;19/03/2026;RODRIGO NOGUEIRA FREIRES;30 anos;CONSULTA EM OFTALMOLOGIA - ESTRABISMO;H500;98
531307475;19/04/2024;ELISABETE PRESTES LOUREIRO;56 anos;CONSULTA EM OFTALMOLOGIA - PLASTICA OCULAR;B977;797
474551273;19/05/2023;LUZIA PEREIRA DA SILVA;45 anos;CONSULTA EM ORTOPEDIA - JOELHO;S835;1133
474694864;19/05/2023;ANA EDITH ROSSATTO;73 anos;CONSULTA EM CIRURGIA ORTOPEDICA - COLUNA;M544;1133
601635852;19/05/2025;APARECIDA CANDIDA DA PALMA;86 anos;CONSULTA EM CIRURGIA VASCULAR - DOENCAS ARTERIAIS;I65;402
601640922;19/05/2025;EPAMINONDAS VIEIRA FRANCISCO;51 anos;CONSULTA EM NEUROCIRURGIA - GERAL;M541;402
668298972;19/05/2026;SONIA FIGUEIREDO;50 anos;GRUPO - RESSONANCIA MAGNETICA;M511;37
668308025;19/05/2026;LUCCAS GABRIEL FERREIRA PEDROZO;12 anos;CONSULTA EM ORTOPEDIA - PEDIATRIA;M21;37
668308636;19/05/2026;SALETE BOMBARDA;61 anos;CONSULTA EM NEUROCIRURGIA - GERAL;Z00;37
668373881;19/05/2026;ADEMAR DE OLIVEIRA LEAO;69 anos;CONSULTA EM NEFROLOGIA-INSUFICIENCIA RENAL CRONICA;N180;37
668375113;19/05/2026;PEDRO LEMES RODRIGUES;64 anos;GRUPO - RESSONANCIA MAGNETICA;M545;37
668387616;19/05/2026;CLEMILDA ROBERTO DA SILVA;61 anos;GRUPO - RESSONANCIA MAGNETICA;M500;37
668417143;19/05/2026;MARIA DA CONCEICAO PEREIRA DOS SANTOS;59 anos;CATETERISMO CARDIACO;I259;37
668516877;19/05/2026;ERCILIA BRANDAO TORELLI;66 anos;CONSULTA EM OFTALMOLOGIA - GLAUCOMA;H40;37
668527620;19/05/2026;HUDSON MARTINEZ BIRAL;59 anos;GRUPO - RESSONANCIA MAGNETICA;M23;37
668550942;19/05/2026;SEBASTIAO DOS SANTOS VIEIRA;58 anos;GRUPO - RESSONANCIA MAGNETICA;M994;37
668555155;19/05/2026;SALETE BOMBARDA;61 anos;GRUPO - ELETRONEUROMIOGRAFIA;M541;37
203932218;19/06/2017;ADEMIR MACHADO DOS SANTOS;45 anos;CONSULTA EM ORTOPEDIA ADULTO;M840;3293
674464904;19/06/2026;HERICK MATHEUS ALVES DE SOUZA;4 anos;ECOCARDIOGRAMA INFANTIL;R01;6
674480599;19/06/2026;MONICA DE FREITAS DA SILVA;38 anos;GRUPO - ELETRONEUROMIOGRAFIA;M751;6
674541809;19/06/2026;EDSON DE OLIVEIRA DE DEUS;51 anos;ESPIROMETRIA;J448;6
674546163;19/06/2026;CARLIANE MATOS DOS REIS;38 anos;CONSULTA EM GINECOLOGIA CIRURGICA;N80;6
674547748;19/06/2026;JOSUE DA SILVA VAZ;48 anos;GRUPO - RESSONANCIA MAGNETICA;M45;6
674558733;19/06/2026;MARIA APARECIDA ANDRADE DA CUNHA DE MENEZES;60 anos;ENDOSCOPIA DIGESTIVA ALTA;Z12;6
674559895;19/06/2026;MARIA APARECIDA ANDRADE DA CUNHA DE MENEZES;60 anos;COLONOSCOPIA;Z121;6
674566297;19/06/2026;MARLENE MARGARETE BORNHOLDT;49 anos;CONSULTA EM ENDOCRINOLOGIA E METABOLOGIA - ADULTO;E038;6
674572079;19/06/2026;ELOI MARQUES BEZERRA;78 anos;GRUPO - PRÓTESES E ÓRTESES FÍSICA;M179;6
674576258;19/06/2026;MARIA MACHADO DE OLIVEIRA;56 anos;CATETERISMO CARDIACO;I25;6
674577126;19/06/2026;ARLI VANDERLEI RAMOS;65 anos;CONSULTA EM ONCOLOGIA CLÍNICA - ADULTO;C18;6
674580526;19/06/2026;RAIMUNDA EDVANILDA PEREIRA DE LIMA;45 anos;GRUPO - TOMOGRAFIA COMPUTADORIZADA;C505;6
674585239;19/06/2026;FERNANDES LEMES DA SILVA;88 anos;PUNCAO ASPIRATIVA DE MAMAS POR AGULHA FINA (PAAF);E041;6
674586730;19/06/2026;MARIA DA GLORIA ARAUJO DOS SANTOS;57 anos;GRUPO - TOMOGRAFIA COMPUTADORIZADA;C64;6
674587860;19/06/2026;JOAO MONTEIRO SANDIM;59 anos;GRUPO - TOMOGRAFIA COMPUTADORIZADA;C61;6
674588074;19/06/2026;MAIRA CANUTO DO NASCIMENTO;57 anos;CONSULTA EM ENDOCRINOLOGIA E METABOLOGIA - ADULTO;E135;6
674590125;19/06/2026;DOMINGOS DE SOUZA;61 anos;CONSULTA EM ONCOLOGIA CLÍNICA - ADULTO;C15;6
674592753;19/06/2026;SUELI DELGADO DE SOUZA;58 anos;GRUPO - TOMOGRAFIA COMPUTADORIZADA;C34;6
674593494;19/06/2026;MARIA LUCIA CONCEICAO DOS REIS;61 anos;ESPIROMETRIA;R05;6
674593771;19/06/2026;MARIA LUCIA CONCEICAO DOS REIS;61 anos;GRUPO - TOMOGRAFIA COMPUTADORIZADA;R05;6
674594216;19/06/2026;DOMINGOS DE SOUZA;61 anos;GRUPO - TOMOGRAFIA COMPUTADORIZADA;C15;6
674594502;19/06/2026;MARIA LUCIA CONCEICAO DOS REIS;61 anos;GRUPO - TOMOGRAFIA COMPUTADORIZADA;R05;6
674597579;19/06/2026;MARINES FERREIRA;39 anos;GRUPO - TOMOGRAFIA COMPUTADORIZADA;C505;6
674598094;19/06/2026;ANA PAULA SOUZA GONCALVES;32 anos;GRUPO - TOMOGRAFIA COMPUTADORIZADA;N83;6
432832750;19/08/2022;MAGDIEL DOS ANJOS DE BRITO;8 anos;CONSULTA EM NEUROLOGIA - PEDIATRIA;F84;1406
553225892;19/08/2024;MIGUEL GONCALVES DE ALMEIDA;12 anos;CONSULTA EM ORTOPEDIA PEDIATRICA (COLUNA);M419;675
553406267;19/08/2024;BRYAN RODRIGO SOUSA DE OLIVEIRA;10 anos;CONSULTA EM CIRURGIA PLASTICA - GERAL;L910;675
618936941;19/08/2025;LUCI MARI LUCIANER DE MELLO;62 anos;CONSULTA EM ENDOCRINOLOGIA E METABOLOGIA - ADULTO;E279;310
618986519;19/08/2025;REGINALDO MARTINS PAGANOTTI;50 anos;CONSULTA EM ENDOCRINOLOGIA E METABOLOGIA - ADULTO;E115;310
619003737;19/08/2025;SAMUEL ROLON BOBEK;1 ano;CONSULTA EM UROLOGIA - PEDIATRICA;Q549;310
619004733;19/08/2025;SAMUEL ROLON BOBEK;1 ano;CONSULTA EM CIRURGIA PEDIATRICA - GERAL;Q549;310
619044736;19/08/2025;MARIA JOANA DA SILVA LIMA;69 anos;CONSULTA EM ENDOCRINOLOGIA - PACIENTES DIABETICOS;E10;310
619072700;19/08/2025;ANGELA APARECIDA DA SILVA;55 anos;CONSULTA EM NEUROCIRURGIA - GERAL;M545;310
495561280;19/09/2023;DAIS GOMES DOS SANTOS;32 anos;CONSULTA EM OFTALMOLOGIA - GLAUCOMA;H40;1010
559852178;19/09/2024;RUDINEI MACHADO;49 anos;CONSULTA EM OFTALMOLOGIA - PLASTICA OCULAR;H001;644
625486867;19/09/2025;DAIANI CHAVES SILVA;36 anos;CONSULTA EM CIRURGIA PLASTICA - GERAL;Z428;279
637295515;19/11/2025;LAUDEMIRA FERNANDES DE SOUZA;73 anos;CONSULTA EM ENDOCRINOLOGIA E METABOLOGIA - ADULTO;E049;218
637299887;19/11/2025;VITORIA FELICIA COLMAN;55 anos;CONSULTA EM ENDOCRINOLOGIA E METABOLOGIA - ADULTO;E049;218
642719490;19/12/2025;LARISSA DA SILVA PRUDENCIO;17 anos;CONSULTA EM CIRURGIA TORACICA - GERAL;R610;188
579625735;20/01/2025;ANTONIO PAULO MOREIRA LAUTERT;65 anos;CONSULTA EM GASTROENTEROLOGIA - GERAL;B96;521
579755597;20/01/2025;CAIO ANDRADE ARAUJO;1 ano;CONSULTA EM NEUROLOGIA - PEDIATRIA;P073;521
646388526;20/01/2026;FRANCISCA BORGES;67 anos;CONSULTA EM CIRURGIA VASCULAR - DOENCAS ARTERIAIS;I70;156
646467508;20/01/2026;CARMO GOMES DE SOUZA;62 anos;CONSULTA EM ENDOCRINOLOGIA E METABOLOGIA - ADULTO;E109;156
646569460;20/01/2026;ANTHONY LUCCA CAZAIS SOUZA DE LIMA;2 anos;CONSULTA EM CIRURGIA PEDIATRICA - GERAL;Q532;156
651898246;20/02/2026;MARIA AMELIA DE ARAUJO SILVA ESTEVAM;56 anos;CONSULTA EM REUMATOLOGIA - ADULTO;M15;125
651969960;20/02/2026;MARIA MARCILENE DA SILVA OLIVEIRA;48 anos;CONSULTA EM ENDOCRINOLOGIA E METABOLOGIA - ADULTO;E07;125
652016370;20/02/2026;MARIA APARECIDA GONCALVES;48 anos;AUDIOMETRIA ADULTO;H906;125
652022864;20/02/2026;ANTONIO ALTIVINO PINHEIRO;63 anos;CONSULTA EM NEUROCIRURGIA - GERAL;S32;125
590466174;20/03/2025;ENZO GABRIEL ZUCOLOTO BARBOZA;11 anos;CONSULTA EM ORTOPEDIA - PEDIATRIA;Q05;462
590534862;20/03/2025;MARIA EUNICE DA SILVA;60 anos;CONSULTA EM REUMATOLOGIA - ADULTO;M797;462
590572251;20/03/2025;CLEBERSON BENTO DA SILVA;32 anos;CONSULTA EM REUMATOLOGIA - ADULTO;M139;462
590646065;20/03/2025;FRANCISCA MARIA DE OLIVEIRA;69 anos;CONSULTA EM REUMATOLOGIA - ADULTO;M255;462
590647918;20/03/2025;ADAO PIRES JUNIOR NOGUEIRA;41 anos;CONSULTA EM OFTALMOLOGIA - PLASTICA OCULAR;H02;462
590667452;20/03/2025;ARLETE FATIMA DE CEZARO;64 anos;CONSULTA EM UROLOGIA - CIRURGICA;N202;462
657631497;20/03/2026;MARIA APARECIDA DEMETRIO;42 anos;CONSULTA EM ENDOCRINOLOGIA E METABOLOGIA - ADULTO;E041;97
657643736;20/03/2026;LAUDELINO GONCALVES DO ROSARIO;47 anos;CONSULTA EM OFTALMOLOGIA - RETINA GERAL;H358;97
657659156;20/03/2026;DAVI MIGUEL OLIVEIRA SAVARIS;9 anos;CONSULTA EM ENDOCRINOLOGIA - PEDIATRIA;E66;97
657668631;20/03/2026;SOPHIA VALDEZ;8 anos;CONSULTA EM CARDIOLOGIA - PEDIATRIA;I350;97
663034558;20/04/2026;PAULO JOSE DA SILVA;52 anos;CONSULTA EM GASTROENTEROLOGIA - DOENCAS DO FIGADO;R17;66
418842096;20/05/2022;FABIO PILTZ;52 anos;CONSULTA EM ORTOPEDIA - JOELHO;M179;1497
536684488;20/05/2024;JOCIMARA MARIA DE OLIVEIRA;44 anos;CONSULTA EM NEUROCIRURGIA - GERAL;D33;766
601753284;20/05/2025;ELIANE DE ANDRADE PEREIRA;49 anos;CONSULTA EM REUMATOLOGIA - ADULTO;R522;401
668593333;20/05/2026;IZAEL ARTUR DE SOUZA;59 anos;CONSULTA EM OFTALMOLOGIA - PTERIGIO;H110;36
668595278;20/05/2026;GILSON DAVID DANTAS;62 anos;CONSULTA EM OFTALMOLOGIA - CATARATA;H259;36
668602261;20/05/2026;PEDRO JOSE LOURENCO JUNIOR;63 anos;CONSULTA EM REUMATOLOGIA - ADULTO;M060;36
668629303;20/05/2026;IVANIR GUARESMA;49 anos;ESPIROMETRIA;J448;36
668653486;20/05/2026;IVANE MARIA KUFFEL DE FLESCH;37 anos;CONSULTA EM REUMATOLOGIA - ADULTO;M797;36
668661016;20/05/2026;SAIONARA FATIMA ASCHI;47 anos;COLONOSCOPIA;Z800;36
668711657;20/05/2026;DONIZETE MARTINS SERRA;68 anos;CONSULTA EM OFTALMOLOGIA - CATARATA;H259;36
668717499;20/05/2026;JULIA DANIELLE ASSIS LEME;14 anos;CONSULTA EM ALERGIA E IMUNOLOGIA - PEDIATRICA;T784;36
668718208;20/05/2026;JOSE SALOMAO SOARES;4 anos;CONSULTA EM ALERGIA E IMUNOLOGIA - PEDIATRICA;J304;36
668726422;20/05/2026;NEUSA MARIA DE PAIVA SALES;69 anos;CONSULTA EM ORTOPEDIA - JOELHO;M179;36
668728724;20/05/2026;ROSALINO SILVA DOS SANTOS;77 anos;CONSULTA EM CARDIOLOGIA - CLINICA;I50;36
668729892;20/05/2026;MARIA LENIR PINTO BERNARDO;63 anos;CONSULTA EM CIRURGIA VASCULAR - DOENCAS ARTERIAIS;I87;36
668731320;20/05/2026;JOAO DE SOUZA BRANDAO;67 anos;CONSULTA EM CIRURGIA VASCULAR - DOENCAS ARTERIAIS;I87;36
668731681;20/05/2026;CLEUSOMAR FERREIRA;64 anos;BIOPSIA DE PROSTATA;N40;36
668731935;20/05/2026;EDEMAR SOUZA DA SILVA;73 anos;BIOPSIA DE PROSTATA;N40;36
668732892;20/05/2026;DANIEL AUGUSTO LAGNI;29 anos;CONSULTA EM ODONTOLOGIA - PACIENTES COM NECESSIDADES ESPECIAIS - SEDACAO;F84;36
668733319;20/05/2026;DAVI MOCCELIN DURE;10 anos;CONSULTA EM ODONTOLOGIA - PACIENTES COM NECESSIDADES ESPECIAIS - SEDACAO;K02;36
668734029;20/05/2026;ELISEU ALVES GONCALVES;9 anos;CONSULTA EM ODONTOLOGIA - PACIENTES COM NECESSIDADES ESPECIAIS - SEDACAO;K02;36
668770880;20/05/2026;MARIA DE LOURDES DA SILVA SILVERIO;70 anos;GRUPO - RESSONANCIA MAGNETICA;S460;36
668774658;20/05/2026;MARIA AUXILIADORA DE SOUZA;54 anos;GRUPO - RESSONANCIA MAGNETICA;I839;36
668797420;20/05/2026;NOEMI TEREZINHA EIBEL BORTOLUZZI;65 anos;CAPSULOTOMIA A YAG LASER;H264;36
668799506;20/05/2026;SOLANGE DE PAULA KUHN;59 anos;COLONOSCOPIA;I84;36
668806467;20/05/2026;JORGE DAVID SANTOS;67 anos;GRUPO - TOMOGRAFIA COMPUTADORIZADA;R07;36
668819706;20/05/2026;LUIGI GOMES RODRIGUES;13 anos;CONSULTA EM ENDOCRINOLOGIA - PEDIATRIA;E66;36
668827006;20/05/2026;ANTENOR POLETO;77 anos;GRUPO - PRÓTESES E ÓRTESES FÍSICA;R268;36
668838088;20/05/2026;MARIA REGINA GOMES;48 anos;CONSULTA EM REUMATOLOGIA - ADULTO;M05;36
668839304;20/05/2026;TANIA CHAVES DA SILVA;44 anos;COLONOSCOPIA;R194;36
668839960;20/05/2026;LUCAS SIVERIS;63 anos;GRUPO - TOMOGRAFIA COMPUTADORIZADA;J448;36
542355981;20/06/2024;JORGE KAWE DA SILVA;2 anos;CONSULTA EM NEUROLOGIA - PEDIATRIA;P21;735
542357526;20/06/2024;JORGE KAWE DA SILVA;2 anos;CONSULTA EM CIRURGIA PEDIATRICA - GERAL;Z931;735
485117666;20/07/2023;JOAO PAULO MAGALHAES NORBEQUE;29 anos;CONSULTA EM ORTOPEDIA - JOELHO;S835;1071
553506278;20/08/2024;DONARIA MARTINS DE SOUZA;57 anos;CONSULTA EM NEUROCIRURGIA - GERAL;M511;674
619294666;20/08/2025;WILSON HENRIQUE JATOBA DA CRUZ;30 anos;CONSULTA EM ENDOCRINOLOGIA E METABOLOGIA - ADULTO;E66;309
619354661;20/08/2025;ANTHONY OLIVEIRA MARTINS;2 anos;CONSULTA EM CIRURGIA PEDIATRICA - GERAL;K40;309
559923961;20/09/2024;ALCINDO BARBOSA MAIDANO;65 anos;CONSULTA EM HEMATOLOGIA - GERAL;D691;643
560012337;20/09/2024;CLAUCI KATIA GAIGHER DO NASCIMENTO;52 anos;CONSULTA EM ENDOCRINOLOGIA E METABOLOGIA - ADULTO;E049;643
389790335;20/10/2021;CAMILA MARTINS BELINI;27 anos;CONSULTA EM CIRURGIA PLASTICA - GERAL;N62;1709
631453880;20/10/2025;DIRCEU GUEDIN;67 anos;CONSULTA EM UROLOGIA - CIRURGICA;N40;248
631470888;20/10/2025;EZELINDA DE FATIMA RODRIGUES;48 anos;GRUPO - US DOPPLER COLORIDO DE TRES VASOS;I74;248
631472313;20/10/2025;EZELINDA DE FATIMA RODRIGUES;48 anos;GRUPO - US DOPPLER COLORIDO DE TRES VASOS;I74;248
631476857;20/10/2025;JOSE LUIZ PINHEIRO MONTESSI;42 anos;GRUPO - US DOPPLER COLORIDO DE TRES VASOS;M255;248
631484934;20/10/2025;SARA SOUZA DALZOT;11 anos;CONSULTA EM ORTOPEDIA - PEDIATRIA;Q66;248
394133099;20/11/2021;ADEMIR MARTINS DE SOUZA;50 anos;CONSULTA EM NEUROCIRURGIA - GERAL;S065;1678
451538885;20/12/2022;NAIDE ALVES DE SOUZA;71 anos;CONSULTA EM ORTOPEDIA - JOELHO;M179;1283
451539100;20/12/2022;EUCLIDES CUNHA DOS SANTOS;63 anos;CONSULTA EM ORTOPEDIA - JOELHO;M179;1283
451539599;20/12/2022;JOAO FRANCISCO TIMM;70 anos;CONSULTA EM CIRURGIA ORTOPEDICA - OMBROS;M75;1283
451539610;20/12/2022;DOMICIO DE SOUZA;55 anos;CONSULTA EM CIRURGIA ORTOPEDICA - OMBROS;M751;1283
451539723;20/12/2022;JOAO NOGALIS ALVARES;69 anos;CONSULTA EM CIRURGIA ORTOPEDICA - OMBROS;S46;1283
511034448;20/12/2023;MOACIR RIBEIRO;65 anos;CONSULTA EM OFTALMOLOGIA - RETINA GERAL;H35;918
576356922;20/12/2024;CRISTIANE DA SILVA GONCALVES;55 anos;CONSULTA EM GASTROENTEROLOGIA - GERAL;K297;552
579940341;21/01/2025;LUANI TOME DE OLIVEIRA;53 anos;CONSULTA EM CIRURGIA PLASTICA - GERAL;N62;520
646677550;21/01/2026;JOAO SIQUEIRA DA SILVA;75 anos;CONSULTA EM ENDOCRINOLOGIA E METABOLOGIA - ADULTO;E078;155
646732922;21/01/2026;MARIA IRIS MIYAHIRA MORAES;11 anos;CONSULTA EM NEUROLOGIA - PEDIATRIA;G40;155
646854579;21/01/2026;ROSEMEIRE SILVA DA SILVEIRA;48 anos;CONSULTA EM ENDOCRINOLOGIA - PACIENTES DIABETICOS;E10;155
585920055;21/02/2025;QUERINO DOS SANTOS MORAES;72 anos;CONSULTA EM UROLOGIA - CIRURGICA;N40;489
586011462;21/02/2025;CEZONIA DE JESUS;83 anos;CONSULTA EM CIRURGIA VASCULAR - DOENCAS ARTERIAIS;I74;489
586052466;21/02/2025;OZIEL BORGES FERREIRA;36 anos;CONSULTA EM ORTOPEDIA - JOELHO;S835;489
525919359;21/03/2024;MATHEUS PEREIRA LIMA;19 anos;CONSULTA EM GENETICA MEDICA;K081;826
590879799;21/03/2025;WIVIANE ALVES DE SOUZA NORBEQUE;37 anos;CONSULTA EM ENDOCRINOLOGIA - PACIENTES DIABETICOS;E109;461
663092733;21/04/2026;ADRIANA RITH;49 anos;GRUPO - ELETRONEUROMIOGRAFIA;G579;65
663092767;21/04/2026;JOCIMARA MARIA DE OLIVEIRA;44 anos;GRUPO - ELETRONEUROMIOGRAFIA;R10;65
663092831;21/04/2026;JULIANA SANTOS RODRIGUES;44 anos;GRUPO - ELETRONEUROMIOGRAFIA;M513;65
663092852;21/04/2026;JOAO MARIA DE JESUS DE OLIVEIRA;61 anos;GRUPO - ELETRONEUROMIOGRAFIA;M511;65
663092888;21/04/2026;ANA PAULA DOS SANTOS;40 anos;GRUPO - ELETRONEUROMIOGRAFIA;G560;65
663092953;21/04/2026;ADELIA LOPES;57 anos;GRUPO - ELETRONEUROMIOGRAFIA;M511;65
663092984;21/04/2026;ADEMIR DA SILVA MARTINS;32 anos;GRUPO - ELETRONEUROMIOGRAFIA;G572;65
663092996;21/04/2026;LENICE SANTOS DE MATOS;30 anos;GRUPO - ELETRONEUROMIOGRAFIA;M545;65
663093024;21/04/2026;APARECIDA LEONDRINO;47 anos;GRUPO - ELETRONEUROMIOGRAFIA;G560;65
663093027;21/04/2026;LUZIA MAXUCA DE SOUZA;49 anos;GRUPO - ELETRONEUROMIOGRAFIA;G56;65
663093082;21/04/2026;LAUDILENE VALERIO DE ARRUDA SILVA;56 anos;GRUPO - ELETRONEUROMIOGRAFIA;G560;65
663093121;21/04/2026;LAUDILENE VALERIO DE ARRUDA SILVA;56 anos;GRUPO - ELETRONEUROMIOGRAFIA;G560;65
663093172;21/04/2026;TALISON VINICIUS BARBOSA DE FREITAS;14 anos;GRUPO - TOMOGRAFIA COMPUTADORIZADA;F900;65
663093199;21/04/2026;MARIA DE LURDES DOS SANTOS;53 anos;GRUPO - ELETRONEUROMIOGRAFIA;M545;65
663093229;21/04/2026;ANA LUCIA GOMES DE SOUZA ANDRADE;53 anos;GRUPO - ELETRONEUROMIOGRAFIA;G560;65
663093258;21/04/2026;ARMANDO DA SILVA LEMOS;68 anos;GRUPO - ELETRONEUROMIOGRAFIA;M509;65
663093262;21/04/2026;MAURA PEREIRA DA CRUZ;69 anos;GRUPO - ELETRONEUROMIOGRAFIA;M545;65
663093312;21/04/2026;ADEILTON BALBINO;53 anos;GRUPO - ELETRONEUROMIOGRAFIA;F41;65
663093319;21/04/2026;MARIA AUXILIADORA MORAIS VIEIRA;64 anos;GRUPO - ELETRONEUROMIOGRAFIA;G560;65
663093352;21/04/2026;ANA BEATRIZ DO NASCIMENTO RODRIGUES;51 anos;GRUPO - ELETRONEUROMIOGRAFIA;M472;65
663093390;21/04/2026;AUDRIA RIBEIRO RODRIGUES;52 anos;GRUPO - ELETRONEUROMIOGRAFIA;M54;65
663093414;21/04/2026;REJIANE DA COSTA RODRIGUES VIEIRA;47 anos;ENDOSCOPIA DIGESTIVA ALTA;R101;65
663093415;21/04/2026;APARECIDA PINTO ALVES;42 anos;GRUPO - ELETRONEUROMIOGRAFIA;G560;65
663093425;21/04/2026;MERIELE CONSOLO CAVALCANTE FERREIRA;48 anos;GRUPO - ELETRONEUROMIOGRAFIA;G632;65
663093440;21/04/2026;ADAO CARDOSO GONCALVES;58 anos;GRUPO - ELETRONEUROMIOGRAFIA;G57;65
663093465;21/04/2026;MIRIAN DE CAMPOS FERREIRA;64 anos;GRUPO - TOMOGRAFIA COMPUTADORIZADA;K559;65
663093489;21/04/2026;ALINE DAIANE VENTURA DE SOUZA THOMAZ;44 anos;GRUPO - ELETRONEUROMIOGRAFIA;G56;65
663093539;21/04/2026;ANDREIA DE BARROS MORAES;51 anos;GRUPO - ELETRONEUROMIOGRAFIA;M792;65
663093553;21/04/2026;MARIA APARECIDA CARLOS;51 anos;GRUPO - ELETRONEUROMIOGRAFIA;G632;65
663093577;21/04/2026;ANDREA CRISTINA DUARTE;38 anos;GRUPO - ELETRONEUROMIOGRAFIA;G560;65
663093615;21/04/2026;MARIA DE LOURDES GARCIA VIEIRA;65 anos;GRUPO - ELETRONEUROMIOGRAFIA;G560;65
663093655;21/04/2026;MARINO HERMETO WILLE SCHNEIDER;50 anos;GRUPO - ELETRONEUROMIOGRAFIA;G57;65
663093666;21/04/2026;CLAUDIO ROBERTO DA SILVA;58 anos;GRUPO - ELETRONEUROMIOGRAFIA;M511;65
663093673;21/04/2026;JUAREZ RAMALHO;54 anos;GRUPO - TOMOGRAFIA COMPUTADORIZADA;J449;65
663093693;21/04/2026;CLAITON ROGERIO HENRIQUES;52 anos;GRUPO - ELETRONEUROMIOGRAFIA;M511;65
663093696;21/04/2026;MAYSA CIDRAO ROSA;61 anos;GRUPO - ELETRONEUROMIOGRAFIA;M501;65
663093730;21/04/2026;CLAITON ROGERIO HENRIQUES;52 anos;GRUPO - ELETRONEUROMIOGRAFIA;N511;65
663093733;21/04/2026;MARIA RISALVA ALVES CORDEIRO;56 anos;GRUPO - ELETRONEUROMIOGRAFIA;M541;65
663093765;21/04/2026;CLAUDEMIRO DE OLIVEIRA;56 anos;GRUPO - ELETRONEUROMIOGRAFIA;G250;65
663093965;21/04/2026;CARMELINA VIRGINIA MURRO;80 anos;GRUPO - ELETRONEUROMIOGRAFIA;M50;65
663094007;21/04/2026;CLEONICE APARECIDA DE JESUS;58 anos;GRUPO - ELETRONEUROMIOGRAFIA;G560;65
663094018;21/04/2026;CLEONICE APARECIDA DE JESUS;58 anos;GRUPO - ELETRONEUROMIOGRAFIA;G590;65
663094073;21/04/2026;CARLA DOS SANTOS DE MELO;32 anos;GRUPO - ELETRONEUROMIOGRAFIA;G560;65
663094495;21/04/2026;CREUDES PIRES;74 anos;GRUPO - TOMOGRAFIA COMPUTADORIZADA;C349;65
663094566;21/04/2026;NOREMY CARLA ZONZINI LATTANZIO;57 anos;GRUPO - ELETRONEUROMIOGRAFIA;M501;65
663094587;21/04/2026;LUCIA LEITE PEREIRA PINTO;54 anos;GRUPO - TOMOGRAFIA COMPUTADORIZADA;R103;65
663094691;21/04/2026;ELLEN CAROLINE SOUZA DOS SANTOS;23 anos;GRUPO - ELETRONEUROMIOGRAFIA;M79;65
663094760;21/04/2026;NEUSA BROETTO SIQUEIRA;70 anos;GRUPO - ELETRONEUROMIOGRAFIA;M54;65
663094856;21/04/2026;MARIA FRANCISCA DA SILVA;74 anos;GRUPO - TOMOGRAFIA COMPUTADORIZADA;K21;65
663094918;21/04/2026;EDIVANJA BORGES XAVIER DA MATA;43 anos;GRUPO - ELETRONEUROMIOGRAFIA;M513;65
663094933;21/04/2026;NIVALDO GOMES DE ARRUDA;68 anos;GRUPO - ELETRONEUROMIOGRAFIA;S06;65
663094957;21/04/2026;NIVALDO GOMES DE ARRUDA;68 anos;GRUPO - ELETRONEUROMIOGRAFIA;S06;65
663094996;21/04/2026;FRANCINEIDE SILVA DE SOUZA OLIVEIRA;53 anos;GRUPO - ELETRONEUROMIOGRAFIA;G560;65
663095040;21/04/2026;NADIR DE FATIMA DA SILVA NARCISO;50 anos;GRUPO - ELETRONEUROMIOGRAFIA;M542;65
663095057;21/04/2026;CARMEM OLINDA FERREIRA COELHO;50 anos;GRUPO - TOMOGRAFIA COMPUTADORIZADA;R51;65
663095067;21/04/2026;FRANCIANE ROSA;38 anos;GRUPO - ELETRONEUROMIOGRAFIA;M792;65
663095096;21/04/2026;OLGA LARSON DE ARAUJO;57 anos;GRUPO - ELETRONEUROMIOGRAFIA;G560;65
663095156;21/04/2026;ORALDO NUNES MARQUES;63 anos;GRUPO - ELETRONEUROMIOGRAFIA;G560;65
663095182;21/04/2026;FELIPE LADEIA;34 anos;GRUPO - ELETRONEUROMIOGRAFIA;G632;65
663095194;21/04/2026;PAULO ROBERTO FERREIRA EVANGELISTA;45 anos;GRUPO - ELETRONEUROMIOGRAFIA;M54;65
663095263;21/04/2026;DEBORA CLAUDINO DA SILVA ACOSTA MONTEIRO;45 anos;GRUPO - ELETRONEUROMIOGRAFIA;M511;65
663095509;21/04/2026;GELSA MARIA DIAS;42 anos;GRUPO - ELETRONEUROMIOGRAFIA;G560;65
663095571;21/04/2026;NANCY LEDA MANSO CUNHA;74 anos;COLONOSCOPIA;C18;65
663095579;21/04/2026;WALDECY REGIA DA SILVA BRAGA;67 anos;GRUPO - ELETRONEUROMIOGRAFIA;M54;65
663095583;21/04/2026;HAYANA DE PAULA LIMA RODRIGUES;36 anos;GRUPO - ELETRONEUROMIOGRAFIA;M54;65
663095625;21/04/2026;HELOISA MESQUITA VILHALVA;55 anos;GRUPO - ELETRONEUROMIOGRAFIA;G560;65
663095649;21/04/2026;YARA QUEIROZ SILVA DE SOUZA;48 anos;GRUPO - ELETRONEUROMIOGRAFIA;G560;65
663095733;21/04/2026;VALDIRENE BERNARDO DE OLIVEIRA SOUZA;46 anos;GRUPO - ELETRONEUROMIOGRAFIA;M549;65
663095736;21/04/2026;VILMAR HAINASKI DO CARMO;58 anos;ENDOSCOPIA DIGESTIVA ALTA;K297;65
663095776;21/04/2026;MARIA DE LIMA;65 anos;GRUPO - RESSONANCIA MAGNETICA;M545;65
663095836;21/04/2026;MARIA DAS DORES MOREIRA DA SILVA;50 anos;GRUPO - RESSONANCIA MAGNETICA;M545;65
663095842;21/04/2026;KLEITON MAGNO DE MORAIS DELGADO;37 anos;GRUPO - RESSONANCIA MAGNETICA;M233;65
663095903;21/04/2026;MARCIANA DE JESUS SILVA;43 anos;GRUPO - RESSONANCIA MAGNETICA;M751;65
663095912;21/04/2026;KAYLLAN BENICIO FELIX SOUZA;1 ano;GRUPO - RESSONANCIA MAGNETICA;G40;65
663095923;21/04/2026;MARTA ROSA DOS REIS;48 anos;ENDOSCOPIA DIGESTIVA ALTA;K30;65
663095972;21/04/2026;KELVYN RIBEIRO DA SILVA;29 anos;GRUPO - RESSONANCIA MAGNETICA;S430;65
663095981;21/04/2026;MARIA LUCIMAR DE SOUZA CIQUEIRA;59 anos;GRUPO - RESSONANCIA MAGNETICA;M545;65
663096015;21/04/2026;MARINA GONCALVES;53 anos;COLONOSCOPIA;K291;65
663096036;21/04/2026;KELVEN LUIS SILVA;34 anos;GRUPO - RESSONANCIA MAGNETICA;S830;65
663096048;21/04/2026;ROSIMAR BARALDI DA SILVA DOS SANTOS;47 anos;GRUPO - ELETRONEUROMIOGRAFIA;G560;65
663096069;21/04/2026;KATIA CRISTINA JORGE BATISTA;57 anos;GRUPO - RESSONANCIA MAGNETICA;M545;65
663096099;21/04/2026;MARISA PIRES DE ANDRADE;53 anos;GRUPO - RESSONANCIA MAGNETICA;M542;65
663096156;21/04/2026;LUDIO DA SILVA;46 anos;GRUPO - RESSONANCIA MAGNETICA;M751;65
663096230;21/04/2026;CAMILA CARVALHO DE OLIVEIRA;33 anos;ENDOSCOPIA DIGESTIVA ALTA;K297;65
663096238;21/04/2026;MARILENE SILVA MATOS;62 anos;GRUPO - RESSONANCIA MAGNETICA;M545;65
663096265;21/04/2026;NAIR DO PRADO DA SILVA;69 anos;COLONOSCOPIA;K635;65
663096267;21/04/2026;MARILENE SILVA MATOS;62 anos;GRUPO - RESSONANCIA MAGNETICA;M542;65
663096289;21/04/2026;SANDRA APARECIDA FRANCO DUTRA;49 anos;GRUPO - ELETRONEUROMIOGRAFIA;S860;65
663096308;21/04/2026;MARIA SONIA DOS SANTOS;67 anos;GRUPO - RESSONANCIA MAGNETICA;M161;65
663096313;21/04/2026;LUCIMAR ALVES DE LIMA;44 anos;GRUPO - RESSONANCIA MAGNETICA;M531;65
663096332;21/04/2026;LUCIMAR ALVES DE LIMA;44 anos;GRUPO - RESSONANCIA MAGNETICA;M531;65
663096333;21/04/2026;MARLUCE PESSOA;71 anos;GRUPO - RESSONANCIA MAGNETICA;M751;65
663096368;21/04/2026;MADALENA DO NASCIMENTO MONTESSI;61 anos;GRUPO - RESSONANCIA MAGNETICA;M87;65
663096415;21/04/2026;NEURI RASCHE;59 anos;ENDOSCOPIA DIGESTIVA ALTA;K297;65
663096426;21/04/2026;SEBASTIAO BARBOSA DE ARRUDA NETO;58 anos;GRUPO - ELETRONEUROMIOGRAFIA;G632;65
663096429;21/04/2026;MARIA LUCIA DE OLIVEIRA VILALVA;67 anos;GRUPO - RESSONANCIA MAGNETICA;M545;65
663096439;21/04/2026;SEBASTIAO BARBOSA DE ARRUDA NETO;58 anos;GRUPO - ELETRONEUROMIOGRAFIA;G632;65
663096444;21/04/2026;SONIA LUCIA NEVES PIRES;63 anos;ENDOSCOPIA DIGESTIVA ALTA;K297;65
663096481;21/04/2026;MARIVANE RODRIGUES DA SILVA;39 anos;GRUPO - RESSONANCIA MAGNETICA;S835;65
663096484;21/04/2026;SANDRA BISPO DOS SANTOS;58 anos;GRUPO - ELETRONEUROMIOGRAFIA;M545;65
663096492;21/04/2026;LUCAS NERY DE OLIVEIRA;30 anos;GRUPO - RESSONANCIA MAGNETICA;S400;65
663096528;21/04/2026;MARIA ILMA DE SOUZA;55 anos;COLONOSCOPIA;K922;65
663096533;21/04/2026;LEILA APARECIDA FONSECA DE ALMEIDA;55 anos;GRUPO - RESSONANCIA MAGNETICA;M751;65
663096563;21/04/2026;LENICE SANTOS DE MATOS;30 anos;GRUPO - RESSONANCIA MAGNETICA;S835;65
663096584;21/04/2026;MATEUS HENRIQUE ANDREATTI DA SILVA;21 anos;GRUPO - RESSONANCIA MAGNETICA;S835;65
663096612;21/04/2026;LENICE SANTOS DE MATOS;30 anos;GRUPO - RESSONANCIA MAGNETICA;M751;65
663096613;21/04/2026;MARLON NEY DIAS SOARES;19 anos;GRUPO - RESSONANCIA MAGNETICA;S83;65
663096652;21/04/2026;MARILENE JOSEFA DE OLIVEIRA;66 anos;GRUPO - RESSONANCIA MAGNETICA;M54;65
663096685;21/04/2026;MARIA MARCILENE DA SILVA OLIVEIRA;48 anos;GRUPO - RESSONANCIA MAGNETICA;M542;65
663096690;21/04/2026;LAURENIL SOARES SALLES;55 anos;GRUPO - RESSONANCIA MAGNETICA;M751;65
663096721;21/04/2026;LUIS AUGUSTO GARCIA;52 anos;GRUPO - RESSONANCIA MAGNETICA;M511;65
663096734;21/04/2026;MARIA DAS GRACAS MELO FERREIRA;46 anos;GRUPO - RESSONANCIA MAGNETICA;M531;65
663096765;21/04/2026;LUCIMAR FERREIRA DIAS;54 anos;GRUPO - RESSONANCIA MAGNETICA;M511;65
663096774;21/04/2026;MARIA DE FATIMA SILVA BARBOSA LEAL;56 anos;GRUPO - RESSONANCIA MAGNETICA;S830;65
663096799;21/04/2026;NELCLAIR RODRIGUES TALAVEIRA;45 anos;GRUPO - RESSONANCIA MAGNETICA;M513;65
663096804;21/04/2026;MARIA ODETE FABIANO DOS SANTOS;47 anos;GRUPO - RESSONANCIA MAGNETICA;M545;65
663096828;21/04/2026;MARIA LUCILENE LOPES DE MACEDO;51 anos;GRUPO - RESSONANCIA MAGNETICA;M545;65
663096844;21/04/2026;NADIA ANDREIA MANN RONCALHIO;45 anos;GRUPO - RESSONANCIA MAGNETICA;M501;65
663096853;21/04/2026;LEONARA BARALDI GUIDINI;50 anos;GRUPO - RESSONANCIA MAGNETICA;D16;65
663096859;21/04/2026;MARIA ALICE DE SOUZA;4 anos;GRUPO - RESSONANCIA MAGNETICA;F808;65
663096878;21/04/2026;MAURA PEREIRA DA CRUZ;69 anos;GRUPO - RESSONANCIA MAGNETICA;M545;65
663096896;21/04/2026;MARIUZA FERREIRA PEDROSO SILVA;57 anos;GRUPO - RESSONANCIA MAGNETICA;M751;65
663096910;21/04/2026;NILVA APARECIDA DE SOUSA DOMINGOS;51 anos;GRUPO - RESSONANCIA MAGNETICA;M511;65
663096919;21/04/2026;MARILEUZA ORIVES VALIM MARTOS;66 anos;GRUPO - RESSONANCIA MAGNETICA;M765;65
663096925;21/04/2026;MAYSA CIDRAO ROSA;61 anos;GRUPO - RESSONANCIA MAGNETICA;M501;65
663096938;21/04/2026;MARINA FERREIRA LOPES;70 anos;GRUPO - RESSONANCIA MAGNETICA;M544;65
663096966;21/04/2026;MARIA VALDINETE DO CARMO SILVA BONNES;43 anos;GRUPO - RESSONANCIA MAGNETICA;S934;65
663096988;21/04/2026;MAYSA CIDRAO ROSA;61 anos;GRUPO - RESSONANCIA MAGNETICA;M501;65
663096992;21/04/2026;MARIA VALDINETE DO CARMO SILVA BONNES;43 anos;GRUPO - RESSONANCIA MAGNETICA;M545;65
663096993;21/04/2026;NILMA FELICIO FARIA NOGUEIRA;62 anos;GRUPO - RESSONANCIA MAGNETICA;M543;65
663097017;21/04/2026;MAYARA CRISTINA MANN;33 anos;GRUPO - RESSONANCIA MAGNETICA;M255;65
663097032;21/04/2026;NEUZA ALVES DE OLIVEIRA;65 anos;GRUPO - RESSONANCIA MAGNETICA;M545;65
663097044;21/04/2026;MARIA SONIA DOS SANTOS;67 anos;GRUPO - RESSONANCIA MAGNETICA;M545;65
663097049;21/04/2026;ARI CIDRAO ROSA;40 anos;GRUPO - RESSONANCIA MAGNETICA;S525;65
663097069;21/04/2026;NAIR DE ALMEIDA VIANNA;82 anos;GRUPO - RESSONANCIA MAGNETICA;M179;65
663097070;21/04/2026;MARIA LUCILENE LOPES DE MACEDO;51 anos;GRUPO - RESSONANCIA MAGNETICA;M542;65
663097088;21/04/2026;ANELISE CIDRAO ROSA;36 anos;GRUPO - RESSONANCIA MAGNETICA;M545;65
663097099;21/04/2026;MARCO ANTONIO GABRIEL DE BRITO;25 anos;GRUPO - RESSONANCIA MAGNETICA;F29;65
663097103;21/04/2026;NEUZA BRAGA DE CARVALHO;66 anos;GRUPO - RESSONANCIA MAGNETICA;S833;65
663097143;21/04/2026;MARIA ANTONIA ELIAS DA SILVA;66 anos;GRUPO - RESSONANCIA MAGNETICA;M179;65
663097165;21/04/2026;LEONICE TOMAZONI LEAO;60 anos;GRUPO - RESSONANCIA MAGNETICA;M751;65
663097171;21/04/2026;NEUSA BROETTO SIQUEIRA;70 anos;GRUPO - RESSONANCIA MAGNETICA;M53;65
663097203;21/04/2026;MARIA ANTONIA ELIAS DA SILVA;66 anos;GRUPO - RESSONANCIA MAGNETICA;M179;65
663097245;21/04/2026;LUCIANE GUILHERMINA PREUSSLER KIRCH;42 anos;GRUPO - RESSONANCIA MAGNETICA;M549;65
663097268;21/04/2026;MARIA APARECIDA DE OLIVEIRA;71 anos;GRUPO - RESSONANCIA MAGNETICA;M751;65
663097282;21/04/2026;LUCIA MARA DE MATOS VILELA;49 anos;GRUPO - RESSONANCIA MAGNETICA;M545;65
663097325;21/04/2026;MARIA DA SILVA DIVINO;58 anos;GRUPO - RESSONANCIA MAGNETICA;M542;65
663097356;21/04/2026;MARLENE GUEDIN GINDRI;61 anos;GRUPO - RESSONANCIA MAGNETICA;M171;65
663097392;21/04/2026;ORVANIR ANGELO DOS SANTOS;78 anos;GRUPO - RESSONANCIA MAGNETICA;M501;65
663097394;21/04/2026;MARLENE GUEDIN GINDRI;61 anos;GRUPO - RESSONANCIA MAGNETICA;M542;65
663097414;21/04/2026;LOURDES TREVISAN MARCHI;72 anos;GRUPO - RESSONANCIA MAGNETICA;M751;65
663097427;21/04/2026;MARIA DE FATIMA PEREIRA DOS SANTOS;56 anos;GRUPO - RESSONANCIA MAGNETICA;M771;65
663097436;21/04/2026;OVIEDO FEITOSA SANTOS;51 anos;GRUPO - RESSONANCIA MAGNETICA;S32;65
663097456;21/04/2026;LENIRA DARBEN MARTINI;64 anos;GRUPO - RESSONANCIA MAGNETICA;M751;65
663097468;21/04/2026;MARCIA CRISTINA PIRES DANTAS;56 anos;GRUPO - RESSONANCIA MAGNETICA;M224;65
663097509;21/04/2026;LUCAS DE SOUZA;26 anos;GRUPO - RESSONANCIA MAGNETICA;S835;65
663097515;21/04/2026;OSVALDO PROCOPIO DA SILVA DE SOUZA;58 anos;GRUPO - RESSONANCIA MAGNETICA;M545;65
663097569;21/04/2026;MARIA CARDOZO GONCALVES DA SILVA;61 anos;GRUPO - RESSONANCIA MAGNETICA;M179;65
663097583;21/04/2026;LUZIA IDETE COSTA VALLOVERA TOME;53 anos;GRUPO - RESSONANCIA MAGNETICA;M751;65
663097593;21/04/2026;OSEIAS PAIAO PEREIRA;52 anos;GRUPO - RESSONANCIA MAGNETICA;M545;65
663097672;21/04/2026;MARIA DO CARMO FERNANDES;48 anos;GRUPO - RESSONANCIA MAGNETICA;M233;65
663097775;21/04/2026;LUANA BATISTA DE ALENCAR;33 anos;GRUPO - RESSONANCIA MAGNETICA;M545;65
663097785;21/04/2026;PEDRO FERREIRA DE SOUZA;27 anos;GRUPO - RESSONANCIA MAGNETICA;S434;65
663097848;21/04/2026;LUCAS DE SOUSA SILVA;31 anos;GRUPO - RESSONANCIA MAGNETICA;M233;65
663097863;21/04/2026;RAFAEL DA SILVA DE OLIVEIRA;31 anos;GRUPO - RESSONANCIA MAGNETICA;M545;65
663097873;21/04/2026;PAULO HENRIQUE FIGUEIREDO DA ROSA DE SOUZA;46 anos;GRUPO - RESSONANCIA MAGNETICA;M511;65
663097899;21/04/2026;RAIMUNDA RODRIGUES DE OLIVEIRA;58 anos;GRUPO - RESSONANCIA MAGNETICA;M511;65
663097913;21/04/2026;MARIA TERESINHA LORENCET;62 anos;GRUPO - RESSONANCIA MAGNETICA;M751;65
663097930;21/04/2026;LUIZ ALBERTO DE OLIVEIRA;43 anos;GRUPO - RESSONANCIA MAGNETICA;M501;65
663097940;21/04/2026;ROGERIO LUIZ BARALDI;53 anos;GRUPO - RESSONANCIA MAGNETICA;M751;65
663097974;21/04/2026;LUIZ ALBERTO DE OLIVEIRA;43 anos;GRUPO - RESSONANCIA MAGNETICA;M544;65
663097994;21/04/2026;RONALDO LOPES COIMBRA;52 anos;GRUPO - RESSONANCIA MAGNETICA;M545;65
663098030;21/04/2026;MARIA BASTOS DOS ANJOS;79 anos;GRUPO - RESSONANCIA MAGNETICA;M494;65
663098032;21/04/2026;ROSEMARI DE LIMA RODRIGUES;60 anos;GRUPO - RESSONANCIA MAGNETICA;M542;65
663098046;21/04/2026;LUCIANA DA SILVA SANTOS;47 anos;GRUPO - RESSONANCIA MAGNETICA;D352;65
663098103;21/04/2026;MARIA ZELIA FERREIRA OLIVEIRA ALVES;65 anos;GRUPO - RESSONANCIA MAGNETICA;M545;65
663098130;21/04/2026;PATRICIA APARECIDA DE PAULA;56 anos;GRUPO - RESSONANCIA MAGNETICA;M545;65
663098152;21/04/2026;MARIA ZELIA FERREIRA OLIVEIRA ALVES;65 anos;GRUPO - RESSONANCIA MAGNETICA;M179;65
663098155;21/04/2026;ROSELI FERNANDES;56 anos;GRUPO - RESSONANCIA MAGNETICA;M545;65
663098178;21/04/2026;LUCILENE LEITE BARBOSA;51 anos;GRUPO - RESSONANCIA MAGNETICA;M545;65
663098226;21/04/2026;LUCIA FERREIRA MARION HAINASKI;38 anos;GRUPO - RESSONANCIA MAGNETICA;M765;65
663098294;21/04/2026;LUCIA FERREIRA MARION HAINASKI;38 anos;GRUPO - RESSONANCIA MAGNETICA;M751;65
663098319;21/04/2026;MARGARIDA DA SILVA FERREIRA;63 anos;GRUPO - RESSONANCIA MAGNETICA;M54;65
663098360;21/04/2026;MADALENA SIQUEIRA;63 anos;GRUPO - RESSONANCIA MAGNETICA;M545;65
663098364;21/04/2026;LUCILA PAIVA DE LIMA;77 anos;GRUPO - RESSONANCIA MAGNETICA;N179;65
663098410;21/04/2026;MADALENA SIQUEIRA;63 anos;GRUPO - RESSONANCIA MAGNETICA;M545;65
663098411;21/04/2026;PATRICIA ROSA CAPONI RODRIGUES;38 anos;GRUPO - RESSONANCIA MAGNETICA;N939;65
663098414;21/04/2026;ROSANIA APARECIDA BALTA IAHN;57 anos;GRUPO - RESSONANCIA MAGNETICA;M170;65
663098417;21/04/2026;LAUDILENE VALERIO DE ARRUDA SILVA;56 anos;GRUPO - RESSONANCIA MAGNETICA;M545;65
663098444;21/04/2026;RONALDO PAIXAO FIEL SANTOS;30 anos;GRUPO - RESSONANCIA MAGNETICA;M545;65
663098471;21/04/2026;ROSA MARIA PEREIRA DA SILVA;54 anos;GRUPO - RESSONANCIA MAGNETICA;M179;65
663098539;21/04/2026;ROSANE MORBEQUE VIEIRA;31 anos;GRUPO - RESSONANCIA MAGNETICA;M751;65
663098575;21/04/2026;RITA DE CASSIA SILVA;42 anos;GRUPO - RESSONANCIA MAGNETICA;M54;65
663098591;21/04/2026;SONIA APARECIDA PEREIRA DA COSTA;52 anos;GRUPO - RESSONANCIA MAGNETICA;M224;65
663098604;21/04/2026;MARCIA JORGE SANTANA DA SILVA;50 anos;GRUPO - RESSONANCIA MAGNETICA;M224;65
663098667;21/04/2026;ROSI MARIA ZANDOMENICHI;58 anos;GRUPO - RESSONANCIA MAGNETICA;M751;65
663098671;21/04/2026;MARIA ELIZABETE DE MATTOS MARION;64 anos;GRUPO - RESSONANCIA MAGNETICA;C724;65
663098714;21/04/2026;RAIMUNDO RIBEIRO DA COSTA;68 anos;GRUPO - RESSONANCIA MAGNETICA;M545;65
663098737;21/04/2026;MARIA LUCIANA LOUREIRO SAMPAIO;61 anos;GRUPO - RESSONANCIA MAGNETICA;M751;65
663098765;21/04/2026;SANTA DE FATIMA PEREIRA;71 anos;GRUPO - RESSONANCIA MAGNETICA;M545;65
663098778;21/04/2026;JENI ALVES DOS SANTOS;78 anos;GRUPO - RESSONANCIA MAGNETICA;M545;65
663098825;21/04/2026;SILENE FERREIRA DO CARMO;51 anos;GRUPO - RESSONANCIA MAGNETICA;M179;65
663098846;21/04/2026;MARIA DO SOCORRO FABIANO;54 anos;GRUPO - RESSONANCIA MAGNETICA;G20;65
663098867;21/04/2026;JOSE DE SOUZA;64 anos;GRUPO - RESSONANCIA MAGNETICA;M713;65
663098888;21/04/2026;SILENE FERREIRA DO CARMO;51 anos;GRUPO - RESSONANCIA MAGNETICA;M545;65
663098910;21/04/2026;WILAS GOMES DE LIMA;32 anos;GRUPO - RESSONANCIA MAGNETICA;M542;65
663098924;21/04/2026;MARIA EDUARDA SOUSA GOMES;19 anos;GRUPO - RESSONANCIA MAGNETICA;R55;65
663098928;21/04/2026;JOAO BATISTA LEAL;63 anos;GRUPO - RESSONANCIA MAGNETICA;N200;65
663098960;21/04/2026;WELLINGTON RODRIGUES TORALES;35 anos;GRUPO - RESSONANCIA MAGNETICA;S460;65
663099013;21/04/2026;MARIANA BERNARDI HEINZ;3 anos;GRUPO - RESSONANCIA MAGNETICA;R628;65
663099055;21/04/2026;SONIA ROSANGELA BORGES LEAL VICENTE;55 anos;GRUPO - RESSONANCIA MAGNETICA;M549;65
663099060;21/04/2026;WANDERLEI CARDOSO TAVARES CALONGA;50 anos;GRUPO - RESSONANCIA MAGNETICA;M233;65
663099071;21/04/2026;MARIA AUXILIADORA MORAIS VIEIRA;64 anos;GRUPO - RESSONANCIA MAGNETICA;M751;65
663099082;21/04/2026;SONIA ROSANGELA BORGES LEAL VICENTE;55 anos;GRUPO - RESSONANCIA MAGNETICA;M549;65
663099097;21/04/2026;WANDERLEI CARDOSO TAVARES CALONGA;50 anos;GRUPO - RESSONANCIA MAGNETICA;M545;65
663099118;21/04/2026;JOSE CARLOS DUTRA CHIMENES;55 anos;GRUPO - RESSONANCIA MAGNETICA;M751;65
663099251;21/04/2026;JUAREZ DOS SANTOS;66 anos;GRUPO - RESSONANCIA MAGNETICA;M17;65
663099281;21/04/2026;YURI FERREIRA SILVA;3 anos;GRUPO - RESSONANCIA MAGNETICA;F80;65
663099313;21/04/2026;JOAO CAMARGO CARDOSO JUNIOR;43 anos;GRUPO - RESSONANCIA MAGNETICA;M545;65
663099398;21/04/2026;ZILDA NUNES DE CARVALHO;45 anos;GRUPO - RESSONANCIA MAGNETICA;S832;65
663099418;21/04/2026;MARIA APARECIDA GONCALVES DA SILVA AMARAL;64 anos;GRUPO - RESSONANCIA MAGNETICA;M994;65
663099424;21/04/2026;JENIFER MORAIS SILVESTRE FERREIRA;53 anos;GRUPO - RESSONANCIA MAGNETICA;M511;65
663099438;21/04/2026;ZILDA BALBINOT SIMONETTI;58 anos;GRUPO - RESSONANCIA MAGNETICA;M255;65
663099466;21/04/2026;ZELI MARIA DAL SANTO;65 anos;GRUPO - RESSONANCIA MAGNETICA;M255;65
663099471;21/04/2026;JOSEFA DA SILVA;60 anos;GRUPO - RESSONANCIA MAGNETICA;M542;65
663099492;21/04/2026;MARIA CONCEICAO DE LIMA;72 anos;GRUPO - RESSONANCIA MAGNETICA;M751;65
663099541;21/04/2026;MARIA JOSE RODRIGUES DO PRADO OLIVEIRA;50 anos;GRUPO - RESSONANCIA MAGNETICA;M545;65
663099569;21/04/2026;JOANA DARC RAMOS DE AMORIM;48 anos;GRUPO - RESSONANCIA MAGNETICA;S836;65
663099586;21/04/2026;MARLEI ROCHA SOUZA;59 anos;GRUPO - RESSONANCIA MAGNETICA;M255;65
663099606;21/04/2026;JAMILY VICTORIA MONTESSI GALLEANO;16 anos;GRUPO - RESSONANCIA MAGNETICA;M222;65
663099629;21/04/2026;MARIA FAUSTINA RIBEIRO DOS SANTOS;73 anos;GRUPO - RESSONANCIA MAGNETICA;M179;65
663099636;21/04/2026;SUELI PEREIRA DOS SANTOS;60 anos;GRUPO - RESSONANCIA MAGNETICA;M545;65
663099644;21/04/2026;JOSEFA JESUS DE CARVALHO;71 anos;GRUPO - RESSONANCIA MAGNETICA;M179;65
663099665;21/04/2026;MIRIAN RIBEIRO DOS SANTOS;51 anos;GRUPO - RESSONANCIA MAGNETICA;S934;65
663099679;21/04/2026;SIRLEI ARBO BONES;45 anos;GRUPO - RESSONANCIA MAGNETICA;M767;65
663099716;21/04/2026;MARIZA ELAINE DA SILVA XERES;50 anos;GRUPO - RESSONANCIA MAGNETICA;M511;65
663099753;21/04/2026;SILVANA DINIZ DOS SANTOS CARDOSO;44 anos;GRUPO - RESSONANCIA MAGNETICA;R102;65
663099789;21/04/2026;SILVANA DINIZ DOS SANTOS CARDOSO;44 anos;GRUPO - RESSONANCIA MAGNETICA;R102;65
663099828;21/04/2026;JUSSARA APARECIDA PROENCA;47 anos;GRUPO - RESSONANCIA MAGNETICA;M544;65
663099861;21/04/2026;JOSE FRANCISCO PEREIRA DE SOUZA;63 anos;GRUPO - RESSONANCIA MAGNETICA;M751;65
663099922;21/04/2026;MARIZA ELAINE DA SILVA XERES;50 anos;GRUPO - RESSONANCIA MAGNETICA;M511;65
663099956;21/04/2026;JAINE CRISTINA DA SILVA CAVALCANTE;48 anos;GRUPO - RESSONANCIA MAGNETICA;M751;65
663099968;21/04/2026;MARTA APARECIDA SANTOS CANDIDO;59 anos;GRUPO - RESSONANCIA MAGNETICA;M751;65
663099986;21/04/2026;SIDNEI PEREIRA CARDOSO;48 anos;GRUPO - RESSONANCIA MAGNETICA;M765;65
663099996;21/04/2026;JOAQUIM GIACOMINI;67 anos;GRUPO - RESSONANCIA MAGNETICA;M751;65
663100031;21/04/2026;SOLANGE PASQUALI GUEDIN;58 anos;GRUPO - RESSONANCIA MAGNETICA;M545;65
663100033;21/04/2026;JOAO MARCOS FERREIRA PEREIRA;29 anos;GRUPO - RESSONANCIA MAGNETICA;M54;65
663100077;21/04/2026;SIMONE PEREIRA DE ARAUJO;39 anos;GRUPO - RESSONANCIA MAGNETICA;M511;65
663100137;21/04/2026;SEBASTIANA VIEIRA MOURA;58 anos;GRUPO - RESSONANCIA MAGNETICA;M545;65
663100182;21/04/2026;JOSE ALVES MARTOS;71 anos;GRUPO - RESSONANCIA MAGNETICA;M431;65
663100204;21/04/2026;SUELI LOUVEIRA DA SILVA;55 anos;GRUPO - RESSONANCIA MAGNETICA;M545;65
663100252;21/04/2026;SUELI LOUVEIRA DA SILVA;55 anos;GRUPO - RESSONANCIA MAGNETICA;M751;65
663100264;21/04/2026;JOAQUIM FERREIRA DA SILVA;60 anos;GRUPO - RESSONANCIA MAGNETICA;M543;65
663100307;21/04/2026;JUNIOR DOS SANTOS PEREIRA;35 anos;GRUPO - RESSONANCIA MAGNETICA;M233;65
663100323;21/04/2026;SERGIO DE ASSIS MACEDO DA CONCEICAO;31 anos;GRUPO - RESSONANCIA MAGNETICA;S835;65
663100331;21/04/2026;JOAO BATISTA SOBRINHO;63 anos;GRUPO - RESSONANCIA MAGNETICA;M545;65
663100335;21/04/2026;SERGIO DE ASSIS MACEDO DA CONCEICAO;31 anos;GRUPO - RESSONANCIA MAGNETICA;S835;65
663100363;21/04/2026;JOYCE GONCALVES DE ALMEIDA;37 anos;GRUPO - RESSONANCIA MAGNETICA;M542;65
668871254;21/05/2026;LEONTINA URBANO DA SILVA;77 anos;GRUPO - US DOPPLER COLORIDO DE TRES VASOS;I839;35
668876831;21/05/2026;LEONTINA URBANO DA SILVA;77 anos;GRUPO - US DOPPLER COLORIDO DE TRES VASOS;I839;35
668882776;21/05/2026;ALFREDO INACIO DE SOUSA;71 anos;ENDOSCOPIA DIGESTIVA ALTA;K57;35
668911196;21/05/2026;VILMA LOPES DA SILVA DE CAMPOS;54 anos;CONSULTA EM NEUROCIRURGIA - GERAL;G513;35
668955898;21/05/2026;FELIPE FERREIRA THONIASO;18 anos;GRUPO - RESSONANCIA MAGNETICA;M233;35
669090965;21/05/2026;IODA MARIA INACIA RODA;70 anos;CONSULTA EM ENDOCRINOLOGIA E METABOLOGIA - ADULTO;E039;35
669093787;21/05/2026;JEAN PIERRI RONDON BARRA;51 anos;CATETERISMO CARDIACO;I209;35
669100400;21/05/2026;INES LIBERA REBECHI;63 anos;COLONOSCOPIA;K635;35
669106977;21/05/2026;ESTELINA APARECIDA CORDEIRO;61 anos;ENDOSCOPIA DIGESTIVA ALTA;K20;35
423456444;21/06/2022;JOSNILSON ALEX VASQUEZ;39 anos;CONSULTA EM NEUROCIRURGIA - GERAL;M541;1465
479917280;21/06/2023;ZELI MARIA DOS SANTOS;64 anos;CONSULTA EM OFTALMOLOGIA - RETINA GERAL;H335;1100
542610960;21/06/2024;MARIA APARECIDA DOS SANTOS;77 anos;CONSULTA EM OFTALMOLOGIA - GLAUCOMA;H401;734
542761490;21/06/2024;ERIK INACIO NORBEQUE RIEDO;15 anos;CONSULTA EM CIRURGIA OTORRINOLARINGOLOGIA;H903;734
542764131;21/06/2024;VALDOMIRO SILVEIRA;75 anos;CONSULTA EM ENDOCRINOLOGIA - PACIENTES DIABETICOS;E102;734
613291934;21/07/2025;MARINA FERREIRA LOPES;70 anos;CONSULTA EM REUMATOLOGIA - ADULTO;M255;339
613351903;21/07/2025;METILDE BERWANGER;76 anos;CONSULTA EM REUMATOLOGIA - ADULTO;M06;339
613448009;21/07/2025;CICERO RODRIGUES COSTA;57 anos;CONSULTA EM CIRURGIA ORTOPEDICA-QUADRIL;M169;339
613505131;21/07/2025;MARINA DE OLIVEIRA ALVES;76 anos;CONSULTA EM CIRURGIA VASCULAR PARA FISTULA HEMODIALISE SIMPLES;N180;339
613539179;21/07/2025;JOSE JESUS NASCIMENTO ARRUDA;48 anos;CONSULTA EM REUMATOLOGIA - ADULTO;M071;339
490299636;21/08/2023;ELIZABETT FRANCA DE OLIVEIRA;60 anos;CONSULTA EM CIRURGIA ORTOPEDICA - COLUNA;M513;1039
619640758;21/08/2025;BRUNO VINICIUS DA COSTA PALMA;11 anos;CONSULTA EM CIRURGIA DE CABECA E PESCOCO - GERAL;Q18;308
496096902;21/09/2023;HEITOR BORGES DE FREITAS AZEVEDO;7 anos;CONSULTA EM ORTOPEDIA - PEDIATRIA;Q668;1008
442996648;21/10/2022;PEDRO VALENTIN BORSOI SOUZA;13 anos;CONSULTA EM OFTALMOLOGIA - ESTRABISMO;H508;1343
565790171;21/10/2024;MARCEL EMERSON FLORES NUNES DE ANDRADE;52 anos;CONSULTA EM GASTROENTEROLOGIA - GERAL;K295;612
565802910;21/10/2024;EZIA DE ALMEIDA MARTINS;43 anos;CONSULTA EM OFTALMOLOGIA - PLASTICA OCULAR;H449;612
565839633;21/10/2024;ANA NISA DA SILVA;79 anos;CONSULTA EM OFTALMOLOGIA - RETINA GERAL;H353;612
631560736;21/10/2025;EUNICE FERNANDA DA COSTA FERNANDES;11 anos;CONSULTA EM CARDIOLOGIA - PEDIATRIA;Q123;247
631627300;21/10/2025;DEILDE FERNANDES VIEGAS;65 anos;CONSULTA EM ENDOCRINOLOGIA E METABOLOGIA - ADULTO;E07;247
447397675;21/11/2022;MARIA DE FATIMA FERREIRA DA SILVA;48 anos;CONSULTA EM OFTALMOLOGIA - PLASTICA OCULAR;H023;1312
447399112;21/11/2022;ODETE BICCIGO;63 anos;CONSULTA EM ORTOPEDIA - JOELHO;M171;1312
447400187;21/11/2022;EULINA GOMES DA SILVA;53 anos;CONSULTA EM CIRURGIA ORTOPEDICA - OMBROS;M754;1312
515218555;22/01/2024;IRYS BEATRIZ DE OLIVEIRA BARRETO;7 anos;CONSULTA EM NEUROLOGIA - PEDIATRIA;G40;885
515450146;22/01/2024;ZERLI DE QUADROS;52 anos;CONSULTA EM OFTALMOLOGIA - PLASTICA OCULAR;H001;885
515450631;22/01/2024;MARIA ANISIA JARA;52 anos;CONSULTA EM OFTALMOLOGIA - PLASTICA OCULAR;H028;885
580091692;22/01/2025;CLAUDETE PAULINO;63 anos;CONSULTA EM NEUROCIRURGIA - GERAL;I671;519
580092952;22/01/2025;DANRLEY BATISTA PETRY;28 anos;CONSULTA EM NEUROCIRURGIA - GERAL;S066;519
580213199;22/01/2025;DORALICE EVANGELISTA DE LIMA;60 anos;CONSULTA EM CIRURGIA DE CABECA E PESCOCO - GERAL;D11;519
580221820;22/01/2025;JAKELYNE MONTAGNA;43 anos;CONSULTA EM NEUROCIRURGIA - GERAL;M501;519
646929403;22/01/2026;FRANCISCA PESSOA DE ARAUJO FREIRE;69 anos;CONSULTA EM ENDOCRINOLOGIA - PACIENTES DIABETICOS;E108;154
647043097;22/01/2026;LUCAS GABRIEL ALVES CABRAL;15 anos;GRUPO - TOMOGRAFIA COMPUTADORIZADA;A157;154
647055185;22/01/2026;EZIA DE ALMEIDA MARTINS;43 anos;GRUPO - ENDOSCOPIA DIGESTIVA;K29;154
647090759;22/01/2026;NILVA APARECIDA DE SOUSA DOMINGOS;51 anos;CONSULTA EM ENDOCRINOLOGIA - PACIENTES DIABETICOS;E10;154
465138000;22/03/2023;JOSE ELTON DE LIMA PEREIRA;45 anos;CONSULTA EM CIRURGIA ORTOPEDICA - COLUNA;M513;1191
531469906;22/04/2024;ARYANE FERNANDA DE SOUZA;23 anos;CONSULTA EM GENETICA MEDICA;Q87;794
531470747;22/04/2024;ISABELLY FERREIRA DA SILVA;3 anos;CONSULTA EM GENETICA MEDICA;Q87;794
531471077;22/04/2024;HELENA DE LIMA SORGATTO;9 anos;CONSULTA EM GENETICA MEDICA;Q87;794
531506497;22/04/2024;SEBASTIANA MA DA SILVA;52 anos;GRUPO - ENDOSCOPIA RESPIRATORIA;D860;794
531591997;22/04/2024;MARINES MOREIRA DE MOURA KOPP;62 anos;CONSULTA EM CIRURGIA PLASTICA - GERAL;L98;794
596434207;22/04/2025;RICARDA MARIA DOS SANTOS SOUZA;67 anos;CONSULTA EM CARDIOLOGIA - MARCAPASSO;Z950;429
596530139;22/04/2025;MARIA LISSADALPRA;59 anos;CONSULTA EM REUMATOLOGIA - ADULTO;M797;429
663150721;22/04/2026;ADEVALDO BENEDITO DE SA;70 anos;GRUPO - TOMOGRAFIA COMPUTADORIZADA;R101;64
663151884;22/04/2026;MANOEL GERONIMO DA SILVA;76 anos;GRUPO - US DOPPLER COLORIDO DE TRES VASOS;I839;64
663158527;22/04/2026;AURENI MOREIRA DA SILVA;51 anos;GRUPO - TOMOGRAFIA COMPUTADORIZADA;S399;64
663160888;22/04/2026;ANDERSON CARLOS DA SILVA NARCISO;41 anos;GRUPO - TOMOGRAFIA COMPUTADORIZADA;K76;64
663163271;22/04/2026;ANTONIO DIAS VIEIRA;71 anos;GRUPO - TOMOGRAFIA COMPUTADORIZADA;R05;64
663165198;22/04/2026;ANTONIA PEREIRA DE SOUZA;47 anos;GRUPO - TOMOGRAFIA COMPUTADORIZADA;R19;64
663167507;22/04/2026;ANDREIA SILVINO;42 anos;GRUPO - TOMOGRAFIA COMPUTADORIZADA;R10;64
663183274;22/04/2026;DELZA ROSA FERREIRA;69 anos;GRUPO - TOMOGRAFIA COMPUTADORIZADA;R06;64
663188708;22/04/2026;DIRCE SOUZA CRUZ DA SILVA;71 anos;GRUPO - TOMOGRAFIA COMPUTADORIZADA;J44;64
663193302;22/04/2026;DOMICIO FERREIRA DA SILVA;79 anos;GRUPO - TOMOGRAFIA COMPUTADORIZADA;R05;64
663195237;22/04/2026;ESTANISLAU ANTONIO ALFONZO;64 anos;GRUPO - TOMOGRAFIA COMPUTADORIZADA;K829;64
663214577;22/04/2026;GERMANO NUNES SALES;74 anos;GRUPO - TOMOGRAFIA COMPUTADORIZADA;J841;64
663218223;22/04/2026;GERSON BOGARIM GONCALVES;56 anos;GRUPO - TOMOGRAFIA COMPUTADORIZADA;K460;64
663221425;22/04/2026;GERSON BOGARIM GONCALVES;56 anos;GRUPO - TOMOGRAFIA COMPUTADORIZADA;K469;64
663229546;22/04/2026;GLEICE SOARES DE SOUZA;47 anos;GRUPO - TOMOGRAFIA COMPUTADORIZADA;D309;64
663232454;22/04/2026;ILIANE FREIBERGER DOS SANTOS;55 anos;GRUPO - TOMOGRAFIA COMPUTADORIZADA;N200;64
663234621;22/04/2026;ILIANE FREIBERGER DOS SANTOS;55 anos;GRUPO - TOMOGRAFIA COMPUTADORIZADA;N200;64
663236281;22/04/2026;ILIAMAR AZEVEDO DE SOUZA;78 anos;GRUPO - TOMOGRAFIA COMPUTADORIZADA;R51;64
663245656;22/04/2026;JOAO CARVALHO CARNEIRO;60 anos;GRUPO - TOMOGRAFIA COMPUTADORIZADA;K746;64
663247542;22/04/2026;JOSE MARCIEL DA CONCEICAO FIRMINO;29 anos;GRUPO - TOMOGRAFIA COMPUTADORIZADA;R51;64
663249026;22/04/2026;JOSIMEIRE CASSIANO RIBEIRO;41 anos;GRUPO - TOMOGRAFIA COMPUTADORIZADA;R51;64
663297728;22/04/2026;IVANE MARIA KUFFEL DE FLESCH;37 anos;GRUPO - RESSONANCIA MAGNETICA;M545;64
663302858;22/04/2026;INEZ TEREZINHA GASPAR;58 anos;GRUPO - RESSONANCIA MAGNETICA;M255;64
663304511;22/04/2026;ISABELLY VARGAS DA SILVA;10 anos;GRUPO - RESSONANCIA MAGNETICA;T90;64
663307530;22/04/2026;ITA DA SILVA POLICARPO;54 anos;GRUPO - RESSONANCIA MAGNETICA;M545;64
663308064;22/04/2026;DALVACI ALVES DE OLIVEIRA;59 anos;GRUPO - RESSONANCIA MAGNETICA;M549;64
663309433;22/04/2026;IDEMI TEREZINHA CAREGNATO CRUVINEL;81 anos;GRUPO - RESSONANCIA MAGNETICA;M80;64
663309582;22/04/2026;DALVACI ALVES DE OLIVEIRA;59 anos;GRUPO - ELETRONEUROMIOGRAFIA;M549;64
663311499;22/04/2026;IRENO ROJO JARA;61 anos;GRUPO - RESSONANCIA MAGNETICA;M751;64
663313688;22/04/2026;ISAAC HENRIQUE SANTOS DE OLIVEIRA;2 anos;GRUPO - RESSONANCIA MAGNETICA;F80;64
663317849;22/04/2026;INES FERREIRA MENDES;62 anos;GRUPO - RESSONANCIA MAGNETICA;M549;64
663318436;22/04/2026;LUIZ SADI POLGA;77 anos;GRUPO - TOMOGRAFIA COMPUTADORIZADA;D376;64
663324600;22/04/2026;MARCIO LOPES PEREIRA;32 anos;GRUPO - ATENDIMENTO / ACOMPANHAMENTO EM REABILITAÇÃO NAS MULTIPLAS DEFICIÊNCIAS;H543;64
663325902;22/04/2026;SHEILA GONCALVES;64 anos;GRUPO - RESSONANCIA MAGNETICA;M179;64
663326415;22/04/2026;LUIS CARLOS TEIXEIRA SILVA;53 anos;GRUPO - TOMOGRAFIA COMPUTADORIZADA;D50;64
663326889;22/04/2026;VILMA RODRIGUES DA COSTA;65 anos;CATETERISMO CARDIACO;I200;64
663330312;22/04/2026;SANDRA REGINA DA SILVA;44 anos;GRUPO - RESSONANCIA MAGNETICA;G560;64
663332241;22/04/2026;SUELI SANTOS DA SILVA;53 anos;GRUPO - RESSONANCIA MAGNETICA;M545;64
663332249;22/04/2026;MARIA IFRAN ESCOBAR;68 anos;GRUPO - TOMOGRAFIA COMPUTADORIZADA;N20;64
663342206;22/04/2026;SILVANA APARECIDA DE LIMA;54 anos;GRUPO - US DOPPLER COLORIDO DE TRES VASOS;I839;64
663348875;22/04/2026;SOPHIA DOS SANTOS RITH;10 anos;CONSULTA EM ENDOCRINOLOGIA - PEDIATRIA;E301;64
663376050;22/04/2026;SILVIO GODOY;62 anos;GRUPO - RESSONANCIA MAGNETICA;M545;64
663377691;22/04/2026;SHEILA GONCALVES;64 anos;GRUPO - RESSONANCIA MAGNETICA;M545;64
663379162;22/04/2026;MATHEUS SOUZA MATOS;5 anos;GRUPO - TOMOGRAFIA COMPUTADORIZADA;Q758;64
663379283;22/04/2026;SANDRA BISPO DOS SANTOS;58 anos;GRUPO - RESSONANCIA MAGNETICA;M545;64
663380563;22/04/2026;SALETHE PEREIRA DE LIMA;77 anos;GRUPO - RESSONANCIA MAGNETICA;N200;64
663381614;22/04/2026;MARLI AUGUSTO LEME;69 anos;GRUPO - TOMOGRAFIA COMPUTADORIZADA;K590;64
663381666;22/04/2026;SUELI DELGADO DE SOUZA;58 anos;GRUPO - RESSONANCIA MAGNETICA;D353;64
663383071;22/04/2026;MANOEL SOARES DA SILVA;65 anos;GRUPO - TOMOGRAFIA COMPUTADORIZADA;R10;64
663390259;22/04/2026;MARIA DE LOURDES DA SILVA VIEIRA;67 anos;GRUPO - TOMOGRAFIA COMPUTADORIZADA;R10;64
663391292;22/04/2026;MARIA IRENE DOS SANTOS MORO;72 anos;GRUPO - TOMOGRAFIA COMPUTADORIZADA;J448;64
663391312;22/04/2026;VANIA LINO BATISTA;54 anos;GRUPO - RESSONANCIA MAGNETICA;M700;64
663392221;22/04/2026;VALERIA XIMENES MATTOSO;57 anos;GRUPO - RESSONANCIA MAGNETICA;M751;64
663392922;22/04/2026;MARIA VELANI DE CARVALHO;78 anos;GRUPO - TOMOGRAFIA COMPUTADORIZADA;N200;64
663393060;22/04/2026;JOSE RODRIGUES VIEIRA;69 anos;CATETERISMO CARDIACO;I060;64
474991982;22/05/2023;JESSICA BORGES VICENTE;35 anos;CONSULTA EM CIRURGIA PLASTICA - GERAL;L98;1130
537139177;22/05/2024;CLAUDIO APARECIDO RODRIGUES;44 anos;CONSULTA EM OFTALMOLOGIA - PLASTICA OCULAR;H544;764
537189953;22/05/2024;GABRIEL LEDESMA DOS SANTOS SOUZA;18 anos;CONSULTA EM OFTALMOLOGIA - PLASTICA OCULAR;H001;764
602399391;22/05/2025;VITORIA ELENA SANTANA ZANDONI LIMA;1 ano;CONSULTA EM ORTOPEDIA - PEDIATRIA;S420;399
602409755;22/05/2025;ANTHONY LUCCA CAZAIS SOUZA DE LIMA;2 anos;CONSULTA EM GENETICA MEDICA;I370;399
669155723;22/05/2026;LUCELIA COSTA CUNHA;54 anos;CONSULTA EM ENDOCRINOLOGIA E METABOLOGIA - ADULTO;E669;34
669282043;22/05/2026;MARIA APARECIDA DE SOUZA BARBOSA ORTEGA;49 anos;CONSULTA EM ENDOCRINOLOGIA E METABOLOGIA - ADULTO;E10;34
669282340;22/05/2026;MARIA MARCILENE DA SILVA OLIVEIRA;48 anos;CONSULTA EM NEUROCIRURGIA - GERAL;G500;34
669284967;22/05/2026;JUDSON SIQUEIRA;40 anos;GRUPO - RESSONANCIA MAGNETICA;M545;34
669298011;22/05/2026;IZABEL CRISTINA DA SILVA;58 anos;CONSULTA EM CIRURGIA DE CABECA E PESCOCO - GERAL;D17;34
669304071;22/05/2026;IZAEL RODRIGUES GAMA;46 anos;CONSULTA EM ONCOLOGIA CIRURGIA - ADULTO;C140;34
669339328;22/05/2026;ROBERTO WERNECK;73 anos;CONSULTA EM OFTALMOLOGIA - PLASTICA OCULAR;H02;34
669348233;22/05/2026;ISABELA DE MELO GONZAGA;25 anos;ENDOSCOPIA DIGESTIVA ALTA;K297;34
669351470;22/05/2026;MARLI TEREZINHA HUPFER;70 anos;CONSULTA EM MASTOLOGIA - GERAL;N63;34
674653970;22/06/2026;LUZIA ANTONIO DE MATOS;75 anos;CONSULTA EM OFTALMOLOGIA - CATARATA;H259;3
674662241;22/06/2026;RUAN CENTURIAO DOS SANTOS;15 anos;GRUPO - TOMOGRAFIA COMPUTADORIZADA;R104;3
674742628;22/06/2026;JOAO BATISTA PEREIRA MATEUS;60 anos;CONSULTA EM OFTALMOLOGIA - RETINA GERAL;H358;3
674746060;22/06/2026;JOAO BATISTA PEREIRA MATEUS;60 anos;CONSULTA EM OFTALMOLOGIA - CATARATA;H259;3
674750841;22/06/2026;LIDIANE MAYARA ARAUJO VASCONCELOS;40 anos;CONSULTA EM OFTALMOLOGIA - PTERIGIO;H110;3
674759504;22/06/2026;MARIA DO SOCORRO MARTINS;69 anos;CONSULTA EM OFTALMOLOGIA - CATARATA;H259;3
674763710;22/06/2026;OLGA MADALENA BORDIGNON;73 anos;CAPSULOTOMIA A YAG LASER;H264;3
674815571;22/06/2026;JOSE CRISOSTOMO DE MENDONCA;89 anos;GRUPO - ATENDIMENTO / ACOMPANHAMENTO EM REABILITAÇÃO NAS MULTIPLAS DEFICIÊNCIAS;H906;3
674816080;22/06/2026;LEONIS ALMEIDA DA SILVA;57 anos;CONSULTA EM NEFROLOGIA - ADULTO;N17;3
674832881;22/06/2026;SOLANGE PASQUALI GUEDIN;58 anos;GRUPO - RESSONANCIA MAGNETICA;M545;3
674844030;22/06/2026;VALDOMIRO DIAS DA ROCHA;62 anos;ENDOSCOPIA DIGESTIVA ALTA;K21;3
674846510;22/06/2026;LUIZ FARIAS;52 anos;CONSULTA EM OFTALMOLOGIA - CATARATA;H262;3
674856393;22/06/2026;CLAUDIO BISPO DE JESUS;46 anos;GRUPO - RESSONANCIA MAGNETICA;M233;3
674871864;22/06/2026;GERALDO OTAVIANO;63 anos;CAPSULOTOMIA A YAG LASER;H264;3
674873333;22/06/2026;MARTA FERREIRA DE SOUZA;61 anos;ESPIROMETRIA;J448;3
674875140;22/06/2026;ELIDO PEREIRA SOARES;61 anos;CONSULTA EM UROLOGIA - CIRURGICA;C61;3
674880818;22/06/2026;LUCIA FRANCISCA DE OLIVEIRA RODRIGUES;51 anos;CONSULTA EM CIRURGIA PLASTICA - GERAL;N62;3
674881735;22/06/2026;LUCIA FRANCISCA DE OLIVEIRA RODRIGUES;51 anos;CONSULTA EM MASTOLOGIA - GERAL;N62;3
674881736;22/06/2026;PATRICIA ROSA CAPONI RODRIGUES;38 anos;CONSULTA EM ORTOPEDIA ADULTO (PE/TORNOZELO);S826;3
613589144;22/07/2025;ENIO ALVES DA SILVA;76 anos;CONSULTA EM CIRURGIA VASCULAR PARA FISTULA HEMODIALISE SIMPLES;N189;338
613716497;22/07/2025;EUGENIO PEDRO DE SOUZA;66 anos;CONSULTA EM CIRURGIA VASCULAR - DOENCAS ARTERIAIS;I69;338
554195085;22/08/2024;LUCIELENE GONCALVES;54 anos;CONSULTA EM ENDOCRINOLOGIA E METABOLOGIA - ADULTO;E109;672
619898306;22/08/2025;EMERSON BECHI;50 anos;CONSULTA EM CIRURGIA DE CABECA E PESCOCO - GERAL;E211;307
619900737;22/08/2025;MARINA FERREIRA LOPES;70 anos;CONSULTA EM OFTALMOLOGIA - PLASTICA OCULAR;H029;307
619905787;22/08/2025;DIVINA MACHADO DA SILVA;60 anos;CONSULTA EM NEUROCIRURGIA - GERAL;M541;307
438312209;22/09/2022;FERNANDO WENDER OLIVEIRA;11 anos;CONSULTA EM ORTOPEDIA - PEDIATRIA;M67;1372
438356642;22/09/2022;APARECIDO CARVALHO DOS ANJOS;50 anos;CONSULTA EM NEUROCIRURGIA - GERAL;S064;1372
496274207;22/09/2023;LUCIA PAIVA CZIZEWSKI;64 anos;CONSULTA EM CIRURGIA ORTOPEDICA - COLUNA;M480;1007
496312719;22/09/2023;RAIMUNDO BENTO SOBRINHO;78 anos;GRUPO - ENDOSCOPIA DIGESTIVA;K21;1007
625824597;22/09/2025;ROGER DE SALES MARTINS;29 anos;CONSULTA EM NEUROCIRURGIA - GERAL;M542;276
631876695;22/10/2025;MARIA APARECIDA JESUS DE OLIVEIRA;43 anos;GRUPO - US DOPPLER COLORIDO DE TRES VASOS;I839;246
447648366;22/11/2022;PEDRO GABRIEL GOMES DE CASTRO;4 anos;CONSULTA EM NEUROLOGIA - PEDIATRIA;G80;1311
511407340;22/12/2023;DIONIZIO TEIXEIRA;67 anos;CONSULTA EM CIRURGIA OTORRINOLARINGOLOGIA;J330;916
642792135;22/12/2025;FABRICIO PADILHA DE OLIVEIRA;32 anos;CONSULTA EM ODONTOLOGIA - PACIENTES COM NECESSIDADES ESPECIAIS - SEDACAO;K083;185
642872498;22/12/2025;FRANCISCA DA SILVA OLIVEIRA;65 anos;CONSULTA EM REUMATOLOGIA - ADULTO;M54;185
580532233;23/01/2025;JUSSARA MARIA COSTA NASSIMENTO;70 anos;CONSULTA EM GASTROENTEROLOGIA - GERAL;K52;518
652340416;23/02/2026;JOSE DENILSON PENHA ASSUNCAO;37 anos;CONSULTA EM GASTROENTEROLOGIA - GERAL;K294;122
652353908;23/02/2026;ROGERIO GUEIROS DE ALMEIDA;37 anos;CONSULTA EM NEUROCIRURGIA - GERAL;M994;122
658002858;23/03/2026;VILMA APARECIDA ANGELO DE OLIVEIRA;51 anos;GRUPO - US DOPPLER COLORIDO DE TRES VASOS;I839;94
596704895;23/04/2025;PEDRO PAULO GOMES SILVA;8 anos;CONSULTA EM UROLOGIA - PEDIATRICA;Q539;428
663416833;23/04/2026;MARIA ROSA PADILHA;72 anos;GRUPO - TOMOGRAFIA COMPUTADORIZADA;S031;63
663468837;23/04/2026;MARCOS VINICIUS LOPES BEZERRA;30 anos;GRUPO - TOMOGRAFIA COMPUTADORIZADA;N200;63
663470299;23/04/2026;MARIA DE LURDES DA VEIGA;66 anos;GRUPO - TOMOGRAFIA COMPUTADORIZADA;R51;63
663473210;23/04/2026;DARCI PEREIRA;71 anos;GRUPO - RESSONANCIA MAGNETICA;M751;63
663483010;23/04/2026;OTAMIRA EVANGELISTA DE LIMA;80 anos;GRUPO - TOMOGRAFIA COMPUTADORIZADA;R103;63
663486276;23/04/2026;OSMAR PIOVEZAN;50 anos;GRUPO - TOMOGRAFIA COMPUTADORIZADA;J90;63
663497460;23/04/2026;MARINETE DEFANTE;58 anos;CONSULTA EM ENDOCRINOLOGIA E METABOLOGIA - ADULTO;E078;63
663504688;23/04/2026;REGINALDO ROBERTO PINTO;60 anos;GRUPO - TOMOGRAFIA COMPUTADORIZADA;J93;63
663505833;23/04/2026;RUBENS PEREIRA DOS SANTOS;40 anos;GRUPO - TOMOGRAFIA COMPUTADORIZADA;R51;63
663510957;23/04/2026;SALETHE PEREIRA DE LIMA;77 anos;GRUPO - TOMOGRAFIA COMPUTADORIZADA;N200;63
663512121;23/04/2026;SILVANA PEREIRA DA SILVA;46 anos;GRUPO - TOMOGRAFIA COMPUTADORIZADA;M545;63
663514665;23/04/2026;SEBASTIANA MARIA DA SILVA;70 anos;GRUPO - TOMOGRAFIA COMPUTADORIZADA;K590;63
663519071;23/04/2026;SOLENIA SOARES DA SILVA;46 anos;GRUPO - TOMOGRAFIA COMPUTADORIZADA;R51;63
663520170;23/04/2026;SEVERINO FAVERO;73 anos;GRUPO - TOMOGRAFIA COMPUTADORIZADA;I260;63
663532778;23/04/2026;ROSANA MOSQUINI;47 anos;CONSULTA EM CIRURGIA BARIATRICA OBESIDADE;E66;63
663583616;23/04/2026;MARLENE GUEDIN GINDRI;61 anos;GRUPO - ENDOSCOPIA DIGESTIVA;R101;63
663653972;23/04/2026;VALDEIR ARGUELHO;52 anos;GRUPO - RESSONANCIA MAGNETICA;M543;63
669363507;23/05/2026;JOAO ALMEIDA DE OLIVEIRA;81 anos;CATETERISMO CARDIACO;I20;33
423838385;23/06/2022;RUAN DAVID RACHID MOREIRA;15 anos;CONSULTA EM NEUROLOGIA - PEDIATRIA;R51;1463
674918247;23/06/2026;FATIMA BONIFACIO ALVES;55 anos;GRUPO - RESSONANCIA MAGNETICA;M545;2
674923567;23/06/2026;CARLOS BORGES DE OLIVEIRA;51 anos;GRUPO - RESSONANCIA MAGNETICA;M751;2
674926576;23/06/2026;MARTA FERREIRA DE SOUZA;61 anos;GRUPO - TOMOGRAFIA COMPUTADORIZADA;J448;2
674945634;23/06/2026;ALESSANDRA PALMEIRA DOS SANTOS;30 anos;ESPIROMETRIA;J45;2
674952069;23/06/2026;ELSO CAETANO DOS SANTOS;43 anos;GRUPO - TOMOGRAFIA COMPUTADORIZADA;R101;2
674958031;23/06/2026;MARIA REGINA MENDES COSTA;57 anos;GRUPO - TOMOGRAFIA COMPUTADORIZADA;C539;2
674965248;23/06/2026;OLIVETE SPIGOLON DALCHIAVON;47 anos;GRUPO - RESSONANCIA MAGNETICA;R51;2
674986657;23/06/2026;ANTONIO SOCORRO DE ANDRADE PEREIRA;49 anos;CONSULTA EM INFECTOLOGIA - ADULTO;B24;2
674986825;23/06/2026;TAILLER NATAN ALVES DIAS DE ATHAIDE;6 anos;ESPIROMETRIA;J450;2
675012476;23/06/2026;JUCILENE DA SILVA;34 anos;ENDOSCOPIA DIGESTIVA ALTA;K219;2
675014458;23/06/2026;VANESSA DE ARRUDA PEREIRA;39 anos;GRUPO - RESSONANCIA MAGNETICA;M542;2
675018617;23/06/2026;VANESSA DE ARRUDA PEREIRA;39 anos;GRUPO - ELETRONEUROMIOGRAFIA;M542;2
675026646;23/06/2026;JUCILENE DA SILVA;34 anos;ESPIROMETRIA;R942;2
675062730;23/06/2026;IZABEL RODRIGUES ROMANA;77 anos;CONSULTA EM OFTALMOLOGIA - CATARATA;H251;2
675069132;23/06/2026;FLAVIO JUNIOR RODRIGUES;45 anos;CONSULTA EM GASTROENTEROLOGIA - GERAL;K519;2
675075610;23/06/2026;RUBENS PEREIRA DOS SANTOS;53 anos;COLONOSCOPIA;Z121;2
675082229;23/06/2026;DENEVALDO LOPES DA SILVA;59 anos;GRUPO - RESSONANCIA MAGNETICA;S220;2
675093160;23/06/2026;LUCIA ELISETE SOMAVILLA;64 anos;CONSULTA EM OFTALMOLOGIA - CATARATA;H259;2
675098260;23/06/2026;MILENA RAMOS DEOTTI DHEIN;26 anos;GRUPO - TOMOGRAFIA COMPUTADORIZADA;G403;2
675107479;23/06/2026;ROSALINO SILVA DOS SANTOS;77 anos;CATETERISMO CARDIACO;I052;2
675110324;23/06/2026;LUANA MENIN RODRIGUES;39 anos;CONSULTA EM ENDOCRINOLOGIA E METABOLOGIA - ADULTO;E07;2
675110415;23/06/2026;ROSALINO SILVA DOS SANTOS;77 anos;CONSULTA EM CARDIOLOGIA - CIRURGIA CARDIACA;I052;2
675111055;23/06/2026;ALESSANDRO DOS SANTOS;47 anos;CONSULTA EM REUMATOLOGIA - ADULTO;M255;2
675134635;23/06/2026;ANTONIO PRUDENCIO DIAS;55 anos;CONSULTA EM OFTALMOLOGIA - PTERIGIO;H110;2
675136550;23/06/2026;MANOEL PEREIRA FRANCA;81 anos;CONSULTA EM NEFROLOGIA - ADULTO;N18;2
548110139;23/07/2024;DANILO DA SILVA LEITE;26 anos;CONSULTA EM NEUROCIRURGIA - GERAL;R220;702
548129287;23/07/2024;VITOR HUGO REICHERT;20 anos;CONSULTA EM CIRURGIA TORACICA - GERAL;R619;702
548328556;23/07/2024;VICENTE ANTONIO DOS SANTOS;56 anos;CONSULTA EM CIRURGIA PLASTICA - GERAL;Z54;702
490875307;23/08/2023;WILLIAM PIEHTRO SOUSA LIMA PINTO;12 anos;CONSULTA EM GENETICA MEDICA;Q878;1037
554487296;23/08/2024;CIDENE DE SOUZA NERY LUIZ;55 anos;CONSULTA EM CIRURGIA PLASTICA - GERAL;T856;671
554488767;23/08/2024;EVA FERREIRA DE SOUZA;67 anos;CONSULTA EM CIRURGIA DE CABECA E PESCOCO - GERAL;E042;671
554490738;23/08/2024;THAISE SOARES PERES;36 anos;CONSULTA EM OFTALMOLOGIA - RETINA GERAL;H350;671
386062746;23/09/2021;JUCILENE ALVES DA SILVA;60 anos;CONSULTA EM CIRURGIA ORTOPEDICA - COLUNA;M543;1736
438619175;23/09/2022;MARIA VIRGILINA SANTOS ROCHA;60 anos;CONSULTA EM CIRURGIA ORTOPEDICA - OMBROS;M751;1371
438632853;23/09/2022;VICTOR LUIZ GETULIO DOS SANTOS;8 anos;CONSULTA EM NEUROLOGIA - PEDIATRIA;F81;1371
438637168;23/09/2022;MARCIA GARCIA CARLONGA MATEUS;58 anos;CONSULTA EM NEUROCIRURGIA - GERAL;Z00;1371
632153579;23/10/2025;ISIDORO CESCO;72 anos;CONSULTA EM UROLOGIA - CIRURGICA;N40;245
632175594;23/10/2025;ROSELY PEREIRA EDUARDO VIEIRA;50 anos;CONSULTA EM ENDOCRINOLOGIA E METABOLOGIA - ADULTO;E119;245
571575501;23/11/2024;ROSANGELA MARIA TORELLI;61 anos;CONSULTA EM UROLOGIA - CIRURGICA;N200;579
576393459;23/12/2024;FERNANDO MORBEQUE GARCIA;17 anos;CONSULTA EM GENETICA MEDICA;M41;549
576394580;23/12/2024;MAFAUDA PADILHA HONORATO;53 anos;CONSULTA EM NEUROCIRURGIA - GERAL;I602;549
455751274;24/01/2023;WENDRIK GUILHERME OLIVEIRA;7 anos;CONSULTA EM NEUROLOGIA - PEDIATRIA;Q02;1248
515733988;24/01/2024;EDEMAR SOUZA DA SILVA;73 anos;CONSULTA EM OFTALMOLOGIA - PLASTICA OCULAR;H020;883
515739725;24/01/2024;CAUA RODRIGUES DE SOUZA;18 anos;CONSULTA EM OFTALMOLOGIA - PLASTICA OCULAR;H11;883
515743692;24/01/2024;ADAIR JOSE MAIA;52 anos;CONSULTA EM OFTALMOLOGIA - PLASTICA OCULAR;H02;883
460565835;24/02/2023;DIONELIS MANTOVANI;45 anos;CONSULTA EM NEUROCIRURGIA - GERAL;M51;1217
460685413;24/02/2023;ADRIANA FRANCISCA DA SILVA GOMIDES;54 anos;CONSULTA EM NEUROCIRURGIA - GERAL;M51;1217
652562524;24/02/2026;LUANA MENIN RODRIGUES;39 anos;CONSULTA EM CIRURGIA DE CABECA E PESCOCO - GERAL;E07;121
591262886;24/03/2025;ANDRE LUIZ DA SILVA;41 anos;CONSULTA EM NEUROCIRURGIA - GERAL;M541;458
658264660;24/03/2026;ZUNEIDE DA CUNHA GOMES;68 anos;CONSULTA EM CIRURGIA DE CABECA E PESCOCO - GERAL;E079;93
658275821;24/03/2026;LAUDELINA FERREIRA DE JESUS;76 anos;CONSULTA EM OFTALMOLOGIA - GLAUCOMA;H400;93
658282489;24/03/2026;PEDRO ROQUE RODRIGUES;76 anos;CATETERISMO CARDIACO;I500;93
658292598;24/03/2026;APARECIDO LUIZ DE FRANCA;71 anos;CATETERISMO CARDIACO;I251;93
531938543;24/04/2024;IRACEMA LOURDES TEODORO DE VARGAS;64 anos;CONSULTA EM NEUROCIRURGIA - GERAL;M511;792
663682456;24/04/2026;ANTONIO ALVES DE SOUSA;76 anos;CONSULTA EM OFTALMOLOGIA - CATARATA;H259;62
663686724;24/04/2026;ADIR PEREIRA FRANCA;69 anos;CONSULTA EM OFTALMOLOGIA - CATARATA;H259;62
663687979;24/04/2026;ANTONIO FRANCISCO DOS SANTOS AMORIM;48 anos;CONSULTA EM OFTALMOLOGIA - PTERIGIO;H110;62
663688815;24/04/2026;MARIA JOSE DOS SANTOS DA SILVA;39 anos;GRUPO - TOMOGRAFIA COMPUTADORIZADA;R51;62
663693563;24/04/2026;ADAO CARDOSO GONCALVES;58 anos;CONSULTA EM OFTALMOLOGIA - RETINA GERAL;H35;62
663696060;24/04/2026;MARIA CLEUCIR LEJANOSKI DE SOUZA;56 anos;CONSULTA EM CIRURGIA DE CABECA E PESCOCO - GERAL;J381;62
663697981;24/04/2026;ANTONIO DE OLIVEIRA SOUZA;73 anos;CONSULTA EM OFTALMOLOGIA - CATARATA;H251;62
663727016;24/04/2026;ADRIANA RITH;49 anos;CONSULTA EM GINECOLOGIA CIRURGICA;N80;62
663730096;24/04/2026;NEEGIS COSTA AFONSO;40 anos;ENDOSCOPIA DIGESTIVA ALTA;K291;62
663761706;24/04/2026;IRINEU CARLOS MORETTO;78 anos;CONSULTA EM CARDIOLOGIA - MARCAPASSO;Z950;62
663901579;24/04/2026;NATALIE EDUARDA RITH DA COSTA;22 anos;GRUPO - ENDOSCOPIA DIGESTIVA;R104;62
201293896;24/05/2017;ARCELINA MORAIS;61 anos;CONSULTA EM ORTOPEDIA ADULTO;M75;3319
537537944;24/05/2024;JOEMIL ROCHA DE MACEDO JUNIOR;7 anos;CONSULTA EM NEUROLOGIA - PEDIATRIA;P073;762
608333593;24/06/2025;ALINE SIMOES DE LIMA;24 anos;CONSULTA EM HEMATOLOGIA - GERAL;D689;366
608359858;24/06/2025;KEMILLY LUIZA GONCALVES SANTOS;14 anos;CONSULTA EM ORTOPEDIA PEDIATRICA (COLUNA);M41;366
608366809;24/06/2025;EDIR PEREIRA BENTO;67 anos;CONSULTA EM CIRURGIA GERAL - ADULTO;K43;366
675173928;24/06/2026;JOSE ROBERTO ROLIM;51 anos;COLONOSCOPIA;N94;1
675177619;24/06/2026;ROYMARA DOS SANTOS OLIVEIRA ABREGO;56 anos;ENDOSCOPIA DIGESTIVA ALTA;K297;1
675205793;24/06/2026;NARALYA MARIA BENACHIO AMARAL;63 anos;CONSULTA EM UROLOGIA - CIRURGICA;N20;1
675299644;24/06/2026;BENTO PEREIRA DE LIMA;43 anos;CONSULTA EM OFTALMOLOGIA - PLASTICA OCULAR;H001;1
675305201;24/06/2026;BENEDITA DE SOUZA LIMA;77 anos;CONSULTA EM OFTALMOLOGIA - CATARATA;H259;1
675308423;24/06/2026;BRENO HENRIQUE SERAFIM FERREIRA;25 anos;CONSULTA EM OFTALMOLOGIA - ESTRABISMO;H509;1
675311647;24/06/2026;BEATRIZ MARTINS DE LIMA;17 anos;CONSULTA EM OFTALMOLOGIA - RETINA GERAL;H358;1
675314675;24/06/2026;SUZANA SANTOS LARA;29 anos;CONSULTA EM OFTALMOLOGIA - PTERIGIO;H110;1
675316737;24/06/2026;SILVIA REGINA MELO DOS SANTOS LARA;52 anos;GRUPO - ELETRONEUROMIOGRAFIA;G560;1
675351113;24/06/2026;GISLAINE GONZAGA DE ANDRADE;49 anos;CONSULTA EM GINECOLOGIA CIRURGICA;N84;1
675351594;24/06/2026;BARTOLOMEU SOARES DA SILVA;66 anos;CONSULTA EM OFTALMOLOGIA - CATARATA;H259;1
675351937;24/06/2026;BENEDITA RODRIGUES GOMES;71 anos;CONSULTA EM OFTALMOLOGIA - CATARATA;H259;1
614303140;24/07/2025;ANDRIELLI SERRA NISSOLA;33 anos;CONSULTA EM ENDOCRINOLOGIA E METABOLOGIA - ADULTO;E66;336
614336634;24/07/2025;FELLYPE DOS SANTOS ASSUNCAO;11 anos;CONSULTA EM NEUROLOGIA - PEDIATRIA;F901;336
614340085;24/07/2025;SUELLEN CRISTINE LOPES SILVA;35 anos;CONSULTA EM ENDOCRINOLOGIA E METABOLOGIA - ADULTO;E66;336
614352694;24/07/2025;ANDREY GABRIEL GIACOMINI DOS SANTOS;14 anos;CONSULTA EM UROLOGIA - PEDIATRICA;Q549;336
381972852;24/08/2021;WALDEMAR LUIZ FEYH;68 anos;CONSULTA EM CIRURGIA ORTOPEDICA-QUADRIL;M25;1766
560485149;24/09/2024;LUCIANA DA SILVA DOS SANTOS;42 anos;CONSULTA EM OFTALMOLOGIA - GLAUCOMA;H400;639
560670038;24/09/2024;MICHELE VIEIRA OLIVEIRA;35 anos;CONSULTA EM CIRURGIA PLASTICA - GERAL;M62;639
626433585;24/09/2025;VANERI FERRARINI GUERINI;67 anos;CONSULTA EM OFTALMOLOGIA - RETINA GERAL;H353;274
626434556;24/09/2025;ENOQUE RAIMUNDO DA SILVA;63 anos;CONSULTA EM NEUROCIRURGIA - GERAL;M544;274
626447429;24/09/2025;DIEGO ASSIS DA SILVA;15 anos;CONSULTA EM ORTOPEDIA - JOELHO;M23;274
443184664;24/10/2022;JOSIVAL MARTINHO DA SILVA;52 anos;CONSULTA EM NEUROCIRURGIA - GERAL;M541;1340
443288197;24/10/2022;ROSALINO RIQUETTI;75 anos;CONSULTA EM ORTOPEDIA - JOELHO;M179;1340
632567234;24/10/2025;ANGELA CARNEIRO DA SILVA NEVES;48 anos;CONSULTA EM CIRURGIA DE CABECA E PESCOCO - GERAL;E078;244
632572413;24/10/2025;BENICIO PEREIRA RODRIGUES;1 ano;CONSULTA EM NEUROLOGIA - PEDIATRIA;P073;244
632603407;24/10/2025;JUSSARA MARIA COSTA NASSIMENTO;70 anos;GRUPO - US DOPPLER COLORIDO DE TRES VASOS;I839;244
506806829;24/11/2023;MARIA EDINEIDE DE CARVALHO GONCALVES;58 anos;CONSULTA EM OFTALMOLOGIA - PLASTICA OCULAR;H02;944
506868346;24/11/2023;MARIA AUXILIADORA DE SOUZA;54 anos;CONSULTA EM CIRURGIA DE CABECA E PESCOCO - GERAL;D34;944
652712019;25/02/2026;MARIA DAS GRACAS DE OLIVEIRA LIMA;59 anos;CONSULTA EM OFTALMOLOGIA - CATARATA;H259;120
652793545;25/02/2026;GUMERCINDO DE AZEVEDO;80 anos;CONSULTA EM OFTALMOLOGIA - GLAUCOMA;H409;120
652842971;25/02/2026;VALDIRA FERREIRA DO CARMO;69 anos;CONSULTA EM NEUROCIRURGIA - GERAL;Z00;120
652932853;25/02/2026;MARCOS TADEU XIMENES BUSTO;44 anos;CONSULTA EM OFTALMOLOGIA - GLAUCOMA;H400;120
652942194;25/02/2026;RAFAEL PIRES VIEIRA;11 anos;CONSULTA EM ENDOCRINOLOGIA - PEDIATRIA;E66;120
652951848;25/02/2026;GREICIELI APARECIDA PIRES FERREIRA;42 anos;CONSULTA EM NEUROCIRURGIA - GERAL;M511;120
652954005;25/02/2026;GISLAINE GONZAGA DE ANDRADE;49 anos;CONSULTA EM ENDOCRINOLOGIA - PACIENTES DIABETICOS;E14;120
526577700;25/03/2024;EZEQUIEL JACKSON LOPES MENDES FERREIRA;3 anos;CONSULTA EM OFTALMOLOGIA - VIAS LACRIMAIS;H045;822
658375079;25/03/2026;JOAO DE SOUZA BRANDAO;67 anos;CONSULTA EM NEUROLOGIA - ADULTO;I64;92
658394554;25/03/2026;APARECIDA TEREZA DE OLIVEIRA AMARAL;65 anos;GRUPO - US DOPPLER COLORIDO DE TRES VASOS;I839;92
658506794;25/03/2026;RITA ALVES DE SOUZA;85 anos;CONSULTA EM CIRURGIA DE CABECA E PESCOCO - GERAL;E07;92
658508058;25/03/2026;ADEVIRSO ALVES NOGUEIRA;76 anos;BIOPSIA DE PROSTATA;N40;92
658532526;25/03/2026;MARIZA ELAINE DA SILVA XERES;50 anos;CONSULTA EM ENDOCRINOLOGIA E METABOLOGIA - ADULTO;E66;92
658585783;25/03/2026;SILUANE MARLA DALRI;39 anos;CONSULTA EM GASTROENTEROLOGIA - GERAL;R229;92
658589514;25/03/2026;ANTONIA PEREIRA DIAS;57 anos;CONSULTA EM OFTALMOLOGIA - RETINA GERAL;H348;92
532195069;25/04/2024;ACIONE BENITES DE OLIVEIRA;54 anos;CONSULTA EM NEUROCIRURGIA - GERAL;M501;791
532210193;25/04/2024;MARIA APARECIDA BARBOZA MACHADO ROTEL;48 anos;CONSULTA EM NEUROCIRURGIA - GERAL;M541;791
532212006;25/04/2024;TEREZA CORREIA DE PAULA;66 anos;CONSULTA EM ENDOCRINOLOGIA E METABOLOGIA - ADULTO;E042;791
597080968;25/04/2025;LEONIA FERREIRA DA SILVA;62 anos;CONSULTA EM NEUROLOGIA - NEUROVASCULAR;I638;426
597085597;25/04/2025;HEITOR GABRIEL AZZOLIN DE LIMA;1 ano;CONSULTA EM GENETICA MEDICA;H90;426
597087824;25/04/2025;JOSE LEONIDAS CARNEIRO PINHEIRO;12 anos;CONSULTA EM GENETICA MEDICA;Q87;426
201474536;25/05/2017;PAULO ROMALDO KIRCH;45 anos;CONSULTA EM ORTOPEDIA ADULTO;S626;3318
475751565;25/05/2023;DORGIVAL SOARES FREIRES;54 anos;CONSULTA EM NEUROCIRURGIA - GERAL;M541;1127
669426070;25/05/2026;LORECI DE LOURDES BARCE;52 anos;CONSULTA EM CIRURGIA PLASTICA - GERAL;L98;31
669428913;25/05/2026;VANILDA DO BELEM DOS SANTOS MATIAS;61 anos;GRUPO - RESSONANCIA MAGNETICA;M543;31
669436575;25/05/2026;LAURA SANTANA MONTESSI;1 ano;CONSULTA EM GASTROENTEROLOGIA - PEDIATRIA;T781;31
669583309;25/05/2026;JUCILENE DE SOUZA;54 anos;GRUPO - TOMOGRAFIA COMPUTADORIZADA;K30;31
669602430;25/05/2026;FABIANO WISNESKI;50 anos;GRUPO - RESSONANCIA MAGNETICA;M233;31
669604073;25/05/2026;ANA JULIA CASALI DA SILVA;13 anos;GRUPO - RESSONANCIA MAGNETICA;R51;31
669620952;25/05/2026;OSMAR NIVALDO DELFINO;67 anos;GRUPO - RESSONANCIA MAGNETICA;M751;31
669626578;25/05/2026;IVANDIR EVANGELISTA CONCEICAO;71 anos;CONSULTA EM OFTALMOLOGIA - GLAUCOMA;H401;31
669635784;25/05/2026;ALYNE EVANGELISTA BARBOSA;40 anos;CONSULTA EM GINECOLOGIA - INFERTILIDADE;N97;31
669645620;25/05/2026;ROSILEI GIOMBELLI MESQUITA;59 anos;ENDOSCOPIA DIGESTIVA ALTA;R101;31
669666348;25/05/2026;AGATHA CABRAL BARBOSA;6 anos;CONSULTA EM DERMATOLOGIA - PEDIATRIA;L20;31
543057458;25/06/2024;FRANCISCA MAIDE LIMA GONZAGA DE FREITAS;56 anos;CONSULTA EM OFTALMOLOGIA - GLAUCOMA;H40;730
608421334;25/06/2025;SUELI APARECIDA CRUZ FERREIRA DE ALENCAR;62 anos;CONSULTA EM CIRURGIA VASCULAR - DOENCAS ARTERIAIS;I74;365
675372107;25/06/2026;GERSON LOURENCO WRASSE;61 anos;GRUPO - ELETRONEUROMIOGRAFIA;M545;0
675374540;25/06/2026;GERSON LOURENCO WRASSE;61 anos;GRUPO - RESSONANCIA MAGNETICA;M545;0
675390838;25/06/2026;ROSILENE DOS ANJOS ALMEIDA;53 anos;CONSULTA EM REUMATOLOGIA - ADULTO;M797;0
675392317;25/06/2026;ILMA FERNANDES DE FIGUEREDO GUEDES;62 anos;GRUPO - TOMOGRAFIA COMPUTADORIZADA;N200;0
675399709;25/06/2026;ADALBERTO RAMON DE SOUZA BARRIOS;49 anos;CONSULTA EM OFTALMOLOGIA - PLASTICA OCULAR;H058;0
675420448;25/06/2026;ROSANA PEREIRA DA SILVA;32 anos;CONSULTA EM DERMATOLOGIA - ADULTO;L30;0
675426333;25/06/2026;LOURIDA SCHMIDT;76 anos;CONSULTA EM ONCOLOGIA CLÍNICA - ADULTO;C34;0
675439186;25/06/2026;MICHAEL DE ARRUDA SOARES;37 anos;CONSULTA EM GASTROENTEROLOGIA - GERAL;K760;0
675439356;25/06/2026;LAURO CHRIST;78 anos;CONSULTA EM NEFROLOGIA - ADULTO;N18;0
614538648;25/07/2025;ZENIRDA CARVALHO DOS SANTOS;54 anos;CONSULTA EM NEUROCIRURGIA - GERAL;M541;335
211628552;25/08/2017;JHONATAN SANTOS DE MATTOS;41 anos;CONSULTA EM ORTOPEDIA ADULTO;M75;3226
620172089;25/08/2025;ELCK PALACIO;52 anos;CONSULTA EM OFTALMOLOGIA - RETINOPATIA DIABETICA;H360;304
626570416;25/09/2025;PAULO SILAS BRIOCHI GALDINO;15 anos;CONSULTA EM ENDOCRINOLOGIA - PEDIATRIA;E10;273
626679147;25/09/2025;MARINALVA FRANCISCO DA SILVA;53 anos;CONSULTA EM NEUROCIRURGIA - GERAL;M543;273
626695375;25/09/2025;REGIANE KATIA ALVES DE OLIVEIRA;46 anos;CONSULTA EM ORTOPEDIA - JOELHO;M179;273
566878701;25/10/2024;DULCINEIA MOCCELIN;45 anos;CONSULTA EM CIRURGIA PLASTICA - GERAL;N62;608
571807755;25/11/2024;INACIO ARMINDO BERVIAN;75 anos;CONSULTA EM ORTOPEDIA - JOELHO;Z47;577
638079753;25/11/2025;ADELAIDE SORRILHA SOUZA;64 anos;CONSULTA EM ENDOCRINOLOGIA E METABOLOGIA - ADULTO;I89;212
638185347;25/11/2025;JOSE ROMILDO RIBEIRO;42 anos;CONSULTA EM CIRURGIA DE CABECA E PESCOCO - GERAL;Q892;212
456397607;26/01/2023;HUGO LUIZ MERQUIDES;74 anos;CONSULTA EM ORTOPEDIA - JOELHO;M17;1246
516427184;26/01/2024;MARCIO OLIVEIRA DE SOUZA;51 anos;CONSULTA EM NEUROCIRURGIA - GERAL;M541;881
647470242;26/01/2026;CAIO HENRIQUE ALVES DA CRUZ;17 anos;CONSULTA EM ENDOCRINOLOGIA E METABOLOGIA - ADULTO;N62;150
647472731;26/01/2026;BOLIVAR FRANCA SOBRINHO;88 anos;CONSULTA EM OFTALMOLOGIA - GLAUCOMA;H401;150
647593321;26/01/2026;MARCIELLEN XISPERES DO CARMO;26 anos;GRUPO - RESSONANCIA MAGNETICA;S835;150
647596026;26/01/2026;ISABELA ANTONIO PEREIRA;25 anos;CONSULTA EM CIRURGIA PLASTICA - GERAL;Z428;150
586801040;26/02/2025;CARLA ADRIANA NUNES CAVALHEIRO;45 anos;CONSULTA EM NEUROLOGIA - NEUROVASCULAR;I639;484
586806357;26/02/2025;MARIA ANGELA LELIS;66 anos;CONSULTA EM CIRURGIA VASCULAR - DOENCAS ARTERIAIS;I64;484
586909131;26/02/2025;MARCELO RODRIGUES DE LIMA;42 anos;CONSULTA EM UROLOGIA - CIRURGICA;N433;484
653011185;26/02/2026;DEUZANIA PEREIRA DE OLIVEIRA;52 anos;CONSULTA EM REUMATOLOGIA - ADULTO;M797;119
653116275;26/02/2026;THEO GONZALEZ DE JESUS;2 anos;CONSULTA EM GENETICA MEDICA;Q750;119
658829553;26/03/2026;HELOISA DE MORAES;7 anos;CONSULTA EM ENDOCRINOLOGIA - PEDIATRIA;E07;91
658841401;26/03/2026;DEUSELINA DOS SANTOS BENITEZ FERREIRA;56 anos;CONSULTA EM REUMATOLOGIA - ADULTO;M06;91
658853381;26/03/2026;DOUGLAS DA SILVA LUCIDONIO;9 anos;CONSULTA EM CIRURGIA DE CABECA E PESCOCO - GERAL;M798;91
658861286;26/03/2026;FRANCISCA MARIA DE OLIVEIRA;69 anos;CONSULTA EM ENDOCRINOLOGIA E METABOLOGIA - ADULTO;O240;91
658861348;26/03/2026;LUCAS EDUARDO NEVES OLIVEIRA;10 anos;CONSULTA EM ENDOCRINOLOGIA - PEDIATRIA;E660;91
532548388;26/04/2024;MAIARA GONCALVES DE MENDONCA;26 anos;CONSULTA EM OFTALMOLOGIA - PLASTICA OCULAR;H011;790
419729275;26/05/2022;CAUE LUCAS STUCHI DA SILVA;14 anos;CONSULTA EM NEUROLOGIA - PEDIATRIA;Q87;1491
419799797;26/05/2022;SILVANILDO JOSE DE MATTOS;58 anos;CONSULTA EM ORTOPEDIA - JOELHO;M179;1491
419809552;26/05/2022;JAICLEISSON DO PRADO;51 anos;CONSULTA EM ORTOPEDIA - JOELHO;M223;1491
602864153;26/05/2025;ANILSON DOS SANTOS;58 anos;CONSULTA EM NEUROCIRURGIA - GERAL;G50;395
602930057;26/05/2025;KAROLINE FERNANDES DA SILVA CRUZ;32 anos;CONSULTA EM ENDOCRINOLOGIA E METABOLOGIA - ADULTO;E07;395
603056728;26/05/2025;JAQUELINE KIPPER ALMEIDA;36 anos;CONSULTA EM ENDOCRINOLOGIA - PACIENTES DIABETICOS;E109;395
603060112;26/05/2025;PAULA DA SILVEIRA PACHECO;37 anos;CONSULTA EM ENDOCRINOLOGIA - PACIENTES DIABETICOS;E11;395
669698003;26/05/2026;MARIA IZABEL DE SOUZA;58 anos;CONSULTA EM OFTALMOLOGIA - CATARATA;H259;30
669698973;26/05/2026;MARLENE ALVES;45 anos;CONSULTA EM OFTALMOLOGIA - PTERIGIO;H110;30
669704223;26/05/2026;JOEL ANTONIO PESARINI;67 anos;CONSULTA EM OFTALMOLOGIA - CATARATA;H259;30
669829576;26/05/2026;MARIA IRONI SANTANA VIEIRA;77 anos;GRUPO - RESSONANCIA MAGNETICA;M501;30
669830746;26/05/2026;MARIA IRONI SANTANA VIEIRA;77 anos;GRUPO - ELETRONEUROMIOGRAFIA;M501;30
669832687;26/05/2026;CAROLINA DOS SANTOS BARBOSA;73 anos;CONSULTA EM OFTALMOLOGIA - GLAUCOMA;H400;30
669834794;26/05/2026;VICENTE FRANCISCO DE SOUZA;59 anos;GRUPO - RESSONANCIA MAGNETICA;M544;30
669893303;26/05/2026;IRIO ELIAS DA SILVA;65 anos;GRUPO - RESSONANCIA MAGNETICA;M544;30
669897545;26/05/2026;AISLAN LOPES;28 anos;GRUPO - TOMOGRAFIA COMPUTADORIZADA;F231;30
669903721;26/05/2026;ELAINE SIQUEIRA VIVEIROS;43 anos;GRUPO - RESSONANCIA MAGNETICA;M542;30
669934551;26/05/2026;HELIO PAULO PESSATTO;69 anos;CONSULTA EM OFTALMOLOGIA - CORNEA;H178;30
669963879;26/05/2026;MARIA SERITA DA SILVA;71 anos;ENDOSCOPIA DIGESTIVA ALTA;K297;30
480739568;26/06/2023;OSMAR DE CASTRO RODRIGUES;62 anos;CONSULTA EM NEUROCIRURGIA - GERAL;M541;1095
480774497;26/06/2023;NILTON COSTA MARQUES;47 anos;CONSULTA EM NEUROCIRURGIA - GERAL;M541;1095
608949024;26/06/2025;MARIUZA FERREIRA PEDROSO SILVA;57 anos;CONSULTA EM REUMATOLOGIA - ADULTO;M058;364
548977928;26/07/2024;HILDA BORECH WOIDELLA;63 anos;CONSULTA EM ENDOCRINOLOGIA E METABOLOGIA - ADULTO;D34;699
620426783;26/08/2025;FATIMA PEREIRA DIAS;61 anos;CONSULTA EM REUMATOLOGIA - ADULTO;M150;303
620558615;26/08/2025;FAUSTINO JOSE DE LIMA NETO;39 anos;CONSULTA EM CIRURGIA DE CABECA E PESCOCO - GERAL;G501;303
626942872;26/09/2025;JOSIANE ALVES DOS SANTOS;27 anos;CONSULTA EM ENDOCRINOLOGIA E METABOLOGIA - ADULTO;E05;272
626957143;26/09/2025;MARIELE DA SILVA RODRIGUES;36 anos;CONSULTA EM ENDOCRINOLOGIA E METABOLOGIA - ADULTO;E039;272
638295267;26/11/2025;MARIA LUZIA MARTINHA DE JESUS DOS SANTOS;50 anos;CONSULTA EM REUMATOLOGIA - ADULTO;L930;211
638329429;26/11/2025;LENY GOMES DA SILVA;79 anos;CONSULTA EM GASTROENTEROLOGIA - GERAL;K21;211
638385804;26/11/2025;MARIA FRANCISCA DA SILVA;74 anos;CONSULTA EM GASTROENTEROLOGIA - GERAL;K30;211
638403852;26/11/2025;HEITOR ALVES DE SOUZA;9 anos;CONSULTA EM OFTALMOLOGIA - ESTRABISMO;H50;211
638526329;26/11/2025;EMANUELLY VALENTINA SANTOS ANTUNES;5 anos;CONSULTA EM NEUROLOGIA - PEDIATRIA;Q851;211
456454138;27/01/2023;LUIZ GUSTAVO SANTANA ZANDONI NASCIMENTO;8 anos;CONSULTA EM NEUROLOGIA - PEDIATRIA;G40;1245
647713089;27/01/2026;MARIA APARECIDA SIQUEIRA ALVES;68 anos;CONSULTA EM OFTALMOLOGIA - RETINOPATIA DIABETICA;H360;149
647714592;27/01/2026;MARIA APARECIDA SIQUEIRA ALVES;68 anos;CONSULTA EM OFTALMOLOGIA - RETINA GERAL;H360;149
647924876;27/01/2026;CASSIANE DA SILVA LIMA;44 anos;GRUPO - TOMOGRAFIA COMPUTADORIZADA;R202;149
460982057;27/02/2023;MARIA LUCILENE BARCELOS;57 anos;CONSULTA EM NEUROCIRURGIA - GERAL;M54;1214
521483141;27/02/2024;PAULO JOSE BENACHIO;60 anos;CONSULTA EM NEUROCIRURGIA - GERAL;M541;849
587207673;27/02/2025;MATHEUS CUNHA DA SILVA;5 anos;CONSULTA EM UROLOGIA - PEDIATRICA;Q530;483
653470913;27/02/2026;ZILMA DE SOUZA PULCHERIO;51 anos;CATETERISMO CARDIACO;I251;118
653513116;27/02/2026;NICOLLAS RODRIGUES DOS SANTOS;10 anos;CONSULTA EM FISIATRIA - TOXINA BOTULINICA;G80;118
465643176;27/03/2023;ALEXANDRE STUANI;21 anos;CONSULTA EM OFTALMOLOGIA - PLASTICA OCULAR;H024;1186
465729861;27/03/2023;MARCILENE MARCELINO DA SILVA;46 anos;CONSULTA EM CIRURGIA ORTOPEDICA - OMBROS;M759;1186
465775572;27/03/2023;CLEITON GONCALVES DE SOUZA;41 anos;CONSULTA EM CIRURGIA ORTOPEDICA - MAO;M87;1186
591910360;27/03/2025;FERNANDA RODRIGUES DA SILVA;48 anos;CONSULTA EM ENDOCRINOLOGIA - PACIENTES DIABETICOS;E10;455
591912648;27/03/2025;ADAO PORTILHO DE OLIVEIRA;57 anos;CONSULTA EM ENDOCRINOLOGIA - PACIENTES DIABETICOS;E10;455
658922909;27/03/2026;MARIA SOLANGE DA SILVA ALVES;59 anos;CONSULTA EM UROLOGIA - CIRURGICA;N20;90
658937480;27/03/2026;ENZO GABRIEL CAVANHA ABREU;9 anos;CONSULTA EM CIRURGIA PEDIATRICA - GERAL;Q53;90
659050588;27/03/2026;IVONE HELENA CZIZEWSKI;62 anos;CONSULTA EM NEUROLOGIA - ADULTO;G20;90
659058213;27/03/2026;VALDIRENE TEIXEIRA FRANCA;55 anos;CONSULTA EM GASTROENTEROLOGIA - GERAL;K20;90
659062771;27/03/2026;LUIZ CARLOS MARTINS;49 anos;GRUPO - US DOPPLER COLORIDO DE TRES VASOS;I839;90
659084702;27/03/2026;ELOAH JARA MOURA;10 meses;CONSULTA EM OFTALMOLOGIA - ESTRABISMO;H500;90
659097371;27/03/2026;NEREU ANTONIO PETROLLI;73 anos;CONSULTA EM OFTALMOLOGIA - GLAUCOMA;H500;90
659109019;27/03/2026;OTAVIO ANTONIO DOLKEVICIUS;16 anos;CONSULTA EM UROLOGIA - CIRURGICA;Q53;90
659114431;27/03/2026;MAYSA CIDRAO ROSA;61 anos;CONSULTA EM NEUROCIRURGIA - GERAL;M501;90
332699333;27/04/2020;MANOEL CLEMENTE DO NASCIMENTO;62 anos;CONSULTA EM CIRURGIA ORTOPEDICA - COLUNA;M511;2250
332703853;27/04/2020;MARIA CRISTINA COSTA BORGES;61 anos;CONSULTA EM CIRURGIA ORTOPEDICA - COLUNA;M47;2250
332704775;27/04/2020;MARIA ZELIA FERREIRA OLIVEIRA ALVES;65 anos;CONSULTA EM CIRURGIA ORTOPEDICA - COLUNA;M541;2250
332704912;27/04/2020;MARILENE LEONEL FERREIRA DA SILVA;62 anos;CONSULTA EM CIRURGIA ORTOPEDICA - COLUNA;M541;2250
414940872;27/04/2022;NUBIA PAULINO GOMES PASQUALLI;38 anos;CONSULTA EM NEUROCIRURGIA - GERAL;M511;1520
414968092;27/04/2022;MARIA CELMA CARDOSO DE SA DELGADO;58 anos;CONSULTA EM ORTOPEDIA - JOELHO;S835;1520
414970348;27/04/2022;VINICIUS HOLSBACK CURRALES;40 anos;CONSULTA EM ORTOPEDIA - JOELHO;S835;1520
663964494;27/04/2026;ADRIANO DA SILVA ALMEIDA;44 anos;ENDOSCOPIA DIGESTIVA ALTA;K297;59
663966358;27/04/2026;ANA PAULA DRESCHLER DE HAAS;33 anos;ENDOSCOPIA DIGESTIVA ALTA;R101;59
663967296;27/04/2026;ADRIANA HENRIQUE DA SILVA;51 anos;ENDOSCOPIA DIGESTIVA ALTA;K297;59
663971375;27/04/2026;ALEXANDRA DE LIMA DA SILVA;35 anos;ENDOSCOPIA DIGESTIVA ALTA;K297;59
663975565;27/04/2026;ARILDO DOS SANTOS CARLOS;47 anos;ENDOSCOPIA DIGESTIVA ALTA;K210;59
663977451;27/04/2026;ADEVALDO RODRIGUES FERREIRA;42 anos;ENDOSCOPIA DIGESTIVA ALTA;K20;59
663978631;27/04/2026;ANTONIA CLEIDE MARCAL DE OLIVEIRA;62 anos;ENDOSCOPIA DIGESTIVA ALTA;K297;59
663979951;27/04/2026;ARLETE MARCHI;46 anos;CONSULTA EM UROLOGIA - CIRURGICA;N20;59
663980227;27/04/2026;ANA GABRIELA PEREIRA ODA;15 anos;ENDOSCOPIA DIGESTIVA ALTA;R101;59
663981447;27/04/2026;ALCIBALDO PELICHAN;66 anos;ENDOSCOPIA DIGESTIVA ALTA;K297;59
663981478;27/04/2026;FELIPE MARTINS DE LIMA;46 anos;CONSULTA EM ORTOPEDIA ADULTO;Z00;59
663982781;27/04/2026;ANTONIO FABIO PEREIRA DE MOURA;65 anos;ENDOSCOPIA DIGESTIVA ALTA;K297;59
663985312;27/04/2026;BEATRIZ ABNER DE SOUZA GARBELINE;30 anos;ENDOSCOPIA DIGESTIVA ALTA;R101;59
663987641;27/04/2026;CINTIA OLIVEIRA DE OLIVEIRA;39 anos;ENDOSCOPIA DIGESTIVA ALTA;K30;59
663990763;27/04/2026;CAROLINE APARECIDA DA SILVA MOREIRA;28 anos;ENDOSCOPIA DIGESTIVA ALTA;R101;59
663993939;27/04/2026;CRISTIANE CONCEICAO GOIS;48 anos;ENDOSCOPIA DIGESTIVA ALTA;K449;59
663995456;27/04/2026;CLARICE ASSMANN MIRANDA;60 anos;ENDOSCOPIA DIGESTIVA ALTA;K29;59
663997620;27/04/2026;CARMEN ELENA PULIDO;54 anos;ENDOSCOPIA DIGESTIVA ALTA;R13;59
663999151;27/04/2026;CLEUZA UMBELINA DA SILVA ARAUJO;63 anos;ENDOSCOPIA DIGESTIVA ALTA;K297;59
664000679;27/04/2026;CICERA SALVINA ANHANI;74 anos;ENDOSCOPIA DIGESTIVA ALTA;K297;59
664002428;27/04/2026;CASSIANE BASSO;38 anos;ENDOSCOPIA DIGESTIVA ALTA;K279;59
664004112;27/04/2026;DEOLINO DALLA ROSA;65 anos;ENDOSCOPIA DIGESTIVA ALTA;K297;59
664005420;27/04/2026;DIEGO PAULO DE ALMEIDA;38 anos;ENDOSCOPIA DIGESTIVA ALTA;K297;59
664006880;27/04/2026;DAIANA MONTESSI CANTERO;41 anos;ENDOSCOPIA DIGESTIVA ALTA;K29;59
664008213;27/04/2026;DARIO DE ANDRADE FILHO;74 anos;ENDOSCOPIA DIGESTIVA ALTA;R104;59
664011087;27/04/2026;DOMICIO FERREIRA DA SILVA;79 anos;ENDOSCOPIA DIGESTIVA ALTA;K297;59
664013421;27/04/2026;DINALVA SILVA PAIVA;56 anos;ENDOSCOPIA DIGESTIVA ALTA;K297;59
664015582;27/04/2026;EDSON ANDRADE OLIVEIRA;43 anos;ENDOSCOPIA DIGESTIVA ALTA;K297;59
664016181;27/04/2026;MARIA BENEDITA MENEZES;63 anos;CONSULTA EM GINECOLOGIA CIRURGICA;N85;59
664021352;27/04/2026;EURI SOUZA DA SILVA;35 anos;ENDOSCOPIA DIGESTIVA ALTA;K30;59
664027511;27/04/2026;EDILSON MOREIRA DA SILVA;52 anos;ENDOSCOPIA DIGESTIVA ALTA;R101;59
664030791;27/04/2026;FATIMA RODRIGUES MATHEUS;59 anos;ENDOSCOPIA DIGESTIVA ALTA;K296;59
664042252;27/04/2026;FATIMA DA SILVA;61 anos;ENDOSCOPIA DIGESTIVA ALTA;K21;59
664043875;27/04/2026;FLODOALDO PEREIRA DE SOUZA;81 anos;ENDOSCOPIA DIGESTIVA ALTA;Z12;59
664046761;27/04/2026;FIDELCINA PERSI BRAGA;72 anos;ENDOSCOPIA DIGESTIVA ALTA;K20;59
664047606;27/04/2026;NEIDE CAMPOS SILVA DE SOUZA;67 anos;GRUPO - RESSONANCIA MAGNETICA;K768;59
664048523;27/04/2026;FABIANO LOPES DO NASCIMENTO;17 anos;ENDOSCOPIA DIGESTIVA ALTA;K297;59
664050559;27/04/2026;GLAUCIANE COIMBRA BARREIROS;41 anos;ENDOSCOPIA DIGESTIVA ALTA;K297;59
664052375;27/04/2026;GENI CAVALLI;70 anos;ENDOSCOPIA DIGESTIVA ALTA;K20;59
664054964;27/04/2026;HERNANDES FERNANDES SIQUEIRA;33 anos;ENDOSCOPIA DIGESTIVA ALTA;K21;59
664056285;27/04/2026;HILDA MARIA SOUZA DA SILVA;73 anos;ENDOSCOPIA DIGESTIVA ALTA;R101;59
664058020;27/04/2026;HARLEY AVELAR DA COSTA;45 anos;ENDOSCOPIA DIGESTIVA ALTA;K297;59
664064037;27/04/2026;IVA WINTERSTEIN;62 anos;ENDOSCOPIA DIGESTIVA ALTA;K297;59
664067245;27/04/2026;ILDA DA SILVA;66 anos;ENDOSCOPIA DIGESTIVA ALTA;R101;59
664069653;27/04/2026;INACIO DIAS DA ROCHA;89 anos;ENDOSCOPIA DIGESTIVA ALTA;K29;59
664071388;27/04/2026;IRENE CAMARGO FLORES;80 anos;ENDOSCOPIA DIGESTIVA ALTA;K297;59
664072933;27/04/2026;IVONE BECKHAUSER DEVISE;77 anos;ENDOSCOPIA DIGESTIVA ALTA;K21;59
664074788;27/04/2026;IRENI RODRIGUES DE ARANTES;79 anos;ENDOSCOPIA DIGESTIVA ALTA;K25;59
664076717;27/04/2026;JONATHAN JOSE ZACARIA FERREIRA CARDOSO;42 anos;ENDOSCOPIA DIGESTIVA ALTA;K30;59
664078963;27/04/2026;JULIANA GISELE INACIO DOS SANTOS;32 anos;ENDOSCOPIA DIGESTIVA ALTA;K297;59
664080306;27/04/2026;JOAO BATISTA PEREIRA MATEUS;60 anos;ENDOSCOPIA DIGESTIVA ALTA;K21;59
664080578;27/04/2026;CAUA BARROS DA SILVA;21 anos;CONSULTA EM PEQUENA CIRURGIA ADULTO;L91;59
664081740;27/04/2026;JONATHAN DE ASSIS LEME;25 anos;ENDOSCOPIA DIGESTIVA ALTA;K21;59
664083117;27/04/2026;JOAO GRISOSTE BENITES TRINDADE;49 anos;ENDOSCOPIA DIGESTIVA ALTA;K295;59
664084658;27/04/2026;JODI DE SOUZA DIAS;40 anos;ENDOSCOPIA DIGESTIVA ALTA;K21;59
664086071;27/04/2026;JOICE KELI BATISTA PASCHUINI;37 anos;ENDOSCOPIA DIGESTIVA ALTA;K29;59
664088049;27/04/2026;JOAO CARVALHO CARNEIRO;60 anos;ENDOSCOPIA DIGESTIVA ALTA;K746;59
664089534;27/04/2026;JOAO PIZOLITTO;73 anos;ENDOSCOPIA DIGESTIVA ALTA;R13;59
664091271;27/04/2026;JOAO DIAS VIEIRA;71 anos;ENDOSCOPIA DIGESTIVA ALTA;K20;59
664092395;27/04/2026;JOSEILDO VIEIRA DINIZ;44 anos;ENDOSCOPIA DIGESTIVA ALTA;K297;59
664095399;27/04/2026;JOEL JOSE HAAS LEICHTWEIS;38 anos;ENDOSCOPIA DIGESTIVA ALTA;R101;59
664101775;27/04/2026;LORENA RIBEIRO DE MELLO OLIVEIRA;30 anos;ENDOSCOPIA DIGESTIVA ALTA;K297;59
664102756;27/04/2026;LAURENIL SOARES SALLES;55 anos;ENDOSCOPIA DIGESTIVA ALTA;R103;59
664103887;27/04/2026;LUIZ FERNANDO VIEIRA DA SILVA;22 anos;ENDOSCOPIA DIGESTIVA ALTA;R103;59
664105111;27/04/2026;LENICE SANTOS DE MATOS;30 anos;ENDOSCOPIA DIGESTIVA ALTA;K29;59
664106924;27/04/2026;LEVI DA SILVA OLIVEIRA;50 anos;ENDOSCOPIA DIGESTIVA ALTA;K297;59
664108113;27/04/2026;LAYSE CASTRO TELES;21 anos;ENDOSCOPIA DIGESTIVA ALTA;K297;59
664108887;27/04/2026;LEO VITOR SANTANA CANTANHEDE;14 anos;ENDOSCOPIA DIGESTIVA ALTA;D63;59
664158066;27/04/2026;FIDELCINA PERSI BRAGA;72 anos;CONSULTA EM ENDOCRINOLOGIA E METABOLOGIA - ADULTO;E039;59
664177025;27/04/2026;NEUZA FREITAS DE ALMEIDA;54 anos;COLONOSCOPIA;R10;59
664209364;27/04/2026;ANDRESA DE SOUSA PEREIRA;22 anos;CONSULTA EM HEMATOLOGIA - GERAL;D696;59
664229126;27/04/2026;ELZA MARIA DA SILVA;62 anos;ENDOSCOPIA DIGESTIVA ALTA;D379;59
664236045;27/04/2026;BRUNA ESTER DA CRUZ FARIAS;13 anos;CONSULTA EM ENDOCRINOLOGIA - PEDIATRIA;E109;59
664245472;27/04/2026;NERI MEURER;66 anos;CONSULTA EM CARDIOLOGIA - ARRITMIA;I48;59
664248039;27/04/2026;RN DE JANAINA DE MORAES RODRIGUES;4 meses;GRUPO - RESSONANCIA MAGNETICA;G40;59
370273365;27/05/2021;LAVINYA VICTORIA DOS SANTOS LOPES;7 anos;CONSULTA EM GENETICA MEDICA;M219;1855
538031140;27/05/2024;SANDRA BISPO DOS SANTOS;58 anos;CONSULTA EM NEUROCIRURGIA - GERAL;Z988;759
538036196;27/05/2024;SEBASTIANA DIAS DE MENDONCA;71 anos;CONSULTA EM OFTALMOLOGIA - PLASTICA OCULAR;H02;759
538060570;27/05/2024;FRANCISCO FREIRE DO NASCIMENTO;70 anos;CONSULTA EM HEMATOLOGIA - GERAL;D69;759
603332820;27/05/2025;LAIS OLIVEIRA DE FREITAS;33 anos;CONSULTA EM OFTALMOLOGIA - ESTRABISMO;H500;394
603336296;27/05/2025;JHONATAN DELGADO DA COSTA;2 anos;CONSULTA EM OFTALMOLOGIA - ESTRABISMO;H500;394
603339365;27/05/2025;RUAN BERNARDO ALMEIDA DOS SANTOS;11 anos;CONSULTA EM OFTALMOLOGIA - CATARATA CONGENITA E INFANTIL;Q120;394
670011462;27/05/2026;DELCINO GONCALVES DA SILVA;82 anos;CONSULTA EM OFTALMOLOGIA - CATARATA;H259;29
670061680;27/05/2026;VALERIO WENDER DE OLIVEIRA;49 anos;CONSULTA EM OFTALMOLOGIA - PTERIGIO;H110;29
670090081;27/05/2026;MARLY FARIAS BELCHIOR;44 anos;GRUPO - ELETRONEUROMIOGRAFIA;G562;29
670242801;27/05/2026;JOSEFA DA SILVA SOUZA;60 anos;GRUPO - ELETRONEUROMIOGRAFIA;M501;29
480871793;27/06/2023;IVANIR GUARESMA;49 anos;CONSULTA EM NEUROCIRURGIA - GERAL;M511;1094
480984027;27/06/2023;MARCOS VINICIUS PEREIRA DOS SANTOS;13 anos;CONSULTA EM ORTOPEDIA - PEDIATRIA;Z47;1094
486306880;27/07/2023;JORGE CARDOSO DA ROCHA;58 anos;CONSULTA EM NEUROCIRURGIA - GERAL;M545;1064
620766729;27/08/2025;CRISTIANE BARBOSA DA SILVA;47 anos;CONSULTA EM REUMATOLOGIA - ADULTO;M05;302
620798639;27/08/2025;CLEOMIR DE LIMA ROTEL MACHADO;37 anos;CONSULTA EM NEUROCIRURGIA - GERAL;M501;302
620839239;27/08/2025;SUELEN AVELAR FRANCA DE SOUZA;36 anos;CONSULTA EM ENDOCRINOLOGIA E METABOLOGIA - ADULTO;E66;302
215394781;27/09/2017;RONILDA INACIO DE ARAUJO;56 anos;CONSULTA EM ORTOPEDIA ADULTO;M751;3193
561410792;27/09/2024;MARIA EDUARDA DA SILVA SOARES;23 anos;CONSULTA EM ENDOCRINOLOGIA E METABOLOGIA - ADULTO;E10;636
502379323;27/10/2023;VAGNER I BARRA;47 anos;CONSULTA EM NEUROCIRURGIA - GERAL;M541;972
507180585;27/11/2023;EUCLIDES CUNHA DOS SANTOS;63 anos;CONSULTA EM NEUROCIRURGIA - GERAL;M513;941
572384420;27/11/2024;APARECIDA ANHANI MARTINS;66 anos;CONSULTA EM GASTROENTEROLOGIA - GERAL;K295;575
647971969;28/01/2026;EVA APARECIDA GUIMARAES DE FREITAS SANTOS;57 anos;CONSULTA EM CIRURGIA PLASTICA - GERAL;Z428;148
648133594;28/01/2026;ENIO ALVES DA SILVA;76 anos;CONSULTA EM ENDOCRINOLOGIA E METABOLOGIA - ADULTO;E102;148
648134607;28/01/2026;JOSEFA DA SILVA;60 anos;CONSULTA EM REUMATOLOGIA - ADULTO;M797;148
648135882;28/01/2026;CELSO ROBERTO LUNARDI;59 anos;CONSULTA EM ENDOCRINOLOGIA E METABOLOGIA - ADULTO;E149;148
648182072;28/01/2026;MARIA APARECIDA GOMES;44 anos;CONSULTA EM HEMATOLOGIA - GERAL;D464;148
521831172;28/02/2024;SILVIA NOGUEIRA DE BARROS;38 anos;CONSULTA EM CIRURGIA DE CABECA E PESCOCO - GERAL;E079;848
587416414;28/02/2025;LEOMAR FERREIRA DE OLIVEIRA;51 anos;CONSULTA EM CARDIOLOGIA - MARCAPASSO;I48;482
587429290;28/02/2025;VICENTE MONTESSI EDUARDO;2 anos;CONSULTA EM NEUROLOGIA - PEDIATRIA;G478;482
587434937;28/02/2025;SOPHIA VALDEZ;8 anos;CONSULTA EM GENETICA MEDICA;Q87;482
587436017;28/02/2025;ASAF CRISTHYAN DA SILVA VALDEZ;6 anos;CONSULTA EM GENETICA MEDICA;Q87;482
587436262;28/02/2025;ALINE DA ROCHA NANTES FELIX;7 anos;CONSULTA EM GENETICA MEDICA;Q87;482
587439538;28/02/2025;SARAH CRISTINA BICCIGO DOS SANTOS;4 anos;CONSULTA EM GENETICA MEDICA;Z315;482
587447938;28/02/2025;ANA LAURA ALVES VILIALVA;8 anos;CONSULTA EM NEUROLOGIA - PEDIATRIA;G40;482
592214307;28/03/2025;FELIPE WESLLEN DA SILVA;32 anos;CONSULTA EM NEUROCIRURGIA - GERAL;M545;454
332714513;28/04/2020;MIGUEL ELIAS ALVES NETO;69 anos;CONSULTA EM CIRURGIA ORTOPEDICA - COLUNA;M511;2249
332715102;28/04/2020;NILSON LELIS GONCALVES;61 anos;CONSULTA EM CIRURGIA ORTOPEDICA - COLUNA;M511;2249
332719196;28/04/2020;ODETE BICCIGO;63 anos;CONSULTA EM CIRURGIA ORTOPEDICA - COLUNA;M511;2249
332719550;28/04/2020;ROSIVALDO ALVES DOS REIS;54 anos;CONSULTA EM CIRURGIA ORTOPEDICA - COLUNA;M511;2249
332720644;28/04/2020;SILIANE NORBAK;48 anos;CONSULTA EM CIRURGIA ORTOPEDICA - COLUNA;M51;2249
332722455;28/04/2020;TIAGO GODOY RODRIGUES;41 anos;CONSULTA EM CIRURGIA ORTOPEDICA - COLUNA;M511;2249
332724589;28/04/2020;VALDIRA APARECIDA DE LIMA;45 anos;CONSULTA EM CIRURGIA ORTOPEDICA - COLUNA;M511;2249
415208560;28/04/2022;MARIA DAS DORES MOREIRA DA SILVA;50 anos;CONSULTA EM CIRURGIA ORTOPEDICA - OMBROS;M75;1519
664295470;28/04/2026;MARCOS ROBERTO VIEIRA;53 anos;ENDOSCOPIA DIGESTIVA ALTA;K295;58
664297575;28/04/2026;MARINALVA RAIMUNDO DO NASCIMENTO;59 anos;ENDOSCOPIA DIGESTIVA ALTA;R101;58
664298920;28/04/2026;MARILDA RODRIGUES DOS SANTOS;64 anos;ENDOSCOPIA DIGESTIVA ALTA;K297;58
664300199;28/04/2026;MARIA LUZ DE AQUINO FERREIRA;78 anos;ENDOSCOPIA DIGESTIVA ALTA;R13;58
664301642;28/04/2026;MARIZA LOPES DE LIMA FLORES;48 anos;ENDOSCOPIA DIGESTIVA ALTA;K295;58
664302859;28/04/2026;MARIA DE LOURDES DE SOUZA LOPES;55 anos;ENDOSCOPIA DIGESTIVA ALTA;K21;58
664304885;28/04/2026;MARIA CELMA CARDOSO DE SA DELGADO;58 anos;ENDOSCOPIA DIGESTIVA ALTA;K297;58
664307249;28/04/2026;MARIA BENTA FERREIRA;83 anos;ENDOSCOPIA DIGESTIVA ALTA;K30;58
664308650;28/04/2026;MARCIA ALVES DOS SANTOS;42 anos;ENDOSCOPIA DIGESTIVA ALTA;K295;58
664310353;28/04/2026;MARIA JOSEANE RAMOS DA SILVA;42 anos;ENDOSCOPIA DIGESTIVA ALTA;K210;58
664311815;28/04/2026;MARIA HELENA PIRES DE LIMA;64 anos;ENDOSCOPIA DIGESTIVA ALTA;K297;58
664313593;28/04/2026;MARCIA CRISTINA PIRES DANTAS;56 anos;ENDOSCOPIA DIGESTIVA ALTA;K299;58
664315413;28/04/2026;MARCILENE DA SILVA FURST;34 anos;ENDOSCOPIA DIGESTIVA ALTA;K29;58
664318489;28/04/2026;MARIA IVONETE ALVES DE MACEDO;47 anos;ENDOSCOPIA DIGESTIVA ALTA;Z10;58
664319934;28/04/2026;MARLI CIUPAK;60 anos;ENDOSCOPIA DIGESTIVA ALTA;K297;58
664321199;28/04/2026;EVANIR BENACHIO;75 anos;GRUPO - RESSONANCIA MAGNETICA;M17;58
664322368;28/04/2026;MARIA APARECIDA NOVAIS;53 anos;ENDOSCOPIA DIGESTIVA ALTA;K43;58
664324226;28/04/2026;MARIA GILDETE ALVES DE MACEDO SILVA;44 anos;ENDOSCOPIA DIGESTIVA ALTA;K319;58
664326818;28/04/2026;MARIA APARECIDA DOS SANTOS;51 anos;ENDOSCOPIA DIGESTIVA ALTA;R071;58
664329681;28/04/2026;NATALIE EDUARDA RITH DA COSTA;22 anos;ENDOSCOPIA DIGESTIVA ALTA;R104;58
664331361;28/04/2026;NIVERSINA CHAVES PIRES;58 anos;ENDOSCOPIA DIGESTIVA ALTA;K21;58
664332852;28/04/2026;NADIR MARIA PEZZINI;83 anos;ENDOSCOPIA DIGESTIVA ALTA;K921;58
664334382;28/04/2026;NILMO AMORIM DOS SANTOS;43 anos;ENDOSCOPIA DIGESTIVA ALTA;B96;58
664342657;28/04/2026;NILTON PEREIRA FERREIRA;59 anos;ENDOSCOPIA DIGESTIVA ALTA;K29;58
664344280;28/04/2026;NEIDE COSTA CAMPOS;78 anos;ENDOSCOPIA DIGESTIVA ALTA;R101;58
664348253;28/04/2026;OVIEDO FEITOSA SANTOS;51 anos;ENDOSCOPIA DIGESTIVA ALTA;R101;58
664350303;28/04/2026;OTILIA MARIA DAMIAN PESSATTO;78 anos;ENDOSCOPIA DIGESTIVA ALTA;R101;58
664358788;28/04/2026;PAULO SERGIO GOMES;56 anos;ENDOSCOPIA DIGESTIVA ALTA;K299;58
664360651;28/04/2026;PEDRO DE SOUZA NETO;57 anos;ENDOSCOPIA DIGESTIVA ALTA;K299;58
664363215;28/04/2026;LETICIA RIBEIRO DALL ACQUA;17 anos;CONSULTA EM ENDOCRINOLOGIA E METABOLOGIA - ADULTO;E039;58
664365738;28/04/2026;PATRICIA APARECIDA DE PAULA;56 anos;ENDOSCOPIA DIGESTIVA ALTA;K29;58
664368395;28/04/2026;RENATA DA CONCEICAO FABIANO;38 anos;COLONOSCOPIA;J450;58
664372640;28/04/2026;RENATA DA CONCEICAO FABIANO;38 anos;ENDOSCOPIA DIGESTIVA ALTA;J450;58
664382829;28/04/2026;REGINA CELIA SILVA ALENCAR;53 anos;ENDOSCOPIA DIGESTIVA ALTA;K297;58
664393606;28/04/2026;ROSA EGILDA DA SILVA;64 anos;ENDOSCOPIA DIGESTIVA ALTA;R14;58
664395306;28/04/2026;ROBERTO DA SILVA VEIGA;43 anos;ENDOSCOPIA DIGESTIVA ALTA;K29;58
664399073;28/04/2026;LIDIA MARTINS CASTILHO;57 anos;GRUPO - RESSONANCIA MAGNETICA;M545;58
664400623;28/04/2026;LIDIA MARTINS CASTILHO;57 anos;GRUPO - ELETRONEUROMIOGRAFIA;M545;58
664403910;28/04/2026;RAFAEL FREIRE DA SILVA;29 anos;ENDOSCOPIA DIGESTIVA ALTA;R101;58
664407372;28/04/2026;SEBASTIAO PRATES PEREIRA;77 anos;ENDOSCOPIA DIGESTIVA ALTA;K29;58
664409531;28/04/2026;SIDILEI CORREA DOS ANJOS;48 anos;ENDOSCOPIA DIGESTIVA ALTA;K297;58
664410901;28/04/2026;SIDILEI CORREA DOS ANJOS;48 anos;COLONOSCOPIA;R195;58
664412364;28/04/2026;SALVADORA ARGUELHO FERRO;68 anos;ENDOSCOPIA DIGESTIVA ALTA;K297;58
664412441;28/04/2026;ANA LUCIA DUTRA DA SILVA;44 anos;CONSULTA EM ENDOCRINOLOGIA E METABOLOGIA - ADULTO;E039;58
664413845;28/04/2026;SILENE FERREIRA DO CARMO;51 anos;ENDOSCOPIA DIGESTIVA ALTA;B96;58
664415249;28/04/2026;SEBASTIAO GOMES VILELA;58 anos;ENDOSCOPIA DIGESTIVA ALTA;K296;58
664416394;28/04/2026;SAMARA SANTOS E SANTOS;34 anos;ENDOSCOPIA DIGESTIVA ALTA;K29;58
664418765;28/04/2026;TEREZINHA VEGA DOS SANTOS;54 anos;ENDOSCOPIA DIGESTIVA ALTA;K29;58
664419981;28/04/2026;TEREZINHA RODRIGUES SILVA OLIVEIRA;52 anos;ENDOSCOPIA DIGESTIVA ALTA;K297;58
664422568;28/04/2026;TEREZINHA MENDES DOS SANTOS DE LIMA;46 anos;ENDOSCOPIA DIGESTIVA ALTA;K21;58
664522302;28/04/2026;VALDEIR ARGUELHO;52 anos;GRUPO - RESSONANCIA MAGNETICA;M543;58
664525868;28/04/2026;IRANI GONCALVES DIAS;60 anos;GRUPO - RESSONANCIA MAGNETICA;M545;58
664567249;28/04/2026;LEONARDO VICENTE LUGO ESTEVEZ;36 anos;GRUPO - RESSONANCIA MAGNETICA;F20;58
664568590;28/04/2026;IRANI GONCALVES DIAS;60 anos;GRUPO - RESSONANCIA MAGNETICA;D23;58
664569209;28/04/2026;ISIS MANUELY MORAN DOS ANJOS;2 anos;CONSULTA EM GASTROENTEROLOGIA - PEDIATRIA;K590;58
664569380;28/04/2026;IRANI GONCALVES DIAS;60 anos;GRUPO - RESSONANCIA MAGNETICA;D23;58
664569890;28/04/2026;MARTA PEREIRA NUNES;45 anos;CONSULTA EM ENDOCRINOLOGIA E METABOLOGIA - ADULTO;E108;58
538200336;28/05/2024;ZENILDA DE OLIVEIRA;63 anos;CONSULTA EM ENDOCRINOLOGIA - PACIENTES DIABETICOS;E10;758
538321093;28/05/2024;MARIA ROSA MIRANDA DO AMARAL;52 anos;CONSULTA EM CIRURGIA OTORRINOLARINGOLOGIA;J384;758
670319737;28/05/2026;LUIZ FELIPE DE SOUZA;13 anos;CONSULTA EM CIRURGIA PLASTICA - GERAL;Q175;28
670360883;28/05/2026;DANIELLY CRISTINA SOUZA PINHEIRO MARIA;27 anos;GRUPO - RESSONANCIA MAGNETICA;I839;28
670373453;28/05/2026;ELIZARDO SANCHEZ ORTIZ;58 anos;GRUPO - RESSONANCIA MAGNETICA;M545;28
670377149;28/05/2026;FATIMA DE LOURDES PRADO CARVALHO;52 anos;GRUPO - RESSONANCIA MAGNETICA;M545;28
670379715;28/05/2026;GLAUCIANE COIMBRA BARREIROS;41 anos;GRUPO - RESSONANCIA MAGNETICA;N80;28
670388505;28/05/2026;JOSSEANE ARRUDA DE ALMEIDA;39 anos;GRUPO - RESSONANCIA MAGNETICA;M545;28
670390352;28/05/2026;JOSSEANE ARRUDA DE ALMEIDA;39 anos;GRUPO - RESSONANCIA MAGNETICA;M751;28
670392335;28/05/2026;JOSSEANE ARRUDA DE ALMEIDA;39 anos;GRUPO - RESSONANCIA MAGNETICA;M545;28
670403561;28/05/2026;ANDREIA DE SOUZA PEREIRA;40 anos;GRUPO - RESSONANCIA MAGNETICA;R102;28
670407175;28/05/2026;LUCIMAR GONCALVES MACHADO;51 anos;GRUPO - RESSONANCIA MAGNETICA;M549;28
670411742;28/05/2026;ANNE CARLA LIMA DA COSTA;42 anos;GRUPO - RESSONANCIA MAGNETICA;G934;28
670413627;28/05/2026;VALDREIA APARECIDA NEVES;44 anos;GRUPO - RESSONANCIA MAGNETICA;N800;28
670416737;28/05/2026;RICHARD GABRIEL OLIVEIRA CAMARGO;2 anos;GRUPO - TOMOGRAFIA COMPUTADORIZADA;Q892;28
670470935;28/05/2026;HEITOR CONTI GRANCE;8 anos;GRUPO - RESSONANCIA MAGNETICA;G80;28
670472840;28/05/2026;IODA MARIA INACIA RODA;70 anos;GRUPO - RESSONANCIA MAGNETICA;M541;28
670482343;28/05/2026;MARISA PIRES DE ANDRADE;53 anos;GRUPO - RESSONANCIA MAGNETICA;M87;28
670488980;28/05/2026;MARIANA SOARES DA COSTA;2 anos;GRUPO - RESSONANCIA MAGNETICA;Q75;28
670492005;28/05/2026;VALERIO WENDER DE OLIVEIRA;49 anos;GRUPO - RESSONANCIA MAGNETICA;M545;28
670495294;28/05/2026;WENDER FREITAS FERREIRA;21 anos;GRUPO - RESSONANCIA MAGNETICA;M253;28
670504387;28/05/2026;VALDIRA FERREIRA DO CARMO;69 anos;GRUPO - RESSONANCIA MAGNETICA;M541;28
670507944;28/05/2026;VALTAIR REIS DA CUNHA;64 anos;GRUPO - RESSONANCIA MAGNETICA;M544;28
670512950;28/05/2026;VANILDO HORTENCIA VIEIRA DOS SANTOS;36 anos;GRUPO - RESSONANCIA MAGNETICA;M545;28
670516432;28/05/2026;VERA LUCIA DORICO RAMOS;55 anos;GRUPO - RESSONANCIA MAGNETICA;M545;28
670517723;28/05/2026;VERA LUCIA VARELO DA ROCHA;53 anos;GRUPO - RESSONANCIA MAGNETICA;M255;28
670521893;28/05/2026;VITOR DINIZ;58 anos;GRUPO - RESSONANCIA MAGNETICA;M545;28
670524316;28/05/2026;VALDIR PEDRO DA SILVA;63 anos;GRUPO - RESSONANCIA MAGNETICA;M994;28
670528215;28/05/2026;THAYNARA LOPES SOUSA;30 anos;GRUPO - RESSONANCIA MAGNETICA;M511;28
670529189;28/05/2026;VALDIRA FERREIRA DO CARMO;69 anos;GRUPO - RESSONANCIA MAGNETICA;M545;28
670534183;28/05/2026;RAIMUNDO BENTO SOBRINHO;78 anos;GRUPO - RESSONANCIA MAGNETICA;C61;28
670543017;28/05/2026;RIVALDO MORAES DE MESQUITA;30 anos;GRUPO - RESSONANCIA MAGNETICA;M751;28
670543814;28/05/2026;RIVALDO MORAES DE MESQUITA;30 anos;GRUPO - RESSONANCIA MAGNETICA;M224;28
670543959;28/05/2026;MARIA ANDRADE DE OLIVEIRA;47 anos;CONSULTA EM MASTOLOGIA - GERAL;D24;28
670544626;28/05/2026;NADIR SAVOLDI DE SOUZA;64 anos;GRUPO - ELETRONEUROMIOGRAFIA;G560;28
670546851;28/05/2026;ANTONIA PEREIRA DIAS;57 anos;CONSULTA EM ENDOCRINOLOGIA E METABOLOGIA - ADULTO;Q243;28
670548421;28/05/2026;CATARINA VIRGINIA LEMES LARA;80 anos;GRUPO - TOMOGRAFIA COMPUTADORIZADA;F001;28
205001758;28/06/2017;MARLUCE PESSOA;71 anos;CONSULTA EM ORTOPEDIA ADULTO;M179;3284
208450299;28/07/2017;DONARIA MARTINS DE SOUZA;57 anos;CONSULTA EM ORTOPEDIA ADULTO;M501;3254
486507984;28/07/2023;FRANCISCA DE LIMA;66 anos;CONSULTA EM NEUROCIRURGIA - GERAL;M513;1063
211889078;28/08/2017;LUCAS MARDOQUEU GONCALVES SILVA;13 anos;CONSULTA EM ORTOPEDIA ADULTO;Q780;3223
491835552;28/08/2023;MAYCON ALEX ROCHA DA SILVA;31 anos;CONSULTA EM CIRURGIA OTORRINOLARINGOLOGIA;H662;1032
386767666;28/09/2021;LUIS ANTONIO TEIXEIRA;57 anos;CONSULTA EM NEUROCIRURGIA - GERAL;M511;1731
497245531;28/09/2023;VICTOR EDUARDO MARTINS BORGES;14 anos;CONSULTA EM ORTOPEDIA - PEDIATRIA;M21;1001
222358739;28/11/2017;SARAH SOPHIA VITORIA GONCALVES DE MORAES;8 anos;CONSULTA EM OFTALMOLOGIA - PEDIATRIA;B25;3131
448342825;28/11/2022;NADIR MOREIRA DIAS;68 anos;CONSULTA EM CIRURGIA PLASTICA - GERAL;M95;1305
638962024;28/11/2025;ANTONIO LUIZ FERREIRA;68 anos;CONSULTA EM GASTROENTEROLOGIA - GERAL;K318;209
638962773;28/11/2025;JUCIENE RIOS FRETES;34 anos;CONSULTA EM ENDOCRINOLOGIA E METABOLOGIA - ADULTO;E039;209
638962964;28/11/2025;MIGUEL EMANOEL ROCHA SILVA;7 anos;AUDIOMETRIA PEDIATRICA;H906;209
639018874;28/11/2025;ANA MARIA DE SOUSA TEIXEIRA E SILVA;55 anos;CONSULTA EM ENDOCRINOLOGIA E METABOLOGIA - ADULTO;E07;209
639022625;28/11/2025;EDVANIA CLARINDO PAES;49 anos;CONSULTA EM GASTROENTEROLOGIA - GERAL;K295;209
639031606;28/11/2025;RUTE DA SILVA;51 anos;CONSULTA EM CIRURGIA PLASTICA - GERAL;N62;209
639055174;28/11/2025;ALINE LINA FERREIRA;23 anos;CONSULTA EM CIRURGIA DE CABECA E PESCOCO - GERAL;G500;209
581621950;29/01/2025;SALETE MANTOVANI SANTIN;71 anos;CONSULTA EM OFTALMOLOGIA - GLAUCOMA;Z00;512
648343386;29/01/2026;DEODETE LUIZA BRANDAO;65 anos;CONSULTA EM REUMATOLOGIA - ADULTO;M34;147
648354011;29/01/2026;LUCILENE LEITE BARBOSA;51 anos;CONSULTA EM CIRURGIA VASCULAR PARA FISTULA HEMODIALISE SIMPLES;I77;147
648354775;29/01/2026;DEMILSON JOSE DA SILVA;61 anos;CONSULTA EM CIRURGIA VASCULAR PARA FISTULA HEMODIALISE SIMPLES;N180;147
521902907;29/02/2024;OLVIRIA LOPES;69 anos;CONSULTA EM NEUROCIRURGIA - GERAL;G952;847
410630830;29/03/2022;RODRIGO DE ALMEIDA SALVATICO;41 anos;CONSULTA EM CIRURGIA ORTOPEDICA-QUADRIL;M169;1549
332765401;29/04/2020;DIOCLEDES BISPO DE JESUS;42 anos;CONSULTA EM CIRURGIA ORTOPEDICA - COLUNA;M541;2248
332766201;29/04/2020;DONIZETE DIMEIRA DOS REIS;64 anos;CONSULTA EM CIRURGIA ORTOPEDICA - COLUNA;M541;2248
332768597;29/04/2020;ANA INES MUDRAK;67 anos;CONSULTA EM CIRURGIA ORTOPEDICA - COLUNA;M511;2248
332770529;29/04/2020;ARLETE VIGUACHE BRANDAO;52 anos;CONSULTA EM CIRURGIA ORTOPEDICA - COLUNA;M518;2248
332770854;29/04/2020;AURINDO DE SOUZA;60 anos;CONSULTA EM CIRURGIA ORTOPEDICA - COLUNA;M511;2248
332771161;29/04/2020;BEATRIZ CHAVES;59 anos;CONSULTA EM CIRURGIA ORTOPEDICA - COLUNA;M511;2248
532905487;29/04/2024;TEREZA ALMEIDA DE JESUS;73 anos;CONSULTA EM ENDOCRINOLOGIA E METABOLOGIA - ADULTO;E11;787
532983435;29/04/2024;FRANCIELLY DE SANTANA MARTINS BORGES;28 anos;CONSULTA EM CIRURGIA PLASTICA - GERAL;Z411;787
597916504;29/04/2025;JOAO ANTONIO MENDONCA DA SILVA;49 anos;CONSULTA EM NEUROCIRURGIA - GERAL;M501;422
597999837;29/04/2025;LUIZ FABRICIO XAVIER DE MENDONCA;50 anos;CONSULTA EM NEUROCIRURGIA - GERAL;M501;422
598020990;29/04/2025;MARIA DE LURDES DOS SANTOS;53 anos;CONSULTA EM NEUROCIRURGIA - GERAL;M511;422
664607182;29/04/2026;VALMIR JOSE SPIGOLON;61 anos;ENDOSCOPIA DIGESTIVA ALTA;K291;57
664608780;29/04/2026;VANILDA DO BELEM DOS SANTOS MATIAS;61 anos;ENDOSCOPIA DIGESTIVA ALTA;K21;57
664609839;29/04/2026;VANDERLEI ROQUE DEVISE;57 anos;ENDOSCOPIA DIGESTIVA ALTA;B968;57
664611652;29/04/2026;VANIA MORAES DA SILVA;43 anos;ENDOSCOPIA DIGESTIVA ALTA;K21;57
664613503;29/04/2026;VANESIA FILADELFO DA SILVA LOSCHI;47 anos;ENDOSCOPIA DIGESTIVA ALTA;K30;57
664614942;29/04/2026;VALDEANA FREITAS DA SILVA AFONSO;42 anos;ENDOSCOPIA DIGESTIVA ALTA;K297;57
664616551;29/04/2026;WYLLAS DE SOUSA E SILVA;22 anos;ENDOSCOPIA DIGESTIVA ALTA;Z10;57
664619092;29/04/2026;ANDREIA DA ROCHA NANTES;37 anos;COLONOSCOPIA;K59;57
664620319;29/04/2026;ANA PAULA DRESCHLER DE HAAS;33 anos;COLONOSCOPIA;R194;57
664621802;29/04/2026;ADRIANA HENRIQUE DA SILVA;51 anos;COLONOSCOPIA;Z121;57
664623143;29/04/2026;ALFREDO INACIO DE SOUSA;71 anos;COLONOSCOPIA;K57;57
664632748;29/04/2026;ANTONIO DE OLIVEIRA;59 anos;COLONOSCOPIA;Z123;57
664634845;29/04/2026;ANA MARIA RODRIGUES DA ROSA;49 anos;COLONOSCOPIA;K635;57
664636155;29/04/2026;CLEONICE MARIA DE NOVAES BALBINO;54 anos;COLONOSCOPIA;K591;57
664643502;29/04/2026;CELSO DO NASCIMENTO MONTESSI;53 anos;COLONOSCOPIA;R10;57
664645675;29/04/2026;AMELIA RODRIGUES DE SOUZA;66 anos;COLONOSCOPIA;K590;57
664649255;29/04/2026;AURELIA SERVIAM INSABRALDE;75 anos;COLONOSCOPIA;K59;57
664649667;29/04/2026;CLEBERSON RIBEIRO DA SILVA;42 anos;ENDOSCOPIA DIGESTIVA ALTA;R10;57
664652490;29/04/2026;ABEL DA SILVA;54 anos;COLONOSCOPIA;Z000;57
664655126;29/04/2026;LORI DIELL;72 anos;GRUPO - TOMOGRAFIA COMPUTADORIZADA;R91;57
664660471;29/04/2026;ANGELICA DE JESUS;44 anos;COLONOSCOPIA;K635;57
664664048;29/04/2026;ANTENOR POLETO;77 anos;COLONOSCOPIA;A09;57
664670559;29/04/2026;DENISE DOS SANTOS KELLER;61 anos;COLONOSCOPIA;K635;57
664672591;29/04/2026;FAUSTINO INACIO DE OLIVEIRA;80 anos;COLONOSCOPIA;K580;57
664673030;29/04/2026;CLAUDINES ALMEIDA DE SOUZA;47 anos;GRUPO - RESSONANCIA MAGNETICA;R51;57
664674254;29/04/2026;EVA FLAUSINA DA SILVA DE OLIVEIRA;73 anos;COLONOSCOPIA;D50;57
664675875;29/04/2026;DIONISIO CAVAGLIERI;74 anos;COLONOSCOPIA;K291;57
664679620;29/04/2026;EDSON DE JESUS MARCONDES BUENO;41 anos;COLONOSCOPIA;Z121;57
664679950;29/04/2026;MARIA CLEIDE DA SILVA;54 anos;CONSULTA EM ENDOCRINOLOGIA E METABOLOGIA - ADULTO;E108;57
664684908;29/04/2026;IVONE FRANCISCA DORADO;57 anos;ENDOSCOPIA DIGESTIVA ALTA;H72;57
664697418;29/04/2026;ELAINE BALZAN POCAHY;62 anos;COLONOSCOPIA;R194;57
664702202;29/04/2026;DORFELINA PIRES DA SILVA;77 anos;COLONOSCOPIA;R102;57
664703704;29/04/2026;FRANCISCO MASCARELLO;79 anos;COLONOSCOPIA;Z59;57
664708100;29/04/2026;GERCINO CARRILHO DE LIMA;76 anos;COLONOSCOPIA;R10;57
664714860;29/04/2026;JOSE SOUZA;68 anos;COLONOSCOPIA;K566;57
664719685;29/04/2026;JESSICA MARIA DA SILVA FERREIRA;32 anos;COLONOSCOPIA;D126;57
664720763;29/04/2026;JOAO DE SOUZA BRANDAO;67 anos;COLONOSCOPIA;K590;57
664723334;29/04/2026;LEONINA DE FREITAS BARBOSA;84 anos;COLONOSCOPIA;K518;57
664727551;29/04/2026;JOAO BATISTA DA TRINDADE;70 anos;GRUPO - TOMOGRAFIA COMPUTADORIZADA;E14;57
664727765;29/04/2026;JACINTO GOMES SOBRINHO;75 anos;COLONOSCOPIA;I84;57
664728161;29/04/2026;ADRIANA RIBEIRO DA SILVA;47 anos;CONSULTA EM REUMATOLOGIA - ADULTO;M797;57
664729236;29/04/2026;JOAO BATISTA PINTO;82 anos;COLONOSCOPIA;K921;57
664730785;29/04/2026;JANDIR DALL ACQUA;72 anos;COLONOSCOPIA;R10;57
664732194;29/04/2026;JUSCELINO PEREIRA MARINHO;51 anos;COLONOSCOPIA;R104;57
664822954;29/04/2026;MARLENE GUEDIN GINDRI;61 anos;COLONOSCOPIA;R10;57
664832357;29/04/2026;PAMELA MARTA DALRI;35 anos;CONSULTA EM ENDOCRINOLOGIA E METABOLOGIA - ADULTO;E66;57
664846902;29/04/2026;GREICIELI APARECIDA PIRES FERREIRA;42 anos;GRUPO - US DOPPLER COLORIDO DE TRES VASOS;I839;57
664849296;29/04/2026;JOAQUIM GIACOMINI;67 anos;GRUPO - RESSONANCIA MAGNETICA;M233;57
664854167;29/04/2026;JOAQUIM GIACOMINI;67 anos;GRUPO - RESSONANCIA MAGNETICA;M233;57
664871915;29/04/2026;MADALENA FERNANDES DE LIMA;69 anos;GRUPO - TOMOGRAFIA COMPUTADORIZADA;J448;57
664873905;29/04/2026;LUCIANA SOARES RODRIGUES;42 anos;CONSULTA EM CIRURGIA GERAL - ADULTO;K805;57
664875607;29/04/2026;HEITOR LUIZ DA SILVA MONTEIRO;3 anos;CONSULTA EM PSIQUIATRIA - PEDIATRIA;F900;57
664875869;29/04/2026;MARIA ALVES DE OLIVEIRA;75 anos;CATETERISMO CARDIACO;I209;57
670572707;29/05/2026;EVANDI ABREU AMARAL;62 anos;CONSULTA EM NEFROLOGIA - ADULTO;N18;27
670761553;29/05/2026;VALDECIR NATAL ANDREAZZA;72 anos;GRUPO - US DOPPLER COLORIDO DE TRES VASOS;I839;27
670762105;29/05/2026;VALDECIR NATAL ANDREAZZA;72 anos;GRUPO - US DOPPLER COLORIDO DE TRES VASOS;I839;27
670767635;29/05/2026;DANIEL DE OLIVEIRA NASCIMENTO DE ALMEIDA;32 anos;GRUPO - RESSONANCIA MAGNETICA;F29;27
670775576;29/05/2026;VALDETE FERREIRA DE SOUZA;57 anos;GRUPO - RESSONANCIA MAGNETICA;M545;27
429622661;29/07/2022;SIMONEI STUANI;52 anos;CONSULTA EM NEUROCIRURGIA - GERAL;M51;1427
549233900;29/07/2024;HELENA HAINASKI DO CARMO;61 anos;CONSULTA EM OFTALMOLOGIA - GLAUCOMA;H40;696
549334919;29/07/2024;ROSINAIA FERNANDES;47 anos;CONSULTA EM HEMATOLOGIA - GERAL;D649;696
555523972;29/08/2024;CINTIA DE OLIVEIRA BRANDAO;31 anos;CONSULTA EM CIRURGIA PLASTICA - GERAL;E66;665
627282098;29/09/2025;TAYNARA TALINE DA SILVA;33 anos;CONSULTA EM NEUROCIRURGIA - GERAL;M501;269
567306925;29/10/2024;VICENTE JOSE TAPPARO;68 anos;CONSULTA EM UROLOGIA - CIRURGICA;C679;604
567326546;29/10/2024;THIAGO DE OLIVEIRA LIMA;22 anos;CONSULTA EM NEUROCIRURGIA - GERAL;S143;604
633294788;29/10/2025;PEDRO DOS SANTOS;52 anos;CONSULTA EM ENDOCRINOLOGIA - PACIENTES DIABETICOS;E14;239
507547092;29/11/2023;PALOMA VITORIA MARION TEIXEIRA;9 anos;CONSULTA EM GENETICA MEDICA;Q87;939
456829391;30/01/2023;GUSTAVO MARTINS DA COSTA;18 anos;CONSULTA EM OFTALMOLOGIA - PLASTICA OCULAR;H00;1242
456832724;30/01/2023;LEANDRO DA ROCHA;35 anos;CONSULTA EM OFTALMOLOGIA - PLASTICA OCULAR;H00;1242
648594876;30/01/2026;ELZA MARIA DA SILVA PANINI;56 anos;CONSULTA EM REUMATOLOGIA - ADULTO;M45;146
648659622;30/01/2026;GIZELI CARNEIRO DE FREITAS;36 anos;CONSULTA EM ENDOCRINOLOGIA E METABOLOGIA - ADULTO;E890;146
648672567;30/01/2026;JOEL CARDOZO DOS SANTOS;77 anos;CONSULTA EM OFTALMOLOGIA - GLAUCOMA;H401;146
648691221;30/01/2026;MARIA ALCELIA DE JESUS OLIVEIRA;54 anos;CONSULTA EM OFTALMOLOGIA - GLAUCOMA;H400;146
659203103;30/03/2026;MARCIANA DE JESUS SILVA;43 anos;CONSULTA EM REUMATOLOGIA - ADULTO;M797;87
659252967;30/03/2026;EVA FERREIRA DE SOUZA;67 anos;CONSULTA EM ENDOCRINOLOGIA E METABOLOGIA - ADULTO;E042;87
659274298;30/03/2026;JOSE APARECIDO DE OLIVEIRA;55 anos;CONSULTA EM CIRURGIA TORACICA - GERAL;I64;87
659438662;30/03/2026;TEREZINHA DALLA ROSA BERTON;66 anos;CATETERISMO CARDIACO;I25;87
332860388;30/04/2020;EVA APARECIDA GUIMARAES DE FREITAS SANTOS;57 anos;CONSULTA EM CIRURGIA ORTOPEDICA - COLUNA;M541;2247
332861428;30/04/2020;GENESI LIMA DA SILVA;61 anos;CONSULTA EM CIRURGIA ORTOPEDICA - COLUNA;M511;2247
332862919;30/04/2020;ILDA CACERES DA SILVA;56 anos;CONSULTA EM CIRURGIA ORTOPEDICA - COLUNA;M511;2247
332863696;30/04/2020;IVANETE GRANDO;59 anos;CONSULTA EM CIRURGIA ORTOPEDICA - COLUNA;M511;2247
332865245;30/04/2020;JOSE AUGUSTO BATISTA DA SILVA;52 anos;CONSULTA EM CIRURGIA ORTOPEDICA - COLUNA;M541;2247
598174510;30/04/2025;RICARDO CONTE NETO;30 anos;CONSULTA EM NEUROCIRURGIA - GERAL;S06;421
598241275;30/04/2025;CLEBERSON FAGNER SILVA SANTOS;21 anos;CONSULTA EM CIRURGIA PLASTICA - GERAL;T95;421
664907896;30/04/2026;CRISTINA DA SILVA LOPES;47 anos;GRUPO - RESSONANCIA MAGNETICA;M545;56
664931550;30/04/2026;LAVINIA LIMA BARCELOS;9 anos;CONSULTA EM ALERGIA E IMUNOLOGIA - PEDIATRICA;L20;56
664932608;30/04/2026;ALINE DA ROCHA NANTES FELIX;7 anos;CONSULTA EM ALERGIA E IMUNOLOGIA - PEDIATRICA;T780;56
664939043;30/04/2026;FERNANDA DE SOUZA DOMINGOS;41 anos;CONSULTA EM NEUROLOGIA - NEUROVASCULAR;I64;56
664942726;30/04/2026;JAIRO APARECIDO DOMINGOS BARBOSA;67 anos;BIOPSIA DE PROSTATA;N40;56
664944338;30/04/2026;GUILHERME OLIVEIRA LOPES;5 anos;CONSULTA EM ODONTOLOGIA - PACIENTES COM NECESSIDADES ESPECIAIS - SEDACAO;K02;56
664946457;30/04/2026;ANTHONY MIGUEL ZANDOMENI MARTINS;8 anos;CONSULTA EM GENETICA MEDICA;G40;56
664972082;30/04/2026;VANUSE FERREIRA DA SILVA;43 anos;COLONOSCOPIA;Z121;56
665128331;30/04/2026;VALDIR PEREIRA DA SILVA;76 anos;CATETERISMO CARDIACO;I25;56
665143638;30/04/2026;LUCIMAR HELENA BRUM STRAPASON;67 anos;CONSULTA EM GINECOLOGIA CIRURGICA;N818;56
670816415;30/05/2026;JOSE ROBERTO ALMEIDA DOS SANTOS;50 anos;GRUPO - RESSONANCIA MAGNETICA;S83;26
205351556;30/06/2017;CARLA GNOATTO SILVEIRA;45 anos;CONSULTA EM ORTOPEDIA ADULTO;M771;3282
609263728;30/06/2025;THIAGO HENRIQUE DA SILVA POHL;12 anos;CONSULTA EM OFTALMOLOGIA - ESTRABISMO;H501;360
609450489;30/06/2025;CLAUDOMIRO BEZERRA DA SILVA;66 anos;CONSULTA EM NEUROCIRURGIA - GERAL;M545;360
549692786;30/07/2024;ROSIMAR PEREIRA BATISTA;49 anos;CONSULTA EM CIRURGIA PLASTICA - GERAL;T222;695
492158178;30/08/2023;FELIPE RISSO MARQUES;13 anos;CONSULTA EM CIRURGIA PLASTICA - GERAL;Q174;1030
492158282;30/08/2023;RICARDO ALVARO CAMPOS;50 anos;GRUPO - ENDOSCOPIA DIGESTIVA;K21;1030
561753682;30/09/2024;EDENIR GOMES VICENTE;61 anos;CONSULTA EM UROLOGIA - CIRURGICA;R32;633
627448305;30/09/2025;EDSON GONCALVES DOMINGUES;41 anos;CONSULTA EM NEUROLOGIA - NEUROVASCULAR;I638;268
633411388;30/10/2025;DIRCE PEDROZO;70 anos;GRUPO - US DOPPLER COLORIDO DE TRES VASOS;R60;238
633609100;30/10/2025;LUCIENE DIAS DA SILVA LIMA;46 anos;CONSULTA EM GINECOLOGIA CIRURGICA;N80;238
402389227;31/01/2022;RICARDO WILLIAN DE LIMA;37 anos;CONSULTA EM NEUROCIRURGIA - GERAL;M511;1606
457090779;31/01/2023;ROSENILDO SILVA DOS SANTOS;44 anos;CONSULTA EM NEUROCIRURGIA - GERAL;S220;1241
581938599;31/01/2025;TATIANE FERREIRA MURGIA;26 anos;CONSULTA EM CIRURGIA PLASTICA - GERAL;L905;510
466752537;31/03/2023;JOSE APARECIDO FERREIRA SOARES;57 anos;CONSULTA EM ORTOPEDIA - JOELHO;M179;1182
592500362;31/03/2025;HELEN DA SILVA BASTOS;44 anos;CONSULTA EM CIRURGIA DE CABECA E PESCOCO - GERAL;R599;451
592538878;31/03/2025;CLEIR FERREIRA DE LIMA;46 anos;CONSULTA EM CIRURGIA TORACICA - GERAL;S223;451
592720503;31/03/2025;GRAZZIELLE RODRIGUES VIEIRA DE SOUSA;38 anos;CONSULTA EM ENDOCRINOLOGIA - PACIENTES DIABETICOS;E109;451
659658895;31/03/2026;PIETRO LEVI QUEIROZ SANTOS;6 meses;CONSULTA EM ORTOPEDIA - PEDIATRIA;Q65;86
659678281;31/03/2026;IRYS BEATRIZ DE OLIVEIRA BARRETO;7 anos;CONSULTA EM CIRURGIA PEDIATRICA - GERAL;K439;86
208623767;31/07/2017;INES ROCHA PEREIRA GONCALVES;38 anos;CONSULTA EM OFTALMOLOGIA ADULTO;H110;3251
208631707;31/07/2017;LUZITANIA DOS SANTOS;47 anos;CONSULTA EM OFTALMOLOGIA ADULTO;H220;3251
208635141;31/07/2017;MARCOS VILIALVA DA SILVA;33 anos;CONSULTA EM OFTALMOLOGIA ADULTO;H110;3251
486811851;31/07/2023;LUCIANO ARRUDA MAGALHAES;49 anos;CONSULTA EM OFTALMOLOGIA - PLASTICA OCULAR;H02;1060
549993041;31/07/2024;ERICK MIGUEL DOS SANTOS BETIN;7 anos;CONSULTA EM ORTOPEDIA - PEDIATRIA;G800;694
615254271;31/07/2025;ANDREIA MINATO MEURER;45 anos;CONSULTA EM NEUROCIRURGIA - GERAL;M541;329
434948273;31/08/2022;MARIA AUXILIADORA DE ARRUDA PADILHA;62 anos;CONSULTA EM OFTALMOLOGIA - PLASTICA OCULAR;H02;1394
492417928;31/08/2023;NELSON LERIAS DE OLIVEIRA;61 anos;GRUPO - RAIO X CONTRASTADO;S37;1029
502891917;31/10/2023;TEODORO FRANCISCO DA CRUZ;82 anos;CONSULTA EM OFTALMOLOGIA - RETINA GERAL;H353;968
502892057;31/10/2023;IRACEMA LOURDES TEODORO DE VARGAS;64 anos;CONSULTA EM CIRURGIA ORTOPEDICA - COLUNA;M519;968
567746739;31/10/2024;JOSE CLAUDINO DE OLIVEIRA;62 anos;CONSULTA EM OFTALMOLOGIA - RETINOPATIA DIABETICA;H360;602
633716147;31/10/2025;VLADEMIR LUIZ PITCHENIN;66 anos;CONSULTA EM UROLOGIA - CIRURGICA;N40;237
633749721;31/10/2025;GLACI MARIA DE OLIVEIRA ANTUNES;60 anos;CONSULTA EM REUMATOLOGIA - ADULTO;M43;237
633843505;31/10/2025;MARIA APARECIDA MORBEQUE DOS SANTOS;61 anos;GRUPO - US DOPPLER COLORIDO DE TRES VASOS;I839;237
