DATA DE EXPORTACAO;COD. CENTRAL REGULADORA;NOME CENTRAL REGULADORA;COD. CNES SOLICITANTE;NOME UNIDADE SOLICITANTE;COD. CENTRAL REGULADORA SOLICITANTE;NOME CENTRAL REGULADORA SOLICITANTE;COD. MODALIDADE FILA;COD. TIPO DE FILA;DATA/HORA DA SOLICITACAO;COD. INTERNO DO ITEM DO GRUPO DE PROCEDIMENTOS;DESC. INTERNA DO ITEM DO GRUPO DE PROCEDIMENTOS;COD. INTERNO DO GRUPO DE PROCEDIMENTOS;DESC. INTERNA DO GRUPO DE PROCEDIMENTOS;COD. SIGTAP;DESC. SIGTAP;NOME DO USUARIO;DATA DE NASCIMENTO DO USUARIO;NOME DA MAE DO USUARIO;CNS DO USUARIO;CPF DO USUARIO;SEXO DO USUARIO;COD. SOLICITACAO;COD. CLASSIFICACAO DE RISCO;POSICAO NA FILA;ESTIM. DE ATENDIMENTO DO PROCEDIMENTO;ESTIM. DE ATENDIMENTO DO PACIENTE;PRODUCAO MEDIA MENSAL DO PROCEDIMENTO;COD. CID;DESC. CID
2026-07-27 16:46:41;500769;SAO GABRIEL DO OESTE;8176132;CASA ROSA;500769;SAO GABRIEL DO OESTE;0;1;2026-07-27 16:39:57;0009001;CONSULTA EM GINECOLOGIA - GERAL;;;0301010072;CONSULTA MEDICA EM ATENÇÃO ESPECIALIZADA;FABIANA ANDRADE DE OLIVEIRA;1989-05-26;MARIA DE ANDRADE DE OLIVEIRA;708005841343629;04633471104;FEMININO;681402633;4;58;35;6;274;Z00;EXAME GERAL E INVESTIGACAO DE PESSOAS SEM QUEIXAS OU DIAGNOSTICO RELATADO
2026-07-27 16:46:41;500769;SAO GABRIEL DO OESTE;2370999;UNIDADE DE SAUDE DA FAMILIA FENIX IV;500769;SAO GABRIEL DO OESTE;0;1;2026-07-27 14:38:24;0009001;CONSULTA EM GINECOLOGIA - GERAL;;;0301010072;CONSULTA MEDICA EM ATENÇÃO ESPECIALIZADA;YASMIN GABRIELLY ROCHA MOTA;2010-12-07;LUCIANA DAS GRACAS ROCHA MOTA;706206530880463;08771307109;FEMININO;681350191;4;57;35;6;274;N836;HEMATOSSALPINGE 
2026-07-27 16:46:41;500769;SAO GABRIEL DO OESTE;8176132;CASA ROSA;500769;SAO GABRIEL DO OESTE;0;1;2026-07-27 14:23:49;0009001;CONSULTA EM GINECOLOGIA - GERAL;;;0301010072;CONSULTA MEDICA EM ATENÇÃO ESPECIALIZADA;ROZILENE PEREIRA DA COSTA;1980-01-29;JOANA PEREIRA DA COSTA;706002379869948;95294872153;FEMININO;681343167;4;56;35;6;274;Z00;EXAME GERAL E INVESTIGACAO DE PESSOAS SEM QUEIXAS OU DIAGNOSTICO RELATADO
2026-07-27 16:46:41;500769;SAO GABRIEL DO OESTE;8176132;CASA ROSA;500769;SAO GABRIEL DO OESTE;0;1;2026-07-27 13:57:16;0009001;CONSULTA EM GINECOLOGIA - GERAL;;;0301010072;CONSULTA MEDICA EM ATENÇÃO ESPECIALIZADA;CLARICE FERREIRA;1984-07-07;TEREZINHA FERREIRA LISBOA;704103117763070;02571182170;FEMININO;681331847;4;55;35;6;274;Z00;EXAME GERAL E INVESTIGACAO DE PESSOAS SEM QUEIXAS OU DIAGNOSTICO RELATADO
2026-07-27 16:46:41;500769;SAO GABRIEL DO OESTE;8176132;CASA ROSA;500769;SAO GABRIEL DO OESTE;0;1;2026-07-27 09:35:25;0009001;CONSULTA EM GINECOLOGIA - GERAL;;;0301010072;CONSULTA MEDICA EM ATENÇÃO ESPECIALIZADA;MARILENE DOS REIS LIMA;1991-05-29;MARILZA ROSA DOS REIS LIMA;706409114844389;01162773278;FEMININO;681219224;4;54;35;6;274;Z00;EXAME GERAL E INVESTIGACAO DE PESSOAS SEM QUEIXAS OU DIAGNOSTICO RELATADO
2026-07-27 16:46:41;500769;SAO GABRIEL DO OESTE;8176132;CASA ROSA;500769;SAO GABRIEL DO OESTE;0;1;2026-07-27 08:34:36;0009001;CONSULTA EM GINECOLOGIA - GERAL;;;0301010072;CONSULTA MEDICA EM ATENÇÃO ESPECIALIZADA;MARIA CLEUCIR LEJANOSKI DE SOUZA;1969-12-15;FLORENTINA DO NASCIMENTO LEJANOSKI;707405035264570;80803687915;FEMININO;681186955;4;53;35;6;274;Z00;EXAME GERAL E INVESTIGACAO DE PESSOAS SEM QUEIXAS OU DIAGNOSTICO RELATADO
2026-07-27 16:46:41;500769;SAO GABRIEL DO OESTE;8176132;CASA ROSA;500769;SAO GABRIEL DO OESTE;0;1;2026-07-27 08:08:19;0009001;CONSULTA EM GINECOLOGIA - GERAL;;;0301010072;CONSULTA MEDICA EM ATENÇÃO ESPECIALIZADA;JORDEANE SOUSA LIMA PINTO;1990-07-07;BENEDITA SOUSA LIMA PINTO;703208621914996;05465701358;FEMININO;681176230;4;52;35;6;274;Z00;EXAME GERAL E INVESTIGACAO DE PESSOAS SEM QUEIXAS OU DIAGNOSTICO RELATADO
2026-07-27 16:46:41;500769;SAO GABRIEL DO OESTE;8176132;CASA ROSA;500769;SAO GABRIEL DO OESTE;0;1;2026-07-24 15:43:54;0009001;CONSULTA EM GINECOLOGIA - GERAL;;;0301010072;CONSULTA MEDICA EM ATENÇÃO ESPECIALIZADA;INES ROCHA PEREIRA GONCALVES;1987-07-22;MARIA JOSE ROCHA PEREIRA;700504375154950;03033084192;FEMININO;681096349;4;51;35;6;274;Z00;EXAME GERAL E INVESTIGACAO DE PESSOAS SEM QUEIXAS OU DIAGNOSTICO RELATADO
2026-07-27 16:46:41;500769;SAO GABRIEL DO OESTE;8176132;CASA ROSA;500769;SAO GABRIEL DO OESTE;0;1;2026-07-24 09:13:41;0009001;CONSULTA EM GINECOLOGIA - GERAL;;;0301010072;CONSULTA MEDICA EM ATENÇÃO ESPECIALIZADA;VALQUIRIA GONCALVES DE OLIVEIRA;1987-06-18;MARLENE GONCALVES DA SILVA;708405789532965;02366947151;FEMININO;680949350;4;50;35;5;274;Z00;EXAME GERAL E INVESTIGACAO DE PESSOAS SEM QUEIXAS OU DIAGNOSTICO RELATADO
2026-07-27 16:46:41;500769;SAO GABRIEL DO OESTE;8176132;CASA ROSA;500769;SAO GABRIEL DO OESTE;0;1;2026-07-24 08:23:54;0009001;CONSULTA EM GINECOLOGIA - GERAL;;;0301010072;CONSULTA MEDICA EM ATENÇÃO ESPECIALIZADA;VALENTINA SILVA VASCONCELOS DE ARAUJO;2016-09-21;ROSELI SILVA RODRIGUES;708006303246222;08019335102;FEMININO;680928130;4;49;35;5;274;Z00;EXAME GERAL E INVESTIGACAO DE PESSOAS SEM QUEIXAS OU DIAGNOSTICO RELATADO
2026-07-27 16:46:41;500769;SAO GABRIEL DO OESTE;8176132;CASA ROSA;500769;SAO GABRIEL DO OESTE;0;1;2026-07-23 15:37:42;0009001;CONSULTA EM GINECOLOGIA - GERAL;;;0301010072;CONSULTA MEDICA EM ATENÇÃO ESPECIALIZADA;MARIA AUGUSTA DE ANDRADE ALCANTARA;1994-04-09;ODETE NEVES DE ANDRADE;702009306416289;08610574903;FEMININO;680864992;4;48;35;5;274;Z00;EXAME GERAL E INVESTIGACAO DE PESSOAS SEM QUEIXAS OU DIAGNOSTICO RELATADO
2026-07-27 16:46:41;500769;SAO GABRIEL DO OESTE;5971055;UNIDADE DE SAUDE DA FAMILIA VIII;500769;SAO GABRIEL DO OESTE;0;1;2026-07-23 14:54:22;0009001;CONSULTA EM GINECOLOGIA - GERAL;;;0301010072;CONSULTA MEDICA EM ATENÇÃO ESPECIALIZADA;ANDREIA DOS SANTOS PALMA;1981-06-15;ALTA ROSA DOS SANTOS PALMA;702503280475240;89968247120;FEMININO;680845410;4;47;35;5;274;Z000;EXAME MEDICO GERAL 
2026-07-27 16:46:41;500769;SAO GABRIEL DO OESTE;8176132;CASA ROSA;500769;SAO GABRIEL DO OESTE;0;1;2026-07-23 10:57:32;0009001;CONSULTA EM GINECOLOGIA - GERAL;;;0301010072;CONSULTA MEDICA EM ATENÇÃO ESPECIALIZADA;VILMA RAMOS LUZ;1991-04-25;CONCEICAO RAMOS LUZ;704509308640811;06910063937;FEMININO;680758134;4;46;35;5;274;Z000;EXAME MEDICO GERAL 
2026-07-27 16:46:41;500769;SAO GABRIEL DO OESTE;8176132;CASA ROSA;500769;SAO GABRIEL DO OESTE;0;1;2026-07-23 10:45:10;0009001;CONSULTA EM GINECOLOGIA - GERAL;;;0301010072;CONSULTA MEDICA EM ATENÇÃO ESPECIALIZADA;RENATA DIAS SOBRINHO;1992-02-23;ANTONIA PEREIRA DIAS;704000347154260;04315852104;FEMININO;680750899;4;45;35;5;274;Z000;EXAME MEDICO GERAL 
2026-07-27 16:46:41;500769;SAO GABRIEL DO OESTE;8176132;CASA ROSA;500769;SAO GABRIEL DO OESTE;0;1;2026-07-22 17:14:03;0009001;CONSULTA EM GINECOLOGIA - GERAL;;;0301010072;CONSULTA MEDICA EM ATENÇÃO ESPECIALIZADA;FERNANDA MERCES VALLOVERA;1997-10-10;DALVA MERCES BARRETO;708200120026242;02650889500;FEMININO;680639345;4;44;35;5;274;Z00;EXAME GERAL E INVESTIGACAO DE PESSOAS SEM QUEIXAS OU DIAGNOSTICO RELATADO
2026-07-27 16:46:41;500769;SAO GABRIEL DO OESTE;8176132;CASA ROSA;500769;SAO GABRIEL DO OESTE;0;1;2026-07-22 16:27:54;0009001;CONSULTA EM GINECOLOGIA - GERAL;;;0301010072;CONSULTA MEDICA EM ATENÇÃO ESPECIALIZADA;SAMARA CARDOSO ZANELLA;2007-03-07;ADENI CARDOSO;706206596432868;07660877194;FEMININO;680626929;4;43;35;5;274;Z00;EXAME GERAL E INVESTIGACAO DE PESSOAS SEM QUEIXAS OU DIAGNOSTICO RELATADO
2026-07-27 16:46:41;500769;SAO GABRIEL DO OESTE;8176132;CASA ROSA;500769;SAO GABRIEL DO OESTE;0;1;2026-07-22 16:23:09;0009001;CONSULTA EM GINECOLOGIA - GERAL;;;0301010072;CONSULTA MEDICA EM ATENÇÃO ESPECIALIZADA;PATRICIA COSTA DOS ANJOS DE SOUZA;1976-10-17;MARIZETE COSTA DOS ANJOS;700601945941463;26265253832;FEMININO;680625226;4;42;35;5;274;Z00;EXAME GERAL E INVESTIGACAO DE PESSOAS SEM QUEIXAS OU DIAGNOSTICO RELATADO
2026-07-27 16:46:41;500769;SAO GABRIEL DO OESTE;8176132;CASA ROSA;500769;SAO GABRIEL DO OESTE;0;1;2026-07-22 12:45:27;0009001;CONSULTA EM GINECOLOGIA - GERAL;;;0301010072;CONSULTA MEDICA EM ATENÇÃO ESPECIALIZADA;GIOVANNA PRADO ALVES;2005-09-10;GENECI DA SILVA PRADO ALVES;705600420132317;06776404127;FEMININO;680536815;4;41;35;4;274;Z00;EXAME GERAL E INVESTIGACAO DE PESSOAS SEM QUEIXAS OU DIAGNOSTICO RELATADO
2026-07-27 16:46:41;500769;SAO GABRIEL DO OESTE;8176132;CASA ROSA;500769;SAO GABRIEL DO OESTE;0;1;2026-07-22 12:11:48;0009001;CONSULTA EM GINECOLOGIA - GERAL;;;0301010072;CONSULTA MEDICA EM ATENÇÃO ESPECIALIZADA;ACELI KIRCH MARTINS;1972-07-27;VALERIA KIRCH;705002240333451;79668828968;FEMININO;680528511;4;40;35;4;274;Z00;EXAME GERAL E INVESTIGACAO DE PESSOAS SEM QUEIXAS OU DIAGNOSTICO RELATADO
2026-07-27 16:46:41;500769;SAO GABRIEL DO OESTE;8176132;CASA ROSA;500769;SAO GABRIEL DO OESTE;0;1;2026-07-22 09:34:57;0009001;CONSULTA EM GINECOLOGIA - GERAL;;;0301010072;CONSULTA MEDICA EM ATENÇÃO ESPECIALIZADA;DIRCE PEDROZO;1955-11-12;MAGNOLIA TEIXEIRA CARVALHO;700209484600525;28516575187;FEMININO;680442888;4;39;35;4;274;Z000;EXAME MEDICO GERAL 
2026-07-27 16:46:41;500769;SAO GABRIEL DO OESTE;8176132;CASA ROSA;500769;SAO GABRIEL DO OESTE;0;1;2026-07-21 17:19:05;0009001;CONSULTA EM GINECOLOGIA - GERAL;;;0301010072;CONSULTA MEDICA EM ATENÇÃO ESPECIALIZADA;MARINES TEREZINHA SANT ANNA;1972-08-27;GENOVEFA SANT ANNA;705002039077753;63810980153;FEMININO;680366415;4;38;35;4;274;Z000;EXAME MEDICO GERAL 
2026-07-27 16:46:41;500769;SAO GABRIEL DO OESTE;8176132;CASA ROSA;500769;SAO GABRIEL DO OESTE;0;1;2026-07-21 16:33:45;0009001;CONSULTA EM GINECOLOGIA - GERAL;;;0301010072;CONSULTA MEDICA EM ATENÇÃO ESPECIALIZADA;JOSINA JOSE DE OLIVEIRA;1973-10-08;IZABEL RODRIGUES ROMANO;701406667805138;96759933168;FEMININO;680355106;4;37;35;4;274;Z000;EXAME MEDICO GERAL 
2026-07-27 16:46:41;500769;SAO GABRIEL DO OESTE;8176132;CASA ROSA;500769;SAO GABRIEL DO OESTE;0;1;2026-07-21 15:43:39;0009001;CONSULTA EM GINECOLOGIA - GERAL;;;0301010072;CONSULTA MEDICA EM ATENÇÃO ESPECIALIZADA;VALERIA FREITAS DE OLIVEIRA;1992-03-25;LAZINHA APARECIDA ARRUDA DE OLIVEIRA;709204244475431;03315544107;FEMININO;680335649;4;36;35;4;274;Z000;EXAME MEDICO GERAL 
2026-07-27 16:46:41;500769;SAO GABRIEL DO OESTE;8176132;CASA ROSA;500769;SAO GABRIEL DO OESTE;0;1;2026-07-21 09:52:06;0009001;CONSULTA EM GINECOLOGIA - GERAL;;;0301010072;CONSULTA MEDICA EM ATENÇÃO ESPECIALIZADA;STEFANY SIMCH DE BARROS;2010-02-05;PAULA RAQUEL SIMCH DE BARROS;700503576655751;10391645102;FEMININO;680177581;4;35;35;4;274;Z000;EXAME MEDICO GERAL 
2026-07-27 16:46:41;500769;SAO GABRIEL DO OESTE;8176132;CASA ROSA;500769;SAO GABRIEL DO OESTE;0;1;2026-07-21 09:49:13;0009001;CONSULTA EM GINECOLOGIA - GERAL;;;0301010072;CONSULTA MEDICA EM ATENÇÃO ESPECIALIZADA;OLIVIA AUXILIADORA FRANCISCO DE SOUZA;1975-10-01;EVA ARGENCIA DIONIZIO;705804476011738;60112301134;FEMININO;680175862;4;34;35;4;274;Z000;EXAME MEDICO GERAL 
2026-07-27 16:46:41;500769;SAO GABRIEL DO OESTE;8176132;CASA ROSA;500769;SAO GABRIEL DO OESTE;0;1;2026-07-21 08:18:49;0009001;CONSULTA EM GINECOLOGIA - GERAL;;;0301010072;CONSULTA MEDICA EM ATENÇÃO ESPECIALIZADA;LUCIANE DE LIMA;1972-02-27;CANDIDA BALBINA DE LIMA;708907769622117;61523542187;FEMININO;680127706;4;33;35;4;274;Z000;EXAME MEDICO GERAL 
2026-07-27 16:46:41;500769;SAO GABRIEL DO OESTE;7333218;UNIDADE DE SAUDE DA FAMILIA X;500769;SAO GABRIEL DO OESTE;0;1;2026-07-20 17:06:50;0009001;CONSULTA EM GINECOLOGIA - GERAL;;;0301010072;CONSULTA MEDICA EM ATENÇÃO ESPECIALIZADA;VANESSA BATISTA MACHADO;1978-06-02;ELZA BATISTA MACHADO;702800693591165;87409542187;FEMININO;680088616;4;32;35;3;274;N921;MENSTRUACAO EXCESSIVA E FREQUENTE COM CICLO IRREGULAR 
2026-07-27 16:46:41;500769;SAO GABRIEL DO OESTE;8176132;CASA ROSA;500769;SAO GABRIEL DO OESTE;0;1;2026-07-20 15:20:00;0009001;CONSULTA EM GINECOLOGIA - GERAL;;;0301010072;CONSULTA MEDICA EM ATENÇÃO ESPECIALIZADA;JAQUELINE CABRERA SANABRIA CORDEIRO;1991-02-27;ROSENEI CABRERA SANABRIA;702105788004594;03880266182;FEMININO;680047335;4;31;35;3;274;Z000;EXAME MEDICO GERAL 
2026-07-27 16:46:41;500769;SAO GABRIEL DO OESTE;7002084;UNIDADE DE SAUDE DA FAMILIA IX;500769;SAO GABRIEL DO OESTE;0;1;2026-07-20 10:05:55;0009001;CONSULTA EM GINECOLOGIA - GERAL;;;0301010072;CONSULTA MEDICA EM ATENÇÃO ESPECIALIZADA;MARIA NATALIA MIRANDA CUNHA;1997-04-18;PAULA DOS SANTOS MIRANDA;709001869966110;05293900196;FEMININO;679909495;4;30;35;3;274;Z000;EXAME MEDICO GERAL 
2026-07-27 16:46:41;500769;SAO GABRIEL DO OESTE;8176132;CASA ROSA;500769;SAO GABRIEL DO OESTE;0;1;2026-07-20 09:10:17;0009001;CONSULTA EM GINECOLOGIA - GERAL;;;0301010072;CONSULTA MEDICA EM ATENÇÃO ESPECIALIZADA;LUCIENE DA CRUZ FARIAS;1983-09-13;DAMIANA DA CRUZ;708409717239068;35106785839;FEMININO;679876005;4;29;35;3;274;Z000;EXAME MEDICO GERAL 
2026-07-27 16:46:41;500769;SAO GABRIEL DO OESTE;8176132;CASA ROSA;500769;SAO GABRIEL DO OESTE;0;1;2026-07-17 17:03:14;0009001;CONSULTA EM GINECOLOGIA - GERAL;;;0301010072;CONSULTA MEDICA EM ATENÇÃO ESPECIALIZADA;JUCILENE LUIZA DA CUNHA;1971-03-30;ELVIRA LUIZA DA CUNHA;702403578995727;56252528153;FEMININO;679786653;4;28;35;3;274;Z000;EXAME MEDICO GERAL 
2026-07-27 16:46:41;500769;SAO GABRIEL DO OESTE;8176132;CASA ROSA;500769;SAO GABRIEL DO OESTE;0;1;2026-07-17 10:38:18;0009001;CONSULTA EM GINECOLOGIA - GERAL;;;0301010072;CONSULTA MEDICA EM ATENÇÃO ESPECIALIZADA;LEILA APARECIDA LUIZA RIBAS;1970-10-05;TEODOLINA LUIZA RIBAS;702603751338549;52797600134;FEMININO;679661959;4;27;35;3;274;Z001;EXAME DE ROTINA DE SAUDE DA CRIANCA 
2026-07-27 16:46:41;500769;SAO GABRIEL DO OESTE;8176132;CASA ROSA;500769;SAO GABRIEL DO OESTE;0;1;2026-07-17 09:06:21;0009001;CONSULTA EM GINECOLOGIA - GERAL;;;0301010072;CONSULTA MEDICA EM ATENÇÃO ESPECIALIZADA;CARLA FERNANDA DA SILVA DOS SANTOS;1982-06-15;MARIA DE FATIMA DA SILVA;704808056053042;01623187150;FEMININO;679615483;4;26;35;3;274;Z001;EXAME DE ROTINA DE SAUDE DA CRIANCA 
2026-07-27 16:46:41;500769;SAO GABRIEL DO OESTE;8176132;CASA ROSA;500769;SAO GABRIEL DO OESTE;0;1;2026-07-17 08:22:21;0009001;CONSULTA EM GINECOLOGIA - GERAL;;;0301010072;CONSULTA MEDICA EM ATENÇÃO ESPECIALIZADA;ANA CLAUDIA INACIO DA SILVA;1984-06-20;CLAUDOMIRA INACIO DA SILVA;700507756741153;00291429114;FEMININO;679597800;4;25;35;3;274;Z001;EXAME DE ROTINA DE SAUDE DA CRIANCA 
2026-07-27 16:46:41;500769;SAO GABRIEL DO OESTE;8176132;CASA ROSA;500769;SAO GABRIEL DO OESTE;0;1;2026-07-16 15:52:41;0009001;CONSULTA EM GINECOLOGIA - GERAL;;;0301010072;CONSULTA MEDICA EM ATENÇÃO ESPECIALIZADA;MARIA ANTONIA RODRIGUES DA SILVA ALMEIDA;1978-08-28;NEUZA RODRIGUES DA SILVA E SILVA;704007337714464;83677739187;FEMININO;679540822;4;24;35;3;274;Z001;EXAME DE ROTINA DE SAUDE DA CRIANCA 
2026-07-27 16:46:41;500769;SAO GABRIEL DO OESTE;8176132;CASA ROSA;500769;SAO GABRIEL DO OESTE;0;1;2026-07-16 15:36:19;0009001;CONSULTA EM GINECOLOGIA - GERAL;;;0301010072;CONSULTA MEDICA EM ATENÇÃO ESPECIALIZADA;ANA PAULA DE ARAUJO NASCIMENTO;1989-07-14;MARIA APARECIDA DE ARAUJO;706406656794688;03415753131;FEMININO;679534322;4;23;35;3;274;Z001;EXAME DE ROTINA DE SAUDE DA CRIANCA 
2026-07-27 16:46:41;500769;SAO GABRIEL DO OESTE;8176132;CASA ROSA;500769;SAO GABRIEL DO OESTE;0;1;2026-07-16 14:44:38;0009001;CONSULTA EM GINECOLOGIA - GERAL;;;0301010072;CONSULTA MEDICA EM ATENÇÃO ESPECIALIZADA;MARIA ANTONIA COMORETTO TONETTO;2005-01-31;SILVANA COMORETTO TONETTO;709002805039716;08415813120;FEMININO;679512068;4;22;35;2;274;Z001;EXAME DE ROTINA DE SAUDE DA CRIANCA 
2026-07-27 16:46:41;500769;SAO GABRIEL DO OESTE;8176132;CASA ROSA;500769;SAO GABRIEL DO OESTE;0;1;2026-07-16 14:34:55;0009001;CONSULTA EM GINECOLOGIA - GERAL;;;0301010072;CONSULTA MEDICA EM ATENÇÃO ESPECIALIZADA;MAYARA FATIMA DE LIMA NORBEQUE;1993-10-17;NEUZA ROSANE DE LIMA;705000604418952;05131895138;FEMININO;679507738;4;21;35;2;274;Z001;EXAME DE ROTINA DE SAUDE DA CRIANCA 
2026-07-27 16:46:41;500769;SAO GABRIEL DO OESTE;8176132;CASA ROSA;500769;SAO GABRIEL DO OESTE;0;1;2026-07-16 10:58:25;0009001;CONSULTA EM GINECOLOGIA - GERAL;;;0301010072;CONSULTA MEDICA EM ATENÇÃO ESPECIALIZADA;VILMA PINHEIRO DA SILVA;1978-10-16;JOSEFA MARIA DA CONCEICAO;707605242005595;88763633191;FEMININO;679431605;4;20;35;2;274;Z001;EXAME DE ROTINA DE SAUDE DA CRIANCA 
2026-07-27 16:46:41;500769;SAO GABRIEL DO OESTE;8176132;CASA ROSA;500769;SAO GABRIEL DO OESTE;0;1;2026-07-16 09:34:15;0009001;CONSULTA EM GINECOLOGIA - GERAL;;;0301010072;CONSULTA MEDICA EM ATENÇÃO ESPECIALIZADA;MARIA APARECIDA DOS SANTOS SILVA;1970-06-24;NATALIA PEREIRA DOS SANTOS;705007456241754;00504632175;FEMININO;679383789;4;19;35;2;274;Z001;EXAME DE ROTINA DE SAUDE DA CRIANCA 
2026-07-27 16:46:41;500769;SAO GABRIEL DO OESTE;8176132;CASA ROSA;500769;SAO GABRIEL DO OESTE;0;1;2026-07-16 09:13:21;0009001;CONSULTA EM GINECOLOGIA - GERAL;;;0301010072;CONSULTA MEDICA EM ATENÇÃO ESPECIALIZADA;CRISTIANE MEIRE DA SILVA OLIVEIRA;1979-10-19;NEIDE MEIRA DA SILVA;702009387154484;00648322106;FEMININO;679372511;4;18;35;2;274;Z001;EXAME DE ROTINA DE SAUDE DA CRIANCA 
2026-07-27 16:46:41;500769;SAO GABRIEL DO OESTE;8176132;CASA ROSA;500769;SAO GABRIEL DO OESTE;0;1;2026-07-16 08:51:14;0009001;CONSULTA EM GINECOLOGIA - GERAL;;;0301010072;CONSULTA MEDICA EM ATENÇÃO ESPECIALIZADA;CARINA SHANA LAGO GRANDO;1983-03-29;IVANIR LAGO;704107635387150;00126606129;FEMININO;679361691;4;17;35;2;274;Z001;EXAME DE ROTINA DE SAUDE DA CRIANCA 
2026-07-27 16:46:41;500769;SAO GABRIEL DO OESTE;8176132;CASA ROSA;500769;SAO GABRIEL DO OESTE;0;1;2026-07-15 16:42:42;0009001;CONSULTA EM GINECOLOGIA - GERAL;;;0301010072;CONSULTA MEDICA EM ATENÇÃO ESPECIALIZADA;MAYSA INACIO FERNANDES DE SOUZA;2006-12-11;ANA CLAUDIA INACIO DA SILVA;709604640421772;06135078194;FEMININO;679306504;4;16;35;2;274;Z014;EXAME GINECOLOGICO (GERAL) (DE ROTINA) 
2026-07-27 16:46:41;500769;SAO GABRIEL DO OESTE;8176132;CASA ROSA;500769;SAO GABRIEL DO OESTE;0;1;2026-07-15 15:13:20;0009001;CONSULTA EM GINECOLOGIA - GERAL;;;0301010072;CONSULTA MEDICA EM ATENÇÃO ESPECIALIZADA;SUZANA CAUS DOS SANTOS;1996-04-04;FATIMA LURDES CAUS;703606072083130;05156024181;FEMININO;679269340;4;15;35;2;274;Z00;EXAME GERAL E INVESTIGACAO DE PESSOAS SEM QUEIXAS OU DIAGNOSTICO RELATADO
2026-07-27 16:46:41;500769;SAO GABRIEL DO OESTE;8176132;CASA ROSA;500769;SAO GABRIEL DO OESTE;0;1;2026-07-15 14:13:37;0009001;CONSULTA EM GINECOLOGIA - GERAL;;;0301010072;CONSULTA MEDICA EM ATENÇÃO ESPECIALIZADA;LEDA VANIA CONCEICAO DA SILVA;1981-10-22;IVONE MARIA DA SILVA;702407044944725;04142287150;FEMININO;679240359;4;14;35;2;274;Z00;EXAME GERAL E INVESTIGACAO DE PESSOAS SEM QUEIXAS OU DIAGNOSTICO RELATADO
2026-07-27 16:46:41;500769;SAO GABRIEL DO OESTE;8176132;CASA ROSA;500769;SAO GABRIEL DO OESTE;0;1;2026-07-15 13:59:48;0009001;CONSULTA EM GINECOLOGIA - GERAL;;;0301010072;CONSULTA MEDICA EM ATENÇÃO ESPECIALIZADA;JUCILENE PRADO DA SILVA LIMA;1979-11-27;NAIR DO PRADO DA SILVA;706808787174428;97710750125;FEMININO;679234497;4;13;35;1;274;Z00;EXAME GERAL E INVESTIGACAO DE PESSOAS SEM QUEIXAS OU DIAGNOSTICO RELATADO
2026-07-27 16:46:41;500769;SAO GABRIEL DO OESTE;8176132;CASA ROSA;500769;SAO GABRIEL DO OESTE;0;1;2026-07-15 10:41:50;0009001;CONSULTA EM GINECOLOGIA - GERAL;;;0301010072;CONSULTA MEDICA EM ATENÇÃO ESPECIALIZADA;SILVANA DE JESUS CORREIA;1988-01-15;ROSA BISPO DE JESUS CORREIA;707807608807517;03001038160;FEMININO;679157424;4;12;35;1;274;Z001;EXAME DE ROTINA DE SAUDE DA CRIANCA 
2026-07-27 16:46:41;500769;SAO GABRIEL DO OESTE;8176132;CASA ROSA;500769;SAO GABRIEL DO OESTE;0;1;2026-07-15 10:28:33;0009001;CONSULTA EM GINECOLOGIA - GERAL;;;0301010072;CONSULTA MEDICA EM ATENÇÃO ESPECIALIZADA;MARILETE APARECIDA PICCOLI;1972-04-27;UBALDINA ECKER;709205233509837;99520710949;FEMININO;679149262;4;11;35;1;274;Z001;EXAME DE ROTINA DE SAUDE DA CRIANCA 
2026-07-27 16:46:41;500769;SAO GABRIEL DO OESTE;8176132;CASA ROSA;500769;SAO GABRIEL DO OESTE;0;1;2026-07-15 10:10:16;0009001;CONSULTA EM GINECOLOGIA - GERAL;;;0301010072;CONSULTA MEDICA EM ATENÇÃO ESPECIALIZADA;BEATRIZ DA SILVA RAMOS;1980-05-14;GLIMEIA DA SILVA RAMOS;700502972350154;10202531775;FEMININO;679138113;4;10;35;1;274;Z001;EXAME DE ROTINA DE SAUDE DA CRIANCA 
2026-07-27 16:46:41;500769;SAO GABRIEL DO OESTE;8176132;CASA ROSA;500769;SAO GABRIEL DO OESTE;0;1;2026-07-15 09:23:25;0009001;CONSULTA EM GINECOLOGIA - GERAL;;;0301010072;CONSULTA MEDICA EM ATENÇÃO ESPECIALIZADA;NELCI MARIA EIBEL;1956-10-27;ANAYR PIERINA EIBEL;700201966434130;24571741049;FEMININO;679109860;4;9;35;1;274;Z001;EXAME DE ROTINA DE SAUDE DA CRIANCA 
2026-07-27 16:46:41;500769;SAO GABRIEL DO OESTE;8176132;CASA ROSA;500769;SAO GABRIEL DO OESTE;0;1;2026-07-14 17:12:17;0009001;CONSULTA EM GINECOLOGIA - GERAL;;;0301010072;CONSULTA MEDICA EM ATENÇÃO ESPECIALIZADA;EDNA PAULA DA SILVA;1977-04-23;GERACINA MARIA DA CONCEICAO;702800164525665;91302684191;FEMININO;679037874;4;8;35;1;274;Z001;EXAME DE ROTINA DE SAUDE DA CRIANCA 
2026-07-27 16:46:41;500769;SAO GABRIEL DO OESTE;8176132;CASA ROSA;500769;SAO GABRIEL DO OESTE;0;1;2026-07-14 10:36:02;0009001;CONSULTA EM GINECOLOGIA - GERAL;;;0301010072;CONSULTA MEDICA EM ATENÇÃO ESPECIALIZADA;MARIA APARECIDA PEREIRA;1973-05-13;ETELVINA DOS SANTOS PEREIRA;700409972982948;46617701291;FEMININO;678875431;4;7;35;1;274;Z001;EXAME DE ROTINA DE SAUDE DA CRIANCA 
2026-07-27 16:46:41;500769;SAO GABRIEL DO OESTE;8176132;CASA ROSA;500769;SAO GABRIEL DO OESTE;0;1;2026-07-14 09:52:59;0009001;CONSULTA EM GINECOLOGIA - GERAL;;;0301010072;CONSULTA MEDICA EM ATENÇÃO ESPECIALIZADA;LOURDES CORREA BERTON;1947-04-21;TEREZA RODRIGUES CORREA;703406220638218;46558160153;FEMININO;678848153;4;6;35;1;274;Z001;EXAME DE ROTINA DE SAUDE DA CRIANCA 
2026-07-27 16:46:41;500769;SAO GABRIEL DO OESTE;8176132;CASA ROSA;500769;SAO GABRIEL DO OESTE;0;1;2026-07-10 11:58:12;0009001;CONSULTA EM GINECOLOGIA - GERAL;;;0301010072;CONSULTA MEDICA EM ATENÇÃO ESPECIALIZADA;NOEMIA DOS SANTOS PENHA ASSUNCAO;1983-08-02;ANA ZEFERINO DOS SANTOS;700708978595772;81736401220;FEMININO;678368278;4;5;35;1;274;Z001;EXAME DE ROTINA DE SAUDE DA CRIANCA 
2026-07-27 16:46:41;500769;SAO GABRIEL DO OESTE;8176132;CASA ROSA;500769;SAO GABRIEL DO OESTE;0;1;2026-07-10 08:47:42;0009001;CONSULTA EM GINECOLOGIA - GERAL;;;0301010072;CONSULTA MEDICA EM ATENÇÃO ESPECIALIZADA;ROSIMEIRE DE FREITAS;1970-07-24;ERAILDES SOARES VILELA;704201246503986;79961185153;FEMININO;678276504;4;4;35;0;274;Z001;EXAME DE ROTINA DE SAUDE DA CRIANCA 
2026-07-27 16:46:41;500769;SAO GABRIEL DO OESTE;8176132;CASA ROSA;500769;SAO GABRIEL DO OESTE;0;1;2026-07-08 14:21:52;0009001;CONSULTA EM GINECOLOGIA - GERAL;;;0301010072;CONSULTA MEDICA EM ATENÇÃO ESPECIALIZADA;RENATA MARTINS DE LIMA;1978-07-07;REGINA MARTINS DE LIMA;704003832967467;94002649172;FEMININO;677907248;4;3;35;0;274;Z001;EXAME DE ROTINA DE SAUDE DA CRIANCA 
2026-07-27 16:46:41;500769;SAO GABRIEL DO OESTE;8176132;CASA ROSA;500769;SAO GABRIEL DO OESTE;0;1;2026-07-08 11:05:50;0009001;CONSULTA EM GINECOLOGIA - GERAL;;;0301010072;CONSULTA MEDICA EM ATENÇÃO ESPECIALIZADA;PALOMA ALVES;2000-11-03;ROSA APARECIDA ALVES;700907979082598;07216345169;FEMININO;677832833;4;2;35;0;274;Z001;EXAME DE ROTINA DE SAUDE DA CRIANCA 
2026-07-27 16:46:41;500769;SAO GABRIEL DO OESTE;8176132;CASA ROSA;500769;SAO GABRIEL DO OESTE;0;1;2026-07-07 15:20:32;0009001;CONSULTA EM GINECOLOGIA - GERAL;;;0301010072;CONSULTA MEDICA EM ATENÇÃO ESPECIALIZADA;FRANCIANE SANTOS DE SOUSA;2003-12-16;MARIA CLEOMEIRE DOS SANTOS;700509422124360;10182308316;FEMININO;677653464;4;1;35;0;274;Z00;EXAME GERAL E INVESTIGACAO DE PESSOAS SEM QUEIXAS OU DIAGNOSTICO RELATADO
2026-07-27 16:46:41;500769;SAO GABRIEL DO OESTE;8176132;CASA ROSA;500769;SAO GABRIEL DO OESTE;0;1;2026-07-23 09:35:31;0009012;CONSULTA EM GINECOLOGIA GESTANTE.;;;0301010072;CONSULTA MEDICA EM ATENÇÃO ESPECIALIZADA;VALQUIRIA PEREIRA FERNANDES;1995-06-12;JOANA MESSIAS PEREIRA;708406393593470;02782423169;FEMININO;680710533;4;7;15;1;202;Z000;EXAME MEDICO GERAL 
2026-07-27 16:46:41;500769;SAO GABRIEL DO OESTE;8176132;CASA ROSA;500769;SAO GABRIEL DO OESTE;0;1;2026-07-23 09:19:17;0009012;CONSULTA EM GINECOLOGIA GESTANTE.;;;0301010072;CONSULTA MEDICA EM ATENÇÃO ESPECIALIZADA;HELOISA GOULART RODRIGUES;2002-06-15;SILMARA GOULART DA SILVA;707604272422096;08221191108;FEMININO;680701659;4;6;15;1;202;Z000;EXAME MEDICO GERAL 
2026-07-27 16:46:41;500769;SAO GABRIEL DO OESTE;8176132;CASA ROSA;500769;SAO GABRIEL DO OESTE;0;1;2026-07-23 09:13:49;0009012;CONSULTA EM GINECOLOGIA GESTANTE.;;;0301010072;CONSULTA MEDICA EM ATENÇÃO ESPECIALIZADA;MARIA EDNA DA SILVA MACEDO;2000-07-11;FRANCISCA IZABEL DA SILVA;705002804005750;12964763402;FEMININO;680698754;4;5;15;1;202;Z000;EXAME MEDICO GERAL 
2026-07-27 16:46:41;500769;SAO GABRIEL DO OESTE;8176132;CASA ROSA;500769;SAO GABRIEL DO OESTE;0;1;2026-07-23 08:49:40;0009012;CONSULTA EM GINECOLOGIA GESTANTE.;;;0301010072;CONSULTA MEDICA EM ATENÇÃO ESPECIALIZADA;MARIA EDUARDA PEREIRA MESQUITA;2004-09-22;ELIENE PEREIRA VIEIRA;702403559180829;07318604112;FEMININO;680686648;4;4;15;1;202;Z000;EXAME MEDICO GERAL 
2026-07-27 16:46:41;500769;SAO GABRIEL DO OESTE;8176132;CASA ROSA;500769;SAO GABRIEL DO OESTE;0;1;2026-07-23 08:34:36;0009012;CONSULTA EM GINECOLOGIA GESTANTE.;;;0301010072;CONSULTA MEDICA EM ATENÇÃO ESPECIALIZADA;ANA GABRIELA RIBEIRO LOSCHI MORAES;2006-09-02;ANGELICA DE JESUS;706007807394645;07196794192;FEMININO;680679832;4;3;15;0;202;Z000;EXAME MEDICO GERAL 
2026-07-27 16:46:41;500769;SAO GABRIEL DO OESTE;8176132;CASA ROSA;500769;SAO GABRIEL DO OESTE;0;1;2026-07-23 08:22:19;0009012;CONSULTA EM GINECOLOGIA GESTANTE.;;;0301010072;CONSULTA MEDICA EM ATENÇÃO ESPECIALIZADA;AMANDA ANDRADE DA SILVA;2004-11-25;ROSA DE FATIMA ANDRADE RIBEIRO;708605020139887;08062458164;FEMININO;680674764;4;2;15;0;202;Z000;EXAME MEDICO GERAL 
2026-07-27 16:46:41;500769;SAO GABRIEL DO OESTE;8176132;CASA ROSA;500769;SAO GABRIEL DO OESTE;0;1;2026-07-22 11:03:17;0009012;CONSULTA EM GINECOLOGIA GESTANTE.;;;0301010072;CONSULTA MEDICA EM ATENÇÃO ESPECIALIZADA;AURILAINA BARBOSA DA SILVA;1983-01-31;SEVERINA MARGARIDA DA SILVA RIOS;708103558910930;98477161100;FEMININO;680497052;4;1;15;0;202;Z00;EXAME GERAL E INVESTIGACAO DE PESSOAS SEM QUEIXAS OU DIAGNOSTICO RELATADO
2026-07-27 16:46:41;500769;SAO GABRIEL DO OESTE;8176132;CASA ROSA;500769;SAO GABRIEL DO OESTE;0;1;2026-07-27 10:11:02;0009012;CONSULTA EM GINECOLOGIA GESTANTE.;;;0301010072;CONSULTA MEDICA EM ATENÇÃO ESPECIALIZADA;SANDRA ELLEN DE SOUZA OLIVEIRA;2004-08-17;CLEODINEIA BARBOSA DE SOUZA SILVA;706409675491787;08941334110;FEMININO;681239792;4;16;15;2;202;Z00;EXAME GERAL E INVESTIGACAO DE PESSOAS SEM QUEIXAS OU DIAGNOSTICO RELATADO
2026-07-27 16:46:41;500769;SAO GABRIEL DO OESTE;8176132;CASA ROSA;500769;SAO GABRIEL DO OESTE;0;1;2026-07-27 09:37:49;0009012;CONSULTA EM GINECOLOGIA GESTANTE.;;;0301010072;CONSULTA MEDICA EM ATENÇÃO ESPECIALIZADA;LUANA GABRIELA RODRIGUES SILIPRANDI BRUM;1998-04-01;FRANCISLEIDE RODRIGUES SOARES;705401487521695;05638575103;FEMININO;681220592;4;15;15;2;202;Z00;EXAME GERAL E INVESTIGACAO DE PESSOAS SEM QUEIXAS OU DIAGNOSTICO RELATADO
2026-07-27 16:46:41;500769;SAO GABRIEL DO OESTE;8176132;CASA ROSA;500769;SAO GABRIEL DO OESTE;0;1;2026-07-27 08:45:07;0009012;CONSULTA EM GINECOLOGIA GESTANTE.;;;0301010072;CONSULTA MEDICA EM ATENÇÃO ESPECIALIZADA;RAFAELI DE ARAUJO MATIAS;2007-03-27;JOBRIANA DE ARAUJO;702104794118899;14456674954;FEMININO;681192100;4;14;15;2;202;Z00;EXAME GERAL E INVESTIGACAO DE PESSOAS SEM QUEIXAS OU DIAGNOSTICO RELATADO
2026-07-27 16:46:41;500769;SAO GABRIEL DO OESTE;8176132;CASA ROSA;500769;SAO GABRIEL DO OESTE;0;1;2026-07-24 17:19:21;0009012;CONSULTA EM GINECOLOGIA GESTANTE.;;;0301010072;CONSULTA MEDICA EM ATENÇÃO ESPECIALIZADA;MARIA EDUARDA DE OLIVEIRA ALVES;2010-11-15;DEIVILA DE OLIVEIRA CUSTODIO;709002826218814;09124702161;FEMININO;681119136;4;13;15;2;202;Z00;EXAME GERAL E INVESTIGACAO DE PESSOAS SEM QUEIXAS OU DIAGNOSTICO RELATADO
2026-07-27 16:46:41;500769;SAO GABRIEL DO OESTE;8176132;CASA ROSA;500769;SAO GABRIEL DO OESTE;0;1;2026-07-24 14:20:18;0009012;CONSULTA EM GINECOLOGIA GESTANTE.;;;0301010072;CONSULTA MEDICA EM ATENÇÃO ESPECIALIZADA;DAMELA PRISCILA DIAS DOS SANTOS;2002-02-10;SANDRA MARCIA DIAS;706800744725727;07310511140;FEMININO;681065092;4;12;15;2;202;Z00;EXAME GERAL E INVESTIGACAO DE PESSOAS SEM QUEIXAS OU DIAGNOSTICO RELATADO
2026-07-27 16:46:41;500769;SAO GABRIEL DO OESTE;8176132;CASA ROSA;500769;SAO GABRIEL DO OESTE;0;1;2026-07-23 10:07:48;0009012;CONSULTA EM GINECOLOGIA GESTANTE.;;;0301010072;CONSULTA MEDICA EM ATENÇÃO ESPECIALIZADA;DANIELI FERNANDES DOS SANTOS;2005-10-07;ROSINAIA FERNANDES;700008608119107;10746999127;FEMININO;680728665;4;11;15;2;202;Z000;EXAME MEDICO GERAL 
2026-07-27 16:46:41;500769;SAO GABRIEL DO OESTE;8176132;CASA ROSA;500769;SAO GABRIEL DO OESTE;0;1;2026-07-23 10:04:25;0009012;CONSULTA EM GINECOLOGIA GESTANTE.;;;0301010072;CONSULTA MEDICA EM ATENÇÃO ESPECIALIZADA;BARBARA ESMERALDA AZOCAR VELASCO;2008-06-13;EDDYLU VELASCO ANGARITA;704806578339345;71202606261;FEMININO;680726775;4;10;15;1;202;Z00;EXAME GERAL E INVESTIGACAO DE PESSOAS SEM QUEIXAS OU DIAGNOSTICO RELATADO
2026-07-27 16:46:41;500769;SAO GABRIEL DO OESTE;8176132;CASA ROSA;500769;SAO GABRIEL DO OESTE;0;1;2026-07-23 09:49:14;0009012;CONSULTA EM GINECOLOGIA GESTANTE.;;;0301010072;CONSULTA MEDICA EM ATENÇÃO ESPECIALIZADA;RENATA BIN;1991-06-07;NILSA BIN;706107085291160;04140746106;FEMININO;680718096;4;9;15;1;202;Z000;EXAME MEDICO GERAL 
2026-07-27 16:46:41;500769;SAO GABRIEL DO OESTE;8176132;CASA ROSA;500769;SAO GABRIEL DO OESTE;0;1;2026-07-23 09:39:16;0009012;CONSULTA EM GINECOLOGIA GESTANTE.;;;0301010072;CONSULTA MEDICA EM ATENÇÃO ESPECIALIZADA;GISLAINE ALVES DOS SANTOS;2001-01-11;IVANETE VALENTE ALVES;700604945986567;05265919198;FEMININO;680712594;4;8;15;1;202;Z000;EXAME MEDICO GERAL 
2026-07-27 16:46:41;500769;SAO GABRIEL DO OESTE;2370980;UNIDADE DE SAUDE DA FAMILIA JARDIM GRAMADO I;500769;SAO GABRIEL DO OESTE;0;1;2026-07-22 09:10:57;0015001;CONSULTA EM OFTALMOLOGIA GERAL;;;0301010072;CONSULTA MEDICA EM ATENÇÃO ESPECIALIZADA;JOAQUIM DE SOUZA OLIVEIRA;1938-10-02;MARIA ELIAS DE OLIVEIRA;704605123473825;44532555191;MASCULINO;680429243;4;2;9;0;240;H045;ESTENOSE E INSUFICIENCIA DOS CANAIS LACRIMAIS 
2026-07-27 16:46:41;500769;SAO GABRIEL DO OESTE;5971055;UNIDADE DE SAUDE DA FAMILIA VIII;500769;SAO GABRIEL DO OESTE;0;1;2026-07-20 10:16:23;0015001;CONSULTA EM OFTALMOLOGIA GERAL;;;0301010072;CONSULTA MEDICA EM ATENÇÃO ESPECIALIZADA;JOSE HENRIQUE RODRIGUES JAYME;2016-01-12;KARINA DOS ANJOS RODRIGUES;700508536467754;07588591129;MASCULINO;679915733;4;1;9;0;240;H521;MIOPIA 
2026-07-27 16:46:41;500769;SAO GABRIEL DO OESTE;6354265;CENTRAL DE REGULACAO DE SAO GABRIEL DO OESTE;500769;SAO GABRIEL DO OESTE;1;1;2026-04-27 09:12:04;0073001;ENDOSCOPIA DIGESTIVA ALTA;;;0209010037;ESOFAGOGASTRODUODENOSCOPIA;CARMEN ELENA PULIDO;1972-02-03;CARMEN PULIDO;702601252856348;71078484295;FEMININO;663997620;4;34;31;1020;1;R13;DISFAGIA 
2026-07-27 16:46:41;500769;SAO GABRIEL DO OESTE;6354265;CENTRAL DE REGULACAO DE SAO GABRIEL DO OESTE;500769;SAO GABRIEL DO OESTE;1;1;2026-04-27 09:08:47;0073001;ENDOSCOPIA DIGESTIVA ALTA;;;0209010037;ESOFAGOGASTRODUODENOSCOPIA;CLARICE ASSMANN MIRANDA;1965-10-29;HILDA ASSMANN MIRANDA;705004407853250;60112182100;FEMININO;663995456;4;33;31;990;1;K29;GASTRITE E DUODENITE
2026-07-27 16:46:41;500769;SAO GABRIEL DO OESTE;6354265;CENTRAL DE REGULACAO DE SAO GABRIEL DO OESTE;500769;SAO GABRIEL DO OESTE;1;1;2026-04-27 09:06:32;0073001;ENDOSCOPIA DIGESTIVA ALTA;;;0209010037;ESOFAGOGASTRODUODENOSCOPIA;CRISTIANE CONCEICAO GOIS;1978-04-26;MARIA REGINA CONCEICAO GOIS;705403479765892;84695234149;FEMININO;663993939;4;32;31;960;1;K449;HERNIA DIAFRAGMATICA SEM OBSTRUCAO OU GANGRENA 
2026-07-27 16:46:41;500769;SAO GABRIEL DO OESTE;6354265;CENTRAL DE REGULACAO DE SAO GABRIEL DO OESTE;500769;SAO GABRIEL DO OESTE;1;1;2026-04-27 09:01:42;0073001;ENDOSCOPIA DIGESTIVA ALTA;;;0209010037;ESOFAGOGASTRODUODENOSCOPIA;CAROLINE APARECIDA DA SILVA MOREIRA;1997-07-08;MARIA PACIENCIA DA SILVA;706705540707513;06100411180;FEMININO;663990763;4;31;31;930;1;R101;DOR LOCALIZADA NO ABDOME SUPERIOR 
2026-07-27 16:46:41;500769;SAO GABRIEL DO OESTE;6354265;CENTRAL DE REGULACAO DE SAO GABRIEL DO OESTE;500769;SAO GABRIEL DO OESTE;1;1;2026-04-27 08:56:29;0073001;ENDOSCOPIA DIGESTIVA ALTA;;;0209010037;ESOFAGOGASTRODUODENOSCOPIA;CINTIA OLIVEIRA DE OLIVEIRA;1986-09-09;MARLI OLIVEIRA DE OLIVEIRA;707105326602920;01906109133;FEMININO;663987641;4;30;31;900;1;K30;DISPEPSIA 
2026-07-27 16:46:41;500769;SAO GABRIEL DO OESTE;6354265;CENTRAL DE REGULACAO DE SAO GABRIEL DO OESTE;500769;SAO GABRIEL DO OESTE;1;1;2026-04-27 08:52:31;0073001;ENDOSCOPIA DIGESTIVA ALTA;;;0209010037;ESOFAGOGASTRODUODENOSCOPIA;BEATRIZ ABNER DE SOUZA GARBELINE;1995-09-13;HELEN CRISTINA RAMOS DE SOUZA LEMOS;708607093662786;04924244112;FEMININO;663985312;4;29;31;870;1;R101;DOR LOCALIZADA NO ABDOME SUPERIOR 
2026-07-27 16:46:41;500769;SAO GABRIEL DO OESTE;6354265;CENTRAL DE REGULACAO DE SAO GABRIEL DO OESTE;500769;SAO GABRIEL DO OESTE;1;1;2026-04-27 08:48:11;0073001;ENDOSCOPIA DIGESTIVA ALTA;;;0209010037;ESOFAGOGASTRODUODENOSCOPIA;ANTONIO FABIO PEREIRA DE MOURA;1961-02-14;ANTONIA MARIA PEREIRA;707403096605376;76985296491;MASCULINO;663982781;4;28;31;840;1;K297;GASTRITE NAO ESPECIFICADA 
2026-07-27 16:46:41;500769;SAO GABRIEL DO OESTE;6354265;CENTRAL DE REGULACAO DE SAO GABRIEL DO OESTE;500769;SAO GABRIEL DO OESTE;1;1;2026-04-27 08:45:55;0073001;ENDOSCOPIA DIGESTIVA ALTA;;;0209010037;ESOFAGOGASTRODUODENOSCOPIA;ALCIBALDO PELICHAN;1959-11-17;ZENAIDE PELICHAN;700405477394049;30997038004;MASCULINO;663981447;4;27;31;810;1;K297;GASTRITE NAO ESPECIFICADA 
2026-07-27 16:46:41;500769;SAO GABRIEL DO OESTE;6354265;CENTRAL DE REGULACAO DE SAO GABRIEL DO OESTE;500769;SAO GABRIEL DO OESTE;1;1;2026-04-27 08:43:49;0073001;ENDOSCOPIA DIGESTIVA ALTA;;;0209010037;ESOFAGOGASTRODUODENOSCOPIA;ANA GABRIELA PEREIRA ODA;2011-03-26;ROSANA PEREIRA DA SILVA;706407632941282;10268217114;FEMININO;663980227;4;26;31;780;1;R101;DOR LOCALIZADA NO ABDOME SUPERIOR 
2026-07-27 16:46:41;500769;SAO GABRIEL DO OESTE;6354265;CENTRAL DE REGULACAO DE SAO GABRIEL DO OESTE;500769;SAO GABRIEL DO OESTE;1;1;2026-04-27 08:40:58;0073001;ENDOSCOPIA DIGESTIVA ALTA;;;0209010037;ESOFAGOGASTRODUODENOSCOPIA;ANTONIA CLEIDE MARCAL DE OLIVEIRA;1964-02-09;DAMIANA MARIA DA CONCEICAO;700903919478297;57907447372;FEMININO;663978631;4;25;31;750;1;K297;GASTRITE NAO ESPECIFICADA 
2026-07-27 16:46:41;500769;SAO GABRIEL DO OESTE;6354265;CENTRAL DE REGULACAO DE SAO GABRIEL DO OESTE;500769;SAO GABRIEL DO OESTE;1;1;2026-04-27 08:38:52;0073001;ENDOSCOPIA DIGESTIVA ALTA;;;0209010037;ESOFAGOGASTRODUODENOSCOPIA;ADEVALDO RODRIGUES FERREIRA;1984-04-15;ONERIA FERREIRA DA SILVA;700600449225762;00730093182;MASCULINO;663977451;4;24;31;720;1;K20;ESOFAGITE 
2026-07-27 16:46:41;500769;SAO GABRIEL DO OESTE;6354265;CENTRAL DE REGULACAO DE SAO GABRIEL DO OESTE;500769;SAO GABRIEL DO OESTE;1;1;2026-04-27 08:35:22;0073001;ENDOSCOPIA DIGESTIVA ALTA;;;0209010037;ESOFAGOGASTRODUODENOSCOPIA;ARILDO DOS SANTOS CARLOS;1979-03-13;APARECIDA DOS SANTOS CARLOS;708104583548337;86594460110;MASCULINO;663975565;4;23;31;690;1;K210;DOENCA DE REFLUXO GASTROESOFAGICO COM ESOFAGITE 
2026-07-27 16:46:41;500769;SAO GABRIEL DO OESTE;6354265;CENTRAL DE REGULACAO DE SAO GABRIEL DO OESTE;500769;SAO GABRIEL DO OESTE;1;1;2026-04-27 08:27:05;0073001;ENDOSCOPIA DIGESTIVA ALTA;;;0209010037;ESOFAGOGASTRODUODENOSCOPIA;ALEXANDRA DE LIMA DA SILVA;1991-03-27;CICERA DE ARAUJO DA SILVA;700008529847304;05936986144;FEMININO;663971375;4;22;31;660;1;K297;GASTRITE NAO ESPECIFICADA 
2026-07-27 16:46:41;500769;SAO GABRIEL DO OESTE;6354265;CENTRAL DE REGULACAO DE SAO GABRIEL DO OESTE;500769;SAO GABRIEL DO OESTE;1;1;2026-04-27 08:18:39;0073001;ENDOSCOPIA DIGESTIVA ALTA;;;0209010037;ESOFAGOGASTRODUODENOSCOPIA;ADRIANA HENRIQUE DA SILVA;1975-02-20;NATALIA HENRIQUE DA SILVA;700005576066809;60129751120;FEMININO;663967296;4;21;31;630;1;K297;GASTRITE NAO ESPECIFICADA 
2026-07-27 16:46:41;500769;SAO GABRIEL DO OESTE;6354265;CENTRAL DE REGULACAO DE SAO GABRIEL DO OESTE;500769;SAO GABRIEL DO OESTE;1;1;2026-04-27 08:16:33;0073001;ENDOSCOPIA DIGESTIVA ALTA;;;0209010037;ESOFAGOGASTRODUODENOSCOPIA;ANA PAULA DRESCHLER DE HAAS;1992-10-21;MIRTES MARIA BERTE DRESCHLER;704009373784061;05470406105;FEMININO;663966358;4;20;31;600;1;R101;DOR LOCALIZADA NO ABDOME SUPERIOR 
2026-07-27 16:46:41;500769;SAO GABRIEL DO OESTE;6354265;CENTRAL DE REGULACAO DE SAO GABRIEL DO OESTE;500769;SAO GABRIEL DO OESTE;1;1;2026-04-27 08:12:26;0073001;ENDOSCOPIA DIGESTIVA ALTA;;;0209010037;ESOFAGOGASTRODUODENOSCOPIA;ADRIANO DA SILVA ALMEIDA;1981-10-06;ESMERALDA LUCIANA DA SILVA ALMEIDA;708205603723244;92928420134;MASCULINO;663964494;4;19;31;570;1;K297;GASTRITE NAO ESPECIFICADA 
2026-07-27 16:46:41;500769;SAO GABRIEL DO OESTE;6354265;CENTRAL DE REGULACAO DE SAO GABRIEL DO OESTE;500769;SAO GABRIEL DO OESTE;1;1;2026-04-24 09:48:19;0073001;ENDOSCOPIA DIGESTIVA ALTA;;;0209010037;ESOFAGOGASTRODUODENOSCOPIA;NEEGIS COSTA AFONSO;1986-04-10;RUTH COSTA AFONSO;706704722863420;35493618826;MASCULINO;663730096;4;18;31;540;1;K291;OUTRAS GASTRITES AGUDAS 
2026-07-27 16:46:41;500769;SAO GABRIEL DO OESTE;7002084;UNIDADE DE SAUDE DA FAMILIA IX;500769;SAO GABRIEL DO OESTE;1;1;2026-04-22 10:16:09;0073001;ENDOSCOPIA DIGESTIVA ALTA;;;0209010037;ESOFAGOGASTRODUODENOSCOPIA;AUDINEI DA SILVA FELIZARDO;1990-02-28;MARILZA DA SILVA FELIZARDO;700503958781551;03476159108;MASCULINO;663197370;4;17;31;510;1;K297;GASTRITE NAO ESPECIFICADA 
2026-07-27 16:46:41;500769;SAO GABRIEL DO OESTE;2370980;UNIDADE DE SAUDE DA FAMILIA JARDIM GRAMADO I;500769;SAO GABRIEL DO OESTE;1;1;2026-04-22 10:11:51;0073001;ENDOSCOPIA DIGESTIVA ALTA;;;0209010037;ESOFAGOGASTRODUODENOSCOPIA;HOZANA DA SILVA SOUZA;1987-07-04;MARIA APARECIDA BEZERRA DA SILVA SOUZA;704602681714720;01666467170;FEMININO;663194529;4;16;31;480;1;R101;DOR LOCALIZADA NO ABDOME SUPERIOR 
2026-07-27 16:46:41;500769;SAO GABRIEL DO OESTE;6354265;CENTRAL DE REGULACAO DE SAO GABRIEL DO OESTE;500769;SAO GABRIEL DO OESTE;1;1;2026-04-21 12:17:47;0073001;ENDOSCOPIA DIGESTIVA ALTA;;;0209010037;ESOFAGOGASTRODUODENOSCOPIA;SONIA LUCIA NEVES PIRES;1962-10-24;INOCENCIA NEVES PIRES;703604008769939;79065872191;FEMININO;663096444;4;15;31;450;1;K297;GASTRITE NAO ESPECIFICADA 
2026-07-27 16:46:41;500769;SAO GABRIEL DO OESTE;6354265;CENTRAL DE REGULACAO DE SAO GABRIEL DO OESTE;500769;SAO GABRIEL DO OESTE;1;1;2026-04-21 12:15:46;0073001;ENDOSCOPIA DIGESTIVA ALTA;;;0209010037;ESOFAGOGASTRODUODENOSCOPIA;NEURI RASCHE;1967-03-20;MATILDE NESSEL RASCHE;708900737097819;50705440044;MASCULINO;663096415;4;14;31;420;1;K297;GASTRITE NAO ESPECIFICADA 
2026-07-27 16:46:41;500769;SAO GABRIEL DO OESTE;6354265;CENTRAL DE REGULACAO DE SAO GABRIEL DO OESTE;500769;SAO GABRIEL DO OESTE;1;1;2026-04-21 12:01:43;0073001;ENDOSCOPIA DIGESTIVA ALTA;;;0209010037;ESOFAGOGASTRODUODENOSCOPIA;CAMILA CARVALHO DE OLIVEIRA;1992-12-05;CLEUSA CARVALHO DE OLIVEIRA;707602297194699;04388243183;FEMININO;663096230;4;13;31;390;1;K297;GASTRITE NAO ESPECIFICADA 
2026-07-27 16:46:41;500769;SAO GABRIEL DO OESTE;6354265;CENTRAL DE REGULACAO DE SAO GABRIEL DO OESTE;500769;SAO GABRIEL DO OESTE;1;1;2026-04-21 11:44:23;0073001;ENDOSCOPIA DIGESTIVA ALTA;;;0209010037;ESOFAGOGASTRODUODENOSCOPIA;MARTA ROSA DOS REIS;1977-11-12;FRANCINA LACERDA DOS REIS;700506778109750;84091185215;FEMININO;663095923;4;12;31;360;1;K30;DISPEPSIA 
2026-07-27 16:46:41;500769;SAO GABRIEL DO OESTE;6354265;CENTRAL DE REGULACAO DE SAO GABRIEL DO OESTE;500769;SAO GABRIEL DO OESTE;1;1;2026-04-21 11:33:56;0073001;ENDOSCOPIA DIGESTIVA ALTA;;;0209010037;ESOFAGOGASTRODUODENOSCOPIA;VILMAR HAINASKI DO CARMO;1967-08-29;TEREZA HAINASKI DO CARMO;706901168417835;57635358049;MASCULINO;663095736;4;11;31;330;1;K297;GASTRITE NAO ESPECIFICADA 
2026-07-27 16:46:41;500769;SAO GABRIEL DO OESTE;6354265;CENTRAL DE REGULACAO DE SAO GABRIEL DO OESTE;500769;SAO GABRIEL DO OESTE;1;1;2026-04-21 09:21:53;0073001;ENDOSCOPIA DIGESTIVA ALTA;;;0209010037;ESOFAGOGASTRODUODENOSCOPIA;REJIANE DA COSTA RODRIGUES VIEIRA;1978-11-21;LUSIA MARIA DA COSTA;700203459769524;35136713852;FEMININO;663093414;4;10;31;300;1;R101;DOR LOCALIZADA NO ABDOME SUPERIOR 
2026-07-27 16:46:41;500769;SAO GABRIEL DO OESTE;6354265;CENTRAL DE REGULACAO DE SAO GABRIEL DO OESTE;500769;SAO GABRIEL DO OESTE;1;1;2026-04-18 16:54:17;0073001;ENDOSCOPIA DIGESTIVA ALTA;;;0209010037;ESOFAGOGASTRODUODENOSCOPIA;MARILENE DE SOUZA DA SILVA;1965-09-25;IZOLINA DELACOLETTA;704100175917872;58887873968;FEMININO;662968757;4;9;31;270;1;K21;DOENCA DE REFLUXO GASTROESOFAGICO
2026-07-27 16:46:41;500769;SAO GABRIEL DO OESTE;6354265;CENTRAL DE REGULACAO DE SAO GABRIEL DO OESTE;500769;SAO GABRIEL DO OESTE;1;1;2026-04-18 16:50:06;0073001;ENDOSCOPIA DIGESTIVA ALTA;;;0209010037;ESOFAGOGASTRODUODENOSCOPIA;MARILEI CONFORTIN MACHADO;1960-06-16;ADELE ALIEVI CONFORTIN;705404430746798;66944023920;FEMININO;662968696;4;8;31;240;1;K318;OUTRAS DOENCAS ESPECIFICADAS DO ESTOMAGO E DO DUODENO 
2026-07-27 16:46:41;500769;SAO GABRIEL DO OESTE;6354265;CENTRAL DE REGULACAO DE SAO GABRIEL DO OESTE;500769;SAO GABRIEL DO OESTE;1;1;2026-04-18 16:42:53;0073001;ENDOSCOPIA DIGESTIVA ALTA;;;0209010037;ESOFAGOGASTRODUODENOSCOPIA;VALDIRA ALECRIM DA SILVA;1968-05-14;VALDELICE ALECRIM DA SILVA;702307192528615;90408462515;FEMININO;662968588;4;7;31;210;1;K297;GASTRITE NAO ESPECIFICADA 
2026-07-27 16:46:41;500769;SAO GABRIEL DO OESTE;3400964;UNIDADE DE SAUDE DA FAMILIA RURAL VII;500769;SAO GABRIEL DO OESTE;1;1;2026-04-16 15:46:19;0073001;ENDOSCOPIA DIGESTIVA ALTA;;;0209010037;ESOFAGOGASTRODUODENOSCOPIA;VIVIANE ANGELO DE OLIVEIRA;1996-12-04;VILMA APARECIDA ANGELO DE OLIVEIRA;704007175356770;05517366155;FEMININO;662658460;4;6;31;180;1;K21;DOENCA DE REFLUXO GASTROESOFAGICO
2026-07-27 16:46:41;500769;SAO GABRIEL DO OESTE;2370999;UNIDADE DE SAUDE DA FAMILIA FENIX IV;500769;SAO GABRIEL DO OESTE;1;1;2026-04-15 10:47:57;0073001;ENDOSCOPIA DIGESTIVA ALTA;;;0209010037;ESOFAGOGASTRODUODENOSCOPIA;JOSEFA JESUS DE CARVALHO;1954-06-27;MARIANA JESUS DE CARVALHO;705008250821853;89388356187;FEMININO;662242552;4;5;31;150;1;K297;GASTRITE NAO ESPECIFICADA 
2026-07-27 16:46:41;500769;SAO GABRIEL DO OESTE;2370972;UNIDADE DE SAUDE DA FAMILIA MILANE II;500769;SAO GABRIEL DO OESTE;1;1;2026-04-15 10:42:59;0073001;ENDOSCOPIA DIGESTIVA ALTA;;;0209010037;ESOFAGOGASTRODUODENOSCOPIA;ILANILDA FERREIRA DE SOUZA;1987-08-16;MARIA DE ALMEIDA DA SILVA;700007715978307;03293593127;FEMININO;662239332;4;4;31;120;1;K297;GASTRITE NAO ESPECIFICADA 
2026-07-27 16:46:41;500769;SAO GABRIEL DO OESTE;2370999;UNIDADE DE SAUDE DA FAMILIA FENIX IV;500769;SAO GABRIEL DO OESTE;1;1;2026-04-15 09:30:39;0073001;ENDOSCOPIA DIGESTIVA ALTA;;;0209010037;ESOFAGOGASTRODUODENOSCOPIA;CAIQUE FABIANO SOUZA;2005-10-20;LUCIENE TALAVEIRA FABIANO;701207094767510;10635219123;MASCULINO;662193252;4;3;31;90;1;K297;GASTRITE NAO ESPECIFICADA 
2026-07-27 16:46:41;500769;SAO GABRIEL DO OESTE;6354265;CENTRAL DE REGULACAO DE SAO GABRIEL DO OESTE;500769;SAO GABRIEL DO OESTE;1;1;2026-04-09 15:18:32;0073001;ENDOSCOPIA DIGESTIVA ALTA;;;0209010037;ESOFAGOGASTRODUODENOSCOPIA;ANDREIA DA ROCHA NANTES;1989-02-15;NOEMIA DA ROCHA LARA;706005347141542;03257699158;FEMININO;661214512;4;2;31;60;1;K29;GASTRITE E DUODENITE
2026-07-27 16:46:41;500769;SAO GABRIEL DO OESTE;2370999;UNIDADE DE SAUDE DA FAMILIA FENIX IV;500769;SAO GABRIEL DO OESTE;1;1;2026-06-08 10:28:50;0073001;ENDOSCOPIA DIGESTIVA ALTA;;;0209010037;ESOFAGOGASTRODUODENOSCOPIA;RENATA MARTINS DE LIMA;1978-07-07;REGINA MARTINS DE LIMA;704003832967467;94002649172;FEMININO;671960913;2;1;31;30;1;K30;DISPEPSIA 
2026-07-27 16:46:41;500769;SAO GABRIEL DO OESTE;6354265;CENTRAL DE REGULACAO DE SAO GABRIEL DO OESTE;500769;SAO GABRIEL DO OESTE;1;1;2026-04-28 09:16:10;0073001;ENDOSCOPIA DIGESTIVA ALTA;;;0209010037;ESOFAGOGASTRODUODENOSCOPIA;MARIA APARECIDA NOVAIS;1973-05-01;GENILDA MATIAS DA SILVA;700204413998424;84137690197;FEMININO;664322368;4;97;31;2910;1;K43;HERNIA VENTRAL
2026-07-27 16:46:41;500769;SAO GABRIEL DO OESTE;6354265;CENTRAL DE REGULACAO DE SAO GABRIEL DO OESTE;500769;SAO GABRIEL DO OESTE;1;1;2026-04-28 09:12:36;0073001;ENDOSCOPIA DIGESTIVA ALTA;;;0209010037;ESOFAGOGASTRODUODENOSCOPIA;MARLI CIUPAK;1966-04-29;OLIVA CIUPAK;700500543470253;96799129904;FEMININO;664319934;4;96;31;2880;1;K297;GASTRITE NAO ESPECIFICADA 
2026-07-27 16:46:41;500769;SAO GABRIEL DO OESTE;6354265;CENTRAL DE REGULACAO DE SAO GABRIEL DO OESTE;500769;SAO GABRIEL DO OESTE;1;1;2026-04-28 09:10:21;0073001;ENDOSCOPIA DIGESTIVA ALTA;;;0209010037;ESOFAGOGASTRODUODENOSCOPIA;MARIA IVONETE ALVES DE MACEDO;1978-09-17;CORINA ALVES DA CRUZ;700001770659808;03180724404;FEMININO;664318489;4;95;31;2850;1;Z10;EXAME GERAL DE ROTINA ("CHECK UP") DE UMA SUBPOPULACAO DEFINIDA
2026-07-27 16:46:41;500769;SAO GABRIEL DO OESTE;6354265;CENTRAL DE REGULACAO DE SAO GABRIEL DO OESTE;500769;SAO GABRIEL DO OESTE;1;1;2026-04-28 09:05:46;0073001;ENDOSCOPIA DIGESTIVA ALTA;;;0209010037;ESOFAGOGASTRODUODENOSCOPIA;MARCILENE DA SILVA FURST;1991-09-29;MARIA FURST;704602122882427;70771662106;FEMININO;664315413;4;94;31;2820;1;K29;GASTRITE E DUODENITE
2026-07-27 16:46:41;500769;SAO GABRIEL DO OESTE;6354265;CENTRAL DE REGULACAO DE SAO GABRIEL DO OESTE;500769;SAO GABRIEL DO OESTE;1;1;2026-04-28 09:03:03;0073001;ENDOSCOPIA DIGESTIVA ALTA;;;0209010037;ESOFAGOGASTRODUODENOSCOPIA;MARCIA CRISTINA PIRES DANTAS;1969-12-15;JUDITE DE SOUZA PIRES;703403268578700;25056796816;FEMININO;664313593;4;93;31;2790;1;K299;GASTRODUODENITE, SEM OUTRA ESPECIFICACAO 
2026-07-27 16:46:41;500769;SAO GABRIEL DO OESTE;6354265;CENTRAL DE REGULACAO DE SAO GABRIEL DO OESTE;500769;SAO GABRIEL DO OESTE;1;1;2026-04-28 09:00:18;0073001;ENDOSCOPIA DIGESTIVA ALTA;;;0209010037;ESOFAGOGASTRODUODENOSCOPIA;MARIA HELENA PIRES DE LIMA;1962-02-18;MARIA DE LOURDES ALVES PIRES;703609007345935;64132803953;FEMININO;664311815;4;92;31;2760;1;K297;GASTRITE NAO ESPECIFICADA 
2026-07-27 16:46:41;500769;SAO GABRIEL DO OESTE;6354265;CENTRAL DE REGULACAO DE SAO GABRIEL DO OESTE;500769;SAO GABRIEL DO OESTE;1;1;2026-04-28 08:57:59;0073001;ENDOSCOPIA DIGESTIVA ALTA;;;0209010037;ESOFAGOGASTRODUODENOSCOPIA;MARIA JOSEANE RAMOS DA SILVA;1984-03-05;JOSEFA RAMOS DA SILVA;704709547071840;07566920405;FEMININO;664310353;4;91;31;2730;1;K210;DOENCA DE REFLUXO GASTROESOFAGICO COM ESOFAGITE 
2026-07-27 16:46:41;500769;SAO GABRIEL DO OESTE;6354265;CENTRAL DE REGULACAO DE SAO GABRIEL DO OESTE;500769;SAO GABRIEL DO OESTE;1;1;2026-04-28 08:55:12;0073001;ENDOSCOPIA DIGESTIVA ALTA;;;0209010037;ESOFAGOGASTRODUODENOSCOPIA;MARCIA ALVES DOS SANTOS;1984-03-23;JOANA ALVES DE ANDRADE;702604255407741;73906077187;FEMININO;664308650;4;90;31;2700;1;K295;GASTRITE CRONICA, SEM OUTRA ESPECIFICACAO 
2026-07-27 16:46:41;500769;SAO GABRIEL DO OESTE;6354265;CENTRAL DE REGULACAO DE SAO GABRIEL DO OESTE;500769;SAO GABRIEL DO OESTE;1;1;2026-04-28 08:52:47;0073001;ENDOSCOPIA DIGESTIVA ALTA;;;0209010037;ESOFAGOGASTRODUODENOSCOPIA;MARIA BENTA FERREIRA;1943-05-16;MARIA JOSE DA CONCEICAO;700001223076207;39123340134;FEMININO;664307249;4;89;31;2670;1;K30;DISPEPSIA 
2026-07-27 16:46:41;500769;SAO GABRIEL DO OESTE;6354265;CENTRAL DE REGULACAO DE SAO GABRIEL DO OESTE;500769;SAO GABRIEL DO OESTE;1;1;2026-04-28 08:48:46;0073001;ENDOSCOPIA DIGESTIVA ALTA;;;0209010037;ESOFAGOGASTRODUODENOSCOPIA;MARIA CELMA CARDOSO DE SA DELGADO;1967-10-16;IRENE DE OLIVEIRA DE SA;700505101325856;81272022153;FEMININO;664304885;4;88;31;2640;1;K297;GASTRITE NAO ESPECIFICADA 
2026-07-27 16:46:41;500769;SAO GABRIEL DO OESTE;6354265;CENTRAL DE REGULACAO DE SAO GABRIEL DO OESTE;500769;SAO GABRIEL DO OESTE;1;1;2026-04-28 08:45:19;0073001;ENDOSCOPIA DIGESTIVA ALTA;;;0209010037;ESOFAGOGASTRODUODENOSCOPIA;MARIA DE LOURDES DE SOUZA LOPES;1971-05-24;MARIA DE SOUZA LOPES;709202253624930;59573236168;FEMININO;664302859;4;87;31;2610;1;K21;DOENCA DE REFLUXO GASTROESOFAGICO
2026-07-27 16:46:41;500769;SAO GABRIEL DO OESTE;6354265;CENTRAL DE REGULACAO DE SAO GABRIEL DO OESTE;500769;SAO GABRIEL DO OESTE;1;1;2026-04-28 08:43:17;0073001;ENDOSCOPIA DIGESTIVA ALTA;;;0209010037;ESOFAGOGASTRODUODENOSCOPIA;MARIZA LOPES DE LIMA FLORES;1977-08-20;MARIA DE FATIMA LOPES;706901148190134;86280287149;FEMININO;664301642;4;86;31;2580;1;K295;GASTRITE CRONICA, SEM OUTRA ESPECIFICACAO 
2026-07-27 16:46:41;500769;SAO GABRIEL DO OESTE;6354265;CENTRAL DE REGULACAO DE SAO GABRIEL DO OESTE;500769;SAO GABRIEL DO OESTE;1;1;2026-04-28 08:40:49;0073001;ENDOSCOPIA DIGESTIVA ALTA;;;0209010037;ESOFAGOGASTRODUODENOSCOPIA;MARIA LUZ DE AQUINO FERREIRA;1947-08-31;GERALDINA MARIA DE AQUINO;701800276873578;17426235149;FEMININO;664300199;4;85;31;2550;1;R13;DISFAGIA 
2026-07-27 16:46:41;500769;SAO GABRIEL DO OESTE;6354265;CENTRAL DE REGULACAO DE SAO GABRIEL DO OESTE;500769;SAO GABRIEL DO OESTE;1;1;2026-04-28 08:38:39;0073001;ENDOSCOPIA DIGESTIVA ALTA;;;0209010037;ESOFAGOGASTRODUODENOSCOPIA;MARILDA RODRIGUES DOS SANTOS;1961-10-25;JOSINA RIBEIRO COSTA;700808416249382;91713862972;FEMININO;664298920;4;84;31;2520;1;K297;GASTRITE NAO ESPECIFICADA 
2026-07-27 16:46:41;500769;SAO GABRIEL DO OESTE;6354265;CENTRAL DE REGULACAO DE SAO GABRIEL DO OESTE;500769;SAO GABRIEL DO OESTE;1;1;2026-04-28 08:36:19;0073001;ENDOSCOPIA DIGESTIVA ALTA;;;0209010037;ESOFAGOGASTRODUODENOSCOPIA;MARINALVA RAIMUNDO DO NASCIMENTO;1966-09-02;DULCINEIA FRANCISCA DOS SANTOS;703404334723700;77125320104;FEMININO;664297575;4;83;31;2490;1;R101;DOR LOCALIZADA NO ABDOME SUPERIOR 
2026-07-27 16:46:41;500769;SAO GABRIEL DO OESTE;6354265;CENTRAL DE REGULACAO DE SAO GABRIEL DO OESTE;500769;SAO GABRIEL DO OESTE;1;1;2026-04-28 08:32:50;0073001;ENDOSCOPIA DIGESTIVA ALTA;;;0209010037;ESOFAGOGASTRODUODENOSCOPIA;MARCOS ROBERTO VIEIRA;1972-12-13;DIRCE CAETANO VIEIRA;700005331060204;55568050163;MASCULINO;664295470;4;82;31;2460;1;K295;GASTRITE CRONICA, SEM OUTRA ESPECIFICACAO 
2026-07-27 16:46:41;500769;SAO GABRIEL DO OESTE;6354265;CENTRAL DE REGULACAO DE SAO GABRIEL DO OESTE;500769;SAO GABRIEL DO OESTE;1;1;2026-04-27 16:28:22;0073001;ENDOSCOPIA DIGESTIVA ALTA;;;0209010037;ESOFAGOGASTRODUODENOSCOPIA;ELZA MARIA DA SILVA;1964-03-16;TEREZA CRAVINO DA SILVA;700403101457050;89885422153;FEMININO;664229126;4;81;31;2430;1;D379;ORGAO DIGESTIVO, NAO ESPECIFICADO 
2026-07-27 16:46:41;500769;SAO GABRIEL DO OESTE;2370972;UNIDADE DE SAUDE DA FAMILIA MILANE II;500769;SAO GABRIEL DO OESTE;1;1;2026-04-27 14:59:24;0073001;ENDOSCOPIA DIGESTIVA ALTA;;;0209010037;ESOFAGOGASTRODUODENOSCOPIA;TAYNARA TALINE DA SILVA;1993-02-09;ALEXANDRA APARECIDA DA SILVA;704201733592585;05505788114;FEMININO;664180810;4;80;31;2400;1;K297;GASTRITE NAO ESPECIFICADA 
2026-07-27 16:46:41;500769;SAO GABRIEL DO OESTE;6354265;CENTRAL DE REGULACAO DE SAO GABRIEL DO OESTE;500769;SAO GABRIEL DO OESTE;1;1;2026-04-27 12:06:11;0073001;ENDOSCOPIA DIGESTIVA ALTA;;;0209010037;ESOFAGOGASTRODUODENOSCOPIA;LEO VITOR SANTANA CANTANHEDE;2011-10-24;SABRINA CANTANHEDE MOREIRA;707806603949711;06108371170;MASCULINO;664108887;4;79;31;2370;1;D63;ANEMIA EM DOENCAS CRONICAS CLASSIFICADAS EM OUTRA PARTE
2026-07-27 16:46:41;500769;SAO GABRIEL DO OESTE;6354265;CENTRAL DE REGULACAO DE SAO GABRIEL DO OESTE;500769;SAO GABRIEL DO OESTE;1;1;2026-04-27 12:04:03;0073001;ENDOSCOPIA DIGESTIVA ALTA;;;0209010037;ESOFAGOGASTRODUODENOSCOPIA;LAYSE CASTRO TELES;2004-08-10;MARIA DA PAZ DE JESUS CASTRO;708404310523370;08311799539;FEMININO;664108113;4;78;31;2340;1;K297;GASTRITE NAO ESPECIFICADA 
2026-07-27 16:46:41;500769;SAO GABRIEL DO OESTE;6354265;CENTRAL DE REGULACAO DE SAO GABRIEL DO OESTE;500769;SAO GABRIEL DO OESTE;1;1;2026-04-27 12:01:06;0073001;ENDOSCOPIA DIGESTIVA ALTA;;;0209010037;ESOFAGOGASTRODUODENOSCOPIA;LEVI DA SILVA OLIVEIRA;1976-05-01;ELIETE DA SILVA DE OLIVEIRA;702208133215810;78578710100;MASCULINO;664106924;4;77;31;2310;1;K297;GASTRITE NAO ESPECIFICADA 
2026-07-27 16:46:41;500769;SAO GABRIEL DO OESTE;6354265;CENTRAL DE REGULACAO DE SAO GABRIEL DO OESTE;500769;SAO GABRIEL DO OESTE;1;1;2026-04-27 11:57:06;0073001;ENDOSCOPIA DIGESTIVA ALTA;;;0209010037;ESOFAGOGASTRODUODENOSCOPIA;LENICE SANTOS DE MATOS;1995-08-18;COSMA GABRIEL DOS SANTOS;704004372753265;06630691148;FEMININO;664105111;4;76;31;2280;1;K29;GASTRITE E DUODENITE
2026-07-27 16:46:41;500769;SAO GABRIEL DO OESTE;6354265;CENTRAL DE REGULACAO DE SAO GABRIEL DO OESTE;500769;SAO GABRIEL DO OESTE;1;1;2026-04-27 11:54:38;0073001;ENDOSCOPIA DIGESTIVA ALTA;;;0209010037;ESOFAGOGASTRODUODENOSCOPIA;LUIZ FERNANDO VIEIRA DA SILVA;2004-02-29;SIMONE VIEIRA DOS SANTOS;700005708370801;09562219127;MASCULINO;664103887;4;75;31;2250;1;R103;DOR LOCALIZADA EM OUTRAS PARTES DO ABDOME INFERIOR 
2026-07-27 16:46:41;500769;SAO GABRIEL DO OESTE;6354265;CENTRAL DE REGULACAO DE SAO GABRIEL DO OESTE;500769;SAO GABRIEL DO OESTE;1;1;2026-04-27 11:52:26;0073001;ENDOSCOPIA DIGESTIVA ALTA;;;0209010037;ESOFAGOGASTRODUODENOSCOPIA;LAURENIL SOARES SALLES;1970-08-21;LAURA SOARES;703001844761478;44481969172;FEMININO;664102756;4;74;31;2220;1;R103;DOR LOCALIZADA EM OUTRAS PARTES DO ABDOME INFERIOR 
2026-07-27 16:46:41;500769;SAO GABRIEL DO OESTE;6354265;CENTRAL DE REGULACAO DE SAO GABRIEL DO OESTE;500769;SAO GABRIEL DO OESTE;1;1;2026-04-27 11:50:33;0073001;ENDOSCOPIA DIGESTIVA ALTA;;;0209010037;ESOFAGOGASTRODUODENOSCOPIA;LORENA RIBEIRO DE MELLO OLIVEIRA;1996-04-09;MARIZA APARECIDA RIBEIRO DE MELLO;702507391578939;04543889185;FEMININO;664101775;4;73;31;2190;1;K297;GASTRITE NAO ESPECIFICADA 
2026-07-27 16:46:41;500769;SAO GABRIEL DO OESTE;6354265;CENTRAL DE REGULACAO DE SAO GABRIEL DO OESTE;500769;SAO GABRIEL DO OESTE;1;1;2026-04-27 11:38:35;0073001;ENDOSCOPIA DIGESTIVA ALTA;;;0209010037;ESOFAGOGASTRODUODENOSCOPIA;JOEL JOSE HAAS LEICHTWEIS;1987-09-02;ERENI HAAS;702409541974128;70176575197;MASCULINO;664095399;4;72;31;2160;1;R101;DOR LOCALIZADA NO ABDOME SUPERIOR 
2026-07-27 16:46:41;500769;SAO GABRIEL DO OESTE;6354265;CENTRAL DE REGULACAO DE SAO GABRIEL DO OESTE;500769;SAO GABRIEL DO OESTE;1;1;2026-04-27 11:33:16;0073001;ENDOSCOPIA DIGESTIVA ALTA;;;0209010037;ESOFAGOGASTRODUODENOSCOPIA;JOSEILDO VIEIRA DINIZ;1982-02-03;ROSENI VIEIRA DA SILVA DINIZ;700901956680396;00959171444;MASCULINO;664092395;4;71;31;2130;1;K297;GASTRITE NAO ESPECIFICADA 
2026-07-27 16:46:41;500769;SAO GABRIEL DO OESTE;6354265;CENTRAL DE REGULACAO DE SAO GABRIEL DO OESTE;500769;SAO GABRIEL DO OESTE;1;1;2026-04-27 11:31:15;0073001;ENDOSCOPIA DIGESTIVA ALTA;;;0209010037;ESOFAGOGASTRODUODENOSCOPIA;JOAO DIAS VIEIRA;1955-05-20;ONEZIA SENHORINHA DE OLIVEIRA;704109247324080;36755567191;MASCULINO;664091271;4;70;31;2100;1;K20;ESOFAGITE 
2026-07-27 16:46:41;500769;SAO GABRIEL DO OESTE;6354265;CENTRAL DE REGULACAO DE SAO GABRIEL DO OESTE;500769;SAO GABRIEL DO OESTE;1;1;2026-04-27 11:26:04;0073001;ENDOSCOPIA DIGESTIVA ALTA;;;0209010037;ESOFAGOGASTRODUODENOSCOPIA;JOAO CARVALHO CARNEIRO;1965-10-27;OLINDA CARVALHO CARNEIRO;700005419620906;32222360110;MASCULINO;664088049;4;69;31;2070;1;K746;OUTRAS FORMAS DE CIRROSE HEPATICA E AS NAO ESPECIFICADAS 
2026-07-27 16:46:41;500769;SAO GABRIEL DO OESTE;6354265;CENTRAL DE REGULACAO DE SAO GABRIEL DO OESTE;500769;SAO GABRIEL DO OESTE;1;1;2026-04-27 11:22:56;0073001;ENDOSCOPIA DIGESTIVA ALTA;;;0209010037;ESOFAGOGASTRODUODENOSCOPIA;JOICE KELI BATISTA PASCHUINI;1988-10-04;NATALINA BATISTA;702900578433675;05990345992;FEMININO;664086071;4;68;31;2040;1;K29;GASTRITE E DUODENITE
2026-07-27 16:46:41;500769;SAO GABRIEL DO OESTE;6354265;CENTRAL DE REGULACAO DE SAO GABRIEL DO OESTE;500769;SAO GABRIEL DO OESTE;1;1;2026-04-27 11:20:39;0073001;ENDOSCOPIA DIGESTIVA ALTA;;;0209010037;ESOFAGOGASTRODUODENOSCOPIA;JODI DE SOUZA DIAS;1986-06-07;MARIA DE LURDES QUADROS DE SOUZA;702509391569532;02245837193;MASCULINO;664084658;4;67;31;2010;1;K21;DOENCA DE REFLUXO GASTROESOFAGICO
2026-07-27 16:46:41;500769;SAO GABRIEL DO OESTE;6354265;CENTRAL DE REGULACAO DE SAO GABRIEL DO OESTE;500769;SAO GABRIEL DO OESTE;1;1;2026-04-27 11:18:09;0073001;ENDOSCOPIA DIGESTIVA ALTA;;;0209010037;ESOFAGOGASTRODUODENOSCOPIA;JOAO GRISOSTE BENITES TRINDADE;1976-08-15;VERISSIMA IZABEL BENITES TRINDADE;708501364560777;80928803104;MASCULINO;664083117;4;66;31;1980;1;K295;GASTRITE CRONICA, SEM OUTRA ESPECIFICACAO 
2026-07-27 16:46:41;500769;SAO GABRIEL DO OESTE;6354265;CENTRAL DE REGULACAO DE SAO GABRIEL DO OESTE;500769;SAO GABRIEL DO OESTE;1;1;2026-04-27 11:15:58;0073001;ENDOSCOPIA DIGESTIVA ALTA;;;0209010037;ESOFAGOGASTRODUODENOSCOPIA;JONATHAN DE ASSIS LEME;2001-01-24;LEILA APARECIDA SILVERIO DE ASSIS;700403437422449;06901032129;MASCULINO;664081740;4;65;31;1950;1;K21;DOENCA DE REFLUXO GASTROESOFAGICO
2026-07-27 16:46:41;500769;SAO GABRIEL DO OESTE;6354265;CENTRAL DE REGULACAO DE SAO GABRIEL DO OESTE;500769;SAO GABRIEL DO OESTE;1;1;2026-04-27 11:13:40;0073001;ENDOSCOPIA DIGESTIVA ALTA;;;0209010037;ESOFAGOGASTRODUODENOSCOPIA;JOAO BATISTA PEREIRA MATEUS;1965-08-29;EURIDES PEREIRA DE SOUZA;700506938957460;36517194134;MASCULINO;664080306;4;64;31;1920;1;K21;DOENCA DE REFLUXO GASTROESOFAGICO
2026-07-27 16:46:41;500769;SAO GABRIEL DO OESTE;6354265;CENTRAL DE REGULACAO DE SAO GABRIEL DO OESTE;500769;SAO GABRIEL DO OESTE;1;1;2026-04-27 11:11:31;0073001;ENDOSCOPIA DIGESTIVA ALTA;;;0209010037;ESOFAGOGASTRODUODENOSCOPIA;JULIANA GISELE INACIO DOS SANTOS;1994-04-12;IODA MARIA INACIO RODA;701209095633315;05813821104;FEMININO;664078963;4;63;31;1890;1;K297;GASTRITE NAO ESPECIFICADA 
2026-07-27 16:46:41;500769;SAO GABRIEL DO OESTE;6354265;CENTRAL DE REGULACAO DE SAO GABRIEL DO OESTE;500769;SAO GABRIEL DO OESTE;1;1;2026-04-27 11:08:02;0073001;ENDOSCOPIA DIGESTIVA ALTA;;;0209010037;ESOFAGOGASTRODUODENOSCOPIA;JONATHAN JOSE ZACARIA FERREIRA CARDOSO;1984-03-22;FATIMA FERREIRA CARDOSO;701108336295080;01495618145;MASCULINO;664076717;4;62;31;1860;1;K30;DISPEPSIA 
2026-07-27 16:46:41;500769;SAO GABRIEL DO OESTE;6354265;CENTRAL DE REGULACAO DE SAO GABRIEL DO OESTE;500769;SAO GABRIEL DO OESTE;1;1;2026-04-27 11:05:00;0073001;ENDOSCOPIA DIGESTIVA ALTA;;;0209010037;ESOFAGOGASTRODUODENOSCOPIA;IRENI RODRIGUES DE ARANTES;1946-08-22;ALEXANDRINA LUIZ ARANTES;707606234292794;46552413149;FEMININO;664074788;4;61;31;1830;1;K25;ULCERA GASTRICA
2026-07-27 16:46:41;500769;SAO GABRIEL DO OESTE;6354265;CENTRAL DE REGULACAO DE SAO GABRIEL DO OESTE;500769;SAO GABRIEL DO OESTE;1;1;2026-04-27 11:02:06;0073001;ENDOSCOPIA DIGESTIVA ALTA;;;0209010037;ESOFAGOGASTRODUODENOSCOPIA;IVONE BECKHAUSER DEVISE;1949-01-23;MARIA WARMLING BECKHAUSER;705001245915156;60979526191;FEMININO;664072933;4;60;31;1800;1;K21;DOENCA DE REFLUXO GASTROESOFAGICO
2026-07-27 16:46:41;500769;SAO GABRIEL DO OESTE;6354265;CENTRAL DE REGULACAO DE SAO GABRIEL DO OESTE;500769;SAO GABRIEL DO OESTE;1;1;2026-04-27 10:59:47;0073001;ENDOSCOPIA DIGESTIVA ALTA;;;0209010037;ESOFAGOGASTRODUODENOSCOPIA;IRENE CAMARGO FLORES;1946-03-30;MARINA DOS SANTOS CAMARGO;705007643784154;58322469187;FEMININO;664071388;4;59;31;1770;1;K297;GASTRITE NAO ESPECIFICADA 
2026-07-27 16:46:41;500769;SAO GABRIEL DO OESTE;6354265;CENTRAL DE REGULACAO DE SAO GABRIEL DO OESTE;500769;SAO GABRIEL DO OESTE;1;1;2026-04-27 10:57:09;0073001;ENDOSCOPIA DIGESTIVA ALTA;;;0209010037;ESOFAGOGASTRODUODENOSCOPIA;INACIO DIAS DA ROCHA;1936-07-31;LAUDELINA ROCHA;704200279763986;27320499134;MASCULINO;664069653;4;58;31;1740;1;K29;GASTRITE E DUODENITE
2026-07-27 16:46:41;500769;SAO GABRIEL DO OESTE;6354265;CENTRAL DE REGULACAO DE SAO GABRIEL DO OESTE;500769;SAO GABRIEL DO OESTE;1;1;2026-04-27 10:53:35;0073001;ENDOSCOPIA DIGESTIVA ALTA;;;0209010037;ESOFAGOGASTRODUODENOSCOPIA;ILDA DA SILVA;1960-02-18;BEATRIZ PEREIRA NUNES;702402041722123;29826128104;FEMININO;664067245;4;57;31;1710;1;R101;DOR LOCALIZADA NO ABDOME SUPERIOR 
2026-07-27 16:46:41;500769;SAO GABRIEL DO OESTE;6354265;CENTRAL DE REGULACAO DE SAO GABRIEL DO OESTE;500769;SAO GABRIEL DO OESTE;1;1;2026-04-27 10:48:52;0073001;ENDOSCOPIA DIGESTIVA ALTA;;;0209010037;ESOFAGOGASTRODUODENOSCOPIA;IVA WINTERSTEIN;1963-08-26;LUIZA WINTERSTEIN;708406201313563;46556915149;FEMININO;664064037;4;56;31;1680;1;K297;GASTRITE NAO ESPECIFICADA 
2026-07-27 16:46:41;500769;SAO GABRIEL DO OESTE;6354265;CENTRAL DE REGULACAO DE SAO GABRIEL DO OESTE;500769;SAO GABRIEL DO OESTE;1;1;2026-04-27 10:40:09;0073001;ENDOSCOPIA DIGESTIVA ALTA;;;0209010037;ESOFAGOGASTRODUODENOSCOPIA;HARLEY AVELAR DA COSTA;1981-04-10;LUCILA AVELAR DA COSTA;704506339296311;85016888191;MASCULINO;664058020;4;55;31;1650;1;K297;GASTRITE NAO ESPECIFICADA 
2026-07-27 16:46:41;500769;SAO GABRIEL DO OESTE;6354265;CENTRAL DE REGULACAO DE SAO GABRIEL DO OESTE;500769;SAO GABRIEL DO OESTE;1;1;2026-04-27 10:37:40;0073001;ENDOSCOPIA DIGESTIVA ALTA;;;0209010037;ESOFAGOGASTRODUODENOSCOPIA;HILDA MARIA SOUZA DA SILVA;1953-01-01;ERNESTINA SOUZA DOS SANTOS;707407079426675;27167151149;FEMININO;664056285;4;54;31;1620;1;R101;DOR LOCALIZADA NO ABDOME SUPERIOR 
2026-07-27 16:46:41;500769;SAO GABRIEL DO OESTE;6354265;CENTRAL DE REGULACAO DE SAO GABRIEL DO OESTE;500769;SAO GABRIEL DO OESTE;1;1;2026-04-27 10:35:33;0073001;ENDOSCOPIA DIGESTIVA ALTA;;;0209010037;ESOFAGOGASTRODUODENOSCOPIA;HERNANDES FERNANDES SIQUEIRA;1992-09-06;ELZA FERNANDES SIQUEIRA;700508969763252;03756821129;MASCULINO;664054964;4;53;31;1590;1;K21;DOENCA DE REFLUXO GASTROESOFAGICO
2026-07-27 16:46:41;500769;SAO GABRIEL DO OESTE;6354265;CENTRAL DE REGULACAO DE SAO GABRIEL DO OESTE;500769;SAO GABRIEL DO OESTE;1;1;2026-04-27 10:31:48;0073001;ENDOSCOPIA DIGESTIVA ALTA;;;0209010037;ESOFAGOGASTRODUODENOSCOPIA;GENI CAVALLI;1956-04-08;MARIA SELVINA RODRIGUES;705000494851959;01574429183;FEMININO;664052375;4;52;31;1560;1;K20;ESOFAGITE 
2026-07-27 16:46:41;500769;SAO GABRIEL DO OESTE;6354265;CENTRAL DE REGULACAO DE SAO GABRIEL DO OESTE;500769;SAO GABRIEL DO OESTE;1;1;2026-04-27 10:29:10;0073001;ENDOSCOPIA DIGESTIVA ALTA;;;0209010037;ESOFAGOGASTRODUODENOSCOPIA;GLAUCIANE COIMBRA BARREIROS;1985-03-07;OTILIA COIMBRA BARREIROS;706406694266286;01615906169;FEMININO;664050559;4;51;31;1530;1;K297;GASTRITE NAO ESPECIFICADA 
2026-07-27 16:46:41;500769;SAO GABRIEL DO OESTE;6354265;CENTRAL DE REGULACAO DE SAO GABRIEL DO OESTE;500769;SAO GABRIEL DO OESTE;1;1;2026-04-27 10:26:13;0073001;ENDOSCOPIA DIGESTIVA ALTA;;;0209010037;ESOFAGOGASTRODUODENOSCOPIA;FABIANO LOPES DO NASCIMENTO;2008-09-04;KELY REGINA LOPES DE JESUS;700006863380700;11347261125;MASCULINO;664048523;4;50;31;1500;1;K297;GASTRITE NAO ESPECIFICADA 
2026-07-27 16:46:41;500769;SAO GABRIEL DO OESTE;6354265;CENTRAL DE REGULACAO DE SAO GABRIEL DO OESTE;500769;SAO GABRIEL DO OESTE;1;1;2026-04-27 10:23:41;0073001;ENDOSCOPIA DIGESTIVA ALTA;;;0209010037;ESOFAGOGASTRODUODENOSCOPIA;FIDELCINA PERSI BRAGA;1953-12-10;SANTINA MILANIN PERSI;700507199072554;51125722134;FEMININO;664046761;4;49;31;1470;1;K20;ESOFAGITE 
2026-07-27 16:46:41;500769;SAO GABRIEL DO OESTE;6354265;CENTRAL DE REGULACAO DE SAO GABRIEL DO OESTE;500769;SAO GABRIEL DO OESTE;1;1;2026-04-27 10:19:35;0073001;ENDOSCOPIA DIGESTIVA ALTA;;;0209010037;ESOFAGOGASTRODUODENOSCOPIA;FLODOALDO PEREIRA DE SOUZA;1945-04-05;DIBERALINA FURTADO DE SOUZA;706003301682840;14657201115;MASCULINO;664043875;4;48;31;1440;1;Z12;EXAME ESPECIAL DE RASTREAMENTO ("SCREENING") DE NEOPLASIAS
2026-07-27 16:46:41;500769;SAO GABRIEL DO OESTE;6354265;CENTRAL DE REGULACAO DE SAO GABRIEL DO OESTE;500769;SAO GABRIEL DO OESTE;1;1;2026-04-27 10:17:17;0073001;ENDOSCOPIA DIGESTIVA ALTA;;;0209010037;ESOFAGOGASTRODUODENOSCOPIA;FATIMA DA SILVA;1964-07-07;FRANCISCA CANDIDA BELIZARINA;700709992028473;82036438172;FEMININO;664042252;4;47;31;1410;1;K21;DOENCA DE REFLUXO GASTROESOFAGICO
2026-07-27 16:46:41;500769;SAO GABRIEL DO OESTE;6354265;CENTRAL DE REGULACAO DE SAO GABRIEL DO OESTE;500769;SAO GABRIEL DO OESTE;1;1;2026-04-27 10:00:57;0073001;ENDOSCOPIA DIGESTIVA ALTA;;;0209010037;ESOFAGOGASTRODUODENOSCOPIA;FATIMA RODRIGUES MATHEUS;1967-01-31;MARIA JOSE RODRIGUES;708608092649582;44515588168;FEMININO;664030791;4;46;31;1380;1;K296;OUTRAS GASTRITES 
2026-07-27 16:46:41;500769;SAO GABRIEL DO OESTE;6354265;CENTRAL DE REGULACAO DE SAO GABRIEL DO OESTE;500769;SAO GABRIEL DO OESTE;1;1;2026-04-27 09:56:24;0073001;ENDOSCOPIA DIGESTIVA ALTA;;;0209010037;ESOFAGOGASTRODUODENOSCOPIA;EDILSON MOREIRA DA SILVA;1974-01-27;MARIA ALDENI MOREIRA DA SILVA;702102746831694;57268924100;MASCULINO;664027511;4;45;31;1350;1;R101;DOR LOCALIZADA NO ABDOME SUPERIOR 
2026-07-27 16:46:41;500769;SAO GABRIEL DO OESTE;6354265;CENTRAL DE REGULACAO DE SAO GABRIEL DO OESTE;500769;SAO GABRIEL DO OESTE;1;1;2026-04-27 09:47:27;0073001;ENDOSCOPIA DIGESTIVA ALTA;;;0209010037;ESOFAGOGASTRODUODENOSCOPIA;EURI SOUZA DA SILVA;1991-01-24;EULINA GOMES DA SILVA;700808968566884;03979445194;MASCULINO;664021352;4;44;31;1320;1;K30;DISPEPSIA 
2026-07-27 16:46:41;500769;SAO GABRIEL DO OESTE;6354265;CENTRAL DE REGULACAO DE SAO GABRIEL DO OESTE;500769;SAO GABRIEL DO OESTE;1;1;2026-04-27 09:38:56;0073001;ENDOSCOPIA DIGESTIVA ALTA;;;0209010037;ESOFAGOGASTRODUODENOSCOPIA;EDSON ANDRADE OLIVEIRA;1982-12-15;MARIA ANDRADE DE OLIVEIRA;702506394209038;04083552123;MASCULINO;664015582;4;43;31;1290;1;K297;GASTRITE NAO ESPECIFICADA 
2026-07-27 16:46:41;500769;SAO GABRIEL DO OESTE;6354265;CENTRAL DE REGULACAO DE SAO GABRIEL DO OESTE;500769;SAO GABRIEL DO OESTE;1;1;2026-04-27 09:35:30;0073001;ENDOSCOPIA DIGESTIVA ALTA;;;0209010037;ESOFAGOGASTRODUODENOSCOPIA;DINALVA SILVA PAIVA;1970-01-09;MARIA DALVA SILVA PAIVA;706804202292924;37891480249;FEMININO;664013421;4;42;31;1260;1;K297;GASTRITE NAO ESPECIFICADA 
2026-07-27 16:46:41;500769;SAO GABRIEL DO OESTE;6354265;CENTRAL DE REGULACAO DE SAO GABRIEL DO OESTE;500769;SAO GABRIEL DO OESTE;1;1;2026-04-27 09:32:04;0073001;ENDOSCOPIA DIGESTIVA ALTA;;;0209010037;ESOFAGOGASTRODUODENOSCOPIA;DOMICIO FERREIRA DA SILVA;1947-05-26;DORVALINA FURTUNATO DA SILVA;704309599864098;10480102104;MASCULINO;664011087;4;41;31;1230;1;K297;GASTRITE NAO ESPECIFICADA 
2026-07-27 16:46:41;500769;SAO GABRIEL DO OESTE;6354265;CENTRAL DE REGULACAO DE SAO GABRIEL DO OESTE;500769;SAO GABRIEL DO OESTE;1;1;2026-04-27 09:27:46;0073001;ENDOSCOPIA DIGESTIVA ALTA;;;0209010037;ESOFAGOGASTRODUODENOSCOPIA;DARIO DE ANDRADE FILHO;1951-10-15;JOANA MARIA DE ANDRADE;704509348233311;92104754100;MASCULINO;664008213;4;40;31;1200;1;R104;OUTRAS DORES ABDOMINAIS E AS NAO ESPECIFICADAS 
2026-07-27 16:46:41;500769;SAO GABRIEL DO OESTE;6354265;CENTRAL DE REGULACAO DE SAO GABRIEL DO OESTE;500769;SAO GABRIEL DO OESTE;1;1;2026-04-27 09:25:45;0073001;ENDOSCOPIA DIGESTIVA ALTA;;;0209010037;ESOFAGOGASTRODUODENOSCOPIA;DAIANA MONTESSI CANTERO;1984-09-18;ELENA MONTESSI CANTERO;706409678914484;02647854106;FEMININO;664006880;4;39;31;1170;1;K29;GASTRITE E DUODENITE
2026-07-27 16:46:41;500769;SAO GABRIEL DO OESTE;6354265;CENTRAL DE REGULACAO DE SAO GABRIEL DO OESTE;500769;SAO GABRIEL DO OESTE;1;1;2026-04-27 09:23:36;0073001;ENDOSCOPIA DIGESTIVA ALTA;;;0209010037;ESOFAGOGASTRODUODENOSCOPIA;DIEGO PAULO DE ALMEIDA;1987-11-11;DACINA DOS SANTOS;706000894947145;01645057178;MASCULINO;664005420;4;38;31;1140;1;K297;GASTRITE NAO ESPECIFICADA 
2026-07-27 16:46:41;500769;SAO GABRIEL DO OESTE;6354265;CENTRAL DE REGULACAO DE SAO GABRIEL DO OESTE;500769;SAO GABRIEL DO OESTE;1;1;2026-04-27 09:21:38;0073001;ENDOSCOPIA DIGESTIVA ALTA;;;0209010037;ESOFAGOGASTRODUODENOSCOPIA;DEOLINO DALLA ROSA;1961-06-23;ORFILIA BRUNETTO;702507311540832;63744333949;MASCULINO;664004112;4;37;31;1110;1;K297;GASTRITE NAO ESPECIFICADA 
2026-07-27 16:46:41;500769;SAO GABRIEL DO OESTE;6354265;CENTRAL DE REGULACAO DE SAO GABRIEL DO OESTE;500769;SAO GABRIEL DO OESTE;1;1;2026-04-27 09:16:32;0073001;ENDOSCOPIA DIGESTIVA ALTA;;;0209010037;ESOFAGOGASTRODUODENOSCOPIA;CICERA SALVINA ANHANI;1952-03-04;LAVINIA ANTONIO ANHANI;702905560777970;27347923115;FEMININO;664000679;4;36;31;1080;1;K297;GASTRITE NAO ESPECIFICADA 
2026-07-27 16:46:41;500769;SAO GABRIEL DO OESTE;6354265;CENTRAL DE REGULACAO DE SAO GABRIEL DO OESTE;500769;SAO GABRIEL DO OESTE;1;1;2026-04-27 09:14:17;0073001;ENDOSCOPIA DIGESTIVA ALTA;;;0209010037;ESOFAGOGASTRODUODENOSCOPIA;CLEUZA UMBELINA DA SILVA ARAUJO;1963-04-04;OLINDA UMBELINO DA SILVA;704502329014115;28869893120;FEMININO;663999151;4;35;31;1050;1;K297;GASTRITE NAO ESPECIFICADA 
2026-07-27 16:46:41;500769;SAO GABRIEL DO OESTE;2370999;UNIDADE DE SAUDE DA FAMILIA FENIX IV;500769;SAO GABRIEL DO OESTE;1;1;2026-05-06 09:23:59;0073001;ENDOSCOPIA DIGESTIVA ALTA;;;0209010037;ESOFAGOGASTRODUODENOSCOPIA;LAESSA APARECIDA AZAMBUJA CANHETE;1994-02-21;EDENILZA AZAMBUJA CANHETE;702407542794822;04707488188;FEMININO;665872778;4;160;31;4800;1;R12;PIROSE 
2026-07-27 16:46:41;500769;SAO GABRIEL DO OESTE;6354265;CENTRAL DE REGULACAO DE SAO GABRIEL DO OESTE;500769;SAO GABRIEL DO OESTE;1;1;2026-05-06 09:15:59;0073001;ENDOSCOPIA DIGESTIVA ALTA;;;0209010037;ESOFAGOGASTRODUODENOSCOPIA;MARIA APARECIDA GONCALVES DA SILVA AMARAL;1961-08-09;NUMERALDA GONCALVES DA SILVA;706000805591447;51129248100;FEMININO;665867829;4;159;31;4770;1;R10;DOR ABDOMINAL E PELVICA
2026-07-27 16:46:41;500769;SAO GABRIEL DO OESTE;6354265;CENTRAL DE REGULACAO DE SAO GABRIEL DO OESTE;500769;SAO GABRIEL DO OESTE;1;1;2026-05-06 09:08:07;0073001;ENDOSCOPIA DIGESTIVA ALTA;;;0209010037;ESOFAGOGASTRODUODENOSCOPIA;LAZARA PEREIRA GOES;1992-02-23;ELIZETE PEREIRA GOES;702808142860167;04977118189;FEMININO;665863122;4;158;31;4740;1;K297;GASTRITE NAO ESPECIFICADA 
2026-07-27 16:46:41;500769;SAO GABRIEL DO OESTE;6354265;CENTRAL DE REGULACAO DE SAO GABRIEL DO OESTE;500769;SAO GABRIEL DO OESTE;1;1;2026-05-06 09:01:12;0073001;ENDOSCOPIA DIGESTIVA ALTA;;;0209010037;ESOFAGOGASTRODUODENOSCOPIA;ANTONIO DE OLIVEIRA VIEIRA;1982-07-26;ELZA DE OLIVEIRA;704808098562948;95646108187;MASCULINO;665859151;4;157;31;4710;1;K21;DOENCA DE REFLUXO GASTROESOFAGICO
2026-07-27 16:46:41;500769;SAO GABRIEL DO OESTE;6354265;CENTRAL DE REGULACAO DE SAO GABRIEL DO OESTE;500769;SAO GABRIEL DO OESTE;1;1;2026-05-06 08:28:51;0073001;ENDOSCOPIA DIGESTIVA ALTA;;;0209010037;ESOFAGOGASTRODUODENOSCOPIA;VANESSA ZATTA;1980-08-07;MARIA IRACEMA ZATTA;700503181429759;03370427990;FEMININO;665841250;4;156;31;4680;1;K297;GASTRITE NAO ESPECIFICADA 
2026-07-27 16:46:41;500769;SAO GABRIEL DO OESTE;6354265;CENTRAL DE REGULACAO DE SAO GABRIEL DO OESTE;500769;SAO GABRIEL DO OESTE;1;1;2026-05-05 11:57:39;0073001;ENDOSCOPIA DIGESTIVA ALTA;;;0209010037;ESOFAGOGASTRODUODENOSCOPIA;MARIETA DAMM TONETTO;1948-07-14;LEONTINA LOPES DAMM;700006416852300;36737429149;FEMININO;665668583;4;155;31;4650;1;K22;OUTRAS DOENCAS DO ESOFAGO
2026-07-27 16:46:41;500769;SAO GABRIEL DO OESTE;6354265;CENTRAL DE REGULACAO DE SAO GABRIEL DO OESTE;500769;SAO GABRIEL DO OESTE;1;1;2026-05-05 11:50:30;0073001;ENDOSCOPIA DIGESTIVA ALTA;;;0209010037;ESOFAGOGASTRODUODENOSCOPIA;ELSA DINIZ PAZ;1948-02-05;PEDROLINA DINIZ;702609763092448;95668578100;FEMININO;665665373;4;154;31;4620;1;R101;DOR LOCALIZADA NO ABDOME SUPERIOR 
2026-07-27 16:46:41;500769;SAO GABRIEL DO OESTE;6354265;CENTRAL DE REGULACAO DE SAO GABRIEL DO OESTE;500769;SAO GABRIEL DO OESTE;1;1;2026-05-05 11:39:38;0073001;ENDOSCOPIA DIGESTIVA ALTA;;;0209010037;ESOFAGOGASTRODUODENOSCOPIA;MARIA TEREZINHA SOUSA DA SILVA;1980-11-03;FATIMA SOUSA DA SILVA;703201660569998;00411204181;FEMININO;665659870;4;153;31;4590;1;K29;GASTRITE E DUODENITE
2026-07-27 16:46:41;500769;SAO GABRIEL DO OESTE;6354265;CENTRAL DE REGULACAO DE SAO GABRIEL DO OESTE;500769;SAO GABRIEL DO OESTE;1;1;2026-05-05 11:33:20;0073001;ENDOSCOPIA DIGESTIVA ALTA;;;0209010037;ESOFAGOGASTRODUODENOSCOPIA;GENIR MEURER;1965-11-21;ITALVINA NERVIS MEURER;700804916342787;57370982904;MASCULINO;665656468;4;152;31;4560;1;R10;DOR ABDOMINAL E PELVICA
2026-07-27 16:46:41;500769;SAO GABRIEL DO OESTE;6354265;CENTRAL DE REGULACAO DE SAO GABRIEL DO OESTE;500769;SAO GABRIEL DO OESTE;1;1;2026-05-05 11:14:18;0073001;ENDOSCOPIA DIGESTIVA ALTA;;;0209010037;ESOFAGOGASTRODUODENOSCOPIA;MARIA SEBASTIANA DOS SANTOS;1940-11-24;VALDOMIRA DOS SANTOS;703103822607760;69077738991;FEMININO;665645236;4;151;31;4530;1;D500;ANEMIA POR DEFICIENCIA DE FERRO SECUNDARIA A PERDA DE SANGUE (CRONICA) 
2026-07-27 16:46:41;500769;SAO GABRIEL DO OESTE;6354265;CENTRAL DE REGULACAO DE SAO GABRIEL DO OESTE;500769;SAO GABRIEL DO OESTE;1;1;2026-05-05 11:00:46;0073001;ENDOSCOPIA DIGESTIVA ALTA;;;0209010037;ESOFAGOGASTRODUODENOSCOPIA;ORESTES DE JESUS;1938-11-15;OLINDA DE JESUS;705001401607557;29515220963;MASCULINO;665636816;4;150;31;4500;1;D649;ANEMIA NAO ESPECIFICADA 
2026-07-27 16:46:41;500769;SAO GABRIEL DO OESTE;6354265;CENTRAL DE REGULACAO DE SAO GABRIEL DO OESTE;500769;SAO GABRIEL DO OESTE;1;1;2026-05-05 10:56:44;0073001;ENDOSCOPIA DIGESTIVA ALTA;;;0209010037;ESOFAGOGASTRODUODENOSCOPIA;MARIA ONEIDE DOS SANTOS BRANDAO;1950-05-25;FRANCISCA CARLOS DOS SANTOS;704204704781882;34571264100;FEMININO;665634134;4;149;31;4470;1;D50;ANEMIA POR DEFICIENCIA DE FERRO
2026-07-27 16:46:41;500769;SAO GABRIEL DO OESTE;6354265;CENTRAL DE REGULACAO DE SAO GABRIEL DO OESTE;500769;SAO GABRIEL DO OESTE;1;1;2026-05-05 10:50:29;0073001;ENDOSCOPIA DIGESTIVA ALTA;;;0209010037;ESOFAGOGASTRODUODENOSCOPIA;ALTAIR BELCHIOR DA SILVA;1974-05-07;GUIOMAR BELCHIOR DA SILVA;700004314400905;63805421168;MASCULINO;665630003;4;148;31;4440;1;K297;GASTRITE NAO ESPECIFICADA 
2026-07-27 16:46:41;500769;SAO GABRIEL DO OESTE;6354265;CENTRAL DE REGULACAO DE SAO GABRIEL DO OESTE;500769;SAO GABRIEL DO OESTE;1;1;2026-05-05 10:45:40;0073001;ENDOSCOPIA DIGESTIVA ALTA;;;0209010037;ESOFAGOGASTRODUODENOSCOPIA;SOLANGE DOS SANTOS;1972-07-19;EVA PEDROSA DOS SANTOS;700101472241820;94036896172;FEMININO;665626655;4;147;31;4410;1;E11;DIABETES MELLITUS NAO-INSULINO-DEPENDENTE
2026-07-27 16:46:41;500769;SAO GABRIEL DO OESTE;6354265;CENTRAL DE REGULACAO DE SAO GABRIEL DO OESTE;500769;SAO GABRIEL DO OESTE;1;1;2026-05-05 10:19:29;0073001;ENDOSCOPIA DIGESTIVA ALTA;;;0209010037;ESOFAGOGASTRODUODENOSCOPIA;EPAMINONDAS GARCIA DE MENDONCA;1928-11-05;MARIANA LUCIANA DE MENDONCA;700408974132045;03078973115;MASCULINO;665608522;4;146;31;4380;1;K92;OUTRAS DOENCAS DO APARELHO DIGESTIVO
2026-07-27 16:46:41;500769;SAO GABRIEL DO OESTE;6354265;CENTRAL DE REGULACAO DE SAO GABRIEL DO OESTE;500769;SAO GABRIEL DO OESTE;1;1;2026-05-05 10:12:47;0073001;ENDOSCOPIA DIGESTIVA ALTA;;;0209010037;ESOFAGOGASTRODUODENOSCOPIA;MARIA SUELI BISPO DA SILVA;1967-04-02;MARIA ANACLETA DE SOUZA;703009864123873;46485880100;FEMININO;665603891;4;145;31;4350;1;A09;DIARREIA E GASTROENTERITE DE ORIGEM INFECCIOSA PRESUMIVEL 
2026-07-27 16:46:41;500769;SAO GABRIEL DO OESTE;6354265;CENTRAL DE REGULACAO DE SAO GABRIEL DO OESTE;500769;SAO GABRIEL DO OESTE;1;1;2026-05-05 10:06:37;0073001;ENDOSCOPIA DIGESTIVA ALTA;;;0209010037;ESOFAGOGASTRODUODENOSCOPIA;ROSANGELA MOREIRA DE SOUZA;1974-04-16;EMIDIA MOREIRA DE SOUZA;702605258992441;63786826153;FEMININO;665599621;4;144;31;4320;1;R194;ALTERACAO DO HABITO INTESTINAL 
2026-07-27 16:46:41;500769;SAO GABRIEL DO OESTE;6354265;CENTRAL DE REGULACAO DE SAO GABRIEL DO OESTE;500769;SAO GABRIEL DO OESTE;1;1;2026-05-05 09:56:01;0073001;ENDOSCOPIA DIGESTIVA ALTA;;;0209010037;ESOFAGOGASTRODUODENOSCOPIA;MARTA ANDRADE BARBOSA SERPA;1965-01-17;LIBERALINA ANDRADE BARBOSA;704806048758243;33772673104;FEMININO;665592317;4;143;31;4290;1;R101;DOR LOCALIZADA NO ABDOME SUPERIOR 
2026-07-27 16:46:41;500769;SAO GABRIEL DO OESTE;6354265;CENTRAL DE REGULACAO DE SAO GABRIEL DO OESTE;500769;SAO GABRIEL DO OESTE;1;1;2026-05-05 09:47:59;0073001;ENDOSCOPIA DIGESTIVA ALTA;;;0209010037;ESOFAGOGASTRODUODENOSCOPIA;MAURICIO FABIANO GONCALVES MARQUES;1994-11-03;MARINA GONCALVES;704805577220149;03668077142;MASCULINO;665586878;4;142;31;4260;1;K25;ULCERA GASTRICA
2026-07-27 16:46:41;500769;SAO GABRIEL DO OESTE;6354265;CENTRAL DE REGULACAO DE SAO GABRIEL DO OESTE;500769;SAO GABRIEL DO OESTE;1;1;2026-05-05 09:42:47;0073001;ENDOSCOPIA DIGESTIVA ALTA;;;0209010037;ESOFAGOGASTRODUODENOSCOPIA;ALICE RODRIGUES INACIO;1951-12-08;THEONILIA RODRIGUES DE ALMEIDA;705006645992950;32198221187;FEMININO;665583461;4;141;31;4230;1;D509;ANEMIA POR DEFICIENCIA DE FERRO NAO ESPECIFICADA 
2026-07-27 16:46:41;500769;SAO GABRIEL DO OESTE;6354265;CENTRAL DE REGULACAO DE SAO GABRIEL DO OESTE;500769;SAO GABRIEL DO OESTE;1;1;2026-05-05 09:32:49;0073001;ENDOSCOPIA DIGESTIVA ALTA;;;0209010037;ESOFAGOGASTRODUODENOSCOPIA;DENISE DOS SANTOS KELLER;1965-03-23;AURECI AUREA DOS SANTOS;700205938821323;54296668153;FEMININO;665576875;4;140;31;4200;1;K296;OUTRAS GASTRITES 
2026-07-27 16:46:41;500769;SAO GABRIEL DO OESTE;6354265;CENTRAL DE REGULACAO DE SAO GABRIEL DO OESTE;500769;SAO GABRIEL DO OESTE;1;1;2026-05-05 08:32:20;0073001;ENDOSCOPIA DIGESTIVA ALTA;;;0209010037;ESOFAGOGASTRODUODENOSCOPIA;SELMA CUSTODIO SANTANA DA SILVA;1974-04-01;ALDIVINA FRANCISCA APARECIDA;700508754413052;63923416172;FEMININO;665540356;4;139;31;4170;1;K297;GASTRITE NAO ESPECIFICADA 
2026-07-27 16:46:41;500769;SAO GABRIEL DO OESTE;2591359;UNIDADE DE SAUDE DA FAMILIA V;500769;SAO GABRIEL DO OESTE;1;1;2026-05-04 15:50:18;0073001;ENDOSCOPIA DIGESTIVA ALTA;;;0209010037;ESOFAGOGASTRODUODENOSCOPIA;ROZIMERI TEREZINHA DE CEZARO SIMONATO;1969-07-05;DIVA DOMENICA MENEGHINI DE CEZARO;700702979617979;02808445903;FEMININO;665461252;4;138;31;4140;1;K29;GASTRITE E DUODENITE
2026-07-27 16:46:41;500769;SAO GABRIEL DO OESTE;6354265;CENTRAL DE REGULACAO DE SAO GABRIEL DO OESTE;500769;SAO GABRIEL DO OESTE;1;1;2026-05-04 14:59:38;0073001;ENDOSCOPIA DIGESTIVA ALTA;;;0209010037;ESOFAGOGASTRODUODENOSCOPIA;ELZA FERREIRA DE OLIVEIRA;1975-01-08;VALDENIR FERREIRA DE OLIVEIRA;706002878056047;83785590172;FEMININO;665434473;4;137;31;4110;1;R101;DOR LOCALIZADA NO ABDOME SUPERIOR 
2026-07-27 16:46:41;500769;SAO GABRIEL DO OESTE;6354265;CENTRAL DE REGULACAO DE SAO GABRIEL DO OESTE;500769;SAO GABRIEL DO OESTE;1;1;2026-05-04 14:04:36;0073001;ENDOSCOPIA DIGESTIVA ALTA;;;0209010037;ESOFAGOGASTRODUODENOSCOPIA;DEVAIR RIBEIRO SEVERINO;1978-05-19;DIRCE RIBEIRO SEVERINO;701202033095011;87756161149;MASCULINO;665405120;4;136;31;4080;1;D649;ANEMIA NAO ESPECIFICADA 
2026-07-27 16:46:41;500769;SAO GABRIEL DO OESTE;6354265;CENTRAL DE REGULACAO DE SAO GABRIEL DO OESTE;500769;SAO GABRIEL DO OESTE;1;1;2026-04-29 10:26:50;0073001;ENDOSCOPIA DIGESTIVA ALTA;;;0209010037;ESOFAGOGASTRODUODENOSCOPIA;IVONE FRANCISCA DORADO;1969-06-05;VERONICA DOS SANTOS DORADO;700909961734692;00682141119;FEMININO;664684908;4;135;31;4050;1;H72;PERFURACAO DA MEMBRANA DO TIMPANO
2026-07-27 16:46:41;500769;SAO GABRIEL DO OESTE;3400964;UNIDADE DE SAUDE DA FAMILIA RURAL VII;500769;SAO GABRIEL DO OESTE;1;1;2026-04-29 10:15:02;0073001;ENDOSCOPIA DIGESTIVA ALTA;;;0209010037;ESOFAGOGASTRODUODENOSCOPIA;ANDREZA WILDNER GONCALVES;1993-02-13;VERA LUCIA WILDNER;708203675816646;71770261184;FEMININO;664676579;4;134;31;4020;1;K297;GASTRITE NAO ESPECIFICADA 
2026-07-27 16:46:41;500769;SAO GABRIEL DO OESTE;2370999;UNIDADE DE SAUDE DA FAMILIA FENIX IV;500769;SAO GABRIEL DO OESTE;1;1;2026-04-29 10:11:21;0073001;ENDOSCOPIA DIGESTIVA ALTA;;;0209010037;ESOFAGOGASTRODUODENOSCOPIA;CLAUDETE PALMEIRA;1979-07-14;VIDOLVINA TELES PALMEIRA;704704775426339;06720623990;FEMININO;664674079;4;133;31;3990;1;K29;GASTRITE E DUODENITE
2026-07-27 16:46:41;500769;SAO GABRIEL DO OESTE;6354265;CENTRAL DE REGULACAO DE SAO GABRIEL DO OESTE;500769;SAO GABRIEL DO OESTE;1;1;2026-04-29 09:34:33;0073001;ENDOSCOPIA DIGESTIVA ALTA;;;0209010037;ESOFAGOGASTRODUODENOSCOPIA;CLEBERSON RIBEIRO DA SILVA;1983-06-30;EXPEDITA PEREIRA;708204662171944;00269500146;MASCULINO;664649667;4;132;31;3960;1;R10;DOR ABDOMINAL E PELVICA
2026-07-27 16:46:41;500769;SAO GABRIEL DO OESTE;6354265;CENTRAL DE REGULACAO DE SAO GABRIEL DO OESTE;500769;SAO GABRIEL DO OESTE;1;1;2026-04-29 08:39:19;0073001;ENDOSCOPIA DIGESTIVA ALTA;;;0209010037;ESOFAGOGASTRODUODENOSCOPIA;WYLLAS DE SOUSA E SILVA;2003-09-07;FABIANA PAULA MARTINS DE SOUSA E SILVA;700503934037852;06241950312;MASCULINO;664616551;4;131;31;3930;1;Z10;EXAME GERAL DE ROTINA ("CHECK UP") DE UMA SUBPOPULACAO DEFINIDA
2026-07-27 16:46:41;500769;SAO GABRIEL DO OESTE;6354265;CENTRAL DE REGULACAO DE SAO GABRIEL DO OESTE;500769;SAO GABRIEL DO OESTE;1;1;2026-04-29 08:36:13;0073001;ENDOSCOPIA DIGESTIVA ALTA;;;0209010037;ESOFAGOGASTRODUODENOSCOPIA;VALDEANA FREITAS DA SILVA AFONSO;1983-09-21;MARIA LUCIMAR FREITAS DA SILVA;704606127490024;06026199632;FEMININO;664614942;4;130;31;3900;1;K297;GASTRITE NAO ESPECIFICADA 
2026-07-27 16:46:41;500769;SAO GABRIEL DO OESTE;6354265;CENTRAL DE REGULACAO DE SAO GABRIEL DO OESTE;500769;SAO GABRIEL DO OESTE;1;1;2026-04-29 08:33:23;0073001;ENDOSCOPIA DIGESTIVA ALTA;;;0209010037;ESOFAGOGASTRODUODENOSCOPIA;VANESIA FILADELFO DA SILVA LOSCHI;1978-11-30;SEBASTIANA FILADELFA DA SILVA;706008376078740;89417631187;FEMININO;664613503;4;129;31;3870;1;K30;DISPEPSIA 
2026-07-27 16:46:41;500769;SAO GABRIEL DO OESTE;6354265;CENTRAL DE REGULACAO DE SAO GABRIEL DO OESTE;500769;SAO GABRIEL DO OESTE;1;1;2026-04-29 08:29:44;0073001;ENDOSCOPIA DIGESTIVA ALTA;;;0209010037;ESOFAGOGASTRODUODENOSCOPIA;VANIA MORAES DA SILVA;1982-10-31;NELZITA MORAES DA SILVA;706401630920088;01800689110;FEMININO;664611652;4;128;31;3840;1;K21;DOENCA DE REFLUXO GASTROESOFAGICO
2026-07-27 16:46:41;500769;SAO GABRIEL DO OESTE;6354265;CENTRAL DE REGULACAO DE SAO GABRIEL DO OESTE;500769;SAO GABRIEL DO OESTE;1;1;2026-04-29 08:26:00;0073001;ENDOSCOPIA DIGESTIVA ALTA;;;0209010037;ESOFAGOGASTRODUODENOSCOPIA;VANDERLEI ROQUE DEVISE;1969-04-08;VANDA MATIEVICZ DEVISE;700009022418809;71027254934;MASCULINO;664609839;4;127;31;3810;1;B968;OUTROS AGENTES BACTERIANOS ESPECIFICADOS, COMO CAUSA DE DOENCAS CLASSIFICADAS EM OUTROS CAPITULOS 
2026-07-27 16:46:41;500769;SAO GABRIEL DO OESTE;6354265;CENTRAL DE REGULACAO DE SAO GABRIEL DO OESTE;500769;SAO GABRIEL DO OESTE;1;1;2026-04-29 08:23:48;0073001;ENDOSCOPIA DIGESTIVA ALTA;;;0209010037;ESOFAGOGASTRODUODENOSCOPIA;VANILDA DO BELEM DOS SANTOS MATIAS;1964-11-05;BRAULINA FAGUNDES DO NASCIMENTO;700806965638181;05529164986;FEMININO;664608780;4;126;31;3780;1;K21;DOENCA DE REFLUXO GASTROESOFAGICO
2026-07-27 16:46:41;500769;SAO GABRIEL DO OESTE;6354265;CENTRAL DE REGULACAO DE SAO GABRIEL DO OESTE;500769;SAO GABRIEL DO OESTE;1;1;2026-04-28 11:46:40;0073001;ENDOSCOPIA DIGESTIVA ALTA;;;0209010037;ESOFAGOGASTRODUODENOSCOPIA;TEREZINHA MENDES DOS SANTOS DE LIMA;1980-05-17;DORACI MENDES DOS SANTOS;704600612869824;87407469172;FEMININO;664422568;4;125;31;3750;1;K21;DOENCA DE REFLUXO GASTROESOFAGICO
2026-07-27 16:46:41;500769;SAO GABRIEL DO OESTE;6354265;CENTRAL DE REGULACAO DE SAO GABRIEL DO OESTE;500769;SAO GABRIEL DO OESTE;1;1;2026-04-28 11:41:52;0073001;ENDOSCOPIA DIGESTIVA ALTA;;;0209010037;ESOFAGOGASTRODUODENOSCOPIA;TEREZINHA RODRIGUES SILVA OLIVEIRA;1973-10-06;MARIA PEREIRA RODRIGUES DA SILVA;708404775043966;16360698862;FEMININO;664419981;4;124;31;3720;1;K297;GASTRITE NAO ESPECIFICADA 
2026-07-27 16:46:41;500769;SAO GABRIEL DO OESTE;6354265;CENTRAL DE REGULACAO DE SAO GABRIEL DO OESTE;500769;SAO GABRIEL DO OESTE;1;1;2026-04-28 11:39:44;0073001;ENDOSCOPIA DIGESTIVA ALTA;;;0209010037;ESOFAGOGASTRODUODENOSCOPIA;TEREZINHA VEGA DOS SANTOS;1972-02-11;HERTA VEGA;705604443234713;63930994100;FEMININO;664418765;4;123;31;3690;1;K29;GASTRITE E DUODENITE
2026-07-27 16:46:41;500769;SAO GABRIEL DO OESTE;6354265;CENTRAL DE REGULACAO DE SAO GABRIEL DO OESTE;500769;SAO GABRIEL DO OESTE;1;1;2026-04-28 11:35:40;0073001;ENDOSCOPIA DIGESTIVA ALTA;;;0209010037;ESOFAGOGASTRODUODENOSCOPIA;SAMARA SANTOS E SANTOS;1992-01-13;LUZIA VITOR DOS SANTOS;700402445286949;07251461501;FEMININO;664416394;4;122;31;3660;1;K29;GASTRITE E DUODENITE
2026-07-27 16:46:41;500769;SAO GABRIEL DO OESTE;6354265;CENTRAL DE REGULACAO DE SAO GABRIEL DO OESTE;500769;SAO GABRIEL DO OESTE;1;1;2026-04-28 11:33:35;0073001;ENDOSCOPIA DIGESTIVA ALTA;;;0209010037;ESOFAGOGASTRODUODENOSCOPIA;SEBASTIAO GOMES VILELA;1968-03-02;GENI PEREIRA VILELA;707004823341939;46601600172;MASCULINO;664415249;4;121;31;3630;1;K296;OUTRAS GASTRITES 
2026-07-27 16:46:41;500769;SAO GABRIEL DO OESTE;6354265;CENTRAL DE REGULACAO DE SAO GABRIEL DO OESTE;500769;SAO GABRIEL DO OESTE;1;1;2026-04-28 11:31:10;0073001;ENDOSCOPIA DIGESTIVA ALTA;;;0209010037;ESOFAGOGASTRODUODENOSCOPIA;SILENE FERREIRA DO CARMO;1975-04-26;VALDIRA FERREIRA DO CARMO;709607697971774;58323031134;FEMININO;664413845;4;120;31;3600;1;B96;OUTROS AGENTES BACTERIANOS, COMO CAUSA DE DOENCAS CLASSIFICADAS EM OUTROS CAPITULOS
2026-07-27 16:46:41;500769;SAO GABRIEL DO OESTE;6354265;CENTRAL DE REGULACAO DE SAO GABRIEL DO OESTE;500769;SAO GABRIEL DO OESTE;1;1;2026-04-28 11:28:41;0073001;ENDOSCOPIA DIGESTIVA ALTA;;;0209010037;ESOFAGOGASTRODUODENOSCOPIA;SALVADORA ARGUELHO FERRO;1958-03-22;SARTONINA GONCALVES;706901115310130;42133033149;FEMININO;664412364;4;119;31;3570;1;K297;GASTRITE NAO ESPECIFICADA 
2026-07-27 16:46:41;500769;SAO GABRIEL DO OESTE;6354265;CENTRAL DE REGULACAO DE SAO GABRIEL DO OESTE;500769;SAO GABRIEL DO OESTE;1;1;2026-04-28 11:24:12;0073001;ENDOSCOPIA DIGESTIVA ALTA;;;0209010037;ESOFAGOGASTRODUODENOSCOPIA;SIDILEI CORREA DOS ANJOS;1977-11-11;ZELI CORREA NETO;701106371993080;71839423170;MASCULINO;664409531;4;118;31;3540;1;K297;GASTRITE NAO ESPECIFICADA 
2026-07-27 16:46:41;500769;SAO GABRIEL DO OESTE;6354265;CENTRAL DE REGULACAO DE SAO GABRIEL DO OESTE;500769;SAO GABRIEL DO OESTE;1;1;2026-04-28 11:20:39;0073001;ENDOSCOPIA DIGESTIVA ALTA;;;0209010037;ESOFAGOGASTRODUODENOSCOPIA;SEBASTIAO PRATES PEREIRA;1948-10-24;ALMERINDA PRATES;704208280226082;42096235049;MASCULINO;664407372;4;117;31;3510;1;K29;GASTRITE E DUODENITE
2026-07-27 16:46:41;500769;SAO GABRIEL DO OESTE;6354265;CENTRAL DE REGULACAO DE SAO GABRIEL DO OESTE;500769;SAO GABRIEL DO OESTE;1;1;2026-04-28 11:15:09;0073001;ENDOSCOPIA DIGESTIVA ALTA;;;0209010037;ESOFAGOGASTRODUODENOSCOPIA;RAFAEL FREIRE DA SILVA;1996-11-05;MARIA ROSENAIDE FREIRE;709808082904195;06142436106;MASCULINO;664403910;4;116;31;3480;1;R101;DOR LOCALIZADA NO ABDOME SUPERIOR 
2026-07-27 16:46:41;500769;SAO GABRIEL DO OESTE;6354265;CENTRAL DE REGULACAO DE SAO GABRIEL DO OESTE;500769;SAO GABRIEL DO OESTE;1;1;2026-04-28 11:01:55;0073001;ENDOSCOPIA DIGESTIVA ALTA;;;0209010037;ESOFAGOGASTRODUODENOSCOPIA;ROBERTO DA SILVA VEIGA;1983-05-04;MARIA FELICIA DA SILVA VEIGA;700500164072950;00400790157;MASCULINO;664395306;4;115;31;3450;1;K29;GASTRITE E DUODENITE
2026-07-27 16:46:41;500769;SAO GABRIEL DO OESTE;2591359;UNIDADE DE SAUDE DA FAMILIA V;500769;SAO GABRIEL DO OESTE;1;1;2026-04-28 11:00:37;0073001;ENDOSCOPIA DIGESTIVA ALTA;;;0209010037;ESOFAGOGASTRODUODENOSCOPIA;RAISSA DAIANE DIAS BORDIGNON;1999-01-12;ROSA APARECIDA DIAS;705004666983959;06213075135;FEMININO;664394456;4;114;31;3420;1;K291;OUTRAS GASTRITES AGUDAS 
2026-07-27 16:46:41;500769;SAO GABRIEL DO OESTE;6354265;CENTRAL DE REGULACAO DE SAO GABRIEL DO OESTE;500769;SAO GABRIEL DO OESTE;1;1;2026-04-28 10:59:21;0073001;ENDOSCOPIA DIGESTIVA ALTA;;;0209010037;ESOFAGOGASTRODUODENOSCOPIA;ROSA EGILDA DA SILVA;1962-06-12;JULIA CELESTINO DA SILVA;706009884067744;44702205153;FEMININO;664393606;4;113;31;3390;1;R14;FLATULENCIA E AFECCOES CORRELATAS 
2026-07-27 16:46:41;500769;SAO GABRIEL DO OESTE;6354265;CENTRAL DE REGULACAO DE SAO GABRIEL DO OESTE;500769;SAO GABRIEL DO OESTE;1;1;2026-04-28 10:43:03;0073001;ENDOSCOPIA DIGESTIVA ALTA;;;0209010037;ESOFAGOGASTRODUODENOSCOPIA;REGINA CELIA SILVA ALENCAR;1972-12-19;MARIA DAS GRACAS SILVA DE ALENCAR;705402450303598;01002153190;FEMININO;664382829;4;112;31;3360;1;K297;GASTRITE NAO ESPECIFICADA 
2026-07-27 16:46:41;500769;SAO GABRIEL DO OESTE;6354265;CENTRAL DE REGULACAO DE SAO GABRIEL DO OESTE;500769;SAO GABRIEL DO OESTE;1;1;2026-04-28 10:28:15;0073001;ENDOSCOPIA DIGESTIVA ALTA;;;0209010037;ESOFAGOGASTRODUODENOSCOPIA;RENATA DA CONCEICAO FABIANO;1988-01-20;TEREZA MARIA DA CONCEICAO FABIANO;704805024306147;03510798155;FEMININO;664372640;4;111;31;3330;1;J450;ASMA PREDOMINANTEMENTE ALERGICA 
2026-07-27 16:46:41;500769;SAO GABRIEL DO OESTE;6354265;CENTRAL DE REGULACAO DE SAO GABRIEL DO OESTE;500769;SAO GABRIEL DO OESTE;1;1;2026-04-28 10:18:14;0073001;ENDOSCOPIA DIGESTIVA ALTA;;;0209010037;ESOFAGOGASTRODUODENOSCOPIA;PATRICIA APARECIDA DE PAULA;1969-08-01;CONCEICAO APARECIDA DE PAULA;700208426060229;55998879104;FEMININO;664365738;4;110;31;3300;1;K29;GASTRITE E DUODENITE
2026-07-27 16:46:41;500769;SAO GABRIEL DO OESTE;6354265;CENTRAL DE REGULACAO DE SAO GABRIEL DO OESTE;500769;SAO GABRIEL DO OESTE;1;1;2026-04-28 10:11:01;0073001;ENDOSCOPIA DIGESTIVA ALTA;;;0209010037;ESOFAGOGASTRODUODENOSCOPIA;PEDRO DE SOUZA NETO;1969-03-20;MARIA GENESIA CLAUDINO;704700715951735;56935455553;MASCULINO;664360651;4;109;31;3270;1;K299;GASTRODUODENITE, SEM OUTRA ESPECIFICACAO 
2026-07-27 16:46:41;500769;SAO GABRIEL DO OESTE;6354265;CENTRAL DE REGULACAO DE SAO GABRIEL DO OESTE;500769;SAO GABRIEL DO OESTE;1;1;2026-04-28 10:08:19;0073001;ENDOSCOPIA DIGESTIVA ALTA;;;0209010037;ESOFAGOGASTRODUODENOSCOPIA;PAULO SERGIO GOMES;1969-07-25;LEONICE RAMOS GOMES;702400523654828;73621110968;MASCULINO;664358788;4;108;31;3240;1;K299;GASTRODUODENITE, SEM OUTRA ESPECIFICACAO 
2026-07-27 16:46:41;500769;SAO GABRIEL DO OESTE;6354265;CENTRAL DE REGULACAO DE SAO GABRIEL DO OESTE;500769;SAO GABRIEL DO OESTE;1;1;2026-04-28 09:55:59;0073001;ENDOSCOPIA DIGESTIVA ALTA;;;0209010037;ESOFAGOGASTRODUODENOSCOPIA;OTILIA MARIA DAMIAN PESSATTO;1947-11-25;ZAIRA FICHT DAMIAN;706500354330798;07565666904;FEMININO;664350303;4;107;31;3210;1;R101;DOR LOCALIZADA NO ABDOME SUPERIOR 
2026-07-27 16:46:41;500769;SAO GABRIEL DO OESTE;6354265;CENTRAL DE REGULACAO DE SAO GABRIEL DO OESTE;500769;SAO GABRIEL DO OESTE;1;1;2026-04-28 09:53:09;0073001;ENDOSCOPIA DIGESTIVA ALTA;;;0209010037;ESOFAGOGASTRODUODENOSCOPIA;OVIEDO FEITOSA SANTOS;1974-09-17;MARIA DE LOURDES FEITOSA;703204606488198;71949801500;MASCULINO;664348253;4;106;31;3180;1;R101;DOR LOCALIZADA NO ABDOME SUPERIOR 
2026-07-27 16:46:41;500769;SAO GABRIEL DO OESTE;6354265;CENTRAL DE REGULACAO DE SAO GABRIEL DO OESTE;500769;SAO GABRIEL DO OESTE;1;1;2026-04-28 09:47:35;0073001;ENDOSCOPIA DIGESTIVA ALTA;;;0209010037;ESOFAGOGASTRODUODENOSCOPIA;NEIDE COSTA CAMPOS;1947-12-04;ERNESTINA SCHRODER CAMPOS;700008026605009;10762558172;FEMININO;664344280;4;105;31;3150;1;R101;DOR LOCALIZADA NO ABDOME SUPERIOR 
2026-07-27 16:46:41;500769;SAO GABRIEL DO OESTE;6354265;CENTRAL DE REGULACAO DE SAO GABRIEL DO OESTE;500769;SAO GABRIEL DO OESTE;1;1;2026-04-28 09:45:20;0073001;ENDOSCOPIA DIGESTIVA ALTA;;;0209010037;ESOFAGOGASTRODUODENOSCOPIA;NILTON PEREIRA FERREIRA;1966-07-29;AUZENIRA PEREIRA FERREIRA;700007478896000;50066331153;MASCULINO;664342657;4;104;31;3120;1;K29;GASTRITE E DUODENITE
2026-07-27 16:46:41;500769;SAO GABRIEL DO OESTE;6354265;CENTRAL DE REGULACAO DE SAO GABRIEL DO OESTE;500769;SAO GABRIEL DO OESTE;1;1;2026-04-28 09:33:34;0073001;ENDOSCOPIA DIGESTIVA ALTA;;;0209010037;ESOFAGOGASTRODUODENOSCOPIA;NILMO AMORIM DOS SANTOS;1982-11-28;DEVANIR AMORIM VARGAS DOS SANTOS;700402910282849;03859601156;MASCULINO;664334382;4;103;31;3090;1;B96;OUTROS AGENTES BACTERIANOS, COMO CAUSA DE DOENCAS CLASSIFICADAS EM OUTROS CAPITULOS
2026-07-27 16:46:41;500769;SAO GABRIEL DO OESTE;6354265;CENTRAL DE REGULACAO DE SAO GABRIEL DO OESTE;500769;SAO GABRIEL DO OESTE;1;1;2026-04-28 09:31:25;0073001;ENDOSCOPIA DIGESTIVA ALTA;;;0209010037;ESOFAGOGASTRODUODENOSCOPIA;NADIR MARIA PEZZINI;1943-05-23;JOANNA PEZZINI;700407942996744;00043275192;FEMININO;664332852;4;102;31;3060;1;K921;MELENA 
2026-07-27 16:46:41;500769;SAO GABRIEL DO OESTE;6354265;CENTRAL DE REGULACAO DE SAO GABRIEL DO OESTE;500769;SAO GABRIEL DO OESTE;1;1;2026-04-28 09:29:24;0073001;ENDOSCOPIA DIGESTIVA ALTA;;;0209010037;ESOFAGOGASTRODUODENOSCOPIA;NIVERSINA CHAVES PIRES;1967-07-22;CREUDES PIRES CHAVES;705205419155374;56185987104;FEMININO;664331361;4;101;31;3030;1;K21;DOENCA DE REFLUXO GASTROESOFAGICO
2026-07-27 16:46:41;500769;SAO GABRIEL DO OESTE;6354265;CENTRAL DE REGULACAO DE SAO GABRIEL DO OESTE;500769;SAO GABRIEL DO OESTE;1;1;2026-04-28 09:26:50;0073001;ENDOSCOPIA DIGESTIVA ALTA;;;0209010037;ESOFAGOGASTRODUODENOSCOPIA;NATALIE EDUARDA RITH DA COSTA;2003-08-21;ADRIANA RITH;700600968907163;07392995146;FEMININO;664329681;4;100;31;3000;1;R104;OUTRAS DORES ABDOMINAIS E AS NAO ESPECIFICADAS 
2026-07-27 16:46:41;500769;SAO GABRIEL DO OESTE;6354265;CENTRAL DE REGULACAO DE SAO GABRIEL DO OESTE;500769;SAO GABRIEL DO OESTE;1;1;2026-04-28 09:22:33;0073001;ENDOSCOPIA DIGESTIVA ALTA;;;0209010037;ESOFAGOGASTRODUODENOSCOPIA;MARIA APARECIDA DOS SANTOS;1974-12-31;ODETE VIEIRA DOS SANTOS;706708557191011;69737428153;FEMININO;664326818;4;99;31;2970;1;R071;DOR TORACICA AO RESPIRAR 
2026-07-27 16:46:41;500769;SAO GABRIEL DO OESTE;6354265;CENTRAL DE REGULACAO DE SAO GABRIEL DO OESTE;500769;SAO GABRIEL DO OESTE;1;1;2026-04-28 09:18:51;0073001;ENDOSCOPIA DIGESTIVA ALTA;;;0209010037;ESOFAGOGASTRODUODENOSCOPIA;MARIA GILDETE ALVES DE MACEDO SILVA;1982-06-19;CORINA ALVES DA LUZ;708402211943167;06785994403;FEMININO;664324226;4;98;31;2940;1;K319;DOENCAS DO ESTOMAGO E DO DUODENO, SEM OUTRA ESPECIFICACAO 
2026-07-27 16:46:41;500769;SAO GABRIEL DO OESTE;6354265;CENTRAL DE REGULACAO DE SAO GABRIEL DO OESTE;500769;SAO GABRIEL DO OESTE;1;1;2026-07-06 08:08:47;0073001;ENDOSCOPIA DIGESTIVA ALTA;;;0209010037;ESOFAGOGASTRODUODENOSCOPIA;SUELI APARECIDA CRUZ FERREIRA DE ALENCAR;1964-03-24;MARIA ADIR CRUZ FERREIRA;701007857115994;03661356194;FEMININO;677155905;4;223;31;6690;1;R12;PIROSE 
2026-07-27 16:46:41;500769;SAO GABRIEL DO OESTE;6354265;CENTRAL DE REGULACAO DE SAO GABRIEL DO OESTE;500769;SAO GABRIEL DO OESTE;1;1;2026-07-02 10:44:29;0073001;ENDOSCOPIA DIGESTIVA ALTA;;;0209010037;ESOFAGOGASTRODUODENOSCOPIA;ALICE DA SILVA TOMAZ;1967-05-17;ADENIR DECESAR DA SILVA;700802931834189;50167707191;FEMININO;676724438;4;222;31;6660;1;K291;OUTRAS GASTRITES AGUDAS 
2026-07-27 16:46:41;500769;SAO GABRIEL DO OESTE;2370999;UNIDADE DE SAUDE DA FAMILIA FENIX IV;500769;SAO GABRIEL DO OESTE;1;1;2026-07-02 09:36:14;0073001;ENDOSCOPIA DIGESTIVA ALTA;;;0209010037;ESOFAGOGASTRODUODENOSCOPIA;ELENILDE OLIVEIRA DOS SANTOS;1976-08-14;ANAZIDE DA CONCECAO OLIVEIRA DOS SANTOS;702403038869829;65255909572;FEMININO;676681102;4;221;31;6630;1;R12;PIROSE 
2026-07-27 16:46:41;500769;SAO GABRIEL DO OESTE;6354265;CENTRAL DE REGULACAO DE SAO GABRIEL DO OESTE;500769;SAO GABRIEL DO OESTE;1;1;2026-07-01 17:40:35;0073001;ENDOSCOPIA DIGESTIVA ALTA;;;0209010037;ESOFAGOGASTRODUODENOSCOPIA;ELIZANDRA MAZZETTI ANTONIO;1981-04-04;FRANCISCA MAZZETTI ANTONIO;704801045141445;94111995187;FEMININO;676606854;4;220;31;6600;1;E669;OBESIDADE NAO ESPECIFICADA 
2026-07-27 16:46:41;500769;SAO GABRIEL DO OESTE;6354265;CENTRAL DE REGULACAO DE SAO GABRIEL DO OESTE;500769;SAO GABRIEL DO OESTE;1;1;2026-07-01 17:21:11;0073001;ENDOSCOPIA DIGESTIVA ALTA;;;0209010037;ESOFAGOGASTRODUODENOSCOPIA;JOSEFINA RODRIGUES;1954-03-19;ANA APARECIDA RODRIGUES;709604636955571;31593950144;FEMININO;676603486;4;219;31;6570;1;K29;GASTRITE E DUODENITE
2026-07-27 16:46:41;500769;SAO GABRIEL DO OESTE;2370999;UNIDADE DE SAUDE DA FAMILIA FENIX IV;500769;SAO GABRIEL DO OESTE;1;1;2026-07-01 15:15:01;0073001;ENDOSCOPIA DIGESTIVA ALTA;;;0209010037;ESOFAGOGASTRODUODENOSCOPIA;MARIA DAS DORES BARBOSA SEVERINO;1964-10-11;MARIA FELICIANA DA CONCEICAO;700500738644455;00143091140;FEMININO;676555940;4;218;31;6540;1;K297;GASTRITE NAO ESPECIFICADA 
2026-07-27 16:46:41;500769;SAO GABRIEL DO OESTE;2370999;UNIDADE DE SAUDE DA FAMILIA FENIX IV;500769;SAO GABRIEL DO OESTE;1;1;2026-07-01 09:54:16;0073001;ENDOSCOPIA DIGESTIVA ALTA;;;0209010037;ESOFAGOGASTRODUODENOSCOPIA;ERICO MENEZES DE OLIVEIRA;1946-05-02;MARIA MENEZES DE OLIVEIRA;700606456047462;36736341191;MASCULINO;676404149;4;217;31;6510;1;K297;GASTRITE NAO ESPECIFICADA 
2026-07-27 16:46:41;500769;SAO GABRIEL DO OESTE;6354265;CENTRAL DE REGULACAO DE SAO GABRIEL DO OESTE;500769;SAO GABRIEL DO OESTE;1;1;2026-06-30 17:25:38;0073001;ENDOSCOPIA DIGESTIVA ALTA;;;0209010037;ESOFAGOGASTRODUODENOSCOPIA;ABADIA FLAVIA BARCELOS;1940-02-24;MARIA FLAVIA DE MORAIS;700002865471807;01160778167;FEMININO;676310634;4;216;31;6480;1;R13;DISFAGIA 
2026-07-27 16:46:41;500769;SAO GABRIEL DO OESTE;3400964;UNIDADE DE SAUDE DA FAMILIA RURAL VII;500769;SAO GABRIEL DO OESTE;1;1;2026-06-30 10:41:04;0073001;ENDOSCOPIA DIGESTIVA ALTA;;;0209010037;ESOFAGOGASTRODUODENOSCOPIA;JOSE LUCAS GONCALVES DA SILVA;1992-10-31;RAIMUNDA VITAL GONCALVES;706205511847765;71011524147;MASCULINO;676144778;4;215;31;6450;1;R101;DOR LOCALIZADA NO ABDOME SUPERIOR 
2026-07-27 16:46:41;500769;SAO GABRIEL DO OESTE;3400964;UNIDADE DE SAUDE DA FAMILIA RURAL VII;500769;SAO GABRIEL DO OESTE;1;1;2026-06-29 08:59:19;0073001;ENDOSCOPIA DIGESTIVA ALTA;;;0209010037;ESOFAGOGASTRODUODENOSCOPIA;VALDEVINO DIAS DA SILVA;1976-06-04;ROSA PINHEIRO DA SILVA;708102570255938;82906378100;MASCULINO;675924737;4;214;31;6420;1;R066;SOLUCO 
2026-07-27 16:46:41;500769;SAO GABRIEL DO OESTE;6354265;CENTRAL DE REGULACAO DE SAO GABRIEL DO OESTE;500769;SAO GABRIEL DO OESTE;1;1;2026-06-24 08:50:11;0073001;ENDOSCOPIA DIGESTIVA ALTA;;;0209010037;ESOFAGOGASTRODUODENOSCOPIA;ROYMARA DOS SANTOS OLIVEIRA ABREGO;1969-11-05;VALDINA DOS SANTOS OLIVEIRA;708004336491828;97353736100;FEMININO;675177619;4;213;31;6390;1;K297;GASTRITE NAO ESPECIFICADA 
2026-07-27 16:46:41;500769;SAO GABRIEL DO OESTE;6354265;CENTRAL DE REGULACAO DE SAO GABRIEL DO OESTE;500769;SAO GABRIEL DO OESTE;1;1;2026-06-23 11:22:29;0073001;ENDOSCOPIA DIGESTIVA ALTA;;;0209010037;ESOFAGOGASTRODUODENOSCOPIA;JUCILENE DA SILVA;1992-04-23;MARINA DOS SANTOS SILVA;704309503741097;04265117198;FEMININO;675012476;4;212;31;6360;1;K219;DOENCA DE REFLUXO GASTROESOFAGICO SEM ESOFAGITE 
2026-07-27 16:46:41;500769;SAO GABRIEL DO OESTE;3400964;UNIDADE DE SAUDE DA FAMILIA RURAL VII;500769;SAO GABRIEL DO OESTE;1;1;2026-06-22 16:11:05;0073001;ENDOSCOPIA DIGESTIVA ALTA;;;0209010037;ESOFAGOGASTRODUODENOSCOPIA;MAYCON DOUGLAS SOARES;1997-06-22;BERONICE SOARES DO NASCIMENTO;703207601238099;12713272440;MASCULINO;674862595;4;211;31;6330;1;K29;GASTRITE E DUODENITE
2026-07-27 16:46:41;500769;SAO GABRIEL DO OESTE;6354265;CENTRAL DE REGULACAO DE SAO GABRIEL DO OESTE;500769;SAO GABRIEL DO OESTE;1;1;2026-06-22 15:28:43;0073001;ENDOSCOPIA DIGESTIVA ALTA;;;0209010037;ESOFAGOGASTRODUODENOSCOPIA;VALDOMIRO DIAS DA ROCHA;1963-09-05;DORMANTINA PEREIRA DE ABREU;700707420718480;51120909104;MASCULINO;674844030;4;210;31;6300;1;K21;DOENCA DE REFLUXO GASTROESOFAGICO
2026-07-27 16:46:41;500769;SAO GABRIEL DO OESTE;6354265;CENTRAL DE REGULACAO DE SAO GABRIEL DO OESTE;500769;SAO GABRIEL DO OESTE;1;1;2026-06-19 14:57:38;0073001;ENDOSCOPIA DIGESTIVA ALTA;;;0209010037;ESOFAGOGASTRODUODENOSCOPIA;MARIA APARECIDA ANDRADE DA CUNHA DE MENEZES;1966-01-08;JORDINA ANDRADE DA CUNHA;704302539284692;82019630168;FEMININO;674558733;4;209;31;6270;1;Z12;EXAME ESPECIAL DE RASTREAMENTO ("SCREENING") DE NEOPLASIAS
2026-07-27 16:46:41;500769;SAO GABRIEL DO OESTE;6354265;CENTRAL DE REGULACAO DE SAO GABRIEL DO OESTE;500769;SAO GABRIEL DO OESTE;1;1;2026-06-18 16:12:54;0073001;ENDOSCOPIA DIGESTIVA ALTA;;;0209010037;ESOFAGOGASTRODUODENOSCOPIA;EDILEUZA GONZAGA DIAS;1975-12-25;ANTONIA FERREIRA E LIMA;702407081329923;91810442168;FEMININO;674349021;4;208;31;6240;1;K21;DOENCA DE REFLUXO GASTROESOFAGICO
2026-07-27 16:46:41;500769;SAO GABRIEL DO OESTE;6354265;CENTRAL DE REGULACAO DE SAO GABRIEL DO OESTE;500769;SAO GABRIEL DO OESTE;1;1;2026-06-17 17:22:07;0073001;ENDOSCOPIA DIGESTIVA ALTA;;;0209010037;ESOFAGOGASTRODUODENOSCOPIA;VALTER HENRIQUE DA SILVA BRANDAO;2000-02-18;ADRIANA FURTUOSA DA SILVA;702606755537646;05239851182;MASCULINO;674096389;4;207;31;6210;1;K219;DOENCA DE REFLUXO GASTROESOFAGICO SEM ESOFAGITE 
2026-07-27 16:46:41;500769;SAO GABRIEL DO OESTE;6354265;CENTRAL DE REGULACAO DE SAO GABRIEL DO OESTE;500769;SAO GABRIEL DO OESTE;1;1;2026-06-17 16:20:14;0073001;ENDOSCOPIA DIGESTIVA ALTA;;;0209010037;ESOFAGOGASTRODUODENOSCOPIA;ROSANE MARIA FRUET THOME LOBAS;1961-07-25;CECILIA MARIA FRUET THOME;705008890649858;00283279184;FEMININO;674082771;4;206;31;6180;1;K297;GASTRITE NAO ESPECIFICADA 
2026-07-27 16:46:41;500769;SAO GABRIEL DO OESTE;6354265;CENTRAL DE REGULACAO DE SAO GABRIEL DO OESTE;500769;SAO GABRIEL DO OESTE;1;1;2026-06-17 15:51:20;0073001;ENDOSCOPIA DIGESTIVA ALTA;;;0209010037;ESOFAGOGASTRODUODENOSCOPIA;PAULO RICARDO ALMEIDA NASCIMENTO;1987-05-05;ADELIA ANTONIA DE ALMEIDA NASCIMENTO;702308095146720;01701407175;MASCULINO;674073828;4;205;31;6150;1;K29;GASTRITE E DUODENITE
2026-07-27 16:46:41;500769;SAO GABRIEL DO OESTE;3400964;UNIDADE DE SAUDE DA FAMILIA RURAL VII;500769;SAO GABRIEL DO OESTE;1;1;2026-06-17 15:10:50;0073001;ENDOSCOPIA DIGESTIVA ALTA;;;0209010037;ESOFAGOGASTRODUODENOSCOPIA;GABRIEL DOS SANTOS DOMINGUES;1999-08-19;ANGELA RODRIGUES DOS SANTOS DE SOUZA;706507327989497;08254111146;MASCULINO;674059065;4;204;31;6120;1;R101;DOR LOCALIZADA NO ABDOME SUPERIOR 
2026-07-27 16:46:41;500769;SAO GABRIEL DO OESTE;6354265;CENTRAL DE REGULACAO DE SAO GABRIEL DO OESTE;500769;SAO GABRIEL DO OESTE;1;1;2026-06-17 14:22:01;0073001;ENDOSCOPIA DIGESTIVA ALTA;;;0209010037;ESOFAGOGASTRODUODENOSCOPIA;MARIA AUXILIADORA FERNANDES DE OLIVEIRA;1970-12-21;MARIA SALETE DE OLIVEIRA;704009342834067;66208092191;FEMININO;674036404;4;203;31;6090;1;K21;DOENCA DE REFLUXO GASTROESOFAGICO
2026-07-27 16:46:41;500769;SAO GABRIEL DO OESTE;6354265;CENTRAL DE REGULACAO DE SAO GABRIEL DO OESTE;500769;SAO GABRIEL DO OESTE;1;1;2026-06-17 14:10:48;0073001;ENDOSCOPIA DIGESTIVA ALTA;;;0209010037;ESOFAGOGASTRODUODENOSCOPIA;MARCOS ANTONIO DA CRUZ;1977-05-02;MAURA PEREIRA DA CRUZ;706405609754089;82561702120;MASCULINO;674031191;4;202;31;6060;1;K297;GASTRITE NAO ESPECIFICADA 
2026-07-27 16:46:41;500769;SAO GABRIEL DO OESTE;6354265;CENTRAL DE REGULACAO DE SAO GABRIEL DO OESTE;500769;SAO GABRIEL DO OESTE;1;1;2026-06-16 17:46:20;0073001;ENDOSCOPIA DIGESTIVA ALTA;;;0209010037;ESOFAGOGASTRODUODENOSCOPIA;ANA VILELA DOS SANTOS DA SILVA;1996-11-12;ROSALINA VILELA GOMES DOS SANTOS;704002384369463;04580283120;FEMININO;673833819;4;201;31;6030;1;K21;DOENCA DE REFLUXO GASTROESOFAGICO
2026-07-27 16:46:41;500769;SAO GABRIEL DO OESTE;6354265;CENTRAL DE REGULACAO DE SAO GABRIEL DO OESTE;500769;SAO GABRIEL DO OESTE;1;1;2026-06-16 16:57:17;0073001;ENDOSCOPIA DIGESTIVA ALTA;;;0209010037;ESOFAGOGASTRODUODENOSCOPIA;JULIO RENI DA SILVA;1964-10-27;EVA DA SILVA;704000877513861;43763529004;MASCULINO;673823852;4;200;31;6000;1;Z000;EXAME MEDICO GERAL 
2026-07-27 16:46:41;500769;SAO GABRIEL DO OESTE;6354265;CENTRAL DE REGULACAO DE SAO GABRIEL DO OESTE;500769;SAO GABRIEL DO OESTE;1;1;2026-06-16 16:13:00;0073001;ENDOSCOPIA DIGESTIVA ALTA;;;0209010037;ESOFAGOGASTRODUODENOSCOPIA;FRANCISCA MAZZETTI ANTONIO;1959-01-06;MARIA DUARTE;709808084361598;03454409195;FEMININO;673807445;4;199;31;5970;1;K297;GASTRITE NAO ESPECIFICADA 
2026-07-27 16:46:41;500769;SAO GABRIEL DO OESTE;6354265;CENTRAL DE REGULACAO DE SAO GABRIEL DO OESTE;500769;SAO GABRIEL DO OESTE;1;1;2026-06-16 16:07:57;0073001;ENDOSCOPIA DIGESTIVA ALTA;;;0209010037;ESOFAGOGASTRODUODENOSCOPIA;FERNANDES CARLOS DE LIMA;1960-01-25;JOSEFA DE OLIVEIRA LIMA;705006430775858;36736163153;MASCULINO;673805391;4;198;31;5940;1;K297;GASTRITE NAO ESPECIFICADA 
2026-07-27 16:46:41;500769;SAO GABRIEL DO OESTE;6354265;CENTRAL DE REGULACAO DE SAO GABRIEL DO OESTE;500769;SAO GABRIEL DO OESTE;1;1;2026-06-16 14:59:19;0073001;ENDOSCOPIA DIGESTIVA ALTA;;;0209010037;ESOFAGOGASTRODUODENOSCOPIA;CARLA ARAUJO SANTOS;1998-07-02;ROSA OLIVEIRA ARAUJO SANTOS;708706158808397;06662931128;FEMININO;673773058;4;197;31;5910;1;K29;GASTRITE E DUODENITE
2026-07-27 16:46:41;500769;SAO GABRIEL DO OESTE;2370980;UNIDADE DE SAUDE DA FAMILIA JARDIM GRAMADO I;500769;SAO GABRIEL DO OESTE;1;1;2026-06-16 09:07:47;0073001;ENDOSCOPIA DIGESTIVA ALTA;;;0209010037;ESOFAGOGASTRODUODENOSCOPIA;VALDELICE GORDIANO;1968-10-25;MARIA ALCANTARA DE OLIVEIRA GORDIANO;700005547416309;35255021172;FEMININO;673603643;4;196;31;5880;1;K297;GASTRITE NAO ESPECIFICADA 
2026-07-27 16:46:41;500769;SAO GABRIEL DO OESTE;6354265;CENTRAL DE REGULACAO DE SAO GABRIEL DO OESTE;500769;SAO GABRIEL DO OESTE;1;1;2026-06-12 16:10:25;0073001;ENDOSCOPIA DIGESTIVA ALTA;;;0209010037;ESOFAGOGASTRODUODENOSCOPIA;MARIA CARDOZO GONCALVES DA SILVA;1965-04-09;NAIR CARDOZO GONCALVES;702802657084161;91144760100;FEMININO;673218537;4;195;31;5850;1;R13;DISFAGIA 
2026-07-27 16:46:41;500769;SAO GABRIEL DO OESTE;2370972;UNIDADE DE SAUDE DA FAMILIA MILANE II;500769;SAO GABRIEL DO OESTE;1;1;2026-06-12 15:17:42;0073001;ENDOSCOPIA DIGESTIVA ALTA;;;0209010037;ESOFAGOGASTRODUODENOSCOPIA;GIOVANA CRISTINA DA SILVA NASCIMENTO;2006-09-06;ANGELICA CRISTINA DA SILVA;700003030751605;10957459130;FEMININO;673199614;4;194;31;5820;1;K297;GASTRITE NAO ESPECIFICADA 
2026-07-27 16:46:41;500769;SAO GABRIEL DO OESTE;6354265;CENTRAL DE REGULACAO DE SAO GABRIEL DO OESTE;500769;SAO GABRIEL DO OESTE;1;1;2026-06-12 14:27:59;0073001;ENDOSCOPIA DIGESTIVA ALTA;;;0209010037;ESOFAGOGASTRODUODENOSCOPIA;LILIAN PORTO SOARES DA SILVA;1970-04-23;ANALIS DOS SANTOS SOARES;705005615786456;03916862162;FEMININO;673180256;4;193;31;5790;1;K230;ESOFAGITE TUBERCULOSA (A18.8+) 
2026-07-27 16:46:41;500769;SAO GABRIEL DO OESTE;6354265;CENTRAL DE REGULACAO DE SAO GABRIEL DO OESTE;500769;SAO GABRIEL DO OESTE;1;1;2026-06-12 08:58:04;0073001;ENDOSCOPIA DIGESTIVA ALTA;;;0209010037;ESOFAGOGASTRODUODENOSCOPIA;SUZAN MARY GONCALVES DA SILVA;1988-07-02;MARIA CARDOZO GONCALVES DA SILVA;708603026113780;05860593180;FEMININO;673049889;4;192;31;5760;1;K21;DOENCA DE REFLUXO GASTROESOFAGICO
2026-07-27 16:46:41;500769;SAO GABRIEL DO OESTE;6354265;CENTRAL DE REGULACAO DE SAO GABRIEL DO OESTE;500769;SAO GABRIEL DO OESTE;1;1;2026-06-11 14:07:30;0073001;ENDOSCOPIA DIGESTIVA ALTA;;;0209010037;ESOFAGOGASTRODUODENOSCOPIA;MARIA ISABEL SCHEIFER;1994-07-19;IOLANDA CHERDOSKI SCHEIFER;700200411110023;04090451108;FEMININO;672923754;4;191;31;5730;1;Z000;EXAME MEDICO GERAL 
2026-07-27 16:46:41;500769;SAO GABRIEL DO OESTE;6354265;CENTRAL DE REGULACAO DE SAO GABRIEL DO OESTE;500769;SAO GABRIEL DO OESTE;1;1;2026-06-09 14:55:06;0073001;ENDOSCOPIA DIGESTIVA ALTA;;;0209010037;ESOFAGOGASTRODUODENOSCOPIA;ECLAIR SILVA LYNCH;1963-03-22;BENEDITA SILVA LYNCH;704702535644240;04529522806;FEMININO;672378391;4;190;31;5700;1;K29;GASTRITE E DUODENITE
2026-07-27 16:46:41;500769;SAO GABRIEL DO OESTE;7002084;UNIDADE DE SAUDE DA FAMILIA IX;500769;SAO GABRIEL DO OESTE;1;1;2026-06-09 14:53:55;0073001;ENDOSCOPIA DIGESTIVA ALTA;;;0209010037;ESOFAGOGASTRODUODENOSCOPIA;LISETE MARIA DE SOUZA;1960-06-21;MARIA FRANCISCA DE SOUZA;702902517099378;82017220191;FEMININO;672377720;4;189;31;5670;1;K297;GASTRITE NAO ESPECIFICADA 
2026-07-27 16:46:41;500769;SAO GABRIEL DO OESTE;3400964;UNIDADE DE SAUDE DA FAMILIA RURAL VII;500769;SAO GABRIEL DO OESTE;1;1;2026-06-09 10:31:21;0073001;ENDOSCOPIA DIGESTIVA ALTA;;;0209010037;ESOFAGOGASTRODUODENOSCOPIA;RUBSON EMANUEL SILVA;1991-08-16;MARIA VANDILMA BEZERRA DA SILVA;702109769528293;03948437114;MASCULINO;672260953;4;188;31;5640;1;K29;GASTRITE E DUODENITE
2026-07-27 16:46:41;500769;SAO GABRIEL DO OESTE;6354265;CENTRAL DE REGULACAO DE SAO GABRIEL DO OESTE;500769;SAO GABRIEL DO OESTE;1;1;2026-06-08 17:10:54;0073001;ENDOSCOPIA DIGESTIVA ALTA;;;0209010037;ESOFAGOGASTRODUODENOSCOPIA;JOSE CARLOS MARTINS DE ARAUJO;1965-01-29;IRACEMA RAMOS;708407219138969;42090849134;MASCULINO;672140923;4;187;31;5610;1;K295;GASTRITE CRONICA, SEM OUTRA ESPECIFICACAO 
2026-07-27 16:46:41;500769;SAO GABRIEL DO OESTE;2370972;UNIDADE DE SAUDE DA FAMILIA MILANE II;500769;SAO GABRIEL DO OESTE;1;1;2026-06-08 16:29:03;0073001;ENDOSCOPIA DIGESTIVA ALTA;;;0209010037;ESOFAGOGASTRODUODENOSCOPIA;ANA KELLY DE SOUSA SILVA IBIAPINA;1991-05-08;ANA KATIA DE SOUSA SILVA;706302796203574;60410681369;FEMININO;672127389;4;186;31;5580;1;D25;LEIOMIOMA DO UTERO
2026-07-27 16:46:41;500769;SAO GABRIEL DO OESTE;5971055;UNIDADE DE SAUDE DA FAMILIA VIII;500769;SAO GABRIEL DO OESTE;1;1;2026-06-08 15:40:45;0073001;ENDOSCOPIA DIGESTIVA ALTA;;;0209010037;ESOFAGOGASTRODUODENOSCOPIA;MARIA IVONE XAVIER DA SILVA;1952-06-12;HERONDINA ANGELINA DA SILVA;701401621304735;37642502087;FEMININO;672105021;4;185;31;5550;1;K297;GASTRITE NAO ESPECIFICADA 
2026-07-27 16:46:41;500769;SAO GABRIEL DO OESTE;7002084;UNIDADE DE SAUDE DA FAMILIA IX;500769;SAO GABRIEL DO OESTE;1;1;2026-06-08 10:43:30;0073001;ENDOSCOPIA DIGESTIVA ALTA;;;0209010037;ESOFAGOGASTRODUODENOSCOPIA;ELIANA GELIO BETIN;1982-02-13;APARECIDA ODETE GELIO BETIN;702802637998664;93538014191;FEMININO;671970264;4;184;31;5520;1;R101;DOR LOCALIZADA NO ABDOME SUPERIOR 
2026-07-27 16:46:41;500769;SAO GABRIEL DO OESTE;2370980;UNIDADE DE SAUDE DA FAMILIA JARDIM GRAMADO I;500769;SAO GABRIEL DO OESTE;1;1;2026-06-03 17:02:31;0073001;ENDOSCOPIA DIGESTIVA ALTA;;;0209010037;ESOFAGOGASTRODUODENOSCOPIA;FELIPE ZOPPI PEREIRA;1990-10-01;JACQUELINE ZOPPI PEREIRA;704800022343148;03838127129;MASCULINO;671710820;4;183;31;5490;1;K297;GASTRITE NAO ESPECIFICADA 
2026-07-27 16:46:41;500769;SAO GABRIEL DO OESTE;6354265;CENTRAL DE REGULACAO DE SAO GABRIEL DO OESTE;500769;SAO GABRIEL DO OESTE;1;1;2026-06-03 15:09:08;0073001;ENDOSCOPIA DIGESTIVA ALTA;;;0209010037;ESOFAGOGASTRODUODENOSCOPIA;ELIADE FERNANDES SOUZA SANTOS;1994-01-12;CREUZA LOPES DE SOUZA;705001896068052;01369616147;FEMININO;671665098;4;182;31;5460;1;K297;GASTRITE NAO ESPECIFICADA 
2026-07-27 16:46:41;500769;SAO GABRIEL DO OESTE;2370999;UNIDADE DE SAUDE DA FAMILIA FENIX IV;500769;SAO GABRIEL DO OESTE;1;1;2026-06-02 16:03:47;0073001;ENDOSCOPIA DIGESTIVA ALTA;;;0209010037;ESOFAGOGASTRODUODENOSCOPIA;AMELIA RODRIGUES DE SOUZA;1960-05-16;IZAURA SOUZA DOS SANTOS;704807523677142;81487991134;FEMININO;671405979;4;181;31;5430;1;K295;GASTRITE CRONICA, SEM OUTRA ESPECIFICACAO 
2026-07-27 16:46:41;500769;SAO GABRIEL DO OESTE;7333218;UNIDADE DE SAUDE DA FAMILIA X;500769;SAO GABRIEL DO OESTE;1;1;2026-06-01 15:15:43;0073001;ENDOSCOPIA DIGESTIVA ALTA;;;0209010037;ESOFAGOGASTRODUODENOSCOPIA;MARIA CLEUZA JUNQUEIRA DE SOUZA;1988-12-03;CREUZA SANTANA JUNQUEIRA DE SOUZA;702805131264662;02306396159;FEMININO;671076486;4;180;31;5400;1;R101;DOR LOCALIZADA NO ABDOME SUPERIOR 
2026-07-27 16:46:41;500769;SAO GABRIEL DO OESTE;6354265;CENTRAL DE REGULACAO DE SAO GABRIEL DO OESTE;500769;SAO GABRIEL DO OESTE;1;1;2026-06-01 14:47:36;0073001;ENDOSCOPIA DIGESTIVA ALTA;;;0209010037;ESOFAGOGASTRODUODENOSCOPIA;SUSANA ARALDI;1988-07-18;MARIA IARA ARALDI;703402227670717;05888015180;FEMININO;671060875;4;179;31;5370;1;K210;DOENCA DE REFLUXO GASTROESOFAGICO COM ESOFAGITE 
2026-07-27 16:46:41;500769;SAO GABRIEL DO OESTE;6354265;CENTRAL DE REGULACAO DE SAO GABRIEL DO OESTE;500769;SAO GABRIEL DO OESTE;1;1;2026-06-01 14:04:41;0073001;ENDOSCOPIA DIGESTIVA ALTA;;;0209010037;ESOFAGOGASTRODUODENOSCOPIA;CLAUDIONEI SORGATTO;1979-02-09;TEREZINHA LOURDES SORGATO;700503347031458;82938580100;MASCULINO;671038260;4;178;31;5340;1;K92;OUTRAS DOENCAS DO APARELHO DIGESTIVO
2026-07-27 16:46:41;500769;SAO GABRIEL DO OESTE;6354265;CENTRAL DE REGULACAO DE SAO GABRIEL DO OESTE;500769;SAO GABRIEL DO OESTE;1;1;2026-05-26 17:18:34;0073001;ENDOSCOPIA DIGESTIVA ALTA;;;0209010037;ESOFAGOGASTRODUODENOSCOPIA;MARIA SERITA DA SILVA;1954-11-18;LAURA PEREIRA DA SILVA;709606644352777;64383091920;FEMININO;669963879;4;177;31;5310;1;K297;GASTRITE NAO ESPECIFICADA 
2026-07-27 16:46:41;500769;SAO GABRIEL DO OESTE;3400964;UNIDADE DE SAUDE DA FAMILIA RURAL VII;500769;SAO GABRIEL DO OESTE;1;1;2026-05-26 15:50:14;0073001;ENDOSCOPIA DIGESTIVA ALTA;;;0209010037;ESOFAGOGASTRODUODENOSCOPIA;ILDA ALMEIDA DOS SANTOS;1960-09-10;VALDECI DOS SANTOS ALMEIDA;703001872854574;00707977142;FEMININO;669930846;4;176;31;5280;1;K297;GASTRITE NAO ESPECIFICADA 
2026-07-27 16:46:41;500769;SAO GABRIEL DO OESTE;6354265;CENTRAL DE REGULACAO DE SAO GABRIEL DO OESTE;500769;SAO GABRIEL DO OESTE;1;1;2026-05-25 16:21:55;0073001;ENDOSCOPIA DIGESTIVA ALTA;;;0209010037;ESOFAGOGASTRODUODENOSCOPIA;ROSILEI GIOMBELLI MESQUITA;1967-03-29;MARIA GEMA;703002849847770;42430860104;FEMININO;669645620;4;175;31;5250;1;R101;DOR LOCALIZADA NO ABDOME SUPERIOR 
2026-07-27 16:46:41;500769;SAO GABRIEL DO OESTE;6354265;CENTRAL DE REGULACAO DE SAO GABRIEL DO OESTE;500769;SAO GABRIEL DO OESTE;1;1;2026-05-22 18:00:11;0073001;ENDOSCOPIA DIGESTIVA ALTA;;;0209010037;ESOFAGOGASTRODUODENOSCOPIA;ISABELA DE MELO GONZAGA;2000-09-08;NAIZA MUNIZ DE MELO;705008850636755;07428341159;FEMININO;669348233;4;174;31;5220;1;K297;GASTRITE NAO ESPECIFICADA 
2026-07-27 16:46:41;500769;SAO GABRIEL DO OESTE;6354265;CENTRAL DE REGULACAO DE SAO GABRIEL DO OESTE;500769;SAO GABRIEL DO OESTE;1;1;2026-05-21 17:30:47;0073001;ENDOSCOPIA DIGESTIVA ALTA;;;0209010037;ESOFAGOGASTRODUODENOSCOPIA;ESTELINA APARECIDA CORDEIRO;1964-12-30;MARIA DE LOURDES CORDEIRO;705602433686911;40407586172;FEMININO;669106977;4;173;31;5190;1;K20;ESOFAGITE 
2026-07-27 16:46:41;500769;SAO GABRIEL DO OESTE;6354265;CENTRAL DE REGULACAO DE SAO GABRIEL DO OESTE;500769;SAO GABRIEL DO OESTE;1;1;2026-05-21 08:48:24;0073001;ENDOSCOPIA DIGESTIVA ALTA;;;0209010037;ESOFAGOGASTRODUODENOSCOPIA;ALFREDO INACIO DE SOUSA;1955-05-07;LAURA INACIA DE SOUSA;709607629637376;16503520182;MASCULINO;668882776;4;172;31;5160;1;K57;DOENCA DIVERTICULAR DO INTESTINO
2026-07-27 16:46:41;500769;SAO GABRIEL DO OESTE;2591359;UNIDADE DE SAUDE DA FAMILIA V;500769;SAO GABRIEL DO OESTE;1;1;2026-05-19 11:07:42;0073001;ENDOSCOPIA DIGESTIVA ALTA;;;0209010037;ESOFAGOGASTRODUODENOSCOPIA;GIZELDA CLAUDINO DOS SANTOS;1978-10-05;MARIA JOSE CLAUDINO DOS SANTOS;706804223495026;28063400801;FEMININO;668405955;4;171;31;5130;1;K29;GASTRITE E DUODENITE
2026-07-27 16:46:41;500769;SAO GABRIEL DO OESTE;3400964;UNIDADE DE SAUDE DA FAMILIA RURAL VII;500769;SAO GABRIEL DO OESTE;1;1;2026-05-19 09:59:01;0073001;ENDOSCOPIA DIGESTIVA ALTA;;;0209010037;ESOFAGOGASTRODUODENOSCOPIA;EVA VILMA DOS SANTOS;1985-11-11;GECEDIR TEIXEIRA DA ROSA;700603967587869;03477784103;FEMININO;668360188;4;170;31;5100;1;Z120;EXAME ESPECIAL DE RASTREAMENTO DE NEOPLASIA DO ESTOMAGO 
2026-07-27 16:46:41;500769;SAO GABRIEL DO OESTE;2591359;UNIDADE DE SAUDE DA FAMILIA V;500769;SAO GABRIEL DO OESTE;1;1;2026-05-15 08:45:36;0073001;ENDOSCOPIA DIGESTIVA ALTA;;;0209010037;ESOFAGOGASTRODUODENOSCOPIA;CLAUDIR EIBEL JUNIOR;1994-08-12;CRISTIANE MEIRE DA SILVA;702801135000860;03450347160;MASCULINO;667765230;4;169;31;5070;1;K291;OUTRAS GASTRITES AGUDAS 
2026-07-27 16:46:41;500769;SAO GABRIEL DO OESTE;5971055;UNIDADE DE SAUDE DA FAMILIA VIII;500769;SAO GABRIEL DO OESTE;1;1;2026-05-14 11:19:43;0073001;ENDOSCOPIA DIGESTIVA ALTA;;;0209010037;ESOFAGOGASTRODUODENOSCOPIA;CREUZA ROSA BILAIA DA SILVA;1958-01-04;MARIA ROSA DE ASSIS;708708156323398;02187023109;FEMININO;667591594;4;168;31;5040;1;R13;DISFAGIA 
2026-07-27 16:46:41;500769;SAO GABRIEL DO OESTE;8176132;CASA ROSA;500769;SAO GABRIEL DO OESTE;1;1;2026-05-14 10:23:39;0073001;ENDOSCOPIA DIGESTIVA ALTA;;;0209010037;ESOFAGOGASTRODUODENOSCOPIA;RENATA MOREIRA DE OLIVEIRA;1987-07-23;CLEUDETE MOREIRA DOURADO DE OLIVEIRA;700007193662508;03164019190;FEMININO;667559573;4;167;31;5010;1;Z00;EXAME GERAL E INVESTIGACAO DE PESSOAS SEM QUEIXAS OU DIAGNOSTICO RELATADO
2026-07-27 16:46:41;500769;SAO GABRIEL DO OESTE;2370980;UNIDADE DE SAUDE DA FAMILIA JARDIM GRAMADO I;500769;SAO GABRIEL DO OESTE;1;1;2026-05-14 09:59:01;0073001;ENDOSCOPIA DIGESTIVA ALTA;;;0209010037;ESOFAGOGASTRODUODENOSCOPIA;MARIA CRISTIANE LIMA DE SOUSA;1983-05-21;MARIA DE PAULA LIMA DE SOUSA;704806546324741;00007402333;FEMININO;667544531;4;166;31;4980;1;K297;GASTRITE NAO ESPECIFICADA 
2026-07-27 16:46:41;500769;SAO GABRIEL DO OESTE;2370980;UNIDADE DE SAUDE DA FAMILIA JARDIM GRAMADO I;500769;SAO GABRIEL DO OESTE;1;1;2026-05-13 09:02:57;0073001;ENDOSCOPIA DIGESTIVA ALTA;;;0209010037;ESOFAGOGASTRODUODENOSCOPIA;TEREZA IZABEL DE OLIVEIRA;1971-10-23;MATILDE MARIA DE OLIVEIRA;701005847343291;99735032104;FEMININO;667240338;4;165;31;4950;1;K297;GASTRITE NAO ESPECIFICADA 
2026-07-27 16:46:41;500769;SAO GABRIEL DO OESTE;6354265;CENTRAL DE REGULACAO DE SAO GABRIEL DO OESTE;500769;SAO GABRIEL DO OESTE;1;1;2026-05-08 17:50:28;0073001;ENDOSCOPIA DIGESTIVA ALTA;;;0209010037;ESOFAGOGASTRODUODENOSCOPIA;JACKSON CLAUDY;1972-12-07;MARIA ANA CLANDY;707807630580813;58322485115;MASCULINO;666602573;4;164;31;4920;1;K20;ESOFAGITE 
2026-07-27 16:46:41;500769;SAO GABRIEL DO OESTE;6354265;CENTRAL DE REGULACAO DE SAO GABRIEL DO OESTE;500769;SAO GABRIEL DO OESTE;1;1;2026-05-07 14:54:13;0073001;ENDOSCOPIA DIGESTIVA ALTA;;;0209010037;ESOFAGOGASTRODUODENOSCOPIA;SUSANA FERNANDES SIQUEIRA;1985-09-02;ELZA FERNANDES SIQUEIRA;701201036711316;00951733907;FEMININO;666305221;4;163;31;4890;1;R101;DOR LOCALIZADA NO ABDOME SUPERIOR 
2026-07-27 16:46:41;500769;SAO GABRIEL DO OESTE;2370999;UNIDADE DE SAUDE DA FAMILIA FENIX IV;500769;SAO GABRIEL DO OESTE;1;1;2026-05-06 14:53:44;0073001;ENDOSCOPIA DIGESTIVA ALTA;;;0209010037;ESOFAGOGASTRODUODENOSCOPIA;NAYARA NUNES DA SILVA;1996-01-02;MARLENE NUNES DOS SANTOS;704006882239565;75773872153;FEMININO;666028334;4;162;31;4860;1;K297;GASTRITE NAO ESPECIFICADA 
2026-07-27 16:46:41;500769;SAO GABRIEL DO OESTE;2370999;UNIDADE DE SAUDE DA FAMILIA FENIX IV;500769;SAO GABRIEL DO OESTE;1;1;2026-05-06 09:54:06;0073001;ENDOSCOPIA DIGESTIVA ALTA;;;0209010037;ESOFAGOGASTRODUODENOSCOPIA;FRANCISCA SALETE DA SILVA;1972-12-25;SEVERINA MARIA DA SILVA;700405432287049;90046706372;FEMININO;665891990;4;161;31;4830;1;R12;PIROSE 
2026-07-27 16:46:41;500769;SAO GABRIEL DO OESTE;6354265;CENTRAL DE REGULACAO DE SAO GABRIEL DO OESTE;500769;SAO GABRIEL DO OESTE;1;1;2026-07-27 15:27:03;0073001;ENDOSCOPIA DIGESTIVA ALTA;;;0209010037;ESOFAGOGASTRODUODENOSCOPIA;ZILMAR HENRIQUE;1967-04-02;NILZA CARARA HENRIQUE;705001027518651;61343897904;MASCULINO;681373672;4;253;31;7590;1;K29;GASTRITE E DUODENITE
2026-07-27 16:46:41;500769;SAO GABRIEL DO OESTE;6354265;CENTRAL DE REGULACAO DE SAO GABRIEL DO OESTE;500769;SAO GABRIEL DO OESTE;1;1;2026-07-27 15:02:12;0073001;ENDOSCOPIA DIGESTIVA ALTA;;;0209010037;ESOFAGOGASTRODUODENOSCOPIA;CLEUZA APARECIDA MONTEIRO ANGELO;1952-07-30;LUIZA CASTECHIM GOMES;702609222530247;45686599149;FEMININO;681361857;4;252;31;7560;1;K297;GASTRITE NAO ESPECIFICADA 
2026-07-27 16:46:41;500769;SAO GABRIEL DO OESTE;6354265;CENTRAL DE REGULACAO DE SAO GABRIEL DO OESTE;500769;SAO GABRIEL DO OESTE;1;1;2026-07-24 17:21:19;0073001;ENDOSCOPIA DIGESTIVA ALTA;;;0209010037;ESOFAGOGASTRODUODENOSCOPIA;MILTON BRAGA LANDRO;1938-11-20;ERCILIA BRAGA LANDRO;707607202440594;09937188172;MASCULINO;681119410;4;251;31;7530;1;R13;DISFAGIA 
2026-07-27 16:46:41;500769;SAO GABRIEL DO OESTE;6354265;CENTRAL DE REGULACAO DE SAO GABRIEL DO OESTE;500769;SAO GABRIEL DO OESTE;1;1;2026-07-24 16:35:35;0073001;ENDOSCOPIA DIGESTIVA ALTA;;;0209010037;ESOFAGOGASTRODUODENOSCOPIA;ROSA MARIA LOPES;1980-01-06;MARIA DE JESUS;706207095420868;72669470149;FEMININO;681110945;4;250;31;7500;1;K21;DOENCA DE REFLUXO GASTROESOFAGICO
2026-07-27 16:46:41;500769;SAO GABRIEL DO OESTE;6354265;CENTRAL DE REGULACAO DE SAO GABRIEL DO OESTE;500769;SAO GABRIEL DO OESTE;1;1;2026-07-24 16:22:39;0073001;ENDOSCOPIA DIGESTIVA ALTA;;;0209010037;ESOFAGOGASTRODUODENOSCOPIA;MARIA APARECIDA DOS ANJOS;1964-10-06;MARIA CECILIA DOS ANJOS;705109344525840;00369673190;FEMININO;681107676;4;249;31;7470;1;K23;TRANSTORNOS DO ESOFAGO EM DOENCAS CLASSIFICADAS EM OUTRA PARTE
2026-07-27 16:46:41;500769;SAO GABRIEL DO OESTE;7333218;UNIDADE DE SAUDE DA FAMILIA X;500769;SAO GABRIEL DO OESTE;1;1;2026-07-24 09:04:17;0073001;ENDOSCOPIA DIGESTIVA ALTA;;;0209010037;ESOFAGOGASTRODUODENOSCOPIA;GEISE MICHELE DOS SANTOS PIERGENTILE;1982-02-16;MARILDA RODRIGUES DOS SANTOS;706003826973341;00729161927;FEMININO;680944993;4;248;31;7440;1;R101;DOR LOCALIZADA NO ABDOME SUPERIOR 
2026-07-27 16:46:41;500769;SAO GABRIEL DO OESTE;2370972;UNIDADE DE SAUDE DA FAMILIA MILANE II;500769;SAO GABRIEL DO OESTE;1;1;2026-07-24 08:31:31;0073001;ENDOSCOPIA DIGESTIVA ALTA;;;0209010037;ESOFAGOGASTRODUODENOSCOPIA;VALDECI RAMOS DE AMORIM;1973-01-12;SEBASTIANA RAMOS DO PRADO;707402022741674;98384830100;MASCULINO;680931027;4;247;31;7410;1;K297;GASTRITE NAO ESPECIFICADA 
2026-07-27 16:46:41;500769;SAO GABRIEL DO OESTE;6354265;CENTRAL DE REGULACAO DE SAO GABRIEL DO OESTE;500769;SAO GABRIEL DO OESTE;1;1;2026-07-22 11:21:36;0073001;ENDOSCOPIA DIGESTIVA ALTA;;;0209010037;ESOFAGOGASTRODUODENOSCOPIA;JOSE AUGUSTO GONZAGA GONCALVES;1988-09-09;LUZIA GONZAGA GONCALVES;705004619767250;03622044110;MASCULINO;680507481;4;246;31;7380;1;K27;ULCERA PEPTICA DE LOCALIZACAO NAO ESPECIFICADA
2026-07-27 16:46:41;500769;SAO GABRIEL DO OESTE;7333218;UNIDADE DE SAUDE DA FAMILIA X;500769;SAO GABRIEL DO OESTE;1;1;2026-07-22 10:27:38;0073001;ENDOSCOPIA DIGESTIVA ALTA;;;0209010037;ESOFAGOGASTRODUODENOSCOPIA;CLAUDETE MARIA SOCCOL;1962-09-10;SEVERINA GIACHINI SOCCOL;706309705908371;63695570997;FEMININO;680475341;4;245;31;7350;1;K296;OUTRAS GASTRITES 
2026-07-27 16:46:41;500769;SAO GABRIEL DO OESTE;2370972;UNIDADE DE SAUDE DA FAMILIA MILANE II;500769;SAO GABRIEL DO OESTE;1;1;2026-07-21 16:00:10;0073001;ENDOSCOPIA DIGESTIVA ALTA;;;0209010037;ESOFAGOGASTRODUODENOSCOPIA;ROSINEIDE PEREIRA MARTINS DE ALMEIDA;1983-06-25;MARIA LUIZA PEREIRA MARTINS;709609684997275;94036438115;FEMININO;680342989;4;244;31;7320;1;Z120;EXAME ESPECIAL DE RASTREAMENTO DE NEOPLASIA DO ESTOMAGO 
2026-07-27 16:46:41;500769;SAO GABRIEL DO OESTE;6354265;CENTRAL DE REGULACAO DE SAO GABRIEL DO OESTE;500769;SAO GABRIEL DO OESTE;1;1;2026-07-17 17:21:20;0073001;ENDOSCOPIA DIGESTIVA ALTA;;;0209010037;ESOFAGOGASTRODUODENOSCOPIA;MARIZETE BUENO IAGUCHESKI;1972-08-23;MARINA BUENO IAGUCHESKI;708509318136876;03812038919;FEMININO;679789129;4;243;31;7290;1;K29;GASTRITE E DUODENITE
2026-07-27 16:46:41;500769;SAO GABRIEL DO OESTE;2370980;UNIDADE DE SAUDE DA FAMILIA JARDIM GRAMADO I;500769;SAO GABRIEL DO OESTE;1;1;2026-07-17 16:20:38;0073001;ENDOSCOPIA DIGESTIVA ALTA;;;0209010037;ESOFAGOGASTRODUODENOSCOPIA;TALITA OLIVEIRA SILVA;1997-09-19;JACIRA DE OLIVEIRA SILVA;700700998720974;06358413554;FEMININO;679777234;4;242;31;7260;1;K297;GASTRITE NAO ESPECIFICADA 
2026-07-27 16:46:41;500769;SAO GABRIEL DO OESTE;2370972;UNIDADE DE SAUDE DA FAMILIA MILANE II;500769;SAO GABRIEL DO OESTE;1;1;2026-07-17 09:47:02;0073001;ENDOSCOPIA DIGESTIVA ALTA;;;0209010037;ESOFAGOGASTRODUODENOSCOPIA;ANTONIO CARLOS CUSTODIO BENTO;1967-07-05;MARINA CUSTODIO BENTO;700800976603389;33639175204;MASCULINO;679635462;4;241;31;7230;1;K29;GASTRITE E DUODENITE
2026-07-27 16:46:41;500769;SAO GABRIEL DO OESTE;7333218;UNIDADE DE SAUDE DA FAMILIA X;500769;SAO GABRIEL DO OESTE;1;1;2026-07-16 15:25:22;0073001;ENDOSCOPIA DIGESTIVA ALTA;;;0209010037;ESOFAGOGASTRODUODENOSCOPIA;VANUSE FERREIRA DA SILVA;1982-09-07;MARIA JOSE FERREIRA ALVES;700103808918490;00474243117;FEMININO;679529654;4;240;31;7200;1;R101;DOR LOCALIZADA NO ABDOME SUPERIOR 
2026-07-27 16:46:41;500769;SAO GABRIEL DO OESTE;6452116;CENTRO DE ESPECIALIDADES MEDICAS;500769;SAO GABRIEL DO OESTE;1;1;2026-07-16 10:10:49;0073001;ENDOSCOPIA DIGESTIVA ALTA;;;0209010037;ESOFAGOGASTRODUODENOSCOPIA;LEVI PIRES DE SOUZA;1968-10-21;ROSA ALMEIDA DE SOUZA;708400704408666;45894507120;MASCULINO;679404965;4;239;31;7170;1;K295;GASTRITE CRONICA, SEM OUTRA ESPECIFICACAO 
2026-07-27 16:46:41;500769;SAO GABRIEL DO OESTE;5971055;UNIDADE DE SAUDE DA FAMILIA VIII;500769;SAO GABRIEL DO OESTE;1;1;2026-07-15 09:38:48;0073001;ENDOSCOPIA DIGESTIVA ALTA;;;0209010037;ESOFAGOGASTRODUODENOSCOPIA;DEBORA CRISTINA FERREIRA DE SOUZA;1982-05-15;MARIA LEONOR SANTOS DE SOUZA;702001399834984;00096869160;FEMININO;679118938;4;238;31;7140;1;K21;DOENCA DE REFLUXO GASTROESOFAGICO
2026-07-27 16:46:41;500769;SAO GABRIEL DO OESTE;6354265;CENTRAL DE REGULACAO DE SAO GABRIEL DO OESTE;500769;SAO GABRIEL DO OESTE;1;1;2026-07-13 16:11:34;0073001;ENDOSCOPIA DIGESTIVA ALTA;;;0209010037;ESOFAGOGASTRODUODENOSCOPIA;VANUSA OLIVEIRA VALDEZ;1980-08-17;ELIZA FLORES;706403672568880;02332081194;FEMININO;678738779;4;237;31;7110;1;R102;DOR PELVICA E PERINEAL 
2026-07-27 16:46:41;500769;SAO GABRIEL DO OESTE;7333218;UNIDADE DE SAUDE DA FAMILIA X;500769;SAO GABRIEL DO OESTE;1;1;2026-07-13 16:01:29;0073001;ENDOSCOPIA DIGESTIVA ALTA;;;0209010037;ESOFAGOGASTRODUODENOSCOPIA;ADEMIR BARBOSA MENDONCA;1970-08-30;BELONISIA FRANCISCA MENDONCA;702605732529549;51873702191;MASCULINO;678734695;4;236;31;7080;1;R10;DOR ABDOMINAL E PELVICA
2026-07-27 16:46:41;500769;SAO GABRIEL DO OESTE;2370980;UNIDADE DE SAUDE DA FAMILIA JARDIM GRAMADO I;500769;SAO GABRIEL DO OESTE;1;1;2026-07-13 15:21:40;0073001;ENDOSCOPIA DIGESTIVA ALTA;;;0209010037;ESOFAGOGASTRODUODENOSCOPIA;SOUVENIR ZANONI;1980-01-13;APARECIDA CLARINDA ZANONI;706209011811161;99201577168;MASCULINO;678715792;4;235;31;7050;1;K297;GASTRITE NAO ESPECIFICADA 
2026-07-27 16:46:41;500769;SAO GABRIEL DO OESTE;6354265;CENTRAL DE REGULACAO DE SAO GABRIEL DO OESTE;500769;SAO GABRIEL DO OESTE;1;1;2026-07-10 17:35:15;0073001;ENDOSCOPIA DIGESTIVA ALTA;;;0209010037;ESOFAGOGASTRODUODENOSCOPIA;GENI TEREZINHA KAIPERS;1971-09-04;LURDES MARIA KAIPERS;704307544241291;57361746004;FEMININO;678458544;4;234;31;7020;1;K297;GASTRITE NAO ESPECIFICADA 
2026-07-27 16:46:41;500769;SAO GABRIEL DO OESTE;6354265;CENTRAL DE REGULACAO DE SAO GABRIEL DO OESTE;500769;SAO GABRIEL DO OESTE;1;1;2026-07-10 14:36:35;0073001;ENDOSCOPIA DIGESTIVA ALTA;;;0209010037;ESOFAGOGASTRODUODENOSCOPIA;LAURINDO SONZA;1960-07-07;MARIA DALLA ROSA;705306476323590;42481643020;MASCULINO;678410789;4;233;31;6990;1;C169;ESTOMAGO, NAO ESPECIFICADO 
2026-07-27 16:46:41;500769;SAO GABRIEL DO OESTE;2370972;UNIDADE DE SAUDE DA FAMILIA MILANE II;500769;SAO GABRIEL DO OESTE;1;1;2026-07-10 09:40:15;0073001;ENDOSCOPIA DIGESTIVA ALTA;;;0209010037;ESOFAGOGASTRODUODENOSCOPIA;JEAN GABRIEL PANIAGUA CAMPOS;2005-02-11;SEBASTIANA APARECIDA PANIAGUA LOPES;700003048650401;07380657143;MASCULINO;678301967;4;232;31;6960;1;K29;GASTRITE E DUODENITE
2026-07-27 16:46:41;500769;SAO GABRIEL DO OESTE;2370999;UNIDADE DE SAUDE DA FAMILIA FENIX IV;500769;SAO GABRIEL DO OESTE;1;1;2026-07-09 10:35:42;0073001;ENDOSCOPIA DIGESTIVA ALTA;;;0209010037;ESOFAGOGASTRODUODENOSCOPIA;CARLOS LORENCET;1985-08-29;MARIA TERESINHA LORENCET;704606657606127;02663382167;MASCULINO;678085252;4;231;31;6930;1;R12;PIROSE 
2026-07-27 16:46:41;500769;SAO GABRIEL DO OESTE;2370999;UNIDADE DE SAUDE DA FAMILIA FENIX IV;500769;SAO GABRIEL DO OESTE;1;1;2026-07-09 10:10:54;0073001;ENDOSCOPIA DIGESTIVA ALTA;;;0209010037;ESOFAGOGASTRODUODENOSCOPIA;CLOTILDE PEREIRA DE CARVALHO;1965-04-10;ESTER SILVESTRE DE CARVALHO;705003201280157;01669828140;FEMININO;678070621;4;230;31;6900;1;R12;PIROSE 
2026-07-27 16:46:41;500769;SAO GABRIEL DO OESTE;6354265;CENTRAL DE REGULACAO DE SAO GABRIEL DO OESTE;500769;SAO GABRIEL DO OESTE;1;1;2026-07-08 16:42:57;0073001;ENDOSCOPIA DIGESTIVA ALTA;;;0209010037;ESOFAGOGASTRODUODENOSCOPIA;IONE PEREIRA DE OLIVEIRA;1982-04-12;BARBARA PEREIRA DE OLIVEIRA;706505381266390;05383553100;FEMININO;677969422;4;229;31;6870;1;K29;GASTRITE E DUODENITE
2026-07-27 16:46:41;500769;SAO GABRIEL DO OESTE;6354265;CENTRAL DE REGULACAO DE SAO GABRIEL DO OESTE;500769;SAO GABRIEL DO OESTE;1;1;2026-07-08 16:07:38;0073001;ENDOSCOPIA DIGESTIVA ALTA;;;0209010037;ESOFAGOGASTRODUODENOSCOPIA;ADI ANTONIO DE CEZARO;1955-11-05;SABINA AGNOLETTO DE CEZARO;704807057308744;47736526915;MASCULINO;677956544;4;228;31;6840;1;K297;GASTRITE NAO ESPECIFICADA 
2026-07-27 16:46:41;500769;SAO GABRIEL DO OESTE;6354265;CENTRAL DE REGULACAO DE SAO GABRIEL DO OESTE;500769;SAO GABRIEL DO OESTE;1;1;2026-07-07 14:25:58;0073001;ENDOSCOPIA DIGESTIVA ALTA;;;0209010037;ESOFAGOGASTRODUODENOSCOPIA;MARGARETE DA SILVA SOUZA;1973-10-30;MARIA PEREIRA DA SILVA;706701519761217;94962030191;FEMININO;677626588;4;227;31;6810;1;K297;GASTRITE NAO ESPECIFICADA 
2026-07-27 16:46:41;500769;SAO GABRIEL DO OESTE;5971055;UNIDADE DE SAUDE DA FAMILIA VIII;500769;SAO GABRIEL DO OESTE;1;1;2026-07-06 16:24:57;0073001;ENDOSCOPIA DIGESTIVA ALTA;;;0209010037;ESOFAGOGASTRODUODENOSCOPIA;ROSILENE CARDOSO FUZARO RODRIGUES;1986-01-23;VERA LUCIA FUZARO;705409484475495;02948151120;FEMININO;677397501;4;226;31;6780;1;R13;DISFAGIA 
2026-07-27 16:46:41;500769;SAO GABRIEL DO OESTE;2370999;UNIDADE DE SAUDE DA FAMILIA FENIX IV;500769;SAO GABRIEL DO OESTE;1;1;2026-07-06 15:29:29;0073001;ENDOSCOPIA DIGESTIVA ALTA;;;0209010037;ESOFAGOGASTRODUODENOSCOPIA;LUZENI PEREIRA DE SOUZA;1970-01-04;OSVALDINA PEREIRA DE SOUZA;706404140769289;50138847134;FEMININO;677372644;4;225;31;6750;1;R104;OUTRAS DORES ABDOMINAIS E AS NAO ESPECIFICADAS 
2026-07-27 16:46:41;500769;SAO GABRIEL DO OESTE;2370999;UNIDADE DE SAUDE DA FAMILIA FENIX IV;500769;SAO GABRIEL DO OESTE;1;1;2026-07-06 15:05:31;0073001;ENDOSCOPIA DIGESTIVA ALTA;;;0209010037;ESOFAGOGASTRODUODENOSCOPIA;CARLOS FERNANDO TEODORO MARTINS;2004-10-30;MARIA JOSE TEODORO DE SOUZA;702806108089664;04481273186;MASCULINO;677360551;4;224;31;6720;1;K297;GASTRITE NAO ESPECIFICADA 
2026-07-27 16:46:41;500769;SAO GABRIEL DO OESTE;8176132;CASA ROSA;500769;SAO GABRIEL DO OESTE;1;1;2026-07-21 15:05:22;0076149;ULTRA-SONOGRAFIA OBSTETRICA - MORFOLOGICO;;;0205020143;ULTRASSONOGRAFIA OBSTETRICA;ELICIOMAR DE JESUS DA SILVA;1983-03-10;ILZA DE JESUS DA SILVA;704008316052765;01837262195;FEMININO;680317287;4;5;27;17;9;Z000;EXAME MEDICO GERAL 
2026-07-27 16:46:41;500769;SAO GABRIEL DO OESTE;7333218;UNIDADE DE SAUDE DA FAMILIA X;500769;SAO GABRIEL DO OESTE;1;1;2026-07-21 14:51:49;0076149;ULTRA-SONOGRAFIA OBSTETRICA - MORFOLOGICO;;;0205020143;ULTRASSONOGRAFIA OBSTETRICA;SOPHIA JURUMENHA;2007-06-05;KELLY ALVES JURUMENHA;700502593925655;12023951127;FEMININO;680310420;4;4;27;14;9;Z00;EXAME GERAL E INVESTIGACAO DE PESSOAS SEM QUEIXAS OU DIAGNOSTICO RELATADO
2026-07-27 16:46:41;500769;SAO GABRIEL DO OESTE;2370999;UNIDADE DE SAUDE DA FAMILIA FENIX IV;500769;SAO GABRIEL DO OESTE;1;1;2026-07-21 10:38:18;0076149;ULTRA-SONOGRAFIA OBSTETRICA - MORFOLOGICO;;;0205020143;ULTRASSONOGRAFIA OBSTETRICA;MARIA EDUARDA COLTRIS NOLASCO;2005-09-25;ANGELICA GARCIA COLTRIS;702601232519648;09369978186;FEMININO;680205919;4;3;27;10;9;Z34;SUPERVISAO DE GRAVIDEZ NORMAL
2026-07-27 16:46:41;500769;SAO GABRIEL DO OESTE;2370999;UNIDADE DE SAUDE DA FAMILIA FENIX IV;500769;SAO GABRIEL DO OESTE;1;1;2026-07-21 09:59:24;0076149;ULTRA-SONOGRAFIA OBSTETRICA - MORFOLOGICO;;;0205020143;ULTRASSONOGRAFIA OBSTETRICA;LARA FERNANDES FERREIRA;2001-09-20;ROSINEIA FERNANDES;703608002176735;07876953190;FEMININO;680181891;4;2;27;7;9;Z34;SUPERVISAO DE GRAVIDEZ NORMAL
2026-07-27 16:46:41;500769;SAO GABRIEL DO OESTE;2370999;UNIDADE DE SAUDE DA FAMILIA FENIX IV;500769;SAO GABRIEL DO OESTE;1;1;2026-07-21 09:40:53;0076149;ULTRA-SONOGRAFIA OBSTETRICA - MORFOLOGICO;;;0205020143;ULTRASSONOGRAFIA OBSTETRICA;BEATRIZ MENEZES DOS SANTOS;2009-04-13;SARAH JANE MENEZES RODRIGUES;700601900300663;09782592110;FEMININO;680170910;4;1;27;3;9;Z34;SUPERVISAO DE GRAVIDEZ NORMAL
2026-07-27 16:46:41;500769;SAO GABRIEL DO OESTE;6354265;CENTRAL DE REGULACAO DE SAO GABRIEL DO OESTE;500769;SAO GABRIEL DO OESTE;1;1;2026-07-23 16:07:51;0108001;ECOCARDIOGRAMA TRANSTORACICO;;;0205010032;ECOCARDIOGRAFIA TRANSTORACICA;CLEUSA VICENTE DA SILVA MATIAS;1958-03-02;JOSEFA VICENTE DA SILVA;706404165202681;78522315191;FEMININO;680876791;4;2;7;1;101;R943;RESULTADOS ANORMAIS DE ESTUDOS DA FUNCAO CARDIOVASCULAR 
2026-07-27 16:46:41;500769;SAO GABRIEL DO OESTE;6452116;CENTRO DE ESPECIALIDADES MEDICAS;500769;SAO GABRIEL DO OESTE;1;1;2026-07-20 08:48:43;0108001;ECOCARDIOGRAMA TRANSTORACICO;;;0205010032;ECOCARDIOGRAFIA TRANSTORACICA;OSMAR BORGES FERREIRA;1991-06-10;SOZAMAR CORREA BORGES;701405634575833;05587803180;MASCULINO;679864169;4;1;7;0;101;I352;ESTENOSE (DA VALVA) AORTICA COM INSUFICIENCIA 
2026-07-27 16:46:41;500769;SAO GABRIEL DO OESTE;6452116;CENTRO DE ESPECIALIDADES MEDICAS;500769;SAO GABRIEL DO OESTE;0;1;2026-07-27 09:41:22;0110002;CONSULTA EM ORTOPEDIA - GERAL;;;0301010072;CONSULTA MEDICA EM ATENÇÃO ESPECIALIZADA;JOSE CARLOS OVELAR BATISTA;1995-01-21;LAUCINETE FRANCISCA OVELAR DA SILVA;708500309267779;04443094113;MASCULINO;681222570;4;8;26;0;512;Z016;EXAME RADIOLOGICO NAO CLASSIFICADO EM OUTRA PARTE 
2026-07-27 16:46:41;500769;SAO GABRIEL DO OESTE;6452116;CENTRO DE ESPECIALIDADES MEDICAS;500769;SAO GABRIEL DO OESTE;0;1;2026-07-27 09:35:02;0110002;CONSULTA EM ORTOPEDIA - GERAL;;;0301010072;CONSULTA MEDICA EM ATENÇÃO ESPECIALIZADA;MARIA ISABEL SCHEIFER;1994-07-19;IOLANDA CHERDOSKI SCHEIFER;700200411110023;04090451108;FEMININO;681219011;4;7;26;0;512;Z00;EXAME GERAL E INVESTIGACAO DE PESSOAS SEM QUEIXAS OU DIAGNOSTICO RELATADO
2026-07-27 16:46:41;500769;SAO GABRIEL DO OESTE;2370980;UNIDADE DE SAUDE DA FAMILIA JARDIM GRAMADO I;500769;SAO GABRIEL DO OESTE;0;1;2026-07-27 09:21:09;0110002;CONSULTA EM ORTOPEDIA - GERAL;;;0301010072;CONSULTA MEDICA EM ATENÇÃO ESPECIALIZADA;JUDSON ALBERTO PINTO DE LIMA;1988-07-12;MARIA DENICE LUCAS PINTO LIMA;702504233533540;08282106402;MASCULINO;681211283;4;6;26;0;512;M545;DOR LOMBAR BAIXA 
2026-07-27 16:46:41;500769;SAO GABRIEL DO OESTE;6452116;CENTRO DE ESPECIALIDADES MEDICAS;500769;SAO GABRIEL DO OESTE;0;1;2026-07-27 09:01:02;0110002;CONSULTA EM ORTOPEDIA - GERAL;;;0301010072;CONSULTA MEDICA EM ATENÇÃO ESPECIALIZADA;MARIA APARECIDA PRIMAK GONCALVES;1969-02-07;JOSEFA DOS SANTOS PRIMAK;700206451862927;93865651100;FEMININO;681200230;4;5;26;0;512;Z016;EXAME RADIOLOGICO NAO CLASSIFICADO EM OUTRA PARTE 
2026-07-27 16:46:41;500769;SAO GABRIEL DO OESTE;6452116;CENTRO DE ESPECIALIDADES MEDICAS;500769;SAO GABRIEL DO OESTE;0;1;2026-07-24 17:39:05;0110002;CONSULTA EM ORTOPEDIA - GERAL;;;0301010072;CONSULTA MEDICA EM ATENÇÃO ESPECIALIZADA;CARLOS HENRIQUE SILVA OLIVEIRA;2007-01-26;RENATA QUETONE DA SILVA;700605945522065;04841865152;MASCULINO;681121679;4;4;26;0;512;Z016;EXAME RADIOLOGICO NAO CLASSIFICADO EM OUTRA PARTE 
2026-07-27 16:46:41;500769;SAO GABRIEL DO OESTE;7333218;UNIDADE DE SAUDE DA FAMILIA X;500769;SAO GABRIEL DO OESTE;0;1;2026-07-24 16:41:28;0110002;CONSULTA EM ORTOPEDIA - GERAL;;;0301010072;CONSULTA MEDICA EM ATENÇÃO ESPECIALIZADA;ROSELI APARECIDA FERREIRA;1969-10-17;ALMIRA CARDOSO FERREIRA;709208287365038;00830570136;FEMININO;681112401;4;3;26;0;512;M796;DOR EM MEMBRO 
2026-07-27 16:46:41;500769;SAO GABRIEL DO OESTE;7333218;UNIDADE DE SAUDE DA FAMILIA X;500769;SAO GABRIEL DO OESTE;0;1;2026-07-24 16:02:32;0110002;CONSULTA EM ORTOPEDIA - GERAL;;;0301010072;CONSULTA MEDICA EM ATENÇÃO ESPECIALIZADA;OTAVIO AUGUSTO DA SILVA MAMEDIO;2003-01-27;ROSIMARA MARQUES DA SILVA;705000824768952;08631308102;MASCULINO;681102171;4;2;26;0;512;S625;FRATURA DO POLEGAR 
2026-07-27 16:46:41;500769;SAO GABRIEL DO OESTE;7333218;UNIDADE DE SAUDE DA FAMILIA X;500769;SAO GABRIEL DO OESTE;0;1;2026-07-24 10:20:21;0110002;CONSULTA EM ORTOPEDIA - GERAL;;;0301010072;CONSULTA MEDICA EM ATENÇÃO ESPECIALIZADA;IVANIR GRANDO;1962-05-09;HUMBERTINA DAL MASO GRANDO;701809246417378;75453410906;FEMININO;680982916;4;1;26;0;512;M255;DOR ARTICULAR 
2026-07-27 16:46:41;500769;SAO GABRIEL DO OESTE;8176132;CASA ROSA;500769;SAO GABRIEL DO OESTE;0;1;2026-07-24 13:53:14;0201207;CONSULTA EM PEDIATRIA;;;0301010072;CONSULTA MEDICA EM ATENÇÃO ESPECIALIZADA;NATHAN HENRIQUE SOUZA ROCHA;2016-05-18;EDICLEIA APARECIDA DE SOUZA;700407434769247;07840930166;MASCULINO;681055799;4;3;18;0;395;Z00;EXAME GERAL E INVESTIGACAO DE PESSOAS SEM QUEIXAS OU DIAGNOSTICO RELATADO
2026-07-27 16:46:41;500769;SAO GABRIEL DO OESTE;7333218;UNIDADE DE SAUDE DA FAMILIA X;500769;SAO GABRIEL DO OESTE;0;1;2026-07-23 15:37:40;0201207;CONSULTA EM PEDIATRIA;;;0301010072;CONSULTA MEDICA EM ATENÇÃO ESPECIALIZADA;LUCCA NATHANAEL MORAES FREIRE;2026-05-26;KAMILLY VITORIA MORAES PERES;702603797064549;13124482107;MASCULINO;680864981;4;2;18;0;395;Z00;EXAME GERAL E INVESTIGACAO DE PESSOAS SEM QUEIXAS OU DIAGNOSTICO RELATADO
2026-07-27 16:46:41;500769;SAO GABRIEL DO OESTE;8176132;CASA ROSA;500769;SAO GABRIEL DO OESTE;0;1;2026-07-23 14:48:04;0201207;CONSULTA EM PEDIATRIA;;;0301010072;CONSULTA MEDICA EM ATENÇÃO ESPECIALIZADA;LIZ HELENA AMORIM MARTINS;2025-10-15;MYRELLE TEIXEIRA AMORIM MARTINS;700703956292179;12806214190;FEMININO;680842462;4;1;18;0;395;Z00;EXAME GERAL E INVESTIGACAO DE PESSOAS SEM QUEIXAS OU DIAGNOSTICO RELATADO
2026-07-27 16:46:41;500769;SAO GABRIEL DO OESTE;8176132;CASA ROSA;500769;SAO GABRIEL DO OESTE;0;1;2026-07-17 09:18:42;0206062;ACOLHIMENTO INICIAL POR CENTRO DE ATENÇÃO PSICOSSOCIAL;;;0301080232;ACOLHIMENTO INICIAL POR CENTRO DE ATENÇÃO PSICOSSOCIAL;JHONATAN DELGADO DA COSTA;2024-01-10;ANDRESSA CRISTINA DELGADO MACHADO;705001014741853;12133118101;MASCULINO;679621587;4;1;21;1;41;Z001;EXAME DE ROTINA DE SAUDE DA CRIANCA 
2026-07-27 16:46:41;500769;SAO GABRIEL DO OESTE;2370964;UNIDADE DE SAUDE DA FAMILIA III;500769;SAO GABRIEL DO OESTE;1;1;2026-06-10 09:43:04;0230000;USG COTOVELO DIREITO;0230000;GRUPO - ULTRASSONOGRAFIA ARTICULACOES;0205020062;ULTRASSONOGRAFIA DE ARTICULACAO;EDINEIA AUXILIADORA SOARES DA SILVA LOBO;1974-05-24;HILDA SOARES DA SILVA;702602262015746;50678000115;FEMININO;672519361;4;51;30;2295;1;M255;DOR ARTICULAR 
2026-07-27 16:46:41;500769;SAO GABRIEL DO OESTE;2370999;UNIDADE DE SAUDE DA FAMILIA FENIX IV;500769;SAO GABRIEL DO OESTE;1;1;2026-06-02 16:43:26;0230000;USG COTOVELO DIREITO;0230000;GRUPO - ULTRASSONOGRAFIA ARTICULACOES;0205020062;ULTRASSONOGRAFIA DE ARTICULACAO;LOCIDIO ANGELO DA COSTA;1972-01-06;JOANA DA COSTA;702407040766121;91566711134;MASCULINO;671422191;4;38;30;1710;1;M255;DOR ARTICULAR 
2026-07-27 16:46:41;500769;SAO GABRIEL DO OESTE;8176132;CASA ROSA;500769;SAO GABRIEL DO OESTE;1;1;2026-05-29 16:40:57;0230000;USG COTOVELO DIREITO;0230000;GRUPO - ULTRASSONOGRAFIA ARTICULACOES;0205020062;ULTRASSONOGRAFIA DE ARTICULACAO;IVANIR MAIA DOS SANTOS;1985-04-30;JANDIRA MAIA;700009323041208;02445185130;FEMININO;670783120;4;28;30;1260;1;M796;DOR EM MEMBRO 
2026-07-27 16:46:41;500769;SAO GABRIEL DO OESTE;2370999;UNIDADE DE SAUDE DA FAMILIA FENIX IV;500769;SAO GABRIEL DO OESTE;1;1;2026-07-15 10:16:38;0230000;USG COTOVELO DIREITO;0230000;GRUPO - ULTRASSONOGRAFIA ARTICULACOES;0205020062;ULTRASSONOGRAFIA DE ARTICULACAO;RAFAELA SILVEIRA DE ARAUJO;1989-11-30;NEIDE MARIA DA SILVEIRA ARAUJO;701005866615595;40000701858;FEMININO;679142022;4;99;30;4455;1;R522;OUTRA DOR CRONICA 
2026-07-27 16:46:41;500769;SAO GABRIEL DO OESTE;2370999;UNIDADE DE SAUDE DA FAMILIA FENIX IV;500769;SAO GABRIEL DO OESTE;1;1;2026-07-01 17:21:42;0230000;USG COTOVELO DIREITO;0230000;GRUPO - ULTRASSONOGRAFIA ARTICULACOES;0205020062;ULTRASSONOGRAFIA DE ARTICULACAO;JOCENIR APARECIDA ANGELO;1967-03-21;TERESA NAZARIO ANGELO;708404267582862;08998350823;FEMININO;676603574;4;77;30;3465;1;R522;OUTRA DOR CRONICA 
2026-07-27 16:46:41;500769;SAO GABRIEL DO OESTE;8176132;CASA ROSA;500769;SAO GABRIEL DO OESTE;1;1;2026-07-21 11:23:33;0230000;USG COTOVELO DIREITO;0230000;GRUPO - ULTRASSONOGRAFIA ARTICULACOES;0205020062;ULTRASSONOGRAFIA DE ARTICULACAO;ANTONIA ERIVANIA BEZERRA;1987-05-05;ANTONIA SEBASTIANA DA SILVA BEZERRA;705002444653950;01213828180;FEMININO;680232280;4;122;30;5490;1;Z000;EXAME MEDICO GERAL 
2026-07-27 16:46:41;500769;SAO GABRIEL DO OESTE;2370999;UNIDADE DE SAUDE DA FAMILIA FENIX IV;500769;SAO GABRIEL DO OESTE;1;1;2026-06-02 16:43:26;0230000;USG COTOVELO ESQUERDO;0230000;GRUPO - ULTRASSONOGRAFIA ARTICULACOES;0205020062;ULTRASSONOGRAFIA DE ARTICULACAO;LOCIDIO ANGELO DA COSTA;1972-01-06;JOANA DA COSTA;702407040766121;91566711134;MASCULINO;671422191;4;38;51;3420;0;M255;DOR ARTICULAR 
2026-07-27 16:46:41;500769;SAO GABRIEL DO OESTE;5971055;UNIDADE DE SAUDE DA FAMILIA VIII;500769;SAO GABRIEL DO OESTE;1;1;2026-06-01 15:46:12;0230000;USG COTOVELO ESQUERDO;0230000;GRUPO - ULTRASSONOGRAFIA ARTICULACOES;0205020062;ULTRASSONOGRAFIA DE ARTICULACAO;NATALICIO MORAIS DO PRADO;1965-01-03;OLIVIA RIBEIRO DE MORAIS;706803277651521;51949610144;MASCULINO;671093227;4;34;51;3060;0;M545;DOR LOMBAR BAIXA 
2026-07-27 16:46:41;500769;SAO GABRIEL DO OESTE;8176132;CASA ROSA;500769;SAO GABRIEL DO OESTE;1;1;2026-06-29 08:18:28;0230000;USG COTOVELO ESQUERDO;0230000;GRUPO - ULTRASSONOGRAFIA ARTICULACOES;0205020062;ULTRASSONOGRAFIA DE ARTICULACAO;FRANCISCO DE ASSIS DA SILVA;1976-12-19;MARIA DA SILVA OLIVEIRA;700002222826904;02274816409;MASCULINO;675907787;4;72;51;6480;0;Z00;EXAME GERAL E INVESTIGACAO DE PESSOAS SEM QUEIXAS OU DIAGNOSTICO RELATADO
2026-07-27 16:46:41;500769;SAO GABRIEL DO OESTE;6452116;CENTRO DE ESPECIALIDADES MEDICAS;500769;SAO GABRIEL DO OESTE;1;1;2026-06-18 11:07:08;0230000;USG COTOVELO ESQUERDO;0230000;GRUPO - ULTRASSONOGRAFIA ARTICULACOES;0205020062;ULTRASSONOGRAFIA DE ARTICULACAO;ADEMAR FRIEDRICH;1968-11-17;ORACIDA ROSA;708007874413326;82826617915;MASCULINO;674226420;4;62;51;5580;0;Z00;EXAME GERAL E INVESTIGACAO DE PESSOAS SEM QUEIXAS OU DIAGNOSTICO RELATADO
2026-07-27 16:46:41;500769;SAO GABRIEL DO OESTE;2370972;UNIDADE DE SAUDE DA FAMILIA MILANE II;500769;SAO GABRIEL DO OESTE;1;1;2026-06-12 15:58:53;0230000;USG COTOVELO ESQUERDO;0230000;GRUPO - ULTRASSONOGRAFIA ARTICULACOES;0205020062;ULTRASSONOGRAFIA DE ARTICULACAO;JAQUELINE LUZIA RIQUINHO SOUZA;1984-05-04;CATARINA SCARIOT RIQUINHO;706908131958936;01848426119;FEMININO;673214869;4;58;51;5220;0;M771;EPICONDILITE LATERAL 
2026-07-27 16:46:41;500769;SAO GABRIEL DO OESTE;2370972;UNIDADE DE SAUDE DA FAMILIA MILANE II;500769;SAO GABRIEL DO OESTE;1;1;2026-07-24 08:53:04;0230000;USG COTOVELO ESQUERDO;0230000;GRUPO - ULTRASSONOGRAFIA ARTICULACOES;0205020062;ULTRASSONOGRAFIA DE ARTICULACAO;DORIVAL ANTONIO MARTIMIANOS;1966-11-16;TEREZINHA SILVA MARTIMIANOS;708507302293576;62772406920;MASCULINO;680939902;4;139;51;12510;0;M771;EPICONDILITE LATERAL 
2026-07-27 16:46:41;500769;SAO GABRIEL DO OESTE;2370980;UNIDADE DE SAUDE DA FAMILIA JARDIM GRAMADO I;500769;SAO GABRIEL DO OESTE;1;1;2026-07-20 16:52:34;0230000;USG COTOVELO ESQUERDO;0230000;GRUPO - ULTRASSONOGRAFIA ARTICULACOES;0205020062;ULTRASSONOGRAFIA DE ARTICULACAO;EDILENE ALVES DA SILVA;1988-12-11;ELZA ALVES DE BRITO;700006687962706;02690302128;FEMININO;680085192;4;113;51;10170;0;M796;DOR EM MEMBRO 
2026-07-27 16:46:41;500769;SAO GABRIEL DO OESTE;8176132;CASA ROSA;500769;SAO GABRIEL DO OESTE;1;1;2026-07-20 10:40:58;0230000;USG COTOVELO ESQUERDO;0230000;GRUPO - ULTRASSONOGRAFIA ARTICULACOES;0205020062;ULTRASSONOGRAFIA DE ARTICULACAO;RIMULO LARCON REZENDE DA SILVA;1997-01-19;ROSENILDA LARCON REZENDE DA SILVA;702905525879371;06645319118;MASCULINO;679930807;4;111;51;9990;0;Z000;EXAME MEDICO GERAL 
2026-07-27 16:46:41;500769;SAO GABRIEL DO OESTE;8176132;CASA ROSA;500769;SAO GABRIEL DO OESTE;1;1;2026-05-20 16:49:06;0230000;USG JOELHO DIREITO;0230000;GRUPO - ULTRASSONOGRAFIA ARTICULACOES;0205020062;ULTRASSONOGRAFIA DE ARTICULACAO;ADELSON RODRIGUES SILVINO;1972-03-12;FRANCISCA RODRIGUES SILVINO;702808170639860;02001740107;MASCULINO;668828630;4;8;54;180;1;Z00;EXAME GERAL E INVESTIGACAO DE PESSOAS SEM QUEIXAS OU DIAGNOSTICO RELATADO
2026-07-27 16:46:41;500769;SAO GABRIEL DO OESTE;8176132;CASA ROSA;500769;SAO GABRIEL DO OESTE;1;1;2026-05-20 12:08:31;0230000;USG JOELHO DIREITO;0230000;GRUPO - ULTRASSONOGRAFIA ARTICULACOES;0205020062;ULTRASSONOGRAFIA DE ARTICULACAO;JULIO CESAR MAZLUM ROCHA JUNIOR;1994-03-04;NOELI ROMILDA LORENZETTI;704503308337617;70289888131;MASCULINO;668720887;4;6;54;135;1;Z00;EXAME GERAL E INVESTIGACAO DE PESSOAS SEM QUEIXAS OU DIAGNOSTICO RELATADO
2026-07-27 16:46:41;500769;SAO GABRIEL DO OESTE;3400964;UNIDADE DE SAUDE DA FAMILIA RURAL VII;500769;SAO GABRIEL DO OESTE;1;1;2026-05-20 08:33:55;0230000;USG JOELHO DIREITO;0230000;GRUPO - ULTRASSONOGRAFIA ARTICULACOES;0205020062;ULTRASSONOGRAFIA DE ARTICULACAO;CRISTIAN TORRE MARTINS;2012-05-09;CRISTIANE TORRE RAMOS GIL;700206486390622;11868894118;MASCULINO;668600615;4;4;54;90;1;M23;TRANSTORNOS INTERNOS DOS JOELHOS
2026-07-27 16:46:41;500769;SAO GABRIEL DO OESTE;8176132;CASA ROSA;500769;SAO GABRIEL DO OESTE;1;1;2026-06-10 13:44:21;0230000;USG JOELHO DIREITO;0230000;GRUPO - ULTRASSONOGRAFIA ARTICULACOES;0205020062;ULTRASSONOGRAFIA DE ARTICULACAO;MIRIAM CHAPARRO FLORES;1973-05-02;TEREZINHA CHAPARRO FLORES;702805679450163;94640556187;FEMININO;672631774;4;53;54;1193;1;M199;ARTROSE NAO ESPECIFICADA 
2026-07-27 16:46:41;500769;SAO GABRIEL DO OESTE;8176132;CASA ROSA;500769;SAO GABRIEL DO OESTE;1;1;2026-06-08 16:50:22;0230000;USG JOELHO DIREITO;0230000;GRUPO - ULTRASSONOGRAFIA ARTICULACOES;0205020062;ULTRASSONOGRAFIA DE ARTICULACAO;PEDRINA CRISTINA DA SILVA PASTOURA;1988-09-04;VANIA MARIA DA SILVA;700004623370601;03364952183;FEMININO;672135377;4;49;54;1103;1;Z001;EXAME DE ROTINA DE SAUDE DA CRIANCA 
2026-07-27 16:46:41;500769;SAO GABRIEL DO OESTE;8176132;CASA ROSA;500769;SAO GABRIEL DO OESTE;1;1;2026-06-08 14:51:21;0230000;USG JOELHO DIREITO;0230000;GRUPO - ULTRASSONOGRAFIA ARTICULACOES;0205020062;ULTRASSONOGRAFIA DE ARTICULACAO;MARIA DILZA DO NASCIMENTO;1978-10-27;JOSEFA EUGENIA DO NASCIMENTO;705600444499911;00793416590;FEMININO;672078833;4;46;54;1035;1;Z001;EXAME DE ROTINA DE SAUDE DA CRIANCA 
2026-07-27 16:46:41;500769;SAO GABRIEL DO OESTE;2370999;UNIDADE DE SAUDE DA FAMILIA FENIX IV;500769;SAO GABRIEL DO OESTE;1;1;2026-06-02 16:45:26;0230000;USG JOELHO DIREITO;0230000;GRUPO - ULTRASSONOGRAFIA ARTICULACOES;0205020062;ULTRASSONOGRAFIA DE ARTICULACAO;LOCIDIO ANGELO DA COSTA;1972-01-06;JOANA DA COSTA;702407040766121;91566711134;MASCULINO;671422945;4;40;54;900;1;M255;DOR ARTICULAR 
2026-07-27 16:46:41;500769;SAO GABRIEL DO OESTE;5971055;UNIDADE DE SAUDE DA FAMILIA VIII;500769;SAO GABRIEL DO OESTE;1;1;2026-06-02 10:45:11;0230000;USG JOELHO DIREITO;0230000;GRUPO - ULTRASSONOGRAFIA ARTICULACOES;0205020062;ULTRASSONOGRAFIA DE ARTICULACAO;ADAO ALEXANDRE MATOS;1975-09-07;SHEILA PIRES;706001329249546;79587895134;MASCULINO;671259764;4;36;54;810;1;Z000;EXAME MEDICO GERAL 
2026-07-27 16:46:41;500769;SAO GABRIEL DO OESTE;2370999;UNIDADE DE SAUDE DA FAMILIA FENIX IV;500769;SAO GABRIEL DO OESTE;1;1;2026-06-01 16:01:20;0230000;USG JOELHO DIREITO;0230000;GRUPO - ULTRASSONOGRAFIA ARTICULACOES;0205020062;ULTRASSONOGRAFIA DE ARTICULACAO;KLEISLENE MARA MENDONCA BATISTA PETRY;1979-10-22;CALICE MARIA MENDONCA BATISTA;702002300846285;98542974115;FEMININO;671101076;4;35;54;788;1;R520;DOR AGUDA 
2026-07-27 16:46:41;500769;SAO GABRIEL DO OESTE;3400964;UNIDADE DE SAUDE DA FAMILIA RURAL VII;500769;SAO GABRIEL DO OESTE;1;1;2026-05-25 17:32:10;0230000;USG JOELHO DIREITO;0230000;GRUPO - ULTRASSONOGRAFIA ARTICULACOES;0205020062;ULTRASSONOGRAFIA DE ARTICULACAO;FREDERICO BRAIT CARMONA;1976-09-10;MARIA VIRGINIA BRAIT CARMONA;706307710006672;27031889863;MASCULINO;669666096;4;17;54;383;1;M23;TRANSTORNOS INTERNOS DOS JOELHOS
2026-07-27 16:46:41;500769;SAO GABRIEL DO OESTE;8176132;CASA ROSA;500769;SAO GABRIEL DO OESTE;1;1;2026-05-22 16:44:17;0230000;USG JOELHO DIREITO;0230000;GRUPO - ULTRASSONOGRAFIA ARTICULACOES;0205020062;ULTRASSONOGRAFIA DE ARTICULACAO;ARTHUR OLIVEIRA MARTINS;2017-07-05;ALINIELE OLIVEIRA MARTINS;700709985598677;08538124110;MASCULINO;669337241;4;11;54;248;1;Z00;EXAME GERAL E INVESTIGACAO DE PESSOAS SEM QUEIXAS OU DIAGNOSTICO RELATADO
2026-07-27 16:46:41;500769;SAO GABRIEL DO OESTE;3400964;UNIDADE DE SAUDE DA FAMILIA RURAL VII;500769;SAO GABRIEL DO OESTE;1;1;2026-07-16 08:59:36;0230000;USG JOELHO DIREITO;0230000;GRUPO - ULTRASSONOGRAFIA ARTICULACOES;0205020062;ULTRASSONOGRAFIA DE ARTICULACAO;TATIANE PEREIRA SILVA;1983-10-12;OSMARINA PEREIRA SILVA;708504004864580;03379624136;FEMININO;679365583;4;101;54;2273;1;Z000;EXAME MEDICO GERAL 
2026-07-27 16:46:41;500769;SAO GABRIEL DO OESTE;7333218;UNIDADE DE SAUDE DA FAMILIA X;500769;SAO GABRIEL DO OESTE;1;1;2026-07-03 09:48:24;0230000;USG JOELHO DIREITO;0230000;GRUPO - ULTRASSONOGRAFIA ARTICULACOES;0205020062;ULTRASSONOGRAFIA DE ARTICULACAO;MARIA DO SOCORRO TEIXEIRA DOS SANTOS;1962-04-11;CREUSA TEIXEIRA DE ARAUJO;700708976453873;02435182422;FEMININO;676933471;4;81;54;1823;1;M239;TRANSTORNO INTERNO NAO ESPECIFICADO DO JOELHO 
2026-07-27 16:46:41;500769;SAO GABRIEL DO OESTE;2370980;UNIDADE DE SAUDE DA FAMILIA JARDIM GRAMADO I;500769;SAO GABRIEL DO OESTE;1;1;2026-07-02 15:38:39;0230000;USG JOELHO DIREITO;0230000;GRUPO - ULTRASSONOGRAFIA ARTICULACOES;0205020062;ULTRASSONOGRAFIA DE ARTICULACAO;MARCOS ROBERTO ALVES GOMIDES;1968-11-02;DIRCE DE SOUZA GOMIDES;706504326021895;63805227191;MASCULINO;676828537;4;79;54;1778;1;S800;CONTUSAO DO JOELHO 
2026-07-27 16:46:41;500769;SAO GABRIEL DO OESTE;2599376;UNIDADE DE SAUDE DA FAMILIA VI;500769;SAO GABRIEL DO OESTE;1;1;2026-07-01 09:55:07;0230000;USG JOELHO DIREITO;0230000;GRUPO - ULTRASSONOGRAFIA ARTICULACOES;0205020062;ULTRASSONOGRAFIA DE ARTICULACAO;CARMELINA VIRGINIA MURRO;1946-02-02;VICENTA ANGELINA VIRGINIA;707401066774976;10463674120;FEMININO;676404676;4;75;54;1688;1;M255;DOR ARTICULAR 
2026-07-27 16:46:41;500769;SAO GABRIEL DO OESTE;2370999;UNIDADE DE SAUDE DA FAMILIA FENIX IV;500769;SAO GABRIEL DO OESTE;1;1;2026-06-15 15:21:17;0230000;USG JOELHO DIREITO;0230000;GRUPO - ULTRASSONOGRAFIA ARTICULACOES;0205020062;ULTRASSONOGRAFIA DE ARTICULACAO;ALDA BATISTA DOS ANJOS;1985-04-23;VERA LUCIA DE SOUZA;705008493737556;04955928544;FEMININO;673495546;4;60;54;1350;1;R520;DOR AGUDA 
2026-07-27 16:46:41;500769;SAO GABRIEL DO OESTE;8176132;CASA ROSA;500769;SAO GABRIEL DO OESTE;1;1;2026-06-15 09:57:59;0230000;USG JOELHO DIREITO;0230000;GRUPO - ULTRASSONOGRAFIA ARTICULACOES;0205020062;ULTRASSONOGRAFIA DE ARTICULACAO;LUZIA REZENDE COIMBRA;1980-12-18;GERACINA REZENDE COIMBRA;701209024705712;00101969198;FEMININO;673346925;4;59;54;1328;1;Z00;EXAME GERAL E INVESTIGACAO DE PESSOAS SEM QUEIXAS OU DIAGNOSTICO RELATADO
2026-07-27 16:46:41;500769;SAO GABRIEL DO OESTE;8176132;CASA ROSA;500769;SAO GABRIEL DO OESTE;1;1;2026-07-27 12:01:17;0230000;USG JOELHO DIREITO;0230000;GRUPO - ULTRASSONOGRAFIA ARTICULACOES;0205020062;ULTRASSONOGRAFIA DE ARTICULACAO;MARCOS VENICIUS FERRAZ DE CARVALHO;1985-11-28;TEREZINHA FERRAZ DA SILVA;708408200280663;01637564309;MASCULINO;681298021;4;150;54;3375;1;Z00;EXAME GERAL E INVESTIGACAO DE PESSOAS SEM QUEIXAS OU DIAGNOSTICO RELATADO
2026-07-27 16:46:41;500769;SAO GABRIEL DO OESTE;7002084;UNIDADE DE SAUDE DA FAMILIA IX;500769;SAO GABRIEL DO OESTE;1;1;2026-07-24 10:40:21;0230000;USG JOELHO DIREITO;0230000;GRUPO - ULTRASSONOGRAFIA ARTICULACOES;0205020062;ULTRASSONOGRAFIA DE ARTICULACAO;LARA MARIANA DE SOUZA;2006-06-30;CUSTODIA PEREIRA DE SOUZA;704002334694166;11050413105;FEMININO;680993365;4;141;54;3173;1;Z000;EXAME MEDICO GERAL 
2026-07-27 16:46:41;500769;SAO GABRIEL DO OESTE;8176132;CASA ROSA;500769;SAO GABRIEL DO OESTE;1;1;2026-07-22 11:44:35;0230000;USG JOELHO DIREITO;0230000;GRUPO - ULTRASSONOGRAFIA ARTICULACOES;0205020062;ULTRASSONOGRAFIA DE ARTICULACAO;LUCIMAR FERREIRA GONCALVES;1977-02-03;NEUZA GONCALVES FERREIRA;703404180197400;97815128149;FEMININO;680518561;4;134;54;3015;1;M759;LESAO NAO ESPECIFICADA DO OMBRO 
2026-07-27 16:46:41;500769;SAO GABRIEL DO OESTE;7002084;UNIDADE DE SAUDE DA FAMILIA IX;500769;SAO GABRIEL DO OESTE;1;1;2026-05-21 15:00:14;0230000;USG JOELHO ESQUERDO;0230000;GRUPO - ULTRASSONOGRAFIA ARTICULACOES;0205020062;ULTRASSONOGRAFIA DE ARTICULACAO;PEROLA PIETRA SANTOS;2019-04-03;CRISTIANE NASCIMENTO SANTOS SOUZA;708208108109246;10065275160;FEMININO;669051378;4;9;33;62;4;Z001;EXAME DE ROTINA DE SAUDE DA CRIANCA 
2026-07-27 16:46:41;500769;SAO GABRIEL DO OESTE;5971055;UNIDADE DE SAUDE DA FAMILIA VIII;500769;SAO GABRIEL DO OESTE;1;1;2026-06-03 09:10:05;0230000;USG JOELHO ESQUERDO;0230000;GRUPO - ULTRASSONOGRAFIA ARTICULACOES;0205020062;ULTRASSONOGRAFIA DE ARTICULACAO;CONCEICAO APARECIDA SILVA DOS ANJOS;1966-06-18;BENEDITA PEREIRA DA SILVA;700000097781201;54249368149;FEMININO;671497171;4;41;33;284;4;Z000;EXAME MEDICO GERAL 
2026-07-27 16:46:41;500769;SAO GABRIEL DO OESTE;2370999;UNIDADE DE SAUDE DA FAMILIA FENIX IV;500769;SAO GABRIEL DO OESTE;1;1;2026-06-02 16:45:26;0230000;USG JOELHO ESQUERDO;0230000;GRUPO - ULTRASSONOGRAFIA ARTICULACOES;0205020062;ULTRASSONOGRAFIA DE ARTICULACAO;LOCIDIO ANGELO DA COSTA;1972-01-06;JOANA DA COSTA;702407040766121;91566711134;MASCULINO;671422945;4;40;33;277;4;M255;DOR ARTICULAR 
2026-07-27 16:46:41;500769;SAO GABRIEL DO OESTE;5971055;UNIDADE DE SAUDE DA FAMILIA VIII;500769;SAO GABRIEL DO OESTE;1;1;2026-05-28 15:33:06;0230000;USG JOELHO ESQUERDO;0230000;GRUPO - ULTRASSONOGRAFIA ARTICULACOES;0205020062;ULTRASSONOGRAFIA DE ARTICULACAO;VALENTINA EMANUELLY BATALHA DE JESUS;2017-07-17;VIANE VIEIRA BATALHA DE JESUS;898005195538605;08558871175;FEMININO;670503685;4;25;33;173;4;Z000;EXAME MEDICO GERAL 
2026-07-27 16:46:41;500769;SAO GABRIEL DO OESTE;7002084;UNIDADE DE SAUDE DA FAMILIA IX;500769;SAO GABRIEL DO OESTE;1;1;2026-05-25 15:38:38;0230000;USG JOELHO ESQUERDO;0230000;GRUPO - ULTRASSONOGRAFIA ARTICULACOES;0205020062;ULTRASSONOGRAFIA DE ARTICULACAO;ALISSON SIQUEIRA SANDIM;2003-12-26;ANTONIA DE SOUZA SANDIM;700509300263951;03921020131;MASCULINO;669625810;4;15;33;104;4;M796;DOR EM MEMBRO 
2026-07-27 16:46:41;500769;SAO GABRIEL DO OESTE;2370999;UNIDADE DE SAUDE DA FAMILIA FENIX IV;500769;SAO GABRIEL DO OESTE;1;1;2026-05-25 10:57:56;0230000;USG JOELHO ESQUERDO;0230000;GRUPO - ULTRASSONOGRAFIA ARTICULACOES;0205020062;ULTRASSONOGRAFIA DE ARTICULACAO;JESSICA DE JESUS SILVA GREFF;2001-03-05;AURISA DE JESUS SILVA;702808611441463;06902056196;FEMININO;669503989;4;14;33;97;4;R520;DOR AGUDA 
2026-07-27 16:46:41;500769;SAO GABRIEL DO OESTE;2370972;UNIDADE DE SAUDE DA FAMILIA MILANE II;500769;SAO GABRIEL DO OESTE;1;1;2026-07-14 10:34:58;0230000;USG JOELHO ESQUERDO;0230000;GRUPO - ULTRASSONOGRAFIA ARTICULACOES;0205020062;ULTRASSONOGRAFIA DE ARTICULACAO;SANTINA MACHADO DOS SANTOS;1975-05-14;EVA DOS SANTOS;700304955909738;03619234140;FEMININO;678874755;4;96;33;665;4;I10;HIPERTENSAO ESSENCIAL (PRIMARIA) 
2026-07-27 16:46:41;500769;SAO GABRIEL DO OESTE;7002084;UNIDADE DE SAUDE DA FAMILIA IX;500769;SAO GABRIEL DO OESTE;1;1;2026-07-13 10:10:27;0230000;USG JOELHO ESQUERDO;0230000;GRUPO - ULTRASSONOGRAFIA ARTICULACOES;0205020062;ULTRASSONOGRAFIA DE ARTICULACAO;TALISON AFONSO OLIVEIRA FRANCA;2012-09-11;JULIENE APARECIDA DE OLIVEIRA;701408610038237;12902113102;MASCULINO;678577162;4;94;33;651;4;Z000;EXAME MEDICO GERAL 
2026-07-27 16:46:41;500769;SAO GABRIEL DO OESTE;2370972;UNIDADE DE SAUDE DA FAMILIA MILANE II;500769;SAO GABRIEL DO OESTE;1;1;2026-07-09 16:56:41;0230000;USG JOELHO ESQUERDO;0230000;GRUPO - ULTRASSONOGRAFIA ARTICULACOES;0205020062;ULTRASSONOGRAFIA DE ARTICULACAO;CLEUZA MARIA OLIVEIRA DOS SANTOS;1950-06-07;ANTONIA SOARES DE OLIVEIRA;706203538508668;98785001104;FEMININO;678229599;4;93;33;644;4;M238;OUTROS TRANSTORNOS INTERNOS DO JOELHO 
2026-07-27 16:46:41;500769;SAO GABRIEL DO OESTE;3400964;UNIDADE DE SAUDE DA FAMILIA RURAL VII;500769;SAO GABRIEL DO OESTE;1;1;2026-07-09 16:40:01;0230000;USG JOELHO ESQUERDO;0230000;GRUPO - ULTRASSONOGRAFIA ARTICULACOES;0205020062;ULTRASSONOGRAFIA DE ARTICULACAO;ADRIANA PATRICIA RODRIGUES;1990-05-31;MARIA SOCORRO RODRIGUES;700204900633227;03898305180;FEMININO;678224809;4;92;33;637;4;M238;OUTROS TRANSTORNOS INTERNOS DO JOELHO 
2026-07-27 16:46:41;500769;SAO GABRIEL DO OESTE;3400964;UNIDADE DE SAUDE DA FAMILIA RURAL VII;500769;SAO GABRIEL DO OESTE;1;1;2026-07-03 16:15:48;0230000;USG JOELHO ESQUERDO;0230000;GRUPO - ULTRASSONOGRAFIA ARTICULACOES;0205020062;ULTRASSONOGRAFIA DE ARTICULACAO;FLAVIO LUIZ POLGA;1982-05-02;AMELIA MARIA TOMAZONI POLGA;700007352214407;98902776115;MASCULINO;677085326;4;82;33;568;4;M23;TRANSTORNOS INTERNOS DOS JOELHOS
2026-07-27 16:46:41;500769;SAO GABRIEL DO OESTE;7333218;UNIDADE DE SAUDE DA FAMILIA X;500769;SAO GABRIEL DO OESTE;1;1;2026-07-01 16:30:06;0230000;USG JOELHO ESQUERDO;0230000;GRUPO - ULTRASSONOGRAFIA ARTICULACOES;0205020062;ULTRASSONOGRAFIA DE ARTICULACAO;CLAUDIO ROBERTO GOMES BORGES;1977-12-24;IZABEL GOMES BORGES;706009874983446;77992121104;MASCULINO;676589471;4;76;33;526;4;S836;ENTORSE E DISTENSAO DE OUTRAS PARTES E DAS NAO ESPECIFICADAS DO JOELHO 
2026-07-27 16:46:41;500769;SAO GABRIEL DO OESTE;7333218;UNIDADE DE SAUDE DA FAMILIA X;500769;SAO GABRIEL DO OESTE;1;1;2026-06-17 11:54:59;0230000;USG JOELHO ESQUERDO;0230000;GRUPO - ULTRASSONOGRAFIA ARTICULACOES;0205020062;ULTRASSONOGRAFIA DE ARTICULACAO;ANTONIO BARBOSA DA LUZ;1976-07-22;ANA HENRIQUETA BARBOSA SOUZA DA LUZ;704106253719080;18141939874;MASCULINO;673987248;4;61;33;422;4;M239;TRANSTORNO INTERNO NAO ESPECIFICADO DO JOELHO 
2026-07-27 16:46:41;500769;SAO GABRIEL DO OESTE;8176132;CASA ROSA;500769;SAO GABRIEL DO OESTE;1;1;2026-07-27 12:01:17;0230000;USG JOELHO ESQUERDO;0230000;GRUPO - ULTRASSONOGRAFIA ARTICULACOES;0205020062;ULTRASSONOGRAFIA DE ARTICULACAO;MARCOS VENICIUS FERRAZ DE CARVALHO;1985-11-28;TEREZINHA FERRAZ DA SILVA;708408200280663;01637564309;MASCULINO;681298021;4;150;33;1038;4;Z00;EXAME GERAL E INVESTIGACAO DE PESSOAS SEM QUEIXAS OU DIAGNOSTICO RELATADO
2026-07-27 16:46:41;500769;SAO GABRIEL DO OESTE;8176132;CASA ROSA;500769;SAO GABRIEL DO OESTE;1;1;2026-07-27 08:10:48;0230000;USG JOELHO ESQUERDO;0230000;GRUPO - ULTRASSONOGRAFIA ARTICULACOES;0205020062;ULTRASSONOGRAFIA DE ARTICULACAO;CAIO EDUARDO VARGAS COSTA;2001-08-18;ANA CAROLINA TEODORO DE VARGAS;700006900569204;09116845145;MASCULINO;681177135;4;144;33;997;4;Z00;EXAME GERAL E INVESTIGACAO DE PESSOAS SEM QUEIXAS OU DIAGNOSTICO RELATADO
2026-07-27 16:46:41;500769;SAO GABRIEL DO OESTE;7002084;UNIDADE DE SAUDE DA FAMILIA IX;500769;SAO GABRIEL DO OESTE;1;1;2026-07-22 09:26:44;0230000;USG JOELHO ESQUERDO;0230000;GRUPO - ULTRASSONOGRAFIA ARTICULACOES;0205020062;ULTRASSONOGRAFIA DE ARTICULACAO;SAFIRA DUTRA GUIMARAES;2013-08-07;ADRILENE DUTRA DOS SANTOS;704306518114996;08840009159;FEMININO;680438069;4;131;33;907;4;Z000;EXAME MEDICO GERAL 
2026-07-27 16:46:41;500769;SAO GABRIEL DO OESTE;2370964;UNIDADE DE SAUDE DA FAMILIA III;500769;SAO GABRIEL DO OESTE;1;1;2026-07-21 11:17:53;0230000;USG JOELHO ESQUERDO;0230000;GRUPO - ULTRASSONOGRAFIA ARTICULACOES;0205020062;ULTRASSONOGRAFIA DE ARTICULACAO;MISAEL TARSO DEFANTE DE SOUZA;2005-06-25;GISELA IONE DEFANTE DE SOUZA;708602010683786;08842377104;MASCULINO;680229261;4;121;33;838;4;S834;ENTORSE E DISTENSAO ENVOLVENDO LIGAMENTO COLATERAL (PERONIAL) (TIBIAL) DO JOELHO 
2026-07-27 16:46:41;500769;SAO GABRIEL DO OESTE;2370999;UNIDADE DE SAUDE DA FAMILIA FENIX IV;500769;SAO GABRIEL DO OESTE;1;1;2026-06-10 10:57:39;0230000;USG MAO ESQUERDA;0230000;GRUPO - ULTRASSONOGRAFIA ARTICULACOES;0205020062;ULTRASSONOGRAFIA DE ARTICULACAO;MARLENE FERREIRA DAS VIRGENS;1966-03-25;MARIA DE LOURDES FEREIRA DAS VIRGENS;706809258548422;25237737838;FEMININO;672567646;4;52;14;4680;0;Z000;EXAME MEDICO GERAL 
2026-07-27 16:46:41;500769;SAO GABRIEL DO OESTE;2370999;UNIDADE DE SAUDE DA FAMILIA FENIX IV;500769;SAO GABRIEL DO OESTE;1;1;2026-06-24 17:29:46;0230000;USG MAO ESQUERDA;0230000;GRUPO - ULTRASSONOGRAFIA ARTICULACOES;0205020062;ULTRASSONOGRAFIA DE ARTICULACAO;THIAGO HENRIQUE RAVANHANI DE CAMPOS;2007-03-05;MARIANA GARCIA RAVANHANI;705101313861140;54312319871;MASCULINO;675349986;4;70;14;6300;0;S63;LUXACAO, ENTORSE E DISTENSAO DAS ARTICULACOES E DOS LIGAMENTOS AO NIVEL DO PUNHO E DA MAO
2026-07-27 16:46:41;500769;SAO GABRIEL DO OESTE;8176132;CASA ROSA;500769;SAO GABRIEL DO OESTE;1;1;2026-07-21 10:37:31;0230000;USG MAO ESQUERDA;0230000;GRUPO - ULTRASSONOGRAFIA ARTICULACOES;0205020062;ULTRASSONOGRAFIA DE ARTICULACAO;NILSON JOSE DE JESUS;1973-09-13;MARIA LUCIA DE JESUS;707609258029093;58045902191;MASCULINO;680205423;4;118;14;10620;0;Z000;EXAME MEDICO GERAL 
2026-07-27 16:46:41;500769;SAO GABRIEL DO OESTE;7002084;UNIDADE DE SAUDE DA FAMILIA IX;500769;SAO GABRIEL DO OESTE;1;1;2026-05-19 16:26:21;0230000;USG OMBRO DIREITO;0230000;GRUPO - ULTRASSONOGRAFIA ARTICULACOES;0205020062;ULTRASSONOGRAFIA DE ARTICULACAO;LUCINEIA CANDIDA DO CARMO;1982-12-05;ANALICE CANDIDA DE OLIVEIRA;707102834184020;00669964140;FEMININO;668540077;4;2;40;9;7;M797;FIBROMIALGIA
2026-07-27 16:46:41;500769;SAO GABRIEL DO OESTE;2370999;UNIDADE DE SAUDE DA FAMILIA FENIX IV;500769;SAO GABRIEL DO OESTE;1;1;2026-06-10 10:57:39;0230000;USG OMBRO DIREITO;0230000;GRUPO - ULTRASSONOGRAFIA ARTICULACOES;0205020062;ULTRASSONOGRAFIA DE ARTICULACAO;MARLENE FERREIRA DAS VIRGENS;1966-03-25;MARIA DE LOURDES FEREIRA DAS VIRGENS;706809258548422;25237737838;FEMININO;672567646;4;52;40;234;7;Z000;EXAME MEDICO GERAL 
2026-07-27 16:46:41;500769;SAO GABRIEL DO OESTE;2370999;UNIDADE DE SAUDE DA FAMILIA FENIX IV;500769;SAO GABRIEL DO OESTE;1;1;2026-06-10 09:14:49;0230000;USG OMBRO DIREITO;0230000;GRUPO - ULTRASSONOGRAFIA ARTICULACOES;0205020062;ULTRASSONOGRAFIA DE ARTICULACAO;SILVANA PEREIRA DA SILVA;1979-12-25;MARIA DAS VIRGENS DO AMARAL SILVA;704303509381690;03227483130;FEMININO;672502454;4;50;40;225;7;R522;OUTRA DOR CRONICA 
2026-07-27 16:46:41;500769;SAO GABRIEL DO OESTE;2370964;UNIDADE DE SAUDE DA FAMILIA III;500769;SAO GABRIEL DO OESTE;1;1;2026-06-08 16:14:54;0230000;USG OMBRO DIREITO;0230000;GRUPO - ULTRASSONOGRAFIA ARTICULACOES;0205020062;ULTRASSONOGRAFIA DE ARTICULACAO;DIRCEU SILVA;1969-11-09;CLEMENTINA SILVA;705001296083859;48164330159;MASCULINO;672121464;4;48;40;216;7;M75;LESOES DO OMBRO
2026-07-27 16:46:41;500769;SAO GABRIEL DO OESTE;8176132;CASA ROSA;500769;SAO GABRIEL DO OESTE;1;1;2026-06-08 14:30:44;0230000;USG OMBRO DIREITO;0230000;GRUPO - ULTRASSONOGRAFIA ARTICULACOES;0205020062;ULTRASSONOGRAFIA DE ARTICULACAO;MARLENE DE BRITO MEDINA;1980-06-29;DIOCLEIA APARECIDA DE BRITO;705800405457632;04328146980;FEMININO;672067682;4;45;40;203;7;Z001;EXAME DE ROTINA DE SAUDE DA CRIANCA 
2026-07-27 16:46:41;500769;SAO GABRIEL DO OESTE;2370980;UNIDADE DE SAUDE DA FAMILIA JARDIM GRAMADO I;500769;SAO GABRIEL DO OESTE;1;1;2026-06-03 16:22:44;0230000;USG OMBRO DIREITO;0230000;GRUPO - ULTRASSONOGRAFIA ARTICULACOES;0205020062;ULTRASSONOGRAFIA DE ARTICULACAO;ANDREIA SOARES PEREIRA RIBEIRO;1985-02-16;MADALENA MONTESE PEREIRA;707403014062977;02863025198;FEMININO;671698564;4;43;40;194;7;M752;TENDINITE BICEPITAL 
2026-07-27 16:46:41;500769;SAO GABRIEL DO OESTE;2370999;UNIDADE DE SAUDE DA FAMILIA FENIX IV;500769;SAO GABRIEL DO OESTE;1;1;2026-06-02 16:42:04;0230000;USG OMBRO DIREITO;0230000;GRUPO - ULTRASSONOGRAFIA ARTICULACOES;0205020062;ULTRASSONOGRAFIA DE ARTICULACAO;LOCIDIO ANGELO DA COSTA;1972-01-06;JOANA DA COSTA;702407040766121;91566711134;MASCULINO;671421704;4;37;40;167;7;M255;DOR ARTICULAR 
2026-07-27 16:46:41;500769;SAO GABRIEL DO OESTE;2370972;UNIDADE DE SAUDE DA FAMILIA MILANE II;500769;SAO GABRIEL DO OESTE;1;1;2026-06-01 15:27:14;0230000;USG OMBRO DIREITO;0230000;GRUPO - ULTRASSONOGRAFIA ARTICULACOES;0205020062;ULTRASSONOGRAFIA DE ARTICULACAO;APARECIDA LEONDRINO;1979-01-20;TEREZA VITALINA LEONDRINO;706000327981346;05138564129;FEMININO;671082785;4;33;40;149;7;M797;FIBROMIALGIA
2026-07-27 16:46:41;500769;SAO GABRIEL DO OESTE;2370980;UNIDADE DE SAUDE DA FAMILIA JARDIM GRAMADO I;500769;SAO GABRIEL DO OESTE;1;1;2026-06-01 14:57:36;0230000;USG OMBRO DIREITO;0230000;GRUPO - ULTRASSONOGRAFIA ARTICULACOES;0205020062;ULTRASSONOGRAFIA DE ARTICULACAO;LUIS MIGUEL COELHO;1963-09-29;DORA DE MORAIS COELHO;700704948149479;34388346187;MASCULINO;671066440;4;32;40;144;7;M75;LESOES DO OMBRO
2026-07-27 16:46:41;500769;SAO GABRIEL DO OESTE;2370980;UNIDADE DE SAUDE DA FAMILIA JARDIM GRAMADO I;500769;SAO GABRIEL DO OESTE;1;1;2026-06-01 10:07:48;0230000;USG OMBRO DIREITO;0230000;GRUPO - ULTRASSONOGRAFIA ARTICULACOES;0205020062;ULTRASSONOGRAFIA DE ARTICULACAO;LUIZ FARIAS;1974-04-10;RAMONA GOMES;704607199083825;63874709191;MASCULINO;670926975;4;29;40;131;7;M75;LESOES DO OMBRO
2026-07-27 16:46:41;500769;SAO GABRIEL DO OESTE;8176132;CASA ROSA;500769;SAO GABRIEL DO OESTE;1;1;2026-05-29 16:40:57;0230000;USG OMBRO DIREITO;0230000;GRUPO - ULTRASSONOGRAFIA ARTICULACOES;0205020062;ULTRASSONOGRAFIA DE ARTICULACAO;IVANIR MAIA DOS SANTOS;1985-04-30;JANDIRA MAIA;700009323041208;02445185130;FEMININO;670783120;4;28;40;126;7;M796;DOR EM MEMBRO 
2026-07-27 16:46:41;500769;SAO GABRIEL DO OESTE;2370980;UNIDADE DE SAUDE DA FAMILIA JARDIM GRAMADO I;500769;SAO GABRIEL DO OESTE;1;1;2026-05-27 16:49:57;0230000;USG OMBRO DIREITO;0230000;GRUPO - ULTRASSONOGRAFIA ARTICULACOES;0205020062;ULTRASSONOGRAFIA DE ARTICULACAO;MOACIR COUTINHO;1963-06-21;CATARINA GONCALVES COUTINHO;700208952475227;47596856934;MASCULINO;670252343;4;23;40;104;7;M796;DOR EM MEMBRO 
2026-07-27 16:46:41;500769;SAO GABRIEL DO OESTE;2591359;UNIDADE DE SAUDE DA FAMILIA V;500769;SAO GABRIEL DO OESTE;1;1;2026-05-26 16:39:06;0230000;USG OMBRO DIREITO;0230000;GRUPO - ULTRASSONOGRAFIA ARTICULACOES;0205020062;ULTRASSONOGRAFIA DE ARTICULACAO;ELVIRA VALERIANO DA SILVA;1966-03-20;NILDA VALERIANO DA SILVA;700609908129960;43533167291;FEMININO;669952160;4;21;40;95;7;Z000;EXAME MEDICO GERAL 
2026-07-27 16:46:41;500769;SAO GABRIEL DO OESTE;7002084;UNIDADE DE SAUDE DA FAMILIA IX;500769;SAO GABRIEL DO OESTE;1;1;2026-05-26 15:42:07;0230000;USG OMBRO DIREITO;0230000;GRUPO - ULTRASSONOGRAFIA ARTICULACOES;0205020062;ULTRASSONOGRAFIA DE ARTICULACAO;JOSE PEREIRA;1946-10-12;LUZIA PEREIRA DO CARMO;709606636857679;10758429134;MASCULINO;669926631;4;20;40;90;7;M796;DOR EM MEMBRO 
2026-07-27 16:46:41;500769;SAO GABRIEL DO OESTE;3400964;UNIDADE DE SAUDE DA FAMILIA RURAL VII;500769;SAO GABRIEL DO OESTE;1;1;2026-05-26 09:51:43;0230000;USG OMBRO DIREITO;0230000;GRUPO - ULTRASSONOGRAFIA ARTICULACOES;0205020062;ULTRASSONOGRAFIA DE ARTICULACAO;JOSE VERALDO MATIAS;1965-04-18;FLORIVIA DE ANDRADE;700407948212648;65945050920;MASCULINO;669756413;4;18;40;81;7;M758;OUTRAS LESOES DO OMBRO 
2026-07-27 16:46:41;500769;SAO GABRIEL DO OESTE;7002084;UNIDADE DE SAUDE DA FAMILIA IX;500769;SAO GABRIEL DO OESTE;1;1;2026-05-25 15:42:52;0230000;USG OMBRO DIREITO;0230000;GRUPO - ULTRASSONOGRAFIA ARTICULACOES;0205020062;ULTRASSONOGRAFIA DE ARTICULACAO;ROSILENE ARRUDA SOARES;1986-12-23;CEZARINA BONIFACIA DE ARRUDA;707803640092613;02263463151;FEMININO;669627991;4;16;40;72;7;M796;DOR EM MEMBRO 
2026-07-27 16:46:41;500769;SAO GABRIEL DO OESTE;7333218;UNIDADE DE SAUDE DA FAMILIA X;500769;SAO GABRIEL DO OESTE;1;1;2026-05-25 10:20:44;0230000;USG OMBRO DIREITO;0230000;GRUPO - ULTRASSONOGRAFIA ARTICULACOES;0205020062;ULTRASSONOGRAFIA DE ARTICULACAO;GUILHERME MARCHESINI;1966-12-23;TEREZINHA DA ROCHA MARCHESINI;700001210676006;69324964968;MASCULINO;669479383;4;13;40;59;7;M759;LESAO NAO ESPECIFICADA DO OMBRO 
2026-07-27 16:46:41;500769;SAO GABRIEL DO OESTE;8176132;CASA ROSA;500769;SAO GABRIEL DO OESTE;1;1;2026-05-22 10:05:58;0230000;USG OMBRO DIREITO;0230000;GRUPO - ULTRASSONOGRAFIA ARTICULACOES;0205020062;ULTRASSONOGRAFIA DE ARTICULACAO;JACINTO GOMES SOBRINHO;1950-11-23;MARA INACIA GOMES;702003370647487;10514791187;MASCULINO;669190833;4;10;40;45;7;Z00;EXAME GERAL E INVESTIGACAO DE PESSOAS SEM QUEIXAS OU DIAGNOSTICO RELATADO
2026-07-27 16:46:41;500769;SAO GABRIEL DO OESTE;8176132;CASA ROSA;500769;SAO GABRIEL DO OESTE;1;1;2026-07-17 17:24:22;0230000;USG OMBRO DIREITO;0230000;GRUPO - ULTRASSONOGRAFIA ARTICULACOES;0205020062;ULTRASSONOGRAFIA DE ARTICULACAO;MARIA CONCEICAO MIRANDA;1960-09-18;MARILEIA RODRIGUES DA SILVA;706805757959823;48077569153;FEMININO;679789537;4;110;40;495;7;Z000;EXAME MEDICO GERAL 
2026-07-27 16:46:41;500769;SAO GABRIEL DO OESTE;8176132;CASA ROSA;500769;SAO GABRIEL DO OESTE;1;1;2026-07-17 16:34:15;0230000;USG OMBRO DIREITO;0230000;GRUPO - ULTRASSONOGRAFIA ARTICULACOES;0205020062;ULTRASSONOGRAFIA DE ARTICULACAO;SIMONE AVELAR FRANCA;1974-01-23;LUZIA AVELAR FRANCA;708607090453388;97669873191;FEMININO;679780746;4;109;40;491;7;Z000;EXAME MEDICO GERAL 
2026-07-27 16:46:41;500769;SAO GABRIEL DO OESTE;2370980;UNIDADE DE SAUDE DA FAMILIA JARDIM GRAMADO I;500769;SAO GABRIEL DO OESTE;1;1;2026-07-17 14:51:25;0230000;USG OMBRO DIREITO;0230000;GRUPO - ULTRASSONOGRAFIA ARTICULACOES;0205020062;ULTRASSONOGRAFIA DE ARTICULACAO;JESSICA SANTOS SILVA;1995-09-07;MARIA CORREIA DOS SANTOS;704205200511785;05999568528;FEMININO;679747058;4;107;40;482;7;D172;NEOPLASIA LIPOMATOSA BENIGNA DA PELE E TECIDO SUBCUTANEO DOS MEMBROS 
2026-07-27 16:46:41;500769;SAO GABRIEL DO OESTE;6452116;CENTRO DE ESPECIALIDADES MEDICAS;500769;SAO GABRIEL DO OESTE;1;1;2026-07-16 12:29:46;0230000;USG OMBRO DIREITO;0230000;GRUPO - ULTRASSONOGRAFIA ARTICULACOES;0205020062;ULTRASSONOGRAFIA DE ARTICULACAO;CLAUDIO LAPA;1954-03-28;ADENIR TEIXEIRA LAPA;700008733443909;25751522168;MASCULINO;679468080;4;103;40;464;7;M755;BURSITE DO OMBRO 
2026-07-27 16:46:41;500769;SAO GABRIEL DO OESTE;3400964;UNIDADE DE SAUDE DA FAMILIA RURAL VII;500769;SAO GABRIEL DO OESTE;1;1;2026-07-16 09:18:35;0230000;USG OMBRO DIREITO;0230000;GRUPO - ULTRASSONOGRAFIA ARTICULACOES;0205020062;ULTRASSONOGRAFIA DE ARTICULACAO;MARCIA APARECIDA DE OLIVEIRA ALVES;1978-07-30;IRACY DE OLIVEIRA ALVES;704605629518625;91472237153;FEMININO;679375243;4;102;40;459;7;Z000;EXAME MEDICO GERAL 
2026-07-27 16:46:41;500769;SAO GABRIEL DO OESTE;7333218;UNIDADE DE SAUDE DA FAMILIA X;500769;SAO GABRIEL DO OESTE;1;1;2026-07-14 16:06:58;0230000;USG OMBRO DIREITO;0230000;GRUPO - ULTRASSONOGRAFIA ARTICULACOES;0205020062;ULTRASSONOGRAFIA DE ARTICULACAO;JUZI KENNY FERREIRA DO AMARAL;1987-03-28;GENILZA FERREIRA DO AMARAL;703209646899894;03326509103;FEMININO;679017356;4;98;40;441;7;M759;LESAO NAO ESPECIFICADA DO OMBRO 
2026-07-27 16:46:41;500769;SAO GABRIEL DO OESTE;8176132;CASA ROSA;500769;SAO GABRIEL DO OESTE;1;1;2026-07-09 09:05:39;0230000;USG OMBRO DIREITO;0230000;GRUPO - ULTRASSONOGRAFIA ARTICULACOES;0205020062;ULTRASSONOGRAFIA DE ARTICULACAO;MARGARETE DA SILVA SOUZA;1973-10-30;MARIA PEREIRA DA SILVA;706701519761217;94962030191;FEMININO;678033719;4;89;40;401;7;Z001;EXAME DE ROTINA DE SAUDE DA CRIANCA 
2026-07-27 16:46:41;500769;SAO GABRIEL DO OESTE;5971055;UNIDADE DE SAUDE DA FAMILIA VIII;500769;SAO GABRIEL DO OESTE;1;1;2026-07-07 16:58:10;0230000;USG OMBRO DIREITO;0230000;GRUPO - ULTRASSONOGRAFIA ARTICULACOES;0205020062;ULTRASSONOGRAFIA DE ARTICULACAO;LUCILEIDE DOS ANJOS COSTA;1981-04-08;FLORIZA DOS ANJOS COSTA;705009269736852;00262540185;FEMININO;677694505;4;88;40;396;7;Z000;EXAME MEDICO GERAL 
2026-07-27 16:46:41;500769;SAO GABRIEL DO OESTE;2370980;UNIDADE DE SAUDE DA FAMILIA JARDIM GRAMADO I;500769;SAO GABRIEL DO OESTE;1;1;2026-07-07 15:43:17;0230000;USG OMBRO DIREITO;0230000;GRUPO - ULTRASSONOGRAFIA ARTICULACOES;0205020062;ULTRASSONOGRAFIA DE ARTICULACAO;ADRIANO MAFRA ROCHA;2002-07-17;MARILEIDE ALVES MAFRA;700008323041304;61844929345;MASCULINO;677665026;4;87;40;392;7;M759;LESAO NAO ESPECIFICADA DO OMBRO 
2026-07-27 16:46:41;500769;SAO GABRIEL DO OESTE;2370980;UNIDADE DE SAUDE DA FAMILIA JARDIM GRAMADO I;500769;SAO GABRIEL DO OESTE;1;1;2026-07-07 09:42:05;0230000;USG OMBRO DIREITO;0230000;GRUPO - ULTRASSONOGRAFIA ARTICULACOES;0205020062;ULTRASSONOGRAFIA DE ARTICULACAO;VALDELICE GORDIANO;1968-10-25;MARIA ALCANTARA DE OLIVEIRA GORDIANO;700005547416309;35255021172;FEMININO;677495976;4;86;40;387;7;M75;LESOES DO OMBRO
2026-07-27 16:46:41;500769;SAO GABRIEL DO OESTE;5971055;UNIDADE DE SAUDE DA FAMILIA VIII;500769;SAO GABRIEL DO OESTE;1;1;2026-07-06 10:35:33;0230000;USG OMBRO DIREITO;0230000;GRUPO - ULTRASSONOGRAFIA ARTICULACOES;0205020062;ULTRASSONOGRAFIA DE ARTICULACAO;MARIA LUCIANA DE BARROS;1972-07-06;MARIA JULIA DA CONCEICAO;700705967409473;78490022100;FEMININO;677241728;4;84;40;378;7;Z000;EXAME MEDICO GERAL 
2026-07-27 16:46:41;500769;SAO GABRIEL DO OESTE;2370999;UNIDADE DE SAUDE DA FAMILIA FENIX IV;500769;SAO GABRIEL DO OESTE;1;1;2026-07-02 16:20:11;0230000;USG OMBRO DIREITO;0230000;GRUPO - ULTRASSONOGRAFIA ARTICULACOES;0205020062;ULTRASSONOGRAFIA DE ARTICULACAO;LEONARDO MARTINS PEREIRA;2000-04-24;ADRIANA APARECIDA DA SILVA PEREIRA;704307592764894;05827444154;MASCULINO;676844015;4;80;40;360;7;R522;OUTRA DOR CRONICA 
2026-07-27 16:46:41;500769;SAO GABRIEL DO OESTE;7002084;UNIDADE DE SAUDE DA FAMILIA IX;500769;SAO GABRIEL DO OESTE;1;1;2026-06-30 09:14:58;0230000;USG OMBRO DIREITO;0230000;GRUPO - ULTRASSONOGRAFIA ARTICULACOES;0205020062;ULTRASSONOGRAFIA DE ARTICULACAO;FRANCISCA DE LIMA;1959-07-30;MINELVINA MARIA DA CONCEICAO;700404353638050;88336999434;FEMININO;676089068;4;74;40;333;7;Z000;EXAME MEDICO GERAL 
2026-07-27 16:46:41;500769;SAO GABRIEL DO OESTE;2591359;UNIDADE DE SAUDE DA FAMILIA V;500769;SAO GABRIEL DO OESTE;1;1;2026-06-22 15:24:25;0230000;USG OMBRO DIREITO;0230000;GRUPO - ULTRASSONOGRAFIA ARTICULACOES;0205020062;ULTRASSONOGRAFIA DE ARTICULACAO;VALDEANA FREITAS DA SILVA AFONSO;1983-09-21;MARIA LUCIMAR FREITAS DA SILVA;704606127490024;06026199632;FEMININO;674842077;4;68;40;306;7;M751;SINDROME DO MANGUITO ROTADOR 
2026-07-27 16:46:41;500769;SAO GABRIEL DO OESTE;2370980;UNIDADE DE SAUDE DA FAMILIA JARDIM GRAMADO I;500769;SAO GABRIEL DO OESTE;1;1;2026-06-19 15:21:52;0230000;USG OMBRO DIREITO;0230000;GRUPO - ULTRASSONOGRAFIA ARTICULACOES;0205020062;ULTRASSONOGRAFIA DE ARTICULACAO;ANA CAROLINA DA SILVA MATOS;2000-12-30;LILIAN DA SILVA LIMA;702503397594134;06800720127;FEMININO;674568174;4;65;40;293;7;M75;LESOES DO OMBRO
2026-07-27 16:46:41;500769;SAO GABRIEL DO OESTE;8176132;CASA ROSA;500769;SAO GABRIEL DO OESTE;1;1;2026-06-18 16:45:52;0230000;USG OMBRO DIREITO;0230000;GRUPO - ULTRASSONOGRAFIA ARTICULACOES;0205020062;ULTRASSONOGRAFIA DE ARTICULACAO;FABIO LEANDRO DE SOUZA LIMA;1977-07-09;BENEDITA DE SOUZA LIMA;700009435786108;25655749831;MASCULINO;674361015;4;63;40;284;7;M759;LESAO NAO ESPECIFICADA DO OMBRO 
2026-07-27 16:46:41;500769;SAO GABRIEL DO OESTE;8176132;CASA ROSA;500769;SAO GABRIEL DO OESTE;1;1;2026-06-11 10:09:10;0230000;USG OMBRO DIREITO;0230000;GRUPO - ULTRASSONOGRAFIA ARTICULACOES;0205020062;ULTRASSONOGRAFIA DE ARTICULACAO;IZABELLY RODRIGUES DINIZ;2006-12-14;PATRICIA PEREIRA RODRIGUES;709205259675734;07384862132;FEMININO;672822540;4;56;40;252;7;Z001;EXAME DE ROTINA DE SAUDE DA CRIANCA 
2026-07-27 16:46:41;500769;SAO GABRIEL DO OESTE;7002084;UNIDADE DE SAUDE DA FAMILIA IX;500769;SAO GABRIEL DO OESTE;1;1;2026-07-24 10:40:21;0230000;USG OMBRO DIREITO;0230000;GRUPO - ULTRASSONOGRAFIA ARTICULACOES;0205020062;ULTRASSONOGRAFIA DE ARTICULACAO;LARA MARIANA DE SOUZA;2006-06-30;CUSTODIA PEREIRA DE SOUZA;704002334694166;11050413105;FEMININO;680993365;4;141;40;635;7;Z000;EXAME MEDICO GERAL 
2026-07-27 16:46:41;500769;SAO GABRIEL DO OESTE;8176132;CASA ROSA;500769;SAO GABRIEL DO OESTE;1;1;2026-07-22 11:46:04;0230000;USG OMBRO DIREITO;0230000;GRUPO - ULTRASSONOGRAFIA ARTICULACOES;0205020062;ULTRASSONOGRAFIA DE ARTICULACAO;LUCIMAR FERREIRA GONCALVES;1977-02-03;NEUZA GONCALVES FERREIRA;703404180197400;97815128149;FEMININO;680519233;4;135;40;608;7;M759;LESAO NAO ESPECIFICADA DO OMBRO 
2026-07-27 16:46:41;500769;SAO GABRIEL DO OESTE;8176132;CASA ROSA;500769;SAO GABRIEL DO OESTE;1;1;2026-07-21 17:33:15;0230000;USG OMBRO DIREITO;0230000;GRUPO - ULTRASSONOGRAFIA ARTICULACOES;0205020062;ULTRASSONOGRAFIA DE ARTICULACAO;RN DE JANAINA DE MORAES RODRIGUES;2026-01-27;JANAINA DE MORAIS RODRIGUES;898006435853438;;FEMININO;680368833;4;129;40;581;7;Z000;EXAME MEDICO GERAL 
2026-07-27 16:46:41;500769;SAO GABRIEL DO OESTE;8176132;CASA ROSA;500769;SAO GABRIEL DO OESTE;1;1;2026-07-21 11:46:16;0230000;USG OMBRO DIREITO;0230000;GRUPO - ULTRASSONOGRAFIA ARTICULACOES;0205020062;ULTRASSONOGRAFIA DE ARTICULACAO;NILVACIR SANTOS DELGUINGARO;1984-11-28;LUZIA SANTOS DELGUINGARO;708103520684631;01223757188;FEMININO;680243819;4;123;40;554;7;Z000;EXAME MEDICO GERAL 
2026-07-27 16:46:41;500769;SAO GABRIEL DO OESTE;8176132;CASA ROSA;500769;SAO GABRIEL DO OESTE;1;1;2026-07-21 11:00:08;0230000;USG OMBRO DIREITO;0230000;GRUPO - ULTRASSONOGRAFIA ARTICULACOES;0205020062;ULTRASSONOGRAFIA DE ARTICULACAO;ARIANA CHIMENES DIAS;1984-07-12;DELOSSANTA CHIMENES DIAS;700607464486969;07497658956;FEMININO;680219446;4;120;40;540;7;Z000;EXAME MEDICO GERAL 
2026-07-27 16:46:41;500769;SAO GABRIEL DO OESTE;5971055;UNIDADE DE SAUDE DA FAMILIA VIII;500769;SAO GABRIEL DO OESTE;1;1;2026-07-21 10:27:08;0230000;USG OMBRO DIREITO;0230000;GRUPO - ULTRASSONOGRAFIA ARTICULACOES;0205020062;ULTRASSONOGRAFIA DE ARTICULACAO;VALDEIR SANTANA;1978-08-27;APARECIDA JANCINTO SANTANA;708000892440724;83482164134;MASCULINO;680198916;4;117;40;527;7;Z000;EXAME MEDICO GERAL 
2026-07-27 16:46:41;500769;SAO GABRIEL DO OESTE;8176132;CASA ROSA;500769;SAO GABRIEL DO OESTE;1;1;2026-07-21 09:09:47;0230000;USG OMBRO DIREITO;0230000;GRUPO - ULTRASSONOGRAFIA ARTICULACOES;0205020062;ULTRASSONOGRAFIA DE ARTICULACAO;ANTONIO ALVES DA SILVA;1952-01-05;DOLINA PEREIRA DO AMARAL;704503374647912;71599717107;MASCULINO;680152618;4;114;40;513;7;Z000;EXAME MEDICO GERAL 
2026-07-27 16:46:41;500769;SAO GABRIEL DO OESTE;8176132;CASA ROSA;500769;SAO GABRIEL DO OESTE;1;1;2026-05-20 16:49:06;0230000;USG OMBRO ESQUERDO;0230000;GRUPO - ULTRASSONOGRAFIA ARTICULACOES;0205020062;ULTRASSONOGRAFIA DE ARTICULACAO;ADELSON RODRIGUES SILVINO;1972-03-12;FRANCISCA RODRIGUES SILVINO;702808170639860;02001740107;MASCULINO;668828630;4;8;36;40;6;Z00;EXAME GERAL E INVESTIGACAO DE PESSOAS SEM QUEIXAS OU DIAGNOSTICO RELATADO
2026-07-27 16:46:41;500769;SAO GABRIEL DO OESTE;7002084;UNIDADE DE SAUDE DA FAMILIA IX;500769;SAO GABRIEL DO OESTE;1;1;2026-05-19 16:26:21;0230000;USG OMBRO ESQUERDO;0230000;GRUPO - ULTRASSONOGRAFIA ARTICULACOES;0205020062;ULTRASSONOGRAFIA DE ARTICULACAO;LUCINEIA CANDIDA DO CARMO;1982-12-05;ANALICE CANDIDA DE OLIVEIRA;707102834184020;00669964140;FEMININO;668540077;4;2;36;10;6;M797;FIBROMIALGIA
2026-07-27 16:46:41;500769;SAO GABRIEL DO OESTE;3400964;UNIDADE DE SAUDE DA FAMILIA RURAL VII;500769;SAO GABRIEL DO OESTE;1;1;2026-06-08 09:23:25;0230000;USG OMBRO ESQUERDO;0230000;GRUPO - ULTRASSONOGRAFIA ARTICULACOES;0205020062;ULTRASSONOGRAFIA DE ARTICULACAO;VICTOR HUGO RODRIGUES LINO MALHEIROS;2004-05-23;JULIANA QUENTANA ALVES RODRIGUES;704206218638389;09278582158;MASCULINO;671917415;4;44;36;220;6;M759;LESAO NAO ESPECIFICADA DO OMBRO 
2026-07-27 16:46:41;500769;SAO GABRIEL DO OESTE;2370980;UNIDADE DE SAUDE DA FAMILIA JARDIM GRAMADO I;500769;SAO GABRIEL DO OESTE;1;1;2026-06-03 16:22:44;0230000;USG OMBRO ESQUERDO;0230000;GRUPO - ULTRASSONOGRAFIA ARTICULACOES;0205020062;ULTRASSONOGRAFIA DE ARTICULACAO;ANDREIA SOARES PEREIRA RIBEIRO;1985-02-16;MADALENA MONTESE PEREIRA;707403014062977;02863025198;FEMININO;671698564;4;43;36;215;6;M752;TENDINITE BICEPITAL 
2026-07-27 16:46:41;500769;SAO GABRIEL DO OESTE;2370999;UNIDADE DE SAUDE DA FAMILIA FENIX IV;500769;SAO GABRIEL DO OESTE;1;1;2026-06-02 16:42:04;0230000;USG OMBRO ESQUERDO;0230000;GRUPO - ULTRASSONOGRAFIA ARTICULACOES;0205020062;ULTRASSONOGRAFIA DE ARTICULACAO;LOCIDIO ANGELO DA COSTA;1972-01-06;JOANA DA COSTA;702407040766121;91566711134;MASCULINO;671421704;4;37;36;185;6;M255;DOR ARTICULAR 
2026-07-27 16:46:41;500769;SAO GABRIEL DO OESTE;2370972;UNIDADE DE SAUDE DA FAMILIA MILANE II;500769;SAO GABRIEL DO OESTE;1;1;2026-06-01 15:27:14;0230000;USG OMBRO ESQUERDO;0230000;GRUPO - ULTRASSONOGRAFIA ARTICULACOES;0205020062;ULTRASSONOGRAFIA DE ARTICULACAO;APARECIDA LEONDRINO;1979-01-20;TEREZA VITALINA LEONDRINO;706000327981346;05138564129;FEMININO;671082785;4;33;36;165;6;M797;FIBROMIALGIA
2026-07-27 16:46:41;500769;SAO GABRIEL DO OESTE;3400964;UNIDADE DE SAUDE DA FAMILIA RURAL VII;500769;SAO GABRIEL DO OESTE;1;1;2026-06-01 10:14:38;0230000;USG OMBRO ESQUERDO;0230000;GRUPO - ULTRASSONOGRAFIA ARTICULACOES;0205020062;ULTRASSONOGRAFIA DE ARTICULACAO;LUCI MARA RODRIGUES CHAVES;1963-10-03;ADIR REDUZINO PEREIRA DA SILVA;703501051113630;39093409115;FEMININO;670931587;4;30;36;150;6;Z000;EXAME MEDICO GERAL 
2026-07-27 16:46:41;500769;SAO GABRIEL DO OESTE;2370964;UNIDADE DE SAUDE DA FAMILIA III;500769;SAO GABRIEL DO OESTE;1;1;2026-05-29 08:11:26;0230000;USG OMBRO ESQUERDO;0230000;GRUPO - ULTRASSONOGRAFIA ARTICULACOES;0205020062;ULTRASSONOGRAFIA DE ARTICULACAO;CRISTIANE AGUIAR PORTILHO;1982-06-01;CREUZA AGUIAR PORTILHO;709201269837830;72650338172;FEMININO;670573038;4;26;36;130;6;M75;LESOES DO OMBRO
2026-07-27 16:46:41;500769;SAO GABRIEL DO OESTE;2370964;UNIDADE DE SAUDE DA FAMILIA III;500769;SAO GABRIEL DO OESTE;1;1;2026-05-27 15:09:58;0230000;USG OMBRO ESQUERDO;0230000;GRUPO - ULTRASSONOGRAFIA ARTICULACOES;0205020062;ULTRASSONOGRAFIA DE ARTICULACAO;ROSA LAURA ALVES PAIVA;1976-08-04;LEONILDES ALVES DE PAIVA;708201639213048;69635650159;FEMININO;670208095;4;22;36;110;6;M75;LESOES DO OMBRO
2026-07-27 16:46:41;500769;SAO GABRIEL DO OESTE;2591359;UNIDADE DE SAUDE DA FAMILIA V;500769;SAO GABRIEL DO OESTE;1;1;2026-05-26 16:39:06;0230000;USG OMBRO ESQUERDO;0230000;GRUPO - ULTRASSONOGRAFIA ARTICULACOES;0205020062;ULTRASSONOGRAFIA DE ARTICULACAO;ELVIRA VALERIANO DA SILVA;1966-03-20;NILDA VALERIANO DA SILVA;700609908129960;43533167291;FEMININO;669952160;4;21;36;105;6;Z000;EXAME MEDICO GERAL 
2026-07-27 16:46:41;500769;SAO GABRIEL DO OESTE;7002084;UNIDADE DE SAUDE DA FAMILIA IX;500769;SAO GABRIEL DO OESTE;1;1;2026-05-26 15:42:07;0230000;USG OMBRO ESQUERDO;0230000;GRUPO - ULTRASSONOGRAFIA ARTICULACOES;0205020062;ULTRASSONOGRAFIA DE ARTICULACAO;JOSE PEREIRA;1946-10-12;LUZIA PEREIRA DO CARMO;709606636857679;10758429134;MASCULINO;669926631;4;20;36;100;6;M796;DOR EM MEMBRO 
2026-07-27 16:46:41;500769;SAO GABRIEL DO OESTE;2370980;UNIDADE DE SAUDE DA FAMILIA JARDIM GRAMADO I;500769;SAO GABRIEL DO OESTE;1;1;2026-05-25 09:37:53;0230000;USG OMBRO ESQUERDO;0230000;GRUPO - ULTRASSONOGRAFIA ARTICULACOES;0205020062;ULTRASSONOGRAFIA DE ARTICULACAO;OSCAR SOUZA DE OLIVEIRA;1965-06-20;JOANA SOUZA DE OLIVEIRA;700504722233454;66209161120;MASCULINO;669450873;4;12;36;60;6;M75;LESOES DO OMBRO
2026-07-27 16:46:41;500769;SAO GABRIEL DO OESTE;8176132;CASA ROSA;500769;SAO GABRIEL DO OESTE;1;1;2026-07-17 16:04:32;0230000;USG OMBRO ESQUERDO;0230000;GRUPO - ULTRASSONOGRAFIA ARTICULACOES;0205020062;ULTRASSONOGRAFIA DE ARTICULACAO;EUILSON FREIRES SALES;1968-11-17;MARIA DE JESUS FREIRES SALES;708608056654180;44512830197;MASCULINO;679772733;4;108;36;540;6;Z000;EXAME MEDICO GERAL 
2026-07-27 16:46:41;500769;SAO GABRIEL DO OESTE;2370980;UNIDADE DE SAUDE DA FAMILIA JARDIM GRAMADO I;500769;SAO GABRIEL DO OESTE;1;1;2026-07-17 14:51:25;0230000;USG OMBRO ESQUERDO;0230000;GRUPO - ULTRASSONOGRAFIA ARTICULACOES;0205020062;ULTRASSONOGRAFIA DE ARTICULACAO;JESSICA SANTOS SILVA;1995-09-07;MARIA CORREIA DOS SANTOS;704205200511785;05999568528;FEMININO;679747058;4;107;36;535;6;D172;NEOPLASIA LIPOMATOSA BENIGNA DA PELE E TECIDO SUBCUTANEO DOS MEMBROS 
2026-07-27 16:46:41;500769;SAO GABRIEL DO OESTE;6452116;CENTRO DE ESPECIALIDADES MEDICAS;500769;SAO GABRIEL DO OESTE;1;1;2026-07-16 12:29:46;0230000;USG OMBRO ESQUERDO;0230000;GRUPO - ULTRASSONOGRAFIA ARTICULACOES;0205020062;ULTRASSONOGRAFIA DE ARTICULACAO;CLAUDIO LAPA;1954-03-28;ADENIR TEIXEIRA LAPA;700008733443909;25751522168;MASCULINO;679468080;4;103;36;515;6;M755;BURSITE DO OMBRO 
2026-07-27 16:46:41;500769;SAO GABRIEL DO OESTE;7333218;UNIDADE DE SAUDE DA FAMILIA X;500769;SAO GABRIEL DO OESTE;1;1;2026-07-14 16:06:58;0230000;USG OMBRO ESQUERDO;0230000;GRUPO - ULTRASSONOGRAFIA ARTICULACOES;0205020062;ULTRASSONOGRAFIA DE ARTICULACAO;JUZI KENNY FERREIRA DO AMARAL;1987-03-28;GENILZA FERREIRA DO AMARAL;703209646899894;03326509103;FEMININO;679017356;4;98;36;490;6;M759;LESAO NAO ESPECIFICADA DO OMBRO 
2026-07-27 16:46:41;500769;SAO GABRIEL DO OESTE;2370972;UNIDADE DE SAUDE DA FAMILIA MILANE II;500769;SAO GABRIEL DO OESTE;1;1;2026-07-14 09:44:35;0230000;USG OMBRO ESQUERDO;0230000;GRUPO - ULTRASSONOGRAFIA ARTICULACOES;0205020062;ULTRASSONOGRAFIA DE ARTICULACAO;LEDA VANIA CONCEICAO DA SILVA;1981-10-22;IVONE MARIA DA SILVA;702407044944725;04142287150;FEMININO;678842863;4;95;36;475;6;M759;LESAO NAO ESPECIFICADA DO OMBRO 
2026-07-27 16:46:41;500769;SAO GABRIEL DO OESTE;5971055;UNIDADE DE SAUDE DA FAMILIA VIII;500769;SAO GABRIEL DO OESTE;1;1;2026-07-07 16:58:10;0230000;USG OMBRO ESQUERDO;0230000;GRUPO - ULTRASSONOGRAFIA ARTICULACOES;0205020062;ULTRASSONOGRAFIA DE ARTICULACAO;LUCILEIDE DOS ANJOS COSTA;1981-04-08;FLORIZA DOS ANJOS COSTA;705009269736852;00262540185;FEMININO;677694505;4;88;36;440;6;Z000;EXAME MEDICO GERAL 
2026-07-27 16:46:41;500769;SAO GABRIEL DO OESTE;8176132;CASA ROSA;500769;SAO GABRIEL DO OESTE;1;1;2026-06-18 16:45:52;0230000;USG OMBRO ESQUERDO;0230000;GRUPO - ULTRASSONOGRAFIA ARTICULACOES;0205020062;ULTRASSONOGRAFIA DE ARTICULACAO;FABIO LEANDRO DE SOUZA LIMA;1977-07-09;BENEDITA DE SOUZA LIMA;700009435786108;25655749831;MASCULINO;674361015;4;63;36;315;6;M759;LESAO NAO ESPECIFICADA DO OMBRO 
2026-07-27 16:46:41;500769;SAO GABRIEL DO OESTE;7002084;UNIDADE DE SAUDE DA FAMILIA IX;500769;SAO GABRIEL DO OESTE;1;1;2026-07-27 08:37:29;0230000;USG OMBRO ESQUERDO;0230000;GRUPO - ULTRASSONOGRAFIA ARTICULACOES;0205020062;ULTRASSONOGRAFIA DE ARTICULACAO;ROSANA FELICIO DA SILVA;1987-03-05;TEREZINHA FELICIO DE JESUS;707005879715134;03597109136;FEMININO;681188356;4;146;36;730;6;M755;BURSITE DO OMBRO 
2026-07-27 16:46:41;500769;SAO GABRIEL DO OESTE;8176132;CASA ROSA;500769;SAO GABRIEL DO OESTE;1;1;2026-07-24 14:46:34;0230000;USG OMBRO ESQUERDO;0230000;GRUPO - ULTRASSONOGRAFIA ARTICULACOES;0205020062;ULTRASSONOGRAFIA DE ARTICULACAO;MARCIA XAVIER DOS SANTOS;1977-10-18;TEREZA MARIA DE MACEDO DOS SANTOS;706407612315483;05047195996;FEMININO;681074973;4;143;36;715;6;Z00;EXAME GERAL E INVESTIGACAO DE PESSOAS SEM QUEIXAS OU DIAGNOSTICO RELATADO
2026-07-27 16:46:41;500769;SAO GABRIEL DO OESTE;3400964;UNIDADE DE SAUDE DA FAMILIA RURAL VII;500769;SAO GABRIEL DO OESTE;1;1;2026-07-22 16:12:17;0230000;USG OMBRO ESQUERDO;0230000;GRUPO - ULTRASSONOGRAFIA ARTICULACOES;0205020062;ULTRASSONOGRAFIA DE ARTICULACAO;ALDINEI EPIFANIO ALVES;1984-08-05;ELZA ALVES DE OLIVEIRA;708105859103610;98699474172;MASCULINO;680621257;4;137;36;685;6;M758;OUTRAS LESOES DO OMBRO 
2026-07-27 16:46:41;500769;SAO GABRIEL DO OESTE;7002084;UNIDADE DE SAUDE DA FAMILIA IX;500769;SAO GABRIEL DO OESTE;1;1;2026-07-22 11:44:30;0230000;USG OMBRO ESQUERDO;0230000;GRUPO - ULTRASSONOGRAFIA ARTICULACOES;0205020062;ULTRASSONOGRAFIA DE ARTICULACAO;ROSA HELENA POMPEU DA SILVA;1972-03-19;SIBILA STUDZINSKI DA SILVA;700002067130905;82249750106;FEMININO;680518532;4;133;36;665;6;Z010;EXAME DOS OLHOS E DA VISAO 
2026-07-27 16:46:41;500769;SAO GABRIEL DO OESTE;2591359;UNIDADE DE SAUDE DA FAMILIA V;500769;SAO GABRIEL DO OESTE;1;1;2026-07-22 09:13:12;0230000;USG OMBRO ESQUERDO;0230000;GRUPO - ULTRASSONOGRAFIA ARTICULACOES;0205020062;ULTRASSONOGRAFIA DE ARTICULACAO;VALDIR TURATO;1953-08-13;ELIZABETHA TURATO;705608429775315;25138154915;MASCULINO;680430451;4;130;36;650;6;S461;TRAUMATISMO DO MUSCULO E TENDAO DA CABECA LONGA DO BICEPS 
2026-07-27 16:46:41;500769;SAO GABRIEL DO OESTE;6354265;CENTRAL DE REGULACAO DE SAO GABRIEL DO OESTE;500769;SAO GABRIEL DO OESTE;1;1;2026-07-21 14:11:05;0230000;USG OMBRO ESQUERDO;0230000;GRUPO - ULTRASSONOGRAFIA ARTICULACOES;0205020062;ULTRASSONOGRAFIA DE ARTICULACAO;SALETHE PEREIRA DE LIMA;1948-07-26;IRMA PEREIRA DE LIMA;708002870124821;14832852191;FEMININO;680290747;4;124;36;620;6;S400;CONTUSAO DO OMBRO E DO BRACO 
2026-07-27 16:46:41;500769;SAO GABRIEL DO OESTE;8176132;CASA ROSA;500769;SAO GABRIEL DO OESTE;1;1;2026-07-21 11:46:16;0230000;USG OMBRO ESQUERDO;0230000;GRUPO - ULTRASSONOGRAFIA ARTICULACOES;0205020062;ULTRASSONOGRAFIA DE ARTICULACAO;NILVACIR SANTOS DELGUINGARO;1984-11-28;LUZIA SANTOS DELGUINGARO;708103520684631;01223757188;FEMININO;680243819;4;123;36;615;6;Z000;EXAME MEDICO GERAL 
2026-07-27 16:46:41;500769;SAO GABRIEL DO OESTE;8176132;CASA ROSA;500769;SAO GABRIEL DO OESTE;1;1;2026-07-17 17:24:22;0230000;USG OMBRO ESQUERDO;0230000;GRUPO - ULTRASSONOGRAFIA ARTICULACOES;0205020062;ULTRASSONOGRAFIA DE ARTICULACAO;MARIA CONCEICAO MIRANDA;1960-09-18;MARILEIA RODRIGUES DA SILVA;706805757959823;48077569153;FEMININO;679789537;4;110;36;550;6;Z000;EXAME MEDICO GERAL 
2026-07-27 16:46:41;500769;SAO GABRIEL DO OESTE;2370999;UNIDADE DE SAUDE DA FAMILIA FENIX IV;500769;SAO GABRIEL DO OESTE;1;1;2026-07-06 17:18:01;0230000;USG PE DIREITO;0230000;GRUPO - ULTRASSONOGRAFIA ARTICULACOES;0205020062;ULTRASSONOGRAFIA DE ARTICULACAO;JOCENIR APARECIDA ANGELO;1967-03-21;TERESA NAZARIO ANGELO;708404267582862;08998350823;FEMININO;677412957;4;85;39;3825;1;R522;OUTRA DOR CRONICA 
2026-07-27 16:46:41;500769;SAO GABRIEL DO OESTE;2370980;UNIDADE DE SAUDE DA FAMILIA JARDIM GRAMADO I;500769;SAO GABRIEL DO OESTE;1;1;2026-05-20 15:11:19;0230000;USG PUNHO DIREITO;0230000;GRUPO - ULTRASSONOGRAFIA ARTICULACOES;0205020062;ULTRASSONOGRAFIA DE ARTICULACAO;RAIMUNDA GORETE DE OLIVEIRA FEITOSA;1972-08-02;MARIA TELMA SANTIAGO DE OLIVEIRA;704502392379311;90388321253;FEMININO;668787895;4;7;42;57;4;M796;DOR EM MEMBRO 
2026-07-27 16:46:41;500769;SAO GABRIEL DO OESTE;7002084;UNIDADE DE SAUDE DA FAMILIA IX;500769;SAO GABRIEL DO OESTE;1;1;2026-05-19 16:27:44;0230000;USG PUNHO DIREITO;0230000;GRUPO - ULTRASSONOGRAFIA ARTICULACOES;0205020062;ULTRASSONOGRAFIA DE ARTICULACAO;LUCINEIA CANDIDA DO CARMO;1982-12-05;ANALICE CANDIDA DE OLIVEIRA;707102834184020;00669964140;FEMININO;668540600;4;3;42;25;4;M797;FIBROMIALGIA
2026-07-27 16:46:41;500769;SAO GABRIEL DO OESTE;3400964;UNIDADE DE SAUDE DA FAMILIA RURAL VII;500769;SAO GABRIEL DO OESTE;1;1;2026-06-10 14:32:54;0230000;USG PUNHO DIREITO;0230000;GRUPO - ULTRASSONOGRAFIA ARTICULACOES;0205020062;ULTRASSONOGRAFIA DE ARTICULACAO;IZABEL FERREIRA DA SILVA;1967-04-04;GUILHERMINA FERREIRA DA SILVA;703608052842739;96931698168;FEMININO;672654143;4;54;42;442;4;Z000;EXAME MEDICO GERAL 
2026-07-27 16:46:41;500769;SAO GABRIEL DO OESTE;2370972;UNIDADE DE SAUDE DA FAMILIA MILANE II;500769;SAO GABRIEL DO OESTE;1;1;2026-06-08 15:12:25;0230000;USG PUNHO DIREITO;0230000;GRUPO - ULTRASSONOGRAFIA ARTICULACOES;0205020062;ULTRASSONOGRAFIA DE ARTICULACAO;ORLANDO CAVALCANTE DIAS;1962-03-24;QUITERIA CAVALCANTE DIAS;708608567201084;44314744987;FEMININO;672090150;4;47;42;385;4;Z000;EXAME MEDICO GERAL 
2026-07-27 16:46:41;500769;SAO GABRIEL DO OESTE;2370999;UNIDADE DE SAUDE DA FAMILIA FENIX IV;500769;SAO GABRIEL DO OESTE;1;1;2026-06-02 16:44:21;0230000;USG PUNHO DIREITO;0230000;GRUPO - ULTRASSONOGRAFIA ARTICULACOES;0205020062;ULTRASSONOGRAFIA DE ARTICULACAO;LOCIDIO ANGELO DA COSTA;1972-01-06;JOANA DA COSTA;702407040766121;91566711134;MASCULINO;671422536;4;39;42;319;4;M255;DOR ARTICULAR 
2026-07-27 16:46:41;500769;SAO GABRIEL DO OESTE;5971055;UNIDADE DE SAUDE DA FAMILIA VIII;500769;SAO GABRIEL DO OESTE;1;1;2026-06-01 11:06:45;0230000;USG PUNHO DIREITO;0230000;GRUPO - ULTRASSONOGRAFIA ARTICULACOES;0205020062;ULTRASSONOGRAFIA DE ARTICULACAO;SILVIA REGINA MELO DOS SANTOS LARA;1974-05-04;APARECIDA MELO DOS SANTOS;700803977582485;86804332172;FEMININO;670967704;4;31;42;254;4;Z000;EXAME MEDICO GERAL 
2026-07-27 16:46:41;500769;SAO GABRIEL DO OESTE;2370964;UNIDADE DE SAUDE DA FAMILIA III;500769;SAO GABRIEL DO OESTE;1;1;2026-05-29 10:08:17;0230000;USG PUNHO DIREITO;0230000;GRUPO - ULTRASSONOGRAFIA ARTICULACOES;0205020062;ULTRASSONOGRAFIA DE ARTICULACAO;LEIDIANE CORDEIRO ASSUNCAO;1983-12-29;MARY LUCY DE ASSUNCAO SILVA;709800056542799;01978868332;FEMININO;670631906;4;27;42;221;4;G560;SINDROME DO TUNEL DO CARPO 
2026-07-27 16:46:41;500769;SAO GABRIEL DO OESTE;8176132;CASA ROSA;500769;SAO GABRIEL DO OESTE;1;1;2026-05-26 10:03:00;0230000;USG PUNHO DIREITO;0230000;GRUPO - ULTRASSONOGRAFIA ARTICULACOES;0205020062;ULTRASSONOGRAFIA DE ARTICULACAO;LUIZ CARLOS CAIRES LOPES;1962-08-26;DARCI DE CAIRES LOPES;708202672814846;04360207859;MASCULINO;669764143;4;19;42;155;4;Z00;EXAME GERAL E INVESTIGACAO DE PESSOAS SEM QUEIXAS OU DIAGNOSTICO RELATADO
2026-07-27 16:46:41;500769;SAO GABRIEL DO OESTE;8176132;CASA ROSA;500769;SAO GABRIEL DO OESTE;1;1;2026-07-17 08:31:45;0230000;USG PUNHO DIREITO;0230000;GRUPO - ULTRASSONOGRAFIA ARTICULACOES;0205020062;ULTRASSONOGRAFIA DE ARTICULACAO;PEDRO FERREIRA DE SOUZA;1999-01-27;VILMA ESPINDOLA DE SOUZA;706207000735165;07765674110;MASCULINO;679601113;4;105;42;859;4;Z001;EXAME DE ROTINA DE SAUDE DA CRIANCA 
2026-07-27 16:46:41;500769;SAO GABRIEL DO OESTE;3400964;UNIDADE DE SAUDE DA FAMILIA RURAL VII;500769;SAO GABRIEL DO OESTE;1;1;2026-07-09 16:33:10;0230000;USG PUNHO DIREITO;0230000;GRUPO - ULTRASSONOGRAFIA ARTICULACOES;0205020062;ULTRASSONOGRAFIA DE ARTICULACAO;CRISTIANE FERREIRA DOS SANTOS;1980-10-21;JASMIRA PONCES;700602950341968;71646370163;FEMININO;678222652;4;91;42;745;4;G560;SINDROME DO TUNEL DO CARPO 
2026-07-27 16:46:41;500769;SAO GABRIEL DO OESTE;2370980;UNIDADE DE SAUDE DA FAMILIA JARDIM GRAMADO I;500769;SAO GABRIEL DO OESTE;1;1;2026-07-09 11:08:32;0230000;USG PUNHO DIREITO;0230000;GRUPO - ULTRASSONOGRAFIA ARTICULACOES;0205020062;ULTRASSONOGRAFIA DE ARTICULACAO;CRISLAINE DE OLIVEIRA RODRIGUES;1994-09-09;RAIMUNDA RODRIGUES DE OLIVEIRA;708605037235388;05237834183;FEMININO;678103788;4;90;42;736;4;M255;DOR ARTICULAR 
2026-07-27 16:46:41;500769;SAO GABRIEL DO OESTE;8176132;CASA ROSA;500769;SAO GABRIEL DO OESTE;1;1;2026-06-26 14:57:42;0230000;USG PUNHO DIREITO;0230000;GRUPO - ULTRASSONOGRAFIA ARTICULACOES;0205020062;ULTRASSONOGRAFIA DE ARTICULACAO;FRANCISCA ROCHELLE CAVALCANTE SOUSA;1980-01-06;MARIA CAVALCANTE SOUSA;700006598311505;93720564134;FEMININO;675804526;4;71;42;581;4;Z00;EXAME GERAL E INVESTIGACAO DE PESSOAS SEM QUEIXAS OU DIAGNOSTICO RELATADO
2026-07-27 16:46:41;500769;SAO GABRIEL DO OESTE;8176132;CASA ROSA;500769;SAO GABRIEL DO OESTE;1;1;2026-06-22 09:29:08;0230000;USG PUNHO DIREITO;0230000;GRUPO - ULTRASSONOGRAFIA ARTICULACOES;0205020062;ULTRASSONOGRAFIA DE ARTICULACAO;KAIQUE MARINO DE ARUDA BAIRROS;2008-08-07;CLAUDIANE DIAS ARUDA;708100570272830;08740881199;MASCULINO;674687413;4;67;42;548;4;R520;DOR AGUDA 
2026-07-27 16:46:41;500769;SAO GABRIEL DO OESTE;8176132;CASA ROSA;500769;SAO GABRIEL DO OESTE;1;1;2026-06-18 17:19:34;0230000;USG PUNHO DIREITO;0230000;GRUPO - ULTRASSONOGRAFIA ARTICULACOES;0205020062;ULTRASSONOGRAFIA DE ARTICULACAO;GABRIELA VANDES DE OLIVEIRA;2007-05-15;TANIA REGINA LUIZ VANDES;708007843357726;06160949144;FEMININO;674369210;4;64;42;524;4;M65;SINOVITE E TENOSSINOVITE
2026-07-27 16:46:41;500769;SAO GABRIEL DO OESTE;8176132;CASA ROSA;500769;SAO GABRIEL DO OESTE;1;1;2026-06-11 15:13:52;0230000;USG PUNHO DIREITO;0230000;GRUPO - ULTRASSONOGRAFIA ARTICULACOES;0205020062;ULTRASSONOGRAFIA DE ARTICULACAO;ELIADE FERNANDES SOUZA SANTOS;1994-01-12;CREUZA LOPES DE SOUZA;705001896068052;01369616147;FEMININO;672954733;4;57;42;466;4;Z001;EXAME DE ROTINA DE SAUDE DA CRIANCA 
2026-07-27 16:46:41;500769;SAO GABRIEL DO OESTE;2370980;UNIDADE DE SAUDE DA FAMILIA JARDIM GRAMADO I;500769;SAO GABRIEL DO OESTE;1;1;2026-07-27 09:36:58;0230000;USG PUNHO DIREITO;0230000;GRUPO - ULTRASSONOGRAFIA ARTICULACOES;0205020062;ULTRASSONOGRAFIA DE ARTICULACAO;JULIANO DE SOUZA OLIVEIRA;1982-04-25;HELENA DE SOUZA OLIVEIRA;700809429202682;00210396156;MASCULINO;681220106;4;147;42;1203;4;Z000;EXAME MEDICO GERAL 
2026-07-27 16:46:41;500769;SAO GABRIEL DO OESTE;8176132;CASA ROSA;500769;SAO GABRIEL DO OESTE;1;1;2026-07-24 14:44:07;0230000;USG PUNHO DIREITO;0230000;GRUPO - ULTRASSONOGRAFIA ARTICULACOES;0205020062;ULTRASSONOGRAFIA DE ARTICULACAO;VALQUIRIA RODRIGUES DOS SANTOS;1972-08-30;DIRCE DO ESPIRITO SANTO RODRIGUES;700507598136653;16913961847;FEMININO;681074052;4;142;42;1162;4;Z00;EXAME GERAL E INVESTIGACAO DE PESSOAS SEM QUEIXAS OU DIAGNOSTICO RELATADO
2026-07-27 16:46:41;500769;SAO GABRIEL DO OESTE;2370972;UNIDADE DE SAUDE DA FAMILIA MILANE II;500769;SAO GABRIEL DO OESTE;1;1;2026-07-24 10:33:06;0230000;USG PUNHO DIREITO;0230000;GRUPO - ULTRASSONOGRAFIA ARTICULACOES;0205020062;ULTRASSONOGRAFIA DE ARTICULACAO;LUANA PROCOPIO DA SILVA RAMOS;1997-03-29;LOURDES JULIANA PROCOPIO DA SILVA;700804976461081;06321494186;FEMININO;680989541;4;140;42;1145;4;G560;SINDROME DO TUNEL DO CARPO 
2026-07-27 16:46:41;500769;SAO GABRIEL DO OESTE;7333218;UNIDADE DE SAUDE DA FAMILIA X;500769;SAO GABRIEL DO OESTE;1;1;2026-07-22 16:01:06;0230000;USG PUNHO DIREITO;0230000;GRUPO - ULTRASSONOGRAFIA ARTICULACOES;0205020062;ULTRASSONOGRAFIA DE ARTICULACAO;LUANA BEATRIZ ROCHA MORAES;2007-04-25;ANGELA MARIA PEREIRA ROCHA;705005432392254;07364112162;FEMININO;680616944;4;136;42;1113;4;Z00;EXAME GERAL E INVESTIGACAO DE PESSOAS SEM QUEIXAS OU DIAGNOSTICO RELATADO
2026-07-27 16:46:41;500769;SAO GABRIEL DO OESTE;7002084;UNIDADE DE SAUDE DA FAMILIA IX;500769;SAO GABRIEL DO OESTE;1;1;2026-07-21 16:12:18;0230000;USG PUNHO DIREITO;0230000;GRUPO - ULTRASSONOGRAFIA ARTICULACOES;0205020062;ULTRASSONOGRAFIA DE ARTICULACAO;MOACIR LUIZ FREITAS;1955-05-05;LURDES FREITAS DE SOUZA;702008810934785;16432142172;MASCULINO;680347653;4;126;42;1031;4;G560;SINDROME DO TUNEL DO CARPO 
2026-07-27 16:46:41;500769;SAO GABRIEL DO OESTE;8176132;CASA ROSA;500769;SAO GABRIEL DO OESTE;1;1;2026-07-21 09:09:47;0230000;USG PUNHO DIREITO;0230000;GRUPO - ULTRASSONOGRAFIA ARTICULACOES;0205020062;ULTRASSONOGRAFIA DE ARTICULACAO;ANTONIO ALVES DA SILVA;1952-01-05;DOLINA PEREIRA DO AMARAL;704503374647912;71599717107;MASCULINO;680152618;4;114;42;933;4;Z000;EXAME MEDICO GERAL 
2026-07-27 16:46:41;500769;SAO GABRIEL DO OESTE;7002084;UNIDADE DE SAUDE DA FAMILIA IX;500769;SAO GABRIEL DO OESTE;1;1;2026-05-19 16:27:44;0230000;USG PUNHO ESQUERDO;0230000;GRUPO - ULTRASSONOGRAFIA ARTICULACOES;0205020062;ULTRASSONOGRAFIA DE ARTICULACAO;LUCINEIA CANDIDA DO CARMO;1982-12-05;ANALICE CANDIDA DE OLIVEIRA;707102834184020;00669964140;FEMININO;668540600;4;3;39;39;2;M797;FIBROMIALGIA
2026-07-27 16:46:41;500769;SAO GABRIEL DO OESTE;7002084;UNIDADE DE SAUDE DA FAMILIA IX;500769;SAO GABRIEL DO OESTE;1;1;2026-06-11 08:57:54;0230000;USG PUNHO ESQUERDO;0230000;GRUPO - ULTRASSONOGRAFIA ARTICULACOES;0205020062;ULTRASSONOGRAFIA DE ARTICULACAO;CAMILA EDUARDA DA SILVA OLIVEIRA;2002-03-05;SILVIA MARCIA DA SILVA BRANDAO DE OLIVEIRA;705009633977857;07771116167;FEMININO;672779351;4;55;39;707;2;Z010;EXAME DOS OLHOS E DA VISAO 
2026-07-27 16:46:41;500769;SAO GABRIEL DO OESTE;2370999;UNIDADE DE SAUDE DA FAMILIA FENIX IV;500769;SAO GABRIEL DO OESTE;1;1;2026-06-02 16:44:21;0230000;USG PUNHO ESQUERDO;0230000;GRUPO - ULTRASSONOGRAFIA ARTICULACOES;0205020062;ULTRASSONOGRAFIA DE ARTICULACAO;LOCIDIO ANGELO DA COSTA;1972-01-06;JOANA DA COSTA;702407040766121;91566711134;MASCULINO;671422536;4;39;39;501;2;M255;DOR ARTICULAR 
2026-07-27 16:46:41;500769;SAO GABRIEL DO OESTE;5971055;UNIDADE DE SAUDE DA FAMILIA VIII;500769;SAO GABRIEL DO OESTE;1;1;2026-06-01 11:06:45;0230000;USG PUNHO ESQUERDO;0230000;GRUPO - ULTRASSONOGRAFIA ARTICULACOES;0205020062;ULTRASSONOGRAFIA DE ARTICULACAO;SILVIA REGINA MELO DOS SANTOS LARA;1974-05-04;APARECIDA MELO DOS SANTOS;700803977582485;86804332172;FEMININO;670967704;4;31;39;399;2;Z000;EXAME MEDICO GERAL 
2026-07-27 16:46:41;500769;SAO GABRIEL DO OESTE;2370964;UNIDADE DE SAUDE DA FAMILIA III;500769;SAO GABRIEL DO OESTE;1;1;2026-05-29 10:08:17;0230000;USG PUNHO ESQUERDO;0230000;GRUPO - ULTRASSONOGRAFIA ARTICULACOES;0205020062;ULTRASSONOGRAFIA DE ARTICULACAO;LEIDIANE CORDEIRO ASSUNCAO;1983-12-29;MARY LUCY DE ASSUNCAO SILVA;709800056542799;01978868332;FEMININO;670631906;4;27;39;347;2;G560;SINDROME DO TUNEL DO CARPO 
2026-07-27 16:46:41;500769;SAO GABRIEL DO OESTE;8176132;CASA ROSA;500769;SAO GABRIEL DO OESTE;1;1;2026-07-16 16:57:21;0230000;USG PUNHO ESQUERDO;0230000;GRUPO - ULTRASSONOGRAFIA ARTICULACOES;0205020062;ULTRASSONOGRAFIA DE ARTICULACAO;EDINA LUIS DA SILVA;1979-01-11;ROMANA VICENTE DA SILVA;704009321556262;01959452126;FEMININO;679561715;4;104;39;1337;2;Z001;EXAME DE ROTINA DE SAUDE DA CRIANCA 
2026-07-27 16:46:41;500769;SAO GABRIEL DO OESTE;2370972;UNIDADE DE SAUDE DA FAMILIA MILANE II;500769;SAO GABRIEL DO OESTE;1;1;2026-07-15 14:13:02;0230000;USG PUNHO ESQUERDO;0230000;GRUPO - ULTRASSONOGRAFIA ARTICULACOES;0205020062;ULTRASSONOGRAFIA DE ARTICULACAO;ALINIELE OLIVEIRA MARTINS;1992-12-08;REGINA MARIA DE MELO OLIVEIRA;704803510830040;41176131893;FEMININO;679240117;4;100;39;1286;2;M713;OUTROS CISTOS DE BOLSA SINOVIAL 
2026-07-27 16:46:41;500769;SAO GABRIEL DO OESTE;6452116;CENTRO DE ESPECIALIDADES MEDICAS;500769;SAO GABRIEL DO OESTE;1;1;2026-07-02 10:53:51;0230000;USG PUNHO ESQUERDO;0230000;GRUPO - ULTRASSONOGRAFIA ARTICULACOES;0205020062;ULTRASSONOGRAFIA DE ARTICULACAO;MARGARETE DA SILVA SOUZA;1973-10-30;MARIA PEREIRA DA SILVA;706701519761217;94962030191;FEMININO;676730345;4;78;39;1003;2;Z001;EXAME DE ROTINA DE SAUDE DA CRIANCA 
2026-07-27 16:46:41;500769;SAO GABRIEL DO OESTE;2370972;UNIDADE DE SAUDE DA FAMILIA MILANE II;500769;SAO GABRIEL DO OESTE;1;1;2026-06-30 08:50:16;0230000;USG PUNHO ESQUERDO;0230000;GRUPO - ULTRASSONOGRAFIA ARTICULACOES;0205020062;ULTRASSONOGRAFIA DE ARTICULACAO;LUCAS DA SILVA DE OLIVEIRA;1996-06-29;ARLEIA DA SILVA;704606767232930;05750686124;MASCULINO;676074931;4;73;39;939;2;S698;OUTROS TRAUMATISMOS ESPECIFICADOS DO PUNHO E DA MAO 
2026-07-27 16:46:41;500769;SAO GABRIEL DO OESTE;8176132;CASA ROSA;500769;SAO GABRIEL DO OESTE;1;1;2026-07-27 09:39:19;0230000;USG PUNHO ESQUERDO;0230000;GRUPO - ULTRASSONOGRAFIA ARTICULACOES;0205020062;ULTRASSONOGRAFIA DE ARTICULACAO;MARIA ISABEL SCHEIFER;1994-07-19;IOLANDA CHERDOSKI SCHEIFER;700200411110023;04090451108;FEMININO;681221456;4;149;39;1916;2;Z00;EXAME GERAL E INVESTIGACAO DE PESSOAS SEM QUEIXAS OU DIAGNOSTICO RELATADO
2026-07-27 16:46:41;500769;SAO GABRIEL DO OESTE;8176132;CASA ROSA;500769;SAO GABRIEL DO OESTE;1;1;2026-07-24 14:44:07;0230000;USG PUNHO ESQUERDO;0230000;GRUPO - ULTRASSONOGRAFIA ARTICULACOES;0205020062;ULTRASSONOGRAFIA DE ARTICULACAO;VALQUIRIA RODRIGUES DOS SANTOS;1972-08-30;DIRCE DO ESPIRITO SANTO RODRIGUES;700507598136653;16913961847;FEMININO;681074052;4;142;39;1826;2;Z00;EXAME GERAL E INVESTIGACAO DE PESSOAS SEM QUEIXAS OU DIAGNOSTICO RELATADO
2026-07-27 16:46:41;500769;SAO GABRIEL DO OESTE;7002084;UNIDADE DE SAUDE DA FAMILIA IX;500769;SAO GABRIEL DO OESTE;1;1;2026-07-21 16:12:18;0230000;USG PUNHO ESQUERDO;0230000;GRUPO - ULTRASSONOGRAFIA ARTICULACOES;0205020062;ULTRASSONOGRAFIA DE ARTICULACAO;MOACIR LUIZ FREITAS;1955-05-05;LURDES FREITAS DE SOUZA;702008810934785;16432142172;MASCULINO;680347653;4;126;39;1620;2;G560;SINDROME DO TUNEL DO CARPO 
2026-07-27 16:46:41;500769;SAO GABRIEL DO OESTE;8176132;CASA ROSA;500769;SAO GABRIEL DO OESTE;1;1;2026-07-21 10:00:07;0230000;USG PUNHO ESQUERDO;0230000;GRUPO - ULTRASSONOGRAFIA ARTICULACOES;0205020062;ULTRASSONOGRAFIA DE ARTICULACAO;LUCIMAR FERNANDES DE ASSUNCAO;1973-11-02;MARIA CANDIDA DE ASSUNCAO;702601731845842;01738854116;FEMININO;680182293;4;115;39;1479;2;Z000;EXAME MEDICO GERAL 
2026-07-27 16:46:41;500769;SAO GABRIEL DO OESTE;3400964;UNIDADE DE SAUDE DA FAMILIA RURAL VII;500769;SAO GABRIEL DO OESTE;1;1;2026-05-19 16:17:06;0230000;USG TORNOZELO DIREITO;0230000;GRUPO - ULTRASSONOGRAFIA ARTICULACOES;0205020062;ULTRASSONOGRAFIA DE ARTICULACAO;MARGARIDA AUXILIADORA DELFINA FERREIRA RIBEIRO;1967-06-28;EMILIA PEREIRA DA LUZ;700705938808276;91313325104;FEMININO;668536306;4;1;33;10;3;Z712;PESSOA QUE CONSULTA PARA EXPLICACAO DE ACHADOS DE EXAME 
2026-07-27 16:46:41;500769;SAO GABRIEL DO OESTE;3400964;UNIDADE DE SAUDE DA FAMILIA RURAL VII;500769;SAO GABRIEL DO OESTE;1;1;2026-06-03 10:52:36;0230000;USG TORNOZELO DIREITO;0230000;GRUPO - ULTRASSONOGRAFIA ARTICULACOES;0205020062;ULTRASSONOGRAFIA DE ARTICULACAO;LUIZ FELIPE VILHAVA DA SILVA;2017-02-17;MARIELI VILHAVA DA SILVA;703201635121091;08293360100;MASCULINO;671560995;4;42;33;420;3;Z000;EXAME MEDICO GERAL 
2026-07-27 16:46:41;500769;SAO GABRIEL DO OESTE;2370999;UNIDADE DE SAUDE DA FAMILIA FENIX IV;500769;SAO GABRIEL DO OESTE;1;1;2026-06-01 16:01:20;0230000;USG TORNOZELO DIREITO;0230000;GRUPO - ULTRASSONOGRAFIA ARTICULACOES;0205020062;ULTRASSONOGRAFIA DE ARTICULACAO;KLEISLENE MARA MENDONCA BATISTA PETRY;1979-10-22;CALICE MARIA MENDONCA BATISTA;702002300846285;98542974115;FEMININO;671101076;4;35;33;350;3;R520;DOR AGUDA 
2026-07-27 16:46:41;500769;SAO GABRIEL DO OESTE;2370972;UNIDADE DE SAUDE DA FAMILIA MILANE II;500769;SAO GABRIEL DO OESTE;1;1;2026-05-28 08:38:39;0230000;USG TORNOZELO DIREITO;0230000;GRUPO - ULTRASSONOGRAFIA ARTICULACOES;0205020062;ULTRASSONOGRAFIA DE ARTICULACAO;DAVI SOMAVILLA;1957-12-27;JOSIPHINA TUBIANA SOMAVILLA;700004783631705;24719129072;MASCULINO;670303832;4;24;33;240;3;S909;TRAUMATISMO SUPERFICIAL DO TORNOZELO E DO PE, NAO ESPECIFICADO 
2026-07-27 16:46:41;500769;SAO GABRIEL DO OESTE;3400964;UNIDADE DE SAUDE DA FAMILIA RURAL VII;500769;SAO GABRIEL DO OESTE;1;1;2026-07-14 11:25:06;0230000;USG TORNOZELO DIREITO;0230000;GRUPO - ULTRASSONOGRAFIA ARTICULACOES;0205020062;ULTRASSONOGRAFIA DE ARTICULACAO;LUCAS FERREIRA DE LIMA;1996-03-07;CLEMENTINA FERREIRA;700005537783902;05868326105;MASCULINO;678904485;4;97;33;970;3;Z000;EXAME MEDICO GERAL 
2026-07-27 16:46:41;500769;SAO GABRIEL DO OESTE;6452116;CENTRO DE ESPECIALIDADES MEDICAS;500769;SAO GABRIEL DO OESTE;1;1;2026-06-23 15:47:31;0230000;USG TORNOZELO DIREITO;0230000;GRUPO - ULTRASSONOGRAFIA ARTICULACOES;0205020062;ULTRASSONOGRAFIA DE ARTICULACAO;SILUANE MARLA DALRI;1987-05-10;ADELAIDE ALBRECHT DALRI;702805692307662;02239810106;FEMININO;675106044;4;69;33;690;3;M796;DOR EM MEMBRO 
2026-07-27 16:46:41;500769;SAO GABRIEL DO OESTE;3400964;UNIDADE DE SAUDE DA FAMILIA RURAL VII;500769;SAO GABRIEL DO OESTE;1;1;2026-06-22 08:51:22;0230000;USG TORNOZELO DIREITO;0230000;GRUPO - ULTRASSONOGRAFIA ARTICULACOES;0205020062;ULTRASSONOGRAFIA DE ARTICULACAO;ELIMAR FERREIRA DA CRUZ;1983-09-04;MARGARIDA AUXILIADORA DELFINA FERREIRA;700806479187684;00063484161;MASCULINO;674667471;4;66;33;660;3;M773;ESPORAO DO CALCANEO 
2026-07-27 16:46:41;500769;SAO GABRIEL DO OESTE;8176132;CASA ROSA;500769;SAO GABRIEL DO OESTE;1;1;2026-07-27 15:39:16;0230000;USG TORNOZELO DIREITO;0230000;GRUPO - ULTRASSONOGRAFIA ARTICULACOES;0205020062;ULTRASSONOGRAFIA DE ARTICULACAO;ROSANA PEREIRA DA SILVA;1993-07-21;ROSELENE CONCEICAO PEREIRA;700008508037001;04396093136;FEMININO;681379293;4;152;33;1520;3;Z00;EXAME GERAL E INVESTIGACAO DE PESSOAS SEM QUEIXAS OU DIAGNOSTICO RELATADO
2026-07-27 16:46:41;500769;SAO GABRIEL DO OESTE;8176132;CASA ROSA;500769;SAO GABRIEL DO OESTE;1;1;2026-07-27 08:28:05;0230000;USG TORNOZELO DIREITO;0230000;GRUPO - ULTRASSONOGRAFIA ARTICULACOES;0205020062;ULTRASSONOGRAFIA DE ARTICULACAO;GUILHERME RIBEIRO DE MELLO OLIVEIRA;2001-12-02;MARIZA APARECIDA RIBEIRO DE MELLO;898005841322011;09085737150;MASCULINO;681184045;4;145;33;1450;3;Z00;EXAME GERAL E INVESTIGACAO DE PESSOAS SEM QUEIXAS OU DIAGNOSTICO RELATADO
2026-07-27 16:46:41;500769;SAO GABRIEL DO OESTE;2370972;UNIDADE DE SAUDE DA FAMILIA MILANE II;500769;SAO GABRIEL DO OESTE;1;1;2026-07-22 10:46:09;0230000;USG TORNOZELO DIREITO;0230000;GRUPO - ULTRASSONOGRAFIA ARTICULACOES;0205020062;ULTRASSONOGRAFIA DE ARTICULACAO;JOSENI BARBOSA DE ASSIS;1969-11-13;ILDA BARBOSA DE OLIVEIRA;700506525888352;77314271100;FEMININO;680486644;4;132;33;1320;3;S900;CONTUSAO DO TORNOZELO 
2026-07-27 16:46:41;500769;SAO GABRIEL DO OESTE;5971055;UNIDADE DE SAUDE DA FAMILIA VIII;500769;SAO GABRIEL DO OESTE;1;1;2026-07-21 16:39:42;0230000;USG TORNOZELO DIREITO;0230000;GRUPO - ULTRASSONOGRAFIA ARTICULACOES;0205020062;ULTRASSONOGRAFIA DE ARTICULACAO;MARLIANE COSTA MENDES;1990-01-24;MARIA DE BELEM FRANCA COSTA;702000866819984;05738003322;FEMININO;680356991;4;127;33;1270;3;Z000;EXAME MEDICO GERAL 
2026-07-27 16:46:41;500769;SAO GABRIEL DO OESTE;8176132;CASA ROSA;500769;SAO GABRIEL DO OESTE;1;1;2026-07-21 10:48:25;0230000;USG TORNOZELO DIREITO;0230000;GRUPO - ULTRASSONOGRAFIA ARTICULACOES;0205020062;ULTRASSONOGRAFIA DE ARTICULACAO;RITA DE CASSIA DA CONCEICAO SILVA;2000-12-14;ANTONIETA APARECIDA DA CONCEICAO DE JESUS;705006493101358;07386335180;FEMININO;680212245;4;119;33;1190;3;Z000;EXAME MEDICO GERAL 
2026-07-27 16:46:41;500769;SAO GABRIEL DO OESTE;2370964;UNIDADE DE SAUDE DA FAMILIA III;500769;SAO GABRIEL DO OESTE;1;1;2026-07-20 14:46:05;0230000;USG TORNOZELO DIREITO;0230000;GRUPO - ULTRASSONOGRAFIA ARTICULACOES;0205020062;ULTRASSONOGRAFIA DE ARTICULACAO;ADRIANA DOS SANTOS LIMA;1988-03-12;MARIA JOSE DOS SANTOS LOPES;705207429106378;06694410905;FEMININO;680031059;4;112;33;1120;3;Z000;EXAME MEDICO GERAL 
2026-07-27 16:46:41;500769;SAO GABRIEL DO OESTE;2370980;UNIDADE DE SAUDE DA FAMILIA JARDIM GRAMADO I;500769;SAO GABRIEL DO OESTE;1;1;2026-07-06 10:19:55;0230000;USG TORNOZELO ESQUERDO;0230000;GRUPO - ULTRASSONOGRAFIA ARTICULACOES;0205020062;ULTRASSONOGRAFIA DE ARTICULACAO;LUADI LUIZ MOURA;1956-09-23;MARIA ANTONIA DE OLIVEIRA;708600519200882;17623855115;MASCULINO;677231740;4;83;22;747;3;M796;DOR EM MEMBRO 
2026-07-27 16:46:41;500769;SAO GABRIEL DO OESTE;8176132;CASA ROSA;500769;SAO GABRIEL DO OESTE;1;1;2026-07-27 15:39:16;0230000;USG TORNOZELO ESQUERDO;0230000;GRUPO - ULTRASSONOGRAFIA ARTICULACOES;0205020062;ULTRASSONOGRAFIA DE ARTICULACAO;ROSANA PEREIRA DA SILVA;1993-07-21;ROSELENE CONCEICAO PEREIRA;700008508037001;04396093136;FEMININO;681379293;4;152;22;1368;3;Z00;EXAME GERAL E INVESTIGACAO DE PESSOAS SEM QUEIXAS OU DIAGNOSTICO RELATADO
2026-07-27 16:46:41;500769;SAO GABRIEL DO OESTE;8176132;CASA ROSA;500769;SAO GABRIEL DO OESTE;1;1;2026-07-27 15:14:07;0230000;USG TORNOZELO ESQUERDO;0230000;GRUPO - ULTRASSONOGRAFIA ARTICULACOES;0205020062;ULTRASSONOGRAFIA DE ARTICULACAO;MIGUEL OLAVO NASCIMENTO DA SILVA;2017-09-24;EMANOELLY KANASHIRO DO NASCIMENTO;706003838790042;08668328158;MASCULINO;681367601;4;151;22;1359;3;Z00;EXAME GERAL E INVESTIGACAO DE PESSOAS SEM QUEIXAS OU DIAGNOSTICO RELATADO
2026-07-27 16:46:41;500769;SAO GABRIEL DO OESTE;8176132;CASA ROSA;500769;SAO GABRIEL DO OESTE;1;1;2026-07-21 10:04:44;0230000;USG TORNOZELO ESQUERDO;0230000;GRUPO - ULTRASSONOGRAFIA ARTICULACOES;0205020062;ULTRASSONOGRAFIA DE ARTICULACAO;FELIPE RODRIGUES;1953-08-23;ANTONIA RODRIGUES;709203248799036;51949881172;MASCULINO;680185159;4;116;22;1044;3;Z000;EXAME MEDICO GERAL 
2026-07-27 16:46:41;500769;SAO GABRIEL DO OESTE;2591359;UNIDADE DE SAUDE DA FAMILIA V;500769;SAO GABRIEL DO OESTE;1;1;2026-05-20 09:18:23;0230000;USG DE QUADRIL / COXO FEMURAL ESQUERDO;0230000;GRUPO - ULTRASSONOGRAFIA ARTICULACOES;0205020062;ULTRASSONOGRAFIA DE ARTICULACAO;ANTONIA DE FATIMA DA VITORIA VIEIRA;1960-04-25;SEBASTIANA BARBOSA VITORIA;701006852430394;61537632191;FEMININO;668624114;4;5;26;450;0;M160;COXARTROSE PRIMARIA BILATERAL 
2026-07-27 16:46:41;500769;SAO GABRIEL DO OESTE;2591359;UNIDADE DE SAUDE DA FAMILIA V;500769;SAO GABRIEL DO OESTE;1;1;2026-05-20 09:18:23;0230000;USG DE QUADRIL / COXO FEMURAL DIREITO;0230000;GRUPO - ULTRASSONOGRAFIA ARTICULACOES;0205020062;ULTRASSONOGRAFIA DE ARTICULACAO;ANTONIA DE FATIMA DA VITORIA VIEIRA;1960-04-25;SEBASTIANA BARBOSA VITORIA;701006852430394;61537632191;FEMININO;668624114;4;5;37;225;1;M160;COXARTROSE PRIMARIA BILATERAL 
2026-07-27 16:46:41;500769;SAO GABRIEL DO OESTE;8176132;CASA ROSA;500769;SAO GABRIEL DO OESTE;1;1;2026-06-11 10:09:10;0230000;USG DE QUADRIL / COXO FEMURAL DIREITO;0230000;GRUPO - ULTRASSONOGRAFIA ARTICULACOES;0205020062;ULTRASSONOGRAFIA DE ARTICULACAO;IZABELLY RODRIGUES DINIZ;2006-12-14;PATRICIA PEREIRA RODRIGUES;709205259675734;07384862132;FEMININO;672822540;4;56;37;2520;1;Z001;EXAME DE ROTINA DE SAUDE DA CRIANCA 
2026-07-27 16:46:41;500769;SAO GABRIEL DO OESTE;8176132;CASA ROSA;500769;SAO GABRIEL DO OESTE;1;1;2026-07-17 10:33:07;0230000;USG DE QUADRIL / COXO FEMURAL DIREITO;0230000;GRUPO - ULTRASSONOGRAFIA ARTICULACOES;0205020062;ULTRASSONOGRAFIA DE ARTICULACAO;WALDECY REGIA DA SILVA BRAGA;1959-04-12;FRANCISCA MARIA DA SILVA;702309182333317;05682337867;FEMININO;679659197;4;106;37;4770;1;Z001;EXAME DE ROTINA DE SAUDE DA CRIANCA 
2026-07-27 16:46:41;500769;SAO GABRIEL DO OESTE;8176132;CASA ROSA;500769;SAO GABRIEL DO OESTE;1;1;2026-07-21 16:45:24;0230000;USG DE QUADRIL / COXO FEMURAL DIREITO;0230000;GRUPO - ULTRASSONOGRAFIA ARTICULACOES;0205020062;ULTRASSONOGRAFIA DE ARTICULACAO;RONAILSON LUIZ RODRIGUES;2004-10-25;FERNANDA RODRIGUES LIMA;701200059301415;08413808138;MASCULINO;680358768;4;128;37;5760;1;Z000;EXAME MEDICO GERAL 
2026-07-27 16:46:41;500769;SAO GABRIEL DO OESTE;8176132;CASA ROSA;500769;SAO GABRIEL DO OESTE;1;1;2026-07-21 16:04:36;0230000;USG DE QUADRIL / COXO FEMURAL DIREITO;0230000;GRUPO - ULTRASSONOGRAFIA ARTICULACOES;0205020062;ULTRASSONOGRAFIA DE ARTICULACAO;SAMUEL DIVINO SILVA DE OLIVEIRA;1966-06-20;MARIA ERNESTINA SILVA DE OLIVEIRA;702105714733193;69075140100;MASCULINO;680344728;4;125;37;5625;1;Z000;EXAME MEDICO GERAL 
2026-07-27 16:46:41;500769;SAO GABRIEL DO OESTE;6452116;CENTRO DE ESPECIALIDADES MEDICAS;500769;SAO GABRIEL DO OESTE;0;1;2026-07-22 17:58:02;0282026;CONSULTA  EM CARDIOLOGIA - PEDIATRIA;;;0301010072;CONSULTA MEDICA EM ATENÇÃO ESPECIALIZADA;MAITE DECOTHE DE CASTRO;2025-07-07;DARLENE FELICIO DE CASTRO;705000494155359;12711634116;FEMININO;680645848;4;12;14;42;9;Z016;EXAME RADIOLOGICO NAO CLASSIFICADO EM OUTRA PARTE 
2026-07-27 16:46:41;500769;SAO GABRIEL DO OESTE;2370972;UNIDADE DE SAUDE DA FAMILIA MILANE II;500769;SAO GABRIEL DO OESTE;0;1;2026-07-21 14:23:36;0282026;CONSULTA  EM CARDIOLOGIA - PEDIATRIA;;;0301010072;CONSULTA MEDICA EM ATENÇÃO ESPECIALIZADA;HELENA VIEIRA RIBAS;2018-07-02;MARINETE FRANCISCO VIEIRA RIBAS;702408370105030;09423345158;FEMININO;680296503;4;11;14;38;9;I499;ARRITMIA CARDIACA NAO ESPECIFICADA 
2026-07-27 16:46:41;500769;SAO GABRIEL DO OESTE;8176132;CASA ROSA;500769;SAO GABRIEL DO OESTE;0;1;2026-07-16 16:19:52;0282026;CONSULTA  EM CARDIOLOGIA - PEDIATRIA;;;0301010072;CONSULTA MEDICA EM ATENÇÃO ESPECIALIZADA;ANTHONY GABRIEL PANINI FISCHER DIAS;2024-12-03;CARMEM PANINI DE OLIVEIRA DIAS;704304588812194;12362109135;MASCULINO;679550363;4;10;14;35;9;Z001;EXAME DE ROTINA DE SAUDE DA CRIANCA 
2026-07-27 16:46:41;500769;SAO GABRIEL DO OESTE;8176132;CASA ROSA;500769;SAO GABRIEL DO OESTE;0;1;2026-07-07 14:52:15;0282026;CONSULTA  EM CARDIOLOGIA - PEDIATRIA;;;0301010072;CONSULTA MEDICA EM ATENÇÃO ESPECIALIZADA;MARIA EDUARDA RIBAS PAVAO;2024-07-05;MADALENA RIBAS FIGUEIRO;700106915929014;12175357139;FEMININO;677639423;4;9;14;31;9;Z00;EXAME GERAL E INVESTIGACAO DE PESSOAS SEM QUEIXAS OU DIAGNOSTICO RELATADO
2026-07-27 16:46:41;500769;SAO GABRIEL DO OESTE;8176132;CASA ROSA;500769;SAO GABRIEL DO OESTE;0;1;2026-07-06 11:35:04;0282026;CONSULTA  EM CARDIOLOGIA - PEDIATRIA;;;0301010072;CONSULTA MEDICA EM ATENÇÃO ESPECIALIZADA;MIGUEL IZAQUE CORREIA GOMES;2026-05-15;SANDRA RODRIGUES CARVALHO CORREIA;707602259990696;13124174127;MASCULINO;677277505;4;8;14;28;9;Z00;EXAME GERAL E INVESTIGACAO DE PESSOAS SEM QUEIXAS OU DIAGNOSTICO RELATADO
2026-07-27 16:46:41;500769;SAO GABRIEL DO OESTE;8176132;CASA ROSA;500769;SAO GABRIEL DO OESTE;0;1;2026-07-01 14:53:40;0282026;CONSULTA  EM CARDIOLOGIA - PEDIATRIA;;;0301010072;CONSULTA MEDICA EM ATENÇÃO ESPECIALIZADA;ISAIAS OLIVEIRA CAVALCANTI;2024-03-22;GRASIELE DE OLIVEIRA CAMARGO;702504331021234;06283578187;MASCULINO;676545016;4;7;14;24;9;Z001;EXAME DE ROTINA DE SAUDE DA CRIANCA 
2026-07-27 16:46:41;500769;SAO GABRIEL DO OESTE;6452116;CENTRO DE ESPECIALIDADES MEDICAS;500769;SAO GABRIEL DO OESTE;0;1;2026-06-15 15:06:09;0282026;CONSULTA  EM CARDIOLOGIA - PEDIATRIA;;;0301010072;CONSULTA MEDICA EM ATENÇÃO ESPECIALIZADA;RN DE TATIANE VENCIO DA SILVA;2026-01-20;TATIANE VENCIO DA SILVA;898006436407458;;MASCULINO;673487992;4;6;14;21;9;Z00;EXAME GERAL E INVESTIGACAO DE PESSOAS SEM QUEIXAS OU DIAGNOSTICO RELATADO
2026-07-27 16:46:41;500769;SAO GABRIEL DO OESTE;6452116;CENTRO DE ESPECIALIDADES MEDICAS;500769;SAO GABRIEL DO OESTE;0;1;2026-06-11 10:03:12;0282026;CONSULTA  EM CARDIOLOGIA - PEDIATRIA;;;0301010072;CONSULTA MEDICA EM ATENÇÃO ESPECIALIZADA;JOAQUIM ANISIO VIEIRA BRITO;2026-03-11;LUANA FELIX VIEIRA;707805677127315;13007176107;MASCULINO;672818748;4;5;14;17;9;Z00;EXAME GERAL E INVESTIGACAO DE PESSOAS SEM QUEIXAS OU DIAGNOSTICO RELATADO
2026-07-27 16:46:41;500769;SAO GABRIEL DO OESTE;8176132;CASA ROSA;500769;SAO GABRIEL DO OESTE;0;1;2026-06-10 10:58:21;0282026;CONSULTA  EM CARDIOLOGIA - PEDIATRIA;;;0301010072;CONSULTA MEDICA EM ATENÇÃO ESPECIALIZADA;REBECA APARECIDA MACHADO DA SILVA;2020-03-26;FRANCIELE MACHADO COSTA;706303784779671;10675952107;FEMININO;672568085;4;4;14;14;9;Z00;EXAME GERAL E INVESTIGACAO DE PESSOAS SEM QUEIXAS OU DIAGNOSTICO RELATADO
2026-07-27 16:46:41;500769;SAO GABRIEL DO OESTE;6452116;CENTRO DE ESPECIALIDADES MEDICAS;500769;SAO GABRIEL DO OESTE;0;1;2026-06-01 13:02:20;0282026;CONSULTA  EM CARDIOLOGIA - PEDIATRIA;;;0301010072;CONSULTA MEDICA EM ATENÇÃO ESPECIALIZADA;ANTONELLA SERPA FLEITAS;2026-05-02;GLEIBIANY DE SOUZA SERPA;703109362738560;13080856139;FEMININO;671014674;4;3;14;10;9;I37;TRANSTORNOS DA VALVA PULMONAR
2026-07-27 16:46:41;500769;SAO GABRIEL DO OESTE;6452116;CENTRO DE ESPECIALIDADES MEDICAS;500769;SAO GABRIEL DO OESTE;0;1;2026-05-28 07:42:59;0282026;CONSULTA  EM CARDIOLOGIA - PEDIATRIA;;;0301010072;CONSULTA MEDICA EM ATENÇÃO ESPECIALIZADA;CECILIA RIBEIRO DOS SANTOS;2026-03-28;DAIANA RIBEIRO DO AMARAL;703602078463535;13043830164;FEMININO;670283363;4;2;14;7;9;Z00;EXAME GERAL E INVESTIGACAO DE PESSOAS SEM QUEIXAS OU DIAGNOSTICO RELATADO
2026-07-27 16:46:41;500769;SAO GABRIEL DO OESTE;8176132;CASA ROSA;500769;SAO GABRIEL DO OESTE;0;1;2026-05-22 10:00:01;0282026;CONSULTA  EM CARDIOLOGIA - PEDIATRIA;;;0301010072;CONSULTA MEDICA EM ATENÇÃO ESPECIALIZADA;FERNANDA NAOMI AREDES RODRIGUES CHAVES;2020-02-12;RUTH MOURA AREDES;706806285982720;10618307133;FEMININO;669187478;4;1;14;3;9;Q211;COMUNICACAO INTERATRIAL 
2026-07-27 16:46:41;500769;SAO GABRIEL DO OESTE;8176132;CASA ROSA;500769;SAO GABRIEL DO OESTE;0;1;2026-07-27 11:37:58;0282026;CONSULTA  EM CARDIOLOGIA - PEDIATRIA;;;0301010072;CONSULTA MEDICA EM ATENÇÃO ESPECIALIZADA;LUCCA NATHANAEL MORAES FREIRE;2026-05-26;KAMILLY VITORIA MORAES PERES;702603797064549;13124482107;MASCULINO;681288583;4;13;14;45;9;Z00;EXAME GERAL E INVESTIGACAO DE PESSOAS SEM QUEIXAS OU DIAGNOSTICO RELATADO
2026-07-27 16:46:41;500769;SAO GABRIEL DO OESTE;6452116;CENTRO DE ESPECIALIDADES MEDICAS;500769;SAO GABRIEL DO OESTE;0;1;2026-07-24 11:06:15;0282063;CONSULTA EM OTORRINOLARINGOLOGIA;;;0301010072;CONSULTA MEDICA EM ATENÇÃO ESPECIALIZADA;MARCIA ANDRADE DA SILVA;1972-05-15;IRENE BERNARDINO DA SILVA;705604418914811;60111941172;FEMININO;681006596;4;2;10;1;89;Z016;EXAME RADIOLOGICO NAO CLASSIFICADO EM OUTRA PARTE 
2026-07-27 16:46:41;500769;SAO GABRIEL DO OESTE;6452116;CENTRO DE ESPECIALIDADES MEDICAS;500769;SAO GABRIEL DO OESTE;0;1;2026-07-24 09:30:48;0282063;CONSULTA EM OTORRINOLARINGOLOGIA;;;0301010072;CONSULTA MEDICA EM ATENÇÃO ESPECIALIZADA;MARCIO JOSE LUCCA BOLIGON;1984-02-02;DULCE MARIA LUCCA BOLIGON;705008895226653;97884065134;MASCULINO;680957460;4;1;10;0;89;Z016;EXAME RADIOLOGICO NAO CLASSIFICADO EM OUTRA PARTE 
2026-07-27 16:46:41;500769;SAO GABRIEL DO OESTE;2370964;UNIDADE DE SAUDE DA FAMILIA III;500769;SAO GABRIEL DO OESTE;0;1;2026-07-24 17:28:21;0282081;CONSULTA EM CIRURGIA GERAL;;;0301010072;CONSULTA MEDICA EM ATENÇÃO ESPECIALIZADA;MARIA JOSE RODRIGUES;1954-11-10;TERTOLINA MARIA DA CONCEICAO;704200245618886;38205335400;FEMININO;681120277;4;12;35;4;83;B07;VERRUGAS DE ORIGEM VIRAL 
2026-07-27 16:46:41;500769;SAO GABRIEL DO OESTE;2370980;UNIDADE DE SAUDE DA FAMILIA JARDIM GRAMADO I;500769;SAO GABRIEL DO OESTE;0;1;2026-07-24 08:39:11;0282081;CONSULTA EM CIRURGIA GERAL;;;0301010072;CONSULTA MEDICA EM ATENÇÃO ESPECIALIZADA;JOSIENE ALVES FERREIRA;2003-01-16;LEONORA ALVES DE OLIVEIRA;700609913323060;08481167126;FEMININO;680934036;4;11;35;4;83;K42;HERNIA UMBILICAL
2026-07-27 16:46:41;500769;SAO GABRIEL DO OESTE;2370999;UNIDADE DE SAUDE DA FAMILIA FENIX IV;500769;SAO GABRIEL DO OESTE;0;1;2026-07-23 11:04:32;0282081;CONSULTA EM CIRURGIA GERAL;;;0301010072;CONSULTA MEDICA EM ATENÇÃO ESPECIALIZADA;EDIVANIA MATOS GOMES;2000-10-27;HELENA DE SOUZA MATOS;702607296132545;09187011123;FEMININO;680762027;4;10;35;4;83;K80;COLELITIASE
2026-07-27 16:46:41;500769;SAO GABRIEL DO OESTE;2370980;UNIDADE DE SAUDE DA FAMILIA JARDIM GRAMADO I;500769;SAO GABRIEL DO OESTE;0;1;2026-07-22 16:15:33;0282081;CONSULTA EM CIRURGIA GERAL;;;0301010072;CONSULTA MEDICA EM ATENÇÃO ESPECIALIZADA;ROBERTA DENIS DA SILVA MORAES;1992-09-15;ELUCI SOARES DA SILVA;706001863267240;04345774136;FEMININO;680622458;4;9;35;3;83;K80;COLELITIASE
2026-07-27 16:46:41;500769;SAO GABRIEL DO OESTE;2370980;UNIDADE DE SAUDE DA FAMILIA JARDIM GRAMADO I;500769;SAO GABRIEL DO OESTE;0;1;2026-07-22 15:21:21;0282081;CONSULTA EM CIRURGIA GERAL;;;0301010072;CONSULTA MEDICA EM ATENÇÃO ESPECIALIZADA;MARIA APARECIDA SIQUEIRA ALVES;1958-04-10;HERMINIA FLORENTINO DIAS;702300132446519;33837538168;FEMININO;680599128;4;8;35;3;83;K861;OUTRAS PANCREATITES CRONICAS 
2026-07-27 16:46:41;500769;SAO GABRIEL DO OESTE;6452116;CENTRO DE ESPECIALIDADES MEDICAS;500769;SAO GABRIEL DO OESTE;0;1;2026-07-21 15:16:21;0282081;CONSULTA EM CIRURGIA GERAL;;;0301010072;CONSULTA MEDICA EM ATENÇÃO ESPECIALIZADA;WESLLER GONCALVES DE SOUZA;1991-12-29;SUELI DA SILVA GONCALVES;702800142188267;04330167107;MASCULINO;680322626;4;7;35;3;83;K42;HERNIA UMBILICAL
2026-07-27 16:46:41;500769;SAO GABRIEL DO OESTE;6452116;CENTRO DE ESPECIALIDADES MEDICAS;500769;SAO GABRIEL DO OESTE;0;1;2026-07-13 14:04:05;0282081;CONSULTA EM CIRURGIA GERAL;;;0301010072;CONSULTA MEDICA EM ATENÇÃO ESPECIALIZADA;MARIZETE BUENO IAGUCHESKI;1972-08-23;MARINA BUENO IAGUCHESKI;708509318136876;03812038919;FEMININO;678677430;4;6;35;2;83;Z016;EXAME RADIOLOGICO NAO CLASSIFICADO EM OUTRA PARTE 
2026-07-27 16:46:41;500769;SAO GABRIEL DO OESTE;7333218;UNIDADE DE SAUDE DA FAMILIA X;500769;SAO GABRIEL DO OESTE;0;1;2026-07-10 09:47:15;0282081;CONSULTA EM CIRURGIA GERAL;;;0301010072;CONSULTA MEDICA EM ATENÇÃO ESPECIALIZADA;EDIVALDO PERENTEL FABBRO;1960-12-08;IGNES PERENTEL FABBRO;702408060663426;24936154172;MASCULINO;678305587;4;5;35;2;83;L72;CISTOS FOLICULARES DA PELE E DO TECIDO SUBCUTANEO
2026-07-27 16:46:41;500769;SAO GABRIEL DO OESTE;5971055;UNIDADE DE SAUDE DA FAMILIA VIII;500769;SAO GABRIEL DO OESTE;0;1;2026-07-10 09:02:59;0282081;CONSULTA EM CIRURGIA GERAL;;;0301010072;CONSULTA MEDICA EM ATENÇÃO ESPECIALIZADA;ANATERCE VIEIRA DE CARVALHO;1973-07-25;FRANCISCA VIEIRA GONCALVES;704201785483388;00371795940;FEMININO;678283517;4;4;35;1;83;B07;VERRUGAS DE ORIGEM VIRAL 
2026-07-27 16:46:41;500769;SAO GABRIEL DO OESTE;6452116;CENTRO DE ESPECIALIDADES MEDICAS;500769;SAO GABRIEL DO OESTE;0;1;2026-07-09 10:49:17;0282081;CONSULTA EM CIRURGIA GERAL;;;0301010072;CONSULTA MEDICA EM ATENÇÃO ESPECIALIZADA;LEONIS ALMEIDA DA SILVA;1969-04-04;JULIETA ALMEIDA DA SILVA;704807093031145;50121367134;MASCULINO;678093028;4;3;35;1;83;Z00;EXAME GERAL E INVESTIGACAO DE PESSOAS SEM QUEIXAS OU DIAGNOSTICO RELATADO
2026-07-27 16:46:41;500769;SAO GABRIEL DO OESTE;6452116;CENTRO DE ESPECIALIDADES MEDICAS;500769;SAO GABRIEL DO OESTE;0;1;2026-07-08 11:38:38;0282081;CONSULTA EM CIRURGIA GERAL;;;0301010072;CONSULTA MEDICA EM ATENÇÃO ESPECIALIZADA;JOAO LUCAS EVARISTO DA SILVA;1996-10-16;EULI EVARISTO BALOQUE;705401416676890;05639108100;MASCULINO;677851256;4;2;35;1;83;Z016;EXAME RADIOLOGICO NAO CLASSIFICADO EM OUTRA PARTE 
2026-07-27 16:46:41;500769;SAO GABRIEL DO OESTE;7002084;UNIDADE DE SAUDE DA FAMILIA IX;500769;SAO GABRIEL DO OESTE;0;1;2026-07-06 09:59:02;0282081;CONSULTA EM CIRURGIA GERAL;;;0301010072;CONSULTA MEDICA EM ATENÇÃO ESPECIALIZADA;LUCIANA SOARES RODRIGUES;1983-12-09;SUELENE SOARES DE OLIVEIRA;709600690689171;03806514160;FEMININO;677218401;3;1;35;0;83;K811;COLECISTITE CRONICA
2026-07-27 16:46:41;500769;SAO GABRIEL DO OESTE;6452116;CENTRO DE ESPECIALIDADES MEDICAS;500769;SAO GABRIEL DO OESTE;0;1;2026-07-10 10:08:04;0299008;CONSULTA EM CIRURGIA VASCULAR – GERAL;;;0301010072;CONSULTA MEDICA EM ATENÇÃO ESPECIALIZADA;ELZA MARIA DA SILVA PANINI;1969-07-12;DURVALINA GONCALVES DA SILVA;700503770103653;63813270149;FEMININO;678316666;4;47;35;18;78;Z016;EXAME RADIOLOGICO NAO CLASSIFICADO EM OUTRA PARTE 
2026-07-27 16:46:41;500769;SAO GABRIEL DO OESTE;7002084;UNIDADE DE SAUDE DA FAMILIA IX;500769;SAO GABRIEL DO OESTE;0;1;2026-07-10 09:37:33;0299008;CONSULTA EM CIRURGIA VASCULAR – GERAL;;;0301010072;CONSULTA MEDICA EM ATENÇÃO ESPECIALIZADA;DALVA FERREIRA DE SOUZA;1972-11-12;LUCILIA FERREIRA DE SOUZA;705809404172233;65397673153;FEMININO;678300690;4;46;35;18;78;I38;ENDOCARDITE DE VALVA NAO ESPECIFICADA 
2026-07-27 16:46:41;500769;SAO GABRIEL DO OESTE;2370972;UNIDADE DE SAUDE DA FAMILIA MILANE II;500769;SAO GABRIEL DO OESTE;0;1;2026-07-09 16:54:09;0299008;CONSULTA EM CIRURGIA VASCULAR – GERAL;;;0301010072;CONSULTA MEDICA EM ATENÇÃO ESPECIALIZADA;CLEUZA MARIA OLIVEIRA DOS SANTOS;1950-06-07;ANTONIA SOARES DE OLIVEIRA;706203538508668;98785001104;FEMININO;678228970;4;45;35;17;78;M796;DOR EM MEMBRO 
2026-07-27 16:46:41;500769;SAO GABRIEL DO OESTE;6452116;CENTRO DE ESPECIALIDADES MEDICAS;500769;SAO GABRIEL DO OESTE;0;1;2026-07-09 10:50:22;0299008;CONSULTA EM CIRURGIA VASCULAR – GERAL;;;0301010072;CONSULTA MEDICA EM ATENÇÃO ESPECIALIZADA;GRASIELE PAIVA DIAS;1988-09-15;ROSILDA DE PAIVA DIAS;700609403381964;04007558159;FEMININO;678093652;4;44;35;17;78;I83;VARIZES DOS MEMBROS INFERIORES
2026-07-27 16:46:41;500769;SAO GABRIEL DO OESTE;7002084;UNIDADE DE SAUDE DA FAMILIA IX;500769;SAO GABRIEL DO OESTE;0;1;2026-07-08 14:36:14;0299008;CONSULTA EM CIRURGIA VASCULAR – GERAL;;;0301010072;CONSULTA MEDICA EM ATENÇÃO ESPECIALIZADA;LUCIA DE OLIVEIRA LEAO;1956-09-01;JULIA ROSSA;700204492805225;91949564134;FEMININO;677913906;4;43;35;17;78;Z000;EXAME MEDICO GERAL 
2026-07-27 16:46:41;500769;SAO GABRIEL DO OESTE;6452116;CENTRO DE ESPECIALIDADES MEDICAS;500769;SAO GABRIEL DO OESTE;0;1;2026-07-08 10:48:02;0299008;CONSULTA EM CIRURGIA VASCULAR – GERAL;;;0301010072;CONSULTA MEDICA EM ATENÇÃO ESPECIALIZADA;CLEONICE CORREA TEIXEIRA;1972-01-11;MARIA LUCIA CORREA;705407495196590;89809076134;FEMININO;677821796;4;42;35;16;78;Z016;EXAME RADIOLOGICO NAO CLASSIFICADO EM OUTRA PARTE 
2026-07-27 16:46:41;500769;SAO GABRIEL DO OESTE;2370972;UNIDADE DE SAUDE DA FAMILIA MILANE II;500769;SAO GABRIEL DO OESTE;0;1;2026-07-06 16:21:35;0299008;CONSULTA EM CIRURGIA VASCULAR – GERAL;;;0301010072;CONSULTA MEDICA EM ATENÇÃO ESPECIALIZADA;ANESIA GONCALVES DE BRITO;1954-02-13;ROSA TAIYRA;700605906213065;02101519194;FEMININO;677396082;4;41;35;16;78;I83;VARIZES DOS MEMBROS INFERIORES
2026-07-27 16:46:41;500769;SAO GABRIEL DO OESTE;2370972;UNIDADE DE SAUDE DA FAMILIA MILANE II;500769;SAO GABRIEL DO OESTE;0;1;2026-07-06 16:17:40;0299008;CONSULTA EM CIRURGIA VASCULAR – GERAL;;;0301010072;CONSULTA MEDICA EM ATENÇÃO ESPECIALIZADA;VALDIR MEIRA DE BRITO;1950-03-21;MARIA ANUNCIACAO DE SOUZA;700208946289727;20033869120;MASCULINO;677394559;4;40;35;15;78;E106;DIABETES MELLITUS INSULINO-DEPENDENTE - COM OUTRAS COMPLICACOES ESPECIFICADAS 
2026-07-27 16:46:41;500769;SAO GABRIEL DO OESTE;6452116;CENTRO DE ESPECIALIDADES MEDICAS;500769;SAO GABRIEL DO OESTE;0;1;2026-07-03 10:07:11;0299008;CONSULTA EM CIRURGIA VASCULAR – GERAL;;;0301010072;CONSULTA MEDICA EM ATENÇÃO ESPECIALIZADA;VANIA JANETE RODRIGUES DA SILVA;1974-02-17;TEREZINHA CROZARO DALLA PALMA;700206482655028;68659806034;FEMININO;676943299;4;39;35;15;78;Z016;EXAME RADIOLOGICO NAO CLASSIFICADO EM OUTRA PARTE 
2026-07-27 16:46:41;500769;SAO GABRIEL DO OESTE;2370972;UNIDADE DE SAUDE DA FAMILIA MILANE II;500769;SAO GABRIEL DO OESTE;0;1;2026-07-03 09:54:26;0299008;CONSULTA EM CIRURGIA VASCULAR – GERAL;;;0301010072;CONSULTA MEDICA EM ATENÇÃO ESPECIALIZADA;VALDECIR PRADO CINTRA;1968-11-06;LURDES PRADO CINTRA;705001860521458;44483104187;MASCULINO;676936661;4;38;35;15;78;I83;VARIZES DOS MEMBROS INFERIORES
2026-07-27 16:46:41;500769;SAO GABRIEL DO OESTE;7002084;UNIDADE DE SAUDE DA FAMILIA IX;500769;SAO GABRIEL DO OESTE;0;1;2026-07-02 17:28:56;0299008;CONSULTA EM CIRURGIA VASCULAR – GERAL;;;0301010072;CONSULTA MEDICA EM ATENÇÃO ESPECIALIZADA;VANERI FERRARINI GUERINI;1958-08-03;HELENA MINUSCULI;706001822247946;01609251180;FEMININO;676860851;4;37;35;14;78;I83;VARIZES DOS MEMBROS INFERIORES
2026-07-27 16:46:41;500769;SAO GABRIEL DO OESTE;2370972;UNIDADE DE SAUDE DA FAMILIA MILANE II;500769;SAO GABRIEL DO OESTE;0;1;2026-07-02 16:48:26;0299008;CONSULTA EM CIRURGIA VASCULAR – GERAL;;;0301010072;CONSULTA MEDICA EM ATENÇÃO ESPECIALIZADA;SANDRA RECHER;1982-07-04;ROSELI GOMES RECHER;700503969015650;03868476903;FEMININO;676852911;4;36;35;14;78;L83;ACANTOSE NIGRICANS 
2026-07-27 16:46:41;500769;SAO GABRIEL DO OESTE;6452116;CENTRO DE ESPECIALIDADES MEDICAS;500769;SAO GABRIEL DO OESTE;0;1;2026-07-02 15:29:41;0299008;CONSULTA EM CIRURGIA VASCULAR – GERAL;;;0301010072;CONSULTA MEDICA EM ATENÇÃO ESPECIALIZADA;VERA LUCIA VILASBOAS JARA;1974-12-16;IRACY FERREIRA VILASBOAS;700009551708908;01609832159;FEMININO;676824850;4;35;35;13;78;Z016;EXAME RADIOLOGICO NAO CLASSIFICADO EM OUTRA PARTE 
2026-07-27 16:46:41;500769;SAO GABRIEL DO OESTE;6452116;CENTRO DE ESPECIALIDADES MEDICAS;500769;SAO GABRIEL DO OESTE;0;1;2026-07-02 11:39:07;0299008;CONSULTA EM CIRURGIA VASCULAR – GERAL;;;0301010072;CONSULTA MEDICA EM ATENÇÃO ESPECIALIZADA;MARIA LUCIA DE LIMA BARIA;1973-10-18;MADALENA DE LIMA BARIA;706409315197690;66206642100;FEMININO;676754945;4;34;35;13;78;Z00;EXAME GERAL E INVESTIGACAO DE PESSOAS SEM QUEIXAS OU DIAGNOSTICO RELATADO
2026-07-27 16:46:41;500769;SAO GABRIEL DO OESTE;6452116;CENTRO DE ESPECIALIDADES MEDICAS;500769;SAO GABRIEL DO OESTE;0;1;2026-07-02 11:34:56;0299008;CONSULTA EM CIRURGIA VASCULAR – GERAL;;;0301010072;CONSULTA MEDICA EM ATENÇÃO ESPECIALIZADA;IVONE DE LIMA TELES BRAGA;1975-11-10;IDALINA DE LIMA TELES;708401223347164;79165460197;FEMININO;676752952;4;33;35;13;78;Z00;EXAME GERAL E INVESTIGACAO DE PESSOAS SEM QUEIXAS OU DIAGNOSTICO RELATADO
2026-07-27 16:46:41;500769;SAO GABRIEL DO OESTE;6452116;CENTRO DE ESPECIALIDADES MEDICAS;500769;SAO GABRIEL DO OESTE;0;1;2026-07-02 09:35:42;0299008;CONSULTA EM CIRURGIA VASCULAR – GERAL;;;0301010072;CONSULTA MEDICA EM ATENÇÃO ESPECIALIZADA;MARIA LUIZA TREVISOL GUERINI CITRON;1964-10-02;VILMA TREVISOL GUERINI;703406341160300;55908268100;FEMININO;676680775;4;32;35;12;78;Z00;EXAME GERAL E INVESTIGACAO DE PESSOAS SEM QUEIXAS OU DIAGNOSTICO RELATADO
2026-07-27 16:46:41;500769;SAO GABRIEL DO OESTE;2370980;UNIDADE DE SAUDE DA FAMILIA JARDIM GRAMADO I;500769;SAO GABRIEL DO OESTE;0;1;2026-07-01 15:14:25;0299008;CONSULTA EM CIRURGIA VASCULAR – GERAL;;;0301010072;CONSULTA MEDICA EM ATENÇÃO ESPECIALIZADA;TEREZA DA SILVA;1960-11-29;MARINA ELOY;706308125686380;01584749105;FEMININO;676555632;4;31;35;12;78;I83;VARIZES DOS MEMBROS INFERIORES
2026-07-27 16:46:41;500769;SAO GABRIEL DO OESTE;6452116;CENTRO DE ESPECIALIDADES MEDICAS;500769;SAO GABRIEL DO OESTE;0;1;2026-07-01 11:53:54;0299008;CONSULTA EM CIRURGIA VASCULAR – GERAL;;;0301010072;CONSULTA MEDICA EM ATENÇÃO ESPECIALIZADA;GABRIELA BORGES FONTES DE BRITO;1987-02-20;PEDRINA ROGERIA TAVARES BORGES FONTES;705001467558759;02064358358;FEMININO;676478301;4;30;35;12;78;Z016;EXAME RADIOLOGICO NAO CLASSIFICADO EM OUTRA PARTE 
2026-07-27 16:46:41;500769;SAO GABRIEL DO OESTE;6452116;CENTRO DE ESPECIALIDADES MEDICAS;500769;SAO GABRIEL DO OESTE;0;1;2026-07-01 10:44:17;0299008;CONSULTA EM CIRURGIA VASCULAR – GERAL;;;0301010072;CONSULTA MEDICA EM ATENÇÃO ESPECIALIZADA;MARIA OZORIA DA SILVA;1960-07-21;OLIVIA OZORIA DA SILVA;700804419069985;30591759187;FEMININO;676437610;4;29;35;11;78;Z016;EXAME RADIOLOGICO NAO CLASSIFICADO EM OUTRA PARTE 
2026-07-27 16:46:41;500769;SAO GABRIEL DO OESTE;6452116;CENTRO DE ESPECIALIDADES MEDICAS;500769;SAO GABRIEL DO OESTE;0;1;2026-07-01 10:29:08;0299008;CONSULTA EM CIRURGIA VASCULAR – GERAL;;;0301010072;CONSULTA MEDICA EM ATENÇÃO ESPECIALIZADA;VALDIRA ALECRIM DA SILVA;1968-05-14;VALDELICE ALECRIM DA SILVA;702307192528615;90408462515;FEMININO;676427339;4;28;35;11;78;Z00;EXAME GERAL E INVESTIGACAO DE PESSOAS SEM QUEIXAS OU DIAGNOSTICO RELATADO
2026-07-27 16:46:41;500769;SAO GABRIEL DO OESTE;7002084;UNIDADE DE SAUDE DA FAMILIA IX;500769;SAO GABRIEL DO OESTE;0;1;2026-06-30 15:02:48;0299008;CONSULTA EM CIRURGIA VASCULAR – GERAL;;;0301010072;CONSULTA MEDICA EM ATENÇÃO ESPECIALIZADA;VALDEMIRO BERNADO DE OLIVEIRA;1942-01-08;MARIA ROSA SARAIVA;702305190433712;44532326168;MASCULINO;676256210;4;27;35;10;78;I870;SINDROME POS-FLEBITE 
2026-07-27 16:46:41;500769;SAO GABRIEL DO OESTE;2370999;UNIDADE DE SAUDE DA FAMILIA FENIX IV;500769;SAO GABRIEL DO OESTE;0;1;2026-06-30 15:01:01;0299008;CONSULTA EM CIRURGIA VASCULAR – GERAL;;;0301010072;CONSULTA MEDICA EM ATENÇÃO ESPECIALIZADA;ADAO DA SILVA;1965-08-31;DURVALINA GONCALVES DA SILVA;702103738676996;63814420187;MASCULINO;676255339;4;26;35;10;78;I872;INSUFICIENCIA VENOSA (CRONICA) (PERIFERICA) 
2026-07-27 16:46:41;500769;SAO GABRIEL DO OESTE;6452116;CENTRO DE ESPECIALIDADES MEDICAS;500769;SAO GABRIEL DO OESTE;0;1;2026-06-30 14:50:24;0299008;CONSULTA EM CIRURGIA VASCULAR – GERAL;;;0301010072;CONSULTA MEDICA EM ATENÇÃO ESPECIALIZADA;LUCIANA DE FATIMA SAURO;1971-08-22;DEVANIR AMBROSINI SAURO;702507320489631;99267284134;FEMININO;676249760;4;25;35;10;78;Z00;EXAME GERAL E INVESTIGACAO DE PESSOAS SEM QUEIXAS OU DIAGNOSTICO RELATADO
2026-07-27 16:46:41;500769;SAO GABRIEL DO OESTE;6452116;CENTRO DE ESPECIALIDADES MEDICAS;500769;SAO GABRIEL DO OESTE;0;1;2026-06-30 11:53:01;0299008;CONSULTA EM CIRURGIA VASCULAR – GERAL;;;0301010072;CONSULTA MEDICA EM ATENÇÃO ESPECIALIZADA;PATRICIA DE MELO GOMES;1990-11-12;MIRIAN DANTAS DE MELO;705005297262157;04758564574;FEMININO;676185653;4;24;35;9;78;Z00;EXAME GERAL E INVESTIGACAO DE PESSOAS SEM QUEIXAS OU DIAGNOSTICO RELATADO
2026-07-27 16:46:41;500769;SAO GABRIEL DO OESTE;2370972;UNIDADE DE SAUDE DA FAMILIA MILANE II;500769;SAO GABRIEL DO OESTE;0;1;2026-06-30 10:45:23;0299008;CONSULTA EM CIRURGIA VASCULAR – GERAL;;;0301010072;CONSULTA MEDICA EM ATENÇÃO ESPECIALIZADA;MARIA DE FATIMA ROSAMOVITZ;1953-07-15;NADIR ROSAMOVITZ;700002122597709;27457206000;FEMININO;676147546;4;23;35;9;78;M796;DOR EM MEMBRO 
2026-07-27 16:46:41;500769;SAO GABRIEL DO OESTE;6452116;CENTRO DE ESPECIALIDADES MEDICAS;500769;SAO GABRIEL DO OESTE;0;1;2026-06-30 09:34:06;0299008;CONSULTA EM CIRURGIA VASCULAR – GERAL;;;0301010072;CONSULTA MEDICA EM ATENÇÃO ESPECIALIZADA;EDNA APARECIDA BRAGA DE OLIVEIRA;1969-02-16;MARIA BRAGA DE OLIVEIRA;705105420494870;81265344191;FEMININO;676101155;4;22;35;8;78;Z00;EXAME GERAL E INVESTIGACAO DE PESSOAS SEM QUEIXAS OU DIAGNOSTICO RELATADO
2026-07-27 16:46:41;500769;SAO GABRIEL DO OESTE;6452116;CENTRO DE ESPECIALIDADES MEDICAS;500769;SAO GABRIEL DO OESTE;0;1;2026-06-29 09:44:41;0299008;CONSULTA EM CIRURGIA VASCULAR – GERAL;;;0301010072;CONSULTA MEDICA EM ATENÇÃO ESPECIALIZADA;APARECIDA DE FATIMA VIEIRA WERNECK;1966-04-04;APARECIDA CORREA VIEIRA;700206490925322;36737240100;FEMININO;675946682;4;21;35;8;78;Z016;EXAME RADIOLOGICO NAO CLASSIFICADO EM OUTRA PARTE 
2026-07-27 16:46:41;500769;SAO GABRIEL DO OESTE;6452116;CENTRO DE ESPECIALIDADES MEDICAS;500769;SAO GABRIEL DO OESTE;0;1;2026-06-29 08:56:49;0299008;CONSULTA EM CIRURGIA VASCULAR – GERAL;;;0301010072;CONSULTA MEDICA EM ATENÇÃO ESPECIALIZADA;LUIZ MOREIRA DA SILVA;1953-05-21;MARIA ROZA MOREIRA DA SILVA;709801085480691;39093336134;MASCULINO;675923651;4;20;35;8;78;Z016;EXAME RADIOLOGICO NAO CLASSIFICADO EM OUTRA PARTE 
2026-07-27 16:46:41;500769;SAO GABRIEL DO OESTE;6452116;CENTRO DE ESPECIALIDADES MEDICAS;500769;SAO GABRIEL DO OESTE;0;1;2026-06-26 09:07:22;0299008;CONSULTA EM CIRURGIA VASCULAR – GERAL;;;0301010072;CONSULTA MEDICA EM ATENÇÃO ESPECIALIZADA;PAULO HENRIQUE FIGUEIREDO DA ROSA DE SOUZA;1980-02-11;MARIA ELIZA FIGUEIREDO DA ROSA;704209284804189;86176080134;MASCULINO;675660084;4;19;35;7;78;Z016;EXAME RADIOLOGICO NAO CLASSIFICADO EM OUTRA PARTE 
2026-07-27 16:46:41;500769;SAO GABRIEL DO OESTE;6452116;CENTRO DE ESPECIALIDADES MEDICAS;500769;SAO GABRIEL DO OESTE;0;1;2026-06-26 09:04:28;0299008;CONSULTA EM CIRURGIA VASCULAR – GERAL;;;0301010072;CONSULTA MEDICA EM ATENÇÃO ESPECIALIZADA;ODETE BICCIGO;1963-02-25;ERICA KOTTVITZ;700808986947185;00488721130;FEMININO;675658571;4;18;35;7;78;Z016;EXAME RADIOLOGICO NAO CLASSIFICADO EM OUTRA PARTE 
2026-07-27 16:46:41;500769;SAO GABRIEL DO OESTE;2599376;UNIDADE DE SAUDE DA FAMILIA VI;500769;SAO GABRIEL DO OESTE;0;1;2026-06-24 15:23:30;0299008;CONSULTA EM CIRURGIA VASCULAR – GERAL;;;0301010072;CONSULTA MEDICA EM ATENÇÃO ESPECIALIZADA;TANIA MARIA ZAMPIVA;1971-02-24;MERCEDES TRAMONTIN ZAMPIVA;706803224804420;51952165172;FEMININO;675321170;4;17;35;7;78;I83;VARIZES DOS MEMBROS INFERIORES
2026-07-27 16:46:41;500769;SAO GABRIEL DO OESTE;2370999;UNIDADE DE SAUDE DA FAMILIA FENIX IV;500769;SAO GABRIEL DO OESTE;0;1;2026-06-24 15:23:04;0299008;CONSULTA EM CIRURGIA VASCULAR – GERAL;;;0301010072;CONSULTA MEDICA EM ATENÇÃO ESPECIALIZADA;RAQUEL TEREZINHA RODRIGUES DA SILVA;1973-01-18;IVANIR RODRIGUES DA SILVA;700003808800903;06569509942;FEMININO;675321017;4;16;35;6;78;I84;HEMORROIDAS
2026-07-27 16:46:41;500769;SAO GABRIEL DO OESTE;6452116;CENTRO DE ESPECIALIDADES MEDICAS;500769;SAO GABRIEL DO OESTE;0;1;2026-06-24 09:04:22;0299008;CONSULTA EM CIRURGIA VASCULAR – GERAL;;;0301010072;CONSULTA MEDICA EM ATENÇÃO ESPECIALIZADA;LORENA DA SILVA GOMES;1988-08-04;ROSENI DA SILVA GOMES;700502168893152;03596082137;FEMININO;675183437;4;15;35;6;78;Z00;EXAME GERAL E INVESTIGACAO DE PESSOAS SEM QUEIXAS OU DIAGNOSTICO RELATADO
2026-07-27 16:46:41;500769;SAO GABRIEL DO OESTE;6452116;CENTRO DE ESPECIALIDADES MEDICAS;500769;SAO GABRIEL DO OESTE;0;1;2026-06-24 09:02:54;0299008;CONSULTA EM CIRURGIA VASCULAR – GERAL;;;0301010072;CONSULTA MEDICA EM ATENÇÃO ESPECIALIZADA;ROSENI DA SILVA GOMES;1962-07-03;SEBASTIANA SOARES DE OLIVEIRA;709205240608535;60758112149;FEMININO;675182839;4;14;35;5;78;Z00;EXAME GERAL E INVESTIGACAO DE PESSOAS SEM QUEIXAS OU DIAGNOSTICO RELATADO
2026-07-27 16:46:41;500769;SAO GABRIEL DO OESTE;6452116;CENTRO DE ESPECIALIDADES MEDICAS;500769;SAO GABRIEL DO OESTE;0;1;2026-06-23 15:22:04;0299008;CONSULTA EM CIRURGIA VASCULAR – GERAL;;;0301010072;CONSULTA MEDICA EM ATENÇÃO ESPECIALIZADA;MARISA PIRES DE ANDRADE;1972-12-27;EVA HONORIA DE ALMEIDA ANDRADE;704002800230166;00097364258;FEMININO;675095273;4;13;35;5;78;Z00;EXAME GERAL E INVESTIGACAO DE PESSOAS SEM QUEIXAS OU DIAGNOSTICO RELATADO
2026-07-27 16:46:41;500769;SAO GABRIEL DO OESTE;6452116;CENTRO DE ESPECIALIDADES MEDICAS;500769;SAO GABRIEL DO OESTE;0;1;2026-06-23 15:03:26;0299008;CONSULTA EM CIRURGIA VASCULAR – GERAL;;;0301010072;CONSULTA MEDICA EM ATENÇÃO ESPECIALIZADA;RONILDA INACIO DE ARAUJO;1969-07-19;TEREZINHA ARAUJO DE OLIVEIRA;703403220888416;51951843134;FEMININO;675087174;4;12;35;5;78;Z00;EXAME GERAL E INVESTIGACAO DE PESSOAS SEM QUEIXAS OU DIAGNOSTICO RELATADO
2026-07-27 16:46:41;500769;SAO GABRIEL DO OESTE;3400964;UNIDADE DE SAUDE DA FAMILIA RURAL VII;500769;SAO GABRIEL DO OESTE;0;1;2026-06-23 14:52:52;0299008;CONSULTA EM CIRURGIA VASCULAR – GERAL;;;0301010072;CONSULTA MEDICA EM ATENÇÃO ESPECIALIZADA;ADEIR DE ALMEIDA GOMES;1975-08-11;OTAVIA DE ALMEIDA GOMES;702101733528091;00501099107;MASCULINO;675082580;4;11;35;4;78;I872;INSUFICIENCIA VENOSA (CRONICA) (PERIFERICA) 
2026-07-27 16:46:41;500769;SAO GABRIEL DO OESTE;6452116;CENTRO DE ESPECIALIDADES MEDICAS;500769;SAO GABRIEL DO OESTE;0;1;2026-06-23 11:35:54;0299008;CONSULTA EM CIRURGIA VASCULAR – GERAL;;;0301010072;CONSULTA MEDICA EM ATENÇÃO ESPECIALIZADA;VALTER FERREIRA DE OLIVEIRA;1951-06-18;ANA FRANCISCA;700504181868052;25790765149;MASCULINO;675018754;4;10;35;4;78;Z00;EXAME GERAL E INVESTIGACAO DE PESSOAS SEM QUEIXAS OU DIAGNOSTICO RELATADO
2026-07-27 16:46:41;500769;SAO GABRIEL DO OESTE;2599376;UNIDADE DE SAUDE DA FAMILIA VI;500769;SAO GABRIEL DO OESTE;0;1;2026-06-23 10:49:26;0299008;CONSULTA EM CIRURGIA VASCULAR – GERAL;;;0301010072;CONSULTA MEDICA EM ATENÇÃO ESPECIALIZADA;RENE LENON COELHO VEIGA;1990-10-31;ANA MARCIA COELHO DE SOUZA;705003263836752;03419123108;MASCULINO;674995661;4;9;35;3;78;I872;INSUFICIENCIA VENOSA (CRONICA) (PERIFERICA) 
2026-07-27 16:46:41;500769;SAO GABRIEL DO OESTE;2599376;UNIDADE DE SAUDE DA FAMILIA VI;500769;SAO GABRIEL DO OESTE;0;1;2026-06-23 10:28:45;0299008;CONSULTA EM CIRURGIA VASCULAR – GERAL;;;0301010072;CONSULTA MEDICA EM ATENÇÃO ESPECIALIZADA;TALITA MICHELI DE FIGUEIREDO GUEDES;1994-09-18;ILMA FERNANDES DE FIGUEIREDO GUEDES;707404092554077;02783687194;FEMININO;674984194;4;8;35;3;78;I86;VARIZES DE OUTRAS LOCALIZACOES
2026-07-27 16:46:41;500769;SAO GABRIEL DO OESTE;7002084;UNIDADE DE SAUDE DA FAMILIA IX;500769;SAO GABRIEL DO OESTE;0;1;2026-06-23 09:05:02;0299008;CONSULTA EM CIRURGIA VASCULAR – GERAL;;;0301010072;CONSULTA MEDICA EM ATENÇÃO ESPECIALIZADA;ILSON PEREIRA DE SOUZA;1957-01-15;ODETE DE LIMA SOUZA;709608670736074;28478690930;MASCULINO;674938435;4;7;35;3;78;I83;VARIZES DOS MEMBROS INFERIORES
2026-07-27 16:46:41;500769;SAO GABRIEL DO OESTE;6452116;CENTRO DE ESPECIALIDADES MEDICAS;500769;SAO GABRIEL DO OESTE;0;1;2026-06-22 16:44:06;0299008;CONSULTA EM CIRURGIA VASCULAR – GERAL;;;0301010072;CONSULTA MEDICA EM ATENÇÃO ESPECIALIZADA;DENIR CHAGAS DOS SANTOS;1951-10-16;LEOPOLDINA MORAES DA SILVA;704201796720084;02681697131;FEMININO;674875119;4;6;35;2;78;Z00;EXAME GERAL E INVESTIGACAO DE PESSOAS SEM QUEIXAS OU DIAGNOSTICO RELATADO
2026-07-27 16:46:41;500769;SAO GABRIEL DO OESTE;6452116;CENTRO DE ESPECIALIDADES MEDICAS;500769;SAO GABRIEL DO OESTE;0;1;2026-06-22 08:19:24;0299008;CONSULTA EM CIRURGIA VASCULAR – GERAL;;;0301010072;CONSULTA MEDICA EM ATENÇÃO ESPECIALIZADA;TEREZINHA PAULINA WELTER;1959-03-03;MARINA MAYER;708207634704545;36714240015;FEMININO;674653054;4;5;35;2;78;Z00;EXAME GERAL E INVESTIGACAO DE PESSOAS SEM QUEIXAS OU DIAGNOSTICO RELATADO
2026-07-27 16:46:41;500769;SAO GABRIEL DO OESTE;6452116;CENTRO DE ESPECIALIDADES MEDICAS;500769;SAO GABRIEL DO OESTE;0;1;2026-06-22 07:27:48;0299008;CONSULTA EM CIRURGIA VASCULAR – GERAL;;;0301010072;CONSULTA MEDICA EM ATENÇÃO ESPECIALIZADA;SIRLEI ARBO BONES;1980-09-12;ADELAIDE BONES;701002859985096;00013305190;FEMININO;674639465;4;4;35;2;78;Z00;EXAME GERAL E INVESTIGACAO DE PESSOAS SEM QUEIXAS OU DIAGNOSTICO RELATADO
2026-07-27 16:46:41;500769;SAO GABRIEL DO OESTE;6452116;CENTRO DE ESPECIALIDADES MEDICAS;500769;SAO GABRIEL DO OESTE;0;1;2026-06-19 08:53:13;0299008;CONSULTA EM CIRURGIA VASCULAR – GERAL;;;0301010072;CONSULTA MEDICA EM ATENÇÃO ESPECIALIZADA;IRAN AVELAR DA COSTA;1978-05-05;LUCILA AVELAR DA COSTA;706503341741797;84955007104;MASCULINO;674415249;4;3;35;1;78;Z016;EXAME RADIOLOGICO NAO CLASSIFICADO EM OUTRA PARTE 
2026-07-27 16:46:41;500769;SAO GABRIEL DO OESTE;6452116;CENTRO DE ESPECIALIDADES MEDICAS;500769;SAO GABRIEL DO OESTE;0;1;2026-06-18 10:01:21;0299008;CONSULTA EM CIRURGIA VASCULAR – GERAL;;;0301010072;CONSULTA MEDICA EM ATENÇÃO ESPECIALIZADA;JOSENI BARBOSA DE ASSIS;1969-11-13;ILDA BARBOSA DE OLIVEIRA;700506525888352;77314271100;FEMININO;674185973;4;2;35;1;78;Z00;EXAME GERAL E INVESTIGACAO DE PESSOAS SEM QUEIXAS OU DIAGNOSTICO RELATADO
2026-07-27 16:46:41;500769;SAO GABRIEL DO OESTE;2370964;UNIDADE DE SAUDE DA FAMILIA III;500769;SAO GABRIEL DO OESTE;0;1;2026-07-21 08:58:53;0299008;CONSULTA EM CIRURGIA VASCULAR – GERAL;;;0301010072;CONSULTA MEDICA EM ATENÇÃO ESPECIALIZADA;CICERA SALVINA ANHANI;1952-03-04;LAVINIA ANTONIO ANHANI;702905560777970;27347923115;FEMININO;680146716;3;1;35;0;78;I83;VARIZES DOS MEMBROS INFERIORES
2026-07-27 16:46:41;500769;SAO GABRIEL DO OESTE;6452116;CENTRO DE ESPECIALIDADES MEDICAS;500769;SAO GABRIEL DO OESTE;0;1;2026-07-24 15:30:57;0299008;CONSULTA EM CIRURGIA VASCULAR – GERAL;;;0301010072;CONSULTA MEDICA EM ATENÇÃO ESPECIALIZADA;NELSI MARIA VOGT;1963-11-26;RAINILDA HECK KREMER;700000247110900;66189802915;FEMININO;681091860;4;65;35;25;78;Z016;EXAME RADIOLOGICO NAO CLASSIFICADO EM OUTRA PARTE 
2026-07-27 16:46:41;500769;SAO GABRIEL DO OESTE;6452116;CENTRO DE ESPECIALIDADES MEDICAS;500769;SAO GABRIEL DO OESTE;0;1;2026-07-23 15:56:19;0299008;CONSULTA EM CIRURGIA VASCULAR – GERAL;;;0301010072;CONSULTA MEDICA EM ATENÇÃO ESPECIALIZADA;PEDRO EUFAZIO FERREIRA DOS SANTOS;1960-01-19;JANE TEREZINHA FERREIRA DOS SANTOS;700208433179120;44471840100;MASCULINO;680872518;4;64;35;25;78;Z016;EXAME RADIOLOGICO NAO CLASSIFICADO EM OUTRA PARTE 
2026-07-27 16:46:41;500769;SAO GABRIEL DO OESTE;6452116;CENTRO DE ESPECIALIDADES MEDICAS;500769;SAO GABRIEL DO OESTE;0;1;2026-07-22 15:02:00;0299008;CONSULTA EM CIRURGIA VASCULAR – GERAL;;;0301010072;CONSULTA MEDICA EM ATENÇÃO ESPECIALIZADA;MARIA NOGUEIRA GORLIN;1952-03-06;CARMELINDA MACHADO;704208207777481;91560640987;FEMININO;680589928;4;63;35;24;78;Z016;EXAME RADIOLOGICO NAO CLASSIFICADO EM OUTRA PARTE 
2026-07-27 16:46:41;500769;SAO GABRIEL DO OESTE;2599376;UNIDADE DE SAUDE DA FAMILIA VI;500769;SAO GABRIEL DO OESTE;0;1;2026-07-22 14:33:12;0299008;CONSULTA EM CIRURGIA VASCULAR – GERAL;;;0301010072;CONSULTA MEDICA EM ATENÇÃO ESPECIALIZADA;HELENA DOS SANTOS ALVES NUNES;1966-09-16;MARIA GALDINA DOS SANTOS ALVES;703602094070437;99049996191;FEMININO;680575455;4;62;35;24;78;I872;INSUFICIENCIA VENOSA (CRONICA) (PERIFERICA) 
2026-07-27 16:46:41;500769;SAO GABRIEL DO OESTE;2370964;UNIDADE DE SAUDE DA FAMILIA III;500769;SAO GABRIEL DO OESTE;0;1;2026-07-22 11:08:31;0299008;CONSULTA EM CIRURGIA VASCULAR – GERAL;;;0301010072;CONSULTA MEDICA EM ATENÇÃO ESPECIALIZADA;VALDIR DE OLIVEIRA;1953-01-22;PETRONILDA DE OLIVEIRA;700902972347591;17462940191;MASCULINO;680500214;4;61;35;23;78;Z000;EXAME MEDICO GERAL 
2026-07-27 16:46:41;500769;SAO GABRIEL DO OESTE;6452116;CENTRO DE ESPECIALIDADES MEDICAS;500769;SAO GABRIEL DO OESTE;0;1;2026-07-22 10:59:02;0299008;CONSULTA EM CIRURGIA VASCULAR – GERAL;;;0301010072;CONSULTA MEDICA EM ATENÇÃO ESPECIALIZADA;SANGELA APARECIDA DE SOUZA CANUTO;1970-07-25;ARISTELA MIRANDA DE SOUZA;706005345723048;51144220149;FEMININO;680494591;4;60;35;23;78;Z016;EXAME RADIOLOGICO NAO CLASSIFICADO EM OUTRA PARTE 
2026-07-27 16:46:41;500769;SAO GABRIEL DO OESTE;2370980;UNIDADE DE SAUDE DA FAMILIA JARDIM GRAMADO I;500769;SAO GABRIEL DO OESTE;0;1;2026-07-22 10:28:30;0299008;CONSULTA EM CIRURGIA VASCULAR – GERAL;;;0301010072;CONSULTA MEDICA EM ATENÇÃO ESPECIALIZADA;JOSE FRANCISCO DA COSTA;1959-05-21;MARIA ROSA DA COSTA;700502979166960;23355786187;MASCULINO;680475870;4;59;35;23;78;I83;VARIZES DOS MEMBROS INFERIORES
2026-07-27 16:46:41;500769;SAO GABRIEL DO OESTE;6452116;CENTRO DE ESPECIALIDADES MEDICAS;500769;SAO GABRIEL DO OESTE;0;1;2026-07-21 14:55:06;0299008;CONSULTA EM CIRURGIA VASCULAR – GERAL;;;0301010072;CONSULTA MEDICA EM ATENÇÃO ESPECIALIZADA;MARCIO GINO THOMAZ;1980-09-06;DELIA GINO THOMAZ;700003241516401;00702469980;MASCULINO;680312133;4;58;35;22;78;Z00;EXAME GERAL E INVESTIGACAO DE PESSOAS SEM QUEIXAS OU DIAGNOSTICO RELATADO
2026-07-27 16:46:41;500769;SAO GABRIEL DO OESTE;2370999;UNIDADE DE SAUDE DA FAMILIA FENIX IV;500769;SAO GABRIEL DO OESTE;0;1;2026-07-20 17:29:53;0299008;CONSULTA EM CIRURGIA VASCULAR – GERAL;;;0301010072;CONSULTA MEDICA EM ATENÇÃO ESPECIALIZADA;LUCIMARA PEREIRA MENDES;1971-12-12;CATARINA MENDES PEREIRA;700007676081208;87816717172;FEMININO;680092863;4;57;35;22;78;L030;CELULITE DE DEDOS DAS MAOS E DOS PES 
2026-07-27 16:46:41;500769;SAO GABRIEL DO OESTE;5971055;UNIDADE DE SAUDE DA FAMILIA VIII;500769;SAO GABRIEL DO OESTE;0;1;2026-07-16 16:05:33;0299008;CONSULTA EM CIRURGIA VASCULAR – GERAL;;;0301010072;CONSULTA MEDICA EM ATENÇÃO ESPECIALIZADA;BEATRIZ CHAVES;1967-05-21;GEMA BORTONCELLO;706504328534091;40451410149;FEMININO;679545454;4;56;35;22;78;I83;VARIZES DOS MEMBROS INFERIORES
2026-07-27 16:46:41;500769;SAO GABRIEL DO OESTE;6452116;CENTRO DE ESPECIALIDADES MEDICAS;500769;SAO GABRIEL DO OESTE;0;1;2026-07-15 14:25:37;0299008;CONSULTA EM CIRURGIA VASCULAR – GERAL;;;0301010072;CONSULTA MEDICA EM ATENÇÃO ESPECIALIZADA;MARIA DAS DORES MOREIRA DA SILVA;1975-07-18;MARIA DE LOURDES MOREIRA DA SILVA;704509695563220;01277492174;FEMININO;679245945;4;55;35;21;78;Z00;EXAME GERAL E INVESTIGACAO DE PESSOAS SEM QUEIXAS OU DIAGNOSTICO RELATADO
2026-07-27 16:46:41;500769;SAO GABRIEL DO OESTE;2370972;UNIDADE DE SAUDE DA FAMILIA MILANE II;500769;SAO GABRIEL DO OESTE;0;1;2026-07-15 10:17:33;0299008;CONSULTA EM CIRURGIA VASCULAR – GERAL;;;0301010072;CONSULTA MEDICA EM ATENÇÃO ESPECIALIZADA;MARIA APARECIDA DINIZ DA SILVA;1966-09-08;JACIRA SILVEIRA DINIZ;706001372528540;78057353104;FEMININO;679142549;4;54;35;21;78;I83;VARIZES DOS MEMBROS INFERIORES
2026-07-27 16:46:41;500769;SAO GABRIEL DO OESTE;3400964;UNIDADE DE SAUDE DA FAMILIA RURAL VII;500769;SAO GABRIEL DO OESTE;0;1;2026-07-15 10:16:27;0299008;CONSULTA EM CIRURGIA VASCULAR – GERAL;;;0301010072;CONSULTA MEDICA EM ATENÇÃO ESPECIALIZADA;LIDIANE BEATRIZ HOESEL VIANA;1980-07-27;INES DE LURDES HOESEL;704204218598989;71162429100;FEMININO;679141927;4;53;35;20;78;I83;VARIZES DOS MEMBROS INFERIORES
2026-07-27 16:46:41;500769;SAO GABRIEL DO OESTE;7002084;UNIDADE DE SAUDE DA FAMILIA IX;500769;SAO GABRIEL DO OESTE;0;1;2026-07-14 17:46:19;0299008;CONSULTA EM CIRURGIA VASCULAR – GERAL;;;0301010072;CONSULTA MEDICA EM ATENÇÃO ESPECIALIZADA;CLAUDIA FRANCISCA DA SILVA;1983-09-07;GENY FRANCISCA DA SILVA;700004060521501;00463133110;FEMININO;679043807;4;52;35;20;78;E105;DIABETES MELLITUS INSULINO-DEPENDENTE - COM COMPLICACOES CIRCULATORIAS PERIFERICAS 
2026-07-27 16:46:41;500769;SAO GABRIEL DO OESTE;2370980;UNIDADE DE SAUDE DA FAMILIA JARDIM GRAMADO I;500769;SAO GABRIEL DO OESTE;0;1;2026-07-14 15:19:13;0299008;CONSULTA EM CIRURGIA VASCULAR – GERAL;;;0301010072;CONSULTA MEDICA EM ATENÇÃO ESPECIALIZADA;IRONITA BARALDI;1955-10-17;TRINDADE LEANDRINA KEHLER;706204554861866;91097495000;FEMININO;678995120;4;51;35;20;78;I832;VARIZES DOS MEMBROS INFERIORES COM ULCERA E INFLAMACAO 
2026-07-27 16:46:41;500769;SAO GABRIEL DO OESTE;6452116;CENTRO DE ESPECIALIDADES MEDICAS;500769;SAO GABRIEL DO OESTE;0;1;2026-07-14 10:33:14;0299008;CONSULTA EM CIRURGIA VASCULAR – GERAL;;;0301010072;CONSULTA MEDICA EM ATENÇÃO ESPECIALIZADA;GEMA RISSO;1957-09-28;INES BARATIERI RIZZO;700505184152156;41171225172;FEMININO;678873667;4;50;35;19;78;Z016;EXAME RADIOLOGICO NAO CLASSIFICADO EM OUTRA PARTE 
2026-07-27 16:46:41;500769;SAO GABRIEL DO OESTE;6452116;CENTRO DE ESPECIALIDADES MEDICAS;500769;SAO GABRIEL DO OESTE;0;1;2026-07-14 10:13:32;0299008;CONSULTA EM CIRURGIA VASCULAR – GERAL;;;0301010072;CONSULTA MEDICA EM ATENÇÃO ESPECIALIZADA;MARIA DOS ANJOS LOPES;1969-09-24;ALMIRA CARDOSO FERREIRA;702102829344170;34927212220;FEMININO;678861081;4;49;35;19;78;Z00;EXAME GERAL E INVESTIGACAO DE PESSOAS SEM QUEIXAS OU DIAGNOSTICO RELATADO
2026-07-27 16:46:41;500769;SAO GABRIEL DO OESTE;6452116;CENTRO DE ESPECIALIDADES MEDICAS;500769;SAO GABRIEL DO OESTE;0;1;2026-07-10 17:09:50;0299008;CONSULTA EM CIRURGIA VASCULAR – GERAL;;;0301010072;CONSULTA MEDICA EM ATENÇÃO ESPECIALIZADA;OSVALDO TONEZI DE OLIVEIRA;1949-05-31;ROZALINA TONEZI DE OLIVEIRA;708506378444477;27360091187;MASCULINO;678455256;4;48;35;18;78;Z00;EXAME GERAL E INVESTIGACAO DE PESSOAS SEM QUEIXAS OU DIAGNOSTICO RELATADO
2026-07-27 16:46:41;500769;SAO GABRIEL DO OESTE;6452116;CENTRO DE ESPECIALIDADES MEDICAS;500769;SAO GABRIEL DO OESTE;0;1;2026-07-27 09:50:55;0320174;CONSULTA EM PNEUMOLOGIA - GERAL;;;0301010072;CONSULTA MEDICA EM ATENÇÃO ESPECIALIZADA;ALEX MATEUS GEISEL MARCAL;1997-11-12;ROSANGELA GEISEL;704003350337969;02067667181;MASCULINO;681228030;4;11;31;5;71;Z016;EXAME RADIOLOGICO NAO CLASSIFICADO EM OUTRA PARTE 
2026-07-27 16:46:41;500769;SAO GABRIEL DO OESTE;7002084;UNIDADE DE SAUDE DA FAMILIA IX;500769;SAO GABRIEL DO OESTE;0;1;2026-07-24 16:01:43;0320174;CONSULTA EM PNEUMOLOGIA - GERAL;;;0301010072;CONSULTA MEDICA EM ATENÇÃO ESPECIALIZADA;SOLANGE APARECIDA BORGES;1969-10-09;ERNESTINA ALVES BORGES;707600214113090;54287510100;FEMININO;681101951;4;10;31;4;71;J43;ENFISEMA
2026-07-27 16:46:41;500769;SAO GABRIEL DO OESTE;6452116;CENTRO DE ESPECIALIDADES MEDICAS;500769;SAO GABRIEL DO OESTE;0;1;2026-07-24 11:34:36;0320174;CONSULTA EM PNEUMOLOGIA - GERAL;;;0301010072;CONSULTA MEDICA EM ATENÇÃO ESPECIALIZADA;ALEXANDRA APARECIDA DA SILVA;1973-02-23;IVONE MARIA DA SILVA;708606093591187;03636417185;FEMININO;681019129;4;9;31;4;71;Z016;EXAME RADIOLOGICO NAO CLASSIFICADO EM OUTRA PARTE 
2026-07-27 16:46:41;500769;SAO GABRIEL DO OESTE;6452116;CENTRO DE ESPECIALIDADES MEDICAS;500769;SAO GABRIEL DO OESTE;0;1;2026-07-23 16:54:50;0320174;CONSULTA EM PNEUMOLOGIA - GERAL;;;0301010072;CONSULTA MEDICA EM ATENÇÃO ESPECIALIZADA;RAIMUNDA MARIA DE JESUS SOUZA;1960-05-06;MARIA FELICIDADE DA SILVA;702908516115472;39152596915;FEMININO;680891784;4;8;31;3;71;Z016;EXAME RADIOLOGICO NAO CLASSIFICADO EM OUTRA PARTE 
2026-07-27 16:46:41;500769;SAO GABRIEL DO OESTE;6452116;CENTRO DE ESPECIALIDADES MEDICAS;500769;SAO GABRIEL DO OESTE;0;1;2026-07-23 15:23:03;0320174;CONSULTA EM PNEUMOLOGIA - GERAL;;;0301010072;CONSULTA MEDICA EM ATENÇÃO ESPECIALIZADA;NATALIA HENRIQUE DA SILVA;1952-12-04;ANGELITA HENRIQUE DA SILVA;700706909985476;44499914191;FEMININO;680858575;4;7;31;3;71;Z00;EXAME GERAL E INVESTIGACAO DE PESSOAS SEM QUEIXAS OU DIAGNOSTICO RELATADO
2026-07-27 16:46:41;500769;SAO GABRIEL DO OESTE;6452116;CENTRO DE ESPECIALIDADES MEDICAS;500769;SAO GABRIEL DO OESTE;0;1;2026-07-23 15:21:02;0320174;CONSULTA EM PNEUMOLOGIA - GERAL;;;0301010072;CONSULTA MEDICA EM ATENÇÃO ESPECIALIZADA;BERNARDINO MANOEL DA SILVA;1941-07-08;MARIA DAS VIRGENS DA CONCEICAO;704003335713866;20568436172;MASCULINO;680857679;4;6;31;3;71;Z00;EXAME GERAL E INVESTIGACAO DE PESSOAS SEM QUEIXAS OU DIAGNOSTICO RELATADO
2026-07-27 16:46:41;500769;SAO GABRIEL DO OESTE;6452116;CENTRO DE ESPECIALIDADES MEDICAS;500769;SAO GABRIEL DO OESTE;0;1;2026-07-23 10:19:16;0320174;CONSULTA EM PNEUMOLOGIA - GERAL;;;0301010072;CONSULTA MEDICA EM ATENÇÃO ESPECIALIZADA;CLECY MARIA RECH DE CEZARO;1956-08-13;MARIA RECH;706306726268670;03631517963;FEMININO;680735373;4;5;31;2;71;Z00;EXAME GERAL E INVESTIGACAO DE PESSOAS SEM QUEIXAS OU DIAGNOSTICO RELATADO
2026-07-27 16:46:41;500769;SAO GABRIEL DO OESTE;7333218;UNIDADE DE SAUDE DA FAMILIA X;500769;SAO GABRIEL DO OESTE;0;1;2026-07-23 09:48:15;0320174;CONSULTA EM PNEUMOLOGIA - GERAL;;;0301010072;CONSULTA MEDICA EM ATENÇÃO ESPECIALIZADA;MARIA AMELIA DA COSTA;1942-10-10;ELVIRA MARIA RIBEIRO;700008088296204;56174314120;FEMININO;680717535;4;4;31;2;71;J91;DERRAME PLEURAL EM AFECCOES CLASSIFICADAS EM OUTRA PARTE 
2026-07-27 16:46:41;500769;SAO GABRIEL DO OESTE;2370999;UNIDADE DE SAUDE DA FAMILIA FENIX IV;500769;SAO GABRIEL DO OESTE;0;1;2026-07-22 17:47:48;0320174;CONSULTA EM PNEUMOLOGIA - GERAL;;;0301010072;CONSULTA MEDICA EM ATENÇÃO ESPECIALIZADA;APARECIDO CHAGAS IVO;1972-05-17;BERNARDINA COIMBRA IVO;708406248404263;46557059149;MASCULINO;680644594;4;3;31;1;71;Z000;EXAME MEDICO GERAL 
2026-07-27 16:46:41;500769;SAO GABRIEL DO OESTE;2370964;UNIDADE DE SAUDE DA FAMILIA III;500769;SAO GABRIEL DO OESTE;0;1;2026-07-24 09:15:38;0320174;CONSULTA EM PNEUMOLOGIA - GERAL;;;0301010072;CONSULTA MEDICA EM ATENÇÃO ESPECIALIZADA;JO CASANOVA;1951-06-20;IDALINA CASANOVA;700905976671299;32664257072;MASCULINO;680950202;3;2;31;1;71;J44;OUTRAS DOENCAS PULMONARES OBSTRUTIVAS CRONICAS
2026-07-27 16:46:41;500769;SAO GABRIEL DO OESTE;2370964;UNIDADE DE SAUDE DA FAMILIA III;500769;SAO GABRIEL DO OESTE;0;1;2026-07-20 15:50:11;0320174;CONSULTA EM PNEUMOLOGIA - GERAL;;;0301010072;CONSULTA MEDICA EM ATENÇÃO ESPECIALIZADA;LEACY DE ARRUDA HELEODORO;1939-12-26;MARIA FRANCISCA DE OLIVEIRA;708608569922684;63885255120;FEMININO;680061485;3;1;31;0;71;J449;DOENCA PULMONAR OBSTRUTIVA CRONICA NAO ESPECIFICADA 
2026-07-27 16:46:41;500769;SAO GABRIEL DO OESTE;5971055;UNIDADE DE SAUDE DA FAMILIA VIII;500769;SAO GABRIEL DO OESTE;1;1;2026-06-08 09:10:28;0505002;MONITORIZACAO AMBULATORIAL DE PRESSAO ARTERIAL (M.A.P.A);;;0211020052;MONITORIZACAO AMBULATORIAL DE PRESSAO ARTERIAL (M.A.P.A);LEOCLIDES RODRIGUES DA SILVA;1966-06-13;MARIA ANTONIA RODRIGUES DA SILVA;706708597733516;76744930168;MASCULINO;671909302;4;1;7;1;46;Z136;EXAME ESPECIAL DE RASTREAMENTO DE DOENCAS CARDIOVASCULARES 
2026-07-27 16:46:41;500769;SAO GABRIEL DO OESTE;7333218;UNIDADE DE SAUDE DA FAMILIA X;500769;SAO GABRIEL DO OESTE;1;1;2026-07-24 09:10:34;0511003;ULTRASSONOGRAFIA DE ABDOMEN TOTAL;;;0205020046;ULTRASSONOGRAFIA DE ABDOMEN TOTAL;GRACIA DOS SANTOS;1952-11-12;SEBASTIANA RODRIGUES;708904707442910;18157556104;FEMININO;680947880;4;2;24;1;91;R104;OUTRAS DORES ABDOMINAIS E AS NAO ESPECIFICADAS 
2026-07-27 16:46:41;500769;SAO GABRIEL DO OESTE;5971055;UNIDADE DE SAUDE DA FAMILIA VIII;500769;SAO GABRIEL DO OESTE;1;1;2026-07-20 09:13:16;0511003;ULTRASSONOGRAFIA DE ABDOMEN TOTAL;;;0205020046;ULTRASSONOGRAFIA DE ABDOMEN TOTAL;VANESSA GUARESMA DE LIMA;1998-09-28;IVANIR GUARESMA;708003893832823;06522789140;FEMININO;679877777;4;1;24;0;91;Z000;EXAME MEDICO GERAL 
2026-07-27 16:46:41;500769;SAO GABRIEL DO OESTE;2591359;UNIDADE DE SAUDE DA FAMILIA V;500769;SAO GABRIEL DO OESTE;1;1;2026-07-21 11:43:49;0511017;ULTRASSONOGRAFIA DE PARTES MOLES;;;0205020062;ULTRASSONOGRAFIA DE ARTICULACAO;GUSTAVO HENRIQUE ZANETTI ROLIM;2006-06-19;KATIA REGINA ZANETTI ROLIM;704108163070478;05539836103;MASCULINO;680242665;4;1;34;3;9;M626;DISTENSAO MUSCULAR 
2026-07-27 16:46:41;500769;SAO GABRIEL DO OESTE;6354265;CENTRAL DE REGULACAO DE SAO GABRIEL DO OESTE;500769;SAO GABRIEL DO OESTE;1;1;2026-04-21 10:38:44;0601000;ELETRONEUROMIOGRAFIA - MEMBROS SUPERIORES (MSD/MSE);0601000;GRUPO - ELETRONEUROMIOGRAFIA;0211050083;ELETRONEUROMIOGRAMA (ENMG);NOREMY CARLA ZONZINI LATTANZIO;1969-01-22;EMY ROCELLI ZONZINI;705005234464259;02712250680;FEMININO;663094566;4;26;52;123;6;M501;TRANSTORNO DO DISCO CERVICAL COM RADICULOPATIA 
2026-07-27 16:46:41;500769;SAO GABRIEL DO OESTE;6354265;CENTRAL DE REGULACAO DE SAO GABRIEL DO OESTE;500769;SAO GABRIEL DO OESTE;1;1;2026-04-21 09:45:49;0601000;ELETRONEUROMIOGRAFIA - MEMBROS SUPERIORES (MSD/MSE);0601000;GRUPO - ELETRONEUROMIOGRAFIA;0211050083;ELETRONEUROMIOGRAMA (ENMG);CLAUDEMIRO DE OLIVEIRA;1970-04-26;ANTONIA ALMINDA DE OLIVEIRA;703006858935575;52935140168;MASCULINO;663093765;4;25;52;118;6;G250;TREMOR ESSENCIAL 
2026-07-27 16:46:41;500769;SAO GABRIEL DO OESTE;6354265;CENTRAL DE REGULACAO DE SAO GABRIEL DO OESTE;500769;SAO GABRIEL DO OESTE;1;1;2026-04-21 09:41:15;0601000;ELETRONEUROMIOGRAFIA - MEMBROS SUPERIORES (MSD/MSE);0601000;GRUPO - ELETRONEUROMIOGRAFIA;0211050083;ELETRONEUROMIOGRAMA (ENMG);MAYSA CIDRAO ROSA;1965-05-30;EULINA ROSA CAXIAS;704505342048713;33818100144;FEMININO;663093696;4;23;52;109;6;M501;TRANSTORNO DO DISCO CERVICAL COM RADICULOPATIA 
2026-07-27 16:46:41;500769;SAO GABRIEL DO OESTE;6354265;CENTRAL DE REGULACAO DE SAO GABRIEL DO OESTE;500769;SAO GABRIEL DO OESTE;1;1;2026-04-21 09:40:59;0601000;ELETRONEUROMIOGRAFIA - MEMBROS SUPERIORES (MSD/MSE);0601000;GRUPO - ELETRONEUROMIOGRAFIA;0211050083;ELETRONEUROMIOGRAMA (ENMG);CLAITON ROGERIO HENRIQUES;1973-12-19;ELINA BLOSS HENRIQUES;700406496000744;78076277191;MASCULINO;663093693;4;22;52;104;6;M511;TRANSTORNOS DE DISCOS LOMBARES E DE OUTROS DISCOS INTERVERTEBRAIS COM RADICULOPATIA 
2026-07-27 16:46:41;500769;SAO GABRIEL DO OESTE;6354265;CENTRAL DE REGULACAO DE SAO GABRIEL DO OESTE;500769;SAO GABRIEL DO OESTE;1;1;2026-04-21 09:33:18;0601000;ELETRONEUROMIOGRAFIA - MEMBROS SUPERIORES (MSD/MSE);0601000;GRUPO - ELETRONEUROMIOGRAFIA;0211050083;ELETRONEUROMIOGRAMA (ENMG);ANDREA CRISTINA DUARTE;1988-02-09;JOSEFA RITA DE SENA;706000871553248;01926976177;FEMININO;663093577;4;19;52;90;6;G560;SINDROME DO TUNEL DO CARPO 
2026-07-27 16:46:41;500769;SAO GABRIEL DO OESTE;6354265;CENTRAL DE REGULACAO DE SAO GABRIEL DO OESTE;500769;SAO GABRIEL DO OESTE;1;1;2026-04-21 09:27:07;0601000;ELETRONEUROMIOGRAFIA - MEMBROS SUPERIORES (MSD/MSE);0601000;GRUPO - ELETRONEUROMIOGRAFIA;0211050083;ELETRONEUROMIOGRAMA (ENMG);ALINE DAIANE VENTURA DE SOUZA THOMAZ;1982-06-22;DIRCE DA SILVA VENTURA;705104437136270;05416338997;FEMININO;663093489;4;17;52;81;6;G56;MONONEUROPATIAS DOS MEMBROS SUPERIORES
2026-07-27 16:46:41;500769;SAO GABRIEL DO OESTE;6354265;CENTRAL DE REGULACAO DE SAO GABRIEL DO OESTE;500769;SAO GABRIEL DO OESTE;1;1;2026-04-21 09:15:49;0601000;ELETRONEUROMIOGRAFIA - MEMBROS SUPERIORES (MSD/MSE);0601000;GRUPO - ELETRONEUROMIOGRAFIA;0211050083;ELETRONEUROMIOGRAMA (ENMG);MARIA AUXILIADORA MORAIS VIEIRA;1961-09-09;RAIMUNDA MORAIS VIEIRA;704002820923965;26242044153;FEMININO;663093319;4;13;52;62;6;G560;SINDROME DO TUNEL DO CARPO 
2026-07-27 16:46:41;500769;SAO GABRIEL DO OESTE;6354265;CENTRAL DE REGULACAO DE SAO GABRIEL DO OESTE;500769;SAO GABRIEL DO OESTE;1;1;2026-04-21 09:15:24;0601000;ELETRONEUROMIOGRAFIA - MEMBROS SUPERIORES (MSD/MSE);0601000;GRUPO - ELETRONEUROMIOGRAFIA;0211050083;ELETRONEUROMIOGRAMA (ENMG);ADEILTON BALBINO;1972-09-29;MARIA DE LOURDES TIBURCIO;705804413918736;63931168115;MASCULINO;663093312;4;12;52;57;6;F41;OUTROS TRANSTORNOS ANSIOSOS
2026-07-27 16:46:41;500769;SAO GABRIEL DO OESTE;6354265;CENTRAL DE REGULACAO DE SAO GABRIEL DO OESTE;500769;SAO GABRIEL DO OESTE;1;1;2026-04-21 09:12:37;0601000;ELETRONEUROMIOGRAFIA - MEMBROS SUPERIORES (MSD/MSE);0601000;GRUPO - ELETRONEUROMIOGRAFIA;0211050083;ELETRONEUROMIOGRAMA (ENMG);ARMANDO DA SILVA LEMOS;1957-08-02;MARIA JOSE DA SILVA LEMOS;702301151214211;71758068175;MASCULINO;663093258;4;10;52;47;6;M509;TRANSTORNO NAO ESPECIFICADO DE DISCO CERVICAL 
2026-07-27 16:46:41;500769;SAO GABRIEL DO OESTE;6354265;CENTRAL DE REGULACAO DE SAO GABRIEL DO OESTE;500769;SAO GABRIEL DO OESTE;1;1;2026-04-21 09:10:53;0601000;ELETRONEUROMIOGRAFIA - MEMBROS SUPERIORES (MSD/MSE);0601000;GRUPO - ELETRONEUROMIOGRAFIA;0211050083;ELETRONEUROMIOGRAMA (ENMG);ANA LUCIA GOMES DE SOUZA ANDRADE;1972-08-30;LAURIZA GOMES MENDONCA;706005346934743;77559304168;FEMININO;663093229;4;9;52;43;6;G560;SINDROME DO TUNEL DO CARPO 
2026-07-27 16:46:41;500769;SAO GABRIEL DO OESTE;6354265;CENTRAL DE REGULACAO DE SAO GABRIEL DO OESTE;500769;SAO GABRIEL DO OESTE;1;1;2026-04-21 08:58:54;0601000;ELETRONEUROMIOGRAFIA - MEMBROS SUPERIORES (MSD/MSE);0601000;GRUPO - ELETRONEUROMIOGRAFIA;0211050083;ELETRONEUROMIOGRAMA (ENMG);APARECIDA LEONDRINO;1979-01-20;TEREZA VITALINA LEONDRINO;706000327981346;05138564129;FEMININO;663093024;4;6;52;28;6;G560;SINDROME DO TUNEL DO CARPO 
2026-07-27 16:46:41;500769;SAO GABRIEL DO OESTE;6354265;CENTRAL DE REGULACAO DE SAO GABRIEL DO OESTE;500769;SAO GABRIEL DO OESTE;1;1;2026-04-21 08:49:19;0601000;ELETRONEUROMIOGRAFIA - MEMBROS SUPERIORES (MSD/MSE);0601000;GRUPO - ELETRONEUROMIOGRAFIA;0211050083;ELETRONEUROMIOGRAMA (ENMG);ANA PAULA DOS SANTOS;1985-11-07;JULIA SILMARA DOS SANTOS;700003029460503;73856231153;FEMININO;663092888;4;2;52;9;6;G560;SINDROME DO TUNEL DO CARPO 
2026-07-27 16:46:41;500769;SAO GABRIEL DO OESTE;6354265;CENTRAL DE REGULACAO DE SAO GABRIEL DO OESTE;500769;SAO GABRIEL DO OESTE;1;1;2026-07-23 15:24:15;0601000;ELETRONEUROMIOGRAFIA - MEMBROS SUPERIORES (MSD/MSE);0601000;GRUPO - ELETRONEUROMIOGRAFIA;0211050083;ELETRONEUROMIOGRAMA (ENMG);IVANE MARIA KUFFEL DE FLESCH;1988-12-26;SALETE LUCIA WUITSCHICK;703001819409073;70688778186;FEMININO;680859102;4;68;52;322;6;M501;TRANSTORNO DO DISCO CERVICAL COM RADICULOPATIA 
2026-07-27 16:46:41;500769;SAO GABRIEL DO OESTE;6354265;CENTRAL DE REGULACAO DE SAO GABRIEL DO OESTE;500769;SAO GABRIEL DO OESTE;1;1;2026-07-10 17:21:01;0601000;ELETRONEUROMIOGRAFIA - MEMBROS SUPERIORES (MSD/MSE);0601000;GRUPO - ELETRONEUROMIOGRAFIA;0211050083;ELETRONEUROMIOGRAMA (ENMG);REJANE MARIA PENSO;1963-05-26;ADELIA PENSO;706405145394888;36552909187;FEMININO;678456790;4;64;52;303;6;G560;SINDROME DO TUNEL DO CARPO 
2026-07-27 16:46:41;500769;SAO GABRIEL DO OESTE;6354265;CENTRAL DE REGULACAO DE SAO GABRIEL DO OESTE;500769;SAO GABRIEL DO OESTE;1;1;2026-07-08 09:47:43;0601000;ELETRONEUROMIOGRAFIA - MEMBROS SUPERIORES (MSD/MSE);0601000;GRUPO - ELETRONEUROMIOGRAFIA;0211050083;ELETRONEUROMIOGRAMA (ENMG);EDNA NAZARIO;1974-06-01;IVONE CESCONETTO NAZARIO;701104324572080;83159711900;FEMININO;677785559;4;63;52;298;6;R202;PARESTESIAS CUTANEAS 
2026-07-27 16:46:41;500769;SAO GABRIEL DO OESTE;6354265;CENTRAL DE REGULACAO DE SAO GABRIEL DO OESTE;500769;SAO GABRIEL DO OESTE;1;1;2026-07-03 08:50:45;0601000;ELETRONEUROMIOGRAFIA - MEMBROS SUPERIORES (MSD/MSE);0601000;GRUPO - ELETRONEUROMIOGRAFIA;0211050083;ELETRONEUROMIOGRAMA (ENMG);ALICE BARBOSA MONTEIRO;1984-03-07;MADALENA INACIO MONTEIRO;708701163349295;73684910287;FEMININO;676904542;4;61;52;289;6;G560;SINDROME DO TUNEL DO CARPO 
2026-07-27 16:46:41;500769;SAO GABRIEL DO OESTE;6354265;CENTRAL DE REGULACAO DE SAO GABRIEL DO OESTE;500769;SAO GABRIEL DO OESTE;1;1;2026-06-24 15:10:52;0601000;ELETRONEUROMIOGRAFIA - MEMBROS SUPERIORES (MSD/MSE);0601000;GRUPO - ELETRONEUROMIOGRAFIA;0211050083;ELETRONEUROMIOGRAMA (ENMG);SILVIA REGINA MELO DOS SANTOS LARA;1974-05-04;APARECIDA MELO DOS SANTOS;700803977582485;86804332172;FEMININO;675316737;4;59;52;279;6;G560;SINDROME DO TUNEL DO CARPO 
2026-07-27 16:46:41;500769;SAO GABRIEL DO OESTE;6354265;CENTRAL DE REGULACAO DE SAO GABRIEL DO OESTE;500769;SAO GABRIEL DO OESTE;1;1;2026-06-23 11:35:36;0601000;ELETRONEUROMIOGRAFIA - MEMBROS SUPERIORES (MSD/MSE);0601000;GRUPO - ELETRONEUROMIOGRAFIA;0211050083;ELETRONEUROMIOGRAMA (ENMG);VANESSA DE ARRUDA PEREIRA;1987-02-13;TEREZINHA DE ARRUDA PEREIRA;702300148548014;03733428102;FEMININO;675018617;4;58;52;275;6;M542;CERVICALGIA 
2026-07-27 16:46:41;500769;SAO GABRIEL DO OESTE;6354265;CENTRAL DE REGULACAO DE SAO GABRIEL DO OESTE;500769;SAO GABRIEL DO OESTE;1;1;2026-06-19 10:58:58;0601000;ELETRONEUROMIOGRAFIA - MEMBROS SUPERIORES (MSD/MSE);0601000;GRUPO - ELETRONEUROMIOGRAFIA;0211050083;ELETRONEUROMIOGRAMA (ENMG);MONICA DE FREITAS DA SILVA;1987-09-16;ELPIDIA DE FREITAS;708306278755960;03148595351;FEMININO;674480599;4;57;52;270;6;M751;SINDROME DO MANGUITO ROTADOR 
2026-07-27 16:46:41;500769;SAO GABRIEL DO OESTE;6354265;CENTRAL DE REGULACAO DE SAO GABRIEL DO OESTE;500769;SAO GABRIEL DO OESTE;1;1;2026-06-16 17:21:02;0601000;ELETRONEUROMIOGRAFIA - MEMBROS SUPERIORES (MSD/MSE);0601000;GRUPO - ELETRONEUROMIOGRAFIA;0211050083;ELETRONEUROMIOGRAMA (ENMG);EVALDO FRANCISCO DOS SANTOS;1975-02-26;LEUDA ANTONIA DOS SANTOS;706907107393532;03221023162;MASCULINO;673829148;4;55;52;261;6;I99;OUTROS TRANSTORNOS DO APARELHO CIRCULATORIO E OS NAO ESPECIFICADOS 
2026-07-27 16:46:41;500769;SAO GABRIEL DO OESTE;6354265;CENTRAL DE REGULACAO DE SAO GABRIEL DO OESTE;500769;SAO GABRIEL DO OESTE;1;1;2026-06-12 10:31:53;0601000;ELETRONEUROMIOGRAFIA - MEMBROS SUPERIORES (MSD/MSE);0601000;GRUPO - ELETRONEUROMIOGRAFIA;0211050083;ELETRONEUROMIOGRAMA (ENMG);ELIZANDRA BENEDITA CANDIDO DE BARRO;1990-12-26;ADELEIDE CANDIDO DA SILVA;700601498135861;03884426117;FEMININO;673099106;4;54;52;256;6;G560;SINDROME DO TUNEL DO CARPO 
2026-07-27 16:46:41;500769;SAO GABRIEL DO OESTE;6354265;CENTRAL DE REGULACAO DE SAO GABRIEL DO OESTE;500769;SAO GABRIEL DO OESTE;1;1;2026-06-12 10:17:16;0601000;ELETRONEUROMIOGRAFIA - MEMBROS SUPERIORES (MSD/MSE);0601000;GRUPO - ELETRONEUROMIOGRAFIA;0211050083;ELETRONEUROMIOGRAMA (ENMG);LUCIMAR FERREIRA GONCALVES;1977-02-03;NEUZA GONCALVES FERREIRA;703404180197400;97815128149;FEMININO;673091048;4;53;52;251;6;G560;SINDROME DO TUNEL DO CARPO 
2026-07-27 16:46:41;500769;SAO GABRIEL DO OESTE;6354265;CENTRAL DE REGULACAO DE SAO GABRIEL DO OESTE;500769;SAO GABRIEL DO OESTE;1;1;2026-05-27 10:39:58;0601000;ELETRONEUROMIOGRAFIA - MEMBROS SUPERIORES (MSD/MSE);0601000;GRUPO - ELETRONEUROMIOGRAFIA;0211050083;ELETRONEUROMIOGRAMA (ENMG);MARLY FARIAS BELCHIOR;1981-07-14;ANTONIA DE FARIAS BELCHIOR;706401135204985;92604250187;FEMININO;670090081;4;47;52;223;6;G562;LESOES DO NERVO CUBITAL [ULNAR] 
2026-07-27 16:46:41;500769;SAO GABRIEL DO OESTE;6354265;CENTRAL DE REGULACAO DE SAO GABRIEL DO OESTE;500769;SAO GABRIEL DO OESTE;1;1;2026-05-26 11:49:50;0601000;ELETRONEUROMIOGRAFIA - MEMBROS SUPERIORES (MSD/MSE);0601000;GRUPO - ELETRONEUROMIOGRAFIA;0211050083;ELETRONEUROMIOGRAMA (ENMG);MARIA IRONI SANTANA VIEIRA;1949-02-10;NATALIA DE PAULA SANTANA;700400460429745;01656477955;FEMININO;669830746;4;46;52;218;6;M501;TRANSTORNO DO DISCO CERVICAL COM RADICULOPATIA 
2026-07-27 16:46:41;500769;SAO GABRIEL DO OESTE;6354265;CENTRAL DE REGULACAO DE SAO GABRIEL DO OESTE;500769;SAO GABRIEL DO OESTE;1;1;2026-05-06 17:24:35;0601000;ELETRONEUROMIOGRAFIA - MEMBROS SUPERIORES (MSD/MSE);0601000;GRUPO - ELETRONEUROMIOGRAFIA;0211050083;ELETRONEUROMIOGRAMA (ENMG);LOINY SOBRINHO DE OLIVEIRA;1992-09-03;ANATALIA SILVERIO SOBRINHO;708608069865681;04322864112;FEMININO;666088465;4;43;52;204;6;G560;SINDROME DO TUNEL DO CARPO 
2026-07-27 16:46:41;500769;SAO GABRIEL DO OESTE;6354265;CENTRAL DE REGULACAO DE SAO GABRIEL DO OESTE;500769;SAO GABRIEL DO OESTE;1;1;2026-05-04 14:31:16;0601000;ELETRONEUROMIOGRAFIA - MEMBROS SUPERIORES (MSD/MSE);0601000;GRUPO - ELETRONEUROMIOGRAFIA;0211050083;ELETRONEUROMIOGRAMA (ENMG);JOANA DARC RAMOS DE AMORIM;1977-07-25;SEBASTIANA RAMOS DO PRADO;706906179217934;86154923104;FEMININO;665418846;4;41;52;194;6;G560;SINDROME DO TUNEL DO CARPO 
2026-07-27 16:46:41;500769;SAO GABRIEL DO OESTE;6354265;CENTRAL DE REGULACAO DE SAO GABRIEL DO OESTE;500769;SAO GABRIEL DO OESTE;1;1;2026-04-21 11:51:08;0601000;ELETRONEUROMIOGRAFIA - MEMBROS SUPERIORES (MSD/MSE);0601000;GRUPO - ELETRONEUROMIOGRAFIA;0211050083;ELETRONEUROMIOGRAMA (ENMG);ROSIMAR BARALDI DA SILVA DOS SANTOS;1979-03-07;IGNEZ BARALDI DA SILVA;705600459961012;00641734107;FEMININO;663096048;4;38;52;180;6;G560;SINDROME DO TUNEL DO CARPO 
2026-07-27 16:46:41;500769;SAO GABRIEL DO OESTE;6354265;CENTRAL DE REGULACAO DE SAO GABRIEL DO OESTE;500769;SAO GABRIEL DO OESTE;1;1;2026-04-21 11:27:53;0601000;ELETRONEUROMIOGRAFIA - MEMBROS SUPERIORES (MSD/MSE);0601000;GRUPO - ELETRONEUROMIOGRAFIA;0211050083;ELETRONEUROMIOGRAMA (ENMG);YARA QUEIROZ SILVA DE SOUZA;1978-05-15;EVA HELENA QUEIROZ SILVA DE SOUZA;702406326670230;81880340100;FEMININO;663095649;4;37;52;175;6;G560;SINDROME DO TUNEL DO CARPO 
2026-07-27 16:46:41;500769;SAO GABRIEL DO OESTE;6354265;CENTRAL DE REGULACAO DE SAO GABRIEL DO OESTE;500769;SAO GABRIEL DO OESTE;1;1;2026-04-21 11:26:31;0601000;ELETRONEUROMIOGRAFIA - MEMBROS SUPERIORES (MSD/MSE);0601000;GRUPO - ELETRONEUROMIOGRAFIA;0211050083;ELETRONEUROMIOGRAMA (ENMG);HELOISA MESQUITA VILHALVA;1971-02-07;MARIA MESQUITA VILHALVA;705102490247470;52561720187;FEMININO;663095625;4;36;52;171;6;G560;SINDROME DO TUNEL DO CARPO 
2026-07-27 16:46:41;500769;SAO GABRIEL DO OESTE;6354265;CENTRAL DE REGULACAO DE SAO GABRIEL DO OESTE;500769;SAO GABRIEL DO OESTE;1;1;2026-04-21 11:21:19;0601000;ELETRONEUROMIOGRAFIA - MEMBROS SUPERIORES (MSD/MSE);0601000;GRUPO - ELETRONEUROMIOGRAFIA;0211050083;ELETRONEUROMIOGRAMA (ENMG);GELSA MARIA DIAS;1983-07-21;GILDA MARIA DE JESUS DIAS;700005479484502;97004243168;FEMININO;663095509;4;34;52;161;6;G560;SINDROME DO TUNEL DO CARPO 
2026-07-27 16:46:41;500769;SAO GABRIEL DO OESTE;6354265;CENTRAL DE REGULACAO DE SAO GABRIEL DO OESTE;500769;SAO GABRIEL DO OESTE;1;1;2026-04-21 11:03:49;0601000;ELETRONEUROMIOGRAFIA - MEMBROS SUPERIORES (MSD/MSE);0601000;GRUPO - ELETRONEUROMIOGRAFIA;0211050083;ELETRONEUROMIOGRAMA (ENMG);ORALDO NUNES MARQUES;1963-05-21;NEUSA NUNES MARQUES;703000839484576;44855800163;MASCULINO;663095156;4;31;52;147;6;G560;SINDROME DO TUNEL DO CARPO 
2026-07-27 16:46:41;500769;SAO GABRIEL DO OESTE;6354265;CENTRAL DE REGULACAO DE SAO GABRIEL DO OESTE;500769;SAO GABRIEL DO OESTE;1;1;2026-04-21 11:01:27;0601000;ELETRONEUROMIOGRAFIA - MEMBROS SUPERIORES (MSD/MSE);0601000;GRUPO - ELETRONEUROMIOGRAFIA;0211050083;ELETRONEUROMIOGRAMA (ENMG);OLGA LARSON DE ARAUJO;1968-07-30;ILZA LARSON DE ARAUJO;700607904564067;40782409172;FEMININO;663095096;4;30;52;142;6;G560;SINDROME DO TUNEL DO CARPO 
2026-07-27 16:46:41;500769;SAO GABRIEL DO OESTE;6354265;CENTRAL DE REGULACAO DE SAO GABRIEL DO OESTE;500769;SAO GABRIEL DO OESTE;1;1;2026-04-21 10:59:33;0601000;ELETRONEUROMIOGRAFIA - MEMBROS SUPERIORES (MSD/MSE);0601000;GRUPO - ELETRONEUROMIOGRAFIA;0211050083;ELETRONEUROMIOGRAMA (ENMG);NADIR DE FATIMA DA SILVA NARCISO;1976-06-15;JOSEFA DA SILVA NARCISO;702801150454168;92606377168;FEMININO;663095040;4;29;52;137;6;M542;CERVICALGIA 
2026-07-27 16:46:41;500769;SAO GABRIEL DO OESTE;6354265;CENTRAL DE REGULACAO DE SAO GABRIEL DO OESTE;500769;SAO GABRIEL DO OESTE;1;1;2026-04-21 10:54:42;0601000;ELETRONEUROMIOGRAFIA - MEMBROS SUPERIORES (MSD/MSE);0601000;GRUPO - ELETRONEUROMIOGRAFIA;0211050083;ELETRONEUROMIOGRAMA (ENMG);EDIVANJA BORGES XAVIER DA MATA;1982-10-01;MARIA BARBOSA BORGES XAVIER;708201606771149;02059767199;FEMININO;663094918;4;28;52;133;6;M513;OUTRA DEGENERACAO ESPECIFICADA DE DISCO INTERVERTEBRAL 
2026-07-27 16:46:41;500769;SAO GABRIEL DO OESTE;6354265;CENTRAL DE REGULACAO DE SAO GABRIEL DO OESTE;500769;SAO GABRIEL DO OESTE;1;1;2026-04-21 09:43:26;0601000;ELETRONEUROMIOGRAFIA - MEMBROS INFERIORES (MID/MIE);0601000;GRUPO - ELETRONEUROMIOGRAFIA;0211050083;ELETRONEUROMIOGRAMA (ENMG);CLAITON ROGERIO HENRIQUES;1973-12-19;ELINA BLOSS HENRIQUES;700406496000744;78076277191;MASCULINO;663093730;4;24;67;98;7;N511;TRANSTORNOS DO TESTICULO E DO EPIDIDIMO EM DOENCAS CLASSIFICADAS EM OUTRA PARTE 
2026-07-27 16:46:41;500769;SAO GABRIEL DO OESTE;6354265;CENTRAL DE REGULACAO DE SAO GABRIEL DO OESTE;500769;SAO GABRIEL DO OESTE;1;1;2026-04-21 09:39:24;0601000;ELETRONEUROMIOGRAFIA - MEMBROS INFERIORES (MID/MIE);0601000;GRUPO - ELETRONEUROMIOGRAFIA;0211050083;ELETRONEUROMIOGRAMA (ENMG);CLAUDIO ROBERTO DA SILVA;1968-04-19;JOSEFA PEDRA DA SILVA;707001849013936;44481241187;MASCULINO;663093666;4;21;67;86;7;M511;TRANSTORNOS DE DISCOS LOMBARES E DE OUTROS DISCOS INTERVERTEBRAIS COM RADICULOPATIA 
2026-07-27 16:46:41;500769;SAO GABRIEL DO OESTE;6354265;CENTRAL DE REGULACAO DE SAO GABRIEL DO OESTE;500769;SAO GABRIEL DO OESTE;1;1;2026-04-21 09:38:31;0601000;ELETRONEUROMIOGRAFIA - MEMBROS INFERIORES (MID/MIE);0601000;GRUPO - ELETRONEUROMIOGRAFIA;0211050083;ELETRONEUROMIOGRAMA (ENMG);MARINO HERMETO WILLE SCHNEIDER;1975-10-06;LUCIA JACINTA WILLE;702509369150036;02050190999;MASCULINO;663093655;4;20;67;82;7;G57;MONONEUROPATIAS DOS MEMBROS INFERIORES
2026-07-27 16:46:41;500769;SAO GABRIEL DO OESTE;6354265;CENTRAL DE REGULACAO DE SAO GABRIEL DO OESTE;500769;SAO GABRIEL DO OESTE;1;1;2026-04-21 09:32:03;0601000;ELETRONEUROMIOGRAFIA - MEMBROS INFERIORES (MID/MIE);0601000;GRUPO - ELETRONEUROMIOGRAFIA;0211050083;ELETRONEUROMIOGRAMA (ENMG);MARIA APARECIDA CARLOS;1974-08-12;APARECIDA DOS SANTOS CARLOS;706405678898086;94376085120;FEMININO;663093553;4;18;67;74;7;G632;POLINEUROPATIA DIABETICA (E10-E14+ COM QUARTO CARACTERE COMUM .4) 
2026-07-27 16:46:41;500769;SAO GABRIEL DO OESTE;6354265;CENTRAL DE REGULACAO DE SAO GABRIEL DO OESTE;500769;SAO GABRIEL DO OESTE;1;1;2026-04-21 09:22:29;0601000;ELETRONEUROMIOGRAFIA - MEMBROS INFERIORES (MID/MIE);0601000;GRUPO - ELETRONEUROMIOGRAFIA;0211050083;ELETRONEUROMIOGRAMA (ENMG);MERIELE CONSOLO CAVALCANTE FERREIRA;1978-01-02;ROSANGELA TESINI CONSOLO CAVALCANTE;701006865703599;26833626847;FEMININO;663093425;4;16;67;65;7;G632;POLINEUROPATIA DIABETICA (E10-E14+ COM QUARTO CARACTERE COMUM .4) 
2026-07-27 16:46:41;500769;SAO GABRIEL DO OESTE;6354265;CENTRAL DE REGULACAO DE SAO GABRIEL DO OESTE;500769;SAO GABRIEL DO OESTE;1;1;2026-04-21 09:20:21;0601000;ELETRONEUROMIOGRAFIA - MEMBROS INFERIORES (MID/MIE);0601000;GRUPO - ELETRONEUROMIOGRAFIA;0211050083;ELETRONEUROMIOGRAMA (ENMG);AUDRIA RIBEIRO RODRIGUES;1973-07-01;MARIALZA RIBEIRO;708903763490614;83170146149;FEMININO;663093390;4;15;67;61;7;M54;DORSALGIA
2026-07-27 16:46:41;500769;SAO GABRIEL DO OESTE;6354265;CENTRAL DE REGULACAO DE SAO GABRIEL DO OESTE;500769;SAO GABRIEL DO OESTE;1;1;2026-04-21 09:17:41;0601000;ELETRONEUROMIOGRAFIA - MEMBROS INFERIORES (MID/MIE);0601000;GRUPO - ELETRONEUROMIOGRAFIA;0211050083;ELETRONEUROMIOGRAMA (ENMG);ANA BEATRIZ DO NASCIMENTO RODRIGUES;1975-04-13;ZILMA DO NASCIMENTO RODRIGUES;709607601967770;77955560191;FEMININO;663093352;4;14;67;57;7;M472;OUTRAS ESPONDILOSES COM RADICULOPATIAS 
2026-07-27 16:46:41;500769;SAO GABRIEL DO OESTE;6354265;CENTRAL DE REGULACAO DE SAO GABRIEL DO OESTE;500769;SAO GABRIEL DO OESTE;1;1;2026-04-21 09:12:52;0601000;ELETRONEUROMIOGRAFIA - MEMBROS INFERIORES (MID/MIE);0601000;GRUPO - ELETRONEUROMIOGRAFIA;0211050083;ELETRONEUROMIOGRAMA (ENMG);MAURA PEREIRA DA CRUZ;1957-03-05;OSCALINA CORREA SOUZA;703400289631012;85809357172;FEMININO;663093262;4;11;67;45;7;M545;DOR LOMBAR BAIXA 
2026-07-27 16:46:41;500769;SAO GABRIEL DO OESTE;6354265;CENTRAL DE REGULACAO DE SAO GABRIEL DO OESTE;500769;SAO GABRIEL DO OESTE;1;1;2026-04-21 09:08:50;0601000;ELETRONEUROMIOGRAFIA - MEMBROS INFERIORES (MID/MIE);0601000;GRUPO - ELETRONEUROMIOGRAFIA;0211050083;ELETRONEUROMIOGRAMA (ENMG);MARIA DE LURDES DOS SANTOS;1972-12-25;JONILHA PEREIRA DOS SANTOS;702003867484482;00327430176;FEMININO;663093199;4;8;67;33;7;M545;DOR LOMBAR BAIXA 
2026-07-27 16:46:41;500769;SAO GABRIEL DO OESTE;6354265;CENTRAL DE REGULACAO DE SAO GABRIEL DO OESTE;500769;SAO GABRIEL DO OESTE;1;1;2026-04-21 09:04:00;0601000;ELETRONEUROMIOGRAFIA - MEMBROS INFERIORES (MID/MIE);0601000;GRUPO - ELETRONEUROMIOGRAFIA;0211050083;ELETRONEUROMIOGRAMA (ENMG);LAUDILENE VALERIO DE ARRUDA SILVA;1969-11-27;ANAMIM VALERIO DE ARRUDA;701009897574991;75440423400;FEMININO;663093121;4;7;67;29;7;G560;SINDROME DO TUNEL DO CARPO 
2026-07-27 16:46:41;500769;SAO GABRIEL DO OESTE;6354265;CENTRAL DE REGULACAO DE SAO GABRIEL DO OESTE;500769;SAO GABRIEL DO OESTE;1;1;2026-04-21 08:56:45;0601000;ELETRONEUROMIOGRAFIA - MEMBROS INFERIORES (MID/MIE);0601000;GRUPO - ELETRONEUROMIOGRAFIA;0211050083;ELETRONEUROMIOGRAMA (ENMG);LENICE SANTOS DE MATOS;1995-08-18;COSMA GABRIEL DOS SANTOS;704004372753265;06630691148;FEMININO;663092996;4;5;67;20;7;M545;DOR LOMBAR BAIXA 
2026-07-27 16:46:41;500769;SAO GABRIEL DO OESTE;6354265;CENTRAL DE REGULACAO DE SAO GABRIEL DO OESTE;500769;SAO GABRIEL DO OESTE;1;1;2026-04-21 08:56:09;0601000;ELETRONEUROMIOGRAFIA - MEMBROS INFERIORES (MID/MIE);0601000;GRUPO - ELETRONEUROMIOGRAFIA;0211050083;ELETRONEUROMIOGRAMA (ENMG);ADEMIR DA SILVA MARTINS;1994-05-10;APARECIDA ARRUDA DA SILVA;709009892822313;05145477155;MASCULINO;663092984;4;4;67;16;7;G572;LESAO DO NERVO FEMORAL 
2026-07-27 16:46:41;500769;SAO GABRIEL DO OESTE;6354265;CENTRAL DE REGULACAO DE SAO GABRIEL DO OESTE;500769;SAO GABRIEL DO OESTE;1;1;2026-04-21 08:54:11;0601000;ELETRONEUROMIOGRAFIA - MEMBROS INFERIORES (MID/MIE);0601000;GRUPO - ELETRONEUROMIOGRAFIA;0211050083;ELETRONEUROMIOGRAMA (ENMG);ADELIA LOPES;1968-07-07;MARIA PEREIRA;700003735887303;83762833168;FEMININO;663092953;4;3;67;12;7;M511;TRANSTORNOS DE DISCOS LOMBARES E DE OUTROS DISCOS INTERVERTEBRAIS COM RADICULOPATIA 
2026-07-27 16:46:41;500769;SAO GABRIEL DO OESTE;6354265;CENTRAL DE REGULACAO DE SAO GABRIEL DO OESTE;500769;SAO GABRIEL DO OESTE;1;1;2026-04-21 08:46:13;0601000;ELETRONEUROMIOGRAFIA - MEMBROS INFERIORES (MID/MIE);0601000;GRUPO - ELETRONEUROMIOGRAFIA;0211050083;ELETRONEUROMIOGRAMA (ENMG);JOAO MARIA DE JESUS DE OLIVEIRA;1964-09-11;GEORGINA DE OLIVEIRA;707608279653690;49591312920;MASCULINO;663092852;4;1;67;4;7;M511;TRANSTORNOS DE DISCOS LOMBARES E DE OUTROS DISCOS INTERVERTEBRAIS COM RADICULOPATIA 
2026-07-27 16:46:41;500769;SAO GABRIEL DO OESTE;6354265;CENTRAL DE REGULACAO DE SAO GABRIEL DO OESTE;500769;SAO GABRIEL DO OESTE;1;1;2026-07-23 08:46:38;0601000;ELETRONEUROMIOGRAFIA - MEMBROS INFERIORES (MID/MIE);0601000;GRUPO - ELETRONEUROMIOGRAFIA;0211050083;ELETRONEUROMIOGRAMA (ENMG);NESTOR DIAS VIEIRA;1956-02-26;MARIA PAUTILHA DE OLIVEIRA VIEIRA;706406613239089;32577443153;MASCULINO;680685170;4;67;67;274;7;G629;POLINEUROPATIA NAO ESPECIFICADA 
2026-07-27 16:46:41;500769;SAO GABRIEL DO OESTE;6354265;CENTRAL DE REGULACAO DE SAO GABRIEL DO OESTE;500769;SAO GABRIEL DO OESTE;1;1;2026-07-21 14:07:27;0601000;ELETRONEUROMIOGRAFIA - MEMBROS INFERIORES (MID/MIE);0601000;GRUPO - ELETRONEUROMIOGRAFIA;0211050083;ELETRONEUROMIOGRAMA (ENMG);JAQUELINE MEIRELES DA SILVA;1985-02-27;NORELI ORTIZ;709805026384596;05495916999;FEMININO;680289155;4;66;67;270;7;M513;OUTRA DEGENERACAO ESPECIFICADA DE DISCO INTERVERTEBRAL 
2026-07-27 16:46:41;500769;SAO GABRIEL DO OESTE;6354265;CENTRAL DE REGULACAO DE SAO GABRIEL DO OESTE;500769;SAO GABRIEL DO OESTE;1;1;2026-07-15 09:58:00;0601000;ELETRONEUROMIOGRAFIA - MEMBROS INFERIORES (MID/MIE);0601000;GRUPO - ELETRONEUROMIOGRAFIA;0211050083;ELETRONEUROMIOGRAMA (ENMG);MARIA ANA CLAUDY;1948-09-06;VERONICA MARIA CASALI;702400057818522;54250854191;FEMININO;679130436;4;65;67;266;7;G62;OUTRAS POLINEUROPATIAS
2026-07-27 16:46:41;500769;SAO GABRIEL DO OESTE;6354265;CENTRAL DE REGULACAO DE SAO GABRIEL DO OESTE;500769;SAO GABRIEL DO OESTE;1;1;2026-07-07 17:56:30;0601000;ELETRONEUROMIOGRAFIA - MEMBROS INFERIORES (MID/MIE);0601000;GRUPO - ELETRONEUROMIOGRAFIA;0211050083;ELETRONEUROMIOGRAMA (ENMG);VERISSIMO DA SILVA RODRIGUES;1944-10-01;FRANCELINA MARIA DA SILVA;708904753292314;20010591168;MASCULINO;677705461;4;62;67;254;7;E117;DIABETES MELLITUS NAO-INSULINO-DEPENDENTE - COM COMPLICACOES MULTIPLAS 
2026-07-27 16:46:41;500769;SAO GABRIEL DO OESTE;6354265;CENTRAL DE REGULACAO DE SAO GABRIEL DO OESTE;500769;SAO GABRIEL DO OESTE;1;1;2026-06-25 08:13:17;0601000;ELETRONEUROMIOGRAFIA - MEMBROS INFERIORES (MID/MIE);0601000;GRUPO - ELETRONEUROMIOGRAFIA;0211050083;ELETRONEUROMIOGRAMA (ENMG);GERSON LOURENCO WRASSE;1965-05-15;AUREA ATELI WRASSE;702500389139234;66394260053;MASCULINO;675372107;4;60;67;245;7;M545;DOR LOMBAR BAIXA 
2026-07-27 16:46:41;500769;SAO GABRIEL DO OESTE;6354265;CENTRAL DE REGULACAO DE SAO GABRIEL DO OESTE;500769;SAO GABRIEL DO OESTE;1;1;2026-06-16 17:22:22;0601000;ELETRONEUROMIOGRAFIA - MEMBROS INFERIORES (MID/MIE);0601000;GRUPO - ELETRONEUROMIOGRAFIA;0211050083;ELETRONEUROMIOGRAMA (ENMG);EVALDO FRANCISCO DOS SANTOS;1975-02-26;LEUDA ANTONIA DOS SANTOS;706907107393532;03221023162;MASCULINO;673829399;4;56;67;229;7;I99;OUTROS TRANSTORNOS DO APARELHO CIRCULATORIO E OS NAO ESPECIFICADOS 
2026-07-27 16:46:41;500769;SAO GABRIEL DO OESTE;6354265;CENTRAL DE REGULACAO DE SAO GABRIEL DO OESTE;500769;SAO GABRIEL DO OESTE;1;1;2026-06-12 08:18:17;0601000;ELETRONEUROMIOGRAFIA - MEMBROS INFERIORES (MID/MIE);0601000;GRUPO - ELETRONEUROMIOGRAFIA;0211050083;ELETRONEUROMIOGRAMA (ENMG);FRANCISCA DE LIMA;1959-07-30;MINELVINA MARIA DA CONCEICAO;700404353638050;88336999434;FEMININO;673033470;4;52;67;213;7;G578;OUTRAS MONONEUROPATIAS DOS MEMBROS INFERIORES 
2026-07-27 16:46:41;500769;SAO GABRIEL DO OESTE;6354265;CENTRAL DE REGULACAO DE SAO GABRIEL DO OESTE;500769;SAO GABRIEL DO OESTE;1;1;2026-06-10 15:10:16;0601000;ELETRONEUROMIOGRAFIA - MEMBROS INFERIORES (MID/MIE);0601000;GRUPO - ELETRONEUROMIOGRAFIA;0211050083;ELETRONEUROMIOGRAMA (ENMG);LUCIANA LUGO MORINIGO;1970-12-13;ROSARIA GONCALVES LUGO;707801605609913;01542008166;FEMININO;672673851;4;51;67;209;7;I839;VARIZES DOS MEMBROS INFERIORES SEM ULCERA OU INFLAMACAO 
2026-07-27 16:46:41;500769;SAO GABRIEL DO OESTE;6354265;CENTRAL DE REGULACAO DE SAO GABRIEL DO OESTE;500769;SAO GABRIEL DO OESTE;1;1;2026-06-09 16:26:39;0601000;ELETRONEUROMIOGRAFIA - MEMBROS INFERIORES (MID/MIE);0601000;GRUPO - ELETRONEUROMIOGRAFIA;0211050083;ELETRONEUROMIOGRAMA (ENMG);MARIA CORREIA DOS SANTOS;1974-10-04;MARIA ROSA DOS SANTOS;705006887340254;78833965520;FEMININO;672422318;4;50;67;205;7;M545;DOR LOMBAR BAIXA 
2026-07-27 16:46:41;500769;SAO GABRIEL DO OESTE;6354265;CENTRAL DE REGULACAO DE SAO GABRIEL DO OESTE;500769;SAO GABRIEL DO OESTE;1;1;2026-06-09 10:57:27;0601000;ELETRONEUROMIOGRAFIA - MEMBROS INFERIORES (MID/MIE);0601000;GRUPO - ELETRONEUROMIOGRAFIA;0211050083;ELETRONEUROMIOGRAMA (ENMG);ALDA VIEIRA DE FREITAS;1956-04-13;CONSTANTINA VIEIRA;708000801945720;51130831191;FEMININO;672278061;4;49;67;200;7;M62;OUTROS TRANSTORNOS MUSCULARES
2026-07-27 16:46:41;500769;SAO GABRIEL DO OESTE;6354265;CENTRAL DE REGULACAO DE SAO GABRIEL DO OESTE;500769;SAO GABRIEL DO OESTE;1;1;2026-06-08 08:27:42;0601000;ELETRONEUROMIOGRAFIA - MEMBROS INFERIORES (MID/MIE);0601000;GRUPO - ELETRONEUROMIOGRAFIA;0211050083;ELETRONEUROMIOGRAMA (ENMG);WIVIANE ALVES DE SOUZA NORBEQUE;1988-12-17;MARIA APARECIDA ALVES DE SOUZA;700006937680109;03408976198;FEMININO;671886491;4;48;67;196;7;G632;POLINEUROPATIA DIABETICA (E10-E14+ COM QUARTO CARACTERE COMUM .4) 
2026-07-27 16:46:41;500769;SAO GABRIEL DO OESTE;6354265;CENTRAL DE REGULACAO DE SAO GABRIEL DO OESTE;500769;SAO GABRIEL DO OESTE;1;1;2026-05-19 17:16:44;0601000;ELETRONEUROMIOGRAFIA - MEMBROS INFERIORES (MID/MIE);0601000;GRUPO - ELETRONEUROMIOGRAFIA;0211050083;ELETRONEUROMIOGRAMA (ENMG);SALETE BOMBARDA;1965-06-07;PIERINA DAL PRA BOMBARDA;700004293893606;08998352877;FEMININO;668555155;4;45;67;184;7;M541;RADICULOPATIA 
2026-07-27 16:46:41;500769;SAO GABRIEL DO OESTE;6354265;CENTRAL DE REGULACAO DE SAO GABRIEL DO OESTE;500769;SAO GABRIEL DO OESTE;1;1;2026-05-08 07:50:29;0601000;ELETRONEUROMIOGRAFIA - MEMBROS INFERIORES (MID/MIE);0601000;GRUPO - ELETRONEUROMIOGRAFIA;0211050083;ELETRONEUROMIOGRAMA (ENMG);VALDENICE DA SILVA ALVES LOPES;1976-10-25;DORALICE DA SILVA ALVES LOPES;706206004008461;01289091102;FEMININO;666385873;4;44;67;180;7;I839;VARIZES DOS MEMBROS INFERIORES SEM ULCERA OU INFLAMACAO 
2026-07-27 16:46:41;500769;SAO GABRIEL DO OESTE;6354265;CENTRAL DE REGULACAO DE SAO GABRIEL DO OESTE;500769;SAO GABRIEL DO OESTE;1;1;2026-05-06 10:34:00;0601000;ELETRONEUROMIOGRAFIA - MEMBROS INFERIORES (MID/MIE);0601000;GRUPO - ELETRONEUROMIOGRAFIA;0211050083;ELETRONEUROMIOGRAMA (ENMG);ILARIA REINALDA MARTINS DA SILVA;1972-01-08;FRANCISCA OLGA DALL AGNOL;702006894435287;00390365106;FEMININO;665918067;4;42;67;172;7;E108;DIABETES MELLITUS INSULINO-DEPENDENTE - COM COMPLICACOES NAO ESPECIFICADAS 
2026-07-27 16:46:41;500769;SAO GABRIEL DO OESTE;6354265;CENTRAL DE REGULACAO DE SAO GABRIEL DO OESTE;500769;SAO GABRIEL DO OESTE;1;1;2026-04-28 11:10:03;0601000;ELETRONEUROMIOGRAFIA - MEMBROS INFERIORES (MID/MIE);0601000;GRUPO - ELETRONEUROMIOGRAFIA;0211050083;ELETRONEUROMIOGRAMA (ENMG);LIDIA MARTINS CASTILHO;1968-11-12;CECY CASTILHO DA SILVA;705003668145852;56217927187;FEMININO;664400623;4;40;67;164;7;M545;DOR LOMBAR BAIXA 
2026-07-27 16:46:41;500769;SAO GABRIEL DO OESTE;6354265;CENTRAL DE REGULACAO DE SAO GABRIEL DO OESTE;500769;SAO GABRIEL DO OESTE;1;1;2026-04-22 14:27:26;0601000;ELETRONEUROMIOGRAFIA - MEMBROS INFERIORES (MID/MIE);0601000;GRUPO - ELETRONEUROMIOGRAFIA;0211050083;ELETRONEUROMIOGRAMA (ENMG);DALVACI ALVES DE OLIVEIRA;1966-10-01;MARIA DAS NEVES ALVES DE OLIVEIRA;702906553937470;76160700430;FEMININO;663309582;4;39;67;160;7;M549;DORSALGIA NAO ESPECIFICADA 
2026-07-27 16:46:41;500769;SAO GABRIEL DO OESTE;6354265;CENTRAL DE REGULACAO DE SAO GABRIEL DO OESTE;500769;SAO GABRIEL DO OESTE;1;1;2026-04-21 11:24:43;0601000;ELETRONEUROMIOGRAFIA - MEMBROS INFERIORES (MID/MIE);0601000;GRUPO - ELETRONEUROMIOGRAFIA;0211050083;ELETRONEUROMIOGRAMA (ENMG);HAYANA DE PAULA LIMA RODRIGUES;1990-05-28;GILVANA SABINA DE LIMA;702400087516028;03148099109;FEMININO;663095583;4;35;67;143;7;M54;DORSALGIA
2026-07-27 16:46:41;500769;SAO GABRIEL DO OESTE;6354265;CENTRAL DE REGULACAO DE SAO GABRIEL DO OESTE;500769;SAO GABRIEL DO OESTE;1;1;2026-04-21 11:10:28;0601000;ELETRONEUROMIOGRAFIA - MEMBROS INFERIORES (MID/MIE);0601000;GRUPO - ELETRONEUROMIOGRAFIA;0211050083;ELETRONEUROMIOGRAMA (ENMG);DEBORA CLAUDINO DA SILVA ACOSTA MONTEIRO;1981-03-26;SEVERINA CLAUDINO DOS SANTOS;709202243132334;00022227105;FEMININO;663095263;4;33;67;135;7;M511;TRANSTORNOS DE DISCOS LOMBARES E DE OUTROS DISCOS INTERVERTEBRAIS COM RADICULOPATIA 
2026-07-27 16:46:41;500769;SAO GABRIEL DO OESTE;6354265;CENTRAL DE REGULACAO DE SAO GABRIEL DO OESTE;500769;SAO GABRIEL DO OESTE;1;1;2026-04-21 11:05:59;0601000;ELETRONEUROMIOGRAFIA - MEMBROS INFERIORES (MID/MIE);0601000;GRUPO - ELETRONEUROMIOGRAFIA;0211050083;ELETRONEUROMIOGRAMA (ENMG);PAULO ROBERTO FERREIRA EVANGELISTA;1981-02-10;LENITA ALVES EVANGELISTA;703006894061970;70040835197;MASCULINO;663095194;4;32;67;131;7;M54;DORSALGIA
2026-07-27 16:46:41;500769;SAO GABRIEL DO OESTE;6354265;CENTRAL DE REGULACAO DE SAO GABRIEL DO OESTE;500769;SAO GABRIEL DO OESTE;1;1;2026-04-21 10:48:33;0601000;ELETRONEUROMIOGRAFIA - MEMBROS INFERIORES (MID/MIE);0601000;GRUPO - ELETRONEUROMIOGRAFIA;0211050083;ELETRONEUROMIOGRAMA (ENMG);NEUSA BROETTO SIQUEIRA;1956-06-25;GEMA BROETTO;706002887841541;78028060110;FEMININO;663094760;4;27;67;110;7;M54;DORSALGIA
2026-07-27 16:46:41;500769;SAO GABRIEL DO OESTE;3400964;UNIDADE DE SAUDE DA FAMILIA RURAL VII;500769;SAO GABRIEL DO OESTE;0;1;2026-07-23 14:29:06;0701224;CONSULTA EM NEUROLOGIA - GERAL;;;0301010072;CONSULTA MEDICA EM ATENÇÃO ESPECIALIZADA;JOAO VINICIUS RODRIGUES MIRANDA;2009-01-08;LEIDE RODRIGUES DA SILVA OLIVIERA;708207632622045;09062104100;MASCULINO;680833621;4;1;20;0;126;Z000;EXAME MEDICO GERAL 
2026-07-27 16:46:41;500769;SAO GABRIEL DO OESTE;8176132;CASA ROSA;500769;SAO GABRIEL DO OESTE;0;1;2026-07-24 16:10:51;0701379;CONSULTA EM FONOAUDIOLOIGA - RETORNO;;;0301010048;CONSULTA DE PROFISSIONAIS DE NIVEL SUPERIOR NA ATENÇÃO ESPECIALIZADA (EXCETO MÉDICO);MARIA RAYANE PERALTA COUTO;2025-06-27;ROSIANE PERALTA MACIEL;706706545447715;12651843130;FEMININO;681104385;4;16;20;10;46;Z00;EXAME GERAL E INVESTIGACAO DE PESSOAS SEM QUEIXAS OU DIAGNOSTICO RELATADO
2026-07-27 16:46:41;500769;SAO GABRIEL DO OESTE;7333218;UNIDADE DE SAUDE DA FAMILIA X;500769;SAO GABRIEL DO OESTE;0;1;2026-07-24 14:41:55;0701379;CONSULTA EM FONOAUDIOLOIGA - RETORNO;;;0301010048;CONSULTA DE PROFISSIONAIS DE NIVEL SUPERIOR NA ATENÇÃO ESPECIALIZADA (EXCETO MÉDICO);THEO MURILLO FAGUNDES JULIAO;2026-03-04;ALESSANDRA FAGUNDES DA SILVA;700101936258211;12994997169;MASCULINO;681073154;4;15;20;10;46;Z00;EXAME GERAL E INVESTIGACAO DE PESSOAS SEM QUEIXAS OU DIAGNOSTICO RELATADO
2026-07-27 16:46:41;500769;SAO GABRIEL DO OESTE;8176132;CASA ROSA;500769;SAO GABRIEL DO OESTE;0;1;2026-07-17 15:54:37;0701379;CONSULTA EM FONOAUDIOLOIGA - RETORNO;;;0301010048;CONSULTA DE PROFISSIONAIS DE NIVEL SUPERIOR NA ATENÇÃO ESPECIALIZADA (EXCETO MÉDICO);MARCELO GONÇALVES MARCHI;2026-02-04;LARISSA GONÇALVES MARCHI;703004863464478;;MASCULINO;679769757;4;14;20;9;46;Z000;EXAME MEDICO GERAL 
2026-07-27 16:46:41;500769;SAO GABRIEL DO OESTE;8176132;CASA ROSA;500769;SAO GABRIEL DO OESTE;0;1;2026-07-16 09:16:14;0701379;CONSULTA EM FONOAUDIOLOIGA - RETORNO;;;0301010048;CONSULTA DE PROFISSIONAIS DE NIVEL SUPERIOR NA ATENÇÃO ESPECIALIZADA (EXCETO MÉDICO);MARIA LIZ GONCALVES DO NASCIMENTO;2026-01-03;RUTIELI PEREIRA GONCALVES;700001811755806;12909929167;FEMININO;679373967;4;13;20;8;46;Z001;EXAME DE ROTINA DE SAUDE DA CRIANCA 
2026-07-27 16:46:41;500769;SAO GABRIEL DO OESTE;8176132;CASA ROSA;500769;SAO GABRIEL DO OESTE;0;1;2026-07-14 11:15:16;0701379;CONSULTA EM FONOAUDIOLOIGA - RETORNO;;;0301010048;CONSULTA DE PROFISSIONAIS DE NIVEL SUPERIOR NA ATENÇÃO ESPECIALIZADA (EXCETO MÉDICO);ESTHER SOFIA FERNANDES DOS ANJOS;2025-11-14;FERNANDA CRISTINA DA SILVA;706806245993128;12858776164;FEMININO;678898988;4;12;20;8;46;Z001;EXAME DE ROTINA DE SAUDE DA CRIANCA 
2026-07-27 16:46:41;500769;SAO GABRIEL DO OESTE;2370980;UNIDADE DE SAUDE DA FAMILIA JARDIM GRAMADO I;500769;SAO GABRIEL DO OESTE;0;1;2026-07-10 09:48:00;0701379;CONSULTA EM FONOAUDIOLOIGA - RETORNO;;;0301010048;CONSULTA DE PROFISSIONAIS DE NIVEL SUPERIOR NA ATENÇÃO ESPECIALIZADA (EXCETO MÉDICO);YORRAINE VITORIA DOS SANTOS MAGALHAES;2022-12-21;DANIELI FERNANDES DOS SANTOS;706400143499580;11818768186;FEMININO;678306007;4;11;20;7;46;F800;TRANSTORNO ESPECIFICO DA ARTICULACAO DA FALA 
2026-07-27 16:46:41;500769;SAO GABRIEL DO OESTE;8176132;CASA ROSA;500769;SAO GABRIEL DO OESTE;0;1;2026-07-09 16:42:47;0701379;CONSULTA EM FONOAUDIOLOIGA - RETORNO;;;0301010048;CONSULTA DE PROFISSIONAIS DE NIVEL SUPERIOR NA ATENÇÃO ESPECIALIZADA (EXCETO MÉDICO);LIZ MORAES;2026-01-06;ALANA EMILY MORAES GUIMARAES;700709966384977;12909515192;FEMININO;678225723;4;10;20;7;46;Z001;EXAME DE ROTINA DE SAUDE DA CRIANCA 
2026-07-27 16:46:41;500769;SAO GABRIEL DO OESTE;8176132;CASA ROSA;500769;SAO GABRIEL DO OESTE;0;1;2026-07-07 14:10:48;0701379;CONSULTA EM FONOAUDIOLOIGA - RETORNO;;;0301010048;CONSULTA DE PROFISSIONAIS DE NIVEL SUPERIOR NA ATENÇÃO ESPECIALIZADA (EXCETO MÉDICO);LEVI DE JESUS OLIVEIRA;2025-06-15;CAUANE DE JESUS;706006362427541;12640477110;MASCULINO;677619609;4;9;20;6;46;Z00;EXAME GERAL E INVESTIGACAO DE PESSOAS SEM QUEIXAS OU DIAGNOSTICO RELATADO
2026-07-27 16:46:41;500769;SAO GABRIEL DO OESTE;8176132;CASA ROSA;500769;SAO GABRIEL DO OESTE;0;1;2026-07-07 11:56:35;0701379;CONSULTA EM FONOAUDIOLOIGA - RETORNO;;;0301010048;CONSULTA DE PROFISSIONAIS DE NIVEL SUPERIOR NA ATENÇÃO ESPECIALIZADA (EXCETO MÉDICO);ASAFE MIGUEL YACKSTET SILVA;2025-09-24;ANA CRISTINA SILVA COSTA YACKSTET;700009055648005;12778286101;MASCULINO;677576701;4;8;20;5;46;Z00;EXAME GERAL E INVESTIGACAO DE PESSOAS SEM QUEIXAS OU DIAGNOSTICO RELATADO
2026-07-27 16:46:41;500769;SAO GABRIEL DO OESTE;8176132;CASA ROSA;500769;SAO GABRIEL DO OESTE;0;1;2026-07-06 09:02:51;0701379;CONSULTA EM FONOAUDIOLOIGA - RETORNO;;;0301010048;CONSULTA DE PROFISSIONAIS DE NIVEL SUPERIOR NA ATENÇÃO ESPECIALIZADA (EXCETO MÉDICO);ANA HELOISY DA SILVA SANDIM;2025-10-25;ALESSANDRA KAROLAYNE PANIAGUA DA SILVA;706800237463829;12822371105;FEMININO;677183328;4;7;20;5;46;Z00;EXAME GERAL E INVESTIGACAO DE PESSOAS SEM QUEIXAS OU DIAGNOSTICO RELATADO
2026-07-27 16:46:41;500769;SAO GABRIEL DO OESTE;8176132;CASA ROSA;500769;SAO GABRIEL DO OESTE;0;1;2026-07-03 10:05:12;0701379;CONSULTA EM FONOAUDIOLOIGA - RETORNO;;;0301010048;CONSULTA DE PROFISSIONAIS DE NIVEL SUPERIOR NA ATENÇÃO ESPECIALIZADA (EXCETO MÉDICO);AYLLA VITORIA RIBEIRO DA SILVA;2025-01-16;TAIS DA SILVA HERCULANO;707507202572890;12428407104;FEMININO;676942289;4;6;20;4;46;Z00;EXAME GERAL E INVESTIGACAO DE PESSOAS SEM QUEIXAS OU DIAGNOSTICO RELATADO
2026-07-27 16:46:41;500769;SAO GABRIEL DO OESTE;8176132;CASA ROSA;500769;SAO GABRIEL DO OESTE;0;1;2026-07-03 09:56:44;0701379;CONSULTA EM FONOAUDIOLOIGA - RETORNO;;;0301010048;CONSULTA DE PROFISSIONAIS DE NIVEL SUPERIOR NA ATENÇÃO ESPECIALIZADA (EXCETO MÉDICO);CELINE FALABRETTI DOS SANTOS;2025-07-02;LUANA FALABRETTI DOS SANTOS;708202119446340;12660689105;FEMININO;676937875;4;5;20;3;46;Z00;EXAME GERAL E INVESTIGACAO DE PESSOAS SEM QUEIXAS OU DIAGNOSTICO RELATADO
2026-07-27 16:46:41;500769;SAO GABRIEL DO OESTE;8176132;CASA ROSA;500769;SAO GABRIEL DO OESTE;0;1;2026-06-30 08:58:46;0701379;CONSULTA EM FONOAUDIOLOIGA - RETORNO;;;0301010048;CONSULTA DE PROFISSIONAIS DE NIVEL SUPERIOR NA ATENÇÃO ESPECIALIZADA (EXCETO MÉDICO);JOANA NOEMY CORREIA DA SILVA;2025-10-11;SILVANA DE JESUS CORREIA;898006423280594;12798669189;FEMININO;676079579;4;4;20;3;46;Z001;EXAME DE ROTINA DE SAUDE DA CRIANCA 
2026-07-27 16:46:41;500769;SAO GABRIEL DO OESTE;8176132;CASA ROSA;500769;SAO GABRIEL DO OESTE;0;1;2026-06-26 14:59:33;0701379;CONSULTA EM FONOAUDIOLOIGA - RETORNO;;;0301010048;CONSULTA DE PROFISSIONAIS DE NIVEL SUPERIOR NA ATENÇÃO ESPECIALIZADA (EXCETO MÉDICO);RAVY MIGUEL RAMOS DOS SANTOS;2025-12-26;THAYS RODRIGUES BRAGA DOS SANTOS;708604572191187;12914637128;MASCULINO;675805281;4;3;20;2;46;Z00;EXAME GERAL E INVESTIGACAO DE PESSOAS SEM QUEIXAS OU DIAGNOSTICO RELATADO
2026-07-27 16:46:41;500769;SAO GABRIEL DO OESTE;8176132;CASA ROSA;500769;SAO GABRIEL DO OESTE;0;1;2026-06-26 09:04:03;0701379;CONSULTA EM FONOAUDIOLOIGA - RETORNO;;;0301010048;CONSULTA DE PROFISSIONAIS DE NIVEL SUPERIOR NA ATENÇÃO ESPECIALIZADA (EXCETO MÉDICO);ELOA VILLA REAL FERREIRA;2025-10-01;LUCIMEIRE VILLA REAL;708707132491591;12787813151;FEMININO;675658311;4;2;20;1;46;Z00;EXAME GERAL E INVESTIGACAO DE PESSOAS SEM QUEIXAS OU DIAGNOSTICO RELATADO
2026-07-27 16:46:41;500769;SAO GABRIEL DO OESTE;8176132;CASA ROSA;500769;SAO GABRIEL DO OESTE;0;1;2026-06-17 14:02:38;0701379;CONSULTA EM FONOAUDIOLOIGA - RETORNO;;;0301010048;CONSULTA DE PROFISSIONAIS DE NIVEL SUPERIOR NA ATENÇÃO ESPECIALIZADA (EXCETO MÉDICO);AYLLA SOFIA VIEIRA DE SOUZA;2026-02-15;DANIELA BARBOSA VIEIRA;708606525767185;12968616196;FEMININO;674027691;4;1;20;1;46;Z016;EXAME RADIOLOGICO NAO CLASSIFICADO EM OUTRA PARTE 
2026-07-27 16:46:41;500769;SAO GABRIEL DO OESTE;6354265;CENTRAL DE REGULACAO DE SAO GABRIEL DO OESTE;500769;SAO GABRIEL DO OESTE;0;1;2026-07-24 15:41:27;0701866;CONSULTA EM ONCOLOGIA;;;0301010072;CONSULTA MEDICA EM ATENÇÃO ESPECIALIZADA;VALDIR ALVINO KREUTZ;1952-12-06;MARIA AMALIA KREUTZ;704607132770227;34584650063;MASCULINO;681095582;4;6;2;6;32;L989;AFECCOES DA PELE E DO TECIDO SUBCUTANEO, NAO ESPECIFICADOS 
2026-07-27 16:46:41;500769;SAO GABRIEL DO OESTE;6354265;CENTRAL DE REGULACAO DE SAO GABRIEL DO OESTE;500769;SAO GABRIEL DO OESTE;0;1;2026-07-15 15:10:47;0701866;CONSULTA EM ONCOLOGIA;;;0301010072;CONSULTA MEDICA EM ATENÇÃO ESPECIALIZADA;PATRICIA RAIMUNDA DE SOUZA;1973-09-06;MARIA GENESIA CLAUDINO;705004435493956;96244690168;FEMININO;679268158;4;5;2;5;32;Z123;EXAME ESPECIAL DE RASTREAMENTO DE NEOPLASIA DE MAMA 
2026-07-27 16:46:41;500769;SAO GABRIEL DO OESTE;2370980;UNIDADE DE SAUDE DA FAMILIA JARDIM GRAMADO I;500769;SAO GABRIEL DO OESTE;0;1;2026-07-15 10:08:33;0701866;CONSULTA EM ONCOLOGIA;;;0301010072;CONSULTA MEDICA EM ATENÇÃO ESPECIALIZADA;JOAO MARCAL DE SOUZA;1947-10-12;DELFINA MARCAL DE SOUZA;700002585124309;36865257120;MASCULINO;679136984;4;4;2;4;32;L989;AFECCOES DA PELE E DO TECIDO SUBCUTANEO, NAO ESPECIFICADOS 
2026-07-27 16:46:41;500769;SAO GABRIEL DO OESTE;2370964;UNIDADE DE SAUDE DA FAMILIA III;500769;SAO GABRIEL DO OESTE;0;1;2026-07-14 08:23:15;0701866;CONSULTA EM ONCOLOGIA;;;0301010072;CONSULTA MEDICA EM ATENÇÃO ESPECIALIZADA;AMARILDO MALAGGI;1964-04-08;VILMA REBELATTO MALAGGI;708209135073444;57999988987;MASCULINO;678797921;4;3;2;3;32;C443;PELE DE OUTRAS PARTES E DE PARTES NAO ESPECIFICADAS DA FACE 
2026-07-27 16:46:41;500769;SAO GABRIEL DO OESTE;5971055;UNIDADE DE SAUDE DA FAMILIA VIII;500769;SAO GABRIEL DO OESTE;0;1;2026-07-13 15:35:17;0701866;CONSULTA EM ONCOLOGIA;;;0301010072;CONSULTA MEDICA EM ATENÇÃO ESPECIALIZADA;VIVIANE DA SILVA MARTINS AGUIAR;1983-11-28;TEREZINHA DE JESUS SILVA MARTINS;707607201691291;92138063291;FEMININO;678722637;4;2;2;2;32;N63;NODULO MAMARIO NAO ESPECIFICADO 
2026-07-27 16:46:41;500769;SAO GABRIEL DO OESTE;2370964;UNIDADE DE SAUDE DA FAMILIA III;500769;SAO GABRIEL DO OESTE;0;1;2026-07-06 10:10:56;0701866;CONSULTA EM ONCOLOGIA;;;0301010072;CONSULTA MEDICA EM ATENÇÃO ESPECIALIZADA;MAURILIO DA SILVA JORGE;1974-07-05;GUSTAVINA DA SILVA JORGE;708500598054680;61688088172;MASCULINO;677225847;4;1;2;1;32;C443;PELE DE OUTRAS PARTES E DE PARTES NAO ESPECIFICADAS DA FACE 
2026-07-27 16:46:41;500769;SAO GABRIEL DO OESTE;7333218;UNIDADE DE SAUDE DA FAMILIA X;500769;SAO GABRIEL DO OESTE;0;1;2026-07-24 10:57:42;0701877;CONSULTA EM GINECOLOGIA - PARA PLANEJAMENTO FAMILIAR;;;0301010064;CONSULTA MEDICA EM ATENÇÃO PRIMÁRIA;SAMUEL ALVES VIEIRA PORTUGAL;1994-10-10;MARIA DE FATIMA ALVES VIEIRA;708201117987041;05782995181;MASCULINO;681002366;4;9;33;16;17;Z302;ESTERILIZACAO 
2026-07-27 16:46:41;500769;SAO GABRIEL DO OESTE;8176132;CASA ROSA;500769;SAO GABRIEL DO OESTE;0;1;2026-07-23 10:29:11;0701877;CONSULTA EM GINECOLOGIA - PARA PLANEJAMENTO FAMILIAR;;;0301010064;CONSULTA MEDICA EM ATENÇÃO PRIMÁRIA;GILMAR ALGAIER MORAES JUNIOR;1993-12-30;ELIAMAR LUCIA MORAES;702800187773665;05404980176;MASCULINO;680741265;4;8;33;14;17;Z000;EXAME MEDICO GERAL 
2026-07-27 16:46:41;500769;SAO GABRIEL DO OESTE;7002084;UNIDADE DE SAUDE DA FAMILIA IX;500769;SAO GABRIEL DO OESTE;0;1;2026-07-22 15:38:47;0701877;CONSULTA EM GINECOLOGIA - PARA PLANEJAMENTO FAMILIAR;;;0301010064;CONSULTA MEDICA EM ATENÇÃO PRIMÁRIA;NATALIA DE OLIVEIRA DOS SANTOS;1999-10-08;SOLANGE VIANA DE OLIVEIRA DOS SANTOS;706409600461686;07244585144;FEMININO;680607500;4;7;33;12;17;Z302;ESTERILIZACAO 
2026-07-27 16:46:41;500769;SAO GABRIEL DO OESTE;7333218;UNIDADE DE SAUDE DA FAMILIA X;500769;SAO GABRIEL DO OESTE;0;1;2026-07-22 11:41:48;0701877;CONSULTA EM GINECOLOGIA - PARA PLANEJAMENTO FAMILIAR;;;0301010064;CONSULTA MEDICA EM ATENÇÃO PRIMÁRIA;VANUZA LEAL DE OLIVEIRA;1997-03-01;VANIRA GONCALVES LEAL DE OLIVEIRA;704605113459722;06112874121;FEMININO;680517375;4;6;33;11;17;Z30;ANTICONCEPCAO
2026-07-27 16:46:41;500769;SAO GABRIEL DO OESTE;8176132;CASA ROSA;500769;SAO GABRIEL DO OESTE;0;1;2026-07-21 09:19:48;0701877;CONSULTA EM GINECOLOGIA - PARA PLANEJAMENTO FAMILIAR;;;0301010064;CONSULTA MEDICA EM ATENÇÃO PRIMÁRIA;LUCINEI AUGUSTO SILVA DE JESUS;1991-09-10;ROSALIA SILVA DE JESUS;709808065614397;03943572137;MASCULINO;680158386;4;5;33;9;17;Z000;EXAME MEDICO GERAL 
2026-07-27 16:46:41;500769;SAO GABRIEL DO OESTE;8176132;CASA ROSA;500769;SAO GABRIEL DO OESTE;0;1;2026-07-21 09:03:23;0701877;CONSULTA EM GINECOLOGIA - PARA PLANEJAMENTO FAMILIAR;;;0301010064;CONSULTA MEDICA EM ATENÇÃO PRIMÁRIA;CARMEN MARIA RODRIGUES;1982-12-29;OLGA MARIA RODRIGUES;700206406211327;93858884120;FEMININO;680149044;4;4;33;7;17;Z000;EXAME MEDICO GERAL 
2026-07-27 16:46:41;500769;SAO GABRIEL DO OESTE;3400964;UNIDADE DE SAUDE DA FAMILIA RURAL VII;500769;SAO GABRIEL DO OESTE;0;1;2026-07-17 17:09:44;0701877;CONSULTA EM GINECOLOGIA - PARA PLANEJAMENTO FAMILIAR;;;0301010064;CONSULTA MEDICA EM ATENÇÃO PRIMÁRIA;FLAVIO LUIZ POLGA;1982-05-02;AMELIA MARIA TOMAZONI POLGA;700007352214407;98902776115;MASCULINO;679787557;4;3;33;5;17;Z000;EXAME MEDICO GERAL 
2026-07-27 16:46:41;500769;SAO GABRIEL DO OESTE;8176132;CASA ROSA;500769;SAO GABRIEL DO OESTE;0;1;2026-07-17 10:01:49;0701877;CONSULTA EM GINECOLOGIA - PARA PLANEJAMENTO FAMILIAR;;;0301010064;CONSULTA MEDICA EM ATENÇÃO PRIMÁRIA;ESTEFANI FERREIRA BEZERRA;2007-03-13;JOCILAINE RODRIGUES FERREIRA;706001866436841;09869392180;FEMININO;679642862;4;2;33;4;17;Z001;EXAME DE ROTINA DE SAUDE DA CRIANCA 
2026-07-27 16:46:41;500769;SAO GABRIEL DO OESTE;8176132;CASA ROSA;500769;SAO GABRIEL DO OESTE;0;1;2026-07-16 10:51:51;0701877;CONSULTA EM GINECOLOGIA - PARA PLANEJAMENTO FAMILIAR;;;0301010064;CONSULTA MEDICA EM ATENÇÃO PRIMÁRIA;JOEL KAFER;1980-01-04;LUCIA MARIA KAFER;706501399424792;02493742931;MASCULINO;679427891;4;1;33;2;17;Z001;EXAME DE ROTINA DE SAUDE DA CRIANCA 
2026-07-27 16:46:41;500769;SAO GABRIEL DO OESTE;7002084;UNIDADE DE SAUDE DA FAMILIA IX;500769;SAO GABRIEL DO OESTE;0;1;2026-07-27 10:14:21;0703168;ATENDIMENTO INDIVIDUAL DE PACIENTE EM CENTRO-ATENCAO PSICOSSOCIAL;;;0301080020;ACOLHIMENTO NOTURNO DE PACIENTE EM CENTRO DE ATENÇÃO PSICOSSOCIAL;RUANN CAITANO TAVARES;2000-01-05;MARIA FRANCISCA DE OLIVEIRA CAITANO;708707176588590;06643109159;MASCULINO;681241788;4;8;20;5;50;F142;TRANSTORNOS MENTAIS E COMPORTAMENTAIS DEVIDOS AO USO DA COCAINA - SINDROME DE DEPENDENCIA 
2026-07-27 16:46:41;500769;SAO GABRIEL DO OESTE;7002084;UNIDADE DE SAUDE DA FAMILIA IX;500769;SAO GABRIEL DO OESTE;0;1;2026-07-16 15:26:14;0703168;ATENDIMENTO INDIVIDUAL DE PACIENTE EM CENTRO-ATENCAO PSICOSSOCIAL;;;0301080020;ACOLHIMENTO NOTURNO DE PACIENTE EM CENTRO DE ATENÇÃO PSICOSSOCIAL;GEAN CARLOS DA SILVA VEIGA;2001-12-27;SONIA BELARMINO DA SILVA;700307954797734;09203390189;MASCULINO;679530039;4;7;20;4;50;F19;TRANSTORNOS MENTAIS E COMPORTAMENTAIS DEVIDOS AO USO DE MULTIPLAS DROGAS E AO USO DE OUTRAS SUBSTANCIAS PSICOATIVAS
2026-07-27 16:46:41;500769;SAO GABRIEL DO OESTE;2591359;UNIDADE DE SAUDE DA FAMILIA V;500769;SAO GABRIEL DO OESTE;0;1;2026-07-16 09:42:53;0703168;ATENDIMENTO INDIVIDUAL DE PACIENTE EM CENTRO-ATENCAO PSICOSSOCIAL;;;0301080020;ACOLHIMENTO NOTURNO DE PACIENTE EM CENTRO DE ATENÇÃO PSICOSSOCIAL;YURI ALVES VIEIRA;2007-11-30;MAGNA REGINA ALVES DA SILVA;701802241129475;11033032107;MASCULINO;679388699;4;6;20;4;50;F412;TRANSTORNO MISTO ANSIOSO E DEPRESSIVO 
2026-07-27 16:46:41;500769;SAO GABRIEL DO OESTE;7333218;UNIDADE DE SAUDE DA FAMILIA X;500769;SAO GABRIEL DO OESTE;0;1;2026-07-15 15:03:40;0703168;ATENDIMENTO INDIVIDUAL DE PACIENTE EM CENTRO-ATENCAO PSICOSSOCIAL;;;0301080020;ACOLHIMENTO NOTURNO DE PACIENTE EM CENTRO DE ATENÇÃO PSICOSSOCIAL;PAULINHO DA SILVA;1967-07-24;CLEMENTINA SILVA;702604786614446;62781561991;MASCULINO;679264809;4;5;20;3;50;Z00;EXAME GERAL E INVESTIGACAO DE PESSOAS SEM QUEIXAS OU DIAGNOSTICO RELATADO
2026-07-27 16:46:41;500769;SAO GABRIEL DO OESTE;7002084;UNIDADE DE SAUDE DA FAMILIA IX;500769;SAO GABRIEL DO OESTE;0;1;2026-07-13 15:31:24;0703168;ATENDIMENTO INDIVIDUAL DE PACIENTE EM CENTRO-ATENCAO PSICOSSOCIAL;;;0301080020;ACOLHIMENTO NOTURNO DE PACIENTE EM CENTRO DE ATENÇÃO PSICOSSOCIAL;LUIZA SEGAT DEZEM;2008-03-26;GABRIELE DA ROCHA SEGAT;708209110083942;08466494111;FEMININO;678720695;4;4;20;2;50;F411;ANSIEDADE GENERALIZADA 
2026-07-27 16:46:41;500769;SAO GABRIEL DO OESTE;7333218;UNIDADE DE SAUDE DA FAMILIA X;500769;SAO GABRIEL DO OESTE;0;1;2026-07-02 15:26:44;0703168;ATENDIMENTO INDIVIDUAL DE PACIENTE EM CENTRO-ATENCAO PSICOSSOCIAL;;;0301080020;ACOLHIMENTO NOTURNO DE PACIENTE EM CENTRO DE ATENÇÃO PSICOSSOCIAL;CRISTIANE DA SILVA PAULA;1988-07-27;ELIANA MARIA DA SILVA PAULA;705804471039731;01617144630;FEMININO;676823690;4;3;20;2;50;F412;TRANSTORNO MISTO ANSIOSO E DEPRESSIVO 
2026-07-27 16:46:41;500769;SAO GABRIEL DO OESTE;2370964;UNIDADE DE SAUDE DA FAMILIA III;500769;SAO GABRIEL DO OESTE;0;1;2026-07-21 10:23:23;0703168;ATENDIMENTO INDIVIDUAL DE PACIENTE EM CENTRO-ATENCAO PSICOSSOCIAL;;;0301080020;ACOLHIMENTO NOTURNO DE PACIENTE EM CENTRO DE ATENÇÃO PSICOSSOCIAL;CASSIA DA CONCEICAO FREIRES;1998-05-20;KATIA DA SILVA CONCEICAO;708405764462769;04612416171;FEMININO;680196469;3;2;20;1;50;F332;TRANSTORNO DEPRESSIVO RECORRENTE, EPISODIO ATUAL GRAVE SEM SINTOMAS PSICOTICOS 
2026-07-27 16:46:41;500769;SAO GABRIEL DO OESTE;2599376;UNIDADE DE SAUDE DA FAMILIA VI;500769;SAO GABRIEL DO OESTE;0;1;2026-07-06 16:25:05;0703168;ATENDIMENTO INDIVIDUAL DE PACIENTE EM CENTRO-ATENCAO PSICOSSOCIAL;;;0301080020;ACOLHIMENTO NOTURNO DE PACIENTE EM CENTRO DE ATENÇÃO PSICOSSOCIAL;JOVILDE FATIMA MIGLIAVACA MERQUIDES;1959-10-30;HUDINA SCRITORI;702300139856216;20019009100;FEMININO;677397553;2;1;20;1;50;Z004;EXAME PSIQUIATRICO GERAL NAO CLASSIFICADO EM OUTRA PARTE 
2026-07-27 16:46:41;500769;SAO GABRIEL DO OESTE;7002084;UNIDADE DE SAUDE DA FAMILIA IX;500769;SAO GABRIEL DO OESTE;1;1;2026-04-24 16:06:22;0703788;ELETROCARDIOGRAMA - AGENDA LOCAL;;;0211020036;ELETROCARDIOGRAMA;SONIA CRISTINA FERREIRA PAULO DA SILVA;1982-04-30;NOELI FERREIRA PAULO;704701734178532;69893179220;FEMININO;663881470;4;1;17;90;0;Z000;EXAME MEDICO GERAL 
2026-07-27 16:46:41;500769;SAO GABRIEL DO OESTE;8176132;CASA ROSA;500769;SAO GABRIEL DO OESTE;1;1;2026-07-27 11:39:08;0710992;ECOCARDIOGRAMA INFANTIL;;;0205010032;ECOCARDIOGRAFIA TRANSTORACICA;LUCCA NATHANAEL MORAES FREIRE;2026-05-26;KAMILLY VITORIA MORAES PERES;702603797064549;13124482107;MASCULINO;681289075;4;14;14;50;8;Z00;EXAME GERAL E INVESTIGACAO DE PESSOAS SEM QUEIXAS OU DIAGNOSTICO RELATADO
2026-07-27 16:46:41;500769;SAO GABRIEL DO OESTE;6452116;CENTRO DE ESPECIALIDADES MEDICAS;500769;SAO GABRIEL DO OESTE;1;1;2026-07-22 17:57:11;0710992;ECOCARDIOGRAMA INFANTIL;;;0205010032;ECOCARDIOGRAFIA TRANSTORACICA;MAITE DECOTHE DE CASTRO;2025-07-07;DARLENE FELICIO DE CASTRO;705000494155359;12711634116;FEMININO;680645742;4;13;14;47;8;Z016;EXAME RADIOLOGICO NAO CLASSIFICADO EM OUTRA PARTE 
2026-07-27 16:46:41;500769;SAO GABRIEL DO OESTE;8176132;CASA ROSA;500769;SAO GABRIEL DO OESTE;1;1;2026-07-16 16:20:57;0710992;ECOCARDIOGRAMA INFANTIL;;;0205010032;ECOCARDIOGRAFIA TRANSTORACICA;ANTHONY GABRIEL PANINI FISCHER DIAS;2024-12-03;CARMEM PANINI DE OLIVEIRA DIAS;704304588812194;12362109135;MASCULINO;679550711;4;12;14;43;8;Z001;EXAME DE ROTINA DE SAUDE DA CRIANCA 
2026-07-27 16:46:41;500769;SAO GABRIEL DO OESTE;8176132;CASA ROSA;500769;SAO GABRIEL DO OESTE;1;1;2026-07-07 14:53:15;0710992;ECOCARDIOGRAMA INFANTIL;;;0205010032;ECOCARDIOGRAFIA TRANSTORACICA;MARIA EDUARDA RIBAS PAVAO;2024-07-05;MADALENA RIBAS FIGUEIRO;700106915929014;12175357139;FEMININO;677639951;4;11;14;40;8;Z00;EXAME GERAL E INVESTIGACAO DE PESSOAS SEM QUEIXAS OU DIAGNOSTICO RELATADO
2026-07-27 16:46:41;500769;SAO GABRIEL DO OESTE;8176132;CASA ROSA;500769;SAO GABRIEL DO OESTE;1;1;2026-07-06 11:36:11;0710992;ECOCARDIOGRAMA INFANTIL;;;0205010032;ECOCARDIOGRAFIA TRANSTORACICA;MIGUEL IZAQUE CORREIA GOMES;2026-05-15;SANDRA RODRIGUES CARVALHO CORREIA;707602259990696;13124174127;MASCULINO;677278061;4;10;14;36;8;Z00;EXAME GERAL E INVESTIGACAO DE PESSOAS SEM QUEIXAS OU DIAGNOSTICO RELATADO
2026-07-27 16:46:41;500769;SAO GABRIEL DO OESTE;8176132;CASA ROSA;500769;SAO GABRIEL DO OESTE;1;1;2026-07-01 14:53:34;0710992;ECOCARDIOGRAMA INFANTIL;;;0205010032;ECOCARDIOGRAFIA TRANSTORACICA;ISAIAS OLIVEIRA CAVALCANTI;2024-03-22;GRASIELE DE OLIVEIRA CAMARGO;702504331021234;06283578187;MASCULINO;676544939;4;9;14;32;8;Z001;EXAME DE ROTINA DE SAUDE DA CRIANCA 
2026-07-27 16:46:41;500769;SAO GABRIEL DO OESTE;6354265;CENTRAL DE REGULACAO DE SAO GABRIEL DO OESTE;500769;SAO GABRIEL DO OESTE;1;1;2026-06-19 10:29:49;0710992;ECOCARDIOGRAMA INFANTIL;;;0205010032;ECOCARDIOGRAFIA TRANSTORACICA;HERICK MATHEUS ALVES DE SOUZA;2022-02-01;CRISTINA DOS SANTOS DE SOUZA;702500374117132;11478092165;MASCULINO;674464904;4;8;14;29;8;R01;SOPROS E OUTROS RUIDOS CARDIACOS
2026-07-27 16:46:41;500769;SAO GABRIEL DO OESTE;6452116;CENTRO DE ESPECIALIDADES MEDICAS;500769;SAO GABRIEL DO OESTE;1;1;2026-06-15 15:06:59;0710992;ECOCARDIOGRAMA INFANTIL;;;0205010032;ECOCARDIOGRAFIA TRANSTORACICA;RN DE TATIANE VENCIO DA SILVA;2026-01-20;TATIANE VENCIO DA SILVA;898006436407458;;MASCULINO;673488456;4;7;14;25;8;Z00;EXAME GERAL E INVESTIGACAO DE PESSOAS SEM QUEIXAS OU DIAGNOSTICO RELATADO
2026-07-27 16:46:41;500769;SAO GABRIEL DO OESTE;6452116;CENTRO DE ESPECIALIDADES MEDICAS;500769;SAO GABRIEL DO OESTE;1;1;2026-06-11 10:03:49;0710992;ECOCARDIOGRAMA INFANTIL;;;0205010032;ECOCARDIOGRAFIA TRANSTORACICA;JOAQUIM ANISIO VIEIRA BRITO;2026-03-11;LUANA FELIX VIEIRA;707805677127315;13007176107;MASCULINO;672819152;4;6;14;22;8;Z00;EXAME GERAL E INVESTIGACAO DE PESSOAS SEM QUEIXAS OU DIAGNOSTICO RELATADO
2026-07-27 16:46:41;500769;SAO GABRIEL DO OESTE;8176132;CASA ROSA;500769;SAO GABRIEL DO OESTE;1;1;2026-06-10 10:57:44;0710992;ECOCARDIOGRAMA INFANTIL;;;0205010032;ECOCARDIOGRAFIA TRANSTORACICA;REBECA APARECIDA MACHADO DA SILVA;2020-03-26;FRANCIELE MACHADO COSTA;706303784779671;10675952107;FEMININO;672567704;4;5;14;18;8;Z00;EXAME GERAL E INVESTIGACAO DE PESSOAS SEM QUEIXAS OU DIAGNOSTICO RELATADO
2026-07-27 16:46:41;500769;SAO GABRIEL DO OESTE;6452116;CENTRO DE ESPECIALIDADES MEDICAS;500769;SAO GABRIEL DO OESTE;1;1;2026-06-01 13:05:08;0710992;ECOCARDIOGRAMA INFANTIL;;;0205010032;ECOCARDIOGRAFIA TRANSTORACICA;ANTONELLA SERPA FLEITAS;2026-05-02;GLEIBIANY DE SOUZA SERPA;703109362738560;13080856139;FEMININO;671015374;4;4;14;14;8;I37;TRANSTORNOS DA VALVA PULMONAR
2026-07-27 16:46:41;500769;SAO GABRIEL DO OESTE;6452116;CENTRO DE ESPECIALIDADES MEDICAS;500769;SAO GABRIEL DO OESTE;1;1;2026-05-28 07:42:48;0710992;ECOCARDIOGRAMA INFANTIL;;;0205010032;ECOCARDIOGRAFIA TRANSTORACICA;CECILIA RIBEIRO DOS SANTOS;2026-03-28;DAIANA RIBEIRO DO AMARAL;703602078463535;13043830164;FEMININO;670283317;4;3;14;11;8;Z00;EXAME GERAL E INVESTIGACAO DE PESSOAS SEM QUEIXAS OU DIAGNOSTICO RELATADO
2026-07-27 16:46:41;500769;SAO GABRIEL DO OESTE;8176132;CASA ROSA;500769;SAO GABRIEL DO OESTE;1;1;2026-05-22 10:01:05;0710992;ECOCARDIOGRAMA INFANTIL;;;0205010032;ECOCARDIOGRAFIA TRANSTORACICA;FERNANDA NAOMI AREDES RODRIGUES CHAVES;2020-02-12;RUTH MOURA AREDES;706806285982720;10618307133;FEMININO;669188089;4;2;14;7;8;Q211;COMUNICACAO INTERATRIAL 
2026-07-27 16:46:41;500769;SAO GABRIEL DO OESTE;8176132;CASA ROSA;500769;SAO GABRIEL DO OESTE;1;1;2026-05-14 12:45:45;0710992;ECOCARDIOGRAMA INFANTIL;;;0205010032;ECOCARDIOGRAFIA TRANSTORACICA;GUSTAVO RODRIGUES LUGO;2025-10-01;DAIANE ROBERTO RODRIGUES;704203269726088;12785868145;MASCULINO;667622558;4;1;14;4;8;Z001;EXAME DE ROTINA DE SAUDE DA CRIANCA 
2026-07-27 16:46:41;500769;SAO GABRIEL DO OESTE;2370999;UNIDADE DE SAUDE DA FAMILIA FENIX IV;500769;SAO GABRIEL DO OESTE;1;1;2026-06-24 14:16:25;1314000;SEIOS DA FACE (FN + MN + LATERAL + HIRTZ);1314000;GRUPO - DIAGNOSTICO POR IMAGEM - RADIOGRAFIA SIMPLES;0204010144;RADIOGRAFIA DE SEIOS DA FACE (FN + MN + LATERAL + HIRTZ);NAYARA DOS SANTOS;1994-08-10;ROSILENE DOS SANTOS;700804408097788;04920525141;FEMININO;675296001;4;1;1;8;4;J328;OUTRAS SINUSITES CRONICAS 
2026-07-27 16:46:41;500769;SAO GABRIEL DO OESTE;2370964;UNIDADE DE SAUDE DA FAMILIA III;500769;SAO GABRIEL DO OESTE;1;1;2026-07-16 09:09:37;1314000;COLUNA LOMBO-SACRA;1314000;GRUPO - DIAGNOSTICO POR IMAGEM - RADIOGRAFIA SIMPLES;0204020069;RADIOGRAFIA DE COLUNA LOMBO-SACRA;VITOR DINIZ;1967-12-14;ROLANDINA DINIZ;706302772574378;42179432100;MASCULINO;679370601;4;3;2;3;32;M544;LUMBAGO COM CIATICA 
2026-07-27 16:46:41;500769;SAO GABRIEL DO OESTE;6452116;CENTRO DE ESPECIALIDADES MEDICAS;500769;SAO GABRIEL DO OESTE;1;1;2026-06-25 11:53:10;1314000;JOELHO E (AP + LATERAL);1314000;GRUPO - DIAGNOSTICO POR IMAGEM - RADIOGRAFIA SIMPLES;0204060125;RADIOGRAFIA DE JOELHO (AP + LATERAL);GRASIELE PAIVA DIAS;1988-09-15;ROSILDA DE PAIVA DIAS;700609403381964;04007558159;FEMININO;675486195;4;2;5;4;16;S800;CONTUSAO DO JOELHO 
2026-07-27 16:46:41;500769;SAO GABRIEL DO OESTE;6452116;CENTRO DE ESPECIALIDADES MEDICAS;500769;SAO GABRIEL DO OESTE;1;1;2026-07-16 09:41:49;1314000;TORAX (PA + PERFIL);1314000;GRUPO - DIAGNOSTICO POR IMAGEM - RADIOGRAFIA SIMPLES;0204030153;RADIOGRAFIA DE TORAX (PA E PERFIL);EPAMINONDAS GARCIA DE MENDONCA;1928-11-05;MARIANA LUCIANA DE MENDONCA;700408974132045;03078973115;MASCULINO;679388135;4;4;3;2;76;F411;ANSIEDADE GENERALIZADA 
2026-07-27 16:46:41;500769;SAO GABRIEL DO OESTE;2370999;UNIDADE DE SAUDE DA FAMILIA FENIX IV;500769;SAO GABRIEL DO OESTE;1;1;2026-06-24 14:16:25;1314000;TORAX (PA + PERFIL);1314000;GRUPO - DIAGNOSTICO POR IMAGEM - RADIOGRAFIA SIMPLES;0204030153;RADIOGRAFIA DE TORAX (PA E PERFIL);NAYARA DOS SANTOS;1994-08-10;ROSILENE DOS SANTOS;700804408097788;04920525141;FEMININO;675296001;4;1;3;0;76;J328;OUTRAS SINUSITES CRONICAS 
2026-07-27 16:46:41;500769;SAO GABRIEL DO OESTE;3400964;UNIDADE DE SAUDE DA FAMILIA RURAL VII;500769;SAO GABRIEL DO OESTE;1;1;2026-07-23 15:56:15;1407044;TESTE DE ESFORCO OU TESTE ERGOMETRICO;;;0211020060;TESTE DE ESFORCO / TESTE ERGOMETRICO;CLEUSA VICENTE DA SILVA MATIAS;1958-03-02;JOSEFA VICENTE DA SILVA;706404165202681;78522315191;FEMININO;680872492;4;3;12;2;58;R943;RESULTADOS ANORMAIS DE ESTUDOS DA FUNCAO CARDIOVASCULAR 
2026-07-27 16:46:41;500769;SAO GABRIEL DO OESTE;6452116;CENTRO DE ESPECIALIDADES MEDICAS;500769;SAO GABRIEL DO OESTE;1;1;2026-07-13 15:59:50;1407044;TESTE DE ESFORCO OU TESTE ERGOMETRICO;;;0211020060;TESTE DE ESFORCO / TESTE ERGOMETRICO;CLARICE DE FATIMA OLIVEIRA;1960-08-26;NAIR RODRIGUES DE OLIVEIRA;705207416774873;90136578187;FEMININO;678733991;4;2;12;1;58;Z016;EXAME RADIOLOGICO NAO CLASSIFICADO EM OUTRA PARTE 
2026-07-27 16:46:41;500769;SAO GABRIEL DO OESTE;6452116;CENTRO DE ESPECIALIDADES MEDICAS;500769;SAO GABRIEL DO OESTE;1;1;2026-07-10 10:32:28;1407044;TESTE DE ESFORCO OU TESTE ERGOMETRICO;;;0211020060;TESTE DE ESFORCO / TESTE ERGOMETRICO;MARTA ANDRADE BARBOSA SERPA;1965-01-17;LIBERALINA ANDRADE BARBOSA;704806048758243;33772673104;FEMININO;678329851;4;1;12;1;58;Z000;EXAME MEDICO GERAL 
2026-07-27 16:46:41;500769;SAO GABRIEL DO OESTE;6354265;CENTRAL DE REGULACAO DE SAO GABRIEL DO OESTE;500769;SAO GABRIEL DO OESTE;1;1;2026-04-29 09:13:33;1700012;COLONOSCOPIA;;;0209010029;COLONOSCOPIA (COLOSCOPIA);CLEONICE MARIA DE NOVAES BALBINO;1971-12-07;MARIA ANTONIA DOS SANTOS;700505377162358;01906153116;FEMININO;664636155;4;17;31;57;9;K591;DIARREIA FUNCIONAL 
2026-07-27 16:46:41;500769;SAO GABRIEL DO OESTE;6354265;CENTRAL DE REGULACAO DE SAO GABRIEL DO OESTE;500769;SAO GABRIEL DO OESTE;1;1;2026-04-29 09:11:24;1700012;COLONOSCOPIA;;;0209010029;COLONOSCOPIA (COLOSCOPIA);ANA MARIA RODRIGUES DA ROSA;1976-09-21;LOURDES MARIA DA ROSA;708200177170547;84321687187;FEMININO;664634845;4;16;31;53;9;K635;POLIPO DE COLON 
2026-07-27 16:46:41;500769;SAO GABRIEL DO OESTE;6354265;CENTRAL DE REGULACAO DE SAO GABRIEL DO OESTE;500769;SAO GABRIEL DO OESTE;1;1;2026-04-29 09:07:56;1700012;COLONOSCOPIA;;;0209010029;COLONOSCOPIA (COLOSCOPIA);ANTONIO DE OLIVEIRA;1966-09-20;MARIA LUZINETE DOS SANTOS;700104992071620;48959111104;MASCULINO;664632748;4;15;31;50;9;Z123;EXAME ESPECIAL DE RASTREAMENTO DE NEOPLASIA DE MAMA 
2026-07-27 16:46:41;500769;SAO GABRIEL DO OESTE;6354265;CENTRAL DE REGULACAO DE SAO GABRIEL DO OESTE;500769;SAO GABRIEL DO OESTE;1;1;2026-04-29 08:51:33;1700012;COLONOSCOPIA;;;0209010029;COLONOSCOPIA (COLOSCOPIA);ALFREDO INACIO DE SOUSA;1955-05-07;LAURA INACIA DE SOUSA;709607629637376;16503520182;MASCULINO;664623143;4;14;31;47;9;K57;DOENCA DIVERTICULAR DO INTESTINO
2026-07-27 16:46:41;500769;SAO GABRIEL DO OESTE;6354265;CENTRAL DE REGULACAO DE SAO GABRIEL DO OESTE;500769;SAO GABRIEL DO OESTE;1;1;2026-04-29 08:49:06;1700012;COLONOSCOPIA;;;0209010029;COLONOSCOPIA (COLOSCOPIA);ADRIANA HENRIQUE DA SILVA;1975-02-20;NATALIA HENRIQUE DA SILVA;700005576066809;60129751120;FEMININO;664621802;4;13;31;43;9;Z121;EXAME ESPECIAL DE RASTREAMENTO DE NEOPLASIA DO TRATO INTESTINAL 
2026-07-27 16:46:41;500769;SAO GABRIEL DO OESTE;6354265;CENTRAL DE REGULACAO DE SAO GABRIEL DO OESTE;500769;SAO GABRIEL DO OESTE;1;1;2026-04-29 08:46:22;1700012;COLONOSCOPIA;;;0209010029;COLONOSCOPIA (COLOSCOPIA);ANA PAULA DRESCHLER DE HAAS;1992-10-21;MIRTES MARIA BERTE DRESCHLER;704009373784061;05470406105;FEMININO;664620319;4;12;31;40;9;R194;ALTERACAO DO HABITO INTESTINAL 
2026-07-27 16:46:41;500769;SAO GABRIEL DO OESTE;6354265;CENTRAL DE REGULACAO DE SAO GABRIEL DO OESTE;500769;SAO GABRIEL DO OESTE;1;1;2026-04-29 08:44:09;1700012;COLONOSCOPIA;;;0209010029;COLONOSCOPIA (COLOSCOPIA);ANDREIA DA ROCHA NANTES;1989-02-15;NOEMIA DA ROCHA LARA;706005347141542;03257699158;FEMININO;664619092;4;11;31;37;9;K59;OUTROS TRANSTORNOS FUNCIONAIS DO INTESTINO
2026-07-27 16:46:41;500769;SAO GABRIEL DO OESTE;6354265;CENTRAL DE REGULACAO DE SAO GABRIEL DO OESTE;500769;SAO GABRIEL DO OESTE;1;1;2026-04-28 11:26:23;1700012;COLONOSCOPIA;;;0209010029;COLONOSCOPIA (COLOSCOPIA);SIDILEI CORREA DOS ANJOS;1977-11-11;ZELI CORREA NETO;701106371993080;71839423170;MASCULINO;664410901;4;10;31;33;9;R195;OUTRAS ANORMALIDADES FECAIS 
2026-07-27 16:46:41;500769;SAO GABRIEL DO OESTE;6354265;CENTRAL DE REGULACAO DE SAO GABRIEL DO OESTE;500769;SAO GABRIEL DO OESTE;1;1;2026-04-28 10:22:01;1700012;COLONOSCOPIA;;;0209010029;COLONOSCOPIA (COLOSCOPIA);RENATA DA CONCEICAO FABIANO;1988-01-20;TEREZA MARIA DA CONCEICAO FABIANO;704805024306147;03510798155;FEMININO;664368395;4;9;31;30;9;J450;ASMA PREDOMINANTEMENTE ALERGICA 
2026-07-27 16:46:41;500769;SAO GABRIEL DO OESTE;6354265;CENTRAL DE REGULACAO DE SAO GABRIEL DO OESTE;500769;SAO GABRIEL DO OESTE;1;1;2026-04-27 14:52:54;1700012;COLONOSCOPIA;;;0209010029;COLONOSCOPIA (COLOSCOPIA);NEUZA FREITAS DE ALMEIDA;1972-06-04;ADELAIDE NOGUEIRA DE ALMEIDA;706906184251835;56893590172;FEMININO;664177025;4;8;31;27;9;R10;DOR ABDOMINAL E PELVICA
2026-07-27 16:46:41;500769;SAO GABRIEL DO OESTE;6354265;CENTRAL DE REGULACAO DE SAO GABRIEL DO OESTE;500769;SAO GABRIEL DO OESTE;1;1;2026-04-21 12:23:02;1700012;COLONOSCOPIA;;;0209010029;COLONOSCOPIA (COLOSCOPIA);MARIA ILMA DE SOUZA;1970-11-05;JULIA MARIA LIMA DE SOUZA;706400612510689;00858503140;FEMININO;663096528;4;7;31;23;9;K922;HEMORRAGIA GASTROINTESTINAL, SEM OUTRA ESPECIFICACAO 
2026-07-27 16:46:41;500769;SAO GABRIEL DO OESTE;6354265;CENTRAL DE REGULACAO DE SAO GABRIEL DO OESTE;500769;SAO GABRIEL DO OESTE;1;1;2026-04-21 12:04:53;1700012;COLONOSCOPIA;;;0209010029;COLONOSCOPIA (COLOSCOPIA);NAIR DO PRADO DA SILVA;1957-02-18;AMELIA PRIMAO DO PRADO;702405037261527;60979615100;FEMININO;663096265;4;6;31;20;9;K635;POLIPO DE COLON 
2026-07-27 16:46:41;500769;SAO GABRIEL DO OESTE;6354265;CENTRAL DE REGULACAO DE SAO GABRIEL DO OESTE;500769;SAO GABRIEL DO OESTE;1;1;2026-04-21 11:49:15;1700012;COLONOSCOPIA;;;0209010029;COLONOSCOPIA (COLOSCOPIA);MARINA GONCALVES;1972-12-25;MARIA AMARO;700008932599801;86684701915;FEMININO;663096015;4;5;31;17;9;K291;OUTRAS GASTRITES AGUDAS 
2026-07-27 16:46:41;500769;SAO GABRIEL DO OESTE;6354265;CENTRAL DE REGULACAO DE SAO GABRIEL DO OESTE;500769;SAO GABRIEL DO OESTE;1;1;2026-04-21 11:24:17;1700012;COLONOSCOPIA;;;0209010029;COLONOSCOPIA (COLOSCOPIA);NANCY LEDA MANSO CUNHA;1951-10-01;DOLORES MANSO CUNHA;701800242315270;23951028149;FEMININO;663095571;4;4;31;13;9;C18;NEOPLASIA MALIGNA DO COLON
2026-07-27 16:46:41;500769;SAO GABRIEL DO OESTE;3400964;UNIDADE DE SAUDE DA FAMILIA RURAL VII;500769;SAO GABRIEL DO OESTE;1;1;2026-04-16 16:16:45;1700012;COLONOSCOPIA;;;0209010029;COLONOSCOPIA (COLOSCOPIA);MARIA ANISIA JARA;1974-05-17;EMILIANA VILASBOAS JARA;700802942176889;79255663100;FEMININO;662671897;4;3;31;10;9;R10;DOR ABDOMINAL E PELVICA
2026-07-27 16:46:41;500769;SAO GABRIEL DO OESTE;2370999;UNIDADE DE SAUDE DA FAMILIA FENIX IV;500769;SAO GABRIEL DO OESTE;1;1;2026-04-14 17:14:59;1700012;COLONOSCOPIA;;;0209010029;COLONOSCOPIA (COLOSCOPIA);ERIKA CUNHA DE OLIVEIRA;1993-08-02;NELCI CUNHA DE OLIVEIRA;700007404604707;00956153267;FEMININO;662117615;4;2;31;7;9;K590;CONSTIPACAO 
2026-07-27 16:46:41;500769;SAO GABRIEL DO OESTE;2370972;UNIDADE DE SAUDE DA FAMILIA MILANE II;500769;SAO GABRIEL DO OESTE;1;1;2026-06-12 16:13:35;1700012;COLONOSCOPIA;;;0209010029;COLONOSCOPIA (COLOSCOPIA);RENATA DOS SANTOS MAGRINI;1988-09-04;MARIA LUCIA DOS SANTOS;700000684061702;02849725170;FEMININO;673219542;2;1;31;3;9;Z121;EXAME ESPECIAL DE RASTREAMENTO DE NEOPLASIA DO TRATO INTESTINAL 
2026-07-27 16:46:41;500769;SAO GABRIEL DO OESTE;6354265;CENTRAL DE REGULACAO DE SAO GABRIEL DO OESTE;500769;SAO GABRIEL DO OESTE;1;1;2026-05-05 08:52:26;1700012;COLONOSCOPIA;;;0209010029;COLONOSCOPIA (COLOSCOPIA);TAYNARA TALINE DA SILVA;1993-02-09;ALEXANDRA APARECIDA DA SILVA;704201733592585;05505788114;FEMININO;665551695;4;81;31;270;9;Z110;EXAME ESPECIAL DE RASTREAMENTO DE DOENCAS INFECCIOSAS INTESTINAIS 
2026-07-27 16:46:41;500769;SAO GABRIEL DO OESTE;6354265;CENTRAL DE REGULACAO DE SAO GABRIEL DO OESTE;500769;SAO GABRIEL DO OESTE;1;1;2026-05-05 08:49:49;1700012;COLONOSCOPIA;;;0209010029;COLONOSCOPIA (COLOSCOPIA);TERESINHA GOMES DE OLIVEIRA;1966-03-21;ANTONIA GOMES DE OLIVEIRA;702109728873697;47889594453;FEMININO;665550162;4;80;31;267;9;Z080;EXAME DE SEGUIMENTO APOS TRATAMENTO CIRURGICO DE NEOPLASIA MALIGNA 
2026-07-27 16:46:41;500769;SAO GABRIEL DO OESTE;6354265;CENTRAL DE REGULACAO DE SAO GABRIEL DO OESTE;500769;SAO GABRIEL DO OESTE;1;1;2026-05-05 08:38:32;1700012;COLONOSCOPIA;;;0209010029;COLONOSCOPIA (COLOSCOPIA);SEBASTIANA APARECIDA FURTADO;1975-01-22;FRANCISCA DE FATIMA FURTADO;704200718490083;00140098119;FEMININO;665543766;4;79;31;263;9;K519;COLITE ULCERATIVA, SEM OUTRA ESPECIFICACAO 
2026-07-27 16:46:41;500769;SAO GABRIEL DO OESTE;6354265;CENTRAL DE REGULACAO DE SAO GABRIEL DO OESTE;500769;SAO GABRIEL DO OESTE;1;1;2026-05-05 08:33:43;1700012;COLONOSCOPIA;;;0209010029;COLONOSCOPIA (COLOSCOPIA);SELMA CUSTODIO SANTANA DA SILVA;1974-04-01;ALDIVINA FRANCISCA APARECIDA;700508754413052;63923416172;FEMININO;665541116;4;78;31;260;9;Z121;EXAME ESPECIAL DE RASTREAMENTO DE NEOPLASIA DO TRATO INTESTINAL 
2026-07-27 16:46:41;500769;SAO GABRIEL DO OESTE;6354265;CENTRAL DE REGULACAO DE SAO GABRIEL DO OESTE;500769;SAO GABRIEL DO OESTE;1;1;2026-05-05 08:18:44;1700012;COLONOSCOPIA;;;0209010029;COLONOSCOPIA (COLOSCOPIA);TEREZA PALMIRA ANGELO;1943-07-29;PALMIRA CONSTANCIA BATISTA;701401693113634;82423199104;FEMININO;665533695;4;77;31;257;9;K635;POLIPO DE COLON 
2026-07-27 16:46:41;500769;SAO GABRIEL DO OESTE;6354265;CENTRAL DE REGULACAO DE SAO GABRIEL DO OESTE;500769;SAO GABRIEL DO OESTE;1;1;2026-05-05 08:16:39;1700012;COLONOSCOPIA;;;0209010029;COLONOSCOPIA (COLOSCOPIA);SUZELI DA SILVA OLIVEIRA DE JESUS;1986-08-26;ABADIA DA SILVA OLIVEIRA DE JESUS;700502907626655;73227110172;FEMININO;665532774;4;76;31;253;9;R10;DOR ABDOMINAL E PELVICA
2026-07-27 16:46:41;500769;SAO GABRIEL DO OESTE;6354265;CENTRAL DE REGULACAO DE SAO GABRIEL DO OESTE;500769;SAO GABRIEL DO OESTE;1;1;2026-05-05 08:13:44;1700012;COLONOSCOPIA;;;0209010029;COLONOSCOPIA (COLOSCOPIA);SOLANGE APARECIDA MOLINARI;1963-07-14;ADELIRA STRAHE MOLINARI;709007881079817;84153393134;FEMININO;665531427;4;75;31;250;9;Z121;EXAME ESPECIAL DE RASTREAMENTO DE NEOPLASIA DO TRATO INTESTINAL 
2026-07-27 16:46:41;500769;SAO GABRIEL DO OESTE;6354265;CENTRAL DE REGULACAO DE SAO GABRIEL DO OESTE;500769;SAO GABRIEL DO OESTE;1;1;2026-05-05 08:06:39;1700012;COLONOSCOPIA;;;0209010029;COLONOSCOPIA (COLOSCOPIA);SUELY LUIZA RIBAS;1960-07-05;TEODOLINA LUIZA RIBAS;700003709490809;52797481100;FEMININO;665528556;4;74;31;247;9;K571;DOENCA DIVERTICULAR DO INTESTINO DELGADO SEM PERFURACAO OU ABSCESSO 
2026-07-27 16:46:41;500769;SAO GABRIEL DO OESTE;6354265;CENTRAL DE REGULACAO DE SAO GABRIEL DO OESTE;500769;SAO GABRIEL DO OESTE;1;1;2026-05-04 16:59:23;1700012;COLONOSCOPIA;;;0209010029;COLONOSCOPIA (COLOSCOPIA);OVIEDO FEITOSA SANTOS;1974-09-17;MARIA DE LOURDES FEITOSA;703204606488198;71949801500;MASCULINO;665489969;4;73;31;243;9;R104;OUTRAS DORES ABDOMINAIS E AS NAO ESPECIFICADAS 
2026-07-27 16:46:41;500769;SAO GABRIEL DO OESTE;6354265;CENTRAL DE REGULACAO DE SAO GABRIEL DO OESTE;500769;SAO GABRIEL DO OESTE;1;1;2026-05-04 12:01:49;1700012;COLONOSCOPIA;;;0209010029;COLONOSCOPIA (COLOSCOPIA);PAULO EDIR OLIVEIRA DO AMARAL;1954-07-29;AMASILIA CANDIDA OLIVEIRA DO AMARAL;705003634394353;73003751115;MASCULINO;665364209;4;72;31;240;9;Z121;EXAME ESPECIAL DE RASTREAMENTO DE NEOPLASIA DO TRATO INTESTINAL 
2026-07-27 16:46:41;500769;SAO GABRIEL DO OESTE;6354265;CENTRAL DE REGULACAO DE SAO GABRIEL DO OESTE;500769;SAO GABRIEL DO OESTE;1;1;2026-05-04 12:00:15;1700012;COLONOSCOPIA;;;0209010029;COLONOSCOPIA (COLOSCOPIA);RITA ALVES DE SOUZA;1941-02-02;RAQUEL ALVES PEREIRA;702305188483813;44532032172;FEMININO;665363609;4;71;31;237;9;R10;DOR ABDOMINAL E PELVICA
2026-07-27 16:46:41;500769;SAO GABRIEL DO OESTE;6354265;CENTRAL DE REGULACAO DE SAO GABRIEL DO OESTE;500769;SAO GABRIEL DO OESTE;1;1;2026-05-04 11:58:18;1700012;COLONOSCOPIA;;;0209010029;COLONOSCOPIA (COLOSCOPIA);RODINEIA APONTE DA SILVA;1989-06-29;CLEMENTINA JOVIO APONTE;706408612078687;03126693130;FEMININO;665362818;4;70;31;233;9;B57;DOENCA DE CHAGAS
2026-07-27 16:46:41;500769;SAO GABRIEL DO OESTE;6354265;CENTRAL DE REGULACAO DE SAO GABRIEL DO OESTE;500769;SAO GABRIEL DO OESTE;1;1;2026-05-04 11:56:01;1700012;COLONOSCOPIA;;;0209010029;COLONOSCOPIA (COLOSCOPIA);PATRICIA SANTOS DA SILVA;1985-06-20;TEREZA CRUZ DOS SANTOS;706506316665899;00454123167;FEMININO;665361779;4;69;31;230;9;Z121;EXAME ESPECIAL DE RASTREAMENTO DE NEOPLASIA DO TRATO INTESTINAL 
2026-07-27 16:46:41;500769;SAO GABRIEL DO OESTE;6354265;CENTRAL DE REGULACAO DE SAO GABRIEL DO OESTE;500769;SAO GABRIEL DO OESTE;1;1;2026-05-04 11:54:27;1700012;COLONOSCOPIA;;;0209010029;COLONOSCOPIA (COLOSCOPIA);ROSA EGILDA DA SILVA;1962-06-12;JULIA CELESTINO DA SILVA;706009884067744;44702205153;FEMININO;665361065;4;68;31;227;9;R14;FLATULENCIA E AFECCOES CORRELATAS 
2026-07-27 16:46:41;500769;SAO GABRIEL DO OESTE;6354265;CENTRAL DE REGULACAO DE SAO GABRIEL DO OESTE;500769;SAO GABRIEL DO OESTE;1;1;2026-05-04 11:46:25;1700012;COLONOSCOPIA;;;0209010029;COLONOSCOPIA (COLOSCOPIA);WILLIAM DA SILVA ANDRADE;1999-08-21;DADIVA NICOLAU DA SILVA;707805656941315;04428251106;MASCULINO;665357156;4;67;31;223;9;K922;HEMORRAGIA GASTROINTESTINAL, SEM OUTRA ESPECIFICACAO 
2026-07-27 16:46:41;500769;SAO GABRIEL DO OESTE;6354265;CENTRAL DE REGULACAO DE SAO GABRIEL DO OESTE;500769;SAO GABRIEL DO OESTE;1;1;2026-05-04 11:41:16;1700012;COLONOSCOPIA;;;0209010029;COLONOSCOPIA (COLOSCOPIA);MARIA AMELIA DE ARAUJO SILVA ESTEVAM;1969-11-17;CLARINDA AMELIA DE ARAUJO SILVA;706808254884427;04491172358;FEMININO;665354475;4;66;31;220;9;K922;HEMORRAGIA GASTROINTESTINAL, SEM OUTRA ESPECIFICACAO 
2026-07-27 16:46:41;500769;SAO GABRIEL DO OESTE;6354265;CENTRAL DE REGULACAO DE SAO GABRIEL DO OESTE;500769;SAO GABRIEL DO OESTE;1;1;2026-05-04 11:38:10;1700012;COLONOSCOPIA;;;0209010029;COLONOSCOPIA (COLOSCOPIA);MARIA SANCHES;1952-09-10;LUZIA GARCIA;704809082953846;79693261100;FEMININO;665352850;4;65;31;217;9;K59;OUTROS TRANSTORNOS FUNCIONAIS DO INTESTINO
2026-07-27 16:46:41;500769;SAO GABRIEL DO OESTE;2370972;UNIDADE DE SAUDE DA FAMILIA MILANE II;500769;SAO GABRIEL DO OESTE;1;1;2026-05-04 11:30:17;1700012;COLONOSCOPIA;;;0209010029;COLONOSCOPIA (COLOSCOPIA);VANDERLEI ROMEU BUSS;1973-07-05;DELZA DONST BUSS;708005897968322;63776553120;MASCULINO;665348504;4;64;31;213;9;K57;DOENCA DIVERTICULAR DO INTESTINO
2026-07-27 16:46:41;500769;SAO GABRIEL DO OESTE;6354265;CENTRAL DE REGULACAO DE SAO GABRIEL DO OESTE;500769;SAO GABRIEL DO OESTE;1;1;2026-05-04 11:21:12;1700012;COLONOSCOPIA;;;0209010029;COLONOSCOPIA (COLOSCOPIA);MARLI FERREIRA DE ASSIS;1979-11-17;MARIA TEREZINHA FERREIRA;705404421567193;87064260182;FEMININO;665343118;4;63;31;210;9;I84;HEMORROIDAS
2026-07-27 16:46:41;500769;SAO GABRIEL DO OESTE;6354265;CENTRAL DE REGULACAO DE SAO GABRIEL DO OESTE;500769;SAO GABRIEL DO OESTE;1;1;2026-05-04 11:18:11;1700012;COLONOSCOPIA;;;0209010029;COLONOSCOPIA (COLOSCOPIA);OJANE DALLA ROSA SILVA;1978-11-15;ORFILIA DALLA ROSA;703404549967000;83344896172;FEMININO;665341291;4;62;31;207;9;Z12;EXAME ESPECIAL DE RASTREAMENTO ("SCREENING") DE NEOPLASIAS
2026-07-27 16:46:41;500769;SAO GABRIEL DO OESTE;6354265;CENTRAL DE REGULACAO DE SAO GABRIEL DO OESTE;500769;SAO GABRIEL DO OESTE;1;1;2026-05-04 11:15:11;1700012;COLONOSCOPIA;;;0209010029;COLONOSCOPIA (COLOSCOPIA);ONEIDA MARTINS RODRIGUES DE OLIVEIRA;1973-03-02;OLVANY MARTINS RODRIGUES;704509376446111;01021130176;FEMININO;665339458;4;61;31;203;9;R194;ALTERACAO DO HABITO INTESTINAL 
2026-07-27 16:46:41;500769;SAO GABRIEL DO OESTE;6354265;CENTRAL DE REGULACAO DE SAO GABRIEL DO OESTE;500769;SAO GABRIEL DO OESTE;1;1;2026-05-04 11:12:34;1700012;COLONOSCOPIA;;;0209010029;COLONOSCOPIA (COLOSCOPIA);MARIA MARCILENE DA SILVA OLIVEIRA;1978-01-18;MARIA DAS MERCES DA SILVA OLIVEIRA;700502367179158;90173023134;FEMININO;665337818;4;60;31;200;9;D126;COLON, NAO ESPECIFICADA 
2026-07-27 16:46:41;500769;SAO GABRIEL DO OESTE;6354265;CENTRAL DE REGULACAO DE SAO GABRIEL DO OESTE;500769;SAO GABRIEL DO OESTE;1;1;2026-05-04 11:04:13;1700012;COLONOSCOPIA;;;0209010029;COLONOSCOPIA (COLOSCOPIA);MARCOLINA DA SILVA ORTEGA;1946-11-13;ANA ROSA DA SILVA;705006494022451;00810923181;FEMININO;665332606;4;59;31;197;9;C189;COLON, NAO ESPECIFICADO 
2026-07-27 16:46:41;500769;SAO GABRIEL DO OESTE;6354265;CENTRAL DE REGULACAO DE SAO GABRIEL DO OESTE;500769;SAO GABRIEL DO OESTE;1;1;2026-05-04 10:59:08;1700012;COLONOSCOPIA;;;0209010029;COLONOSCOPIA (COLOSCOPIA);MARZILIA DE SOUZA BRANDAO TORELLI;1963-04-23;MARIA JOSE DE SOUZA;700005210546602;36643238153;FEMININO;665329269;4;58;31;193;9;M480;ESTENOSE DA COLUNA VERTEBRAL 
2026-07-27 16:46:41;500769;SAO GABRIEL DO OESTE;6354265;CENTRAL DE REGULACAO DE SAO GABRIEL DO OESTE;500769;SAO GABRIEL DO OESTE;1;1;2026-05-04 10:55:53;1700012;COLONOSCOPIA;;;0209010029;COLONOSCOPIA (COLOSCOPIA);MEIRE VILMA DE SOUZA POLICARPO;1951-11-01;DALVA PEREIRA BRANDAO;709206200050135;46557920197;FEMININO;665327058;4;57;31;190;9;K57;DOENCA DIVERTICULAR DO INTESTINO
2026-07-27 16:46:41;500769;SAO GABRIEL DO OESTE;6354265;CENTRAL DE REGULACAO DE SAO GABRIEL DO OESTE;500769;SAO GABRIEL DO OESTE;1;1;2026-05-04 10:42:26;1700012;COLONOSCOPIA;;;0209010029;COLONOSCOPIA (COLOSCOPIA);OSMARINO FERREIRA;1953-07-10;HORTENCIA DIAS DA SILVA;702607771812045;35811692153;MASCULINO;665317808;4;56;31;187;9;K92;OUTRAS DOENCAS DO APARELHO DIGESTIVO
2026-07-27 16:46:41;500769;SAO GABRIEL DO OESTE;6354265;CENTRAL DE REGULACAO DE SAO GABRIEL DO OESTE;500769;SAO GABRIEL DO OESTE;1;1;2026-05-04 10:36:06;1700012;COLONOSCOPIA;;;0209010029;COLONOSCOPIA (COLOSCOPIA);MARIA CARMELINA DUTRA DA SILVA;1962-08-16;AUDELINA MORAIS DUTRA;706200528607261;35721510153;FEMININO;665313432;4;55;31;183;9;A09;DIARREIA E GASTROENTERITE DE ORIGEM INFECCIOSA PRESUMIVEL 
2026-07-27 16:46:41;500769;SAO GABRIEL DO OESTE;6354265;CENTRAL DE REGULACAO DE SAO GABRIEL DO OESTE;500769;SAO GABRIEL DO OESTE;1;1;2026-05-04 10:30:49;1700012;COLONOSCOPIA;;;0209010029;COLONOSCOPIA (COLOSCOPIA);MARGARIDA RODRIGUES LIMA;1960-03-07;MARIA RITA DE SOUZA LIMA;700001088813601;30930995104;FEMININO;665309789;4;54;31;180;9;R10;DOR ABDOMINAL E PELVICA
2026-07-27 16:46:41;500769;SAO GABRIEL DO OESTE;6354265;CENTRAL DE REGULACAO DE SAO GABRIEL DO OESTE;500769;SAO GABRIEL DO OESTE;1;1;2026-05-04 10:26:08;1700012;COLONOSCOPIA;;;0209010029;COLONOSCOPIA (COLOSCOPIA);MARCOS PAULO DE OLIVEIRA;1973-07-10;MARIA CORNELIA DE SOUZA;701700264181170;60976209187;MASCULINO;665306574;4;53;31;177;9;K922;HEMORRAGIA GASTROINTESTINAL, SEM OUTRA ESPECIFICACAO 
2026-07-27 16:46:41;500769;SAO GABRIEL DO OESTE;6354265;CENTRAL DE REGULACAO DE SAO GABRIEL DO OESTE;500769;SAO GABRIEL DO OESTE;1;1;2026-05-04 10:23:57;1700012;COLONOSCOPIA;;;0209010029;COLONOSCOPIA (COLOSCOPIA);MOISES BESERRA DA SILVA;1974-02-22;CICERA CANDIDA DA SILVA;705406449608996;93866763115;MASCULINO;665305068;4;52;31;173;9;K591;DIARREIA FUNCIONAL 
2026-07-27 16:46:41;500769;SAO GABRIEL DO OESTE;6354265;CENTRAL DE REGULACAO DE SAO GABRIEL DO OESTE;500769;SAO GABRIEL DO OESTE;1;1;2026-05-04 10:20:43;1700012;COLONOSCOPIA;;;0209010029;COLONOSCOPIA (COLOSCOPIA);MAURO CELSO FAGUNDES AGUIAR;1976-09-08;ANTONIA CLEUSA FAGUNDES AGUIAR;704807032483844;91774705168;MASCULINO;665302791;4;51;31;170;9;Z121;EXAME ESPECIAL DE RASTREAMENTO DE NEOPLASIA DO TRATO INTESTINAL 
2026-07-27 16:46:41;500769;SAO GABRIEL DO OESTE;6354265;CENTRAL DE REGULACAO DE SAO GABRIEL DO OESTE;500769;SAO GABRIEL DO OESTE;1;1;2026-05-04 10:15:18;1700012;COLONOSCOPIA;;;0209010029;COLONOSCOPIA (COLOSCOPIA);MARIA VANDERLITA MARTINS;1956-01-01;SANTA EDITH MARTINS;703001866217576;53134044072;FEMININO;665299092;4;50;31;167;9;Z121;EXAME ESPECIAL DE RASTREAMENTO DE NEOPLASIA DO TRATO INTESTINAL 
2026-07-27 16:46:41;500769;SAO GABRIEL DO OESTE;6354265;CENTRAL DE REGULACAO DE SAO GABRIEL DO OESTE;500769;SAO GABRIEL DO OESTE;1;1;2026-05-04 09:51:07;1700012;COLONOSCOPIA;;;0209010029;COLONOSCOPIA (COLOSCOPIA);MARIA LUCIMAR DE SOUZA CIQUEIRA;1967-02-03;FAUSTINA MARIA DE SOUZA CIQUEIRA;704709742551538;44520255104;FEMININO;665281983;4;49;31;163;9;K591;DIARREIA FUNCIONAL 
2026-07-27 16:46:41;500769;SAO GABRIEL DO OESTE;6354265;CENTRAL DE REGULACAO DE SAO GABRIEL DO OESTE;500769;SAO GABRIEL DO OESTE;1;1;2026-05-04 09:47:42;1700012;COLONOSCOPIA;;;0209010029;COLONOSCOPIA (COLOSCOPIA);JOEL JOSE HAAS LEICHTWEIS;1987-09-02;ERENI HAAS;702409541974128;70176575197;MASCULINO;665279565;4;48;31;160;9;R194;ALTERACAO DO HABITO INTESTINAL 
2026-07-27 16:46:41;500769;SAO GABRIEL DO OESTE;6354265;CENTRAL DE REGULACAO DE SAO GABRIEL DO OESTE;500769;SAO GABRIEL DO OESTE;1;1;2026-05-04 09:44:56;1700012;COLONOSCOPIA;;;0209010029;COLONOSCOPIA (COLOSCOPIA);LEIDE MUNHOS TOME MENDES;1966-02-25;ANTONIA MUNHOS TOME;700504147978053;34045325204;FEMININO;665277610;4;47;31;157;9;K58;SINDROME DO COLON IRRITAVEL
2026-07-27 16:46:41;500769;SAO GABRIEL DO OESTE;6354265;CENTRAL DE REGULACAO DE SAO GABRIEL DO OESTE;500769;SAO GABRIEL DO OESTE;1;1;2026-05-04 09:42:46;1700012;COLONOSCOPIA;;;0209010029;COLONOSCOPIA (COLOSCOPIA);LENIR MARIA GOTSSELIG ANGNES;1965-10-08;ELMA GOTSSELIG ANGNES;700707959995778;45632995020;FEMININO;665276100;4;46;31;153;9;Z121;EXAME ESPECIAL DE RASTREAMENTO DE NEOPLASIA DO TRATO INTESTINAL 
2026-07-27 16:46:41;500769;SAO GABRIEL DO OESTE;6354265;CENTRAL DE REGULACAO DE SAO GABRIEL DO OESTE;500769;SAO GABRIEL DO OESTE;1;1;2026-05-04 09:37:28;1700012;COLONOSCOPIA;;;0209010029;COLONOSCOPIA (COLOSCOPIA);JOAQUINA HELIDA DOS SANTOS;1968-04-27;FRANCISCA CARLOS DOS SANTOS;708907795772910;35811862172;FEMININO;665272550;4;45;31;150;9;Z110;EXAME ESPECIAL DE RASTREAMENTO DE DOENCAS INFECCIOSAS INTESTINAIS 
2026-07-27 16:46:41;500769;SAO GABRIEL DO OESTE;6354265;CENTRAL DE REGULACAO DE SAO GABRIEL DO OESTE;500769;SAO GABRIEL DO OESTE;1;1;2026-05-04 09:32:06;1700012;COLONOSCOPIA;;;0209010029;COLONOSCOPIA (COLOSCOPIA);JONAS WILDE;1978-08-28;GLADOS WILDE;704308501181093;89828992191;MASCULINO;665269148;4;44;31;147;9;Z121;EXAME ESPECIAL DE RASTREAMENTO DE NEOPLASIA DO TRATO INTESTINAL 
2026-07-27 16:46:41;500769;SAO GABRIEL DO OESTE;6354265;CENTRAL DE REGULACAO DE SAO GABRIEL DO OESTE;500769;SAO GABRIEL DO OESTE;1;1;2026-04-30 10:12:49;1700012;COLONOSCOPIA;;;0209010029;COLONOSCOPIA (COLOSCOPIA);VANUSE FERREIRA DA SILVA;1982-09-07;MARIA JOSE FERREIRA ALVES;700103808918490;00474243117;FEMININO;664972082;4;43;31;143;9;Z121;EXAME ESPECIAL DE RASTREAMENTO DE NEOPLASIA DO TRATO INTESTINAL 
2026-07-27 16:46:41;500769;SAO GABRIEL DO OESTE;6354265;CENTRAL DE REGULACAO DE SAO GABRIEL DO OESTE;500769;SAO GABRIEL DO OESTE;1;1;2026-04-29 15:20:57;1700012;COLONOSCOPIA;;;0209010029;COLONOSCOPIA (COLOSCOPIA);MARLENE GUEDIN GINDRI;1964-07-28;ORTENILA BATISTTI GUEDIN;707405083791070;36554316191;FEMININO;664822954;4;42;31;140;9;R10;DOR ABDOMINAL E PELVICA
2026-07-27 16:46:41;500769;SAO GABRIEL DO OESTE;6354265;CENTRAL DE REGULACAO DE SAO GABRIEL DO OESTE;500769;SAO GABRIEL DO OESTE;1;1;2026-04-29 11:43:19;1700012;COLONOSCOPIA;;;0209010029;COLONOSCOPIA (COLOSCOPIA);JUSCELINO PEREIRA MARINHO;1974-08-09;SANTILHA PEREIRA MARINHO;700301904962035;86606980100;MASCULINO;664732194;4;41;31;137;9;R104;OUTRAS DORES ABDOMINAIS E AS NAO ESPECIFICADAS 
2026-07-27 16:46:41;500769;SAO GABRIEL DO OESTE;6354265;CENTRAL DE REGULACAO DE SAO GABRIEL DO OESTE;500769;SAO GABRIEL DO OESTE;1;1;2026-04-29 11:40:28;1700012;COLONOSCOPIA;;;0209010029;COLONOSCOPIA (COLOSCOPIA);JANDIR DALL ACQUA;1953-10-25;MARIA JACY DALL ACQUA;707400018254576;42985994934;MASCULINO;664730785;4;40;31;133;9;R10;DOR ABDOMINAL E PELVICA
2026-07-27 16:46:41;500769;SAO GABRIEL DO OESTE;6354265;CENTRAL DE REGULACAO DE SAO GABRIEL DO OESTE;500769;SAO GABRIEL DO OESTE;1;1;2026-04-29 11:37:26;1700012;COLONOSCOPIA;;;0209010029;COLONOSCOPIA (COLOSCOPIA);JOAO BATISTA PINTO;1943-11-04;JOANA SENHORINHA DE OLIVEIRA;705006475468059;36737399134;MASCULINO;664729236;4;39;31;130;9;K921;MELENA 
2026-07-27 16:46:41;500769;SAO GABRIEL DO OESTE;6354265;CENTRAL DE REGULACAO DE SAO GABRIEL DO OESTE;500769;SAO GABRIEL DO OESTE;1;1;2026-04-29 11:34:43;1700012;COLONOSCOPIA;;;0209010029;COLONOSCOPIA (COLOSCOPIA);JACINTO GOMES SOBRINHO;1950-11-23;MARA INACIA GOMES;702003370647487;10514791187;MASCULINO;664727765;4;38;31;127;9;I84;HEMORROIDAS
2026-07-27 16:46:41;500769;SAO GABRIEL DO OESTE;6354265;CENTRAL DE REGULACAO DE SAO GABRIEL DO OESTE;500769;SAO GABRIEL DO OESTE;1;1;2026-04-29 11:26:48;1700012;COLONOSCOPIA;;;0209010029;COLONOSCOPIA (COLOSCOPIA);LEONINA DE FREITAS BARBOSA;1942-03-21;OLIVIA FURTADO;700008823561404;01631643126;FEMININO;664723334;4;37;31;123;9;K518;OUTRAS COLITES ULCERATIVAS 
2026-07-27 16:46:41;500769;SAO GABRIEL DO OESTE;6354265;CENTRAL DE REGULACAO DE SAO GABRIEL DO OESTE;500769;SAO GABRIEL DO OESTE;1;1;2026-04-29 11:22:22;1700012;COLONOSCOPIA;;;0209010029;COLONOSCOPIA (COLOSCOPIA);JOAO DE SOUZA BRANDAO;1958-12-20;ORMARINA GARCIA DE SOUZA;700205428506221;56186193187;MASCULINO;664720763;4;36;31;120;9;K590;CONSTIPACAO 
2026-07-27 16:46:41;500769;SAO GABRIEL DO OESTE;6354265;CENTRAL DE REGULACAO DE SAO GABRIEL DO OESTE;500769;SAO GABRIEL DO OESTE;1;1;2026-04-29 11:20:26;1700012;COLONOSCOPIA;;;0209010029;COLONOSCOPIA (COLOSCOPIA);JESSICA MARIA DA SILVA FERREIRA;1993-11-25;MARIA ODENILDE DA SILVA FERREIRA;701102016533910;05359094117;FEMININO;664719685;4;35;31;117;9;D126;COLON, NAO ESPECIFICADA 
2026-07-27 16:46:41;500769;SAO GABRIEL DO OESTE;6354265;CENTRAL DE REGULACAO DE SAO GABRIEL DO OESTE;500769;SAO GABRIEL DO OESTE;1;1;2026-04-29 11:12:33;1700012;COLONOSCOPIA;;;0209010029;COLONOSCOPIA (COLOSCOPIA);JOSE SOUZA;1957-09-17;CELINA MARIA DOS SANTOS;704503379567216;44023880906;MASCULINO;664714860;4;34;31;113;9;K566;OUTRAS FORMAS DE OBSTRUCAO INTESTINAL, E AS NAO ESPECIFICADAS 
2026-07-27 16:46:41;500769;SAO GABRIEL DO OESTE;2591359;UNIDADE DE SAUDE DA FAMILIA V;500769;SAO GABRIEL DO OESTE;1;1;2026-04-29 11:09:17;1700012;COLONOSCOPIA;;;0209010029;COLONOSCOPIA (COLOSCOPIA);MARILENE FATIMA PUTON;1958-11-02;LUIZA ZATTA PUTON;705005671281259;32669704034;FEMININO;664712848;4;33;31;110;9;K590;CONSTIPACAO 
2026-07-27 16:46:41;500769;SAO GABRIEL DO OESTE;6354265;CENTRAL DE REGULACAO DE SAO GABRIEL DO OESTE;500769;SAO GABRIEL DO OESTE;1;1;2026-04-29 11:01:44;1700012;COLONOSCOPIA;;;0209010029;COLONOSCOPIA (COLOSCOPIA);GERCINO CARRILHO DE LIMA;1950-06-01;AMALIA CARRILHO DE LIMA;708101171317440;59019255800;MASCULINO;664708100;4;32;31;107;9;R10;DOR ABDOMINAL E PELVICA
2026-07-27 16:46:41;500769;SAO GABRIEL DO OESTE;6354265;CENTRAL DE REGULACAO DE SAO GABRIEL DO OESTE;500769;SAO GABRIEL DO OESTE;1;1;2026-04-29 10:54:57;1700012;COLONOSCOPIA;;;0209010029;COLONOSCOPIA (COLOSCOPIA);FRANCISCO MASCARELLO;1947-06-15;MARIA DOMENICA MASCARELLO;700601476857260;13969781949;MASCULINO;664703704;4;31;31;103;9;Z59;PROBLEMAS RELACIONADOS COM A HABITACAO E COM AS CONDICOES ECONOMICAS
2026-07-27 16:46:41;500769;SAO GABRIEL DO OESTE;6354265;CENTRAL DE REGULACAO DE SAO GABRIEL DO OESTE;500769;SAO GABRIEL DO OESTE;1;1;2026-04-29 10:52:40;1700012;COLONOSCOPIA;;;0209010029;COLONOSCOPIA (COLOSCOPIA);DORFELINA PIRES DA SILVA;1949-02-02;ANA MARIA DA SILVA;704104157276775;27176703191;FEMININO;664702202;4;30;31;100;9;R102;DOR PELVICA E PERINEAL 
2026-07-27 16:46:41;500769;SAO GABRIEL DO OESTE;6354265;CENTRAL DE REGULACAO DE SAO GABRIEL DO OESTE;500769;SAO GABRIEL DO OESTE;1;1;2026-04-29 10:45:36;1700012;COLONOSCOPIA;;;0209010029;COLONOSCOPIA (COLOSCOPIA);ELAINE BALZAN POCAHY;1964-01-10;HERTA SEGATTO BALZAN;705804440078530;60111895120;FEMININO;664697418;4;29;31;97;9;R194;ALTERACAO DO HABITO INTESTINAL 
2026-07-27 16:46:41;500769;SAO GABRIEL DO OESTE;6354265;CENTRAL DE REGULACAO DE SAO GABRIEL DO OESTE;500769;SAO GABRIEL DO OESTE;1;1;2026-04-29 10:19:26;1700012;COLONOSCOPIA;;;0209010029;COLONOSCOPIA (COLOSCOPIA);EDSON DE JESUS MARCONDES BUENO;1985-02-01;TEREZINHA DE JESUS MARCONDES BUENO;700003534609500;01220818119;MASCULINO;664679620;4;28;31;93;9;Z121;EXAME ESPECIAL DE RASTREAMENTO DE NEOPLASIA DO TRATO INTESTINAL 
2026-07-27 16:46:41;500769;SAO GABRIEL DO OESTE;6354265;CENTRAL DE REGULACAO DE SAO GABRIEL DO OESTE;500769;SAO GABRIEL DO OESTE;1;1;2026-04-29 10:14:01;1700012;COLONOSCOPIA;;;0209010029;COLONOSCOPIA (COLOSCOPIA);DIONISIO CAVAGLIERI;1951-12-10;ROSA COSSA CAVAGLIERI;707400015609578;30845319949;MASCULINO;664675875;4;27;31;90;9;K291;OUTRAS GASTRITES AGUDAS 
2026-07-27 16:46:41;500769;SAO GABRIEL DO OESTE;6354265;CENTRAL DE REGULACAO DE SAO GABRIEL DO OESTE;500769;SAO GABRIEL DO OESTE;1;1;2026-04-29 10:11:36;1700012;COLONOSCOPIA;;;0209010029;COLONOSCOPIA (COLOSCOPIA);EVA FLAUSINA DA SILVA DE OLIVEIRA;1953-01-17;SEBASTIANA FLAUSINA DA COSTA;703006849576576;25673408153;FEMININO;664674254;4;26;31;87;9;D50;ANEMIA POR DEFICIENCIA DE FERRO
2026-07-27 16:46:41;500769;SAO GABRIEL DO OESTE;6354265;CENTRAL DE REGULACAO DE SAO GABRIEL DO OESTE;500769;SAO GABRIEL DO OESTE;1;1;2026-04-29 10:09:09;1700012;COLONOSCOPIA;;;0209010029;COLONOSCOPIA (COLOSCOPIA);FAUSTINO INACIO DE OLIVEIRA;1945-12-19;JOVINA PEREIRA DE OLIVEIRA;702000806856581;11028173172;MASCULINO;664672591;4;25;31;83;9;K580;SINDROME DO COLON IRRITAVEL COM DIARREIA 
2026-07-27 16:46:41;500769;SAO GABRIEL DO OESTE;6354265;CENTRAL DE REGULACAO DE SAO GABRIEL DO OESTE;500769;SAO GABRIEL DO OESTE;1;1;2026-04-29 10:06:13;1700012;COLONOSCOPIA;;;0209010029;COLONOSCOPIA (COLOSCOPIA);DENISE DOS SANTOS KELLER;1965-03-23;AURECI AUREA DOS SANTOS;700205938821323;54296668153;FEMININO;664670559;4;24;31;80;9;K635;POLIPO DE COLON 
2026-07-27 16:46:41;500769;SAO GABRIEL DO OESTE;6354265;CENTRAL DE REGULACAO DE SAO GABRIEL DO OESTE;500769;SAO GABRIEL DO OESTE;1;1;2026-04-29 09:56:30;1700012;COLONOSCOPIA;;;0209010029;COLONOSCOPIA (COLOSCOPIA);ANTENOR POLETO;1948-09-07;LEANDRINA RODRIGUES POLETO;700806942845288;14014149900;MASCULINO;664664048;4;23;31;77;9;A09;DIARREIA E GASTROENTERITE DE ORIGEM INFECCIOSA PRESUMIVEL 
2026-07-27 16:46:41;500769;SAO GABRIEL DO OESTE;6354265;CENTRAL DE REGULACAO DE SAO GABRIEL DO OESTE;500769;SAO GABRIEL DO OESTE;1;1;2026-04-29 09:50:58;1700012;COLONOSCOPIA;;;0209010029;COLONOSCOPIA (COLOSCOPIA);ANGELICA DE JESUS;1982-03-05;FELICIA MARIA DE JESUS;700500556222350;00032960166;FEMININO;664660471;4;22;31;73;9;K635;POLIPO DE COLON 
2026-07-27 16:46:41;500769;SAO GABRIEL DO OESTE;6354265;CENTRAL DE REGULACAO DE SAO GABRIEL DO OESTE;500769;SAO GABRIEL DO OESTE;1;1;2026-04-29 09:38:51;1700012;COLONOSCOPIA;;;0209010029;COLONOSCOPIA (COLOSCOPIA);ABEL DA SILVA;1972-04-02;MARINA INES DA SILVA;700004126897903;63932970187;MASCULINO;664652490;4;21;31;70;9;Z000;EXAME MEDICO GERAL 
2026-07-27 16:46:41;500769;SAO GABRIEL DO OESTE;6354265;CENTRAL DE REGULACAO DE SAO GABRIEL DO OESTE;500769;SAO GABRIEL DO OESTE;1;1;2026-04-29 09:33:57;1700012;COLONOSCOPIA;;;0209010029;COLONOSCOPIA (COLOSCOPIA);AURELIA SERVIAM INSABRALDE;1951-03-26;CANTALICIA DUARTE;704807018671442;20088914100;FEMININO;664649255;4;20;31;67;9;K59;OUTROS TRANSTORNOS FUNCIONAIS DO INTESTINO
2026-07-27 16:46:41;500769;SAO GABRIEL DO OESTE;6354265;CENTRAL DE REGULACAO DE SAO GABRIEL DO OESTE;500769;SAO GABRIEL DO OESTE;1;1;2026-04-29 09:28:32;1700012;COLONOSCOPIA;;;0209010029;COLONOSCOPIA (COLOSCOPIA);AMELIA RODRIGUES DE SOUZA;1960-05-16;IZAURA SOUZA DOS SANTOS;704807523677142;81487991134;FEMININO;664645675;4;19;31;63;9;K590;CONSTIPACAO 
2026-07-27 16:46:41;500769;SAO GABRIEL DO OESTE;6354265;CENTRAL DE REGULACAO DE SAO GABRIEL DO OESTE;500769;SAO GABRIEL DO OESTE;1;1;2026-04-29 09:25:09;1700012;COLONOSCOPIA;;;0209010029;COLONOSCOPIA (COLOSCOPIA);CELSO DO NASCIMENTO MONTESSI;1973-06-08;CONCEICAO DO NASCIMENTO MONTESSI;706803296608628;51950596168;MASCULINO;664643502;4;18;31;60;9;R10;DOR ABDOMINAL E PELVICA
2026-07-27 16:46:41;500769;SAO GABRIEL DO OESTE;7333218;UNIDADE DE SAUDE DA FAMILIA X;500769;SAO GABRIEL DO OESTE;1;1;2026-07-13 15:59:54;1700012;COLONOSCOPIA;;;0209010029;COLONOSCOPIA (COLOSCOPIA);ADEMIR BARBOSA MENDONCA;1970-08-30;BELONISIA FRANCISCA MENDONCA;702605732529549;51873702191;MASCULINO;678734014;4;145;31;483;9;D126;COLON, NAO ESPECIFICADA 
2026-07-27 16:46:41;500769;SAO GABRIEL DO OESTE;6354265;CENTRAL DE REGULACAO DE SAO GABRIEL DO OESTE;500769;SAO GABRIEL DO OESTE;1;1;2026-07-08 16:18:47;1700012;COLONOSCOPIA;;;0209010029;COLONOSCOPIA (COLOSCOPIA);DARCI CORREA DE OLIVEIRA;1956-09-05;MARIA DA SILVA CORREA;702001344646582;44677880182;FEMININO;677960821;4;144;31;480;9;Z121;EXAME ESPECIAL DE RASTREAMENTO DE NEOPLASIA DO TRATO INTESTINAL 
2026-07-27 16:46:41;500769;SAO GABRIEL DO OESTE;2591359;UNIDADE DE SAUDE DA FAMILIA V;500769;SAO GABRIEL DO OESTE;1;1;2026-07-08 15:05:53;1700012;COLONOSCOPIA;;;0209010029;COLONOSCOPIA (COLOSCOPIA);MARIA JOSE DE ARRUDA BARBOSA;1955-05-09;SEBASTIANA FLORENTINA DE ARRUDA;704701790534330;20054696100;FEMININO;677928537;4;143;31;477;9;Z121;EXAME ESPECIAL DE RASTREAMENTO DE NEOPLASIA DO TRATO INTESTINAL 
2026-07-27 16:46:41;500769;SAO GABRIEL DO OESTE;3400964;UNIDADE DE SAUDE DA FAMILIA RURAL VII;500769;SAO GABRIEL DO OESTE;1;1;2026-07-06 14:38:10;1700012;COLONOSCOPIA;;;0209010029;COLONOSCOPIA (COLOSCOPIA);WANDERLEY GONCALVES DA SILVEIRA MONTEIRO;1986-08-11;MAURICIA GONCALVES DA SILVA SILVEIRA;702009376769385;01308687109;MASCULINO;677346054;4;142;31;473;9;Z110;EXAME ESPECIAL DE RASTREAMENTO DE DOENCAS INFECCIOSAS INTESTINAIS 
2026-07-27 16:46:41;500769;SAO GABRIEL DO OESTE;6354265;CENTRAL DE REGULACAO DE SAO GABRIEL DO OESTE;500769;SAO GABRIEL DO OESTE;1;1;2026-07-03 16:46:29;1700012;COLONOSCOPIA;;;0209010029;COLONOSCOPIA (COLOSCOPIA);LUCINEIA DE SOUZA OLIVEIRA;1985-09-18;MARIA APARECIDA DE SOUZA OLIVEIRA;700503314020554;01029031150;FEMININO;677093858;4;141;31;470;9;K59;OUTROS TRANSTORNOS FUNCIONAIS DO INTESTINO
2026-07-27 16:46:41;500769;SAO GABRIEL DO OESTE;6354265;CENTRAL DE REGULACAO DE SAO GABRIEL DO OESTE;500769;SAO GABRIEL DO OESTE;1;1;2026-07-02 15:29:56;1700012;COLONOSCOPIA;;;0209010029;COLONOSCOPIA (COLOSCOPIA);PEDRO JESUS DA SILVA;1949-10-09;MARIA TEREZA DE JESUS;702801635209068;29398932172;MASCULINO;676824945;4;140;31;467;9;K575;DOENCA DIVERTICULAR CONCOMITANTE DOS INTESTINOS DELGADO E GROSSO SEM PERFURACAO OU ABSCESSO 
2026-07-27 16:46:41;500769;SAO GABRIEL DO OESTE;7333218;UNIDADE DE SAUDE DA FAMILIA X;500769;SAO GABRIEL DO OESTE;1;1;2026-07-01 15:36:37;1700012;COLONOSCOPIA;;;0209010029;COLONOSCOPIA (COLOSCOPIA);LAUDICEIA DE JESUS FERREIRA;1976-07-14;OPHELIA FERREIRA;700500580320855;01997534908;FEMININO;676566532;4;139;31;463;9;Z121;EXAME ESPECIAL DE RASTREAMENTO DE NEOPLASIA DO TRATO INTESTINAL 
2026-07-27 16:46:41;500769;SAO GABRIEL DO OESTE;7333218;UNIDADE DE SAUDE DA FAMILIA X;500769;SAO GABRIEL DO OESTE;1;1;2026-07-01 15:33:28;1700012;COLONOSCOPIA;;;0209010029;COLONOSCOPIA (COLOSCOPIA);JHONATAN FERREIRA DA SILVA;2001-12-30;LAUDICEIA DE JESUS FERREIRA;702506726119840;07240369110;MASCULINO;676564995;4;138;31;460;9;Z121;EXAME ESPECIAL DE RASTREAMENTO DE NEOPLASIA DO TRATO INTESTINAL 
2026-07-27 16:46:41;500769;SAO GABRIEL DO OESTE;6354265;CENTRAL DE REGULACAO DE SAO GABRIEL DO OESTE;500769;SAO GABRIEL DO OESTE;1;1;2026-06-30 10:21:57;1700012;COLONOSCOPIA;;;0209010029;COLONOSCOPIA (COLOSCOPIA);JOSIANE FRANCISCA PEREIRA;1996-09-16;MARIA SUELY PEREIRA DE OLIVEIRA;700107980655110;07178112123;FEMININO;676132135;4;137;31;457;9;R10;DOR ABDOMINAL E PELVICA
2026-07-27 16:46:41;500769;SAO GABRIEL DO OESTE;6354265;CENTRAL DE REGULACAO DE SAO GABRIEL DO OESTE;500769;SAO GABRIEL DO OESTE;1;1;2026-06-26 16:06:30;1700012;COLONOSCOPIA;;;0209010029;COLONOSCOPIA (COLOSCOPIA);JOSE FERREIRA DE SOUSA;1957-06-18;ANA FERREIRA DE SOUSA;706500325496691;22948104300;MASCULINO;675830811;4;136;31;453;9;Z121;EXAME ESPECIAL DE RASTREAMENTO DE NEOPLASIA DO TRATO INTESTINAL 
2026-07-27 16:46:41;500769;SAO GABRIEL DO OESTE;7333218;UNIDADE DE SAUDE DA FAMILIA X;500769;SAO GABRIEL DO OESTE;1;1;2026-06-24 16:27:10;1700012;COLONOSCOPIA;;;0209010029;COLONOSCOPIA (COLOSCOPIA);ELIZETE DA SILVA OLIVEIRA DA SILVA;1980-08-09;ADELIA DA SILVA OLIVEIRA;704709756663333;96944650100;FEMININO;675340018;4;135;31;450;9;K590;CONSTIPACAO 
2026-07-27 16:46:41;500769;SAO GABRIEL DO OESTE;6354265;CENTRAL DE REGULACAO DE SAO GABRIEL DO OESTE;500769;SAO GABRIEL DO OESTE;1;1;2026-06-24 08:41:01;1700012;COLONOSCOPIA;;;0209010029;COLONOSCOPIA (COLOSCOPIA);JOSE ROBERTO ROLIM;1974-09-18;DOLORES LEMES ROLIM;701802216348576;59573430134;MASCULINO;675173928;4;134;31;447;9;N94;DOR E OUTRAS AFECCOES ASSOCIADAS COM OS ORGAOS GENITAIS FEMININOS E COM O CICLO MENSTRUAL
2026-07-27 16:46:41;500769;SAO GABRIEL DO OESTE;6354265;CENTRAL DE REGULACAO DE SAO GABRIEL DO OESTE;500769;SAO GABRIEL DO OESTE;1;1;2026-06-23 14:37:30;1700012;COLONOSCOPIA;;;0209010029;COLONOSCOPIA (COLOSCOPIA);RUBENS PEREIRA DOS SANTOS;1972-09-18;LORETA PEREIRA;700705927888680;76758010163;MASCULINO;675075610;4;133;31;443;9;Z121;EXAME ESPECIAL DE RASTREAMENTO DE NEOPLASIA DO TRATO INTESTINAL 
2026-07-27 16:46:41;500769;SAO GABRIEL DO OESTE;6354265;CENTRAL DE REGULACAO DE SAO GABRIEL DO OESTE;500769;SAO GABRIEL DO OESTE;1;1;2026-06-19 15:00:32;1700012;COLONOSCOPIA;;;0209010029;COLONOSCOPIA (COLOSCOPIA);MARIA APARECIDA ANDRADE DA CUNHA DE MENEZES;1966-01-08;JORDINA ANDRADE DA CUNHA;704302539284692;82019630168;FEMININO;674559895;4;132;31;440;9;Z121;EXAME ESPECIAL DE RASTREAMENTO DE NEOPLASIA DO TRATO INTESTINAL 
2026-07-27 16:46:41;500769;SAO GABRIEL DO OESTE;6354265;CENTRAL DE REGULACAO DE SAO GABRIEL DO OESTE;500769;SAO GABRIEL DO OESTE;1;1;2026-06-18 08:16:21;1700012;COLONOSCOPIA;;;0209010029;COLONOSCOPIA (COLOSCOPIA);EDNA LUIZA DE PAULA SILVA;1965-06-04;LOURDES MARIA DO NASCIMENTO;700803491207182;60913274100;FEMININO;674129256;4;131;31;437;9;K922;HEMORRAGIA GASTROINTESTINAL, SEM OUTRA ESPECIFICACAO 
2026-07-27 16:46:41;500769;SAO GABRIEL DO OESTE;3400964;UNIDADE DE SAUDE DA FAMILIA RURAL VII;500769;SAO GABRIEL DO OESTE;1;1;2026-06-17 15:13:14;1700012;COLONOSCOPIA;;;0209010029;COLONOSCOPIA (COLOSCOPIA);GABRIEL DOS SANTOS DOMINGUES;1999-08-19;ANGELA RODRIGUES DOS SANTOS DE SOUZA;706507327989497;08254111146;MASCULINO;674060007;4;130;31;433;9;K625;HEMORRAGIA DO ANUS E DO RETO 
2026-07-27 16:46:41;500769;SAO GABRIEL DO OESTE;6354265;CENTRAL DE REGULACAO DE SAO GABRIEL DO OESTE;500769;SAO GABRIEL DO OESTE;1;1;2026-06-16 17:47:23;1700012;COLONOSCOPIA;;;0209010029;COLONOSCOPIA (COLOSCOPIA);LUIZ FERNANDO VIEIRA DA SILVA;2004-02-29;SIMONE VIEIRA DOS SANTOS;700005708370801;09562219127;MASCULINO;673833989;4;129;31;430;9;K922;HEMORRAGIA GASTROINTESTINAL, SEM OUTRA ESPECIFICACAO 
2026-07-27 16:46:41;500769;SAO GABRIEL DO OESTE;6354265;CENTRAL DE REGULACAO DE SAO GABRIEL DO OESTE;500769;SAO GABRIEL DO OESTE;1;1;2026-06-16 14:14:42;1700012;COLONOSCOPIA;;;0209010029;COLONOSCOPIA (COLOSCOPIA);ANTONIA CLEIDE MARCAL DE OLIVEIRA;1964-02-09;DAMIANA MARIA DA CONCEICAO;700903919478297;57907447372;FEMININO;673749901;4;128;31;427;9;R634;PERDA DE PESO ANORMAL 
2026-07-27 16:46:41;500769;SAO GABRIEL DO OESTE;7002084;UNIDADE DE SAUDE DA FAMILIA IX;500769;SAO GABRIEL DO OESTE;1;1;2026-06-16 10:39:14;1700012;COLONOSCOPIA;;;0209010029;COLONOSCOPIA (COLOSCOPIA);ADALGISA MARIA ALMEIDA DA SILVA;1979-02-17;NEUZA DE ALMEIDA;706005882699049;98436007115;FEMININO;673661372;4;127;31;423;9;Z000;EXAME MEDICO GERAL 
2026-07-27 16:46:41;500769;SAO GABRIEL DO OESTE;6354265;CENTRAL DE REGULACAO DE SAO GABRIEL DO OESTE;500769;SAO GABRIEL DO OESTE;1;1;2026-06-16 09:05:03;1700012;COLONOSCOPIA;;;0209010029;COLONOSCOPIA (COLOSCOPIA);JOSE ALBINO PREVIATTI;1961-10-23;IRIS SCHWALBERT PREVIATTI;708005383488529;54615275900;MASCULINO;673602019;4;126;31;420;9;K63;OUTRAS DOENCAS DO INTESTINO
2026-07-27 16:46:41;500769;SAO GABRIEL DO OESTE;7333218;UNIDADE DE SAUDE DA FAMILIA X;500769;SAO GABRIEL DO OESTE;1;1;2026-06-15 10:51:39;1700012;COLONOSCOPIA;;;0209010029;COLONOSCOPIA (COLOSCOPIA);FREDOLINO ROLIM;1955-04-19;MARIA DOS ANJOS ROLIM;700008625700602;20320841120;MASCULINO;673381983;4;125;31;417;9;K51;COLITE ULCERATIVA
2026-07-27 16:46:41;500769;SAO GABRIEL DO OESTE;8176132;CASA ROSA;500769;SAO GABRIEL DO OESTE;1;1;2026-06-10 15:08:26;1700012;COLONOSCOPIA;;;0209010029;COLONOSCOPIA (COLOSCOPIA);LUCIENE DA SILVA MARTINS PANIAGO;1991-10-06;FRANCISCA MARIA DA SILVA MARTINS;706004380825241;05134688117;FEMININO;672672905;4;124;31;413;9;Z121;EXAME ESPECIAL DE RASTREAMENTO DE NEOPLASIA DO TRATO INTESTINAL 
2026-07-27 16:46:41;500769;SAO GABRIEL DO OESTE;6354265;CENTRAL DE REGULACAO DE SAO GABRIEL DO OESTE;500769;SAO GABRIEL DO OESTE;1;1;2026-06-08 16:23:44;1700012;COLONOSCOPIA;;;0209010029;COLONOSCOPIA (COLOSCOPIA);ELIANNE MARCAL DE OLIVEIRA SOUSA;1997-04-25;ANTONIA CLEIDE DA CONCEICAO;700001475140007;06059374352;FEMININO;672125225;4;123;31;410;9;K591;DIARREIA FUNCIONAL 
2026-07-27 16:46:41;500769;SAO GABRIEL DO OESTE;2370972;UNIDADE DE SAUDE DA FAMILIA MILANE II;500769;SAO GABRIEL DO OESTE;1;1;2026-06-08 16:20:58;1700012;COLONOSCOPIA;;;0209010029;COLONOSCOPIA (COLOSCOPIA);ANA KELLY DE SOUSA SILVA IBIAPINA;1991-05-08;ANA KATIA DE SOUSA SILVA;706302796203574;60410681369;FEMININO;672124054;4;122;31;407;9;D25;LEIOMIOMA DO UTERO
2026-07-27 16:46:41;500769;SAO GABRIEL DO OESTE;7333218;UNIDADE DE SAUDE DA FAMILIA X;500769;SAO GABRIEL DO OESTE;1;1;2026-06-03 15:48:09;1700012;COLONOSCOPIA;;;0209010029;COLONOSCOPIA (COLOSCOPIA);OTAVIO GOMES MAMEDIO;1969-07-24;MARIA DO CARMO DA SILVA;703005860145577;77379179187;MASCULINO;671684220;4;121;31;403;9;Z121;EXAME ESPECIAL DE RASTREAMENTO DE NEOPLASIA DO TRATO INTESTINAL 
2026-07-27 16:46:41;500769;SAO GABRIEL DO OESTE;6354265;CENTRAL DE REGULACAO DE SAO GABRIEL DO OESTE;500769;SAO GABRIEL DO OESTE;1;1;2026-06-03 08:02:40;1700012;COLONOSCOPIA;;;0209010029;COLONOSCOPIA (COLOSCOPIA);FATIMA APARECIDA FRANCISCO DE SOUZA;1967-09-21;OLIMPIA BARBOSA MIGUEL;707604245912592;42150426153;FEMININO;671464148;4;120;31;400;9;Z121;EXAME ESPECIAL DE RASTREAMENTO DE NEOPLASIA DO TRATO INTESTINAL 
2026-07-27 16:46:41;500769;SAO GABRIEL DO OESTE;6354265;CENTRAL DE REGULACAO DE SAO GABRIEL DO OESTE;500769;SAO GABRIEL DO OESTE;1;1;2026-05-21 16:58:17;1700012;COLONOSCOPIA;;;0209010029;COLONOSCOPIA (COLOSCOPIA);INES LIBERA REBECHI;1962-08-07;MARGARIDA COSTA PRIGOL;702806690143167;02084151902;FEMININO;669100400;4;119;31;397;9;K635;POLIPO DE COLON 
2026-07-27 16:46:41;500769;SAO GABRIEL DO OESTE;6354265;CENTRAL DE REGULACAO DE SAO GABRIEL DO OESTE;500769;SAO GABRIEL DO OESTE;1;1;2026-05-20 17:40:46;1700012;COLONOSCOPIA;;;0209010029;COLONOSCOPIA (COLOSCOPIA);TANIA CHAVES DA SILVA;1981-07-05;AURORA CHAVES PEREIRA DA SILVA;700003241414803;03065651106;FEMININO;668839304;4;118;31;393;9;R194;ALTERACAO DO HABITO INTESTINAL 
2026-07-27 16:46:41;500769;SAO GABRIEL DO OESTE;6354265;CENTRAL DE REGULACAO DE SAO GABRIEL DO OESTE;500769;SAO GABRIEL DO OESTE;1;1;2026-05-20 15:35:35;1700012;COLONOSCOPIA;;;0209010029;COLONOSCOPIA (COLOSCOPIA);SOLANGE DE PAULA KUHN;1966-09-03;IZABEL DE PAULA;708405706809263;36856401191;FEMININO;668799506;4;117;31;390;9;I84;HEMORROIDAS
2026-07-27 16:46:41;500769;SAO GABRIEL DO OESTE;6354265;CENTRAL DE REGULACAO DE SAO GABRIEL DO OESTE;500769;SAO GABRIEL DO OESTE;1;1;2026-05-20 10:17:55;1700012;COLONOSCOPIA;;;0209010029;COLONOSCOPIA (COLOSCOPIA);SAIONARA FATIMA ASCHI;1979-01-13;ALAIDE RIBOLI ASCHI;702809127140168;81398840149;FEMININO;668661016;4;116;31;387;9;Z800;HISTORIA FAMILIAR DE NEOPLASIA MALIGNA DE ORGAOS DIGESTIVOS 
2026-07-27 16:46:41;500769;SAO GABRIEL DO OESTE;3400964;UNIDADE DE SAUDE DA FAMILIA RURAL VII;500769;SAO GABRIEL DO OESTE;1;1;2026-05-19 11:47:36;1700012;COLONOSCOPIA;;;0209010029;COLONOSCOPIA (COLOSCOPIA);RENATA DIAS SOBRINHO;1992-02-23;ANTONIA PEREIRA DIAS;704000347154260;04315852104;FEMININO;668428330;4;115;31;383;9;Z121;EXAME ESPECIAL DE RASTREAMENTO DE NEOPLASIA DO TRATO INTESTINAL 
2026-07-27 16:46:41;500769;SAO GABRIEL DO OESTE;3400964;UNIDADE DE SAUDE DA FAMILIA RURAL VII;500769;SAO GABRIEL DO OESTE;1;1;2026-05-19 10:00:34;1700012;COLONOSCOPIA;;;0209010029;COLONOSCOPIA (COLOSCOPIA);EVA VILMA DOS SANTOS;1985-11-11;GECEDIR TEIXEIRA DA ROSA;700603967587869;03477784103;FEMININO;668361216;4;114;31;380;9;Z121;EXAME ESPECIAL DE RASTREAMENTO DE NEOPLASIA DO TRATO INTESTINAL 
2026-07-27 16:46:41;500769;SAO GABRIEL DO OESTE;6354265;CENTRAL DE REGULACAO DE SAO GABRIEL DO OESTE;500769;SAO GABRIEL DO OESTE;1;1;2026-05-18 17:17:02;1700012;COLONOSCOPIA;;;0209010029;COLONOSCOPIA (COLOSCOPIA);MARIA CAMPOS DA SILVA;1943-04-28;ROSA FERREIRA CAMPOS;708007302832625;35643030144;FEMININO;668263415;4;113;31;377;9;Z121;EXAME ESPECIAL DE RASTREAMENTO DE NEOPLASIA DO TRATO INTESTINAL 
2026-07-27 16:46:41;500769;SAO GABRIEL DO OESTE;2370999;UNIDADE DE SAUDE DA FAMILIA FENIX IV;500769;SAO GABRIEL DO OESTE;1;1;2026-05-15 11:35:07;1700012;COLONOSCOPIA;;;0209010029;COLONOSCOPIA (COLOSCOPIA);MARTA GONCALOS AZEVEDO;1973-07-11;EVA GONCALOS;708002303812720;60945176104;FEMININO;667851697;4;112;31;373;9;R15;INCONTINENCIA FECAL 
2026-07-27 16:46:41;500769;SAO GABRIEL DO OESTE;6452116;CENTRO DE ESPECIALIDADES MEDICAS;500769;SAO GABRIEL DO OESTE;1;1;2026-05-14 10:43:06;1700012;COLONOSCOPIA;;;0209010029;COLONOSCOPIA (COLOSCOPIA);SABRINA DE SOUZA ARGUELHO;2011-09-05;GREICE KELY DE SOUZA;708502389616874;10597320179;FEMININO;667571152;4;111;31;370;9;Z00;EXAME GERAL E INVESTIGACAO DE PESSOAS SEM QUEIXAS OU DIAGNOSTICO RELATADO
2026-07-27 16:46:41;500769;SAO GABRIEL DO OESTE;2370972;UNIDADE DE SAUDE DA FAMILIA MILANE II;500769;SAO GABRIEL DO OESTE;1;1;2026-05-08 09:04:32;1700012;COLONOSCOPIA;;;0209010029;COLONOSCOPIA (COLOSCOPIA);LUIZ DA SILVA BRAGA;1960-05-31;JOAQUINA DE JESUS SILVA BRAGA;705008680413157;36791687134;MASCULINO;666414416;4;110;31;367;9;Z121;EXAME ESPECIAL DE RASTREAMENTO DE NEOPLASIA DO TRATO INTESTINAL 
2026-07-27 16:46:41;500769;SAO GABRIEL DO OESTE;6354265;CENTRAL DE REGULACAO DE SAO GABRIEL DO OESTE;500769;SAO GABRIEL DO OESTE;1;1;2026-05-08 07:57:40;1700012;COLONOSCOPIA;;;0209010029;COLONOSCOPIA (COLOSCOPIA);DIONICE SANTOS BOMFIM DA SILVA;1977-04-07;MARIA DOMINGAS BATISTA DOS SANTOS;701104360857480;01965826520;FEMININO;666387500;4;109;31;363;9;R190;MASSA, TUMORACAO OU TUMEFACAO INTRA-ABDOMINAL E PELVICA 
2026-07-27 16:46:41;500769;SAO GABRIEL DO OESTE;7002084;UNIDADE DE SAUDE DA FAMILIA IX;500769;SAO GABRIEL DO OESTE;1;1;2026-05-07 23:09:21;1700012;COLONOSCOPIA;;;0209010029;COLONOSCOPIA (COLOSCOPIA);MARIA DA GLORIA DOS SANTOS;1969-12-23;ROSA MARIA DOS SANTOS;701202023821410;50637517504;FEMININO;666375803;4;108;31;360;9;K57;DOENCA DIVERTICULAR DO INTESTINO
2026-07-27 16:46:41;500769;SAO GABRIEL DO OESTE;6354265;CENTRAL DE REGULACAO DE SAO GABRIEL DO OESTE;500769;SAO GABRIEL DO OESTE;1;1;2026-05-06 10:55:15;1700012;COLONOSCOPIA;;;0209010029;COLONOSCOPIA (COLOSCOPIA);ANA PAULA SOUZA DA SILVA MAGALHAES;1995-11-04;CIRCA APARECIDA DA SILVA SOUZA;706203579815662;04638124178;FEMININO;665931913;4;107;31;357;9;Z123;EXAME ESPECIAL DE RASTREAMENTO DE NEOPLASIA DE MAMA 
2026-07-27 16:46:41;500769;SAO GABRIEL DO OESTE;6354265;CENTRAL DE REGULACAO DE SAO GABRIEL DO OESTE;500769;SAO GABRIEL DO OESTE;1;1;2026-05-06 10:24:07;1700012;COLONOSCOPIA;;;0209010029;COLONOSCOPIA (COLOSCOPIA);KELY REGINA LOPES RODRIGUES;1982-02-23;MARIA CARVALHO DE SOUZA;704807064966441;00372527124;FEMININO;665911601;4;106;31;353;9;K635;POLIPO DE COLON 
2026-07-27 16:46:41;500769;SAO GABRIEL DO OESTE;2591359;UNIDADE DE SAUDE DA FAMILIA V;500769;SAO GABRIEL DO OESTE;1;1;2026-05-06 10:02:08;1700012;COLONOSCOPIA;;;0209010029;COLONOSCOPIA (COLOSCOPIA);ANTONIA DE FATIMA DA VITORIA VIEIRA;1960-04-25;SEBASTIANA BARBOSA VITORIA;701006852430394;61537632191;FEMININO;665897405;4;105;31;350;9;Z12;EXAME ESPECIAL DE RASTREAMENTO ("SCREENING") DE NEOPLASIAS
2026-07-27 16:46:41;500769;SAO GABRIEL DO OESTE;6354265;CENTRAL DE REGULACAO DE SAO GABRIEL DO OESTE;500769;SAO GABRIEL DO OESTE;1;1;2026-05-06 09:17:48;1700012;COLONOSCOPIA;;;0209010029;COLONOSCOPIA (COLOSCOPIA);MARIA APARECIDA GONCALVES DA SILVA AMARAL;1961-08-09;NUMERALDA GONCALVES DA SILVA;706000805591447;51129248100;FEMININO;665868925;4;104;31;347;9;R10;DOR ABDOMINAL E PELVICA
2026-07-27 16:46:41;500769;SAO GABRIEL DO OESTE;6354265;CENTRAL DE REGULACAO DE SAO GABRIEL DO OESTE;500769;SAO GABRIEL DO OESTE;1;1;2026-05-06 09:10:55;1700012;COLONOSCOPIA;;;0209010029;COLONOSCOPIA (COLOSCOPIA);LAZARA PEREIRA GOES;1992-02-23;ELIZETE PEREIRA GOES;702808142860167;04977118189;FEMININO;665864796;4;103;31;343;9;D649;ANEMIA NAO ESPECIFICADA 
2026-07-27 16:46:41;500769;SAO GABRIEL DO OESTE;6354265;CENTRAL DE REGULACAO DE SAO GABRIEL DO OESTE;500769;SAO GABRIEL DO OESTE;1;1;2026-05-06 09:03:22;1700012;COLONOSCOPIA;;;0209010029;COLONOSCOPIA (COLOSCOPIA);ANTONIO DE OLIVEIRA VIEIRA;1982-07-26;ELZA DE OLIVEIRA;704808098562948;95646108187;MASCULINO;665860394;4;102;31;340;9;K21;DOENCA DE REFLUXO GASTROESOFAGICO
2026-07-27 16:46:41;500769;SAO GABRIEL DO OESTE;6354265;CENTRAL DE REGULACAO DE SAO GABRIEL DO OESTE;500769;SAO GABRIEL DO OESTE;1;1;2026-05-06 08:55:57;1700012;COLONOSCOPIA;;;0209010029;COLONOSCOPIA (COLOSCOPIA);ANA NISA DA SILVA;1946-10-21;GERALDA LUSIA DA ROCHA;700803984561382;29480679876;FEMININO;665856027;4;101;31;337;9;K92;OUTRAS DOENCAS DO APARELHO DIGESTIVO
2026-07-27 16:46:41;500769;SAO GABRIEL DO OESTE;6354265;CENTRAL DE REGULACAO DE SAO GABRIEL DO OESTE;500769;SAO GABRIEL DO OESTE;1;1;2026-05-06 08:26:16;1700012;COLONOSCOPIA;;;0209010029;COLONOSCOPIA (COLOSCOPIA);VANESSA ZATTA;1980-08-07;MARIA IRACEMA ZATTA;700503181429759;03370427990;FEMININO;665839977;4;100;31;333;9;Z121;EXAME ESPECIAL DE RASTREAMENTO DE NEOPLASIA DO TRATO INTESTINAL 
2026-07-27 16:46:41;500769;SAO GABRIEL DO OESTE;6354265;CENTRAL DE REGULACAO DE SAO GABRIEL DO OESTE;500769;SAO GABRIEL DO OESTE;1;1;2026-05-05 11:54:59;1700012;COLONOSCOPIA;;;0209010029;COLONOSCOPIA (COLOSCOPIA);MARIETA DAMM TONETTO;1948-07-14;LEONTINA LOPES DAMM;700006416852300;36737429149;FEMININO;665667425;4;99;31;330;9;K590;CONSTIPACAO 
2026-07-27 16:46:41;500769;SAO GABRIEL DO OESTE;6354265;CENTRAL DE REGULACAO DE SAO GABRIEL DO OESTE;500769;SAO GABRIEL DO OESTE;1;1;2026-05-05 11:52:20;1700012;COLONOSCOPIA;;;0209010029;COLONOSCOPIA (COLOSCOPIA);ELSA DINIZ PAZ;1948-02-05;PEDROLINA DINIZ;702609763092448;95668578100;FEMININO;665666224;4;98;31;327;9;R10;DOR ABDOMINAL E PELVICA
2026-07-27 16:46:41;500769;SAO GABRIEL DO OESTE;6354265;CENTRAL DE REGULACAO DE SAO GABRIEL DO OESTE;500769;SAO GABRIEL DO OESTE;1;1;2026-05-05 11:41:30;1700012;COLONOSCOPIA;;;0209010029;COLONOSCOPIA (COLOSCOPIA);MARIA TEREZINHA SOUSA DA SILVA;1980-11-03;FATIMA SOUSA DA SILVA;703201660569998;00411204181;FEMININO;665660841;4;97;31;323;9;Z12;EXAME ESPECIAL DE RASTREAMENTO ("SCREENING") DE NEOPLASIAS
2026-07-27 16:46:41;500769;SAO GABRIEL DO OESTE;6354265;CENTRAL DE REGULACAO DE SAO GABRIEL DO OESTE;500769;SAO GABRIEL DO OESTE;1;1;2026-05-05 11:30:59;1700012;COLONOSCOPIA;;;0209010029;COLONOSCOPIA (COLOSCOPIA);GENIR MEURER;1965-11-21;ITALVINA NERVIS MEURER;700804916342787;57370982904;MASCULINO;665655117;4;96;31;320;9;R10;DOR ABDOMINAL E PELVICA
2026-07-27 16:46:41;500769;SAO GABRIEL DO OESTE;6354265;CENTRAL DE REGULACAO DE SAO GABRIEL DO OESTE;500769;SAO GABRIEL DO OESTE;1;1;2026-05-05 11:16:11;1700012;COLONOSCOPIA;;;0209010029;COLONOSCOPIA (COLOSCOPIA);MARIA SEBASTIANA DOS SANTOS;1940-11-24;VALDOMIRA DOS SANTOS;703103822607760;69077738991;FEMININO;665646413;4;95;31;317;9;D500;ANEMIA POR DEFICIENCIA DE FERRO SECUNDARIA A PERDA DE SANGUE (CRONICA) 
2026-07-27 16:46:41;500769;SAO GABRIEL DO OESTE;6354265;CENTRAL DE REGULACAO DE SAO GABRIEL DO OESTE;500769;SAO GABRIEL DO OESTE;1;1;2026-05-05 10:55:05;1700012;COLONOSCOPIA;;;0209010029;COLONOSCOPIA (COLOSCOPIA);MARIA ONEIDE DOS SANTOS BRANDAO;1950-05-25;FRANCISCA CARLOS DOS SANTOS;704204704781882;34571264100;FEMININO;665633054;4;94;31;313;9;D50;ANEMIA POR DEFICIENCIA DE FERRO
2026-07-27 16:46:41;500769;SAO GABRIEL DO OESTE;6354265;CENTRAL DE REGULACAO DE SAO GABRIEL DO OESTE;500769;SAO GABRIEL DO OESTE;1;1;2026-05-05 10:52:39;1700012;COLONOSCOPIA;;;0209010029;COLONOSCOPIA (COLOSCOPIA);ALTAIR BELCHIOR DA SILVA;1974-05-07;GUIOMAR BELCHIOR DA SILVA;700004314400905;63805421168;MASCULINO;665631398;4;93;31;310;9;Z121;EXAME ESPECIAL DE RASTREAMENTO DE NEOPLASIA DO TRATO INTESTINAL 
2026-07-27 16:46:41;500769;SAO GABRIEL DO OESTE;6354265;CENTRAL DE REGULACAO DE SAO GABRIEL DO OESTE;500769;SAO GABRIEL DO OESTE;1;1;2026-05-05 10:17:26;1700012;COLONOSCOPIA;;;0209010029;COLONOSCOPIA (COLOSCOPIA);EPAMINONDAS GARCIA DE MENDONCA;1928-11-05;MARIANA LUCIANA DE MENDONCA;700408974132045;03078973115;MASCULINO;665607176;4;92;31;307;9;Z129;EXAME ESPECIAL DE RASTREAMENTO DE NEOPLASIA NAO ESPECIFICADA 
2026-07-27 16:46:41;500769;SAO GABRIEL DO OESTE;6354265;CENTRAL DE REGULACAO DE SAO GABRIEL DO OESTE;500769;SAO GABRIEL DO OESTE;1;1;2026-05-05 10:11:00;1700012;COLONOSCOPIA;;;0209010029;COLONOSCOPIA (COLOSCOPIA);MARIA SUELI BISPO DA SILVA;1967-04-02;MARIA ANACLETA DE SOUZA;703009864123873;46485880100;FEMININO;665602675;4;91;31;303;9;A09;DIARREIA E GASTROENTERITE DE ORIGEM INFECCIOSA PRESUMIVEL 
2026-07-27 16:46:41;500769;SAO GABRIEL DO OESTE;6354265;CENTRAL DE REGULACAO DE SAO GABRIEL DO OESTE;500769;SAO GABRIEL DO OESTE;1;1;2026-05-05 09:53:13;1700012;COLONOSCOPIA;;;0209010029;COLONOSCOPIA (COLOSCOPIA);MARTA ANDRADE BARBOSA SERPA;1965-01-17;LIBERALINA ANDRADE BARBOSA;704806048758243;33772673104;FEMININO;665590418;4;90;31;300;9;K590;CONSTIPACAO 
2026-07-27 16:46:41;500769;SAO GABRIEL DO OESTE;6354265;CENTRAL DE REGULACAO DE SAO GABRIEL DO OESTE;500769;SAO GABRIEL DO OESTE;1;1;2026-05-05 09:45:36;1700012;COLONOSCOPIA;;;0209010029;COLONOSCOPIA (COLOSCOPIA);MAURICIO FABIANO GONCALVES MARQUES;1994-11-03;MARINA GONCALVES;704805577220149;03668077142;MASCULINO;665585334;4;89;31;297;9;K29;GASTRITE E DUODENITE
2026-07-27 16:46:41;500769;SAO GABRIEL DO OESTE;6354265;CENTRAL DE REGULACAO DE SAO GABRIEL DO OESTE;500769;SAO GABRIEL DO OESTE;1;1;2026-05-05 09:40:28;1700012;COLONOSCOPIA;;;0209010029;COLONOSCOPIA (COLOSCOPIA);ALICE RODRIGUES INACIO;1951-12-08;THEONILIA RODRIGUES DE ALMEIDA;705006645992950;32198221187;FEMININO;665581882;4;88;31;293;9;D509;ANEMIA POR DEFICIENCIA DE FERRO NAO ESPECIFICADA 
2026-07-27 16:46:41;500769;SAO GABRIEL DO OESTE;6354265;CENTRAL DE REGULACAO DE SAO GABRIEL DO OESTE;500769;SAO GABRIEL DO OESTE;1;1;2026-05-05 09:18:50;1700012;COLONOSCOPIA;;;0209010029;COLONOSCOPIA (COLOSCOPIA);VALDREIA APARECIDA NEVES;1982-04-18;EVANI VASCO;708607052539181;97653527191;FEMININO;665567839;4;87;31;290;9;K59;OUTROS TRANSTORNOS FUNCIONAIS DO INTESTINO
2026-07-27 16:46:41;500769;SAO GABRIEL DO OESTE;6354265;CENTRAL DE REGULACAO DE SAO GABRIEL DO OESTE;500769;SAO GABRIEL DO OESTE;1;1;2026-05-05 09:14:38;1700012;COLONOSCOPIA;;;0209010029;COLONOSCOPIA (COLOSCOPIA);VANDERLEI PEREIRA PITALUGA;1966-06-16;NAIR PEREIRA PITALUGA;705406441187398;40807207187;MASCULINO;665565138;4;86;31;287;9;Z121;EXAME ESPECIAL DE RASTREAMENTO DE NEOPLASIA DO TRATO INTESTINAL 
2026-07-27 16:46:41;500769;SAO GABRIEL DO OESTE;6354265;CENTRAL DE REGULACAO DE SAO GABRIEL DO OESTE;500769;SAO GABRIEL DO OESTE;1;1;2026-05-05 09:12:44;1700012;COLONOSCOPIA;;;0209010029;COLONOSCOPIA (COLOSCOPIA);VALDIRA ALECRIM DA SILVA;1968-05-14;VALDELICE ALECRIM DA SILVA;702307192528615;90408462515;FEMININO;665563943;4;85;31;283;9;Z121;EXAME ESPECIAL DE RASTREAMENTO DE NEOPLASIA DO TRATO INTESTINAL 
2026-07-27 16:46:41;500769;SAO GABRIEL DO OESTE;6354265;CENTRAL DE REGULACAO DE SAO GABRIEL DO OESTE;500769;SAO GABRIEL DO OESTE;1;1;2026-05-05 09:06:05;1700012;COLONOSCOPIA;;;0209010029;COLONOSCOPIA (COLOSCOPIA);ZENIR FREITAS DE SOUZA ALENCAR;1964-09-04;JOZEFA VASCONCELOS DE FREITAS;700805487581581;36547310159;FEMININO;665559885;4;84;31;280;9;Z121;EXAME ESPECIAL DE RASTREAMENTO DE NEOPLASIA DO TRATO INTESTINAL 
2026-07-27 16:46:41;500769;SAO GABRIEL DO OESTE;6354265;CENTRAL DE REGULACAO DE SAO GABRIEL DO OESTE;500769;SAO GABRIEL DO OESTE;1;1;2026-05-05 08:58:13;1700012;COLONOSCOPIA;;;0209010029;COLONOSCOPIA (COLOSCOPIA);SEBASTIAO PRATES PEREIRA;1948-10-24;ALMERINDA PRATES;704208280226082;42096235049;MASCULINO;665555127;4;83;31;277;9;R104;OUTRAS DORES ABDOMINAIS E AS NAO ESPECIFICADAS 
2026-07-27 16:46:41;500769;SAO GABRIEL DO OESTE;6354265;CENTRAL DE REGULACAO DE SAO GABRIEL DO OESTE;500769;SAO GABRIEL DO OESTE;1;1;2026-05-05 08:56:18;1700012;COLONOSCOPIA;;;0209010029;COLONOSCOPIA (COLOSCOPIA);SEVERINO DA CONCEICAO;1951-05-01;HOSANA MARIA DA CONCEICAO;702400593616321;02736764153;MASCULINO;665553953;4;82;31;273;9;Z121;EXAME ESPECIAL DE RASTREAMENTO DE NEOPLASIA DO TRATO INTESTINAL 
2026-07-27 16:46:41;500769;SAO GABRIEL DO OESTE;6354265;CENTRAL DE REGULACAO DE SAO GABRIEL DO OESTE;500769;SAO GABRIEL DO OESTE;1;1;2026-07-23 15:52:51;1700012;COLONOSCOPIA;;;0209010029;COLONOSCOPIA (COLOSCOPIA);MARLENE IRATILDE VEZARO DA SILVA;1960-06-25;TERESA GODOIS VEZARO;704801599238543;81720513104;FEMININO;680871152;4;157;31;523;9;Z12;EXAME ESPECIAL DE RASTREAMENTO ("SCREENING") DE NEOPLASIAS
2026-07-27 16:46:41;500769;SAO GABRIEL DO OESTE;6354265;CENTRAL DE REGULACAO DE SAO GABRIEL DO OESTE;500769;SAO GABRIEL DO OESTE;1;1;2026-07-23 14:31:00;1700012;COLONOSCOPIA;;;0209010029;COLONOSCOPIA (COLOSCOPIA);AMAURI DE JESUS CARNEIRO;1978-07-28;MAURA DE JESUS;706400673051382;82234906172;MASCULINO;680834508;4;156;31;520;9;K922;HEMORRAGIA GASTROINTESTINAL, SEM OUTRA ESPECIFICACAO 
2026-07-27 16:46:41;500769;SAO GABRIEL DO OESTE;6354265;CENTRAL DE REGULACAO DE SAO GABRIEL DO OESTE;500769;SAO GABRIEL DO OESTE;1;1;2026-07-20 11:32:01;1700012;COLONOSCOPIA;;;0209010029;COLONOSCOPIA (COLOSCOPIA);WALMIR CONCEICAO CORREA JUNIOR;1988-03-12;LAERCE CANTANHEDE MOREIRA;702000853580384;02996443160;MASCULINO;679960061;4;155;31;517;9;I84;HEMORROIDAS
2026-07-27 16:46:41;500769;SAO GABRIEL DO OESTE;6354265;CENTRAL DE REGULACAO DE SAO GABRIEL DO OESTE;500769;SAO GABRIEL DO OESTE;1;1;2026-07-20 09:32:46;1700012;COLONOSCOPIA;;;0209010029;COLONOSCOPIA (COLOSCOPIA);BRUNO VAZ DE SA;1987-05-28;ELIZABETH DA SILVA VAZ DE SA;706106009798860;01841361135;MASCULINO;679889228;4;154;31;513;9;K922;HEMORRAGIA GASTROINTESTINAL, SEM OUTRA ESPECIFICACAO 
2026-07-27 16:46:41;500769;SAO GABRIEL DO OESTE;2370999;UNIDADE DE SAUDE DA FAMILIA FENIX IV;500769;SAO GABRIEL DO OESTE;1;1;2026-07-15 14:38:48;1700012;COLONOSCOPIA;;;0209010029;COLONOSCOPIA (COLOSCOPIA);NORMA RAMOS DE SOUZA;1970-05-27;MARIA RAMOS DE SOUZA;706903118605737;52933458187;FEMININO;679252551;4;153;31;510;9;R104;OUTRAS DORES ABDOMINAIS E AS NAO ESPECIFICADAS 
2026-07-27 16:46:41;500769;SAO GABRIEL DO OESTE;6354265;CENTRAL DE REGULACAO DE SAO GABRIEL DO OESTE;500769;SAO GABRIEL DO OESTE;1;1;2026-07-15 14:26:44;1700012;COLONOSCOPIA;;;0209010029;COLONOSCOPIA (COLOSCOPIA);LUIS ALBERTO GOMEZ RODRIGUEZ;2002-04-12;YOLITZABETH DEL VALLE RODRIGUEZ LOPEZ;702308570072420;70863801218;MASCULINO;679246519;4;152;31;507;9;K922;HEMORRAGIA GASTROINTESTINAL, SEM OUTRA ESPECIFICACAO 
2026-07-27 16:46:41;500769;SAO GABRIEL DO OESTE;6354265;CENTRAL DE REGULACAO DE SAO GABRIEL DO OESTE;500769;SAO GABRIEL DO OESTE;1;1;2026-07-15 14:10:23;1700012;COLONOSCOPIA;;;0209010029;COLONOSCOPIA (COLOSCOPIA);LUCIAN MICHELA NOGUEIRA SOUZA;1975-01-20;DILCI BLOS NOGUEIRA;704102211610680;63923467168;FEMININO;679239017;4;151;31;503;9;I84;HEMORROIDAS
2026-07-27 16:46:41;500769;SAO GABRIEL DO OESTE;2370972;UNIDADE DE SAUDE DA FAMILIA MILANE II;500769;SAO GABRIEL DO OESTE;1;1;2026-07-15 10:41:31;1700012;COLONOSCOPIA;;;0209010029;COLONOSCOPIA (COLOSCOPIA);GLAUCIANE COIMBRA BARREIROS;1985-03-07;OTILIA COIMBRA BARREIROS;706406694266286;01615906169;FEMININO;679157215;4;150;31;500;9;N80;ENDOMETRIOSE
2026-07-27 16:46:41;500769;SAO GABRIEL DO OESTE;2370999;UNIDADE DE SAUDE DA FAMILIA FENIX IV;500769;SAO GABRIEL DO OESTE;1;1;2026-07-15 09:57:56;1700012;COLONOSCOPIA;;;0209010029;COLONOSCOPIA (COLOSCOPIA);DAIANA OLIVEIRA GONCALVES FUZARO;1989-09-29;CELMA OLIVEIRA GONCALVES;707600256759592;02541241194;FEMININO;679130385;4;149;31;497;9;K511;ILEOCOLITE ULCERATIVA (CRONICA) 
2026-07-27 16:46:41;500769;SAO GABRIEL DO OESTE;5971055;UNIDADE DE SAUDE DA FAMILIA VIII;500769;SAO GABRIEL DO OESTE;1;1;2026-07-14 10:59:11;1700012;COLONOSCOPIA;;;0209010029;COLONOSCOPIA (COLOSCOPIA);SANDRA FORTES;1997-06-10;LOURDES FORTES;705001447907855;05958291122;FEMININO;678889543;4;148;31;493;9;K922;HEMORRAGIA GASTROINTESTINAL, SEM OUTRA ESPECIFICACAO 
2026-07-27 16:46:41;500769;SAO GABRIEL DO OESTE;6354265;CENTRAL DE REGULACAO DE SAO GABRIEL DO OESTE;500769;SAO GABRIEL DO OESTE;1;1;2026-07-13 16:32:13;1700012;COLONOSCOPIA;;;0209010029;COLONOSCOPIA (COLOSCOPIA);MAISA INACIO DA SILVA;1991-05-23;EDINALVA INACIO DA SILVA;709005879511411;03787376194;FEMININO;678746841;4;147;31;490;9;I84;HEMORROIDAS
2026-07-27 16:46:41;500769;SAO GABRIEL DO OESTE;6354265;CENTRAL DE REGULACAO DE SAO GABRIEL DO OESTE;500769;SAO GABRIEL DO OESTE;1;1;2026-07-13 16:09:04;1700012;COLONOSCOPIA;;;0209010029;COLONOSCOPIA (COLOSCOPIA);VANUSA OLIVEIRA VALDEZ;1980-08-17;ELIZA FLORES;706403672568880;02332081194;FEMININO;678737813;4;146;31;487;9;R102;DOR PELVICA E PERINEAL 
2026-07-27 16:46:41;500769;SAO GABRIEL DO OESTE;2370972;UNIDADE DE SAUDE DA FAMILIA MILANE II;500769;SAO GABRIEL DO OESTE;1;1;2026-07-27 08:44:48;1703204;HOLTER 24 HORAS;;;0211020044;MONITORAMENTO PELO SISTEMA HOLTER 24 HS (3 CANAIS);HELENA VIEIRA RIBAS;2018-07-02;MARINETE FRANCISCO VIEIRA RIBAS;702408370105030;09423345158;FEMININO;681191966;4;1;7;1;37;I499;ARRITMIA CARDIACA NAO ESPECIFICADA 
2026-07-27 16:46:41;500769;SAO GABRIEL DO OESTE;6354265;CENTRAL DE REGULACAO DE SAO GABRIEL DO OESTE;500769;SAO GABRIEL DO OESTE;1;1;2026-07-24 16:27:04;1712011;ESPIROMETRIA;;;0211080055;ESPIROMETRIA OU PROVA DE FUNCAO PULMONAR COMPLETA COM BRONCODILATADOR;DIRCE MARTINS DE SOUZA;1947-05-20;RITA FERREIRA MARTINS;702501310228732;00200998196;FEMININO;681108832;4;17;38;26;19;R05;TOSSE 
2026-07-27 16:46:41;500769;SAO GABRIEL DO OESTE;6354265;CENTRAL DE REGULACAO DE SAO GABRIEL DO OESTE;500769;SAO GABRIEL DO OESTE;1;1;2026-07-22 10:55:59;1712011;ESPIROMETRIA;;;0211080055;ESPIROMETRIA OU PROVA DE FUNCAO PULMONAR COMPLETA COM BRONCODILATADOR;LETICIA MARIA STEFANELLO BALZAM;1948-01-01;BALBINA PERUFFO STEFANELLO;705003274821956;51950022153;FEMININO;680492734;4;16;38;25;19;J448;OUTRAS FORMAS ESPECIFICADAS DE DOENCA PULMONAR OBSTRUTIVA CRONICA 
2026-07-27 16:46:41;500769;SAO GABRIEL DO OESTE;6354265;CENTRAL DE REGULACAO DE SAO GABRIEL DO OESTE;500769;SAO GABRIEL DO OESTE;1;1;2026-07-21 15:05:02;1712011;ESPIROMETRIA;;;0211080055;ESPIROMETRIA OU PROVA DE FUNCAO PULMONAR COMPLETA COM BRONCODILATADOR;JOAO NOGALIS ALVARES;1956-10-03;ANTONIA RAIMUNDA ALVARES;708000563606630;06148282879;MASCULINO;680317118;4;15;38;23;19;J448;OUTRAS FORMAS ESPECIFICADAS DE DOENCA PULMONAR OBSTRUTIVA CRONICA 
2026-07-27 16:46:41;500769;SAO GABRIEL DO OESTE;2370972;UNIDADE DE SAUDE DA FAMILIA MILANE II;500769;SAO GABRIEL DO OESTE;1;1;2026-07-21 11:42:14;1712011;ESPIROMETRIA;;;0211080055;ESPIROMETRIA OU PROVA DE FUNCAO PULMONAR COMPLETA COM BRONCODILATADOR;ANTONIO DE OLIVEIRA SOUZA;1952-08-05;IZABEL OLIVEIRA DE SOUZA;703605004307834;25725823172;MASCULINO;680241889;4;14;38;22;19;Z00;EXAME GERAL E INVESTIGACAO DE PESSOAS SEM QUEIXAS OU DIAGNOSTICO RELATADO
2026-07-27 16:46:41;500769;SAO GABRIEL DO OESTE;2370972;UNIDADE DE SAUDE DA FAMILIA MILANE II;500769;SAO GABRIEL DO OESTE;1;1;2026-07-15 17:00:12;1712011;ESPIROMETRIA;;;0211080055;ESPIROMETRIA OU PROVA DE FUNCAO PULMONAR COMPLETA COM BRONCODILATADOR;MIGUEL ARTHUR DOS SANTOS MIRANDA;2015-03-25;ANDRIELEM CRISTINA PEREIRA DOS SANTOS;700401978815647;14147936938;MASCULINO;679311640;4;13;38;20;19;Z000;EXAME MEDICO GERAL 
2026-07-27 16:46:41;500769;SAO GABRIEL DO OESTE;6354265;CENTRAL DE REGULACAO DE SAO GABRIEL DO OESTE;500769;SAO GABRIEL DO OESTE;1;1;2026-07-10 14:45:09;1712011;ESPIROMETRIA;;;0211080055;ESPIROMETRIA OU PROVA DE FUNCAO PULMONAR COMPLETA COM BRONCODILATADOR;CARLOS XIMENES DE OLIVEIRA;1977-02-07;EDIR XIMENES DE OLIVEIRA;708404337925070;03657101136;MASCULINO;678414123;4;12;38;19;19;J449;DOENCA PULMONAR OBSTRUTIVA CRONICA NAO ESPECIFICADA 
2026-07-27 16:46:41;500769;SAO GABRIEL DO OESTE;6354265;CENTRAL DE REGULACAO DE SAO GABRIEL DO OESTE;500769;SAO GABRIEL DO OESTE;1;1;2026-07-10 14:32:09;1712011;ESPIROMETRIA;;;0211080055;ESPIROMETRIA OU PROVA DE FUNCAO PULMONAR COMPLETA COM BRONCODILATADOR;SILMARA DUTRA NERI;1982-10-14;MARIA APARECIDA DUTRA NERI;707605221421395;00850795109;FEMININO;678409138;4;11;38;17;19;J450;ASMA PREDOMINANTEMENTE ALERGICA 
2026-07-27 16:46:41;500769;SAO GABRIEL DO OESTE;6354265;CENTRAL DE REGULACAO DE SAO GABRIEL DO OESTE;500769;SAO GABRIEL DO OESTE;1;1;2026-07-10 10:07:15;1712011;ESPIROMETRIA;;;0211080055;ESPIROMETRIA OU PROVA DE FUNCAO PULMONAR COMPLETA COM BRONCODILATADOR;ARLI VANDERLEI RAMOS;1961-01-31;ANIZIA PEREIRA DE BRITO;700405406640543;32223595120;MASCULINO;678316223;4;10;38;16;19;J449;DOENCA PULMONAR OBSTRUTIVA CRONICA NAO ESPECIFICADA 
2026-07-27 16:46:41;500769;SAO GABRIEL DO OESTE;6354265;CENTRAL DE REGULACAO DE SAO GABRIEL DO OESTE;500769;SAO GABRIEL DO OESTE;1;1;2026-07-08 16:41:46;1712011;ESPIROMETRIA;;;0211080055;ESPIROMETRIA OU PROVA DE FUNCAO PULMONAR COMPLETA COM BRONCODILATADOR;DORALINA DA SILVA FERREIRA;1954-04-04;MARIA MADALENA FERREIRA;702806189925867;56894244120;FEMININO;677969016;4;9;38;14;19;J450;ASMA PREDOMINANTEMENTE ALERGICA 
2026-07-27 16:46:41;500769;SAO GABRIEL DO OESTE;6354265;CENTRAL DE REGULACAO DE SAO GABRIEL DO OESTE;500769;SAO GABRIEL DO OESTE;1;1;2026-07-08 15:19:12;1712011;ESPIROMETRIA;;;0211080055;ESPIROMETRIA OU PROVA DE FUNCAO PULMONAR COMPLETA COM BRONCODILATADOR;EDSON DE OLIVEIRA DE DEUS;1975-10-06;MARIA DE OLIVEIRA DE DEUS;705206457436971;;MASCULINO;677934933;4;8;38;12;19;J448;OUTRAS FORMAS ESPECIFICADAS DE DOENCA PULMONAR OBSTRUTIVA CRONICA 
2026-07-27 16:46:41;500769;SAO GABRIEL DO OESTE;6354265;CENTRAL DE REGULACAO DE SAO GABRIEL DO OESTE;500769;SAO GABRIEL DO OESTE;1;1;2026-07-07 14:12:22;1712011;ESPIROMETRIA;;;0211080055;ESPIROMETRIA OU PROVA DE FUNCAO PULMONAR COMPLETA COM BRONCODILATADOR;JUCELINA MARIA DA SILVA;1956-12-25;CORINA MARIA DA CONCEICAO;700007925180107;00192551108;FEMININO;677620290;4;7;38;11;19;J448;OUTRAS FORMAS ESPECIFICADAS DE DOENCA PULMONAR OBSTRUTIVA CRONICA 
2026-07-27 16:46:41;500769;SAO GABRIEL DO OESTE;6354265;CENTRAL DE REGULACAO DE SAO GABRIEL DO OESTE;500769;SAO GABRIEL DO OESTE;1;1;2026-07-03 11:02:22;1712011;ESPIROMETRIA;;;0211080055;ESPIROMETRIA OU PROVA DE FUNCAO PULMONAR COMPLETA COM BRONCODILATADOR;LUCIMARA RODRIGUES CARDOSO AREND;1980-08-20;HORTENCIA MARION CARDOSO;708607080672788;97646466115;FEMININO;676973094;4;6;38;9;19;J448;OUTRAS FORMAS ESPECIFICADAS DE DOENCA PULMONAR OBSTRUTIVA CRONICA 
2026-07-27 16:46:41;500769;SAO GABRIEL DO OESTE;6452116;CENTRO DE ESPECIALIDADES MEDICAS;500769;SAO GABRIEL DO OESTE;1;1;2026-06-30 16:45:57;1712011;ESPIROMETRIA;;;0211080055;ESPIROMETRIA OU PROVA DE FUNCAO PULMONAR COMPLETA COM BRONCODILATADOR;APARECIDA BERNARDO DA SILVA;1962-09-30;CARLINDA FERREIRA;702603224663540;81732880115;FEMININO;676301265;4;5;38;8;19;J849;DOENCA PULMONAR INTERSTICIAL NAO ESPECIFICADAS 
2026-07-27 16:46:41;500769;SAO GABRIEL DO OESTE;6354265;CENTRAL DE REGULACAO DE SAO GABRIEL DO OESTE;500769;SAO GABRIEL DO OESTE;1;1;2026-06-23 11:55:08;1712011;ESPIROMETRIA;;;0211080055;ESPIROMETRIA OU PROVA DE FUNCAO PULMONAR COMPLETA COM BRONCODILATADOR;JUCILENE DA SILVA;1992-04-23;MARINA DOS SANTOS SILVA;704309503741097;04265117198;FEMININO;675026646;4;4;38;6;19;R942;RESULTADOS ANORMAIS DE ESTUDOS DA FUNCAO PULMONAR 
2026-07-27 16:46:41;500769;SAO GABRIEL DO OESTE;6354265;CENTRAL DE REGULACAO DE SAO GABRIEL DO OESTE;500769;SAO GABRIEL DO OESTE;1;1;2026-06-22 16:38:52;1712011;ESPIROMETRIA;;;0211080055;ESPIROMETRIA OU PROVA DE FUNCAO PULMONAR COMPLETA COM BRONCODILATADOR;MARTA FERREIRA DE SOUZA;1964-07-25;JUSTINA GUILHERME SOUZA;708604014033486;50187350159;FEMININO;674873333;4;3;38;5;19;J448;OUTRAS FORMAS ESPECIFICADAS DE DOENCA PULMONAR OBSTRUTIVA CRONICA 
2026-07-27 16:46:41;500769;SAO GABRIEL DO OESTE;6354265;CENTRAL DE REGULACAO DE SAO GABRIEL DO OESTE;500769;SAO GABRIEL DO OESTE;1;1;2026-04-14 17:33:34;1712011;ESPIROMETRIA;;;0211080055;ESPIROMETRIA OU PROVA DE FUNCAO PULMONAR COMPLETA COM BRONCODILATADOR;ELIZETE REGINA VARGAS DIAS;1972-02-23;VILMA VARGAS DIAS;706200583685961;63841541100;FEMININO;662121390;4;2;38;3;19;J449;DOENCA PULMONAR OBSTRUTIVA CRONICA NAO ESPECIFICADA 
2026-07-27 16:46:41;500769;SAO GABRIEL DO OESTE;6354265;CENTRAL DE REGULACAO DE SAO GABRIEL DO OESTE;500769;SAO GABRIEL DO OESTE;1;1;2026-04-14 17:28:31;1712011;ESPIROMETRIA;;;0211080055;ESPIROMETRIA OU PROVA DE FUNCAO PULMONAR COMPLETA COM BRONCODILATADOR;MIGUEL ADALBERTO DE OLIVEIRA BONILLA;1955-05-03;NILSA DE OLIVEIRA BONILLA;707608225410897;18854052000;MASCULINO;662120458;4;1;38;2;19;J450;ASMA PREDOMINANTEMENTE ALERGICA 
2026-07-27 16:46:41;500769;SAO GABRIEL DO OESTE;7333218;UNIDADE DE SAUDE DA FAMILIA X;500769;SAO GABRIEL DO OESTE;0;1;2026-07-24 17:10:15;2300004;CONSULTA EM CARDIOLOGIA;;;0301010072;CONSULTA MEDICA EM ATENÇÃO ESPECIALIZADA;NAIR CASANOVA;1956-08-09;PIERINA PESSATTO RIBOLLI;708205615417747;91682177149;FEMININO;681117867;4;23;30;2;282;I10;HIPERTENSAO ESSENCIAL (PRIMARIA) 
2026-07-27 16:46:41;500769;SAO GABRIEL DO OESTE;7333218;UNIDADE DE SAUDE DA FAMILIA X;500769;SAO GABRIEL DO OESTE;0;1;2026-07-24 14:37:41;2300004;CONSULTA EM CARDIOLOGIA;;;0301010072;CONSULTA MEDICA EM ATENÇÃO ESPECIALIZADA;NEURILENE ANTONIA NUNES;1966-11-01;DORALINA ANTONIA NUNES;706401130851389;79085024153;FEMININO;681071499;4;22;30;2;282;R074;DOR TORACICA, NAO ESPECIFICADA 
2026-07-27 16:46:41;500769;SAO GABRIEL DO OESTE;7333218;UNIDADE DE SAUDE DA FAMILIA X;500769;SAO GABRIEL DO OESTE;0;1;2026-07-24 09:26:15;2300004;CONSULTA EM CARDIOLOGIA;;;0301010072;CONSULTA MEDICA EM ATENÇÃO ESPECIALIZADA;GRACIA DOS SANTOS;1952-11-12;SEBASTIANA RODRIGUES;708904707442910;18157556104;FEMININO;680955224;4;21;30;2;282;I509;INSUFICIENCIA CARDIACA NAO ESPECIFICADA 
2026-07-27 16:46:41;500769;SAO GABRIEL DO OESTE;6452116;CENTRO DE ESPECIALIDADES MEDICAS;500769;SAO GABRIEL DO OESTE;0;1;2026-07-24 08:54:01;2300004;CONSULTA EM CARDIOLOGIA;;;0301010072;CONSULTA MEDICA EM ATENÇÃO ESPECIALIZADA;MARILZA PEREIRA DOS SANTOS LIMA;1970-11-08;MARIA PEREIRA DOS SANTOS;708103534997939;02834449163;FEMININO;680940346;4;20;30;2;282;Z016;EXAME RADIOLOGICO NAO CLASSIFICADO EM OUTRA PARTE 
2026-07-27 16:46:41;500769;SAO GABRIEL DO OESTE;6452116;CENTRO DE ESPECIALIDADES MEDICAS;500769;SAO GABRIEL DO OESTE;0;1;2026-07-24 08:41:38;2300004;CONSULTA EM CARDIOLOGIA;;;0301010072;CONSULTA MEDICA EM ATENÇÃO ESPECIALIZADA;ANTONIO HUMBERTO CIDRAO ROSA;1957-10-05;MARIA AGLAISA CIDRAO ROSA;705800434398339;23693525153;MASCULINO;680935085;4;19;30;2;282;Z016;EXAME RADIOLOGICO NAO CLASSIFICADO EM OUTRA PARTE 
2026-07-27 16:46:41;500769;SAO GABRIEL DO OESTE;6452116;CENTRO DE ESPECIALIDADES MEDICAS;500769;SAO GABRIEL DO OESTE;0;1;2026-07-24 08:26:40;2300004;CONSULTA EM CARDIOLOGIA;;;0301010072;CONSULTA MEDICA EM ATENÇÃO ESPECIALIZADA;JESIEL SECUNDO DE MELO;1950-10-11;FRANCISCA BAIAO DE MELO;708201639411346;22300660997;MASCULINO;680929136;4;18;30;2;282;Z016;EXAME RADIOLOGICO NAO CLASSIFICADO EM OUTRA PARTE 
2026-07-27 16:46:41;500769;SAO GABRIEL DO OESTE;7333218;UNIDADE DE SAUDE DA FAMILIA X;500769;SAO GABRIEL DO OESTE;0;1;2026-07-23 09:31:41;2300004;CONSULTA EM CARDIOLOGIA;;;0301010072;CONSULTA MEDICA EM ATENÇÃO ESPECIALIZADA;MARIA AMELIA DA COSTA;1942-10-10;ELVIRA MARIA RIBEIRO;700008088296204;56174314120;FEMININO;680708442;4;17;30;2;282;I451;OUTRAS FORMAS DE BLOQUEIO DE RAMO DIREITO E AS NAO ESPECIFICADAS 
2026-07-27 16:46:41;500769;SAO GABRIEL DO OESTE;2370999;UNIDADE DE SAUDE DA FAMILIA FENIX IV;500769;SAO GABRIEL DO OESTE;0;1;2026-07-22 09:36:30;2300004;CONSULTA EM CARDIOLOGIA;;;0301010072;CONSULTA MEDICA EM ATENÇÃO ESPECIALIZADA;JURACI DE FRANCA DA SILVA;1981-08-14;CREUSA DE FRANCA DA SILVA;704608113744624;02182756337;MASCULINO;680443841;4;16;30;2;282;Z000;EXAME MEDICO GERAL 
2026-07-27 16:46:41;500769;SAO GABRIEL DO OESTE;2370999;UNIDADE DE SAUDE DA FAMILIA FENIX IV;500769;SAO GABRIEL DO OESTE;0;1;2026-07-22 09:20:28;2300004;CONSULTA EM CARDIOLOGIA;;;0301010072;CONSULTA MEDICA EM ATENÇÃO ESPECIALIZADA;JUREMA RIETTA FERRI;1949-04-10;MARIA LUIZA RIETTA;700002284896205;60819634115;FEMININO;680434470;4;15;30;2;282;Z000;EXAME MEDICO GERAL 
2026-07-27 16:46:41;500769;SAO GABRIEL DO OESTE;6452116;CENTRO DE ESPECIALIDADES MEDICAS;500769;SAO GABRIEL DO OESTE;0;1;2026-07-22 08:30:15;2300004;CONSULTA EM CARDIOLOGIA;;;0301010072;CONSULTA MEDICA EM ATENÇÃO ESPECIALIZADA;DENISE ZULPO;1976-11-18;ELIRIA ANA ZULPO;708407700576269;01922202924;FEMININO;680408415;4;14;30;1;282;Z016;EXAME RADIOLOGICO NAO CLASSIFICADO EM OUTRA PARTE 
2026-07-27 16:46:41;500769;SAO GABRIEL DO OESTE;7333218;UNIDADE DE SAUDE DA FAMILIA X;500769;SAO GABRIEL DO OESTE;0;1;2026-07-21 16:14:05;2300004;CONSULTA EM CARDIOLOGIA;;;0301010072;CONSULTA MEDICA EM ATENÇÃO ESPECIALIZADA;ZONI VIEIRA DA SILVA;1953-09-19;ROZALINA INACIA DA SILVA;703103394012160;30925762091;MASCULINO;680348295;4;13;30;1;282;Z00;EXAME GERAL E INVESTIGACAO DE PESSOAS SEM QUEIXAS OU DIAGNOSTICO RELATADO
2026-07-27 16:46:41;500769;SAO GABRIEL DO OESTE;6452116;CENTRO DE ESPECIALIDADES MEDICAS;500769;SAO GABRIEL DO OESTE;0;1;2026-07-20 17:33:19;2300004;CONSULTA EM CARDIOLOGIA;;;0301010072;CONSULTA MEDICA EM ATENÇÃO ESPECIALIZADA;RAIMUNDA MARIA DE JESUS SOUZA;1960-05-06;MARIA FELICIDADE DA SILVA;702908516115472;39152596915;FEMININO;680093423;4;12;30;1;282;Z016;EXAME RADIOLOGICO NAO CLASSIFICADO EM OUTRA PARTE 
2026-07-27 16:46:41;500769;SAO GABRIEL DO OESTE;7333218;UNIDADE DE SAUDE DA FAMILIA X;500769;SAO GABRIEL DO OESTE;0;1;2026-07-20 17:02:27;2300004;CONSULTA EM CARDIOLOGIA;;;0301010072;CONSULTA MEDICA EM ATENÇÃO ESPECIALIZADA;ANDREIA DE SOUZA PEREIRA;1985-10-14;MARIA DAS GRACAS SOUZA PEREIRA;708600552720784;02955043150;FEMININO;680087756;4;11;30;1;282;R074;DOR TORACICA, NAO ESPECIFICADA 
2026-07-27 16:46:41;500769;SAO GABRIEL DO OESTE;7333218;UNIDADE DE SAUDE DA FAMILIA X;500769;SAO GABRIEL DO OESTE;0;1;2026-07-20 16:39:44;2300004;CONSULTA EM CARDIOLOGIA;;;0301010072;CONSULTA MEDICA EM ATENÇÃO ESPECIALIZADA;ALICE CARMEN BERTOLDO;1957-08-10;THEREZINHA PATRIARCA PESSATTO;700007628486600;77955110153;FEMININO;680081004;4;10;30;1;282;R074;DOR TORACICA, NAO ESPECIFICADA 
2026-07-27 16:46:41;500769;SAO GABRIEL DO OESTE;2370964;UNIDADE DE SAUDE DA FAMILIA III;500769;SAO GABRIEL DO OESTE;0;1;2026-07-20 15:47:35;2300004;CONSULTA EM CARDIOLOGIA;;;0301010072;CONSULTA MEDICA EM ATENÇÃO ESPECIALIZADA;LEACY DE ARRUDA HELEODORO;1939-12-26;MARIA FRANCISCA DE OLIVEIRA;708608569922684;63885255120;FEMININO;680060268;4;9;30;1;282;I10;HIPERTENSAO ESSENCIAL (PRIMARIA) 
2026-07-27 16:46:41;500769;SAO GABRIEL DO OESTE;2591359;UNIDADE DE SAUDE DA FAMILIA V;500769;SAO GABRIEL DO OESTE;0;1;2026-07-20 08:22:26;2300004;CONSULTA EM CARDIOLOGIA;;;0301010072;CONSULTA MEDICA EM ATENÇÃO ESPECIALIZADA;VALDENIR VILELA;1973-12-31;MARIA ANEZIA VILELA;700702973278978;55897096104;MASCULINO;679851660;4;8;30;1;282;R55;SINCOPE E COLAPSO 
2026-07-27 16:46:41;500769;SAO GABRIEL DO OESTE;6452116;CENTRO DE ESPECIALIDADES MEDICAS;500769;SAO GABRIEL DO OESTE;0;1;2026-07-17 11:57:31;2300004;CONSULTA EM CARDIOLOGIA;;;0301010072;CONSULTA MEDICA EM ATENÇÃO ESPECIALIZADA;CARLA ADRIANA NUNES CAVALHEIRO;1980-09-23;GENAIR CAVALHEIRO;704207250106983;96451017191;FEMININO;679697682;4;7;30;1;282;Z016;EXAME RADIOLOGICO NAO CLASSIFICADO EM OUTRA PARTE 
2026-07-27 16:46:41;500769;SAO GABRIEL DO OESTE;6452116;CENTRO DE ESPECIALIDADES MEDICAS;500769;SAO GABRIEL DO OESTE;0;1;2026-07-17 11:43:01;2300004;CONSULTA EM CARDIOLOGIA;;;0301010072;CONSULTA MEDICA EM ATENÇÃO ESPECIALIZADA;GUSTAVO DA SILVA CORREA;2009-09-09;FRANCISCA VANDERLENE PEREIRA DA SILVA CORREA;700003615831106;06927607170;MASCULINO;679692440;4;6;30;1;282;Z016;EXAME RADIOLOGICO NAO CLASSIFICADO EM OUTRA PARTE 
2026-07-27 16:46:41;500769;SAO GABRIEL DO OESTE;6452116;CENTRO DE ESPECIALIDADES MEDICAS;500769;SAO GABRIEL DO OESTE;0;1;2026-07-17 11:20:40;2300004;CONSULTA EM CARDIOLOGIA;;;0301010072;CONSULTA MEDICA EM ATENÇÃO ESPECIALIZADA;JAIR KAIPERS;1978-05-08;LURDES MARIA KAIPERS;708201170905747;85923168120;MASCULINO;679682888;4;5;30;1;282;Z016;EXAME RADIOLOGICO NAO CLASSIFICADO EM OUTRA PARTE 
2026-07-27 16:46:41;500769;SAO GABRIEL DO OESTE;2370964;UNIDADE DE SAUDE DA FAMILIA III;500769;SAO GABRIEL DO OESTE;0;1;2026-07-23 09:41:23;2300004;CONSULTA EM CARDIOLOGIA;;;0301010072;CONSULTA MEDICA EM ATENÇÃO ESPECIALIZADA;LAUDELINA FERREIRA DE JESUS;1950-03-14;MARIA DO ROSARIO LOURENCO SOARES;700302962978837;36842915104;FEMININO;680713751;3;4;30;0;282;I10;HIPERTENSAO ESSENCIAL (PRIMARIA) 
2026-07-27 16:46:41;500769;SAO GABRIEL DO OESTE;2370964;UNIDADE DE SAUDE DA FAMILIA III;500769;SAO GABRIEL DO OESTE;0;1;2026-07-21 09:31:16;2300004;CONSULTA EM CARDIOLOGIA;;;0301010072;CONSULTA MEDICA EM ATENÇÃO ESPECIALIZADA;ANTONIA CORINA DE OLIVEIRA ARAUJO;1961-01-15;CORINA PEREIRA DE OLIVEIRA AMARO;700208485240920;06572130800;FEMININO;680165073;3;3;30;0;282;R074;DOR TORACICA, NAO ESPECIFICADA 
2026-07-27 16:46:41;500769;SAO GABRIEL DO OESTE;2370964;UNIDADE DE SAUDE DA FAMILIA III;500769;SAO GABRIEL DO OESTE;0;1;2026-07-21 09:00:28;2300004;CONSULTA EM CARDIOLOGIA;;;0301010072;CONSULTA MEDICA EM ATENÇÃO ESPECIALIZADA;CICERA SALVINA ANHANI;1952-03-04;LAVINIA ANTONIO ANHANI;702905560777970;27347923115;FEMININO;680147582;3;2;30;0;282;I10;HIPERTENSAO ESSENCIAL (PRIMARIA) 
2026-07-27 16:46:41;500769;SAO GABRIEL DO OESTE;2370964;UNIDADE DE SAUDE DA FAMILIA III;500769;SAO GABRIEL DO OESTE;0;1;2026-07-27 15:23:53;2300004;CONSULTA EM CARDIOLOGIA;;;0301010072;CONSULTA MEDICA EM ATENÇÃO ESPECIALIZADA;CELIA DOS SANTOS GAMA;1985-11-05;MARIA APARECIDA DOS SANTOS GAMA;705008091661857;03526717184;FEMININO;681372110;2;1;30;0;282;I251;DOENCA ATEROSCLEROTICA DO CORACAO 
2026-07-27 16:46:41;500769;SAO GABRIEL DO OESTE;6354265;CENTRAL DE REGULACAO DE SAO GABRIEL DO OESTE;500769;SAO GABRIEL DO OESTE;1;1;2026-04-16 11:34:44;3100000;RESSONANCIA MAGNETICA DE COLUNA CERVICAL;3100000;GRUPO - RESSONANCIA MAGNETICA;0207010030;RESSONANCIA MAGNETICA DE COLUNA CERVICAL/PESCOÇO;APARECIDO ALVES DE SOUZA;1984-10-12;MARIA SALETE SIQUEIRA DE SOUZA;706805720110026;07758623980;MASCULINO;662558923;4;101;28;699;4;M545;DOR LOMBAR BAIXA 
2026-07-27 16:46:41;500769;SAO GABRIEL DO OESTE;6354265;CENTRAL DE REGULACAO DE SAO GABRIEL DO OESTE;500769;SAO GABRIEL DO OESTE;1;1;2026-04-16 10:12:17;3100000;RESSONANCIA MAGNETICA DE COLUNA CERVICAL;3100000;GRUPO - RESSONANCIA MAGNETICA;0207010030;RESSONANCIA MAGNETICA DE COLUNA CERVICAL/PESCOÇO;AYRTON BALBINO;1967-08-24;MARIA DE LOURDES TIBURCIO;708902749549118;57268886187;MASCULINO;662508957;4;90;28;623;4;M542;CERVICALGIA 
2026-07-27 16:46:41;500769;SAO GABRIEL DO OESTE;6354265;CENTRAL DE REGULACAO DE SAO GABRIEL DO OESTE;500769;SAO GABRIEL DO OESTE;1;1;2026-04-16 09:01:39;3100000;RESSONANCIA MAGNETICA DE COLUNA CERVICAL;3100000;GRUPO - RESSONANCIA MAGNETICA;0207010030;RESSONANCIA MAGNETICA DE COLUNA CERVICAL/PESCOÇO;ACIONE BENITES DE OLIVEIRA;1972-06-23;VANIR BENITES DE OLIVEIRA;708603568616186;80320171191;MASCULINO;662465019;4;80;28;554;4;M431;ESPONDILOLISTESE 
2026-07-27 16:46:41;500769;SAO GABRIEL DO OESTE;6354265;CENTRAL DE REGULACAO DE SAO GABRIEL DO OESTE;500769;SAO GABRIEL DO OESTE;1;1;2026-04-17 09:49:06;3100000;RESSONANCIA MAGNETICA DE COLUNA CERVICAL;3100000;GRUPO - RESSONANCIA MAGNETICA;0207010030;RESSONANCIA MAGNETICA DE COLUNA CERVICAL/PESCOÇO;CARLA FERNANDA DA SILVA DOS SANTOS;1982-06-15;MARIA DE FATIMA DA SILVA;704808056053042;01623187150;FEMININO;662767873;4;139;28;962;4;M542;CERVICALGIA 
2026-07-27 16:46:41;500769;SAO GABRIEL DO OESTE;6354265;CENTRAL DE REGULACAO DE SAO GABRIEL DO OESTE;500769;SAO GABRIEL DO OESTE;1;1;2026-04-17 09:42:17;3100000;RESSONANCIA MAGNETICA DE COLUNA CERVICAL;3100000;GRUPO - RESSONANCIA MAGNETICA;0207010030;RESSONANCIA MAGNETICA DE COLUNA CERVICAL/PESCOÇO;CLAITON ROGERIO HENRIQUES;1973-12-19;ELINA BLOSS HENRIQUES;700406496000744;78076277191;MASCULINO;662764043;4;137;28;948;4;M511;TRANSTORNOS DE DISCOS LOMBARES E DE OUTROS DISCOS INTERVERTEBRAIS COM RADICULOPATIA 
2026-07-27 16:46:41;500769;SAO GABRIEL DO OESTE;6354265;CENTRAL DE REGULACAO DE SAO GABRIEL DO OESTE;500769;SAO GABRIEL DO OESTE;1;1;2026-04-17 08:51:25;3100000;RESSONANCIA MAGNETICA DE COLUNA CERVICAL;3100000;GRUPO - RESSONANCIA MAGNETICA;0207010030;RESSONANCIA MAGNETICA DE COLUNA CERVICAL/PESCOÇO;CACILDO DA SILVA CORREA;1967-09-14;OTILIA MESSIAS DA SILVA;700008434113001;42185610104;MASCULINO;662737726;4;127;28;879;4;M542;CERVICALGIA 
2026-07-27 16:46:41;500769;SAO GABRIEL DO OESTE;6354265;CENTRAL DE REGULACAO DE SAO GABRIEL DO OESTE;500769;SAO GABRIEL DO OESTE;1;1;2026-04-21 12:10:04;3100000;RESSONANCIA MAGNETICA DE COLUNA CERVICAL;3100000;GRUPO - RESSONANCIA MAGNETICA;0207010030;RESSONANCIA MAGNETICA DE COLUNA CERVICAL/PESCOÇO;LUCIMAR ALVES DE LIMA;1981-08-08;MARIA ALVES DE LIMA;708402754632561;01056219432;FEMININO;663096332;4;199;28;1378;4;M531;SINDROME CERVICOBRAQUIAL 
2026-07-27 16:46:41;500769;SAO GABRIEL DO OESTE;6354265;CENTRAL DE REGULACAO DE SAO GABRIEL DO OESTE;500769;SAO GABRIEL DO OESTE;1;1;2026-04-21 12:04:57;3100000;RESSONANCIA MAGNETICA DE COLUNA CERVICAL;3100000;GRUPO - RESSONANCIA MAGNETICA;0207010030;RESSONANCIA MAGNETICA DE COLUNA CERVICAL/PESCOÇO;MARILENE SILVA MATOS;1963-09-07;NADIR SILVA MATOS;707004828268032;02390587127;FEMININO;663096267;4;196;28;1357;4;M542;CERVICALGIA 
2026-07-27 16:46:41;500769;SAO GABRIEL DO OESTE;6354265;CENTRAL DE REGULACAO DE SAO GABRIEL DO OESTE;500769;SAO GABRIEL DO OESTE;1;1;2026-04-21 11:52:22;3100000;RESSONANCIA MAGNETICA DE COLUNA CERVICAL;3100000;GRUPO - RESSONANCIA MAGNETICA;0207010030;RESSONANCIA MAGNETICA DE COLUNA CERVICAL/PESCOÇO;KATIA CRISTINA JORGE BATISTA;1969-03-22;MARIA DA GLORIA JORGE;705605468924412;21494210894;FEMININO;663096069;4;192;28;1329;4;M545;DOR LOMBAR BAIXA 
2026-07-27 16:46:41;500769;SAO GABRIEL DO OESTE;6354265;CENTRAL DE REGULACAO DE SAO GABRIEL DO OESTE;500769;SAO GABRIEL DO OESTE;1;1;2026-04-17 17:30:56;3100000;RESSONANCIA MAGNETICA DE COLUNA CERVICAL;3100000;GRUPO - RESSONANCIA MAGNETICA;0207010030;RESSONANCIA MAGNETICA DE COLUNA CERVICAL/PESCOÇO;GRAZIELA TERZETTI;1976-09-20;IRENE GALLO TERZETTI;700002525249504;18578177886;FEMININO;662941343;4;180;28;1246;4;M542;CERVICALGIA 
2026-07-27 16:46:41;500769;SAO GABRIEL DO OESTE;6354265;CENTRAL DE REGULACAO DE SAO GABRIEL DO OESTE;500769;SAO GABRIEL DO OESTE;1;1;2026-04-17 15:16:00;3100000;RESSONANCIA MAGNETICA DE COLUNA CERVICAL;3100000;GRUPO - RESSONANCIA MAGNETICA;0207010030;RESSONANCIA MAGNETICA DE COLUNA CERVICAL/PESCOÇO;ESTELINA EVA DE MELO SANTANA;1968-06-29;OSMIRA DOS SANTOS MELO;700005241561107;88320367115;FEMININO;662901237;4;160;28;1108;4;M545;DOR LOMBAR BAIXA 
2026-07-27 16:46:41;500769;SAO GABRIEL DO OESTE;6354265;CENTRAL DE REGULACAO DE SAO GABRIEL DO OESTE;500769;SAO GABRIEL DO OESTE;1;1;2026-04-17 15:01:11;3100000;RESSONANCIA MAGNETICA DE COLUNA CERVICAL;3100000;GRUPO - RESSONANCIA MAGNETICA;0207010030;RESSONANCIA MAGNETICA DE COLUNA CERVICAL/PESCOÇO;ELIANE ALVES DA SILVA;1976-08-25;GUELDA ALVES DA SILVA;703407639296000;88835510104;FEMININO;662895240;4;157;28;1087;4;M511;TRANSTORNOS DE DISCOS LOMBARES E DE OUTROS DISCOS INTERVERTEBRAIS COM RADICULOPATIA 
2026-07-27 16:46:41;500769;SAO GABRIEL DO OESTE;6354265;CENTRAL DE REGULACAO DE SAO GABRIEL DO OESTE;500769;SAO GABRIEL DO OESTE;1;1;2026-04-21 13:29:59;3100000;RESSONANCIA MAGNETICA DE COLUNA CERVICAL;3100000;GRUPO - RESSONANCIA MAGNETICA;0207010030;RESSONANCIA MAGNETICA DE COLUNA CERVICAL/PESCOÇO;MARLENE GUEDIN GINDRI;1964-07-28;ORTENILA BATISTTI GUEDIN;707405083791070;36554316191;FEMININO;663097394;4;250;28;1731;4;M542;CERVICALGIA 
2026-07-27 16:46:41;500769;SAO GABRIEL DO OESTE;6354265;CENTRAL DE REGULACAO DE SAO GABRIEL DO OESTE;500769;SAO GABRIEL DO OESTE;1;1;2026-04-21 13:29:50;3100000;RESSONANCIA MAGNETICA DE COLUNA CERVICAL;3100000;GRUPO - RESSONANCIA MAGNETICA;0207010030;RESSONANCIA MAGNETICA DE COLUNA CERVICAL/PESCOÇO;ORVANIR ANGELO DOS SANTOS;1947-08-29;BELARMINA NOGUEIRA;700208980092426;07348673104;MASCULINO;663097392;4;249;28;1724;4;M501;TRANSTORNO DO DISCO CERVICAL COM RADICULOPATIA 
2026-07-27 16:46:41;500769;SAO GABRIEL DO OESTE;6354265;CENTRAL DE REGULACAO DE SAO GABRIEL DO OESTE;500769;SAO GABRIEL DO OESTE;1;1;2026-04-21 13:25:14;3100000;RESSONANCIA MAGNETICA DE COLUNA CERVICAL;3100000;GRUPO - RESSONANCIA MAGNETICA;0207010030;RESSONANCIA MAGNETICA DE COLUNA CERVICAL/PESCOÇO;MARIA DA SILVA DIVINO;1968-01-29;DELORITA DA SILVA DIVINO;708004894461927;51889110191;FEMININO;663097325;4;247;28;1710;4;M542;CERVICALGIA 
2026-07-27 16:46:41;500769;SAO GABRIEL DO OESTE;6354265;CENTRAL DE REGULACAO DE SAO GABRIEL DO OESTE;500769;SAO GABRIEL DO OESTE;1;1;2026-04-21 13:12:59;3100000;RESSONANCIA MAGNETICA DE COLUNA CERVICAL;3100000;GRUPO - RESSONANCIA MAGNETICA;0207010030;RESSONANCIA MAGNETICA DE COLUNA CERVICAL/PESCOÇO;NEUSA BROETTO SIQUEIRA;1956-06-25;GEMA BROETTO;706002887841541;78028060110;FEMININO;663097171;4;242;28;1675;4;M53;OUTRAS DORSOPATIAS NAO CLASSIFICADAS EM OUTRA PARTE
2026-07-27 16:46:41;500769;SAO GABRIEL DO OESTE;6354265;CENTRAL DE REGULACAO DE SAO GABRIEL DO OESTE;500769;SAO GABRIEL DO OESTE;1;1;2026-04-21 13:05:51;3100000;RESSONANCIA MAGNETICA DE COLUNA CERVICAL;3100000;GRUPO - RESSONANCIA MAGNETICA;0207010030;RESSONANCIA MAGNETICA DE COLUNA CERVICAL/PESCOÇO;MARIA LUCILENE LOPES DE MACEDO;1974-12-27;MARIA LUCIA ALEXANDRIA LOPES;708400218712665;93521464415;FEMININO;663097070;4;236;28;1634;4;M542;CERVICALGIA 
2026-07-27 16:46:41;500769;SAO GABRIEL DO OESTE;6354265;CENTRAL DE REGULACAO DE SAO GABRIEL DO OESTE;500769;SAO GABRIEL DO OESTE;1;1;2026-04-21 13:00:01;3100000;RESSONANCIA MAGNETICA DE COLUNA CERVICAL;3100000;GRUPO - RESSONANCIA MAGNETICA;0207010030;RESSONANCIA MAGNETICA DE COLUNA CERVICAL/PESCOÇO;NILMA FELICIO FARIA NOGUEIRA;1963-09-14;AURORA FELICIO FARIA;701809225725774;80713343168;FEMININO;663096993;4;230;28;1592;4;M543;CIATICA 
2026-07-27 16:46:41;500769;SAO GABRIEL DO OESTE;6354265;CENTRAL DE REGULACAO DE SAO GABRIEL DO OESTE;500769;SAO GABRIEL DO OESTE;1;1;2026-04-21 12:59:44;3100000;RESSONANCIA MAGNETICA DE COLUNA CERVICAL;3100000;GRUPO - RESSONANCIA MAGNETICA;0207010030;RESSONANCIA MAGNETICA DE COLUNA CERVICAL/PESCOÇO;MAYSA CIDRAO ROSA;1965-05-30;EULINA ROSA CAXIAS;704505342048713;33818100144;FEMININO;663096988;4;228;28;1578;4;M501;TRANSTORNO DO DISCO CERVICAL COM RADICULOPATIA 
2026-07-27 16:46:41;500769;SAO GABRIEL DO OESTE;6354265;CENTRAL DE REGULACAO DE SAO GABRIEL DO OESTE;500769;SAO GABRIEL DO OESTE;1;1;2026-04-21 12:46:41;3100000;RESSONANCIA MAGNETICA DE COLUNA CERVICAL;3100000;GRUPO - RESSONANCIA MAGNETICA;0207010030;RESSONANCIA MAGNETICA DE COLUNA CERVICAL/PESCOÇO;NADIA ANDREIA MANN RONCALHIO;1980-10-12;SUELI LOURENCO KOGLER MANN;708507397313170;89403088168;FEMININO;663096844;4;219;28;1516;4;M501;TRANSTORNO DO DISCO CERVICAL COM RADICULOPATIA 
2026-07-27 16:46:41;500769;SAO GABRIEL DO OESTE;6354265;CENTRAL DE REGULACAO DE SAO GABRIEL DO OESTE;500769;SAO GABRIEL DO OESTE;1;1;2026-04-21 12:37:45;3100000;RESSONANCIA MAGNETICA DE COLUNA CERVICAL;3100000;GRUPO - RESSONANCIA MAGNETICA;0207010030;RESSONANCIA MAGNETICA DE COLUNA CERVICAL/PESCOÇO;MARIA DAS GRACAS MELO FERREIRA;1980-06-23;MARIA LUSTOSA DE MELO FERREIRA;706202577615460;00276066359;FEMININO;663096734;4;213;28;1475;4;M531;SINDROME CERVICOBRAQUIAL 
2026-07-27 16:46:41;500769;SAO GABRIEL DO OESTE;6354265;CENTRAL DE REGULACAO DE SAO GABRIEL DO OESTE;500769;SAO GABRIEL DO OESTE;1;1;2026-04-21 12:33:47;3100000;RESSONANCIA MAGNETICA DE COLUNA CERVICAL;3100000;GRUPO - RESSONANCIA MAGNETICA;0207010030;RESSONANCIA MAGNETICA DE COLUNA CERVICAL/PESCOÇO;MARIA MARCILENE DA SILVA OLIVEIRA;1978-01-18;MARIA DAS MERCES DA SILVA OLIVEIRA;700502367179158;90173023134;FEMININO;663096685;4;210;28;1454;4;M542;CERVICALGIA 
2026-07-27 16:46:41;500769;SAO GABRIEL DO OESTE;6354265;CENTRAL DE REGULACAO DE SAO GABRIEL DO OESTE;500769;SAO GABRIEL DO OESTE;1;1;2026-04-21 14:49:20;3100000;RESSONANCIA MAGNETICA DE COLUNA CERVICAL;3100000;GRUPO - RESSONANCIA MAGNETICA;0207010030;RESSONANCIA MAGNETICA DE COLUNA CERVICAL/PESCOÇO;WILAS GOMES DE LIMA;1993-11-02;IRAIDE GOMES DE LIMA;709808094527294;70627426433;MASCULINO;663098910;4;303;28;2098;4;M542;CERVICALGIA 
2026-07-27 16:46:41;500769;SAO GABRIEL DO OESTE;6354265;CENTRAL DE REGULACAO DE SAO GABRIEL DO OESTE;500769;SAO GABRIEL DO OESTE;1;1;2026-04-21 14:41:26;3100000;RESSONANCIA MAGNETICA DE COLUNA CERVICAL;3100000;GRUPO - RESSONANCIA MAGNETICA;0207010030;RESSONANCIA MAGNETICA DE COLUNA CERVICAL/PESCOÇO;SANTA DE FATIMA PEREIRA;1954-10-01;ROSA MARCOLINA DE JESUS;707404024672078;66269164168;FEMININO;663098765;4;297;28;2056;4;M545;DOR LOMBAR BAIXA 
2026-07-27 16:46:41;500769;SAO GABRIEL DO OESTE;6354265;CENTRAL DE REGULACAO DE SAO GABRIEL DO OESTE;500769;SAO GABRIEL DO OESTE;1;1;2026-04-21 14:05:57;3100000;RESSONANCIA MAGNETICA DE COLUNA CERVICAL;3100000;GRUPO - RESSONANCIA MAGNETICA;0207010030;RESSONANCIA MAGNETICA DE COLUNA CERVICAL/PESCOÇO;ROSEMARI DE LIMA RODRIGUES;1966-02-28;EVANIRA DE LIMA RODRIGUES;700506374551753;55908896187;FEMININO;663098032;4;272;28;1883;4;M542;CERVICALGIA 
2026-07-27 16:46:41;500769;SAO GABRIEL DO OESTE;6354265;CENTRAL DE REGULACAO DE SAO GABRIEL DO OESTE;500769;SAO GABRIEL DO OESTE;1;1;2026-04-21 14:01:21;3100000;RESSONANCIA MAGNETICA DE COLUNA CERVICAL;3100000;GRUPO - RESSONANCIA MAGNETICA;0207010030;RESSONANCIA MAGNETICA DE COLUNA CERVICAL/PESCOÇO;LUIZ ALBERTO DE OLIVEIRA;1982-07-15;LAURINDA DE OLIVEIRA;706404676925581;03777842907;MASCULINO;663097930;4;267;28;1848;4;M501;TRANSTORNO DO DISCO CERVICAL COM RADICULOPATIA 
2026-07-27 16:46:41;500769;SAO GABRIEL DO OESTE;6354265;CENTRAL DE REGULACAO DE SAO GABRIEL DO OESTE;500769;SAO GABRIEL DO OESTE;1;1;2026-04-21 16:00:28;3100000;RESSONANCIA MAGNETICA DE COLUNA CERVICAL;3100000;GRUPO - RESSONANCIA MAGNETICA;0207010030;RESSONANCIA MAGNETICA DE COLUNA CERVICAL/PESCOÇO;JOYCE GONCALVES DE ALMEIDA;1989-03-16;SORAYA GONCALVES;702805660639368;02550503139;FEMININO;663100363;4;354;28;2451;4;M542;CERVICALGIA 
2026-07-27 16:46:41;500769;SAO GABRIEL DO OESTE;6354265;CENTRAL DE REGULACAO DE SAO GABRIEL DO OESTE;500769;SAO GABRIEL DO OESTE;1;1;2026-04-21 15:25:31;3100000;RESSONANCIA MAGNETICA DE COLUNA CERVICAL;3100000;GRUPO - RESSONANCIA MAGNETICA;0207010030;RESSONANCIA MAGNETICA DE COLUNA CERVICAL/PESCOÇO;MARIZA ELAINE DA SILVA XERES;1976-04-04;JURACI DA SILVA CHERES;706101570247660;78708079153;FEMININO;663099716;4;332;28;2298;4;M511;TRANSTORNOS DE DISCOS LOMBARES E DE OUTROS DISCOS INTERVERTEBRAIS COM RADICULOPATIA 
2026-07-27 16:46:41;500769;SAO GABRIEL DO OESTE;6354265;CENTRAL DE REGULACAO DE SAO GABRIEL DO OESTE;500769;SAO GABRIEL DO OESTE;1;1;2026-04-21 15:13:52;3100000;RESSONANCIA MAGNETICA DE COLUNA CERVICAL;3100000;GRUPO - RESSONANCIA MAGNETICA;0207010030;RESSONANCIA MAGNETICA DE COLUNA CERVICAL/PESCOÇO;JOSEFA DA SILVA;1966-05-01;AMBELINA BARBOSA DA SILVA;701001864621497;79947786153;FEMININO;663099471;4;321;28;2222;4;M542;CERVICALGIA 
2026-07-27 16:46:41;500769;SAO GABRIEL DO OESTE;6354265;CENTRAL DE REGULACAO DE SAO GABRIEL DO OESTE;500769;SAO GABRIEL DO OESTE;1;1;2026-04-21 15:11:42;3100000;RESSONANCIA MAGNETICA DE COLUNA CERVICAL;3100000;GRUPO - RESSONANCIA MAGNETICA;0207010030;RESSONANCIA MAGNETICA DE COLUNA CERVICAL/PESCOÇO;JENIFER MORAIS SILVESTRE FERREIRA;1973-06-10;CLAUDIVA MORAIS SILVESTRE;706802733982024;78226996104;FEMININO;663099424;4;318;28;2202;4;M511;TRANSTORNOS DE DISCOS LOMBARES E DE OUTROS DISCOS INTERVERTEBRAIS COM RADICULOPATIA 
2026-07-27 16:46:41;500769;SAO GABRIEL DO OESTE;6354265;CENTRAL DE REGULACAO DE SAO GABRIEL DO OESTE;500769;SAO GABRIEL DO OESTE;1;1;2026-04-23 17:21:26;3100000;RESSONANCIA MAGNETICA DE COLUNA CERVICAL;3100000;GRUPO - RESSONANCIA MAGNETICA;0207010030;RESSONANCIA MAGNETICA DE COLUNA CERVICAL/PESCOÇO;VALDEIR ARGUELHO;1973-11-21;SATORNINA GONCALVES;704506383520612;58278966168;MASCULINO;663653972;4;375;28;2596;4;M543;CIATICA 
2026-07-27 16:46:41;500769;SAO GABRIEL DO OESTE;6354265;CENTRAL DE REGULACAO DE SAO GABRIEL DO OESTE;500769;SAO GABRIEL DO OESTE;1;1;2026-04-22 16:50:26;3100000;RESSONANCIA MAGNETICA DE COLUNA CERVICAL;3100000;GRUPO - RESSONANCIA MAGNETICA;0207010030;RESSONANCIA MAGNETICA DE COLUNA CERVICAL/PESCOÇO;SANDRA BISPO DOS SANTOS;1967-11-01;CARMELITA DOS SANTOS;702602742015340;00885456106;FEMININO;663379283;4;369;28;2555;4;M545;DOR LOMBAR BAIXA 
2026-07-27 16:46:41;500769;SAO GABRIEL DO OESTE;6354265;CENTRAL DE REGULACAO DE SAO GABRIEL DO OESTE;500769;SAO GABRIEL DO OESTE;1;1;2026-04-22 16:45:46;3100000;RESSONANCIA MAGNETICA DE COLUNA CERVICAL;3100000;GRUPO - RESSONANCIA MAGNETICA;0207010030;RESSONANCIA MAGNETICA DE COLUNA CERVICAL/PESCOÇO;SHEILA GONCALVES;1962-05-03;GUIOMAR GONCALVES;709602666777270;73206202191;FEMININO;663377691;4;368;28;2548;4;M545;DOR LOMBAR BAIXA 
2026-07-27 16:46:41;500769;SAO GABRIEL DO OESTE;6354265;CENTRAL DE REGULACAO DE SAO GABRIEL DO OESTE;500769;SAO GABRIEL DO OESTE;1;1;2026-04-22 16:41:18;3100000;RESSONANCIA MAGNETICA DE COLUNA CERVICAL;3100000;GRUPO - RESSONANCIA MAGNETICA;0207010030;RESSONANCIA MAGNETICA DE COLUNA CERVICAL/PESCOÇO;SILVIO GODOY;1964-01-23;MARIA DE LURDES GOMES GODOY;706903195488634;06202060808;MASCULINO;663376050;4;367;28;2541;4;M545;DOR LOMBAR BAIXA 
2026-07-27 16:46:41;500769;SAO GABRIEL DO OESTE;6354265;CENTRAL DE REGULACAO DE SAO GABRIEL DO OESTE;500769;SAO GABRIEL DO OESTE;1;1;2026-04-22 14:42:49;3100000;RESSONANCIA MAGNETICA DE COLUNA CERVICAL;3100000;GRUPO - RESSONANCIA MAGNETICA;0207010030;RESSONANCIA MAGNETICA DE COLUNA CERVICAL/PESCOÇO;INES FERREIRA MENDES;1964-04-27;MARIA DE LOURDES FERREIRA MENDES;703404230525112;06799029888;FEMININO;663317849;4;363;28;2513;4;M549;DORSALGIA NAO ESPECIFICADA 
2026-07-27 16:46:41;500769;SAO GABRIEL DO OESTE;6354265;CENTRAL DE REGULACAO DE SAO GABRIEL DO OESTE;500769;SAO GABRIEL DO OESTE;1;1;2026-05-28 11:01:30;3100000;RESSONANCIA MAGNETICA DE COLUNA CERVICAL;3100000;GRUPO - RESSONANCIA MAGNETICA;0207010030;RESSONANCIA MAGNETICA DE COLUNA CERVICAL/PESCOÇO;JOSSEANE ARRUDA DE ALMEIDA;1986-12-23;ALBERTINA ARRUDA DOS SANTOS;705008237147257;01861495145;FEMININO;670392335;4;435;28;3012;4;M545;DOR LOMBAR BAIXA 
2026-07-27 16:46:41;500769;SAO GABRIEL DO OESTE;6354265;CENTRAL DE REGULACAO DE SAO GABRIEL DO OESTE;500769;SAO GABRIEL DO OESTE;1;1;2026-05-26 14:59:40;3100000;RESSONANCIA MAGNETICA DE COLUNA CERVICAL;3100000;GRUPO - RESSONANCIA MAGNETICA;0207010030;RESSONANCIA MAGNETICA DE COLUNA CERVICAL/PESCOÇO;ELAINE SIQUEIRA VIVEIROS;1982-11-27;VALDENIR SIQUEIRA VIVEIROS;702804195158765;97818402187;FEMININO;669903721;4;429;28;2970;4;M542;CERVICALGIA 
2026-07-27 16:46:41;500769;SAO GABRIEL DO OESTE;6354265;CENTRAL DE REGULACAO DE SAO GABRIEL DO OESTE;500769;SAO GABRIEL DO OESTE;1;1;2026-05-19 16:57:59;3100000;RESSONANCIA MAGNETICA DE COLUNA CERVICAL;3100000;GRUPO - RESSONANCIA MAGNETICA;0207010030;RESSONANCIA MAGNETICA DE COLUNA CERVICAL/PESCOÇO;SEBASTIAO DOS SANTOS VIEIRA;1967-07-25;MARIA DOS SANTOS VIEIRA;704202205207283;59573414104;MASCULINO;668550942;4;416;28;2880;4;M994;ESTENOSE DE TECIDO CONJUNTIVO DO CANAL MEDULAR 
2026-07-27 16:46:41;500769;SAO GABRIEL DO OESTE;6354265;CENTRAL DE REGULACAO DE SAO GABRIEL DO OESTE;500769;SAO GABRIEL DO OESTE;1;1;2026-05-14 17:14:11;3100000;RESSONANCIA MAGNETICA DE COLUNA CERVICAL;3100000;GRUPO - RESSONANCIA MAGNETICA;0207010030;RESSONANCIA MAGNETICA DE COLUNA CERVICAL/PESCOÇO;EDENILSO BALBINOT;1984-05-13;MARIA LUCIA MENDES BALBINOT;706802236311423;04869275988;MASCULINO;667722176;4;407;28;2818;4;M255;DOR ARTICULAR 
2026-07-27 16:46:41;500769;SAO GABRIEL DO OESTE;6354265;CENTRAL DE REGULACAO DE SAO GABRIEL DO OESTE;500769;SAO GABRIEL DO OESTE;1;1;2026-06-12 10:27:10;3100000;RESSONANCIA MAGNETICA DE COLUNA CERVICAL;3100000;GRUPO - RESSONANCIA MAGNETICA;0207010030;RESSONANCIA MAGNETICA DE COLUNA CERVICAL/PESCOÇO;ELIZANDRA BENEDITA CANDIDO DE BARRO;1990-12-26;ADELEIDE CANDIDO DA SILVA;700601498135861;03884426117;FEMININO;673096484;4;492;28;3406;4;M542;CERVICALGIA 
2026-07-27 16:46:41;500769;SAO GABRIEL DO OESTE;6354265;CENTRAL DE REGULACAO DE SAO GABRIEL DO OESTE;500769;SAO GABRIEL DO OESTE;1;1;2026-06-02 09:29:02;3100000;RESSONANCIA MAGNETICA DE COLUNA CERVICAL;3100000;GRUPO - RESSONANCIA MAGNETICA;0207010030;RESSONANCIA MAGNETICA DE COLUNA CERVICAL/PESCOÇO;JAINE DA SILVA;1993-12-18;ADRIANA FRANCISCA DA SILVA;702001873905387;02733050184;FEMININO;671208920;4;467;28;3233;4;M542;CERVICALGIA 
2026-07-27 16:46:41;500769;SAO GABRIEL DO OESTE;6354265;CENTRAL DE REGULACAO DE SAO GABRIEL DO OESTE;500769;SAO GABRIEL DO OESTE;1;1;2026-05-29 16:14:17;3100000;RESSONANCIA MAGNETICA DE COLUNA CERVICAL;3100000;GRUPO - RESSONANCIA MAGNETICA;0207010030;RESSONANCIA MAGNETICA DE COLUNA CERVICAL/PESCOÇO;VALDETE FERREIRA DE SOUZA;1969-06-07;BRANDINA MATIAS DE SOUZA;702606730572642;63755408104;MASCULINO;670775576;4;459;28;3178;4;M545;DOR LOMBAR BAIXA 
2026-07-27 16:46:41;500769;SAO GABRIEL DO OESTE;6354265;CENTRAL DE REGULACAO DE SAO GABRIEL DO OESTE;500769;SAO GABRIEL DO OESTE;1;1;2026-06-23 11:26:32;3100000;RESSONANCIA MAGNETICA DE COLUNA CERVICAL;3100000;GRUPO - RESSONANCIA MAGNETICA;0207010030;RESSONANCIA MAGNETICA DE COLUNA CERVICAL/PESCOÇO;VANESSA DE ARRUDA PEREIRA;1987-02-13;TEREZINHA DE ARRUDA PEREIRA;702300148548014;03733428102;FEMININO;675014458;4;506;28;3503;4;M542;CERVICALGIA 
2026-07-27 16:46:41;500769;SAO GABRIEL DO OESTE;6354265;CENTRAL DE REGULACAO DE SAO GABRIEL DO OESTE;500769;SAO GABRIEL DO OESTE;1;1;2026-04-15 16:12:31;3100000;RESSONANCIA MAGNETICA DE COLUNA LOMBO-SACRA;3100000;GRUPO - RESSONANCIA MAGNETICA;0207010048;RESSONANCIA MAGNETICA DE COLUNA LOMBO-SACRA;HAYANA DE PAULA LIMA RODRIGUES;1990-05-28;GILVANA SABINA DE LIMA;702400087516028;03148099109;FEMININO;662387404;4;60;39;415;4;M511;TRANSTORNOS DE DISCOS LOMBARES E DE OUTROS DISCOS INTERVERTEBRAIS COM RADICULOPATIA 
2026-07-27 16:46:41;500769;SAO GABRIEL DO OESTE;6354265;CENTRAL DE REGULACAO DE SAO GABRIEL DO OESTE;500769;SAO GABRIEL DO OESTE;1;1;2026-04-15 08:39:32;3100000;RESSONANCIA MAGNETICA DE COLUNA LOMBO-SACRA;3100000;GRUPO - RESSONANCIA MAGNETICA;0207010048;RESSONANCIA MAGNETICA DE COLUNA LOMBO-SACRA;ALAIR SANTOS DA SILVA;1993-07-05;CAROLINA DOS SANTOS BARBOSA;708204164244443;04060447161;FEMININO;662164928;4;59;39;408;4;M541;RADICULOPATIA 
2026-07-27 16:46:41;500769;SAO GABRIEL DO OESTE;6354265;CENTRAL DE REGULACAO DE SAO GABRIEL DO OESTE;500769;SAO GABRIEL DO OESTE;1;1;2026-04-14 11:39:15;3100000;RESSONANCIA MAGNETICA DE COLUNA LOMBO-SACRA;3100000;GRUPO - RESSONANCIA MAGNETICA;0207010048;RESSONANCIA MAGNETICA DE COLUNA LOMBO-SACRA;FATIMA DE LOURDES PEREIRA SABINO;1964-12-17;NEUZA VALENTIM PEREIRA;705202443020979;87362171153;FEMININO;661980935;4;57;39;395;4;M545;DOR LOMBAR BAIXA 
2026-07-27 16:46:41;500769;SAO GABRIEL DO OESTE;6354265;CENTRAL DE REGULACAO DE SAO GABRIEL DO OESTE;500769;SAO GABRIEL DO OESTE;1;1;2026-04-10 17:27:37;3100000;RESSONANCIA MAGNETICA DE COLUNA LOMBO-SACRA;3100000;GRUPO - RESSONANCIA MAGNETICA;0207010048;RESSONANCIA MAGNETICA DE COLUNA LOMBO-SACRA;JOAO GRISOSTE BENITES TRINDADE;1976-08-15;VERISSIMA IZABEL BENITES TRINDADE;708501364560777;80928803104;MASCULINO;661508442;4;53;39;367;4;M545;DOR LOMBAR BAIXA 
2026-07-27 16:46:41;500769;SAO GABRIEL DO OESTE;6354265;CENTRAL DE REGULACAO DE SAO GABRIEL DO OESTE;500769;SAO GABRIEL DO OESTE;1;1;2026-04-10 17:24:19;3100000;RESSONANCIA MAGNETICA DE COLUNA LOMBO-SACRA;3100000;GRUPO - RESSONANCIA MAGNETICA;0207010048;RESSONANCIA MAGNETICA DE COLUNA LOMBO-SACRA;JOSELIA ROSA DA ROSA;1980-05-05;CARMEN LUCIA ROSA DA ROSA;700209451368321;00883268027;FEMININO;661507962;4;52;39;360;4;M545;DOR LOMBAR BAIXA 
2026-07-27 16:46:41;500769;SAO GABRIEL DO OESTE;6354265;CENTRAL DE REGULACAO DE SAO GABRIEL DO OESTE;500769;SAO GABRIEL DO OESTE;1;1;2026-04-10 17:13:25;3100000;RESSONANCIA MAGNETICA DE COLUNA LOMBO-SACRA;3100000;GRUPO - RESSONANCIA MAGNETICA;0207010048;RESSONANCIA MAGNETICA DE COLUNA LOMBO-SACRA;KASSIO WILLIAN NEVES DA SILVA;1996-12-13;MARIA DE LURDES CARVALHO DA SILVA;700502304749453;04580865170;MASCULINO;661506283;4;51;39;353;4;M545;DOR LOMBAR BAIXA 
2026-07-27 16:46:41;500769;SAO GABRIEL DO OESTE;6354265;CENTRAL DE REGULACAO DE SAO GABRIEL DO OESTE;500769;SAO GABRIEL DO OESTE;1;1;2026-04-10 17:06:46;3100000;RESSONANCIA MAGNETICA DE COLUNA LOMBO-SACRA;3100000;GRUPO - RESSONANCIA MAGNETICA;0207010048;RESSONANCIA MAGNETICA DE COLUNA LOMBO-SACRA;LUIZ GUSTAVO DE SOUZA SILVA;1995-05-25;SILVIA DE SOUZA;700801941829683;01603368132;MASCULINO;661505204;4;50;39;346;4;M545;DOR LOMBAR BAIXA 
2026-07-27 16:46:41;500769;SAO GABRIEL DO OESTE;6354265;CENTRAL DE REGULACAO DE SAO GABRIEL DO OESTE;500769;SAO GABRIEL DO OESTE;1;1;2026-04-10 16:32:43;3100000;RESSONANCIA MAGNETICA DE COLUNA LOMBO-SACRA;3100000;GRUPO - RESSONANCIA MAGNETICA;0207010048;RESSONANCIA MAGNETICA DE COLUNA LOMBO-SACRA;MARILENE DE SOUZA DUARTH;1966-06-05;ELVIRA RODRIGUES DE SOUZA;700009035975701;00132229102;FEMININO;661496658;4;47;39;325;4;M545;DOR LOMBAR BAIXA 
2026-07-27 16:46:41;500769;SAO GABRIEL DO OESTE;6354265;CENTRAL DE REGULACAO DE SAO GABRIEL DO OESTE;500769;SAO GABRIEL DO OESTE;1;1;2026-04-10 15:51:00;3100000;RESSONANCIA MAGNETICA DE COLUNA LOMBO-SACRA;3100000;GRUPO - RESSONANCIA MAGNETICA;0207010048;RESSONANCIA MAGNETICA DE COLUNA LOMBO-SACRA;MARINO HERMETO WILLE SCHNEIDER;1975-10-06;LUCIA JACINTA WILLE;702509369150036;02050190999;MASCULINO;661482901;4;42;39;291;4;M545;DOR LOMBAR BAIXA 
2026-07-27 16:46:41;500769;SAO GABRIEL DO OESTE;6354265;CENTRAL DE REGULACAO DE SAO GABRIEL DO OESTE;500769;SAO GABRIEL DO OESTE;1;1;2026-04-10 14:54:04;3100000;RESSONANCIA MAGNETICA DE COLUNA LOMBO-SACRA;3100000;GRUPO - RESSONANCIA MAGNETICA;0207010048;RESSONANCIA MAGNETICA DE COLUNA LOMBO-SACRA;MICHELE RICHTER;2001-07-10;SIMONE RITH RICHTER;203212275510007;;FEMININO;661459065;4;36;39;249;4;M543;CIATICA 
2026-07-27 16:46:41;500769;SAO GABRIEL DO OESTE;6354265;CENTRAL DE REGULACAO DE SAO GABRIEL DO OESTE;500769;SAO GABRIEL DO OESTE;1;1;2026-04-10 14:42:17;3100000;RESSONANCIA MAGNETICA DE COLUNA LOMBO-SACRA;3100000;GRUPO - RESSONANCIA MAGNETICA;0207010048;RESSONANCIA MAGNETICA DE COLUNA LOMBO-SACRA;NARA THAIZA ALVES CEDRAZ;1988-10-20;FATIMA LUIZA ALVES DE OLIVEIRA;703608012108538;02910864111;FEMININO;661453926;4;34;39;235;4;M545;DOR LOMBAR BAIXA 
2026-07-27 16:46:41;500769;SAO GABRIEL DO OESTE;6354265;CENTRAL DE REGULACAO DE SAO GABRIEL DO OESTE;500769;SAO GABRIEL DO OESTE;1;1;2026-04-10 14:21:50;3100000;RESSONANCIA MAGNETICA DE COLUNA LOMBO-SACRA;3100000;GRUPO - RESSONANCIA MAGNETICA;0207010048;RESSONANCIA MAGNETICA DE COLUNA LOMBO-SACRA;RONIVON DO ROZARIO;1976-07-19;DOMINGA ROSA PEREIRA;700206925268427;93132328120;MASCULINO;661444950;4;33;39;228;4;M545;DOR LOMBAR BAIXA 
2026-07-27 16:46:41;500769;SAO GABRIEL DO OESTE;6354265;CENTRAL DE REGULACAO DE SAO GABRIEL DO OESTE;500769;SAO GABRIEL DO OESTE;1;1;2026-04-09 17:13:50;3100000;RESSONANCIA MAGNETICA DE COLUNA LOMBO-SACRA;3100000;GRUPO - RESSONANCIA MAGNETICA;0207010048;RESSONANCIA MAGNETICA DE COLUNA LOMBO-SACRA;VILMAR DICKER;1964-06-10;IVONE DICKER;706501356803597;46451277053;MASCULINO;661257888;4;29;39;201;4;M545;DOR LOMBAR BAIXA 
2026-07-27 16:46:41;500769;SAO GABRIEL DO OESTE;6354265;CENTRAL DE REGULACAO DE SAO GABRIEL DO OESTE;500769;SAO GABRIEL DO OESTE;1;1;2026-04-09 16:58:55;3100000;RESSONANCIA MAGNETICA DE COLUNA LOMBO-SACRA;3100000;GRUPO - RESSONANCIA MAGNETICA;0207010048;RESSONANCIA MAGNETICA DE COLUNA LOMBO-SACRA;WANDERSON DOS SANTOS FAUSTINI;1987-12-22;MARIA LUCIA VIANA DOS SANTOS;702206186780510;10744178797;MASCULINO;661255012;4;28;39;194;4;M545;DOR LOMBAR BAIXA 
2026-07-27 16:46:41;500769;SAO GABRIEL DO OESTE;6354265;CENTRAL DE REGULACAO DE SAO GABRIEL DO OESTE;500769;SAO GABRIEL DO OESTE;1;1;2026-04-09 16:49:20;3100000;RESSONANCIA MAGNETICA DE COLUNA LOMBO-SACRA;3100000;GRUPO - RESSONANCIA MAGNETICA;0207010048;RESSONANCIA MAGNETICA DE COLUNA LOMBO-SACRA;YASMIM QUEIROZ DOS SANTOS;2007-02-13;YARA QUEIROZ SILVA DE SOUZA;702107788077593;08474590124;FEMININO;661252324;4;27;39;187;4;M545;DOR LOMBAR BAIXA 
2026-07-27 16:46:41;500769;SAO GABRIEL DO OESTE;6354265;CENTRAL DE REGULACAO DE SAO GABRIEL DO OESTE;500769;SAO GABRIEL DO OESTE;1;1;2026-04-09 16:14:12;3100000;RESSONANCIA MAGNETICA DE COLUNA LOMBO-SACRA;3100000;GRUPO - RESSONANCIA MAGNETICA;0207010048;RESSONANCIA MAGNETICA DE COLUNA LOMBO-SACRA;ZENIRDA CARVALHO DOS SANTOS;1971-12-22;JOVELINA DE CARVALHO DOS SANTOS;707409011228276;00800640195;FEMININO;661239910;4;25;39;173;4;M518;OUTROS TRANSTORNOS ESPECIFICADOS DE DISCOS INTERVERTEBRAIS 
2026-07-27 16:46:41;500769;SAO GABRIEL DO OESTE;6354265;CENTRAL DE REGULACAO DE SAO GABRIEL DO OESTE;500769;SAO GABRIEL DO OESTE;1;1;2026-04-14 11:46:26;3100000;RESSONANCIA MAGNETICA DE COLUNA LOMBO-SACRA;3100000;GRUPO - RESSONANCIA MAGNETICA;0207010048;RESSONANCIA MAGNETICA DE COLUNA LOMBO-SACRA;ELOA TEREZINHA ROSSI;1962-02-19;ANA JULIA DE OLIVEIRA;705003683130259;84944706120;FEMININO;661984606;3;12;39;83;4;M461;SACROILEITE NAO CLASSIFICADA EM OUTRA PARTE 
2026-07-27 16:46:41;500769;SAO GABRIEL DO OESTE;6354265;CENTRAL DE REGULACAO DE SAO GABRIEL DO OESTE;500769;SAO GABRIEL DO OESTE;1;1;2026-04-16 11:49:39;3100000;RESSONANCIA MAGNETICA DE COLUNA LOMBO-SACRA;3100000;GRUPO - RESSONANCIA MAGNETICA;0207010048;RESSONANCIA MAGNETICA DE COLUNA LOMBO-SACRA;BRUNO DE AVILA RODRIGUES;1994-08-06;IVONE ALVES DE AVILA;700003546895503;05169853106;MASCULINO;662566149;4;104;39;720;4;M54;DORSALGIA
2026-07-27 16:46:41;500769;SAO GABRIEL DO OESTE;6354265;CENTRAL DE REGULACAO DE SAO GABRIEL DO OESTE;500769;SAO GABRIEL DO OESTE;1;1;2026-04-16 11:39:21;3100000;RESSONANCIA MAGNETICA DE COLUNA LOMBO-SACRA;3100000;GRUPO - RESSONANCIA MAGNETICA;0207010048;RESSONANCIA MAGNETICA DE COLUNA LOMBO-SACRA;ALBERTO CARLOS STRITAR;1965-12-04;LUCI MOREIRA PINTO STRITAR;700002244258100;44659393100;MASCULINO;662561177;4;103;39;713;4;M511;TRANSTORNOS DE DISCOS LOMBARES E DE OUTROS DISCOS INTERVERTEBRAIS COM RADICULOPATIA 
2026-07-27 16:46:41;500769;SAO GABRIEL DO OESTE;6354265;CENTRAL DE REGULACAO DE SAO GABRIEL DO OESTE;500769;SAO GABRIEL DO OESTE;1;1;2026-04-16 11:37:20;3100000;RESSONANCIA MAGNETICA DE COLUNA LOMBO-SACRA;3100000;GRUPO - RESSONANCIA MAGNETICA;0207010048;RESSONANCIA MAGNETICA DE COLUNA LOMBO-SACRA;APARECIDO ALVES DE SOUZA;1984-10-12;MARIA SALETE SIQUEIRA DE SOUZA;706805720110026;07758623980;MASCULINO;662560211;4;102;39;706;4;M545;DOR LOMBAR BAIXA 
2026-07-27 16:46:41;500769;SAO GABRIEL DO OESTE;6354265;CENTRAL DE REGULACAO DE SAO GABRIEL DO OESTE;500769;SAO GABRIEL DO OESTE;1;1;2026-04-16 11:23:47;3100000;RESSONANCIA MAGNETICA DE COLUNA LOMBO-SACRA;3100000;GRUPO - RESSONANCIA MAGNETICA;0207010048;RESSONANCIA MAGNETICA DE COLUNA LOMBO-SACRA;AUDRIA RIBEIRO RODRIGUES;1973-07-01;MARIALZA RIBEIRO;708903763490614;83170146149;FEMININO;662552981;4;99;39;685;4;M54;DORSALGIA
2026-07-27 16:46:41;500769;SAO GABRIEL DO OESTE;6354265;CENTRAL DE REGULACAO DE SAO GABRIEL DO OESTE;500769;SAO GABRIEL DO OESTE;1;1;2026-04-16 11:20:47;3100000;RESSONANCIA MAGNETICA DE COLUNA LOMBO-SACRA;3100000;GRUPO - RESSONANCIA MAGNETICA;0207010048;RESSONANCIA MAGNETICA DE COLUNA LOMBO-SACRA;ADRILENE DUTRA DOS SANTOS;1991-09-25;ELZA DA SILVA DUTRA;700404903368840;05928911190;FEMININO;662551253;4;98;39;678;4;M545;DOR LOMBAR BAIXA 
2026-07-27 16:46:41;500769;SAO GABRIEL DO OESTE;6354265;CENTRAL DE REGULACAO DE SAO GABRIEL DO OESTE;500769;SAO GABRIEL DO OESTE;1;1;2026-04-16 10:58:30;3100000;RESSONANCIA MAGNETICA DE COLUNA LOMBO-SACRA;3100000;GRUPO - RESSONANCIA MAGNETICA;0207010048;RESSONANCIA MAGNETICA DE COLUNA LOMBO-SACRA;ALDEMIR SOARES DA SILVA;1974-09-27;MARIA CICERA VITORINO;702000882113187;66145384115;MASCULINO;662538283;4;95;39;658;4;M545;DOR LOMBAR BAIXA 
2026-07-27 16:46:41;500769;SAO GABRIEL DO OESTE;6354265;CENTRAL DE REGULACAO DE SAO GABRIEL DO OESTE;500769;SAO GABRIEL DO OESTE;1;1;2026-04-16 10:38:16;3100000;RESSONANCIA MAGNETICA DE COLUNA LOMBO-SACRA;3100000;GRUPO - RESSONANCIA MAGNETICA;0207010048;RESSONANCIA MAGNETICA DE COLUNA LOMBO-SACRA;APARECIDA LUIZ;1971-07-07;SEBASTIANA AUGUSTA;702802691334868;30612704858;FEMININO;662525452;4;93;39;644;4;M545;DOR LOMBAR BAIXA 
2026-07-27 16:46:41;500769;SAO GABRIEL DO OESTE;6354265;CENTRAL DE REGULACAO DE SAO GABRIEL DO OESTE;500769;SAO GABRIEL DO OESTE;1;1;2026-04-16 10:33:56;3100000;RESSONANCIA MAGNETICA DE COLUNA LOMBO-SACRA;3100000;GRUPO - RESSONANCIA MAGNETICA;0207010048;RESSONANCIA MAGNETICA DE COLUNA LOMBO-SACRA;APARECIDO RODRIGUES DA CUNHA;1963-11-08;ANTONIA RODRIGUES DE LIMA;700304990807636;33756783120;MASCULINO;662522725;4;92;39;637;4;M431;ESPONDILOLISTESE 
2026-07-27 16:46:41;500769;SAO GABRIEL DO OESTE;6354265;CENTRAL DE REGULACAO DE SAO GABRIEL DO OESTE;500769;SAO GABRIEL DO OESTE;1;1;2026-04-16 10:02:22;3100000;RESSONANCIA MAGNETICA DE COLUNA LOMBO-SACRA;3100000;GRUPO - RESSONANCIA MAGNETICA;0207010048;RESSONANCIA MAGNETICA DE COLUNA LOMBO-SACRA;ANA LUCIA DA SILVA ALENCAR;1978-12-31;MARIA LUZANY ALENCAR;703406202169112;98980033168;FEMININO;662502635;4;88;39;609;4;M545;DOR LOMBAR BAIXA 
2026-07-27 16:46:41;500769;SAO GABRIEL DO OESTE;6354265;CENTRAL DE REGULACAO DE SAO GABRIEL DO OESTE;500769;SAO GABRIEL DO OESTE;1;1;2026-04-16 09:28:19;3100000;RESSONANCIA MAGNETICA DE COLUNA LOMBO-SACRA;3100000;GRUPO - RESSONANCIA MAGNETICA;0207010048;RESSONANCIA MAGNETICA DE COLUNA LOMBO-SACRA;ALEXSANDRO APARECIDO DA SILVA;1977-03-29;MARIA DE LOURDES MIRANDA DA SILVA;706904137904036;01988618932;MASCULINO;662480894;4;86;39;595;4;M545;DOR LOMBAR BAIXA 
2026-07-27 16:46:41;500769;SAO GABRIEL DO OESTE;6354265;CENTRAL DE REGULACAO DE SAO GABRIEL DO OESTE;500769;SAO GABRIEL DO OESTE;1;1;2026-04-16 09:17:29;3100000;RESSONANCIA MAGNETICA DE COLUNA LOMBO-SACRA;3100000;GRUPO - RESSONANCIA MAGNETICA;0207010048;RESSONANCIA MAGNETICA DE COLUNA LOMBO-SACRA;ANGELA MARIA DE SOUZA;1969-07-31;SANTINA DELFINA DE SOUZA;701701231619070;76415090968;FEMININO;662474283;4;83;39;575;4;M545;DOR LOMBAR BAIXA 
2026-07-27 16:46:41;500769;SAO GABRIEL DO OESTE;6354265;CENTRAL DE REGULACAO DE SAO GABRIEL DO OESTE;500769;SAO GABRIEL DO OESTE;1;1;2026-04-16 08:47:50;3100000;RESSONANCIA MAGNETICA DE COLUNA LOMBO-SACRA;3100000;GRUPO - RESSONANCIA MAGNETICA;0207010048;RESSONANCIA MAGNETICA DE COLUNA LOMBO-SACRA;ANDRESSA CRISTINA DELGADO MACHADO;1988-07-16;MARIA LUCIA DELGADO;706403101242886;04788371197;FEMININO;662457613;4;79;39;547;4;M545;DOR LOMBAR BAIXA 
2026-07-27 16:46:41;500769;SAO GABRIEL DO OESTE;6354265;CENTRAL DE REGULACAO DE SAO GABRIEL DO OESTE;500769;SAO GABRIEL DO OESTE;1;1;2026-04-16 08:37:09;3100000;RESSONANCIA MAGNETICA DE COLUNA LOMBO-SACRA;3100000;GRUPO - RESSONANCIA MAGNETICA;0207010048;RESSONANCIA MAGNETICA DE COLUNA LOMBO-SACRA;ANGELA RODRIGUES PORTO;1984-10-17;ROSEMARI DE LIMA RODRIGUES PORTO;709803046849797;01809915155;FEMININO;662452252;4;77;39;533;4;M54;DORSALGIA
2026-07-27 16:46:41;500769;SAO GABRIEL DO OESTE;6354265;CENTRAL DE REGULACAO DE SAO GABRIEL DO OESTE;500769;SAO GABRIEL DO OESTE;1;1;2026-04-16 08:30:11;3100000;RESSONANCIA MAGNETICA DE COLUNA LOMBO-SACRA;3100000;GRUPO - RESSONANCIA MAGNETICA;0207010048;RESSONANCIA MAGNETICA DE COLUNA LOMBO-SACRA;ANA MARIA RODRIGUES DA ROSA;1976-09-21;LOURDES MARIA DA ROSA;708200177170547;84321687187;FEMININO;662448974;4;76;39;526;4;M501;TRANSTORNO DO DISCO CERVICAL COM RADICULOPATIA 
2026-07-27 16:46:41;500769;SAO GABRIEL DO OESTE;6354265;CENTRAL DE REGULACAO DE SAO GABRIEL DO OESTE;500769;SAO GABRIEL DO OESTE;1;1;2026-04-16 08:14:10;3100000;RESSONANCIA MAGNETICA DE COLUNA LOMBO-SACRA;3100000;GRUPO - RESSONANCIA MAGNETICA;0207010048;RESSONANCIA MAGNETICA DE COLUNA LOMBO-SACRA;ADILSON MONTEIRO DOS SANTOS;1991-12-25;RENIR MONTEIRO ALEM DOS SANTOS;700007112794107;04033697110;MASCULINO;662442201;4;75;39;519;4;M545;DOR LOMBAR BAIXA 
2026-07-27 16:46:41;500769;SAO GABRIEL DO OESTE;6354265;CENTRAL DE REGULACAO DE SAO GABRIEL DO OESTE;500769;SAO GABRIEL DO OESTE;1;1;2026-04-15 17:15:14;3100000;RESSONANCIA MAGNETICA DE COLUNA LOMBO-SACRA;3100000;GRUPO - RESSONANCIA MAGNETICA;0207010048;RESSONANCIA MAGNETICA DE COLUNA LOMBO-SACRA;GABRIEL ANTONIO DE SOUZA;1953-03-26;LIDIONETA MARIA DE SOUZA;708705129737095;95791272804;MASCULINO;662408034;4;70;39;485;4;M480;ESTENOSE DA COLUNA VERTEBRAL 
2026-07-27 16:46:41;500769;SAO GABRIEL DO OESTE;6354265;CENTRAL DE REGULACAO DE SAO GABRIEL DO OESTE;500769;SAO GABRIEL DO OESTE;1;1;2026-04-15 16:51:47;3100000;RESSONANCIA MAGNETICA DE COLUNA LOMBO-SACRA;3100000;GRUPO - RESSONANCIA MAGNETICA;0207010048;RESSONANCIA MAGNETICA DE COLUNA LOMBO-SACRA;IZIDIO ALVES DE BRITO;1967-05-11;ERMINIA LOURENTINA ALVES;704506389482011;55908144134;MASCULINO;662402554;4;67;39;464;4;M545;DOR LOMBAR BAIXA 
2026-07-27 16:46:41;500769;SAO GABRIEL DO OESTE;6354265;CENTRAL DE REGULACAO DE SAO GABRIEL DO OESTE;500769;SAO GABRIEL DO OESTE;1;1;2026-04-17 14:44:54;3100000;RESSONANCIA MAGNETICA DE COLUNA LOMBO-SACRA;3100000;GRUPO - RESSONANCIA MAGNETICA;0207010048;RESSONANCIA MAGNETICA DE COLUNA LOMBO-SACRA;EDILEUZA GONZAGA DIAS;1975-12-25;ANTONIA FERREIRA E LIMA;702407081329923;91810442168;FEMININO;662888124;4;154;39;1066;4;M511;TRANSTORNOS DE DISCOS LOMBARES E DE OUTROS DISCOS INTERVERTEBRAIS COM RADICULOPATIA 
2026-07-27 16:46:41;500769;SAO GABRIEL DO OESTE;6354265;CENTRAL DE REGULACAO DE SAO GABRIEL DO OESTE;500769;SAO GABRIEL DO OESTE;1;1;2026-04-17 11:21:26;3100000;RESSONANCIA MAGNETICA DE COLUNA LOMBO-SACRA;3100000;GRUPO - RESSONANCIA MAGNETICA;0207010048;RESSONANCIA MAGNETICA DE COLUNA LOMBO-SACRA;ELENILDE OLIVEIRA DOS SANTOS;1976-08-14;ANAZIDE DA CONCECAO OLIVEIRA DOS SANTOS;702403038869829;65255909572;FEMININO;662820315;4;153;39;1059;4;M545;DOR LOMBAR BAIXA 
2026-07-27 16:46:41;500769;SAO GABRIEL DO OESTE;6354265;CENTRAL DE REGULACAO DE SAO GABRIEL DO OESTE;500769;SAO GABRIEL DO OESTE;1;1;2026-04-17 10:59:08;3100000;RESSONANCIA MAGNETICA DE COLUNA LOMBO-SACRA;3100000;GRUPO - RESSONANCIA MAGNETICA;0207010048;RESSONANCIA MAGNETICA DE COLUNA LOMBO-SACRA;DONILDE SALETE PINHEIRO CARDOSO;1963-02-14;ROSA PINHEIRO;704204234497989;01261106113;FEMININO;662808675;4;150;39;1038;4;M545;DOR LOMBAR BAIXA 
2026-07-27 16:46:41;500769;SAO GABRIEL DO OESTE;6354265;CENTRAL DE REGULACAO DE SAO GABRIEL DO OESTE;500769;SAO GABRIEL DO OESTE;1;1;2026-04-17 10:08:53;3100000;RESSONANCIA MAGNETICA DE COLUNA LOMBO-SACRA;3100000;GRUPO - RESSONANCIA MAGNETICA;0207010048;RESSONANCIA MAGNETICA DE COLUNA LOMBO-SACRA;CLAUDIA LUIZA MORAIS LEITE DE PAULO;1975-04-06;MARIA DE LOURDES MORAIS;702809676316761;77639057191;FEMININO;662779317;4;142;39;983;4;M511;TRANSTORNOS DE DISCOS LOMBARES E DE OUTROS DISCOS INTERVERTEBRAIS COM RADICULOPATIA 
2026-07-27 16:46:41;500769;SAO GABRIEL DO OESTE;6354265;CENTRAL DE REGULACAO DE SAO GABRIEL DO OESTE;500769;SAO GABRIEL DO OESTE;1;1;2026-04-17 09:52:13;3100000;RESSONANCIA MAGNETICA DE COLUNA LOMBO-SACRA;3100000;GRUPO - RESSONANCIA MAGNETICA;0207010048;RESSONANCIA MAGNETICA DE COLUNA LOMBO-SACRA;CELMA APARECIDA FERREIRA;1962-02-09;MARIA DA CONCEICAO FERREIRA;708600542473482;05443669133;FEMININO;662769645;4;140;39;969;4;M545;DOR LOMBAR BAIXA 
2026-07-27 16:46:41;500769;SAO GABRIEL DO OESTE;6354265;CENTRAL DE REGULACAO DE SAO GABRIEL DO OESTE;500769;SAO GABRIEL DO OESTE;1;1;2026-04-17 09:38:45;3100000;RESSONANCIA MAGNETICA DE COLUNA LOMBO-SACRA;3100000;GRUPO - RESSONANCIA MAGNETICA;0207010048;RESSONANCIA MAGNETICA DE COLUNA LOMBO-SACRA;CLAITON ROGERIO HENRIQUES;1973-12-19;ELINA BLOSS HENRIQUES;700406496000744;78076277191;MASCULINO;662762068;4;136;39;942;4;M511;TRANSTORNOS DE DISCOS LOMBARES E DE OUTROS DISCOS INTERVERTEBRAIS COM RADICULOPATIA 
2026-07-27 16:46:41;500769;SAO GABRIEL DO OESTE;6354265;CENTRAL DE REGULACAO DE SAO GABRIEL DO OESTE;500769;SAO GABRIEL DO OESTE;1;1;2026-04-17 09:20:18;3100000;RESSONANCIA MAGNETICA DE COLUNA LOMBO-SACRA;3100000;GRUPO - RESSONANCIA MAGNETICA;0207010048;RESSONANCIA MAGNETICA DE COLUNA LOMBO-SACRA;CARMELINA VIRGINIA MURRO;1946-02-02;VICENTA ANGELINA VIRGINIA;707401066774976;10463674120;FEMININO;662752107;4;131;39;907;4;M544;LUMBAGO COM CIATICA 
2026-07-27 16:46:41;500769;SAO GABRIEL DO OESTE;6354265;CENTRAL DE REGULACAO DE SAO GABRIEL DO OESTE;500769;SAO GABRIEL DO OESTE;1;1;2026-04-17 09:17:21;3100000;RESSONANCIA MAGNETICA DE COLUNA LOMBO-SACRA;3100000;GRUPO - RESSONANCIA MAGNETICA;0207010048;RESSONANCIA MAGNETICA DE COLUNA LOMBO-SACRA;CLEUSA CARVALHO DE OLIVEIRA;1959-03-07;LAZARA CARVALHO DE OLIVEIRA;708205143659440;32024316840;FEMININO;662750571;4;130;39;900;4;M545;DOR LOMBAR BAIXA 
2026-07-27 16:46:41;500769;SAO GABRIEL DO OESTE;6354265;CENTRAL DE REGULACAO DE SAO GABRIEL DO OESTE;500769;SAO GABRIEL DO OESTE;1;1;2026-04-17 08:55:01;3100000;RESSONANCIA MAGNETICA DE COLUNA LOMBO-SACRA;3100000;GRUPO - RESSONANCIA MAGNETICA;0207010048;RESSONANCIA MAGNETICA DE COLUNA LOMBO-SACRA;CACILDO DA SILVA CORREA;1967-09-14;OTILIA MESSIAS DA SILVA;700008434113001;42185610104;MASCULINO;662739401;4;128;39;886;4;M545;DOR LOMBAR BAIXA 
2026-07-27 16:46:41;500769;SAO GABRIEL DO OESTE;6354265;CENTRAL DE REGULACAO DE SAO GABRIEL DO OESTE;500769;SAO GABRIEL DO OESTE;1;1;2026-04-17 08:42:35;3100000;RESSONANCIA MAGNETICA DE COLUNA LOMBO-SACRA;3100000;GRUPO - RESSONANCIA MAGNETICA;0207010048;RESSONANCIA MAGNETICA DE COLUNA LOMBO-SACRA;CLARICE DOS SANTOS OLIVEIRA;1971-11-02;CREUZA JESUS DOS SANTOS OLIVEIRA;702009305528482;97645010100;FEMININO;662733630;4;125;39;865;4;M431;ESPONDILOLISTESE 
2026-07-27 16:46:41;500769;SAO GABRIEL DO OESTE;6354265;CENTRAL DE REGULACAO DE SAO GABRIEL DO OESTE;500769;SAO GABRIEL DO OESTE;1;1;2026-04-16 17:06:02;3100000;RESSONANCIA MAGNETICA DE COLUNA LOMBO-SACRA;3100000;GRUPO - RESSONANCIA MAGNETICA;0207010048;RESSONANCIA MAGNETICA DE COLUNA LOMBO-SACRA;DANILO MATEUS ALVES;1998-08-01;MADALENA MATEUS BASILIO;703606017016834;07758473130;MASCULINO;662688560;4;119;39;824;4;M545;DOR LOMBAR BAIXA 
2026-07-27 16:46:41;500769;SAO GABRIEL DO OESTE;6354265;CENTRAL DE REGULACAO DE SAO GABRIEL DO OESTE;500769;SAO GABRIEL DO OESTE;1;1;2026-04-16 16:44:10;3100000;RESSONANCIA MAGNETICA DE COLUNA LOMBO-SACRA;3100000;GRUPO - RESSONANCIA MAGNETICA;0207010048;RESSONANCIA MAGNETICA DE COLUNA LOMBO-SACRA;ENZO GUTOSKI;1950-01-26;CECILIA GUTOSKI;708206694975846;20600534987;MASCULINO;662682286;4;116;39;803;4;M994;ESTENOSE DE TECIDO CONJUNTIVO DO CANAL MEDULAR 
2026-07-27 16:46:41;500769;SAO GABRIEL DO OESTE;6354265;CENTRAL DE REGULACAO DE SAO GABRIEL DO OESTE;500769;SAO GABRIEL DO OESTE;1;1;2026-04-16 15:59:59;3100000;RESSONANCIA MAGNETICA DE COLUNA LOMBO-SACRA;3100000;GRUPO - RESSONANCIA MAGNETICA;0207010048;RESSONANCIA MAGNETICA DE COLUNA LOMBO-SACRA;ELIZARDO SANCHEZ ORTIZ;1967-08-18;LABRIANA ORTIZ;709204233162933;70788550195;MASCULINO;662664706;4;112;39;775;4;M545;DOR LOMBAR BAIXA 
2026-07-27 16:46:41;500769;SAO GABRIEL DO OESTE;6354265;CENTRAL DE REGULACAO DE SAO GABRIEL DO OESTE;500769;SAO GABRIEL DO OESTE;1;1;2026-04-16 15:26:11;3100000;RESSONANCIA MAGNETICA DE COLUNA LOMBO-SACRA;3100000;GRUPO - RESSONANCIA MAGNETICA;0207010048;RESSONANCIA MAGNETICA DE COLUNA LOMBO-SACRA;EDIVANJA BORGES XAVIER DA MATA;1982-10-01;MARIA BARBOSA BORGES XAVIER;708201606771149;02059767199;FEMININO;662648742;4;109;39;755;4;M513;OUTRA DEGENERACAO ESPECIFICADA DE DISCO INTERVERTEBRAL 
2026-07-27 16:46:41;500769;SAO GABRIEL DO OESTE;6354265;CENTRAL DE REGULACAO DE SAO GABRIEL DO OESTE;500769;SAO GABRIEL DO OESTE;1;1;2026-04-16 14:17:20;3100000;RESSONANCIA MAGNETICA DE COLUNA LOMBO-SACRA;3100000;GRUPO - RESSONANCIA MAGNETICA;0207010048;RESSONANCIA MAGNETICA DE COLUNA LOMBO-SACRA;ACIONE BENITES DE OLIVEIRA;1972-06-23;VANIR BENITES DE OLIVEIRA;708603568616186;80320171191;MASCULINO;662614899;4;108;39;748;4;M431;ESPONDILOLISTESE 
2026-07-27 16:46:41;500769;SAO GABRIEL DO OESTE;6354265;CENTRAL DE REGULACAO DE SAO GABRIEL DO OESTE;500769;SAO GABRIEL DO OESTE;1;1;2026-04-21 12:16:55;3100000;RESSONANCIA MAGNETICA DE COLUNA LOMBO-SACRA;3100000;GRUPO - RESSONANCIA MAGNETICA;0207010048;RESSONANCIA MAGNETICA DE COLUNA LOMBO-SACRA;MARIA LUCIA DE OLIVEIRA VILALVA;1958-08-08;LUCIA PONTES;705002884525950;26242710153;FEMININO;663096429;4;201;39;1392;4;M545;DOR LOMBAR BAIXA 
2026-07-27 16:46:41;500769;SAO GABRIEL DO OESTE;6354265;CENTRAL DE REGULACAO DE SAO GABRIEL DO OESTE;500769;SAO GABRIEL DO OESTE;1;1;2026-04-21 12:08:08;3100000;RESSONANCIA MAGNETICA DE COLUNA LOMBO-SACRA;3100000;GRUPO - RESSONANCIA MAGNETICA;0207010048;RESSONANCIA MAGNETICA DE COLUNA LOMBO-SACRA;LUCIMAR ALVES DE LIMA;1981-08-08;MARIA ALVES DE LIMA;708402754632561;01056219432;FEMININO;663096313;4;198;39;1371;4;M531;SINDROME CERVICOBRAQUIAL 
2026-07-27 16:46:41;500769;SAO GABRIEL DO OESTE;6354265;CENTRAL DE REGULACAO DE SAO GABRIEL DO OESTE;500769;SAO GABRIEL DO OESTE;1;1;2026-04-21 12:02:32;3100000;RESSONANCIA MAGNETICA DE COLUNA LOMBO-SACRA;3100000;GRUPO - RESSONANCIA MAGNETICA;0207010048;RESSONANCIA MAGNETICA DE COLUNA LOMBO-SACRA;MARILENE SILVA MATOS;1963-09-07;NADIR SILVA MATOS;707004828268032;02390587127;FEMININO;663096238;4;195;39;1350;4;M545;DOR LOMBAR BAIXA 
2026-07-27 16:46:41;500769;SAO GABRIEL DO OESTE;6354265;CENTRAL DE REGULACAO DE SAO GABRIEL DO OESTE;500769;SAO GABRIEL DO OESTE;1;1;2026-04-21 11:54:20;3100000;RESSONANCIA MAGNETICA DE COLUNA LOMBO-SACRA;3100000;GRUPO - RESSONANCIA MAGNETICA;0207010048;RESSONANCIA MAGNETICA DE COLUNA LOMBO-SACRA;MARISA PIRES DE ANDRADE;1972-12-27;EVA HONORIA DE ALMEIDA ANDRADE;704002800230166;00097364258;FEMININO;663096099;4;193;39;1336;4;M542;CERVICALGIA 
2026-07-27 16:46:41;500769;SAO GABRIEL DO OESTE;6354265;CENTRAL DE REGULACAO DE SAO GABRIEL DO OESTE;500769;SAO GABRIEL DO OESTE;1;1;2026-04-21 11:47:29;3100000;RESSONANCIA MAGNETICA DE COLUNA LOMBO-SACRA;3100000;GRUPO - RESSONANCIA MAGNETICA;0207010048;RESSONANCIA MAGNETICA DE COLUNA LOMBO-SACRA;MARIA LUCIMAR DE SOUZA CIQUEIRA;1967-02-03;FAUSTINA MARIA DE SOUZA CIQUEIRA;704709742551538;44520255104;FEMININO;663095981;4;191;39;1322;4;M545;DOR LOMBAR BAIXA 
2026-07-27 16:46:41;500769;SAO GABRIEL DO OESTE;6354265;CENTRAL DE REGULACAO DE SAO GABRIEL DO OESTE;500769;SAO GABRIEL DO OESTE;1;1;2026-04-21 11:39:47;3100000;RESSONANCIA MAGNETICA DE COLUNA LOMBO-SACRA;3100000;GRUPO - RESSONANCIA MAGNETICA;0207010048;RESSONANCIA MAGNETICA DE COLUNA LOMBO-SACRA;MARIA DAS DORES MOREIRA DA SILVA;1975-07-18;MARIA DE LOURDES MOREIRA DA SILVA;704509695563220;01277492174;FEMININO;663095836;4;187;39;1295;4;M545;DOR LOMBAR BAIXA 
2026-07-27 16:46:41;500769;SAO GABRIEL DO OESTE;6354265;CENTRAL DE REGULACAO DE SAO GABRIEL DO OESTE;500769;SAO GABRIEL DO OESTE;1;1;2026-04-17 17:50:40;3100000;RESSONANCIA MAGNETICA DE COLUNA LOMBO-SACRA;3100000;GRUPO - RESSONANCIA MAGNETICA;0207010048;RESSONANCIA MAGNETICA DE COLUNA LOMBO-SACRA;ILMA ONEIDE GOLIN NESELLO;1961-08-25;JOSEFINA MELATTI GOLIN;705004061756554;66269040191;FEMININO;662943998;4;186;39;1288;4;M544;LUMBAGO COM CIATICA 
2026-07-27 16:46:41;500769;SAO GABRIEL DO OESTE;6354265;CENTRAL DE REGULACAO DE SAO GABRIEL DO OESTE;500769;SAO GABRIEL DO OESTE;1;1;2026-04-17 17:43:32;3100000;RESSONANCIA MAGNETICA DE COLUNA LOMBO-SACRA;3100000;GRUPO - RESSONANCIA MAGNETICA;0207010048;RESSONANCIA MAGNETICA DE COLUNA LOMBO-SACRA;IRANI GONCALVES DIAS;1965-07-05;VILMA VARGAS DIAS;702306119930610;46476318004;MASCULINO;662943119;4;184;39;1274;4;M545;DOR LOMBAR BAIXA 
2026-07-27 16:46:41;500769;SAO GABRIEL DO OESTE;6354265;CENTRAL DE REGULACAO DE SAO GABRIEL DO OESTE;500769;SAO GABRIEL DO OESTE;1;1;2026-04-17 17:27:56;3100000;RESSONANCIA MAGNETICA DE COLUNA LOMBO-SACRA;3100000;GRUPO - RESSONANCIA MAGNETICA;0207010048;RESSONANCIA MAGNETICA DE COLUNA LOMBO-SACRA;GUILHERME PEREIRA;2006-01-24;DAIANA DINIZ PEREIRA;700807443621083;07348478158;MASCULINO;662940882;4;178;39;1232;4;M546;DOR NA COLUNA TORACICA 
2026-07-27 16:46:41;500769;SAO GABRIEL DO OESTE;6354265;CENTRAL DE REGULACAO DE SAO GABRIEL DO OESTE;500769;SAO GABRIEL DO OESTE;1;1;2026-04-17 17:19:08;3100000;RESSONANCIA MAGNETICA DE COLUNA LOMBO-SACRA;3100000;GRUPO - RESSONANCIA MAGNETICA;0207010048;RESSONANCIA MAGNETICA DE COLUNA LOMBO-SACRA;GENESIO DE SOUZA DUARTH;1964-09-05;ELVIRA RODRIGUES DE SOUZA;707803660148118;48936758187;MASCULINO;662939491;4;175;39;1212;4;M545;DOR LOMBAR BAIXA 
2026-07-27 16:46:41;500769;SAO GABRIEL DO OESTE;6354265;CENTRAL DE REGULACAO DE SAO GABRIEL DO OESTE;500769;SAO GABRIEL DO OESTE;1;1;2026-04-17 17:01:17;3100000;RESSONANCIA MAGNETICA DE COLUNA LOMBO-SACRA;3100000;GRUPO - RESSONANCIA MAGNETICA;0207010048;RESSONANCIA MAGNETICA DE COLUNA LOMBO-SACRA;GERALDO SERGIO DE OLIVEIRA;1967-02-06;JOVENILIA MARIA DE OLIVEIRA;702404005563322;34088687272;MASCULINO;662936261;4;172;39;1191;4;M545;DOR LOMBAR BAIXA 
2026-07-27 16:46:41;500769;SAO GABRIEL DO OESTE;6354265;CENTRAL DE REGULACAO DE SAO GABRIEL DO OESTE;500769;SAO GABRIEL DO OESTE;1;1;2026-04-17 16:42:32;3100000;RESSONANCIA MAGNETICA DE COLUNA LOMBO-SACRA;3100000;GRUPO - RESSONANCIA MAGNETICA;0207010048;RESSONANCIA MAGNETICA DE COLUNA LOMBO-SACRA;FABIO LUIS SACHETT;1971-03-29;IVONI VALERIA SACHETT;706209517993260;63308843072;MASCULINO;662931670;4;171;39;1184;4;M511;TRANSTORNOS DE DISCOS LOMBARES E DE OUTROS DISCOS INTERVERTEBRAIS COM RADICULOPATIA 
2026-07-27 16:46:41;500769;SAO GABRIEL DO OESTE;6354265;CENTRAL DE REGULACAO DE SAO GABRIEL DO OESTE;500769;SAO GABRIEL DO OESTE;1;1;2026-04-17 16:29:03;3100000;RESSONANCIA MAGNETICA DE COLUNA LOMBO-SACRA;3100000;GRUPO - RESSONANCIA MAGNETICA;0207010048;RESSONANCIA MAGNETICA DE COLUNA LOMBO-SACRA;FABIANA FAVERSSIANI FERREIRA;1981-02-22;TEREZA FAVERSSIANI FERREIRA;703405246442913;03811625160;FEMININO;662927822;4;170;39;1177;4;M54;DORSALGIA
2026-07-27 16:46:41;500769;SAO GABRIEL DO OESTE;6354265;CENTRAL DE REGULACAO DE SAO GABRIEL DO OESTE;500769;SAO GABRIEL DO OESTE;1;1;2026-04-17 16:12:13;3100000;RESSONANCIA MAGNETICA DE COLUNA LOMBO-SACRA;3100000;GRUPO - RESSONANCIA MAGNETICA;0207010048;RESSONANCIA MAGNETICA DE COLUNA LOMBO-SACRA;FRANCISCA MARIA DE OLIVEIRA;1956-11-10;MARIA DE JESUS DA SILVA;704304557663391;49007572172;FEMININO;662922676;4;168;39;1163;4;M994;ESTENOSE DE TECIDO CONJUNTIVO DO CANAL MEDULAR 
2026-07-27 16:46:41;500769;SAO GABRIEL DO OESTE;6354265;CENTRAL DE REGULACAO DE SAO GABRIEL DO OESTE;500769;SAO GABRIEL DO OESTE;1;1;2026-04-17 16:08:47;3100000;RESSONANCIA MAGNETICA DE COLUNA LOMBO-SACRA;3100000;GRUPO - RESSONANCIA MAGNETICA;0207010048;RESSONANCIA MAGNETICA DE COLUNA LOMBO-SACRA;FRANCISCA DA SILVA OLIVEIRA;1961-02-01;OLGA BARBOSA SILVA;703606062692339;00174857381;FEMININO;662921531;4;167;39;1156;4;M545;DOR LOMBAR BAIXA 
2026-07-27 16:46:41;500769;SAO GABRIEL DO OESTE;6354265;CENTRAL DE REGULACAO DE SAO GABRIEL DO OESTE;500769;SAO GABRIEL DO OESTE;1;1;2026-04-17 15:34:01;3100000;RESSONANCIA MAGNETICA DE COLUNA LOMBO-SACRA;3100000;GRUPO - RESSONANCIA MAGNETICA;0207010048;RESSONANCIA MAGNETICA DE COLUNA LOMBO-SACRA;ELIANA FATIMA DOS SANTOS PINHEIRO SOCCOL;1964-09-02;SANTA TERESINHA BARBOSA DOS SANTOS;706700509246513;03391863137;FEMININO;662908629;4;163;39;1128;4;M545;DOR LOMBAR BAIXA 
2026-07-27 16:46:41;500769;SAO GABRIEL DO OESTE;6354265;CENTRAL DE REGULACAO DE SAO GABRIEL DO OESTE;500769;SAO GABRIEL DO OESTE;1;1;2026-04-17 15:04:21;3100000;RESSONANCIA MAGNETICA DE COLUNA LOMBO-SACRA;3100000;GRUPO - RESSONANCIA MAGNETICA;0207010048;RESSONANCIA MAGNETICA DE COLUNA LOMBO-SACRA;ESTELINA EVA DE MELO SANTANA;1968-06-29;OSMIRA DOS SANTOS MELO;700005241561107;88320367115;FEMININO;662896531;4;158;39;1094;4;M545;DOR LOMBAR BAIXA 
2026-07-27 16:46:41;500769;SAO GABRIEL DO OESTE;6354265;CENTRAL DE REGULACAO DE SAO GABRIEL DO OESTE;500769;SAO GABRIEL DO OESTE;1;1;2026-04-21 13:38:08;3100000;RESSONANCIA MAGNETICA DE COLUNA LOMBO-SACRA;3100000;GRUPO - RESSONANCIA MAGNETICA;0207010048;RESSONANCIA MAGNETICA DE COLUNA LOMBO-SACRA;OSVALDO PROCOPIO DA SILVA DE SOUZA;1968-02-17;JOSEFA PROCOPIO DA SILVA;703606060055331;43683843187;MASCULINO;663097515;4;256;39;1772;4;M545;DOR LOMBAR BAIXA 
2026-07-27 16:46:41;500769;SAO GABRIEL DO OESTE;6354265;CENTRAL DE REGULACAO DE SAO GABRIEL DO OESTE;500769;SAO GABRIEL DO OESTE;1;1;2026-04-21 13:33:09;3100000;RESSONANCIA MAGNETICA DE COLUNA LOMBO-SACRA;3100000;GRUPO - RESSONANCIA MAGNETICA;0207010048;RESSONANCIA MAGNETICA DE COLUNA LOMBO-SACRA;OVIEDO FEITOSA SANTOS;1974-09-17;MARIA DE LOURDES FEITOSA;703204606488198;71949801500;MASCULINO;663097436;4;253;39;1752;4;S32;FRATURA DA COLUNA LOMBAR E DA PELVE
2026-07-27 16:46:41;500769;SAO GABRIEL DO OESTE;6354265;CENTRAL DE REGULACAO DE SAO GABRIEL DO OESTE;500769;SAO GABRIEL DO OESTE;1;1;2026-04-21 13:22:21;3100000;RESSONANCIA MAGNETICA DE COLUNA LOMBO-SACRA;3100000;GRUPO - RESSONANCIA MAGNETICA;0207010048;RESSONANCIA MAGNETICA DE COLUNA LOMBO-SACRA;LUCIA MARA DE MATOS VILELA;1977-02-14;LUZIA ANTONIO DE MATOS;706400658897985;01390276104;FEMININO;663097282;4;246;39;1703;4;M545;DOR LOMBAR BAIXA 
2026-07-27 16:46:41;500769;SAO GABRIEL DO OESTE;6354265;CENTRAL DE REGULACAO DE SAO GABRIEL DO OESTE;500769;SAO GABRIEL DO OESTE;1;1;2026-04-21 13:19:27;3100000;RESSONANCIA MAGNETICA DE COLUNA LOMBO-SACRA;3100000;GRUPO - RESSONANCIA MAGNETICA;0207010048;RESSONANCIA MAGNETICA DE COLUNA LOMBO-SACRA;LUCIANE GUILHERMINA PREUSSLER KIRCH;1983-12-12;ELZA PREUSSLER;700408975198848;04344334973;FEMININO;663097245;4;244;39;1689;4;M549;DORSALGIA NAO ESPECIFICADA 
2026-07-27 16:46:41;500769;SAO GABRIEL DO OESTE;6354265;CENTRAL DE REGULACAO DE SAO GABRIEL DO OESTE;500769;SAO GABRIEL DO OESTE;1;1;2026-04-21 13:12:59;3100000;RESSONANCIA MAGNETICA DE COLUNA LOMBO-SACRA;3100000;GRUPO - RESSONANCIA MAGNETICA;0207010048;RESSONANCIA MAGNETICA DE COLUNA LOMBO-SACRA;NEUSA BROETTO SIQUEIRA;1956-06-25;GEMA BROETTO;706002887841541;78028060110;FEMININO;663097171;4;242;39;1675;4;M53;OUTRAS DORSOPATIAS NAO CLASSIFICADAS EM OUTRA PARTE
2026-07-27 16:46:41;500769;SAO GABRIEL DO OESTE;6354265;CENTRAL DE REGULACAO DE SAO GABRIEL DO OESTE;500769;SAO GABRIEL DO OESTE;1;1;2026-04-21 13:11:00;3100000;RESSONANCIA MAGNETICA DE COLUNA LOMBO-SACRA;3100000;GRUPO - RESSONANCIA MAGNETICA;0207010048;RESSONANCIA MAGNETICA DE COLUNA LOMBO-SACRA;MARIA ANTONIA ELIAS DA SILVA;1959-10-23;JANDIRA TEREZINHA DA SILVA;700201437649729;02068694107;FEMININO;663097143;4;240;39;1662;4;M179;GONARTROSE NAO ESPECIFICADA 
2026-07-27 16:46:41;500769;SAO GABRIEL DO OESTE;6354265;CENTRAL DE REGULACAO DE SAO GABRIEL DO OESTE;500769;SAO GABRIEL DO OESTE;1;1;2026-04-21 13:07:21;3100000;RESSONANCIA MAGNETICA DE COLUNA LOMBO-SACRA;3100000;GRUPO - RESSONANCIA MAGNETICA;0207010048;RESSONANCIA MAGNETICA DE COLUNA LOMBO-SACRA;ANELISE CIDRAO ROSA;1989-07-24;MAYSA CIDRAO ROSA;700506960629551;02742339167;FEMININO;663097088;4;237;39;1641;4;M545;DOR LOMBAR BAIXA 
2026-07-27 16:46:41;500769;SAO GABRIEL DO OESTE;6354265;CENTRAL DE REGULACAO DE SAO GABRIEL DO OESTE;500769;SAO GABRIEL DO OESTE;1;1;2026-04-21 13:03:42;3100000;RESSONANCIA MAGNETICA DE COLUNA LOMBO-SACRA;3100000;GRUPO - RESSONANCIA MAGNETICA;0207010048;RESSONANCIA MAGNETICA DE COLUNA LOMBO-SACRA;MARIA SONIA DOS SANTOS;1959-03-17;ELIZEUDA MARTINS DIAS;706503326459393;79330282172;FEMININO;663097044;4;233;39;1613;4;M545;DOR LOMBAR BAIXA 
2026-07-27 16:46:41;500769;SAO GABRIEL DO OESTE;6354265;CENTRAL DE REGULACAO DE SAO GABRIEL DO OESTE;500769;SAO GABRIEL DO OESTE;1;1;2026-04-21 13:03:05;3100000;RESSONANCIA MAGNETICA DE COLUNA LOMBO-SACRA;3100000;GRUPO - RESSONANCIA MAGNETICA;0207010048;RESSONANCIA MAGNETICA DE COLUNA LOMBO-SACRA;NEUZA ALVES DE OLIVEIRA;1960-10-28;ANTONIA LUIZA DA COSTA;706402395222690;28869800130;FEMININO;663097032;4;232;39;1606;4;M545;DOR LOMBAR BAIXA 
2026-07-27 16:46:41;500769;SAO GABRIEL DO OESTE;6354265;CENTRAL DE REGULACAO DE SAO GABRIEL DO OESTE;500769;SAO GABRIEL DO OESTE;1;1;2026-04-21 13:00:01;3100000;RESSONANCIA MAGNETICA DE COLUNA LOMBO-SACRA;3100000;GRUPO - RESSONANCIA MAGNETICA;0207010048;RESSONANCIA MAGNETICA DE COLUNA LOMBO-SACRA;NILMA FELICIO FARIA NOGUEIRA;1963-09-14;AURORA FELICIO FARIA;701809225725774;80713343168;FEMININO;663096993;4;230;39;1592;4;M543;CIATICA 
2026-07-27 16:46:41;500769;SAO GABRIEL DO OESTE;6354265;CENTRAL DE REGULACAO DE SAO GABRIEL DO OESTE;500769;SAO GABRIEL DO OESTE;1;1;2026-04-21 12:59:58;3100000;RESSONANCIA MAGNETICA DE COLUNA LOMBO-SACRA;3100000;GRUPO - RESSONANCIA MAGNETICA;0207010048;RESSONANCIA MAGNETICA DE COLUNA LOMBO-SACRA;MARIA VALDINETE DO CARMO SILVA BONNES;1983-04-21;VALDINETE FRANCELINO DO CARMO SILVA;706804779190629;02478705109;FEMININO;663096992;4;229;39;1585;4;M545;DOR LOMBAR BAIXA 
2026-07-27 16:46:41;500769;SAO GABRIEL DO OESTE;6354265;CENTRAL DE REGULACAO DE SAO GABRIEL DO OESTE;500769;SAO GABRIEL DO OESTE;1;1;2026-04-21 12:55:58;3100000;RESSONANCIA MAGNETICA DE COLUNA LOMBO-SACRA;3100000;GRUPO - RESSONANCIA MAGNETICA;0207010048;RESSONANCIA MAGNETICA DE COLUNA LOMBO-SACRA;MARINA FERREIRA LOPES;1955-11-10;MADALENA FERREIRA DE MATOS;700400434968944;34582541100;FEMININO;663096938;4;226;39;1565;4;M544;LUMBAGO COM CIATICA 
2026-07-27 16:46:41;500769;SAO GABRIEL DO OESTE;6354265;CENTRAL DE REGULACAO DE SAO GABRIEL DO OESTE;500769;SAO GABRIEL DO OESTE;1;1;2026-04-21 12:49:59;3100000;RESSONANCIA MAGNETICA DE COLUNA LOMBO-SACRA;3100000;GRUPO - RESSONANCIA MAGNETICA;0207010048;RESSONANCIA MAGNETICA DE COLUNA LOMBO-SACRA;MAURA PEREIRA DA CRUZ;1957-03-05;OSCALINA CORREA SOUZA;703400289631012;85809357172;FEMININO;663096878;4;222;39;1537;4;M545;DOR LOMBAR BAIXA 
2026-07-27 16:46:41;500769;SAO GABRIEL DO OESTE;6354265;CENTRAL DE REGULACAO DE SAO GABRIEL DO OESTE;500769;SAO GABRIEL DO OESTE;1;1;2026-04-21 12:45:06;3100000;RESSONANCIA MAGNETICA DE COLUNA LOMBO-SACRA;3100000;GRUPO - RESSONANCIA MAGNETICA;0207010048;RESSONANCIA MAGNETICA DE COLUNA LOMBO-SACRA;MARIA LUCILENE LOPES DE MACEDO;1974-12-27;MARIA LUCIA ALEXANDRIA LOPES;708400218712665;93521464415;FEMININO;663096828;4;218;39;1509;4;M545;DOR LOMBAR BAIXA 
2026-07-27 16:46:41;500769;SAO GABRIEL DO OESTE;6354265;CENTRAL DE REGULACAO DE SAO GABRIEL DO OESTE;500769;SAO GABRIEL DO OESTE;1;1;2026-04-21 12:43:06;3100000;RESSONANCIA MAGNETICA DE COLUNA LOMBO-SACRA;3100000;GRUPO - RESSONANCIA MAGNETICA;0207010048;RESSONANCIA MAGNETICA DE COLUNA LOMBO-SACRA;MARIA ODETE FABIANO DOS SANTOS;1979-05-15;BENEDITA FABIANO LIMA;702000306287189;03582509192;FEMININO;663096804;4;217;39;1502;4;M545;DOR LOMBAR BAIXA 
2026-07-27 16:46:41;500769;SAO GABRIEL DO OESTE;6354265;CENTRAL DE REGULACAO DE SAO GABRIEL DO OESTE;500769;SAO GABRIEL DO OESTE;1;1;2026-04-21 12:42:50;3100000;RESSONANCIA MAGNETICA DE COLUNA LOMBO-SACRA;3100000;GRUPO - RESSONANCIA MAGNETICA;0207010048;RESSONANCIA MAGNETICA DE COLUNA LOMBO-SACRA;NELCLAIR RODRIGUES TALAVEIRA;1981-04-03;JUDACI RODRIGUES LIMA;708701145674694;92607063191;MASCULINO;663096799;4;216;39;1495;4;M513;OUTRA DEGENERACAO ESPECIFICADA DE DISCO INTERVERTEBRAL 
2026-07-27 16:46:41;500769;SAO GABRIEL DO OESTE;6354265;CENTRAL DE REGULACAO DE SAO GABRIEL DO OESTE;500769;SAO GABRIEL DO OESTE;1;1;2026-04-21 12:40:15;3100000;RESSONANCIA MAGNETICA DE COLUNA LOMBO-SACRA;3100000;GRUPO - RESSONANCIA MAGNETICA;0207010048;RESSONANCIA MAGNETICA DE COLUNA LOMBO-SACRA;LUCIMAR FERREIRA DIAS;1972-03-13;ZILDA FERREIRA DIAS;700500518569551;59572787187;FEMININO;663096765;4;214;39;1482;4;M511;TRANSTORNOS DE DISCOS LOMBARES E DE OUTROS DISCOS INTERVERTEBRAIS COM RADICULOPATIA 
2026-07-27 16:46:41;500769;SAO GABRIEL DO OESTE;6354265;CENTRAL DE REGULACAO DE SAO GABRIEL DO OESTE;500769;SAO GABRIEL DO OESTE;1;1;2026-04-21 12:36:14;3100000;RESSONANCIA MAGNETICA DE COLUNA LOMBO-SACRA;3100000;GRUPO - RESSONANCIA MAGNETICA;0207010048;RESSONANCIA MAGNETICA DE COLUNA LOMBO-SACRA;LUIS AUGUSTO GARCIA;1973-09-21;IRACEMA FERREIRA LEAL;702407092716028;91569419191;MASCULINO;663096721;4;212;39;1468;4;M511;TRANSTORNOS DE DISCOS LOMBARES E DE OUTROS DISCOS INTERVERTEBRAIS COM RADICULOPATIA 
2026-07-27 16:46:41;500769;SAO GABRIEL DO OESTE;6354265;CENTRAL DE REGULACAO DE SAO GABRIEL DO OESTE;500769;SAO GABRIEL DO OESTE;1;1;2026-04-21 12:31:05;3100000;RESSONANCIA MAGNETICA DE COLUNA LOMBO-SACRA;3100000;GRUPO - RESSONANCIA MAGNETICA;0207010048;RESSONANCIA MAGNETICA DE COLUNA LOMBO-SACRA;MARILENE JOSEFA DE OLIVEIRA;1959-12-25;JOSEFA JULIA DA CONCEICAO;700403424843742;35721189134;FEMININO;663096652;4;209;39;1447;4;M54;DORSALGIA
2026-07-27 16:46:41;500769;SAO GABRIEL DO OESTE;6354265;CENTRAL DE REGULACAO DE SAO GABRIEL DO OESTE;500769;SAO GABRIEL DO OESTE;1;1;2026-04-21 14:55:56;3100000;RESSONANCIA MAGNETICA DE COLUNA LOMBO-SACRA;3100000;GRUPO - RESSONANCIA MAGNETICA;0207010048;RESSONANCIA MAGNETICA DE COLUNA LOMBO-SACRA;SONIA ROSANGELA BORGES LEAL VICENTE;1970-07-18;CLEUZA BORGES LEAL;701105814690080;34871683249;FEMININO;663099055;4;307;39;2125;4;M549;DORSALGIA NAO ESPECIFICADA 
2026-07-27 16:46:41;500769;SAO GABRIEL DO OESTE;6354265;CENTRAL DE REGULACAO DE SAO GABRIEL DO OESTE;500769;SAO GABRIEL DO OESTE;1;1;2026-04-21 14:48:28;3100000;RESSONANCIA MAGNETICA DE COLUNA LOMBO-SACRA;3100000;GRUPO - RESSONANCIA MAGNETICA;0207010048;RESSONANCIA MAGNETICA DE COLUNA LOMBO-SACRA;SILENE FERREIRA DO CARMO;1975-04-26;VALDIRA FERREIRA DO CARMO;709607697971774;58323031134;FEMININO;663098888;4;302;39;2091;4;M545;DOR LOMBAR BAIXA 
2026-07-27 16:46:41;500769;SAO GABRIEL DO OESTE;6354265;CENTRAL DE REGULACAO DE SAO GABRIEL DO OESTE;500769;SAO GABRIEL DO OESTE;1;1;2026-04-21 14:47:05;3100000;RESSONANCIA MAGNETICA DE COLUNA LOMBO-SACRA;3100000;GRUPO - RESSONANCIA MAGNETICA;0207010048;RESSONANCIA MAGNETICA DE COLUNA LOMBO-SACRA;JOSE DE SOUZA;1962-04-20;APARECIDA DE SOUZA;706200011585368;60039132153;MASCULINO;663098867;4;301;39;2084;4;M713;OUTROS CISTOS DE BOLSA SINOVIAL 
2026-07-27 16:46:41;500769;SAO GABRIEL DO OESTE;6354265;CENTRAL DE REGULACAO DE SAO GABRIEL DO OESTE;500769;SAO GABRIEL DO OESTE;1;1;2026-04-21 14:42:15;3100000;RESSONANCIA MAGNETICA DE COLUNA LOMBO-SACRA;3100000;GRUPO - RESSONANCIA MAGNETICA;0207010048;RESSONANCIA MAGNETICA DE COLUNA LOMBO-SACRA;JENI ALVES DOS SANTOS;1948-03-02;ANA ROSA;700706921635080;35603763191;FEMININO;663098778;4;298;39;2063;4;M545;DOR LOMBAR BAIXA 
2026-07-27 16:46:41;500769;SAO GABRIEL DO OESTE;6354265;CENTRAL DE REGULACAO DE SAO GABRIEL DO OESTE;500769;SAO GABRIEL DO OESTE;1;1;2026-04-21 14:38:29;3100000;RESSONANCIA MAGNETICA DE COLUNA LOMBO-SACRA;3100000;GRUPO - RESSONANCIA MAGNETICA;0207010048;RESSONANCIA MAGNETICA DE COLUNA LOMBO-SACRA;RAIMUNDO RIBEIRO DA COSTA;1958-03-15;JOSEFA RIBEIRO DA COSTA;706006351934048;55908160172;MASCULINO;663098714;4;295;39;2042;4;M545;DOR LOMBAR BAIXA 
2026-07-27 16:46:41;500769;SAO GABRIEL DO OESTE;6354265;CENTRAL DE REGULACAO DE SAO GABRIEL DO OESTE;500769;SAO GABRIEL DO OESTE;1;1;2026-04-21 14:31:31;3100000;RESSONANCIA MAGNETICA DE COLUNA LOMBO-SACRA;3100000;GRUPO - RESSONANCIA MAGNETICA;0207010048;RESSONANCIA MAGNETICA DE COLUNA LOMBO-SACRA;RITA DE CASSIA SILVA;1984-02-07;CREUZA LUCAS DA SILVA;704004831841568;01912292530;FEMININO;663098575;4;291;39;2015;4;M54;DORSALGIA
2026-07-27 16:46:41;500769;SAO GABRIEL DO OESTE;6354265;CENTRAL DE REGULACAO DE SAO GABRIEL DO OESTE;500769;SAO GABRIEL DO OESTE;1;1;2026-04-21 14:25:05;3100000;RESSONANCIA MAGNETICA DE COLUNA LOMBO-SACRA;3100000;GRUPO - RESSONANCIA MAGNETICA;0207010048;RESSONANCIA MAGNETICA DE COLUNA LOMBO-SACRA;RONALDO PAIXAO FIEL SANTOS;1995-07-10;MARIA PUREZA PAIXAO FIEL;708703105183195;07565434523;MASCULINO;663098444;4;288;39;1994;4;M545;DOR LOMBAR BAIXA 
2026-07-27 16:46:41;500769;SAO GABRIEL DO OESTE;6354265;CENTRAL DE REGULACAO DE SAO GABRIEL DO OESTE;500769;SAO GABRIEL DO OESTE;1;1;2026-04-21 14:23:35;3100000;RESSONANCIA MAGNETICA DE COLUNA LOMBO-SACRA;3100000;GRUPO - RESSONANCIA MAGNETICA;0207010048;RESSONANCIA MAGNETICA DE COLUNA LOMBO-SACRA;LAUDILENE VALERIO DE ARRUDA SILVA;1969-11-27;ANAMIM VALERIO DE ARRUDA;701009897574991;75440423400;FEMININO;663098417;4;287;39;1987;4;M545;DOR LOMBAR BAIXA 
2026-07-27 16:46:41;500769;SAO GABRIEL DO OESTE;6354265;CENTRAL DE REGULACAO DE SAO GABRIEL DO OESTE;500769;SAO GABRIEL DO OESTE;1;1;2026-04-21 14:23:14;3100000;RESSONANCIA MAGNETICA DE COLUNA LOMBO-SACRA;3100000;GRUPO - RESSONANCIA MAGNETICA;0207010048;RESSONANCIA MAGNETICA DE COLUNA LOMBO-SACRA;MADALENA SIQUEIRA;1962-09-27;SERVINA FELIZARDA SIQUEIRA;705609456916618;29835828172;FEMININO;663098410;4;284;39;1966;4;M545;DOR LOMBAR BAIXA 
2026-07-27 16:46:41;500769;SAO GABRIEL DO OESTE;6354265;CENTRAL DE REGULACAO DE SAO GABRIEL DO OESTE;500769;SAO GABRIEL DO OESTE;1;1;2026-04-21 14:18:40;3100000;RESSONANCIA MAGNETICA DE COLUNA LOMBO-SACRA;3100000;GRUPO - RESSONANCIA MAGNETICA;0207010048;RESSONANCIA MAGNETICA DE COLUNA LOMBO-SACRA;MARGARIDA DA SILVA FERREIRA;1963-05-26;MARIA BELCHIOR DA SILVA;705802499878833;34859330153;FEMININO;663098319;4;281;39;1945;4;M54;DORSALGIA
2026-07-27 16:46:41;500769;SAO GABRIEL DO OESTE;6354265;CENTRAL DE REGULACAO DE SAO GABRIEL DO OESTE;500769;SAO GABRIEL DO OESTE;1;1;2026-04-21 14:12:26;3100000;RESSONANCIA MAGNETICA DE COLUNA LOMBO-SACRA;3100000;GRUPO - RESSONANCIA MAGNETICA;0207010048;RESSONANCIA MAGNETICA DE COLUNA LOMBO-SACRA;LUCILENE LEITE BARBOSA;1974-10-15;NELY LEITE BARBOSA;702005345464082;01907073132;FEMININO;663098178;4;278;39;1925;4;M545;DOR LOMBAR BAIXA 
2026-07-27 16:46:41;500769;SAO GABRIEL DO OESTE;6354265;CENTRAL DE REGULACAO DE SAO GABRIEL DO OESTE;500769;SAO GABRIEL DO OESTE;1;1;2026-04-21 14:11:40;3100000;RESSONANCIA MAGNETICA DE COLUNA LOMBO-SACRA;3100000;GRUPO - RESSONANCIA MAGNETICA;0207010048;RESSONANCIA MAGNETICA DE COLUNA LOMBO-SACRA;ROSELI FERNANDES;1969-08-31;MARIA EDNA FERNANDES;708703111377893;60917288149;FEMININO;663098155;4;277;39;1918;4;M545;DOR LOMBAR BAIXA 
2026-07-27 16:46:41;500769;SAO GABRIEL DO OESTE;6354265;CENTRAL DE REGULACAO DE SAO GABRIEL DO OESTE;500769;SAO GABRIEL DO OESTE;1;1;2026-04-21 14:10:35;3100000;RESSONANCIA MAGNETICA DE COLUNA LOMBO-SACRA;3100000;GRUPO - RESSONANCIA MAGNETICA;0207010048;RESSONANCIA MAGNETICA DE COLUNA LOMBO-SACRA;PATRICIA APARECIDA DE PAULA;1969-08-01;CONCEICAO APARECIDA DE PAULA;700208426060229;55998879104;FEMININO;663098130;4;275;39;1904;4;M545;DOR LOMBAR BAIXA 
2026-07-27 16:46:41;500769;SAO GABRIEL DO OESTE;6354265;CENTRAL DE REGULACAO DE SAO GABRIEL DO OESTE;500769;SAO GABRIEL DO OESTE;1;1;2026-04-21 14:09:24;3100000;RESSONANCIA MAGNETICA DE COLUNA LOMBO-SACRA;3100000;GRUPO - RESSONANCIA MAGNETICA;0207010048;RESSONANCIA MAGNETICA DE COLUNA LOMBO-SACRA;MARIA ZELIA FERREIRA OLIVEIRA ALVES;1960-07-12;UBALDINA FERREIRA DE OLIVEIRA;701802230380171;28529294149;FEMININO;663098103;4;274;39;1897;4;M545;DOR LOMBAR BAIXA 
2026-07-27 16:46:41;500769;SAO GABRIEL DO OESTE;6354265;CENTRAL DE REGULACAO DE SAO GABRIEL DO OESTE;500769;SAO GABRIEL DO OESTE;1;1;2026-04-21 14:05:57;3100000;RESSONANCIA MAGNETICA DE COLUNA LOMBO-SACRA;3100000;GRUPO - RESSONANCIA MAGNETICA;0207010048;RESSONANCIA MAGNETICA DE COLUNA LOMBO-SACRA;MARIA BASTOS DOS ANJOS;1947-06-15;JOSEFA BASTOS DE ARAUJO;702504360183735;40451380134;FEMININO;663098030;4;271;39;1876;4;M494;ESPONDILOPATIA NEUROPATICA 
2026-07-27 16:46:41;500769;SAO GABRIEL DO OESTE;6354265;CENTRAL DE REGULACAO DE SAO GABRIEL DO OESTE;500769;SAO GABRIEL DO OESTE;1;1;2026-04-21 14:04:13;3100000;RESSONANCIA MAGNETICA DE COLUNA LOMBO-SACRA;3100000;GRUPO - RESSONANCIA MAGNETICA;0207010048;RESSONANCIA MAGNETICA DE COLUNA LOMBO-SACRA;RONALDO LOPES COIMBRA;1974-02-27;MARGARIDA DA SILVA COIMBRA;700008687910309;61471356191;MASCULINO;663097994;4;270;39;1869;4;M545;DOR LOMBAR BAIXA 
2026-07-27 16:46:41;500769;SAO GABRIEL DO OESTE;6354265;CENTRAL DE REGULACAO DE SAO GABRIEL DO OESTE;500769;SAO GABRIEL DO OESTE;1;1;2026-04-21 14:03:27;3100000;RESSONANCIA MAGNETICA DE COLUNA LOMBO-SACRA;3100000;GRUPO - RESSONANCIA MAGNETICA;0207010048;RESSONANCIA MAGNETICA DE COLUNA LOMBO-SACRA;LUIZ ALBERTO DE OLIVEIRA;1982-07-15;LAURINDA DE OLIVEIRA;706404676925581;03777842907;MASCULINO;663097974;4;269;39;1862;4;M544;LUMBAGO COM CIATICA 
2026-07-27 16:46:41;500769;SAO GABRIEL DO OESTE;6354265;CENTRAL DE REGULACAO DE SAO GABRIEL DO OESTE;500769;SAO GABRIEL DO OESTE;1;1;2026-04-21 13:59:50;3100000;RESSONANCIA MAGNETICA DE COLUNA LOMBO-SACRA;3100000;GRUPO - RESSONANCIA MAGNETICA;0207010048;RESSONANCIA MAGNETICA DE COLUNA LOMBO-SACRA;RAIMUNDA RODRIGUES DE OLIVEIRA;1967-08-08;MARIA DE LOURDES DA SILVA OLIVEIRA;702404592813429;70198514107;FEMININO;663097899;4;265;39;1835;4;M511;TRANSTORNOS DE DISCOS LOMBARES E DE OUTROS DISCOS INTERVERTEBRAIS COM RADICULOPATIA 
2026-07-27 16:46:41;500769;SAO GABRIEL DO OESTE;6354265;CENTRAL DE REGULACAO DE SAO GABRIEL DO OESTE;500769;SAO GABRIEL DO OESTE;1;1;2026-04-21 13:58:18;3100000;RESSONANCIA MAGNETICA DE COLUNA LOMBO-SACRA;3100000;GRUPO - RESSONANCIA MAGNETICA;0207010048;RESSONANCIA MAGNETICA DE COLUNA LOMBO-SACRA;PAULO HENRIQUE FIGUEIREDO DA ROSA DE SOUZA;1980-02-11;MARIA ELIZA FIGUEIREDO DA ROSA;704209284804189;86176080134;MASCULINO;663097873;4;264;39;1828;4;M511;TRANSTORNOS DE DISCOS LOMBARES E DE OUTROS DISCOS INTERVERTEBRAIS COM RADICULOPATIA 
2026-07-27 16:46:41;500769;SAO GABRIEL DO OESTE;6354265;CENTRAL DE REGULACAO DE SAO GABRIEL DO OESTE;500769;SAO GABRIEL DO OESTE;1;1;2026-04-21 13:57:56;3100000;RESSONANCIA MAGNETICA DE COLUNA LOMBO-SACRA;3100000;GRUPO - RESSONANCIA MAGNETICA;0207010048;RESSONANCIA MAGNETICA DE COLUNA LOMBO-SACRA;RAFAEL DA SILVA DE OLIVEIRA;1994-12-01;ARLEIA DA SILVA;706809227634122;03185993179;MASCULINO;663097863;4;263;39;1821;4;M545;DOR LOMBAR BAIXA 
2026-07-27 16:46:41;500769;SAO GABRIEL DO OESTE;6354265;CENTRAL DE REGULACAO DE SAO GABRIEL DO OESTE;500769;SAO GABRIEL DO OESTE;1;1;2026-04-21 13:53:43;3100000;RESSONANCIA MAGNETICA DE COLUNA LOMBO-SACRA;3100000;GRUPO - RESSONANCIA MAGNETICA;0207010048;RESSONANCIA MAGNETICA DE COLUNA LOMBO-SACRA;LUANA BATISTA DE ALENCAR;1993-01-26;ROZELY BATISTA;702800152150564;04620723126;FEMININO;663097775;4;260;39;1800;4;M545;DOR LOMBAR BAIXA 
2026-07-27 16:46:41;500769;SAO GABRIEL DO OESTE;6354265;CENTRAL DE REGULACAO DE SAO GABRIEL DO OESTE;500769;SAO GABRIEL DO OESTE;1;1;2026-04-21 16:00:28;3100000;RESSONANCIA MAGNETICA DE COLUNA LOMBO-SACRA;3100000;GRUPO - RESSONANCIA MAGNETICA;0207010048;RESSONANCIA MAGNETICA DE COLUNA LOMBO-SACRA;JOYCE GONCALVES DE ALMEIDA;1989-03-16;SORAYA GONCALVES;702805660639368;02550503139;FEMININO;663100363;4;354;39;2451;4;M542;CERVICALGIA 
2026-07-27 16:46:41;500769;SAO GABRIEL DO OESTE;6354265;CENTRAL DE REGULACAO DE SAO GABRIEL DO OESTE;500769;SAO GABRIEL DO OESTE;1;1;2026-04-21 15:58:45;3100000;RESSONANCIA MAGNETICA DE COLUNA LOMBO-SACRA;3100000;GRUPO - RESSONANCIA MAGNETICA;0207010048;RESSONANCIA MAGNETICA DE COLUNA LOMBO-SACRA;JOAO BATISTA SOBRINHO;1962-07-18;LEOCARDINA MARIA DE JESUS;700804407432788;30592283100;MASCULINO;663100331;4;352;39;2437;4;M545;DOR LOMBAR BAIXA 
2026-07-27 16:46:41;500769;SAO GABRIEL DO OESTE;6354265;CENTRAL DE REGULACAO DE SAO GABRIEL DO OESTE;500769;SAO GABRIEL DO OESTE;1;1;2026-04-21 15:54:55;3100000;RESSONANCIA MAGNETICA DE COLUNA LOMBO-SACRA;3100000;GRUPO - RESSONANCIA MAGNETICA;0207010048;RESSONANCIA MAGNETICA DE COLUNA LOMBO-SACRA;JOAQUIM FERREIRA DA SILVA;1965-10-28;MARIA DOS SANTOS FERREIRA;707106376170820;50179071149;MASCULINO;663100264;4;349;39;2416;4;M543;CIATICA 
2026-07-27 16:46:41;500769;SAO GABRIEL DO OESTE;6354265;CENTRAL DE REGULACAO DE SAO GABRIEL DO OESTE;500769;SAO GABRIEL DO OESTE;1;1;2026-04-21 15:51:37;3100000;RESSONANCIA MAGNETICA DE COLUNA LOMBO-SACRA;3100000;GRUPO - RESSONANCIA MAGNETICA;0207010048;RESSONANCIA MAGNETICA DE COLUNA LOMBO-SACRA;SUELI LOUVEIRA DA SILVA;1971-06-01;EVA LOUVEIRA;702907538785976;00378790145;FEMININO;663100204;4;347;39;2402;4;M545;DOR LOMBAR BAIXA 
2026-07-27 16:46:41;500769;SAO GABRIEL DO OESTE;6354265;CENTRAL DE REGULACAO DE SAO GABRIEL DO OESTE;500769;SAO GABRIEL DO OESTE;1;1;2026-04-21 15:50:23;3100000;RESSONANCIA MAGNETICA DE COLUNA LOMBO-SACRA;3100000;GRUPO - RESSONANCIA MAGNETICA;0207010048;RESSONANCIA MAGNETICA DE COLUNA LOMBO-SACRA;JOSE ALVES MARTOS;1954-10-12;MATHILDE MARTOS PEREIRA;700006759403309;70464464820;MASCULINO;663100182;4;346;39;2395;4;M431;ESPONDILOLISTESE 
2026-07-27 16:46:41;500769;SAO GABRIEL DO OESTE;6354265;CENTRAL DE REGULACAO DE SAO GABRIEL DO OESTE;500769;SAO GABRIEL DO OESTE;1;1;2026-04-21 15:48:05;3100000;RESSONANCIA MAGNETICA DE COLUNA LOMBO-SACRA;3100000;GRUPO - RESSONANCIA MAGNETICA;0207010048;RESSONANCIA MAGNETICA DE COLUNA LOMBO-SACRA;SEBASTIANA VIEIRA MOURA;1967-07-13;EMILIA VIEIRA MOURA;703609050972431;44687370187;FEMININO;663100137;4;345;39;2388;4;M545;DOR LOMBAR BAIXA 
2026-07-27 16:46:41;500769;SAO GABRIEL DO OESTE;6354265;CENTRAL DE REGULACAO DE SAO GABRIEL DO OESTE;500769;SAO GABRIEL DO OESTE;1;1;2026-04-21 15:44:50;3100000;RESSONANCIA MAGNETICA DE COLUNA LOMBO-SACRA;3100000;GRUPO - RESSONANCIA MAGNETICA;0207010048;RESSONANCIA MAGNETICA DE COLUNA LOMBO-SACRA;SIMONE PEREIRA DE ARAUJO;1986-10-11;MARIA PEREIRA DE SOUZA ARAUJO;708102585950238;02092470108;FEMININO;663100077;4;344;39;2382;4;M511;TRANSTORNOS DE DISCOS LOMBARES E DE OUTROS DISCOS INTERVERTEBRAIS COM RADICULOPATIA 
2026-07-27 16:46:41;500769;SAO GABRIEL DO OESTE;6354265;CENTRAL DE REGULACAO DE SAO GABRIEL DO OESTE;500769;SAO GABRIEL DO OESTE;1;1;2026-04-21 15:43:05;3100000;RESSONANCIA MAGNETICA DE COLUNA LOMBO-SACRA;3100000;GRUPO - RESSONANCIA MAGNETICA;0207010048;RESSONANCIA MAGNETICA DE COLUNA LOMBO-SACRA;JOAO MARCOS FERREIRA PEREIRA;1996-07-03;MARIA APARECIDA FERREIRA;707004868045336;06562359180;MASCULINO;663100033;4;343;39;2375;4;M54;DORSALGIA
2026-07-27 16:46:41;500769;SAO GABRIEL DO OESTE;6354265;CENTRAL DE REGULACAO DE SAO GABRIEL DO OESTE;500769;SAO GABRIEL DO OESTE;1;1;2026-04-21 15:42:46;3100000;RESSONANCIA MAGNETICA DE COLUNA LOMBO-SACRA;3100000;GRUPO - RESSONANCIA MAGNETICA;0207010048;RESSONANCIA MAGNETICA DE COLUNA LOMBO-SACRA;SOLANGE PASQUALI GUEDIN;1968-02-27;SANTINA IDALINA SASSO PASQUALI;708400706596362;44690088187;FEMININO;663100031;4;342;39;2368;4;M545;DOR LOMBAR BAIXA 
2026-07-27 16:46:41;500769;SAO GABRIEL DO OESTE;6354265;CENTRAL DE REGULACAO DE SAO GABRIEL DO OESTE;500769;SAO GABRIEL DO OESTE;1;1;2026-04-21 15:36:23;3100000;RESSONANCIA MAGNETICA DE COLUNA LOMBO-SACRA;3100000;GRUPO - RESSONANCIA MAGNETICA;0207010048;RESSONANCIA MAGNETICA DE COLUNA LOMBO-SACRA;MARIZA ELAINE DA SILVA XERES;1976-04-04;JURACI DA SILVA CHERES;706101570247660;78708079153;FEMININO;663099922;4;337;39;2333;4;M511;TRANSTORNOS DE DISCOS LOMBARES E DE OUTROS DISCOS INTERVERTEBRAIS COM RADICULOPATIA 
2026-07-27 16:46:41;500769;SAO GABRIEL DO OESTE;6354265;CENTRAL DE REGULACAO DE SAO GABRIEL DO OESTE;500769;SAO GABRIEL DO OESTE;1;1;2026-04-21 15:31:23;3100000;RESSONANCIA MAGNETICA DE COLUNA LOMBO-SACRA;3100000;GRUPO - RESSONANCIA MAGNETICA;0207010048;RESSONANCIA MAGNETICA DE COLUNA LOMBO-SACRA;JUSSARA APARECIDA PROENCA;1978-08-26;MARIA DOS SANTOS PROENCA;706402621918484;91138159115;FEMININO;663099828;4;335;39;2319;4;M544;LUMBAGO COM CIATICA 
2026-07-27 16:46:41;500769;SAO GABRIEL DO OESTE;6354265;CENTRAL DE REGULACAO DE SAO GABRIEL DO OESTE;500769;SAO GABRIEL DO OESTE;1;1;2026-04-21 15:29:11;3100000;RESSONANCIA MAGNETICA DE COLUNA LOMBO-SACRA;3100000;GRUPO - RESSONANCIA MAGNETICA;0207010048;RESSONANCIA MAGNETICA DE COLUNA LOMBO-SACRA;SILVANA DINIZ DOS SANTOS CARDOSO;1982-06-03;TEREZINHA DE JESUS DOS SANTOS;702400554221427;30948189860;FEMININO;663099789;4;334;39;2312;4;R102;DOR PELVICA E PERINEAL 
2026-07-27 16:46:41;500769;SAO GABRIEL DO OESTE;6354265;CENTRAL DE REGULACAO DE SAO GABRIEL DO OESTE;500769;SAO GABRIEL DO OESTE;1;1;2026-04-21 15:21:26;3100000;RESSONANCIA MAGNETICA DE COLUNA LOMBO-SACRA;3100000;GRUPO - RESSONANCIA MAGNETICA;0207010048;RESSONANCIA MAGNETICA DE COLUNA LOMBO-SACRA;SUELI PEREIRA DOS SANTOS;1965-09-11;JENI ALVES DOS SANTOS;705003220857952;54229065191;FEMININO;663099636;4;328;39;2271;4;M545;DOR LOMBAR BAIXA 
2026-07-27 16:46:41;500769;SAO GABRIEL DO OESTE;6354265;CENTRAL DE REGULACAO DE SAO GABRIEL DO OESTE;500769;SAO GABRIEL DO OESTE;1;1;2026-04-21 15:17:10;3100000;RESSONANCIA MAGNETICA DE COLUNA LOMBO-SACRA;3100000;GRUPO - RESSONANCIA MAGNETICA;0207010048;RESSONANCIA MAGNETICA DE COLUNA LOMBO-SACRA;MARIA JOSE RODRIGUES DO PRADO OLIVEIRA;1975-10-03;MARIA DIAS;700802944505790;91039363172;FEMININO;663099541;4;323;39;2236;4;M545;DOR LOMBAR BAIXA 
2026-07-27 16:46:41;500769;SAO GABRIEL DO OESTE;6354265;CENTRAL DE REGULACAO DE SAO GABRIEL DO OESTE;500769;SAO GABRIEL DO OESTE;1;1;2026-04-21 15:11:42;3100000;RESSONANCIA MAGNETICA DE COLUNA LOMBO-SACRA;3100000;GRUPO - RESSONANCIA MAGNETICA;0207010048;RESSONANCIA MAGNETICA DE COLUNA LOMBO-SACRA;JENIFER MORAIS SILVESTRE FERREIRA;1973-06-10;CLAUDIVA MORAIS SILVESTRE;706802733982024;78226996104;FEMININO;663099424;4;318;39;2202;4;M511;TRANSTORNOS DE DISCOS LOMBARES E DE OUTROS DISCOS INTERVERTEBRAIS COM RADICULOPATIA 
2026-07-27 16:46:41;500769;SAO GABRIEL DO OESTE;6354265;CENTRAL DE REGULACAO DE SAO GABRIEL DO OESTE;500769;SAO GABRIEL DO OESTE;1;1;2026-04-21 15:11:31;3100000;RESSONANCIA MAGNETICA DE COLUNA LOMBO-SACRA;3100000;GRUPO - RESSONANCIA MAGNETICA;0207010048;RESSONANCIA MAGNETICA DE COLUNA LOMBO-SACRA;MARIA APARECIDA GONCALVES DA SILVA AMARAL;1961-08-09;NUMERALDA GONCALVES DA SILVA;706000805591447;51129248100;FEMININO;663099418;4;317;39;2195;4;M994;ESTENOSE DE TECIDO CONJUNTIVO DO CANAL MEDULAR 
2026-07-27 16:46:41;500769;SAO GABRIEL DO OESTE;6354265;CENTRAL DE REGULACAO DE SAO GABRIEL DO OESTE;500769;SAO GABRIEL DO OESTE;1;1;2026-04-21 15:07:00;3100000;RESSONANCIA MAGNETICA DE COLUNA LOMBO-SACRA;3100000;GRUPO - RESSONANCIA MAGNETICA;0207010048;RESSONANCIA MAGNETICA DE COLUNA LOMBO-SACRA;JOAO CAMARGO CARDOSO JUNIOR;1982-07-08;MARIA MARCOLINA PEREIRA;708605009598080;90776038168;MASCULINO;663099313;4;315;39;2181;4;M545;DOR LOMBAR BAIXA 
2026-07-27 16:46:41;500769;SAO GABRIEL DO OESTE;6354265;CENTRAL DE REGULACAO DE SAO GABRIEL DO OESTE;500769;SAO GABRIEL DO OESTE;1;1;2026-04-21 14:58:32;3100000;RESSONANCIA MAGNETICA DE COLUNA LOMBO-SACRA;3100000;GRUPO - RESSONANCIA MAGNETICA;0207010048;RESSONANCIA MAGNETICA DE COLUNA LOMBO-SACRA;JOSE CARLOS DUTRA CHIMENES;1971-03-28;TEREZINHA DUTRA;705509424448210;52800490187;MASCULINO;663099118;4;312;39;2160;4;M751;SINDROME DO MANGUITO ROTADOR 
2026-07-27 16:46:41;500769;SAO GABRIEL DO OESTE;6354265;CENTRAL DE REGULACAO DE SAO GABRIEL DO OESTE;500769;SAO GABRIEL DO OESTE;1;1;2026-04-21 14:57:40;3100000;RESSONANCIA MAGNETICA DE COLUNA LOMBO-SACRA;3100000;GRUPO - RESSONANCIA MAGNETICA;0207010048;RESSONANCIA MAGNETICA DE COLUNA LOMBO-SACRA;WANDERLEI CARDOSO TAVARES CALONGA;1975-08-30;MARIA DO CARMO TAVARES;700802919441687;25188164884;MASCULINO;663099097;4;311;39;2153;4;M545;DOR LOMBAR BAIXA 
2026-07-27 16:46:41;500769;SAO GABRIEL DO OESTE;6354265;CENTRAL DE REGULACAO DE SAO GABRIEL DO OESTE;500769;SAO GABRIEL DO OESTE;1;1;2026-04-22 15:09:32;3100000;RESSONANCIA MAGNETICA DE COLUNA LOMBO-SACRA;3100000;GRUPO - RESSONANCIA MAGNETICA;0207010048;RESSONANCIA MAGNETICA DE COLUNA LOMBO-SACRA;SUELI SANTOS DA SILVA;1973-04-25;MARIA HELENA SANTOS DA SILVA;703406260071618;89459385168;FEMININO;663332241;4;366;39;2534;4;M545;DOR LOMBAR BAIXA 
2026-07-27 16:46:41;500769;SAO GABRIEL DO OESTE;6354265;CENTRAL DE REGULACAO DE SAO GABRIEL DO OESTE;500769;SAO GABRIEL DO OESTE;1;1;2026-04-22 14:27:08;3100000;RESSONANCIA MAGNETICA DE COLUNA LOMBO-SACRA;3100000;GRUPO - RESSONANCIA MAGNETICA;0207010048;RESSONANCIA MAGNETICA DE COLUNA LOMBO-SACRA;IDEMI TEREZINHA CAREGNATO CRUVINEL;1944-11-25;CONCEICAO CURCIO CAREGNATO;708703106720895;00350275920;FEMININO;663309433;4;360;39;2492;4;M80;OSTEOPOROSE COM FRATURA PATOLOGICA
2026-07-27 16:46:41;500769;SAO GABRIEL DO OESTE;6354265;CENTRAL DE REGULACAO DE SAO GABRIEL DO OESTE;500769;SAO GABRIEL DO OESTE;1;1;2026-04-22 14:24:30;3100000;RESSONANCIA MAGNETICA DE COLUNA LOMBO-SACRA;3100000;GRUPO - RESSONANCIA MAGNETICA;0207010048;RESSONANCIA MAGNETICA DE COLUNA LOMBO-SACRA;DALVACI ALVES DE OLIVEIRA;1966-10-01;MARIA DAS NEVES ALVES DE OLIVEIRA;702906553937470;76160700430;FEMININO;663308064;4;359;39;2485;4;M549;DORSALGIA NAO ESPECIFICADA 
2026-07-27 16:46:41;500769;SAO GABRIEL DO OESTE;6354265;CENTRAL DE REGULACAO DE SAO GABRIEL DO OESTE;500769;SAO GABRIEL DO OESTE;1;1;2026-04-22 14:23:29;3100000;RESSONANCIA MAGNETICA DE COLUNA LOMBO-SACRA;3100000;GRUPO - RESSONANCIA MAGNETICA;0207010048;RESSONANCIA MAGNETICA DE COLUNA LOMBO-SACRA;ITA DA SILVA POLICARPO;1972-02-16;ONORIA OLIVEIRA DA SILVA;700003429651306;57275602172;FEMININO;663307530;4;358;39;2478;4;M545;DOR LOMBAR BAIXA 
2026-07-27 16:46:41;500769;SAO GABRIEL DO OESTE;6354265;CENTRAL DE REGULACAO DE SAO GABRIEL DO OESTE;500769;SAO GABRIEL DO OESTE;1;1;2026-04-22 14:03:05;3100000;RESSONANCIA MAGNETICA DE COLUNA LOMBO-SACRA;3100000;GRUPO - RESSONANCIA MAGNETICA;0207010048;RESSONANCIA MAGNETICA DE COLUNA LOMBO-SACRA;IVANE MARIA KUFFEL DE FLESCH;1988-12-26;SALETE LUCIA WUITSCHICK;703001819409073;70688778186;FEMININO;663297728;4;355;39;2458;4;M545;DOR LOMBAR BAIXA 
2026-07-27 16:46:41;500769;SAO GABRIEL DO OESTE;6354265;CENTRAL DE REGULACAO DE SAO GABRIEL DO OESTE;500769;SAO GABRIEL DO OESTE;1;1;2026-07-16 09:21:31;3100000;RESSONANCIA MAGNETICA DE COLUNA LOMBO-SACRA;3100000;GRUPO - RESSONANCIA MAGNETICA;0207010048;RESSONANCIA MAGNETICA DE COLUNA LOMBO-SACRA;LUCI TEREZINHA CASAGRANDA;1963-08-17;MARIA GARBIN COVATTI;703204618085999;79202993149;FEMININO;679376853;4;548;39;3794;4;M545;DOR LOMBAR BAIXA 
2026-07-27 16:46:41;500769;SAO GABRIEL DO OESTE;6354265;CENTRAL DE REGULACAO DE SAO GABRIEL DO OESTE;500769;SAO GABRIEL DO OESTE;1;1;2026-07-13 16:08:13;3100000;RESSONANCIA MAGNETICA DE COLUNA LOMBO-SACRA;3100000;GRUPO - RESSONANCIA MAGNETICA;0207010048;RESSONANCIA MAGNETICA DE COLUNA LOMBO-SACRA;MARIA APARECIDA DEMETRIO;1984-05-01;MARIA LUZIA DEMETRIO;705603418175317;05643986400;FEMININO;678737492;4;541;39;3745;4;M511;TRANSTORNOS DE DISCOS LOMBARES E DE OUTROS DISCOS INTERVERTEBRAIS COM RADICULOPATIA 
2026-07-27 16:46:41;500769;SAO GABRIEL DO OESTE;6354265;CENTRAL DE REGULACAO DE SAO GABRIEL DO OESTE;500769;SAO GABRIEL DO OESTE;1;1;2026-07-13 16:04:31;3100000;RESSONANCIA MAGNETICA DE COLUNA LOMBO-SACRA;3100000;GRUPO - RESSONANCIA MAGNETICA;0207010048;RESSONANCIA MAGNETICA DE COLUNA LOMBO-SACRA;MICHELE PALMEIRA;1974-08-13;FATIMA BOSS CANTEIRO;700005410275300;05948121194;FEMININO;678735974;4;540;39;3738;4;M513;OUTRA DEGENERACAO ESPECIFICADA DE DISCO INTERVERTEBRAL 
2026-07-27 16:46:41;500769;SAO GABRIEL DO OESTE;6354265;CENTRAL DE REGULACAO DE SAO GABRIEL DO OESTE;500769;SAO GABRIEL DO OESTE;1;1;2026-07-09 10:24:44;3100000;RESSONANCIA MAGNETICA DE COLUNA LOMBO-SACRA;3100000;GRUPO - RESSONANCIA MAGNETICA;0207010048;RESSONANCIA MAGNETICA DE COLUNA LOMBO-SACRA;ILDA CACERES DA SILVA;1970-05-23;LEOPOLDINA CACERES DA SILVA;705107410441970;51118777115;FEMININO;678078715;4;536;39;3711;4;M541;RADICULOPATIA 
2026-07-27 16:46:41;500769;SAO GABRIEL DO OESTE;6354265;CENTRAL DE REGULACAO DE SAO GABRIEL DO OESTE;500769;SAO GABRIEL DO OESTE;1;1;2026-07-08 16:11:20;3100000;RESSONANCIA MAGNETICA DE COLUNA LOMBO-SACRA;3100000;GRUPO - RESSONANCIA MAGNETICA;0207010048;RESSONANCIA MAGNETICA DE COLUNA LOMBO-SACRA;ADRIANA FRANCISCA DA SILVA GOMIDES;1972-01-16;MARINA LEOCADIA RODRIGUES;706706549168217;01079461140;FEMININO;677957975;4;534;39;3697;4;M511;TRANSTORNOS DE DISCOS LOMBARES E DE OUTROS DISCOS INTERVERTEBRAIS COM RADICULOPATIA 
2026-07-27 16:46:41;500769;SAO GABRIEL DO OESTE;6354265;CENTRAL DE REGULACAO DE SAO GABRIEL DO OESTE;500769;SAO GABRIEL DO OESTE;1;1;2026-07-07 16:42:11;3100000;RESSONANCIA MAGNETICA DE COLUNA LOMBO-SACRA;3100000;GRUPO - RESSONANCIA MAGNETICA;0207010048;RESSONANCIA MAGNETICA DE COLUNA LOMBO-SACRA;MARIA DE NAZARE DE MELO CARDOSO;1969-12-02;ROZILDA DE MELO CARDOSO;706506350897993;01940273170;FEMININO;677689554;4;528;39;3655;4;M545;DOR LOMBAR BAIXA 
2026-07-27 16:46:41;500769;SAO GABRIEL DO OESTE;6354265;CENTRAL DE REGULACAO DE SAO GABRIEL DO OESTE;500769;SAO GABRIEL DO OESTE;1;1;2026-07-27 15:23:45;3100000;RESSONANCIA MAGNETICA DE COLUNA LOMBO-SACRA;3100000;GRUPO - RESSONANCIA MAGNETICA;0207010048;RESSONANCIA MAGNETICA DE COLUNA LOMBO-SACRA;ANTONIO BRUM GRANCE;1977-02-14;MARIA BRUM GRANCE;702505335524339;81125275120;MASCULINO;681372047;4;584;39;4043;4;M511;TRANSTORNOS DE DISCOS LOMBARES E DE OUTROS DISCOS INTERVERTEBRAIS COM RADICULOPATIA 
2026-07-27 16:46:41;500769;SAO GABRIEL DO OESTE;6354265;CENTRAL DE REGULACAO DE SAO GABRIEL DO OESTE;500769;SAO GABRIEL DO OESTE;1;1;2026-07-23 15:53:08;3100000;RESSONANCIA MAGNETICA DE COLUNA LOMBO-SACRA;3100000;GRUPO - RESSONANCIA MAGNETICA;0207010048;RESSONANCIA MAGNETICA DE COLUNA LOMBO-SACRA;IVANIR GUARESMA;1977-03-27;LILITA GUARESMA;700306936644033;02558298178;FEMININO;680871266;4;578;39;4002;4;M544;LUMBAGO COM CIATICA 
2026-07-27 16:46:41;500769;SAO GABRIEL DO OESTE;6354265;CENTRAL DE REGULACAO DE SAO GABRIEL DO OESTE;500769;SAO GABRIEL DO OESTE;1;1;2026-07-22 09:24:07;3100000;RESSONANCIA MAGNETICA DE COLUNA LOMBO-SACRA;3100000;GRUPO - RESSONANCIA MAGNETICA;0207010048;RESSONANCIA MAGNETICA DE COLUNA LOMBO-SACRA;PEDRO RADIN;1960-01-25;SUMTA ESPANHOL RADIN;705005217465552;31457401053;MASCULINO;680436558;4;574;39;3974;4;M545;DOR LOMBAR BAIXA 
2026-07-27 16:46:41;500769;SAO GABRIEL DO OESTE;6354265;CENTRAL DE REGULACAO DE SAO GABRIEL DO OESTE;500769;SAO GABRIEL DO OESTE;1;1;2026-07-22 08:09:10;3100000;RESSONANCIA MAGNETICA DE COLUNA LOMBO-SACRA;3100000;GRUPO - RESSONANCIA MAGNETICA;0207010048;RESSONANCIA MAGNETICA DE COLUNA LOMBO-SACRA;SAMUEL DIVINO SILVA DE OLIVEIRA;1966-06-20;MARIA ERNESTINA SILVA DE OLIVEIRA;702105714733193;69075140100;MASCULINO;680399548;4;572;39;3960;4;M513;OUTRA DEGENERACAO ESPECIFICADA DE DISCO INTERVERTEBRAL 
2026-07-27 16:46:41;500769;SAO GABRIEL DO OESTE;6354265;CENTRAL DE REGULACAO DE SAO GABRIEL DO OESTE;500769;SAO GABRIEL DO OESTE;1;1;2026-07-21 16:54:40;3100000;RESSONANCIA MAGNETICA DE COLUNA LOMBO-SACRA;3100000;GRUPO - RESSONANCIA MAGNETICA;0207010048;RESSONANCIA MAGNETICA DE COLUNA LOMBO-SACRA;EVANDA DA SILVA GONCALVES;1992-01-12;MARIA AUXILIADORA DA SILVA;700300984343433;05171987114;FEMININO;680361385;4;571;39;3953;4;M431;ESPONDILOLISTESE 
2026-07-27 16:46:41;500769;SAO GABRIEL DO OESTE;6354265;CENTRAL DE REGULACAO DE SAO GABRIEL DO OESTE;500769;SAO GABRIEL DO OESTE;1;1;2026-07-21 14:05:45;3100000;RESSONANCIA MAGNETICA DE COLUNA LOMBO-SACRA;3100000;GRUPO - RESSONANCIA MAGNETICA;0207010048;RESSONANCIA MAGNETICA DE COLUNA LOMBO-SACRA;JAQUELINE MEIRELES DA SILVA;1985-02-27;NORELI ORTIZ;709805026384596;05495916999;FEMININO;680288419;4;567;39;3925;4;M513;OUTRA DEGENERACAO ESPECIFICADA DE DISCO INTERVERTEBRAL 
2026-07-27 16:46:41;500769;SAO GABRIEL DO OESTE;6354265;CENTRAL DE REGULACAO DE SAO GABRIEL DO OESTE;500769;SAO GABRIEL DO OESTE;1;1;2026-07-20 17:50:40;3100000;RESSONANCIA MAGNETICA DE COLUNA LOMBO-SACRA;3100000;GRUPO - RESSONANCIA MAGNETICA;0207010048;RESSONANCIA MAGNETICA DE COLUNA LOMBO-SACRA;GLICELIA XIMENES OLIVEIRA DA SILVA;1972-04-18;ROSALINA XIMENES OLIVEIRA;702404075387426;51867320100;FEMININO;680096102;4;564;39;3905;4;M511;TRANSTORNOS DE DISCOS LOMBARES E DE OUTROS DISCOS INTERVERTEBRAIS COM RADICULOPATIA 
2026-07-27 16:46:41;500769;SAO GABRIEL DO OESTE;6354265;CENTRAL DE REGULACAO DE SAO GABRIEL DO OESTE;500769;SAO GABRIEL DO OESTE;1;1;2026-06-11 08:55:54;3100000;RESSONANCIA MAGNETICA DE COLUNA TORACICA;3100000;GRUPO - RESSONANCIA MAGNETICA;0207010056;RESSONANCIA MAGNETICA DE COLUNA TORACICA;MARLY RIBOLIS GOMES;1977-07-04;HORLANDA RIBOLIS GOMES;700305901340037;91315808153;FEMININO;672778210;4;487;21;21915;1;G360;NEUROMIELITE OPTICA [DOENCA DE DEVIC] 
2026-07-27 16:46:41;500769;SAO GABRIEL DO OESTE;6354265;CENTRAL DE REGULACAO DE SAO GABRIEL DO OESTE;500769;SAO GABRIEL DO OESTE;1;1;2026-04-28 17:24:02;3100000;RESSONANCIA MAGNETICA DE CRANIO;3100000;GRUPO - RESSONANCIA MAGNETICA;0207010064;RESSONANCIA MAGNETICA DE CRANIO;LEONARDO VICENTE LUGO ESTEVEZ;1990-03-16;MARIA ENCARNACION ESTEVEZ GONZALEZ;705207416484379;05129281934;MASCULINO;664567249;4;381;28;8573;1;F20;ESQUIZOFRENIA
2026-07-27 16:46:41;500769;SAO GABRIEL DO OESTE;2370999;UNIDADE DE SAUDE DA FAMILIA FENIX IV;500769;SAO GABRIEL DO OESTE;1;1;2026-05-26 14:42:05;3100000;RESSONANCIA MAGNETICA DE CRANIO;3100000;GRUPO - RESSONANCIA MAGNETICA;0207010064;RESSONANCIA MAGNETICA DE CRANIO;MARCELA DE CARVALHO SILVA;1991-08-01;VALDECI MARIA DE CARVALHO SILVA;707306026155170;05681503500;FEMININO;669894180;4;428;28;9630;1;G43;ENXAQUECA
2026-07-27 16:46:41;500769;SAO GABRIEL DO OESTE;6354265;CENTRAL DE REGULACAO DE SAO GABRIEL DO OESTE;500769;SAO GABRIEL DO OESTE;1;1;2026-05-25 14:56:34;3100000;RESSONANCIA MAGNETICA DE CRANIO;3100000;GRUPO - RESSONANCIA MAGNETICA;0207010064;RESSONANCIA MAGNETICA DE CRANIO;ANA JULIA CASALI DA SILVA;2013-01-25;AGOSTINELLI CASALI TREUHERZ;706306185866480;06697183195;FEMININO;669604073;4;423;28;9518;1;R51;CEFALEIA 
2026-07-27 16:46:41;500769;SAO GABRIEL DO OESTE;7002084;UNIDADE DE SAUDE DA FAMILIA IX;500769;SAO GABRIEL DO OESTE;1;1;2026-05-14 16:55:33;3100000;RESSONANCIA MAGNETICA DE CRANIO;3100000;GRUPO - RESSONANCIA MAGNETICA;0207010064;RESSONANCIA MAGNETICA DE CRANIO;FAUSTINO JOSE DE LIMA NETO;1986-09-30;ERNESTINA JOAQUINA NETA;704001800577866;07519960412;MASCULINO;667718094;4;406;28;9135;1;R51;CEFALEIA 
2026-07-27 16:46:41;500769;SAO GABRIEL DO OESTE;6354265;CENTRAL DE REGULACAO DE SAO GABRIEL DO OESTE;500769;SAO GABRIEL DO OESTE;1;1;2026-06-12 08:58:05;3100000;RESSONANCIA MAGNETICA DE CRANIO;3100000;GRUPO - RESSONANCIA MAGNETICA;0207010064;RESSONANCIA MAGNETICA DE CRANIO;CREUSA MARTINS DA SILVA;1956-02-14;GABRIELA MARTINS;700105939176015;91429382104;FEMININO;673049895;4;491;28;11048;1;F001;DEMENCIA NA DOENCA DE ALZHEIMER DE INICIO TARDIO (G30.1+) 
2026-07-27 16:46:41;500769;SAO GABRIEL DO OESTE;6354265;CENTRAL DE REGULACAO DE SAO GABRIEL DO OESTE;500769;SAO GABRIEL DO OESTE;1;1;2026-06-11 08:54:31;3100000;RESSONANCIA MAGNETICA DE CRANIO;3100000;GRUPO - RESSONANCIA MAGNETICA;0207010064;RESSONANCIA MAGNETICA DE CRANIO;MARLY RIBOLIS GOMES;1977-07-04;HORLANDA RIBOLIS GOMES;700305901340037;91315808153;FEMININO;672777440;4;486;28;10935;1;G360;NEUROMIELITE OPTICA [DOENCA DE DEVIC] 
2026-07-27 16:46:41;500769;SAO GABRIEL DO OESTE;6354265;CENTRAL DE REGULACAO DE SAO GABRIEL DO OESTE;500769;SAO GABRIEL DO OESTE;1;1;2026-06-09 10:29:39;3100000;RESSONANCIA MAGNETICA DE CRANIO;3100000;GRUPO - RESSONANCIA MAGNETICA;0207010064;RESSONANCIA MAGNETICA DE CRANIO;JOAO CAMARGO CARDOSO JUNIOR;1982-07-08;MARIA MARCOLINA PEREIRA;708605009598080;90776038168;MASCULINO;672259903;4;478;28;10755;1;F001;DEMENCIA NA DOENCA DE ALZHEIMER DE INICIO TARDIO (G30.1+) 
2026-07-27 16:46:41;500769;SAO GABRIEL DO OESTE;6354265;CENTRAL DE REGULACAO DE SAO GABRIEL DO OESTE;500769;SAO GABRIEL DO OESTE;1;1;2026-06-09 10:21:42;3100000;RESSONANCIA MAGNETICA DE CRANIO;3100000;GRUPO - RESSONANCIA MAGNETICA;0207010064;RESSONANCIA MAGNETICA DE CRANIO;SILVANA DINIZ DOS SANTOS CARDOSO;1982-06-03;TEREZINHA DE JESUS DOS SANTOS;702400554221427;30948189860;FEMININO;672254873;4;477;28;10733;1;R418;OUTROS SINTOMAS E SINAIS ESPECIFICADOS RELATIVOS AS FUNCOES COGNITIVAS E A CONSCIENCIA 
2026-07-27 16:46:41;500769;SAO GABRIEL DO OESTE;6354265;CENTRAL DE REGULACAO DE SAO GABRIEL DO OESTE;500769;SAO GABRIEL DO OESTE;1;1;2026-06-08 14:34:25;3100000;RESSONANCIA MAGNETICA DE CRANIO;3100000;GRUPO - RESSONANCIA MAGNETICA;0207010064;RESSONANCIA MAGNETICA DE CRANIO;AGDA DA CRUZ JARA;1983-11-30;FATIMA APARECIDA DA CRUZ OZORIO;701807229084178;01661642160;FEMININO;672069658;4;475;28;10688;1;G403;EPILEPSIA E SINDROMES EPILEPTICAS GENERALIZADAS IDIOPATICAS 
2026-07-27 16:46:41;500769;SAO GABRIEL DO OESTE;6354265;CENTRAL DE REGULACAO DE SAO GABRIEL DO OESTE;500769;SAO GABRIEL DO OESTE;1;1;2026-07-10 15:27:19;3100000;RESSONANCIA MAGNETICA DE CRANIO;3100000;GRUPO - RESSONANCIA MAGNETICA;0207010064;RESSONANCIA MAGNETICA DE CRANIO;DAVID LIMA DE JESUS;1959-12-29;IZAURA BOTELHO;700006001660705;01777340861;MASCULINO;678428796;4;538;28;12105;1;G458;OUTROS ACIDENTES ISQUEMICOS CEREBRAIS TRANSITORIOS E SINDROMES CORRELATAS 
2026-07-27 16:46:41;500769;SAO GABRIEL DO OESTE;6354265;CENTRAL DE REGULACAO DE SAO GABRIEL DO OESTE;500769;SAO GABRIEL DO OESTE;1;1;2026-06-30 09:10:32;3100000;RESSONANCIA MAGNETICA DE CRANIO;3100000;GRUPO - RESSONANCIA MAGNETICA;0207010064;RESSONANCIA MAGNETICA DE CRANIO;HILDA DE OLIVEIRA COELHO DAL AQUA;1984-06-10;TANIA MARIA PAIM DE OLIVEIRA;706204013489769;00620798165;FEMININO;676086317;4;512;28;11520;1;H470;TRANSTORNOS DO NERVO OPTICO NAO CLASSIFICADOS EM OUTRA PARTE 
2026-07-27 16:46:41;500769;SAO GABRIEL DO OESTE;6354265;CENTRAL DE REGULACAO DE SAO GABRIEL DO OESTE;500769;SAO GABRIEL DO OESTE;1;1;2026-07-27 15:19:39;3100000;RESSONANCIA MAGNETICA DE CRANIO;3100000;GRUPO - RESSONANCIA MAGNETICA;0207010064;RESSONANCIA MAGNETICA DE CRANIO;DARIO DE ANDRADE FILHO;1951-10-15;JOANA MARIA DE ANDRADE;704509348233311;92104754100;MASCULINO;681370127;4;583;28;13118;1;H830;LABIRINTITE 
2026-07-27 16:46:41;500769;SAO GABRIEL DO OESTE;6354265;CENTRAL DE REGULACAO DE SAO GABRIEL DO OESTE;500769;SAO GABRIEL DO OESTE;1;1;2026-07-16 14:10:58;3100000;RESSONANCIA MAGNETICA DE CRANIO;3100000;GRUPO - RESSONANCIA MAGNETICA;0207010064;RESSONANCIA MAGNETICA DE CRANIO;JOUBERT RODRIGUES TACEO;1994-09-11;MARIA CONCEICAO PINTO RODRIGUES;702802104506267;05252337179;MASCULINO;679497608;4;556;28;12510;1;G403;EPILEPSIA E SINDROMES EPILEPTICAS GENERALIZADAS IDIOPATICAS 
2026-07-27 16:46:41;500769;SAO GABRIEL DO OESTE;6354265;CENTRAL DE REGULACAO DE SAO GABRIEL DO OESTE;500769;SAO GABRIEL DO OESTE;1;1;2026-07-16 10:19:38;3100000;RESSONANCIA MAGNETICA DE CRANIO;3100000;GRUPO - RESSONANCIA MAGNETICA;0207010064;RESSONANCIA MAGNETICA DE CRANIO;UELITON SOUZA PAVAO;1985-01-31;ANA MARIA SOUZA DE CASTRO;704103146002171;00815836139;MASCULINO;679409934;4;553;28;12443;1;B582;MENINGOENCEFALITE POR TOXOPLASMA (G05.2*) 
2026-07-27 16:46:41;500769;SAO GABRIEL DO OESTE;6354265;CENTRAL DE REGULACAO DE SAO GABRIEL DO OESTE;500769;SAO GABRIEL DO OESTE;1;1;2026-04-08 17:55:45;3100000;RESSONANCIA MAGNETICA DE ABDOMEN SUPERIOR;3100000;GRUPO - RESSONANCIA MAGNETICA;0207030014;RESSONANCIA MAGNETICA DE ABDOMEN SUPERIOR;ADONIAS JOSE DA SILVA;1942-02-02;VITA MARIA DA CONCEICAO;705001028544559;39091759100;MASCULINO;660990722;3;2;45;90;1;K801;CALCULOSE DA VESICULA BILIAR COM OUTRAS FORMAS DE COLECISTITE 
2026-07-27 16:46:41;500769;SAO GABRIEL DO OESTE;6354265;CENTRAL DE REGULACAO DE SAO GABRIEL DO OESTE;500769;SAO GABRIEL DO OESTE;1;1;2026-04-17 17:16:00;3100000;RESSONANCIA MAGNETICA DE ABDOMEN SUPERIOR;3100000;GRUPO - RESSONANCIA MAGNETICA;0207030014;RESSONANCIA MAGNETICA DE ABDOMEN SUPERIOR;GERCILDA SOARES FIGUEIREDO DOS SANTOS;1954-01-30;MARIA BERTOLINA FIGUEIREDO;708502378918173;28869915115;FEMININO;662938927;4;174;45;7830;1;K802;CALCULOSE DA VESICULA BILIAR SEM COLECISTITE 
2026-07-27 16:46:41;500769;SAO GABRIEL DO OESTE;6354265;CENTRAL DE REGULACAO DE SAO GABRIEL DO OESTE;500769;SAO GABRIEL DO OESTE;1;1;2026-05-04 14:03:21;3100000;RESSONANCIA MAGNETICA DE ABDOMEN SUPERIOR;3100000;GRUPO - RESSONANCIA MAGNETICA;0207030014;RESSONANCIA MAGNETICA DE ABDOMEN SUPERIOR;DEVAIR RIBEIRO SEVERINO;1978-05-19;DIRCE RIBEIRO SEVERINO;701202033095011;87756161149;MASCULINO;665404545;4;388;45;17460;1;K869;DOENCA DO PANCREAS, SEM OUTRA ESPECIFICACAO 
2026-07-27 16:46:41;500769;SAO GABRIEL DO OESTE;6354265;CENTRAL DE REGULACAO DE SAO GABRIEL DO OESTE;500769;SAO GABRIEL DO OESTE;1;1;2026-04-27 10:24:54;3100000;RESSONANCIA MAGNETICA DE ABDOMEN SUPERIOR;3100000;GRUPO - RESSONANCIA MAGNETICA;0207030014;RESSONANCIA MAGNETICA DE ABDOMEN SUPERIOR;NEIDE CAMPOS SILVA DE SOUZA;1959-04-11;ARCELINA DE CAMPOS SILVA;703406227037619;80064477134;FEMININO;664047606;4;376;45;16920;1;K768;OUTRAS DOENCAS ESPECIFICADAS DO FIGADO 
2026-07-27 16:46:41;500769;SAO GABRIEL DO OESTE;6354265;CENTRAL DE REGULACAO DE SAO GABRIEL DO OESTE;500769;SAO GABRIEL DO OESTE;1;1;2026-04-10 16:22:05;3100000;RESSONANCIA MAGNETICA DE OMBRO ESQUERDO;3100000;GRUPO - RESSONANCIA MAGNETICA;0207020027;RESSONANCIA MAGNETICA DE MEMBRO SUPERIOR (UNILATERAL);MARCO ANTONIO PEDROSO;1973-06-12;DEOLINDA PEDROSO;706800758867820;44687893104;MASCULINO;661493345;4;45;36;579;2;M751;SINDROME DO MANGUITO ROTADOR 
2026-07-27 16:46:41;500769;SAO GABRIEL DO OESTE;6354265;CENTRAL DE REGULACAO DE SAO GABRIEL DO OESTE;500769;SAO GABRIEL DO OESTE;1;1;2026-04-08 17:08:51;3100000;RESSONANCIA MAGNETICA DE OMBRO ESQUERDO;3100000;GRUPO - RESSONANCIA MAGNETICA;0207020027;RESSONANCIA MAGNETICA DE MEMBRO SUPERIOR (UNILATERAL);ADENOR PINHEIRO VALADARES;1959-12-27;ERONDINA PINHEIRO VALADARES;700206493327825;28544668100;MASCULINO;660982927;4;19;36;244;2;M751;SINDROME DO MANGUITO ROTADOR 
2026-07-27 16:46:41;500769;SAO GABRIEL DO OESTE;6354265;CENTRAL DE REGULACAO DE SAO GABRIEL DO OESTE;500769;SAO GABRIEL DO OESTE;1;1;2026-04-16 11:54:22;3100000;RESSONANCIA MAGNETICA DE OMBRO ESQUERDO;3100000;GRUPO - RESSONANCIA MAGNETICA;0207020027;RESSONANCIA MAGNETICA DE MEMBRO SUPERIOR (UNILATERAL);BENEDITO DIAS;1965-08-24;MARIA DIAS DE JESUS;709009851312817;44705719115;MASCULINO;662568338;4;106;36;1363;2;S460;TRAUMATISMO DO TENDAO DO MANGUITO ROTADOR DO OMBRO 
2026-07-27 16:46:41;500769;SAO GABRIEL DO OESTE;6354265;CENTRAL DE REGULACAO DE SAO GABRIEL DO OESTE;500769;SAO GABRIEL DO OESTE;1;1;2026-04-16 09:14:35;3100000;RESSONANCIA MAGNETICA DE OMBRO ESQUERDO;3100000;GRUPO - RESSONANCIA MAGNETICA;0207020027;RESSONANCIA MAGNETICA DE MEMBRO SUPERIOR (UNILATERAL);AFONSO APARECIDO CALVES LOPES;1961-02-06;RAMONA CALVES DE CASTRO;702403063913526;33821674172;MASCULINO;662472548;4;82;36;1054;2;M751;SINDROME DO MANGUITO ROTADOR 
2026-07-27 16:46:41;500769;SAO GABRIEL DO OESTE;6354265;CENTRAL DE REGULACAO DE SAO GABRIEL DO OESTE;500769;SAO GABRIEL DO OESTE;1;1;2026-04-16 15:35:01;3100000;RESSONANCIA MAGNETICA DE OMBRO ESQUERDO;3100000;GRUPO - RESSONANCIA MAGNETICA;0207020027;RESSONANCIA MAGNETICA DE MEMBRO SUPERIOR (UNILATERAL);ELZIR MEURER;1963-06-21;ITALVINA NERVIS MEURER;707603239662198;49203479953;MASCULINO;662652994;4;110;36;1414;2;M751;SINDROME DO MANGUITO ROTADOR 
2026-07-27 16:46:41;500769;SAO GABRIEL DO OESTE;6354265;CENTRAL DE REGULACAO DE SAO GABRIEL DO OESTE;500769;SAO GABRIEL DO OESTE;1;1;2026-04-21 12:20:55;3100000;RESSONANCIA MAGNETICA DE OMBRO ESQUERDO;3100000;GRUPO - RESSONANCIA MAGNETICA;0207020027;RESSONANCIA MAGNETICA DE MEMBRO SUPERIOR (UNILATERAL);LUCAS NERY DE OLIVEIRA;1996-04-26;MARIA JOSELINA NERY DE OLIVEIRA;709609676369171;06022816106;MASCULINO;663096492;4;203;36;2610;2;S400;CONTUSAO DO OMBRO E DO BRACO 
2026-07-27 16:46:41;500769;SAO GABRIEL DO OESTE;6354265;CENTRAL DE REGULACAO DE SAO GABRIEL DO OESTE;500769;SAO GABRIEL DO OESTE;1;1;2026-04-21 11:46:59;3100000;RESSONANCIA MAGNETICA DE OMBRO ESQUERDO;3100000;GRUPO - RESSONANCIA MAGNETICA;0207020027;RESSONANCIA MAGNETICA DE MEMBRO SUPERIOR (UNILATERAL);KELVYN RIBEIRO DA SILVA;1997-05-23;MARILIA JUREMA RIBEIRO DA SILVA;700407416350841;05553239192;MASCULINO;663095972;4;190;36;2443;2;S430;LUXACAO DA ARTICULACAO DO OMBRO 
2026-07-27 16:46:41;500769;SAO GABRIEL DO OESTE;6354265;CENTRAL DE REGULACAO DE SAO GABRIEL DO OESTE;500769;SAO GABRIEL DO OESTE;1;1;2026-04-21 11:43:33;3100000;RESSONANCIA MAGNETICA DE OMBRO ESQUERDO;3100000;GRUPO - RESSONANCIA MAGNETICA;0207020027;RESSONANCIA MAGNETICA DE MEMBRO SUPERIOR (UNILATERAL);MARCIANA DE JESUS SILVA;1982-12-31;MARIA APARECIDA DE JESUS;700000918634509;00856216178;FEMININO;663095903;4;189;36;2430;2;M751;SINDROME DO MANGUITO ROTADOR 
2026-07-27 16:46:41;500769;SAO GABRIEL DO OESTE;6354265;CENTRAL DE REGULACAO DE SAO GABRIEL DO OESTE;500769;SAO GABRIEL DO OESTE;1;1;2026-04-21 13:42:15;3100000;RESSONANCIA MAGNETICA DE OMBRO ESQUERDO;3100000;GRUPO - RESSONANCIA MAGNETICA;0207020027;RESSONANCIA MAGNETICA DE MEMBRO SUPERIOR (UNILATERAL);LUZIA IDETE COSTA VALLOVERA TOME;1972-08-26;LAUDELINA COSTA VALLOVERA;708109623435540;00683297171;FEMININO;663097583;4;258;36;3317;2;M751;SINDROME DO MANGUITO ROTADOR 
2026-07-27 16:46:41;500769;SAO GABRIEL DO OESTE;6354265;CENTRAL DE REGULACAO DE SAO GABRIEL DO OESTE;500769;SAO GABRIEL DO OESTE;1;1;2026-04-21 13:12:40;3100000;RESSONANCIA MAGNETICA DE OMBRO ESQUERDO;3100000;GRUPO - RESSONANCIA MAGNETICA;0207020027;RESSONANCIA MAGNETICA DE MEMBRO SUPERIOR (UNILATERAL);LEONICE TOMAZONI LEAO;1965-11-09;IRACEMA RECH TOMAZONI;708207136687541;90144589168;FEMININO;663097165;4;241;36;3099;2;M751;SINDROME DO MANGUITO ROTADOR 
2026-07-27 16:46:41;500769;SAO GABRIEL DO OESTE;6354265;CENTRAL DE REGULACAO DE SAO GABRIEL DO OESTE;500769;SAO GABRIEL DO OESTE;1;1;2026-04-21 14:51:50;3100000;RESSONANCIA MAGNETICA DE OMBRO ESQUERDO;3100000;GRUPO - RESSONANCIA MAGNETICA;0207020027;RESSONANCIA MAGNETICA DE MEMBRO SUPERIOR (UNILATERAL);WELLINGTON RODRIGUES TORALES;1990-11-21;LIACI RODRIGUES TORALES;702601295102043;04472257157;MASCULINO;663098960;4;305;36;3921;2;S460;TRAUMATISMO DO TENDAO DO MANGUITO ROTADOR DO OMBRO 
2026-07-27 16:46:41;500769;SAO GABRIEL DO OESTE;6354265;CENTRAL DE REGULACAO DE SAO GABRIEL DO OESTE;500769;SAO GABRIEL DO OESTE;1;1;2026-04-21 13:54:10;3100000;RESSONANCIA MAGNETICA DE OMBRO ESQUERDO;3100000;GRUPO - RESSONANCIA MAGNETICA;0207020027;RESSONANCIA MAGNETICA DE MEMBRO SUPERIOR (UNILATERAL);PEDRO FERREIRA DE SOUZA;1999-01-27;VILMA ESPINDOLA DE SOUZA;706207000735165;07765674110;MASCULINO;663097785;4;261;36;3356;2;S434;ENTORSE E DISTENSAO DE ARTICULACAO DO OMBRO 
2026-07-27 16:46:41;500769;SAO GABRIEL DO OESTE;6354265;CENTRAL DE REGULACAO DE SAO GABRIEL DO OESTE;500769;SAO GABRIEL DO OESTE;1;1;2026-04-21 15:40:50;3100000;RESSONANCIA MAGNETICA DE OMBRO ESQUERDO;3100000;GRUPO - RESSONANCIA MAGNETICA;0207020027;RESSONANCIA MAGNETICA DE MEMBRO SUPERIOR (UNILATERAL);JOAQUIM GIACOMINI;1958-12-18;WLADISLAVA GIACOMINI;700109907821113;33504580925;MASCULINO;663099996;4;341;36;4384;2;M751;SINDROME DO MANGUITO ROTADOR 
2026-07-27 16:46:41;500769;SAO GABRIEL DO OESTE;6354265;CENTRAL DE REGULACAO DE SAO GABRIEL DO OESTE;500769;SAO GABRIEL DO OESTE;1;1;2026-04-21 15:39:05;3100000;RESSONANCIA MAGNETICA DE OMBRO ESQUERDO;3100000;GRUPO - RESSONANCIA MAGNETICA;0207020027;RESSONANCIA MAGNETICA DE MEMBRO SUPERIOR (UNILATERAL);MARTA APARECIDA SANTOS CANDIDO;1967-06-24;ALZIRA SANTOS CANDIDO;700507305140457;44690673187;FEMININO;663099968;4;339;36;4359;2;M751;SINDROME DO MANGUITO ROTADOR 
2026-07-27 16:46:41;500769;SAO GABRIEL DO OESTE;6354265;CENTRAL DE REGULACAO DE SAO GABRIEL DO OESTE;500769;SAO GABRIEL DO OESTE;1;1;2026-04-21 14:56:29;3100000;RESSONANCIA MAGNETICA DE OMBRO ESQUERDO;3100000;GRUPO - RESSONANCIA MAGNETICA;0207020027;RESSONANCIA MAGNETICA DE MEMBRO SUPERIOR (UNILATERAL);MARIA AUXILIADORA MORAIS VIEIRA;1961-09-09;RAIMUNDA MORAIS VIEIRA;704002820923965;26242044153;FEMININO;663099071;4;309;36;3973;2;M751;SINDROME DO MANGUITO ROTADOR 
2026-07-27 16:46:41;500769;SAO GABRIEL DO OESTE;6354265;CENTRAL DE REGULACAO DE SAO GABRIEL DO OESTE;500769;SAO GABRIEL DO OESTE;1;1;2026-04-22 17:44:56;3100000;RESSONANCIA MAGNETICA DE OMBRO ESQUERDO;3100000;GRUPO - RESSONANCIA MAGNETICA;0207020027;RESSONANCIA MAGNETICA DE MEMBRO SUPERIOR (UNILATERAL);VANIA LINO BATISTA;1972-01-22;MARIA APARECIDA LINO;704603660525121;83077910144;FEMININO;663391312;4;372;36;4783;2;M700;SINOVITE CREPITANTE CRONICA DA MAO E DO PUNHO 
2026-07-27 16:46:41;500769;SAO GABRIEL DO OESTE;6354265;CENTRAL DE REGULACAO DE SAO GABRIEL DO OESTE;500769;SAO GABRIEL DO OESTE;1;1;2026-05-28 10:58:26;3100000;RESSONANCIA MAGNETICA DE OMBRO ESQUERDO;3100000;GRUPO - RESSONANCIA MAGNETICA;0207020027;RESSONANCIA MAGNETICA DE MEMBRO SUPERIOR (UNILATERAL);JOSSEANE ARRUDA DE ALMEIDA;1986-12-23;ALBERTINA ARRUDA DOS SANTOS;705008237147257;01861495145;FEMININO;670390352;4;434;36;5580;2;M751;SINDROME DO MANGUITO ROTADOR 
2026-07-27 16:46:41;500769;SAO GABRIEL DO OESTE;6354265;CENTRAL DE REGULACAO DE SAO GABRIEL DO OESTE;500769;SAO GABRIEL DO OESTE;1;1;2026-06-03 11:07:04;3100000;RESSONANCIA MAGNETICA DE OMBRO ESQUERDO;3100000;GRUPO - RESSONANCIA MAGNETICA;0207020027;RESSONANCIA MAGNETICA DE MEMBRO SUPERIOR (UNILATERAL);SUELI DE APARECIDA DAVI;1975-08-23;DORILDES DAVI;705004680484255;01574824996;FEMININO;671569932;4;473;36;6081;2;M751;SINDROME DO MANGUITO ROTADOR 
2026-07-27 16:46:41;500769;SAO GABRIEL DO OESTE;6354265;CENTRAL DE REGULACAO DE SAO GABRIEL DO OESTE;500769;SAO GABRIEL DO OESTE;1;1;2026-07-14 15:12:46;3100000;RESSONANCIA MAGNETICA DE OMBRO ESQUERDO;3100000;GRUPO - RESSONANCIA MAGNETICA;0207020027;RESSONANCIA MAGNETICA DE MEMBRO SUPERIOR (UNILATERAL);UELSON DINIZ GARCIA DOMINGUES;1971-10-12;JOSEFA GARCIA DOMINGUES;705205490031275;56186053172;MASCULINO;678992059;4;545;36;7007;2;M751;SINDROME DO MANGUITO ROTADOR 
2026-07-27 16:46:41;500769;SAO GABRIEL DO OESTE;6354265;CENTRAL DE REGULACAO DE SAO GABRIEL DO OESTE;500769;SAO GABRIEL DO OESTE;1;1;2026-07-08 16:23:16;3100000;RESSONANCIA MAGNETICA DE OMBRO ESQUERDO;3100000;GRUPO - RESSONANCIA MAGNETICA;0207020027;RESSONANCIA MAGNETICA DE MEMBRO SUPERIOR (UNILATERAL);LUZIA SOARES DA COSTA OLIVEIRA;1966-12-13;MARIA AMELIA DA COSTA;704503313378717;87192330191;FEMININO;677962526;4;535;36;6879;2;M751;SINDROME DO MANGUITO ROTADOR 
2026-07-27 16:46:41;500769;SAO GABRIEL DO OESTE;6354265;CENTRAL DE REGULACAO DE SAO GABRIEL DO OESTE;500769;SAO GABRIEL DO OESTE;1;1;2026-07-07 17:32:04;3100000;RESSONANCIA MAGNETICA DE OMBRO ESQUERDO;3100000;GRUPO - RESSONANCIA MAGNETICA;0207020027;RESSONANCIA MAGNETICA DE MEMBRO SUPERIOR (UNILATERAL);JOEMIL CANDIDO DE PAIVA;1960-11-22;MARIA JOSE DE PAIVA;709208276511437;16439023187;MASCULINO;677701532;4;529;36;6801;2;M750;CAPSULITE ADESIVA DO OMBRO 
2026-07-27 16:46:41;500769;SAO GABRIEL DO OESTE;6354265;CENTRAL DE REGULACAO DE SAO GABRIEL DO OESTE;500769;SAO GABRIEL DO OESTE;1;1;2026-04-09 17:41:51;3100000;RESSONANCIA MAGNETICA DE OMBRO DIREITO;3100000;GRUPO - RESSONANCIA MAGNETICA;0207020027;RESSONANCIA MAGNETICA DE MEMBRO SUPERIOR (UNILATERAL);SERGIO DONIZETI GARBIN;1965-03-06;INES ROGOLIM GARBIM;700503712491859;40350274134;MASCULINO;661263005;3;5;33;35;4;M751;SINDROME DO MANGUITO ROTADOR 
2026-07-27 16:46:41;500769;SAO GABRIEL DO OESTE;6354265;CENTRAL DE REGULACAO DE SAO GABRIEL DO OESTE;500769;SAO GABRIEL DO OESTE;1;1;2026-04-10 15:06:18;3100000;RESSONANCIA MAGNETICA DE OMBRO DIREITO;3100000;GRUPO - RESSONANCIA MAGNETICA;0207020027;RESSONANCIA MAGNETICA DE MEMBRO SUPERIOR (UNILATERAL);MARIA LUCIA LEAO NOGUEIRA;1957-07-09;LOURDES LEAO NOGUEIRA;709809016793896;79692427153;FEMININO;661464467;4;38;33;263;4;M751;SINDROME DO MANGUITO ROTADOR 
2026-07-27 16:46:41;500769;SAO GABRIEL DO OESTE;6354265;CENTRAL DE REGULACAO DE SAO GABRIEL DO OESTE;500769;SAO GABRIEL DO OESTE;1;1;2026-04-08 17:53:09;3100000;RESSONANCIA MAGNETICA DE OMBRO DIREITO;3100000;GRUPO - RESSONANCIA MAGNETICA;0207020027;RESSONANCIA MAGNETICA DE MEMBRO SUPERIOR (UNILATERAL);ADRIANA RIBEIRO DA SILVA;1979-03-31;NAIR RIBEIRO DA SILVA;704003391847260;70952795191;FEMININO;660990414;4;21;33;145;4;M751;SINDROME DO MANGUITO ROTADOR 
2026-07-27 16:46:41;500769;SAO GABRIEL DO OESTE;6354265;CENTRAL DE REGULACAO DE SAO GABRIEL DO OESTE;500769;SAO GABRIEL DO OESTE;1;1;2026-04-16 09:31:40;3100000;RESSONANCIA MAGNETICA DE OMBRO DIREITO;3100000;GRUPO - RESSONANCIA MAGNETICA;0207020027;RESSONANCIA MAGNETICA DE MEMBRO SUPERIOR (UNILATERAL);ANTONIO DE OLIVEIRA;1966-09-20;MARIA LUZINETE DOS SANTOS;700104992071620;48959111104;MASCULINO;662483019;3;16;33;111;4;M751;SINDROME DO MANGUITO ROTADOR 
2026-07-27 16:46:41;500769;SAO GABRIEL DO OESTE;6354265;CENTRAL DE REGULACAO DE SAO GABRIEL DO OESTE;500769;SAO GABRIEL DO OESTE;1;1;2026-04-10 17:53:05;3100000;RESSONANCIA MAGNETICA DE OMBRO DIREITO;3100000;GRUPO - RESSONANCIA MAGNETICA;0207020027;RESSONANCIA MAGNETICA DE MEMBRO SUPERIOR (UNILATERAL);HERCILIA CRISPIM FERNANDES MACIEL;1959-11-26;MARIA CRISPIM FERNANDES;708001351054724;80927327104;FEMININO;661511771;3;11;33;76;4;M751;SINDROME DO MANGUITO ROTADOR 
2026-07-27 16:46:41;500769;SAO GABRIEL DO OESTE;6354265;CENTRAL DE REGULACAO DE SAO GABRIEL DO OESTE;500769;SAO GABRIEL DO OESTE;1;1;2026-04-16 10:25:46;3100000;RESSONANCIA MAGNETICA DE OMBRO DIREITO;3100000;GRUPO - RESSONANCIA MAGNETICA;0207020027;RESSONANCIA MAGNETICA DE MEMBRO SUPERIOR (UNILATERAL);AURIVANIA DOS SANTOS PEREIRA SILVA;1980-04-27;TANIA MARIA DOS SANTOS SILVA;704505117070820;02305696175;FEMININO;662517477;4;91;33;630;4;M751;SINDROME DO MANGUITO ROTADOR 
2026-07-27 16:46:41;500769;SAO GABRIEL DO OESTE;6354265;CENTRAL DE REGULACAO DE SAO GABRIEL DO OESTE;500769;SAO GABRIEL DO OESTE;1;1;2026-04-16 09:34:17;3100000;RESSONANCIA MAGNETICA DE OMBRO DIREITO;3100000;GRUPO - RESSONANCIA MAGNETICA;0207020027;RESSONANCIA MAGNETICA DE MEMBRO SUPERIOR (UNILATERAL);ADAIR MARIO SOCCOL;1966-03-25;SEVERINA GIACHINI SOCCOL;700108944803718;81174845953;MASCULINO;662484588;4;87;33;602;4;M751;SINDROME DO MANGUITO ROTADOR 
2026-07-27 16:46:41;500769;SAO GABRIEL DO OESTE;6354265;CENTRAL DE REGULACAO DE SAO GABRIEL DO OESTE;500769;SAO GABRIEL DO OESTE;1;1;2026-04-16 09:14:35;3100000;RESSONANCIA MAGNETICA DE OMBRO DIREITO;3100000;GRUPO - RESSONANCIA MAGNETICA;0207020027;RESSONANCIA MAGNETICA DE MEMBRO SUPERIOR (UNILATERAL);AFONSO APARECIDO CALVES LOPES;1961-02-06;RAMONA CALVES DE CASTRO;702403063913526;33821674172;MASCULINO;662472548;4;82;33;568;4;M751;SINDROME DO MANGUITO ROTADOR 
2026-07-27 16:46:41;500769;SAO GABRIEL DO OESTE;6354265;CENTRAL DE REGULACAO DE SAO GABRIEL DO OESTE;500769;SAO GABRIEL DO OESTE;1;1;2026-04-16 09:06:01;3100000;RESSONANCIA MAGNETICA DE OMBRO DIREITO;3100000;GRUPO - RESSONANCIA MAGNETICA;0207020027;RESSONANCIA MAGNETICA DE MEMBRO SUPERIOR (UNILATERAL);ANA MARIA VAZ VIEIRA;1957-08-01;CARMEN VAZ DA ROSA;706004359876444;87417936172;FEMININO;662467499;4;81;33;561;4;M751;SINDROME DO MANGUITO ROTADOR 
2026-07-27 16:46:41;500769;SAO GABRIEL DO OESTE;6354265;CENTRAL DE REGULACAO DE SAO GABRIEL DO OESTE;500769;SAO GABRIEL DO OESTE;1;1;2026-04-16 08:44:02;3100000;RESSONANCIA MAGNETICA DE OMBRO DIREITO;3100000;GRUPO - RESSONANCIA MAGNETICA;0207020027;RESSONANCIA MAGNETICA DE MEMBRO SUPERIOR (UNILATERAL);ANGELICA SOUZA DA SILVA;1989-06-03;SEBASTIANA APARECIDA SOUZA DE ARRUDA SILVA;704102297994350;02924104173;FEMININO;662455619;4;78;33;540;4;M751;SINDROME DO MANGUITO ROTADOR 
2026-07-27 16:46:41;500769;SAO GABRIEL DO OESTE;6354265;CENTRAL DE REGULACAO DE SAO GABRIEL DO OESTE;500769;SAO GABRIEL DO OESTE;1;1;2026-04-15 17:19:33;3100000;RESSONANCIA MAGNETICA DE OMBRO DIREITO;3100000;GRUPO - RESSONANCIA MAGNETICA;0207020027;RESSONANCIA MAGNETICA DE MEMBRO SUPERIOR (UNILATERAL);GABRIELE DA ROCHA SEGAT;1990-10-24;NICE DA ROCHA SEGAT;700009458480501;07891277923;FEMININO;662408876;4;71;33;492;4;M751;SINDROME DO MANGUITO ROTADOR 
2026-07-27 16:46:41;500769;SAO GABRIEL DO OESTE;6354265;CENTRAL DE REGULACAO DE SAO GABRIEL DO OESTE;500769;SAO GABRIEL DO OESTE;1;1;2026-04-15 16:33:08;3100000;RESSONANCIA MAGNETICA DE OMBRO DIREITO;3100000;GRUPO - RESSONANCIA MAGNETICA;0207020027;RESSONANCIA MAGNETICA DE MEMBRO SUPERIOR (UNILATERAL);JANETE VALDECI DA SILVA MAIDANO;1966-06-15;MARINA OSANA DE JESUS;708204166783449;01654752185;FEMININO;662395955;4;63;33;436;4;M751;SINDROME DO MANGUITO ROTADOR 
2026-07-27 16:46:41;500769;SAO GABRIEL DO OESTE;6354265;CENTRAL DE REGULACAO DE SAO GABRIEL DO OESTE;500769;SAO GABRIEL DO OESTE;1;1;2026-04-17 10:35:21;3100000;RESSONANCIA MAGNETICA DE OMBRO DIREITO;3100000;GRUPO - RESSONANCIA MAGNETICA;0207020027;RESSONANCIA MAGNETICA DE MEMBRO SUPERIOR (UNILATERAL);DAVID CERVIERI;1962-05-13;ALMERI CERVIERI;700008239982306;42330246072;MASCULINO;662794814;4;147;33;1018;4;M751;SINDROME DO MANGUITO ROTADOR 
2026-07-27 16:46:41;500769;SAO GABRIEL DO OESTE;6354265;CENTRAL DE REGULACAO DE SAO GABRIEL DO OESTE;500769;SAO GABRIEL DO OESTE;1;1;2026-04-17 08:26:26;3100000;RESSONANCIA MAGNETICA DE OMBRO DIREITO;3100000;GRUPO - RESSONANCIA MAGNETICA;0207020027;RESSONANCIA MAGNETICA DE MEMBRO SUPERIOR (UNILATERAL);CLARICE LUIZ DE OLIVEIRA FRANCO;1978-07-13;MARIA ABADIA RODRIGUES DE OLIVEIRA;708402261210368;01171943105;FEMININO;662726802;4;122;33;845;4;M753;TENDINITE CALCIFICANTE DO OMBRO 
2026-07-27 16:46:41;500769;SAO GABRIEL DO OESTE;6354265;CENTRAL DE REGULACAO DE SAO GABRIEL DO OESTE;500769;SAO GABRIEL DO OESTE;1;1;2026-04-16 16:07:33;3100000;RESSONANCIA MAGNETICA DE OMBRO DIREITO;3100000;GRUPO - RESSONANCIA MAGNETICA;0207020027;RESSONANCIA MAGNETICA DE MEMBRO SUPERIOR (UNILATERAL);EPAMINONDAS GARCIA TERRA;1962-08-20;ALICE GARCIA TERRA;703007889521374;25794264187;MASCULINO;662668028;4;113;33;782;4;M751;SINDROME DO MANGUITO ROTADOR 
2026-07-27 16:46:41;500769;SAO GABRIEL DO OESTE;6354265;CENTRAL DE REGULACAO DE SAO GABRIEL DO OESTE;500769;SAO GABRIEL DO OESTE;1;1;2026-04-21 12:23:14;3100000;RESSONANCIA MAGNETICA DE OMBRO DIREITO;3100000;GRUPO - RESSONANCIA MAGNETICA;0207020027;RESSONANCIA MAGNETICA DE MEMBRO SUPERIOR (UNILATERAL);LEILA APARECIDA FONSECA DE ALMEIDA;1971-01-14;SANDRA LUCIA FONSECA DE ALMEIDA;706501333472799;55442641120;FEMININO;663096533;4;204;33;1412;4;M751;SINDROME DO MANGUITO ROTADOR 
2026-07-27 16:46:41;500769;SAO GABRIEL DO OESTE;6354265;CENTRAL DE REGULACAO DE SAO GABRIEL DO OESTE;500769;SAO GABRIEL DO OESTE;1;1;2026-04-21 11:57:21;3100000;RESSONANCIA MAGNETICA DE OMBRO DIREITO;3100000;GRUPO - RESSONANCIA MAGNETICA;0207020027;RESSONANCIA MAGNETICA DE MEMBRO SUPERIOR (UNILATERAL);LUDIO DA SILVA;1979-10-23;MARIA DA CONCEICAO DE CAMPOS;704803042550443;00719869102;MASCULINO;663096156;4;194;33;1343;4;M751;SINDROME DO MANGUITO ROTADOR 
2026-07-27 16:46:41;500769;SAO GABRIEL DO OESTE;6354265;CENTRAL DE REGULACAO DE SAO GABRIEL DO OESTE;500769;SAO GABRIEL DO OESTE;1;1;2026-04-21 11:43:33;3100000;RESSONANCIA MAGNETICA DE OMBRO DIREITO;3100000;GRUPO - RESSONANCIA MAGNETICA;0207020027;RESSONANCIA MAGNETICA DE MEMBRO SUPERIOR (UNILATERAL);MARCIANA DE JESUS SILVA;1982-12-31;MARIA APARECIDA DE JESUS;700000918634509;00856216178;FEMININO;663095903;4;189;33;1308;4;M751;SINDROME DO MANGUITO ROTADOR 
2026-07-27 16:46:41;500769;SAO GABRIEL DO OESTE;6354265;CENTRAL DE REGULACAO DE SAO GABRIEL DO OESTE;500769;SAO GABRIEL DO OESTE;1;1;2026-04-17 16:20:34;3100000;RESSONANCIA MAGNETICA DE OMBRO DIREITO;3100000;GRUPO - RESSONANCIA MAGNETICA;0207020027;RESSONANCIA MAGNETICA DE MEMBRO SUPERIOR (UNILATERAL);FRANCISCO PEREIRA DA CUNHA;1976-01-11;HELENA PEREIRA DA CUNHA;700201471034421;00533124140;MASCULINO;662925286;4;169;33;1170;4;M751;SINDROME DO MANGUITO ROTADOR 
2026-07-27 16:46:41;500769;SAO GABRIEL DO OESTE;6354265;CENTRAL DE REGULACAO DE SAO GABRIEL DO OESTE;500769;SAO GABRIEL DO OESTE;1;1;2026-04-17 15:51:41;3100000;RESSONANCIA MAGNETICA DE OMBRO DIREITO;3100000;GRUPO - RESSONANCIA MAGNETICA;0207020027;RESSONANCIA MAGNETICA DE MEMBRO SUPERIOR (UNILATERAL);EDILENE CRISTIANE DE SOUZA;1991-12-18;CLAUDETE GUERMO;704603136051329;02241675105;FEMININO;662915537;4;166;33;1149;4;M751;SINDROME DO MANGUITO ROTADOR 
2026-07-27 16:46:41;500769;SAO GABRIEL DO OESTE;6354265;CENTRAL DE REGULACAO DE SAO GABRIEL DO OESTE;500769;SAO GABRIEL DO OESTE;1;1;2026-04-17 15:48:14;3100000;RESSONANCIA MAGNETICA DE OMBRO DIREITO;3100000;GRUPO - RESSONANCIA MAGNETICA;0207020027;RESSONANCIA MAGNETICA DE MEMBRO SUPERIOR (UNILATERAL);ERIOVALDO TALAVEIRA;1968-10-04;JOVES MARTINS CARDOSO;700009066073807;46456694191;MASCULINO;662914193;4;165;33;1142;4;M751;SINDROME DO MANGUITO ROTADOR 
2026-07-27 16:46:41;500769;SAO GABRIEL DO OESTE;6354265;CENTRAL DE REGULACAO DE SAO GABRIEL DO OESTE;500769;SAO GABRIEL DO OESTE;1;1;2026-04-17 15:38:54;3100000;RESSONANCIA MAGNETICA DE OMBRO DIREITO;3100000;GRUPO - RESSONANCIA MAGNETICA;0207020027;RESSONANCIA MAGNETICA DE MEMBRO SUPERIOR (UNILATERAL);EULINA GOMES DA SILVA;1973-04-17;IZOLETA GOMES DE MIRANDA SILVA;708007310191528;90772040168;FEMININO;662910535;4;164;33;1135;4;M751;SINDROME DO MANGUITO ROTADOR 
2026-07-27 16:46:41;500769;SAO GABRIEL DO OESTE;6354265;CENTRAL DE REGULACAO DE SAO GABRIEL DO OESTE;500769;SAO GABRIEL DO OESTE;1;1;2026-04-17 15:10:38;3100000;RESSONANCIA MAGNETICA DE OMBRO DIREITO;3100000;GRUPO - RESSONANCIA MAGNETICA;0207020027;RESSONANCIA MAGNETICA DE MEMBRO SUPERIOR (UNILATERAL);ESTELINA EVA DE MELO SANTANA;1968-06-29;OSMIRA DOS SANTOS MELO;700005241561107;88320367115;FEMININO;662899108;4;159;33;1101;4;M545;DOR LOMBAR BAIXA 
2026-07-27 16:46:41;500769;SAO GABRIEL DO OESTE;6354265;CENTRAL DE REGULACAO DE SAO GABRIEL DO OESTE;500769;SAO GABRIEL DO OESTE;1;1;2026-04-21 13:31:42;3100000;RESSONANCIA MAGNETICA DE OMBRO DIREITO;3100000;GRUPO - RESSONANCIA MAGNETICA;0207020027;RESSONANCIA MAGNETICA DE MEMBRO SUPERIOR (UNILATERAL);LOURDES TREVISAN MARCHI;1953-08-23;MARIA PIVA TREVISAN;703606095815332;03633412182;FEMININO;663097414;4;251;33;1738;4;M751;SINDROME DO MANGUITO ROTADOR 
2026-07-27 16:46:41;500769;SAO GABRIEL DO OESTE;6354265;CENTRAL DE REGULACAO DE SAO GABRIEL DO OESTE;500769;SAO GABRIEL DO OESTE;1;1;2026-04-21 13:20:57;3100000;RESSONANCIA MAGNETICA DE OMBRO DIREITO;3100000;GRUPO - RESSONANCIA MAGNETICA;0207020027;RESSONANCIA MAGNETICA DE MEMBRO SUPERIOR (UNILATERAL);MARIA APARECIDA DE OLIVEIRA;1955-04-05;VERONICA DE OLIVEIRA;700004594830204;74030159168;FEMININO;663097268;4;245;33;1696;4;M751;SINDROME DO MANGUITO ROTADOR 
2026-07-27 16:46:41;500769;SAO GABRIEL DO OESTE;6354265;CENTRAL DE REGULACAO DE SAO GABRIEL DO OESTE;500769;SAO GABRIEL DO OESTE;1;1;2026-04-21 12:53:08;3100000;RESSONANCIA MAGNETICA DE OMBRO DIREITO;3100000;GRUPO - RESSONANCIA MAGNETICA;0207020027;RESSONANCIA MAGNETICA DE MEMBRO SUPERIOR (UNILATERAL);NILVA APARECIDA DE SOUSA DOMINGOS;1974-07-26;JOANA DOMINGOS DE SOUSA;700007948147602;87476533100;FEMININO;663096910;4;223;33;1544;4;M511;TRANSTORNOS DE DISCOS LOMBARES E DE OUTROS DISCOS INTERVERTEBRAIS COM RADICULOPATIA 
2026-07-27 16:46:41;500769;SAO GABRIEL DO OESTE;6354265;CENTRAL DE REGULACAO DE SAO GABRIEL DO OESTE;500769;SAO GABRIEL DO OESTE;1;1;2026-04-21 12:34:04;3100000;RESSONANCIA MAGNETICA DE OMBRO DIREITO;3100000;GRUPO - RESSONANCIA MAGNETICA;0207020027;RESSONANCIA MAGNETICA DE MEMBRO SUPERIOR (UNILATERAL);LAURENIL SOARES SALLES;1970-08-21;LAURA SOARES;703001844761478;44481969172;FEMININO;663096690;4;211;33;1461;4;M751;SINDROME DO MANGUITO ROTADOR 
2026-07-27 16:46:41;500769;SAO GABRIEL DO OESTE;6354265;CENTRAL DE REGULACAO DE SAO GABRIEL DO OESTE;500769;SAO GABRIEL DO OESTE;1;1;2026-04-21 12:29:02;3100000;RESSONANCIA MAGNETICA DE OMBRO DIREITO;3100000;GRUPO - RESSONANCIA MAGNETICA;0207020027;RESSONANCIA MAGNETICA DE MEMBRO SUPERIOR (UNILATERAL);LENICE SANTOS DE MATOS;1995-08-18;COSMA GABRIEL DOS SANTOS;704004372753265;06630691148;FEMININO;663096612;4;207;33;1433;4;M751;SINDROME DO MANGUITO ROTADOR 
2026-07-27 16:46:41;500769;SAO GABRIEL DO OESTE;6354265;CENTRAL DE REGULACAO DE SAO GABRIEL DO OESTE;500769;SAO GABRIEL DO OESTE;1;1;2026-04-21 14:56:29;3100000;RESSONANCIA MAGNETICA DE OMBRO DIREITO;3100000;GRUPO - RESSONANCIA MAGNETICA;0207020027;RESSONANCIA MAGNETICA DE MEMBRO SUPERIOR (UNILATERAL);MARIA AUXILIADORA MORAIS VIEIRA;1961-09-09;RAIMUNDA MORAIS VIEIRA;704002820923965;26242044153;FEMININO;663099071;4;309;33;2139;4;M751;SINDROME DO MANGUITO ROTADOR 
2026-07-27 16:46:41;500769;SAO GABRIEL DO OESTE;6354265;CENTRAL DE REGULACAO DE SAO GABRIEL DO OESTE;500769;SAO GABRIEL DO OESTE;1;1;2026-04-21 14:40:01;3100000;RESSONANCIA MAGNETICA DE OMBRO DIREITO;3100000;GRUPO - RESSONANCIA MAGNETICA;0207020027;RESSONANCIA MAGNETICA DE MEMBRO SUPERIOR (UNILATERAL);MARIA LUCIANA LOUREIRO SAMPAIO;1964-11-24;LORENA LOUREIRO SAMPAIO;706200062773668;54251001168;FEMININO;663098737;4;296;33;2049;4;M751;SINDROME DO MANGUITO ROTADOR 
2026-07-27 16:46:41;500769;SAO GABRIEL DO OESTE;6354265;CENTRAL DE REGULACAO DE SAO GABRIEL DO OESTE;500769;SAO GABRIEL DO OESTE;1;1;2026-04-21 14:35:59;3100000;RESSONANCIA MAGNETICA DE OMBRO DIREITO;3100000;GRUPO - RESSONANCIA MAGNETICA;0207020027;RESSONANCIA MAGNETICA DE MEMBRO SUPERIOR (UNILATERAL);ROSI MARIA ZANDOMENICHI;1968-05-25;ROSINA ZANDOMENICHI;700004282627403;66310873920;FEMININO;663098667;4;293;33;2028;4;M751;SINDROME DO MANGUITO ROTADOR 
2026-07-27 16:46:41;500769;SAO GABRIEL DO OESTE;6354265;CENTRAL DE REGULACAO DE SAO GABRIEL DO OESTE;500769;SAO GABRIEL DO OESTE;1;1;2026-04-21 14:29:48;3100000;RESSONANCIA MAGNETICA DE OMBRO DIREITO;3100000;GRUPO - RESSONANCIA MAGNETICA;0207020027;RESSONANCIA MAGNETICA DE MEMBRO SUPERIOR (UNILATERAL);ROSANE MORBEQUE VIEIRA;1995-05-07;MARIA APARECIDA MORBEQUE DOS SANTOS;702608780472147;05619524183;FEMININO;663098539;4;290;33;2008;4;M751;SINDROME DO MANGUITO ROTADOR 
2026-07-27 16:46:41;500769;SAO GABRIEL DO OESTE;6354265;CENTRAL DE REGULACAO DE SAO GABRIEL DO OESTE;500769;SAO GABRIEL DO OESTE;1;1;2026-04-21 14:01:53;3100000;RESSONANCIA MAGNETICA DE OMBRO DIREITO;3100000;GRUPO - RESSONANCIA MAGNETICA;0207020027;RESSONANCIA MAGNETICA DE MEMBRO SUPERIOR (UNILATERAL);ROGERIO LUIZ BARALDI;1973-01-29;IRONITA BARALDI;700103938864617;70863350020;MASCULINO;663097940;4;268;33;1855;4;M751;SINDROME DO MANGUITO ROTADOR 
2026-07-27 16:46:41;500769;SAO GABRIEL DO OESTE;6354265;CENTRAL DE REGULACAO DE SAO GABRIEL DO OESTE;500769;SAO GABRIEL DO OESTE;1;1;2026-04-21 14:00:42;3100000;RESSONANCIA MAGNETICA DE OMBRO DIREITO;3100000;GRUPO - RESSONANCIA MAGNETICA;0207020027;RESSONANCIA MAGNETICA DE MEMBRO SUPERIOR (UNILATERAL);MARIA TERESINHA LORENCET;1964-02-02;NADIL CECCHIN RAMPAZZO;700500755765354;93814550153;FEMININO;663097913;4;266;33;1842;4;M751;SINDROME DO MANGUITO ROTADOR 
2026-07-27 16:46:41;500769;SAO GABRIEL DO OESTE;6354265;CENTRAL DE REGULACAO DE SAO GABRIEL DO OESTE;500769;SAO GABRIEL DO OESTE;1;1;2026-04-21 15:58:59;3100000;RESSONANCIA MAGNETICA DE OMBRO DIREITO;3100000;GRUPO - RESSONANCIA MAGNETICA;0207020027;RESSONANCIA MAGNETICA DE MEMBRO SUPERIOR (UNILATERAL);SERGIO DE ASSIS MACEDO DA CONCEICAO;1994-08-31;ILMA MACEDO;704109107618375;05905844135;MASCULINO;663100335;4;353;33;2444;4;S835;ENTORSE E DISTENSAO ENVOLVENDO LIGAMENTO CRUZADO (ANTERIOR) (POSTERIOR) DO JOELHO 
2026-07-27 16:46:41;500769;SAO GABRIEL DO OESTE;6354265;CENTRAL DE REGULACAO DE SAO GABRIEL DO OESTE;500769;SAO GABRIEL DO OESTE;1;1;2026-04-21 15:54:28;3100000;RESSONANCIA MAGNETICA DE OMBRO DIREITO;3100000;GRUPO - RESSONANCIA MAGNETICA;0207020027;RESSONANCIA MAGNETICA DE MEMBRO SUPERIOR (UNILATERAL);SUELI LOUVEIRA DA SILVA;1971-06-01;EVA LOUVEIRA;702907538785976;00378790145;FEMININO;663100252;4;348;33;2409;4;M751;SINDROME DO MANGUITO ROTADOR 
2026-07-27 16:46:41;500769;SAO GABRIEL DO OESTE;6354265;CENTRAL DE REGULACAO DE SAO GABRIEL DO OESTE;500769;SAO GABRIEL DO OESTE;1;1;2026-04-21 15:39:05;3100000;RESSONANCIA MAGNETICA DE OMBRO DIREITO;3100000;GRUPO - RESSONANCIA MAGNETICA;0207020027;RESSONANCIA MAGNETICA DE MEMBRO SUPERIOR (UNILATERAL);MARTA APARECIDA SANTOS CANDIDO;1967-06-24;ALZIRA SANTOS CANDIDO;700507305140457;44690673187;FEMININO;663099968;4;339;33;2347;4;M751;SINDROME DO MANGUITO ROTADOR 
2026-07-27 16:46:41;500769;SAO GABRIEL DO OESTE;6354265;CENTRAL DE REGULACAO DE SAO GABRIEL DO OESTE;500769;SAO GABRIEL DO OESTE;1;1;2026-04-21 15:38:23;3100000;RESSONANCIA MAGNETICA DE OMBRO DIREITO;3100000;GRUPO - RESSONANCIA MAGNETICA;0207020027;RESSONANCIA MAGNETICA DE MEMBRO SUPERIOR (UNILATERAL);JAINE CRISTINA DA SILVA CAVALCANTE;1977-11-18;DORACY DA SILVA CAVALCANTE;700402418378544;86834690182;FEMININO;663099956;4;338;33;2340;4;M751;SINDROME DO MANGUITO ROTADOR 
2026-07-27 16:46:41;500769;SAO GABRIEL DO OESTE;6354265;CENTRAL DE REGULACAO DE SAO GABRIEL DO OESTE;500769;SAO GABRIEL DO OESTE;1;1;2026-04-21 15:33:14;3100000;RESSONANCIA MAGNETICA DE OMBRO DIREITO;3100000;GRUPO - RESSONANCIA MAGNETICA;0207020027;RESSONANCIA MAGNETICA DE MEMBRO SUPERIOR (UNILATERAL);JOSE FRANCISCO PEREIRA DE SOUZA;1963-05-02;OLIMPIA BARBARA DE SOUZA;702800688700164;40449300153;MASCULINO;663099861;4;336;33;2326;4;M751;SINDROME DO MANGUITO ROTADOR 
2026-07-27 16:46:41;500769;SAO GABRIEL DO OESTE;6354265;CENTRAL DE REGULACAO DE SAO GABRIEL DO OESTE;500769;SAO GABRIEL DO OESTE;1;1;2026-04-21 15:15:00;3100000;RESSONANCIA MAGNETICA DE OMBRO DIREITO;3100000;GRUPO - RESSONANCIA MAGNETICA;0207020027;RESSONANCIA MAGNETICA DE MEMBRO SUPERIOR (UNILATERAL);MARIA CONCEICAO DE LIMA;1954-02-26;ANTONIA MARIA DA CONCEICAO;708204180385145;51181096120;FEMININO;663099492;4;322;33;2229;4;M751;SINDROME DO MANGUITO ROTADOR 
2026-07-27 16:46:41;500769;SAO GABRIEL DO OESTE;6354265;CENTRAL DE REGULACAO DE SAO GABRIEL DO OESTE;500769;SAO GABRIEL DO OESTE;1;1;2026-04-21 14:58:32;3100000;RESSONANCIA MAGNETICA DE OMBRO DIREITO;3100000;GRUPO - RESSONANCIA MAGNETICA;0207020027;RESSONANCIA MAGNETICA DE MEMBRO SUPERIOR (UNILATERAL);JOSE CARLOS DUTRA CHIMENES;1971-03-28;TEREZINHA DUTRA;705509424448210;52800490187;MASCULINO;663099118;4;312;33;2160;4;M751;SINDROME DO MANGUITO ROTADOR 
2026-07-27 16:46:41;500769;SAO GABRIEL DO OESTE;6354265;CENTRAL DE REGULACAO DE SAO GABRIEL DO OESTE;500769;SAO GABRIEL DO OESTE;1;1;2026-05-13 10:28:10;3100000;RESSONANCIA MAGNETICA DE OMBRO DIREITO;3100000;GRUPO - RESSONANCIA MAGNETICA;0207020027;RESSONANCIA MAGNETICA DE MEMBRO SUPERIOR (UNILATERAL);JEANPIERRE FERREIRA PAIVA;1990-06-21;SILENE FERREIRA DE CARVALHO;700406924939350;04433525189;MASCULINO;667291133;4;401;33;2776;4;M751;SINDROME DO MANGUITO ROTADOR 
2026-07-27 16:46:41;500769;SAO GABRIEL DO OESTE;6354265;CENTRAL DE REGULACAO DE SAO GABRIEL DO OESTE;500769;SAO GABRIEL DO OESTE;1;1;2026-04-23 09:55:40;3100000;RESSONANCIA MAGNETICA DE OMBRO DIREITO;3100000;GRUPO - RESSONANCIA MAGNETICA;0207020027;RESSONANCIA MAGNETICA DE MEMBRO SUPERIOR (UNILATERAL);DARCI PEREIRA;1955-04-30;ALZIRA PEREIRA;707005816404530;35669292120;FEMININO;663473210;4;374;33;2589;4;M751;SINDROME DO MANGUITO ROTADOR 
2026-07-27 16:46:41;500769;SAO GABRIEL DO OESTE;6354265;CENTRAL DE REGULACAO DE SAO GABRIEL DO OESTE;500769;SAO GABRIEL DO OESTE;1;1;2026-04-22 17:50:23;3100000;RESSONANCIA MAGNETICA DE OMBRO DIREITO;3100000;GRUPO - RESSONANCIA MAGNETICA;0207020027;RESSONANCIA MAGNETICA DE MEMBRO SUPERIOR (UNILATERAL);VALERIA XIMENES MATTOSO;1969-01-03;BENINA FLORENCIANO XIMENES;705209463246278;40751414115;FEMININO;663392221;4;373;33;2582;4;M751;SINDROME DO MANGUITO ROTADOR 
2026-07-27 16:46:41;500769;SAO GABRIEL DO OESTE;6354265;CENTRAL DE REGULACAO DE SAO GABRIEL DO OESTE;500769;SAO GABRIEL DO OESTE;1;1;2026-04-22 14:31:05;3100000;RESSONANCIA MAGNETICA DE OMBRO DIREITO;3100000;GRUPO - RESSONANCIA MAGNETICA;0207020027;RESSONANCIA MAGNETICA DE MEMBRO SUPERIOR (UNILATERAL);IRENO ROJO JARA;1965-05-05;JACINTA RAMONA JARA;704305552166293;42084644100;MASCULINO;663311499;4;361;33;2499;4;M751;SINDROME DO MANGUITO ROTADOR 
2026-07-27 16:46:41;500769;SAO GABRIEL DO OESTE;6354265;CENTRAL DE REGULACAO DE SAO GABRIEL DO OESTE;500769;SAO GABRIEL DO OESTE;1;1;2026-05-28 10:58:26;3100000;RESSONANCIA MAGNETICA DE OMBRO DIREITO;3100000;GRUPO - RESSONANCIA MAGNETICA;0207020027;RESSONANCIA MAGNETICA DE MEMBRO SUPERIOR (UNILATERAL);JOSSEANE ARRUDA DE ALMEIDA;1986-12-23;ALBERTINA ARRUDA DOS SANTOS;705008237147257;01861495145;FEMININO;670390352;4;434;33;3005;4;M751;SINDROME DO MANGUITO ROTADOR 
2026-07-27 16:46:41;500769;SAO GABRIEL DO OESTE;6354265;CENTRAL DE REGULACAO DE SAO GABRIEL DO OESTE;500769;SAO GABRIEL DO OESTE;1;1;2026-05-25 15:29:12;3100000;RESSONANCIA MAGNETICA DE OMBRO DIREITO;3100000;GRUPO - RESSONANCIA MAGNETICA;0207020027;RESSONANCIA MAGNETICA DE MEMBRO SUPERIOR (UNILATERAL);OSMAR NIVALDO DELFINO;1958-10-16;ARLINDA MARIA DE JESUS DELFINO;701400625247530;32895755949;MASCULINO;669620952;4;424;33;2935;4;M751;SINDROME DO MANGUITO ROTADOR 
2026-07-27 16:46:41;500769;SAO GABRIEL DO OESTE;6354265;CENTRAL DE REGULACAO DE SAO GABRIEL DO OESTE;500769;SAO GABRIEL DO OESTE;1;1;2026-05-20 14:37:31;3100000;RESSONANCIA MAGNETICA DE OMBRO DIREITO;3100000;GRUPO - RESSONANCIA MAGNETICA;0207020027;RESSONANCIA MAGNETICA DE MEMBRO SUPERIOR (UNILATERAL);MARIA DE LOURDES DA SILVA SILVERIO;1955-12-02;CICERA MARIA DE JESUS;700009384759605;01959431129;FEMININO;668770880;4;417;33;2887;4;S460;TRAUMATISMO DO TENDAO DO MANGUITO ROTADOR DO OMBRO 
2026-07-27 16:46:41;500769;SAO GABRIEL DO OESTE;6354265;CENTRAL DE REGULACAO DE SAO GABRIEL DO OESTE;500769;SAO GABRIEL DO OESTE;1;1;2026-05-14 10:17:56;3100000;RESSONANCIA MAGNETICA DE OMBRO DIREITO;3100000;GRUPO - RESSONANCIA MAGNETICA;0207020027;RESSONANCIA MAGNETICA DE MEMBRO SUPERIOR (UNILATERAL);ROSANE TOME DE SOUZA;1975-02-09;NEUSA TOME;708005305890829;92502768187;FEMININO;667556070;4;405;33;2804;4;M751;SINDROME DO MANGUITO ROTADOR 
2026-07-27 16:46:41;500769;SAO GABRIEL DO OESTE;6354265;CENTRAL DE REGULACAO DE SAO GABRIEL DO OESTE;500769;SAO GABRIEL DO OESTE;1;1;2026-06-18 08:55:14;3100000;RESSONANCIA MAGNETICA DE OMBRO DIREITO;3100000;GRUPO - RESSONANCIA MAGNETICA;0207020027;RESSONANCIA MAGNETICA DE MEMBRO SUPERIOR (UNILATERAL);DJALMA JOSE FERREIRA;1956-01-24;MARIA ANTONIA DA SOLIDADE;708402246960262;28526554115;MASCULINO;674147551;4;498;33;3448;4;M751;SINDROME DO MANGUITO ROTADOR 
2026-07-27 16:46:41;500769;SAO GABRIEL DO OESTE;6354265;CENTRAL DE REGULACAO DE SAO GABRIEL DO OESTE;500769;SAO GABRIEL DO OESTE;1;1;2026-06-15 15:23:55;3100000;RESSONANCIA MAGNETICA DE OMBRO DIREITO;3100000;GRUPO - RESSONANCIA MAGNETICA;0207020027;RESSONANCIA MAGNETICA DE MEMBRO SUPERIOR (UNILATERAL);MARILENE DE SOUZA DUARTH;1966-06-05;ELVIRA RODRIGUES DE SOUZA;700009035975701;00132229102;FEMININO;673496845;4;495;33;3427;4;M751;SINDROME DO MANGUITO ROTADOR 
2026-07-27 16:46:41;500769;SAO GABRIEL DO OESTE;6354265;CENTRAL DE REGULACAO DE SAO GABRIEL DO OESTE;500769;SAO GABRIEL DO OESTE;1;1;2026-06-15 14:11:24;3100000;RESSONANCIA MAGNETICA DE OMBRO DIREITO;3100000;GRUPO - RESSONANCIA MAGNETICA;0207020027;RESSONANCIA MAGNETICA DE MEMBRO SUPERIOR (UNILATERAL);FERNANDO SOLOAGA DA CUNHA;1986-04-04;MARIA OLINDA SOLOAGA DA CUNHA;707407017597271;00592631133;MASCULINO;673460021;4;494;33;3420;4;M751;SINDROME DO MANGUITO ROTADOR 
2026-07-27 16:46:41;500769;SAO GABRIEL DO OESTE;6354265;CENTRAL DE REGULACAO DE SAO GABRIEL DO OESTE;500769;SAO GABRIEL DO OESTE;1;1;2026-06-02 15:46:47;3100000;RESSONANCIA MAGNETICA DE OMBRO DIREITO;3100000;GRUPO - RESSONANCIA MAGNETICA;0207020027;RESSONANCIA MAGNETICA DE MEMBRO SUPERIOR (UNILATERAL);SANDRA MARIA LAURINDO DA SILVA;1969-09-02;ALICE BARBOSA SENA;705009865245553;84638001149;FEMININO;671398015;4;470;33;3254;4;M751;SINDROME DO MANGUITO ROTADOR 
2026-07-27 16:46:41;500769;SAO GABRIEL DO OESTE;6354265;CENTRAL DE REGULACAO DE SAO GABRIEL DO OESTE;500769;SAO GABRIEL DO OESTE;1;1;2026-06-01 14:57:45;3100000;RESSONANCIA MAGNETICA DE OMBRO DIREITO;3100000;GRUPO - RESSONANCIA MAGNETICA;0207020027;RESSONANCIA MAGNETICA DE MEMBRO SUPERIOR (UNILATERAL);MURYLO KENJI MORI;2009-03-16;ROSELI FERREIRA SILVA;703402401664500;04751621106;FEMININO;671066515;4;465;33;3219;4;S430;LUXACAO DA ARTICULACAO DO OMBRO 
2026-07-27 16:46:41;500769;SAO GABRIEL DO OESTE;6354265;CENTRAL DE REGULACAO DE SAO GABRIEL DO OESTE;500769;SAO GABRIEL DO OESTE;1;1;2026-05-28 17:31:03;3100000;RESSONANCIA MAGNETICA DE OMBRO DIREITO;3100000;GRUPO - RESSONANCIA MAGNETICA;0207020027;RESSONANCIA MAGNETICA DE MEMBRO SUPERIOR (UNILATERAL);RIVALDO MORAES DE MESQUITA;1995-07-02;IZABEL MORAES DA ROCHA PEREIRA;702808193187567;05685033176;MASCULINO;670543017;4;456;33;3157;4;M751;SINDROME DO MANGUITO ROTADOR 
2026-07-27 16:46:41;500769;SAO GABRIEL DO OESTE;6354265;CENTRAL DE REGULACAO DE SAO GABRIEL DO OESTE;500769;SAO GABRIEL DO OESTE;1;1;2026-07-07 14:34:37;3100000;RESSONANCIA MAGNETICA DE OMBRO DIREITO;3100000;GRUPO - RESSONANCIA MAGNETICA;0207020027;RESSONANCIA MAGNETICA DE MEMBRO SUPERIOR (UNILATERAL);FABIULA FARIA DE ALMEIDA;1984-10-05;NILMA FELICIO FARIA;709802089719398;99895935153;FEMININO;677630687;4;527;33;3648;4;M751;SINDROME DO MANGUITO ROTADOR 
2026-07-27 16:46:41;500769;SAO GABRIEL DO OESTE;6354265;CENTRAL DE REGULACAO DE SAO GABRIEL DO OESTE;500769;SAO GABRIEL DO OESTE;1;1;2026-07-01 17:45:10;3100000;RESSONANCIA MAGNETICA DE OMBRO DIREITO;3100000;GRUPO - RESSONANCIA MAGNETICA;0207020027;RESSONANCIA MAGNETICA DE MEMBRO SUPERIOR (UNILATERAL);CLEONICE APARECIDA DE MENEZES;1969-10-30;EMILIA GOMES DA SILVA;702108795176799;00899398162;FEMININO;676607594;4;521;33;3607;4;M753;TENDINITE CALCIFICANTE DO OMBRO 
2026-07-27 16:46:41;500769;SAO GABRIEL DO OESTE;6354265;CENTRAL DE REGULACAO DE SAO GABRIEL DO OESTE;500769;SAO GABRIEL DO OESTE;1;1;2026-06-30 17:20:32;3100000;RESSONANCIA MAGNETICA DE OMBRO DIREITO;3100000;GRUPO - RESSONANCIA MAGNETICA;0207020027;RESSONANCIA MAGNETICA DE MEMBRO SUPERIOR (UNILATERAL);MARIA DE LOURDES OLIVEIRA DE PAULA;1956-04-07;SETEMBRINA POSTINGHER FALCAO;709807047625896;71968180168;FEMININO;676309632;4;518;33;3586;4;M751;SINDROME DO MANGUITO ROTADOR 
2026-07-27 16:46:41;500769;SAO GABRIEL DO OESTE;6354265;CENTRAL DE REGULACAO DE SAO GABRIEL DO OESTE;500769;SAO GABRIEL DO OESTE;1;1;2026-06-30 08:38:33;3100000;RESSONANCIA MAGNETICA DE OMBRO DIREITO;3100000;GRUPO - RESSONANCIA MAGNETICA;0207020027;RESSONANCIA MAGNETICA DE MEMBRO SUPERIOR (UNILATERAL);ELIDIA AMORIM DA SILVA;1948-05-12;MARIA PEREIRA AMORIM;709008877432118;63710676134;FEMININO;676068858;4;511;33;3538;4;S460;TRAUMATISMO DO TENDAO DO MANGUITO ROTADOR DO OMBRO 
2026-07-27 16:46:41;500769;SAO GABRIEL DO OESTE;6354265;CENTRAL DE REGULACAO DE SAO GABRIEL DO OESTE;500769;SAO GABRIEL DO OESTE;1;1;2026-06-29 08:06:26;3100000;RESSONANCIA MAGNETICA DE OMBRO DIREITO;3100000;GRUPO - RESSONANCIA MAGNETICA;0207020027;RESSONANCIA MAGNETICA DE MEMBRO SUPERIOR (UNILATERAL);OTAIR REIS SIMOES;1961-01-02;ALMERINDA REIS SIMOES;700506141782353;33730806149;MASCULINO;675903968;4;510;33;3531;4;M751;SINDROME DO MANGUITO ROTADOR 
2026-07-27 16:46:41;500769;SAO GABRIEL DO OESTE;6354265;CENTRAL DE REGULACAO DE SAO GABRIEL DO OESTE;500769;SAO GABRIEL DO OESTE;1;1;2026-06-23 08:32:30;3100000;RESSONANCIA MAGNETICA DE OMBRO DIREITO;3100000;GRUPO - RESSONANCIA MAGNETICA;0207020027;RESSONANCIA MAGNETICA DE MEMBRO SUPERIOR (UNILATERAL);CARLOS BORGES DE OLIVEIRA;1974-08-12;IRACY BORGES DE OLIVEIRA;705003079829250;02387934199;MASCULINO;674923567;4;505;33;3496;4;M751;SINDROME DO MANGUITO ROTADOR 
2026-07-27 16:46:41;500769;SAO GABRIEL DO OESTE;6354265;CENTRAL DE REGULACAO DE SAO GABRIEL DO OESTE;500769;SAO GABRIEL DO OESTE;1;1;2026-07-20 13:29:43;3100000;RESSONANCIA MAGNETICA DE OMBRO DIREITO;3100000;GRUPO - RESSONANCIA MAGNETICA;0207020027;RESSONANCIA MAGNETICA DE MEMBRO SUPERIOR (UNILATERAL);ORLANDO CAVALCANTE DIAS;1962-03-24;QUITERIA CAVALCANTE DIAS;708608567201084;44314744987;FEMININO;679997602;4;561;33;3884;4;M751;SINDROME DO MANGUITO ROTADOR 
2026-07-27 16:46:41;500769;SAO GABRIEL DO OESTE;6354265;CENTRAL DE REGULACAO DE SAO GABRIEL DO OESTE;500769;SAO GABRIEL DO OESTE;1;1;2026-07-17 14:17:35;3100000;RESSONANCIA MAGNETICA DE OMBRO DIREITO;3100000;GRUPO - RESSONANCIA MAGNETICA;0207020027;RESSONANCIA MAGNETICA DE MEMBRO SUPERIOR (UNILATERAL);SANDRA BISPO DOS SANTOS;1967-11-01;CARMELITA DOS SANTOS;702602742015340;00885456106;FEMININO;679734211;4;557;33;3856;4;M751;SINDROME DO MANGUITO ROTADOR 
2026-07-27 16:46:41;500769;SAO GABRIEL DO OESTE;6354265;CENTRAL DE REGULACAO DE SAO GABRIEL DO OESTE;500769;SAO GABRIEL DO OESTE;1;1;2026-07-16 10:39:13;3100000;RESSONANCIA MAGNETICA DE OMBRO DIREITO;3100000;GRUPO - RESSONANCIA MAGNETICA;0207020027;RESSONANCIA MAGNETICA DE MEMBRO SUPERIOR (UNILATERAL);ALOISIO FRANCISCO SOMAVILLA;1964-07-04;JOSEPHINA TUBIANA SOMAVILLA;704208269651589;46030069004;MASCULINO;679420870;4;555;33;3842;4;M751;SINDROME DO MANGUITO ROTADOR 
2026-07-27 16:46:41;500769;SAO GABRIEL DO OESTE;6354265;CENTRAL DE REGULACAO DE SAO GABRIEL DO OESTE;500769;SAO GABRIEL DO OESTE;1;1;2026-07-16 09:59:33;3100000;RESSONANCIA MAGNETICA DE OMBRO DIREITO;3100000;GRUPO - RESSONANCIA MAGNETICA;0207020027;RESSONANCIA MAGNETICA DE MEMBRO SUPERIOR (UNILATERAL);JO CASANOVA;1951-06-20;IDALINA CASANOVA;700905976671299;32664257072;MASCULINO;679398462;4;552;33;3822;4;M751;SINDROME DO MANGUITO ROTADOR 
2026-07-27 16:46:41;500769;SAO GABRIEL DO OESTE;6354265;CENTRAL DE REGULACAO DE SAO GABRIEL DO OESTE;500769;SAO GABRIEL DO OESTE;1;1;2026-04-10 15:43:03;3100000;RESSONANCIA MAGNETICA DO JOELHO ESQUERDO;3100000;GRUPO - RESSONANCIA MAGNETICA;0207030030;RESSONANCIA MAGNETICA DE MEMBRO INFERIOR (UNILATERAL);MARILSA DA COSTA BRUNO;1960-12-29;ELBA DA COSTA BRUNO;708707147728193;33896895168;FEMININO;661479741;3;7;28;35;6;D16;NEOPLASIA BENIGNA DE OSSO E DE CARTILAGEM ARTICULAR
2026-07-27 16:46:41;500769;SAO GABRIEL DO OESTE;6354265;CENTRAL DE REGULACAO DE SAO GABRIEL DO OESTE;500769;SAO GABRIEL DO OESTE;1;1;2026-04-14 11:31:46;3100000;RESSONANCIA MAGNETICA DO JOELHO ESQUERDO;3100000;GRUPO - RESSONANCIA MAGNETICA;0207030030;RESSONANCIA MAGNETICA DE MEMBRO INFERIOR (UNILATERAL);GELSON BRITO ISAIAS;1992-10-12;ISABEL BRITO ISAIAS;700007169759009;07034608547;MASCULINO;661977596;4;56;28;280;6;M233;OUTROS TRANSTORNOS DO MENISCO 
2026-07-27 16:46:41;500769;SAO GABRIEL DO OESTE;6354265;CENTRAL DE REGULACAO DE SAO GABRIEL DO OESTE;500769;SAO GABRIEL DO OESTE;1;1;2026-04-10 16:58:01;3100000;RESSONANCIA MAGNETICA DO JOELHO ESQUERDO;3100000;GRUPO - RESSONANCIA MAGNETICA;0207030030;RESSONANCIA MAGNETICA DE MEMBRO INFERIOR (UNILATERAL);MARIA JOSE DE ARRUDA BARBOSA;1955-05-09;SEBASTIANA FLORENTINA DE ARRUDA;704701790534330;20054696100;FEMININO;661503514;4;49;28;245;6;M17;GONARTROSE [ARTROSE DO JOELHO]
2026-07-27 16:46:41;500769;SAO GABRIEL DO OESTE;6354265;CENTRAL DE REGULACAO DE SAO GABRIEL DO OESTE;500769;SAO GABRIEL DO OESTE;1;1;2026-04-10 14:51:04;3100000;RESSONANCIA MAGNETICA DO JOELHO ESQUERDO;3100000;GRUPO - RESSONANCIA MAGNETICA;0207030030;RESSONANCIA MAGNETICA DE MEMBRO INFERIOR (UNILATERAL);MARIA MADALENA SOARES DE SOUZA;1972-10-03;MARIA DE LOURDES PEREIRA DE SOUZA;709000821276512;90147405149;FEMININO;661457749;4;35;28;175;6;M179;GONARTROSE NAO ESPECIFICADA 
2026-07-27 16:46:41;500769;SAO GABRIEL DO OESTE;6354265;CENTRAL DE REGULACAO DE SAO GABRIEL DO OESTE;500769;SAO GABRIEL DO OESTE;1;1;2026-04-09 17:47:22;3100000;RESSONANCIA MAGNETICA DO JOELHO ESQUERDO;3100000;GRUPO - RESSONANCIA MAGNETICA;0207030030;RESSONANCIA MAGNETICA DE MEMBRO INFERIOR (UNILATERAL);SONIA REGINA OLIVEIRA DE MENEZES;1963-09-13;HELENA DE OLIVEIRA MENEZES;708907748502619;48981052115;FEMININO;661263898;4;31;28;155;6;M179;GONARTROSE NAO ESPECIFICADA 
2026-07-27 16:46:41;500769;SAO GABRIEL DO OESTE;6354265;CENTRAL DE REGULACAO DE SAO GABRIEL DO OESTE;500769;SAO GABRIEL DO OESTE;1;1;2026-04-16 10:53:31;3100000;RESSONANCIA MAGNETICA DO JOELHO ESQUERDO;3100000;GRUPO - RESSONANCIA MAGNETICA;0207030030;RESSONANCIA MAGNETICA DE MEMBRO INFERIOR (UNILATERAL);ANA GABRIELI ROGIANO FRANCA;1997-12-16;LUCILENE ROGIANO FRANCA;702005759913590;06854509106;FEMININO;662535137;3;18;28;90;6;S834;ENTORSE E DISTENSAO ENVOLVENDO LIGAMENTO COLATERAL (PERONIAL) (TIBIAL) DO JOELHO 
2026-07-27 16:46:41;500769;SAO GABRIEL DO OESTE;6354265;CENTRAL DE REGULACAO DE SAO GABRIEL DO OESTE;500769;SAO GABRIEL DO OESTE;1;1;2026-04-10 17:42:33;3100000;RESSONANCIA MAGNETICA DO JOELHO ESQUERDO;3100000;GRUPO - RESSONANCIA MAGNETICA;0207030030;RESSONANCIA MAGNETICA DE MEMBRO INFERIOR (UNILATERAL);ISABELLY FLORENCIANO CASANOVA;2011-01-20;LUCIANA APARECIDA DA SILVA FLORENCIANO CASANOVA;700001775065302;08767004156;FEMININO;661510476;3;10;28;50;6;S830;LUXACAO DA ROTULA [PATELA] 
2026-07-27 16:46:41;500769;SAO GABRIEL DO OESTE;6354265;CENTRAL DE REGULACAO DE SAO GABRIEL DO OESTE;500769;SAO GABRIEL DO OESTE;1;1;2026-04-16 10:50:17;3100000;RESSONANCIA MAGNETICA DO JOELHO ESQUERDO;3100000;GRUPO - RESSONANCIA MAGNETICA;0207030030;RESSONANCIA MAGNETICA DE MEMBRO INFERIOR (UNILATERAL);ADEMILSON INACIO DE OLIVEIRA;1960-06-02;MARIA SEBASTIANA DE JESUS;706807729772422;35811668104;MASCULINO;662533118;4;94;28;470;6;M179;GONARTROSE NAO ESPECIFICADA 
2026-07-27 16:46:41;500769;SAO GABRIEL DO OESTE;6354265;CENTRAL DE REGULACAO DE SAO GABRIEL DO OESTE;500769;SAO GABRIEL DO OESTE;1;1;2026-04-15 17:47:55;3100000;RESSONANCIA MAGNETICA DO JOELHO ESQUERDO;3100000;GRUPO - RESSONANCIA MAGNETICA;0207030030;RESSONANCIA MAGNETICA DE MEMBRO INFERIOR (UNILATERAL);EMANUELLY DE JESUS RIBEIRO DE PAULA;2006-05-22;MARCIA HELENA DE JESUS RIBEIRO DE PAULA;706002869972346;10027500918;FEMININO;662414003;4;74;28;370;6;S830;LUXACAO DA ROTULA [PATELA] 
2026-07-27 16:46:41;500769;SAO GABRIEL DO OESTE;6354265;CENTRAL DE REGULACAO DE SAO GABRIEL DO OESTE;500769;SAO GABRIEL DO OESTE;1;1;2026-04-15 17:40:21;3100000;RESSONANCIA MAGNETICA DO JOELHO ESQUERDO;3100000;GRUPO - RESSONANCIA MAGNETICA;0207030030;RESSONANCIA MAGNETICA DE MEMBRO INFERIOR (UNILATERAL);ELCI RODRIGUES DA ROSA;1957-03-13;ADELAIDA BECKMANN DA ROSA;700400437734847;38481600059;FEMININO;662412814;4;73;28;365;6;M179;GONARTROSE NAO ESPECIFICADA 
2026-07-27 16:46:41;500769;SAO GABRIEL DO OESTE;6354265;CENTRAL DE REGULACAO DE SAO GABRIEL DO OESTE;500769;SAO GABRIEL DO OESTE;1;1;2026-04-15 17:35:59;3100000;RESSONANCIA MAGNETICA DO JOELHO ESQUERDO;3100000;GRUPO - RESSONANCIA MAGNETICA;0207030030;RESSONANCIA MAGNETICA DE MEMBRO INFERIOR (UNILATERAL);FRANCISCO SUEUDO DANTAS DE LIMA;1974-11-24;DINALVA ANDRADE DE LIMA;706206501021768;91546273468;MASCULINO;662412057;4;72;28;360;6;M22;TRANSTORNOS DA ROTULA [PATELA]
2026-07-27 16:46:41;500769;SAO GABRIEL DO OESTE;6354265;CENTRAL DE REGULACAO DE SAO GABRIEL DO OESTE;500769;SAO GABRIEL DO OESTE;1;1;2026-04-15 16:55:38;3100000;RESSONANCIA MAGNETICA DO JOELHO ESQUERDO;3100000;GRUPO - RESSONANCIA MAGNETICA;0207030030;RESSONANCIA MAGNETICA DE MEMBRO INFERIOR (UNILATERAL);IZAURA NERES GONCALVES;1958-07-05;ILDA NERES GONCALVES;705404480319192;63930889153;FEMININO;662403760;4;68;28;340;6;M179;GONARTROSE NAO ESPECIFICADA 
2026-07-27 16:46:41;500769;SAO GABRIEL DO OESTE;6354265;CENTRAL DE REGULACAO DE SAO GABRIEL DO OESTE;500769;SAO GABRIEL DO OESTE;1;1;2026-04-15 16:44:27;3100000;RESSONANCIA MAGNETICA DO JOELHO ESQUERDO;3100000;GRUPO - RESSONANCIA MAGNETICA;0207030030;RESSONANCIA MAGNETICA DE MEMBRO INFERIOR (UNILATERAL);JONATAS WILLIAN PINTO DE ANDRADE;1994-06-18;MARIA APARECIDA PINTO;708403732405768;06603102102;MASCULINO;662400017;4;66;28;330;6;M233;OUTROS TRANSTORNOS DO MENISCO 
2026-07-27 16:46:41;500769;SAO GABRIEL DO OESTE;6354265;CENTRAL DE REGULACAO DE SAO GABRIEL DO OESTE;500769;SAO GABRIEL DO OESTE;1;1;2026-04-15 16:36:56;3100000;RESSONANCIA MAGNETICA DO JOELHO ESQUERDO;3100000;GRUPO - RESSONANCIA MAGNETICA;0207030030;RESSONANCIA MAGNETICA DE MEMBRO INFERIOR (UNILATERAL);JOHN GABRIEL MOREIRA KOPP;1996-09-05;MARINES MOREIRA DE MOURA KOPP;702409503322429;03401701150;MASCULINO;662397364;4;64;28;320;6;M179;GONARTROSE NAO ESPECIFICADA 
2026-07-27 16:46:41;500769;SAO GABRIEL DO OESTE;6354265;CENTRAL DE REGULACAO DE SAO GABRIEL DO OESTE;500769;SAO GABRIEL DO OESTE;1;1;2026-04-15 16:22:50;3100000;RESSONANCIA MAGNETICA DO JOELHO ESQUERDO;3100000;GRUPO - RESSONANCIA MAGNETICA;0207030030;RESSONANCIA MAGNETICA DE MEMBRO INFERIOR (UNILATERAL);JULIANO FREITAS LIMA;1988-01-15;SIRLEI MARIANO DE FREITAS;702104825657370;01813148198;MASCULINO;662391770;4;61;28;305;6;S835;ENTORSE E DISTENSAO ENVOLVENDO LIGAMENTO CRUZADO (ANTERIOR) (POSTERIOR) DO JOELHO 
2026-07-27 16:46:41;500769;SAO GABRIEL DO OESTE;6354265;CENTRAL DE REGULACAO DE SAO GABRIEL DO OESTE;500769;SAO GABRIEL DO OESTE;1;1;2026-04-17 14:48:38;3100000;RESSONANCIA MAGNETICA DO JOELHO ESQUERDO;3100000;GRUPO - RESSONANCIA MAGNETICA;0207030030;RESSONANCIA MAGNETICA DE MEMBRO INFERIOR (UNILATERAL);ELICIOMAR DE JESUS DA SILVA;1983-03-10;ILZA DE JESUS DA SILVA;704008316052765;01837262195;FEMININO;662889804;4;155;28;775;6;M233;OUTROS TRANSTORNOS DO MENISCO 
2026-07-27 16:46:41;500769;SAO GABRIEL DO OESTE;6354265;CENTRAL DE REGULACAO DE SAO GABRIEL DO OESTE;500769;SAO GABRIEL DO OESTE;1;1;2026-04-17 11:02:05;3100000;RESSONANCIA MAGNETICA DO JOELHO ESQUERDO;3100000;GRUPO - RESSONANCIA MAGNETICA;0207030030;RESSONANCIA MAGNETICA DE MEMBRO INFERIOR (UNILATERAL);DOUGLAS DOS SANTOS;1996-12-15;ROSELI FATIMA DOS SANTOS WAHLBRINCK;705009479370757;10964719908;MASCULINO;662810319;4;151;28;755;6;S835;ENTORSE E DISTENSAO ENVOLVENDO LIGAMENTO CRUZADO (ANTERIOR) (POSTERIOR) DO JOELHO 
2026-07-27 16:46:41;500769;SAO GABRIEL DO OESTE;6354265;CENTRAL DE REGULACAO DE SAO GABRIEL DO OESTE;500769;SAO GABRIEL DO OESTE;1;1;2026-04-17 10:12:51;3100000;RESSONANCIA MAGNETICA DO JOELHO ESQUERDO;3100000;GRUPO - RESSONANCIA MAGNETICA;0207030030;RESSONANCIA MAGNETICA DE MEMBRO INFERIOR (UNILATERAL);CREUZA PEREIRA DA SILVA NASCIMENTO;1970-04-01;APARECIDA PEREIRA DA SILVA;702608783272548;87056046134;FEMININO;662781657;4;143;28;715;6;M179;GONARTROSE NAO ESPECIFICADA 
2026-07-27 16:46:41;500769;SAO GABRIEL DO OESTE;6354265;CENTRAL DE REGULACAO DE SAO GABRIEL DO OESTE;500769;SAO GABRIEL DO OESTE;1;1;2026-04-17 09:55:11;3100000;RESSONANCIA MAGNETICA DO JOELHO ESQUERDO;3100000;GRUPO - RESSONANCIA MAGNETICA;0207030030;RESSONANCIA MAGNETICA DE MEMBRO INFERIOR (UNILATERAL);CARLA ADRIANA ALVES VASQUES;1980-11-28;CONCEICAO ALVES MARINHO VASQUES;709602617630474;95982124168;FEMININO;662771320;4;141;28;705;6;M179;GONARTROSE NAO ESPECIFICADA 
2026-07-27 16:46:41;500769;SAO GABRIEL DO OESTE;6354265;CENTRAL DE REGULACAO DE SAO GABRIEL DO OESTE;500769;SAO GABRIEL DO OESTE;1;1;2026-04-17 09:46:20;3100000;RESSONANCIA MAGNETICA DO JOELHO ESQUERDO;3100000;GRUPO - RESSONANCIA MAGNETICA;0207030030;RESSONANCIA MAGNETICA DE MEMBRO INFERIOR (UNILATERAL);CARLA FERNANDA DA SILVA DOS SANTOS;1982-06-15;MARIA DE FATIMA DA SILVA;704808056053042;01623187150;FEMININO;662766321;4;138;28;690;6;M233;OUTROS TRANSTORNOS DO MENISCO 
2026-07-27 16:46:41;500769;SAO GABRIEL DO OESTE;6354265;CENTRAL DE REGULACAO DE SAO GABRIEL DO OESTE;500769;SAO GABRIEL DO OESTE;1;1;2026-04-17 09:31:54;3100000;RESSONANCIA MAGNETICA DO JOELHO ESQUERDO;3100000;GRUPO - RESSONANCIA MAGNETICA;0207030030;RESSONANCIA MAGNETICA DE MEMBRO INFERIOR (UNILATERAL);CAROLINA NOGUEIRA DE ARAUJO;2003-09-26;LISANDRA NOGUEIRA;700608980627865;07661489120;FEMININO;662758236;4;134;28;670;6;S830;LUXACAO DA ROTULA [PATELA] 
2026-07-27 16:46:41;500769;SAO GABRIEL DO OESTE;6354265;CENTRAL DE REGULACAO DE SAO GABRIEL DO OESTE;500769;SAO GABRIEL DO OESTE;1;1;2026-04-17 09:28:14;3100000;RESSONANCIA MAGNETICA DO JOELHO ESQUERDO;3100000;GRUPO - RESSONANCIA MAGNETICA;0207030030;RESSONANCIA MAGNETICA DE MEMBRO INFERIOR (UNILATERAL);CRISTIANE LOURENCO DOS SANTOS;1978-11-01;ROSALINA LOURENCO DOS SANTOS;706005870854249;99764164153;FEMININO;662756324;4;133;28;665;6;M765;TENDINITE PATELAR 
2026-07-27 16:46:41;500769;SAO GABRIEL DO OESTE;6354265;CENTRAL DE REGULACAO DE SAO GABRIEL DO OESTE;500769;SAO GABRIEL DO OESTE;1;1;2026-04-17 09:24:34;3100000;RESSONANCIA MAGNETICA DO JOELHO ESQUERDO;3100000;GRUPO - RESSONANCIA MAGNETICA;0207030030;RESSONANCIA MAGNETICA DE MEMBRO INFERIOR (UNILATERAL);CLAUDETE PAULINO;1963-04-29;HILDEGA FRIGER GUTH;703203667667393;77832469153;FEMININO;662754321;4;132;28;660;6;M179;GONARTROSE NAO ESPECIFICADA 
2026-07-27 16:46:41;500769;SAO GABRIEL DO OESTE;6354265;CENTRAL DE REGULACAO DE SAO GABRIEL DO OESTE;500769;SAO GABRIEL DO OESTE;1;1;2026-04-21 12:26:50;3100000;RESSONANCIA MAGNETICA DO JOELHO ESQUERDO;3100000;GRUPO - RESSONANCIA MAGNETICA;0207030030;RESSONANCIA MAGNETICA DE MEMBRO INFERIOR (UNILATERAL);MATEUS HENRIQUE ANDREATTI DA SILVA;2004-06-27;MARIA DE LURDES CARVALHO DA SILVA;705400416606298;06612429194;MASCULINO;663096584;4;206;28;1030;6;S835;ENTORSE E DISTENSAO ENVOLVENDO LIGAMENTO CRUZADO (ANTERIOR) (POSTERIOR) DO JOELHO 
2026-07-27 16:46:41;500769;SAO GABRIEL DO OESTE;6354265;CENTRAL DE REGULACAO DE SAO GABRIEL DO OESTE;500769;SAO GABRIEL DO OESTE;1;1;2026-04-21 12:25:28;3100000;RESSONANCIA MAGNETICA DO JOELHO ESQUERDO;3100000;GRUPO - RESSONANCIA MAGNETICA;0207030030;RESSONANCIA MAGNETICA DE MEMBRO INFERIOR (UNILATERAL);LENICE SANTOS DE MATOS;1995-08-18;COSMA GABRIEL DOS SANTOS;704004372753265;06630691148;FEMININO;663096563;4;205;28;1025;6;S835;ENTORSE E DISTENSAO ENVOLVENDO LIGAMENTO CRUZADO (ANTERIOR) (POSTERIOR) DO JOELHO 
2026-07-27 16:46:41;500769;SAO GABRIEL DO OESTE;6354265;CENTRAL DE REGULACAO DE SAO GABRIEL DO OESTE;500769;SAO GABRIEL DO OESTE;1;1;2026-04-21 12:20:06;3100000;RESSONANCIA MAGNETICA DO JOELHO ESQUERDO;3100000;GRUPO - RESSONANCIA MAGNETICA;0207030030;RESSONANCIA MAGNETICA DE MEMBRO INFERIOR (UNILATERAL);MARIVANE RODRIGUES DA SILVA;1987-03-25;SEBASTIANA MARTA RODRIGUES DA SILVA;708602518809281;04209454150;FEMININO;663096481;4;202;28;1010;6;S835;ENTORSE E DISTENSAO ENVOLVENDO LIGAMENTO CRUZADO (ANTERIOR) (POSTERIOR) DO JOELHO 
2026-07-27 16:46:41;500769;SAO GABRIEL DO OESTE;6354265;CENTRAL DE REGULACAO DE SAO GABRIEL DO OESTE;500769;SAO GABRIEL DO OESTE;1;1;2026-04-21 11:40:19;3100000;RESSONANCIA MAGNETICA DO JOELHO ESQUERDO;3100000;GRUPO - RESSONANCIA MAGNETICA;0207030030;RESSONANCIA MAGNETICA DE MEMBRO INFERIOR (UNILATERAL);KLEITON MAGNO DE MORAIS DELGADO;1988-07-19;IDALINA DE ARRUDA;708705175587998;02309175188;MASCULINO;663095842;4;188;28;940;6;M233;OUTROS TRANSTORNOS DO MENISCO 
2026-07-27 16:46:41;500769;SAO GABRIEL DO OESTE;6354265;CENTRAL DE REGULACAO DE SAO GABRIEL DO OESTE;500769;SAO GABRIEL DO OESTE;1;1;2026-04-17 17:22:00;3100000;RESSONANCIA MAGNETICA DO JOELHO ESQUERDO;3100000;GRUPO - RESSONANCIA MAGNETICA;0207030030;RESSONANCIA MAGNETICA DE MEMBRO INFERIOR (UNILATERAL);GEOVANE ALMADA DIAS;1998-05-09;ANGELA CASTILHO ALMADA;706109845002830;06515801106;MASCULINO;662939954;4;176;28;880;6;M233;OUTROS TRANSTORNOS DO MENISCO 
2026-07-27 16:46:41;500769;SAO GABRIEL DO OESTE;6354265;CENTRAL DE REGULACAO DE SAO GABRIEL DO OESTE;500769;SAO GABRIEL DO OESTE;1;1;2026-04-17 17:04:47;3100000;RESSONANCIA MAGNETICA DO JOELHO ESQUERDO;3100000;GRUPO - RESSONANCIA MAGNETICA;0207030030;RESSONANCIA MAGNETICA DE MEMBRO INFERIOR (UNILATERAL);GENECI SILVEIRA NOLASCO DA SILVA;1970-08-08;ALDIVINA SILVEIRA NOLASCO;702305149894018;98560158120;FEMININO;662936919;4;173;28;865;6;M179;GONARTROSE NAO ESPECIFICADA 
2026-07-27 16:46:41;500769;SAO GABRIEL DO OESTE;6354265;CENTRAL DE REGULACAO DE SAO GABRIEL DO OESTE;500769;SAO GABRIEL DO OESTE;1;1;2026-04-17 15:20:21;3100000;RESSONANCIA MAGNETICA DO JOELHO ESQUERDO;3100000;GRUPO - RESSONANCIA MAGNETICA;0207030030;RESSONANCIA MAGNETICA DE MEMBRO INFERIOR (UNILATERAL);EVA MARIA GIACOMINI;1958-11-13;TEREZA COMELI VIEIRA;708009306834926;02245777190;FEMININO;662903000;4;161;28;805;6;M23;TRANSTORNOS INTERNOS DOS JOELHOS
2026-07-27 16:46:41;500769;SAO GABRIEL DO OESTE;6354265;CENTRAL DE REGULACAO DE SAO GABRIEL DO OESTE;500769;SAO GABRIEL DO OESTE;1;1;2026-04-21 13:37:55;3100000;RESSONANCIA MAGNETICA DO JOELHO ESQUERDO;3100000;GRUPO - RESSONANCIA MAGNETICA;0207030030;RESSONANCIA MAGNETICA DE MEMBRO INFERIOR (UNILATERAL);LUCAS DE SOUZA;1999-10-25;ELIETE DE SOUZA;700404430910244;08064541131;MASCULINO;663097509;4;255;28;1275;6;S835;ENTORSE E DISTENSAO ENVOLVENDO LIGAMENTO CRUZADO (ANTERIOR) (POSTERIOR) DO JOELHO 
2026-07-27 16:46:41;500769;SAO GABRIEL DO OESTE;6354265;CENTRAL DE REGULACAO DE SAO GABRIEL DO OESTE;500769;SAO GABRIEL DO OESTE;1;1;2026-04-21 13:27:34;3100000;RESSONANCIA MAGNETICA DO JOELHO ESQUERDO;3100000;GRUPO - RESSONANCIA MAGNETICA;0207030030;RESSONANCIA MAGNETICA DE MEMBRO INFERIOR (UNILATERAL);MARLENE GUEDIN GINDRI;1964-07-28;ORTENILA BATISTTI GUEDIN;707405083791070;36554316191;FEMININO;663097356;4;248;28;1240;6;M171;OUTRAS GONARTROSES PRIMARIAS 
2026-07-27 16:46:41;500769;SAO GABRIEL DO OESTE;6354265;CENTRAL DE REGULACAO DE SAO GABRIEL DO OESTE;500769;SAO GABRIEL DO OESTE;1;1;2026-04-21 13:05:50;3100000;RESSONANCIA MAGNETICA DO JOELHO ESQUERDO;3100000;GRUPO - RESSONANCIA MAGNETICA;0207030030;RESSONANCIA MAGNETICA DE MEMBRO INFERIOR (UNILATERAL);NAIR DE ALMEIDA VIANNA;1944-03-05;IRENA BAUMGARTNER;701705252324170;97063851187;FEMININO;663097069;4;235;28;1175;6;M179;GONARTROSE NAO ESPECIFICADA 
2026-07-27 16:46:41;500769;SAO GABRIEL DO OESTE;6354265;CENTRAL DE REGULACAO DE SAO GABRIEL DO OESTE;500769;SAO GABRIEL DO OESTE;1;1;2026-04-21 12:53:43;3100000;RESSONANCIA MAGNETICA DO JOELHO ESQUERDO;3100000;GRUPO - RESSONANCIA MAGNETICA;0207030030;RESSONANCIA MAGNETICA DE MEMBRO INFERIOR (UNILATERAL);MARILEUZA ORIVES VALIM MARTOS;1960-04-01;OLIVIA VALIM ORIVES;708406742793461;02354743807;FEMININO;663096919;4;224;28;1120;6;M765;TENDINITE PATELAR 
2026-07-27 16:46:41;500769;SAO GABRIEL DO OESTE;6354265;CENTRAL DE REGULACAO DE SAO GABRIEL DO OESTE;500769;SAO GABRIEL DO OESTE;1;1;2026-04-21 14:56:04;3100000;RESSONANCIA MAGNETICA DO JOELHO ESQUERDO;3100000;GRUPO - RESSONANCIA MAGNETICA;0207030030;RESSONANCIA MAGNETICA DE MEMBRO INFERIOR (UNILATERAL);WANDERLEI CARDOSO TAVARES CALONGA;1975-08-30;MARIA DO CARMO TAVARES;700802919441687;25188164884;MASCULINO;663099060;4;308;28;1540;6;M233;OUTROS TRANSTORNOS DO MENISCO 
2026-07-27 16:46:41;500769;SAO GABRIEL DO OESTE;6354265;CENTRAL DE REGULACAO DE SAO GABRIEL DO OESTE;500769;SAO GABRIEL DO OESTE;1;1;2026-04-21 14:44:54;3100000;RESSONANCIA MAGNETICA DO JOELHO ESQUERDO;3100000;GRUPO - RESSONANCIA MAGNETICA;0207030030;RESSONANCIA MAGNETICA DE MEMBRO INFERIOR (UNILATERAL);SILENE FERREIRA DO CARMO;1975-04-26;VALDIRA FERREIRA DO CARMO;709607697971774;58323031134;FEMININO;663098825;4;299;28;1495;6;M179;GONARTROSE NAO ESPECIFICADA 
2026-07-27 16:46:41;500769;SAO GABRIEL DO OESTE;6354265;CENTRAL DE REGULACAO DE SAO GABRIEL DO OESTE;500769;SAO GABRIEL DO OESTE;1;1;2026-04-21 14:32:43;3100000;RESSONANCIA MAGNETICA DO JOELHO ESQUERDO;3100000;GRUPO - RESSONANCIA MAGNETICA;0207030030;RESSONANCIA MAGNETICA DE MEMBRO INFERIOR (UNILATERAL);MARCIA JORGE SANTANA DA SILVA;1975-07-06;MARIA APARECIDA MARTINS;707602274744099;60822147149;FEMININO;663098604;4;292;28;1460;6;M224;CONDROMALACIA DA ROTULA 
2026-07-27 16:46:41;500769;SAO GABRIEL DO OESTE;6354265;CENTRAL DE REGULACAO DE SAO GABRIEL DO OESTE;500769;SAO GABRIEL DO OESTE;1;1;2026-04-21 14:23:24;3100000;RESSONANCIA MAGNETICA DO JOELHO ESQUERDO;3100000;GRUPO - RESSONANCIA MAGNETICA;0207030030;RESSONANCIA MAGNETICA DE MEMBRO INFERIOR (UNILATERAL);ROSANIA APARECIDA BALTA IAHN;1968-11-14;WANDA BALTA IAHN;700003873442803;85120138187;FEMININO;663098414;4;286;28;1430;6;M170;GONARTROSE PRIMARIA BILATERAL 
2026-07-27 16:46:41;500769;SAO GABRIEL DO OESTE;6354265;CENTRAL DE REGULACAO DE SAO GABRIEL DO OESTE;500769;SAO GABRIEL DO OESTE;1;1;2026-04-21 14:21:00;3100000;RESSONANCIA MAGNETICA DO JOELHO ESQUERDO;3100000;GRUPO - RESSONANCIA MAGNETICA;0207030030;RESSONANCIA MAGNETICA DE MEMBRO INFERIOR (UNILATERAL);LUCILA PAIVA DE LIMA;1948-08-22;OSCARLINA PAIVA;707402073563870;28511239120;FEMININO;663098364;4;283;28;1415;6;N179;INSUFICIENCIA RENAL AGUDA NAO ESPECIFICADA 
2026-07-27 16:46:41;500769;SAO GABRIEL DO OESTE;6354265;CENTRAL DE REGULACAO DE SAO GABRIEL DO OESTE;500769;SAO GABRIEL DO OESTE;1;1;2026-04-21 14:17:29;3100000;RESSONANCIA MAGNETICA DO JOELHO ESQUERDO;3100000;GRUPO - RESSONANCIA MAGNETICA;0207030030;RESSONANCIA MAGNETICA DE MEMBRO INFERIOR (UNILATERAL);LUCIA FERREIRA MARION HAINASKI;1987-07-05;MARIA FERREIRA MARION;708505335218679;01906081107;FEMININO;663098294;4;280;28;1400;6;M751;SINDROME DO MANGUITO ROTADOR 
2026-07-27 16:46:41;500769;SAO GABRIEL DO OESTE;6354265;CENTRAL DE REGULACAO DE SAO GABRIEL DO OESTE;500769;SAO GABRIEL DO OESTE;1;1;2026-04-21 14:11:26;3100000;RESSONANCIA MAGNETICA DO JOELHO ESQUERDO;3100000;GRUPO - RESSONANCIA MAGNETICA;0207030030;RESSONANCIA MAGNETICA DE MEMBRO INFERIOR (UNILATERAL);MARIA ZELIA FERREIRA OLIVEIRA ALVES;1960-07-12;UBALDINA FERREIRA DE OLIVEIRA;701802230380171;28529294149;FEMININO;663098152;4;276;28;1380;6;M179;GONARTROSE NAO ESPECIFICADA 
2026-07-27 16:46:41;500769;SAO GABRIEL DO OESTE;6354265;CENTRAL DE REGULACAO DE SAO GABRIEL DO OESTE;500769;SAO GABRIEL DO OESTE;1;1;2026-04-21 13:57:14;3100000;RESSONANCIA MAGNETICA DO JOELHO ESQUERDO;3100000;GRUPO - RESSONANCIA MAGNETICA;0207030030;RESSONANCIA MAGNETICA DE MEMBRO INFERIOR (UNILATERAL);LUCAS DE SOUSA SILVA;1995-04-24;LUCIENE DE SOUSA SILVA;701806233454773;60896506339;MASCULINO;663097848;4;262;28;1310;6;M233;OUTROS TRANSTORNOS DO MENISCO 
2026-07-27 16:46:41;500769;SAO GABRIEL DO OESTE;6354265;CENTRAL DE REGULACAO DE SAO GABRIEL DO OESTE;500769;SAO GABRIEL DO OESTE;1;1;2026-04-21 15:57:06;3100000;RESSONANCIA MAGNETICA DO JOELHO ESQUERDO;3100000;GRUPO - RESSONANCIA MAGNETICA;0207030030;RESSONANCIA MAGNETICA DE MEMBRO INFERIOR (UNILATERAL);JUNIOR DOS SANTOS PEREIRA;1990-11-13;ABADIA SENHORINHA PEREIRA;706004369894143;39448944802;MASCULINO;663100307;4;350;28;1750;6;M233;OUTROS TRANSTORNOS DO MENISCO 
2026-07-27 16:46:41;500769;SAO GABRIEL DO OESTE;6354265;CENTRAL DE REGULACAO DE SAO GABRIEL DO OESTE;500769;SAO GABRIEL DO OESTE;1;1;2026-04-21 15:40:19;3100000;RESSONANCIA MAGNETICA DO JOELHO ESQUERDO;3100000;GRUPO - RESSONANCIA MAGNETICA;0207030030;RESSONANCIA MAGNETICA DE MEMBRO INFERIOR (UNILATERAL);SIDNEI PEREIRA CARDOSO;1977-10-30;MARIA MARCOLINA PEREIRA;705007229747959;93394470187;MASCULINO;663099986;4;340;28;1700;6;M765;TENDINITE PATELAR 
2026-07-27 16:46:41;500769;SAO GABRIEL DO OESTE;6354265;CENTRAL DE REGULACAO DE SAO GABRIEL DO OESTE;500769;SAO GABRIEL DO OESTE;1;1;2026-04-21 15:19:59;3100000;RESSONANCIA MAGNETICA DO JOELHO ESQUERDO;3100000;GRUPO - RESSONANCIA MAGNETICA;0207030030;RESSONANCIA MAGNETICA DE MEMBRO INFERIOR (UNILATERAL);JAMILY VICTORIA MONTESSI GALLEANO;2010-03-30;ALESSANDRA DOS SANTOS MONTESSI GALLEANO;700706913426273;09463799125;FEMININO;663099606;4;326;28;1630;6;M222;TRANSTORNOS FEMUROPATELARES 
2026-07-27 16:46:41;500769;SAO GABRIEL DO OESTE;6354265;CENTRAL DE REGULACAO DE SAO GABRIEL DO OESTE;500769;SAO GABRIEL DO OESTE;1;1;2026-04-21 15:18:18;3100000;RESSONANCIA MAGNETICA DO JOELHO ESQUERDO;3100000;GRUPO - RESSONANCIA MAGNETICA;0207030030;RESSONANCIA MAGNETICA DE MEMBRO INFERIOR (UNILATERAL);JOANA DARC RAMOS DE AMORIM;1977-07-25;SEBASTIANA RAMOS DO PRADO;706906179217934;86154923104;FEMININO;663099569;4;324;28;1620;6;S836;ENTORSE E DISTENSAO DE OUTRAS PARTES E DAS NAO ESPECIFICADAS DO JOELHO 
2026-07-27 16:46:41;500769;SAO GABRIEL DO OESTE;6354265;CENTRAL DE REGULACAO DE SAO GABRIEL DO OESTE;500769;SAO GABRIEL DO OESTE;1;1;2026-04-21 15:10:34;3100000;RESSONANCIA MAGNETICA DO JOELHO ESQUERDO;3100000;GRUPO - RESSONANCIA MAGNETICA;0207030030;RESSONANCIA MAGNETICA DE MEMBRO INFERIOR (UNILATERAL);ZILDA NUNES DE CARVALHO;1981-06-05;ALZIRA OLIVEIRA CARVALHO;701207092547513;89863488100;FEMININO;663099398;4;316;28;1580;6;S832;RUPTURA DO MENISCO, ATUAL 
2026-07-27 16:46:41;500769;SAO GABRIEL DO OESTE;6354265;CENTRAL DE REGULACAO DE SAO GABRIEL DO OESTE;500769;SAO GABRIEL DO OESTE;1;1;2026-04-21 15:03:54;3100000;RESSONANCIA MAGNETICA DO JOELHO ESQUERDO;3100000;GRUPO - RESSONANCIA MAGNETICA;0207030030;RESSONANCIA MAGNETICA DE MEMBRO INFERIOR (UNILATERAL);JUAREZ DOS SANTOS;1959-11-20;IDI MACHADO DOS SANTOS;704800060984546;54249341100;MASCULINO;663099251;4;313;28;1565;6;M17;GONARTROSE [ARTROSE DO JOELHO]
2026-07-27 16:46:41;500769;SAO GABRIEL DO OESTE;6354265;CENTRAL DE REGULACAO DE SAO GABRIEL DO OESTE;500769;SAO GABRIEL DO OESTE;1;1;2026-04-21 14:57:04;3100000;RESSONANCIA MAGNETICA DO JOELHO ESQUERDO;3100000;GRUPO - RESSONANCIA MAGNETICA;0207030030;RESSONANCIA MAGNETICA DE MEMBRO INFERIOR (UNILATERAL);SONIA ROSANGELA BORGES LEAL VICENTE;1970-07-18;CLEUZA BORGES LEAL;701105814690080;34871683249;FEMININO;663099082;4;310;28;1550;6;M549;DORSALGIA NAO ESPECIFICADA 
2026-07-27 16:46:41;500769;SAO GABRIEL DO OESTE;6354265;CENTRAL DE REGULACAO DE SAO GABRIEL DO OESTE;500769;SAO GABRIEL DO OESTE;1;1;2026-05-05 17:52:22;3100000;RESSONANCIA MAGNETICA DO JOELHO ESQUERDO;3100000;GRUPO - RESSONANCIA MAGNETICA;0207030030;RESSONANCIA MAGNETICA DE MEMBRO INFERIOR (UNILATERAL);MARCOS ROBERTO BRANDT;1983-07-26;ALICE BRANDT;705000087987959;05645358937;MASCULINO;665803176;4;389;28;1945;6;M233;OUTROS TRANSTORNOS DO MENISCO 
2026-07-27 16:46:41;500769;SAO GABRIEL DO OESTE;6354265;CENTRAL DE REGULACAO DE SAO GABRIEL DO OESTE;500769;SAO GABRIEL DO OESTE;1;1;2026-05-04 09:41:14;3100000;RESSONANCIA MAGNETICA DO JOELHO ESQUERDO;3100000;GRUPO - RESSONANCIA MAGNETICA;0207030030;RESSONANCIA MAGNETICA DE MEMBRO INFERIOR (UNILATERAL);CARLA ARRUDA DE LARA PEREIRA;1975-09-30;EMILIA ARRUDA DE LARA;708200189067649;82462224149;FEMININO;665275050;4;387;28;1935;6;M233;OUTROS TRANSTORNOS DO MENISCO 
2026-07-27 16:46:41;500769;SAO GABRIEL DO OESTE;6354265;CENTRAL DE REGULACAO DE SAO GABRIEL DO OESTE;500769;SAO GABRIEL DO OESTE;1;1;2026-04-29 16:27:08;3100000;RESSONANCIA MAGNETICA DO JOELHO ESQUERDO;3100000;GRUPO - RESSONANCIA MAGNETICA;0207030030;RESSONANCIA MAGNETICA DE MEMBRO INFERIOR (UNILATERAL);JOAQUIM GIACOMINI;1958-12-18;WLADISLAVA GIACOMINI;700109907821113;33504580925;MASCULINO;664854167;4;385;28;1925;6;M233;OUTROS TRANSTORNOS DO MENISCO 
2026-07-27 16:46:41;500769;SAO GABRIEL DO OESTE;6354265;CENTRAL DE REGULACAO DE SAO GABRIEL DO OESTE;500769;SAO GABRIEL DO OESTE;1;1;2026-04-28 09:14:29;3100000;RESSONANCIA MAGNETICA DO JOELHO ESQUERDO;3100000;GRUPO - RESSONANCIA MAGNETICA;0207030030;RESSONANCIA MAGNETICA DE MEMBRO INFERIOR (UNILATERAL);EVANIR BENACHIO;1951-02-09;ANA GILIOLI;700000118229006;20018975100;FEMININO;664321199;4;377;28;1885;6;M17;GONARTROSE [ARTROSE DO JOELHO]
2026-07-27 16:46:41;500769;SAO GABRIEL DO OESTE;6354265;CENTRAL DE REGULACAO DE SAO GABRIEL DO OESTE;500769;SAO GABRIEL DO OESTE;1;1;2026-04-22 14:57:59;3100000;RESSONANCIA MAGNETICA DO JOELHO ESQUERDO;3100000;GRUPO - RESSONANCIA MAGNETICA;0207030030;RESSONANCIA MAGNETICA DE MEMBRO INFERIOR (UNILATERAL);SHEILA GONCALVES;1962-05-03;GUIOMAR GONCALVES;709602666777270;73206202191;FEMININO;663325902;4;364;28;1820;6;M179;GONARTROSE NAO ESPECIFICADA 
2026-07-27 16:46:41;500769;SAO GABRIEL DO OESTE;6354265;CENTRAL DE REGULACAO DE SAO GABRIEL DO OESTE;500769;SAO GABRIEL DO OESTE;1;1;2026-04-22 14:13:58;3100000;RESSONANCIA MAGNETICA DO JOELHO ESQUERDO;3100000;GRUPO - RESSONANCIA MAGNETICA;0207030030;RESSONANCIA MAGNETICA DE MEMBRO INFERIOR (UNILATERAL);INEZ TEREZINHA GASPAR;1967-12-12;MARIA PIRES GASPAR;706407640899281;68593953972;FEMININO;663302858;4;356;28;1780;6;M255;DOR ARTICULAR 
2026-07-27 16:46:41;500769;SAO GABRIEL DO OESTE;6354265;CENTRAL DE REGULACAO DE SAO GABRIEL DO OESTE;500769;SAO GABRIEL DO OESTE;1;1;2026-05-28 15:15:38;3100000;RESSONANCIA MAGNETICA DO JOELHO ESQUERDO;3100000;GRUPO - RESSONANCIA MAGNETICA;0207030030;RESSONANCIA MAGNETICA DE MEMBRO INFERIOR (UNILATERAL);WENDER FREITAS FERREIRA;2004-11-13;ELAINE PEREIRA DE FREITAS FERREIRA;700807445423084;08788055167;MASCULINO;670495294;4;445;28;2225;6;M253;OUTRAS INSTABILIDADES ARTICULARES 
2026-07-27 16:46:41;500769;SAO GABRIEL DO OESTE;6354265;CENTRAL DE REGULACAO DE SAO GABRIEL DO OESTE;500769;SAO GABRIEL DO OESTE;1;1;2026-05-20 14:44:51;3100000;RESSONANCIA MAGNETICA DO JOELHO ESQUERDO;3100000;GRUPO - RESSONANCIA MAGNETICA;0207030030;RESSONANCIA MAGNETICA DE MEMBRO INFERIOR (UNILATERAL);MARIA AUXILIADORA DE SOUZA;1971-08-26;DELFINA MARCOLINO DE SOUZA;700608489191068;94201056104;FEMININO;668774658;4;418;28;2090;6;I839;VARIZES DOS MEMBROS INFERIORES SEM ULCERA OU INFLAMACAO 
2026-07-27 16:46:41;500769;SAO GABRIEL DO OESTE;6354265;CENTRAL DE REGULACAO DE SAO GABRIEL DO OESTE;500769;SAO GABRIEL DO OESTE;1;1;2026-06-12 08:18:01;3100000;RESSONANCIA MAGNETICA DO JOELHO ESQUERDO;3100000;GRUPO - RESSONANCIA MAGNETICA;0207030030;RESSONANCIA MAGNETICA DE MEMBRO INFERIOR (UNILATERAL);VITOR HUGO REICHERT;2005-11-25;LIDIANA TOMAZONI PIROVANO REICHERT;705209404264672;06001277109;MASCULINO;673033383;4;490;28;2450;6;S835;ENTORSE E DISTENSAO ENVOLVENDO LIGAMENTO CRUZADO (ANTERIOR) (POSTERIOR) DO JOELHO 
2026-07-27 16:46:41;500769;SAO GABRIEL DO OESTE;6354265;CENTRAL DE REGULACAO DE SAO GABRIEL DO OESTE;500769;SAO GABRIEL DO OESTE;1;1;2026-06-09 17:03:44;3100000;RESSONANCIA MAGNETICA DO JOELHO ESQUERDO;3100000;GRUPO - RESSONANCIA MAGNETICA;0207030030;RESSONANCIA MAGNETICA DE MEMBRO INFERIOR (UNILATERAL);LUCAS APARECIDO GONCALVES MIRANDA;2001-07-22;LUCIENE APARECIDA MIRANDA DO AMARAL;708600573577980;07304954183;MASCULINO;672434876;4;482;28;2410;6;M224;CONDROMALACIA DA ROTULA 
2026-07-27 16:46:41;500769;SAO GABRIEL DO OESTE;6354265;CENTRAL DE REGULACAO DE SAO GABRIEL DO OESTE;500769;SAO GABRIEL DO OESTE;1;1;2026-06-02 10:23:57;3100000;RESSONANCIA MAGNETICA DO JOELHO ESQUERDO;3100000;GRUPO - RESSONANCIA MAGNETICA;0207030030;RESSONANCIA MAGNETICA DE MEMBRO INFERIOR (UNILATERAL);LEA STAUD DE SOUSA;1984-03-11;NORMELINDA STAUD;704606145016029;00155476122;FEMININO;671245798;4;468;28;2340;6;M224;CONDROMALACIA DA ROTULA 
2026-07-27 16:46:41;500769;SAO GABRIEL DO OESTE;6354265;CENTRAL DE REGULACAO DE SAO GABRIEL DO OESTE;500769;SAO GABRIEL DO OESTE;1;1;2026-06-01 14:35:56;3100000;RESSONANCIA MAGNETICA DO JOELHO ESQUERDO;3100000;GRUPO - RESSONANCIA MAGNETICA;0207030030;RESSONANCIA MAGNETICA DE MEMBRO INFERIOR (UNILATERAL);PAULO RICARDO JACINTHO PROENCIO;2005-01-27;JANAINA ALVES JACINTHO;707005840036139;08978210171;MASCULINO;671054327;4;463;28;2315;6;M23;TRANSTORNOS INTERNOS DOS JOELHOS
2026-07-27 16:46:41;500769;SAO GABRIEL DO OESTE;6354265;CENTRAL DE REGULACAO DE SAO GABRIEL DO OESTE;500769;SAO GABRIEL DO OESTE;1;1;2026-05-28 17:35:43;3100000;RESSONANCIA MAGNETICA DO JOELHO ESQUERDO;3100000;GRUPO - RESSONANCIA MAGNETICA;0207030030;RESSONANCIA MAGNETICA DE MEMBRO INFERIOR (UNILATERAL);RIVALDO MORAES DE MESQUITA;1995-07-02;IZABEL MORAES DA ROCHA PEREIRA;702808193187567;05685033176;MASCULINO;670543814;4;457;28;2285;6;M224;CONDROMALACIA DA ROTULA 
2026-07-27 16:46:41;500769;SAO GABRIEL DO OESTE;6354265;CENTRAL DE REGULACAO DE SAO GABRIEL DO OESTE;500769;SAO GABRIEL DO OESTE;1;1;2026-07-16 09:48:25;3100000;RESSONANCIA MAGNETICA DO JOELHO ESQUERDO;3100000;GRUPO - RESSONANCIA MAGNETICA;0207030030;RESSONANCIA MAGNETICA DE MEMBRO INFERIOR (UNILATERAL);VALDOMIRO RAMOS DE AMORIM;1975-10-18;SEBASTIANA RAMOS DO PRADO;701709229732970;78100224153;MASCULINO;679391823;4;550;28;2750;6;M233;OUTROS TRANSTORNOS DO MENISCO 
2026-07-27 16:46:41;500769;SAO GABRIEL DO OESTE;6354265;CENTRAL DE REGULACAO DE SAO GABRIEL DO OESTE;500769;SAO GABRIEL DO OESTE;1;1;2026-07-16 09:41:26;3100000;RESSONANCIA MAGNETICA DO JOELHO ESQUERDO;3100000;GRUPO - RESSONANCIA MAGNETICA;0207030030;RESSONANCIA MAGNETICA DE MEMBRO INFERIOR (UNILATERAL);FELIPE FABIANO DA SILVA;2008-01-16;APARECIDA FABIANA TALAVEIRA;898005827848729;08899114102;MASCULINO;679387914;4;549;28;2745;6;S835;ENTORSE E DISTENSAO ENVOLVENDO LIGAMENTO CRUZADO (ANTERIOR) (POSTERIOR) DO JOELHO 
2026-07-27 16:46:41;500769;SAO GABRIEL DO OESTE;6354265;CENTRAL DE REGULACAO DE SAO GABRIEL DO OESTE;500769;SAO GABRIEL DO OESTE;1;1;2026-07-13 16:23:35;3100000;RESSONANCIA MAGNETICA DO JOELHO ESQUERDO;3100000;GRUPO - RESSONANCIA MAGNETICA;0207030030;RESSONANCIA MAGNETICA DE MEMBRO INFERIOR (UNILATERAL);GABRIEL ROCHA NOVAIS;2001-02-15;MEIRE ROCHA NOVAIS;703107390027760;06799527136;MASCULINO;678743515;4;542;28;2710;6;M224;CONDROMALACIA DA ROTULA 
2026-07-27 16:46:41;500769;SAO GABRIEL DO OESTE;6354265;CENTRAL DE REGULACAO DE SAO GABRIEL DO OESTE;500769;SAO GABRIEL DO OESTE;1;1;2026-07-10 10:21:12;3100000;RESSONANCIA MAGNETICA DO JOELHO ESQUERDO;3100000;GRUPO - RESSONANCIA MAGNETICA;0207030030;RESSONANCIA MAGNETICA DE MEMBRO INFERIOR (UNILATERAL);ANTONIO BARBOSA DA LUZ;1976-07-22;ANA HENRIQUETA BARBOSA SOUZA DA LUZ;704106253719080;18141939874;MASCULINO;678323830;4;537;28;2685;6;M239;TRANSTORNO INTERNO NAO ESPECIFICADO DO JOELHO 
2026-07-27 16:46:41;500769;SAO GABRIEL DO OESTE;6354265;CENTRAL DE REGULACAO DE SAO GABRIEL DO OESTE;500769;SAO GABRIEL DO OESTE;1;1;2026-07-08 15:31:35;3100000;RESSONANCIA MAGNETICA DO JOELHO ESQUERDO;3100000;GRUPO - RESSONANCIA MAGNETICA;0207030030;RESSONANCIA MAGNETICA DE MEMBRO INFERIOR (UNILATERAL);AGNALDO ALVES DA SILVA;1974-07-12;ZEZINHA GENEZI CASSAPULA;705409440045797;57163774168;MASCULINO;677940755;4;533;28;2665;6;M23;TRANSTORNOS INTERNOS DOS JOELHOS
2026-07-27 16:46:41;500769;SAO GABRIEL DO OESTE;6354265;CENTRAL DE REGULACAO DE SAO GABRIEL DO OESTE;500769;SAO GABRIEL DO OESTE;1;1;2026-07-03 08:27:25;3100000;RESSONANCIA MAGNETICA DO JOELHO ESQUERDO;3100000;GRUPO - RESSONANCIA MAGNETICA;0207030030;RESSONANCIA MAGNETICA DE MEMBRO INFERIOR (UNILATERAL);JOILSON COUTO SILVA;1985-07-23;JOELMA DA GUIA COUTO SILVA;706208064842168;02910530175;MASCULINO;676894521;4;522;28;2610;6;M233;OUTROS TRANSTORNOS DO MENISCO 
2026-07-27 16:46:41;500769;SAO GABRIEL DO OESTE;6354265;CENTRAL DE REGULACAO DE SAO GABRIEL DO OESTE;500769;SAO GABRIEL DO OESTE;1;1;2026-07-01 16:28:38;3100000;RESSONANCIA MAGNETICA DO JOELHO ESQUERDO;3100000;GRUPO - RESSONANCIA MAGNETICA;0207030030;RESSONANCIA MAGNETICA DE MEMBRO INFERIOR (UNILATERAL);LEILIANE XAVIER RIBEIRO;1993-05-17;IVONETE APARECIDA XAVIER RIBEIRO;704704045296140;04043997116;FEMININO;676588923;4;520;28;2600;6;M224;CONDROMALACIA DA ROTULA 
2026-07-27 16:46:41;500769;SAO GABRIEL DO OESTE;6354265;CENTRAL DE REGULACAO DE SAO GABRIEL DO OESTE;500769;SAO GABRIEL DO OESTE;1;1;2026-06-26 15:39:19;3100000;RESSONANCIA MAGNETICA DO JOELHO ESQUERDO;3100000;GRUPO - RESSONANCIA MAGNETICA;0207030030;RESSONANCIA MAGNETICA DE MEMBRO INFERIOR (UNILATERAL);MAICON JONAS SOUZA ESCOBAR;1991-01-17;MARIA DERALDINA DE SOUZA SIQUEIRA;706804781209226;03537003129;MASCULINO;675820870;4;509;28;2545;6;M765;TENDINITE PATELAR 
2026-07-27 16:46:41;500769;SAO GABRIEL DO OESTE;6354265;CENTRAL DE REGULACAO DE SAO GABRIEL DO OESTE;500769;SAO GABRIEL DO OESTE;1;1;2026-06-22 15:55:42;3100000;RESSONANCIA MAGNETICA DO JOELHO ESQUERDO;3100000;GRUPO - RESSONANCIA MAGNETICA;0207030030;RESSONANCIA MAGNETICA DE MEMBRO INFERIOR (UNILATERAL);CLAUDIO BISPO DE JESUS;1980-05-24;MARIA DELMIRO DA SILVA JESUS;706706529208515;93736258100;MASCULINO;674856393;4;503;28;2515;6;M233;OUTROS TRANSTORNOS DO MENISCO 
2026-07-27 16:46:41;500769;SAO GABRIEL DO OESTE;6354265;CENTRAL DE REGULACAO DE SAO GABRIEL DO OESTE;500769;SAO GABRIEL DO OESTE;1;1;2026-07-17 14:33:23;3100000;RESSONANCIA MAGNETICA DO JOELHO ESQUERDO;3100000;GRUPO - RESSONANCIA MAGNETICA;0207030030;RESSONANCIA MAGNETICA DE MEMBRO INFERIOR (UNILATERAL);IZA MARA OLIVEIRA DE FREITAS;1987-11-22;RITA COSTA DE OLIVEIRA FREITAS;700004354514502;05134686173;FEMININO;679740057;4;559;28;2795;6;S835;ENTORSE E DISTENSAO ENVOLVENDO LIGAMENTO CRUZADO (ANTERIOR) (POSTERIOR) DO JOELHO 
2026-07-27 16:46:41;500769;SAO GABRIEL DO OESTE;6354265;CENTRAL DE REGULACAO DE SAO GABRIEL DO OESTE;500769;SAO GABRIEL DO OESTE;1;1;2026-07-17 14:26:45;3100000;RESSONANCIA MAGNETICA DO JOELHO ESQUERDO;3100000;GRUPO - RESSONANCIA MAGNETICA;0207030030;RESSONANCIA MAGNETICA DE MEMBRO INFERIOR (UNILATERAL);IEDA NAZARE LUENEBERG;1960-07-11;MARIA IEDA LUENEBERG;704301551516793;44803176949;FEMININO;679737531;4;558;28;2790;6;M238;OUTROS TRANSTORNOS INTERNOS DO JOELHO 
2026-07-27 16:46:41;500769;SAO GABRIEL DO OESTE;6354265;CENTRAL DE REGULACAO DE SAO GABRIEL DO OESTE;500769;SAO GABRIEL DO OESTE;1;1;2026-04-10 14:25:57;3100000;RESSONANCIA MAGNETICA DO JOELHO DIREITO;3100000;GRUPO - RESSONANCIA MAGNETICA;0207030030;RESSONANCIA MAGNETICA DE MEMBRO INFERIOR (UNILATERAL);PERSIVAL DE MIRANDA;1966-06-07;DORVALINA MARIA DE MIRANDA;700206996298027;39131564100;MASCULINO;661446780;3;6;38;42;4;M233;OUTROS TRANSTORNOS DO MENISCO 
2026-07-27 16:46:41;500769;SAO GABRIEL DO OESTE;6354265;CENTRAL DE REGULACAO DE SAO GABRIEL DO OESTE;500769;SAO GABRIEL DO OESTE;1;1;2026-04-10 17:38:36;3100000;RESSONANCIA MAGNETICA DO JOELHO DIREITO;3100000;GRUPO - RESSONANCIA MAGNETICA;0207030030;RESSONANCIA MAGNETICA DE MEMBRO INFERIOR (UNILATERAL);IVAIR TORELI;1967-11-27;MARIA PEIXER;707800637117810;40449130134;MASCULINO;661509954;4;55;38;381;4;M232;TRANSTORNO DO MENISCO DEVIDO A RUPTURA OU LESAO ANTIGA 
2026-07-27 16:46:41;500769;SAO GABRIEL DO OESTE;6354265;CENTRAL DE REGULACAO DE SAO GABRIEL DO OESTE;500769;SAO GABRIEL DO OESTE;1;1;2026-04-10 16:58:01;3100000;RESSONANCIA MAGNETICA DO JOELHO DIREITO;3100000;GRUPO - RESSONANCIA MAGNETICA;0207030030;RESSONANCIA MAGNETICA DE MEMBRO INFERIOR (UNILATERAL);MARIA JOSE DE ARRUDA BARBOSA;1955-05-09;SEBASTIANA FLORENTINA DE ARRUDA;704701790534330;20054696100;FEMININO;661503514;4;49;38;339;4;M17;GONARTROSE [ARTROSE DO JOELHO]
2026-07-27 16:46:41;500769;SAO GABRIEL DO OESTE;6354265;CENTRAL DE REGULACAO DE SAO GABRIEL DO OESTE;500769;SAO GABRIEL DO OESTE;1;1;2026-04-10 14:51:04;3100000;RESSONANCIA MAGNETICA DO JOELHO DIREITO;3100000;GRUPO - RESSONANCIA MAGNETICA;0207030030;RESSONANCIA MAGNETICA DE MEMBRO INFERIOR (UNILATERAL);MARIA MADALENA SOARES DE SOUZA;1972-10-03;MARIA DE LOURDES PEREIRA DE SOUZA;709000821276512;90147405149;FEMININO;661457749;4;35;38;242;4;M179;GONARTROSE NAO ESPECIFICADA 
2026-07-27 16:46:41;500769;SAO GABRIEL DO OESTE;6354265;CENTRAL DE REGULACAO DE SAO GABRIEL DO OESTE;500769;SAO GABRIEL DO OESTE;1;1;2026-04-09 17:51:46;3100000;RESSONANCIA MAGNETICA DO JOELHO DIREITO;3100000;GRUPO - RESSONANCIA MAGNETICA;0207030030;RESSONANCIA MAGNETICA DE MEMBRO INFERIOR (UNILATERAL);SANDRA CONCEICAO DA SILVA CURTI;1974-03-17;LUZINETE MARIA CONCEICAO SILVA;705005250058758;56260199104;FEMININO;661264576;4;32;38;222;4;M23;TRANSTORNOS INTERNOS DOS JOELHOS
2026-07-27 16:46:41;500769;SAO GABRIEL DO OESTE;6354265;CENTRAL DE REGULACAO DE SAO GABRIEL DO OESTE;500769;SAO GABRIEL DO OESTE;1;1;2026-04-09 17:47:22;3100000;RESSONANCIA MAGNETICA DO JOELHO DIREITO;3100000;GRUPO - RESSONANCIA MAGNETICA;0207030030;RESSONANCIA MAGNETICA DE MEMBRO INFERIOR (UNILATERAL);SONIA REGINA OLIVEIRA DE MENEZES;1963-09-13;HELENA DE OLIVEIRA MENEZES;708907748502619;48981052115;FEMININO;661263898;4;31;38;215;4;M179;GONARTROSE NAO ESPECIFICADA 
2026-07-27 16:46:41;500769;SAO GABRIEL DO OESTE;6354265;CENTRAL DE REGULACAO DE SAO GABRIEL DO OESTE;500769;SAO GABRIEL DO OESTE;1;1;2026-04-16 11:52:03;3100000;RESSONANCIA MAGNETICA DO JOELHO DIREITO;3100000;GRUPO - RESSONANCIA MAGNETICA;0207030030;RESSONANCIA MAGNETICA DE MEMBRO INFERIOR (UNILATERAL);BASILICIO RAMIREZ CESPEDES;1976-05-20;ISABEL CESPEDES;703401302878900;12128680131;MASCULINO;662567255;4;105;38;727;4;S835;ENTORSE E DISTENSAO ENVOLVENDO LIGAMENTO CRUZADO (ANTERIOR) (POSTERIOR) DO JOELHO 
2026-07-27 16:46:41;500769;SAO GABRIEL DO OESTE;6354265;CENTRAL DE REGULACAO DE SAO GABRIEL DO OESTE;500769;SAO GABRIEL DO OESTE;1;1;2026-04-16 11:31:57;3100000;RESSONANCIA MAGNETICA DO JOELHO DIREITO;3100000;GRUPO - RESSONANCIA MAGNETICA;0207030030;RESSONANCIA MAGNETICA DE MEMBRO INFERIOR (UNILATERAL);ANA ALICE DOS SANTOS DE OLIVEIRA;1951-12-17;ALICE GONCALVES DOS SANTOS;700005325523508;80089712153;FEMININO;662557476;4;100;38;692;4;M179;GONARTROSE NAO ESPECIFICADA 
2026-07-27 16:46:41;500769;SAO GABRIEL DO OESTE;6354265;CENTRAL DE REGULACAO DE SAO GABRIEL DO OESTE;500769;SAO GABRIEL DO OESTE;1;1;2026-04-16 10:50:17;3100000;RESSONANCIA MAGNETICA DO JOELHO DIREITO;3100000;GRUPO - RESSONANCIA MAGNETICA;0207030030;RESSONANCIA MAGNETICA DE MEMBRO INFERIOR (UNILATERAL);ADEMILSON INACIO DE OLIVEIRA;1960-06-02;MARIA SEBASTIANA DE JESUS;706807729772422;35811668104;MASCULINO;662533118;4;94;38;651;4;M179;GONARTROSE NAO ESPECIFICADA 
2026-07-27 16:46:41;500769;SAO GABRIEL DO OESTE;6354265;CENTRAL DE REGULACAO DE SAO GABRIEL DO OESTE;500769;SAO GABRIEL DO OESTE;1;1;2026-04-16 10:07:16;3100000;RESSONANCIA MAGNETICA DO JOELHO DIREITO;3100000;GRUPO - RESSONANCIA MAGNETICA;0207030030;RESSONANCIA MAGNETICA DE MEMBRO INFERIOR (UNILATERAL);ANTERO VIEIRA DA SILVA;1964-05-26;LUIZA FERNANDES ARAUJO;704802576967345;05925664809;MASCULINO;662505806;4;89;38;616;4;M179;GONARTROSE NAO ESPECIFICADA 
2026-07-27 16:46:41;500769;SAO GABRIEL DO OESTE;6354265;CENTRAL DE REGULACAO DE SAO GABRIEL DO OESTE;500769;SAO GABRIEL DO OESTE;1;1;2026-04-16 09:21:14;3100000;RESSONANCIA MAGNETICA DO JOELHO DIREITO;3100000;GRUPO - RESSONANCIA MAGNETICA;0207030030;RESSONANCIA MAGNETICA DE MEMBRO INFERIOR (UNILATERAL);ADEMIR DA SILVA MARTINS;1994-05-10;APARECIDA ARRUDA DA SILVA;709009892822313;05145477155;MASCULINO;662476565;4;84;38;582;4;G572;LESAO DO NERVO FEMORAL 
2026-07-27 16:46:41;500769;SAO GABRIEL DO OESTE;6354265;CENTRAL DE REGULACAO DE SAO GABRIEL DO OESTE;500769;SAO GABRIEL DO OESTE;1;1;2026-04-15 17:40:21;3100000;RESSONANCIA MAGNETICA DO JOELHO DIREITO;3100000;GRUPO - RESSONANCIA MAGNETICA;0207030030;RESSONANCIA MAGNETICA DE MEMBRO INFERIOR (UNILATERAL);ELCI RODRIGUES DA ROSA;1957-03-13;ADELAIDA BECKMANN DA ROSA;700400437734847;38481600059;FEMININO;662412814;4;73;38;505;4;M179;GONARTROSE NAO ESPECIFICADA 
2026-07-27 16:46:41;500769;SAO GABRIEL DO OESTE;6354265;CENTRAL DE REGULACAO DE SAO GABRIEL DO OESTE;500769;SAO GABRIEL DO OESTE;1;1;2026-04-15 17:35:59;3100000;RESSONANCIA MAGNETICA DO JOELHO DIREITO;3100000;GRUPO - RESSONANCIA MAGNETICA;0207030030;RESSONANCIA MAGNETICA DE MEMBRO INFERIOR (UNILATERAL);FRANCISCO SUEUDO DANTAS DE LIMA;1974-11-24;DINALVA ANDRADE DE LIMA;706206501021768;91546273468;MASCULINO;662412057;4;72;38;498;4;M22;TRANSTORNOS DA ROTULA [PATELA]
2026-07-27 16:46:41;500769;SAO GABRIEL DO OESTE;6354265;CENTRAL DE REGULACAO DE SAO GABRIEL DO OESTE;500769;SAO GABRIEL DO OESTE;1;1;2026-04-15 16:59:52;3100000;RESSONANCIA MAGNETICA DO JOELHO DIREITO;3100000;GRUPO - RESSONANCIA MAGNETICA;0207030030;RESSONANCIA MAGNETICA DE MEMBRO INFERIOR (UNILATERAL);HELENA MARIA BRIOCHI;1969-02-26;NEUZA MEDIS BRIOCHI;702605723646546;02416122177;FEMININO;662404875;4;69;38;478;4;M179;GONARTROSE NAO ESPECIFICADA 
2026-07-27 16:46:41;500769;SAO GABRIEL DO OESTE;6354265;CENTRAL DE REGULACAO DE SAO GABRIEL DO OESTE;500769;SAO GABRIEL DO OESTE;1;1;2026-04-15 16:55:38;3100000;RESSONANCIA MAGNETICA DO JOELHO DIREITO;3100000;GRUPO - RESSONANCIA MAGNETICA;0207030030;RESSONANCIA MAGNETICA DE MEMBRO INFERIOR (UNILATERAL);IZAURA NERES GONCALVES;1958-07-05;ILDA NERES GONCALVES;705404480319192;63930889153;FEMININO;662403760;4;68;38;471;4;M179;GONARTROSE NAO ESPECIFICADA 
2026-07-27 16:46:41;500769;SAO GABRIEL DO OESTE;6354265;CENTRAL DE REGULACAO DE SAO GABRIEL DO OESTE;500769;SAO GABRIEL DO OESTE;1;1;2026-04-15 16:36:56;3100000;RESSONANCIA MAGNETICA DO JOELHO DIREITO;3100000;GRUPO - RESSONANCIA MAGNETICA;0207030030;RESSONANCIA MAGNETICA DE MEMBRO INFERIOR (UNILATERAL);JOHN GABRIEL MOREIRA KOPP;1996-09-05;MARINES MOREIRA DE MOURA KOPP;702409503322429;03401701150;MASCULINO;662397364;4;64;38;443;4;M179;GONARTROSE NAO ESPECIFICADA 
2026-07-27 16:46:41;500769;SAO GABRIEL DO OESTE;6354265;CENTRAL DE REGULACAO DE SAO GABRIEL DO OESTE;500769;SAO GABRIEL DO OESTE;1;1;2026-04-15 16:22:50;3100000;RESSONANCIA MAGNETICA DO JOELHO DIREITO;3100000;GRUPO - RESSONANCIA MAGNETICA;0207030030;RESSONANCIA MAGNETICA DE MEMBRO INFERIOR (UNILATERAL);JULIANO FREITAS LIMA;1988-01-15;SIRLEI MARIANO DE FREITAS;702104825657370;01813148198;MASCULINO;662391770;4;61;38;422;4;S835;ENTORSE E DISTENSAO ENVOLVENDO LIGAMENTO CRUZADO (ANTERIOR) (POSTERIOR) DO JOELHO 
2026-07-27 16:46:41;500769;SAO GABRIEL DO OESTE;6354265;CENTRAL DE REGULACAO DE SAO GABRIEL DO OESTE;500769;SAO GABRIEL DO OESTE;1;1;2026-04-17 14:48:38;3100000;RESSONANCIA MAGNETICA DO JOELHO DIREITO;3100000;GRUPO - RESSONANCIA MAGNETICA;0207030030;RESSONANCIA MAGNETICA DE MEMBRO INFERIOR (UNILATERAL);ELICIOMAR DE JESUS DA SILVA;1983-03-10;ILZA DE JESUS DA SILVA;704008316052765;01837262195;FEMININO;662889804;4;155;38;1073;4;M233;OUTROS TRANSTORNOS DO MENISCO 
2026-07-27 16:46:41;500769;SAO GABRIEL DO OESTE;6354265;CENTRAL DE REGULACAO DE SAO GABRIEL DO OESTE;500769;SAO GABRIEL DO OESTE;1;1;2026-04-17 11:18:28;3100000;RESSONANCIA MAGNETICA DO JOELHO DIREITO;3100000;GRUPO - RESSONANCIA MAGNETICA;0207030030;RESSONANCIA MAGNETICA DE MEMBRO INFERIOR (UNILATERAL);ELISABETE PRESTES LOUREIRO;1970-06-21;ROSA PRESTES LOUREIRO;703608015550134;56174179168;FEMININO;662818759;4;152;38;1052;4;S836;ENTORSE E DISTENSAO DE OUTRAS PARTES E DAS NAO ESPECIFICADAS DO JOELHO 
2026-07-27 16:46:41;500769;SAO GABRIEL DO OESTE;6354265;CENTRAL DE REGULACAO DE SAO GABRIEL DO OESTE;500769;SAO GABRIEL DO OESTE;1;1;2026-04-17 10:12:51;3100000;RESSONANCIA MAGNETICA DO JOELHO DIREITO;3100000;GRUPO - RESSONANCIA MAGNETICA;0207030030;RESSONANCIA MAGNETICA DE MEMBRO INFERIOR (UNILATERAL);CREUZA PEREIRA DA SILVA NASCIMENTO;1970-04-01;APARECIDA PEREIRA DA SILVA;702608783272548;87056046134;FEMININO;662781657;4;143;38;990;4;M179;GONARTROSE NAO ESPECIFICADA 
2026-07-27 16:46:41;500769;SAO GABRIEL DO OESTE;6354265;CENTRAL DE REGULACAO DE SAO GABRIEL DO OESTE;500769;SAO GABRIEL DO OESTE;1;1;2026-04-17 09:55:11;3100000;RESSONANCIA MAGNETICA DO JOELHO DIREITO;3100000;GRUPO - RESSONANCIA MAGNETICA;0207030030;RESSONANCIA MAGNETICA DE MEMBRO INFERIOR (UNILATERAL);CARLA ADRIANA ALVES VASQUES;1980-11-28;CONCEICAO ALVES MARINHO VASQUES;709602617630474;95982124168;FEMININO;662771320;4;141;38;976;4;M179;GONARTROSE NAO ESPECIFICADA 
2026-07-27 16:46:41;500769;SAO GABRIEL DO OESTE;6354265;CENTRAL DE REGULACAO DE SAO GABRIEL DO OESTE;500769;SAO GABRIEL DO OESTE;1;1;2026-04-17 09:24:34;3100000;RESSONANCIA MAGNETICA DO JOELHO DIREITO;3100000;GRUPO - RESSONANCIA MAGNETICA;0207030030;RESSONANCIA MAGNETICA DE MEMBRO INFERIOR (UNILATERAL);CLAUDETE PAULINO;1963-04-29;HILDEGA FRIGER GUTH;703203667667393;77832469153;FEMININO;662754321;4;132;38;914;4;M179;GONARTROSE NAO ESPECIFICADA 
2026-07-27 16:46:41;500769;SAO GABRIEL DO OESTE;6354265;CENTRAL DE REGULACAO DE SAO GABRIEL DO OESTE;500769;SAO GABRIEL DO OESTE;1;1;2026-04-17 09:14:50;3100000;RESSONANCIA MAGNETICA DO JOELHO DIREITO;3100000;GRUPO - RESSONANCIA MAGNETICA;0207030030;RESSONANCIA MAGNETICA DE MEMBRO INFERIOR (UNILATERAL);CLEVERSON RODRIGUES DOS SANTOS;1989-11-21;OLINDA CATARINA RODRIGUES;704000816890363;06845666997;MASCULINO;662749273;4;129;38;893;4;M233;OUTROS TRANSTORNOS DO MENISCO 
2026-07-27 16:46:41;500769;SAO GABRIEL DO OESTE;6354265;CENTRAL DE REGULACAO DE SAO GABRIEL DO OESTE;500769;SAO GABRIEL DO OESTE;1;1;2026-04-17 08:22:49;3100000;RESSONANCIA MAGNETICA DO JOELHO DIREITO;3100000;GRUPO - RESSONANCIA MAGNETICA;0207030030;RESSONANCIA MAGNETICA DE MEMBRO INFERIOR (UNILATERAL);CLAUDINES ALMEIDA DE SOUZA;1979-06-14;MARIA MORELDE ALMEIDA;702805188266265;86136348187;MASCULINO;662725406;4;121;38;838;4;M23;TRANSTORNOS INTERNOS DOS JOELHOS
2026-07-27 16:46:41;500769;SAO GABRIEL DO OESTE;6354265;CENTRAL DE REGULACAO DE SAO GABRIEL DO OESTE;500769;SAO GABRIEL DO OESTE;1;1;2026-04-16 16:58:40;3100000;RESSONANCIA MAGNETICA DO JOELHO DIREITO;3100000;GRUPO - RESSONANCIA MAGNETICA;0207030030;RESSONANCIA MAGNETICA DE MEMBRO INFERIOR (UNILATERAL);DOUGLAS SIQUEIRA BRAUNER;1994-10-11;CARMEN TEREZINHA CRUZ DE SIQUEIRA BRAUNER;700509503944058;03402867176;MASCULINO;662686808;4;118;38;817;4;S835;ENTORSE E DISTENSAO ENVOLVENDO LIGAMENTO CRUZADO (ANTERIOR) (POSTERIOR) DO JOELHO 
2026-07-27 16:46:41;500769;SAO GABRIEL DO OESTE;6354265;CENTRAL DE REGULACAO DE SAO GABRIEL DO OESTE;500769;SAO GABRIEL DO OESTE;1;1;2026-04-16 16:51:39;3100000;RESSONANCIA MAGNETICA DO JOELHO DIREITO;3100000;GRUPO - RESSONANCIA MAGNETICA;0207030030;RESSONANCIA MAGNETICA DE MEMBRO INFERIOR (UNILATERAL);ELIODORA GONCALVES;1958-07-03;EMILIA GONCALVES;700409903383445;32152043120;FEMININO;662684745;4;117;38;810;4;M179;GONARTROSE NAO ESPECIFICADA 
2026-07-27 16:46:41;500769;SAO GABRIEL DO OESTE;6354265;CENTRAL DE REGULACAO DE SAO GABRIEL DO OESTE;500769;SAO GABRIEL DO OESTE;1;1;2026-04-16 16:23:10;3100000;RESSONANCIA MAGNETICA DO JOELHO DIREITO;3100000;GRUPO - RESSONANCIA MAGNETICA;0207030030;RESSONANCIA MAGNETICA DE MEMBRO INFERIOR (UNILATERAL);EZIA DE ALMEIDA MARTINS;1982-12-08;MARIA CONCEICAO DE ALMEIDA;701407649408034;03001700173;FEMININO;662674442;4;114;38;789;4;M232;TRANSTORNO DO MENISCO DEVIDO A RUPTURA OU LESAO ANTIGA 
2026-07-27 16:46:41;500769;SAO GABRIEL DO OESTE;6354265;CENTRAL DE REGULACAO DE SAO GABRIEL DO OESTE;500769;SAO GABRIEL DO OESTE;1;1;2026-04-21 12:13:09;3100000;RESSONANCIA MAGNETICA DO JOELHO DIREITO;3100000;GRUPO - RESSONANCIA MAGNETICA;0207030030;RESSONANCIA MAGNETICA DE MEMBRO INFERIOR (UNILATERAL);MADALENA DO NASCIMENTO MONTESSI;1964-10-16;CONCEICAO DO NASCIMENTO MONTESSI;701401660122634;02588350100;FEMININO;663096368;4;200;38;1385;4;M87;OSTEONECROSE
2026-07-27 16:46:41;500769;SAO GABRIEL DO OESTE;6354265;CENTRAL DE REGULACAO DE SAO GABRIEL DO OESTE;500769;SAO GABRIEL DO OESTE;1;1;2026-04-21 11:40:19;3100000;RESSONANCIA MAGNETICA DO JOELHO DIREITO;3100000;GRUPO - RESSONANCIA MAGNETICA;0207030030;RESSONANCIA MAGNETICA DE MEMBRO INFERIOR (UNILATERAL);KLEITON MAGNO DE MORAIS DELGADO;1988-07-19;IDALINA DE ARRUDA;708705175587998;02309175188;MASCULINO;663095842;4;188;38;1302;4;M233;OUTROS TRANSTORNOS DO MENISCO 
2026-07-27 16:46:41;500769;SAO GABRIEL DO OESTE;6354265;CENTRAL DE REGULACAO DE SAO GABRIEL DO OESTE;500769;SAO GABRIEL DO OESTE;1;1;2026-04-17 17:40:04;3100000;RESSONANCIA MAGNETICA DO JOELHO DIREITO;3100000;GRUPO - RESSONANCIA MAGNETICA;0207030030;RESSONANCIA MAGNETICA DE MEMBRO INFERIOR (UNILATERAL);HILDEBRANDO TALAVEIRA;1960-02-15;ANA MARIA TALAVEIRA;708605546758486;27348580106;MASCULINO;662942642;4;183;38;1267;4;S835;ENTORSE E DISTENSAO ENVOLVENDO LIGAMENTO CRUZADO (ANTERIOR) (POSTERIOR) DO JOELHO 
2026-07-27 16:46:41;500769;SAO GABRIEL DO OESTE;6354265;CENTRAL DE REGULACAO DE SAO GABRIEL DO OESTE;500769;SAO GABRIEL DO OESTE;1;1;2026-04-17 17:37:20;3100000;RESSONANCIA MAGNETICA DO JOELHO DIREITO;3100000;GRUPO - RESSONANCIA MAGNETICA;0207030030;RESSONANCIA MAGNETICA DE MEMBRO INFERIOR (UNILATERAL);HELOISA FERREIRA PAULINO;2008-12-20;ALESSA FERREIRA DE SOUZA;700007167730607;09555713162;FEMININO;662942243;4;182;38;1260;4;S832;RUPTURA DO MENISCO, ATUAL 
2026-07-27 16:46:41;500769;SAO GABRIEL DO OESTE;6354265;CENTRAL DE REGULACAO DE SAO GABRIEL DO OESTE;500769;SAO GABRIEL DO OESTE;1;1;2026-04-17 17:04:47;3100000;RESSONANCIA MAGNETICA DO JOELHO DIREITO;3100000;GRUPO - RESSONANCIA MAGNETICA;0207030030;RESSONANCIA MAGNETICA DE MEMBRO INFERIOR (UNILATERAL);GENECI SILVEIRA NOLASCO DA SILVA;1970-08-08;ALDIVINA SILVEIRA NOLASCO;702305149894018;98560158120;FEMININO;662936919;4;173;38;1198;4;M179;GONARTROSE NAO ESPECIFICADA 
2026-07-27 16:46:41;500769;SAO GABRIEL DO OESTE;6354265;CENTRAL DE REGULACAO DE SAO GABRIEL DO OESTE;500769;SAO GABRIEL DO OESTE;1;1;2026-04-21 13:35:05;3100000;RESSONANCIA MAGNETICA DO JOELHO DIREITO;3100000;GRUPO - RESSONANCIA MAGNETICA;0207030030;RESSONANCIA MAGNETICA DE MEMBRO INFERIOR (UNILATERAL);MARCIA CRISTINA PIRES DANTAS;1969-12-15;JUDITE DE SOUZA PIRES;703403268578700;25056796816;FEMININO;663097468;4;254;38;1758;4;M224;CONDROMALACIA DA ROTULA 
2026-07-27 16:46:41;500769;SAO GABRIEL DO OESTE;6354265;CENTRAL DE REGULACAO DE SAO GABRIEL DO OESTE;500769;SAO GABRIEL DO OESTE;1;1;2026-04-21 13:15:28;3100000;RESSONANCIA MAGNETICA DO JOELHO DIREITO;3100000;GRUPO - RESSONANCIA MAGNETICA;0207030030;RESSONANCIA MAGNETICA DE MEMBRO INFERIOR (UNILATERAL);MARIA ANTONIA ELIAS DA SILVA;1959-10-23;JANDIRA TEREZINHA DA SILVA;700201437649729;02068694107;FEMININO;663097203;4;243;38;1682;4;M179;GONARTROSE NAO ESPECIFICADA 
2026-07-27 16:46:41;500769;SAO GABRIEL DO OESTE;6354265;CENTRAL DE REGULACAO DE SAO GABRIEL DO OESTE;500769;SAO GABRIEL DO OESTE;1;1;2026-04-21 13:08:27;3100000;RESSONANCIA MAGNETICA DO JOELHO DIREITO;3100000;GRUPO - RESSONANCIA MAGNETICA;0207030030;RESSONANCIA MAGNETICA DE MEMBRO INFERIOR (UNILATERAL);NEUZA BRAGA DE CARVALHO;1959-07-17;MAURA FERREIRA BRAGA;700009458937900;56295480187;FEMININO;663097103;4;239;38;1655;4;S833;RUPTURA ATUAL DA CARTILAGEM DA ARTICULACAO DO JOELHO 
2026-07-27 16:46:41;500769;SAO GABRIEL DO OESTE;6354265;CENTRAL DE REGULACAO DE SAO GABRIEL DO OESTE;500769;SAO GABRIEL DO OESTE;1;1;2026-04-21 13:01:55;3100000;RESSONANCIA MAGNETICA DO JOELHO DIREITO;3100000;GRUPO - RESSONANCIA MAGNETICA;0207030030;RESSONANCIA MAGNETICA DE MEMBRO INFERIOR (UNILATERAL);MAYARA CRISTINA MANN;1993-03-24;SHEILA CRISTINA LEMES MANN;707403098210972;04481274158;FEMININO;663097017;4;231;38;1599;4;M255;DOR ARTICULAR 
2026-07-27 16:46:41;500769;SAO GABRIEL DO OESTE;6354265;CENTRAL DE REGULACAO DE SAO GABRIEL DO OESTE;500769;SAO GABRIEL DO OESTE;1;1;2026-04-21 12:54:16;3100000;RESSONANCIA MAGNETICA DO JOELHO DIREITO;3100000;GRUPO - RESSONANCIA MAGNETICA;0207030030;RESSONANCIA MAGNETICA DE MEMBRO INFERIOR (UNILATERAL);MAYSA CIDRAO ROSA;1965-05-30;EULINA ROSA CAXIAS;704505342048713;33818100144;FEMININO;663096925;4;225;38;1558;4;M501;TRANSTORNO DO DISCO CERVICAL COM RADICULOPATIA 
2026-07-27 16:46:41;500769;SAO GABRIEL DO OESTE;6354265;CENTRAL DE REGULACAO DE SAO GABRIEL DO OESTE;500769;SAO GABRIEL DO OESTE;1;1;2026-04-21 12:40:36;3100000;RESSONANCIA MAGNETICA DO JOELHO DIREITO;3100000;GRUPO - RESSONANCIA MAGNETICA;0207030030;RESSONANCIA MAGNETICA DE MEMBRO INFERIOR (UNILATERAL);MARIA DE FATIMA SILVA BARBOSA LEAL;1969-10-14;MARGARIDA DA SILVA BARBOSA;706808796208623;50130277134;FEMININO;663096774;4;215;38;1488;4;S830;LUXACAO DA ROTULA [PATELA] 
2026-07-27 16:46:41;500769;SAO GABRIEL DO OESTE;6354265;CENTRAL DE REGULACAO DE SAO GABRIEL DO OESTE;500769;SAO GABRIEL DO OESTE;1;1;2026-04-21 12:29:02;3100000;RESSONANCIA MAGNETICA DO JOELHO DIREITO;3100000;GRUPO - RESSONANCIA MAGNETICA;0207030030;RESSONANCIA MAGNETICA DE MEMBRO INFERIOR (UNILATERAL);MARLON NEY DIAS SOARES;2006-11-01;LIVANIA DIAS DOURADO;702806658321462;08539058197;MASCULINO;663096613;4;208;38;1440;4;S83;LUXACAO, ENTORSE E DISTENSAO DAS ARTICULACOES E DOS LIGAMENTOS DO JOELHO
2026-07-27 16:46:41;500769;SAO GABRIEL DO OESTE;6354265;CENTRAL DE REGULACAO DE SAO GABRIEL DO OESTE;500769;SAO GABRIEL DO OESTE;1;1;2026-04-21 14:41:26;3100000;RESSONANCIA MAGNETICA DO JOELHO DIREITO;3100000;GRUPO - RESSONANCIA MAGNETICA;0207030030;RESSONANCIA MAGNETICA DE MEMBRO INFERIOR (UNILATERAL);SANTA DE FATIMA PEREIRA;1954-10-01;ROSA MARCOLINA DE JESUS;707404024672078;66269164168;FEMININO;663098765;4;297;38;2056;4;M545;DOR LOMBAR BAIXA 
2026-07-27 16:46:41;500769;SAO GABRIEL DO OESTE;6354265;CENTRAL DE REGULACAO DE SAO GABRIEL DO OESTE;500769;SAO GABRIEL DO OESTE;1;1;2026-04-21 14:26:39;3100000;RESSONANCIA MAGNETICA DO JOELHO DIREITO;3100000;GRUPO - RESSONANCIA MAGNETICA;0207030030;RESSONANCIA MAGNETICA DE MEMBRO INFERIOR (UNILATERAL);ROSA MARIA PEREIRA DA SILVA;1972-01-07;MARIA DA CONCEICAO;706208090536567;56170610115;FEMININO;663098471;4;289;38;2001;4;M179;GONARTROSE NAO ESPECIFICADA 
2026-07-27 16:46:41;500769;SAO GABRIEL DO OESTE;6354265;CENTRAL DE REGULACAO DE SAO GABRIEL DO OESTE;500769;SAO GABRIEL DO OESTE;1;1;2026-04-21 14:21:00;3100000;RESSONANCIA MAGNETICA DO JOELHO DIREITO;3100000;GRUPO - RESSONANCIA MAGNETICA;0207030030;RESSONANCIA MAGNETICA DE MEMBRO INFERIOR (UNILATERAL);LUCILA PAIVA DE LIMA;1948-08-22;OSCARLINA PAIVA;707402073563870;28511239120;FEMININO;663098364;4;283;38;1959;4;N179;INSUFICIENCIA RENAL AGUDA NAO ESPECIFICADA 
2026-07-27 16:46:41;500769;SAO GABRIEL DO OESTE;6354265;CENTRAL DE REGULACAO DE SAO GABRIEL DO OESTE;500769;SAO GABRIEL DO OESTE;1;1;2026-04-21 14:14:41;3100000;RESSONANCIA MAGNETICA DO JOELHO DIREITO;3100000;GRUPO - RESSONANCIA MAGNETICA;0207030030;RESSONANCIA MAGNETICA DE MEMBRO INFERIOR (UNILATERAL);LUCIA FERREIRA MARION HAINASKI;1987-07-05;MARIA FERREIRA MARION;708505335218679;01906081107;FEMININO;663098226;4;279;38;1932;4;M765;TENDINITE PATELAR 
2026-07-27 16:46:41;500769;SAO GABRIEL DO OESTE;6354265;CENTRAL DE REGULACAO DE SAO GABRIEL DO OESTE;500769;SAO GABRIEL DO OESTE;1;1;2026-04-21 13:47:46;3100000;RESSONANCIA MAGNETICA DO JOELHO DIREITO;3100000;GRUPO - RESSONANCIA MAGNETICA;0207030030;RESSONANCIA MAGNETICA DE MEMBRO INFERIOR (UNILATERAL);MARIA DO CARMO FERNANDES;1978-03-02;FRANCISCA GORETI FERNANDES;708702146178497;94568251168;FEMININO;663097672;4;259;38;1793;4;M233;OUTROS TRANSTORNOS DO MENISCO 
2026-07-27 16:46:41;500769;SAO GABRIEL DO OESTE;6354265;CENTRAL DE REGULACAO DE SAO GABRIEL DO OESTE;500769;SAO GABRIEL DO OESTE;1;1;2026-04-21 15:57:59;3100000;RESSONANCIA MAGNETICA DO JOELHO DIREITO;3100000;GRUPO - RESSONANCIA MAGNETICA;0207030030;RESSONANCIA MAGNETICA DE MEMBRO INFERIOR (UNILATERAL);SERGIO DE ASSIS MACEDO DA CONCEICAO;1994-08-31;ILMA MACEDO;704109107618375;05905844135;MASCULINO;663100323;4;351;38;2430;4;S835;ENTORSE E DISTENSAO ENVOLVENDO LIGAMENTO CRUZADO (ANTERIOR) (POSTERIOR) DO JOELHO 
2026-07-27 16:46:41;500769;SAO GABRIEL DO OESTE;6354265;CENTRAL DE REGULACAO DE SAO GABRIEL DO OESTE;500769;SAO GABRIEL DO OESTE;1;1;2026-04-21 15:40:19;3100000;RESSONANCIA MAGNETICA DO JOELHO DIREITO;3100000;GRUPO - RESSONANCIA MAGNETICA;0207030030;RESSONANCIA MAGNETICA DE MEMBRO INFERIOR (UNILATERAL);SIDNEI PEREIRA CARDOSO;1977-10-30;MARIA MARCOLINA PEREIRA;705007229747959;93394470187;MASCULINO;663099986;4;340;38;2354;4;M765;TENDINITE PATELAR 
2026-07-27 16:46:41;500769;SAO GABRIEL DO OESTE;6354265;CENTRAL DE REGULACAO DE SAO GABRIEL DO OESTE;500769;SAO GABRIEL DO OESTE;1;1;2026-04-21 15:21:46;3100000;RESSONANCIA MAGNETICA DO JOELHO DIREITO;3100000;GRUPO - RESSONANCIA MAGNETICA;0207030030;RESSONANCIA MAGNETICA DE MEMBRO INFERIOR (UNILATERAL);JOSEFA JESUS DE CARVALHO;1954-06-27;MARIANA JESUS DE CARVALHO;705008250821853;89388356187;FEMININO;663099644;4;329;38;2278;4;M179;GONARTROSE NAO ESPECIFICADA 
2026-07-27 16:46:41;500769;SAO GABRIEL DO OESTE;6354265;CENTRAL DE REGULACAO DE SAO GABRIEL DO OESTE;500769;SAO GABRIEL DO OESTE;1;1;2026-04-21 15:21:00;3100000;RESSONANCIA MAGNETICA DO JOELHO DIREITO;3100000;GRUPO - RESSONANCIA MAGNETICA;0207030030;RESSONANCIA MAGNETICA DE MEMBRO INFERIOR (UNILATERAL);MARIA FAUSTINA RIBEIRO DOS SANTOS;1952-09-06;DORNATILIA RIBEIRO;704105103465376;76060942172;FEMININO;663099629;4;327;38;2264;4;M179;GONARTROSE NAO ESPECIFICADA 
2026-07-27 16:46:41;500769;SAO GABRIEL DO OESTE;6354265;CENTRAL DE REGULACAO DE SAO GABRIEL DO OESTE;500769;SAO GABRIEL DO OESTE;1;1;2026-04-21 15:19:11;3100000;RESSONANCIA MAGNETICA DO JOELHO DIREITO;3100000;GRUPO - RESSONANCIA MAGNETICA;0207030030;RESSONANCIA MAGNETICA DE MEMBRO INFERIOR (UNILATERAL);MARLEI ROCHA SOUZA;1967-02-24;LIBERTAD ROCHA SOUZA;703405043958400;44573880178;FEMININO;663099586;4;325;38;2250;4;M255;DOR ARTICULAR 
2026-07-27 16:46:41;500769;SAO GABRIEL DO OESTE;6354265;CENTRAL DE REGULACAO DE SAO GABRIEL DO OESTE;500769;SAO GABRIEL DO OESTE;1;1;2026-04-21 15:18:18;3100000;RESSONANCIA MAGNETICA DO JOELHO DIREITO;3100000;GRUPO - RESSONANCIA MAGNETICA;0207030030;RESSONANCIA MAGNETICA DE MEMBRO INFERIOR (UNILATERAL);JOANA DARC RAMOS DE AMORIM;1977-07-25;SEBASTIANA RAMOS DO PRADO;706906179217934;86154923104;FEMININO;663099569;4;324;38;2243;4;S836;ENTORSE E DISTENSAO DE OUTRAS PARTES E DAS NAO ESPECIFICADAS DO JOELHO 
2026-07-27 16:46:41;500769;SAO GABRIEL DO OESTE;6354265;CENTRAL DE REGULACAO DE SAO GABRIEL DO OESTE;500769;SAO GABRIEL DO OESTE;1;1;2026-04-21 15:12:18;3100000;RESSONANCIA MAGNETICA DO JOELHO DIREITO;3100000;GRUPO - RESSONANCIA MAGNETICA;0207030030;RESSONANCIA MAGNETICA DE MEMBRO INFERIOR (UNILATERAL);ZILDA BALBINOT SIMONETTI;1967-07-17;TERESINHA SCALABRIN BALBINOT;707105391228620;01804097195;FEMININO;663099438;4;319;38;2208;4;M255;DOR ARTICULAR 
2026-07-27 16:46:41;500769;SAO GABRIEL DO OESTE;6354265;CENTRAL DE REGULACAO DE SAO GABRIEL DO OESTE;500769;SAO GABRIEL DO OESTE;1;1;2026-04-21 15:03:54;3100000;RESSONANCIA MAGNETICA DO JOELHO DIREITO;3100000;GRUPO - RESSONANCIA MAGNETICA;0207030030;RESSONANCIA MAGNETICA DE MEMBRO INFERIOR (UNILATERAL);JUAREZ DOS SANTOS;1959-11-20;IDI MACHADO DOS SANTOS;704800060984546;54249341100;MASCULINO;663099251;4;313;38;2167;4;M17;GONARTROSE [ARTROSE DO JOELHO]
2026-07-27 16:46:41;500769;SAO GABRIEL DO OESTE;6354265;CENTRAL DE REGULACAO DE SAO GABRIEL DO OESTE;500769;SAO GABRIEL DO OESTE;1;1;2026-04-21 14:57:04;3100000;RESSONANCIA MAGNETICA DO JOELHO DIREITO;3100000;GRUPO - RESSONANCIA MAGNETICA;0207030030;RESSONANCIA MAGNETICA DE MEMBRO INFERIOR (UNILATERAL);SONIA ROSANGELA BORGES LEAL VICENTE;1970-07-18;CLEUZA BORGES LEAL;701105814690080;34871683249;FEMININO;663099082;4;310;38;2146;4;M549;DORSALGIA NAO ESPECIFICADA 
2026-07-27 16:46:41;500769;SAO GABRIEL DO OESTE;6354265;CENTRAL DE REGULACAO DE SAO GABRIEL DO OESTE;500769;SAO GABRIEL DO OESTE;1;1;2026-05-08 08:15:28;3100000;RESSONANCIA MAGNETICA DO JOELHO DIREITO;3100000;GRUPO - RESSONANCIA MAGNETICA;0207030030;RESSONANCIA MAGNETICA DE MEMBRO INFERIOR (UNILATERAL);LUCIA MEREDICK BORSOI;1959-08-27;JOSEFA MEREDICK;700005090661604;80543855953;FEMININO;666393018;4;398;38;2755;4;M233;OUTROS TRANSTORNOS DO MENISCO 
2026-07-27 16:46:41;500769;SAO GABRIEL DO OESTE;6354265;CENTRAL DE REGULACAO DE SAO GABRIEL DO OESTE;500769;SAO GABRIEL DO OESTE;1;1;2026-04-28 09:14:29;3100000;RESSONANCIA MAGNETICA DO JOELHO DIREITO;3100000;GRUPO - RESSONANCIA MAGNETICA;0207030030;RESSONANCIA MAGNETICA DE MEMBRO INFERIOR (UNILATERAL);EVANIR BENACHIO;1951-02-09;ANA GILIOLI;700000118229006;20018975100;FEMININO;664321199;4;377;38;2610;4;M17;GONARTROSE [ARTROSE DO JOELHO]
2026-07-27 16:46:41;500769;SAO GABRIEL DO OESTE;6354265;CENTRAL DE REGULACAO DE SAO GABRIEL DO OESTE;500769;SAO GABRIEL DO OESTE;1;1;2026-04-22 14:57:59;3100000;RESSONANCIA MAGNETICA DO JOELHO DIREITO;3100000;GRUPO - RESSONANCIA MAGNETICA;0207030030;RESSONANCIA MAGNETICA DE MEMBRO INFERIOR (UNILATERAL);SHEILA GONCALVES;1962-05-03;GUIOMAR GONCALVES;709602666777270;73206202191;FEMININO;663325902;4;364;38;2520;4;M179;GONARTROSE NAO ESPECIFICADA 
2026-07-27 16:46:41;500769;SAO GABRIEL DO OESTE;6354265;CENTRAL DE REGULACAO DE SAO GABRIEL DO OESTE;500769;SAO GABRIEL DO OESTE;1;1;2026-04-22 14:13:58;3100000;RESSONANCIA MAGNETICA DO JOELHO DIREITO;3100000;GRUPO - RESSONANCIA MAGNETICA;0207030030;RESSONANCIA MAGNETICA DE MEMBRO INFERIOR (UNILATERAL);INEZ TEREZINHA GASPAR;1967-12-12;MARIA PIRES GASPAR;706407640899281;68593953972;FEMININO;663302858;4;356;38;2465;4;M255;DOR ARTICULAR 
2026-07-27 16:46:41;500769;SAO GABRIEL DO OESTE;6354265;CENTRAL DE REGULACAO DE SAO GABRIEL DO OESTE;500769;SAO GABRIEL DO OESTE;1;1;2026-05-25 14:53:36;3100000;RESSONANCIA MAGNETICA DO JOELHO DIREITO;3100000;GRUPO - RESSONANCIA MAGNETICA;0207030030;RESSONANCIA MAGNETICA DE MEMBRO INFERIOR (UNILATERAL);FABIANO WISNESKI;1976-02-25;LUCIA ALMEIDA WISNESKI;706908111764532;79941516120;MASCULINO;669602430;4;422;38;2922;4;M233;OUTROS TRANSTORNOS DO MENISCO 
2026-07-27 16:46:41;500769;SAO GABRIEL DO OESTE;6354265;CENTRAL DE REGULACAO DE SAO GABRIEL DO OESTE;500769;SAO GABRIEL DO OESTE;1;1;2026-05-21 10:54:30;3100000;RESSONANCIA MAGNETICA DO JOELHO DIREITO;3100000;GRUPO - RESSONANCIA MAGNETICA;0207030030;RESSONANCIA MAGNETICA DE MEMBRO INFERIOR (UNILATERAL);FELIPE FERREIRA THONIASO;2008-04-18;ALICE DE LIMA FERREIRA THONIASO;704300576447697;10791010120;MASCULINO;668955898;4;419;38;2901;4;M233;OUTROS TRANSTORNOS DO MENISCO 
2026-07-27 16:46:41;500769;SAO GABRIEL DO OESTE;6354265;CENTRAL DE REGULACAO DE SAO GABRIEL DO OESTE;500769;SAO GABRIEL DO OESTE;1;1;2026-05-20 14:44:51;3100000;RESSONANCIA MAGNETICA DO JOELHO DIREITO;3100000;GRUPO - RESSONANCIA MAGNETICA;0207030030;RESSONANCIA MAGNETICA DE MEMBRO INFERIOR (UNILATERAL);MARIA AUXILIADORA DE SOUZA;1971-08-26;DELFINA MARCOLINO DE SOUZA;700608489191068;94201056104;FEMININO;668774658;4;418;38;2894;4;I839;VARIZES DOS MEMBROS INFERIORES SEM ULCERA OU INFLAMACAO 
2026-07-27 16:46:41;500769;SAO GABRIEL DO OESTE;6354265;CENTRAL DE REGULACAO DE SAO GABRIEL DO OESTE;500769;SAO GABRIEL DO OESTE;1;1;2026-05-15 15:40:49;3100000;RESSONANCIA MAGNETICA DO JOELHO DIREITO;3100000;GRUPO - RESSONANCIA MAGNETICA;0207030030;RESSONANCIA MAGNETICA DE MEMBRO INFERIOR (UNILATERAL);ANGELO MAGNO PEREIRA MENDES;1973-04-23;VICENCIA PEREIRA MENDES;709808064401497;56170831120;MASCULINO;667929735;4;411;38;2845;4;M233;OUTROS TRANSTORNOS DO MENISCO 
2026-07-27 16:46:41;500769;SAO GABRIEL DO OESTE;6354265;CENTRAL DE REGULACAO DE SAO GABRIEL DO OESTE;500769;SAO GABRIEL DO OESTE;1;1;2026-05-14 17:14:11;3100000;RESSONANCIA MAGNETICA DO JOELHO DIREITO;3100000;GRUPO - RESSONANCIA MAGNETICA;0207030030;RESSONANCIA MAGNETICA DE MEMBRO INFERIOR (UNILATERAL);EDENILSO BALBINOT;1984-05-13;MARIA LUCIA MENDES BALBINOT;706802236311423;04869275988;MASCULINO;667722176;4;407;38;2818;4;M255;DOR ARTICULAR 
2026-07-27 16:46:41;500769;SAO GABRIEL DO OESTE;6354265;CENTRAL DE REGULACAO DE SAO GABRIEL DO OESTE;500769;SAO GABRIEL DO OESTE;1;1;2026-06-10 08:33:17;3100000;RESSONANCIA MAGNETICA DO JOELHO DIREITO;3100000;GRUPO - RESSONANCIA MAGNETICA;0207030030;RESSONANCIA MAGNETICA DE MEMBRO INFERIOR (UNILATERAL);LEANDRO VENANCIO SOARES;1989-11-14;TEREZINHA ANGELA DA SILVA VENANCIO;700100992818013;01790799210;MASCULINO;672480710;4;483;38;3344;4;S834;ENTORSE E DISTENSAO ENVOLVENDO LIGAMENTO COLATERAL (PERONIAL) (TIBIAL) DO JOELHO 
2026-07-27 16:46:41;500769;SAO GABRIEL DO OESTE;6354265;CENTRAL DE REGULACAO DE SAO GABRIEL DO OESTE;500769;SAO GABRIEL DO OESTE;1;1;2026-06-02 10:48:34;3100000;RESSONANCIA MAGNETICA DO JOELHO DIREITO;3100000;GRUPO - RESSONANCIA MAGNETICA;0207030030;RESSONANCIA MAGNETICA DE MEMBRO INFERIOR (UNILATERAL);ALBEANNYS CAROLINA AMARISTA VILLASMIL;2001-03-18;ANA BENITA MANUEL AMARISTA ROCA;705104476697970;71091627290;FEMININO;671261936;4;469;38;3247;4;M224;CONDROMALACIA DA ROTULA 
2026-07-27 16:46:41;500769;SAO GABRIEL DO OESTE;6354265;CENTRAL DE REGULACAO DE SAO GABRIEL DO OESTE;500769;SAO GABRIEL DO OESTE;1;1;2026-06-02 10:23:57;3100000;RESSONANCIA MAGNETICA DO JOELHO DIREITO;3100000;GRUPO - RESSONANCIA MAGNETICA;0207030030;RESSONANCIA MAGNETICA DE MEMBRO INFERIOR (UNILATERAL);LEA STAUD DE SOUSA;1984-03-11;NORMELINDA STAUD;704606145016029;00155476122;FEMININO;671245798;4;468;38;3240;4;M224;CONDROMALACIA DA ROTULA 
2026-07-27 16:46:41;500769;SAO GABRIEL DO OESTE;6354265;CENTRAL DE REGULACAO DE SAO GABRIEL DO OESTE;500769;SAO GABRIEL DO OESTE;1;1;2026-06-01 13:59:44;3100000;RESSONANCIA MAGNETICA DO JOELHO DIREITO;3100000;GRUPO - RESSONANCIA MAGNETICA;0207030030;RESSONANCIA MAGNETICA DE MEMBRO INFERIOR (UNILATERAL);ALLAN SOUZA DE LAPENA;1992-01-25;LUZINETE SOUZA SANTANA DE LAPENA;703606029736438;03631227108;MASCULINO;671035989;4;461;38;3192;4;M233;OUTROS TRANSTORNOS DO MENISCO 
2026-07-27 16:46:41;500769;SAO GABRIEL DO OESTE;6354265;CENTRAL DE REGULACAO DE SAO GABRIEL DO OESTE;500769;SAO GABRIEL DO OESTE;1;1;2026-05-30 11:42:42;3100000;RESSONANCIA MAGNETICA DO JOELHO DIREITO;3100000;GRUPO - RESSONANCIA MAGNETICA;0207030030;RESSONANCIA MAGNETICA DE MEMBRO INFERIOR (UNILATERAL);JOSE ROBERTO ALMEIDA DOS SANTOS;1976-01-06;TEREZA ALMEIDA DE JESUS;700000567022409;01902923936;MASCULINO;670816415;4;460;38;3185;4;S83;LUXACAO, ENTORSE E DISTENSAO DAS ARTICULACOES E DOS LIGAMENTOS DO JOELHO
2026-07-27 16:46:41;500769;SAO GABRIEL DO OESTE;6354265;CENTRAL DE REGULACAO DE SAO GABRIEL DO OESTE;500769;SAO GABRIEL DO OESTE;1;1;2026-05-28 17:35:43;3100000;RESSONANCIA MAGNETICA DO JOELHO DIREITO;3100000;GRUPO - RESSONANCIA MAGNETICA;0207030030;RESSONANCIA MAGNETICA DE MEMBRO INFERIOR (UNILATERAL);RIVALDO MORAES DE MESQUITA;1995-07-02;IZABEL MORAES DA ROCHA PEREIRA;702808193187567;05685033176;MASCULINO;670543814;4;457;38;3164;4;M224;CONDROMALACIA DA ROTULA 
2026-07-27 16:46:41;500769;SAO GABRIEL DO OESTE;6354265;CENTRAL DE REGULACAO DE SAO GABRIEL DO OESTE;500769;SAO GABRIEL DO OESTE;1;1;2026-07-13 16:36:15;3100000;RESSONANCIA MAGNETICA DO JOELHO DIREITO;3100000;GRUPO - RESSONANCIA MAGNETICA;0207030030;RESSONANCIA MAGNETICA DE MEMBRO INFERIOR (UNILATERAL);LUCIENE MARIA DA SILVA;1964-04-25;ALICE MARIA DA CONCEICAO;706004385935045;40451348168;FEMININO;678748326;4;544;38;3766;4;M233;OUTROS TRANSTORNOS DO MENISCO 
2026-07-27 16:46:41;500769;SAO GABRIEL DO OESTE;6354265;CENTRAL DE REGULACAO DE SAO GABRIEL DO OESTE;500769;SAO GABRIEL DO OESTE;1;1;2026-07-13 16:23:35;3100000;RESSONANCIA MAGNETICA DO JOELHO DIREITO;3100000;GRUPO - RESSONANCIA MAGNETICA;0207030030;RESSONANCIA MAGNETICA DE MEMBRO INFERIOR (UNILATERAL);GABRIEL ROCHA NOVAIS;2001-02-15;MEIRE ROCHA NOVAIS;703107390027760;06799527136;MASCULINO;678743515;4;542;38;3752;4;M224;CONDROMALACIA DA ROTULA 
2026-07-27 16:46:41;500769;SAO GABRIEL DO OESTE;6354265;CENTRAL DE REGULACAO DE SAO GABRIEL DO OESTE;500769;SAO GABRIEL DO OESTE;1;1;2026-07-06 12:04:39;3100000;RESSONANCIA MAGNETICA DO JOELHO DIREITO;3100000;GRUPO - RESSONANCIA MAGNETICA;0207030030;RESSONANCIA MAGNETICA DE MEMBRO INFERIOR (UNILATERAL);JULIELSO VERISSIMO SABINO;1984-01-15;FRANCISCA SABINA DE SOUZA;703209605717295;01325956139;MASCULINO;677290951;4;526;38;3642;4;M233;OUTROS TRANSTORNOS DO MENISCO 
2026-07-27 16:46:41;500769;SAO GABRIEL DO OESTE;6354265;CENTRAL DE REGULACAO DE SAO GABRIEL DO OESTE;500769;SAO GABRIEL DO OESTE;1;1;2026-07-27 16:06:21;3100000;RESSONANCIA MAGNETICA DO JOELHO DIREITO;3100000;GRUPO - RESSONANCIA MAGNETICA;0207030030;RESSONANCIA MAGNETICA DE MEMBRO INFERIOR (UNILATERAL);LIRIA DE FATIMA DA SILVA RICHTER;1964-10-08;ORAIDE DA SILVA RICHTER;700000933533904;40721108091;FEMININO;681390764;4;586;38;4057;4;M23;TRANSTORNOS INTERNOS DOS JOELHOS
2026-07-27 16:46:41;500769;SAO GABRIEL DO OESTE;6354265;CENTRAL DE REGULACAO DE SAO GABRIEL DO OESTE;500769;SAO GABRIEL DO OESTE;1;1;2026-07-22 10:39:22;3100000;RESSONANCIA MAGNETICA DO JOELHO DIREITO;3100000;GRUPO - RESSONANCIA MAGNETICA;0207030030;RESSONANCIA MAGNETICA DE MEMBRO INFERIOR (UNILATERAL);ADILSON DE OLIVEIRA FORTES;1977-09-23;RUTE ALVES FORTES;704608644536526;00526394951;MASCULINO;680482511;4;576;38;3988;4;M233;OUTROS TRANSTORNOS DO MENISCO 
2026-07-27 16:46:41;500769;SAO GABRIEL DO OESTE;6354265;CENTRAL DE REGULACAO DE SAO GABRIEL DO OESTE;500769;SAO GABRIEL DO OESTE;1;1;2026-07-21 11:07:43;3100000;RESSONANCIA MAGNETICA DO JOELHO DIREITO;3100000;GRUPO - RESSONANCIA MAGNETICA;0207030030;RESSONANCIA MAGNETICA DE MEMBRO INFERIOR (UNILATERAL);LETICIA SILVA DE SOUSA MARCAL;1997-04-16;DAMIANA ALVES DA SILVA;704005328189466;07109406377;FEMININO;680223790;4;566;38;3918;4;M224;CONDROMALACIA DA ROTULA 
2026-07-27 16:46:41;500769;SAO GABRIEL DO OESTE;6354265;CENTRAL DE REGULACAO DE SAO GABRIEL DO OESTE;500769;SAO GABRIEL DO OESTE;1;1;2026-07-21 07:59:34;3100000;RESSONANCIA MAGNETICA DO JOELHO DIREITO;3100000;GRUPO - RESSONANCIA MAGNETICA;0207030030;RESSONANCIA MAGNETICA DE MEMBRO INFERIOR (UNILATERAL);LEONARDO OLIVEIRA DE SOUZA;1995-07-09;MARINEIA CUNHA OLIVEIRA;708605097956383;05746227137;MASCULINO;680120589;4;565;38;3912;4;S835;ENTORSE E DISTENSAO ENVOLVENDO LIGAMENTO CRUZADO (ANTERIOR) (POSTERIOR) DO JOELHO 
2026-07-27 16:46:41;500769;SAO GABRIEL DO OESTE;6354265;CENTRAL DE REGULACAO DE SAO GABRIEL DO OESTE;500769;SAO GABRIEL DO OESTE;1;1;2026-04-15 17:57:40;3100000;RESSONANCIA MAGNETICA DE CRANIO;3100000;GRUPO - RESSONANCIA MAGNETICA;0207010064;RESSONANCIA MAGNETICA DE CRANIO;EDSON GONCALVES DOMINGUES;1984-11-04;ALZIRA GONCALVES;703302292646710;00040706150;MASCULINO;662415295;3;15;35;225;2;I638;OUTROS INFARTOS CEREBRAIS 
2026-07-27 16:46:41;500769;SAO GABRIEL DO OESTE;6354265;CENTRAL DE REGULACAO DE SAO GABRIEL DO OESTE;500769;SAO GABRIEL DO OESTE;1;1;2026-04-16 11:18:10;3100000;RESSONANCIA MAGNETICA DE CRANIO;3100000;GRUPO - RESSONANCIA MAGNETICA;0207010064;RESSONANCIA MAGNETICA DE CRANIO;ANTONIO DE OLIVEIRA VIEIRA;1982-07-26;ELZA DE OLIVEIRA;704808098562948;95646108187;MASCULINO;662549656;4;97;35;1455;2;R51;CEFALEIA 
2026-07-27 16:46:41;500769;SAO GABRIEL DO OESTE;6354265;CENTRAL DE REGULACAO DE SAO GABRIEL DO OESTE;500769;SAO GABRIEL DO OESTE;1;1;2026-04-16 16:35:55;3100000;RESSONANCIA MAGNETICA DE CRANIO;3100000;GRUPO - RESSONANCIA MAGNETICA;0207010064;RESSONANCIA MAGNETICA DE CRANIO;ERICK FURST LIMA;2022-01-10;MARCILENE DA SILVA FURST;709208284892835;11448562139;MASCULINO;662679362;4;115;35;1725;2;F808;OUTROS TRANSTORNOS DE DESENVOLVIMENTO DA FALA OU DA LINGUAGEM 
2026-07-27 16:46:41;500769;SAO GABRIEL DO OESTE;6354265;CENTRAL DE REGULACAO DE SAO GABRIEL DO OESTE;500769;SAO GABRIEL DO OESTE;1;1;2026-04-17 17:34:34;3100000;RESSONANCIA MAGNETICA DE CRANIO;3100000;GRUPO - RESSONANCIA MAGNETICA;0207010064;RESSONANCIA MAGNETICA DE CRANIO;HELIO DARCI PLETSCH;1956-05-26;HELGA PLETSCH;701203036998110;33238715968;MASCULINO;662941852;4;181;35;2715;2;G20;DOENCA DE PARKINSON 
2026-07-27 16:46:41;500769;SAO GABRIEL DO OESTE;2370972;UNIDADE DE SAUDE DA FAMILIA MILANE II;500769;SAO GABRIEL DO OESTE;1;1;2026-04-17 17:30:45;3100000;RESSONANCIA MAGNETICA DE CRANIO;3100000;GRUPO - RESSONANCIA MAGNETICA;0207010064;RESSONANCIA MAGNETICA DE CRANIO;NAYARA ROBERTA FERREIRA;1987-06-06;MARIA DE FATIMA FERREIRA;708907772383519;02198755106;FEMININO;662941315;4;179;35;2685;2;R90;RESULTADOS ANORMAIS DE EXAMES PARA DIAGNOSTICO POR IMAGEM DO SISTEMA NERVOSO CENTRAL
2026-07-27 16:46:41;500769;SAO GABRIEL DO OESTE;6354265;CENTRAL DE REGULACAO DE SAO GABRIEL DO OESTE;500769;SAO GABRIEL DO OESTE;1;1;2026-04-21 13:08:06;3100000;RESSONANCIA MAGNETICA DE CRANIO;3100000;GRUPO - RESSONANCIA MAGNETICA;0207010064;RESSONANCIA MAGNETICA DE CRANIO;MARCO ANTONIO GABRIEL DE BRITO;2000-07-13;VALDECI FERREIRA GABRIEL DE BRITO;700607492309162;07284165146;MASCULINO;663097099;4;238;35;3570;2;F29;PSICOSE NAO-ORGANICA NAO ESPECIFICADA 
2026-07-27 16:46:41;500769;SAO GABRIEL DO OESTE;6354265;CENTRAL DE REGULACAO DE SAO GABRIEL DO OESTE;500769;SAO GABRIEL DO OESTE;1;1;2026-04-21 14:45:48;3100000;RESSONANCIA MAGNETICA DE CRANIO;3100000;GRUPO - RESSONANCIA MAGNETICA;0207010064;RESSONANCIA MAGNETICA DE CRANIO;MARIA DO SOCORRO FABIANO;1972-05-03;CONCEICAO APARECIDA DOS SANTOS FABIANO;708501315564470;58332081149;FEMININO;663098846;4;300;35;4500;2;G20;DOENCA DE PARKINSON 
2026-07-27 16:46:41;500769;SAO GABRIEL DO OESTE;6354265;CENTRAL DE REGULACAO DE SAO GABRIEL DO OESTE;500769;SAO GABRIEL DO OESTE;1;1;2026-04-21 14:36:16;3100000;RESSONANCIA MAGNETICA DE CRANIO;3100000;GRUPO - RESSONANCIA MAGNETICA;0207010064;RESSONANCIA MAGNETICA DE CRANIO;MARIA ELIZABETE DE MATTOS MARION;1962-05-15;LEONOR GUILHERMINA DE MATTOS;700001823741007;44482809187;FEMININO;663098671;4;294;35;4410;2;C724;NERVO ACUSTICO 
2026-07-27 16:46:41;500769;SAO GABRIEL DO OESTE;6354265;CENTRAL DE REGULACAO DE SAO GABRIEL DO OESTE;500769;SAO GABRIEL DO OESTE;1;1;2026-04-21 14:20:50;3100000;RESSONANCIA MAGNETICA DE CRANIO;3100000;GRUPO - RESSONANCIA MAGNETICA;0207010064;RESSONANCIA MAGNETICA DE CRANIO;MADALENA SIQUEIRA;1962-09-27;SERVINA FELIZARDA SIQUEIRA;705609456916618;29835828172;FEMININO;663098360;4;282;35;4230;2;M545;DOR LOMBAR BAIXA 
2026-07-27 16:46:41;500769;SAO GABRIEL DO OESTE;6354265;CENTRAL DE REGULACAO DE SAO GABRIEL DO OESTE;500769;SAO GABRIEL DO OESTE;1;1;2026-04-21 14:06:34;3100000;RESSONANCIA MAGNETICA DE CRANIO;3100000;GRUPO - RESSONANCIA MAGNETICA;0207010064;RESSONANCIA MAGNETICA DE CRANIO;LUCIANA DA SILVA SANTOS;1979-05-01;MARIA DE LURDES DA SILVA;708600531377282;03099397989;FEMININO;663098046;4;273;35;4095;2;D352;GLANDULA HIPOFISE (PITUITARIA) 
2026-07-27 16:46:41;500769;SAO GABRIEL DO OESTE;6452116;CENTRO DE ESPECIALIDADES MEDICAS;500769;SAO GABRIEL DO OESTE;1;1;2026-05-06 10:01:30;3100000;RESSONANCIA MAGNETICA DE CRANIO;3100000;GRUPO - RESSONANCIA MAGNETICA;0207010064;RESSONANCIA MAGNETICA DE CRANIO;ANTONIO CLARO DOS SANTOS;1954-06-13;VITORIA SILVEIRA;708705134510990;49899031968;MASCULINO;665896951;4;390;35;5850;2;G20;DOENCA DE PARKINSON 
2026-07-27 16:46:41;500769;SAO GABRIEL DO OESTE;6354265;CENTRAL DE REGULACAO DE SAO GABRIEL DO OESTE;500769;SAO GABRIEL DO OESTE;1;1;2026-05-29 15:50:16;3100000;RESSONANCIA MAGNETICA DE CRANIO;3100000;GRUPO - RESSONANCIA MAGNETICA;0207010064;RESSONANCIA MAGNETICA DE CRANIO;DANIEL DE OLIVEIRA NASCIMENTO DE ALMEIDA;1994-05-10;MARIA CILENE GONCALVES DE OLIVEIRA;707408024925670;74487426120;MASCULINO;670767635;4;458;35;6870;2;F29;PSICOSE NAO-ORGANICA NAO ESPECIFICADA 
2026-07-27 16:46:41;500769;SAO GABRIEL DO OESTE;2370999;UNIDADE DE SAUDE DA FAMILIA FENIX IV;500769;SAO GABRIEL DO OESTE;1;1;2026-07-15 09:35:50;3100000;RESSONANCIA MAGNETICA DE CRANIO;3100000;GRUPO - RESSONANCIA MAGNETICA;0207010064;RESSONANCIA MAGNETICA DE CRANIO;MARLENA AMERICO DE LIMA;1956-06-19;ORIZIA ESTROGIDIA AMERICO;705806434578235;52866300149;FEMININO;679117168;4;546;35;8190;2;R418;OUTROS SINTOMAS E SINAIS ESPECIFICADOS RELATIVOS AS FUNCOES COGNITIVAS E A CONSCIENCIA 
2026-07-27 16:46:41;500769;SAO GABRIEL DO OESTE;6354265;CENTRAL DE REGULACAO DE SAO GABRIEL DO OESTE;500769;SAO GABRIEL DO OESTE;1;1;2026-07-08 15:27:03;3100000;RESSONANCIA MAGNETICA DE CRANIO;3100000;GRUPO - RESSONANCIA MAGNETICA;0207010064;RESSONANCIA MAGNETICA DE CRANIO;ELZA SOARES FIGUEIREDO;1965-10-14;MARIA BERTOLINA FIGUEIREDO;705006448257654;88081737120;FEMININO;677938657;4;532;35;7980;2;G91;HIDROCEFALIA
2026-07-27 16:46:41;500769;SAO GABRIEL DO OESTE;6354265;CENTRAL DE REGULACAO DE SAO GABRIEL DO OESTE;500769;SAO GABRIEL DO OESTE;1;1;2026-04-08 17:44:29;3100000;RESSONANCIA MAGNETICA DE COTOVELO DIREITO;3100000;GRUPO - RESSONANCIA MAGNETICA;0207020027;RESSONANCIA MAGNETICA DE MEMBRO SUPERIOR (UNILATERAL);ADRIANA RIBEIRO DA SILVA;1979-03-31;NAIR RIBEIRO DA SILVA;704003391847260;70952795191;FEMININO;660989293;4;20;16;900;1;M771;EPICONDILITE LATERAL 
2026-07-27 16:46:41;500769;SAO GABRIEL DO OESTE;6354265;CENTRAL DE REGULACAO DE SAO GABRIEL DO OESTE;500769;SAO GABRIEL DO OESTE;1;1;2026-04-09 16:33:46;3100000;RESSONANCIA MAGNETICA DE COXA DIREITA;3100000;GRUPO - RESSONANCIA MAGNETICA;0207030030;RESSONANCIA MAGNETICA DE MEMBRO INFERIOR (UNILATERAL);MARILENE TEREZINHA FALCAO DE PAULA;1958-08-19;SETENBRINA POSTINGHER FALCAO;708107629445740;58322710178;FEMININO;661247171;4;26;36;2340;0;M16;COXARTROSE [ARTROSE DO QUADRIL]
2026-07-27 16:46:41;500769;SAO GABRIEL DO OESTE;6354265;CENTRAL DE REGULACAO DE SAO GABRIEL DO OESTE;500769;SAO GABRIEL DO OESTE;1;1;2026-04-21 12:47:21;3100000;RESSONANCIA MAGNETICA DE COXA DIREITA;3100000;GRUPO - RESSONANCIA MAGNETICA;0207030030;RESSONANCIA MAGNETICA DE MEMBRO INFERIOR (UNILATERAL);LEONARA BARALDI GUIDINI;1975-09-02;IRONITA BARALDI;709607672990074;88881113104;FEMININO;663096853;4;220;36;19800;0;D16;NEOPLASIA BENIGNA DE OSSO E DE CARTILAGEM ARTICULAR
2026-07-27 16:46:41;500769;SAO GABRIEL DO OESTE;6354265;CENTRAL DE REGULACAO DE SAO GABRIEL DO OESTE;500769;SAO GABRIEL DO OESTE;1;1;2026-04-15 16:28:53;3100000;RESSONANCIA MAGNETICA DE COXA ESQUERDA;3100000;GRUPO - RESSONANCIA MAGNETICA;0207030030;RESSONANCIA MAGNETICA DE MEMBRO INFERIOR (UNILATERAL);JOSEFINA RODRIGUES;1954-03-19;ANA APARECIDA RODRIGUES;709604636955571;31593950144;FEMININO;662394242;4;62;36;5580;0;M161;OUTRAS COXARTROSES PRIMARIAS 
2026-07-27 16:46:41;500769;SAO GABRIEL DO OESTE;6452116;CENTRO DE ESPECIALIDADES MEDICAS;500769;SAO GABRIEL DO OESTE;1;1;2026-05-13 16:23:09;3100000;RESSONANCIA MAGNETICA DE MEMBRO INFERIOR - DIREITO;3100000;GRUPO - RESSONANCIA MAGNETICA;0207030030;RESSONANCIA MAGNETICA DE MEMBRO INFERIOR (UNILATERAL);BRENDA ALVES DA SILVA;1997-07-05;TELMA CRISTINA DO AMARAL ALVES;702803659477765;04111610161;FEMININO;667441808;4;403;18;36270;0;S835;ENTORSE E DISTENSAO ENVOLVENDO LIGAMENTO CRUZADO (ANTERIOR) (POSTERIOR) DO JOELHO 
2026-07-27 16:46:41;500769;SAO GABRIEL DO OESTE;6354265;CENTRAL DE REGULACAO DE SAO GABRIEL DO OESTE;500769;SAO GABRIEL DO OESTE;1;1;2026-05-13 11:01:14;3100000;RESSONANCIA MAGNETICA DE MEMBRO INFERIOR - DIREITO;3100000;GRUPO - RESSONANCIA MAGNETICA;0207030030;RESSONANCIA MAGNETICA DE MEMBRO INFERIOR (UNILATERAL);ANA VILELA DOS SANTOS DA SILVA;1996-11-12;ROSALINA VILELA GOMES DOS SANTOS;704002384369463;04580283120;FEMININO;667311325;4;402;18;36180;0;I839;VARIZES DOS MEMBROS INFERIORES SEM ULCERA OU INFLAMACAO 
2026-07-27 16:46:41;500769;SAO GABRIEL DO OESTE;6354265;CENTRAL DE REGULACAO DE SAO GABRIEL DO OESTE;500769;SAO GABRIEL DO OESTE;1;1;2026-05-28 16:04:32;3100000;RESSONANCIA MAGNETICA DE TORNOZELO ESQUERDO;3100000;GRUPO - RESSONANCIA MAGNETICA;0207030030;RESSONANCIA MAGNETICA DE MEMBRO INFERIOR (UNILATERAL);VERA LUCIA VARELO DA ROCHA;1972-11-15;MARIA VARELO DA ROCHA;706704505457416;60973170182;FEMININO;670517723;4;450;36;13500;1;M255;DOR ARTICULAR 
2026-07-27 16:46:41;500769;SAO GABRIEL DO OESTE;6354265;CENTRAL DE REGULACAO DE SAO GABRIEL DO OESTE;500769;SAO GABRIEL DO OESTE;1;1;2026-07-27 11:37:38;3100000;RESSONANCIA MAGNETICA DE TORNOZELO ESQUERDO;3100000;GRUPO - RESSONANCIA MAGNETICA;0207030030;RESSONANCIA MAGNETICA DE MEMBRO INFERIOR (UNILATERAL);ELISANGELA VAREIRO DA COSTA;1982-06-03;EZILDA DE LOURDES VAREIRO DA COSTA;706209507977769;01043531122;FEMININO;681288441;4;581;36;17430;1;S91;FERIMENTOS DO TORNOZELO E DO PE
2026-07-27 16:46:41;500769;SAO GABRIEL DO OESTE;8176132;CASA ROSA;500769;SAO GABRIEL DO OESTE;1;1;2026-05-06 15:52:40;3100000;RESSONANCIA MAGNETICA DE COLUNA CERVICAL/PESCOCO;3100000;GRUPO - RESSONANCIA MAGNETICA;0207010030;RESSONANCIA MAGNETICA DE COLUNA CERVICAL/PESCOÇO;IRINEA DA SILVA;1977-03-07;MARIA ILMA FERNANDES DA SILVA;706700586188018;80897746104;FEMININO;666058138;4;393;33;17685;1;M501;TRANSTORNO DO DISCO CERVICAL COM RADICULOPATIA 
2026-07-27 16:46:41;500769;SAO GABRIEL DO OESTE;6452116;CENTRO DE ESPECIALIDADES MEDICAS;500769;SAO GABRIEL DO OESTE;1;1;2026-05-06 10:02:34;3100000;RESSONANCIA MAGNETICA DE COLUNA CERVICAL/PESCOCO;3100000;GRUPO - RESSONANCIA MAGNETICA;0207010030;RESSONANCIA MAGNETICA DE COLUNA CERVICAL/PESCOÇO;ANTONIO CLARO DOS SANTOS;1954-06-13;VITORIA SILVEIRA;708705134510990;49899031968;MASCULINO;665897693;4;391;33;17595;1;G20;DOENCA DE PARKINSON 
2026-07-27 16:46:41;500769;SAO GABRIEL DO OESTE;6354265;CENTRAL DE REGULACAO DE SAO GABRIEL DO OESTE;500769;SAO GABRIEL DO OESTE;1;1;2026-05-26 11:47:22;3100000;RESSONANCIA MAGNETICA DE COLUNA CERVICAL/PESCOCO;3100000;GRUPO - RESSONANCIA MAGNETICA;0207010030;RESSONANCIA MAGNETICA DE COLUNA CERVICAL/PESCOÇO;MARIA IRONI SANTANA VIEIRA;1949-02-10;NATALIA DE PAULA SANTANA;700400460429745;01656477955;FEMININO;669829576;4;425;33;19125;1;M501;TRANSTORNO DO DISCO CERVICAL COM RADICULOPATIA 
2026-07-27 16:46:41;500769;SAO GABRIEL DO OESTE;6354265;CENTRAL DE REGULACAO DE SAO GABRIEL DO OESTE;500769;SAO GABRIEL DO OESTE;1;1;2026-05-19 10:39:33;3100000;RESSONANCIA MAGNETICA DE COLUNA CERVICAL/PESCOCO;3100000;GRUPO - RESSONANCIA MAGNETICA;0207010030;RESSONANCIA MAGNETICA DE COLUNA CERVICAL/PESCOÇO;CLEMILDA ROBERTO DA SILVA;1964-10-11;PRECILA ROBERTO;702000769783490;44690355134;FEMININO;668387616;4;415;33;18675;1;M500;TRANSTORNO DO DISCO CERVICAL COM MIELOPATIA (G99.2*) 
2026-07-27 16:46:41;500769;SAO GABRIEL DO OESTE;6354265;CENTRAL DE REGULACAO DE SAO GABRIEL DO OESTE;500769;SAO GABRIEL DO OESTE;1;1;2026-05-15 14:23:24;3100000;RESSONANCIA MAGNETICA DE COLUNA CERVICAL/PESCOCO;3100000;GRUPO - RESSONANCIA MAGNETICA;0207010030;RESSONANCIA MAGNETICA DE COLUNA CERVICAL/PESCOÇO;NILTON COSTA MARQUES;1979-01-23;MARIA DAS GRACAS COSTA MARQUES;709204285913336;01015750338;MASCULINO;667899891;4;409;33;18405;1;M508;OUTROS TRANSTORNOS DE DISCOS CERVICAIS 
2026-07-27 16:46:41;500769;SAO GABRIEL DO OESTE;6354265;CENTRAL DE REGULACAO DE SAO GABRIEL DO OESTE;500769;SAO GABRIEL DO OESTE;1;1;2026-06-16 17:17:25;3100000;RESSONANCIA MAGNETICA DE COLUNA CERVICAL/PESCOCO;3100000;GRUPO - RESSONANCIA MAGNETICA;0207010030;RESSONANCIA MAGNETICA DE COLUNA CERVICAL/PESCOÇO;EVALDO FRANCISCO DOS SANTOS;1975-02-26;LEUDA ANTONIA DOS SANTOS;706907107393532;03221023162;MASCULINO;673828470;4;496;33;22320;1;I99;OUTROS TRANSTORNOS DO APARELHO CIRCULATORIO E OS NAO ESPECIFICADOS 
2026-07-27 16:46:41;500769;SAO GABRIEL DO OESTE;6354265;CENTRAL DE REGULACAO DE SAO GABRIEL DO OESTE;500769;SAO GABRIEL DO OESTE;1;1;2026-06-11 08:55:54;3100000;RESSONANCIA MAGNETICA DE COLUNA CERVICAL/PESCOCO;3100000;GRUPO - RESSONANCIA MAGNETICA;0207010030;RESSONANCIA MAGNETICA DE COLUNA CERVICAL/PESCOÇO;MARLY RIBOLIS GOMES;1977-07-04;HORLANDA RIBOLIS GOMES;700305901340037;91315808153;FEMININO;672778210;4;487;33;21915;1;G360;NEUROMIELITE OPTICA [DOENCA DE DEVIC] 
2026-07-27 16:46:41;500769;SAO GABRIEL DO OESTE;6354265;CENTRAL DE REGULACAO DE SAO GABRIEL DO OESTE;500769;SAO GABRIEL DO OESTE;1;1;2026-06-30 18:02:44;3100000;RESSONANCIA MAGNETICA DE COLUNA CERVICAL/PESCOCO;3100000;GRUPO - RESSONANCIA MAGNETICA;0207010030;RESSONANCIA MAGNETICA DE COLUNA CERVICAL/PESCOÇO;MARIONETE CARDOZO GOMES SILVEIRA;1969-04-28;NOEMIA CARDOZO GOMES;702501344262631;65312058149;FEMININO;676316659;4;519;33;23355;1;M542;CERVICALGIA 
2026-07-27 16:46:41;500769;SAO GABRIEL DO OESTE;6354265;CENTRAL DE REGULACAO DE SAO GABRIEL DO OESTE;500769;SAO GABRIEL DO OESTE;1;1;2026-06-30 16:25:47;3100000;RESSONANCIA MAGNETICA DE COLUNA CERVICAL/PESCOCO;3100000;GRUPO - RESSONANCIA MAGNETICA;0207010030;RESSONANCIA MAGNETICA DE COLUNA CERVICAL/PESCOÇO;LUZIA TANIA DE SOUZA DOS SANTOS;1979-11-13;RAIMUNDA MARIA DE JESUS SOUZA;704004375330667;00965129977;FEMININO;676293953;4;517;33;23265;1;M545;DOR LOMBAR BAIXA 
2026-07-27 16:46:41;500769;SAO GABRIEL DO OESTE;6354265;CENTRAL DE REGULACAO DE SAO GABRIEL DO OESTE;500769;SAO GABRIEL DO OESTE;1;1;2026-06-30 15:11:55;3100000;RESSONANCIA MAGNETICA DE COLUNA CERVICAL/PESCOCO;3100000;GRUPO - RESSONANCIA MAGNETICA;0207010030;RESSONANCIA MAGNETICA DE COLUNA CERVICAL/PESCOÇO;LUCAS SIVERIS;1962-10-02;MATHILDE SIVERIS;700603984402863;46033661087;MASCULINO;676260868;4;515;33;23175;1;M544;LUMBAGO COM CIATICA 
2026-07-27 16:46:41;500769;SAO GABRIEL DO OESTE;6354265;CENTRAL DE REGULACAO DE SAO GABRIEL DO OESTE;500769;SAO GABRIEL DO OESTE;1;1;2026-07-27 15:35:29;3100000;RESSONANCIA MAGNETICA DE COLUNA CERVICAL/PESCOCO;3100000;GRUPO - RESSONANCIA MAGNETICA;0207010030;RESSONANCIA MAGNETICA DE COLUNA CERVICAL/PESCOÇO;JOSIANE DOS REIS TAVARES RODRIGUES;1986-12-26;ISMA MARIA DOS REIS TAVARES;707808643749111;02681672147;FEMININO;681377555;4;585;33;26325;1;M503;OUTRA DEGENERACAO DE DISCO CERVICAL 
2026-07-27 16:46:41;500769;SAO GABRIEL DO OESTE;6354265;CENTRAL DE REGULACAO DE SAO GABRIEL DO OESTE;500769;SAO GABRIEL DO OESTE;1;1;2026-07-22 10:28:59;3100000;RESSONANCIA MAGNETICA DE COLUNA CERVICAL/PESCOCO;3100000;GRUPO - RESSONANCIA MAGNETICA;0207010030;RESSONANCIA MAGNETICA DE COLUNA CERVICAL/PESCOÇO;DOUGLAS LUIZ GONCALVES EVANGELISTA;1993-04-17;LUZIA GONZAGA GONCALVES;708208134739642;04454921121;MASCULINO;680476184;4;575;33;25875;1;M542;CERVICALGIA 
2026-07-27 16:46:41;500769;SAO GABRIEL DO OESTE;6354265;CENTRAL DE REGULACAO DE SAO GABRIEL DO OESTE;500769;SAO GABRIEL DO OESTE;1;1;2026-07-22 09:24:07;3100000;RESSONANCIA MAGNETICA DE COLUNA CERVICAL/PESCOCO;3100000;GRUPO - RESSONANCIA MAGNETICA;0207010030;RESSONANCIA MAGNETICA DE COLUNA CERVICAL/PESCOÇO;PEDRO RADIN;1960-01-25;SUMTA ESPANHOL RADIN;705005217465552;31457401053;MASCULINO;680436558;4;574;33;25830;1;M545;DOR LOMBAR BAIXA 
2026-07-27 16:46:41;500769;SAO GABRIEL DO OESTE;6354265;CENTRAL DE REGULACAO DE SAO GABRIEL DO OESTE;500769;SAO GABRIEL DO OESTE;1;1;2026-07-21 15:21:09;3100000;RESSONANCIA MAGNETICA DE COLUNA CERVICAL/PESCOCO;3100000;GRUPO - RESSONANCIA MAGNETICA;0207010030;RESSONANCIA MAGNETICA DE COLUNA CERVICAL/PESCOÇO;ISDAEL MENDES DO NASCIMENTO;1970-11-24;MARIA ALMEIDA DO NASCIMENTO;701801208519676;48164690104;MASCULINO;680325002;4;570;33;25650;1;M501;TRANSTORNO DO DISCO CERVICAL COM RADICULOPATIA 
2026-07-27 16:46:41;500769;SAO GABRIEL DO OESTE;6354265;CENTRAL DE REGULACAO DE SAO GABRIEL DO OESTE;500769;SAO GABRIEL DO OESTE;1;1;2026-07-20 17:50:40;3100000;RESSONANCIA MAGNETICA DE COLUNA CERVICAL/PESCOCO;3100000;GRUPO - RESSONANCIA MAGNETICA;0207010030;RESSONANCIA MAGNETICA DE COLUNA CERVICAL/PESCOÇO;GLICELIA XIMENES OLIVEIRA DA SILVA;1972-04-18;ROSALINA XIMENES OLIVEIRA;702404075387426;51867320100;FEMININO;680096102;4;564;33;25380;1;M511;TRANSTORNOS DE DISCOS LOMBARES E DE OUTROS DISCOS INTERVERTEBRAIS COM RADICULOPATIA 
2026-07-27 16:46:41;500769;SAO GABRIEL DO OESTE;6354265;CENTRAL DE REGULACAO DE SAO GABRIEL DO OESTE;500769;SAO GABRIEL DO OESTE;1;1;2026-07-20 17:08:28;3100000;RESSONANCIA MAGNETICA DE COLUNA CERVICAL/PESCOCO;3100000;GRUPO - RESSONANCIA MAGNETICA;0207010030;RESSONANCIA MAGNETICA DE COLUNA CERVICAL/PESCOÇO;JOSIANE APARECIDA FERNANDES NERY;1984-12-30;MARIA JOSE FERNANDES NERY;703202605836492;72874023191;FEMININO;680088927;4;563;33;25335;1;M542;CERVICALGIA 
2026-07-27 16:46:41;500769;SAO GABRIEL DO OESTE;6354265;CENTRAL DE REGULACAO DE SAO GABRIEL DO OESTE;500769;SAO GABRIEL DO OESTE;1;1;2026-07-20 16:21:56;3100000;RESSONANCIA MAGNETICA DE COLUNA CERVICAL/PESCOCO;3100000;GRUPO - RESSONANCIA MAGNETICA;0207010030;RESSONANCIA MAGNETICA DE COLUNA CERVICAL/PESCOÇO;DAVID ANTONIO FERREIRA DE OLIVEIRA;1960-06-12;OSMILDA FERREIRA DE OLIVEIRA;708406266225669;19993102172;MASCULINO;680074553;4;562;33;25290;1;M542;CERVICALGIA 
2026-07-27 16:46:41;500769;SAO GABRIEL DO OESTE;6354265;CENTRAL DE REGULACAO DE SAO GABRIEL DO OESTE;500769;SAO GABRIEL DO OESTE;1;1;2026-07-20 11:59:49;3100000;RESSONANCIA MAGNETICA DE COLUNA CERVICAL/PESCOCO;3100000;GRUPO - RESSONANCIA MAGNETICA;0207010030;RESSONANCIA MAGNETICA DE COLUNA CERVICAL/PESCOÇO;TAYNARA TALINE DA SILVA;1993-02-09;ALEXANDRA APARECIDA DA SILVA;704201733592585;05505788114;FEMININO;679972860;4;560;33;25200;1;M500;TRANSTORNO DO DISCO CERVICAL COM MIELOPATIA (G99.2*) 
2026-07-27 16:46:41;500769;SAO GABRIEL DO OESTE;6354265;CENTRAL DE REGULACAO DE SAO GABRIEL DO OESTE;500769;SAO GABRIEL DO OESTE;1;1;2026-07-16 10:25:16;3100000;RESSONANCIA MAGNETICA DE COLUNA CERVICAL/PESCOCO;3100000;GRUPO - RESSONANCIA MAGNETICA;0207010030;RESSONANCIA MAGNETICA DE COLUNA CERVICAL/PESCOÇO;UELITON SOUZA PAVAO;1985-01-31;ANA MARIA SOUZA DE CASTRO;704103146002171;00815836139;MASCULINO;679413084;4;554;33;24930;1;G952;COMPRESSAO NAO ESPECIFICADA DE MEDULA ESPINAL 
2026-07-27 16:46:41;500769;SAO GABRIEL DO OESTE;6354265;CENTRAL DE REGULACAO DE SAO GABRIEL DO OESTE;500769;SAO GABRIEL DO OESTE;1;1;2026-05-13 09:52:14;3100000;RESSONANCIA MAGNETICA DE COLUNA LOMBAR;3100000;GRUPO - RESSONANCIA MAGNETICA;0207010048;RESSONANCIA MAGNETICA DE COLUNA LOMBO-SACRA;GENIVALDO DA SILVA BARBOSA;1970-07-09;GEDALVA DA SILVA;707409055562473;65317513472;MASCULINO;667269219;4;400;12;1714;7;M545;DOR LOMBAR BAIXA 
2026-07-27 16:46:41;500769;SAO GABRIEL DO OESTE;6354265;CENTRAL DE REGULACAO DE SAO GABRIEL DO OESTE;500769;SAO GABRIEL DO OESTE;1;1;2026-05-08 08:07:22;3100000;RESSONANCIA MAGNETICA DE COLUNA LOMBAR;3100000;GRUPO - RESSONANCIA MAGNETICA;0207010048;RESSONANCIA MAGNETICA DE COLUNA LOMBO-SACRA;ALDINEI EPIFANIO ALVES;1984-08-05;ELZA ALVES DE OLIVEIRA;708105859103610;98699474172;MASCULINO;666390135;4;397;12;1701;7;M543;CIATICA 
2026-07-27 16:46:41;500769;SAO GABRIEL DO OESTE;6354265;CENTRAL DE REGULACAO DE SAO GABRIEL DO OESTE;500769;SAO GABRIEL DO OESTE;1;1;2026-05-06 17:13:09;3100000;RESSONANCIA MAGNETICA DE COLUNA LOMBAR;3100000;GRUPO - RESSONANCIA MAGNETICA;0207010048;RESSONANCIA MAGNETICA DE COLUNA LOMBO-SACRA;MARIA DE FATIMA DA CONCEICAO DA SILVA;1953-03-22;JOANA INEZ DA CONCEICAO FILHA;700404442665940;30588073253;FEMININO;666086375;4;394;12;1689;7;M541;RADICULOPATIA 
2026-07-27 16:46:41;500769;SAO GABRIEL DO OESTE;6354265;CENTRAL DE REGULACAO DE SAO GABRIEL DO OESTE;500769;SAO GABRIEL DO OESTE;1;1;2026-05-06 15:33:28;3100000;RESSONANCIA MAGNETICA DE COLUNA LOMBAR;3100000;GRUPO - RESSONANCIA MAGNETICA;0207010048;RESSONANCIA MAGNETICA DE COLUNA LOMBO-SACRA;ILARIA REINALDA MARTINS DA SILVA;1972-01-08;FRANCISCA OLGA DALL AGNOL;702006894435287;00390365106;FEMININO;666048813;4;392;12;1680;7;M541;RADICULOPATIA 
2026-07-27 16:46:41;500769;SAO GABRIEL DO OESTE;6354265;CENTRAL DE REGULACAO DE SAO GABRIEL DO OESTE;500769;SAO GABRIEL DO OESTE;1;1;2026-04-30 08:19:08;3100000;RESSONANCIA MAGNETICA DE COLUNA LOMBAR;3100000;GRUPO - RESSONANCIA MAGNETICA;0207010048;RESSONANCIA MAGNETICA DE COLUNA LOMBO-SACRA;CRISTINA DA SILVA LOPES;1979-01-26;MARIA MADALENA DA SILVA;708206644423440;02043675141;FEMININO;664907896;4;386;12;1654;7;M545;DOR LOMBAR BAIXA 
2026-07-27 16:46:41;500769;SAO GABRIEL DO OESTE;6354265;CENTRAL DE REGULACAO DE SAO GABRIEL DO OESTE;500769;SAO GABRIEL DO OESTE;1;1;2026-04-28 15:38:59;3100000;RESSONANCIA MAGNETICA DE COLUNA LOMBAR;3100000;GRUPO - RESSONANCIA MAGNETICA;0207010048;RESSONANCIA MAGNETICA DE COLUNA LOMBO-SACRA;IRANI GONCALVES DIAS;1965-07-05;VILMA VARGAS DIAS;702306119930610;46476318004;MASCULINO;664525868;4;380;12;1629;7;M545;DOR LOMBAR BAIXA 
2026-07-27 16:46:41;500769;SAO GABRIEL DO OESTE;6354265;CENTRAL DE REGULACAO DE SAO GABRIEL DO OESTE;500769;SAO GABRIEL DO OESTE;1;1;2026-04-28 15:32:20;3100000;RESSONANCIA MAGNETICA DE COLUNA LOMBAR;3100000;GRUPO - RESSONANCIA MAGNETICA;0207010048;RESSONANCIA MAGNETICA DE COLUNA LOMBO-SACRA;VALDEIR ARGUELHO;1973-11-21;SATORNINA GONCALVES;704506383520612;58278966168;MASCULINO;664522302;4;379;12;1624;7;M543;CIATICA 
2026-07-27 16:46:41;500769;SAO GABRIEL DO OESTE;6354265;CENTRAL DE REGULACAO DE SAO GABRIEL DO OESTE;500769;SAO GABRIEL DO OESTE;1;1;2026-04-28 11:07:37;3100000;RESSONANCIA MAGNETICA DE COLUNA LOMBAR;3100000;GRUPO - RESSONANCIA MAGNETICA;0207010048;RESSONANCIA MAGNETICA DE COLUNA LOMBO-SACRA;LIDIA MARTINS CASTILHO;1968-11-12;CECY CASTILHO DA SILVA;705003668145852;56217927187;FEMININO;664399073;4;378;12;1620;7;M545;DOR LOMBAR BAIXA 
2026-07-27 16:46:41;500769;SAO GABRIEL DO OESTE;6354265;CENTRAL DE REGULACAO DE SAO GABRIEL DO OESTE;500769;SAO GABRIEL DO OESTE;1;1;2026-05-28 16:32:45;3100000;RESSONANCIA MAGNETICA DE COLUNA LOMBAR;3100000;GRUPO - RESSONANCIA MAGNETICA;0207010048;RESSONANCIA MAGNETICA DE COLUNA LOMBO-SACRA;THAYNARA LOPES SOUSA;1996-05-10;ROSA MARIA LOPES;703209668362494;07262076167;FEMININO;670528215;4;453;12;1941;7;M511;TRANSTORNOS DE DISCOS LOMBARES E DE OUTROS DISCOS INTERVERTEBRAIS COM RADICULOPATIA 
2026-07-27 16:46:41;500769;SAO GABRIEL DO OESTE;6354265;CENTRAL DE REGULACAO DE SAO GABRIEL DO OESTE;500769;SAO GABRIEL DO OESTE;1;1;2026-05-28 16:22:04;3100000;RESSONANCIA MAGNETICA DE COLUNA LOMBAR;3100000;GRUPO - RESSONANCIA MAGNETICA;0207010048;RESSONANCIA MAGNETICA DE COLUNA LOMBO-SACRA;VALDIR PEDRO DA SILVA;1963-06-22;JOSEFA CLARA DA SILVA;702607292749548;53747550991;MASCULINO;670524316;4;452;12;1937;7;M994;ESTENOSE DE TECIDO CONJUNTIVO DO CANAL MEDULAR 
2026-07-27 16:46:41;500769;SAO GABRIEL DO OESTE;6354265;CENTRAL DE REGULACAO DE SAO GABRIEL DO OESTE;500769;SAO GABRIEL DO OESTE;1;1;2026-05-28 16:15:28;3100000;RESSONANCIA MAGNETICA DE COLUNA LOMBAR;3100000;GRUPO - RESSONANCIA MAGNETICA;0207010048;RESSONANCIA MAGNETICA DE COLUNA LOMBO-SACRA;VITOR DINIZ;1967-12-14;ROLANDINA DINIZ;706302772574378;42179432100;MASCULINO;670521893;4;451;12;1933;7;M545;DOR LOMBAR BAIXA 
2026-07-27 16:46:41;500769;SAO GABRIEL DO OESTE;6354265;CENTRAL DE REGULACAO DE SAO GABRIEL DO OESTE;500769;SAO GABRIEL DO OESTE;1;1;2026-05-28 16:01:18;3100000;RESSONANCIA MAGNETICA DE COLUNA LOMBAR;3100000;GRUPO - RESSONANCIA MAGNETICA;0207010048;RESSONANCIA MAGNETICA DE COLUNA LOMBO-SACRA;VERA LUCIA DORICO RAMOS;1970-12-10;MARIA DE JESUS RAMOS;704709708294439;55759637134;FEMININO;670516432;4;449;12;1924;7;M545;DOR LOMBAR BAIXA 
2026-07-27 16:46:41;500769;SAO GABRIEL DO OESTE;6354265;CENTRAL DE REGULACAO DE SAO GABRIEL DO OESTE;500769;SAO GABRIEL DO OESTE;1;1;2026-05-28 15:53:14;3100000;RESSONANCIA MAGNETICA DE COLUNA LOMBAR;3100000;GRUPO - RESSONANCIA MAGNETICA;0207010048;RESSONANCIA MAGNETICA DE COLUNA LOMBO-SACRA;VANILDO HORTENCIA VIEIRA DOS SANTOS;1989-12-23;CLARICE HORTENCIA VIEIRA;700001658941904;05555902166;MASCULINO;670512950;4;448;12;1920;7;M545;DOR LOMBAR BAIXA 
2026-07-27 16:46:41;500769;SAO GABRIEL DO OESTE;6354265;CENTRAL DE REGULACAO DE SAO GABRIEL DO OESTE;500769;SAO GABRIEL DO OESTE;1;1;2026-05-28 15:42:27;3100000;RESSONANCIA MAGNETICA DE COLUNA LOMBAR;3100000;GRUPO - RESSONANCIA MAGNETICA;0207010048;RESSONANCIA MAGNETICA DE COLUNA LOMBO-SACRA;VALTAIR REIS DA CUNHA;1962-01-26;IRIA AUGUSTA DE JESUS;702503382249533;70325782687;MASCULINO;670507944;4;447;12;1916;7;M544;LUMBAGO COM CIATICA 
2026-07-27 16:46:41;500769;SAO GABRIEL DO OESTE;6354265;CENTRAL DE REGULACAO DE SAO GABRIEL DO OESTE;500769;SAO GABRIEL DO OESTE;1;1;2026-05-28 15:08:59;3100000;RESSONANCIA MAGNETICA DE COLUNA LOMBAR;3100000;GRUPO - RESSONANCIA MAGNETICA;0207010048;RESSONANCIA MAGNETICA DE COLUNA LOMBO-SACRA;VALERIO WENDER DE OLIVEIRA;1976-07-12;FRANCISCA MARIA DE OLIVEIRA;700000147484906;00325356190;MASCULINO;670492005;4;444;12;1903;7;M545;DOR LOMBAR BAIXA 
2026-07-27 16:46:41;500769;SAO GABRIEL DO OESTE;6354265;CENTRAL DE REGULACAO DE SAO GABRIEL DO OESTE;500769;SAO GABRIEL DO OESTE;1;1;2026-05-28 11:27:01;3100000;RESSONANCIA MAGNETICA DE COLUNA LOMBAR;3100000;GRUPO - RESSONANCIA MAGNETICA;0207010048;RESSONANCIA MAGNETICA DE COLUNA LOMBO-SACRA;LUCIMAR GONCALVES MACHADO;1975-01-18;MARIA GUILHERMINA SOUZA VASQUEZ;704001374319063;60836318153;FEMININO;670407175;4;437;12;1873;7;M549;DORSALGIA NAO ESPECIFICADA 
2026-07-27 16:46:41;500769;SAO GABRIEL DO OESTE;6354265;CENTRAL DE REGULACAO DE SAO GABRIEL DO OESTE;500769;SAO GABRIEL DO OESTE;1;1;2026-05-28 10:55:32;3100000;RESSONANCIA MAGNETICA DE COLUNA LOMBAR;3100000;GRUPO - RESSONANCIA MAGNETICA;0207010048;RESSONANCIA MAGNETICA DE COLUNA LOMBO-SACRA;JOSSEANE ARRUDA DE ALMEIDA;1986-12-23;ALBERTINA ARRUDA DOS SANTOS;705008237147257;01861495145;FEMININO;670388505;4;433;12;1856;7;M545;DOR LOMBAR BAIXA 
2026-07-27 16:46:41;500769;SAO GABRIEL DO OESTE;6354265;CENTRAL DE REGULACAO DE SAO GABRIEL DO OESTE;500769;SAO GABRIEL DO OESTE;1;1;2026-05-28 10:37:56;3100000;RESSONANCIA MAGNETICA DE COLUNA LOMBAR;3100000;GRUPO - RESSONANCIA MAGNETICA;0207010048;RESSONANCIA MAGNETICA DE COLUNA LOMBO-SACRA;FATIMA DE LOURDES PRADO CARVALHO;1973-09-05;APARECIDA PRADO CARVALHO;706805710614927;78160324120;FEMININO;670377149;4;432;12;1851;7;M545;DOR LOMBAR BAIXA 
2026-07-27 16:46:41;500769;SAO GABRIEL DO OESTE;6354265;CENTRAL DE REGULACAO DE SAO GABRIEL DO OESTE;500769;SAO GABRIEL DO OESTE;1;1;2026-05-28 10:32:11;3100000;RESSONANCIA MAGNETICA DE COLUNA LOMBAR;3100000;GRUPO - RESSONANCIA MAGNETICA;0207010048;RESSONANCIA MAGNETICA DE COLUNA LOMBO-SACRA;ELIZARDO SANCHEZ ORTIZ;1967-08-18;LABRIANA ORTIZ;709204233162933;70788550195;MASCULINO;670373453;4;431;12;1847;7;M545;DOR LOMBAR BAIXA 
2026-07-27 16:46:41;500769;SAO GABRIEL DO OESTE;6354265;CENTRAL DE REGULACAO DE SAO GABRIEL DO OESTE;500769;SAO GABRIEL DO OESTE;1;1;2026-05-28 10:12:55;3100000;RESSONANCIA MAGNETICA DE COLUNA LOMBAR;3100000;GRUPO - RESSONANCIA MAGNETICA;0207010048;RESSONANCIA MAGNETICA DE COLUNA LOMBO-SACRA;DANIELLY CRISTINA SOUZA PINHEIRO MARIA;1999-03-30;SILVIA MIRANDA SOUZA BERNARDES;703102389222860;06816768175;FEMININO;670360883;4;430;12;1843;7;I839;VARIZES DOS MEMBROS INFERIORES SEM ULCERA OU INFLAMACAO 
2026-07-27 16:46:41;500769;SAO GABRIEL DO OESTE;6354265;CENTRAL DE REGULACAO DE SAO GABRIEL DO OESTE;500769;SAO GABRIEL DO OESTE;1;1;2026-05-26 14:40:25;3100000;RESSONANCIA MAGNETICA DE COLUNA LOMBAR;3100000;GRUPO - RESSONANCIA MAGNETICA;0207010048;RESSONANCIA MAGNETICA DE COLUNA LOMBO-SACRA;IRIO ELIAS DA SILVA;1960-10-10;RAMONA ELIAS DA SILVA;706404124573189;38990504104;MASCULINO;669893303;4;427;12;1830;7;M544;LUMBAGO COM CIATICA 
2026-07-27 16:46:41;500769;SAO GABRIEL DO OESTE;6354265;CENTRAL DE REGULACAO DE SAO GABRIEL DO OESTE;500769;SAO GABRIEL DO OESTE;1;1;2026-05-26 11:58:54;3100000;RESSONANCIA MAGNETICA DE COLUNA LOMBAR;3100000;GRUPO - RESSONANCIA MAGNETICA;0207010048;RESSONANCIA MAGNETICA DE COLUNA LOMBO-SACRA;VICENTE FRANCISCO DE SOUZA;1967-01-26;EVA ARGENCIO DIONIZIO;702009844468982;00626344107;MASCULINO;669834794;4;426;12;1826;7;M544;LUMBAGO COM CIATICA 
2026-07-27 16:46:41;500769;SAO GABRIEL DO OESTE;6354265;CENTRAL DE REGULACAO DE SAO GABRIEL DO OESTE;500769;SAO GABRIEL DO OESTE;1;1;2026-05-25 09:02:34;3100000;RESSONANCIA MAGNETICA DE COLUNA LOMBAR;3100000;GRUPO - RESSONANCIA MAGNETICA;0207010048;RESSONANCIA MAGNETICA DE COLUNA LOMBO-SACRA;VANILDA DO BELEM DOS SANTOS MATIAS;1964-11-05;BRAULINA FAGUNDES DO NASCIMENTO;700806965638181;05529164986;FEMININO;669428913;4;421;12;1804;7;M543;CIATICA 
2026-07-27 16:46:41;500769;SAO GABRIEL DO OESTE;6354265;CENTRAL DE REGULACAO DE SAO GABRIEL DO OESTE;500769;SAO GABRIEL DO OESTE;1;1;2026-05-22 14:19:52;3100000;RESSONANCIA MAGNETICA DE COLUNA LOMBAR;3100000;GRUPO - RESSONANCIA MAGNETICA;0207010048;RESSONANCIA MAGNETICA DE COLUNA LOMBO-SACRA;JUDSON SIQUEIRA;1986-02-06;SINEIDE FREITAS DA SILVEIRA SIQUEIRA;702301177536119;01198189142;MASCULINO;669284967;4;420;12;1800;7;M545;DOR LOMBAR BAIXA 
2026-07-27 16:46:41;500769;SAO GABRIEL DO OESTE;6354265;CENTRAL DE REGULACAO DE SAO GABRIEL DO OESTE;500769;SAO GABRIEL DO OESTE;1;1;2026-05-19 16:57:59;3100000;RESSONANCIA MAGNETICA DE COLUNA LOMBAR;3100000;GRUPO - RESSONANCIA MAGNETICA;0207010048;RESSONANCIA MAGNETICA DE COLUNA LOMBO-SACRA;SEBASTIAO DOS SANTOS VIEIRA;1967-07-25;MARIA DOS SANTOS VIEIRA;704202205207283;59573414104;MASCULINO;668550942;4;416;12;1783;7;M994;ESTENOSE DE TECIDO CONJUNTIVO DO CANAL MEDULAR 
2026-07-27 16:46:41;500769;SAO GABRIEL DO OESTE;6354265;CENTRAL DE REGULACAO DE SAO GABRIEL DO OESTE;500769;SAO GABRIEL DO OESTE;1;1;2026-05-19 10:21:07;3100000;RESSONANCIA MAGNETICA DE COLUNA LOMBAR;3100000;GRUPO - RESSONANCIA MAGNETICA;0207010048;RESSONANCIA MAGNETICA DE COLUNA LOMBO-SACRA;PEDRO LEMES RODRIGUES;1961-06-29;NELEI RODRIGUES LEMES;702802167527768;83708936191;MASCULINO;668375113;4;414;12;1774;7;M545;DOR LOMBAR BAIXA 
2026-07-27 16:46:41;500769;SAO GABRIEL DO OESTE;6354265;CENTRAL DE REGULACAO DE SAO GABRIEL DO OESTE;500769;SAO GABRIEL DO OESTE;1;1;2026-05-19 08:12:15;3100000;RESSONANCIA MAGNETICA DE COLUNA LOMBAR;3100000;GRUPO - RESSONANCIA MAGNETICA;0207010048;RESSONANCIA MAGNETICA DE COLUNA LOMBO-SACRA;SONIA FIGUEIREDO;1975-12-25;IVANETE FIGUEIREDO;704808059039148;76039030178;FEMININO;668298972;4;413;12;1770;7;M511;TRANSTORNOS DE DISCOS LOMBARES E DE OUTROS DISCOS INTERVERTEBRAIS COM RADICULOPATIA 
2026-07-27 16:46:41;500769;SAO GABRIEL DO OESTE;6354265;CENTRAL DE REGULACAO DE SAO GABRIEL DO OESTE;500769;SAO GABRIEL DO OESTE;1;1;2026-05-18 14:09:44;3100000;RESSONANCIA MAGNETICA DE COLUNA LOMBAR;3100000;GRUPO - RESSONANCIA MAGNETICA;0207010048;RESSONANCIA MAGNETICA DE COLUNA LOMBO-SACRA;ROBERTO DA SILVA FERREIRA;1988-02-17;MARIA DA SILVA DIVINO;708401270293369;02035575141;MASCULINO;668182006;4;412;12;1766;7;M545;DOR LOMBAR BAIXA 
2026-07-27 16:46:41;500769;SAO GABRIEL DO OESTE;6354265;CENTRAL DE REGULACAO DE SAO GABRIEL DO OESTE;500769;SAO GABRIEL DO OESTE;1;1;2026-05-15 14:25:41;3100000;RESSONANCIA MAGNETICA DE COLUNA LOMBAR;3100000;GRUPO - RESSONANCIA MAGNETICA;0207010048;RESSONANCIA MAGNETICA DE COLUNA LOMBO-SACRA;NILTON COSTA MARQUES;1979-01-23;MARIA DAS GRACAS COSTA MARQUES;709204285913336;01015750338;MASCULINO;667900779;4;410;12;1757;7;M508;OUTROS TRANSTORNOS DE DISCOS CERVICAIS 
2026-07-27 16:46:41;500769;SAO GABRIEL DO OESTE;6354265;CENTRAL DE REGULACAO DE SAO GABRIEL DO OESTE;500769;SAO GABRIEL DO OESTE;1;1;2026-05-15 13:58:54;3100000;RESSONANCIA MAGNETICA DE COLUNA LOMBAR;3100000;GRUPO - RESSONANCIA MAGNETICA;0207010048;RESSONANCIA MAGNETICA DE COLUNA LOMBO-SACRA;LEILIANE XAVIER RIBEIRO;1993-05-17;IVONETE APARECIDA XAVIER RIBEIRO;704704045296140;04043997116;FEMININO;667891361;4;408;12;1749;7;M54;DORSALGIA
2026-07-27 16:46:41;500769;SAO GABRIEL DO OESTE;6354265;CENTRAL DE REGULACAO DE SAO GABRIEL DO OESTE;500769;SAO GABRIEL DO OESTE;1;1;2026-05-13 18:00:59;3100000;RESSONANCIA MAGNETICA DE COLUNA LOMBAR;3100000;GRUPO - RESSONANCIA MAGNETICA;0207010048;RESSONANCIA MAGNETICA DE COLUNA LOMBO-SACRA;JOSE ERISVALDO FERREIRA;1960-07-31;ALDENORA FERREIRA SILVA;701803206578170;35890002287;MASCULINO;667464035;4;404;12;1731;7;M545;DOR LOMBAR BAIXA 
2026-07-27 16:46:41;500769;SAO GABRIEL DO OESTE;6354265;CENTRAL DE REGULACAO DE SAO GABRIEL DO OESTE;500769;SAO GABRIEL DO OESTE;1;1;2026-06-09 11:38:11;3100000;RESSONANCIA MAGNETICA DE COLUNA LOMBAR;3100000;GRUPO - RESSONANCIA MAGNETICA;0207010048;RESSONANCIA MAGNETICA DE COLUNA LOMBO-SACRA;VANESSA CONCEICAO PEREIRA CARDOSO;1983-12-05;TEREZA FURMANN;704109188086174;01013612116;FEMININO;672302118;4;480;12;2057;7;M545;DOR LOMBAR BAIXA 
2026-07-27 16:46:41;500769;SAO GABRIEL DO OESTE;6354265;CENTRAL DE REGULACAO DE SAO GABRIEL DO OESTE;500769;SAO GABRIEL DO OESTE;1;1;2026-06-09 11:32:03;3100000;RESSONANCIA MAGNETICA DE COLUNA LOMBAR;3100000;GRUPO - RESSONANCIA MAGNETICA;0207010048;RESSONANCIA MAGNETICA DE COLUNA LOMBO-SACRA;APARECIDA BEZERRA DE CARVALHO;1970-08-06;EVANIR ALBUQUERQUE DIAS;704308516956797;86744500163;FEMININO;672298848;4;479;12;2053;7;M545;DOR LOMBAR BAIXA 
2026-07-27 16:46:41;500769;SAO GABRIEL DO OESTE;6354265;CENTRAL DE REGULACAO DE SAO GABRIEL DO OESTE;500769;SAO GABRIEL DO OESTE;1;1;2026-06-02 09:29:02;3100000;RESSONANCIA MAGNETICA DE COLUNA LOMBAR;3100000;GRUPO - RESSONANCIA MAGNETICA;0207010048;RESSONANCIA MAGNETICA DE COLUNA LOMBO-SACRA;JAINE DA SILVA;1993-12-18;ADRIANA FRANCISCA DA SILVA;702001873905387;02733050184;FEMININO;671208920;4;467;12;2001;7;M542;CERVICALGIA 
2026-07-27 16:46:41;500769;SAO GABRIEL DO OESTE;6354265;CENTRAL DE REGULACAO DE SAO GABRIEL DO OESTE;500769;SAO GABRIEL DO OESTE;1;1;2026-06-02 09:10:29;3100000;RESSONANCIA MAGNETICA DE COLUNA LOMBAR;3100000;GRUPO - RESSONANCIA MAGNETICA;0207010048;RESSONANCIA MAGNETICA DE COLUNA LOMBO-SACRA;LUZIA REZENDE COIMBRA;1980-12-18;GERACINA REZENDE COIMBRA;701209024705712;00101969198;FEMININO;671196722;4;466;12;1997;7;M511;TRANSTORNOS DE DISCOS LOMBARES E DE OUTROS DISCOS INTERVERTEBRAIS COM RADICULOPATIA 
2026-07-27 16:46:41;500769;SAO GABRIEL DO OESTE;6354265;CENTRAL DE REGULACAO DE SAO GABRIEL DO OESTE;500769;SAO GABRIEL DO OESTE;1;1;2026-06-01 14:47:39;3100000;RESSONANCIA MAGNETICA DE COLUNA LOMBAR;3100000;GRUPO - RESSONANCIA MAGNETICA;0207010048;RESSONANCIA MAGNETICA DE COLUNA LOMBO-SACRA;OLINDA MATOS DE SOUZA;1944-06-07;OTHAZIA LUIZA DE CARVALHO;700605988639169;94289816134;FEMININO;671060905;4;464;12;1989;7;M809;OSTEOPOROSE NAO ESPECIFICADA COM FRATURA PATOLOGICA 
2026-07-27 16:46:41;500769;SAO GABRIEL DO OESTE;6354265;CENTRAL DE REGULACAO DE SAO GABRIEL DO OESTE;500769;SAO GABRIEL DO OESTE;1;1;2026-06-01 14:10:45;3100000;RESSONANCIA MAGNETICA DE COLUNA LOMBAR;3100000;GRUPO - RESSONANCIA MAGNETICA;0207010048;RESSONANCIA MAGNETICA DE COLUNA LOMBO-SACRA;CLEVERSON BAISCHI;2000-11-18;MARTA DOS SANTOS;706308768454776;71761636189;MASCULINO;671041111;4;462;12;1980;7;M545;DOR LOMBAR BAIXA 
2026-07-27 16:46:41;500769;SAO GABRIEL DO OESTE;6354265;CENTRAL DE REGULACAO DE SAO GABRIEL DO OESTE;500769;SAO GABRIEL DO OESTE;1;1;2026-05-29 16:14:17;3100000;RESSONANCIA MAGNETICA DE COLUNA LOMBAR;3100000;GRUPO - RESSONANCIA MAGNETICA;0207010048;RESSONANCIA MAGNETICA DE COLUNA LOMBO-SACRA;VALDETE FERREIRA DE SOUZA;1969-06-07;BRANDINA MATIAS DE SOUZA;702606730572642;63755408104;MASCULINO;670775576;4;459;12;1967;7;M545;DOR LOMBAR BAIXA 
2026-07-27 16:46:41;500769;SAO GABRIEL DO OESTE;6354265;CENTRAL DE REGULACAO DE SAO GABRIEL DO OESTE;500769;SAO GABRIEL DO OESTE;1;1;2026-07-08 15:00:55;3100000;RESSONANCIA MAGNETICA DE COLUNA LOMBAR;3100000;GRUPO - RESSONANCIA MAGNETICA;0207010048;RESSONANCIA MAGNETICA DE COLUNA LOMBO-SACRA;MARILENE LEONEL FERREIRA DA SILVA;1964-06-23;JOANA FERREIRA LACERDA;708709102681998;65404122153;FEMININO;677926097;4;530;12;2271;7;M543;CIATICA 
2026-07-27 16:46:41;500769;SAO GABRIEL DO OESTE;6354265;CENTRAL DE REGULACAO DE SAO GABRIEL DO OESTE;500769;SAO GABRIEL DO OESTE;1;1;2026-06-22 15:04:50;3100000;RESSONANCIA MAGNETICA DE COLUNA LOMBAR;3100000;GRUPO - RESSONANCIA MAGNETICA;0207010048;RESSONANCIA MAGNETICA DE COLUNA LOMBO-SACRA;SOLANGE PASQUALI GUEDIN;1968-02-27;SANTINA IDALINA SASSO PASQUALI;708400706596362;44690088187;FEMININO;674832881;4;502;12;2151;7;M545;DOR LOMBAR BAIXA 
2026-07-27 16:46:41;500769;SAO GABRIEL DO OESTE;6354265;CENTRAL DE REGULACAO DE SAO GABRIEL DO OESTE;500769;SAO GABRIEL DO OESTE;1;1;2026-06-18 17:40:09;3100000;RESSONANCIA MAGNETICA DE COLUNA LOMBO-SACRA;3100000;GRUPO - RESSONANCIA MAGNETICA;0207010048;RESSONANCIA MAGNETICA DE COLUNA LOMBO-SACRA;DEILDE FERNANDES VIEGAS;1960-07-19;LEONILDA VIERA DOS SANTOS;706405650077983;59244003104;FEMININO;674372923;4;501;11;9018;2;M431;ESPONDILOLISTESE 
2026-07-27 16:46:41;500769;SAO GABRIEL DO OESTE;6452116;CENTRO DE ESPECIALIDADES MEDICAS;500769;SAO GABRIEL DO OESTE;1;1;2026-06-17 08:13:02;3100000;RESSONANCIA MAGNETICA DE COLUNA LOMBO-SACRA;3100000;GRUPO - RESSONANCIA MAGNETICA;0207010048;RESSONANCIA MAGNETICA DE COLUNA LOMBO-SACRA;INES MARGARETE CABRAL KURUTZ;1966-11-12;MARIA WEBRER CABRAL;706406613073482;26539141823;FEMININO;673862757;4;497;11;8946;2;M511;TRANSTORNOS DE DISCOS LOMBARES E DE OUTROS DISCOS INTERVERTEBRAIS COM RADICULOPATIA 
2026-07-27 16:46:41;500769;SAO GABRIEL DO OESTE;6354265;CENTRAL DE REGULACAO DE SAO GABRIEL DO OESTE;500769;SAO GABRIEL DO OESTE;1;1;2026-06-16 17:17:25;3100000;RESSONANCIA MAGNETICA DE COLUNA LOMBO-SACRA;3100000;GRUPO - RESSONANCIA MAGNETICA;0207010048;RESSONANCIA MAGNETICA DE COLUNA LOMBO-SACRA;EVALDO FRANCISCO DOS SANTOS;1975-02-26;LEUDA ANTONIA DOS SANTOS;706907107393532;03221023162;MASCULINO;673828470;4;496;11;8928;2;I99;OUTROS TRANSTORNOS DO APARELHO CIRCULATORIO E OS NAO ESPECIFICADOS 
2026-07-27 16:46:41;500769;SAO GABRIEL DO OESTE;6354265;CENTRAL DE REGULACAO DE SAO GABRIEL DO OESTE;500769;SAO GABRIEL DO OESTE;1;1;2026-06-12 08:16:58;3100000;RESSONANCIA MAGNETICA DE COLUNA LOMBO-SACRA;3100000;GRUPO - RESSONANCIA MAGNETICA;0207010048;RESSONANCIA MAGNETICA DE COLUNA LOMBO-SACRA;FRANCISCA DE LIMA;1959-07-30;MINELVINA MARIA DA CONCEICAO;700404353638050;88336999434;FEMININO;673033031;4;489;11;8802;2;G578;OUTRAS MONONEUROPATIAS DOS MEMBROS INFERIORES 
2026-07-27 16:46:41;500769;SAO GABRIEL DO OESTE;6354265;CENTRAL DE REGULACAO DE SAO GABRIEL DO OESTE;500769;SAO GABRIEL DO OESTE;1;1;2026-06-10 15:06:49;3100000;RESSONANCIA MAGNETICA DE COLUNA LOMBO-SACRA;3100000;GRUPO - RESSONANCIA MAGNETICA;0207010048;RESSONANCIA MAGNETICA DE COLUNA LOMBO-SACRA;LUCIANA LUGO MORINIGO;1970-12-13;ROSARIA GONCALVES LUGO;707801605609913;01542008166;FEMININO;672672058;4;485;11;8730;2;I839;VARIZES DOS MEMBROS INFERIORES SEM ULCERA OU INFLAMACAO 
2026-07-27 16:46:41;500769;SAO GABRIEL DO OESTE;6354265;CENTRAL DE REGULACAO DE SAO GABRIEL DO OESTE;500769;SAO GABRIEL DO OESTE;1;1;2026-06-09 15:55:31;3100000;RESSONANCIA MAGNETICA DE COLUNA LOMBO-SACRA;3100000;GRUPO - RESSONANCIA MAGNETICA;0207010048;RESSONANCIA MAGNETICA DE COLUNA LOMBO-SACRA;MARIA CORREIA DOS SANTOS;1974-10-04;MARIA ROSA DOS SANTOS;705006887340254;78833965520;FEMININO;672408878;4;481;11;8658;2;M545;DOR LOMBAR BAIXA 
2026-07-27 16:46:41;500769;SAO GABRIEL DO OESTE;6354265;CENTRAL DE REGULACAO DE SAO GABRIEL DO OESTE;500769;SAO GABRIEL DO OESTE;1;1;2026-07-15 14:52:41;3100000;RESSONANCIA MAGNETICA DE COLUNA LOMBO-SACRA;3100000;GRUPO - RESSONANCIA MAGNETICA;0207010048;RESSONANCIA MAGNETICA DE COLUNA LOMBO-SACRA;CLEONICE MARIA DE NOVAES BALBINO;1971-12-07;MARIA ANTONIA DOS SANTOS;700505377162358;01906153116;FEMININO;679259428;4;547;11;9846;2;M513;OUTRA DEGENERACAO ESPECIFICADA DE DISCO INTERVERTEBRAL 
2026-07-27 16:46:41;500769;SAO GABRIEL DO OESTE;6354265;CENTRAL DE REGULACAO DE SAO GABRIEL DO OESTE;500769;SAO GABRIEL DO OESTE;1;1;2026-07-13 16:26:17;3100000;RESSONANCIA MAGNETICA DE COLUNA LOMBO-SACRA;3100000;GRUPO - RESSONANCIA MAGNETICA;0207010048;RESSONANCIA MAGNETICA DE COLUNA LOMBO-SACRA;GABRIEL ROCHA NOVAIS;2001-02-15;MEIRE ROCHA NOVAIS;703107390027760;06799527136;MASCULINO;678744547;4;543;11;9774;2;M545;DOR LOMBAR BAIXA 
2026-07-27 16:46:41;500769;SAO GABRIEL DO OESTE;6354265;CENTRAL DE REGULACAO DE SAO GABRIEL DO OESTE;500769;SAO GABRIEL DO OESTE;1;1;2026-06-30 16:25:47;3100000;RESSONANCIA MAGNETICA DE COLUNA LOMBO-SACRA;3100000;GRUPO - RESSONANCIA MAGNETICA;0207010048;RESSONANCIA MAGNETICA DE COLUNA LOMBO-SACRA;LUZIA TANIA DE SOUZA DOS SANTOS;1979-11-13;RAIMUNDA MARIA DE JESUS SOUZA;704004375330667;00965129977;FEMININO;676293953;4;517;11;9306;2;M545;DOR LOMBAR BAIXA 
2026-07-27 16:46:41;500769;SAO GABRIEL DO OESTE;6354265;CENTRAL DE REGULACAO DE SAO GABRIEL DO OESTE;500769;SAO GABRIEL DO OESTE;1;1;2026-06-30 15:16:51;3100000;RESSONANCIA MAGNETICA DE COLUNA LOMBO-SACRA;3100000;GRUPO - RESSONANCIA MAGNETICA;0207010048;RESSONANCIA MAGNETICA DE COLUNA LOMBO-SACRA;VALTAIR REIS DA CUNHA;1962-01-26;IRIA AUGUSTA DE JESUS;702503382249533;70325782687;MASCULINO;676263379;4;516;11;9288;2;M544;LUMBAGO COM CIATICA 
2026-07-27 16:46:41;500769;SAO GABRIEL DO OESTE;6354265;CENTRAL DE REGULACAO DE SAO GABRIEL DO OESTE;500769;SAO GABRIEL DO OESTE;1;1;2026-06-30 15:08:20;3100000;RESSONANCIA MAGNETICA DE COLUNA LOMBO-SACRA;3100000;GRUPO - RESSONANCIA MAGNETICA;0207010048;RESSONANCIA MAGNETICA DE COLUNA LOMBO-SACRA;LUCAS SIVERIS;1962-10-02;MATHILDE SIVERIS;700603984402863;46033661087;MASCULINO;676259100;4;514;11;9252;2;M544;LUMBAGO COM CIATICA 
2026-07-27 16:46:41;500769;SAO GABRIEL DO OESTE;6354265;CENTRAL DE REGULACAO DE SAO GABRIEL DO OESTE;500769;SAO GABRIEL DO OESTE;1;1;2026-06-26 15:24:02;3100000;RESSONANCIA MAGNETICA DE COLUNA LOMBO-SACRA;3100000;GRUPO - RESSONANCIA MAGNETICA;0207010048;RESSONANCIA MAGNETICA DE COLUNA LOMBO-SACRA;NATALICIO MORAIS DO PRADO;1965-01-03;OLIVIA RIBEIRO DE MORAIS;706803277651521;51949610144;MASCULINO;675814833;4;508;11;9144;2;M545;DOR LOMBAR BAIXA 
2026-07-27 16:46:41;500769;SAO GABRIEL DO OESTE;6354265;CENTRAL DE REGULACAO DE SAO GABRIEL DO OESTE;500769;SAO GABRIEL DO OESTE;1;1;2026-06-25 08:20:00;3100000;RESSONANCIA MAGNETICA DE COLUNA LOMBO-SACRA;3100000;GRUPO - RESSONANCIA MAGNETICA;0207010048;RESSONANCIA MAGNETICA DE COLUNA LOMBO-SACRA;GERSON LOURENCO WRASSE;1965-05-15;AUREA ATELI WRASSE;702500389139234;66394260053;MASCULINO;675374540;4;507;11;9126;2;M545;DOR LOMBAR BAIXA 
2026-07-27 16:46:41;500769;SAO GABRIEL DO OESTE;6354265;CENTRAL DE REGULACAO DE SAO GABRIEL DO OESTE;500769;SAO GABRIEL DO OESTE;1;1;2026-06-23 08:19:19;3100000;RESSONANCIA MAGNETICA DE COLUNA LOMBO-SACRA;3100000;GRUPO - RESSONANCIA MAGNETICA;0207010048;RESSONANCIA MAGNETICA DE COLUNA LOMBO-SACRA;FATIMA BONIFACIO ALVES;1970-09-21;TERCILIA BONIFACIO ALVES;706508308636291;55501176149;FEMININO;674918247;4;504;11;9072;2;M545;DOR LOMBAR BAIXA 
2026-07-27 16:46:41;500769;SAO GABRIEL DO OESTE;6354265;CENTRAL DE REGULACAO DE SAO GABRIEL DO OESTE;500769;SAO GABRIEL DO OESTE;1;1;2026-07-22 08:25:15;3100000;RESSONANCIA MAGNETICA DE COLUNA LOMBO-SACRA;3100000;GRUPO - RESSONANCIA MAGNETICA;0207010048;RESSONANCIA MAGNETICA DE COLUNA LOMBO-SACRA;DOUGLAS CANDIDO DA SILVA;1977-03-07;CREUSA TENORIO DA SILVA;703000818568274;21310349894;MASCULINO;680406184;4;573;11;10314;2;M543;CIATICA 
2026-07-27 16:46:41;500769;SAO GABRIEL DO OESTE;6354265;CENTRAL DE REGULACAO DE SAO GABRIEL DO OESTE;500769;SAO GABRIEL DO OESTE;1;1;2026-07-21 15:07:52;3100000;RESSONANCIA MAGNETICA DE COLUNA LOMBO-SACRA;3100000;GRUPO - RESSONANCIA MAGNETICA;0207010048;RESSONANCIA MAGNETICA DE COLUNA LOMBO-SACRA;VERA LUCIA FRANCISCA DE JESUS SOUZA;1957-09-05;ALMEZINA FRANCISCA DE JESUS;704608630065429;66145902191;FEMININO;680318512;4;569;11;10242;2;M513;OUTRA DEGENERACAO ESPECIFICADA DE DISCO INTERVERTEBRAL 
2026-07-27 16:46:41;500769;SAO GABRIEL DO OESTE;6354265;CENTRAL DE REGULACAO DE SAO GABRIEL DO OESTE;500769;SAO GABRIEL DO OESTE;1;1;2026-07-21 14:55:37;3100000;RESSONANCIA MAGNETICA DE COLUNA LOMBO-SACRA;3100000;GRUPO - RESSONANCIA MAGNETICA;0207010048;RESSONANCIA MAGNETICA DE COLUNA LOMBO-SACRA;LUIZ CARLOS MARQUES MOITINHO;1975-11-02;HELENA MARQUES MOITINHO;700805951596685;63898454134;MASCULINO;680312374;4;568;11;10224;2;M513;OUTRA DEGENERACAO ESPECIFICADA DE DISCO INTERVERTEBRAL 
2026-07-27 16:46:41;500769;SAO GABRIEL DO OESTE;6354265;CENTRAL DE REGULACAO DE SAO GABRIEL DO OESTE;500769;SAO GABRIEL DO OESTE;1;1;2026-04-10 15:46:52;3100000;RESSONANCIA MAGNETICA DE CRANIO COM CONTRASTE;3100000;GRUPO - RESSONANCIA MAGNETICA;0207010064;RESSONANCIA MAGNETICA DE CRANIO;MARIA MADALENA GOMES DA SILVA;1993-06-18;ALAIDES GOMES DOS SANTOS;704007333262461;04761972106;FEMININO;661481210;4;41;26;1230;1;G508;OUTROS TRANSTORNOS DO NERVO TRIGEMEO 
2026-07-27 16:46:41;500769;SAO GABRIEL DO OESTE;6354265;CENTRAL DE REGULACAO DE SAO GABRIEL DO OESTE;500769;SAO GABRIEL DO OESTE;1;1;2026-04-10 17:16:53;3100000;RESSONANCIA MAGNETICA DE BACIA / PELVE / ABDOMEN INFERIOR;3100000;GRUPO - RESSONANCIA MAGNETICA;0207030022;RESSONANCIA MAGNETICA DE BACIA / PELVE / ABDOMEN INFERIOR;JOAO ALVES FEITOZA;1959-09-03;MERENTINA FERREIRA FEITOZA;706304786637476;29419271153;MASCULINO;661506837;3;9;18;74;4;C61;NEOPLASIA MALIGNA DA PROSTATA 
2026-07-27 16:46:41;500769;SAO GABRIEL DO OESTE;6354265;CENTRAL DE REGULACAO DE SAO GABRIEL DO OESTE;500769;SAO GABRIEL DO OESTE;1;1;2026-04-10 17:02:00;3100000;RESSONANCIA MAGNETICA DE BACIA / PELVE / ABDOMEN INFERIOR;3100000;GRUPO - RESSONANCIA MAGNETICA;0207030022;RESSONANCIA MAGNETICA DE BACIA / PELVE / ABDOMEN INFERIOR;MANOEL DOS SANTOS;1959-07-17;MARIA SENHORA DOS SANTOS;700002826262100;59577401600;MASCULINO;661504314;3;8;18;65;4;N40;HIPERPLASIA DA PROSTATA 
2026-07-27 16:46:41;500769;SAO GABRIEL DO OESTE;6354265;CENTRAL DE REGULACAO DE SAO GABRIEL DO OESTE;500769;SAO GABRIEL DO OESTE;1;1;2026-04-09 16:53:44;3100000;RESSONANCIA MAGNETICA DE BACIA / PELVE / ABDOMEN INFERIOR;3100000;GRUPO - RESSONANCIA MAGNETICA;0207030022;RESSONANCIA MAGNETICA DE BACIA / PELVE / ABDOMEN INFERIOR;WISLHER ALEJANDRO DE SOUZA;1999-07-19;REJANE PIRES DE SOUZA;705408456414494;06828240111;MASCULINO;661253620;3;4;18;33;4;S602;CONTUSAO DE OUTRAS PARTES DO PUNHO E DA MAO 
2026-07-27 16:46:41;500769;SAO GABRIEL DO OESTE;6354265;CENTRAL DE REGULACAO DE SAO GABRIEL DO OESTE;500769;SAO GABRIEL DO OESTE;1;1;2026-04-10 16:17:45;3100000;RESSONANCIA MAGNETICA DE BACIA / PELVE / ABDOMEN INFERIOR;3100000;GRUPO - RESSONANCIA MAGNETICA;0207030022;RESSONANCIA MAGNETICA DE BACIA / PELVE / ABDOMEN INFERIOR;MARIA APARECIDA DA SILVA MIRANDA;1985-10-16;MARIA MADALENA DA SILVA ALVES;702807607638761;23137755859;FEMININO;661491999;4;44;18;360;4;N80;ENDOMETRIOSE
2026-07-27 16:46:41;500769;SAO GABRIEL DO OESTE;6354265;CENTRAL DE REGULACAO DE SAO GABRIEL DO OESTE;500769;SAO GABRIEL DO OESTE;1;1;2026-04-10 15:21:43;3100000;RESSONANCIA MAGNETICA DE BACIA / PELVE / ABDOMEN INFERIOR;3100000;GRUPO - RESSONANCIA MAGNETICA;0207030022;RESSONANCIA MAGNETICA DE BACIA / PELVE / ABDOMEN INFERIOR;JOSE WERTON GOIS DE FIGUEIREDO;1952-01-31;FRANCISCA VIEIRA DA ROCHA;702008780634290;97739170100;MASCULINO;661471188;4;39;18;319;4;C61;NEOPLASIA MALIGNA DA PROSTATA 
2026-07-27 16:46:41;500769;SAO GABRIEL DO OESTE;6354265;CENTRAL DE REGULACAO DE SAO GABRIEL DO OESTE;500769;SAO GABRIEL DO OESTE;1;1;2026-04-09 17:32:26;3100000;RESSONANCIA MAGNETICA DE BACIA / PELVE / ABDOMEN INFERIOR;3100000;GRUPO - RESSONANCIA MAGNETICA;0207030022;RESSONANCIA MAGNETICA DE BACIA / PELVE / ABDOMEN INFERIOR;THAYNARA DANIELE DOS SANTOS;2000-07-01;LUZIA TANIA DE SOUZA DOS SANTOS;708106616678740;05616605140;FEMININO;661261314;4;30;18;245;4;G51;TRANSTORNOS DO NERVO FACIAL
2026-07-27 16:46:41;500769;SAO GABRIEL DO OESTE;6354265;CENTRAL DE REGULACAO DE SAO GABRIEL DO OESTE;500769;SAO GABRIEL DO OESTE;1;1;2026-04-09 15:52:37;3100000;RESSONANCIA MAGNETICA DE BACIA / PELVE / ABDOMEN INFERIOR;3100000;GRUPO - RESSONANCIA MAGNETICA;0207030022;RESSONANCIA MAGNETICA DE BACIA / PELVE / ABDOMEN INFERIOR;DANIELLY OLIVEIRA BERTO;2003-02-25;ALESSANDRA SILVA DE OLIVEIRA BERTO;705004224030158;07096778128;FEMININO;661230977;4;23;18;188;4;N80;ENDOMETRIOSE
2026-07-27 16:46:41;500769;SAO GABRIEL DO OESTE;6354265;CENTRAL DE REGULACAO DE SAO GABRIEL DO OESTE;500769;SAO GABRIEL DO OESTE;1;1;2026-04-15 16:40:49;3100000;RESSONANCIA MAGNETICA DE BACIA / PELVE / ABDOMEN INFERIOR;3100000;GRUPO - RESSONANCIA MAGNETICA;0207030022;RESSONANCIA MAGNETICA DE BACIA / PELVE / ABDOMEN INFERIOR;JACKSON VICENTE FERRARI;1994-05-31;ADRIANA VICENTE DE OLIVEIRA;706505328279890;01907977112;MASCULINO;662398754;4;65;18;532;4;K610;ABSCESSO ANAL 
2026-07-27 16:46:41;500769;SAO GABRIEL DO OESTE;6354265;CENTRAL DE REGULACAO DE SAO GABRIEL DO OESTE;500769;SAO GABRIEL DO OESTE;1;1;2026-04-17 10:56:21;3100000;RESSONANCIA MAGNETICA DE BACIA / PELVE / ABDOMEN INFERIOR;3100000;GRUPO - RESSONANCIA MAGNETICA;0207030022;RESSONANCIA MAGNETICA DE BACIA / PELVE / ABDOMEN INFERIOR;DENISE AMORIM BLOS;1981-08-20;APARECIDA AMORIM BLOS;706205006556465;96706678104;FEMININO;662807047;4;149;18;1219;4;Z014;EXAME GINECOLOGICO (GERAL) (DE ROTINA) 
2026-07-27 16:46:41;500769;SAO GABRIEL DO OESTE;6354265;CENTRAL DE REGULACAO DE SAO GABRIEL DO OESTE;500769;SAO GABRIEL DO OESTE;1;1;2026-04-17 09:35:55;3100000;RESSONANCIA MAGNETICA DE BACIA / PELVE / ABDOMEN INFERIOR;3100000;GRUPO - RESSONANCIA MAGNETICA;0207030022;RESSONANCIA MAGNETICA DE BACIA / PELVE / ABDOMEN INFERIOR;CESAR DOS SANTOS;1976-11-23;AUREA MORAES DOS SANTOS;700209497473721;02553721919;MASCULINO;662760469;4;135;18;1105;4;N40;HIPERPLASIA DA PROSTATA 
2026-07-27 16:46:41;500769;SAO GABRIEL DO OESTE;6354265;CENTRAL DE REGULACAO DE SAO GABRIEL DO OESTE;500769;SAO GABRIEL DO OESTE;1;1;2026-04-17 08:45:55;3100000;RESSONANCIA MAGNETICA DE BACIA / PELVE / ABDOMEN INFERIOR;3100000;GRUPO - RESSONANCIA MAGNETICA;0207030022;RESSONANCIA MAGNETICA DE BACIA / PELVE / ABDOMEN INFERIOR;CICERO VASCONCELOS DE ARAUJO;1976-09-04;MARIA ZENILDA VASCONCELOS DE ARAUJO;700008509051008;82756686115;MASCULINO;662735186;4;126;18;1031;4;N39;OUTROS TRANSTORNOS DO TRATO URINARIO
2026-07-27 16:46:41;500769;SAO GABRIEL DO OESTE;6354265;CENTRAL DE REGULACAO DE SAO GABRIEL DO OESTE;500769;SAO GABRIEL DO OESTE;1;1;2026-04-17 08:10:57;3100000;RESSONANCIA MAGNETICA DE BACIA / PELVE / ABDOMEN INFERIOR;3100000;GRUPO - RESSONANCIA MAGNETICA;0207030022;RESSONANCIA MAGNETICA DE BACIA / PELVE / ABDOMEN INFERIOR;CARLIANE MATOS DOS REIS;1987-10-15;MARIA ANTONIA DA SILVA MATOS;702607253809241;03982712327;FEMININO;662721060;4;120;18;982;4;N80;ENDOMETRIOSE
2026-07-27 16:46:41;500769;SAO GABRIEL DO OESTE;6354265;CENTRAL DE REGULACAO DE SAO GABRIEL DO OESTE;500769;SAO GABRIEL DO OESTE;1;1;2026-04-16 15:48:04;3100000;RESSONANCIA MAGNETICA DE BACIA / PELVE / ABDOMEN INFERIOR;3100000;GRUPO - RESSONANCIA MAGNETICA;0207030022;RESSONANCIA MAGNETICA DE BACIA / PELVE / ABDOMEN INFERIOR;EDILENE ALFREDO ANDRADE;1981-10-21;DEONICE ALFREDO;703207660757498;00227769155;FEMININO;662659336;4;111;18;908;4;R10;DOR ABDOMINAL E PELVICA
2026-07-27 16:46:41;500769;SAO GABRIEL DO OESTE;6354265;CENTRAL DE REGULACAO DE SAO GABRIEL DO OESTE;500769;SAO GABRIEL DO OESTE;1;1;2026-04-21 14:50:20;3100000;RESSONANCIA MAGNETICA DE BACIA / PELVE / ABDOMEN INFERIOR;3100000;GRUPO - RESSONANCIA MAGNETICA;0207030022;RESSONANCIA MAGNETICA DE BACIA / PELVE / ABDOMEN INFERIOR;JOAO BATISTA LEAL;1963-03-25;MARIA FRANCISCA DA CONCEICAO;704809082123746;77969030149;MASCULINO;663098928;4;304;18;2487;4;N200;CALCULOSE DO RIM 
2026-07-27 16:46:41;500769;SAO GABRIEL DO OESTE;6354265;CENTRAL DE REGULACAO DE SAO GABRIEL DO OESTE;500769;SAO GABRIEL DO OESTE;1;1;2026-04-21 14:23:15;3100000;RESSONANCIA MAGNETICA DE BACIA / PELVE / ABDOMEN INFERIOR;3100000;GRUPO - RESSONANCIA MAGNETICA;0207030022;RESSONANCIA MAGNETICA DE BACIA / PELVE / ABDOMEN INFERIOR;PATRICIA ROSA CAPONI RODRIGUES;1988-05-14;MARIA RITA BARRA ROSA;702606269390643;09325151693;FEMININO;663098411;4;285;18;2332;4;N939;SANGRAMENTO ANORMAL DO UTERO OU DA VAGINA, NAO ESPECIFICADO 
2026-07-27 16:46:41;500769;SAO GABRIEL DO OESTE;6354265;CENTRAL DE REGULACAO DE SAO GABRIEL DO OESTE;500769;SAO GABRIEL DO OESTE;1;1;2026-04-21 15:27:24;3100000;RESSONANCIA MAGNETICA DE BACIA / PELVE / ABDOMEN INFERIOR;3100000;GRUPO - RESSONANCIA MAGNETICA;0207030022;RESSONANCIA MAGNETICA DE BACIA / PELVE / ABDOMEN INFERIOR;SILVANA DINIZ DOS SANTOS CARDOSO;1982-06-03;TEREZINHA DE JESUS DOS SANTOS;702400554221427;30948189860;FEMININO;663099753;4;333;18;2725;4;R102;DOR PELVICA E PERINEAL 
2026-07-27 16:46:41;500769;SAO GABRIEL DO OESTE;6354265;CENTRAL DE REGULACAO DE SAO GABRIEL DO OESTE;500769;SAO GABRIEL DO OESTE;1;1;2026-05-07 10:58:28;3100000;RESSONANCIA MAGNETICA DE BACIA / PELVE / ABDOMEN INFERIOR;3100000;GRUPO - RESSONANCIA MAGNETICA;0207030022;RESSONANCIA MAGNETICA DE BACIA / PELVE / ABDOMEN INFERIOR;NEILOR LUIS PEDRUSSI;1983-08-24;SENEIDE MARIA PEDRUSSI;708007319074923;96671416168;MASCULINO;666215077;4;395;18;3232;4;K60;FISSURA E FISTULA DAS REGIOES ANAL E RETAL
2026-07-27 16:46:41;500769;SAO GABRIEL DO OESTE;6354265;CENTRAL DE REGULACAO DE SAO GABRIEL DO OESTE;500769;SAO GABRIEL DO OESTE;1;1;2026-04-22 16:54:18;3100000;RESSONANCIA MAGNETICA DE BACIA / PELVE / ABDOMEN INFERIOR;3100000;GRUPO - RESSONANCIA MAGNETICA;0207030022;RESSONANCIA MAGNETICA DE BACIA / PELVE / ABDOMEN INFERIOR;SALETHE PEREIRA DE LIMA;1948-07-26;IRMA PEREIRA DE LIMA;708002870124821;14832852191;FEMININO;663380563;4;370;18;3027;4;N200;CALCULOSE DO RIM 
2026-07-27 16:46:41;500769;SAO GABRIEL DO OESTE;6354265;CENTRAL DE REGULACAO DE SAO GABRIEL DO OESTE;500769;SAO GABRIEL DO OESTE;1;1;2026-05-28 11:39:31;3100000;RESSONANCIA MAGNETICA DE BACIA / PELVE / ABDOMEN INFERIOR;3100000;GRUPO - RESSONANCIA MAGNETICA;0207030022;RESSONANCIA MAGNETICA DE BACIA / PELVE / ABDOMEN INFERIOR;VALDREIA APARECIDA NEVES;1982-04-18;EVANI VASCO;708607052539181;97653527191;FEMININO;670413627;4;439;18;3592;4;N800;ENDOMETRIOSE DO UTERO 
2026-07-27 16:46:41;500769;SAO GABRIEL DO OESTE;6354265;CENTRAL DE REGULACAO DE SAO GABRIEL DO OESTE;500769;SAO GABRIEL DO OESTE;1;1;2026-05-28 11:20:31;3100000;RESSONANCIA MAGNETICA DE BACIA / PELVE / ABDOMEN INFERIOR;3100000;GRUPO - RESSONANCIA MAGNETICA;0207030022;RESSONANCIA MAGNETICA DE BACIA / PELVE / ABDOMEN INFERIOR;ANDREIA DE SOUZA PEREIRA;1985-10-14;MARIA DAS GRACAS SOUZA PEREIRA;708600552720784;02955043150;FEMININO;670403561;4;436;18;3567;4;R102;DOR PELVICA E PERINEAL 
2026-07-27 16:46:41;500769;SAO GABRIEL DO OESTE;6354265;CENTRAL DE REGULACAO DE SAO GABRIEL DO OESTE;500769;SAO GABRIEL DO OESTE;1;1;2026-06-11 09:19:24;3100000;RESSONANCIA MAGNETICA DE BACIA / PELVE / ABDOMEN INFERIOR;3100000;GRUPO - RESSONANCIA MAGNETICA;0207030022;RESSONANCIA MAGNETICA DE BACIA / PELVE / ABDOMEN INFERIOR;ALAIR SANTOS DA SILVA;1993-07-05;CAROLINA DOS SANTOS BARBOSA;708204164244443;04060447161;FEMININO;672791505;4;488;18;3993;4;D391;OVARIO 
2026-07-27 16:46:41;500769;SAO GABRIEL DO OESTE;6354265;CENTRAL DE REGULACAO DE SAO GABRIEL DO OESTE;500769;SAO GABRIEL DO OESTE;1;1;2026-07-16 09:51:55;3100000;RESSONANCIA MAGNETICA DE BACIA / PELVE / ABDOMEN INFERIOR;3100000;GRUPO - RESSONANCIA MAGNETICA;0207030022;RESSONANCIA MAGNETICA DE BACIA / PELVE / ABDOMEN INFERIOR;RITA DE CASSIA ALVES PEREIRA MONTESSI EDUARDO;1984-09-24;ZULMIRA ALVES PEREIRA MONTESSI;706807783917727;02015231161;FEMININO;679393779;4;551;18;4508;4;N202;CALCULOSE DO RIM COM CALCULO DO URETER 
2026-07-27 16:46:41;500769;SAO GABRIEL DO OESTE;6354265;CENTRAL DE REGULACAO DE SAO GABRIEL DO OESTE;500769;SAO GABRIEL DO OESTE;1;1;2026-07-06 08:21:35;3100000;RESSONANCIA MAGNETICA DE BACIA / PELVE / ABDOMEN INFERIOR;3100000;GRUPO - RESSONANCIA MAGNETICA;0207030022;RESSONANCIA MAGNETICA DE BACIA / PELVE / ABDOMEN INFERIOR;MAIRA ALVES DA SILVA;1997-03-10;TELMA ALVES DA SILVA;707808636911812;06046716101;FEMININO;677161192;4;525;18;4295;4;N946;DISMENORREIA NAO ESPECIFICADA 
2026-07-27 16:46:41;500769;SAO GABRIEL DO OESTE;6354265;CENTRAL DE REGULACAO DE SAO GABRIEL DO OESTE;500769;SAO GABRIEL DO OESTE;1;1;2026-07-03 17:42:04;3100000;RESSONANCIA MAGNETICA DE BACIA / PELVE / ABDOMEN INFERIOR;3100000;GRUPO - RESSONANCIA MAGNETICA;0207030022;RESSONANCIA MAGNETICA DE BACIA / PELVE / ABDOMEN INFERIOR;JESSICA RIBEIRO DOS SANTOS;1992-07-11;MARLI DE SOUZA RIBEIRO;700506780074152;05239765189;FEMININO;677102911;4;524;18;4287;4;N832;OUTROS CISTOS OVARIANOS E OS NAO ESPECIFICADOS 
2026-07-27 16:46:41;500769;SAO GABRIEL DO OESTE;6354265;CENTRAL DE REGULACAO DE SAO GABRIEL DO OESTE;500769;SAO GABRIEL DO OESTE;1;1;2026-06-30 09:41:22;3100000;RESSONANCIA MAGNETICA DE BACIA / PELVE / ABDOMEN INFERIOR;3100000;GRUPO - RESSONANCIA MAGNETICA;0207030022;RESSONANCIA MAGNETICA DE BACIA / PELVE / ABDOMEN INFERIOR;MARIA AUXILIADORA RIBAS;1957-06-08;TEODOLINA LUIZA RIBAS;707408018941775;56169884134;FEMININO;676105788;4;513;18;4197;4;M760;TENDINITE GLUTEA 
2026-07-27 16:46:41;500769;SAO GABRIEL DO OESTE;2370999;UNIDADE DE SAUDE DA FAMILIA FENIX IV;500769;SAO GABRIEL DO OESTE;1;1;2026-07-22 16:25:09;3100000;RESSONANCIA MAGNETICA DE BACIA / PELVE / ABDOMEN INFERIOR;3100000;GRUPO - RESSONANCIA MAGNETICA;0207030022;RESSONANCIA MAGNETICA DE BACIA / PELVE / ABDOMEN INFERIOR;MARILENE DOS REIS LIMA;1991-05-29;MARILZA ROSA DOS REIS LIMA;706409114844389;01162773278;FEMININO;680625923;4;577;18;4721;4;R10;DOR ABDOMINAL E PELVICA
2026-07-27 16:46:41;500769;SAO GABRIEL DO OESTE;2370999;UNIDADE DE SAUDE DA FAMILIA FENIX IV;500769;SAO GABRIEL DO OESTE;1;1;2026-06-10 14:48:36;3100000;RESSONANCIA MAGNETICA DE BACIA/PELVE/ABDOMEN INFERIOR C/CONTRASTE;3100000;GRUPO - RESSONANCIA MAGNETICA;0207030022;RESSONANCIA MAGNETICA DE BACIA / PELVE / ABDOMEN INFERIOR;ANDREA LARISSA RICHTER;1993-08-12;SIMONE RITH RICHTER;700003065920403;02597540138;FEMININO;672662428;4;484;2;43560;0;N832;OUTROS CISTOS OVARIANOS E OS NAO ESPECIFICADOS 
2026-07-27 16:46:41;500769;SAO GABRIEL DO OESTE;6354265;CENTRAL DE REGULACAO DE SAO GABRIEL DO OESTE;500769;SAO GABRIEL DO OESTE;1;1;2026-07-27 09:01:57;3100000;RESSONANCIA MAGNETICA DE BACIA/PELVE/ABDOMEN INFERIOR C/CONTRASTE;3100000;GRUPO - RESSONANCIA MAGNETICA;0207030022;RESSONANCIA MAGNETICA DE BACIA / PELVE / ABDOMEN INFERIOR;ANA KELLY DE SOUSA SILVA IBIAPINA;1991-05-08;ANA KATIA DE SOUSA SILVA;706302796203574;60410681369;FEMININO;681200673;4;579;2;52110;0;N83;TRANSTORNOS NAO-INFLAMATORIOS DO OVARIO, DA TROMPA DE FALOPIO E DO LIGAMENTO LARGO
2026-07-27 16:46:41;500769;SAO GABRIEL DO OESTE;6354265;CENTRAL DE REGULACAO DE SAO GABRIEL DO OESTE;500769;SAO GABRIEL DO OESTE;1;1;2026-04-22 17:44:51;3500000;TOMOGRAFIA COMPUTADORIZADA DO TORAX SEM CONTRASTE;3500000;GRUPO - TOMOGRAFIA COMPUTADORIZADA;0206020031;TOMOGRAFIA COMPUTADORIZADA DE TORAX;MARIA IRENE DOS SANTOS MORO;1954-02-28;AGMAR GARCIA DOS SANTOS;700803488886988;54138990925;FEMININO;663391292;4;49;9;259;6;J448;OUTRAS FORMAS ESPECIFICADAS DE DOENCA PULMONAR OBSTRUTIVA CRONICA 
2026-07-27 16:46:41;500769;SAO GABRIEL DO OESTE;3400964;UNIDADE DE SAUDE DA FAMILIA RURAL VII;500769;SAO GABRIEL DO OESTE;1;1;2026-04-22 17:40:29;3500000;TOMOGRAFIA COMPUTADORIZADA DO TORAX SEM CONTRASTE;3500000;GRUPO - TOMOGRAFIA COMPUTADORIZADA;0206020031;TOMOGRAFIA COMPUTADORIZADA DE TORAX;ZENIRA BORGES NANTES;1949-07-01;ELIZA LEOPOLDINA MORAES;707402008087776;97420123187;FEMININO;663390542;4;47;9;249;6;R05;TOSSE 
2026-07-27 16:46:41;500769;SAO GABRIEL DO OESTE;6354265;CENTRAL DE REGULACAO DE SAO GABRIEL DO OESTE;500769;SAO GABRIEL DO OESTE;1;1;2026-04-22 14:58:54;3500000;TOMOGRAFIA COMPUTADORIZADA DO TORAX SEM CONTRASTE;3500000;GRUPO - TOMOGRAFIA COMPUTADORIZADA;0206020031;TOMOGRAFIA COMPUTADORIZADA DE TORAX;LUIS CARLOS TEIXEIRA SILVA;1972-12-14;ELIA TEIXEIRA DA SILVA;701009861950993;46484345104;MASCULINO;663326415;4;41;9;217;6;D50;ANEMIA POR DEFICIENCIA DE FERRO
2026-07-27 16:46:41;500769;SAO GABRIEL DO OESTE;6354265;CENTRAL DE REGULACAO DE SAO GABRIEL DO OESTE;500769;SAO GABRIEL DO OESTE;1;1;2026-04-22 10:09:56;3500000;TOMOGRAFIA COMPUTADORIZADA DO TORAX SEM CONTRASTE;3500000;GRUPO - TOMOGRAFIA COMPUTADORIZADA;0206020031;TOMOGRAFIA COMPUTADORIZADA DE TORAX;DOMICIO FERREIRA DA SILVA;1947-05-26;DORVALINA FURTUNATO DA SILVA;704309599864098;10480102104;MASCULINO;663193302;4;32;9;169;6;R05;TOSSE 
2026-07-27 16:46:41;500769;SAO GABRIEL DO OESTE;6354265;CENTRAL DE REGULACAO DE SAO GABRIEL DO OESTE;500769;SAO GABRIEL DO OESTE;1;1;2026-04-22 09:23:19;3500000;TOMOGRAFIA COMPUTADORIZADA DO TORAX SEM CONTRASTE;3500000;GRUPO - TOMOGRAFIA COMPUTADORIZADA;0206020031;TOMOGRAFIA COMPUTADORIZADA DE TORAX;ANTONIO DIAS VIEIRA;1955-05-20;ONEZIA SENHORINHA DE OLIVEIRA;702802137817660;36609811172;MASCULINO;663163271;4;29;9;154;6;R05;TOSSE 
2026-07-27 16:46:41;500769;SAO GABRIEL DO OESTE;6354265;CENTRAL DE REGULACAO DE SAO GABRIEL DO OESTE;500769;SAO GABRIEL DO OESTE;1;1;2026-04-21 09:39:37;3500000;TOMOGRAFIA COMPUTADORIZADA DO TORAX SEM CONTRASTE;3500000;GRUPO - TOMOGRAFIA COMPUTADORIZADA;0206020031;TOMOGRAFIA COMPUTADORIZADA DE TORAX;JUAREZ RAMALHO;1972-04-06;MARIA GERALDINA RAMALHO;702908537161171;09753096844;MASCULINO;663093673;4;24;9;127;6;J449;DOENCA PULMONAR OBSTRUTIVA CRONICA NAO ESPECIFICADA 
2026-07-27 16:46:41;500769;SAO GABRIEL DO OESTE;6354265;CENTRAL DE REGULACAO DE SAO GABRIEL DO OESTE;500769;SAO GABRIEL DO OESTE;1;1;2026-06-12 11:09:27;3500000;TOMOGRAFIA COMPUTADORIZADA DO TORAX SEM CONTRASTE;3500000;GRUPO - TOMOGRAFIA COMPUTADORIZADA;0206020031;TOMOGRAFIA COMPUTADORIZADA DE TORAX;SEBASTIAO LUIZ LOPES;1940-03-30;ANNA LUIZ LOPES;704300530212492;17625173100;MASCULINO;673118815;4;103;9;545;6;J448;OUTRAS FORMAS ESPECIFICADAS DE DOENCA PULMONAR OBSTRUTIVA CRONICA 
2026-07-27 16:46:41;500769;SAO GABRIEL DO OESTE;6354265;CENTRAL DE REGULACAO DE SAO GABRIEL DO OESTE;500769;SAO GABRIEL DO OESTE;1;1;2026-06-02 11:51:48;3500000;TOMOGRAFIA COMPUTADORIZADA DO TORAX SEM CONTRASTE;3500000;GRUPO - TOMOGRAFIA COMPUTADORIZADA;0206020031;TOMOGRAFIA COMPUTADORIZADA DE TORAX;IRONITA BARALDI;1955-10-17;TRINDADE LEANDRINA KEHLER;706204554861866;91097495000;FEMININO;671298624;4;96;9;508;6;R060;DISPNEIA 
2026-07-27 16:46:41;500769;SAO GABRIEL DO OESTE;6354265;CENTRAL DE REGULACAO DE SAO GABRIEL DO OESTE;500769;SAO GABRIEL DO OESTE;1;1;2026-06-01 14:27:16;3500000;TOMOGRAFIA COMPUTADORIZADA DO TORAX SEM CONTRASTE;3500000;GRUPO - TOMOGRAFIA COMPUTADORIZADA;0206020031;TOMOGRAFIA COMPUTADORIZADA DE TORAX;CLEONICE DE MOREIRA SALES;1950-11-26;MARIA BENTA LIMA;700802481640885;63759586104;FEMININO;671049684;4;94;9;498;6;R06;ANORMALIDADES DA RESPIRACAO
2026-07-27 16:46:41;500769;SAO GABRIEL DO OESTE;7333218;UNIDADE DE SAUDE DA FAMILIA X;500769;SAO GABRIEL DO OESTE;1;1;2026-05-22 10:17:26;3500000;TOMOGRAFIA COMPUTADORIZADA DO TORAX SEM CONTRASTE;3500000;GRUPO - TOMOGRAFIA COMPUTADORIZADA;0206020031;TOMOGRAFIA COMPUTADORIZADA DE TORAX;REGINALDO SOARES DA SILVA MONTANIA;1984-10-11;IRENE SOARES DA SILVA;702103772488099;01080231170;MASCULINO;669197226;4;84;9;445;6;R074;DOR TORACICA, NAO ESPECIFICADA 
2026-07-27 16:46:41;500769;SAO GABRIEL DO OESTE;6354265;CENTRAL DE REGULACAO DE SAO GABRIEL DO OESTE;500769;SAO GABRIEL DO OESTE;1;1;2026-05-06 15:48:25;3500000;TOMOGRAFIA COMPUTADORIZADA DO TORAX SEM CONTRASTE;3500000;GRUPO - TOMOGRAFIA COMPUTADORIZADA;0206020031;TOMOGRAFIA COMPUTADORIZADA DE TORAX;OLEZIA PEREIRA DE SOUZA;1961-12-24;SEBASTIANA CANDIDA PEREIRA;706001357202346;00794387179;FEMININO;666056087;4;74;9;392;6;R91;ACHADOS ANORMAIS, DE EXAMES PARA DIAGNOSTICO POR IMAGEM, DO PULMAO 
2026-07-27 16:46:41;500769;SAO GABRIEL DO OESTE;6354265;CENTRAL DE REGULACAO DE SAO GABRIEL DO OESTE;500769;SAO GABRIEL DO OESTE;1;1;2026-05-04 17:29:25;3500000;TOMOGRAFIA COMPUTADORIZADA DO TORAX SEM CONTRASTE;3500000;GRUPO - TOMOGRAFIA COMPUTADORIZADA;0206020031;TOMOGRAFIA COMPUTADORIZADA DE TORAX;ARI GONCALVES;1952-10-20;NIVERSINA GONCALVES;700001058292700;13991876191;MASCULINO;665496646;4;70;9;371;6;R91;ACHADOS ANORMAIS, DE EXAMES PARA DIAGNOSTICO POR IMAGEM, DO PULMAO 
2026-07-27 16:46:41;500769;SAO GABRIEL DO OESTE;6354265;CENTRAL DE REGULACAO DE SAO GABRIEL DO OESTE;500769;SAO GABRIEL DO OESTE;1;1;2026-04-29 17:27:10;3500000;TOMOGRAFIA COMPUTADORIZADA DO TORAX SEM CONTRASTE;3500000;GRUPO - TOMOGRAFIA COMPUTADORIZADA;0206020031;TOMOGRAFIA COMPUTADORIZADA DE TORAX;MADALENA FERNANDES DE LIMA;1956-07-22;BRAZILINA GOMES FERREIRA;704201755129381;31317790120;FEMININO;664871915;4;67;9;355;6;J448;OUTRAS FORMAS ESPECIFICADAS DE DOENCA PULMONAR OBSTRUTIVA CRONICA 
2026-07-27 16:46:41;500769;SAO GABRIEL DO OESTE;6354265;CENTRAL DE REGULACAO DE SAO GABRIEL DO OESTE;500769;SAO GABRIEL DO OESTE;1;1;2026-04-29 09:42:52;3500000;TOMOGRAFIA COMPUTADORIZADA DO TORAX SEM CONTRASTE;3500000;GRUPO - TOMOGRAFIA COMPUTADORIZADA;0206020031;TOMOGRAFIA COMPUTADORIZADA DE TORAX;LORI DIELL;1953-10-29;MATILDE SOMMER;700902995889595;81865546100;FEMININO;664655126;4;66;9;349;6;R91;ACHADOS ANORMAIS, DE EXAMES PARA DIAGNOSTICO POR IMAGEM, DO PULMAO 
2026-07-27 16:46:41;500769;SAO GABRIEL DO OESTE;6354265;CENTRAL DE REGULACAO DE SAO GABRIEL DO OESTE;500769;SAO GABRIEL DO OESTE;1;1;2026-07-08 10:25:29;3500000;TOMOGRAFIA COMPUTADORIZADA DO TORAX SEM CONTRASTE;3500000;GRUPO - TOMOGRAFIA COMPUTADORIZADA;0206020031;TOMOGRAFIA COMPUTADORIZADA DE TORAX;VALDIRA FERREIRA DO CARMO;1957-04-17;MARIA ALVES GOMES;705008073513159;56170238100;FEMININO;677806771;4;143;9;757;6;J449;DOENCA PULMONAR OBSTRUTIVA CRONICA NAO ESPECIFICADA 
2026-07-27 16:46:41;500769;SAO GABRIEL DO OESTE;2370972;UNIDADE DE SAUDE DA FAMILIA MILANE II;500769;SAO GABRIEL DO OESTE;1;1;2026-07-03 15:23:46;3500000;TOMOGRAFIA COMPUTADORIZADA DO TORAX SEM CONTRASTE;3500000;GRUPO - TOMOGRAFIA COMPUTADORIZADA;0206020031;TOMOGRAFIA COMPUTADORIZADA DE TORAX;KAROLINE RODRIGUES DE SOUZA;1995-06-23;ELEN CRISTINA RODRIGUES PEDROZA;700007554232309;05147855190;FEMININO;677065950;4;137;9;725;6;R074;DOR TORACICA, NAO ESPECIFICADA 
2026-07-27 16:46:41;500769;SAO GABRIEL DO OESTE;6354265;CENTRAL DE REGULACAO DE SAO GABRIEL DO OESTE;500769;SAO GABRIEL DO OESTE;1;1;2026-07-01 08:21:11;3500000;TOMOGRAFIA COMPUTADORIZADA DO TORAX SEM CONTRASTE;3500000;GRUPO - TOMOGRAFIA COMPUTADORIZADA;0206020031;TOMOGRAFIA COMPUTADORIZADA DE TORAX;AMELIA PRIMON DO PRADO;1937-11-30;NARCISA CECILIA BORDON;700006480188408;93857748168;FEMININO;676349248;4;127;9;672;6;R074;DOR TORACICA, NAO ESPECIFICADA 
2026-07-27 16:46:41;500769;SAO GABRIEL DO OESTE;6354265;CENTRAL DE REGULACAO DE SAO GABRIEL DO OESTE;500769;SAO GABRIEL DO OESTE;1;1;2026-06-23 09:42:09;3500000;TOMOGRAFIA COMPUTADORIZADA DO TORAX SEM CONTRASTE;3500000;GRUPO - TOMOGRAFIA COMPUTADORIZADA;0206020031;TOMOGRAFIA COMPUTADORIZADA DE TORAX;MARIA REGINA MENDES COSTA;1968-09-15;EURICA MENDES COSTA;704007831105368;04070421130;FEMININO;674958031;4;119;9;630;6;C539;COLO DO UTERO, NAO ESPECIFICADO 
2026-07-27 16:46:41;500769;SAO GABRIEL DO OESTE;6354265;CENTRAL DE REGULACAO DE SAO GABRIEL DO OESTE;500769;SAO GABRIEL DO OESTE;1;1;2026-06-19 16:49:04;3500000;TOMOGRAFIA COMPUTADORIZADA DO TORAX SEM CONTRASTE;3500000;GRUPO - TOMOGRAFIA COMPUTADORIZADA;0206020031;TOMOGRAFIA COMPUTADORIZADA DE TORAX;MARIA LUCIA CONCEICAO DOS REIS;1965-04-28;JOSEFA MARIA DA CONCEICAO;702001310628182;58327649191;FEMININO;674593771;4;115;9;609;6;R05;TOSSE 
2026-07-27 16:46:41;500769;SAO GABRIEL DO OESTE;6354265;CENTRAL DE REGULACAO DE SAO GABRIEL DO OESTE;500769;SAO GABRIEL DO OESTE;1;1;2026-06-18 14:05:46;3500000;TOMOGRAFIA COMPUTADORIZADA DO TORAX SEM CONTRASTE;3500000;GRUPO - TOMOGRAFIA COMPUTADORIZADA;0206020031;TOMOGRAFIA COMPUTADORIZADA DE TORAX;VENANCIA RIOS;1955-04-10;APARECIDA RIOS;705000848519359;01926980107;FEMININO;674290149;4;112;9;593;6;C82;LINFOMA NAO-HODGKIN, FOLICULAR (NODULAR)
2026-07-27 16:46:41;500769;SAO GABRIEL DO OESTE;6354265;CENTRAL DE REGULACAO DE SAO GABRIEL DO OESTE;500769;SAO GABRIEL DO OESTE;1;1;2026-07-24 16:19:27;3500000;TOMOGRAFIA COMPUTADORIZADA DO TORAX SEM CONTRASTE;3500000;GRUPO - TOMOGRAFIA COMPUTADORIZADA;0206020031;TOMOGRAFIA COMPUTADORIZADA DE TORAX;MARIA DE LOURDES OLIVEIRA DE PAULA;1956-04-07;SETEMBRINA POSTINGHER FALCAO;709807047625896;71968180168;FEMININO;681106800;4;176;9;932;6;J440;DOENCA PULMONAR OBSTRUTIVA CRONICA COM INFECCAO RESPIRATORIA AGUDA DO TRATO RESPIRATORIO INFERIOR 
2026-07-27 16:46:41;500769;SAO GABRIEL DO OESTE;6354265;CENTRAL DE REGULACAO DE SAO GABRIEL DO OESTE;500769;SAO GABRIEL DO OESTE;1;1;2026-07-24 16:09:06;3500000;TOMOGRAFIA COMPUTADORIZADA DO TORAX SEM CONTRASTE;3500000;GRUPO - TOMOGRAFIA COMPUTADORIZADA;0206020031;TOMOGRAFIA COMPUTADORIZADA DE TORAX;ORLANDO SOUZA DE OLIVEIRA;1955-02-23;APARECIDA ROSA DE OLIVEIRA;702807603823068;39091082100;MASCULINO;681103899;4;175;9;926;6;J440;DOENCA PULMONAR OBSTRUTIVA CRONICA COM INFECCAO RESPIRATORIA AGUDA DO TRATO RESPIRATORIO INFERIOR 
2026-07-27 16:46:41;500769;SAO GABRIEL DO OESTE;6354265;CENTRAL DE REGULACAO DE SAO GABRIEL DO OESTE;500769;SAO GABRIEL DO OESTE;1;1;2026-07-23 16:28:35;3500000;TOMOGRAFIA COMPUTADORIZADA DO TORAX SEM CONTRASTE;3500000;GRUPO - TOMOGRAFIA COMPUTADORIZADA;0206020031;TOMOGRAFIA COMPUTADORIZADA DE TORAX;VAIR VIEIRA DA ROCHA;1967-07-09;ANA FLORIANO DA ROCHA;706305770637170;59310510900;MASCULINO;680883956;4;170;9;900;6;R066;SOLUCO 
2026-07-27 16:46:41;500769;SAO GABRIEL DO OESTE;6354265;CENTRAL DE REGULACAO DE SAO GABRIEL DO OESTE;500769;SAO GABRIEL DO OESTE;1;1;2026-07-22 11:07:20;3500000;TOMOGRAFIA COMPUTADORIZADA DO TORAX SEM CONTRASTE;3500000;GRUPO - TOMOGRAFIA COMPUTADORIZADA;0206020031;TOMOGRAFIA COMPUTADORIZADA DE TORAX;LETICIA MARIA STEFANELLO BALZAM;1948-01-01;BALBINA PERUFFO STEFANELLO;705003274821956;51950022153;FEMININO;680499518;4;166;9;879;6;J448;OUTRAS FORMAS ESPECIFICADAS DE DOENCA PULMONAR OBSTRUTIVA CRONICA 
2026-07-27 16:46:41;500769;SAO GABRIEL DO OESTE;6354265;CENTRAL DE REGULACAO DE SAO GABRIEL DO OESTE;500769;SAO GABRIEL DO OESTE;1;1;2026-07-22 10:52:05;3500000;TOMOGRAFIA COMPUTADORIZADA DO TORAX SEM CONTRASTE;3500000;GRUPO - TOMOGRAFIA COMPUTADORIZADA;0206020031;TOMOGRAFIA COMPUTADORIZADA DE TORAX;APARECIDO CHAGAS IVO;1972-05-17;BERNARDINA COIMBRA IVO;708406248404263;46557059149;MASCULINO;680490380;4;165;9;874;6;J449;DOENCA PULMONAR OBSTRUTIVA CRONICA NAO ESPECIFICADA 
2026-07-27 16:46:41;500769;SAO GABRIEL DO OESTE;2370972;UNIDADE DE SAUDE DA FAMILIA MILANE II;500769;SAO GABRIEL DO OESTE;1;1;2026-07-21 11:53:53;3500000;TOMOGRAFIA COMPUTADORIZADA DO TORAX SEM CONTRASTE;3500000;GRUPO - TOMOGRAFIA COMPUTADORIZADA;0206020031;TOMOGRAFIA COMPUTADORIZADA DE TORAX;JERONIMO PINTO ALVES;1957-08-02;AMELIA SOUZA ALVES;705002014686659;35697156120;MASCULINO;680247261;4;163;9;863;6;R060;DISPNEIA 
2026-07-27 16:46:41;500769;SAO GABRIEL DO OESTE;2370972;UNIDADE DE SAUDE DA FAMILIA MILANE II;500769;SAO GABRIEL DO OESTE;1;1;2026-07-21 11:39:58;3500000;TOMOGRAFIA COMPUTADORIZADA DO TORAX SEM CONTRASTE;3500000;GRUPO - TOMOGRAFIA COMPUTADORIZADA;0206020031;TOMOGRAFIA COMPUTADORIZADA DE TORAX;ANTONIO DE OLIVEIRA SOUZA;1952-08-05;IZABEL OLIVEIRA DE SOUZA;703605004307834;25725823172;MASCULINO;680240792;4;162;9;858;6;Z00;EXAME GERAL E INVESTIGACAO DE PESSOAS SEM QUEIXAS OU DIAGNOSTICO RELATADO
2026-07-27 16:46:41;500769;SAO GABRIEL DO OESTE;2370999;UNIDADE DE SAUDE DA FAMILIA FENIX IV;500769;SAO GABRIEL DO OESTE;1;1;2026-07-14 09:45:02;3500000;TOMOGRAFIA COMPUTADORIZADA DO TORAX SEM CONTRASTE;3500000;GRUPO - TOMOGRAFIA COMPUTADORIZADA;0206020031;TOMOGRAFIA COMPUTADORIZADA DE TORAX;OSVALDO BARIA;1946-07-09;MARIA APARECIDA GONCALVES DA SILVA BARIA;700408488040440;22025405120;MASCULINO;678843170;4;152;9;805;6;C61;NEOPLASIA MALIGNA DA PROSTATA 
2026-07-27 16:46:41;500769;SAO GABRIEL DO OESTE;6354265;CENTRAL DE REGULACAO DE SAO GABRIEL DO OESTE;500769;SAO GABRIEL DO OESTE;1;1;2026-04-22 11:17:19;3500000;TOMOGRAFIA COMPUTADORIZADA  DE CRANIO SEM CONTRASTE;3500000;GRUPO - TOMOGRAFIA COMPUTADORIZADA;0206010060;TOMOGRAFIA COMPUTADORIZADA DE SELA TURCICA;ILIAMAR AZEVEDO DE SOUZA;1948-04-09;ADELINA MARQUES DE AZEVEDO;700507547746950;01524282162;FEMININO;663236281;3;14;19;70;6;R51;CEFALEIA 
2026-07-27 16:46:41;500769;SAO GABRIEL DO OESTE;6354265;CENTRAL DE REGULACAO DE SAO GABRIEL DO OESTE;500769;SAO GABRIEL DO OESTE;1;1;2026-04-23 08:06:45;3500000;TOMOGRAFIA COMPUTADORIZADA  DE CRANIO SEM CONTRASTE;3500000;GRUPO - TOMOGRAFIA COMPUTADORIZADA;0206010060;TOMOGRAFIA COMPUTADORIZADA DE SELA TURCICA;MARIA ROSA PADILHA;1953-12-05;CONSTANTINA BIAZIN;704602171688728;03539986995;FEMININO;663416833;4;51;19;255;6;S031;LUXACAO DA CARTILAGEM DO SEPTO NASAL 
2026-07-27 16:46:41;500769;SAO GABRIEL DO OESTE;6354265;CENTRAL DE REGULACAO DE SAO GABRIEL DO OESTE;500769;SAO GABRIEL DO OESTE;1;1;2026-04-22 11:40:12;3500000;TOMOGRAFIA COMPUTADORIZADA  DE CRANIO SEM CONTRASTE;3500000;GRUPO - TOMOGRAFIA COMPUTADORIZADA;0206010060;TOMOGRAFIA COMPUTADORIZADA DE SELA TURCICA;JOSIMEIRE CASSIANO RIBEIRO;1985-03-24;MARIA DE FATIMA CASSIANO RIBEIRO;700801981177083;06619986900;FEMININO;663249026;4;39;19;195;6;R51;CEFALEIA 
2026-07-27 16:46:41;500769;SAO GABRIEL DO OESTE;6354265;CENTRAL DE REGULACAO DE SAO GABRIEL DO OESTE;500769;SAO GABRIEL DO OESTE;1;1;2026-04-21 11:00:13;3500000;TOMOGRAFIA COMPUTADORIZADA  DE CRANIO SEM CONTRASTE;3500000;GRUPO - TOMOGRAFIA COMPUTADORIZADA;0206010060;TOMOGRAFIA COMPUTADORIZADA DE SELA TURCICA;CARMEM OLINDA FERREIRA COELHO;1975-08-19;OLGA MARIA FERREIRA DA ROCHA;708906724383813;81322445168;FEMININO;663095057;4;26;19;130;6;R51;CEFALEIA 
2026-07-27 16:46:41;500769;SAO GABRIEL DO OESTE;6354265;CENTRAL DE REGULACAO DE SAO GABRIEL DO OESTE;500769;SAO GABRIEL DO OESTE;1;1;2026-04-21 09:06:57;3500000;TOMOGRAFIA COMPUTADORIZADA  DE CRANIO SEM CONTRASTE;3500000;GRUPO - TOMOGRAFIA COMPUTADORIZADA;0206010060;TOMOGRAFIA COMPUTADORIZADA DE SELA TURCICA;TALISON VINICIUS BARBOSA DE FREITAS;2012-01-26;LUCILENE LEITE BARBOSA;702802139179866;06572265137;MASCULINO;663093172;4;22;19;110;6;F900;DISTURBIOS DA ATIVIDADE E DA ATENCAO 
2026-07-27 16:46:41;500769;SAO GABRIEL DO OESTE;3400964;UNIDADE DE SAUDE DA FAMILIA RURAL VII;500769;SAO GABRIEL DO OESTE;1;1;2026-04-13 15:31:55;3500000;TOMOGRAFIA COMPUTADORIZADA  DE CRANIO SEM CONTRASTE;3500000;GRUPO - TOMOGRAFIA COMPUTADORIZADA;0206010060;TOMOGRAFIA COMPUTADORIZADA DE SELA TURCICA;CARINA ELIAS ALVES KAFER;2012-02-15;MERCI ELIAS ALVES KAFER;701408697444534;10192969170;FEMININO;661782936;4;19;19;95;6;R51;CEFALEIA 
2026-07-27 16:46:41;500769;SAO GABRIEL DO OESTE;2370999;UNIDADE DE SAUDE DA FAMILIA FENIX IV;500769;SAO GABRIEL DO OESTE;1;1;2026-06-10 15:45:29;3500000;TOMOGRAFIA COMPUTADORIZADA  DE CRANIO SEM CONTRASTE;3500000;GRUPO - TOMOGRAFIA COMPUTADORIZADA;0206010060;TOMOGRAFIA COMPUTADORIZADA DE SELA TURCICA;THALISON KAIQUE SOUZA DA SILVA;2007-09-30;LAIZE MARIA SILVA DE SOUZA;709009844552816;13215703416;MASCULINO;672691695;4;101;19;505;6;S069;TRAUMATISMO INTRACRANIANO, NAO ESPECIFICADO 
2026-07-27 16:46:41;500769;SAO GABRIEL DO OESTE;2370972;UNIDADE DE SAUDE DA FAMILIA MILANE II;500769;SAO GABRIEL DO OESTE;1;1;2026-06-10 14:38:29;3500000;TOMOGRAFIA COMPUTADORIZADA  DE CRANIO SEM CONTRASTE;3500000;GRUPO - TOMOGRAFIA COMPUTADORIZADA;0206010060;TOMOGRAFIA COMPUTADORIZADA DE SELA TURCICA;LUCILA FREITAS CORONEL;1962-12-14;SEVERINA FREITAS CORONEL;702801626923063;02587616107;FEMININO;672657016;4;100;19;500;6;F20;ESQUIZOFRENIA
2026-07-27 16:46:41;500769;SAO GABRIEL DO OESTE;2370980;UNIDADE DE SAUDE DA FAMILIA JARDIM GRAMADO I;500769;SAO GABRIEL DO OESTE;1;1;2026-06-03 16:59:01;3500000;TOMOGRAFIA COMPUTADORIZADA  DE CRANIO SEM CONTRASTE;3500000;GRUPO - TOMOGRAFIA COMPUTADORIZADA;0206010060;TOMOGRAFIA COMPUTADORIZADA DE SELA TURCICA;FELIPE ZOPPI PEREIRA;1990-10-01;JACQUELINE ZOPPI PEREIRA;704800022343148;03838127129;MASCULINO;671710095;4;98;19;490;6;R51;CEFALEIA 
2026-07-27 16:46:41;500769;SAO GABRIEL DO OESTE;6354265;CENTRAL DE REGULACAO DE SAO GABRIEL DO OESTE;500769;SAO GABRIEL DO OESTE;1;1;2026-05-28 18:10:34;3500000;TOMOGRAFIA COMPUTADORIZADA  DE CRANIO SEM CONTRASTE;3500000;GRUPO - TOMOGRAFIA COMPUTADORIZADA;0206010060;TOMOGRAFIA COMPUTADORIZADA DE SELA TURCICA;CATARINA VIRGINIA LEMES LARA;1945-08-17;MARIA CLAUDINA DOS SANTOS;700808446126386;57275033100;FEMININO;670548421;4;92;19;460;6;F001;DEMENCIA NA DOENCA DE ALZHEIMER DE INICIO TARDIO (G30.1+) 
2026-07-27 16:46:41;500769;SAO GABRIEL DO OESTE;3400964;UNIDADE DE SAUDE DA FAMILIA RURAL VII;500769;SAO GABRIEL DO OESTE;1;1;2026-05-25 14:19:28;3500000;TOMOGRAFIA COMPUTADORIZADA  DE CRANIO SEM CONTRASTE;3500000;GRUPO - TOMOGRAFIA COMPUTADORIZADA;0206010060;TOMOGRAFIA COMPUTADORIZADA DE SELA TURCICA;RAFAELA ALBUQUERQUE SANTOS;1997-11-15;JOANA MARQUES ALBUQUERQUE;703102825976960;07151201150;FEMININO;669584483;4;88;19;440;6;R51;CEFALEIA 
2026-07-27 16:46:41;500769;SAO GABRIEL DO OESTE;7333218;UNIDADE DE SAUDE DA FAMILIA X;500769;SAO GABRIEL DO OESTE;1;1;2026-05-21 10:34:05;3500000;TOMOGRAFIA COMPUTADORIZADA  DE CRANIO SEM CONTRASTE;3500000;GRUPO - TOMOGRAFIA COMPUTADORIZADA;0206010060;TOMOGRAFIA COMPUTADORIZADA DE SELA TURCICA;NATANIA SANDRA SILVA DE SOUZA;1992-06-17;SELIA ALVES DA SILVA;704301588681291;00556080270;FEMININO;668943636;4;83;19;415;6;R51;CEFALEIA 
2026-07-27 16:46:41;500769;SAO GABRIEL DO OESTE;7333218;UNIDADE DE SAUDE DA FAMILIA X;500769;SAO GABRIEL DO OESTE;1;1;2026-05-20 14:55:10;3500000;TOMOGRAFIA COMPUTADORIZADA  DE CRANIO SEM CONTRASTE;3500000;GRUPO - TOMOGRAFIA COMPUTADORIZADA;0206010060;TOMOGRAFIA COMPUTADORIZADA DE SELA TURCICA;ELIANE RIBEIRO PINTO;1991-10-18;MARIA RIBEIRO PINTO;700904946179492;05763085361;FEMININO;668779881;4;82;19;410;6;S09;OUTROS TRAUMATISMOS DA CABECA E OS NAO ESPECIFICADOS
2026-07-27 16:46:41;500769;SAO GABRIEL DO OESTE;2370972;UNIDADE DE SAUDE DA FAMILIA MILANE II;500769;SAO GABRIEL DO OESTE;1;1;2026-05-19 15:59:44;3500000;TOMOGRAFIA COMPUTADORIZADA  DE CRANIO SEM CONTRASTE;3500000;GRUPO - TOMOGRAFIA COMPUTADORIZADA;0206010060;TOMOGRAFIA COMPUTADORIZADA DE SELA TURCICA;ELISA DOS SANTOS;1981-08-29;MARIA OLINDA DOS SANTOS;708009820374529;34967601847;FEMININO;668529037;4;80;19;400;6;R51;CEFALEIA 
2026-07-27 16:46:41;500769;SAO GABRIEL DO OESTE;6354265;CENTRAL DE REGULACAO DE SAO GABRIEL DO OESTE;500769;SAO GABRIEL DO OESTE;1;1;2026-05-13 08:09:00;3500000;TOMOGRAFIA COMPUTADORIZADA  DE CRANIO SEM CONTRASTE;3500000;GRUPO - TOMOGRAFIA COMPUTADORIZADA;0206010060;TOMOGRAFIA COMPUTADORIZADA DE SELA TURCICA;SILVIA JOSEFINA RAMOS LOPEZ;1969-02-08;MARIA EMILIA LOPEZ;700403988626644;71201392233;FEMININO;667216092;4;76;19;380;6;R51;CEFALEIA 
2026-07-27 16:46:41;500769;SAO GABRIEL DO OESTE;2370972;UNIDADE DE SAUDE DA FAMILIA MILANE II;500769;SAO GABRIEL DO OESTE;1;1;2026-05-05 16:10:04;3500000;TOMOGRAFIA COMPUTADORIZADA  DE CRANIO SEM CONTRASTE;3500000;GRUPO - TOMOGRAFIA COMPUTADORIZADA;0206010060;TOMOGRAFIA COMPUTADORIZADA DE SELA TURCICA;ELIBERTO CARMO DO NASCIMENTO;1966-12-21;MARIA DO CARMO NASCIMENTO;702508371167934;00183376196;MASCULINO;665774150;4;72;19;360;6;R202;PARESTESIAS CUTANEAS 
2026-07-27 16:46:41;500769;SAO GABRIEL DO OESTE;3400964;UNIDADE DE SAUDE DA FAMILIA RURAL VII;500769;SAO GABRIEL DO OESTE;1;1;2026-05-04 15:21:48;3500000;TOMOGRAFIA COMPUTADORIZADA  DE CRANIO SEM CONTRASTE;3500000;GRUPO - TOMOGRAFIA COMPUTADORIZADA;0206010060;TOMOGRAFIA COMPUTADORIZADA DE SELA TURCICA;CLEONICE ANTUNES DOS REIS;1994-05-08;CLARICE QUIRINO DOS REIS;702409568047929;70184408156;FEMININO;665446360;4;69;19;345;6;G43;ENXAQUECA
2026-07-27 16:46:41;500769;SAO GABRIEL DO OESTE;2370980;UNIDADE DE SAUDE DA FAMILIA JARDIM GRAMADO I;500769;SAO GABRIEL DO OESTE;1;1;2026-05-04 08:11:25;3500000;TOMOGRAFIA COMPUTADORIZADA  DE CRANIO SEM CONTRASTE;3500000;GRUPO - TOMOGRAFIA COMPUTADORIZADA;0206010060;TOMOGRAFIA COMPUTADORIZADA DE SELA TURCICA;ADRIANO MAFRA ROCHA;2002-07-17;MARILEIDE ALVES MAFRA;700008323041304;61844929345;MASCULINO;665222939;4;68;19;340;6;R568;OUTRAS CONVULSOES E AS NAO ESPECIFICADAS 
2026-07-27 16:46:41;500769;SAO GABRIEL DO OESTE;3400964;UNIDADE DE SAUDE DA FAMILIA RURAL VII;500769;SAO GABRIEL DO OESTE;1;1;2026-07-08 14:56:31;3500000;TOMOGRAFIA COMPUTADORIZADA  DE CRANIO SEM CONTRASTE;3500000;GRUPO - TOMOGRAFIA COMPUTADORIZADA;0206010060;TOMOGRAFIA COMPUTADORIZADA DE SELA TURCICA;KETILIN RAISSA SILVA DE MELO;2007-05-12;DANIELA SILVA DE MELO;708706128397593;09758171160;FEMININO;677923942;4;144;19;720;6;R51;CEFALEIA 
2026-07-27 16:46:41;500769;SAO GABRIEL DO OESTE;7333218;UNIDADE DE SAUDE DA FAMILIA X;500769;SAO GABRIEL DO OESTE;1;1;2026-07-06 11:15:56;3500000;TOMOGRAFIA COMPUTADORIZADA  DE CRANIO SEM CONTRASTE;3500000;GRUPO - TOMOGRAFIA COMPUTADORIZADA;0206010060;TOMOGRAFIA COMPUTADORIZADA DE SELA TURCICA;MAIZA DE SOUZA NUNES;1999-09-30;SOLANGE DE SOUZA;700002945889301;07335694124;FEMININO;677266863;4;140;19;700;6;S09;OUTROS TRAUMATISMOS DA CABECA E OS NAO ESPECIFICADOS
2026-07-27 16:46:41;500769;SAO GABRIEL DO OESTE;7333218;UNIDADE DE SAUDE DA FAMILIA X;500769;SAO GABRIEL DO OESTE;1;1;2026-07-03 09:43:24;3500000;TOMOGRAFIA COMPUTADORIZADA  DE CRANIO SEM CONTRASTE;3500000;GRUPO - TOMOGRAFIA COMPUTADORIZADA;0206010060;TOMOGRAFIA COMPUTADORIZADA DE SELA TURCICA;RITA DE CASSIA DE ARRUDA HELEODORO;1980-03-30;LEACY DE ARRUDA HELEODORO;706008850754640;95862579168;FEMININO;676930882;4;135;19;675;6;G43;ENXAQUECA
2026-07-27 16:46:41;500769;SAO GABRIEL DO OESTE;8176132;CASA ROSA;500769;SAO GABRIEL DO OESTE;1;1;2026-07-02 16:47:47;3500000;TOMOGRAFIA COMPUTADORIZADA  DE CRANIO SEM CONTRASTE;3500000;GRUPO - TOMOGRAFIA COMPUTADORIZADA;0206010060;TOMOGRAFIA COMPUTADORIZADA DE SELA TURCICA;KENDRICK MARTINS MONTESSI;2023-11-29;CRISTIELE RODRIGUES MARTINS DA SILVA;705605446418417;02522438115;MASCULINO;676852707;4;134;19;670;6;I35;TRANSTORNOS NAO-REUMATICOS DA VALVA AORTICA
2026-07-27 16:46:41;500769;SAO GABRIEL DO OESTE;6354265;CENTRAL DE REGULACAO DE SAO GABRIEL DO OESTE;500769;SAO GABRIEL DO OESTE;1;1;2026-07-01 17:28:39;3500000;TOMOGRAFIA COMPUTADORIZADA  DE CRANIO SEM CONTRASTE;3500000;GRUPO - TOMOGRAFIA COMPUTADORIZADA;0206010060;TOMOGRAFIA COMPUTADORIZADA DE SELA TURCICA;ROSA MARIA VIEIRA GONCALVES;1977-10-13;FRANCISCA VIEIRA GONCALVES;700003962208903;72895756104;FEMININO;676604793;4;132;19;660;6;R51;CEFALEIA 
2026-07-27 16:46:41;500769;SAO GABRIEL DO OESTE;6354265;CENTRAL DE REGULACAO DE SAO GABRIEL DO OESTE;500769;SAO GABRIEL DO OESTE;1;1;2026-07-01 14:15:12;3500000;TOMOGRAFIA COMPUTADORIZADA  DE CRANIO SEM CONTRASTE;3500000;GRUPO - TOMOGRAFIA COMPUTADORIZADA;0206010060;TOMOGRAFIA COMPUTADORIZADA DE SELA TURCICA;IRENI RODRIGUES DE ARANTES;1946-08-22;ALEXANDRINA LUIZ ARANTES;707606234292794;46552413149;FEMININO;676525492;4;130;19;650;6;R42;TONTURA E INSTABILIDADE 
2026-07-27 16:46:41;500769;SAO GABRIEL DO OESTE;6354265;CENTRAL DE REGULACAO DE SAO GABRIEL DO OESTE;500769;SAO GABRIEL DO OESTE;1;1;2026-07-01 11:56:59;3500000;TOMOGRAFIA COMPUTADORIZADA  DE CRANIO SEM CONTRASTE;3500000;GRUPO - TOMOGRAFIA COMPUTADORIZADA;0206010060;TOMOGRAFIA COMPUTADORIZADA DE SELA TURCICA;MARIA FRANCISCA DE MORAES;1947-07-24;MARIA CANDIDA FARIAS;707808614879312;60938749900;FEMININO;676479645;4;129;19;645;6;F321;EPISODIO DEPRESSIVO MODERADO 
2026-07-27 16:46:41;500769;SAO GABRIEL DO OESTE;6354265;CENTRAL DE REGULACAO DE SAO GABRIEL DO OESTE;500769;SAO GABRIEL DO OESTE;1;1;2026-06-30 15:02:37;3500000;TOMOGRAFIA COMPUTADORIZADA  DE CRANIO SEM CONTRASTE;3500000;GRUPO - TOMOGRAFIA COMPUTADORIZADA;0206010060;TOMOGRAFIA COMPUTADORIZADA DE SELA TURCICA;SEMILDO DIELL;1946-11-30;ELVIRA DIELL;705802470859237;14987023091;MASCULINO;676256122;4;126;19;630;6;I64;ACIDENTE VASCULAR CEREBRAL, NAO ESPECIFICADO COMO HEMORRAGICO OU ISQUEMICO 
2026-07-27 16:46:41;500769;SAO GABRIEL DO OESTE;6354265;CENTRAL DE REGULACAO DE SAO GABRIEL DO OESTE;500769;SAO GABRIEL DO OESTE;1;1;2026-06-29 08:42:43;3500000;TOMOGRAFIA COMPUTADORIZADA  DE CRANIO SEM CONTRASTE;3500000;GRUPO - TOMOGRAFIA COMPUTADORIZADA;0206010060;TOMOGRAFIA COMPUTADORIZADA DE SELA TURCICA;RENE LENON COELHO VEIGA;1990-10-31;ANA MARCIA COELHO DE SOUZA;705003263836752;03419123108;MASCULINO;675917467;4;125;19;625;6;S06;TRAUMATISMO INTRACRANIANO
2026-07-27 16:46:41;500769;SAO GABRIEL DO OESTE;6354265;CENTRAL DE REGULACAO DE SAO GABRIEL DO OESTE;500769;SAO GABRIEL DO OESTE;1;1;2026-06-26 14:19:13;3500000;TOMOGRAFIA COMPUTADORIZADA  DE CRANIO SEM CONTRASTE;3500000;GRUPO - TOMOGRAFIA COMPUTADORIZADA;0206010060;TOMOGRAFIA COMPUTADORIZADA DE SELA TURCICA;FAUSTINO INACIO DE OLIVEIRA;1945-12-19;JOVINA PEREIRA DE OLIVEIRA;702000806856581;11028173172;MASCULINO;675788593;4;123;19;615;6;H814;VERTIGEM DE ORIGEM CENTRAL 
2026-07-27 16:46:41;500769;SAO GABRIEL DO OESTE;6354265;CENTRAL DE REGULACAO DE SAO GABRIEL DO OESTE;500769;SAO GABRIEL DO OESTE;1;1;2026-06-18 14:02:07;3500000;TOMOGRAFIA COMPUTADORIZADA  DE CRANIO SEM CONTRASTE;3500000;GRUPO - TOMOGRAFIA COMPUTADORIZADA;0206010060;TOMOGRAFIA COMPUTADORIZADA DE SELA TURCICA;VENANCIA RIOS;1955-04-10;APARECIDA RIOS;705000848519359;01926980107;FEMININO;674288593;4;111;19;555;6;C82;LINFOMA NAO-HODGKIN, FOLICULAR (NODULAR)
2026-07-27 16:46:41;500769;SAO GABRIEL DO OESTE;6354265;CENTRAL DE REGULACAO DE SAO GABRIEL DO OESTE;500769;SAO GABRIEL DO OESTE;1;1;2026-06-17 11:54:04;3500000;TOMOGRAFIA COMPUTADORIZADA  DE CRANIO SEM CONTRASTE;3500000;GRUPO - TOMOGRAFIA COMPUTADORIZADA;0206010060;TOMOGRAFIA COMPUTADORIZADA DE SELA TURCICA;ALICE MARIA JOHANN;1955-02-03;ANNA LURDES JOHANN;708407210902569;36841650182;FEMININO;673986848;4;108;19;540;6;S060;CONCUSSAO CEREBRAL 
2026-07-27 16:46:41;500769;SAO GABRIEL DO OESTE;6354265;CENTRAL DE REGULACAO DE SAO GABRIEL DO OESTE;500769;SAO GABRIEL DO OESTE;1;1;2026-07-23 16:30:25;3500000;TOMOGRAFIA COMPUTADORIZADA  DE CRANIO SEM CONTRASTE;3500000;GRUPO - TOMOGRAFIA COMPUTADORIZADA;0206010060;TOMOGRAFIA COMPUTADORIZADA DE SELA TURCICA;ANA PAULA PEREIRA;1982-10-11;CLARISSE DA SILVA;700004665708201;22735859851;FEMININO;680884539;4;171;19;855;6;G403;EPILEPSIA E SINDROMES EPILEPTICAS GENERALIZADAS IDIOPATICAS 
2026-07-27 16:46:41;500769;SAO GABRIEL DO OESTE;6354265;CENTRAL DE REGULACAO DE SAO GABRIEL DO OESTE;500769;SAO GABRIEL DO OESTE;1;1;2026-07-23 14:48:05;3500000;TOMOGRAFIA COMPUTADORIZADA  DE CRANIO SEM CONTRASTE;3500000;GRUPO - TOMOGRAFIA COMPUTADORIZADA;0206010060;TOMOGRAFIA COMPUTADORIZADA DE SELA TURCICA;CREUDES PIRES;1952-01-10;ALTINA DIAS;702001850565180;44480270159;FEMININO;680842467;4;168;19;840;6;F001;DEMENCIA NA DOENCA DE ALZHEIMER DE INICIO TARDIO (G30.1+) 
2026-07-27 16:46:41;500769;SAO GABRIEL DO OESTE;6354265;CENTRAL DE REGULACAO DE SAO GABRIEL DO OESTE;500769;SAO GABRIEL DO OESTE;1;1;2026-07-23 14:33:03;3500000;TOMOGRAFIA COMPUTADORIZADA  DE CRANIO SEM CONTRASTE;3500000;GRUPO - TOMOGRAFIA COMPUTADORIZADA;0206010060;TOMOGRAFIA COMPUTADORIZADA DE SELA TURCICA;NANCY LEDA MANSO CUNHA;1951-10-01;DOLORES MANSO CUNHA;701800242315270;23951028149;FEMININO;680835467;4;167;19;835;6;S060;CONCUSSAO CEREBRAL 
2026-07-27 16:46:41;500769;SAO GABRIEL DO OESTE;6354265;CENTRAL DE REGULACAO DE SAO GABRIEL DO OESTE;500769;SAO GABRIEL DO OESTE;1;1;2026-07-21 17:05:25;3500000;TOMOGRAFIA COMPUTADORIZADA  DE CRANIO SEM CONTRASTE;3500000;GRUPO - TOMOGRAFIA COMPUTADORIZADA;0206010060;TOMOGRAFIA COMPUTADORIZADA DE SELA TURCICA;LEILA CRISTINA DE CAMPOS;1974-06-10;JUDITE FRANCISCA DA SILVA;702902521598375;92674992115;FEMININO;680363822;4;164;19;820;6;R51;CEFALEIA 
2026-07-27 16:46:41;500769;SAO GABRIEL DO OESTE;6354265;CENTRAL DE REGULACAO DE SAO GABRIEL DO OESTE;500769;SAO GABRIEL DO OESTE;1;1;2026-07-21 08:07:16;3500000;TOMOGRAFIA COMPUTADORIZADA  DE CRANIO SEM CONTRASTE;3500000;GRUPO - TOMOGRAFIA COMPUTADORIZADA;0206010060;TOMOGRAFIA COMPUTADORIZADA DE SELA TURCICA;GIOVANA MATTIONI;1995-08-15;LIZETE LUCIA CARDOSO MATTIONI;707807663397511;05093485136;FEMININO;680123498;4;161;19;805;6;R51;CEFALEIA 
2026-07-27 16:46:41;500769;SAO GABRIEL DO OESTE;6354265;CENTRAL DE REGULACAO DE SAO GABRIEL DO OESTE;500769;SAO GABRIEL DO OESTE;1;1;2026-07-15 15:04:51;3500000;TOMOGRAFIA COMPUTADORIZADA  DE CRANIO SEM CONTRASTE;3500000;GRUPO - TOMOGRAFIA COMPUTADORIZADA;0206010060;TOMOGRAFIA COMPUTADORIZADA DE SELA TURCICA;ALBERTINO DOS SANTOS;1940-01-22;MARIA RICARDINA DOS SANTOS;702302102222312;31642039500;MASCULINO;679265354;4;157;19;785;6;I64;ACIDENTE VASCULAR CEREBRAL, NAO ESPECIFICADO COMO HEMORRAGICO OU ISQUEMICO 
2026-07-27 16:46:41;500769;SAO GABRIEL DO OESTE;6354265;CENTRAL DE REGULACAO DE SAO GABRIEL DO OESTE;500769;SAO GABRIEL DO OESTE;1;1;2026-07-15 14:17:18;3500000;TOMOGRAFIA COMPUTADORIZADA  DE CRANIO SEM CONTRASTE;3500000;GRUPO - TOMOGRAFIA COMPUTADORIZADA;0206010060;TOMOGRAFIA COMPUTADORIZADA DE SELA TURCICA;RN DE ANA CRISTINA PEREIRA DE FREITAS DURÃES;2025-12-23;ANA CRISTINA PEREIRA DE FREITAS DURÃES;898006431706813;;MASCULINO;679242011;4;156;19;780;6;R930;ACHADOS ANORMAIS DE EXAMES PARA DIAGNOSTICO POR IMAGEM DO CRANIO E DA CABECA NAO CLASSIFICADOS EM OUTRA PARTE 
2026-07-27 16:46:41;500769;SAO GABRIEL DO OESTE;3400964;UNIDADE DE SAUDE DA FAMILIA RURAL VII;500769;SAO GABRIEL DO OESTE;1;1;2026-07-15 10:47:18;3500000;TOMOGRAFIA COMPUTADORIZADA  DE CRANIO SEM CONTRASTE;3500000;GRUPO - TOMOGRAFIA COMPUTADORIZADA;0206010060;TOMOGRAFIA COMPUTADORIZADA DE SELA TURCICA;VICTOR HUGO RODRIGUES LINO MALHEIROS;2004-05-23;JULIANA QUENTANA ALVES RODRIGUES;704206218638389;09278582158;MASCULINO;679160796;4;155;19;775;6;R51;CEFALEIA 
2026-07-27 16:46:41;500769;SAO GABRIEL DO OESTE;6354265;CENTRAL DE REGULACAO DE SAO GABRIEL DO OESTE;500769;SAO GABRIEL DO OESTE;1;1;2026-07-08 16:55:18;3500000;TOMOGRAFIA COMPUTADORIZADA  DE CRANIO SEM CONTRASTE;3500000;GRUPO - TOMOGRAFIA COMPUTADORIZADA;0206010060;TOMOGRAFIA COMPUTADORIZADA DE SELA TURCICA;PATRICIA APARECIDA GIACOMINI;1985-01-15;EVA MARIA GIACOMINI;700509977891559;01322992169;FEMININO;677973214;4;148;19;740;6;S060;CONCUSSAO CEREBRAL 
2026-07-27 16:46:41;500769;SAO GABRIEL DO OESTE;6354265;CENTRAL DE REGULACAO DE SAO GABRIEL DO OESTE;500769;SAO GABRIEL DO OESTE;1;1;2026-04-23 10:51:11;3500000;TOMOGRAFIA COMPUTADORIZADA  DE CRANIO COM CONTRASTE;3500000;GRUPO - TOMOGRAFIA COMPUTADORIZADA;0206010079;TOMOGRAFIA COMPUTADORIZADA DO CRANIO;RUBENS PEREIRA DOS SANTOS;1985-12-12;DENIR CHAGAS DA SILVA;702604292170547;01261203151;MASCULINO;663505833;4;56;8;1260;1;R51;CEFALEIA 
2026-07-27 16:46:41;500769;SAO GABRIEL DO OESTE;6354265;CENTRAL DE REGULACAO DE SAO GABRIEL DO OESTE;500769;SAO GABRIEL DO OESTE;1;1;2026-04-23 09:50:44;3500000;TOMOGRAFIA COMPUTADORIZADA  DE CRANIO COM CONTRASTE;3500000;GRUPO - TOMOGRAFIA COMPUTADORIZADA;0206010079;TOMOGRAFIA COMPUTADORIZADA DO CRANIO;MARIA DE LURDES DA VEIGA;1960-04-27;ANTONIA DAVI BARBOZA DA VEIGA;701800223634676;69743215972;FEMININO;663470299;4;53;8;1193;1;R51;CEFALEIA 
2026-07-27 16:46:41;500769;SAO GABRIEL DO OESTE;6354265;CENTRAL DE REGULACAO DE SAO GABRIEL DO OESTE;500769;SAO GABRIEL DO OESTE;1;1;2026-04-22 11:37:21;3500000;TOMOGRAFIA COMPUTADORIZADA  DE CRANIO COM CONTRASTE;3500000;GRUPO - TOMOGRAFIA COMPUTADORIZADA;0206010079;TOMOGRAFIA COMPUTADORIZADA DO CRANIO;JOSE MARCIEL DA CONCEICAO FIRMINO;1996-11-02;MARIA CICERA DA CONCEICAO;702409061745427;12269524454;MASCULINO;663247542;4;38;8;855;1;R51;CEFALEIA 
2026-07-27 16:46:41;500769;SAO GABRIEL DO OESTE;5971055;UNIDADE DE SAUDE DA FAMILIA VIII;500769;SAO GABRIEL DO OESTE;1;1;2026-06-11 16:12:44;3500000;TOMOGRAFIA COMPUTADORIZADA  DE CRANIO COM CONTRASTE;3500000;GRUPO - TOMOGRAFIA COMPUTADORIZADA;0206010079;TOMOGRAFIA COMPUTADORIZADA DO CRANIO;VANESSA VIEIRA DA SILVA;1994-07-10;ROSELI VIEIRA DE SOUZA DA SILVA;702403503361526;04913053116;FEMININO;672981137;4;102;8;2295;1;J069;INFECCAO AGUDA DAS VIAS AEREAS SUPERIORES NAO ESPECIFICADA 
2026-07-27 16:46:41;500769;SAO GABRIEL DO OESTE;2370999;UNIDADE DE SAUDE DA FAMILIA FENIX IV;500769;SAO GABRIEL DO OESTE;1;1;2026-05-28 09:38:43;3500000;TOMOGRAFIA COMPUTADORIZADA  DE CRANIO COM CONTRASTE;3500000;GRUPO - TOMOGRAFIA COMPUTADORIZADA;0206010079;TOMOGRAFIA COMPUTADORIZADA DO CRANIO;LEILA APARECIDA FONSECA DE ALMEIDA;1971-01-14;SANDRA LUCIA FONSECA DE ALMEIDA;706501333472799;55442641120;FEMININO;670338594;4;91;8;2048;1;R51;CEFALEIA 
2026-07-27 16:46:41;500769;SAO GABRIEL DO OESTE;6354265;CENTRAL DE REGULACAO DE SAO GABRIEL DO OESTE;500769;SAO GABRIEL DO OESTE;1;1;2026-05-26 14:48:25;3500000;TOMOGRAFIA COMPUTADORIZADA  DE CRANIO COM CONTRASTE;3500000;GRUPO - TOMOGRAFIA COMPUTADORIZADA;0206010079;TOMOGRAFIA COMPUTADORIZADA DO CRANIO;AISLAN LOPES;1998-05-14;LEOMARINA LOPES MONTEIRO;706800725111727;07155105171;MASCULINO;669897545;4;90;8;2025;1;F231;TRANSTORNO PSICOTICO AGUDO POLIMORFO, COM SINTOMAS ESQUIZOFRENICOS 
2026-07-27 16:46:41;500769;SAO GABRIEL DO OESTE;5971055;UNIDADE DE SAUDE DA FAMILIA VIII;500769;SAO GABRIEL DO OESTE;1;1;2026-05-25 11:42:53;3500000;TOMOGRAFIA COMPUTADORIZADA  DE CRANIO COM CONTRASTE;3500000;GRUPO - TOMOGRAFIA COMPUTADORIZADA;0206010079;TOMOGRAFIA COMPUTADORIZADA DO CRANIO;MARCIA MAIA BARBOSA;1974-07-26;MARIA BARBOSA VINHAL;701809239987970;63954494191;FEMININO;669529680;4;86;8;1935;1;R51;CEFALEIA 
2026-07-27 16:46:41;500769;SAO GABRIEL DO OESTE;5971055;UNIDADE DE SAUDE DA FAMILIA VIII;500769;SAO GABRIEL DO OESTE;1;1;2026-05-18 14:52:55;3500000;TOMOGRAFIA COMPUTADORIZADA  DE CRANIO COM CONTRASTE;3500000;GRUPO - TOMOGRAFIA COMPUTADORIZADA;0206010079;TOMOGRAFIA COMPUTADORIZADA DO CRANIO;MARIA DA PENHA RIBEIRO;1953-05-01;MARIA PAULA DE SOUZA;700309997760036;75483122968;FEMININO;668203599;4;78;8;1755;1;E039;HIPOTIREOIDISMO NAO ESPECIFICADO 
2026-07-27 16:46:41;500769;SAO GABRIEL DO OESTE;5971055;UNIDADE DE SAUDE DA FAMILIA VIII;500769;SAO GABRIEL DO OESTE;1;1;2026-05-18 09:31:56;3500000;TOMOGRAFIA COMPUTADORIZADA  DE CRANIO COM CONTRASTE;3500000;GRUPO - TOMOGRAFIA COMPUTADORIZADA;0206010079;TOMOGRAFIA COMPUTADORIZADA DO CRANIO;JULIA DA SILVA CANDIDO;2005-10-14;EDNA PAULA DA SILVA;706806286106622;05258161196;FEMININO;668053313;4;77;8;1733;1;G43;ENXAQUECA
2026-07-27 16:46:41;500769;SAO GABRIEL DO OESTE;6452116;CENTRO DE ESPECIALIDADES MEDICAS;500769;SAO GABRIEL DO OESTE;1;1;2026-05-06 08:23:22;3500000;TOMOGRAFIA COMPUTADORIZADA  DE CRANIO COM CONTRASTE;3500000;GRUPO - TOMOGRAFIA COMPUTADORIZADA;0206010079;TOMOGRAFIA COMPUTADORIZADA DO CRANIO;MARCOLINA DA SILVA ORTEGA;1946-11-13;ANA ROSA DA SILVA;705006494022451;00810923181;FEMININO;665838625;4;73;8;1643;1;I839;VARIZES DOS MEMBROS INFERIORES SEM ULCERA OU INFLAMACAO 
2026-07-27 16:46:41;500769;SAO GABRIEL DO OESTE;5971055;UNIDADE DE SAUDE DA FAMILIA VIII;500769;SAO GABRIEL DO OESTE;1;1;2026-04-28 16:03:03;3500000;TOMOGRAFIA COMPUTADORIZADA  DE CRANIO COM CONTRASTE;3500000;GRUPO - TOMOGRAFIA COMPUTADORIZADA;0206010079;TOMOGRAFIA COMPUTADORIZADA DO CRANIO;ANGELA MARTINS DA SILVA;1978-09-19;MARIA APARECIDA MARTINS;703200607490893;98977857104;FEMININO;664538319;4;65;8;1463;1;G43;ENXAQUECA
2026-07-27 16:46:41;500769;SAO GABRIEL DO OESTE;6354265;CENTRAL DE REGULACAO DE SAO GABRIEL DO OESTE;500769;SAO GABRIEL DO OESTE;1;1;2026-04-24 08:26:41;3500000;TOMOGRAFIA COMPUTADORIZADA  DE CRANIO COM CONTRASTE;3500000;GRUPO - TOMOGRAFIA COMPUTADORIZADA;0206010079;TOMOGRAFIA COMPUTADORIZADA DO CRANIO;MARIA JOSE DOS SANTOS DA SILVA;1987-02-06;JOSEFA DOS SANTOS DE MOURA;702104703290596;02636784152;FEMININO;663688815;4;63;8;1418;1;R51;CEFALEIA 
2026-07-27 16:46:41;500769;SAO GABRIEL DO OESTE;5971055;UNIDADE DE SAUDE DA FAMILIA VIII;500769;SAO GABRIEL DO OESTE;1;1;2026-04-23 14:53:32;3500000;TOMOGRAFIA COMPUTADORIZADA  DE CRANIO COM CONTRASTE;3500000;GRUPO - TOMOGRAFIA COMPUTADORIZADA;0206010079;TOMOGRAFIA COMPUTADORIZADA DO CRANIO;ORIOVALDO FERNANDES;1952-04-09;HULINA EVA DA CRUZ FERNANDES;706807761364229;56993420015;MASCULINO;663599569;4;62;8;1395;1;R55;SINCOPE E COLAPSO 
2026-07-27 16:46:41;500769;SAO GABRIEL DO OESTE;6354265;CENTRAL DE REGULACAO DE SAO GABRIEL DO OESTE;500769;SAO GABRIEL DO OESTE;1;1;2026-04-23 11:15:02;3500000;TOMOGRAFIA COMPUTADORIZADA  DE CRANIO COM CONTRASTE;3500000;GRUPO - TOMOGRAFIA COMPUTADORIZADA;0206010079;TOMOGRAFIA COMPUTADORIZADA DO CRANIO;SOLENIA SOARES DA SILVA;1979-08-18;MARIA SOARES DA SILVA;700008800706805;02162875101;FEMININO;663519071;4;60;8;1350;1;R51;CEFALEIA 
2026-07-27 16:46:41;500769;SAO GABRIEL DO OESTE;5971055;UNIDADE DE SAUDE DA FAMILIA VIII;500769;SAO GABRIEL DO OESTE;1;1;2026-07-07 09:16:46;3500000;TOMOGRAFIA COMPUTADORIZADA  DE CRANIO COM CONTRASTE;3500000;GRUPO - TOMOGRAFIA COMPUTADORIZADA;0206010079;TOMOGRAFIA COMPUTADORIZADA DO CRANIO;ALBERTINO DOS SANTOS;1940-01-22;MARIA RICARDINA DOS SANTOS;702302102222312;31642039500;MASCULINO;677480370;4;142;8;3195;1;I64;ACIDENTE VASCULAR CEREBRAL, NAO ESPECIFICADO COMO HEMORRAGICO OU ISQUEMICO 
2026-07-27 16:46:41;500769;SAO GABRIEL DO OESTE;5971055;UNIDADE DE SAUDE DA FAMILIA VIII;500769;SAO GABRIEL DO OESTE;1;1;2026-07-07 08:46:15;3500000;TOMOGRAFIA COMPUTADORIZADA  DE CRANIO COM CONTRASTE;3500000;GRUPO - TOMOGRAFIA COMPUTADORIZADA;0206010079;TOMOGRAFIA COMPUTADORIZADA DO CRANIO;DAIANE DE SOUZA DIAS;1991-02-21;MARIA SUELI DE SOUZA;705601479849510;04190917184;FEMININO;677463261;4;141;8;3173;1;R51;CEFALEIA 
2026-07-27 16:46:41;500769;SAO GABRIEL DO OESTE;5971055;UNIDADE DE SAUDE DA FAMILIA VIII;500769;SAO GABRIEL DO OESTE;1;1;2026-07-06 10:49:41;3500000;TOMOGRAFIA COMPUTADORIZADA  DE CRANIO COM CONTRASTE;3500000;GRUPO - TOMOGRAFIA COMPUTADORIZADA;0206010079;TOMOGRAFIA COMPUTADORIZADA DO CRANIO;PAULO CEZAR SOARES FIGUEIREDO REIS;1980-01-14;IVONE SOARES FIGUEIREDO REIS;706009823045643;75059282104;MASCULINO;677250957;4;139;8;3128;1;S09;OUTROS TRAUMATISMOS DA CABECA E OS NAO ESPECIFICADOS
2026-07-27 16:46:41;500769;SAO GABRIEL DO OESTE;7333218;UNIDADE DE SAUDE DA FAMILIA X;500769;SAO GABRIEL DO OESTE;1;1;2026-06-23 15:56:46;3500000;TOMOGRAFIA COMPUTADORIZADA  DE CRANIO COM CONTRASTE;3500000;GRUPO - TOMOGRAFIA COMPUTADORIZADA;0206010079;TOMOGRAFIA COMPUTADORIZADA DO CRANIO;TATIANE DE OLIVEIRA VIEIRA;1996-09-24;FATIMA XIMENES DE OLIVEIRA;704604153263224;05641868132;FEMININO;675109936;4;120;8;2700;1;R51;CEFALEIA 
2026-07-27 16:46:41;500769;SAO GABRIEL DO OESTE;5971055;UNIDADE DE SAUDE DA FAMILIA VIII;500769;SAO GABRIEL DO OESTE;1;1;2026-07-24 11:51:00;3500000;TOMOGRAFIA COMPUTADORIZADA  DE CRANIO COM CONTRASTE;3500000;GRUPO - TOMOGRAFIA COMPUTADORIZADA;0206010079;TOMOGRAFIA COMPUTADORIZADA DO CRANIO;ANTONIO ALVES DE SOUSA;1950-03-10;JOANA MARIA DE SOUSA;704109410077350;33724563191;MASCULINO;681025435;4;173;8;3893;1;A09;DIARREIA E GASTROENTERITE DE ORIGEM INFECCIOSA PRESUMIVEL 
2026-07-27 16:46:41;500769;SAO GABRIEL DO OESTE;5971055;UNIDADE DE SAUDE DA FAMILIA VIII;500769;SAO GABRIEL DO OESTE;1;1;2026-07-17 10:04:12;3500000;TOMOGRAFIA COMPUTADORIZADA  DE CRANIO COM CONTRASTE;3500000;GRUPO - TOMOGRAFIA COMPUTADORIZADA;0206010079;TOMOGRAFIA COMPUTADORIZADA DO CRANIO;ELIZANGELA DOS SANTOS SILVA;1988-03-10;ELIZETE DOS SANTOS;704602661710126;02355064199;FEMININO;679644075;4;158;8;3555;1;R55;SINCOPE E COLAPSO 
2026-07-27 16:46:41;500769;SAO GABRIEL DO OESTE;2370999;UNIDADE DE SAUDE DA FAMILIA FENIX IV;500769;SAO GABRIEL DO OESTE;1;1;2026-07-14 15:34:21;3500000;TOMOGRAFIA COMPUTADORIZADA  DE CRANIO COM CONTRASTE;3500000;GRUPO - TOMOGRAFIA COMPUTADORIZADA;0206010079;TOMOGRAFIA COMPUTADORIZADA DO CRANIO;CRISTINA DA SILVA GOMES;1979-01-07;JOSEFA MARIA DA SILVA;706006337710847;30532862899;FEMININO;679002537;4;154;8;3465;1;R51;CEFALEIA 
2026-07-27 16:46:41;500769;SAO GABRIEL DO OESTE;5971055;UNIDADE DE SAUDE DA FAMILIA VIII;500769;SAO GABRIEL DO OESTE;1;1;2026-07-14 10:46:24;3500000;TOMOGRAFIA COMPUTADORIZADA  DE CRANIO COM CONTRASTE;3500000;GRUPO - TOMOGRAFIA COMPUTADORIZADA;0206010079;TOMOGRAFIA COMPUTADORIZADA DO CRANIO;LEILA APARECIDA SILVERIO DE ASSIS;1978-05-17;ERNESTINA SILVERIO DE ASSIS;700206981507423;87594234120;FEMININO;678881867;4;153;8;3443;1;R51;CEFALEIA 
2026-07-27 16:46:41;500769;SAO GABRIEL DO OESTE;6354265;CENTRAL DE REGULACAO DE SAO GABRIEL DO OESTE;500769;SAO GABRIEL DO OESTE;1;1;2026-04-22 16:50:01;3500000;TOMOGRAFIA COMPUTADORIZADA  COLUNA CERVICAL;3500000;GRUPO - TOMOGRAFIA COMPUTADORIZADA;0206010010;TOMOGRAFIA COMPUTADORIZADA DE COLUNA CERVICAL C/ OU S/ CONTRASTE;MATHEUS SOUZA MATOS;2021-01-20;JAQUELINE SILVA DE SOUZA;706404335640390;11038182107;MASCULINO;663379162;4;43;22;1935;1;Q758;OUTRAS MALFORMACOES CONGENITAS ESPECIFICADAS DOS OSSOS DO CRANIO E DA FACE 
2026-07-27 16:46:41;500769;SAO GABRIEL DO OESTE;6354265;CENTRAL DE REGULACAO DE SAO GABRIEL DO OESTE;500769;SAO GABRIEL DO OESTE;1;1;2026-04-22 17:55:12;3500000;TOMOGRAFIA COMPUTADORIZADA DE PELVE OU BACIA SEM CONTRASTE;3500000;GRUPO - TOMOGRAFIA COMPUTADORIZADA;0206030037;TOMOGRAFIA COMPUTADORIZADA DE PELVE / BACIA / ABDOMEN INFERIOR;MARIA VELANI DE CARVALHO;1948-05-03;CECILIA MARIA DA SILVA;700104937081016;51949695115;FEMININO;663392922;4;50;5;2250;1;N200;CALCULOSE DO RIM 
2026-07-27 16:46:41;500769;SAO GABRIEL DO OESTE;6354265;CENTRAL DE REGULACAO DE SAO GABRIEL DO OESTE;500769;SAO GABRIEL DO OESTE;1;1;2026-04-22 17:03:24;3500000;TOMOGRAFIA COMPUTADORIZADA DE PELVE OU BACIA SEM CONTRASTE;3500000;GRUPO - TOMOGRAFIA COMPUTADORIZADA;0206030037;TOMOGRAFIA COMPUTADORIZADA DE PELVE / BACIA / ABDOMEN INFERIOR;MANOEL SOARES DA SILVA;1961-06-15;MARIA ALVES DE LUCENA;702406049811625;88049353168;MASCULINO;663383071;4;45;5;2025;1;R10;DOR ABDOMINAL E PELVICA
2026-07-27 16:46:41;500769;SAO GABRIEL DO OESTE;6354265;CENTRAL DE REGULACAO DE SAO GABRIEL DO OESTE;500769;SAO GABRIEL DO OESTE;1;1;2026-04-22 16:57:58;3500000;TOMOGRAFIA COMPUTADORIZADA DE PELVE OU BACIA SEM CONTRASTE;3500000;GRUPO - TOMOGRAFIA COMPUTADORIZADA;0206030037;TOMOGRAFIA COMPUTADORIZADA DE PELVE / BACIA / ABDOMEN INFERIOR;MARLI AUGUSTO LEME;1957-02-03;ANA LUIZA AUGUSTO;700509391278558;79084320182;FEMININO;663381614;4;44;5;1980;1;K590;CONSTIPACAO 
2026-07-27 16:46:41;500769;SAO GABRIEL DO OESTE;6354265;CENTRAL DE REGULACAO DE SAO GABRIEL DO OESTE;500769;SAO GABRIEL DO OESTE;1;1;2026-06-23 09:42:09;3500000;TOMOGRAFIA COMPUTADORIZADA DE PELVE OU BACIA SEM CONTRASTE;3500000;GRUPO - TOMOGRAFIA COMPUTADORIZADA;0206030037;TOMOGRAFIA COMPUTADORIZADA DE PELVE / BACIA / ABDOMEN INFERIOR;MARIA REGINA MENDES COSTA;1968-09-15;EURICA MENDES COSTA;704007831105368;04070421130;FEMININO;674958031;4;119;5;5355;1;C539;COLO DO UTERO, NAO ESPECIFICADO 
2026-07-27 16:46:41;500769;SAO GABRIEL DO OESTE;6354265;CENTRAL DE REGULACAO DE SAO GABRIEL DO OESTE;500769;SAO GABRIEL DO OESTE;1;1;2026-07-27 15:43:42;3500000;TOMOGRAFIA COMPUTADORIZADA DE PELVE OU BACIA SEM CONTRASTE;3500000;GRUPO - TOMOGRAFIA COMPUTADORIZADA;0206030037;TOMOGRAFIA COMPUTADORIZADA DE PELVE / BACIA / ABDOMEN INFERIOR;CHRISTIANE HELEN DE FREITAS ZIMERMAN DE SOUZA;1979-07-31;DIRCE DE OLIVEIRA FREITAS;702801572605670;94971358153;FEMININO;681381261;4;180;5;8100;1;N20;CALCULOSE DO RIM E DO URETER
2026-07-27 16:46:41;500769;SAO GABRIEL DO OESTE;6354265;CENTRAL DE REGULACAO DE SAO GABRIEL DO OESTE;500769;SAO GABRIEL DO OESTE;1;1;2026-04-22 17:55:12;3500000;TOMOGRAFIA COMPUTADORIZADA DO ABDOMEN SUPERIOR SEM CONTRASTE;3500000;GRUPO - TOMOGRAFIA COMPUTADORIZADA;0206030010;TOMOGRAFIA COMPUTADORIZADA DE ABDOMEN SUPERIOR;MARIA VELANI DE CARVALHO;1948-05-03;CECILIA MARIA DA SILVA;700104937081016;51949695115;FEMININO;663392922;4;50;4;643;2;N200;CALCULOSE DO RIM 
2026-07-27 16:46:41;500769;SAO GABRIEL DO OESTE;6354265;CENTRAL DE REGULACAO DE SAO GABRIEL DO OESTE;500769;SAO GABRIEL DO OESTE;1;1;2026-04-22 17:03:24;3500000;TOMOGRAFIA COMPUTADORIZADA DO ABDOMEN SUPERIOR SEM CONTRASTE;3500000;GRUPO - TOMOGRAFIA COMPUTADORIZADA;0206030010;TOMOGRAFIA COMPUTADORIZADA DE ABDOMEN SUPERIOR;MANOEL SOARES DA SILVA;1961-06-15;MARIA ALVES DE LUCENA;702406049811625;88049353168;MASCULINO;663383071;4;45;4;579;2;R10;DOR ABDOMINAL E PELVICA
2026-07-27 16:46:41;500769;SAO GABRIEL DO OESTE;6354265;CENTRAL DE REGULACAO DE SAO GABRIEL DO OESTE;500769;SAO GABRIEL DO OESTE;1;1;2026-04-22 16:57:58;3500000;TOMOGRAFIA COMPUTADORIZADA DO ABDOMEN SUPERIOR SEM CONTRASTE;3500000;GRUPO - TOMOGRAFIA COMPUTADORIZADA;0206030010;TOMOGRAFIA COMPUTADORIZADA DE ABDOMEN SUPERIOR;MARLI AUGUSTO LEME;1957-02-03;ANA LUIZA AUGUSTO;700509391278558;79084320182;FEMININO;663381614;4;44;4;566;2;K590;CONSTIPACAO 
2026-07-27 16:46:41;500769;SAO GABRIEL DO OESTE;7333218;UNIDADE DE SAUDE DA FAMILIA X;500769;SAO GABRIEL DO OESTE;1;1;2026-06-03 16:24:47;3500000;TOMOGRAFIA COMPUTADORIZADA DO ABDOMEN SUPERIOR SEM CONTRASTE;3500000;GRUPO - TOMOGRAFIA COMPUTADORIZADA;0206030010;TOMOGRAFIA COMPUTADORIZADA DE ABDOMEN SUPERIOR;CLAUDIA GOMES BORGES;1983-09-25;IZABEL GOMES BORGES;706701536997916;00482378174;FEMININO;671699350;4;97;4;1247;2;N19;INSUFICIENCIA RENAL NAO ESPECIFICADA 
2026-07-27 16:46:41;500769;SAO GABRIEL DO OESTE;7333218;UNIDADE DE SAUDE DA FAMILIA X;500769;SAO GABRIEL DO OESTE;1;1;2026-06-01 16:24:02;3500000;TOMOGRAFIA COMPUTADORIZADA DO ABDOMEN SUPERIOR SEM CONTRASTE;3500000;GRUPO - TOMOGRAFIA COMPUTADORIZADA;0206030010;TOMOGRAFIA COMPUTADORIZADA DE ABDOMEN SUPERIOR;FLAVIO JUNIOR RODRIGUES;1980-07-28;ADA MARIA MENDES;701800298277978;98072668153;MASCULINO;671111324;4;95;4;1221;2;R104;OUTRAS DORES ABDOMINAIS E AS NAO ESPECIFICADAS 
2026-07-27 16:46:41;500769;SAO GABRIEL DO OESTE;7333218;UNIDADE DE SAUDE DA FAMILIA X;500769;SAO GABRIEL DO OESTE;1;1;2026-05-20 09:01:44;3500000;TOMOGRAFIA COMPUTADORIZADA DO ABDOMEN SUPERIOR SEM CONTRASTE;3500000;GRUPO - TOMOGRAFIA COMPUTADORIZADA;0206030010;TOMOGRAFIA COMPUTADORIZADA DE ABDOMEN SUPERIOR;SILVIO CABRERA SANABRIA;1966-07-07;GERALDA CABRERA SANABRIA;702808113253061;39111083115;MASCULINO;668614700;4;81;4;1041;2;R104;OUTRAS DORES ABDOMINAIS E AS NAO ESPECIFICADAS 
2026-07-27 16:46:41;500769;SAO GABRIEL DO OESTE;6354265;CENTRAL DE REGULACAO DE SAO GABRIEL DO OESTE;500769;SAO GABRIEL DO OESTE;1;1;2026-05-18 15:49:56;3500000;TOMOGRAFIA COMPUTADORIZADA DO ABDOMEN SUPERIOR SEM CONTRASTE;3500000;GRUPO - TOMOGRAFIA COMPUTADORIZADA;0206030010;TOMOGRAFIA COMPUTADORIZADA DE ABDOMEN SUPERIOR;RUBENS MAURO CIUPAK;1954-01-06;OLIVA CIUPAK;703405386146500;24105333968;MASCULINO;668232481;4;79;4;1016;2;D18;HEMANGIOMA E LINFANGIOMA DE QUALQUER LOCALIZACAO
2026-07-27 16:46:41;500769;SAO GABRIEL DO OESTE;6354265;CENTRAL DE REGULACAO DE SAO GABRIEL DO OESTE;500769;SAO GABRIEL DO OESTE;1;1;2026-04-23 11:06:45;3500000;TOMOGRAFIA COMPUTADORIZADA DO ABDOMEN SUPERIOR SEM CONTRASTE;3500000;GRUPO - TOMOGRAFIA COMPUTADORIZADA;0206030010;TOMOGRAFIA COMPUTADORIZADA DE ABDOMEN SUPERIOR;SEBASTIANA MARIA DA SILVA;1955-12-30;MARIA JOSEFA DA CONCEICAO;708506043191380;43683932104;FEMININO;663514665;4;59;4;759;2;K590;CONSTIPACAO 
2026-07-27 16:46:41;500769;SAO GABRIEL DO OESTE;6354265;CENTRAL DE REGULACAO DE SAO GABRIEL DO OESTE;500769;SAO GABRIEL DO OESTE;1;1;2026-04-23 11:00:05;3500000;TOMOGRAFIA COMPUTADORIZADA DO ABDOMEN SUPERIOR SEM CONTRASTE;3500000;GRUPO - TOMOGRAFIA COMPUTADORIZADA;0206030010;TOMOGRAFIA COMPUTADORIZADA DE ABDOMEN SUPERIOR;SALETHE PEREIRA DE LIMA;1948-07-26;IRMA PEREIRA DE LIMA;708002870124821;14832852191;FEMININO;663510957;4;57;4;733;2;N200;CALCULOSE DO RIM 
2026-07-27 16:46:41;500769;SAO GABRIEL DO OESTE;6354265;CENTRAL DE REGULACAO DE SAO GABRIEL DO OESTE;500769;SAO GABRIEL DO OESTE;1;1;2026-07-08 15:29:54;3500000;TOMOGRAFIA COMPUTADORIZADA DO ABDOMEN SUPERIOR SEM CONTRASTE;3500000;GRUPO - TOMOGRAFIA COMPUTADORIZADA;0206030010;TOMOGRAFIA COMPUTADORIZADA DE ABDOMEN SUPERIOR;LILIAN DA SILVA LIMA;1975-10-10;DORA DA SILVA LIMA;700501932837558;00408707151;FEMININO;677939995;4;145;4;1864;2;N20;CALCULOSE DO RIM E DO URETER
2026-07-27 16:46:41;500769;SAO GABRIEL DO OESTE;2370972;UNIDADE DE SAUDE DA FAMILIA MILANE II;500769;SAO GABRIEL DO OESTE;1;1;2026-07-03 15:20:24;3500000;TOMOGRAFIA COMPUTADORIZADA DO ABDOMEN SUPERIOR SEM CONTRASTE;3500000;GRUPO - TOMOGRAFIA COMPUTADORIZADA;0206030010;TOMOGRAFIA COMPUTADORIZADA DE ABDOMEN SUPERIOR;KAROLINE RODRIGUES DE SOUZA;1995-06-23;ELEN CRISTINA RODRIGUES PEDROZA;700007554232309;05147855190;FEMININO;677064554;4;136;4;1749;2;R10;DOR ABDOMINAL E PELVICA
2026-07-27 16:46:41;500769;SAO GABRIEL DO OESTE;6354265;CENTRAL DE REGULACAO DE SAO GABRIEL DO OESTE;500769;SAO GABRIEL DO OESTE;1;1;2026-06-18 14:08:06;3500000;TOMOGRAFIA COMPUTADORIZADA DO ABDOMEN SUPERIOR SEM CONTRASTE;3500000;GRUPO - TOMOGRAFIA COMPUTADORIZADA;0206030010;TOMOGRAFIA COMPUTADORIZADA DE ABDOMEN SUPERIOR;VENANCIA RIOS;1955-04-10;APARECIDA RIOS;705000848519359;01926980107;FEMININO;674291110;4;113;4;1453;2;C82;LINFOMA NAO-HODGKIN, FOLICULAR (NODULAR)
2026-07-27 16:46:41;500769;SAO GABRIEL DO OESTE;6354265;CENTRAL DE REGULACAO DE SAO GABRIEL DO OESTE;500769;SAO GABRIEL DO OESTE;1;1;2026-06-12 11:14:32;3500000;TOMOGRAFIA COMPUTADORIZADA DO ABDOMEN SUPERIOR SEM CONTRASTE;3500000;GRUPO - TOMOGRAFIA COMPUTADORIZADA;0206030010;TOMOGRAFIA COMPUTADORIZADA DE ABDOMEN SUPERIOR;MARIA JOSE MORBEQUE;1958-07-05;MARIA PEREIRA NOVAIS;705206418085373;80947441115;FEMININO;673121406;4;104;4;1337;2;I72;OUTROS ANEURISMAS
2026-07-27 16:46:41;500769;SAO GABRIEL DO OESTE;6354265;CENTRAL DE REGULACAO DE SAO GABRIEL DO OESTE;500769;SAO GABRIEL DO OESTE;1;1;2026-07-27 15:43:42;3500000;TOMOGRAFIA COMPUTADORIZADA DO ABDOMEN SUPERIOR SEM CONTRASTE;3500000;GRUPO - TOMOGRAFIA COMPUTADORIZADA;0206030010;TOMOGRAFIA COMPUTADORIZADA DE ABDOMEN SUPERIOR;CHRISTIANE HELEN DE FREITAS ZIMERMAN DE SOUZA;1979-07-31;DIRCE DE OLIVEIRA FREITAS;702801572605670;94971358153;FEMININO;681381261;4;180;4;2314;2;N20;CALCULOSE DO RIM E DO URETER
2026-07-27 16:46:41;500769;SAO GABRIEL DO OESTE;7333218;UNIDADE DE SAUDE DA FAMILIA X;500769;SAO GABRIEL DO OESTE;1;1;2026-07-24 16:47:41;3500000;TOMOGRAFIA COMPUTADORIZADA DO ABDOMEN SUPERIOR SEM CONTRASTE;3500000;GRUPO - TOMOGRAFIA COMPUTADORIZADA;0206030010;TOMOGRAFIA COMPUTADORIZADA DE ABDOMEN SUPERIOR;MARIA RISALVA ALVES CORDEIRO;1970-02-20;JUVITA ALVES CORDEIRO;709808018780995;56171242187;FEMININO;681113898;4;177;4;2276;2;R101;DOR LOCALIZADA NO ABDOME SUPERIOR 
2026-07-27 16:46:41;500769;SAO GABRIEL DO OESTE;2370999;UNIDADE DE SAUDE DA FAMILIA FENIX IV;500769;SAO GABRIEL DO OESTE;1;1;2026-07-14 09:45:02;3500000;TOMOGRAFIA COMPUTADORIZADA DO ABDOMEN SUPERIOR SEM CONTRASTE;3500000;GRUPO - TOMOGRAFIA COMPUTADORIZADA;0206030010;TOMOGRAFIA COMPUTADORIZADA DE ABDOMEN SUPERIOR;OSVALDO BARIA;1946-07-09;MARIA APARECIDA GONCALVES DA SILVA BARIA;700408488040440;22025405120;MASCULINO;678843170;4;152;4;1954;2;C61;NEOPLASIA MALIGNA DA PROSTATA 
2026-07-27 16:46:41;500769;SAO GABRIEL DO OESTE;2370980;UNIDADE DE SAUDE DA FAMILIA JARDIM GRAMADO I;500769;SAO GABRIEL DO OESTE;1;1;2026-07-08 15:48:33;3500000;TOMOGRAFIA COMPUTADORIZADA DO ABDOMEN SUPERIOR SEM CONTRASTE;3500000;GRUPO - TOMOGRAFIA COMPUTADORIZADA;0206030010;TOMOGRAFIA COMPUTADORIZADA DE ABDOMEN SUPERIOR;DORACI PEREIRA DE SOUZA SANTOS;1943-12-08;ANTONIA PEREIRA DE SOUSA;700605982800367;59240172149;FEMININO;677948645;4;146;4;1877;2;K590;CONSTIPACAO 
2026-07-27 16:46:41;500769;SAO GABRIEL DO OESTE;6354265;CENTRAL DE REGULACAO DE SAO GABRIEL DO OESTE;500769;SAO GABRIEL DO OESTE;1;1;2026-04-22 10:53:25;3500000;TOMOGRAFIA COMPUTADORIZADA DO ABDOMEN SUPERIOR COM CONTRASTE;3500000;GRUPO - TOMOGRAFIA COMPUTADORIZADA;0206030010;TOMOGRAFIA COMPUTADORIZADA DE ABDOMEN SUPERIOR;GERSON BOGARIM GONCALVES;1970-05-30;ALADIA MARGARIDA BOGARIM GONCALVES;708609061406484;46456392187;MASCULINO;663221425;3;13;11;98;4;K469;HERNIA ABDOMINAL NAO ESPECIFICADA, SEM OBSTRUCAO OU GANGRENA 
2026-07-27 16:46:41;500769;SAO GABRIEL DO OESTE;6354265;CENTRAL DE REGULACAO DE SAO GABRIEL DO OESTE;500769;SAO GABRIEL DO OESTE;1;1;2026-04-21 10:52:35;3500000;TOMOGRAFIA COMPUTADORIZADA DO ABDOMEN SUPERIOR COM CONTRASTE;3500000;GRUPO - TOMOGRAFIA COMPUTADORIZADA;0206030010;TOMOGRAFIA COMPUTADORIZADA DE ABDOMEN SUPERIOR;MARIA FRANCISCA DA SILVA;1952-04-18;DIONIZIA FRANCISCA DE MEIRA;709605686368174;78985757172;FEMININO;663094856;3;10;11;75;4;K21;DOENCA DE REFLUXO GASTROESOFAGICO
2026-07-27 16:46:41;500769;SAO GABRIEL DO OESTE;6354265;CENTRAL DE REGULACAO DE SAO GABRIEL DO OESTE;500769;SAO GABRIEL DO OESTE;1;1;2026-04-21 10:34:35;3500000;TOMOGRAFIA COMPUTADORIZADA DO ABDOMEN SUPERIOR COM CONTRASTE;3500000;GRUPO - TOMOGRAFIA COMPUTADORIZADA;0206030010;TOMOGRAFIA COMPUTADORIZADA DE ABDOMEN SUPERIOR;CREUDES PIRES;1952-01-10;ALTINA DIAS;702001850565180;44480270159;FEMININO;663094495;3;9;11;68;4;C349;BRONQUIOS OU PULMOES, NAO ESPECIFICADO 
2026-07-27 16:46:41;500769;SAO GABRIEL DO OESTE;6354265;CENTRAL DE REGULACAO DE SAO GABRIEL DO OESTE;500769;SAO GABRIEL DO OESTE;1;1;2026-04-23 10:12:19;3500000;TOMOGRAFIA COMPUTADORIZADA DO ABDOMEN SUPERIOR COM CONTRASTE;3500000;GRUPO - TOMOGRAFIA COMPUTADORIZADA;0206030010;TOMOGRAFIA COMPUTADORIZADA DE ABDOMEN SUPERIOR;OTAMIRA EVANGELISTA DE LIMA;1946-04-02;FAUSTINA MARIA DA CRUZ;700000306023703;27255905153;FEMININO;663483010;4;54;11;405;4;R103;DOR LOCALIZADA EM OUTRAS PARTES DO ABDOME INFERIOR 
2026-07-27 16:46:41;500769;SAO GABRIEL DO OESTE;6354265;CENTRAL DE REGULACAO DE SAO GABRIEL DO OESTE;500769;SAO GABRIEL DO OESTE;1;1;2026-04-23 09:48:15;3500000;TOMOGRAFIA COMPUTADORIZADA DO ABDOMEN SUPERIOR COM CONTRASTE;3500000;GRUPO - TOMOGRAFIA COMPUTADORIZADA;0206030010;TOMOGRAFIA COMPUTADORIZADA DE ABDOMEN SUPERIOR;MARCOS VINICIUS LOPES BEZERRA;1995-12-14;IZOLDA APARECIDA LOPES LOMBA BEZERRA;708207113900540;05480422170;MASCULINO;663468837;4;52;11;390;4;N200;CALCULOSE DO RIM 
2026-07-27 16:46:41;500769;SAO GABRIEL DO OESTE;6354265;CENTRAL DE REGULACAO DE SAO GABRIEL DO OESTE;500769;SAO GABRIEL DO OESTE;1;1;2026-04-22 17:38:58;3500000;TOMOGRAFIA COMPUTADORIZADA DO ABDOMEN SUPERIOR COM CONTRASTE;3500000;GRUPO - TOMOGRAFIA COMPUTADORIZADA;0206030010;TOMOGRAFIA COMPUTADORIZADA DE ABDOMEN SUPERIOR;MARIA DE LOURDES DA SILVA VIEIRA;1958-09-27;MARIA PEREIRA DA SILVA;703405880488700;44594020178;FEMININO;663390259;4;46;11;345;4;R10;DOR ABDOMINAL E PELVICA
2026-07-27 16:46:41;500769;SAO GABRIEL DO OESTE;6354265;CENTRAL DE REGULACAO DE SAO GABRIEL DO OESTE;500769;SAO GABRIEL DO OESTE;1;1;2026-04-22 15:09:33;3500000;TOMOGRAFIA COMPUTADORIZADA DO ABDOMEN SUPERIOR COM CONTRASTE;3500000;GRUPO - TOMOGRAFIA COMPUTADORIZADA;0206030010;TOMOGRAFIA COMPUTADORIZADA DE ABDOMEN SUPERIOR;MARIA IFRAN ESCOBAR;1957-08-28;INES CRISTALDO;704002313228867;66152291100;FEMININO;663332249;4;42;11;315;4;N20;CALCULOSE DO RIM E DO URETER
2026-07-27 16:46:41;500769;SAO GABRIEL DO OESTE;6354265;CENTRAL DE REGULACAO DE SAO GABRIEL DO OESTE;500769;SAO GABRIEL DO OESTE;1;1;2026-04-22 14:43:56;3500000;TOMOGRAFIA COMPUTADORIZADA DO ABDOMEN SUPERIOR COM CONTRASTE;3500000;GRUPO - TOMOGRAFIA COMPUTADORIZADA;0206030010;TOMOGRAFIA COMPUTADORIZADA DE ABDOMEN SUPERIOR;LUIZ SADI POLGA;1948-08-30;ANGELINA POLETO POLGA;703000840857976;28494423991;MASCULINO;663318436;4;40;11;300;4;D376;FIGADO, VESICULA BILIAR E VIAS BILIARES 
2026-07-27 16:46:41;500769;SAO GABRIEL DO OESTE;6354265;CENTRAL DE REGULACAO DE SAO GABRIEL DO OESTE;500769;SAO GABRIEL DO OESTE;1;1;2026-04-22 11:33:48;3500000;TOMOGRAFIA COMPUTADORIZADA DO ABDOMEN SUPERIOR COM CONTRASTE;3500000;GRUPO - TOMOGRAFIA COMPUTADORIZADA;0206030010;TOMOGRAFIA COMPUTADORIZADA DE ABDOMEN SUPERIOR;JOAO CARVALHO CARNEIRO;1965-10-27;OLINDA CARVALHO CARNEIRO;700005419620906;32222360110;MASCULINO;663245656;4;37;11;278;4;K746;OUTRAS FORMAS DE CIRROSE HEPATICA E AS NAO ESPECIFICADAS 
2026-07-27 16:46:41;500769;SAO GABRIEL DO OESTE;6354265;CENTRAL DE REGULACAO DE SAO GABRIEL DO OESTE;500769;SAO GABRIEL DO OESTE;1;1;2026-04-22 11:14:29;3500000;TOMOGRAFIA COMPUTADORIZADA DO ABDOMEN SUPERIOR COM CONTRASTE;3500000;GRUPO - TOMOGRAFIA COMPUTADORIZADA;0206030010;TOMOGRAFIA COMPUTADORIZADA DE ABDOMEN SUPERIOR;ILIANE FREIBERGER DOS SANTOS;1970-08-01;FELICITA LUNKES FREIBERGER;705001247473754;72280336049;FEMININO;663234621;4;36;11;270;4;N200;CALCULOSE DO RIM 
2026-07-27 16:46:41;500769;SAO GABRIEL DO OESTE;6354265;CENTRAL DE REGULACAO DE SAO GABRIEL DO OESTE;500769;SAO GABRIEL DO OESTE;1;1;2026-04-22 11:06:10;3500000;TOMOGRAFIA COMPUTADORIZADA DO ABDOMEN SUPERIOR COM CONTRASTE;3500000;GRUPO - TOMOGRAFIA COMPUTADORIZADA;0206030010;TOMOGRAFIA COMPUTADORIZADA DE ABDOMEN SUPERIOR;GLEICE SOARES DE SOUZA;1979-02-28;MARCIA INACIO MONTEIRO;704705774357334;92307493115;FEMININO;663229546;4;34;11;255;4;D309;ORGAO URINARIO, NAO ESPECIFICADO 
2026-07-27 16:46:41;500769;SAO GABRIEL DO OESTE;6354265;CENTRAL DE REGULACAO DE SAO GABRIEL DO OESTE;500769;SAO GABRIEL DO OESTE;1;1;2026-04-22 10:12:56;3500000;TOMOGRAFIA COMPUTADORIZADA DO ABDOMEN SUPERIOR COM CONTRASTE;3500000;GRUPO - TOMOGRAFIA COMPUTADORIZADA;0206030010;TOMOGRAFIA COMPUTADORIZADA DE ABDOMEN SUPERIOR;ESTANISLAU ANTONIO ALFONZO;1962-06-15;BONIFACIA ESCOBAR;701008869752391;40501230106;MASCULINO;663195237;4;33;11;248;4;K829;DOENCA DA VESICULA BILIAR, SEM OUTRA ESPECIFICACAO 
2026-07-27 16:46:41;500769;SAO GABRIEL DO OESTE;6354265;CENTRAL DE REGULACAO DE SAO GABRIEL DO OESTE;500769;SAO GABRIEL DO OESTE;1;1;2026-04-22 09:19:39;3500000;TOMOGRAFIA COMPUTADORIZADA DO ABDOMEN SUPERIOR COM CONTRASTE;3500000;GRUPO - TOMOGRAFIA COMPUTADORIZADA;0206030010;TOMOGRAFIA COMPUTADORIZADA DE ABDOMEN SUPERIOR;ANDERSON CARLOS DA SILVA NARCISO;1984-10-04;JOSEFA DA SILVA NARCISO;700502902380852;76817024234;MASCULINO;663160888;4;28;11;210;4;K76;OUTRAS DOENCAS DO FIGADO
2026-07-27 16:46:41;500769;SAO GABRIEL DO OESTE;6354265;CENTRAL DE REGULACAO DE SAO GABRIEL DO OESTE;500769;SAO GABRIEL DO OESTE;1;1;2026-04-21 10:39:42;3500000;TOMOGRAFIA COMPUTADORIZADA DO ABDOMEN SUPERIOR COM CONTRASTE;3500000;GRUPO - TOMOGRAFIA COMPUTADORIZADA;0206030010;TOMOGRAFIA COMPUTADORIZADA DE ABDOMEN SUPERIOR;LUCIA LEITE PEREIRA PINTO;1971-10-26;ILZA LEITE PEREIRA DA COSTA;700303960834332;62259377149;FEMININO;663094587;4;25;11;188;4;R103;DOR LOCALIZADA EM OUTRAS PARTES DO ABDOME INFERIOR 
2026-07-27 16:46:41;500769;SAO GABRIEL DO OESTE;6354265;CENTRAL DE REGULACAO DE SAO GABRIEL DO OESTE;500769;SAO GABRIEL DO OESTE;1;1;2026-04-21 09:25:28;3500000;TOMOGRAFIA COMPUTADORIZADA DO ABDOMEN SUPERIOR COM CONTRASTE;3500000;GRUPO - TOMOGRAFIA COMPUTADORIZADA;0206030010;TOMOGRAFIA COMPUTADORIZADA DE ABDOMEN SUPERIOR;MIRIAN DE CAMPOS FERREIRA;1961-11-27;ROSA DA CUNHA VASCONCELOS;706408387280690;55501311100;FEMININO;663093465;4;23;11;173;4;K559;TRANSTORNO VASCULAR DO INTESTINO, SEM OUTRA ESPECIFICACAO 
2026-07-27 16:46:41;500769;SAO GABRIEL DO OESTE;5971055;UNIDADE DE SAUDE DA FAMILIA VIII;500769;SAO GABRIEL DO OESTE;1;1;2026-04-17 16:13:46;3500000;TOMOGRAFIA COMPUTADORIZADA DO ABDOMEN SUPERIOR COM CONTRASTE;3500000;GRUPO - TOMOGRAFIA COMPUTADORIZADA;0206030010;TOMOGRAFIA COMPUTADORIZADA DE ABDOMEN SUPERIOR;AUGUSTINHO RODRIGUES DE OLIVEIRA;1956-03-10;ADELAIDE ASSUNTA GASPARIM;705009447804956;29836417087;MASCULINO;662923177;4;21;11;158;4;Q446;DOENCA CISTICA DO FIGADO 
2026-07-27 16:46:41;500769;SAO GABRIEL DO OESTE;3400964;UNIDADE DE SAUDE DA FAMILIA RURAL VII;500769;SAO GABRIEL DO OESTE;1;1;2026-04-15 09:32:41;3500000;TOMOGRAFIA COMPUTADORIZADA DO ABDOMEN SUPERIOR COM CONTRASTE;3500000;GRUPO - TOMOGRAFIA COMPUTADORIZADA;0206030010;TOMOGRAFIA COMPUTADORIZADA DE ABDOMEN SUPERIOR;DIONE DE OLIVEIRA FLORIANO;1991-03-28;ELZA SILVA NERI DE OLIVEIRA FLORIANO;709209251851332;03893781196;MASCULINO;662194541;4;20;11;150;4;D180;HEMANGIOMA DE QUALQUER LOCALIZACAO 
2026-07-27 16:46:41;500769;SAO GABRIEL DO OESTE;6354265;CENTRAL DE REGULACAO DE SAO GABRIEL DO OESTE;500769;SAO GABRIEL DO OESTE;1;1;2026-04-09 14:42:39;3500000;TOMOGRAFIA COMPUTADORIZADA DO ABDOMEN SUPERIOR COM CONTRASTE;3500000;GRUPO - TOMOGRAFIA COMPUTADORIZADA;0206030010;TOMOGRAFIA COMPUTADORIZADA DE ABDOMEN SUPERIOR;OLIVIA ALVES DA SILVA;1988-07-01;MARIA ALVES DA SILVA;705002856908751;01205816127;FEMININO;661196931;4;17;11;128;4;N200;CALCULOSE DO RIM 
2026-07-27 16:46:41;500769;SAO GABRIEL DO OESTE;2591359;UNIDADE DE SAUDE DA FAMILIA V;500769;SAO GABRIEL DO OESTE;1;1;2026-05-26 11:04:46;3500000;TOMOGRAFIA COMPUTADORIZADA DO ABDOMEN SUPERIOR COM CONTRASTE;3500000;GRUPO - TOMOGRAFIA COMPUTADORIZADA;0206030010;TOMOGRAFIA COMPUTADORIZADA DE ABDOMEN SUPERIOR;VILMA FERNANDES DOS SANTOS;1980-01-04;RAMONA ALVES SILVA DOS SANTOS;703402215676219;01431882160;FEMININO;669805418;4;89;11;668;4;R161;ESPLENOMEGALIA NAO CLASSIFICADA EM OUTRA PARTE 
2026-07-27 16:46:41;500769;SAO GABRIEL DO OESTE;6354265;CENTRAL DE REGULACAO DE SAO GABRIEL DO OESTE;500769;SAO GABRIEL DO OESTE;1;1;2026-05-25 14:17:00;3500000;TOMOGRAFIA COMPUTADORIZADA DO ABDOMEN SUPERIOR COM CONTRASTE;3500000;GRUPO - TOMOGRAFIA COMPUTADORIZADA;0206030010;TOMOGRAFIA COMPUTADORIZADA DE ABDOMEN SUPERIOR;JUCILENE DE SOUZA;1971-12-03;AIR PEREIRA DE SOUZA;705405497607898;56186185168;FEMININO;669583309;4;87;11;653;4;K30;DISPEPSIA 
2026-07-27 16:46:41;500769;SAO GABRIEL DO OESTE;2370999;UNIDADE DE SAUDE DA FAMILIA FENIX IV;500769;SAO GABRIEL DO OESTE;1;1;2026-04-27 15:21:19;3500000;TOMOGRAFIA COMPUTADORIZADA DO ABDOMEN SUPERIOR COM CONTRASTE;3500000;GRUPO - TOMOGRAFIA COMPUTADORIZADA;0206030010;TOMOGRAFIA COMPUTADORIZADA DE ABDOMEN SUPERIOR;MARIA DE LOURDES GARCIA VIEIRA;1961-03-03;IRENE GARCIA DE SOUZA;700004058958000;00459189107;FEMININO;664193223;4;64;11;480;4;K769;DOENCA HEPATICA, SEM OUTRA ESPECIFICACAO 
2026-07-27 16:46:41;500769;SAO GABRIEL DO OESTE;6354265;CENTRAL DE REGULACAO DE SAO GABRIEL DO OESTE;500769;SAO GABRIEL DO OESTE;1;1;2026-06-26 14:24:44;3500000;TOMOGRAFIA COMPUTADORIZADA DO ABDOMEN SUPERIOR COM CONTRASTE;3500000;GRUPO - TOMOGRAFIA COMPUTADORIZADA;0206030010;TOMOGRAFIA COMPUTADORIZADA DE ABDOMEN SUPERIOR;DERLI ANTONIO DE OLIVEIRA;1976-01-15;GILDA CAMILLO DE OLIVEIRA;700509162802054;84557591949;MASCULINO;675790833;4;124;11;930;4;K460;HERNIA ABDOMINAL NAO ESPECIFICADA, COM OBSTRUCAO, SEM GANGRENA 
2026-07-27 16:46:41;500769;SAO GABRIEL DO OESTE;6354265;CENTRAL DE REGULACAO DE SAO GABRIEL DO OESTE;500769;SAO GABRIEL DO OESTE;1;1;2026-06-25 09:01:06;3500000;TOMOGRAFIA COMPUTADORIZADA DO ABDOMEN SUPERIOR COM CONTRASTE;3500000;GRUPO - TOMOGRAFIA COMPUTADORIZADA;0206030010;TOMOGRAFIA COMPUTADORIZADA DE ABDOMEN SUPERIOR;ILMA FERNANDES DE FIGUEREDO GUEDES;1963-09-09;PAULA FRANCINETE FERNANDES;702806170524468;34366814404;FEMININO;675392317;4;122;11;915;4;N200;CALCULOSE DO RIM 
2026-07-27 16:46:41;500769;SAO GABRIEL DO OESTE;6354265;CENTRAL DE REGULACAO DE SAO GABRIEL DO OESTE;500769;SAO GABRIEL DO OESTE;1;1;2026-06-22 08:40:33;3500000;TOMOGRAFIA COMPUTADORIZADA DO ABDOMEN SUPERIOR COM CONTRASTE;3500000;GRUPO - TOMOGRAFIA COMPUTADORIZADA;0206030010;TOMOGRAFIA COMPUTADORIZADA DE ABDOMEN SUPERIOR;RUAN CENTURIAO DOS SANTOS;2011-06-13;ARYELI CENTURIAO ROCHA;704201283195289;08103164127;MASCULINO;674662241;4;116;11;870;4;R104;OUTRAS DORES ABDOMINAIS E AS NAO ESPECIFICADAS 
2026-07-27 16:46:41;500769;SAO GABRIEL DO OESTE;6354265;CENTRAL DE REGULACAO DE SAO GABRIEL DO OESTE;500769;SAO GABRIEL DO OESTE;1;1;2026-06-18 10:31:00;3500000;TOMOGRAFIA COMPUTADORIZADA DO ABDOMEN SUPERIOR COM CONTRASTE;3500000;GRUPO - TOMOGRAFIA COMPUTADORIZADA;0206030010;TOMOGRAFIA COMPUTADORIZADA DE ABDOMEN SUPERIOR;VERA LUCIA BORGES LEAL;1959-04-30;CLEUZA BORGES LEAL;705806468389036;58344942268;FEMININO;674204532;4;109;11;818;4;N281;CISTO DO RIM, ADQUIRIDO 
2026-07-27 16:46:41;500769;SAO GABRIEL DO OESTE;3400964;UNIDADE DE SAUDE DA FAMILIA RURAL VII;500769;SAO GABRIEL DO OESTE;1;1;2026-06-16 14:55:03;3500000;TOMOGRAFIA COMPUTADORIZADA DO ABDOMEN SUPERIOR COM CONTRASTE;3500000;GRUPO - TOMOGRAFIA COMPUTADORIZADA;0206030010;TOMOGRAFIA COMPUTADORIZADA DE ABDOMEN SUPERIOR;LEONIDAS RODRIGUES DA SILVA;1980-04-03;MARIA MADALENA DA CRUZ RODRIGUES;700009393209906;94740542153;MASCULINO;673770842;4;105;11;788;4;R59;AUMENTO DE VOLUME DOS GANGLIOS LINFATICOS
2026-07-27 16:46:41;500769;SAO GABRIEL DO OESTE;6354265;CENTRAL DE REGULACAO DE SAO GABRIEL DO OESTE;500769;SAO GABRIEL DO OESTE;1;1;2026-07-17 17:09:43;3500000;TOMOGRAFIA COMPUTADORIZADA DO ABDOMEN SUPERIOR COM CONTRASTE;3500000;GRUPO - TOMOGRAFIA COMPUTADORIZADA;0206030010;TOMOGRAFIA COMPUTADORIZADA DE ABDOMEN SUPERIOR;MARIA SOCORRO DA SILVA;1975-03-11;TEREZINHA MARIA DA SILVA;704603655639122;72914459149;FEMININO;679787552;4;160;11;1200;4;K81;COLECISTITE
2026-07-27 16:46:41;500769;SAO GABRIEL DO OESTE;6354265;CENTRAL DE REGULACAO DE SAO GABRIEL DO OESTE;500769;SAO GABRIEL DO OESTE;1;1;2026-07-10 16:00:37;3500000;TOMOGRAFIA COMPUTADORIZADA DO ABDOMEN SUPERIOR COM CONTRASTE;3500000;GRUPO - TOMOGRAFIA COMPUTADORIZADA;0206030010;TOMOGRAFIA COMPUTADORIZADA DE ABDOMEN SUPERIOR;VALDECIR NATAL ANDREAZZA;1953-08-10;IRENE LAZZAROTTO ANDREAZZA;700007514157209;19104596072;MASCULINO;678439459;4;149;11;1118;4;N40;HIPERPLASIA DA PROSTATA 
2026-07-27 16:46:41;500769;SAO GABRIEL DO OESTE;6354265;CENTRAL DE REGULACAO DE SAO GABRIEL DO OESTE;500769;SAO GABRIEL DO OESTE;1;1;2026-04-08 15:47:43;3500000;TOMOGRAFIA COMPUTADORIZADA DE FACE OU SEIOS DE FACE SEM CONTRASTE;3500000;GRUPO - TOMOGRAFIA COMPUTADORIZADA;0206010044;TOMOGRAFIA COMPUTADORIZADA DE FACE / SEIOS DA FACE / ARTICULACOES TEMPORO-MANDIBULARES;JULIANA CELESTINA DE ALMEIDA;1982-06-19;BENEDITA SEBASTIANA PRADO DE ALMEIDA;707408075046976;02157996150;FEMININO;660954358;3;4;21;72;2;H906;PERDA DE AUDICAO BILATERAL MISTA, DE CONDUCAO E NEURO-SENSORIAL 
2026-07-27 16:46:41;500769;SAO GABRIEL DO OESTE;3400964;UNIDADE DE SAUDE DA FAMILIA RURAL VII;500769;SAO GABRIEL DO OESTE;1;1;2026-04-22 17:42:27;3500000;TOMOGRAFIA COMPUTADORIZADA DE FACE OU SEIOS DE FACE SEM CONTRASTE;3500000;GRUPO - TOMOGRAFIA COMPUTADORIZADA;0206010044;TOMOGRAFIA COMPUTADORIZADA DE FACE / SEIOS DA FACE / ARTICULACOES TEMPORO-MANDIBULARES;ZENIRA BORGES NANTES;1949-07-01;ELIZA LEOPOLDINA MORAES;707402008087776;97420123187;FEMININO;663390875;4;48;21;864;2;R05;TOSSE 
2026-07-27 16:46:41;500769;SAO GABRIEL DO OESTE;6354265;CENTRAL DE REGULACAO DE SAO GABRIEL DO OESTE;500769;SAO GABRIEL DO OESTE;1;1;2026-05-07 17:23:11;3500000;TOMOGRAFIA COMPUTADORIZADA DE FACE OU SEIOS DE FACE SEM CONTRASTE;3500000;GRUPO - TOMOGRAFIA COMPUTADORIZADA;0206010044;TOMOGRAFIA COMPUTADORIZADA DE FACE / SEIOS DA FACE / ARTICULACOES TEMPORO-MANDIBULARES;PEDRO HENRIQUE TEODORO DE ALENCAR;2008-06-15;MARIA APARECIDA SILVA TEODORO;708109582126131;04269943106;MASCULINO;666361564;4;75;21;1350;2;J342;DESVIO DO SEPTO NASAL 
2026-07-27 16:46:41;500769;SAO GABRIEL DO OESTE;6354265;CENTRAL DE REGULACAO DE SAO GABRIEL DO OESTE;500769;SAO GABRIEL DO OESTE;1;1;2026-07-24 17:09:54;3500000;TOMOGRAFIA COMPUTADORIZADA DE FACE OU SEIOS DE FACE SEM CONTRASTE;3500000;GRUPO - TOMOGRAFIA COMPUTADORIZADA;0206010044;TOMOGRAFIA COMPUTADORIZADA DE FACE / SEIOS DA FACE / ARTICULACOES TEMPORO-MANDIBULARES;MARIA THAYS LOMBARDI GOMES;2000-01-07;MARIA APARECIDA GOMES;700207900815824;07496972100;FEMININO;681117811;4;178;21;3204;2;J324;PANSINUSITE CRONICA 
2026-07-27 16:46:41;500769;SAO GABRIEL DO OESTE;6354265;CENTRAL DE REGULACAO DE SAO GABRIEL DO OESTE;500769;SAO GABRIEL DO OESTE;1;1;2026-07-24 15:35:57;3500000;TOMOGRAFIA COMPUTADORIZADA DE FACE OU SEIOS DE FACE SEM CONTRASTE;3500000;GRUPO - TOMOGRAFIA COMPUTADORIZADA;0206010044;TOMOGRAFIA COMPUTADORIZADA DE FACE / SEIOS DA FACE / ARTICULACOES TEMPORO-MANDIBULARES;LUCIA CASALI TREUHERZ;1956-11-11;VERONICA MARIA CASALI;700604450100963;60111828104;FEMININO;681093676;4;174;21;3132;2;K076;TRANSTORNOS DA ARTICULACAO TEMPOROMANDIBULAR 
2026-07-27 16:46:41;500769;SAO GABRIEL DO OESTE;6354265;CENTRAL DE REGULACAO DE SAO GABRIEL DO OESTE;500769;SAO GABRIEL DO OESTE;1;1;2026-07-08 16:48:44;3500000;TOMOGRAFIA COMPUTADORIZADA DE FACE OU SEIOS DE FACE SEM CONTRASTE;3500000;GRUPO - TOMOGRAFIA COMPUTADORIZADA;0206010044;TOMOGRAFIA COMPUTADORIZADA DE FACE / SEIOS DA FACE / ARTICULACOES TEMPORO-MANDIBULARES;JOAO FRANCISCO TIMM;1955-07-08;OLIVIA TIMM;706004328268140;24987573920;MASCULINO;677971319;4;147;21;2646;2;H669;OTITE MEDIA NAO ESPECIFICADA 
2026-07-27 16:46:41;500769;SAO GABRIEL DO OESTE;6354265;CENTRAL DE REGULACAO DE SAO GABRIEL DO OESTE;500769;SAO GABRIEL DO OESTE;1;1;2026-04-22 09:55:07;3500000;TOMOGRAFIA COMPUTADORIZADA DO TORAX COM CONTRASTE;3500000;GRUPO - TOMOGRAFIA COMPUTADORIZADA;0206020031;TOMOGRAFIA COMPUTADORIZADA DE TORAX;DELZA ROSA FERREIRA;1957-06-08;INACIA ROSA FERREIRA;704602106219522;25469207153;FEMININO;663183274;3;11;16;110;3;R06;ANORMALIDADES DA RESPIRACAO
2026-07-27 16:46:41;500769;SAO GABRIEL DO OESTE;6354265;CENTRAL DE REGULACAO DE SAO GABRIEL DO OESTE;500769;SAO GABRIEL DO OESTE;1;1;2026-04-23 10:17:40;3500000;TOMOGRAFIA COMPUTADORIZADA DO TORAX COM CONTRASTE;3500000;GRUPO - TOMOGRAFIA COMPUTADORIZADA;0206020031;TOMOGRAFIA COMPUTADORIZADA DE TORAX;OSMAR PIOVEZAN;1976-04-15;CLACIR CITON PIOVEZAN;706305721689375;89301447053;MASCULINO;663486276;4;55;16;550;3;J90;DERRAME PLEURAL NAO CLASSIFICADO EM OUTRA PARTE 
2026-07-27 16:46:41;500769;SAO GABRIEL DO OESTE;6354265;CENTRAL DE REGULACAO DE SAO GABRIEL DO OESTE;500769;SAO GABRIEL DO OESTE;1;1;2026-04-22 09:26:23;3500000;TOMOGRAFIA COMPUTADORIZADA DO TORAX COM CONTRASTE;3500000;GRUPO - TOMOGRAFIA COMPUTADORIZADA;0206020031;TOMOGRAFIA COMPUTADORIZADA DE TORAX;ANTONIA PEREIRA DE SOUZA;1978-09-01;ESPEDITA PEREIRA;705804458883931;93015046187;FEMININO;663165198;4;30;16;300;3;R19;OUTROS SINTOMAS E SINAIS RELATIVOS AO APARELHO DIGESTIVO E AO ABDOME
2026-07-27 16:46:41;500769;SAO GABRIEL DO OESTE;6354265;CENTRAL DE REGULACAO DE SAO GABRIEL DO OESTE;500769;SAO GABRIEL DO OESTE;1;1;2026-06-01 14:07:54;3500000;TOMOGRAFIA COMPUTADORIZADA DO TORAX COM CONTRASTE;3500000;GRUPO - TOMOGRAFIA COMPUTADORIZADA;0206020031;TOMOGRAFIA COMPUTADORIZADA DE TORAX;MARIA DO CARMO DE JESUS ALVES;1941-01-06;ANA MARIA DE JESUS;706404675382681;46505369104;FEMININO;671039801;4;93;16;930;3;J450;ASMA PREDOMINANTEMENTE ALERGICA 
2026-07-27 16:46:41;500769;SAO GABRIEL DO OESTE;6354265;CENTRAL DE REGULACAO DE SAO GABRIEL DO OESTE;500769;SAO GABRIEL DO OESTE;1;1;2026-04-23 11:17:02;3500000;TOMOGRAFIA COMPUTADORIZADA DO TORAX COM CONTRASTE;3500000;GRUPO - TOMOGRAFIA COMPUTADORIZADA;0206020031;TOMOGRAFIA COMPUTADORIZADA DE TORAX;SEVERINO FAVERO;1952-10-24;ERNESTA BARBIERI FAVERO;705204442785973;24236853949;MASCULINO;663520170;4;61;16;610;3;I260;EMBOLIA PULMONAR COM MENCAO DE COR PULMONALE AGUDO 
2026-07-27 16:46:41;500769;SAO GABRIEL DO OESTE;6354265;CENTRAL DE REGULACAO DE SAO GABRIEL DO OESTE;500769;SAO GABRIEL DO OESTE;1;1;2026-06-23 08:39:47;3500000;TOMOGRAFIA COMPUTADORIZADA DO TORAX COM CONTRASTE;3500000;GRUPO - TOMOGRAFIA COMPUTADORIZADA;0206020031;TOMOGRAFIA COMPUTADORIZADA DE TORAX;MARTA FERREIRA DE SOUZA;1964-07-25;JUSTINA GUILHERME SOUZA;708604014033486;50187350159;FEMININO;674926576;4;118;16;1180;3;J448;OUTRAS FORMAS ESPECIFICADAS DE DOENCA PULMONAR OBSTRUTIVA CRONICA 
2026-07-27 16:46:41;500769;SAO GABRIEL DO OESTE;6354265;CENTRAL DE REGULACAO DE SAO GABRIEL DO OESTE;500769;SAO GABRIEL DO OESTE;1;1;2026-07-27 15:37:14;3500000;TOMOGRAFIA COMPUTADORIZADA DO TORAX COM CONTRASTE;3500000;GRUPO - TOMOGRAFIA COMPUTADORIZADA;0206020031;TOMOGRAFIA COMPUTADORIZADA DE TORAX;JULIETE VALLOVERA TOME;1991-06-25;ANGELA VALLOVERA TOME;706205591254561;04072549193;FEMININO;681378338;4;179;16;1790;3;C539;COLO DO UTERO, NAO ESPECIFICADO 
2026-07-27 16:46:41;500769;SAO GABRIEL DO OESTE;6354265;CENTRAL DE REGULACAO DE SAO GABRIEL DO OESTE;500769;SAO GABRIEL DO OESTE;1;1;2026-06-16 17:57:34;3500000;TOMOGRAFIA COMPUTADORIZADA DO JOELHO ESQUERDO;3500000;GRUPO - TOMOGRAFIA COMPUTADORIZADA;0206030029;TOMOGRAFIA COMPUTADORIZADA DE ARTICULACOES DE MEMBRO INFERIOR;CAMILLY DE OLIVEIRA COELHO DALL AQUA;2011-09-30;HILDA DE OLIVEIRA COELHO;701007890961092;11472113101;FEMININO;673835473;4;106;3;9540;0;S800;CONTUSAO DO JOELHO 
2026-07-27 16:46:41;500769;SAO GABRIEL DO OESTE;6354265;CENTRAL DE REGULACAO DE SAO GABRIEL DO OESTE;500769;SAO GABRIEL DO OESTE;1;1;2026-04-22 11:10:55;3500000;TOMOGRAFIA COMPUTADORIZADA DE PELVE / BACIA / ABDOMEN INFERIOR;3500000;GRUPO - TOMOGRAFIA COMPUTADORIZADA;0206030037;TOMOGRAFIA COMPUTADORIZADA DE PELVE / BACIA / ABDOMEN INFERIOR;ILIANE FREIBERGER DOS SANTOS;1970-08-01;FELICITA LUNKES FREIBERGER;705001247473754;72280336049;FEMININO;663232454;4;35;9;450;2;N200;CALCULOSE DO RIM 
2026-07-27 16:46:41;500769;SAO GABRIEL DO OESTE;6354265;CENTRAL DE REGULACAO DE SAO GABRIEL DO OESTE;500769;SAO GABRIEL DO OESTE;1;1;2026-04-22 09:30:06;3500000;TOMOGRAFIA COMPUTADORIZADA DE PELVE / BACIA / ABDOMEN INFERIOR;3500000;GRUPO - TOMOGRAFIA COMPUTADORIZADA;0206030037;TOMOGRAFIA COMPUTADORIZADA DE PELVE / BACIA / ABDOMEN INFERIOR;ANDREIA SILVINO;1984-01-08;ELZA SILVA SILVINO;708204159339148;01139416170;FEMININO;663167507;4;31;9;399;2;R10;DOR ABDOMINAL E PELVICA
2026-07-27 16:46:41;500769;SAO GABRIEL DO OESTE;7333218;UNIDADE DE SAUDE DA FAMILIA X;500769;SAO GABRIEL DO OESTE;1;1;2026-06-03 16:24:47;3500000;TOMOGRAFIA COMPUTADORIZADA DE PELVE / BACIA / ABDOMEN INFERIOR;3500000;GRUPO - TOMOGRAFIA COMPUTADORIZADA;0206030037;TOMOGRAFIA COMPUTADORIZADA DE PELVE / BACIA / ABDOMEN INFERIOR;CLAUDIA GOMES BORGES;1983-09-25;IZABEL GOMES BORGES;706701536997916;00482378174;FEMININO;671699350;4;97;9;1247;2;N19;INSUFICIENCIA RENAL NAO ESPECIFICADA 
2026-07-27 16:46:41;500769;SAO GABRIEL DO OESTE;7333218;UNIDADE DE SAUDE DA FAMILIA X;500769;SAO GABRIEL DO OESTE;1;1;2026-06-01 16:24:02;3500000;TOMOGRAFIA COMPUTADORIZADA DE PELVE / BACIA / ABDOMEN INFERIOR;3500000;GRUPO - TOMOGRAFIA COMPUTADORIZADA;0206030037;TOMOGRAFIA COMPUTADORIZADA DE PELVE / BACIA / ABDOMEN INFERIOR;FLAVIO JUNIOR RODRIGUES;1980-07-28;ADA MARIA MENDES;701800298277978;98072668153;MASCULINO;671111324;4;95;9;1221;2;R104;OUTRAS DORES ABDOMINAIS E AS NAO ESPECIFICADAS 
2026-07-27 16:46:41;500769;SAO GABRIEL DO OESTE;2370980;UNIDADE DE SAUDE DA FAMILIA JARDIM GRAMADO I;500769;SAO GABRIEL DO OESTE;1;1;2026-05-22 10:20:00;3500000;TOMOGRAFIA COMPUTADORIZADA DE PELVE / BACIA / ABDOMEN INFERIOR;3500000;GRUPO - TOMOGRAFIA COMPUTADORIZADA;0206030037;TOMOGRAFIA COMPUTADORIZADA DE PELVE / BACIA / ABDOMEN INFERIOR;CLARICE QUEIROS DE BARROS;1952-08-03;MARIA DE QUEIROS;700008806884705;81280769149;FEMININO;669198643;4;85;9;1093;2;K565;ADERENCIAS INTESTINAIS (BRIDAS) COM OBSTRUCAO 
2026-07-27 16:46:41;500769;SAO GABRIEL DO OESTE;7333218;UNIDADE DE SAUDE DA FAMILIA X;500769;SAO GABRIEL DO OESTE;1;1;2026-05-20 09:01:44;3500000;TOMOGRAFIA COMPUTADORIZADA DE PELVE / BACIA / ABDOMEN INFERIOR;3500000;GRUPO - TOMOGRAFIA COMPUTADORIZADA;0206030037;TOMOGRAFIA COMPUTADORIZADA DE PELVE / BACIA / ABDOMEN INFERIOR;SILVIO CABRERA SANABRIA;1966-07-07;GERALDA CABRERA SANABRIA;702808113253061;39111083115;MASCULINO;668614700;4;81;9;1041;2;R104;OUTRAS DORES ABDOMINAIS E AS NAO ESPECIFICADAS 
2026-07-27 16:46:41;500769;SAO GABRIEL DO OESTE;6354265;CENTRAL DE REGULACAO DE SAO GABRIEL DO OESTE;500769;SAO GABRIEL DO OESTE;1;1;2026-05-18 15:49:56;3500000;TOMOGRAFIA COMPUTADORIZADA DE PELVE / BACIA / ABDOMEN INFERIOR;3500000;GRUPO - TOMOGRAFIA COMPUTADORIZADA;0206030037;TOMOGRAFIA COMPUTADORIZADA DE PELVE / BACIA / ABDOMEN INFERIOR;RUBENS MAURO CIUPAK;1954-01-06;OLIVA CIUPAK;703405386146500;24105333968;MASCULINO;668232481;4;79;9;1016;2;D18;HEMANGIOMA E LINFANGIOMA DE QUALQUER LOCALIZACAO
2026-07-27 16:46:41;500769;SAO GABRIEL DO OESTE;7002084;UNIDADE DE SAUDE DA FAMILIA IX;500769;SAO GABRIEL DO OESTE;1;1;2026-05-05 15:37:43;3500000;TOMOGRAFIA COMPUTADORIZADA DE PELVE / BACIA / ABDOMEN INFERIOR;3500000;GRUPO - TOMOGRAFIA COMPUTADORIZADA;0206030037;TOMOGRAFIA COMPUTADORIZADA DE PELVE / BACIA / ABDOMEN INFERIOR;SILVANA ALVES BARBOSA;1974-02-21;CAROLINA DOS SANTOS BARBOSA;702101770263691;54401305191;FEMININO;665758891;4;71;9;913;2;R10;DOR ABDOMINAL E PELVICA
2026-07-27 16:46:41;500769;SAO GABRIEL DO OESTE;6354265;CENTRAL DE REGULACAO DE SAO GABRIEL DO OESTE;500769;SAO GABRIEL DO OESTE;1;1;2026-04-23 11:06:45;3500000;TOMOGRAFIA COMPUTADORIZADA DE PELVE / BACIA / ABDOMEN INFERIOR;3500000;GRUPO - TOMOGRAFIA COMPUTADORIZADA;0206030037;TOMOGRAFIA COMPUTADORIZADA DE PELVE / BACIA / ABDOMEN INFERIOR;SEBASTIANA MARIA DA SILVA;1955-12-30;MARIA JOSEFA DA CONCEICAO;708506043191380;43683932104;FEMININO;663514665;4;59;9;759;2;K590;CONSTIPACAO 
2026-07-27 16:46:41;500769;SAO GABRIEL DO OESTE;2370980;UNIDADE DE SAUDE DA FAMILIA JARDIM GRAMADO I;500769;SAO GABRIEL DO OESTE;1;1;2026-07-08 15:48:33;3500000;TOMOGRAFIA COMPUTADORIZADA DE PELVE / BACIA / ABDOMEN INFERIOR;3500000;GRUPO - TOMOGRAFIA COMPUTADORIZADA;0206030037;TOMOGRAFIA COMPUTADORIZADA DE PELVE / BACIA / ABDOMEN INFERIOR;DORACI PEREIRA DE SOUZA SANTOS;1943-12-08;ANTONIA PEREIRA DE SOUSA;700605982800367;59240172149;FEMININO;677948645;4;146;9;1877;2;K590;CONSTIPACAO 
2026-07-27 16:46:41;500769;SAO GABRIEL DO OESTE;6354265;CENTRAL DE REGULACAO DE SAO GABRIEL DO OESTE;500769;SAO GABRIEL DO OESTE;1;1;2026-07-08 15:29:54;3500000;TOMOGRAFIA COMPUTADORIZADA DE PELVE / BACIA / ABDOMEN INFERIOR;3500000;GRUPO - TOMOGRAFIA COMPUTADORIZADA;0206030037;TOMOGRAFIA COMPUTADORIZADA DE PELVE / BACIA / ABDOMEN INFERIOR;LILIAN DA SILVA LIMA;1975-10-10;DORA DA SILVA LIMA;700501932837558;00408707151;FEMININO;677939995;4;145;9;1864;2;N20;CALCULOSE DO RIM E DO URETER
2026-07-27 16:46:41;500769;SAO GABRIEL DO OESTE;2370999;UNIDADE DE SAUDE DA FAMILIA FENIX IV;500769;SAO GABRIEL DO OESTE;1;1;2026-07-02 09:39:21;3500000;TOMOGRAFIA COMPUTADORIZADA DE PELVE / BACIA / ABDOMEN INFERIOR;3500000;GRUPO - TOMOGRAFIA COMPUTADORIZADA;0206030037;TOMOGRAFIA COMPUTADORIZADA DE PELVE / BACIA / ABDOMEN INFERIOR;MARIA APARECIDA MORBEQUE DOS SANTOS;1965-03-11;MARIA PEREIRA NOVAIS;709209204447237;48953873134;FEMININO;676683065;4;133;9;1710;2;R104;OUTRAS DORES ABDOMINAIS E AS NAO ESPECIFICADAS 
2026-07-27 16:46:41;500769;SAO GABRIEL DO OESTE;6354265;CENTRAL DE REGULACAO DE SAO GABRIEL DO OESTE;500769;SAO GABRIEL DO OESTE;1;1;2026-06-18 14:12:12;3500000;TOMOGRAFIA COMPUTADORIZADA DE PELVE / BACIA / ABDOMEN INFERIOR;3500000;GRUPO - TOMOGRAFIA COMPUTADORIZADA;0206030037;TOMOGRAFIA COMPUTADORIZADA DE PELVE / BACIA / ABDOMEN INFERIOR;VENANCIA RIOS;1955-04-10;APARECIDA RIOS;705000848519359;01926980107;FEMININO;674292877;4;114;9;1466;2;C82;LINFOMA NAO-HODGKIN, FOLICULAR (NODULAR)
2026-07-27 16:46:41;500769;SAO GABRIEL DO OESTE;6354265;CENTRAL DE REGULACAO DE SAO GABRIEL DO OESTE;500769;SAO GABRIEL DO OESTE;1;1;2026-06-12 11:14:32;3500000;TOMOGRAFIA COMPUTADORIZADA DE PELVE / BACIA / ABDOMEN INFERIOR;3500000;GRUPO - TOMOGRAFIA COMPUTADORIZADA;0206030037;TOMOGRAFIA COMPUTADORIZADA DE PELVE / BACIA / ABDOMEN INFERIOR;MARIA JOSE MORBEQUE;1958-07-05;MARIA PEREIRA NOVAIS;705206418085373;80947441115;FEMININO;673121406;4;104;9;1337;2;I72;OUTROS ANEURISMAS
2026-07-27 16:46:41;500769;SAO GABRIEL DO OESTE;6354265;CENTRAL DE REGULACAO DE SAO GABRIEL DO OESTE;500769;SAO GABRIEL DO OESTE;1;1;2026-04-22 10:48:18;3500000;TOMOGRAFIA COMPUTADORIZADA  DE PELVE / BACIA/ ABDOMEN INFERIOR COM CONTRASTE;3500000;GRUPO - TOMOGRAFIA COMPUTADORIZADA;0206030037;TOMOGRAFIA COMPUTADORIZADA DE PELVE / BACIA / ABDOMEN INFERIOR;GERSON BOGARIM GONCALVES;1970-05-30;ALADIA MARGARIDA BOGARIM GONCALVES;708609061406484;46456392187;MASCULINO;663218223;3;12;13;135;3;K460;HERNIA ABDOMINAL NAO ESPECIFICADA, COM OBSTRUCAO, SEM GANGRENA 
2026-07-27 16:46:41;500769;SAO GABRIEL DO OESTE;6354265;CENTRAL DE REGULACAO DE SAO GABRIEL DO OESTE;500769;SAO GABRIEL DO OESTE;1;1;2026-04-21 10:52:35;3500000;TOMOGRAFIA COMPUTADORIZADA  DE PELVE / BACIA/ ABDOMEN INFERIOR COM CONTRASTE;3500000;GRUPO - TOMOGRAFIA COMPUTADORIZADA;0206030037;TOMOGRAFIA COMPUTADORIZADA DE PELVE / BACIA / ABDOMEN INFERIOR;MARIA FRANCISCA DA SILVA;1952-04-18;DIONIZIA FRANCISCA DE MEIRA;709605686368174;78985757172;FEMININO;663094856;3;10;13;112;3;K21;DOENCA DE REFLUXO GASTROESOFAGICO
2026-07-27 16:46:41;500769;SAO GABRIEL DO OESTE;6354265;CENTRAL DE REGULACAO DE SAO GABRIEL DO OESTE;500769;SAO GABRIEL DO OESTE;1;1;2026-04-21 10:34:35;3500000;TOMOGRAFIA COMPUTADORIZADA  DE PELVE / BACIA/ ABDOMEN INFERIOR COM CONTRASTE;3500000;GRUPO - TOMOGRAFIA COMPUTADORIZADA;0206030037;TOMOGRAFIA COMPUTADORIZADA DE PELVE / BACIA / ABDOMEN INFERIOR;CREUDES PIRES;1952-01-10;ALTINA DIAS;702001850565180;44480270159;FEMININO;663094495;3;9;13;101;3;C349;BRONQUIOS OU PULMOES, NAO ESPECIFICADO 
2026-07-27 16:46:41;500769;SAO GABRIEL DO OESTE;6354265;CENTRAL DE REGULACAO DE SAO GABRIEL DO OESTE;500769;SAO GABRIEL DO OESTE;1;1;2026-04-09 15:31:54;3500000;TOMOGRAFIA COMPUTADORIZADA  DE PELVE / BACIA/ ABDOMEN INFERIOR COM CONTRASTE;3500000;GRUPO - TOMOGRAFIA COMPUTADORIZADA;0206030037;TOMOGRAFIA COMPUTADORIZADA DE PELVE / BACIA / ABDOMEN INFERIOR;MARCIA MICIA VIEIRA;1980-02-10;MARIA MICIA DA SILVA;705603458508414;01789254116;FEMININO;661221129;3;8;13;90;3;N39;OUTROS TRANSTORNOS DO TRATO URINARIO
2026-07-27 16:46:41;500769;SAO GABRIEL DO OESTE;6354265;CENTRAL DE REGULACAO DE SAO GABRIEL DO OESTE;500769;SAO GABRIEL DO OESTE;1;1;2026-04-08 15:59:01;3500000;TOMOGRAFIA COMPUTADORIZADA  DE PELVE / BACIA/ ABDOMEN INFERIOR COM CONTRASTE;3500000;GRUPO - TOMOGRAFIA COMPUTADORIZADA;0206030037;TOMOGRAFIA COMPUTADORIZADA DE PELVE / BACIA / ABDOMEN INFERIOR;IZOLINA ROSA PEREIRA;1959-12-26;ANNA ROSA PERIRA RIBEIRO;705006662105657;01853375110;FEMININO;660959337;3;5;13;56;3;J449;DOENCA PULMONAR OBSTRUTIVA CRONICA NAO ESPECIFICADA 
2026-07-27 16:46:41;500769;SAO GABRIEL DO OESTE;6354265;CENTRAL DE REGULACAO DE SAO GABRIEL DO OESTE;500769;SAO GABRIEL DO OESTE;1;1;2026-04-23 10:12:19;3500000;TOMOGRAFIA COMPUTADORIZADA  DE PELVE / BACIA/ ABDOMEN INFERIOR COM CONTRASTE;3500000;GRUPO - TOMOGRAFIA COMPUTADORIZADA;0206030037;TOMOGRAFIA COMPUTADORIZADA DE PELVE / BACIA / ABDOMEN INFERIOR;OTAMIRA EVANGELISTA DE LIMA;1946-04-02;FAUSTINA MARIA DA CRUZ;700000306023703;27255905153;FEMININO;663483010;4;54;13;607;3;R103;DOR LOCALIZADA EM OUTRAS PARTES DO ABDOME INFERIOR 
2026-07-27 16:46:41;500769;SAO GABRIEL DO OESTE;6354265;CENTRAL DE REGULACAO DE SAO GABRIEL DO OESTE;500769;SAO GABRIEL DO OESTE;1;1;2026-04-22 17:38:58;3500000;TOMOGRAFIA COMPUTADORIZADA  DE PELVE / BACIA/ ABDOMEN INFERIOR COM CONTRASTE;3500000;GRUPO - TOMOGRAFIA COMPUTADORIZADA;0206030037;TOMOGRAFIA COMPUTADORIZADA DE PELVE / BACIA / ABDOMEN INFERIOR;MARIA DE LOURDES DA SILVA VIEIRA;1958-09-27;MARIA PEREIRA DA SILVA;703405880488700;44594020178;FEMININO;663390259;4;46;13;517;3;R10;DOR ABDOMINAL E PELVICA
2026-07-27 16:46:41;500769;SAO GABRIEL DO OESTE;6354265;CENTRAL DE REGULACAO DE SAO GABRIEL DO OESTE;500769;SAO GABRIEL DO OESTE;1;1;2026-04-22 14:43:56;3500000;TOMOGRAFIA COMPUTADORIZADA  DE PELVE / BACIA/ ABDOMEN INFERIOR COM CONTRASTE;3500000;GRUPO - TOMOGRAFIA COMPUTADORIZADA;0206030037;TOMOGRAFIA COMPUTADORIZADA DE PELVE / BACIA / ABDOMEN INFERIOR;LUIZ SADI POLGA;1948-08-30;ANGELINA POLETO POLGA;703000840857976;28494423991;MASCULINO;663318436;4;40;13;450;3;D376;FIGADO, VESICULA BILIAR E VIAS BILIARES 
2026-07-27 16:46:41;500769;SAO GABRIEL DO OESTE;6354265;CENTRAL DE REGULACAO DE SAO GABRIEL DO OESTE;500769;SAO GABRIEL DO OESTE;1;1;2026-04-22 11:06:10;3500000;TOMOGRAFIA COMPUTADORIZADA  DE PELVE / BACIA/ ABDOMEN INFERIOR COM CONTRASTE;3500000;GRUPO - TOMOGRAFIA COMPUTADORIZADA;0206030037;TOMOGRAFIA COMPUTADORIZADA DE PELVE / BACIA / ABDOMEN INFERIOR;GLEICE SOARES DE SOUZA;1979-02-28;MARCIA INACIO MONTEIRO;704705774357334;92307493115;FEMININO;663229546;4;34;13;382;3;D309;ORGAO URINARIO, NAO ESPECIFICADO 
2026-07-27 16:46:41;500769;SAO GABRIEL DO OESTE;6354265;CENTRAL DE REGULACAO DE SAO GABRIEL DO OESTE;500769;SAO GABRIEL DO OESTE;1;1;2026-04-22 09:19:39;3500000;TOMOGRAFIA COMPUTADORIZADA  DE PELVE / BACIA/ ABDOMEN INFERIOR COM CONTRASTE;3500000;GRUPO - TOMOGRAFIA COMPUTADORIZADA;0206030037;TOMOGRAFIA COMPUTADORIZADA DE PELVE / BACIA / ABDOMEN INFERIOR;ANDERSON CARLOS DA SILVA NARCISO;1984-10-04;JOSEFA DA SILVA NARCISO;700502902380852;76817024234;MASCULINO;663160888;4;28;13;315;3;K76;OUTRAS DOENCAS DO FIGADO
2026-07-27 16:46:41;500769;SAO GABRIEL DO OESTE;6354265;CENTRAL DE REGULACAO DE SAO GABRIEL DO OESTE;500769;SAO GABRIEL DO OESTE;1;1;2026-04-22 09:16:00;3500000;TOMOGRAFIA COMPUTADORIZADA  DE PELVE / BACIA/ ABDOMEN INFERIOR COM CONTRASTE;3500000;GRUPO - TOMOGRAFIA COMPUTADORIZADA;0206030037;TOMOGRAFIA COMPUTADORIZADA DE PELVE / BACIA / ABDOMEN INFERIOR;AURENI MOREIRA DA SILVA;1975-03-13;MATILDE MOREIRA DA CONCEICAO;709007830073218;93306717134;FEMININO;663158527;4;27;13;304;3;S399;TRAUMATISMO NAO ESPECIFICADO DO ABDOME, DO DORSO E DA PELVE 
2026-07-27 16:46:41;500769;SAO GABRIEL DO OESTE;6354265;CENTRAL DE REGULACAO DE SAO GABRIEL DO OESTE;500769;SAO GABRIEL DO OESTE;1;1;2026-04-21 10:39:42;3500000;TOMOGRAFIA COMPUTADORIZADA  DE PELVE / BACIA/ ABDOMEN INFERIOR COM CONTRASTE;3500000;GRUPO - TOMOGRAFIA COMPUTADORIZADA;0206030037;TOMOGRAFIA COMPUTADORIZADA DE PELVE / BACIA / ABDOMEN INFERIOR;LUCIA LEITE PEREIRA PINTO;1971-10-26;ILZA LEITE PEREIRA DA COSTA;700303960834332;62259377149;FEMININO;663094587;4;25;13;281;3;R103;DOR LOCALIZADA EM OUTRAS PARTES DO ABDOME INFERIOR 
2026-07-27 16:46:41;500769;SAO GABRIEL DO OESTE;6354265;CENTRAL DE REGULACAO DE SAO GABRIEL DO OESTE;500769;SAO GABRIEL DO OESTE;1;1;2026-04-21 09:25:28;3500000;TOMOGRAFIA COMPUTADORIZADA  DE PELVE / BACIA/ ABDOMEN INFERIOR COM CONTRASTE;3500000;GRUPO - TOMOGRAFIA COMPUTADORIZADA;0206030037;TOMOGRAFIA COMPUTADORIZADA DE PELVE / BACIA / ABDOMEN INFERIOR;MIRIAN DE CAMPOS FERREIRA;1961-11-27;ROSA DA CUNHA VASCONCELOS;706408387280690;55501311100;FEMININO;663093465;4;23;13;259;3;K559;TRANSTORNO VASCULAR DO INTESTINO, SEM OUTRA ESPECIFICACAO 
2026-07-27 16:46:41;500769;SAO GABRIEL DO OESTE;6354265;CENTRAL DE REGULACAO DE SAO GABRIEL DO OESTE;500769;SAO GABRIEL DO OESTE;1;1;2026-04-09 15:35:13;3500000;TOMOGRAFIA COMPUTADORIZADA  DE PELVE / BACIA/ ABDOMEN INFERIOR COM CONTRASTE;3500000;GRUPO - TOMOGRAFIA COMPUTADORIZADA;0206030037;TOMOGRAFIA COMPUTADORIZADA DE PELVE / BACIA / ABDOMEN INFERIOR;MARIA IFRAN ESCOBAR;1957-08-28;INES CRISTALDO;704002313228867;66152291100;FEMININO;661222736;4;18;13;202;3;N20;CALCULOSE DO RIM E DO URETER
2026-07-27 16:46:41;500769;SAO GABRIEL DO OESTE;6354265;CENTRAL DE REGULACAO DE SAO GABRIEL DO OESTE;500769;SAO GABRIEL DO OESTE;1;1;2026-04-09 14:26:21;3500000;TOMOGRAFIA COMPUTADORIZADA  DE PELVE / BACIA/ ABDOMEN INFERIOR COM CONTRASTE;3500000;GRUPO - TOMOGRAFIA COMPUTADORIZADA;0206030037;TOMOGRAFIA COMPUTADORIZADA DE PELVE / BACIA / ABDOMEN INFERIOR;PATRICIA DOMINGOS DE CARVALHO ORTEGA;1977-10-03;SANDRA DOMINGOS DE CARVALHO;705006076191754;84680946172;FEMININO;661189021;4;16;13;180;3;N133;OUTRAS HIDRONEFROSES E AS NAO ESPECIFICADAS 
2026-07-27 16:46:41;500769;SAO GABRIEL DO OESTE;2591359;UNIDADE DE SAUDE DA FAMILIA V;500769;SAO GABRIEL DO OESTE;1;1;2026-05-26 11:04:46;3500000;TOMOGRAFIA COMPUTADORIZADA  DE PELVE / BACIA/ ABDOMEN INFERIOR COM CONTRASTE;3500000;GRUPO - TOMOGRAFIA COMPUTADORIZADA;0206030037;TOMOGRAFIA COMPUTADORIZADA DE PELVE / BACIA / ABDOMEN INFERIOR;VILMA FERNANDES DOS SANTOS;1980-01-04;RAMONA ALVES SILVA DOS SANTOS;703402215676219;01431882160;FEMININO;669805418;4;89;13;1001;3;R161;ESPLENOMEGALIA NAO CLASSIFICADA EM OUTRA PARTE 
2026-07-27 16:46:41;500769;SAO GABRIEL DO OESTE;6354265;CENTRAL DE REGULACAO DE SAO GABRIEL DO OESTE;500769;SAO GABRIEL DO OESTE;1;1;2026-05-25 14:17:00;3500000;TOMOGRAFIA COMPUTADORIZADA  DE PELVE / BACIA/ ABDOMEN INFERIOR COM CONTRASTE;3500000;GRUPO - TOMOGRAFIA COMPUTADORIZADA;0206030037;TOMOGRAFIA COMPUTADORIZADA DE PELVE / BACIA / ABDOMEN INFERIOR;JUCILENE DE SOUZA;1971-12-03;AIR PEREIRA DE SOUZA;705405497607898;56186185168;FEMININO;669583309;4;87;13;979;3;K30;DISPEPSIA 
2026-07-27 16:46:41;500769;SAO GABRIEL DO OESTE;6354265;CENTRAL DE REGULACAO DE SAO GABRIEL DO OESTE;500769;SAO GABRIEL DO OESTE;1;1;2026-06-25 09:01:06;3500000;TOMOGRAFIA COMPUTADORIZADA  DE PELVE / BACIA/ ABDOMEN INFERIOR COM CONTRASTE;3500000;GRUPO - TOMOGRAFIA COMPUTADORIZADA;0206030037;TOMOGRAFIA COMPUTADORIZADA DE PELVE / BACIA / ABDOMEN INFERIOR;ILMA FERNANDES DE FIGUEREDO GUEDES;1963-09-09;PAULA FRANCINETE FERNANDES;702806170524468;34366814404;FEMININO;675392317;4;122;13;1372;3;N200;CALCULOSE DO RIM 
2026-07-27 16:46:41;500769;SAO GABRIEL DO OESTE;6354265;CENTRAL DE REGULACAO DE SAO GABRIEL DO OESTE;500769;SAO GABRIEL DO OESTE;1;1;2026-06-22 08:40:33;3500000;TOMOGRAFIA COMPUTADORIZADA  DE PELVE / BACIA/ ABDOMEN INFERIOR COM CONTRASTE;3500000;GRUPO - TOMOGRAFIA COMPUTADORIZADA;0206030037;TOMOGRAFIA COMPUTADORIZADA DE PELVE / BACIA / ABDOMEN INFERIOR;RUAN CENTURIAO DOS SANTOS;2011-06-13;ARYELI CENTURIAO ROCHA;704201283195289;08103164127;MASCULINO;674662241;4;116;13;1305;3;R104;OUTRAS DORES ABDOMINAIS E AS NAO ESPECIFICADAS 
2026-07-27 16:46:41;500769;SAO GABRIEL DO OESTE;6354265;CENTRAL DE REGULACAO DE SAO GABRIEL DO OESTE;500769;SAO GABRIEL DO OESTE;1;1;2026-06-18 10:48:11;3500000;TOMOGRAFIA COMPUTADORIZADA  DE PELVE / BACIA/ ABDOMEN INFERIOR COM CONTRASTE;3500000;GRUPO - TOMOGRAFIA COMPUTADORIZADA;0206030037;TOMOGRAFIA COMPUTADORIZADA DE PELVE / BACIA / ABDOMEN INFERIOR;VERA LUCIA BORGES LEAL;1959-04-30;CLEUZA BORGES LEAL;705806468389036;58344942268;FEMININO;674215312;4;110;13;1237;3;N281;CISTO DO RIM, ADQUIRIDO 
2026-07-27 16:46:41;500769;SAO GABRIEL DO OESTE;6354265;CENTRAL DE REGULACAO DE SAO GABRIEL DO OESTE;500769;SAO GABRIEL DO OESTE;1;1;2026-06-17 08:48:08;3500000;TOMOGRAFIA COMPUTADORIZADA  DE PELVE / BACIA/ ABDOMEN INFERIOR COM CONTRASTE;3500000;GRUPO - TOMOGRAFIA COMPUTADORIZADA;0206030037;TOMOGRAFIA COMPUTADORIZADA DE PELVE / BACIA / ABDOMEN INFERIOR;MARCOS VINICIUS LOPES BEZERRA;1995-12-14;IZOLDA APARECIDA LOPES LOMBA BEZERRA;708207113900540;05480422170;MASCULINO;673879397;4;107;13;1204;3;H200;IRIDOCICLITE AGUDA E SUBAGUDA 
2026-07-27 16:46:41;500769;SAO GABRIEL DO OESTE;3400964;UNIDADE DE SAUDE DA FAMILIA RURAL VII;500769;SAO GABRIEL DO OESTE;1;1;2026-06-16 14:55:03;3500000;TOMOGRAFIA COMPUTADORIZADA  DE PELVE / BACIA/ ABDOMEN INFERIOR COM CONTRASTE;3500000;GRUPO - TOMOGRAFIA COMPUTADORIZADA;0206030037;TOMOGRAFIA COMPUTADORIZADA DE PELVE / BACIA / ABDOMEN INFERIOR;LEONIDAS RODRIGUES DA SILVA;1980-04-03;MARIA MADALENA DA CRUZ RODRIGUES;700009393209906;94740542153;MASCULINO;673770842;4;105;13;1181;3;R59;AUMENTO DE VOLUME DOS GANGLIOS LINFATICOS
2026-07-27 16:46:41;500769;SAO GABRIEL DO OESTE;6354265;CENTRAL DE REGULACAO DE SAO GABRIEL DO OESTE;500769;SAO GABRIEL DO OESTE;1;1;2026-07-17 17:09:43;3500000;TOMOGRAFIA COMPUTADORIZADA  DE PELVE / BACIA/ ABDOMEN INFERIOR COM CONTRASTE;3500000;GRUPO - TOMOGRAFIA COMPUTADORIZADA;0206030037;TOMOGRAFIA COMPUTADORIZADA DE PELVE / BACIA / ABDOMEN INFERIOR;MARIA SOCORRO DA SILVA;1975-03-11;TEREZINHA MARIA DA SILVA;704603655639122;72914459149;FEMININO;679787552;4;160;13;1800;3;K81;COLECISTITE
2026-07-27 16:46:41;500769;SAO GABRIEL DO OESTE;6354265;CENTRAL DE REGULACAO DE SAO GABRIEL DO OESTE;500769;SAO GABRIEL DO OESTE;1;1;2026-07-13 11:57:06;3500000;TOMOGRAFIA COMPUTADORIZADA  DE PELVE / BACIA/ ABDOMEN INFERIOR COM CONTRASTE;3500000;GRUPO - TOMOGRAFIA COMPUTADORIZADA;0206030037;TOMOGRAFIA COMPUTADORIZADA DE PELVE / BACIA / ABDOMEN INFERIOR;DERLI ANTONIO DE OLIVEIRA;1976-01-15;GILDA CAMILLO DE OLIVEIRA;700509162802054;84557591949;MASCULINO;678637558;4;151;13;1699;3;K460;HERNIA ABDOMINAL NAO ESPECIFICADA, COM OBSTRUCAO, SEM GANGRENA 
2026-07-27 16:46:41;500769;SAO GABRIEL DO OESTE;6354265;CENTRAL DE REGULACAO DE SAO GABRIEL DO OESTE;500769;SAO GABRIEL DO OESTE;1;1;2026-07-01 09:29:41;3500000;TOMOGRAFIA COMPUTADORIZADA DO PE ESQUERDO;3500000;GRUPO - TOMOGRAFIA COMPUTADORIZADA;0206030029;TOMOGRAFIA COMPUTADORIZADA DE ARTICULACOES DE MEMBRO INFERIOR;LUCIMARA PEREIRA MENDES;1971-12-12;CATARINA MENDES PEREIRA;700007676081208;87816717172;FEMININO;676387778;4;128;6;5760;1;E145;DIABETES MELLITUS NAO ESPECIFICADO - COM COMPLICACOES CIRCULATORIAS PERIFERICAS 
2026-07-27 16:46:41;500769;SAO GABRIEL DO OESTE;6354265;CENTRAL DE REGULACAO DE SAO GABRIEL DO OESTE;500769;SAO GABRIEL DO OESTE;1;1;2026-04-09 15:21:57;3500000;TOMOGRAFIA COMPUTADORIZADA COLUNA CERVICAL COM CONTRASTE;3500000;GRUPO - TOMOGRAFIA COMPUTADORIZADA;0206010010;TOMOGRAFIA COMPUTADORIZADA DE COLUNA CERVICAL C/ OU S/ CONTRASTE;MATHEUS SOUZA MATOS;2021-01-20;JAQUELINE SILVA DE SOUZA;706404335640390;11038182107;MASCULINO;661216231;3;7;9;630;0;Q758;OUTRAS MALFORMACOES CONGENITAS ESPECIFICADAS DOS OSSOS DO CRANIO E DA FACE 
2026-07-27 16:46:41;500769;SAO GABRIEL DO OESTE;6354265;CENTRAL DE REGULACAO DE SAO GABRIEL DO OESTE;500769;SAO GABRIEL DO OESTE;1;1;2026-04-09 14:01:38;3500000;TOMOGRAFIA COMPUTADORIZADA DE COLUNA LOMBO-SACRA;3500000;GRUPO - TOMOGRAFIA COMPUTADORIZADA;0206010028;TOMOGRAFIA COMPUTADORIZADA DE COLUNA LOMBO-SACRA C/ OU S/ CONTRASTE;MARIA ZILDA FURTADO;1976-05-08;FRANCISCA DE FATIMA FURTADO;703008837669673;97495328134;FEMININO;661178610;4;15;8;675;1;M545;DOR LOMBAR BAIXA 
2026-07-27 16:46:41;500769;SAO GABRIEL DO OESTE;6354265;CENTRAL DE REGULACAO DE SAO GABRIEL DO OESTE;500769;SAO GABRIEL DO OESTE;1;1;2026-06-09 17:05:36;3500000;TOMOGRAFIA COMPUTADORIZADA DE COLUNA LOMBO-SACRA;3500000;GRUPO - TOMOGRAFIA COMPUTADORIZADA;0206010028;TOMOGRAFIA COMPUTADORIZADA DE COLUNA LOMBO-SACRA C/ OU S/ CONTRASTE;NANCY LEDA MANSO CUNHA;1951-10-01;DOLORES MANSO CUNHA;701800242315270;23951028149;FEMININO;672435329;4;99;8;4455;1;M545;DOR LOMBAR BAIXA 
2026-07-27 16:46:41;500769;SAO GABRIEL DO OESTE;6354265;CENTRAL DE REGULACAO DE SAO GABRIEL DO OESTE;500769;SAO GABRIEL DO OESTE;1;1;2026-04-23 11:02:08;3500000;TOMOGRAFIA COMPUTADORIZADA DE COLUNA LOMBO-SACRA;3500000;GRUPO - TOMOGRAFIA COMPUTADORIZADA;0206010028;TOMOGRAFIA COMPUTADORIZADA DE COLUNA LOMBO-SACRA C/ OU S/ CONTRASTE;SILVANA PEREIRA DA SILVA;1979-12-25;MARIA DAS VIRGENS DO AMARAL SILVA;704303509381690;03227483130;FEMININO;663512121;4;58;8;2610;1;M545;DOR LOMBAR BAIXA 
2026-07-27 16:46:41;500769;SAO GABRIEL DO OESTE;7333218;UNIDADE DE SAUDE DA FAMILIA X;500769;SAO GABRIEL DO OESTE;1;1;2026-07-06 10:10:21;3500000;TOMOGRAFIA COMPUTADORIZADA DE COLUNA LOMBO-SACRA;3500000;GRUPO - TOMOGRAFIA COMPUTADORIZADA;0206010028;TOMOGRAFIA COMPUTADORIZADA DE COLUNA LOMBO-SACRA C/ OU S/ CONTRASTE;JAQUELINE MIERES CASARIN;1982-07-17;VILMA MIERES CASARIN;704606147082525;00245545107;FEMININO;677225475;4;138;8;6210;1;M545;DOR LOMBAR BAIXA 
2026-07-27 16:46:41;500769;SAO GABRIEL DO OESTE;2370999;UNIDADE DE SAUDE DA FAMILIA FENIX IV;500769;SAO GABRIEL DO OESTE;1;1;2026-06-24 15:00:10;3500000;TOMOGRAFIA COMPUTADORIZADA DE COLUNA LOMBO-SACRA;3500000;GRUPO - TOMOGRAFIA COMPUTADORIZADA;0206010028;TOMOGRAFIA COMPUTADORIZADA DE COLUNA LOMBO-SACRA C/ OU S/ CONTRASTE;TERESINHA SANTANA MACARIO DE PAULA;1969-10-12;JOSEFA SANTANA MACARIO;701403615841238;18452526830;FEMININO;675312849;4;121;8;5445;1;M544;LUMBAGO COM CIATICA 
2026-07-27 16:46:41;500769;SAO GABRIEL DO OESTE;2370999;UNIDADE DE SAUDE DA FAMILIA FENIX IV;500769;SAO GABRIEL DO OESTE;1;1;2026-06-22 09:14:36;3500000;TOMOGRAFIA COMPUTADORIZADA DE COLUNA LOMBO-SACRA;3500000;GRUPO - TOMOGRAFIA COMPUTADORIZADA;0206010028;TOMOGRAFIA COMPUTADORIZADA DE COLUNA LOMBO-SACRA C/ OU S/ CONTRASTE;HELIO VILASBOAS;1980-01-15;IRACY FERREIRA DA SILVA;700002099193406;90581695100;MASCULINO;674679424;4;117;8;5265;1;M545;DOR LOMBAR BAIXA 
2026-07-27 16:46:41;500769;SAO GABRIEL DO OESTE;6354265;CENTRAL DE REGULACAO DE SAO GABRIEL DO OESTE;500769;SAO GABRIEL DO OESTE;1;1;2026-07-23 15:55:40;3500000;TOMOGRAFIA COMPUTADORIZADA DE COLUNA LOMBO-SACRA;3500000;GRUPO - TOMOGRAFIA COMPUTADORIZADA;0206010028;TOMOGRAFIA COMPUTADORIZADA DE COLUNA LOMBO-SACRA C/ OU S/ CONTRASTE;IVANIR GUARESMA;1977-03-27;LILITA GUARESMA;700306936644033;02558298178;FEMININO;680872264;4;169;8;7605;1;M544;LUMBAGO COM CIATICA 
2026-07-27 16:46:41;500769;SAO GABRIEL DO OESTE;6354265;CENTRAL DE REGULACAO DE SAO GABRIEL DO OESTE;500769;SAO GABRIEL DO OESTE;1;1;2026-07-17 17:04:18;3500000;TOMOGRAFIA COMPUTADORIZADA DE COLUNA LOMBO-SACRA;3500000;GRUPO - TOMOGRAFIA COMPUTADORIZADA;0206010028;TOMOGRAFIA COMPUTADORIZADA DE COLUNA LOMBO-SACRA C/ OU S/ CONTRASTE;LUIZ ROBERTO DE PAULA;1977-07-05;LURDES MARIA DO NASCIMENTO;702802696067469;87952009168;MASCULINO;679786814;4;159;8;7155;1;T911;SEQUELAS DE FRATURA DE COLUNA VERTEBRAL 
2026-07-27 16:46:41;500769;SAO GABRIEL DO OESTE;6354265;CENTRAL DE REGULACAO DE SAO GABRIEL DO OESTE;500769;SAO GABRIEL DO OESTE;1;1;2026-07-10 17:09:36;3500000;TOMOGRAFIA COMPUTADORIZADA DE COLUNA LOMBO-SACRA;3500000;GRUPO - TOMOGRAFIA COMPUTADORIZADA;0206010028;TOMOGRAFIA COMPUTADORIZADA DE COLUNA LOMBO-SACRA C/ OU S/ CONTRASTE;MARTA APARECIDA SANTOS CANDIDO;1967-06-24;ALZIRA SANTOS CANDIDO;700507305140457;44690673187;FEMININO;678455210;4;150;8;6750;1;M549;DORSALGIA NAO ESPECIFICADA 
2026-07-27 16:46:41;500769;SAO GABRIEL DO OESTE;6354265;CENTRAL DE REGULACAO DE SAO GABRIEL DO OESTE;500769;SAO GABRIEL DO OESTE;1;1;2026-04-08 15:43:09;3500000;TOMOGRAFIA COMPUTADORIZADA DE COLUNA TORACICA;3500000;GRUPO - TOMOGRAFIA COMPUTADORIZADA;0206010036;TOMOGRAFIA COMPUTADORIZADA DE COLUNA TORACICA C/ OU S/ CONTRASTE;JHONATAN DELGADO DA COSTA;2024-01-10;ANDRESSA CRISTINA DELGADO MACHADO;705001014741853;12133118101;MASCULINO;660952205;3;3;14;90;1;M418;OUTRAS FORMAS DE ESCOLIOSE 
2026-07-27 16:46:41;500769;SAO GABRIEL DO OESTE;6452116;CENTRO DE ESPECIALIDADES MEDICAS;500769;SAO GABRIEL DO OESTE;0;1;2026-07-27 10:54:52;3516007;CONSULTA EM UROLOGIA - GERAL;;;0301010072;CONSULTA MEDICA EM ATENÇÃO ESPECIALIZADA;RUFINO CACERES BRITO;1941-12-08;MARIA VENANCIA BRITO;702408584057525;06338806127;MASCULINO;681266353;4;7;33;3;75;Z00;EXAME GERAL E INVESTIGACAO DE PESSOAS SEM QUEIXAS OU DIAGNOSTICO RELATADO
2026-07-27 16:46:41;500769;SAO GABRIEL DO OESTE;6452116;CENTRO DE ESPECIALIDADES MEDICAS;500769;SAO GABRIEL DO OESTE;0;1;2026-07-23 11:04:24;3516007;CONSULTA EM UROLOGIA - GERAL;;;0301010072;CONSULTA MEDICA EM ATENÇÃO ESPECIALIZADA;JOSE ALBERTO PEREIRA;1974-11-05;MATILDES GALVAO PEREIRA;706505334325599;47431121172;MASCULINO;680761950;4;6;33;2;75;Z00;EXAME GERAL E INVESTIGACAO DE PESSOAS SEM QUEIXAS OU DIAGNOSTICO RELATADO
2026-07-27 16:46:41;500769;SAO GABRIEL DO OESTE;6452116;CENTRO DE ESPECIALIDADES MEDICAS;500769;SAO GABRIEL DO OESTE;0;1;2026-07-23 09:12:20;3516007;CONSULTA EM UROLOGIA - GERAL;;;0301010072;CONSULTA MEDICA EM ATENÇÃO ESPECIALIZADA;SERGIO DONIZETI GARBIN;1965-03-06;INES ROGOLIM GARBIM;700503712491859;40350274134;MASCULINO;680697958;4;5;33;2;75;Z00;EXAME GERAL E INVESTIGACAO DE PESSOAS SEM QUEIXAS OU DIAGNOSTICO RELATADO
2026-07-27 16:46:41;500769;SAO GABRIEL DO OESTE;6452116;CENTRO DE ESPECIALIDADES MEDICAS;500769;SAO GABRIEL DO OESTE;0;1;2026-07-22 11:50:43;3516007;CONSULTA EM UROLOGIA - GERAL;;;0301010072;CONSULTA MEDICA EM ATENÇÃO ESPECIALIZADA;HILARIO ZANELLA;1953-04-06;ADELE BASSO ZANELLA;700101492336320;30029805953;MASCULINO;680521219;4;4;33;2;75;Z016;EXAME RADIOLOGICO NAO CLASSIFICADO EM OUTRA PARTE 
2026-07-27 16:46:41;500769;SAO GABRIEL DO OESTE;6452116;CENTRO DE ESPECIALIDADES MEDICAS;500769;SAO GABRIEL DO OESTE;0;1;2026-07-22 07:38:32;3516007;CONSULTA EM UROLOGIA - GERAL;;;0301010072;CONSULTA MEDICA EM ATENÇÃO ESPECIALIZADA;REGINALDO BISPO DOS SANTOS;1984-03-07;ELIZABETH SALES BISPO;700007026128501;00892253177;MASCULINO;680390783;4;3;33;1;75;Z00;EXAME GERAL E INVESTIGACAO DE PESSOAS SEM QUEIXAS OU DIAGNOSTICO RELATADO
2026-07-27 16:46:41;500769;SAO GABRIEL DO OESTE;7333218;UNIDADE DE SAUDE DA FAMILIA X;500769;SAO GABRIEL DO OESTE;0;1;2026-07-20 17:18:28;3516007;CONSULTA EM UROLOGIA - GERAL;;;0301010072;CONSULTA MEDICA EM ATENÇÃO ESPECIALIZADA;VANESSA BATISTA MACHADO;1978-06-02;ELZA BATISTA MACHADO;702800693591165;87409542187;FEMININO;680090910;4;2;33;1;75;N200;CALCULOSE DO RIM 
2026-07-27 16:46:41;500769;SAO GABRIEL DO OESTE;6452116;CENTRO DE ESPECIALIDADES MEDICAS;500769;SAO GABRIEL DO OESTE;0;1;2026-07-17 16:46:08;3516007;CONSULTA EM UROLOGIA - GERAL;;;0301010072;CONSULTA MEDICA EM ATENÇÃO ESPECIALIZADA;CLEIDIVANIA DOS SANTOS;1985-04-15;MARIA DOS ANJOS;708203109398042;06787104499;FEMININO;679783568;4;1;33;0;75;Z016;EXAME RADIOLOGICO NAO CLASSIFICADO EM OUTRA PARTE 
2026-07-27 16:46:41;500769;SAO GABRIEL DO OESTE;6452116;CENTRO DE ESPECIALIDADES MEDICAS;500769;SAO GABRIEL DO OESTE;1;1;2026-07-27 10:40:35;3904001;AUDIOMETRIA;;;0211070041;AUDIOMETRIA TONAL LIMIAR (VIA AEREA / OSSEA);MAURICIO FERREIRA DE SOUZA;1952-01-15;ETELVINA MARIA DE JESUS;700005374414008;28326342904;MASCULINO;681257607;4;10;30;29;10;Z00;EXAME GERAL E INVESTIGACAO DE PESSOAS SEM QUEIXAS OU DIAGNOSTICO RELATADO
2026-07-27 16:46:41;500769;SAO GABRIEL DO OESTE;6452116;CENTRO DE ESPECIALIDADES MEDICAS;500769;SAO GABRIEL DO OESTE;1;1;2026-07-24 08:35:36;3904001;AUDIOMETRIA;;;0211070041;AUDIOMETRIA TONAL LIMIAR (VIA AEREA / OSSEA);VANILDA DO BELEM DOS SANTOS MATIAS;1964-11-05;BRAULINA FAGUNDES DO NASCIMENTO;700806965638181;05529164986;FEMININO;680932592;4;9;30;26;10;Z016;EXAME RADIOLOGICO NAO CLASSIFICADO EM OUTRA PARTE 
2026-07-27 16:46:41;500769;SAO GABRIEL DO OESTE;6452116;CENTRO DE ESPECIALIDADES MEDICAS;500769;SAO GABRIEL DO OESTE;1;1;2026-07-24 07:36:04;3904001;AUDIOMETRIA;;;0211070041;AUDIOMETRIA TONAL LIMIAR (VIA AEREA / OSSEA);MICAELA CANTERO DA MATA;2002-08-03;FABIANA MONTESSI CANTERO DA MATA;709000839804812;08900740113;FEMININO;680916442;4;8;30;23;10;Z016;EXAME RADIOLOGICO NAO CLASSIFICADO EM OUTRA PARTE 
2026-07-27 16:46:41;500769;SAO GABRIEL DO OESTE;6452116;CENTRO DE ESPECIALIDADES MEDICAS;500769;SAO GABRIEL DO OESTE;1;1;2026-07-24 06:46:49;3904001;AUDIOMETRIA;;;0211070041;AUDIOMETRIA TONAL LIMIAR (VIA AEREA / OSSEA);SELVA DA COSTA DELMONDES;1951-06-22;OSVALDINA NUNES DA COSTA;704606108609429;68982542191;FEMININO;680912279;4;7;30;20;10;Z016;EXAME RADIOLOGICO NAO CLASSIFICADO EM OUTRA PARTE 
2026-07-27 16:46:41;500769;SAO GABRIEL DO OESTE;6354265;CENTRAL DE REGULACAO DE SAO GABRIEL DO OESTE;500769;SAO GABRIEL DO OESTE;1;1;2026-07-22 14:52:15;3904001;AUDIOMETRIA;;;0211070041;AUDIOMETRIA TONAL LIMIAR (VIA AEREA / OSSEA);MARIA TEREZA MOURA GOMES;1948-03-13;MARIA APARECIDA DE MOURA;700406481267847;33725152187;FEMININO;680585065;4;6;30;17;10;F189;TRANSTORNOS MENTAIS E COMPORTAMENTAIS DEVIDOS AO USO DE SOLVENTES VOLATEIS - TRANSTORNO MENTAL OU COMPORTAMENTAL NAO ESPECIFICADO 
2026-07-27 16:46:41;500769;SAO GABRIEL DO OESTE;6452116;CENTRO DE ESPECIALIDADES MEDICAS;500769;SAO GABRIEL DO OESTE;1;1;2026-07-20 14:17:31;3904001;AUDIOMETRIA;;;0211070041;AUDIOMETRIA TONAL LIMIAR (VIA AEREA / OSSEA);CECILIA MARTINEZ VALADARES;2022-03-10;FRANCILENE DE ALBUQUERQUE MARTINEZ;700109912677319;11523500131;FEMININO;680016980;4;5;30;15;10;Z016;EXAME RADIOLOGICO NAO CLASSIFICADO EM OUTRA PARTE 
2026-07-27 16:46:41;500769;SAO GABRIEL DO OESTE;6452116;CENTRO DE ESPECIALIDADES MEDICAS;500769;SAO GABRIEL DO OESTE;1;1;2026-07-15 08:12:26;3904001;AUDIOMETRIA;;;0211070041;AUDIOMETRIA TONAL LIMIAR (VIA AEREA / OSSEA);MONIK GRANDO UMBELINO;2017-05-10;TAIS LAGO GRANDO;704407363233210;08454318119;FEMININO;679073588;4;4;30;12;10;Z00;EXAME GERAL E INVESTIGACAO DE PESSOAS SEM QUEIXAS OU DIAGNOSTICO RELATADO
2026-07-27 16:46:41;500769;SAO GABRIEL DO OESTE;6452116;CENTRO DE ESPECIALIDADES MEDICAS;500769;SAO GABRIEL DO OESTE;1;1;2026-07-10 15:49:05;3904001;AUDIOMETRIA;;;0211070041;AUDIOMETRIA TONAL LIMIAR (VIA AEREA / OSSEA);NICOLAS LIMA DA SILVA;2016-10-24;SIMONE DE FATIMA LIMA;701208043974315;12942926929;MASCULINO;678435908;4;3;30;9;10;Z00;EXAME GERAL E INVESTIGACAO DE PESSOAS SEM QUEIXAS OU DIAGNOSTICO RELATADO
2026-07-27 16:46:41;500769;SAO GABRIEL DO OESTE;6452116;CENTRO DE ESPECIALIDADES MEDICAS;500769;SAO GABRIEL DO OESTE;1;1;2026-07-10 14:59:57;3904001;AUDIOMETRIA;;;0211070041;AUDIOMETRIA TONAL LIMIAR (VIA AEREA / OSSEA);ROSANA MENA LOPES ALVES DE ASSIS;1972-12-04;MARIA APARECIDA TAVIAN LOPES;701203075406318;16884891858;FEMININO;678419447;4;2;30;6;10;Z00;EXAME GERAL E INVESTIGACAO DE PESSOAS SEM QUEIXAS OU DIAGNOSTICO RELATADO
2026-07-27 16:46:41;500769;SAO GABRIEL DO OESTE;6452116;CENTRO DE ESPECIALIDADES MEDICAS;500769;SAO GABRIEL DO OESTE;1;1;2026-07-10 08:04:15;3904001;AUDIOMETRIA;;;0211070041;AUDIOMETRIA TONAL LIMIAR (VIA AEREA / OSSEA);ODILON CELESTINO DE OLIVEIRA BONILLA;1960-06-05;NILSA OLIVEIRA BONILLA;704208763261788;25169637004;MASCULINO;678261083;4;1;30;3;10;Z00;EXAME GERAL E INVESTIGACAO DE PESSOAS SEM QUEIXAS OU DIAGNOSTICO RELATADO
2026-07-27 16:46:41;500769;SAO GABRIEL DO OESTE;6354265;CENTRAL DE REGULACAO DE SAO GABRIEL DO OESTE;500769;SAO GABRIEL DO OESTE;2;1;2026-07-22 14:42:55;0031017;CAPSULOTOMIA A YAG LASER;;;0405050020;CAPSULOTOMIA A YAG LASER;SHEILA GONCALVES;1962-05-03;GUIOMAR GONCALVES;709602666777270;73206202191;FEMININO;680580276;4;18;;;;H264;POS-CATARATA 
2026-07-27 16:46:41;500769;SAO GABRIEL DO OESTE;6354265;CENTRAL DE REGULACAO DE SAO GABRIEL DO OESTE;500769;SAO GABRIEL DO OESTE;2;1;2026-07-21 15:32:46;0031017;CAPSULOTOMIA A YAG LASER;;;0405050020;CAPSULOTOMIA A YAG LASER;OLIMPIO SOARES FIGUEREDO;1962-07-02;MARIA BERTOLINA FIGUEIREDO;704507370206915;32264089172;MASCULINO;680330512;4;17;;;;H264;POS-CATARATA 
2026-07-27 16:46:41;500769;SAO GABRIEL DO OESTE;6354265;CENTRAL DE REGULACAO DE SAO GABRIEL DO OESTE;500769;SAO GABRIEL DO OESTE;2;1;2026-07-10 16:49:41;0031017;CAPSULOTOMIA A YAG LASER;;;0405050020;CAPSULOTOMIA A YAG LASER;LUIZA BARBOSA DE FRANCA;1949-07-05;MARIA ELIAS DE OLIVEIRA;702506320699031;79847323100;FEMININO;678451653;4;16;;;;H264;POS-CATARATA 
2026-07-27 16:46:41;500769;SAO GABRIEL DO OESTE;6354265;CENTRAL DE REGULACAO DE SAO GABRIEL DO OESTE;500769;SAO GABRIEL DO OESTE;2;1;2026-07-10 15:23:43;0031017;CAPSULOTOMIA A YAG LASER;;;0405050020;CAPSULOTOMIA A YAG LASER;PEDRO RADIN;1960-01-25;SUMTA ESPANHOL RADIN;705005217465552;31457401053;MASCULINO;678427624;4;15;;;;H264;POS-CATARATA 
2026-07-27 16:46:41;500769;SAO GABRIEL DO OESTE;6354265;CENTRAL DE REGULACAO DE SAO GABRIEL DO OESTE;500769;SAO GABRIEL DO OESTE;2;1;2026-07-01 17:46:31;0031017;CAPSULOTOMIA A YAG LASER;;;0405050020;CAPSULOTOMIA A YAG LASER;TEREZINHA NEVES DA SILVA DE OLIVEIRA;1962-11-13;CONCEICAO NEVES DA SILVA;700305959038236;69749426991;FEMININO;676607816;4;14;;;;H264;POS-CATARATA 
2026-07-27 16:46:41;500769;SAO GABRIEL DO OESTE;6354265;CENTRAL DE REGULACAO DE SAO GABRIEL DO OESTE;500769;SAO GABRIEL DO OESTE;2;1;2026-06-22 16:34:47;0031017;CAPSULOTOMIA A YAG LASER;;;0405050020;CAPSULOTOMIA A YAG LASER;GERALDO OTAVIANO;1963-03-22;MARIA ANTONIA DE SOUZA;702606245909444;47412267949;MASCULINO;674871864;4;13;;;;H264;POS-CATARATA 
2026-07-27 16:46:41;500769;SAO GABRIEL DO OESTE;6354265;CENTRAL DE REGULACAO DE SAO GABRIEL DO OESTE;500769;SAO GABRIEL DO OESTE;2;1;2026-06-22 11:44:15;0031017;CAPSULOTOMIA A YAG LASER;;;0405050020;CAPSULOTOMIA A YAG LASER;OLGA MADALENA BORDIGNON;1953-02-07;ANGELINA BORDIGNON;706203567448163;81349963100;FEMININO;674763710;4;12;;;;H264;POS-CATARATA 
2026-07-27 16:46:41;500769;SAO GABRIEL DO OESTE;6354265;CENTRAL DE REGULACAO DE SAO GABRIEL DO OESTE;500769;SAO GABRIEL DO OESTE;2;1;2026-06-16 17:58:20;0031017;CAPSULOTOMIA A YAG LASER;;;0405050020;CAPSULOTOMIA A YAG LASER;DAVID ANTONIO FERREIRA DE OLIVEIRA;1960-06-12;OSMILDA FERREIRA DE OLIVEIRA;708406266225669;19993102172;MASCULINO;673835574;4;11;;;;H264;POS-CATARATA 
2026-07-27 16:46:41;500769;SAO GABRIEL DO OESTE;6354265;CENTRAL DE REGULACAO DE SAO GABRIEL DO OESTE;500769;SAO GABRIEL DO OESTE;2;1;2026-06-16 17:50:26;0031017;CAPSULOTOMIA A YAG LASER;;;0405050020;CAPSULOTOMIA A YAG LASER;LUZIA TEIXEIRA DOS SANTOS DA CRUZ;1968-12-25;ALICE MARIA DOS SANTOS LEMOS;700508528305155;00574145133;FEMININO;673834465;4;10;;;;H264;POS-CATARATA 
2026-07-27 16:46:41;500769;SAO GABRIEL DO OESTE;6354265;CENTRAL DE REGULACAO DE SAO GABRIEL DO OESTE;500769;SAO GABRIEL DO OESTE;2;1;2026-06-15 14:41:07;0031017;CAPSULOTOMIA A YAG LASER;;;0405050020;CAPSULOTOMIA A YAG LASER;DIRCE MARTINS DE SOUZA;1947-05-20;RITA FERREIRA MARTINS;702501310228732;00200998196;FEMININO;673475000;4;9;;;;H264;POS-CATARATA 
2026-07-27 16:46:41;500769;SAO GABRIEL DO OESTE;6354265;CENTRAL DE REGULACAO DE SAO GABRIEL DO OESTE;500769;SAO GABRIEL DO OESTE;2;1;2026-06-12 11:22:10;0031017;CAPSULOTOMIA A YAG LASER;;;0405050020;CAPSULOTOMIA A YAG LASER;EULINA ALVES ROSA;1940-10-19;LEONILDA ALVES ROSA;704004304377164;14083078120;FEMININO;673125235;4;8;;;;H264;POS-CATARATA 
2026-07-27 16:46:41;500769;SAO GABRIEL DO OESTE;6354265;CENTRAL DE REGULACAO DE SAO GABRIEL DO OESTE;500769;SAO GABRIEL DO OESTE;2;1;2026-06-11 11:11:31;0031017;CAPSULOTOMIA A YAG LASER;;;0405050020;CAPSULOTOMIA A YAG LASER;EVA FERREIRA DA CONCEICAO;1957-09-08;EVA IZIDORA DE MORAIS;700101424075320;00932648100;FEMININO;672860889;4;7;;;;H264;POS-CATARATA 
2026-07-27 16:46:41;500769;SAO GABRIEL DO OESTE;6354265;CENTRAL DE REGULACAO DE SAO GABRIEL DO OESTE;500769;SAO GABRIEL DO OESTE;2;1;2026-06-10 10:34:44;0031017;CAPSULOTOMIA A YAG LASER;;;0405050020;CAPSULOTOMIA A YAG LASER;LEONTINA URBANO DA SILVA;1949-04-16;MARIA DA NATIVIDADE;703205659957495;00053123964;FEMININO;672553098;4;6;;;;H264;POS-CATARATA 
2026-07-27 16:46:41;500769;SAO GABRIEL DO OESTE;6354265;CENTRAL DE REGULACAO DE SAO GABRIEL DO OESTE;500769;SAO GABRIEL DO OESTE;2;1;2026-06-09 16:42:50;0031017;CAPSULOTOMIA A YAG LASER;;;0405050020;CAPSULOTOMIA A YAG LASER;APARECIDA DE LIMA VIEIRA;1971-03-10;ANTONIA FILO DE LIMA;704507330909818;62327321387;FEMININO;672428517;4;5;;;;H264;POS-CATARATA 
2026-07-27 16:46:41;500769;SAO GABRIEL DO OESTE;6354265;CENTRAL DE REGULACAO DE SAO GABRIEL DO OESTE;500769;SAO GABRIEL DO OESTE;2;1;2026-06-03 14:55:20;0031017;CAPSULOTOMIA A YAG LASER;;;0405050020;CAPSULOTOMIA A YAG LASER;ADEVALDO BENEDITO DE SA;1955-09-08;IRACI CATARINA DE SA;702802654003764;48935557153;MASCULINO;671658173;4;4;;;;H264;POS-CATARATA 
2026-07-27 16:46:41;500769;SAO GABRIEL DO OESTE;6354265;CENTRAL DE REGULACAO DE SAO GABRIEL DO OESTE;500769;SAO GABRIEL DO OESTE;2;1;2026-06-03 14:28:58;0031017;CAPSULOTOMIA A YAG LASER;;;0405050020;CAPSULOTOMIA A YAG LASER;MARIA DAS MERCES DA SILVA OLIVEIRA;1956-07-24;MARIA JOAQUINA DA CRUZ;703400784521900;93812710110;FEMININO;671645182;4;3;;;;H264;POS-CATARATA 
2026-07-27 16:46:41;500769;SAO GABRIEL DO OESTE;6354265;CENTRAL DE REGULACAO DE SAO GABRIEL DO OESTE;500769;SAO GABRIEL DO OESTE;2;1;2026-05-20 15:31:16;0031017;CAPSULOTOMIA A YAG LASER;;;0405050020;CAPSULOTOMIA A YAG LASER;NOEMI TEREZINHA EIBEL BORTOLUZZI;1961-05-07;ANAYR PIERINA EIBEL;702404509052127;89452836172;FEMININO;668797420;4;2;;;;H264;POS-CATARATA 
2026-07-27 16:46:41;500769;SAO GABRIEL DO OESTE;6354265;CENTRAL DE REGULACAO DE SAO GABRIEL DO OESTE;500769;SAO GABRIEL DO OESTE;2;1;2026-05-15 17:30:00;0031017;CAPSULOTOMIA A YAG LASER;;;0405050020;CAPSULOTOMIA A YAG LASER;MARIA AUZENIRA DA SILVA;1949-12-15;ANTONIA ISABEL DE JESUS;708204660974446;02318858144;FEMININO;667956513;4;1;;;;H264;POS-CATARATA 
2026-07-27 16:46:41;500769;SAO GABRIEL DO OESTE;6354265;CENTRAL DE REGULACAO DE SAO GABRIEL DO OESTE;500769;SAO GABRIEL DO OESTE;1;1;2026-04-08 17:03:36;3100000;RESSONANCIA MAGNETICA DE CRANIO COM SEDACAO;3100000;GRUPO - RESSONANCIA MAGNETICA;0207010064;RESSONANCIA MAGNETICA DE CRANIO;ARTHUR MIGUEL DA CUNHA ALENCAR;2021-02-14;ANA CAROLINA DA CUNHA;708200179540449;11067520155;MASCULINO;660981854;3;1;;;;G918;OUTRAS FORMAS DE HIDROCEFALIA 
2026-07-27 16:46:41;500769;SAO GABRIEL DO OESTE;6354265;CENTRAL DE REGULACAO DE SAO GABRIEL DO OESTE;500769;SAO GABRIEL DO OESTE;1;1;2026-04-10 17:31:28;3100000;RESSONANCIA MAGNETICA DE CRANIO COM SEDACAO;3100000;GRUPO - RESSONANCIA MAGNETICA;0207010064;RESSONANCIA MAGNETICA DE CRANIO;IODA MARIA INACIA RODA;1955-11-16;ANA PEREIRA CINTRA;705000025767556;54225183149;FEMININO;661508979;4;54;;;;F001;DEMENCIA NA DOENCA DE ALZHEIMER DE INICIO TARDIO (G30.1+) 
2026-07-27 16:46:41;500769;SAO GABRIEL DO OESTE;6354265;CENTRAL DE REGULACAO DE SAO GABRIEL DO OESTE;500769;SAO GABRIEL DO OESTE;1;1;2026-04-10 16:28:58;3100000;RESSONANCIA MAGNETICA DE CRANIO COM SEDACAO;3100000;GRUPO - RESSONANCIA MAGNETICA;0207010064;RESSONANCIA MAGNETICA DE CRANIO;MARIA EDUARDA SOUSA GOMES;2007-05-15;MARILEI SOUSA;700006731386108;11488721165;FEMININO;661495517;4;46;;;;R55;SINCOPE E COLAPSO 
2026-07-27 16:46:41;500769;SAO GABRIEL DO OESTE;6354265;CENTRAL DE REGULACAO DE SAO GABRIEL DO OESTE;500769;SAO GABRIEL DO OESTE;1;1;2026-04-16 10:47:47;3100000;RESSONANCIA MAGNETICA DE CRANIO COM SEDACAO;3100000;GRUPO - RESSONANCIA MAGNETICA;0207010064;RESSONANCIA MAGNETICA DE CRANIO;ARTHUR SAMUEL REBESCHINI PADILHA;2022-05-28;GESSICA AMANDA REBESCHINI PADILHA;700009737503109;11608585190;MASCULINO;662531490;3;17;;;;F80;TRANSTORNOS ESPECIFICOS DO DESENVOLVIMENTO DA FALA E DA LINGUAGEM
2026-07-27 16:46:41;500769;SAO GABRIEL DO OESTE;6354265;CENTRAL DE REGULACAO DE SAO GABRIEL DO OESTE;500769;SAO GABRIEL DO OESTE;1;1;2026-04-16 14:10:31;3100000;RESSONANCIA MAGNETICA DE CRANIO COM SEDACAO;3100000;GRUPO - RESSONANCIA MAGNETICA;0207010064;RESSONANCIA MAGNETICA DE CRANIO;BARBARA LIMA DE SOUZA CARVALHO;2022-12-12;LORAINE LIMA DE SOUZA;704803556987848;11797511165;FEMININO;662611856;4;107;;;;F700;RETARDO MENTAL LEVE - MENCAO DE AUSENCIA DE OU DE COMPROMETIMENTO MINIMO DO COMPORTAMENTO 
2026-07-27 16:46:41;500769;SAO GABRIEL DO OESTE;6354265;CENTRAL DE REGULACAO DE SAO GABRIEL DO OESTE;500769;SAO GABRIEL DO OESTE;1;1;2026-04-21 12:47:44;3100000;RESSONANCIA MAGNETICA DE CRANIO COM SEDACAO;3100000;GRUPO - RESSONANCIA MAGNETICA;0207010064;RESSONANCIA MAGNETICA DE CRANIO;MARIA ALICE DE SOUZA;2022-03-16;CAROLINE DE SOUZA LUIZ;704303502293699;11535583193;FEMININO;663096859;4;221;;;;F808;OUTROS TRANSTORNOS DE DESENVOLVIMENTO DA FALA OU DA LINGUAGEM 
2026-07-27 16:46:41;500769;SAO GABRIEL DO OESTE;6354265;CENTRAL DE REGULACAO DE SAO GABRIEL DO OESTE;500769;SAO GABRIEL DO OESTE;1;1;2026-04-21 14:54:03;3100000;RESSONANCIA MAGNETICA DE CRANIO COM SEDACAO;3100000;GRUPO - RESSONANCIA MAGNETICA;0207010064;RESSONANCIA MAGNETICA DE CRANIO;MARIANA BERNARDI HEINZ;2023-03-20;RAQUELI BENICIO BERNARDI;706507309347896;16610918902;FEMININO;663099013;4;306;;;;R628;OUTRAS FORMAS DE RETARDO DO DESENVOLVIMENTO FISIOLOGICO NORMAL 
2026-07-27 16:46:41;500769;SAO GABRIEL DO OESTE;6354265;CENTRAL DE REGULACAO DE SAO GABRIEL DO OESTE;500769;SAO GABRIEL DO OESTE;1;1;2026-04-21 15:05:20;3100000;RESSONANCIA MAGNETICA DE CRANIO COM SEDACAO;3100000;GRUPO - RESSONANCIA MAGNETICA;0207010064;RESSONANCIA MAGNETICA DE CRANIO;YURI FERREIRA SILVA;2023-04-27;LUCILAINE FERREIRA DE MENEZES;708004867737526;11952542103;MASCULINO;663099281;4;314;;;;F80;TRANSTORNOS ESPECIFICOS DO DESENVOLVIMENTO DA FALA E DA LINGUAGEM
2026-07-27 16:46:41;500769;SAO GABRIEL DO OESTE;6354265;CENTRAL DE REGULACAO DE SAO GABRIEL DO OESTE;500769;SAO GABRIEL DO OESTE;1;1;2026-05-07 17:48:50;3100000;RESSONANCIA MAGNETICA DE CRANIO COM SEDACAO;3100000;GRUPO - RESSONANCIA MAGNETICA;0207010064;RESSONANCIA MAGNETICA DE CRANIO;ISABELA CARNEIRO OLIVEIRA;2022-05-06;LEIDIAMIRIA CARNEIRO DE FREITAS;704605678958722;11584117150;FEMININO;666365714;4;396;;;;R51;CEFALEIA 
2026-07-27 16:46:41;500769;SAO GABRIEL DO OESTE;6354265;CENTRAL DE REGULACAO DE SAO GABRIEL DO OESTE;500769;SAO GABRIEL DO OESTE;1;1;2026-04-22 16:58:09;3100000;RESSONANCIA MAGNETICA DE CRANIO COM SEDACAO;3100000;GRUPO - RESSONANCIA MAGNETICA;0207010064;RESSONANCIA MAGNETICA DE CRANIO;SUELI DELGADO DE SOUZA;1967-09-17;RAMONA DELGADO;706408625008682;00759136157;FEMININO;663381666;4;371;;;;D353;CONDUTO CRANIOFARINGEO 
2026-07-27 16:46:41;500769;SAO GABRIEL DO OESTE;6354265;CENTRAL DE REGULACAO DE SAO GABRIEL DO OESTE;500769;SAO GABRIEL DO OESTE;1;1;2026-04-22 14:35:12;3100000;RESSONANCIA MAGNETICA DE CRANIO COM SEDACAO;3100000;GRUPO - RESSONANCIA MAGNETICA;0207010064;RESSONANCIA MAGNETICA DE CRANIO;ISAAC HENRIQUE SANTOS DE OLIVEIRA;2023-09-14;BEATRIZ DOS SANTOS PEREIRA;702809646676166;12098052197;MASCULINO;663313688;4;362;;;;F80;TRANSTORNOS ESPECIFICOS DO DESENVOLVIMENTO DA FALA E DA LINGUAGEM
2026-07-27 16:46:41;500769;SAO GABRIEL DO OESTE;6354265;CENTRAL DE REGULACAO DE SAO GABRIEL DO OESTE;500769;SAO GABRIEL DO OESTE;1;1;2026-04-22 14:17:27;3100000;RESSONANCIA MAGNETICA DE CRANIO COM SEDACAO;3100000;GRUPO - RESSONANCIA MAGNETICA;0207010064;RESSONANCIA MAGNETICA DE CRANIO;ISABELLY VARGAS DA SILVA;2016-03-30;GISLAINE VARGAS;700009861657805;07756746139;FEMININO;663304511;4;357;;;;T90;SEQUELAS DE TRAUMATISMO DA CABECA
2026-07-27 16:46:41;500769;SAO GABRIEL DO OESTE;6354265;CENTRAL DE REGULACAO DE SAO GABRIEL DO OESTE;500769;SAO GABRIEL DO OESTE;1;1;2026-05-28 15:02:44;3100000;RESSONANCIA MAGNETICA DE CRANIO COM SEDACAO;3100000;GRUPO - RESSONANCIA MAGNETICA;0207010064;RESSONANCIA MAGNETICA DE CRANIO;MARIANA SOARES DA COSTA;2023-09-15;FLAVIA REGINA SOARES DOS SANTOS;708501363549575;12098915144;FEMININO;670488980;4;443;;;;Q75;OUTRAS MALFORMACOES CONGENITAS DOS OSSOS DO CRANIO E DA FACE
2026-07-27 16:46:41;500769;SAO GABRIEL DO OESTE;6354265;CENTRAL DE REGULACAO DE SAO GABRIEL DO OESTE;500769;SAO GABRIEL DO OESTE;1;1;2026-05-28 14:26:05;3100000;RESSONANCIA MAGNETICA DE CRANIO COM SEDACAO;3100000;GRUPO - RESSONANCIA MAGNETICA;0207010064;RESSONANCIA MAGNETICA DE CRANIO;HEITOR CONTI GRANCE;2017-11-06;MARIA APARECIDA CONTI PANIAGO;706205713622470;08773207136;MASCULINO;670470935;4;440;;;;G80;PARALISIA CEREBRAL INFANTIL
2026-07-27 16:46:41;500769;SAO GABRIEL DO OESTE;6354265;CENTRAL DE REGULACAO DE SAO GABRIEL DO OESTE;500769;SAO GABRIEL DO OESTE;1;1;2026-06-02 17:01:52;3100000;RESSONANCIA MAGNETICA DE CRANIO COM SEDACAO;3100000;GRUPO - RESSONANCIA MAGNETICA;0207010064;RESSONANCIA MAGNETICA DE CRANIO;BERNARDO BALZAN GIARETTA;2015-07-29;SHAYANA JOYCE BALZAN LUNARDI;704002895311967;07411476102;MASCULINO;671427872;4;471;;;;G80;PARALISIA CEREBRAL INFANTIL
2026-07-27 16:46:41;500769;SAO GABRIEL DO OESTE;6354265;CENTRAL DE REGULACAO DE SAO GABRIEL DO OESTE;500769;SAO GABRIEL DO OESTE;1;1;2026-04-29 16:15:19;3100000;RESSONANCIA MAGNETICA DO JOELHO ESQUERDO COM CONTRASTE;3100000;GRUPO - RESSONANCIA MAGNETICA;0207030030;RESSONANCIA MAGNETICA DE MEMBRO INFERIOR (UNILATERAL);JOAQUIM GIACOMINI;1958-12-18;WLADISLAVA GIACOMINI;700109907821113;33504580925;MASCULINO;664849296;4;384;;;;M233;OUTROS TRANSTORNOS DO MENISCO 
2026-07-27 16:46:41;500769;SAO GABRIEL DO OESTE;6354265;CENTRAL DE REGULACAO DE SAO GABRIEL DO OESTE;500769;SAO GABRIEL DO OESTE;1;1;2026-04-10 16:36:07;3100000;RESSONANCIA MAGNETICA DE MEMBRO INFERIOR (UNILATERAL);3100000;GRUPO - RESSONANCIA MAGNETICA;0207030030;RESSONANCIA MAGNETICA DE MEMBRO INFERIOR (UNILATERAL);MARIA EDUARDA DA SILVA MATOS;2003-10-05;ELIZANGELA AUXILIADORA DA SILVA MATOS;705009612278356;07056700152;FEMININO;661497687;4;48;;;;S830;LUXACAO DA ROTULA [PATELA] 
2026-07-27 16:46:41;500769;SAO GABRIEL DO OESTE;6354265;CENTRAL DE REGULACAO DE SAO GABRIEL DO OESTE;500769;SAO GABRIEL DO OESTE;1;1;2026-04-10 16:01:57;3100000;RESSONANCIA MAGNETICA DE MEMBRO INFERIOR (UNILATERAL);3100000;GRUPO - RESSONANCIA MAGNETICA;0207030030;RESSONANCIA MAGNETICA DE MEMBRO INFERIOR (UNILATERAL);MOIZES LOPES DOS SANTOS;1964-10-17;RAMONA LOPES DOS SANTOS;702005852818187;36629677153;MASCULINO;661486940;4;43;;;;M232;TRANSTORNO DO MENISCO DEVIDO A RUPTURA OU LESAO ANTIGA 
2026-07-27 16:46:41;500769;SAO GABRIEL DO OESTE;6354265;CENTRAL DE REGULACAO DE SAO GABRIEL DO OESTE;500769;SAO GABRIEL DO OESTE;1;1;2026-04-09 15:56:56;3100000;RESSONANCIA MAGNETICA DE MEMBRO INFERIOR (UNILATERAL);3100000;GRUPO - RESSONANCIA MAGNETICA;0207030030;RESSONANCIA MAGNETICA DE MEMBRO INFERIOR (UNILATERAL);DELCON FERREIRA SA;1983-09-09;MARIA FERREIRA SA;706404679898186;00546775306;MASCULINO;661232850;4;24;;;;M224;CONDROMALACIA DA ROTULA 
2026-07-27 16:46:41;500769;SAO GABRIEL DO OESTE;6354265;CENTRAL DE REGULACAO DE SAO GABRIEL DO OESTE;500769;SAO GABRIEL DO OESTE;1;1;2026-04-08 18:01:19;3100000;RESSONANCIA MAGNETICA DE MEMBRO INFERIOR (UNILATERAL);3100000;GRUPO - RESSONANCIA MAGNETICA;0207030030;RESSONANCIA MAGNETICA DE MEMBRO INFERIOR (UNILATERAL);ANNE FERNANDES COELHO;1994-04-22;FATIMA DE JESUS FERNANDES COELHO;706402151604284;70697581110;FEMININO;660991360;4;22;;;;S999;TRAUMATISMOS NAO ESPECIFICADOS DO TORNOZELO E DO PE 
2026-07-27 16:46:41;500769;SAO GABRIEL DO OESTE;6354265;CENTRAL DE REGULACAO DE SAO GABRIEL DO OESTE;500769;SAO GABRIEL DO OESTE;1;1;2026-07-24 10:49:08;3500000;TOMOGRAFIA COMPUTADORIZADA DE ARTICULACOES DE MEMBRO INFERIOR;3500000;GRUPO - TOMOGRAFIA COMPUTADORIZADA;0206030029;TOMOGRAFIA COMPUTADORIZADA DE ARTICULACOES DE MEMBRO INFERIOR;GABRIEL PAULO OLIVEIRA INEZ DA SILVA;2009-09-18;MARILI DA COSTA OLIVEIRA;708306773455860;08779985157;MASCULINO;680997938;4;172;;;;S823;FRATURA DA EXTREMIDADE DISTAL DA TIBIA 
2026-07-27 16:46:41;500769;SAO GABRIEL DO OESTE;6354265;CENTRAL DE REGULACAO DE SAO GABRIEL DO OESTE;500769;SAO GABRIEL DO OESTE;1;1;2026-04-17 17:47:28;3100000;RESSONANCIA MAGNETICA DE BACIA/ PELVE/ABDOMEN INFERIOR COM CONTRASTE;3100000;GRUPO - RESSONANCIA MAGNETICA;0207030022;RESSONANCIA MAGNETICA DE BACIA / PELVE / ABDOMEN INFERIOR;INES PEREIRA DOS SANTOS;1964-02-02;ELIDIA BARBOSA DOS SANTOS;700103851395690;04899495846;FEMININO;662943608;4;185;;;;S832;RUPTURA DO MENISCO, ATUAL 
2026-07-27 16:46:41;500769;SAO GABRIEL DO OESTE;6354265;CENTRAL DE REGULACAO DE SAO GABRIEL DO OESTE;500769;SAO GABRIEL DO OESTE;1;1;2026-07-10 16:06:39;3100000;RESSONANCIA MAGNETICA DE BACIA/ PELVE/ABDOMEN INFERIOR COM CONTRASTE;3100000;GRUPO - RESSONANCIA MAGNETICA;0207030022;RESSONANCIA MAGNETICA DE BACIA / PELVE / ABDOMEN INFERIOR;VALDECIR NATAL ANDREAZZA;1953-08-10;IRENE LAZZAROTTO ANDREAZZA;700007514157209;19104596072;MASCULINO;678441139;4;539;;;;N40;HIPERPLASIA DA PROSTATA 
2026-07-27 16:46:41;500769;SAO GABRIEL DO OESTE;6354265;CENTRAL DE REGULACAO DE SAO GABRIEL DO OESTE;500769;SAO GABRIEL DO OESTE;1;1;2026-04-17 08:30:59;3100000;RESSONANCIA MAGNETICA DE QUADRIL DIREITO;3100000;GRUPO - RESSONANCIA MAGNETICA;0207030030;RESSONANCIA MAGNETICA DE MEMBRO INFERIOR (UNILATERAL);CRISTIANE NASCIMENTO SANTOS SOUZA;1985-04-07;MARIA APARECIDA BALBINO NASCIMENTO SANTOS;701803201028970;01558258108;FEMININO;662728580;4;123;;;;M25;OUTROS TRANSTORNOS ARTICULARES NAO CLASSIFICADOS EM OUTRA PARTE
2026-07-27 16:46:41;500769;SAO GABRIEL DO OESTE;6354265;CENTRAL DE REGULACAO DE SAO GABRIEL DO OESTE;500769;SAO GABRIEL DO OESTE;1;1;2026-04-21 14:47:05;3100000;RESSONANCIA MAGNETICA DE PE ESQUERDO;3100000;GRUPO - RESSONANCIA MAGNETICA;0207030030;RESSONANCIA MAGNETICA DE MEMBRO INFERIOR (UNILATERAL);JOSE DE SOUZA;1962-04-20;APARECIDA DE SOUZA;706200011585368;60039132153;MASCULINO;663098867;4;301;;;;M713;OUTROS CISTOS DE BOLSA SINOVIAL 
2026-07-27 16:46:41;500769;SAO GABRIEL DO OESTE;6452116;CENTRO DE ESPECIALIDADES MEDICAS;500769;SAO GABRIEL DO OESTE;1;1;2026-05-13 16:23:09;3100000;RESSONANCIA MAGNETICA DE MEMBRO INFERIOR - ESQUERDO;3100000;GRUPO - RESSONANCIA MAGNETICA;0207030030;RESSONANCIA MAGNETICA DE MEMBRO INFERIOR (UNILATERAL);BRENDA ALVES DA SILVA;1997-07-05;TELMA CRISTINA DO AMARAL ALVES;702803659477765;04111610161;FEMININO;667441808;4;403;;;;S835;ENTORSE E DISTENSAO ENVOLVENDO LIGAMENTO CRUZADO (ANTERIOR) (POSTERIOR) DO JOELHO 
2026-07-27 16:46:41;500769;SAO GABRIEL DO OESTE;6354265;CENTRAL DE REGULACAO DE SAO GABRIEL DO OESTE;500769;SAO GABRIEL DO OESTE;1;1;2026-05-13 11:01:14;3100000;RESSONANCIA MAGNETICA DE MEMBRO INFERIOR - ESQUERDO;3100000;GRUPO - RESSONANCIA MAGNETICA;0207030030;RESSONANCIA MAGNETICA DE MEMBRO INFERIOR (UNILATERAL);ANA VILELA DOS SANTOS DA SILVA;1996-11-12;ROSALINA VILELA GOMES DOS SANTOS;704002384369463;04580283120;FEMININO;667311325;4;402;;;;I839;VARIZES DOS MEMBROS INFERIORES SEM ULCERA OU INFLAMACAO 
2026-07-27 16:46:41;500769;SAO GABRIEL DO OESTE;6354265;CENTRAL DE REGULACAO DE SAO GABRIEL DO OESTE;500769;SAO GABRIEL DO OESTE;1;1;2026-06-15 09:30:58;3100000;RESSONANCIA MAGNETICA DE MEMBRO INFERIOR - ESQUERDO;3100000;GRUPO - RESSONANCIA MAGNETICA;0207030030;RESSONANCIA MAGNETICA DE MEMBRO INFERIOR (UNILATERAL);MARIA APARECIDA ALVES;1972-07-11;DIRCE DE SOUZA GOMIDES;707602202882398;87466899153;FEMININO;673329738;4;493;;;;M179;GONARTROSE NAO ESPECIFICADA 
2026-07-27 16:46:41;500769;SAO GABRIEL DO OESTE;6354265;CENTRAL DE REGULACAO DE SAO GABRIEL DO OESTE;500769;SAO GABRIEL DO OESTE;1;1;2026-04-10 15:37:52;3100000;RESSONANCIA MAGNETICA DE MEMBRO SUPERIOR (UNILATERAL);3100000;GRUPO - RESSONANCIA MAGNETICA;0207020027;RESSONANCIA MAGNETICA DE MEMBRO SUPERIOR (UNILATERAL);MAURO MARCIO MONTEIRO;1961-09-17;DIRCE ALVES GIMENES;700204995359225;31187110191;MASCULINO;661477661;4;40;;;;M75;LESOES DO OMBRO
2026-07-27 16:46:41;500769;SAO GABRIEL DO OESTE;6354265;CENTRAL DE REGULACAO DE SAO GABRIEL DO OESTE;500769;SAO GABRIEL DO OESTE;1;1;2026-05-28 16:50:40;3100000;RESSONANCIA MAGNETICA DE BACIA /PELVE/ABDOMEN INFERIOR C/SEDACAO;3100000;GRUPO - RESSONANCIA MAGNETICA;0207030022;RESSONANCIA MAGNETICA DE BACIA / PELVE / ABDOMEN INFERIOR;RAIMUNDO BENTO SOBRINHO;1948-01-02;MARIA JOSE DA CONCEICAO;704709024317240;87830841853;MASCULINO;670534183;4;455;;;;C61;NEOPLASIA MALIGNA DA PROSTATA 
2026-07-27 16:46:41;500769;SAO GABRIEL DO OESTE;6354265;CENTRAL DE REGULACAO DE SAO GABRIEL DO OESTE;500769;SAO GABRIEL DO OESTE;1;1;2026-04-16 09:25:11;3100000;RESSONANCIA MAGNETICA DE TORNOZELO ESQUERDO;3100000;GRUPO - RESSONANCIA MAGNETICA;0207030030;RESSONANCIA MAGNETICA DE MEMBRO INFERIOR (UNILATERAL);ALEXSANDRO APARECIDO DA SILVA;1977-03-29;MARIA DE LOURDES MIRANDA DA SILVA;706904137904036;01988618932;MASCULINO;662479054;4;85;;;;M766;TENDINITE AQUILEANA 
2026-07-27 16:46:41;500769;SAO GABRIEL DO OESTE;6354265;CENTRAL DE REGULACAO DE SAO GABRIEL DO OESTE;500769;SAO GABRIEL DO OESTE;1;1;2026-04-17 10:24:14;3100000;RESSONANCIA MAGNETICA DE TORNOZELO ESQUERDO;3100000;GRUPO - RESSONANCIA MAGNETICA;0207030030;RESSONANCIA MAGNETICA DE MEMBRO INFERIOR (UNILATERAL);DIEGO SALES BIANO;1999-09-03;FRANCISCA DA SILVA SALES;707402010241272;03299168150;MASCULINO;662788348;4;145;;;;M199;ARTROSE NAO ESPECIFICADA 
2026-07-27 16:46:41;500769;SAO GABRIEL DO OESTE;6354265;CENTRAL DE REGULACAO DE SAO GABRIEL DO OESTE;500769;SAO GABRIEL DO OESTE;1;1;2026-04-21 12:58:09;3100000;RESSONANCIA MAGNETICA DE TORNOZELO ESQUERDO;3100000;GRUPO - RESSONANCIA MAGNETICA;0207030030;RESSONANCIA MAGNETICA DE MEMBRO INFERIOR (UNILATERAL);MARIA VALDINETE DO CARMO SILVA BONNES;1983-04-21;VALDINETE FRANCELINO DO CARMO SILVA;706804779190629;02478705109;FEMININO;663096966;4;227;;;;S934;ENTORSE E DISTENSAO DO TORNOZELO 
2026-07-27 16:46:41;500769;SAO GABRIEL DO OESTE;6354265;CENTRAL DE REGULACAO DE SAO GABRIEL DO OESTE;500769;SAO GABRIEL DO OESTE;1;1;2026-04-21 15:23:54;3100000;RESSONANCIA MAGNETICA DE TORNOZELO ESQUERDO;3100000;GRUPO - RESSONANCIA MAGNETICA;0207030030;RESSONANCIA MAGNETICA DE MEMBRO INFERIOR (UNILATERAL);SIRLEI ARBO BONES;1980-09-12;ADELAIDE BONES;701002859985096;00013305190;FEMININO;663099679;4;331;;;;M767;TENDINITE DO PERONEO 
2026-07-27 16:46:41;500769;SAO GABRIEL DO OESTE;6354265;CENTRAL DE REGULACAO DE SAO GABRIEL DO OESTE;500769;SAO GABRIEL DO OESTE;1;1;2026-04-21 15:13:43;3100000;RESSONANCIA MAGNETICA DE TORNOZELO ESQUERDO;3100000;GRUPO - RESSONANCIA MAGNETICA;0207030030;RESSONANCIA MAGNETICA DE MEMBRO INFERIOR (UNILATERAL);ZELI MARIA DAL SANTO;1961-05-08;ERENI MARIA DE JESUS;702406531118226;02183287969;FEMININO;663099466;4;320;;;;M255;DOR ARTICULAR 
2026-07-27 16:46:41;500769;SAO GABRIEL DO OESTE;6354265;CENTRAL DE REGULACAO DE SAO GABRIEL DO OESTE;500769;SAO GABRIEL DO OESTE;1;1;2026-04-14 11:55:12;3100000;RESSONANCIA MAGNETICA DE QUADRIL ESQUERDO;3100000;GRUPO - RESSONANCIA MAGNETICA;0207030030;RESSONANCIA MAGNETICA DE MEMBRO INFERIOR (UNILATERAL);EZEQUIEL FRANCISCO GABILON;1972-12-02;JACINTA GABILON;707006869412334;60927852187;MASCULINO;661988853;4;58;;;;M161;OUTRAS COXARTROSES PRIMARIAS 
2026-07-27 16:46:41;500769;SAO GABRIEL DO OESTE;6354265;CENTRAL DE REGULACAO DE SAO GABRIEL DO OESTE;500769;SAO GABRIEL DO OESTE;1;1;2026-04-21 12:07:45;3100000;RESSONANCIA MAGNETICA DE QUADRIL ESQUERDO;3100000;GRUPO - RESSONANCIA MAGNETICA;0207030030;RESSONANCIA MAGNETICA DE MEMBRO INFERIOR (UNILATERAL);MARIA SONIA DOS SANTOS;1959-03-17;ELIZEUDA MARTINS DIAS;706503326459393;79330282172;FEMININO;663096308;4;197;;;;M161;OUTRAS COXARTROSES PRIMARIAS 
2026-07-27 16:46:41;500769;SAO GABRIEL DO OESTE;6354265;CENTRAL DE REGULACAO DE SAO GABRIEL DO OESTE;500769;SAO GABRIEL DO OESTE;1;1;2026-07-27 09:27:00;3100000;RESSONANCIA MAGNETICA DE QUADRIL ESQUERDO;3100000;GRUPO - RESSONANCIA MAGNETICA;0207030030;RESSONANCIA MAGNETICA DE MEMBRO INFERIOR (UNILATERAL);EDVANIA CLARINDO PAES;1976-12-03;GERUSA SEBASTIANA DA SILVA PAES;700807937067389;05053982490;FEMININO;681214524;4;580;;;;M255;DOR ARTICULAR 
2026-07-27 16:46:41;500769;SAO GABRIEL DO OESTE;6354265;CENTRAL DE REGULACAO DE SAO GABRIEL DO OESTE;500769;SAO GABRIEL DO OESTE;1;1;2026-04-17 08:36:39;3100000;RESSONANCIA MAGNETICA DE SACRO-ILIACA ESQUERDA;3100000;GRUPO - RESSONANCIA MAGNETICA;0207030030;RESSONANCIA MAGNETICA DE MEMBRO INFERIOR (UNILATERAL);CRISTIANE NASCIMENTO SANTOS SOUZA;1985-04-07;MARIA APARECIDA BALBINO NASCIMENTO SANTOS;701803201028970;01558258108;FEMININO;662731041;4;124;;;;M545;DOR LOMBAR BAIXA 
2026-07-27 16:46:41;500769;SAO GABRIEL DO OESTE;6354265;CENTRAL DE REGULACAO DE SAO GABRIEL DO OESTE;500769;SAO GABRIEL DO OESTE;1;1;2026-04-17 14:56:16;3100000;RESSONANCIA MAGNETICA DE SELA TURCICA;3100000;GRUPO - RESSONANCIA MAGNETICA;0207010072;RESSONANCIA MAGNETICA DE SELA TURCICA;ELIZABETH VITORIA SANTOS DE PAULA;2018-05-01;LENICE SANTOS DE MATOS;707007883431937;09300416154;FEMININO;662893090;4;156;;;;E230;HIPOPITUITARISMO 
2026-07-27 16:46:41;500769;SAO GABRIEL DO OESTE;6354265;CENTRAL DE REGULACAO DE SAO GABRIEL DO OESTE;500769;SAO GABRIEL DO OESTE;1;1;2026-07-08 15:03:12;3100000;RESSONANCIA MAGNETICA DE OMBRO DIREITO COM SEDACAO;3100000;GRUPO - RESSONANCIA MAGNETICA;0207020027;RESSONANCIA MAGNETICA DE MEMBRO SUPERIOR (UNILATERAL);MARILENE LEONEL FERREIRA DA SILVA;1964-06-23;JOANA FERREIRA LACERDA;708709102681998;65404122153;FEMININO;677927198;4;531;;;;M751;SINDROME DO MANGUITO ROTADOR 
2026-07-27 16:46:41;500769;SAO GABRIEL DO OESTE;6354265;CENTRAL DE REGULACAO DE SAO GABRIEL DO OESTE;500769;SAO GABRIEL DO OESTE;1;1;2026-04-17 15:30:40;3100000;RESSONANCIA MAGNETICA DE PE DIREITO;3100000;GRUPO - RESSONANCIA MAGNETICA;0207030030;RESSONANCIA MAGNETICA DE MEMBRO INFERIOR (UNILATERAL);EVA MARIA GIACOMINI;1958-11-13;TEREZA COMELI VIEIRA;708009306834926;02245777190;FEMININO;662907266;4;162;;;;M774;METATARSALGIA 
2026-07-27 16:46:41;500769;SAO GABRIEL DO OESTE;6354265;CENTRAL DE REGULACAO DE SAO GABRIEL DO OESTE;500769;SAO GABRIEL DO OESTE;1;1;2026-04-21 13:32:23;3100000;RESSONANCIA MAGNETICA DE COTOVELO ESQUERDO;3100000;GRUPO - RESSONANCIA MAGNETICA;0207020027;RESSONANCIA MAGNETICA DE MEMBRO SUPERIOR (UNILATERAL);MARIA DE FATIMA PEREIRA DOS SANTOS;1969-10-13;VERGILIA PEREIRA DOS SANTOS;706009814658042;58357920187;FEMININO;663097427;4;252;;;;M771;EPICONDILITE LATERAL 
2026-07-27 16:46:41;500769;SAO GABRIEL DO OESTE;6354265;CENTRAL DE REGULACAO DE SAO GABRIEL DO OESTE;500769;SAO GABRIEL DO OESTE;1;1;2026-06-02 17:31:56;3100000;RESSONANCIA MAGNETICA DE TORAX;3100000;GRUPO - RESSONANCIA MAGNETICA;0207020035;RESSONANCIA MAGNETICA DE TORAX;JUAREZ DOS SANTOS;1959-11-20;IDI MACHADO DOS SANTOS;704800060984546;54249341100;MASCULINO;671433945;4;472;;;;E329;DOENCA DO TIMO NAO ESPECIFICADA 
2026-07-27 16:46:41;500769;SAO GABRIEL DO OESTE;6354265;CENTRAL DE REGULACAO DE SAO GABRIEL DO OESTE;500769;SAO GABRIEL DO OESTE;1;1;2026-06-08 15:22:07;3100000;RESSONANCIA MAGNETICA DE TORNOZELO DIREITO;3100000;GRUPO - RESSONANCIA MAGNETICA;0207030030;RESSONANCIA MAGNETICA DE MEMBRO INFERIOR (UNILATERAL);MARA LUCIA PINTO AGUILAR DOS SANTOS;1968-03-12;MARIA ELVA AGUILAR;707604263430596;42152224191;FEMININO;672095223;4;476;;;;M722;FIBROMATOSE DA FASCIA PLANTAR 
2026-07-27 16:46:41;500769;SAO GABRIEL DO OESTE;6354265;CENTRAL DE REGULACAO DE SAO GABRIEL DO OESTE;500769;SAO GABRIEL DO OESTE;1;1;2026-07-27 13:58:17;3100000;RESSONANCIA MAGNETICA DE TORNOZELO DIREITO;3100000;GRUPO - RESSONANCIA MAGNETICA;0207030030;RESSONANCIA MAGNETICA DE MEMBRO INFERIOR (UNILATERAL);APARECIDA DE FATIMA VIEIRA WERNECK;1966-04-04;APARECIDA CORREA VIEIRA;700206490925322;36737240100;FEMININO;681332230;4;582;;;;M255;DOR ARTICULAR 
2026-07-27 16:46:41;500769;SAO GABRIEL DO OESTE;2370999;UNIDADE DE SAUDE DA FAMILIA FENIX IV;500769;SAO GABRIEL DO OESTE;1;1;2026-07-14 09:45:02;3500000;TOMOGRAFIA COMPUTADORIZADA DE PESCOCO SEM CONTRASTE;3500000;GRUPO - TOMOGRAFIA COMPUTADORIZADA;0206010052;TOMOGRAFIA COMPUTADORIZADA DO PESCOCO;OSVALDO BARIA;1946-07-09;MARIA APARECIDA GONCALVES DA SILVA BARIA;700408488040440;22025405120;MASCULINO;678843170;4;152;;;;C61;NEOPLASIA MALIGNA DA PROSTATA 
2026-07-27 16:46:41;500769;SAO GABRIEL DO OESTE;6354265;CENTRAL DE REGULACAO DE SAO GABRIEL DO OESTE;500769;SAO GABRIEL DO OESTE;1;1;2026-07-08 15:03:12;3100000;RESSONANCIA MAGNETICA DE OMBRO ESQUERDO COM SEDACAO;3100000;GRUPO - RESSONANCIA MAGNETICA;0207020027;RESSONANCIA MAGNETICA DE MEMBRO SUPERIOR (UNILATERAL);MARILENE LEONEL FERREIRA DA SILVA;1964-06-23;JOANA FERREIRA LACERDA;708709102681998;65404122153;FEMININO;677927198;4;531;;;;M751;SINDROME DO MANGUITO ROTADOR 
2026-07-27 16:46:41;500769;SAO GABRIEL DO OESTE;2370999;UNIDADE DE SAUDE DA FAMILIA FENIX IV;500769;SAO GABRIEL DO OESTE;1;1;2026-06-24 15:00:10;3500000;TOMOGRAFIA COMPUTADORIZADA DE COLUNA LOMBAR COM CONTRASTE;3500000;GRUPO - TOMOGRAFIA COMPUTADORIZADA;0206010028;TOMOGRAFIA COMPUTADORIZADA DE COLUNA LOMBO-SACRA C/ OU S/ CONTRASTE;TERESINHA SANTANA MACARIO DE PAULA;1969-10-12;JOSEFA SANTANA MACARIO;701403615841238;18452526830;FEMININO;675312849;4;121;;;;M544;LUMBAGO COM CIATICA 
2026-07-27 16:46:41;500769;SAO GABRIEL DO OESTE;2370999;UNIDADE DE SAUDE DA FAMILIA FENIX IV;500769;SAO GABRIEL DO OESTE;1;1;2026-06-22 09:14:36;3500000;TOMOGRAFIA COMPUTADORIZADA DE COLUNA LOMBAR COM CONTRASTE;3500000;GRUPO - TOMOGRAFIA COMPUTADORIZADA;0206010028;TOMOGRAFIA COMPUTADORIZADA DE COLUNA LOMBO-SACRA C/ OU S/ CONTRASTE;HELIO VILASBOAS;1980-01-15;IRACY FERREIRA DA SILVA;700002099193406;90581695100;MASCULINO;674679424;4;117;;;;M545;DOR LOMBAR BAIXA 
2026-07-27 16:46:41;500769;SAO GABRIEL DO OESTE;6354265;CENTRAL DE REGULACAO DE SAO GABRIEL DO OESTE;500769;SAO GABRIEL DO OESTE;1;1;2026-04-17 10:39:29;3100000;RESSONANCIA MAGNETICA DE MAO/PUNHO DIREITO;3100000;GRUPO - RESSONANCIA MAGNETICA;0207020027;RESSONANCIA MAGNETICA DE MEMBRO SUPERIOR (UNILATERAL);DANIEL ROCHA DE OLIVEIRA;2001-10-27;MIRIAN ROCHA CAVALCANTE DE OLIVEIRA;703405257650512;03605319114;MASCULINO;662797331;4;148;;;;S602;CONTUSAO DE OUTRAS PARTES DO PUNHO E DA MAO 
2026-07-27 16:46:41;500769;SAO GABRIEL DO OESTE;6452116;CENTRO DE ESPECIALIDADES MEDICAS;500769;SAO GABRIEL DO OESTE;1;1;2026-06-18 11:30:05;3100000;RESSONANCIA MAGNETICA DE MEMBRO SUPERIOR - ESQUERDO;3100000;GRUPO - RESSONANCIA MAGNETICA;0207020027;RESSONANCIA MAGNETICA DE MEMBRO SUPERIOR (UNILATERAL);SILVIO ROBERTO PROCOPIO DA SILVA;1957-03-25;JOSEFA PROCOPIO DA SILVA;702005841679482;83116842191;MASCULINO;674238967;4;500;;;;M755;BURSITE DO OMBRO 
2026-07-27 16:46:41;500769;SAO GABRIEL DO OESTE;6354265;CENTRAL DE REGULACAO DE SAO GABRIEL DO OESTE;500769;SAO GABRIEL DO OESTE;1;1;2026-07-01 16:22:37;3500000;TOMOGRAFIA COMPUTADORIZADA DO TORNOZELO DIREITO COM CONTRASTE;3500000;GRUPO - TOMOGRAFIA COMPUTADORIZADA;0206030029;TOMOGRAFIA COMPUTADORIZADA DE ARTICULACOES DE MEMBRO INFERIOR;ANDREIA DA SILVA BORGES;2002-03-20;JACIRA DA CRUZ DA SILVA;702806155800565;05973948145;FEMININO;676586715;4;131;;;;D180;HEMANGIOMA DE QUALQUER LOCALIZACAO 
2026-07-27 16:46:41;500769;SAO GABRIEL DO OESTE;6354265;CENTRAL DE REGULACAO DE SAO GABRIEL DO OESTE;500769;SAO GABRIEL DO OESTE;1;1;2026-04-09 15:49:27;3100000;RESSONANCIA MAGNETICA DE MAO ESQUERDA;3100000;GRUPO - RESSONANCIA MAGNETICA;0207020027;RESSONANCIA MAGNETICA DE MEMBRO SUPERIOR (UNILATERAL);DIEIVID ALVES BORGES;1999-08-15;CLENILDA FRANCISCA ALVES;708406772644561;06030259199;MASCULINO;661229518;3;3;;;;S602;CONTUSAO DE OUTRAS PARTES DO PUNHO E DA MAO 
2026-07-27 16:46:41;500769;SAO GABRIEL DO OESTE;6354265;CENTRAL DE REGULACAO DE SAO GABRIEL DO OESTE;500769;SAO GABRIEL DO OESTE;1;1;2026-04-10 14:58:00;3100000;RESSONANCIA MAGNETICA DE MAO ESQUERDA;3100000;GRUPO - RESSONANCIA MAGNETICA;0207020027;RESSONANCIA MAGNETICA DE MEMBRO SUPERIOR (UNILATERAL);MAIRA SANTOS COSTA;1985-05-15;CLAUDIMIRA DE SOUSA SANTOS;702600751190042;03458742506;FEMININO;661460859;4;37;;;;G560;SINDROME DO TUNEL DO CARPO 
2026-07-27 16:46:41;500769;SAO GABRIEL DO OESTE;6354265;CENTRAL DE REGULACAO DE SAO GABRIEL DO OESTE;500769;SAO GABRIEL DO OESTE;1;1;2026-04-15 17:51:39;3100000;RESSONANCIA MAGNETICA DE MAO ESQUERDA;3100000;GRUPO - RESSONANCIA MAGNETICA;0207020027;RESSONANCIA MAGNETICA DE MEMBRO SUPERIOR (UNILATERAL);ELISANDRA BARBOSA LOMBARDI;1989-09-13;ILMA FARIA BARBOSA;709604624410370;03567960199;FEMININO;662414541;3;14;;;;M75;LESOES DO OMBRO
2026-07-27 16:46:41;500769;SAO GABRIEL DO OESTE;6354265;CENTRAL DE REGULACAO DE SAO GABRIEL DO OESTE;500769;SAO GABRIEL DO OESTE;1;1;2026-04-28 17:30:36;3100000;RESSONANCIA MAGNETICA DE MAO ESQUERDA;3100000;GRUPO - RESSONANCIA MAGNETICA;0207020027;RESSONANCIA MAGNETICA DE MEMBRO SUPERIOR (UNILATERAL);IRANI GONCALVES DIAS;1965-07-05;VILMA VARGAS DIAS;702306119930610;46476318004;MASCULINO;664568590;4;382;;;;D23;OUTRAS NEOPLASIAS BENIGNAS DA PELE
2026-07-27 16:46:41;500769;SAO GABRIEL DO OESTE;6354265;CENTRAL DE REGULACAO DE SAO GABRIEL DO OESTE;500769;SAO GABRIEL DO OESTE;1;1;2026-05-28 14:30:08;3100000;RESSONANCIA MAGNETICA DE COLUNA LOMBO-SACRA COM SEDACAO;3100000;GRUPO - RESSONANCIA MAGNETICA;0207010048;RESSONANCIA MAGNETICA DE COLUNA LOMBO-SACRA;IODA MARIA INACIA RODA;1955-11-16;ANA PEREIRA CINTRA;705000025767556;54225183149;FEMININO;670472840;4;441;;;;M541;RADICULOPATIA 
2026-07-27 16:46:41;500769;SAO GABRIEL DO OESTE;6354265;CENTRAL DE REGULACAO DE SAO GABRIEL DO OESTE;500769;SAO GABRIEL DO OESTE;1;1;2026-06-08 09:55:32;3100000;RESSONANCIA MAGNETICA DE COLUNA LOMBO-SACRA COM SEDACAO;3100000;GRUPO - RESSONANCIA MAGNETICA;0207010048;RESSONANCIA MAGNETICA DE COLUNA LOMBO-SACRA;SIMONE ROSA DO CARMO;1977-09-08;DONATA DE OLIVEIRA ROSA;700501111637954;25204749802;FEMININO;671937996;4;474;;;;M511;TRANSTORNOS DE DISCOS LOMBARES E DE OUTROS DISCOS INTERVERTEBRAIS COM RADICULOPATIA 
2026-07-27 16:46:41;500769;SAO GABRIEL DO OESTE;6354265;CENTRAL DE REGULACAO DE SAO GABRIEL DO OESTE;500769;SAO GABRIEL DO OESTE;1;1;2026-05-28 16:35:24;3100000;RESSONANCIA MAGNETICA DE COLUNA LOMBO-SACRA COM SEDACAO;3100000;GRUPO - RESSONANCIA MAGNETICA;0207010048;RESSONANCIA MAGNETICA DE COLUNA LOMBO-SACRA;VALDIRA FERREIRA DO CARMO;1957-04-17;MARIA ALVES GOMES;705008073513159;56170238100;FEMININO;670529189;4;454;;;;M545;DOR LOMBAR BAIXA 
2026-07-27 16:46:41;500769;SAO GABRIEL DO OESTE;5971055;UNIDADE DE SAUDE DA FAMILIA VIII;500769;SAO GABRIEL DO OESTE;1;1;2026-07-27 09:37:55;0230000;USG MAO DIREITA;0230000;GRUPO - ULTRASSONOGRAFIA ARTICULACOES;0205020062;ULTRASSONOGRAFIA DE ARTICULACAO;ROSANE DOS SANTOS KUNRATH;1963-02-11;NOEMIA BARBOSA DOS SANTOS;708007818982027;88928993172;FEMININO;681220656;4;148;;;;Z000;EXAME MEDICO GERAL 
2026-07-27 16:46:41;500769;SAO GABRIEL DO OESTE;7002084;UNIDADE DE SAUDE DA FAMILIA IX;500769;SAO GABRIEL DO OESTE;1;1;2026-07-23 09:42:08;0230000;USG MAO DIREITA;0230000;GRUPO - ULTRASSONOGRAFIA ARTICULACOES;0205020062;ULTRASSONOGRAFIA DE ARTICULACAO;IDIMAR VIEIRA DO AMARAL CORREA;1982-01-08;FLORINDA VIEIRA DO AMARAL;700702976037173;00444920145;MASCULINO;680714160;4;138;;;;G560;SINDROME DO TUNEL DO CARPO 
2026-07-27 16:46:41;500769;SAO GABRIEL DO OESTE;6354265;CENTRAL DE REGULACAO DE SAO GABRIEL DO OESTE;500769;SAO GABRIEL DO OESTE;1;1;2026-07-01 16:22:37;3500000;TOMOGRAFIA COMPUTADORIZADA DE PERNA DIREITA;3500000;GRUPO - TOMOGRAFIA COMPUTADORIZADA;0206030029;TOMOGRAFIA COMPUTADORIZADA DE ARTICULACOES DE MEMBRO INFERIOR;ANDREIA DA SILVA BORGES;2002-03-20;JACIRA DA CRUZ DA SILVA;702806155800565;05973948145;FEMININO;676586715;4;131;;;;D180;HEMANGIOMA DE QUALQUER LOCALIZACAO 
2026-07-27 16:46:41;500769;SAO GABRIEL DO OESTE;6354265;CENTRAL DE REGULACAO DE SAO GABRIEL DO OESTE;500769;SAO GABRIEL DO OESTE;1;1;2026-05-13 08:17:04;3100000;RESSONANCIA MAGNETICA DE MEMBRO SUPERIOR - DIREITO;3100000;GRUPO - RESSONANCIA MAGNETICA;0207020027;RESSONANCIA MAGNETICA DE MEMBRO SUPERIOR (UNILATERAL);VAL KESSYA DOS SANTOS DE ALMEIDA MARQUES;1990-09-15;MARLI DOS SANTOS DE ALMEIDA;705506466638910;03091086160;FEMININO;667219010;4;399;;;;M751;SINDROME DO MANGUITO ROTADOR 
2026-07-27 16:46:41;500769;SAO GABRIEL DO OESTE;6452116;CENTRO DE ESPECIALIDADES MEDICAS;500769;SAO GABRIEL DO OESTE;1;1;2026-07-03 11:26:12;3100000;RESSONANCIA MAGNETICA DO JOELHO DIREITO COM CONTRASTE;3100000;GRUPO - RESSONANCIA MAGNETICA;0207030030;RESSONANCIA MAGNETICA DE MEMBRO INFERIOR (UNILATERAL);CRISTIE KEROLEN GAMARRA NEGRAO;1993-12-14;EDMARTA SILVA GAMARRA;708209161551447;04896117107;FEMININO;676984645;4;523;;;;S835;ENTORSE E DISTENSAO ENVOLVENDO LIGAMENTO CRUZADO (ANTERIOR) (POSTERIOR) DO JOELHO 
2026-07-27 16:46:41;500769;SAO GABRIEL DO OESTE;6354265;CENTRAL DE REGULACAO DE SAO GABRIEL DO OESTE;500769;SAO GABRIEL DO OESTE;1;1;2026-04-15 17:04:49;3100000;RESSONANCIA MAGNETICA DE TORNOZELO DIREITO;3100000;GRUPO - RESSONANCIA MAGNETICA;0207030030;RESSONANCIA MAGNETICA DE MEMBRO INFERIOR (UNILATERAL);GLACI SOARES RODRIGUES;1976-01-31;MARIA TEREZA SOARES RODRIGUES;700501370438559;02048592040;FEMININO;662405949;3;13;;;;S932;RUPTURA DE LIGAMENTOS AO NIVEL DO TORNOZELO E DO PE 
2026-07-27 16:46:41;500769;SAO GABRIEL DO OESTE;6354265;CENTRAL DE REGULACAO DE SAO GABRIEL DO OESTE;500769;SAO GABRIEL DO OESTE;1;1;2026-04-16 11:03:50;3100000;RESSONANCIA MAGNETICA DE TORNOZELO DIREITO;3100000;GRUPO - RESSONANCIA MAGNETICA;0207030030;RESSONANCIA MAGNETICA DE MEMBRO INFERIOR (UNILATERAL);ANA CAROLINY DAMASCENO REIS;1994-09-10;REGINA MARIA DE SOUSA DAMASCENO;700804498096085;06035286356;FEMININO;662541494;4;96;;;;S922;FRATURA DE OUTROS OSSOS DO TARSO 
2026-07-27 16:46:41;500769;SAO GABRIEL DO OESTE;6354265;CENTRAL DE REGULACAO DE SAO GABRIEL DO OESTE;500769;SAO GABRIEL DO OESTE;1;1;2026-04-17 10:32:43;3100000;RESSONANCIA MAGNETICA DE TORNOZELO DIREITO;3100000;GRUPO - RESSONANCIA MAGNETICA;0207030030;RESSONANCIA MAGNETICA DE MEMBRO INFERIOR (UNILATERAL);DIONIS DA PENHA CARVALHO;1988-04-10;MARIA DA PENHA;708405749824361;02370326190;MASCULINO;662793270;4;146;;;;M199;ARTROSE NAO ESPECIFICADA 
2026-07-27 16:46:41;500769;SAO GABRIEL DO OESTE;6354265;CENTRAL DE REGULACAO DE SAO GABRIEL DO OESTE;500769;SAO GABRIEL DO OESTE;1;1;2026-04-17 10:17:04;3100000;RESSONANCIA MAGNETICA DE TORNOZELO DIREITO;3100000;GRUPO - RESSONANCIA MAGNETICA;0207030030;RESSONANCIA MAGNETICA DE MEMBRO INFERIOR (UNILATERAL);CATARINA ALMEIDA ORMOND;1974-04-29;ANA FERREIRA DE ALMEIDA;703009867944878;01244713155;FEMININO;662784130;4;144;;;;M255;DOR ARTICULAR 
2026-07-27 16:46:41;500769;SAO GABRIEL DO OESTE;6354265;CENTRAL DE REGULACAO DE SAO GABRIEL DO OESTE;500769;SAO GABRIEL DO OESTE;1;1;2026-04-21 13:41:14;3100000;RESSONANCIA MAGNETICA DE TORNOZELO DIREITO;3100000;GRUPO - RESSONANCIA MAGNETICA;0207030030;RESSONANCIA MAGNETICA DE MEMBRO INFERIOR (UNILATERAL);MARIA CARDOZO GONCALVES DA SILVA;1965-04-09;NAIR CARDOZO GONCALVES;702802657084161;91144760100;FEMININO;663097569;4;257;;;;M179;GONARTROSE NAO ESPECIFICADA 
2026-07-27 16:46:41;500769;SAO GABRIEL DO OESTE;6354265;CENTRAL DE REGULACAO DE SAO GABRIEL DO OESTE;500769;SAO GABRIEL DO OESTE;1;1;2026-04-21 15:23:14;3100000;RESSONANCIA MAGNETICA DE TORNOZELO DIREITO;3100000;GRUPO - RESSONANCIA MAGNETICA;0207030030;RESSONANCIA MAGNETICA DE MEMBRO INFERIOR (UNILATERAL);MIRIAN RIBEIRO DOS SANTOS;1974-07-27;MARIA FAUSTINA RIBEIRO DOS SANTOS;700408451369341;57275041120;FEMININO;663099665;4;330;;;;S934;ENTORSE E DISTENSAO DO TORNOZELO 
2026-07-27 16:46:41;500769;SAO GABRIEL DO OESTE;6354265;CENTRAL DE REGULACAO DE SAO GABRIEL DO OESTE;500769;SAO GABRIEL DO OESTE;1;1;2026-07-08 15:00:55;3100000;RESSONANCIA MAGNETICA DE COLUNA CERVICAL/PESCOCO COM SEDACAO;3100000;GRUPO - RESSONANCIA MAGNETICA;0207010030;RESSONANCIA MAGNETICA DE COLUNA CERVICAL/PESCOÇO;MARILENE LEONEL FERREIRA DA SILVA;1964-06-23;JOANA FERREIRA LACERDA;708709102681998;65404122153;FEMININO;677926097;4;530;;;;M543;CIATICA 
2026-07-27 16:46:41;500769;SAO GABRIEL DO OESTE;6354265;CENTRAL DE REGULACAO DE SAO GABRIEL DO OESTE;500769;SAO GABRIEL DO OESTE;1;1;2026-07-01 16:22:37;3500000;TOMOGRAFIA COMPUTADORIZADA DE ARTICULACOES DE MEMBRO INFERIOR COM CONTRASTE;3500000;GRUPO - TOMOGRAFIA COMPUTADORIZADA;0206030029;TOMOGRAFIA COMPUTADORIZADA DE ARTICULACOES DE MEMBRO INFERIOR;ANDREIA DA SILVA BORGES;2002-03-20;JACIRA DA CRUZ DA SILVA;702806155800565;05973948145;FEMININO;676586715;4;131;;;;D180;HEMANGIOMA DE QUALQUER LOCALIZACAO 
2026-07-27 16:46:41;500769;SAO GABRIEL DO OESTE;6354265;CENTRAL DE REGULACAO DE SAO GABRIEL DO OESTE;500769;SAO GABRIEL DO OESTE;1;1;2026-05-28 14:49:22;3100000;RESSONANCIA MAGNETICA DE COXO-FEMURAL DIREITA;3100000;GRUPO - RESSONANCIA MAGNETICA;0207030030;RESSONANCIA MAGNETICA DE MEMBRO INFERIOR (UNILATERAL);MARISA PIRES DE ANDRADE;1972-12-27;EVA HONORIA DE ALMEIDA ANDRADE;704002800230166;00097364258;FEMININO;670482343;4;442;;;;M87;OSTEONECROSE
2026-07-27 16:46:41;500769;SAO GABRIEL DO OESTE;6354265;CENTRAL DE REGULACAO DE SAO GABRIEL DO OESTE;500769;SAO GABRIEL DO OESTE;1;1;2026-04-28 17:34:40;3100000;RESSONANCIA MAGNETICA DE MAO/PUNHO ESQUERDO;3100000;GRUPO - RESSONANCIA MAGNETICA;0207020027;RESSONANCIA MAGNETICA DE MEMBRO SUPERIOR (UNILATERAL);IRANI GONCALVES DIAS;1965-07-05;VILMA VARGAS DIAS;702306119930610;46476318004;MASCULINO;664569380;4;383;;;;D23;OUTRAS NEOPLASIAS BENIGNAS DA PELE
2026-07-27 16:46:41;500769;SAO GABRIEL DO OESTE;6354265;CENTRAL DE REGULACAO DE SAO GABRIEL DO OESTE;500769;SAO GABRIEL DO OESTE;1;1;2026-04-17 17:24:58;3100000;RESSONANCIA MAGNETICA DE PUNHO ESQUERDO;3100000;GRUPO - RESSONANCIA MAGNETICA;0207020027;RESSONANCIA MAGNETICA DE MEMBRO SUPERIOR (UNILATERAL);GENOIR DE BORTOLI;1972-06-24;JOSEFHINA BOTTIN DE BORTOLI;703003822130779;81716656915;MASCULINO;662940386;4;177;;;;M241;OUTROS TRANSTORNOS DAS CARTILAGENS ARTICULARES 
2026-07-27 16:46:41;500769;SAO GABRIEL DO OESTE;6354265;CENTRAL DE REGULACAO DE SAO GABRIEL DO OESTE;500769;SAO GABRIEL DO OESTE;1;1;2026-04-21 13:03:57;3100000;RESSONANCIA MAGNETICA DE PUNHO ESQUERDO;3100000;GRUPO - RESSONANCIA MAGNETICA;0207020027;RESSONANCIA MAGNETICA DE MEMBRO SUPERIOR (UNILATERAL);ARI CIDRAO ROSA;1985-08-16;MAYSA CIDRAO ROSA;700402951973846;96492457153;MASCULINO;663097049;4;234;;;;S525;FRATURA DA EXTREMIDADE DISTAL DO RADIO 
2026-07-27 16:46:41;500769;SAO GABRIEL DO OESTE;6354265;CENTRAL DE REGULACAO DE SAO GABRIEL DO OESTE;500769;SAO GABRIEL DO OESTE;1;1;2026-04-22 15:05:53;3100000;RESSONANCIA MAGNETICA DE PUNHO ESQUERDO;3100000;GRUPO - RESSONANCIA MAGNETICA;0207020027;RESSONANCIA MAGNETICA DE MEMBRO SUPERIOR (UNILATERAL);SANDRA REGINA DA SILVA;1982-04-27;ROMANA VICENTE DA SILVA;708509348522375;01959455141;FEMININO;663330312;4;365;;;;G560;SINDROME DO TUNEL DO CARPO 
2026-07-27 16:46:41;500769;SAO GABRIEL DO OESTE;6354265;CENTRAL DE REGULACAO DE SAO GABRIEL DO OESTE;500769;SAO GABRIEL DO OESTE;1;1;2026-05-28 11:35:48;3100000;RESSONANCIA MAGNETICA DE CRANIO COM CONTRASTE E SEDACAO;3100000;GRUPO - RESSONANCIA MAGNETICA;0207010064;RESSONANCIA MAGNETICA DE CRANIO;ANNE CARLA LIMA DA COSTA;1983-11-11;ROMILDA DE LIMA DA COSTA;702608252163349;07170571609;FEMININO;670411742;4;438;;;;G934;ENCEFALOPATIA NAO ESPECIFICADA 
2026-07-27 16:46:41;500769;SAO GABRIEL DO OESTE;6354265;CENTRAL DE REGULACAO DE SAO GABRIEL DO OESTE;500769;SAO GABRIEL DO OESTE;1;1;2026-06-18 10:45:09;3100000;RESSONANCIA MAGNETICA DE CRANIO COM CONTRASTE E SEDACAO;3100000;GRUPO - RESSONANCIA MAGNETICA;0207010064;RESSONANCIA MAGNETICA DE CRANIO;ANTHONY COIMBRA MIRANDA;2023-01-25;GISLAINE GOMES COIMBRA;702303575719320;11850325170;MASCULINO;674213431;4;499;;;;F90;TRANSTORNOS HIPERCINETICOS
2026-07-27 16:46:41;500769;SAO GABRIEL DO OESTE;6354265;CENTRAL DE REGULACAO DE SAO GABRIEL DO OESTE;500769;SAO GABRIEL DO OESTE;1;1;2026-04-17 17:24:58;3100000;RESSONANCIA MAGNETICA DE PUNHO DIREITO;3100000;GRUPO - RESSONANCIA MAGNETICA;0207020027;RESSONANCIA MAGNETICA DE MEMBRO SUPERIOR (UNILATERAL);GENOIR DE BORTOLI;1972-06-24;JOSEFHINA BOTTIN DE BORTOLI;703003822130779;81716656915;MASCULINO;662940386;4;177;;;;M241;OUTROS TRANSTORNOS DAS CARTILAGENS ARTICULARES 
2026-07-27 16:46:41;500769;SAO GABRIEL DO OESTE;6354265;CENTRAL DE REGULACAO DE SAO GABRIEL DO OESTE;500769;SAO GABRIEL DO OESTE;1;1;2026-05-28 15:34:40;3100000;RESSONANCIA MAGNETICA DE COLUNA TORACICA COM SEDACAO;3100000;GRUPO - RESSONANCIA MAGNETICA;0207010056;RESSONANCIA MAGNETICA DE COLUNA TORACICA;VALDIRA FERREIRA DO CARMO;1957-04-17;MARIA ALVES GOMES;705008073513159;56170238100;FEMININO;670504387;4;446;;;;M541;RADICULOPATIA 
2026-07-27 16:46:41;500769;SAO GABRIEL DO OESTE;6354265;CENTRAL DE REGULACAO DE SAO GABRIEL DO OESTE;500769;SAO GABRIEL DO OESTE;1;1;2026-04-08 16:28:31;3500000;TOMOGRAFIA COMPUTADORIZADA DE CRANIO COM SEDACAO;3500000;GRUPO - TOMOGRAFIA COMPUTADORIZADA;0206010079;TOMOGRAFIA COMPUTADORIZADA DO CRANIO;ARTHUR BLASZAKI LEMOS FILHO;2025-03-10;RAYZA COUTO CORREA;706701218502220;12497298157;MASCULINO;660970772;3;6;;;;G403;EPILEPSIA E SINDROMES EPILEPTICAS GENERALIZADAS IDIOPATICAS 
2026-07-27 16:46:41;500769;SAO GABRIEL DO OESTE;6354265;CENTRAL DE REGULACAO DE SAO GABRIEL DO OESTE;500769;SAO GABRIEL DO OESTE;1;1;2026-04-08 15:37:18;3500000;TOMOGRAFIA COMPUTADORIZADA DE CRANIO COM SEDACAO;3500000;GRUPO - TOMOGRAFIA COMPUTADORIZADA;0206010079;TOMOGRAFIA COMPUTADORIZADA DO CRANIO;HEITOR OLIVEIRA CELESTRINO;2021-06-16;MARCIELI OLIVEIRA ANTUNES;708407774742367;11208959107;MASCULINO;660949376;3;2;;;;F84;TRANSTORNOS GLOBAIS DO DESENVOLVIMENTO
2026-07-27 16:46:41;500769;SAO GABRIEL DO OESTE;6354265;CENTRAL DE REGULACAO DE SAO GABRIEL DO OESTE;500769;SAO GABRIEL DO OESTE;1;1;2026-04-08 15:31:04;3500000;TOMOGRAFIA COMPUTADORIZADA DE CRANIO COM SEDACAO;3500000;GRUPO - TOMOGRAFIA COMPUTADORIZADA;0206010079;TOMOGRAFIA COMPUTADORIZADA DO CRANIO;DAVI SILVA DOS SANTOS;1983-09-05;RAIMUNDA GOMES DA SILVA;700001878605407;53042301249;MASCULINO;660946355;3;1;;;;G930;CISTOS CEREBRAIS 
2026-07-27 16:46:41;500769;SAO GABRIEL DO OESTE;6354265;CENTRAL DE REGULACAO DE SAO GABRIEL DO OESTE;500769;SAO GABRIEL DO OESTE;1;1;2026-04-22 16:50:01;3500000;TOMOGRAFIA COMPUTADORIZADA DE CRANIO COM SEDACAO;3500000;GRUPO - TOMOGRAFIA COMPUTADORIZADA;0206010079;TOMOGRAFIA COMPUTADORIZADA DO CRANIO;MATHEUS SOUZA MATOS;2021-01-20;JAQUELINE SILVA DE SOUZA;706404335640390;11038182107;MASCULINO;663379162;4;43;;;;Q758;OUTRAS MALFORMACOES CONGENITAS ESPECIFICADAS DOS OSSOS DO CRANIO E DA FACE 
2026-07-27 16:46:41;500769;SAO GABRIEL DO OESTE;6354265;CENTRAL DE REGULACAO DE SAO GABRIEL DO OESTE;500769;SAO GABRIEL DO OESTE;1;1;2026-04-17 08:36:39;3100000;RESSONANCIA MAGNETICA DE SACRO-ILIACA DIREITA;3100000;GRUPO - RESSONANCIA MAGNETICA;0207030030;RESSONANCIA MAGNETICA DE MEMBRO INFERIOR (UNILATERAL);CRISTIANE NASCIMENTO SANTOS SOUZA;1985-04-07;MARIA APARECIDA BALBINO NASCIMENTO SANTOS;701803201028970;01558258108;FEMININO;662731041;4;124;;;;M545;DOR LOMBAR BAIXA 
