DATA DE EXPORTACAO;COD. CENTRAL REGULADORA;NOME CENTRAL REGULADORA;COD. CNES SOLICITANTE;NOME UNIDADE SOLICITANTE;COD. CENTRAL REGULADORA SOLICITANTE;NOME CENTRAL REGULADORA SOLICITANTE;COD. MODALIDADE FILA;COD. TIPO DE FILA;DATA/HORA DA SOLICITACAO;COD. INTERNO DO ITEM DO GRUPO DE PROCEDIMENTOS;DESC. INTERNA DO ITEM DO GRUPO DE PROCEDIMENTOS;COD. INTERNO DO GRUPO DE PROCEDIMENTOS;DESC. INTERNA DO GRUPO DE PROCEDIMENTOS;COD. SIGTAP;DESC. SIGTAP;NOME DO USUARIO;DATA DE NASCIMENTO DO USUARIO;NOME DA MAE DO USUARIO;CNS DO USUARIO;CPF DO USUARIO;SEXO DO USUARIO;COD. SOLICITACAO;COD. CLASSIFICACAO DE RISCO;POSICAO NA FILA;ESTIM. DE ATENDIMENTO DO PROCEDIMENTO;ESTIM. DE ATENDIMENTO DO PACIENTE;PRODUCAO MEDIA MENSAL DO PROCEDIMENTO;COD. CID;DESC. CID
2026-06-23 19:59:58;500769;SAO GABRIEL DO OESTE;8176132;CASA ROSA;500769;SAO GABRIEL DO OESTE;0;1;2026-06-18 17:57:32;0009001;CONSULTA EM GINECOLOGIA - GERAL;;;0301010072;CONSULTA MEDICA EM ATENÇÃO ESPECIALIZADA;JULIANA APARECIDA ALTAFINI;1984-12-29;MARIA JOSE LOPES FERNANDES;708007350770022;02264845139;FEMININO;674375646;4;65;29;12;165;Z001;EXAME DE ROTINA DE SAUDE DA CRIANCA 
2026-06-23 19:59:58;500769;SAO GABRIEL DO OESTE;5971055;UNIDADE DE SAUDE DA FAMILIA VIII;500769;SAO GABRIEL DO OESTE;0;1;2026-06-18 17:45:56;0009001;CONSULTA EM GINECOLOGIA - GERAL;;;0301010072;CONSULTA MEDICA EM ATENÇÃO ESPECIALIZADA;LAUREN VICTORIA VIEIRA DE MORAES;2014-12-07;VANESSA VIEIRA DA SILVA;709604678560877;11112848142;FEMININO;674373919;4;64;29;12;165;N949;AFECCOES NAO ESPECIFICADAS ASSOCIADAS COM OS ORGAOS GENITAIS FEMININOS E COM O CICLO MENSTRUAL 
2026-06-23 19:59:58;500769;SAO GABRIEL DO OESTE;8176132;CASA ROSA;500769;SAO GABRIEL DO OESTE;0;1;2026-06-18 17:27:06;0009001;CONSULTA EM GINECOLOGIA - GERAL;;;0301010072;CONSULTA MEDICA EM ATENÇÃO ESPECIALIZADA;MARIA DO CARMO PEREIRA DA SILVA;1973-07-17;APARECIDA MARGARIDA OLIVEIRA DA SILVA;700504168026752;63932520149;FEMININO;674370668;4;63;29;11;165;Z34;SUPERVISAO DE GRAVIDEZ NORMAL
2026-06-23 19:59:58;500769;SAO GABRIEL DO OESTE;8176132;CASA ROSA;500769;SAO GABRIEL DO OESTE;0;1;2026-06-18 14:54:41;0009001;CONSULTA EM GINECOLOGIA - GERAL;;;0301010072;CONSULTA MEDICA EM ATENÇÃO ESPECIALIZADA;CAROLINE FRANCIELE DE OLIVEIRA;1985-09-10;CLAUDETE MARISA SCHWINGEL DE OLIVEIRA;703607007386338;05713942996;FEMININO;674313193;4;62;29;11;165;Z00;EXAME GERAL E INVESTIGACAO DE PESSOAS SEM QUEIXAS OU DIAGNOSTICO RELATADO
2026-06-23 19:59:58;500769;SAO GABRIEL DO OESTE;8176132;CASA ROSA;500769;SAO GABRIEL DO OESTE;0;1;2026-06-18 11:52:36;0009001;CONSULTA EM GINECOLOGIA - GERAL;;;0301010072;CONSULTA MEDICA EM ATENÇÃO ESPECIALIZADA;LUANA ANDRADE MORAIS;1995-09-12;MARINALVA PEREIRA DE ANDRADE;700905942776594;05585704109;FEMININO;674249383;4;61;29;11;165;Z00;EXAME GERAL E INVESTIGACAO DE PESSOAS SEM QUEIXAS OU DIAGNOSTICO RELATADO
2026-06-23 19:59:58;500769;SAO GABRIEL DO OESTE;8176132;CASA ROSA;500769;SAO GABRIEL DO OESTE;0;1;2026-06-18 10:39:40;0009001;CONSULTA EM GINECOLOGIA - GERAL;;;0301010072;CONSULTA MEDICA EM ATENÇÃO ESPECIALIZADA;MARILENE DOS REIS LIMA;1991-05-29;MARILZA ROSA DOS REIS LIMA;706409114844389;01162773278;FEMININO;674209967;4;60;29;11;165;Z00;EXAME GERAL E INVESTIGACAO DE PESSOAS SEM QUEIXAS OU DIAGNOSTICO RELATADO
2026-06-23 19:59:58;500769;SAO GABRIEL DO OESTE;8176132;CASA ROSA;500769;SAO GABRIEL DO OESTE;0;1;2026-06-18 10:35:07;0009001;CONSULTA EM GINECOLOGIA - GERAL;;;0301010072;CONSULTA MEDICA EM ATENÇÃO ESPECIALIZADA;ADRIANA MARIA DOS SANTOS;1977-02-19;EDITE HELENA DOS SANTOS;708205161477243;98718568491;FEMININO;674207099;4;59;29;11;165;Z00;EXAME GERAL E INVESTIGACAO DE PESSOAS SEM QUEIXAS OU DIAGNOSTICO RELATADO
2026-06-23 19:59:58;500769;SAO GABRIEL DO OESTE;8176132;CASA ROSA;500769;SAO GABRIEL DO OESTE;0;1;2026-06-18 10:29:36;0009001;CONSULTA EM GINECOLOGIA - GERAL;;;0301010072;CONSULTA MEDICA EM ATENÇÃO ESPECIALIZADA;KARLA DAYANE DA SILVA;1993-11-19;NAILDA DE SOUZA DA SILVA;709605647842472;04984893109;FEMININO;674203684;4;58;29;11;165;Z001;EXAME DE ROTINA DE SAUDE DA CRIANCA 
2026-06-23 19:59:58;500769;SAO GABRIEL DO OESTE;7333218;UNIDADE DE SAUDE DA FAMILIA X;500769;SAO GABRIEL DO OESTE;0;1;2026-06-18 10:02:58;0009001;CONSULTA EM GINECOLOGIA - GERAL;;;0301010072;CONSULTA MEDICA EM ATENÇÃO ESPECIALIZADA;ELLEN CAROLINE ACOSTA MARQUES;2006-03-11;ROSILENE SILVA MARQUES;700807909736182;08543662109;FEMININO;674186935;4;57;29;10;165;N80;ENDOMETRIOSE
2026-06-23 19:59:58;500769;SAO GABRIEL DO OESTE;8176132;CASA ROSA;500769;SAO GABRIEL DO OESTE;0;1;2026-06-18 09:41:28;0009001;CONSULTA EM GINECOLOGIA - GERAL;;;0301010072;CONSULTA MEDICA EM ATENÇÃO ESPECIALIZADA;GENIFER MARTINEZ RODRIGUES;1986-05-24;VALDENICE MARTINEZ RODRIGUES;703006836286078;02577400152;FEMININO;674173885;4;56;29;10;165;Z001;EXAME DE ROTINA DE SAUDE DA CRIANCA 
2026-06-23 19:59:58;500769;SAO GABRIEL DO OESTE;8176132;CASA ROSA;500769;SAO GABRIEL DO OESTE;0;1;2026-06-18 09:01:46;0009001;CONSULTA EM GINECOLOGIA - GERAL;;;0301010072;CONSULTA MEDICA EM ATENÇÃO ESPECIALIZADA;GRECIANE DE FATIMA DE SOUZA;1986-01-05;EVA DE FATIMA SOUZA;708607567467385;04127398108;FEMININO;674150996;4;55;29;10;165;Z001;EXAME DE ROTINA DE SAUDE DA CRIANCA 
2026-06-23 19:59:58;500769;SAO GABRIEL DO OESTE;2599376;UNIDADE DE SAUDE DA FAMILIA VI;500769;SAO GABRIEL DO OESTE;0;1;2026-06-17 16:24:55;0009001;CONSULTA EM GINECOLOGIA - GERAL;;;0301010072;CONSULTA MEDICA EM ATENÇÃO ESPECIALIZADA;ROSANGELA MENDES PEDROZO DA SILVA;1995-02-26;BENEDITA MENDES PEDROZO;706202095344466;05833716128;FEMININO;674084137;4;54;29;10;165;N63;NODULO MAMARIO NAO ESPECIFICADO 
2026-06-23 19:59:58;500769;SAO GABRIEL DO OESTE;8176132;CASA ROSA;500769;SAO GABRIEL DO OESTE;0;1;2026-06-17 15:37:37;0009001;CONSULTA EM GINECOLOGIA - GERAL;;;0301010072;CONSULTA MEDICA EM ATENÇÃO ESPECIALIZADA;NUBIA PAULINO GOMES PASQUALLI;1987-09-06;MARIA PAULINO FILHA;704103260509050;02281394140;FEMININO;674069074;4;53;29;10;165;Z001;EXAME DE ROTINA DE SAUDE DA CRIANCA 
2026-06-23 19:59:58;500769;SAO GABRIEL DO OESTE;8176132;CASA ROSA;500769;SAO GABRIEL DO OESTE;0;1;2026-06-17 14:47:33;0009001;CONSULTA EM GINECOLOGIA - GERAL;;;0301010072;CONSULTA MEDICA EM ATENÇÃO ESPECIALIZADA;MARIA DO CARMO RITH;1953-08-16;LUIZA RITH;700406465432847;33133115049;FEMININO;674048968;4;52;29;9;165;Z001;EXAME DE ROTINA DE SAUDE DA CRIANCA 
2026-06-23 19:59:58;500769;SAO GABRIEL DO OESTE;8176132;CASA ROSA;500769;SAO GABRIEL DO OESTE;0;1;2026-06-17 09:37:14;0009001;CONSULTA EM GINECOLOGIA - GERAL;;;0301010072;CONSULTA MEDICA EM ATENÇÃO ESPECIALIZADA;VALDREIA APARECIDA NEVES;1982-04-18;EVANI VASCO;708607052539181;97653527191;FEMININO;673907864;4;51;29;9;165;Z00;EXAME GERAL E INVESTIGACAO DE PESSOAS SEM QUEIXAS OU DIAGNOSTICO RELATADO
2026-06-23 19:59:58;500769;SAO GABRIEL DO OESTE;8176132;CASA ROSA;500769;SAO GABRIEL DO OESTE;0;1;2026-06-17 09:26:23;0009001;CONSULTA EM GINECOLOGIA - GERAL;;;0301010072;CONSULTA MEDICA EM ATENÇÃO ESPECIALIZADA;NONATA RAIMUNDA PEREIRA;1981-03-10;RAIMUNDA PEREIRA;706505322636292;89920490130;FEMININO;673901362;4;50;29;9;165;Z00;EXAME GERAL E INVESTIGACAO DE PESSOAS SEM QUEIXAS OU DIAGNOSTICO RELATADO
2026-06-23 19:59:58;500769;SAO GABRIEL DO OESTE;8176132;CASA ROSA;500769;SAO GABRIEL DO OESTE;0;1;2026-06-17 08:52:17;0009001;CONSULTA EM GINECOLOGIA - GERAL;;;0301010072;CONSULTA MEDICA EM ATENÇÃO ESPECIALIZADA;ANDREIA MARQUES ALVES;2005-12-05;VERA LUCIA BLAN MARQUES ALVES;700701981217779;06331247106;FEMININO;673881693;4;49;29;9;165;Z00;EXAME GERAL E INVESTIGACAO DE PESSOAS SEM QUEIXAS OU DIAGNOSTICO RELATADO
2026-06-23 19:59:58;500769;SAO GABRIEL DO OESTE;8176132;CASA ROSA;500769;SAO GABRIEL DO OESTE;0;1;2026-06-16 17:03:25;0009001;CONSULTA EM GINECOLOGIA - GERAL;;;0301010072;CONSULTA MEDICA EM ATENÇÃO ESPECIALIZADA;HIOLANDA INACIA SOUZA;1953-05-10;ANA PEREIRA SINTRA;704703736506032;60979062187;FEMININO;673825460;4;48;29;9;165;Z00;EXAME GERAL E INVESTIGACAO DE PESSOAS SEM QUEIXAS OU DIAGNOSTICO RELATADO
2026-06-23 19:59:58;500769;SAO GABRIEL DO OESTE;8176132;CASA ROSA;500769;SAO GABRIEL DO OESTE;0;1;2026-06-16 16:25:43;0009001;CONSULTA EM GINECOLOGIA - GERAL;;;0301010072;CONSULTA MEDICA EM ATENÇÃO ESPECIALIZADA;ANA LUIZA CITADELLA;2000-07-03;SONISE CITADELLA;702805545445270;06916965193;FEMININO;673812521;4;47;29;9;165;Z00;EXAME GERAL E INVESTIGACAO DE PESSOAS SEM QUEIXAS OU DIAGNOSTICO RELATADO
2026-06-23 19:59:58;500769;SAO GABRIEL DO OESTE;7333218;UNIDADE DE SAUDE DA FAMILIA X;500769;SAO GABRIEL DO OESTE;0;1;2026-06-16 15:03:39;0009001;CONSULTA EM GINECOLOGIA - GERAL;;;0301010072;CONSULTA MEDICA EM ATENÇÃO ESPECIALIZADA;MYRELLE TEIXEIRA AMORIM MARTINS;2007-07-10;JOSILENE INACIO TEIXEIRA AMORIM;704200761736986;06453483173;FEMININO;673775310;4;46;29;8;165;N739;DOENCA INFLAMATORIA NAO ESPECIFICADA DA PELVE FEMININA 
2026-06-23 19:59:58;500769;SAO GABRIEL DO OESTE;2599376;UNIDADE DE SAUDE DA FAMILIA VI;500769;SAO GABRIEL DO OESTE;0;1;2026-06-16 14:31:37;0009001;CONSULTA EM GINECOLOGIA - GERAL;;;0301010072;CONSULTA MEDICA EM ATENÇÃO ESPECIALIZADA;LEONARA ARLETE BETIN RIBEIRO;2001-07-13;ELOIRMA GELIO BETIN;704508370433610;08562949183;FEMININO;673758543;4;45;29;8;165;Z014;EXAME GINECOLOGICO (GERAL) (DE ROTINA) 
2026-06-23 19:59:58;500769;SAO GABRIEL DO OESTE;8176132;CASA ROSA;500769;SAO GABRIEL DO OESTE;0;1;2026-06-16 10:35:49;0009001;CONSULTA EM GINECOLOGIA - GERAL;;;0301010072;CONSULTA MEDICA EM ATENÇÃO ESPECIALIZADA;CRISTIANE BARBOSA MORAIS;1985-04-24;AMARA BARBOSA MORAIS;700009586718500;09382369465;FEMININO;673659228;4;44;29;8;165;Z00;EXAME GERAL E INVESTIGACAO DE PESSOAS SEM QUEIXAS OU DIAGNOSTICO RELATADO
2026-06-23 19:59:58;500769;SAO GABRIEL DO OESTE;8176132;CASA ROSA;500769;SAO GABRIEL DO OESTE;0;1;2026-06-16 10:23:25;0009001;CONSULTA EM GINECOLOGIA - GERAL;;;0301010072;CONSULTA MEDICA EM ATENÇÃO ESPECIALIZADA;ELAINE APARECIDA QUATROQUE BERNARDES;1980-04-19;MARIA IZILDA QUATROQUE BERNARDES;704809542638248;21472875800;FEMININO;673651385;4;43;29;8;165;Z00;EXAME GERAL E INVESTIGACAO DE PESSOAS SEM QUEIXAS OU DIAGNOSTICO RELATADO
2026-06-23 19:59:58;500769;SAO GABRIEL DO OESTE;7002084;UNIDADE DE SAUDE DA FAMILIA IX;500769;SAO GABRIEL DO OESTE;0;1;2026-06-16 09:27:55;0009001;CONSULTA EM GINECOLOGIA - GERAL;;;0301010072;CONSULTA MEDICA EM ATENÇÃO ESPECIALIZADA;VERONICA DOS SANTOS ALMEIDA;1993-12-29;MARIA IZABEL DOS SANTOS;708505399744770;05341692101;FEMININO;673616060;4;42;29;8;165;Z305;SUPERVISAO DE DISPOSITIVO ANTICONCEPCIONAL (INTRA-UTERINO) 
2026-06-23 19:59:58;500769;SAO GABRIEL DO OESTE;8176132;CASA ROSA;500769;SAO GABRIEL DO OESTE;0;1;2026-06-16 09:24:05;0009001;CONSULTA EM GINECOLOGIA - GERAL;;;0301010072;CONSULTA MEDICA EM ATENÇÃO ESPECIALIZADA;NATIELE ALVES RODRIGUES;2003-05-05;EVANIZIA ALVES DE OLIVEIRA;709606679947777;07778755190;FEMININO;673613616;4;41;29;7;165;Z00;EXAME GERAL E INVESTIGACAO DE PESSOAS SEM QUEIXAS OU DIAGNOSTICO RELATADO
2026-06-23 19:59:58;500769;SAO GABRIEL DO OESTE;8176132;CASA ROSA;500769;SAO GABRIEL DO OESTE;0;1;2026-06-16 09:00:02;0009001;CONSULTA EM GINECOLOGIA - GERAL;;;0301010072;CONSULTA MEDICA EM ATENÇÃO ESPECIALIZADA;MARIA APARECIDA DA SILVA OLIVEIRA;1978-08-28;ANA JOSEFA DA SILVA OLIVEIRA;709206213405832;00603035140;FEMININO;673599024;4;40;29;7;165;Z001;EXAME DE ROTINA DE SAUDE DA CRIANCA 
2026-06-23 19:59:58;500769;SAO GABRIEL DO OESTE;8176132;CASA ROSA;500769;SAO GABRIEL DO OESTE;0;1;2026-06-16 08:54:59;0009001;CONSULTA EM GINECOLOGIA - GERAL;;;0301010072;CONSULTA MEDICA EM ATENÇÃO ESPECIALIZADA;MARGARETH ALVES DE SOUZA ALMEIDA;1978-12-26;GERALDINA APARECIDA ALVES DE SOUZA;700000147037403;01831024101;FEMININO;673596006;4;39;29;7;165;N709;SALPINGITE E OOFORITE NAO ESPECIFICADAS 
2026-06-23 19:59:58;500769;SAO GABRIEL DO OESTE;8176132;CASA ROSA;500769;SAO GABRIEL DO OESTE;0;1;2026-06-16 08:51:36;0009001;CONSULTA EM GINECOLOGIA - GERAL;;;0301010072;CONSULTA MEDICA EM ATENÇÃO ESPECIALIZADA;FATIMA RENATA DIAS DE ALMEIDA;1972-11-07;LEONARDA DIAS DE ALMEIDA;702409065990221;60841710104;FEMININO;673594036;4;38;29;7;165;Z00;EXAME GERAL E INVESTIGACAO DE PESSOAS SEM QUEIXAS OU DIAGNOSTICO RELATADO
2026-06-23 19:59:58;500769;SAO GABRIEL DO OESTE;7002084;UNIDADE DE SAUDE DA FAMILIA IX;500769;SAO GABRIEL DO OESTE;0;1;2026-06-16 08:43:07;0009001;CONSULTA EM GINECOLOGIA - GERAL;;;0301010072;CONSULTA MEDICA EM ATENÇÃO ESPECIALIZADA;VANESSA VILHARVA BRITO DOS SANTOS;1980-01-30;GRACIANA VILHARVA;702402536533724;91162238100;FEMININO;673589240;4;37;29;7;165;Z000;EXAME MEDICO GERAL 
2026-06-23 19:59:58;500769;SAO GABRIEL DO OESTE;8176132;CASA ROSA;500769;SAO GABRIEL DO OESTE;0;1;2026-06-16 08:42:19;0009001;CONSULTA EM GINECOLOGIA - GERAL;;;0301010072;CONSULTA MEDICA EM ATENÇÃO ESPECIALIZADA;JULIANE TEIXEIRA SALUSTIANO;1989-09-06;MARIA NERCI TEIXEIRA;707804616875418;02315397111;FEMININO;673588795;4;36;29;7;165;Z00;EXAME GERAL E INVESTIGACAO DE PESSOAS SEM QUEIXAS OU DIAGNOSTICO RELATADO
2026-06-23 19:59:58;500769;SAO GABRIEL DO OESTE;8176132;CASA ROSA;500769;SAO GABRIEL DO OESTE;0;1;2026-06-16 08:20:37;0009001;CONSULTA EM GINECOLOGIA - GERAL;;;0301010072;CONSULTA MEDICA EM ATENÇÃO ESPECIALIZADA;ELLEN ALMEIDA REZENDE;2000-07-19;EDILEZIA ALMEIDA CARNEIRO;702008865252287;04432064145;FEMININO;673578180;4;35;29;6;165;Z00;EXAME GERAL E INVESTIGACAO DE PESSOAS SEM QUEIXAS OU DIAGNOSTICO RELATADO
2026-06-23 19:59:58;500769;SAO GABRIEL DO OESTE;8176132;CASA ROSA;500769;SAO GABRIEL DO OESTE;0;1;2026-06-15 15:45:39;0009001;CONSULTA EM GINECOLOGIA - GERAL;;;0301010072;CONSULTA MEDICA EM ATENÇÃO ESPECIALIZADA;SIMONE DOS SANTOS ANDRADE;1983-02-06;MARILENE DOS SANTOS ANDRADE;706701534954713;00478645163;FEMININO;673507389;4;34;29;6;165;Z00;EXAME GERAL E INVESTIGACAO DE PESSOAS SEM QUEIXAS OU DIAGNOSTICO RELATADO
2026-06-23 19:59:58;500769;SAO GABRIEL DO OESTE;3400964;UNIDADE DE SAUDE DA FAMILIA RURAL VII;500769;SAO GABRIEL DO OESTE;0;1;2026-06-15 15:32:04;0009001;CONSULTA EM GINECOLOGIA - GERAL;;;0301010072;CONSULTA MEDICA EM ATENÇÃO ESPECIALIZADA;JOSEANE BARBOSA DE OLIVEIRA;1993-05-17;ROSEMARE FERREIRA BARBOSA DE OLIVEIRA;705401403491196;04666708189;FEMININO;673500940;4;33;29;6;165;D10;NEOPLASIA BENIGNA DA BOCA E DA FARINGE
2026-06-23 19:59:58;500769;SAO GABRIEL DO OESTE;8176132;CASA ROSA;500769;SAO GABRIEL DO OESTE;0;1;2026-06-15 11:09:43;0009001;CONSULTA EM GINECOLOGIA - GERAL;;;0301010072;CONSULTA MEDICA EM ATENÇÃO ESPECIALIZADA;TEREZINHA LOVANE DULLIUS;1962-11-22;ROSA GUTH DULLIUS;706806274871221;38090864104;FEMININO;673393081;4;32;29;6;165;Z001;EXAME DE ROTINA DE SAUDE DA CRIANCA 
2026-06-23 19:59:58;500769;SAO GABRIEL DO OESTE;8176132;CASA ROSA;500769;SAO GABRIEL DO OESTE;0;1;2026-06-15 08:38:39;0009001;CONSULTA EM GINECOLOGIA - GERAL;;;0301010072;CONSULTA MEDICA EM ATENÇÃO ESPECIALIZADA;ALICE WEIS UTZIG;1972-05-05;ALBURGA MARIA WEIS;708001397429925;01760095907;FEMININO;673299592;4;31;29;6;165;Z00;EXAME GERAL E INVESTIGACAO DE PESSOAS SEM QUEIXAS OU DIAGNOSTICO RELATADO
2026-06-23 19:59:58;500769;SAO GABRIEL DO OESTE;8176132;CASA ROSA;500769;SAO GABRIEL DO OESTE;0;1;2026-06-15 08:29:11;0009001;CONSULTA EM GINECOLOGIA - GERAL;;;0301010072;CONSULTA MEDICA EM ATENÇÃO ESPECIALIZADA;CLAUDETE MARIA SOCCOL;1962-09-10;SEVERINA GIACHINI SOCCOL;706309705908371;63695570997;FEMININO;673294759;4;30;29;5;165;Z00;EXAME GERAL E INVESTIGACAO DE PESSOAS SEM QUEIXAS OU DIAGNOSTICO RELATADO
2026-06-23 19:59:58;500769;SAO GABRIEL DO OESTE;8176132;CASA ROSA;500769;SAO GABRIEL DO OESTE;0;1;2026-06-12 15:14:11;0009001;CONSULTA EM GINECOLOGIA - GERAL;;;0301010072;CONSULTA MEDICA EM ATENÇÃO ESPECIALIZADA;LAIS SILVEIRA DE ASSIS;2007-12-30;FATIMA GISELE SILVEIRA CHULAPA DE ASSIS;898004641562425;08926194140;FEMININO;673198267;4;29;29;5;165;Z00;EXAME GERAL E INVESTIGACAO DE PESSOAS SEM QUEIXAS OU DIAGNOSTICO RELATADO
2026-06-23 19:59:58;500769;SAO GABRIEL DO OESTE;8176132;CASA ROSA;500769;SAO GABRIEL DO OESTE;0;1;2026-06-12 11:50:39;0009001;CONSULTA EM GINECOLOGIA - GERAL;;;0301010072;CONSULTA MEDICA EM ATENÇÃO ESPECIALIZADA;ZILDA NUNES DE CARVALHO;1981-06-05;ALZIRA OLIVEIRA CARVALHO;701207092547513;89863488100;FEMININO;673137351;4;28;29;5;165;Z001;EXAME DE ROTINA DE SAUDE DA CRIANCA 
2026-06-23 19:59:58;500769;SAO GABRIEL DO OESTE;6452116;CENTRO DE ESPECIALIDADES MEDICAS;500769;SAO GABRIEL DO OESTE;0;1;2026-06-12 10:30:11;0009001;CONSULTA EM GINECOLOGIA - GERAL;;;0301010072;CONSULTA MEDICA EM ATENÇÃO ESPECIALIZADA;EVELIN CAMILE BARBOSA LOPES;2003-11-19;CAROLINA MODESTA BARBOSA DE ALMEIDA;702105758122793;07656029117;FEMININO;673098164;4;27;29;5;165;Z00;EXAME GERAL E INVESTIGACAO DE PESSOAS SEM QUEIXAS OU DIAGNOSTICO RELATADO
2026-06-23 19:59:58;500769;SAO GABRIEL DO OESTE;8176132;CASA ROSA;500769;SAO GABRIEL DO OESTE;0;1;2026-06-12 09:27:18;0009001;CONSULTA EM GINECOLOGIA - GERAL;;;0301010072;CONSULTA MEDICA EM ATENÇÃO ESPECIALIZADA;GESSICA AMANDA REBESCHINI PADILHA;1991-06-03;CLECI ANTONINHA REBESCHINI;707006816723130;04117183125;FEMININO;673064397;4;26;29;5;165;Z00;EXAME GERAL E INVESTIGACAO DE PESSOAS SEM QUEIXAS OU DIAGNOSTICO RELATADO
2026-06-23 19:59:58;500769;SAO GABRIEL DO OESTE;2370964;UNIDADE DE SAUDE DA FAMILIA III;500769;SAO GABRIEL DO OESTE;0;1;2026-06-11 16:27:23;0009001;CONSULTA EM GINECOLOGIA - GERAL;;;0301010072;CONSULTA MEDICA EM ATENÇÃO ESPECIALIZADA;DIONEIA DA SILVA LIMA PEREIRA;1985-03-06;MARIA JOANA DA SILVA;705004664682552;01115884131;FEMININO;672986663;4;25;29;5;165;N80;ENDOMETRIOSE
2026-06-23 19:59:58;500769;SAO GABRIEL DO OESTE;8176132;CASA ROSA;500769;SAO GABRIEL DO OESTE;0;1;2026-06-11 11:32:40;0009001;CONSULTA EM GINECOLOGIA - GERAL;;;0301010072;CONSULTA MEDICA EM ATENÇÃO ESPECIALIZADA;ELIANE TEREZINHA ROSSAROLLA VENDRUSCOLO;1969-07-20;NORMELIA ROSSAROLLA;709007844641817;61190560097;FEMININO;672872498;4;24;29;4;165;Z001;EXAME DE ROTINA DE SAUDE DA CRIANCA 
2026-06-23 19:59:58;500769;SAO GABRIEL DO OESTE;8176132;CASA ROSA;500769;SAO GABRIEL DO OESTE;0;1;2026-06-11 10:34:37;0009001;CONSULTA EM GINECOLOGIA - GERAL;;;0301010072;CONSULTA MEDICA EM ATENÇÃO ESPECIALIZADA;ADRIANE GARCIA DOS SANTOS;1982-07-27;BEATRIZ DOLORES GARCIA SANTOS;702305197682114;01365943100;FEMININO;672838507;4;23;29;4;165;Z001;EXAME DE ROTINA DE SAUDE DA CRIANCA 
2026-06-23 19:59:58;500769;SAO GABRIEL DO OESTE;8176132;CASA ROSA;500769;SAO GABRIEL DO OESTE;0;1;2026-06-11 10:21:36;0009001;CONSULTA EM GINECOLOGIA - GERAL;;;0301010072;CONSULTA MEDICA EM ATENÇÃO ESPECIALIZADA;IDE PORTILHO PEREIRA;1968-08-02;BARBARA PEREIRA DE OLIVEIRA;709704062634890;04164043164;FEMININO;672830318;4;22;29;4;165;Z001;EXAME DE ROTINA DE SAUDE DA CRIANCA 
2026-06-23 19:59:58;500769;SAO GABRIEL DO OESTE;8176132;CASA ROSA;500769;SAO GABRIEL DO OESTE;0;1;2026-06-10 17:15:06;0009001;CONSULTA EM GINECOLOGIA - GERAL;;;0301010072;CONSULTA MEDICA EM ATENÇÃO ESPECIALIZADA;ELENIR DIAS DE OLIVEIRA GOMES;1983-05-16;LAIDE DIAS DE OLIVEIRA;702607249841446;93385250153;FEMININO;672723816;4;21;29;4;165;Z00;EXAME GERAL E INVESTIGACAO DE PESSOAS SEM QUEIXAS OU DIAGNOSTICO RELATADO
2026-06-23 19:59:58;500769;SAO GABRIEL DO OESTE;8176132;CASA ROSA;500769;SAO GABRIEL DO OESTE;0;1;2026-06-10 17:10:27;0009001;CONSULTA EM GINECOLOGIA - GERAL;;;0301010072;CONSULTA MEDICA EM ATENÇÃO ESPECIALIZADA;ELLEN CAROLINA VIEIRA ARAUJO;1998-07-29;LUCIENE VIEIRA DO NASCIMENTO ARAUJO;706503390148697;70087773104;FEMININO;672722900;4;20;29;4;165;Z014;EXAME GINECOLOGICO (GERAL) (DE ROTINA) 
2026-06-23 19:59:58;500769;SAO GABRIEL DO OESTE;8176132;CASA ROSA;500769;SAO GABRIEL DO OESTE;0;1;2026-06-10 15:15:25;0009001;CONSULTA EM GINECOLOGIA - GERAL;;;0301010072;CONSULTA MEDICA EM ATENÇÃO ESPECIALIZADA;SILVIA MENDES FRANCO;1977-11-26;ELIZA SALINA MENDES;701004874297296;79088406120;FEMININO;672676441;4;19;29;3;165;Z00;EXAME GERAL E INVESTIGACAO DE PESSOAS SEM QUEIXAS OU DIAGNOSTICO RELATADO
2026-06-23 19:59:58;500769;SAO GABRIEL DO OESTE;8176132;CASA ROSA;500769;SAO GABRIEL DO OESTE;0;1;2026-06-10 14:31:07;0009001;CONSULTA EM GINECOLOGIA - GERAL;;;0301010072;CONSULTA MEDICA EM ATENÇÃO ESPECIALIZADA;MICHELE ALEGRE PENA;1985-04-24;ROSANA ORTIZ;708509357336678;03850351106;FEMININO;672653175;4;18;29;3;165;Z00;EXAME GERAL E INVESTIGACAO DE PESSOAS SEM QUEIXAS OU DIAGNOSTICO RELATADO
2026-06-23 19:59:58;500769;SAO GABRIEL DO OESTE;8176132;CASA ROSA;500769;SAO GABRIEL DO OESTE;0;1;2026-06-10 11:16:20;0009001;CONSULTA EM GINECOLOGIA - GERAL;;;0301010072;CONSULTA MEDICA EM ATENÇÃO ESPECIALIZADA;JULIANA LUISA DA SILVA CRUZ;1992-07-30;MARIA CARLITA DA SILVA;708100537465234;01530012244;FEMININO;672579325;4;17;29;3;165;Z00;EXAME GERAL E INVESTIGACAO DE PESSOAS SEM QUEIXAS OU DIAGNOSTICO RELATADO
2026-06-23 19:59:58;500769;SAO GABRIEL DO OESTE;8176132;CASA ROSA;500769;SAO GABRIEL DO OESTE;0;1;2026-06-10 10:26:16;0009001;CONSULTA EM GINECOLOGIA - GERAL;;;0301010072;CONSULTA MEDICA EM ATENÇÃO ESPECIALIZADA;KAROLINE MARTINS CHIOZI FRANCA;1990-04-11;MARIZANI MARTINS;707807679944118;03388882177;FEMININO;672547581;4;16;29;3;165;Z014;EXAME GINECOLOGICO (GERAL) (DE ROTINA) 
2026-06-23 19:59:58;500769;SAO GABRIEL DO OESTE;8176132;CASA ROSA;500769;SAO GABRIEL DO OESTE;0;1;2026-06-03 16:33:34;0009001;CONSULTA EM GINECOLOGIA - GERAL;;;0301010072;CONSULTA MEDICA EM ATENÇÃO ESPECIALIZADA;PATRICIA MORBEQUE DA SILVA;1983-06-10;EVA MATILDES MORBEQUE;704602633461028;93514352100;FEMININO;671702545;4;15;29;3;165;Z00;EXAME GERAL E INVESTIGACAO DE PESSOAS SEM QUEIXAS OU DIAGNOSTICO RELATADO
2026-06-23 19:59:58;500769;SAO GABRIEL DO OESTE;8176132;CASA ROSA;500769;SAO GABRIEL DO OESTE;0;1;2026-06-03 11:54:59;0009001;CONSULTA EM GINECOLOGIA - GERAL;;;0301010072;CONSULTA MEDICA EM ATENÇÃO ESPECIALIZADA;THELMA SILVA RIBEIRO DE MELO;1977-06-15;NAIR MARIA RIBEIRO;700005687434709;01767056192;FEMININO;671594496;4;14;29;3;165;Z00;EXAME GERAL E INVESTIGACAO DE PESSOAS SEM QUEIXAS OU DIAGNOSTICO RELATADO
2026-06-23 19:59:58;500769;SAO GABRIEL DO OESTE;7002084;UNIDADE DE SAUDE DA FAMILIA IX;500769;SAO GABRIEL DO OESTE;0;1;2026-06-03 10:47:43;0009001;CONSULTA EM GINECOLOGIA - GERAL;;;0301010072;CONSULTA MEDICA EM ATENÇÃO ESPECIALIZADA;LETICIA FERNANDA DOS SANTOS;2001-04-27;LUCIANI APARECIDA DE SOUZA SANTOS;703203677714092;06875024110;FEMININO;671558071;4;13;29;2;165;N921;MENSTRUACAO EXCESSIVA E FREQUENTE COM CICLO IRREGULAR 
2026-06-23 19:59:58;500769;SAO GABRIEL DO OESTE;8176132;CASA ROSA;500769;SAO GABRIEL DO OESTE;0;1;2026-05-28 11:26:16;0009001;CONSULTA EM GINECOLOGIA - GERAL;;;0301010072;CONSULTA MEDICA EM ATENÇÃO ESPECIALIZADA;MIRTA ELENA CANTEIRO LIMA;1974-05-28;MARIA SUELI CANTEIRO;703102666882290;91150256168;FEMININO;670406781;4;12;29;2;165;Z00;EXAME GERAL E INVESTIGACAO DE PESSOAS SEM QUEIXAS OU DIAGNOSTICO RELATADO
2026-06-23 19:59:58;500769;SAO GABRIEL DO OESTE;8176132;CASA ROSA;500769;SAO GABRIEL DO OESTE;0;1;2026-05-27 11:58:07;0009001;CONSULTA EM GINECOLOGIA - GERAL;;;0301010072;CONSULTA MEDICA EM ATENÇÃO ESPECIALIZADA;LEUCADIA DE VARGAS FOLETTO;1981-06-07;IRACEMA LOURDES TEODORO DE VARGAS;704306597128294;98868381168;FEMININO;670134547;4;11;29;2;165;Z00;EXAME GERAL E INVESTIGACAO DE PESSOAS SEM QUEIXAS OU DIAGNOSTICO RELATADO
2026-06-23 19:59:58;500769;SAO GABRIEL DO OESTE;2370964;UNIDADE DE SAUDE DA FAMILIA III;500769;SAO GABRIEL DO OESTE;0;1;2026-06-18 10:23:29;0009001;CONSULTA EM GINECOLOGIA - GERAL;;;0301010072;CONSULTA MEDICA EM ATENÇÃO ESPECIALIZADA;MAIRA ALVES DA SILVA;1997-03-10;TELMA ALVES DA SILVA;707808636911812;06046716101;FEMININO;674199915;3;10;29;2;165;R102;DOR PELVICA E PERINEAL 
2026-06-23 19:59:58;500769;SAO GABRIEL DO OESTE;8176132;CASA ROSA;500769;SAO GABRIEL DO OESTE;0;1;2026-06-08 10:52:41;0009001;CONSULTA EM GINECOLOGIA - GERAL;;;0301010072;CONSULTA MEDICA EM ATENÇÃO ESPECIALIZADA;SILVANA DINIZ DOS SANTOS CARDOSO;1982-06-03;TEREZINHA DE JESUS DOS SANTOS;702400554221427;30948189860;FEMININO;671976210;3;9;29;2;165;Z001;EXAME DE ROTINA DE SAUDE DA CRIANCA 
2026-06-23 19:59:58;500769;SAO GABRIEL DO OESTE;8176132;CASA ROSA;500769;SAO GABRIEL DO OESTE;0;1;2026-06-08 08:10:35;0009001;CONSULTA EM GINECOLOGIA - GERAL;;;0301010072;CONSULTA MEDICA EM ATENÇÃO ESPECIALIZADA;PRISCILA DA SILVA DE QUADROS;1991-05-29;LUCIMARA DA ROCHA MIRANDA;706408105680386;04453812132;FEMININO;671878849;3;8;29;1;165;Z001;EXAME DE ROTINA DE SAUDE DA CRIANCA 
2026-06-23 19:59:58;500769;SAO GABRIEL DO OESTE;8176132;CASA ROSA;500769;SAO GABRIEL DO OESTE;0;1;2026-06-08 08:07:39;0009001;CONSULTA EM GINECOLOGIA - GERAL;;;0301010072;CONSULTA MEDICA EM ATENÇÃO ESPECIALIZADA;GELUANA DA COSTA DA SILVA;1994-05-09;FABIANA DA COSTA;700204979495624;05856649192;FEMININO;671877675;3;7;29;1;165;Z001;EXAME DE ROTINA DE SAUDE DA CRIANCA 
2026-06-23 19:59:58;500769;SAO GABRIEL DO OESTE;8176132;CASA ROSA;500769;SAO GABRIEL DO OESTE;0;1;2026-06-03 16:38:25;0009001;CONSULTA EM GINECOLOGIA - GERAL;;;0301010072;CONSULTA MEDICA EM ATENÇÃO ESPECIALIZADA;DAIANE LAZZARETTI VENSON;1987-06-05;ROSANE APARECIDA LAZZARETTI;700203430238423;02537114108;FEMININO;671704166;3;6;29;1;165;Z00;EXAME GERAL E INVESTIGACAO DE PESSOAS SEM QUEIXAS OU DIAGNOSTICO RELATADO
2026-06-23 19:59:58;500769;SAO GABRIEL DO OESTE;8176132;CASA ROSA;500769;SAO GABRIEL DO OESTE;0;1;2026-06-03 16:16:49;0009001;CONSULTA EM GINECOLOGIA - GERAL;;;0301010072;CONSULTA MEDICA EM ATENÇÃO ESPECIALIZADA;MARIA JOSE DOS SANTOS DA SILVA;1987-02-06;JOSEFA DOS SANTOS DE MOURA;702104703290596;02636784152;FEMININO;671696217;3;5;29;1;165;Z00;EXAME GERAL E INVESTIGACAO DE PESSOAS SEM QUEIXAS OU DIAGNOSTICO RELATADO
2026-06-23 19:59:58;500769;SAO GABRIEL DO OESTE;8176132;CASA ROSA;500769;SAO GABRIEL DO OESTE;0;1;2026-06-03 15:30:15;0009001;CONSULTA EM GINECOLOGIA - GERAL;;;0301010072;CONSULTA MEDICA EM ATENÇÃO ESPECIALIZADA;KELI FABIANA RODRIGUES DA SILVA;1987-03-14;LAURENTINA ALVES DE CAMARGO;700001701867103;02681723159;FEMININO;671675614;3;4;29;1;165;Z00;EXAME GERAL E INVESTIGACAO DE PESSOAS SEM QUEIXAS OU DIAGNOSTICO RELATADO
2026-06-23 19:59:58;500769;SAO GABRIEL DO OESTE;8176132;CASA ROSA;500769;SAO GABRIEL DO OESTE;0;1;2026-06-03 11:38:54;0009001;CONSULTA EM GINECOLOGIA - GERAL;;;0301010072;CONSULTA MEDICA EM ATENÇÃO ESPECIALIZADA;ADELAIDE DOS SANTOS FREIRES;1976-07-06;HERALDA BRASILINA DOS SANTOS;700002954328910;00446367176;FEMININO;671587239;3;3;29;1;165;Z00;EXAME GERAL E INVESTIGACAO DE PESSOAS SEM QUEIXAS OU DIAGNOSTICO RELATADO
2026-06-23 19:59:58;500769;SAO GABRIEL DO OESTE;8176132;CASA ROSA;500769;SAO GABRIEL DO OESTE;0;1;2026-06-01 17:34:49;0009001;CONSULTA EM GINECOLOGIA - GERAL;;;0301010072;CONSULTA MEDICA EM ATENÇÃO ESPECIALIZADA;YASMIN DA SILVA LOURENCO;1993-02-23;ELENI BERTOLDA DA SILVA;702400063971825;04248834146;FEMININO;671131530;3;2;29;0;165;Z00;EXAME GERAL E INVESTIGACAO DE PESSOAS SEM QUEIXAS OU DIAGNOSTICO RELATADO
2026-06-23 19:59:58;500769;SAO GABRIEL DO OESTE;2370999;UNIDADE DE SAUDE DA FAMILIA FENIX IV;500769;SAO GABRIEL DO OESTE;0;1;2026-06-22 10:53:24;0009001;CONSULTA EM GINECOLOGIA - GERAL;;;0301010072;CONSULTA MEDICA EM ATENÇÃO ESPECIALIZADA;DAIANE ALVES BRITES;1992-08-23;REGINA ALVES;702105775799593;04898005136;FEMININO;674737168;2;1;29;0;165;Z35;SUPERVISAO DE GRAVIDEZ DE ALTO RISCO
2026-06-23 19:59:58;500769;SAO GABRIEL DO OESTE;8176132;CASA ROSA;500769;SAO GABRIEL DO OESTE;0;1;2026-06-23 17:49:08;0009001;CONSULTA EM GINECOLOGIA - GERAL;;;0301010072;CONSULTA MEDICA EM ATENÇÃO ESPECIALIZADA;RAQUEL DE CASSIA BOSCHETTI;1982-04-27;LUZIA MANTOVANI BOSCHETTI;700505556703051;00433324120;FEMININO;675140204;4;75;29;14;165;Z00;EXAME GERAL E INVESTIGACAO DE PESSOAS SEM QUEIXAS OU DIAGNOSTICO RELATADO
2026-06-23 19:59:58;500769;SAO GABRIEL DO OESTE;8176132;CASA ROSA;500769;SAO GABRIEL DO OESTE;0;1;2026-06-23 17:04:50;0009001;CONSULTA EM GINECOLOGIA - GERAL;;;0301010072;CONSULTA MEDICA EM ATENÇÃO ESPECIALIZADA;ROSANE CASSOL VARGAS;1976-09-27;ROSALI CASSOL;707801601139416;00410723169;FEMININO;675132741;4;74;29;13;165;Z00;EXAME GERAL E INVESTIGACAO DE PESSOAS SEM QUEIXAS OU DIAGNOSTICO RELATADO
2026-06-23 19:59:58;500769;SAO GABRIEL DO OESTE;8176132;CASA ROSA;500769;SAO GABRIEL DO OESTE;0;1;2026-06-23 16:57:20;0009001;CONSULTA EM GINECOLOGIA - GERAL;;;0301010072;CONSULTA MEDICA EM ATENÇÃO ESPECIALIZADA;DANIELA CARDOSO LUZ DE SOUZA;1997-08-26;LUZENIR DA LUZ VIEIRA;702905587359479;04646764105;FEMININO;675131062;4;73;29;13;165;Z00;EXAME GERAL E INVESTIGACAO DE PESSOAS SEM QUEIXAS OU DIAGNOSTICO RELATADO
2026-06-23 19:59:58;500769;SAO GABRIEL DO OESTE;8176132;CASA ROSA;500769;SAO GABRIEL DO OESTE;0;1;2026-06-23 11:09:23;0009001;CONSULTA EM GINECOLOGIA - GERAL;;;0301010072;CONSULTA MEDICA EM ATENÇÃO ESPECIALIZADA;CRISTIANE MEIRE DA SILVA OLIVEIRA;1979-10-19;NEIDE MEIRA DA SILVA;702009387154484;00648322106;FEMININO;675005965;4;72;29;13;165;Z00;EXAME GERAL E INVESTIGACAO DE PESSOAS SEM QUEIXAS OU DIAGNOSTICO RELATADO
2026-06-23 19:59:58;500769;SAO GABRIEL DO OESTE;8176132;CASA ROSA;500769;SAO GABRIEL DO OESTE;0;1;2026-06-23 10:02:30;0009001;CONSULTA EM GINECOLOGIA - GERAL;;;0301010072;CONSULTA MEDICA EM ATENÇÃO ESPECIALIZADA;VERBENIA RODRIGUES DE OLIVEIRA;1991-09-29;IRENE RODRIGUES DO NASCIMENTO;708604038823584;05319756577;FEMININO;674969388;4;71;29;13;165;Z00;EXAME GERAL E INVESTIGACAO DE PESSOAS SEM QUEIXAS OU DIAGNOSTICO RELATADO
2026-06-23 19:59:58;500769;SAO GABRIEL DO OESTE;8176132;CASA ROSA;500769;SAO GABRIEL DO OESTE;0;1;2026-06-22 16:33:36;0009001;CONSULTA EM GINECOLOGIA - GERAL;;;0301010072;CONSULTA MEDICA EM ATENÇÃO ESPECIALIZADA;JULIANA DE OLIVEIRA;1985-06-28;NARALYA MARIA BENACHIO OLIVEIRA;708704139050490;01779533144;FEMININO;674871431;4;70;29;13;165;Z00;EXAME GERAL E INVESTIGACAO DE PESSOAS SEM QUEIXAS OU DIAGNOSTICO RELATADO
2026-06-23 19:59:58;500769;SAO GABRIEL DO OESTE;2591359;UNIDADE DE SAUDE DA FAMILIA V;500769;SAO GABRIEL DO OESTE;0;1;2026-06-22 15:37:02;0009001;CONSULTA EM GINECOLOGIA - GERAL;;;0301010072;CONSULTA MEDICA EM ATENÇÃO ESPECIALIZADA;VALDEANA FREITAS DA SILVA AFONSO;1983-09-21;MARIA LUCIMAR FREITAS DA SILVA;704606127490024;06026199632;FEMININO;674847869;4;69;29;13;165;R879;ACHADOS ANORMAIS DE MATERIAL PROVENIENTE DOS ORGAOS GENITAIS FEMININOS - ACHADO ANORMAL NAO ESPECIFICADO 
2026-06-23 19:59:58;500769;SAO GABRIEL DO OESTE;8176132;CASA ROSA;500769;SAO GABRIEL DO OESTE;0;1;2026-06-22 11:51:28;0009001;CONSULTA EM GINECOLOGIA - GERAL;;;0301010072;CONSULTA MEDICA EM ATENÇÃO ESPECIALIZADA;ELIANE MARQUES ALVES;1997-04-04;ELIZETE MARQUES ALVES;700701404106780;06500231104;FEMININO;674766779;4;68;29;12;165;Z00;EXAME GERAL E INVESTIGACAO DE PESSOAS SEM QUEIXAS OU DIAGNOSTICO RELATADO
2026-06-23 19:59:58;500769;SAO GABRIEL DO OESTE;8176132;CASA ROSA;500769;SAO GABRIEL DO OESTE;0;1;2026-06-19 16:18:49;0009001;CONSULTA EM GINECOLOGIA - GERAL;;;0301010072;CONSULTA MEDICA EM ATENÇÃO ESPECIALIZADA;EMILY APARECIDA BENITES DOS SANTOS;2005-07-29;MARISTELA BENITES;700001662221104;07276551164;FEMININO;674586363;4;67;29;12;165;Z00;EXAME GERAL E INVESTIGACAO DE PESSOAS SEM QUEIXAS OU DIAGNOSTICO RELATADO
2026-06-23 19:59:58;500769;SAO GABRIEL DO OESTE;8176132;CASA ROSA;500769;SAO GABRIEL DO OESTE;0;1;2026-06-19 08:28:30;0009001;CONSULTA EM GINECOLOGIA - GERAL;;;0301010072;CONSULTA MEDICA EM ATENÇÃO ESPECIALIZADA;STEFHANIE SILVA SANTOS;2000-08-05;LUCINEIDE MACHADO SILVA SANTOS;706504384822595;07178446170;FEMININO;674405278;4;66;29;12;165;Z00;EXAME GERAL E INVESTIGACAO DE PESSOAS SEM QUEIXAS OU DIAGNOSTICO RELATADO
2026-06-23 19:59:58;500769;SAO GABRIEL DO OESTE;2370999;UNIDADE DE SAUDE DA FAMILIA FENIX IV;500769;SAO GABRIEL DO OESTE;0;1;2026-06-22 16:12:01;0015001;CONSULTA EM OFTALMOLOGIA GERAL;;;0301010072;CONSULTA MEDICA EM ATENÇÃO ESPECIALIZADA;FRANCISCO ALVES DA SILVA;1973-03-03;ALDENICE MARIA DA SILVA;709804047745198;05666307452;MASCULINO;674862955;4;8;11;2;152;Z010;EXAME DOS OLHOS E DA VISAO 
2026-06-23 19:59:58;500769;SAO GABRIEL DO OESTE;6452116;CENTRO DE ESPECIALIDADES MEDICAS;500769;SAO GABRIEL DO OESTE;0;1;2026-06-22 10:53:07;0015001;CONSULTA EM OFTALMOLOGIA GERAL;;;0301010072;CONSULTA MEDICA EM ATENÇÃO ESPECIALIZADA;JOSE MIGUEL ARAUJO PANIAGO;2025-12-18;GISLAINE ARAUJO DA SILVA;706700278087520;12891196198;MASCULINO;674737016;4;7;11;1;152;P073;OUTROS RECEM-NASCIDOS DE PRE-TERMO 
2026-06-23 19:59:58;500769;SAO GABRIEL DO OESTE;5971055;UNIDADE DE SAUDE DA FAMILIA VIII;500769;SAO GABRIEL DO OESTE;0;1;2026-06-18 14:35:15;0015001;CONSULTA EM OFTALMOLOGIA GERAL;;;0301010072;CONSULTA MEDICA EM ATENÇÃO ESPECIALIZADA;MARIA IVONE XAVIER DA SILVA;1952-06-12;HERONDINA ANGELINA DA SILVA;701401621304735;37642502087;FEMININO;674303383;4;6;11;1;152;H521;MIOPIA 
2026-06-23 19:59:58;500769;SAO GABRIEL DO OESTE;2370999;UNIDADE DE SAUDE DA FAMILIA FENIX IV;500769;SAO GABRIEL DO OESTE;0;1;2026-06-18 08:39:12;0015001;CONSULTA EM OFTALMOLOGIA GERAL;;;0301010072;CONSULTA MEDICA EM ATENÇÃO ESPECIALIZADA;MILLENA GABRIELLY DE OLIVEIRA VIEIRA;2013-12-12;MARIA MARCILENE DA SILVA OLIVEIRA;703206679428995;06684578137;FEMININO;674139398;4;5;11;1;152;Z010;EXAME DOS OLHOS E DA VISAO 
2026-06-23 19:59:58;500769;SAO GABRIEL DO OESTE;2370999;UNIDADE DE SAUDE DA FAMILIA FENIX IV;500769;SAO GABRIEL DO OESTE;0;1;2026-06-17 14:59:12;0015001;CONSULTA EM OFTALMOLOGIA GERAL;;;0301010072;CONSULTA MEDICA EM ATENÇÃO ESPECIALIZADA;FELIPE VICENTE DA SILVA;1998-01-11;MARILDA APARECIDA GARCIA DA SILVA;701401660948532;06459175160;MASCULINO;674054528;4;4;11;1;152;H110;PTERIGIO 
2026-06-23 19:59:58;500769;SAO GABRIEL DO OESTE;6452116;CENTRO DE ESPECIALIDADES MEDICAS;500769;SAO GABRIEL DO OESTE;0;1;2026-06-17 09:41:31;0015001;CONSULTA EM OFTALMOLOGIA GERAL;;;0301010072;CONSULTA MEDICA EM ATENÇÃO ESPECIALIZADA;ELIZABETH PEREIRA DE OLIVEIRA;1975-01-25;MARIA FIDELICE PEREIRA DE OLIVEIRA;704608697768928;03307892606;FEMININO;673910454;4;3;11;1;152;Z016;EXAME RADIOLOGICO NAO CLASSIFICADO EM OUTRA PARTE 
2026-06-23 19:59:58;500769;SAO GABRIEL DO OESTE;6452116;CENTRO DE ESPECIALIDADES MEDICAS;500769;SAO GABRIEL DO OESTE;0;1;2026-06-12 09:50:30;0015001;CONSULTA EM OFTALMOLOGIA GERAL;;;0301010072;CONSULTA MEDICA EM ATENÇÃO ESPECIALIZADA;JOSE LINO VAZ;1943-03-07;MARIA FLORINDA DE JESUS;704802593941642;00695212800;MASCULINO;673076567;4;2;11;0;152;Z00;EXAME GERAL E INVESTIGACAO DE PESSOAS SEM QUEIXAS OU DIAGNOSTICO RELATADO
2026-06-23 19:59:58;500769;SAO GABRIEL DO OESTE;6452116;CENTRO DE ESPECIALIDADES MEDICAS;500769;SAO GABRIEL DO OESTE;0;1;2026-06-01 08:47:27;0015001;CONSULTA EM OFTALMOLOGIA GERAL;;;0301010072;CONSULTA MEDICA EM ATENÇÃO ESPECIALIZADA;MARIA EDUARDA RIBAS PAVAO;2024-07-05;MADALENA RIBAS FIGUEIRO;700106915929014;12175357139;FEMININO;670874469;4;1;11;0;152;Z00;EXAME GERAL E INVESTIGACAO DE PESSOAS SEM QUEIXAS OU DIAGNOSTICO RELATADO
2026-06-23 19:59:58;500769;SAO GABRIEL DO OESTE;8176132;CASA ROSA;500769;SAO GABRIEL DO OESTE;0;1;2026-06-22 16:57:07;0055074;CONSULTA EM CIRURGIA GINECOLOGICA - RETORNO POS OPERATORIO;;;0301010072;CONSULTA MEDICA EM ATENÇÃO ESPECIALIZADA;ANDRESSA TOME PIRES;2000-11-21;JULIANA VALLOVERA TOME;700007439053707;08564960141;FEMININO;674879252;4;1;8;9;3;Z00;EXAME GERAL E INVESTIGACAO DE PESSOAS SEM QUEIXAS OU DIAGNOSTICO RELATADO
2026-06-23 19:59:58;500769;SAO GABRIEL DO OESTE;6354265;CENTRAL DE REGULACAO DE SAO GABRIEL DO OESTE;500769;SAO GABRIEL DO OESTE;1;1;2026-04-27 09:01:42;0073001;ENDOSCOPIA DIGESTIVA ALTA;;;0209010037;ESOFAGOGASTRODUODENOSCOPIA;CAROLINE APARECIDA DA SILVA MOREIRA;1997-07-08;MARIA PACIENCIA DA SILVA;706705540707513;06100411180;FEMININO;663990763;4;31;31;930;1;R101;DOR LOCALIZADA NO ABDOME SUPERIOR 
2026-06-23 19:59:58;500769;SAO GABRIEL DO OESTE;6354265;CENTRAL DE REGULACAO DE SAO GABRIEL DO OESTE;500769;SAO GABRIEL DO OESTE;1;1;2026-04-27 08:56:29;0073001;ENDOSCOPIA DIGESTIVA ALTA;;;0209010037;ESOFAGOGASTRODUODENOSCOPIA;CINTIA OLIVEIRA DE OLIVEIRA;1986-09-09;MARLI OLIVEIRA DE OLIVEIRA;707105326602920;01906109133;FEMININO;663987641;4;30;31;900;1;K30;DISPEPSIA 
2026-06-23 19:59:58;500769;SAO GABRIEL DO OESTE;6354265;CENTRAL DE REGULACAO DE SAO GABRIEL DO OESTE;500769;SAO GABRIEL DO OESTE;1;1;2026-04-27 08:52:31;0073001;ENDOSCOPIA DIGESTIVA ALTA;;;0209010037;ESOFAGOGASTRODUODENOSCOPIA;BEATRIZ ABNER DE SOUZA GARBELINE;1995-09-13;HELEN CRISTINA RAMOS DE SOUZA LEMOS;708607093662786;04924244112;FEMININO;663985312;4;29;31;870;1;R101;DOR LOCALIZADA NO ABDOME SUPERIOR 
2026-06-23 19:59:58;500769;SAO GABRIEL DO OESTE;6354265;CENTRAL DE REGULACAO DE SAO GABRIEL DO OESTE;500769;SAO GABRIEL DO OESTE;1;1;2026-04-27 08:48:11;0073001;ENDOSCOPIA DIGESTIVA ALTA;;;0209010037;ESOFAGOGASTRODUODENOSCOPIA;ANTONIO FABIO PEREIRA DE MOURA;1961-02-14;ANTONIA MARIA PEREIRA;707403096605376;76985296491;MASCULINO;663982781;4;28;31;840;1;K297;GASTRITE NAO ESPECIFICADA 
2026-06-23 19:59:58;500769;SAO GABRIEL DO OESTE;6354265;CENTRAL DE REGULACAO DE SAO GABRIEL DO OESTE;500769;SAO GABRIEL DO OESTE;1;1;2026-04-27 08:45:55;0073001;ENDOSCOPIA DIGESTIVA ALTA;;;0209010037;ESOFAGOGASTRODUODENOSCOPIA;ALCIBALDO PELICHAN;1959-11-17;ZENAIDE PELICHAN;700405477394049;30997038004;MASCULINO;663981447;4;27;31;810;1;K297;GASTRITE NAO ESPECIFICADA 
2026-06-23 19:59:58;500769;SAO GABRIEL DO OESTE;6354265;CENTRAL DE REGULACAO DE SAO GABRIEL DO OESTE;500769;SAO GABRIEL DO OESTE;1;1;2026-04-27 08:43:49;0073001;ENDOSCOPIA DIGESTIVA ALTA;;;0209010037;ESOFAGOGASTRODUODENOSCOPIA;ANA GABRIELA PEREIRA ODA;2011-03-26;ROSANA PEREIRA DA SILVA;706407632941282;10268217114;FEMININO;663980227;4;26;31;780;1;R101;DOR LOCALIZADA NO ABDOME SUPERIOR 
2026-06-23 19:59:58;500769;SAO GABRIEL DO OESTE;6354265;CENTRAL DE REGULACAO DE SAO GABRIEL DO OESTE;500769;SAO GABRIEL DO OESTE;1;1;2026-04-27 08:40:58;0073001;ENDOSCOPIA DIGESTIVA ALTA;;;0209010037;ESOFAGOGASTRODUODENOSCOPIA;ANTONIA CLEIDE MARCAL DE OLIVEIRA;1964-02-09;DAMIANA MARIA DA CONCEICAO;700903919478297;57907447372;FEMININO;663978631;4;25;31;750;1;K297;GASTRITE NAO ESPECIFICADA 
2026-06-23 19:59:58;500769;SAO GABRIEL DO OESTE;6354265;CENTRAL DE REGULACAO DE SAO GABRIEL DO OESTE;500769;SAO GABRIEL DO OESTE;1;1;2026-04-27 08:38:52;0073001;ENDOSCOPIA DIGESTIVA ALTA;;;0209010037;ESOFAGOGASTRODUODENOSCOPIA;ADEVALDO RODRIGUES FERREIRA;1984-04-15;ONERIA FERREIRA DA SILVA;700600449225762;00730093182;MASCULINO;663977451;4;24;31;720;1;K20;ESOFAGITE 
2026-06-23 19:59:58;500769;SAO GABRIEL DO OESTE;6354265;CENTRAL DE REGULACAO DE SAO GABRIEL DO OESTE;500769;SAO GABRIEL DO OESTE;1;1;2026-04-27 08:35:22;0073001;ENDOSCOPIA DIGESTIVA ALTA;;;0209010037;ESOFAGOGASTRODUODENOSCOPIA;ARILDO DOS SANTOS CARLOS;1979-03-13;APARECIDA DOS SANTOS CARLOS;708104583548337;86594460110;MASCULINO;663975565;4;23;31;690;1;K210;DOENCA DE REFLUXO GASTROESOFAGICO COM ESOFAGITE 
2026-06-23 19:59:58;500769;SAO GABRIEL DO OESTE;6354265;CENTRAL DE REGULACAO DE SAO GABRIEL DO OESTE;500769;SAO GABRIEL DO OESTE;1;1;2026-04-27 08:27:05;0073001;ENDOSCOPIA DIGESTIVA ALTA;;;0209010037;ESOFAGOGASTRODUODENOSCOPIA;ALEXANDRA DE LIMA DA SILVA;1991-03-27;CICERA DE ARAUJO DA SILVA;700008529847304;05936986144;FEMININO;663971375;4;22;31;660;1;K297;GASTRITE NAO ESPECIFICADA 
2026-06-23 19:59:58;500769;SAO GABRIEL DO OESTE;6354265;CENTRAL DE REGULACAO DE SAO GABRIEL DO OESTE;500769;SAO GABRIEL DO OESTE;1;1;2026-04-27 08:18:39;0073001;ENDOSCOPIA DIGESTIVA ALTA;;;0209010037;ESOFAGOGASTRODUODENOSCOPIA;ADRIANA HENRIQUE DA SILVA;1975-02-20;NATALIA HENRIQUE DA SILVA;700005576066809;60129751120;FEMININO;663967296;4;21;31;630;1;K297;GASTRITE NAO ESPECIFICADA 
2026-06-23 19:59:58;500769;SAO GABRIEL DO OESTE;6354265;CENTRAL DE REGULACAO DE SAO GABRIEL DO OESTE;500769;SAO GABRIEL DO OESTE;1;1;2026-04-27 08:16:33;0073001;ENDOSCOPIA DIGESTIVA ALTA;;;0209010037;ESOFAGOGASTRODUODENOSCOPIA;ANA PAULA DRESCHLER DE HAAS;1992-10-21;MIRTES MARIA BERTE DRESCHLER;704009373784061;05470406105;FEMININO;663966358;4;20;31;600;1;R101;DOR LOCALIZADA NO ABDOME SUPERIOR 
2026-06-23 19:59:58;500769;SAO GABRIEL DO OESTE;6354265;CENTRAL DE REGULACAO DE SAO GABRIEL DO OESTE;500769;SAO GABRIEL DO OESTE;1;1;2026-04-27 08:12:26;0073001;ENDOSCOPIA DIGESTIVA ALTA;;;0209010037;ESOFAGOGASTRODUODENOSCOPIA;ADRIANO DA SILVA ALMEIDA;1981-10-06;ESMERALDA LUCIANA DA SILVA ALMEIDA;708205603723244;92928420134;MASCULINO;663964494;4;19;31;570;1;K297;GASTRITE NAO ESPECIFICADA 
2026-06-23 19:59:58;500769;SAO GABRIEL DO OESTE;6354265;CENTRAL DE REGULACAO DE SAO GABRIEL DO OESTE;500769;SAO GABRIEL DO OESTE;1;1;2026-04-24 09:48:19;0073001;ENDOSCOPIA DIGESTIVA ALTA;;;0209010037;ESOFAGOGASTRODUODENOSCOPIA;NEEGIS COSTA AFONSO;1986-04-10;RUTH COSTA AFONSO;706704722863420;35493618826;MASCULINO;663730096;4;18;31;540;1;K291;OUTRAS GASTRITES AGUDAS 
2026-06-23 19:59:58;500769;SAO GABRIEL DO OESTE;7002084;UNIDADE DE SAUDE DA FAMILIA IX;500769;SAO GABRIEL DO OESTE;1;1;2026-04-22 10:16:09;0073001;ENDOSCOPIA DIGESTIVA ALTA;;;0209010037;ESOFAGOGASTRODUODENOSCOPIA;AUDINEI DA SILVA FELIZARDO;1990-02-28;MARILZA DA SILVA FELIZARDO;700503958781551;03476159108;MASCULINO;663197370;4;17;31;510;1;K297;GASTRITE NAO ESPECIFICADA 
2026-06-23 19:59:58;500769;SAO GABRIEL DO OESTE;2370980;UNIDADE DE SAUDE DA FAMILIA JARDIM GRAMADO I;500769;SAO GABRIEL DO OESTE;1;1;2026-04-22 10:11:51;0073001;ENDOSCOPIA DIGESTIVA ALTA;;;0209010037;ESOFAGOGASTRODUODENOSCOPIA;HOZANA DA SILVA SOUZA;1987-07-04;MARIA APARECIDA BEZERRA DA SILVA SOUZA;704602681714720;01666467170;FEMININO;663194529;4;16;31;480;1;R101;DOR LOCALIZADA NO ABDOME SUPERIOR 
2026-06-23 19:59:58;500769;SAO GABRIEL DO OESTE;6354265;CENTRAL DE REGULACAO DE SAO GABRIEL DO OESTE;500769;SAO GABRIEL DO OESTE;1;1;2026-04-21 12:17:47;0073001;ENDOSCOPIA DIGESTIVA ALTA;;;0209010037;ESOFAGOGASTRODUODENOSCOPIA;SONIA LUCIA NEVES PIRES;1962-10-24;INOCENCIA NEVES PIRES;703604008769939;79065872191;FEMININO;663096444;4;15;31;450;1;K297;GASTRITE NAO ESPECIFICADA 
2026-06-23 19:59:58;500769;SAO GABRIEL DO OESTE;6354265;CENTRAL DE REGULACAO DE SAO GABRIEL DO OESTE;500769;SAO GABRIEL DO OESTE;1;1;2026-04-21 12:15:46;0073001;ENDOSCOPIA DIGESTIVA ALTA;;;0209010037;ESOFAGOGASTRODUODENOSCOPIA;NEURI RASCHE;1967-03-20;MATILDE NESSEL RASCHE;708900737097819;50705440044;MASCULINO;663096415;4;14;31;420;1;K297;GASTRITE NAO ESPECIFICADA 
2026-06-23 19:59:58;500769;SAO GABRIEL DO OESTE;6354265;CENTRAL DE REGULACAO DE SAO GABRIEL DO OESTE;500769;SAO GABRIEL DO OESTE;1;1;2026-04-21 12:01:43;0073001;ENDOSCOPIA DIGESTIVA ALTA;;;0209010037;ESOFAGOGASTRODUODENOSCOPIA;CAMILA CARVALHO DE OLIVEIRA;1992-12-05;CLEUSA CARVALHO DE OLIVEIRA;707602297194699;04388243183;FEMININO;663096230;4;13;31;390;1;K297;GASTRITE NAO ESPECIFICADA 
2026-06-23 19:59:58;500769;SAO GABRIEL DO OESTE;6354265;CENTRAL DE REGULACAO DE SAO GABRIEL DO OESTE;500769;SAO GABRIEL DO OESTE;1;1;2026-04-21 11:44:23;0073001;ENDOSCOPIA DIGESTIVA ALTA;;;0209010037;ESOFAGOGASTRODUODENOSCOPIA;MARTA ROSA DOS REIS;1977-11-12;FRANCINA LACERDA DOS REIS;700506778109750;84091185215;FEMININO;663095923;4;12;31;360;1;K30;DISPEPSIA 
2026-06-23 19:59:58;500769;SAO GABRIEL DO OESTE;6354265;CENTRAL DE REGULACAO DE SAO GABRIEL DO OESTE;500769;SAO GABRIEL DO OESTE;1;1;2026-04-21 11:33:56;0073001;ENDOSCOPIA DIGESTIVA ALTA;;;0209010037;ESOFAGOGASTRODUODENOSCOPIA;VILMAR HAINASKI DO CARMO;1967-08-29;TEREZA HAINASKI DO CARMO;706901168417835;57635358049;MASCULINO;663095736;4;11;31;330;1;K297;GASTRITE NAO ESPECIFICADA 
2026-06-23 19:59:58;500769;SAO GABRIEL DO OESTE;6354265;CENTRAL DE REGULACAO DE SAO GABRIEL DO OESTE;500769;SAO GABRIEL DO OESTE;1;1;2026-04-21 09:21:53;0073001;ENDOSCOPIA DIGESTIVA ALTA;;;0209010037;ESOFAGOGASTRODUODENOSCOPIA;REJIANE DA COSTA RODRIGUES VIEIRA;1978-11-21;LUSIA MARIA DA COSTA;700203459769524;35136713852;FEMININO;663093414;4;10;31;300;1;R101;DOR LOCALIZADA NO ABDOME SUPERIOR 
2026-06-23 19:59:58;500769;SAO GABRIEL DO OESTE;6354265;CENTRAL DE REGULACAO DE SAO GABRIEL DO OESTE;500769;SAO GABRIEL DO OESTE;1;1;2026-04-18 16:54:17;0073001;ENDOSCOPIA DIGESTIVA ALTA;;;0209010037;ESOFAGOGASTRODUODENOSCOPIA;MARILENE DE SOUZA DA SILVA;1965-09-25;IZOLINA DELACOLETTA;704100175917872;58887873968;FEMININO;662968757;4;9;31;270;1;K21;DOENCA DE REFLUXO GASTROESOFAGICO
2026-06-23 19:59:58;500769;SAO GABRIEL DO OESTE;6354265;CENTRAL DE REGULACAO DE SAO GABRIEL DO OESTE;500769;SAO GABRIEL DO OESTE;1;1;2026-04-18 16:50:06;0073001;ENDOSCOPIA DIGESTIVA ALTA;;;0209010037;ESOFAGOGASTRODUODENOSCOPIA;MARILEI CONFORTIN MACHADO;1960-06-16;ADELE ALIEVI CONFORTIN;705404430746798;66944023920;FEMININO;662968696;4;8;31;240;1;K318;OUTRAS DOENCAS ESPECIFICADAS DO ESTOMAGO E DO DUODENO 
2026-06-23 19:59:58;500769;SAO GABRIEL DO OESTE;6354265;CENTRAL DE REGULACAO DE SAO GABRIEL DO OESTE;500769;SAO GABRIEL DO OESTE;1;1;2026-04-18 16:42:53;0073001;ENDOSCOPIA DIGESTIVA ALTA;;;0209010037;ESOFAGOGASTRODUODENOSCOPIA;VALDIRA ALECRIM DA SILVA;1968-05-14;VALDELICE ALECRIM DA SILVA;702307192528615;90408462515;FEMININO;662968588;4;7;31;210;1;K297;GASTRITE NAO ESPECIFICADA 
2026-06-23 19:59:58;500769;SAO GABRIEL DO OESTE;3400964;UNIDADE DE SAUDE DA FAMILIA RURAL VII;500769;SAO GABRIEL DO OESTE;1;1;2026-04-16 15:46:19;0073001;ENDOSCOPIA DIGESTIVA ALTA;;;0209010037;ESOFAGOGASTRODUODENOSCOPIA;VIVIANE ANGELO DE OLIVEIRA;1996-12-04;VILMA APARECIDA ANGELO DE OLIVEIRA;704007175356770;05517366155;FEMININO;662658460;4;6;31;180;1;K21;DOENCA DE REFLUXO GASTROESOFAGICO
2026-06-23 19:59:58;500769;SAO GABRIEL DO OESTE;2370999;UNIDADE DE SAUDE DA FAMILIA FENIX IV;500769;SAO GABRIEL DO OESTE;1;1;2026-04-15 10:47:57;0073001;ENDOSCOPIA DIGESTIVA ALTA;;;0209010037;ESOFAGOGASTRODUODENOSCOPIA;JOSEFA JESUS DE CARVALHO;1954-06-27;MARIANA JESUS DE CARVALHO;705008250821853;89388356187;FEMININO;662242552;4;5;31;150;1;K297;GASTRITE NAO ESPECIFICADA 
2026-06-23 19:59:58;500769;SAO GABRIEL DO OESTE;2370972;UNIDADE DE SAUDE DA FAMILIA MILANE II;500769;SAO GABRIEL DO OESTE;1;1;2026-04-15 10:42:59;0073001;ENDOSCOPIA DIGESTIVA ALTA;;;0209010037;ESOFAGOGASTRODUODENOSCOPIA;ILANILDA FERREIRA DE SOUZA;1987-08-16;MARIA DE ALMEIDA DA SILVA;700007715978307;03293593127;FEMININO;662239332;4;4;31;120;1;K297;GASTRITE NAO ESPECIFICADA 
2026-06-23 19:59:58;500769;SAO GABRIEL DO OESTE;2370999;UNIDADE DE SAUDE DA FAMILIA FENIX IV;500769;SAO GABRIEL DO OESTE;1;1;2026-04-15 09:30:39;0073001;ENDOSCOPIA DIGESTIVA ALTA;;;0209010037;ESOFAGOGASTRODUODENOSCOPIA;CAIQUE FABIANO SOUZA;2005-10-20;LUCIENE TALAVEIRA FABIANO;701207094767510;10635219123;MASCULINO;662193252;4;3;31;90;1;K297;GASTRITE NAO ESPECIFICADA 
2026-06-23 19:59:58;500769;SAO GABRIEL DO OESTE;6354265;CENTRAL DE REGULACAO DE SAO GABRIEL DO OESTE;500769;SAO GABRIEL DO OESTE;1;1;2026-04-09 15:18:32;0073001;ENDOSCOPIA DIGESTIVA ALTA;;;0209010037;ESOFAGOGASTRODUODENOSCOPIA;ANDREIA DA ROCHA NANTES;1989-02-15;NOEMIA DA ROCHA LARA;706005347141542;03257699158;FEMININO;661214512;4;2;31;60;1;K29;GASTRITE E DUODENITE
2026-06-23 19:59:58;500769;SAO GABRIEL DO OESTE;2370999;UNIDADE DE SAUDE DA FAMILIA FENIX IV;500769;SAO GABRIEL DO OESTE;1;1;2026-06-08 10:28:50;0073001;ENDOSCOPIA DIGESTIVA ALTA;;;0209010037;ESOFAGOGASTRODUODENOSCOPIA;RENATA MARTINS DE LIMA;1978-07-07;REGINA MARTINS DE LIMA;704003832967467;94002649172;FEMININO;671960913;2;1;31;30;1;K30;DISPEPSIA 
2026-06-23 19:59:58;500769;SAO GABRIEL DO OESTE;6354265;CENTRAL DE REGULACAO DE SAO GABRIEL DO OESTE;500769;SAO GABRIEL DO OESTE;1;1;2026-04-28 09:00:18;0073001;ENDOSCOPIA DIGESTIVA ALTA;;;0209010037;ESOFAGOGASTRODUODENOSCOPIA;MARIA HELENA PIRES DE LIMA;1962-02-18;MARIA DE LOURDES ALVES PIRES;703609007345935;64132803953;FEMININO;664311815;4;94;31;2820;1;K297;GASTRITE NAO ESPECIFICADA 
2026-06-23 19:59:58;500769;SAO GABRIEL DO OESTE;6354265;CENTRAL DE REGULACAO DE SAO GABRIEL DO OESTE;500769;SAO GABRIEL DO OESTE;1;1;2026-04-28 08:57:59;0073001;ENDOSCOPIA DIGESTIVA ALTA;;;0209010037;ESOFAGOGASTRODUODENOSCOPIA;MARIA JOSEANE RAMOS DA SILVA;1984-03-05;JOSEFA RAMOS DA SILVA;704709547071840;07566920405;FEMININO;664310353;4;93;31;2790;1;K210;DOENCA DE REFLUXO GASTROESOFAGICO COM ESOFAGITE 
2026-06-23 19:59:58;500769;SAO GABRIEL DO OESTE;6354265;CENTRAL DE REGULACAO DE SAO GABRIEL DO OESTE;500769;SAO GABRIEL DO OESTE;1;1;2026-04-28 08:55:12;0073001;ENDOSCOPIA DIGESTIVA ALTA;;;0209010037;ESOFAGOGASTRODUODENOSCOPIA;MARCIA ALVES DOS SANTOS;1984-03-23;JOANA ALVES DE ANDRADE;702604255407741;73906077187;FEMININO;664308650;4;92;31;2760;1;K295;GASTRITE CRONICA, SEM OUTRA ESPECIFICACAO 
2026-06-23 19:59:58;500769;SAO GABRIEL DO OESTE;6354265;CENTRAL DE REGULACAO DE SAO GABRIEL DO OESTE;500769;SAO GABRIEL DO OESTE;1;1;2026-04-28 08:52:47;0073001;ENDOSCOPIA DIGESTIVA ALTA;;;0209010037;ESOFAGOGASTRODUODENOSCOPIA;MARIA BENTA FERREIRA;1943-05-16;MARIA JOSE DA CONCEICAO;700001223076207;39123340134;FEMININO;664307249;4;91;31;2730;1;K30;DISPEPSIA 
2026-06-23 19:59:58;500769;SAO GABRIEL DO OESTE;6354265;CENTRAL DE REGULACAO DE SAO GABRIEL DO OESTE;500769;SAO GABRIEL DO OESTE;1;1;2026-04-28 08:48:46;0073001;ENDOSCOPIA DIGESTIVA ALTA;;;0209010037;ESOFAGOGASTRODUODENOSCOPIA;MARIA CELMA CARDOSO DE SA DELGADO;1967-10-16;IRENE DE OLIVEIRA DE SA;700505101325856;81272022153;FEMININO;664304885;4;90;31;2700;1;K297;GASTRITE NAO ESPECIFICADA 
2026-06-23 19:59:58;500769;SAO GABRIEL DO OESTE;6354265;CENTRAL DE REGULACAO DE SAO GABRIEL DO OESTE;500769;SAO GABRIEL DO OESTE;1;1;2026-04-28 08:45:19;0073001;ENDOSCOPIA DIGESTIVA ALTA;;;0209010037;ESOFAGOGASTRODUODENOSCOPIA;MARIA DE LOURDES DE SOUZA LOPES;1971-05-24;MARIA DE SOUZA LOPES;709202253624930;59573236168;FEMININO;664302859;4;89;31;2670;1;K21;DOENCA DE REFLUXO GASTROESOFAGICO
2026-06-23 19:59:58;500769;SAO GABRIEL DO OESTE;6354265;CENTRAL DE REGULACAO DE SAO GABRIEL DO OESTE;500769;SAO GABRIEL DO OESTE;1;1;2026-04-28 08:43:17;0073001;ENDOSCOPIA DIGESTIVA ALTA;;;0209010037;ESOFAGOGASTRODUODENOSCOPIA;MARIZA LOPES DE LIMA FLORES;1977-08-20;MARIA DE FATIMA LOPES;706901148190134;86280287149;FEMININO;664301642;4;88;31;2640;1;K295;GASTRITE CRONICA, SEM OUTRA ESPECIFICACAO 
2026-06-23 19:59:58;500769;SAO GABRIEL DO OESTE;6354265;CENTRAL DE REGULACAO DE SAO GABRIEL DO OESTE;500769;SAO GABRIEL DO OESTE;1;1;2026-04-28 08:40:49;0073001;ENDOSCOPIA DIGESTIVA ALTA;;;0209010037;ESOFAGOGASTRODUODENOSCOPIA;MARIA LUZ DE AQUINO FERREIRA;1947-08-31;GERALDINA MARIA DE AQUINO;701800276873578;17426235149;FEMININO;664300199;4;87;31;2610;1;R13;DISFAGIA 
2026-06-23 19:59:58;500769;SAO GABRIEL DO OESTE;6354265;CENTRAL DE REGULACAO DE SAO GABRIEL DO OESTE;500769;SAO GABRIEL DO OESTE;1;1;2026-04-28 08:38:39;0073001;ENDOSCOPIA DIGESTIVA ALTA;;;0209010037;ESOFAGOGASTRODUODENOSCOPIA;MARILDA RODRIGUES DOS SANTOS;1961-10-25;JOSINA RIBEIRO COSTA;700808416249382;91713862972;FEMININO;664298920;4;86;31;2580;1;K297;GASTRITE NAO ESPECIFICADA 
2026-06-23 19:59:58;500769;SAO GABRIEL DO OESTE;6354265;CENTRAL DE REGULACAO DE SAO GABRIEL DO OESTE;500769;SAO GABRIEL DO OESTE;1;1;2026-04-28 08:36:19;0073001;ENDOSCOPIA DIGESTIVA ALTA;;;0209010037;ESOFAGOGASTRODUODENOSCOPIA;MARINALVA RAIMUNDO DO NASCIMENTO;1966-09-02;DULCINEIA FRANCISCA DOS SANTOS;703404334723700;77125320104;FEMININO;664297575;4;85;31;2550;1;R101;DOR LOCALIZADA NO ABDOME SUPERIOR 
2026-06-23 19:59:58;500769;SAO GABRIEL DO OESTE;6354265;CENTRAL DE REGULACAO DE SAO GABRIEL DO OESTE;500769;SAO GABRIEL DO OESTE;1;1;2026-04-28 08:32:50;0073001;ENDOSCOPIA DIGESTIVA ALTA;;;0209010037;ESOFAGOGASTRODUODENOSCOPIA;MARCOS ROBERTO VIEIRA;1972-12-13;DIRCE CAETANO VIEIRA;700005331060204;55568050163;MASCULINO;664295470;4;84;31;2520;1;K295;GASTRITE CRONICA, SEM OUTRA ESPECIFICACAO 
2026-06-23 19:59:58;500769;SAO GABRIEL DO OESTE;6354265;CENTRAL DE REGULACAO DE SAO GABRIEL DO OESTE;500769;SAO GABRIEL DO OESTE;1;1;2026-04-27 16:28:22;0073001;ENDOSCOPIA DIGESTIVA ALTA;;;0209010037;ESOFAGOGASTRODUODENOSCOPIA;ELZA MARIA DA SILVA;1964-03-16;TEREZA CRAVINO DA SILVA;700403101457050;89885422153;FEMININO;664229126;4;83;31;2490;1;D379;ORGAO DIGESTIVO, NAO ESPECIFICADO 
2026-06-23 19:59:58;500769;SAO GABRIEL DO OESTE;2370972;UNIDADE DE SAUDE DA FAMILIA MILANE II;500769;SAO GABRIEL DO OESTE;1;1;2026-04-27 14:59:24;0073001;ENDOSCOPIA DIGESTIVA ALTA;;;0209010037;ESOFAGOGASTRODUODENOSCOPIA;TAYNARA TALINE DA SILVA;1993-02-09;ALEXANDRA APARECIDA DA SILVA;704201733592585;05505788114;FEMININO;664180810;4;82;31;2460;1;K297;GASTRITE NAO ESPECIFICADA 
2026-06-23 19:59:58;500769;SAO GABRIEL DO OESTE;6354265;CENTRAL DE REGULACAO DE SAO GABRIEL DO OESTE;500769;SAO GABRIEL DO OESTE;1;1;2026-04-27 12:06:11;0073001;ENDOSCOPIA DIGESTIVA ALTA;;;0209010037;ESOFAGOGASTRODUODENOSCOPIA;LEO VITOR SANTANA CANTANHEDE;2011-10-24;SABRINA CANTANHEDE MOREIRA;707806603949711;06108371170;MASCULINO;664108887;4;81;31;2430;1;D63;ANEMIA EM DOENCAS CRONICAS CLASSIFICADAS EM OUTRA PARTE
2026-06-23 19:59:58;500769;SAO GABRIEL DO OESTE;6354265;CENTRAL DE REGULACAO DE SAO GABRIEL DO OESTE;500769;SAO GABRIEL DO OESTE;1;1;2026-04-27 12:04:03;0073001;ENDOSCOPIA DIGESTIVA ALTA;;;0209010037;ESOFAGOGASTRODUODENOSCOPIA;LAYSE CASTRO TELES;2004-08-10;MARIA DA PAZ DE JESUS CASTRO;708404310523370;08311799539;FEMININO;664108113;4;80;31;2400;1;K297;GASTRITE NAO ESPECIFICADA 
2026-06-23 19:59:58;500769;SAO GABRIEL DO OESTE;6354265;CENTRAL DE REGULACAO DE SAO GABRIEL DO OESTE;500769;SAO GABRIEL DO OESTE;1;1;2026-04-27 12:01:06;0073001;ENDOSCOPIA DIGESTIVA ALTA;;;0209010037;ESOFAGOGASTRODUODENOSCOPIA;LEVI DA SILVA OLIVEIRA;1976-05-01;ELIETE DA SILVA DE OLIVEIRA;702208133215810;78578710100;MASCULINO;664106924;4;79;31;2370;1;K297;GASTRITE NAO ESPECIFICADA 
2026-06-23 19:59:58;500769;SAO GABRIEL DO OESTE;6354265;CENTRAL DE REGULACAO DE SAO GABRIEL DO OESTE;500769;SAO GABRIEL DO OESTE;1;1;2026-04-27 11:57:06;0073001;ENDOSCOPIA DIGESTIVA ALTA;;;0209010037;ESOFAGOGASTRODUODENOSCOPIA;LENICE SANTOS DE MATOS;1995-08-18;COSMA GABRIEL DOS SANTOS;704004372753265;06630691148;FEMININO;664105111;4;78;31;2340;1;K29;GASTRITE E DUODENITE
2026-06-23 19:59:58;500769;SAO GABRIEL DO OESTE;6354265;CENTRAL DE REGULACAO DE SAO GABRIEL DO OESTE;500769;SAO GABRIEL DO OESTE;1;1;2026-04-27 11:54:38;0073001;ENDOSCOPIA DIGESTIVA ALTA;;;0209010037;ESOFAGOGASTRODUODENOSCOPIA;LUIZ FERNANDO VIEIRA DA SILVA;2004-02-29;SIMONE VIEIRA DOS SANTOS;700005708370801;09562219127;MASCULINO;664103887;4;77;31;2310;1;R103;DOR LOCALIZADA EM OUTRAS PARTES DO ABDOME INFERIOR 
2026-06-23 19:59:58;500769;SAO GABRIEL DO OESTE;6354265;CENTRAL DE REGULACAO DE SAO GABRIEL DO OESTE;500769;SAO GABRIEL DO OESTE;1;1;2026-04-27 11:52:26;0073001;ENDOSCOPIA DIGESTIVA ALTA;;;0209010037;ESOFAGOGASTRODUODENOSCOPIA;LAURENIL SOARES SALLES;1970-08-21;LAURA SOARES;703001844761478;44481969172;FEMININO;664102756;4;76;31;2280;1;R103;DOR LOCALIZADA EM OUTRAS PARTES DO ABDOME INFERIOR 
2026-06-23 19:59:58;500769;SAO GABRIEL DO OESTE;6354265;CENTRAL DE REGULACAO DE SAO GABRIEL DO OESTE;500769;SAO GABRIEL DO OESTE;1;1;2026-04-27 11:50:33;0073001;ENDOSCOPIA DIGESTIVA ALTA;;;0209010037;ESOFAGOGASTRODUODENOSCOPIA;LORENA RIBEIRO DE MELLO OLIVEIRA;1996-04-09;MARIZA APARECIDA RIBEIRO DE MELLO;702507391578939;04543889185;FEMININO;664101775;4;75;31;2250;1;K297;GASTRITE NAO ESPECIFICADA 
2026-06-23 19:59:58;500769;SAO GABRIEL DO OESTE;6354265;CENTRAL DE REGULACAO DE SAO GABRIEL DO OESTE;500769;SAO GABRIEL DO OESTE;1;1;2026-04-27 11:38:35;0073001;ENDOSCOPIA DIGESTIVA ALTA;;;0209010037;ESOFAGOGASTRODUODENOSCOPIA;JOEL JOSE HAAS LEICHTWEIS;1987-09-02;ERENI HAAS;702409541974128;70176575197;MASCULINO;664095399;4;74;31;2220;1;R101;DOR LOCALIZADA NO ABDOME SUPERIOR 
2026-06-23 19:59:58;500769;SAO GABRIEL DO OESTE;6354265;CENTRAL DE REGULACAO DE SAO GABRIEL DO OESTE;500769;SAO GABRIEL DO OESTE;1;1;2026-04-27 11:33:16;0073001;ENDOSCOPIA DIGESTIVA ALTA;;;0209010037;ESOFAGOGASTRODUODENOSCOPIA;JOSEILDO VIEIRA DINIZ;1982-02-03;ROSENI VIEIRA DA SILVA DINIZ;700901956680396;00959171444;MASCULINO;664092395;4;73;31;2190;1;K297;GASTRITE NAO ESPECIFICADA 
2026-06-23 19:59:58;500769;SAO GABRIEL DO OESTE;6354265;CENTRAL DE REGULACAO DE SAO GABRIEL DO OESTE;500769;SAO GABRIEL DO OESTE;1;1;2026-04-27 11:31:15;0073001;ENDOSCOPIA DIGESTIVA ALTA;;;0209010037;ESOFAGOGASTRODUODENOSCOPIA;JOAO DIAS VIEIRA;1955-05-20;ONEZIA SENHORINHA DE OLIVEIRA;704109247324080;36755567191;MASCULINO;664091271;4;72;31;2160;1;K20;ESOFAGITE 
2026-06-23 19:59:58;500769;SAO GABRIEL DO OESTE;6354265;CENTRAL DE REGULACAO DE SAO GABRIEL DO OESTE;500769;SAO GABRIEL DO OESTE;1;1;2026-04-27 11:28:20;0073001;ENDOSCOPIA DIGESTIVA ALTA;;;0209010037;ESOFAGOGASTRODUODENOSCOPIA;JOAO PIZOLITTO;1953-06-23;LIDIA SCHOIZ PIZOLITTO;705006039724051;31202624120;MASCULINO;664089534;4;71;31;2130;1;R13;DISFAGIA 
2026-06-23 19:59:58;500769;SAO GABRIEL DO OESTE;6354265;CENTRAL DE REGULACAO DE SAO GABRIEL DO OESTE;500769;SAO GABRIEL DO OESTE;1;1;2026-04-27 11:26:04;0073001;ENDOSCOPIA DIGESTIVA ALTA;;;0209010037;ESOFAGOGASTRODUODENOSCOPIA;JOAO CARVALHO CARNEIRO;1965-10-27;OLINDA CARVALHO CARNEIRO;700005419620906;32222360110;MASCULINO;664088049;4;70;31;2100;1;K746;OUTRAS FORMAS DE CIRROSE HEPATICA E AS NAO ESPECIFICADAS 
2026-06-23 19:59:58;500769;SAO GABRIEL DO OESTE;6354265;CENTRAL DE REGULACAO DE SAO GABRIEL DO OESTE;500769;SAO GABRIEL DO OESTE;1;1;2026-04-27 11:22:56;0073001;ENDOSCOPIA DIGESTIVA ALTA;;;0209010037;ESOFAGOGASTRODUODENOSCOPIA;JOICE KELI BATISTA PASCHUINI;1988-10-04;NATALINA BATISTA;702900578433675;05990345992;FEMININO;664086071;4;69;31;2070;1;K29;GASTRITE E DUODENITE
2026-06-23 19:59:58;500769;SAO GABRIEL DO OESTE;6354265;CENTRAL DE REGULACAO DE SAO GABRIEL DO OESTE;500769;SAO GABRIEL DO OESTE;1;1;2026-04-27 11:20:39;0073001;ENDOSCOPIA DIGESTIVA ALTA;;;0209010037;ESOFAGOGASTRODUODENOSCOPIA;JODI DE SOUZA DIAS;1986-06-07;MARIA DE LURDES QUADROS DE SOUZA;702509391569532;02245837193;MASCULINO;664084658;4;68;31;2040;1;K21;DOENCA DE REFLUXO GASTROESOFAGICO
2026-06-23 19:59:58;500769;SAO GABRIEL DO OESTE;6354265;CENTRAL DE REGULACAO DE SAO GABRIEL DO OESTE;500769;SAO GABRIEL DO OESTE;1;1;2026-04-27 11:18:09;0073001;ENDOSCOPIA DIGESTIVA ALTA;;;0209010037;ESOFAGOGASTRODUODENOSCOPIA;JOAO GRISOSTE BENITES TRINDADE;1976-08-15;VERISSIMA IZABEL BENITES TRINDADE;708501364560777;80928803104;MASCULINO;664083117;4;67;31;2010;1;K295;GASTRITE CRONICA, SEM OUTRA ESPECIFICACAO 
2026-06-23 19:59:58;500769;SAO GABRIEL DO OESTE;6354265;CENTRAL DE REGULACAO DE SAO GABRIEL DO OESTE;500769;SAO GABRIEL DO OESTE;1;1;2026-04-27 11:15:58;0073001;ENDOSCOPIA DIGESTIVA ALTA;;;0209010037;ESOFAGOGASTRODUODENOSCOPIA;JONATHAN DE ASSIS LEME;2001-01-24;LEILA APARECIDA SILVERIO DE ASSIS;700403437422449;06901032129;MASCULINO;664081740;4;66;31;1980;1;K21;DOENCA DE REFLUXO GASTROESOFAGICO
2026-06-23 19:59:58;500769;SAO GABRIEL DO OESTE;6354265;CENTRAL DE REGULACAO DE SAO GABRIEL DO OESTE;500769;SAO GABRIEL DO OESTE;1;1;2026-04-27 11:13:40;0073001;ENDOSCOPIA DIGESTIVA ALTA;;;0209010037;ESOFAGOGASTRODUODENOSCOPIA;JOAO BATISTA PEREIRA MATEUS;1965-08-29;EURIDES PEREIRA DE SOUZA;700506938957460;36517194134;MASCULINO;664080306;4;65;31;1950;1;K21;DOENCA DE REFLUXO GASTROESOFAGICO
2026-06-23 19:59:58;500769;SAO GABRIEL DO OESTE;6354265;CENTRAL DE REGULACAO DE SAO GABRIEL DO OESTE;500769;SAO GABRIEL DO OESTE;1;1;2026-04-27 11:11:31;0073001;ENDOSCOPIA DIGESTIVA ALTA;;;0209010037;ESOFAGOGASTRODUODENOSCOPIA;JULIANA GISELE INACIO DOS SANTOS;1994-04-12;IODA MARIA INACIO RODA;701209095633315;05813821104;FEMININO;664078963;4;64;31;1920;1;K297;GASTRITE NAO ESPECIFICADA 
2026-06-23 19:59:58;500769;SAO GABRIEL DO OESTE;6354265;CENTRAL DE REGULACAO DE SAO GABRIEL DO OESTE;500769;SAO GABRIEL DO OESTE;1;1;2026-04-27 11:08:02;0073001;ENDOSCOPIA DIGESTIVA ALTA;;;0209010037;ESOFAGOGASTRODUODENOSCOPIA;JONATHAN JOSE ZACARIA FERREIRA CARDOSO;1984-03-22;FATIMA FERREIRA CARDOSO;701108336295080;01495618145;MASCULINO;664076717;4;63;31;1890;1;K30;DISPEPSIA 
2026-06-23 19:59:58;500769;SAO GABRIEL DO OESTE;6354265;CENTRAL DE REGULACAO DE SAO GABRIEL DO OESTE;500769;SAO GABRIEL DO OESTE;1;1;2026-04-27 11:05:00;0073001;ENDOSCOPIA DIGESTIVA ALTA;;;0209010037;ESOFAGOGASTRODUODENOSCOPIA;IRENI RODRIGUES DE ARANTES;1946-08-22;ALEXANDRINA LUIZ ARANTES;707606234292794;46552413149;FEMININO;664074788;4;62;31;1860;1;K25;ULCERA GASTRICA
2026-06-23 19:59:58;500769;SAO GABRIEL DO OESTE;6354265;CENTRAL DE REGULACAO DE SAO GABRIEL DO OESTE;500769;SAO GABRIEL DO OESTE;1;1;2026-04-27 11:02:06;0073001;ENDOSCOPIA DIGESTIVA ALTA;;;0209010037;ESOFAGOGASTRODUODENOSCOPIA;IVONE BECKHAUSER DEVISE;1949-01-23;MARIA WARMLING BECKHAUSER;705001245915156;60979526191;FEMININO;664072933;4;61;31;1830;1;K21;DOENCA DE REFLUXO GASTROESOFAGICO
2026-06-23 19:59:58;500769;SAO GABRIEL DO OESTE;6354265;CENTRAL DE REGULACAO DE SAO GABRIEL DO OESTE;500769;SAO GABRIEL DO OESTE;1;1;2026-04-27 10:59:47;0073001;ENDOSCOPIA DIGESTIVA ALTA;;;0209010037;ESOFAGOGASTRODUODENOSCOPIA;IRENE CAMARGO FLORES;1946-03-30;MARINA DOS SANTOS CAMARGO;705007643784154;58322469187;FEMININO;664071388;4;60;31;1800;1;K297;GASTRITE NAO ESPECIFICADA 
2026-06-23 19:59:58;500769;SAO GABRIEL DO OESTE;6354265;CENTRAL DE REGULACAO DE SAO GABRIEL DO OESTE;500769;SAO GABRIEL DO OESTE;1;1;2026-04-27 10:57:09;0073001;ENDOSCOPIA DIGESTIVA ALTA;;;0209010037;ESOFAGOGASTRODUODENOSCOPIA;INACIO DIAS DA ROCHA;1936-07-31;LAUDELINA ROCHA;704200279763986;27320499134;MASCULINO;664069653;4;59;31;1770;1;K29;GASTRITE E DUODENITE
2026-06-23 19:59:58;500769;SAO GABRIEL DO OESTE;6354265;CENTRAL DE REGULACAO DE SAO GABRIEL DO OESTE;500769;SAO GABRIEL DO OESTE;1;1;2026-04-27 10:53:35;0073001;ENDOSCOPIA DIGESTIVA ALTA;;;0209010037;ESOFAGOGASTRODUODENOSCOPIA;ILDA DA SILVA;1960-02-18;BEATRIZ PEREIRA NUNES;702402041722123;29826128104;FEMININO;664067245;4;58;31;1740;1;R101;DOR LOCALIZADA NO ABDOME SUPERIOR 
2026-06-23 19:59:58;500769;SAO GABRIEL DO OESTE;6354265;CENTRAL DE REGULACAO DE SAO GABRIEL DO OESTE;500769;SAO GABRIEL DO OESTE;1;1;2026-04-27 10:48:52;0073001;ENDOSCOPIA DIGESTIVA ALTA;;;0209010037;ESOFAGOGASTRODUODENOSCOPIA;IVA WINTERSTEIN;1963-08-26;LUIZA WINTERSTEIN;708406201313563;46556915149;FEMININO;664064037;4;57;31;1710;1;K297;GASTRITE NAO ESPECIFICADA 
2026-06-23 19:59:58;500769;SAO GABRIEL DO OESTE;6354265;CENTRAL DE REGULACAO DE SAO GABRIEL DO OESTE;500769;SAO GABRIEL DO OESTE;1;1;2026-04-27 10:40:09;0073001;ENDOSCOPIA DIGESTIVA ALTA;;;0209010037;ESOFAGOGASTRODUODENOSCOPIA;HARLEY AVELAR DA COSTA;1981-04-10;LUCILA AVELAR DA COSTA;704506339296311;85016888191;MASCULINO;664058020;4;56;31;1680;1;K297;GASTRITE NAO ESPECIFICADA 
2026-06-23 19:59:58;500769;SAO GABRIEL DO OESTE;6354265;CENTRAL DE REGULACAO DE SAO GABRIEL DO OESTE;500769;SAO GABRIEL DO OESTE;1;1;2026-04-27 10:37:40;0073001;ENDOSCOPIA DIGESTIVA ALTA;;;0209010037;ESOFAGOGASTRODUODENOSCOPIA;HILDA MARIA SOUZA DA SILVA;1953-01-01;ERNESTINA SOUZA DOS SANTOS;707407079426675;27167151149;FEMININO;664056285;4;55;31;1650;1;R101;DOR LOCALIZADA NO ABDOME SUPERIOR 
2026-06-23 19:59:58;500769;SAO GABRIEL DO OESTE;6354265;CENTRAL DE REGULACAO DE SAO GABRIEL DO OESTE;500769;SAO GABRIEL DO OESTE;1;1;2026-04-27 10:35:33;0073001;ENDOSCOPIA DIGESTIVA ALTA;;;0209010037;ESOFAGOGASTRODUODENOSCOPIA;HERNANDES FERNANDES SIQUEIRA;1992-09-06;ELZA FERNANDES SIQUEIRA;700508969763252;03756821129;MASCULINO;664054964;4;54;31;1620;1;K21;DOENCA DE REFLUXO GASTROESOFAGICO
2026-06-23 19:59:58;500769;SAO GABRIEL DO OESTE;6354265;CENTRAL DE REGULACAO DE SAO GABRIEL DO OESTE;500769;SAO GABRIEL DO OESTE;1;1;2026-04-27 10:31:48;0073001;ENDOSCOPIA DIGESTIVA ALTA;;;0209010037;ESOFAGOGASTRODUODENOSCOPIA;GENI CAVALLI;1956-04-08;MARIA SELVINA RODRIGUES;705000494851959;01574429183;FEMININO;664052375;4;53;31;1590;1;K20;ESOFAGITE 
2026-06-23 19:59:58;500769;SAO GABRIEL DO OESTE;6354265;CENTRAL DE REGULACAO DE SAO GABRIEL DO OESTE;500769;SAO GABRIEL DO OESTE;1;1;2026-04-27 10:29:10;0073001;ENDOSCOPIA DIGESTIVA ALTA;;;0209010037;ESOFAGOGASTRODUODENOSCOPIA;GLAUCIANE COIMBRA BARREIROS;1985-03-07;OTILIA COIMBRA BARREIROS;706406694266286;01615906169;FEMININO;664050559;4;52;31;1560;1;K297;GASTRITE NAO ESPECIFICADA 
2026-06-23 19:59:58;500769;SAO GABRIEL DO OESTE;6354265;CENTRAL DE REGULACAO DE SAO GABRIEL DO OESTE;500769;SAO GABRIEL DO OESTE;1;1;2026-04-27 10:26:13;0073001;ENDOSCOPIA DIGESTIVA ALTA;;;0209010037;ESOFAGOGASTRODUODENOSCOPIA;FABIANO LOPES DO NASCIMENTO;2008-09-04;KELY REGINA LOPES DE JESUS;700006863380700;11347261125;MASCULINO;664048523;4;51;31;1530;1;K297;GASTRITE NAO ESPECIFICADA 
2026-06-23 19:59:58;500769;SAO GABRIEL DO OESTE;6354265;CENTRAL DE REGULACAO DE SAO GABRIEL DO OESTE;500769;SAO GABRIEL DO OESTE;1;1;2026-04-27 10:23:41;0073001;ENDOSCOPIA DIGESTIVA ALTA;;;0209010037;ESOFAGOGASTRODUODENOSCOPIA;FIDELCINA PERSI BRAGA;1953-12-10;SANTINA MILANIN PERSI;700507199072554;51125722134;FEMININO;664046761;4;50;31;1500;1;K20;ESOFAGITE 
2026-06-23 19:59:58;500769;SAO GABRIEL DO OESTE;6354265;CENTRAL DE REGULACAO DE SAO GABRIEL DO OESTE;500769;SAO GABRIEL DO OESTE;1;1;2026-04-27 10:19:35;0073001;ENDOSCOPIA DIGESTIVA ALTA;;;0209010037;ESOFAGOGASTRODUODENOSCOPIA;FLODOALDO PEREIRA DE SOUZA;1945-04-05;DIBERALINA FURTADO DE SOUZA;706003301682840;14657201115;MASCULINO;664043875;4;49;31;1470;1;Z12;EXAME ESPECIAL DE RASTREAMENTO ("SCREENING") DE NEOPLASIAS
2026-06-23 19:59:58;500769;SAO GABRIEL DO OESTE;6354265;CENTRAL DE REGULACAO DE SAO GABRIEL DO OESTE;500769;SAO GABRIEL DO OESTE;1;1;2026-04-27 10:17:17;0073001;ENDOSCOPIA DIGESTIVA ALTA;;;0209010037;ESOFAGOGASTRODUODENOSCOPIA;FATIMA DA SILVA;1964-07-07;FRANCISCA CANDIDA BELIZARINA;700709992028473;82036438172;FEMININO;664042252;4;48;31;1440;1;K21;DOENCA DE REFLUXO GASTROESOFAGICO
2026-06-23 19:59:58;500769;SAO GABRIEL DO OESTE;6354265;CENTRAL DE REGULACAO DE SAO GABRIEL DO OESTE;500769;SAO GABRIEL DO OESTE;1;1;2026-04-27 10:00:57;0073001;ENDOSCOPIA DIGESTIVA ALTA;;;0209010037;ESOFAGOGASTRODUODENOSCOPIA;FATIMA RODRIGUES MATHEUS;1967-01-31;MARIA JOSE RODRIGUES;708608092649582;44515588168;FEMININO;664030791;4;47;31;1410;1;K296;OUTRAS GASTRITES 
2026-06-23 19:59:58;500769;SAO GABRIEL DO OESTE;6354265;CENTRAL DE REGULACAO DE SAO GABRIEL DO OESTE;500769;SAO GABRIEL DO OESTE;1;1;2026-04-27 09:56:24;0073001;ENDOSCOPIA DIGESTIVA ALTA;;;0209010037;ESOFAGOGASTRODUODENOSCOPIA;EDILSON MOREIRA DA SILVA;1974-01-27;MARIA ALDENI MOREIRA DA SILVA;702102746831694;57268924100;MASCULINO;664027511;4;46;31;1380;1;R101;DOR LOCALIZADA NO ABDOME SUPERIOR 
2026-06-23 19:59:58;500769;SAO GABRIEL DO OESTE;6354265;CENTRAL DE REGULACAO DE SAO GABRIEL DO OESTE;500769;SAO GABRIEL DO OESTE;1;1;2026-04-27 09:47:27;0073001;ENDOSCOPIA DIGESTIVA ALTA;;;0209010037;ESOFAGOGASTRODUODENOSCOPIA;EURI SOUZA DA SILVA;1991-01-24;EULINA GOMES DA SILVA;700808968566884;03979445194;MASCULINO;664021352;4;45;31;1350;1;K30;DISPEPSIA 
2026-06-23 19:59:58;500769;SAO GABRIEL DO OESTE;6354265;CENTRAL DE REGULACAO DE SAO GABRIEL DO OESTE;500769;SAO GABRIEL DO OESTE;1;1;2026-04-27 09:38:56;0073001;ENDOSCOPIA DIGESTIVA ALTA;;;0209010037;ESOFAGOGASTRODUODENOSCOPIA;EDSON ANDRADE OLIVEIRA;1982-12-15;MARIA ANDRADE DE OLIVEIRA;702506394209038;04083552123;MASCULINO;664015582;4;44;31;1320;1;K297;GASTRITE NAO ESPECIFICADA 
2026-06-23 19:59:58;500769;SAO GABRIEL DO OESTE;6354265;CENTRAL DE REGULACAO DE SAO GABRIEL DO OESTE;500769;SAO GABRIEL DO OESTE;1;1;2026-04-27 09:35:30;0073001;ENDOSCOPIA DIGESTIVA ALTA;;;0209010037;ESOFAGOGASTRODUODENOSCOPIA;DINALVA SILVA PAIVA;1970-01-09;MARIA DALVA SILVA PAIVA;706804202292924;37891480249;FEMININO;664013421;4;43;31;1290;1;K297;GASTRITE NAO ESPECIFICADA 
2026-06-23 19:59:58;500769;SAO GABRIEL DO OESTE;6354265;CENTRAL DE REGULACAO DE SAO GABRIEL DO OESTE;500769;SAO GABRIEL DO OESTE;1;1;2026-04-27 09:32:04;0073001;ENDOSCOPIA DIGESTIVA ALTA;;;0209010037;ESOFAGOGASTRODUODENOSCOPIA;DOMICIO FERREIRA DA SILVA;1947-05-26;DORVALINA FURTUNATO DA SILVA;704309599864098;10480102104;MASCULINO;664011087;4;42;31;1260;1;K297;GASTRITE NAO ESPECIFICADA 
2026-06-23 19:59:58;500769;SAO GABRIEL DO OESTE;6354265;CENTRAL DE REGULACAO DE SAO GABRIEL DO OESTE;500769;SAO GABRIEL DO OESTE;1;1;2026-04-27 09:27:46;0073001;ENDOSCOPIA DIGESTIVA ALTA;;;0209010037;ESOFAGOGASTRODUODENOSCOPIA;DARIO DE ANDRADE FILHO;1951-10-15;JOANA MARIA DE ANDRADE;704509348233311;92104754100;MASCULINO;664008213;4;41;31;1230;1;R104;OUTRAS DORES ABDOMINAIS E AS NAO ESPECIFICADAS 
2026-06-23 19:59:58;500769;SAO GABRIEL DO OESTE;6354265;CENTRAL DE REGULACAO DE SAO GABRIEL DO OESTE;500769;SAO GABRIEL DO OESTE;1;1;2026-04-27 09:25:45;0073001;ENDOSCOPIA DIGESTIVA ALTA;;;0209010037;ESOFAGOGASTRODUODENOSCOPIA;DAIANA MONTESSI CANTERO;1984-09-18;ELENA MONTESSI CANTERO;706409678914484;02647854106;FEMININO;664006880;4;40;31;1200;1;K29;GASTRITE E DUODENITE
2026-06-23 19:59:58;500769;SAO GABRIEL DO OESTE;6354265;CENTRAL DE REGULACAO DE SAO GABRIEL DO OESTE;500769;SAO GABRIEL DO OESTE;1;1;2026-04-27 09:23:36;0073001;ENDOSCOPIA DIGESTIVA ALTA;;;0209010037;ESOFAGOGASTRODUODENOSCOPIA;DIEGO PAULO DE ALMEIDA;1987-11-11;DACINA DOS SANTOS;706000894947145;01645057178;MASCULINO;664005420;4;39;31;1170;1;K297;GASTRITE NAO ESPECIFICADA 
2026-06-23 19:59:58;500769;SAO GABRIEL DO OESTE;6354265;CENTRAL DE REGULACAO DE SAO GABRIEL DO OESTE;500769;SAO GABRIEL DO OESTE;1;1;2026-04-27 09:21:38;0073001;ENDOSCOPIA DIGESTIVA ALTA;;;0209010037;ESOFAGOGASTRODUODENOSCOPIA;DEOLINO DALLA ROSA;1961-06-23;ORFILIA BRUNETTO;702507311540832;63744333949;MASCULINO;664004112;4;38;31;1140;1;K297;GASTRITE NAO ESPECIFICADA 
2026-06-23 19:59:58;500769;SAO GABRIEL DO OESTE;6354265;CENTRAL DE REGULACAO DE SAO GABRIEL DO OESTE;500769;SAO GABRIEL DO OESTE;1;1;2026-04-27 09:19:04;0073001;ENDOSCOPIA DIGESTIVA ALTA;;;0209010037;ESOFAGOGASTRODUODENOSCOPIA;CASSIANE BASSO;1988-05-17;MARLI TAPARO BASSO;704809559740946;02529772118;FEMININO;664002428;4;37;31;1110;1;K279;ULCERA PEPTICA DE LOCALIZACAO NAO ESPECIFICADA - NAO ESPECIFICADA COMO AGUDA OU CRONICA, SEM HEMORRAGIA OU PERFURACAO 
2026-06-23 19:59:58;500769;SAO GABRIEL DO OESTE;6354265;CENTRAL DE REGULACAO DE SAO GABRIEL DO OESTE;500769;SAO GABRIEL DO OESTE;1;1;2026-04-27 09:16:32;0073001;ENDOSCOPIA DIGESTIVA ALTA;;;0209010037;ESOFAGOGASTRODUODENOSCOPIA;CICERA SALVINA ANHANI;1952-03-04;LAVINIA ANTONIO ANHANI;702905560777970;27347923115;FEMININO;664000679;4;36;31;1080;1;K297;GASTRITE NAO ESPECIFICADA 
2026-06-23 19:59:58;500769;SAO GABRIEL DO OESTE;6354265;CENTRAL DE REGULACAO DE SAO GABRIEL DO OESTE;500769;SAO GABRIEL DO OESTE;1;1;2026-04-27 09:14:17;0073001;ENDOSCOPIA DIGESTIVA ALTA;;;0209010037;ESOFAGOGASTRODUODENOSCOPIA;CLEUZA UMBELINA DA SILVA ARAUJO;1963-04-04;OLINDA UMBELINO DA SILVA;704502329014115;28869893120;FEMININO;663999151;4;35;31;1050;1;K297;GASTRITE NAO ESPECIFICADA 
2026-06-23 19:59:58;500769;SAO GABRIEL DO OESTE;6354265;CENTRAL DE REGULACAO DE SAO GABRIEL DO OESTE;500769;SAO GABRIEL DO OESTE;1;1;2026-04-27 09:12:04;0073001;ENDOSCOPIA DIGESTIVA ALTA;;;0209010037;ESOFAGOGASTRODUODENOSCOPIA;CARMEN ELENA PULIDO;1972-02-03;CARMEN PULIDO;702601252856348;71078484295;FEMININO;663997620;4;34;31;1020;1;R13;DISFAGIA 
2026-06-23 19:59:58;500769;SAO GABRIEL DO OESTE;6354265;CENTRAL DE REGULACAO DE SAO GABRIEL DO OESTE;500769;SAO GABRIEL DO OESTE;1;1;2026-04-27 09:08:47;0073001;ENDOSCOPIA DIGESTIVA ALTA;;;0209010037;ESOFAGOGASTRODUODENOSCOPIA;CLARICE ASSMANN MIRANDA;1965-10-29;HILDA ASSMANN MIRANDA;705004407853250;60112182100;FEMININO;663995456;4;33;31;990;1;K29;GASTRITE E DUODENITE
2026-06-23 19:59:58;500769;SAO GABRIEL DO OESTE;6354265;CENTRAL DE REGULACAO DE SAO GABRIEL DO OESTE;500769;SAO GABRIEL DO OESTE;1;1;2026-04-27 09:06:32;0073001;ENDOSCOPIA DIGESTIVA ALTA;;;0209010037;ESOFAGOGASTRODUODENOSCOPIA;CRISTIANE CONCEICAO GOIS;1978-04-26;MARIA REGINA CONCEICAO GOIS;705403479765892;84695234149;FEMININO;663993939;4;32;31;960;1;K449;HERNIA DIAFRAGMATICA SEM OBSTRUCAO OU GANGRENA 
2026-06-23 19:59:58;500769;SAO GABRIEL DO OESTE;6354265;CENTRAL DE REGULACAO DE SAO GABRIEL DO OESTE;500769;SAO GABRIEL DO OESTE;1;1;2026-05-05 11:50:30;0073001;ENDOSCOPIA DIGESTIVA ALTA;;;0209010037;ESOFAGOGASTRODUODENOSCOPIA;ELSA DINIZ PAZ;1948-02-05;PEDROLINA DINIZ;702609763092448;95668578100;FEMININO;665665373;4;157;31;4710;1;R101;DOR LOCALIZADA NO ABDOME SUPERIOR 
2026-06-23 19:59:58;500769;SAO GABRIEL DO OESTE;6354265;CENTRAL DE REGULACAO DE SAO GABRIEL DO OESTE;500769;SAO GABRIEL DO OESTE;1;1;2026-05-05 11:39:38;0073001;ENDOSCOPIA DIGESTIVA ALTA;;;0209010037;ESOFAGOGASTRODUODENOSCOPIA;MARIA TEREZINHA SOUSA DA SILVA;1980-11-03;FATIMA SOUSA DA SILVA;703201660569998;00411204181;FEMININO;665659870;4;156;31;4680;1;K29;GASTRITE E DUODENITE
2026-06-23 19:59:58;500769;SAO GABRIEL DO OESTE;6354265;CENTRAL DE REGULACAO DE SAO GABRIEL DO OESTE;500769;SAO GABRIEL DO OESTE;1;1;2026-05-05 11:33:20;0073001;ENDOSCOPIA DIGESTIVA ALTA;;;0209010037;ESOFAGOGASTRODUODENOSCOPIA;GENIR MEURER;1965-11-21;ITALVINA NERVIS MEURER;700804916342787;57370982904;MASCULINO;665656468;4;155;31;4650;1;R10;DOR ABDOMINAL E PELVICA
2026-06-23 19:59:58;500769;SAO GABRIEL DO OESTE;6354265;CENTRAL DE REGULACAO DE SAO GABRIEL DO OESTE;500769;SAO GABRIEL DO OESTE;1;1;2026-05-05 11:14:18;0073001;ENDOSCOPIA DIGESTIVA ALTA;;;0209010037;ESOFAGOGASTRODUODENOSCOPIA;MARIA SEBASTIANA DOS SANTOS;1940-11-24;VALDOMIRA DOS SANTOS;703103822607760;69077738991;FEMININO;665645236;4;154;31;4620;1;D500;ANEMIA POR DEFICIENCIA DE FERRO SECUNDARIA A PERDA DE SANGUE (CRONICA) 
2026-06-23 19:59:58;500769;SAO GABRIEL DO OESTE;6354265;CENTRAL DE REGULACAO DE SAO GABRIEL DO OESTE;500769;SAO GABRIEL DO OESTE;1;1;2026-05-05 11:00:46;0073001;ENDOSCOPIA DIGESTIVA ALTA;;;0209010037;ESOFAGOGASTRODUODENOSCOPIA;ORESTES DE JESUS;1938-11-15;OLINDA DE JESUS;705001401607557;29515220963;MASCULINO;665636816;4;153;31;4590;1;D649;ANEMIA NAO ESPECIFICADA 
2026-06-23 19:59:58;500769;SAO GABRIEL DO OESTE;6354265;CENTRAL DE REGULACAO DE SAO GABRIEL DO OESTE;500769;SAO GABRIEL DO OESTE;1;1;2026-05-05 10:56:44;0073001;ENDOSCOPIA DIGESTIVA ALTA;;;0209010037;ESOFAGOGASTRODUODENOSCOPIA;MARIA ONEIDE DOS SANTOS BRANDAO;1950-05-25;FRANCISCA CARLOS DOS SANTOS;704204704781882;34571264100;FEMININO;665634134;4;152;31;4560;1;D50;ANEMIA POR DEFICIENCIA DE FERRO
2026-06-23 19:59:58;500769;SAO GABRIEL DO OESTE;6354265;CENTRAL DE REGULACAO DE SAO GABRIEL DO OESTE;500769;SAO GABRIEL DO OESTE;1;1;2026-05-05 10:50:29;0073001;ENDOSCOPIA DIGESTIVA ALTA;;;0209010037;ESOFAGOGASTRODUODENOSCOPIA;ALTAIR BELCHIOR DA SILVA;1974-05-07;GUIOMAR BELCHIOR DA SILVA;700004314400905;63805421168;MASCULINO;665630003;4;151;31;4530;1;K297;GASTRITE NAO ESPECIFICADA 
2026-06-23 19:59:58;500769;SAO GABRIEL DO OESTE;6354265;CENTRAL DE REGULACAO DE SAO GABRIEL DO OESTE;500769;SAO GABRIEL DO OESTE;1;1;2026-05-05 10:45:40;0073001;ENDOSCOPIA DIGESTIVA ALTA;;;0209010037;ESOFAGOGASTRODUODENOSCOPIA;SOLANGE DOS SANTOS;1972-07-19;EVA PEDROSA DOS SANTOS;700101472241820;94036896172;FEMININO;665626655;4;150;31;4500;1;E11;DIABETES MELLITUS NAO-INSULINO-DEPENDENTE
2026-06-23 19:59:58;500769;SAO GABRIEL DO OESTE;6354265;CENTRAL DE REGULACAO DE SAO GABRIEL DO OESTE;500769;SAO GABRIEL DO OESTE;1;1;2026-05-05 10:19:29;0073001;ENDOSCOPIA DIGESTIVA ALTA;;;0209010037;ESOFAGOGASTRODUODENOSCOPIA;EPAMINONDAS GARCIA DE MENDONCA;1928-11-05;MARIANA LUCIANA DE MENDONCA;700408974132045;03078973115;MASCULINO;665608522;4;149;31;4470;1;K92;OUTRAS DOENCAS DO APARELHO DIGESTIVO
2026-06-23 19:59:58;500769;SAO GABRIEL DO OESTE;6354265;CENTRAL DE REGULACAO DE SAO GABRIEL DO OESTE;500769;SAO GABRIEL DO OESTE;1;1;2026-05-05 10:12:47;0073001;ENDOSCOPIA DIGESTIVA ALTA;;;0209010037;ESOFAGOGASTRODUODENOSCOPIA;MARIA SUELI BISPO DA SILVA;1967-04-02;MARIA ANACLETA DE SOUZA;703009864123873;46485880100;FEMININO;665603891;4;148;31;4440;1;A09;DIARREIA E GASTROENTERITE DE ORIGEM INFECCIOSA PRESUMIVEL 
2026-06-23 19:59:58;500769;SAO GABRIEL DO OESTE;6354265;CENTRAL DE REGULACAO DE SAO GABRIEL DO OESTE;500769;SAO GABRIEL DO OESTE;1;1;2026-05-05 10:06:37;0073001;ENDOSCOPIA DIGESTIVA ALTA;;;0209010037;ESOFAGOGASTRODUODENOSCOPIA;ROSANGELA MOREIRA DE SOUZA;1974-04-16;EMIDIA MOREIRA DE SOUZA;702605258992441;63786826153;FEMININO;665599621;4;147;31;4410;1;R194;ALTERACAO DO HABITO INTESTINAL 
2026-06-23 19:59:58;500769;SAO GABRIEL DO OESTE;6354265;CENTRAL DE REGULACAO DE SAO GABRIEL DO OESTE;500769;SAO GABRIEL DO OESTE;1;1;2026-05-05 09:56:01;0073001;ENDOSCOPIA DIGESTIVA ALTA;;;0209010037;ESOFAGOGASTRODUODENOSCOPIA;MARTA ANDRADE BARBOSA SERPA;1965-01-17;LIBERALINA ANDRADE BARBOSA;704806048758243;33772673104;FEMININO;665592317;4;146;31;4380;1;R101;DOR LOCALIZADA NO ABDOME SUPERIOR 
2026-06-23 19:59:58;500769;SAO GABRIEL DO OESTE;6354265;CENTRAL DE REGULACAO DE SAO GABRIEL DO OESTE;500769;SAO GABRIEL DO OESTE;1;1;2026-05-05 09:47:59;0073001;ENDOSCOPIA DIGESTIVA ALTA;;;0209010037;ESOFAGOGASTRODUODENOSCOPIA;MAURICIO FABIANO GONCALVES MARQUES;1994-11-03;MARINA GONCALVES;704805577220149;03668077142;MASCULINO;665586878;4;145;31;4350;1;K25;ULCERA GASTRICA
2026-06-23 19:59:58;500769;SAO GABRIEL DO OESTE;6354265;CENTRAL DE REGULACAO DE SAO GABRIEL DO OESTE;500769;SAO GABRIEL DO OESTE;1;1;2026-05-05 09:42:47;0073001;ENDOSCOPIA DIGESTIVA ALTA;;;0209010037;ESOFAGOGASTRODUODENOSCOPIA;ALICE RODRIGUES INACIO;1951-12-08;THEONILIA RODRIGUES DE ALMEIDA;705006645992950;32198221187;FEMININO;665583461;4;144;31;4320;1;D509;ANEMIA POR DEFICIENCIA DE FERRO NAO ESPECIFICADA 
2026-06-23 19:59:58;500769;SAO GABRIEL DO OESTE;6354265;CENTRAL DE REGULACAO DE SAO GABRIEL DO OESTE;500769;SAO GABRIEL DO OESTE;1;1;2026-05-05 09:32:49;0073001;ENDOSCOPIA DIGESTIVA ALTA;;;0209010037;ESOFAGOGASTRODUODENOSCOPIA;DENISE DOS SANTOS KELLER;1965-03-23;AURECI AUREA DOS SANTOS;700205938821323;54296668153;FEMININO;665576875;4;143;31;4290;1;K296;OUTRAS GASTRITES 
2026-06-23 19:59:58;500769;SAO GABRIEL DO OESTE;6354265;CENTRAL DE REGULACAO DE SAO GABRIEL DO OESTE;500769;SAO GABRIEL DO OESTE;1;1;2026-05-05 08:32:20;0073001;ENDOSCOPIA DIGESTIVA ALTA;;;0209010037;ESOFAGOGASTRODUODENOSCOPIA;SELMA CUSTODIO SANTANA DA SILVA;1974-04-01;ALDIVINA FRANCISCA APARECIDA;700508754413052;63923416172;FEMININO;665540356;4;142;31;4260;1;K297;GASTRITE NAO ESPECIFICADA 
2026-06-23 19:59:58;500769;SAO GABRIEL DO OESTE;2591359;UNIDADE DE SAUDE DA FAMILIA V;500769;SAO GABRIEL DO OESTE;1;1;2026-05-04 15:50:18;0073001;ENDOSCOPIA DIGESTIVA ALTA;;;0209010037;ESOFAGOGASTRODUODENOSCOPIA;ROZIMERI TEREZINHA DE CEZARO SIMONATO;1969-07-05;DIVA DOMENICA MENEGHINI DE CEZARO;700702979617979;02808445903;FEMININO;665461252;4;141;31;4230;1;K29;GASTRITE E DUODENITE
2026-06-23 19:59:58;500769;SAO GABRIEL DO OESTE;6354265;CENTRAL DE REGULACAO DE SAO GABRIEL DO OESTE;500769;SAO GABRIEL DO OESTE;1;1;2026-05-04 14:59:38;0073001;ENDOSCOPIA DIGESTIVA ALTA;;;0209010037;ESOFAGOGASTRODUODENOSCOPIA;ELZA FERREIRA DE OLIVEIRA;1975-01-08;VALDENIR FERREIRA DE OLIVEIRA;706002878056047;83785590172;FEMININO;665434473;4;140;31;4200;1;R101;DOR LOCALIZADA NO ABDOME SUPERIOR 
2026-06-23 19:59:58;500769;SAO GABRIEL DO OESTE;6354265;CENTRAL DE REGULACAO DE SAO GABRIEL DO OESTE;500769;SAO GABRIEL DO OESTE;1;1;2026-05-04 14:04:36;0073001;ENDOSCOPIA DIGESTIVA ALTA;;;0209010037;ESOFAGOGASTRODUODENOSCOPIA;DEVAIR RIBEIRO SEVERINO;1978-05-19;DIRCE RIBEIRO SEVERINO;701202033095011;87756161149;MASCULINO;665405120;4;139;31;4170;1;D649;ANEMIA NAO ESPECIFICADA 
2026-06-23 19:59:58;500769;SAO GABRIEL DO OESTE;6354265;CENTRAL DE REGULACAO DE SAO GABRIEL DO OESTE;500769;SAO GABRIEL DO OESTE;1;1;2026-04-29 10:26:50;0073001;ENDOSCOPIA DIGESTIVA ALTA;;;0209010037;ESOFAGOGASTRODUODENOSCOPIA;IVONE FRANCISCA DORADO;1969-06-05;VERONICA DOS SANTOS DORADO;700909961734692;00682141119;FEMININO;664684908;4;138;31;4140;1;H72;PERFURACAO DA MEMBRANA DO TIMPANO
2026-06-23 19:59:58;500769;SAO GABRIEL DO OESTE;3400964;UNIDADE DE SAUDE DA FAMILIA RURAL VII;500769;SAO GABRIEL DO OESTE;1;1;2026-04-29 10:15:02;0073001;ENDOSCOPIA DIGESTIVA ALTA;;;0209010037;ESOFAGOGASTRODUODENOSCOPIA;ANDREZA WILDNER GONCALVES;1993-02-13;VERA LUCIA WILDNER;708203675816646;71770261184;FEMININO;664676579;4;137;31;4110;1;K297;GASTRITE NAO ESPECIFICADA 
2026-06-23 19:59:58;500769;SAO GABRIEL DO OESTE;2370999;UNIDADE DE SAUDE DA FAMILIA FENIX IV;500769;SAO GABRIEL DO OESTE;1;1;2026-04-29 10:11:21;0073001;ENDOSCOPIA DIGESTIVA ALTA;;;0209010037;ESOFAGOGASTRODUODENOSCOPIA;CLAUDETE PALMEIRA;1979-07-14;VIDOLVINA TELES PALMEIRA;704704775426339;06720623990;FEMININO;664674079;4;136;31;4080;1;K29;GASTRITE E DUODENITE
2026-06-23 19:59:58;500769;SAO GABRIEL DO OESTE;6354265;CENTRAL DE REGULACAO DE SAO GABRIEL DO OESTE;500769;SAO GABRIEL DO OESTE;1;1;2026-04-29 09:34:33;0073001;ENDOSCOPIA DIGESTIVA ALTA;;;0209010037;ESOFAGOGASTRODUODENOSCOPIA;CLEBERSON RIBEIRO DA SILVA;1983-06-30;EXPEDITA PEREIRA;708204662171944;00269500146;MASCULINO;664649667;4;135;31;4050;1;R10;DOR ABDOMINAL E PELVICA
2026-06-23 19:59:58;500769;SAO GABRIEL DO OESTE;6354265;CENTRAL DE REGULACAO DE SAO GABRIEL DO OESTE;500769;SAO GABRIEL DO OESTE;1;1;2026-04-29 08:39:19;0073001;ENDOSCOPIA DIGESTIVA ALTA;;;0209010037;ESOFAGOGASTRODUODENOSCOPIA;WYLLAS DE SOUSA E SILVA;2003-09-07;FABIANA PAULA MARTINS DE SOUSA E SILVA;700503934037852;06241950312;MASCULINO;664616551;4;134;31;4020;1;Z10;EXAME GERAL DE ROTINA ("CHECK UP") DE UMA SUBPOPULACAO DEFINIDA
2026-06-23 19:59:58;500769;SAO GABRIEL DO OESTE;6354265;CENTRAL DE REGULACAO DE SAO GABRIEL DO OESTE;500769;SAO GABRIEL DO OESTE;1;1;2026-04-29 08:36:13;0073001;ENDOSCOPIA DIGESTIVA ALTA;;;0209010037;ESOFAGOGASTRODUODENOSCOPIA;VALDEANA FREITAS DA SILVA AFONSO;1983-09-21;MARIA LUCIMAR FREITAS DA SILVA;704606127490024;06026199632;FEMININO;664614942;4;133;31;3990;1;K297;GASTRITE NAO ESPECIFICADA 
2026-06-23 19:59:58;500769;SAO GABRIEL DO OESTE;6354265;CENTRAL DE REGULACAO DE SAO GABRIEL DO OESTE;500769;SAO GABRIEL DO OESTE;1;1;2026-04-29 08:33:23;0073001;ENDOSCOPIA DIGESTIVA ALTA;;;0209010037;ESOFAGOGASTRODUODENOSCOPIA;VANESIA FILADELFO DA SILVA LOSCHI;1978-11-30;SEBASTIANA FILADELFA DA SILVA;706008376078740;89417631187;FEMININO;664613503;4;132;31;3960;1;K30;DISPEPSIA 
2026-06-23 19:59:58;500769;SAO GABRIEL DO OESTE;6354265;CENTRAL DE REGULACAO DE SAO GABRIEL DO OESTE;500769;SAO GABRIEL DO OESTE;1;1;2026-04-29 08:29:44;0073001;ENDOSCOPIA DIGESTIVA ALTA;;;0209010037;ESOFAGOGASTRODUODENOSCOPIA;VANIA MORAES DA SILVA;1982-10-31;NELZITA MORAES DA SILVA;706401630920088;01800689110;FEMININO;664611652;4;131;31;3930;1;K21;DOENCA DE REFLUXO GASTROESOFAGICO
2026-06-23 19:59:58;500769;SAO GABRIEL DO OESTE;6354265;CENTRAL DE REGULACAO DE SAO GABRIEL DO OESTE;500769;SAO GABRIEL DO OESTE;1;1;2026-04-29 08:26:00;0073001;ENDOSCOPIA DIGESTIVA ALTA;;;0209010037;ESOFAGOGASTRODUODENOSCOPIA;VANDERLEI ROQUE DEVISE;1969-04-08;VANDA MATIEVICZ DEVISE;700009022418809;71027254934;MASCULINO;664609839;4;130;31;3900;1;B968;OUTROS AGENTES BACTERIANOS ESPECIFICADOS, COMO CAUSA DE DOENCAS CLASSIFICADAS EM OUTROS CAPITULOS 
2026-06-23 19:59:58;500769;SAO GABRIEL DO OESTE;6354265;CENTRAL DE REGULACAO DE SAO GABRIEL DO OESTE;500769;SAO GABRIEL DO OESTE;1;1;2026-04-29 08:23:48;0073001;ENDOSCOPIA DIGESTIVA ALTA;;;0209010037;ESOFAGOGASTRODUODENOSCOPIA;VANILDA DO BELEM DOS SANTOS MATIAS;1964-11-05;BRAULINA FAGUNDES DO NASCIMENTO;700806965638181;05529164986;FEMININO;664608780;4;129;31;3870;1;K21;DOENCA DE REFLUXO GASTROESOFAGICO
2026-06-23 19:59:58;500769;SAO GABRIEL DO OESTE;6354265;CENTRAL DE REGULACAO DE SAO GABRIEL DO OESTE;500769;SAO GABRIEL DO OESTE;1;1;2026-04-29 08:20:26;0073001;ENDOSCOPIA DIGESTIVA ALTA;;;0209010037;ESOFAGOGASTRODUODENOSCOPIA;VALMIR JOSE SPIGOLON;1964-08-13;TEREZINHA MARIA SPIGOLON;700602920060863;36842370191;MASCULINO;664607182;4;128;31;3840;1;K291;OUTRAS GASTRITES AGUDAS 
2026-06-23 19:59:58;500769;SAO GABRIEL DO OESTE;6354265;CENTRAL DE REGULACAO DE SAO GABRIEL DO OESTE;500769;SAO GABRIEL DO OESTE;1;1;2026-04-28 11:46:40;0073001;ENDOSCOPIA DIGESTIVA ALTA;;;0209010037;ESOFAGOGASTRODUODENOSCOPIA;TEREZINHA MENDES DOS SANTOS DE LIMA;1980-05-17;DORACI MENDES DOS SANTOS;704600612869824;87407469172;FEMININO;664422568;4;127;31;3810;1;K21;DOENCA DE REFLUXO GASTROESOFAGICO
2026-06-23 19:59:58;500769;SAO GABRIEL DO OESTE;6354265;CENTRAL DE REGULACAO DE SAO GABRIEL DO OESTE;500769;SAO GABRIEL DO OESTE;1;1;2026-04-28 11:41:52;0073001;ENDOSCOPIA DIGESTIVA ALTA;;;0209010037;ESOFAGOGASTRODUODENOSCOPIA;TEREZINHA RODRIGUES SILVA OLIVEIRA;1973-10-06;MARIA PEREIRA RODRIGUES DA SILVA;708404775043966;16360698862;FEMININO;664419981;4;126;31;3780;1;K297;GASTRITE NAO ESPECIFICADA 
2026-06-23 19:59:58;500769;SAO GABRIEL DO OESTE;6354265;CENTRAL DE REGULACAO DE SAO GABRIEL DO OESTE;500769;SAO GABRIEL DO OESTE;1;1;2026-04-28 11:39:44;0073001;ENDOSCOPIA DIGESTIVA ALTA;;;0209010037;ESOFAGOGASTRODUODENOSCOPIA;TEREZINHA VEGA DOS SANTOS;1972-02-11;HERTA VEGA;705604443234713;63930994100;FEMININO;664418765;4;125;31;3750;1;K29;GASTRITE E DUODENITE
2026-06-23 19:59:58;500769;SAO GABRIEL DO OESTE;6354265;CENTRAL DE REGULACAO DE SAO GABRIEL DO OESTE;500769;SAO GABRIEL DO OESTE;1;1;2026-04-28 11:35:40;0073001;ENDOSCOPIA DIGESTIVA ALTA;;;0209010037;ESOFAGOGASTRODUODENOSCOPIA;SAMARA SANTOS E SANTOS;1992-01-13;LUZIA VITOR DOS SANTOS;700402445286949;07251461501;FEMININO;664416394;4;124;31;3720;1;K29;GASTRITE E DUODENITE
2026-06-23 19:59:58;500769;SAO GABRIEL DO OESTE;6354265;CENTRAL DE REGULACAO DE SAO GABRIEL DO OESTE;500769;SAO GABRIEL DO OESTE;1;1;2026-04-28 11:33:35;0073001;ENDOSCOPIA DIGESTIVA ALTA;;;0209010037;ESOFAGOGASTRODUODENOSCOPIA;SEBASTIAO GOMES VILELA;1968-03-02;GENI PEREIRA VILELA;707004823341939;46601600172;MASCULINO;664415249;4;123;31;3690;1;K296;OUTRAS GASTRITES 
2026-06-23 19:59:58;500769;SAO GABRIEL DO OESTE;6354265;CENTRAL DE REGULACAO DE SAO GABRIEL DO OESTE;500769;SAO GABRIEL DO OESTE;1;1;2026-04-28 11:31:10;0073001;ENDOSCOPIA DIGESTIVA ALTA;;;0209010037;ESOFAGOGASTRODUODENOSCOPIA;SILENE FERREIRA DO CARMO;1975-04-26;VALDIRA FERREIRA DO CARMO;709607697971774;58323031134;FEMININO;664413845;4;122;31;3660;1;B96;OUTROS AGENTES BACTERIANOS, COMO CAUSA DE DOENCAS CLASSIFICADAS EM OUTROS CAPITULOS
2026-06-23 19:59:58;500769;SAO GABRIEL DO OESTE;6354265;CENTRAL DE REGULACAO DE SAO GABRIEL DO OESTE;500769;SAO GABRIEL DO OESTE;1;1;2026-04-28 11:28:41;0073001;ENDOSCOPIA DIGESTIVA ALTA;;;0209010037;ESOFAGOGASTRODUODENOSCOPIA;SALVADORA ARGUELHO FERRO;1958-03-22;SARTONINA GONCALVES;706901115310130;42133033149;FEMININO;664412364;4;121;31;3630;1;K297;GASTRITE NAO ESPECIFICADA 
2026-06-23 19:59:58;500769;SAO GABRIEL DO OESTE;6354265;CENTRAL DE REGULACAO DE SAO GABRIEL DO OESTE;500769;SAO GABRIEL DO OESTE;1;1;2026-04-28 11:24:12;0073001;ENDOSCOPIA DIGESTIVA ALTA;;;0209010037;ESOFAGOGASTRODUODENOSCOPIA;SIDILEI CORREA DOS ANJOS;1977-11-11;ZELI CORREA NETO;701106371993080;71839423170;MASCULINO;664409531;4;120;31;3600;1;K297;GASTRITE NAO ESPECIFICADA 
2026-06-23 19:59:58;500769;SAO GABRIEL DO OESTE;6354265;CENTRAL DE REGULACAO DE SAO GABRIEL DO OESTE;500769;SAO GABRIEL DO OESTE;1;1;2026-04-28 11:20:39;0073001;ENDOSCOPIA DIGESTIVA ALTA;;;0209010037;ESOFAGOGASTRODUODENOSCOPIA;SEBASTIAO PRATES PEREIRA;1948-10-24;ALMERINDA PRATES;704208280226082;42096235049;MASCULINO;664407372;4;119;31;3570;1;K29;GASTRITE E DUODENITE
2026-06-23 19:59:58;500769;SAO GABRIEL DO OESTE;6354265;CENTRAL DE REGULACAO DE SAO GABRIEL DO OESTE;500769;SAO GABRIEL DO OESTE;1;1;2026-04-28 11:15:09;0073001;ENDOSCOPIA DIGESTIVA ALTA;;;0209010037;ESOFAGOGASTRODUODENOSCOPIA;RAFAEL FREIRE DA SILVA;1996-11-05;MARIA ROSENAIDE FREIRE;709808082904195;06142436106;MASCULINO;664403910;4;118;31;3540;1;R101;DOR LOCALIZADA NO ABDOME SUPERIOR 
2026-06-23 19:59:58;500769;SAO GABRIEL DO OESTE;6354265;CENTRAL DE REGULACAO DE SAO GABRIEL DO OESTE;500769;SAO GABRIEL DO OESTE;1;1;2026-04-28 11:01:55;0073001;ENDOSCOPIA DIGESTIVA ALTA;;;0209010037;ESOFAGOGASTRODUODENOSCOPIA;ROBERTO DA SILVA VEIGA;1983-05-04;MARIA FELICIA DA SILVA VEIGA;700500164072950;00400790157;MASCULINO;664395306;4;117;31;3510;1;K29;GASTRITE E DUODENITE
2026-06-23 19:59:58;500769;SAO GABRIEL DO OESTE;2591359;UNIDADE DE SAUDE DA FAMILIA V;500769;SAO GABRIEL DO OESTE;1;1;2026-04-28 11:00:37;0073001;ENDOSCOPIA DIGESTIVA ALTA;;;0209010037;ESOFAGOGASTRODUODENOSCOPIA;RAISSA DAIANE DIAS BORDIGNON;1999-01-12;ROSA APARECIDA DIAS;705004666983959;06213075135;FEMININO;664394456;4;116;31;3480;1;K291;OUTRAS GASTRITES AGUDAS 
2026-06-23 19:59:58;500769;SAO GABRIEL DO OESTE;6354265;CENTRAL DE REGULACAO DE SAO GABRIEL DO OESTE;500769;SAO GABRIEL DO OESTE;1;1;2026-04-28 10:59:21;0073001;ENDOSCOPIA DIGESTIVA ALTA;;;0209010037;ESOFAGOGASTRODUODENOSCOPIA;ROSA EGILDA DA SILVA;1962-06-12;JULIA CELESTINO DA SILVA;706009884067744;44702205153;FEMININO;664393606;4;115;31;3450;1;R14;FLATULENCIA E AFECCOES CORRELATAS 
2026-06-23 19:59:58;500769;SAO GABRIEL DO OESTE;6354265;CENTRAL DE REGULACAO DE SAO GABRIEL DO OESTE;500769;SAO GABRIEL DO OESTE;1;1;2026-04-28 10:43:03;0073001;ENDOSCOPIA DIGESTIVA ALTA;;;0209010037;ESOFAGOGASTRODUODENOSCOPIA;REGINA CELIA SILVA ALENCAR;1972-12-19;MARIA DAS GRACAS SILVA DE ALENCAR;705402450303598;01002153190;FEMININO;664382829;4;114;31;3420;1;K297;GASTRITE NAO ESPECIFICADA 
2026-06-23 19:59:58;500769;SAO GABRIEL DO OESTE;6354265;CENTRAL DE REGULACAO DE SAO GABRIEL DO OESTE;500769;SAO GABRIEL DO OESTE;1;1;2026-04-28 10:28:15;0073001;ENDOSCOPIA DIGESTIVA ALTA;;;0209010037;ESOFAGOGASTRODUODENOSCOPIA;RENATA DA CONCEICAO FABIANO;1988-01-20;TEREZA MARIA DA CONCEICAO FABIANO;704805024306147;03510798155;FEMININO;664372640;4;113;31;3390;1;J450;ASMA PREDOMINANTEMENTE ALERGICA 
2026-06-23 19:59:58;500769;SAO GABRIEL DO OESTE;6354265;CENTRAL DE REGULACAO DE SAO GABRIEL DO OESTE;500769;SAO GABRIEL DO OESTE;1;1;2026-04-28 10:18:14;0073001;ENDOSCOPIA DIGESTIVA ALTA;;;0209010037;ESOFAGOGASTRODUODENOSCOPIA;PATRICIA APARECIDA DE PAULA;1969-08-01;CONCEICAO APARECIDA DE PAULA;700208426060229;55998879104;FEMININO;664365738;4;112;31;3360;1;K29;GASTRITE E DUODENITE
2026-06-23 19:59:58;500769;SAO GABRIEL DO OESTE;6354265;CENTRAL DE REGULACAO DE SAO GABRIEL DO OESTE;500769;SAO GABRIEL DO OESTE;1;1;2026-04-28 10:11:01;0073001;ENDOSCOPIA DIGESTIVA ALTA;;;0209010037;ESOFAGOGASTRODUODENOSCOPIA;PEDRO DE SOUZA NETO;1969-03-20;MARIA GENESIA CLAUDINO;704700715951735;56935455553;MASCULINO;664360651;4;111;31;3330;1;K299;GASTRODUODENITE, SEM OUTRA ESPECIFICACAO 
2026-06-23 19:59:58;500769;SAO GABRIEL DO OESTE;6354265;CENTRAL DE REGULACAO DE SAO GABRIEL DO OESTE;500769;SAO GABRIEL DO OESTE;1;1;2026-04-28 10:08:19;0073001;ENDOSCOPIA DIGESTIVA ALTA;;;0209010037;ESOFAGOGASTRODUODENOSCOPIA;PAULO SERGIO GOMES;1969-07-25;LEONICE RAMOS GOMES;702400523654828;73621110968;MASCULINO;664358788;4;110;31;3300;1;K299;GASTRODUODENITE, SEM OUTRA ESPECIFICACAO 
2026-06-23 19:59:58;500769;SAO GABRIEL DO OESTE;6354265;CENTRAL DE REGULACAO DE SAO GABRIEL DO OESTE;500769;SAO GABRIEL DO OESTE;1;1;2026-04-28 09:55:59;0073001;ENDOSCOPIA DIGESTIVA ALTA;;;0209010037;ESOFAGOGASTRODUODENOSCOPIA;OTILIA MARIA DAMIAN PESSATTO;1947-11-25;ZAIRA FICHT DAMIAN;706500354330798;07565666904;FEMININO;664350303;4;109;31;3270;1;R101;DOR LOCALIZADA NO ABDOME SUPERIOR 
2026-06-23 19:59:58;500769;SAO GABRIEL DO OESTE;6354265;CENTRAL DE REGULACAO DE SAO GABRIEL DO OESTE;500769;SAO GABRIEL DO OESTE;1;1;2026-04-28 09:53:09;0073001;ENDOSCOPIA DIGESTIVA ALTA;;;0209010037;ESOFAGOGASTRODUODENOSCOPIA;OVIEDO FEITOSA SANTOS;1974-09-17;MARIA DE LOURDES FEITOSA;703204606488198;71949801500;MASCULINO;664348253;4;108;31;3240;1;R101;DOR LOCALIZADA NO ABDOME SUPERIOR 
2026-06-23 19:59:58;500769;SAO GABRIEL DO OESTE;6354265;CENTRAL DE REGULACAO DE SAO GABRIEL DO OESTE;500769;SAO GABRIEL DO OESTE;1;1;2026-04-28 09:47:35;0073001;ENDOSCOPIA DIGESTIVA ALTA;;;0209010037;ESOFAGOGASTRODUODENOSCOPIA;NEIDE COSTA CAMPOS;1947-12-04;ERNESTINA SCHRODER CAMPOS;700008026605009;10762558172;FEMININO;664344280;4;107;31;3210;1;R101;DOR LOCALIZADA NO ABDOME SUPERIOR 
2026-06-23 19:59:58;500769;SAO GABRIEL DO OESTE;6354265;CENTRAL DE REGULACAO DE SAO GABRIEL DO OESTE;500769;SAO GABRIEL DO OESTE;1;1;2026-04-28 09:45:20;0073001;ENDOSCOPIA DIGESTIVA ALTA;;;0209010037;ESOFAGOGASTRODUODENOSCOPIA;NILTON PEREIRA FERREIRA;1966-07-29;AUZENIRA PEREIRA FERREIRA;700007478896000;50066331153;MASCULINO;664342657;4;106;31;3180;1;K29;GASTRITE E DUODENITE
2026-06-23 19:59:58;500769;SAO GABRIEL DO OESTE;6354265;CENTRAL DE REGULACAO DE SAO GABRIEL DO OESTE;500769;SAO GABRIEL DO OESTE;1;1;2026-04-28 09:33:34;0073001;ENDOSCOPIA DIGESTIVA ALTA;;;0209010037;ESOFAGOGASTRODUODENOSCOPIA;NILMO AMORIM DOS SANTOS;1982-11-28;DEVANIR AMORIM VARGAS DOS SANTOS;700402910282849;03859601156;MASCULINO;664334382;4;105;31;3150;1;B96;OUTROS AGENTES BACTERIANOS, COMO CAUSA DE DOENCAS CLASSIFICADAS EM OUTROS CAPITULOS
2026-06-23 19:59:58;500769;SAO GABRIEL DO OESTE;6354265;CENTRAL DE REGULACAO DE SAO GABRIEL DO OESTE;500769;SAO GABRIEL DO OESTE;1;1;2026-04-28 09:31:25;0073001;ENDOSCOPIA DIGESTIVA ALTA;;;0209010037;ESOFAGOGASTRODUODENOSCOPIA;NADIR MARIA PEZZINI;1943-05-23;JOANNA PEZZINI;700407942996744;00043275192;FEMININO;664332852;4;104;31;3120;1;K921;MELENA 
2026-06-23 19:59:58;500769;SAO GABRIEL DO OESTE;6354265;CENTRAL DE REGULACAO DE SAO GABRIEL DO OESTE;500769;SAO GABRIEL DO OESTE;1;1;2026-04-28 09:29:24;0073001;ENDOSCOPIA DIGESTIVA ALTA;;;0209010037;ESOFAGOGASTRODUODENOSCOPIA;NIVERSINA CHAVES PIRES;1967-07-22;CREUDES PIRES CHAVES;705205419155374;56185987104;FEMININO;664331361;4;103;31;3090;1;K21;DOENCA DE REFLUXO GASTROESOFAGICO
2026-06-23 19:59:58;500769;SAO GABRIEL DO OESTE;6354265;CENTRAL DE REGULACAO DE SAO GABRIEL DO OESTE;500769;SAO GABRIEL DO OESTE;1;1;2026-04-28 09:26:50;0073001;ENDOSCOPIA DIGESTIVA ALTA;;;0209010037;ESOFAGOGASTRODUODENOSCOPIA;NATALIE EDUARDA RITH DA COSTA;2003-08-21;ADRIANA RITH;700600968907163;07392995146;FEMININO;664329681;4;102;31;3060;1;R104;OUTRAS DORES ABDOMINAIS E AS NAO ESPECIFICADAS 
2026-06-23 19:59:58;500769;SAO GABRIEL DO OESTE;6354265;CENTRAL DE REGULACAO DE SAO GABRIEL DO OESTE;500769;SAO GABRIEL DO OESTE;1;1;2026-04-28 09:22:33;0073001;ENDOSCOPIA DIGESTIVA ALTA;;;0209010037;ESOFAGOGASTRODUODENOSCOPIA;MARIA APARECIDA DOS SANTOS;1974-12-31;ODETE VIEIRA DOS SANTOS;706708557191011;69737428153;FEMININO;664326818;4;101;31;3030;1;R071;DOR TORACICA AO RESPIRAR 
2026-06-23 19:59:58;500769;SAO GABRIEL DO OESTE;6354265;CENTRAL DE REGULACAO DE SAO GABRIEL DO OESTE;500769;SAO GABRIEL DO OESTE;1;1;2026-04-28 09:18:51;0073001;ENDOSCOPIA DIGESTIVA ALTA;;;0209010037;ESOFAGOGASTRODUODENOSCOPIA;MARIA GILDETE ALVES DE MACEDO SILVA;1982-06-19;CORINA ALVES DA LUZ;708402211943167;06785994403;FEMININO;664324226;4;100;31;3000;1;K319;DOENCAS DO ESTOMAGO E DO DUODENO, SEM OUTRA ESPECIFICACAO 
2026-06-23 19:59:58;500769;SAO GABRIEL DO OESTE;6354265;CENTRAL DE REGULACAO DE SAO GABRIEL DO OESTE;500769;SAO GABRIEL DO OESTE;1;1;2026-04-28 09:16:10;0073001;ENDOSCOPIA DIGESTIVA ALTA;;;0209010037;ESOFAGOGASTRODUODENOSCOPIA;MARIA APARECIDA NOVAIS;1973-05-01;GENILDA MATIAS DA SILVA;700204413998424;84137690197;FEMININO;664322368;4;99;31;2970;1;K43;HERNIA VENTRAL
2026-06-23 19:59:58;500769;SAO GABRIEL DO OESTE;6354265;CENTRAL DE REGULACAO DE SAO GABRIEL DO OESTE;500769;SAO GABRIEL DO OESTE;1;1;2026-04-28 09:12:36;0073001;ENDOSCOPIA DIGESTIVA ALTA;;;0209010037;ESOFAGOGASTRODUODENOSCOPIA;MARLI CIUPAK;1966-04-29;OLIVA CIUPAK;700500543470253;96799129904;FEMININO;664319934;4;98;31;2940;1;K297;GASTRITE NAO ESPECIFICADA 
2026-06-23 19:59:58;500769;SAO GABRIEL DO OESTE;6354265;CENTRAL DE REGULACAO DE SAO GABRIEL DO OESTE;500769;SAO GABRIEL DO OESTE;1;1;2026-04-28 09:10:21;0073001;ENDOSCOPIA DIGESTIVA ALTA;;;0209010037;ESOFAGOGASTRODUODENOSCOPIA;MARIA IVONETE ALVES DE MACEDO;1978-09-17;CORINA ALVES DA CRUZ;700001770659808;03180724404;FEMININO;664318489;4;97;31;2910;1;Z10;EXAME GERAL DE ROTINA ("CHECK UP") DE UMA SUBPOPULACAO DEFINIDA
2026-06-23 19:59:58;500769;SAO GABRIEL DO OESTE;6354265;CENTRAL DE REGULACAO DE SAO GABRIEL DO OESTE;500769;SAO GABRIEL DO OESTE;1;1;2026-04-28 09:05:46;0073001;ENDOSCOPIA DIGESTIVA ALTA;;;0209010037;ESOFAGOGASTRODUODENOSCOPIA;MARCILENE DA SILVA FURST;1991-09-29;MARIA FURST;704602122882427;70771662106;FEMININO;664315413;4;96;31;2880;1;K29;GASTRITE E DUODENITE
2026-06-23 19:59:58;500769;SAO GABRIEL DO OESTE;6354265;CENTRAL DE REGULACAO DE SAO GABRIEL DO OESTE;500769;SAO GABRIEL DO OESTE;1;1;2026-04-28 09:03:03;0073001;ENDOSCOPIA DIGESTIVA ALTA;;;0209010037;ESOFAGOGASTRODUODENOSCOPIA;MARCIA CRISTINA PIRES DANTAS;1969-12-15;JUDITE DE SOUZA PIRES;703403268578700;25056796816;FEMININO;664313593;4;95;31;2850;1;K299;GASTRODUODENITE, SEM OUTRA ESPECIFICACAO 
2026-06-23 19:59:58;500769;SAO GABRIEL DO OESTE;6354265;CENTRAL DE REGULACAO DE SAO GABRIEL DO OESTE;500769;SAO GABRIEL DO OESTE;1;1;2026-06-23 11:22:29;0073001;ENDOSCOPIA DIGESTIVA ALTA;;;0209010037;ESOFAGOGASTRODUODENOSCOPIA;JUCILENE DA SILVA;1992-04-23;MARINA DOS SANTOS SILVA;704309503741097;04265117198;FEMININO;675012476;4;217;31;6510;1;K219;DOENCA DE REFLUXO GASTROESOFAGICO SEM ESOFAGITE 
2026-06-23 19:59:58;500769;SAO GABRIEL DO OESTE;3400964;UNIDADE DE SAUDE DA FAMILIA RURAL VII;500769;SAO GABRIEL DO OESTE;1;1;2026-06-22 16:11:05;0073001;ENDOSCOPIA DIGESTIVA ALTA;;;0209010037;ESOFAGOGASTRODUODENOSCOPIA;MAYCON DOUGLAS SOARES;1997-06-22;BERONICE SOARES DO NASCIMENTO;703207601238099;12713272440;MASCULINO;674862595;4;216;31;6480;1;K29;GASTRITE E DUODENITE
2026-06-23 19:59:58;500769;SAO GABRIEL DO OESTE;6354265;CENTRAL DE REGULACAO DE SAO GABRIEL DO OESTE;500769;SAO GABRIEL DO OESTE;1;1;2026-06-22 15:28:43;0073001;ENDOSCOPIA DIGESTIVA ALTA;;;0209010037;ESOFAGOGASTRODUODENOSCOPIA;VALDOMIRO DIAS DA ROCHA;1963-09-05;DORMANTINA PEREIRA DE ABREU;700707420718480;51120909104;MASCULINO;674844030;4;215;31;6450;1;K21;DOENCA DE REFLUXO GASTROESOFAGICO
2026-06-23 19:59:58;500769;SAO GABRIEL DO OESTE;6354265;CENTRAL DE REGULACAO DE SAO GABRIEL DO OESTE;500769;SAO GABRIEL DO OESTE;1;1;2026-06-19 14:57:38;0073001;ENDOSCOPIA DIGESTIVA ALTA;;;0209010037;ESOFAGOGASTRODUODENOSCOPIA;MARIA APARECIDA ANDRADE DA CUNHA DE MENEZES;1966-01-08;JORDINA ANDRADE DA CUNHA;704302539284692;82019630168;FEMININO;674558733;4;214;31;6420;1;Z12;EXAME ESPECIAL DE RASTREAMENTO ("SCREENING") DE NEOPLASIAS
2026-06-23 19:59:58;500769;SAO GABRIEL DO OESTE;6354265;CENTRAL DE REGULACAO DE SAO GABRIEL DO OESTE;500769;SAO GABRIEL DO OESTE;1;1;2026-06-18 16:12:54;0073001;ENDOSCOPIA DIGESTIVA ALTA;;;0209010037;ESOFAGOGASTRODUODENOSCOPIA;EDILEUZA GONZAGA DIAS;1975-12-25;ANTONIA FERREIRA E LIMA;702407081329923;91810442168;FEMININO;674349021;4;213;31;6390;1;K21;DOENCA DE REFLUXO GASTROESOFAGICO
2026-06-23 19:59:58;500769;SAO GABRIEL DO OESTE;6354265;CENTRAL DE REGULACAO DE SAO GABRIEL DO OESTE;500769;SAO GABRIEL DO OESTE;1;1;2026-06-17 17:22:07;0073001;ENDOSCOPIA DIGESTIVA ALTA;;;0209010037;ESOFAGOGASTRODUODENOSCOPIA;VALTER HENRIQUE DA SILVA BRANDAO;2000-02-18;ADRIANA FURTUOSA DA SILVA;702606755537646;05239851182;MASCULINO;674096389;4;212;31;6360;1;K219;DOENCA DE REFLUXO GASTROESOFAGICO SEM ESOFAGITE 
2026-06-23 19:59:58;500769;SAO GABRIEL DO OESTE;6354265;CENTRAL DE REGULACAO DE SAO GABRIEL DO OESTE;500769;SAO GABRIEL DO OESTE;1;1;2026-06-17 16:20:14;0073001;ENDOSCOPIA DIGESTIVA ALTA;;;0209010037;ESOFAGOGASTRODUODENOSCOPIA;ROSANE MARIA FRUET THOME LOBAS;1961-07-25;CECILIA MARIA FRUET THOME;705008890649858;00283279184;FEMININO;674082771;4;211;31;6330;1;K297;GASTRITE NAO ESPECIFICADA 
2026-06-23 19:59:58;500769;SAO GABRIEL DO OESTE;6354265;CENTRAL DE REGULACAO DE SAO GABRIEL DO OESTE;500769;SAO GABRIEL DO OESTE;1;1;2026-06-17 15:51:20;0073001;ENDOSCOPIA DIGESTIVA ALTA;;;0209010037;ESOFAGOGASTRODUODENOSCOPIA;PAULO RICARDO ALMEIDA NASCIMENTO;1987-05-05;ADELIA ANTONIA DE ALMEIDA NASCIMENTO;702308095146720;01701407175;MASCULINO;674073828;4;210;31;6300;1;K29;GASTRITE E DUODENITE
2026-06-23 19:59:58;500769;SAO GABRIEL DO OESTE;3400964;UNIDADE DE SAUDE DA FAMILIA RURAL VII;500769;SAO GABRIEL DO OESTE;1;1;2026-06-17 15:10:50;0073001;ENDOSCOPIA DIGESTIVA ALTA;;;0209010037;ESOFAGOGASTRODUODENOSCOPIA;GABRIEL DOS SANTOS DOMINGUES;1999-08-19;ANGELA RODRIGUES DOS SANTOS DE SOUZA;706507327989497;08254111146;MASCULINO;674059065;4;209;31;6270;1;R101;DOR LOCALIZADA NO ABDOME SUPERIOR 
2026-06-23 19:59:58;500769;SAO GABRIEL DO OESTE;6354265;CENTRAL DE REGULACAO DE SAO GABRIEL DO OESTE;500769;SAO GABRIEL DO OESTE;1;1;2026-06-17 14:22:01;0073001;ENDOSCOPIA DIGESTIVA ALTA;;;0209010037;ESOFAGOGASTRODUODENOSCOPIA;MARIA AUXILIADORA FERNANDES DE OLIVEIRA;1970-12-21;MARIA SALETE DE OLIVEIRA;704009342834067;66208092191;FEMININO;674036404;4;208;31;6240;1;K21;DOENCA DE REFLUXO GASTROESOFAGICO
2026-06-23 19:59:58;500769;SAO GABRIEL DO OESTE;6354265;CENTRAL DE REGULACAO DE SAO GABRIEL DO OESTE;500769;SAO GABRIEL DO OESTE;1;1;2026-06-17 14:10:48;0073001;ENDOSCOPIA DIGESTIVA ALTA;;;0209010037;ESOFAGOGASTRODUODENOSCOPIA;MARCOS ANTONIO DA CRUZ;1977-05-02;MAURA PEREIRA DA CRUZ;706405609754089;82561702120;MASCULINO;674031191;4;207;31;6210;1;K297;GASTRITE NAO ESPECIFICADA 
2026-06-23 19:59:58;500769;SAO GABRIEL DO OESTE;6354265;CENTRAL DE REGULACAO DE SAO GABRIEL DO OESTE;500769;SAO GABRIEL DO OESTE;1;1;2026-06-16 17:46:20;0073001;ENDOSCOPIA DIGESTIVA ALTA;;;0209010037;ESOFAGOGASTRODUODENOSCOPIA;ANA VILELA DOS SANTOS DA SILVA;1996-11-12;ROSALINA VILELA GOMES DOS SANTOS;704002384369463;04580283120;FEMININO;673833819;4;206;31;6180;1;K21;DOENCA DE REFLUXO GASTROESOFAGICO
2026-06-23 19:59:58;500769;SAO GABRIEL DO OESTE;6354265;CENTRAL DE REGULACAO DE SAO GABRIEL DO OESTE;500769;SAO GABRIEL DO OESTE;1;1;2026-06-16 16:57:17;0073001;ENDOSCOPIA DIGESTIVA ALTA;;;0209010037;ESOFAGOGASTRODUODENOSCOPIA;JULIO RENI DA SILVA;1964-10-27;EVA DA SILVA;704000877513861;43763529004;MASCULINO;673823852;4;205;31;6150;1;Z000;EXAME MEDICO GERAL 
2026-06-23 19:59:58;500769;SAO GABRIEL DO OESTE;6354265;CENTRAL DE REGULACAO DE SAO GABRIEL DO OESTE;500769;SAO GABRIEL DO OESTE;1;1;2026-06-16 16:13:00;0073001;ENDOSCOPIA DIGESTIVA ALTA;;;0209010037;ESOFAGOGASTRODUODENOSCOPIA;FRANCISCA MAZZETTI ANTONIO;1959-01-06;MARIA DUARTE;709808084361598;03454409195;FEMININO;673807445;4;204;31;6120;1;K297;GASTRITE NAO ESPECIFICADA 
2026-06-23 19:59:58;500769;SAO GABRIEL DO OESTE;6354265;CENTRAL DE REGULACAO DE SAO GABRIEL DO OESTE;500769;SAO GABRIEL DO OESTE;1;1;2026-06-16 16:07:57;0073001;ENDOSCOPIA DIGESTIVA ALTA;;;0209010037;ESOFAGOGASTRODUODENOSCOPIA;FERNANDES CARLOS DE LIMA;1960-01-25;JOSEFA DE OLIVEIRA LIMA;705006430775858;36736163153;MASCULINO;673805391;4;203;31;6090;1;K297;GASTRITE NAO ESPECIFICADA 
2026-06-23 19:59:58;500769;SAO GABRIEL DO OESTE;6354265;CENTRAL DE REGULACAO DE SAO GABRIEL DO OESTE;500769;SAO GABRIEL DO OESTE;1;1;2026-06-16 14:59:19;0073001;ENDOSCOPIA DIGESTIVA ALTA;;;0209010037;ESOFAGOGASTRODUODENOSCOPIA;CARLA ARAUJO SANTOS;1998-07-02;ROSA OLIVEIRA ARAUJO SANTOS;708706158808397;06662931128;FEMININO;673773058;4;202;31;6060;1;K29;GASTRITE E DUODENITE
2026-06-23 19:59:58;500769;SAO GABRIEL DO OESTE;2370980;UNIDADE DE SAUDE DA FAMILIA JARDIM GRAMADO I;500769;SAO GABRIEL DO OESTE;1;1;2026-06-16 09:07:47;0073001;ENDOSCOPIA DIGESTIVA ALTA;;;0209010037;ESOFAGOGASTRODUODENOSCOPIA;VALDELICE GORDIANO;1968-10-25;MARIA ALCANTARA DE OLIVEIRA GORDIANO;700005547416309;35255021172;FEMININO;673603643;4;201;31;6030;1;K297;GASTRITE NAO ESPECIFICADA 
2026-06-23 19:59:58;500769;SAO GABRIEL DO OESTE;6354265;CENTRAL DE REGULACAO DE SAO GABRIEL DO OESTE;500769;SAO GABRIEL DO OESTE;1;1;2026-06-15 14:11:00;0073001;ENDOSCOPIA DIGESTIVA ALTA;;;0209010037;ESOFAGOGASTRODUODENOSCOPIA;ANDERSON CARLOS DA SILVA NARCISO;1984-10-04;JOSEFA DA SILVA NARCISO;700502902380852;76817024234;MASCULINO;673459833;4;200;31;6000;1;D509;ANEMIA POR DEFICIENCIA DE FERRO NAO ESPECIFICADA 
2026-06-23 19:59:58;500769;SAO GABRIEL DO OESTE;6354265;CENTRAL DE REGULACAO DE SAO GABRIEL DO OESTE;500769;SAO GABRIEL DO OESTE;1;1;2026-06-12 16:10:25;0073001;ENDOSCOPIA DIGESTIVA ALTA;;;0209010037;ESOFAGOGASTRODUODENOSCOPIA;MARIA CARDOZO GONCALVES DA SILVA;1965-04-09;NAIR CARDOZO GONCALVES;702802657084161;91144760100;FEMININO;673218537;4;199;31;5970;1;R13;DISFAGIA 
2026-06-23 19:59:58;500769;SAO GABRIEL DO OESTE;2370972;UNIDADE DE SAUDE DA FAMILIA MILANE II;500769;SAO GABRIEL DO OESTE;1;1;2026-06-12 15:17:42;0073001;ENDOSCOPIA DIGESTIVA ALTA;;;0209010037;ESOFAGOGASTRODUODENOSCOPIA;GIOVANA CRISTINA DA SILVA NASCIMENTO;2006-09-06;ANGELICA CRISTINA DA SILVA;700003030751605;10957459130;FEMININO;673199614;4;198;31;5940;1;K297;GASTRITE NAO ESPECIFICADA 
2026-06-23 19:59:58;500769;SAO GABRIEL DO OESTE;6354265;CENTRAL DE REGULACAO DE SAO GABRIEL DO OESTE;500769;SAO GABRIEL DO OESTE;1;1;2026-06-12 14:27:59;0073001;ENDOSCOPIA DIGESTIVA ALTA;;;0209010037;ESOFAGOGASTRODUODENOSCOPIA;LILIAN PORTO SOARES DA SILVA;1970-04-23;ANALIS DOS SANTOS SOARES;705005615786456;03916862162;FEMININO;673180256;4;197;31;5910;1;K230;ESOFAGITE TUBERCULOSA (A18.8+) 
2026-06-23 19:59:58;500769;SAO GABRIEL DO OESTE;6354265;CENTRAL DE REGULACAO DE SAO GABRIEL DO OESTE;500769;SAO GABRIEL DO OESTE;1;1;2026-06-12 08:58:04;0073001;ENDOSCOPIA DIGESTIVA ALTA;;;0209010037;ESOFAGOGASTRODUODENOSCOPIA;SUZAN MARY GONCALVES DA SILVA;1988-07-02;MARIA CARDOZO GONCALVES DA SILVA;708603026113780;05860593180;FEMININO;673049889;4;196;31;5880;1;K21;DOENCA DE REFLUXO GASTROESOFAGICO
2026-06-23 19:59:58;500769;SAO GABRIEL DO OESTE;6354265;CENTRAL DE REGULACAO DE SAO GABRIEL DO OESTE;500769;SAO GABRIEL DO OESTE;1;1;2026-06-11 14:07:30;0073001;ENDOSCOPIA DIGESTIVA ALTA;;;0209010037;ESOFAGOGASTRODUODENOSCOPIA;MARIA ISABEL SCHEIFER;1994-07-19;IOLANDA CHERDOSKI SCHEIFER;700200411110023;04090451108;FEMININO;672923754;4;195;31;5850;1;Z000;EXAME MEDICO GERAL 
2026-06-23 19:59:58;500769;SAO GABRIEL DO OESTE;6354265;CENTRAL DE REGULACAO DE SAO GABRIEL DO OESTE;500769;SAO GABRIEL DO OESTE;1;1;2026-06-09 14:55:06;0073001;ENDOSCOPIA DIGESTIVA ALTA;;;0209010037;ESOFAGOGASTRODUODENOSCOPIA;ECLAIR SILVA LYNCH;1963-03-22;BENEDITA SILVA LYNCH;704702535644240;04529522806;FEMININO;672378391;4;194;31;5820;1;K29;GASTRITE E DUODENITE
2026-06-23 19:59:58;500769;SAO GABRIEL DO OESTE;7002084;UNIDADE DE SAUDE DA FAMILIA IX;500769;SAO GABRIEL DO OESTE;1;1;2026-06-09 14:53:55;0073001;ENDOSCOPIA DIGESTIVA ALTA;;;0209010037;ESOFAGOGASTRODUODENOSCOPIA;LISETE MARIA DE SOUZA;1960-06-21;MARIA FRANCISCA DE SOUZA;702902517099378;82017220191;FEMININO;672377720;4;193;31;5790;1;K297;GASTRITE NAO ESPECIFICADA 
2026-06-23 19:59:58;500769;SAO GABRIEL DO OESTE;3400964;UNIDADE DE SAUDE DA FAMILIA RURAL VII;500769;SAO GABRIEL DO OESTE;1;1;2026-06-09 10:31:21;0073001;ENDOSCOPIA DIGESTIVA ALTA;;;0209010037;ESOFAGOGASTRODUODENOSCOPIA;RUBSON EMANUEL SILVA;1991-08-16;MARIA VANDILMA BEZERRA DA SILVA;702109769528293;03948437114;MASCULINO;672260953;4;192;31;5760;1;K29;GASTRITE E DUODENITE
2026-06-23 19:59:58;500769;SAO GABRIEL DO OESTE;6354265;CENTRAL DE REGULACAO DE SAO GABRIEL DO OESTE;500769;SAO GABRIEL DO OESTE;1;1;2026-06-08 17:10:54;0073001;ENDOSCOPIA DIGESTIVA ALTA;;;0209010037;ESOFAGOGASTRODUODENOSCOPIA;JOSE CARLOS MARTINS DE ARAUJO;1965-01-29;IRACEMA RAMOS;708407219138969;42090849134;MASCULINO;672140923;4;191;31;5730;1;K295;GASTRITE CRONICA, SEM OUTRA ESPECIFICACAO 
2026-06-23 19:59:58;500769;SAO GABRIEL DO OESTE;2370972;UNIDADE DE SAUDE DA FAMILIA MILANE II;500769;SAO GABRIEL DO OESTE;1;1;2026-06-08 16:29:03;0073001;ENDOSCOPIA DIGESTIVA ALTA;;;0209010037;ESOFAGOGASTRODUODENOSCOPIA;ANA KELLY DE SOUSA SILVA IBIAPINA;1991-05-08;ANA KATIA DE SOUSA SILVA;706302796203574;60410681369;FEMININO;672127389;4;190;31;5700;1;D25;LEIOMIOMA DO UTERO
2026-06-23 19:59:58;500769;SAO GABRIEL DO OESTE;5971055;UNIDADE DE SAUDE DA FAMILIA VIII;500769;SAO GABRIEL DO OESTE;1;1;2026-06-08 15:40:45;0073001;ENDOSCOPIA DIGESTIVA ALTA;;;0209010037;ESOFAGOGASTRODUODENOSCOPIA;MARIA IVONE XAVIER DA SILVA;1952-06-12;HERONDINA ANGELINA DA SILVA;701401621304735;37642502087;FEMININO;672105021;4;189;31;5670;1;K297;GASTRITE NAO ESPECIFICADA 
2026-06-23 19:59:58;500769;SAO GABRIEL DO OESTE;7002084;UNIDADE DE SAUDE DA FAMILIA IX;500769;SAO GABRIEL DO OESTE;1;1;2026-06-08 10:43:30;0073001;ENDOSCOPIA DIGESTIVA ALTA;;;0209010037;ESOFAGOGASTRODUODENOSCOPIA;ELIANA GELIO BETIN;1982-02-13;APARECIDA ODETE GELIO BETIN;702802637998664;93538014191;FEMININO;671970264;4;188;31;5640;1;R101;DOR LOCALIZADA NO ABDOME SUPERIOR 
2026-06-23 19:59:58;500769;SAO GABRIEL DO OESTE;6354265;CENTRAL DE REGULACAO DE SAO GABRIEL DO OESTE;500769;SAO GABRIEL DO OESTE;1;1;2026-06-03 17:08:18;0073001;ENDOSCOPIA DIGESTIVA ALTA;;;0209010037;ESOFAGOGASTRODUODENOSCOPIA;ROBERTO DUTRA;1970-12-30;NAIR FRANCO;705406428621896;40809307120;MASCULINO;671711970;4;187;31;5610;1;K76;OUTRAS DOENCAS DO FIGADO
2026-06-23 19:59:58;500769;SAO GABRIEL DO OESTE;2370980;UNIDADE DE SAUDE DA FAMILIA JARDIM GRAMADO I;500769;SAO GABRIEL DO OESTE;1;1;2026-06-03 17:02:31;0073001;ENDOSCOPIA DIGESTIVA ALTA;;;0209010037;ESOFAGOGASTRODUODENOSCOPIA;FELIPE ZOPPI PEREIRA;1990-10-01;JACQUELINE ZOPPI PEREIRA;704800022343148;03838127129;MASCULINO;671710820;4;186;31;5580;1;K297;GASTRITE NAO ESPECIFICADA 
2026-06-23 19:59:58;500769;SAO GABRIEL DO OESTE;6354265;CENTRAL DE REGULACAO DE SAO GABRIEL DO OESTE;500769;SAO GABRIEL DO OESTE;1;1;2026-06-03 15:09:08;0073001;ENDOSCOPIA DIGESTIVA ALTA;;;0209010037;ESOFAGOGASTRODUODENOSCOPIA;ELIADE FERNANDES SOUZA SANTOS;1994-01-12;CREUZA LOPES DE SOUZA;705001896068052;01369616147;FEMININO;671665098;4;185;31;5550;1;K297;GASTRITE NAO ESPECIFICADA 
2026-06-23 19:59:58;500769;SAO GABRIEL DO OESTE;2370999;UNIDADE DE SAUDE DA FAMILIA FENIX IV;500769;SAO GABRIEL DO OESTE;1;1;2026-06-02 16:03:47;0073001;ENDOSCOPIA DIGESTIVA ALTA;;;0209010037;ESOFAGOGASTRODUODENOSCOPIA;AMELIA RODRIGUES DE SOUZA;1960-05-16;IZAURA SOUZA DOS SANTOS;704807523677142;81487991134;FEMININO;671405979;4;184;31;5520;1;K295;GASTRITE CRONICA, SEM OUTRA ESPECIFICACAO 
2026-06-23 19:59:58;500769;SAO GABRIEL DO OESTE;7333218;UNIDADE DE SAUDE DA FAMILIA X;500769;SAO GABRIEL DO OESTE;1;1;2026-06-01 15:15:43;0073001;ENDOSCOPIA DIGESTIVA ALTA;;;0209010037;ESOFAGOGASTRODUODENOSCOPIA;MARIA CLEUZA JUNQUEIRA DE SOUZA;1988-12-03;CREUZA SANTANA JUNQUEIRA DE SOUZA;702805131264662;02306396159;FEMININO;671076486;4;183;31;5490;1;R101;DOR LOCALIZADA NO ABDOME SUPERIOR 
2026-06-23 19:59:58;500769;SAO GABRIEL DO OESTE;6354265;CENTRAL DE REGULACAO DE SAO GABRIEL DO OESTE;500769;SAO GABRIEL DO OESTE;1;1;2026-06-01 14:47:36;0073001;ENDOSCOPIA DIGESTIVA ALTA;;;0209010037;ESOFAGOGASTRODUODENOSCOPIA;SUSANA ARALDI;1988-07-18;MARIA IARA ARALDI;703402227670717;05888015180;FEMININO;671060875;4;182;31;5460;1;K210;DOENCA DE REFLUXO GASTROESOFAGICO COM ESOFAGITE 
2026-06-23 19:59:58;500769;SAO GABRIEL DO OESTE;6354265;CENTRAL DE REGULACAO DE SAO GABRIEL DO OESTE;500769;SAO GABRIEL DO OESTE;1;1;2026-06-01 14:04:41;0073001;ENDOSCOPIA DIGESTIVA ALTA;;;0209010037;ESOFAGOGASTRODUODENOSCOPIA;CLAUDIONEI SORGATTO;1979-02-09;TEREZINHA LOURDES SORGATO;700503347031458;82938580100;MASCULINO;671038260;4;181;31;5430;1;K92;OUTRAS DOENCAS DO APARELHO DIGESTIVO
2026-06-23 19:59:58;500769;SAO GABRIEL DO OESTE;6354265;CENTRAL DE REGULACAO DE SAO GABRIEL DO OESTE;500769;SAO GABRIEL DO OESTE;1;1;2026-05-26 17:18:34;0073001;ENDOSCOPIA DIGESTIVA ALTA;;;0209010037;ESOFAGOGASTRODUODENOSCOPIA;MARIA SERITA DA SILVA;1954-11-18;LAURA PEREIRA DA SILVA;709606644352777;64383091920;FEMININO;669963879;4;180;31;5400;1;K297;GASTRITE NAO ESPECIFICADA 
2026-06-23 19:59:58;500769;SAO GABRIEL DO OESTE;3400964;UNIDADE DE SAUDE DA FAMILIA RURAL VII;500769;SAO GABRIEL DO OESTE;1;1;2026-05-26 15:50:14;0073001;ENDOSCOPIA DIGESTIVA ALTA;;;0209010037;ESOFAGOGASTRODUODENOSCOPIA;ILDA ALMEIDA DOS SANTOS;1960-09-10;VALDECI DOS SANTOS ALMEIDA;703001872854574;00707977142;FEMININO;669930846;4;179;31;5370;1;K297;GASTRITE NAO ESPECIFICADA 
2026-06-23 19:59:58;500769;SAO GABRIEL DO OESTE;6354265;CENTRAL DE REGULACAO DE SAO GABRIEL DO OESTE;500769;SAO GABRIEL DO OESTE;1;1;2026-05-25 16:21:55;0073001;ENDOSCOPIA DIGESTIVA ALTA;;;0209010037;ESOFAGOGASTRODUODENOSCOPIA;ROSILEI GIOMBELLI MESQUITA;1967-03-29;MARIA GEMA;703002849847770;42430860104;FEMININO;669645620;4;178;31;5340;1;R101;DOR LOCALIZADA NO ABDOME SUPERIOR 
2026-06-23 19:59:58;500769;SAO GABRIEL DO OESTE;6354265;CENTRAL DE REGULACAO DE SAO GABRIEL DO OESTE;500769;SAO GABRIEL DO OESTE;1;1;2026-05-22 18:00:11;0073001;ENDOSCOPIA DIGESTIVA ALTA;;;0209010037;ESOFAGOGASTRODUODENOSCOPIA;ISABELA DE MELO GONZAGA;2000-09-08;NAIZA MUNIZ DE MELO;705008850636755;07428341159;FEMININO;669348233;4;177;31;5310;1;K297;GASTRITE NAO ESPECIFICADA 
2026-06-23 19:59:58;500769;SAO GABRIEL DO OESTE;6354265;CENTRAL DE REGULACAO DE SAO GABRIEL DO OESTE;500769;SAO GABRIEL DO OESTE;1;1;2026-05-21 17:30:47;0073001;ENDOSCOPIA DIGESTIVA ALTA;;;0209010037;ESOFAGOGASTRODUODENOSCOPIA;ESTELINA APARECIDA CORDEIRO;1964-12-30;MARIA DE LOURDES CORDEIRO;705602433686911;40407586172;FEMININO;669106977;4;176;31;5280;1;K20;ESOFAGITE 
2026-06-23 19:59:58;500769;SAO GABRIEL DO OESTE;6354265;CENTRAL DE REGULACAO DE SAO GABRIEL DO OESTE;500769;SAO GABRIEL DO OESTE;1;1;2026-05-21 08:48:24;0073001;ENDOSCOPIA DIGESTIVA ALTA;;;0209010037;ESOFAGOGASTRODUODENOSCOPIA;ALFREDO INACIO DE SOUSA;1955-05-07;LAURA INACIA DE SOUSA;709607629637376;16503520182;MASCULINO;668882776;4;175;31;5250;1;K57;DOENCA DIVERTICULAR DO INTESTINO
2026-06-23 19:59:58;500769;SAO GABRIEL DO OESTE;2591359;UNIDADE DE SAUDE DA FAMILIA V;500769;SAO GABRIEL DO OESTE;1;1;2026-05-19 11:07:42;0073001;ENDOSCOPIA DIGESTIVA ALTA;;;0209010037;ESOFAGOGASTRODUODENOSCOPIA;GIZELDA CLAUDINO DOS SANTOS;1978-10-05;MARIA JOSE CLAUDINO DOS SANTOS;706804223495026;28063400801;FEMININO;668405955;4;174;31;5220;1;K29;GASTRITE E DUODENITE
2026-06-23 19:59:58;500769;SAO GABRIEL DO OESTE;3400964;UNIDADE DE SAUDE DA FAMILIA RURAL VII;500769;SAO GABRIEL DO OESTE;1;1;2026-05-19 09:59:01;0073001;ENDOSCOPIA DIGESTIVA ALTA;;;0209010037;ESOFAGOGASTRODUODENOSCOPIA;EVA VILMA DOS SANTOS;1985-11-11;GECEDIR TEIXEIRA DA ROSA;700603967587869;03477784103;FEMININO;668360188;4;173;31;5190;1;Z120;EXAME ESPECIAL DE RASTREAMENTO DE NEOPLASIA DO ESTOMAGO 
2026-06-23 19:59:58;500769;SAO GABRIEL DO OESTE;2591359;UNIDADE DE SAUDE DA FAMILIA V;500769;SAO GABRIEL DO OESTE;1;1;2026-05-15 08:45:36;0073001;ENDOSCOPIA DIGESTIVA ALTA;;;0209010037;ESOFAGOGASTRODUODENOSCOPIA;CLAUDIR EIBEL JUNIOR;1994-08-12;CRISTIANE MEIRE DA SILVA;702801135000860;03450347160;MASCULINO;667765230;4;172;31;5160;1;K291;OUTRAS GASTRITES AGUDAS 
2026-06-23 19:59:58;500769;SAO GABRIEL DO OESTE;5971055;UNIDADE DE SAUDE DA FAMILIA VIII;500769;SAO GABRIEL DO OESTE;1;1;2026-05-14 11:19:43;0073001;ENDOSCOPIA DIGESTIVA ALTA;;;0209010037;ESOFAGOGASTRODUODENOSCOPIA;CREUZA ROSA BILAIA DA SILVA;1958-01-04;MARIA ROSA DE ASSIS;708708156323398;02187023109;FEMININO;667591594;4;171;31;5130;1;R13;DISFAGIA 
2026-06-23 19:59:58;500769;SAO GABRIEL DO OESTE;8176132;CASA ROSA;500769;SAO GABRIEL DO OESTE;1;1;2026-05-14 10:23:39;0073001;ENDOSCOPIA DIGESTIVA ALTA;;;0209010037;ESOFAGOGASTRODUODENOSCOPIA;RENATA MOREIRA DE OLIVEIRA;1987-07-23;CLEUDETE MOREIRA DOURADO DE OLIVEIRA;700007193662508;03164019190;FEMININO;667559573;4;170;31;5100;1;Z00;EXAME GERAL E INVESTIGACAO DE PESSOAS SEM QUEIXAS OU DIAGNOSTICO RELATADO
2026-06-23 19:59:58;500769;SAO GABRIEL DO OESTE;2370980;UNIDADE DE SAUDE DA FAMILIA JARDIM GRAMADO I;500769;SAO GABRIEL DO OESTE;1;1;2026-05-14 09:59:01;0073001;ENDOSCOPIA DIGESTIVA ALTA;;;0209010037;ESOFAGOGASTRODUODENOSCOPIA;MARIA CRISTIANE LIMA DE SOUSA;1983-05-21;MARIA DE PAULA LIMA DE SOUSA;704806546324741;00007402333;FEMININO;667544531;4;169;31;5070;1;K297;GASTRITE NAO ESPECIFICADA 
2026-06-23 19:59:58;500769;SAO GABRIEL DO OESTE;2370980;UNIDADE DE SAUDE DA FAMILIA JARDIM GRAMADO I;500769;SAO GABRIEL DO OESTE;1;1;2026-05-13 09:02:57;0073001;ENDOSCOPIA DIGESTIVA ALTA;;;0209010037;ESOFAGOGASTRODUODENOSCOPIA;TEREZA IZABEL DE OLIVEIRA;1971-10-23;MATILDE MARIA DE OLIVEIRA;701005847343291;99735032104;FEMININO;667240338;4;168;31;5040;1;K297;GASTRITE NAO ESPECIFICADA 
2026-06-23 19:59:58;500769;SAO GABRIEL DO OESTE;6354265;CENTRAL DE REGULACAO DE SAO GABRIEL DO OESTE;500769;SAO GABRIEL DO OESTE;1;1;2026-05-08 17:50:28;0073001;ENDOSCOPIA DIGESTIVA ALTA;;;0209010037;ESOFAGOGASTRODUODENOSCOPIA;JACKSON CLAUDY;1972-12-07;MARIA ANA CLANDY;707807630580813;58322485115;MASCULINO;666602573;4;167;31;5010;1;K20;ESOFAGITE 
2026-06-23 19:59:58;500769;SAO GABRIEL DO OESTE;6354265;CENTRAL DE REGULACAO DE SAO GABRIEL DO OESTE;500769;SAO GABRIEL DO OESTE;1;1;2026-05-07 14:54:13;0073001;ENDOSCOPIA DIGESTIVA ALTA;;;0209010037;ESOFAGOGASTRODUODENOSCOPIA;SUSANA FERNANDES SIQUEIRA;1985-09-02;ELZA FERNANDES SIQUEIRA;701201036711316;00951733907;FEMININO;666305221;4;166;31;4980;1;R101;DOR LOCALIZADA NO ABDOME SUPERIOR 
2026-06-23 19:59:58;500769;SAO GABRIEL DO OESTE;2370999;UNIDADE DE SAUDE DA FAMILIA FENIX IV;500769;SAO GABRIEL DO OESTE;1;1;2026-05-06 14:53:44;0073001;ENDOSCOPIA DIGESTIVA ALTA;;;0209010037;ESOFAGOGASTRODUODENOSCOPIA;NAYARA NUNES DA SILVA;1996-01-02;MARLENE NUNES DOS SANTOS;704006882239565;75773872153;FEMININO;666028334;4;165;31;4950;1;K297;GASTRITE NAO ESPECIFICADA 
2026-06-23 19:59:58;500769;SAO GABRIEL DO OESTE;2370999;UNIDADE DE SAUDE DA FAMILIA FENIX IV;500769;SAO GABRIEL DO OESTE;1;1;2026-05-06 09:54:06;0073001;ENDOSCOPIA DIGESTIVA ALTA;;;0209010037;ESOFAGOGASTRODUODENOSCOPIA;FRANCISCA SALETE DA SILVA;1972-12-25;SEVERINA MARIA DA SILVA;700405432287049;90046706372;FEMININO;665891990;4;164;31;4920;1;R12;PIROSE 
2026-06-23 19:59:58;500769;SAO GABRIEL DO OESTE;2370999;UNIDADE DE SAUDE DA FAMILIA FENIX IV;500769;SAO GABRIEL DO OESTE;1;1;2026-05-06 09:23:59;0073001;ENDOSCOPIA DIGESTIVA ALTA;;;0209010037;ESOFAGOGASTRODUODENOSCOPIA;LAESSA APARECIDA AZAMBUJA CANHETE;1994-02-21;EDENILZA AZAMBUJA CANHETE;702407542794822;04707488188;FEMININO;665872778;4;163;31;4890;1;R12;PIROSE 
2026-06-23 19:59:58;500769;SAO GABRIEL DO OESTE;6354265;CENTRAL DE REGULACAO DE SAO GABRIEL DO OESTE;500769;SAO GABRIEL DO OESTE;1;1;2026-05-06 09:15:59;0073001;ENDOSCOPIA DIGESTIVA ALTA;;;0209010037;ESOFAGOGASTRODUODENOSCOPIA;MARIA APARECIDA GONCALVES DA SILVA AMARAL;1961-08-09;NUMERALDA GONCALVES DA SILVA;706000805591447;51129248100;FEMININO;665867829;4;162;31;4860;1;R10;DOR ABDOMINAL E PELVICA
2026-06-23 19:59:58;500769;SAO GABRIEL DO OESTE;6354265;CENTRAL DE REGULACAO DE SAO GABRIEL DO OESTE;500769;SAO GABRIEL DO OESTE;1;1;2026-05-06 09:08:07;0073001;ENDOSCOPIA DIGESTIVA ALTA;;;0209010037;ESOFAGOGASTRODUODENOSCOPIA;LAZARA PEREIRA GOES;1992-02-23;ELIZETE PEREIRA GOES;702808142860167;04977118189;FEMININO;665863122;4;161;31;4830;1;K297;GASTRITE NAO ESPECIFICADA 
2026-06-23 19:59:58;500769;SAO GABRIEL DO OESTE;6354265;CENTRAL DE REGULACAO DE SAO GABRIEL DO OESTE;500769;SAO GABRIEL DO OESTE;1;1;2026-05-06 09:01:12;0073001;ENDOSCOPIA DIGESTIVA ALTA;;;0209010037;ESOFAGOGASTRODUODENOSCOPIA;ANTONIO DE OLIVEIRA VIEIRA;1982-07-26;ELZA DE OLIVEIRA;704808098562948;95646108187;MASCULINO;665859151;4;160;31;4800;1;K21;DOENCA DE REFLUXO GASTROESOFAGICO
2026-06-23 19:59:58;500769;SAO GABRIEL DO OESTE;6354265;CENTRAL DE REGULACAO DE SAO GABRIEL DO OESTE;500769;SAO GABRIEL DO OESTE;1;1;2026-05-06 08:28:51;0073001;ENDOSCOPIA DIGESTIVA ALTA;;;0209010037;ESOFAGOGASTRODUODENOSCOPIA;VANESSA ZATTA;1980-08-07;MARIA IRACEMA ZATTA;700503181429759;03370427990;FEMININO;665841250;4;159;31;4770;1;K297;GASTRITE NAO ESPECIFICADA 
2026-06-23 19:59:58;500769;SAO GABRIEL DO OESTE;6354265;CENTRAL DE REGULACAO DE SAO GABRIEL DO OESTE;500769;SAO GABRIEL DO OESTE;1;1;2026-05-05 11:57:39;0073001;ENDOSCOPIA DIGESTIVA ALTA;;;0209010037;ESOFAGOGASTRODUODENOSCOPIA;MARIETA DAMM TONETTO;1948-07-14;LEONTINA LOPES DAMM;700006416852300;36737429149;FEMININO;665668583;4;158;31;4740;1;K22;OUTRAS DOENCAS DO ESOFAGO
2026-06-23 19:59:58;500769;SAO GABRIEL DO OESTE;8176132;CASA ROSA;500769;SAO GABRIEL DO OESTE;1;1;2026-06-23 16:10:11;0076149;ULTRA-SONOGRAFIA OBSTETRICA - MORFOLOGICO;;;0205020143;ULTRASSONOGRAFIA OBSTETRICA;ANA PAULA TRINDADE PINHEIRO DO NASCIMENTO;2001-08-29;JOSIANE DOS SANTOS TRINDADE;708407223969462;99006375268;FEMININO;675114990;4;2;19;14;4;Z00;EXAME GERAL E INVESTIGACAO DE PESSOAS SEM QUEIXAS OU DIAGNOSTICO RELATADO
2026-06-23 19:59:58;500769;SAO GABRIEL DO OESTE;2370999;UNIDADE DE SAUDE DA FAMILIA FENIX IV;500769;SAO GABRIEL DO OESTE;1;1;2026-06-23 11:10:41;0076149;ULTRA-SONOGRAFIA OBSTETRICA - MORFOLOGICO;;;0205020143;ULTRASSONOGRAFIA OBSTETRICA;ADRIELE ANDRADE NAZARIO;2008-05-24;ROSALIA SILVA DE ANDRADE;705002636651956;09235703140;FEMININO;675006597;4;1;19;7;4;Z34;SUPERVISAO DE GRAVIDEZ NORMAL
2026-06-23 19:59:58;500769;SAO GABRIEL DO OESTE;6452116;CENTRO DE ESPECIALIDADES MEDICAS;500769;SAO GABRIEL DO OESTE;1;1;2026-06-22 15:09:28;0108001;ECOCARDIOGRAMA TRANSTORACICO;;;0205010032;ECOCARDIOGRAFIA TRANSTORACICA;MARIA IRONI SANTANA VIEIRA;1949-02-10;NATALIA DE PAULA SANTANA;700400460429745;01656477955;FEMININO;674835113;4;1;7;1;58;I10;HIPERTENSAO ESSENCIAL (PRIMARIA) 
2026-06-23 19:59:58;500769;SAO GABRIEL DO OESTE;8176132;CASA ROSA;500769;SAO GABRIEL DO OESTE;0;1;2026-06-19 10:38:11;0169015;TESTE DA ORELHINHA/TRIAGEM AUDITIVA NEONATAL;;;0301010048;CONSULTA DE PROFISSIONAIS DE NIVEL SUPERIOR NA ATENÇÃO ESPECIALIZADA (EXCETO MÉDICO);AGATHA RODRIGUES DA SILVA;2026-06-02;SILMARA ANDRESSA RODRIGUES DA SILVA;704604613742821;13133190156;FEMININO;674469522;4;6;15;8;23;Z00;EXAME GERAL E INVESTIGACAO DE PESSOAS SEM QUEIXAS OU DIAGNOSTICO RELATADO
2026-06-23 19:59:58;500769;SAO GABRIEL DO OESTE;8176132;CASA ROSA;500769;SAO GABRIEL DO OESTE;0;1;2026-06-17 07:24:31;0169015;TESTE DA ORELHINHA/TRIAGEM AUDITIVA NEONATAL;;;0301010048;CONSULTA DE PROFISSIONAIS DE NIVEL SUPERIOR NA ATENÇÃO ESPECIALIZADA (EXCETO MÉDICO);OLIVER BALZAN;2026-06-11;KARITA DAIALY ARRUDA PEREIRA;898006453440441;;MASCULINO;673850247;4;5;15;6;23;Z00;EXAME GERAL E INVESTIGACAO DE PESSOAS SEM QUEIXAS OU DIAGNOSTICO RELATADO
2026-06-23 19:59:58;500769;SAO GABRIEL DO OESTE;8176132;CASA ROSA;500769;SAO GABRIEL DO OESTE;0;1;2026-06-12 10:20:58;0169015;TESTE DA ORELHINHA/TRIAGEM AUDITIVA NEONATAL;;;0301010048;CONSULTA DE PROFISSIONAIS DE NIVEL SUPERIOR NA ATENÇÃO ESPECIALIZADA (EXCETO MÉDICO);MIGUELL DA SILVA BETARELLO;2026-05-27;MARINA BETARELLO;700100933890617;13118377100;MASCULINO;673093044;4;4;15;5;23;Z001;EXAME DE ROTINA DE SAUDE DA CRIANCA 
2026-06-23 19:59:58;500769;SAO GABRIEL DO OESTE;8176132;CASA ROSA;500769;SAO GABRIEL DO OESTE;0;1;2026-06-03 16:53:37;0169015;TESTE DA ORELHINHA/TRIAGEM AUDITIVA NEONATAL;;;0301010048;CONSULTA DE PROFISSIONAIS DE NIVEL SUPERIOR NA ATENÇÃO ESPECIALIZADA (EXCETO MÉDICO);JOAO BATISTA MATHIAS DOS SANTOS FILHO;2025-12-30;PRISCILA DE SOUZA PORTO;705804453591436;12898709182;MASCULINO;671708821;4;3;15;4;23;P072;IMATURIDADE EXTREMA 
2026-06-23 19:59:58;500769;SAO GABRIEL DO OESTE;8176132;CASA ROSA;500769;SAO GABRIEL DO OESTE;0;1;2026-06-02 16:55:47;0169015;TESTE DA ORELHINHA/TRIAGEM AUDITIVA NEONATAL;;;0301010048;CONSULTA DE PROFISSIONAIS DE NIVEL SUPERIOR NA ATENÇÃO ESPECIALIZADA (EXCETO MÉDICO);ISIS HELENA DIAS DA SILVA;2026-05-23;MARIANA DIAS PEROBELI;706004306631145;13112121163;FEMININO;671426258;4;2;15;3;23;Z001;EXAME DE ROTINA DE SAUDE DA CRIANCA 
2026-06-23 19:59:58;500769;SAO GABRIEL DO OESTE;8176132;CASA ROSA;500769;SAO GABRIEL DO OESTE;0;1;2026-05-29 16:13:21;0169015;TESTE DA ORELHINHA/TRIAGEM AUDITIVA NEONATAL;;;0301010048;CONSULTA DE PROFISSIONAIS DE NIVEL SUPERIOR NA ATENÇÃO ESPECIALIZADA (EXCETO MÉDICO);NATHAN SILVA DE OLIVEIRA;2026-05-27;STEFHANIE SILVA SANTOS;898006451431984;;MASCULINO;670775302;4;1;15;1;23;Z00;EXAME GERAL E INVESTIGACAO DE PESSOAS SEM QUEIXAS OU DIAGNOSTICO RELATADO
2026-06-23 19:59:58;500769;SAO GABRIEL DO OESTE;7002084;UNIDADE DE SAUDE DA FAMILIA IX;500769;SAO GABRIEL DO OESTE;1;1;2026-05-18 15:32:39;0230000;USG COTOVELO DIREITO;0230000;GRUPO - ULTRASSONOGRAFIA ARTICULACOES;0205020062;ULTRASSONOGRAFIA DE ARTICULACAO;CARLOS BRITES FERREIRA;1969-04-12;MARIA FERREIRA DE LIMA;706805132953030;44532148120;MASCULINO;668223834;4;32;30;1440;1;Z000;EXAME MEDICO GERAL 
2026-06-23 19:59:58;500769;SAO GABRIEL DO OESTE;3400964;UNIDADE DE SAUDE DA FAMILIA RURAL VII;500769;SAO GABRIEL DO OESTE;1;1;2026-05-14 15:00:44;0230000;USG COTOVELO DIREITO;0230000;GRUPO - ULTRASSONOGRAFIA ARTICULACOES;0205020062;ULTRASSONOGRAFIA DE ARTICULACAO;MARCIA APARECIDA DE OLIVEIRA ALVES;1978-07-30;IRACY DE OLIVEIRA ALVES;704605629518625;91472237153;FEMININO;667672049;4;24;30;1080;1;Z712;PESSOA QUE CONSULTA PARA EXPLICACAO DE ACHADOS DE EXAME 
2026-06-23 19:59:58;500769;SAO GABRIEL DO OESTE;8176132;CASA ROSA;500769;SAO GABRIEL DO OESTE;1;1;2026-06-12 14:35:27;0230000;USG COTOVELO DIREITO;0230000;GRUPO - ULTRASSONOGRAFIA ARTICULACOES;0205020062;ULTRASSONOGRAFIA DE ARTICULACAO;AFONSO RODRIGUES DE SOUSA;1963-05-30;RAIMUNDA CAVALCANTI DE SOUSA;700005091773600;73898759415;MASCULINO;673183067;3;3;30;135;1;Z001;EXAME DE ROTINA DE SAUDE DA CRIANCA 
2026-06-23 19:59:58;500769;SAO GABRIEL DO OESTE;2370964;UNIDADE DE SAUDE DA FAMILIA III;500769;SAO GABRIEL DO OESTE;1;1;2026-06-10 09:43:04;0230000;USG COTOVELO DIREITO;0230000;GRUPO - ULTRASSONOGRAFIA ARTICULACOES;0205020062;ULTRASSONOGRAFIA DE ARTICULACAO;EDINEIA AUXILIADORA SOARES DA SILVA LOBO;1974-05-24;HILDA SOARES DA SILVA;702602262015746;50678000115;FEMININO;672519361;4;91;30;4095;1;M255;DOR ARTICULAR 
2026-06-23 19:59:58;500769;SAO GABRIEL DO OESTE;2370999;UNIDADE DE SAUDE DA FAMILIA FENIX IV;500769;SAO GABRIEL DO OESTE;1;1;2026-06-02 16:43:26;0230000;USG COTOVELO DIREITO;0230000;GRUPO - ULTRASSONOGRAFIA ARTICULACOES;0205020062;ULTRASSONOGRAFIA DE ARTICULACAO;LOCIDIO ANGELO DA COSTA;1972-01-06;JOANA DA COSTA;702407040766121;91566711134;MASCULINO;671422191;4;76;30;3420;1;M255;DOR ARTICULAR 
2026-06-23 19:59:58;500769;SAO GABRIEL DO OESTE;8176132;CASA ROSA;500769;SAO GABRIEL DO OESTE;1;1;2026-05-29 16:40:57;0230000;USG COTOVELO DIREITO;0230000;GRUPO - ULTRASSONOGRAFIA ARTICULACOES;0205020062;ULTRASSONOGRAFIA DE ARTICULACAO;IVANIR MAIA DOS SANTOS;1985-04-30;JANDIRA MAIA;700009323041208;02445185130;FEMININO;670783120;4;67;30;3015;1;M796;DOR EM MEMBRO 
2026-06-23 19:59:58;500769;SAO GABRIEL DO OESTE;2370980;UNIDADE DE SAUDE DA FAMILIA JARDIM GRAMADO I;500769;SAO GABRIEL DO OESTE;1;1;2026-05-18 09:57:53;0230000;USG JOELHO ESQUERDO;0230000;GRUPO - ULTRASSONOGRAFIA ARTICULACOES;0205020062;ULTRASSONOGRAFIA DE ARTICULACAO;KATIA PEREIRA DE OLIVEIRA;1960-09-22;MARIA DE LOURDES BOM PEREIRA;700002022653003;03926917873;FEMININO;668069014;4;31;29;698;1;M23;TRANSTORNOS INTERNOS DOS JOELHOS
2026-06-23 19:59:58;500769;SAO GABRIEL DO OESTE;7333218;UNIDADE DE SAUDE DA FAMILIA X;500769;SAO GABRIEL DO OESTE;1;1;2026-05-15 08:21:16;0230000;USG JOELHO ESQUERDO;0230000;GRUPO - ULTRASSONOGRAFIA ARTICULACOES;0205020062;ULTRASSONOGRAFIA DE ARTICULACAO;SOLANGE DA PASCOAL;1973-05-25;FATIMA TEREZINHA DA PASCOAL;706407658037281;00126770190;FEMININO;667755525;4;26;29;585;1;M239;TRANSTORNO INTERNO NAO ESPECIFICADO DO JOELHO 
2026-06-23 19:59:58;500769;SAO GABRIEL DO OESTE;8176132;CASA ROSA;500769;SAO GABRIEL DO OESTE;1;1;2026-05-13 11:43:13;0230000;USG JOELHO ESQUERDO;0230000;GRUPO - ULTRASSONOGRAFIA ARTICULACOES;0205020062;ULTRASSONOGRAFIA DE ARTICULACAO;ELIANE MACHADO DE SOUZA;1996-03-23;ZULMIRA MACHADO DE SOUZA;706802756404922;06056909107;FEMININO;667333465;4;22;29;495;1;Z00;EXAME GERAL E INVESTIGACAO DE PESSOAS SEM QUEIXAS OU DIAGNOSTICO RELATADO
2026-06-23 19:59:58;500769;SAO GABRIEL DO OESTE;8176132;CASA ROSA;500769;SAO GABRIEL DO OESTE;1;1;2026-06-17 16:17:30;0230000;USG JOELHO ESQUERDO;0230000;GRUPO - ULTRASSONOGRAFIA ARTICULACOES;0205020062;ULTRASSONOGRAFIA DE ARTICULACAO;MARIA ISABEL COSTA ALVES;2009-12-26;MARAIZA ALVES COSTA;706407162325386;13824602954;FEMININO;674081974;3;16;29;360;1;A929;FEBRE VIRAL TRANSMITIDA POR MOSQUITOS, NAO ESPECIFICADA 
2026-06-23 19:59:58;500769;SAO GABRIEL DO OESTE;8176132;CASA ROSA;500769;SAO GABRIEL DO OESTE;1;1;2026-06-17 10:45:23;0230000;USG JOELHO ESQUERDO;0230000;GRUPO - ULTRASSONOGRAFIA ARTICULACOES;0205020062;ULTRASSONOGRAFIA DE ARTICULACAO;APARECIDA CORREIA DOS SANTOS;1972-07-15;MARIA JOSE DOS SANTOS;706207028972064;78509530106;FEMININO;673948898;3;14;29;315;1;M25;OUTROS TRANSTORNOS ARTICULARES NAO CLASSIFICADOS EM OUTRA PARTE
2026-06-23 19:59:58;500769;SAO GABRIEL DO OESTE;6452116;CENTRO DE ESPECIALIDADES MEDICAS;500769;SAO GABRIEL DO OESTE;1;1;2026-06-10 15:37:12;0230000;USG JOELHO ESQUERDO;0230000;GRUPO - ULTRASSONOGRAFIA ARTICULACOES;0205020062;ULTRASSONOGRAFIA DE ARTICULACAO;ARILDO MARCOS LORDANO;1981-10-16;ZILMA DA SILVA LORDANO;702803695229261;03871356930;MASCULINO;672687559;3;1;29;23;1;Z00;EXAME GERAL E INVESTIGACAO DE PESSOAS SEM QUEIXAS OU DIAGNOSTICO RELATADO
2026-06-23 19:59:58;500769;SAO GABRIEL DO OESTE;5971055;UNIDADE DE SAUDE DA FAMILIA VIII;500769;SAO GABRIEL DO OESTE;1;1;2026-06-03 09:10:05;0230000;USG JOELHO ESQUERDO;0230000;GRUPO - ULTRASSONOGRAFIA ARTICULACOES;0205020062;ULTRASSONOGRAFIA DE ARTICULACAO;CONCEICAO APARECIDA SILVA DOS ANJOS;1966-06-18;BENEDITA PEREIRA DA SILVA;700000097781201;54249368149;FEMININO;671497171;4;79;29;1778;1;Z000;EXAME MEDICO GERAL 
2026-06-23 19:59:58;500769;SAO GABRIEL DO OESTE;2370999;UNIDADE DE SAUDE DA FAMILIA FENIX IV;500769;SAO GABRIEL DO OESTE;1;1;2026-06-02 16:45:26;0230000;USG JOELHO ESQUERDO;0230000;GRUPO - ULTRASSONOGRAFIA ARTICULACOES;0205020062;ULTRASSONOGRAFIA DE ARTICULACAO;LOCIDIO ANGELO DA COSTA;1972-01-06;JOANA DA COSTA;702407040766121;91566711134;MASCULINO;671422945;4;78;29;1755;1;M255;DOR ARTICULAR 
2026-06-23 19:59:58;500769;SAO GABRIEL DO OESTE;2370972;UNIDADE DE SAUDE DA FAMILIA MILANE II;500769;SAO GABRIEL DO OESTE;1;1;2026-05-29 15:26:23;0230000;USG JOELHO ESQUERDO;0230000;GRUPO - ULTRASSONOGRAFIA ARTICULACOES;0205020062;ULTRASSONOGRAFIA DE ARTICULACAO;ADROALDO KREBS;1966-12-25;ELICIA KREBS;700202456528924;40407667172;MASCULINO;670757742;4;66;29;1485;1;M238;OUTROS TRANSTORNOS INTERNOS DO JOELHO 
2026-06-23 19:59:58;500769;SAO GABRIEL DO OESTE;5971055;UNIDADE DE SAUDE DA FAMILIA VIII;500769;SAO GABRIEL DO OESTE;1;1;2026-05-28 15:33:06;0230000;USG JOELHO ESQUERDO;0230000;GRUPO - ULTRASSONOGRAFIA ARTICULACOES;0205020062;ULTRASSONOGRAFIA DE ARTICULACAO;VALENTINA EMANUELLY BATALHA DE JESUS;2017-07-17;VIANE VIEIRA BATALHA DE JESUS;898005195538605;08558871175;FEMININO;670503685;4;63;29;1418;1;Z000;EXAME MEDICO GERAL 
2026-06-23 19:59:58;500769;SAO GABRIEL DO OESTE;7002084;UNIDADE DE SAUDE DA FAMILIA IX;500769;SAO GABRIEL DO OESTE;1;1;2026-05-25 15:38:38;0230000;USG JOELHO ESQUERDO;0230000;GRUPO - ULTRASSONOGRAFIA ARTICULACOES;0205020062;ULTRASSONOGRAFIA DE ARTICULACAO;ALISSON SIQUEIRA SANDIM;2003-12-26;ANTONIA DE SOUZA SANDIM;700509300263951;03921020131;MASCULINO;669625810;4;53;29;1193;1;M796;DOR EM MEMBRO 
2026-06-23 19:59:58;500769;SAO GABRIEL DO OESTE;2370999;UNIDADE DE SAUDE DA FAMILIA FENIX IV;500769;SAO GABRIEL DO OESTE;1;1;2026-05-25 10:57:56;0230000;USG JOELHO ESQUERDO;0230000;GRUPO - ULTRASSONOGRAFIA ARTICULACOES;0205020062;ULTRASSONOGRAFIA DE ARTICULACAO;JESSICA DE JESUS SILVA GREFF;2001-03-05;AURISA DE JESUS SILVA;702808611441463;06902056196;FEMININO;669503989;4;52;29;1170;1;R520;DOR AGUDA 
2026-06-23 19:59:58;500769;SAO GABRIEL DO OESTE;7002084;UNIDADE DE SAUDE DA FAMILIA IX;500769;SAO GABRIEL DO OESTE;1;1;2026-05-21 15:00:14;0230000;USG JOELHO ESQUERDO;0230000;GRUPO - ULTRASSONOGRAFIA ARTICULACOES;0205020062;ULTRASSONOGRAFIA DE ARTICULACAO;PEROLA PIETRA SANTOS;2019-04-03;CRISTIANE NASCIMENTO SANTOS SOUZA;708208108109246;10065275160;FEMININO;669051378;4;47;29;1058;1;Z001;EXAME DE ROTINA DE SAUDE DA CRIANCA 
2026-06-23 19:59:58;500769;SAO GABRIEL DO OESTE;8176132;CASA ROSA;500769;SAO GABRIEL DO OESTE;1;1;2026-06-23 11:25:52;0230000;USG JOELHO ESQUERDO;0230000;GRUPO - ULTRASSONOGRAFIA ARTICULACOES;0205020062;ULTRASSONOGRAFIA DE ARTICULACAO;ALINE SILVA DOS SANTOS;1996-06-28;MARIA DOS ANJOS SILVA DOS SANTOS;708604003449686;02784482162;FEMININO;675014138;4;111;29;2498;1;S834;ENTORSE E DISTENSAO ENVOLVENDO LIGAMENTO COLATERAL (PERONIAL) (TIBIAL) DO JOELHO 
2026-06-23 19:59:58;500769;SAO GABRIEL DO OESTE;8176132;CASA ROSA;500769;SAO GABRIEL DO OESTE;1;1;2026-06-23 11:22:44;0230000;USG JOELHO ESQUERDO;0230000;GRUPO - ULTRASSONOGRAFIA ARTICULACOES;0205020062;ULTRASSONOGRAFIA DE ARTICULACAO;ALECIR RODRIGO SPAGNOLLO;2000-03-25;CLENAR TAGLIAN SPAGNOLLO;700209495648923;06001305170;MASCULINO;675012586;4;110;29;2475;1;M255;DOR ARTICULAR 
2026-06-23 19:59:58;500769;SAO GABRIEL DO OESTE;7002084;UNIDADE DE SAUDE DA FAMILIA IX;500769;SAO GABRIEL DO OESTE;1;1;2026-05-19 16:26:21;0230000;USG OMBRO DIREITO;0230000;GRUPO - ULTRASSONOGRAFIA ARTICULACOES;0205020062;ULTRASSONOGRAFIA DE ARTICULACAO;LUCINEIA CANDIDA DO CARMO;1982-12-05;ANALICE CANDIDA DE OLIVEIRA;707102834184020;00669964140;FEMININO;668540077;4;40;27;900;1;M797;FIBROMIALGIA
2026-06-23 19:59:58;500769;SAO GABRIEL DO OESTE;2370980;UNIDADE DE SAUDE DA FAMILIA JARDIM GRAMADO I;500769;SAO GABRIEL DO OESTE;1;1;2026-05-15 14:29:45;0230000;USG OMBRO DIREITO;0230000;GRUPO - ULTRASSONOGRAFIA ARTICULACOES;0205020062;ULTRASSONOGRAFIA DE ARTICULACAO;ZORAIDES ALVES DOS SANTOS FERREIRA;1978-09-25;APARECIDA ALVES DOS SANTOS;708007305594121;91706696191;FEMININO;667902375;4;29;27;653;1;M796;DOR EM MEMBRO 
2026-06-23 19:59:58;500769;SAO GABRIEL DO OESTE;7333218;UNIDADE DE SAUDE DA FAMILIA X;500769;SAO GABRIEL DO OESTE;1;1;2026-05-15 08:23:09;0230000;USG OMBRO DIREITO;0230000;GRUPO - ULTRASSONOGRAFIA ARTICULACOES;0205020062;ULTRASSONOGRAFIA DE ARTICULACAO;WASHINGTON LIPU LOPES;1982-08-11;SANDRA MARIA LIPU LOPES;705800489263931;32612813837;MASCULINO;667756229;4;27;27;608;1;M759;LESAO NAO ESPECIFICADA DO OMBRO 
2026-06-23 19:59:58;500769;SAO GABRIEL DO OESTE;3400964;UNIDADE DE SAUDE DA FAMILIA RURAL VII;500769;SAO GABRIEL DO OESTE;1;1;2026-05-14 15:00:44;0230000;USG OMBRO DIREITO;0230000;GRUPO - ULTRASSONOGRAFIA ARTICULACOES;0205020062;ULTRASSONOGRAFIA DE ARTICULACAO;MARCIA APARECIDA DE OLIVEIRA ALVES;1978-07-30;IRACY DE OLIVEIRA ALVES;704605629518625;91472237153;FEMININO;667672049;4;24;27;540;1;Z712;PESSOA QUE CONSULTA PARA EXPLICACAO DE ACHADOS DE EXAME 
2026-06-23 19:59:58;500769;SAO GABRIEL DO OESTE;2591359;UNIDADE DE SAUDE DA FAMILIA V;500769;SAO GABRIEL DO OESTE;1;1;2026-05-08 14:43:04;0230000;USG OMBRO DIREITO;0230000;GRUPO - ULTRASSONOGRAFIA ARTICULACOES;0205020062;ULTRASSONOGRAFIA DE ARTICULACAO;ISABEL PINHEIRO DOS SANTOS;1962-12-21;APARECIDA TATARO PINHEIRO;705605410872916;48163961104;FEMININO;666549846;4;21;27;473;1;M759;LESAO NAO ESPECIFICADA DO OMBRO 
2026-06-23 19:59:58;500769;SAO GABRIEL DO OESTE;8176132;CASA ROSA;500769;SAO GABRIEL DO OESTE;1;1;2026-06-15 09:29:24;0230000;USG OMBRO DIREITO;0230000;GRUPO - ULTRASSONOGRAFIA ARTICULACOES;0205020062;ULTRASSONOGRAFIA DE ARTICULACAO;ZILDA LEITE MATTOS;1947-01-03;ALVORINA LEITE MATTOS;708103562198530;77207564104;FEMININO;673328771;3;7;27;158;1;Z00;EXAME GERAL E INVESTIGACAO DE PESSOAS SEM QUEIXAS OU DIAGNOSTICO RELATADO
2026-06-23 19:59:58;500769;SAO GABRIEL DO OESTE;2370999;UNIDADE DE SAUDE DA FAMILIA FENIX IV;500769;SAO GABRIEL DO OESTE;1;1;2026-06-10 09:14:49;0230000;USG OMBRO DIREITO;0230000;GRUPO - ULTRASSONOGRAFIA ARTICULACOES;0205020062;ULTRASSONOGRAFIA DE ARTICULACAO;SILVANA PEREIRA DA SILVA;1979-12-25;MARIA DAS VIRGENS DO AMARAL SILVA;704303509381690;03227483130;FEMININO;672502454;4;89;27;2003;1;R522;OUTRA DOR CRONICA 
2026-06-23 19:59:58;500769;SAO GABRIEL DO OESTE;2370964;UNIDADE DE SAUDE DA FAMILIA III;500769;SAO GABRIEL DO OESTE;1;1;2026-06-08 16:14:54;0230000;USG OMBRO DIREITO;0230000;GRUPO - ULTRASSONOGRAFIA ARTICULACOES;0205020062;ULTRASSONOGRAFIA DE ARTICULACAO;DIRCEU SILVA;1969-11-09;CLEMENTINA SILVA;705001296083859;48164330159;MASCULINO;672121464;4;87;27;1958;1;M75;LESOES DO OMBRO
2026-06-23 19:59:58;500769;SAO GABRIEL DO OESTE;8176132;CASA ROSA;500769;SAO GABRIEL DO OESTE;1;1;2026-06-08 14:30:44;0230000;USG OMBRO DIREITO;0230000;GRUPO - ULTRASSONOGRAFIA ARTICULACOES;0205020062;ULTRASSONOGRAFIA DE ARTICULACAO;MARLENE DE BRITO MEDINA;1980-06-29;DIOCLEIA APARECIDA DE BRITO;705800405457632;04328146980;FEMININO;672067682;4;84;27;1890;1;Z001;EXAME DE ROTINA DE SAUDE DA CRIANCA 
2026-06-23 19:59:58;500769;SAO GABRIEL DO OESTE;2370980;UNIDADE DE SAUDE DA FAMILIA JARDIM GRAMADO I;500769;SAO GABRIEL DO OESTE;1;1;2026-06-03 16:22:44;0230000;USG OMBRO DIREITO;0230000;GRUPO - ULTRASSONOGRAFIA ARTICULACOES;0205020062;ULTRASSONOGRAFIA DE ARTICULACAO;ANDREIA SOARES PEREIRA RIBEIRO;1985-02-16;MADALENA MONTESE PEREIRA;707403014062977;02863025198;FEMININO;671698564;4;82;27;1845;1;M752;TENDINITE BICEPITAL 
2026-06-23 19:59:58;500769;SAO GABRIEL DO OESTE;2370999;UNIDADE DE SAUDE DA FAMILIA FENIX IV;500769;SAO GABRIEL DO OESTE;1;1;2026-06-02 16:42:04;0230000;USG OMBRO DIREITO;0230000;GRUPO - ULTRASSONOGRAFIA ARTICULACOES;0205020062;ULTRASSONOGRAFIA DE ARTICULACAO;LOCIDIO ANGELO DA COSTA;1972-01-06;JOANA DA COSTA;702407040766121;91566711134;MASCULINO;671421704;4;75;27;1688;1;M255;DOR ARTICULAR 
2026-06-23 19:59:58;500769;SAO GABRIEL DO OESTE;2370972;UNIDADE DE SAUDE DA FAMILIA MILANE II;500769;SAO GABRIEL DO OESTE;1;1;2026-06-01 15:27:14;0230000;USG OMBRO DIREITO;0230000;GRUPO - ULTRASSONOGRAFIA ARTICULACOES;0205020062;ULTRASSONOGRAFIA DE ARTICULACAO;APARECIDA LEONDRINO;1979-01-20;TEREZA VITALINA LEONDRINO;706000327981346;05138564129;FEMININO;671082785;4;71;27;1598;1;M797;FIBROMIALGIA
2026-06-23 19:59:58;500769;SAO GABRIEL DO OESTE;2370980;UNIDADE DE SAUDE DA FAMILIA JARDIM GRAMADO I;500769;SAO GABRIEL DO OESTE;1;1;2026-06-01 14:57:36;0230000;USG OMBRO DIREITO;0230000;GRUPO - ULTRASSONOGRAFIA ARTICULACOES;0205020062;ULTRASSONOGRAFIA DE ARTICULACAO;LUIS MIGUEL COELHO;1963-09-29;DORA DE MORAIS COELHO;700704948149479;34388346187;MASCULINO;671066440;4;70;27;1575;1;M75;LESOES DO OMBRO
2026-06-23 19:59:58;500769;SAO GABRIEL DO OESTE;8176132;CASA ROSA;500769;SAO GABRIEL DO OESTE;1;1;2026-05-29 16:40:57;0230000;USG OMBRO DIREITO;0230000;GRUPO - ULTRASSONOGRAFIA ARTICULACOES;0205020062;ULTRASSONOGRAFIA DE ARTICULACAO;IVANIR MAIA DOS SANTOS;1985-04-30;JANDIRA MAIA;700009323041208;02445185130;FEMININO;670783120;4;67;27;1508;1;M796;DOR EM MEMBRO 
2026-06-23 19:59:58;500769;SAO GABRIEL DO OESTE;2370980;UNIDADE DE SAUDE DA FAMILIA JARDIM GRAMADO I;500769;SAO GABRIEL DO OESTE;1;1;2026-05-27 16:49:57;0230000;USG OMBRO DIREITO;0230000;GRUPO - ULTRASSONOGRAFIA ARTICULACOES;0205020062;ULTRASSONOGRAFIA DE ARTICULACAO;MOACIR COUTINHO;1963-06-21;CATARINA GONCALVES COUTINHO;700208952475227;47596856934;MASCULINO;670252343;4;61;27;1373;1;M796;DOR EM MEMBRO 
2026-06-23 19:59:58;500769;SAO GABRIEL DO OESTE;2591359;UNIDADE DE SAUDE DA FAMILIA V;500769;SAO GABRIEL DO OESTE;1;1;2026-05-26 16:39:06;0230000;USG OMBRO DIREITO;0230000;GRUPO - ULTRASSONOGRAFIA ARTICULACOES;0205020062;ULTRASSONOGRAFIA DE ARTICULACAO;ELVIRA VALERIANO DA SILVA;1966-03-20;NILDA VALERIANO DA SILVA;700609908129960;43533167291;FEMININO;669952160;4;59;27;1328;1;Z000;EXAME MEDICO GERAL 
2026-06-23 19:59:58;500769;SAO GABRIEL DO OESTE;7002084;UNIDADE DE SAUDE DA FAMILIA IX;500769;SAO GABRIEL DO OESTE;1;1;2026-05-26 15:42:07;0230000;USG OMBRO DIREITO;0230000;GRUPO - ULTRASSONOGRAFIA ARTICULACOES;0205020062;ULTRASSONOGRAFIA DE ARTICULACAO;JOSE PEREIRA;1946-10-12;LUZIA PEREIRA DO CARMO;709606636857679;10758429134;MASCULINO;669926631;4;58;27;1305;1;M796;DOR EM MEMBRO 
2026-06-23 19:59:58;500769;SAO GABRIEL DO OESTE;3400964;UNIDADE DE SAUDE DA FAMILIA RURAL VII;500769;SAO GABRIEL DO OESTE;1;1;2026-05-26 09:51:43;0230000;USG OMBRO DIREITO;0230000;GRUPO - ULTRASSONOGRAFIA ARTICULACOES;0205020062;ULTRASSONOGRAFIA DE ARTICULACAO;JOSE VERALDO MATIAS;1965-04-18;FLORIVIA DE ANDRADE;700407948212648;65945050920;MASCULINO;669756413;4;56;27;1260;1;M758;OUTRAS LESOES DO OMBRO 
2026-06-23 19:59:58;500769;SAO GABRIEL DO OESTE;7002084;UNIDADE DE SAUDE DA FAMILIA IX;500769;SAO GABRIEL DO OESTE;1;1;2026-05-25 15:42:52;0230000;USG OMBRO DIREITO;0230000;GRUPO - ULTRASSONOGRAFIA ARTICULACOES;0205020062;ULTRASSONOGRAFIA DE ARTICULACAO;ROSILENE ARRUDA SOARES;1986-12-23;CEZARINA BONIFACIA DE ARRUDA;707803640092613;02263463151;FEMININO;669627991;4;54;27;1215;1;M796;DOR EM MEMBRO 
2026-06-23 19:59:58;500769;SAO GABRIEL DO OESTE;7333218;UNIDADE DE SAUDE DA FAMILIA X;500769;SAO GABRIEL DO OESTE;1;1;2026-05-25 10:20:44;0230000;USG OMBRO DIREITO;0230000;GRUPO - ULTRASSONOGRAFIA ARTICULACOES;0205020062;ULTRASSONOGRAFIA DE ARTICULACAO;GUILHERME MARCHESINI;1966-12-23;TEREZINHA DA ROCHA MARCHESINI;700001210676006;69324964968;MASCULINO;669479383;4;51;27;1148;1;M759;LESAO NAO ESPECIFICADA DO OMBRO 
2026-06-23 19:59:58;500769;SAO GABRIEL DO OESTE;8176132;CASA ROSA;500769;SAO GABRIEL DO OESTE;1;1;2026-05-22 10:05:58;0230000;USG OMBRO DIREITO;0230000;GRUPO - ULTRASSONOGRAFIA ARTICULACOES;0205020062;ULTRASSONOGRAFIA DE ARTICULACAO;JACINTO GOMES SOBRINHO;1950-11-23;MARA INACIA GOMES;702003370647487;10514791187;MASCULINO;669190833;4;48;27;1080;1;Z00;EXAME GERAL E INVESTIGACAO DE PESSOAS SEM QUEIXAS OU DIAGNOSTICO RELATADO
2026-06-23 19:59:58;500769;SAO GABRIEL DO OESTE;6452116;CENTRO DE ESPECIALIDADES MEDICAS;500769;SAO GABRIEL DO OESTE;1;1;2026-06-23 15:33:08;0230000;USG OMBRO DIREITO;0230000;GRUPO - ULTRASSONOGRAFIA ARTICULACOES;0205020062;ULTRASSONOGRAFIA DE ARTICULACAO;ANA LUCIA FREITAS NETO;1988-03-16;MARIA GERTRUDES DE FREITAS MARQUES;700002644326707;01872738125;FEMININO;675100133;4;113;27;2543;1;M751;SINDROME DO MANGUITO ROTADOR 
2026-06-23 19:59:58;500769;SAO GABRIEL DO OESTE;8176132;CASA ROSA;500769;SAO GABRIEL DO OESTE;1;1;2026-06-23 14:43:45;0230000;USG OMBRO DIREITO;0230000;GRUPO - ULTRASSONOGRAFIA ARTICULACOES;0205020062;ULTRASSONOGRAFIA DE ARTICULACAO;MARIONETE CARDOZO GOMES SILVEIRA;1969-04-28;NOEMIA CARDOZO GOMES;702501344262631;65312058149;FEMININO;675078408;4;112;27;2520;1;M751;SINDROME DO MANGUITO ROTADOR 
2026-06-23 19:59:58;500769;SAO GABRIEL DO OESTE;2591359;UNIDADE DE SAUDE DA FAMILIA V;500769;SAO GABRIEL DO OESTE;1;1;2026-06-22 15:24:25;0230000;USG OMBRO DIREITO;0230000;GRUPO - ULTRASSONOGRAFIA ARTICULACOES;0205020062;ULTRASSONOGRAFIA DE ARTICULACAO;VALDEANA FREITAS DA SILVA AFONSO;1983-09-21;MARIA LUCIMAR FREITAS DA SILVA;704606127490024;06026199632;FEMININO;674842077;4;106;27;2385;1;M751;SINDROME DO MANGUITO ROTADOR 
2026-06-23 19:59:58;500769;SAO GABRIEL DO OESTE;2370980;UNIDADE DE SAUDE DA FAMILIA JARDIM GRAMADO I;500769;SAO GABRIEL DO OESTE;1;1;2026-06-19 15:21:52;0230000;USG OMBRO DIREITO;0230000;GRUPO - ULTRASSONOGRAFIA ARTICULACOES;0205020062;ULTRASSONOGRAFIA DE ARTICULACAO;ANA CAROLINA DA SILVA MATOS;2000-12-30;LILIAN DA SILVA LIMA;702503397594134;06800720127;FEMININO;674568174;4;103;27;2318;1;M75;LESOES DO OMBRO
2026-06-23 19:59:58;500769;SAO GABRIEL DO OESTE;8176132;CASA ROSA;500769;SAO GABRIEL DO OESTE;1;1;2026-06-18 16:45:52;0230000;USG OMBRO DIREITO;0230000;GRUPO - ULTRASSONOGRAFIA ARTICULACOES;0205020062;ULTRASSONOGRAFIA DE ARTICULACAO;FABIO LEANDRO DE SOUZA LIMA;1977-07-09;BENEDITA DE SOUZA LIMA;700009435786108;25655749831;MASCULINO;674361015;4;101;27;2273;1;M759;LESAO NAO ESPECIFICADA DO OMBRO 
2026-06-23 19:59:58;500769;SAO GABRIEL DO OESTE;8176132;CASA ROSA;500769;SAO GABRIEL DO OESTE;1;1;2026-06-11 10:09:10;0230000;USG OMBRO DIREITO;0230000;GRUPO - ULTRASSONOGRAFIA ARTICULACOES;0205020062;ULTRASSONOGRAFIA DE ARTICULACAO;IZABELLY RODRIGUES DINIZ;2006-12-14;PATRICIA PEREIRA RODRIGUES;709205259675734;07384862132;FEMININO;672822540;4;96;27;2160;1;Z001;EXAME DE ROTINA DE SAUDE DA CRIANCA 
2026-06-23 19:59:58;500769;SAO GABRIEL DO OESTE;2370999;UNIDADE DE SAUDE DA FAMILIA FENIX IV;500769;SAO GABRIEL DO OESTE;1;1;2026-06-10 10:57:39;0230000;USG OMBRO DIREITO;0230000;GRUPO - ULTRASSONOGRAFIA ARTICULACOES;0205020062;ULTRASSONOGRAFIA DE ARTICULACAO;MARLENE FERREIRA DAS VIRGENS;1966-03-25;MARIA DE LOURDES FEREIRA DAS VIRGENS;706809258548422;25237737838;FEMININO;672567646;4;92;27;2070;1;Z000;EXAME MEDICO GERAL 
2026-06-23 19:59:58;500769;SAO GABRIEL DO OESTE;7002084;UNIDADE DE SAUDE DA FAMILIA IX;500769;SAO GABRIEL DO OESTE;1;1;2026-05-19 16:26:21;0230000;USG OMBRO ESQUERDO;0230000;GRUPO - ULTRASSONOGRAFIA ARTICULACOES;0205020062;ULTRASSONOGRAFIA DE ARTICULACAO;LUCINEIA CANDIDA DO CARMO;1982-12-05;ANALICE CANDIDA DE OLIVEIRA;707102834184020;00669964140;FEMININO;668540077;4;40;35;720;2;M797;FIBROMIALGIA
2026-06-23 19:59:58;500769;SAO GABRIEL DO OESTE;5971055;UNIDADE DE SAUDE DA FAMILIA VIII;500769;SAO GABRIEL DO OESTE;1;1;2026-05-19 15:57:05;0230000;USG OMBRO ESQUERDO;0230000;GRUPO - ULTRASSONOGRAFIA ARTICULACOES;0205020062;ULTRASSONOGRAFIA DE ARTICULACAO;EVELIN DOS SANTOS CAMPOS;1992-03-18;EUNIDICE MARIA DOS SANTOS CAMPOS;709006866923814;04140744162;FEMININO;668527891;4;37;35;666;2;M755;BURSITE DO OMBRO 
2026-06-23 19:59:58;500769;SAO GABRIEL DO OESTE;2370980;UNIDADE DE SAUDE DA FAMILIA JARDIM GRAMADO I;500769;SAO GABRIEL DO OESTE;1;1;2026-05-19 15:23:48;0230000;USG OMBRO ESQUERDO;0230000;GRUPO - ULTRASSONOGRAFIA ARTICULACOES;0205020062;ULTRASSONOGRAFIA DE ARTICULACAO;GRAZIELE CRISTINA RECH;1978-03-05;LOURDES MARIS TOSIN RECH;709709017273390;02640545981;FEMININO;668512213;4;35;35;630;2;M54;DORSALGIA
2026-06-23 19:59:58;500769;SAO GABRIEL DO OESTE;3400964;UNIDADE DE SAUDE DA FAMILIA RURAL VII;500769;SAO GABRIEL DO OESTE;1;1;2026-05-15 10:57:34;0230000;USG OMBRO ESQUERDO;0230000;GRUPO - ULTRASSONOGRAFIA ARTICULACOES;0205020062;ULTRASSONOGRAFIA DE ARTICULACAO;CLAUDIONIZIO TIZATTO;1969-08-08;DORA VIANA TIZATTO;708409200882567;48953997100;MASCULINO;667833894;4;28;35;504;2;B354;TINHA DO CORPO 
2026-06-23 19:59:58;500769;SAO GABRIEL DO OESTE;2370999;UNIDADE DE SAUDE DA FAMILIA FENIX IV;500769;SAO GABRIEL DO OESTE;1;1;2026-05-14 17:13:09;0230000;USG OMBRO ESQUERDO;0230000;GRUPO - ULTRASSONOGRAFIA ARTICULACOES;0205020062;ULTRASSONOGRAFIA DE ARTICULACAO;AURENI MOREIRA DA SILVA;1975-03-13;MATILDE MOREIRA DA CONCEICAO;709007830073218;93306717134;FEMININO;667721980;4;25;35;450;2;R522;OUTRA DOR CRONICA 
2026-06-23 19:59:58;500769;SAO GABRIEL DO OESTE;2370999;UNIDADE DE SAUDE DA FAMILIA FENIX IV;500769;SAO GABRIEL DO OESTE;1;1;2026-06-17 11:34:58;0230000;USG OMBRO ESQUERDO;0230000;GRUPO - ULTRASSONOGRAFIA ARTICULACOES;0205020062;ULTRASSONOGRAFIA DE ARTICULACAO;DANIEL DA SILVA;1997-05-29;SANDRA REGINA DA SILVA;700007842341405;06095121108;MASCULINO;673977758;3;15;35;270;2;M75;LESOES DO OMBRO
2026-06-23 19:59:58;500769;SAO GABRIEL DO OESTE;8176132;CASA ROSA;500769;SAO GABRIEL DO OESTE;1;1;2026-06-12 16:02:53;0230000;USG OMBRO ESQUERDO;0230000;GRUPO - ULTRASSONOGRAFIA ARTICULACOES;0205020062;ULTRASSONOGRAFIA DE ARTICULACAO;LEANDRO ALBERTO DA SILVA MATIAS;1990-01-09;SEBASTIANA MARIA DA SILVA;706409352278690;03920133129;MASCULINO;673216186;3;5;35;90;2;S400;CONTUSAO DO OMBRO E DO BRACO 
2026-06-23 19:59:58;500769;SAO GABRIEL DO OESTE;6452116;CENTRO DE ESPECIALIDADES MEDICAS;500769;SAO GABRIEL DO OESTE;1;1;2026-06-12 14:53:37;0230000;USG OMBRO ESQUERDO;0230000;GRUPO - ULTRASSONOGRAFIA ARTICULACOES;0205020062;ULTRASSONOGRAFIA DE ARTICULACAO;ANA MARIA MORAIS VIEIRA;1962-07-26;RAIMUNDA MORAIS VIEIRA;700000190516008;03668727880;FEMININO;673190161;3;4;35;72;2;M751;SINDROME DO MANGUITO ROTADOR 
2026-06-23 19:59:58;500769;SAO GABRIEL DO OESTE;3400964;UNIDADE DE SAUDE DA FAMILIA RURAL VII;500769;SAO GABRIEL DO OESTE;1;1;2026-06-08 09:23:25;0230000;USG OMBRO ESQUERDO;0230000;GRUPO - ULTRASSONOGRAFIA ARTICULACOES;0205020062;ULTRASSONOGRAFIA DE ARTICULACAO;VICTOR HUGO RODRIGUES LINO MALHEIROS;2004-05-23;JULIANA QUENTANA ALVES RODRIGUES;704206218638389;09278582158;MASCULINO;671917415;4;83;35;1494;2;M759;LESAO NAO ESPECIFICADA DO OMBRO 
2026-06-23 19:59:58;500769;SAO GABRIEL DO OESTE;2370980;UNIDADE DE SAUDE DA FAMILIA JARDIM GRAMADO I;500769;SAO GABRIEL DO OESTE;1;1;2026-06-03 16:22:44;0230000;USG OMBRO ESQUERDO;0230000;GRUPO - ULTRASSONOGRAFIA ARTICULACOES;0205020062;ULTRASSONOGRAFIA DE ARTICULACAO;ANDREIA SOARES PEREIRA RIBEIRO;1985-02-16;MADALENA MONTESE PEREIRA;707403014062977;02863025198;FEMININO;671698564;4;82;35;1476;2;M752;TENDINITE BICEPITAL 
2026-06-23 19:59:58;500769;SAO GABRIEL DO OESTE;2370999;UNIDADE DE SAUDE DA FAMILIA FENIX IV;500769;SAO GABRIEL DO OESTE;1;1;2026-06-02 16:42:04;0230000;USG OMBRO ESQUERDO;0230000;GRUPO - ULTRASSONOGRAFIA ARTICULACOES;0205020062;ULTRASSONOGRAFIA DE ARTICULACAO;LOCIDIO ANGELO DA COSTA;1972-01-06;JOANA DA COSTA;702407040766121;91566711134;MASCULINO;671421704;4;75;35;1350;2;M255;DOR ARTICULAR 
2026-06-23 19:59:58;500769;SAO GABRIEL DO OESTE;2370972;UNIDADE DE SAUDE DA FAMILIA MILANE II;500769;SAO GABRIEL DO OESTE;1;1;2026-06-01 15:27:14;0230000;USG OMBRO ESQUERDO;0230000;GRUPO - ULTRASSONOGRAFIA ARTICULACOES;0205020062;ULTRASSONOGRAFIA DE ARTICULACAO;APARECIDA LEONDRINO;1979-01-20;TEREZA VITALINA LEONDRINO;706000327981346;05138564129;FEMININO;671082785;4;71;35;1278;2;M797;FIBROMIALGIA
2026-06-23 19:59:58;500769;SAO GABRIEL DO OESTE;3400964;UNIDADE DE SAUDE DA FAMILIA RURAL VII;500769;SAO GABRIEL DO OESTE;1;1;2026-06-01 10:14:38;0230000;USG OMBRO ESQUERDO;0230000;GRUPO - ULTRASSONOGRAFIA ARTICULACOES;0205020062;ULTRASSONOGRAFIA DE ARTICULACAO;LUCI MARA RODRIGUES CHAVES;1963-10-03;ADIR REDUZINO PEREIRA DA SILVA;703501051113630;39093409115;FEMININO;670931587;4;68;35;1224;2;Z000;EXAME MEDICO GERAL 
2026-06-23 19:59:58;500769;SAO GABRIEL DO OESTE;2370964;UNIDADE DE SAUDE DA FAMILIA III;500769;SAO GABRIEL DO OESTE;1;1;2026-05-29 08:11:26;0230000;USG OMBRO ESQUERDO;0230000;GRUPO - ULTRASSONOGRAFIA ARTICULACOES;0205020062;ULTRASSONOGRAFIA DE ARTICULACAO;CRISTIANE AGUIAR PORTILHO;1982-06-01;CREUZA AGUIAR PORTILHO;709201269837830;72650338172;FEMININO;670573038;4;64;35;1152;2;M75;LESOES DO OMBRO
2026-06-23 19:59:58;500769;SAO GABRIEL DO OESTE;2370964;UNIDADE DE SAUDE DA FAMILIA III;500769;SAO GABRIEL DO OESTE;1;1;2026-05-27 15:09:58;0230000;USG OMBRO ESQUERDO;0230000;GRUPO - ULTRASSONOGRAFIA ARTICULACOES;0205020062;ULTRASSONOGRAFIA DE ARTICULACAO;ROSA LAURA ALVES PAIVA;1976-08-04;LEONILDES ALVES DE PAIVA;708201639213048;69635650159;FEMININO;670208095;4;60;35;1080;2;M75;LESOES DO OMBRO
2026-06-23 19:59:58;500769;SAO GABRIEL DO OESTE;2591359;UNIDADE DE SAUDE DA FAMILIA V;500769;SAO GABRIEL DO OESTE;1;1;2026-05-26 16:39:06;0230000;USG OMBRO ESQUERDO;0230000;GRUPO - ULTRASSONOGRAFIA ARTICULACOES;0205020062;ULTRASSONOGRAFIA DE ARTICULACAO;ELVIRA VALERIANO DA SILVA;1966-03-20;NILDA VALERIANO DA SILVA;700609908129960;43533167291;FEMININO;669952160;4;59;35;1062;2;Z000;EXAME MEDICO GERAL 
2026-06-23 19:59:58;500769;SAO GABRIEL DO OESTE;7002084;UNIDADE DE SAUDE DA FAMILIA IX;500769;SAO GABRIEL DO OESTE;1;1;2026-05-26 15:42:07;0230000;USG OMBRO ESQUERDO;0230000;GRUPO - ULTRASSONOGRAFIA ARTICULACOES;0205020062;ULTRASSONOGRAFIA DE ARTICULACAO;JOSE PEREIRA;1946-10-12;LUZIA PEREIRA DO CARMO;709606636857679;10758429134;MASCULINO;669926631;4;58;35;1044;2;M796;DOR EM MEMBRO 
2026-06-23 19:59:58;500769;SAO GABRIEL DO OESTE;2370980;UNIDADE DE SAUDE DA FAMILIA JARDIM GRAMADO I;500769;SAO GABRIEL DO OESTE;1;1;2026-05-25 09:37:53;0230000;USG OMBRO ESQUERDO;0230000;GRUPO - ULTRASSONOGRAFIA ARTICULACOES;0205020062;ULTRASSONOGRAFIA DE ARTICULACAO;OSCAR SOUZA DE OLIVEIRA;1965-06-20;JOANA SOUZA DE OLIVEIRA;700504722233454;66209161120;MASCULINO;669450873;4;50;35;900;2;M75;LESOES DO OMBRO
2026-06-23 19:59:58;500769;SAO GABRIEL DO OESTE;8176132;CASA ROSA;500769;SAO GABRIEL DO OESTE;1;1;2026-05-20 16:49:06;0230000;USG OMBRO ESQUERDO;0230000;GRUPO - ULTRASSONOGRAFIA ARTICULACOES;0205020062;ULTRASSONOGRAFIA DE ARTICULACAO;ADELSON RODRIGUES SILVINO;1972-03-12;FRANCISCA RODRIGUES SILVINO;702808170639860;02001740107;MASCULINO;668828630;4;46;35;828;2;Z00;EXAME GERAL E INVESTIGACAO DE PESSOAS SEM QUEIXAS OU DIAGNOSTICO RELATADO
2026-06-23 19:59:58;500769;SAO GABRIEL DO OESTE;8176132;CASA ROSA;500769;SAO GABRIEL DO OESTE;1;1;2026-06-23 10:17:08;0230000;USG OMBRO ESQUERDO;0230000;GRUPO - ULTRASSONOGRAFIA ARTICULACOES;0205020062;ULTRASSONOGRAFIA DE ARTICULACAO;MARIA DENKIU BONES;1962-10-26;NATALIA DENKIU;700507123398254;73780707004;FEMININO;674977475;4;109;35;1962;2;M542;CERVICALGIA 
2026-06-23 19:59:58;500769;SAO GABRIEL DO OESTE;8176132;CASA ROSA;500769;SAO GABRIEL DO OESTE;1;1;2026-06-18 16:45:52;0230000;USG OMBRO ESQUERDO;0230000;GRUPO - ULTRASSONOGRAFIA ARTICULACOES;0205020062;ULTRASSONOGRAFIA DE ARTICULACAO;FABIO LEANDRO DE SOUZA LIMA;1977-07-09;BENEDITA DE SOUZA LIMA;700009435786108;25655749831;MASCULINO;674361015;4;101;35;1818;2;M759;LESAO NAO ESPECIFICADA DO OMBRO 
2026-06-23 19:59:58;500769;SAO GABRIEL DO OESTE;8176132;CASA ROSA;500769;SAO GABRIEL DO OESTE;1;1;2026-06-16 09:19:34;0230000;USG PE DIREITO;0230000;GRUPO - ULTRASSONOGRAFIA ARTICULACOES;0205020062;ULTRASSONOGRAFIA DE ARTICULACAO;DAVI SOMAVILLA;1957-12-27;JOSIPHINA TUBIANA SOMAVILLA;700004783631705;24719129072;MASCULINO;673610836;3;10;27;900;0;M72;TRANSTORNOS FIBROBLASTICOS
2026-06-23 19:59:58;500769;SAO GABRIEL DO OESTE;2370980;UNIDADE DE SAUDE DA FAMILIA JARDIM GRAMADO I;500769;SAO GABRIEL DO OESTE;1;1;2026-05-20 15:11:19;0230000;USG PUNHO DIREITO;0230000;GRUPO - ULTRASSONOGRAFIA ARTICULACOES;0205020062;ULTRASSONOGRAFIA DE ARTICULACAO;RAIMUNDA GORETE DE OLIVEIRA FEITOSA;1972-08-02;MARIA TELMA SANTIAGO DE OLIVEIRA;704502392379311;90388321253;FEMININO;668787895;4;45;30;2025;1;M796;DOR EM MEMBRO 
2026-06-23 19:59:58;500769;SAO GABRIEL DO OESTE;7002084;UNIDADE DE SAUDE DA FAMILIA IX;500769;SAO GABRIEL DO OESTE;1;1;2026-05-19 16:27:44;0230000;USG PUNHO DIREITO;0230000;GRUPO - ULTRASSONOGRAFIA ARTICULACOES;0205020062;ULTRASSONOGRAFIA DE ARTICULACAO;LUCINEIA CANDIDA DO CARMO;1982-12-05;ANALICE CANDIDA DE OLIVEIRA;707102834184020;00669964140;FEMININO;668540600;4;41;30;1845;1;M797;FIBROMIALGIA
2026-06-23 19:59:58;500769;SAO GABRIEL DO OESTE;5971055;UNIDADE DE SAUDE DA FAMILIA VIII;500769;SAO GABRIEL DO OESTE;1;1;2026-05-19 15:57:05;0230000;USG PUNHO DIREITO;0230000;GRUPO - ULTRASSONOGRAFIA ARTICULACOES;0205020062;ULTRASSONOGRAFIA DE ARTICULACAO;EVELIN DOS SANTOS CAMPOS;1992-03-18;EUNIDICE MARIA DOS SANTOS CAMPOS;709006866923814;04140744162;FEMININO;668527891;4;37;30;1665;1;M755;BURSITE DO OMBRO 
2026-06-23 19:59:58;500769;SAO GABRIEL DO OESTE;2370972;UNIDADE DE SAUDE DA FAMILIA MILANE II;500769;SAO GABRIEL DO OESTE;1;1;2026-05-18 16:36:53;0230000;USG PUNHO DIREITO;0230000;GRUPO - ULTRASSONOGRAFIA ARTICULACOES;0205020062;ULTRASSONOGRAFIA DE ARTICULACAO;MARA DIONIZIO PEREIRA;1987-10-12;IRIZONTINA FERREIRA DIONIZIO;706002303499147;04003307178;FEMININO;668252382;4;33;30;1485;1;F411;ANSIEDADE GENERALIZADA 
2026-06-23 19:59:58;500769;SAO GABRIEL DO OESTE;8176132;CASA ROSA;500769;SAO GABRIEL DO OESTE;1;1;2026-06-16 10:07:57;0230000;USG PUNHO DIREITO;0230000;GRUPO - ULTRASSONOGRAFIA ARTICULACOES;0205020062;ULTRASSONOGRAFIA DE ARTICULACAO;FRANCISCO FREIRE DO NASCIMENTO;1956-04-09;CELCINA LUZIA DA CONCEICAO;700106978350420;32190395100;MASCULINO;673641567;3;13;30;585;1;G560;SINDROME DO TUNEL DO CARPO 
2026-06-23 19:59:58;500769;SAO GABRIEL DO OESTE;8176132;CASA ROSA;500769;SAO GABRIEL DO OESTE;1;1;2026-06-16 09:35:28;0230000;USG PUNHO DIREITO;0230000;GRUPO - ULTRASSONOGRAFIA ARTICULACOES;0205020062;ULTRASSONOGRAFIA DE ARTICULACAO;ORANDINA DE OLIVEIRA;1965-11-07;NILZA BORGES DOS SANTOS;700200951881623;40725030100;FEMININO;673620874;3;11;30;495;1;G560;SINDROME DO TUNEL DO CARPO 
2026-06-23 19:59:58;500769;SAO GABRIEL DO OESTE;2370972;UNIDADE DE SAUDE DA FAMILIA MILANE II;500769;SAO GABRIEL DO OESTE;1;1;2026-06-08 15:12:25;0230000;USG PUNHO DIREITO;0230000;GRUPO - ULTRASSONOGRAFIA ARTICULACOES;0205020062;ULTRASSONOGRAFIA DE ARTICULACAO;ORLANDO CAVALCANTE DIAS;1962-03-24;QUITERIA CAVALCANTE DIAS;708608567201084;44314744987;FEMININO;672090150;4;86;30;3870;1;Z000;EXAME MEDICO GERAL 
2026-06-23 19:59:58;500769;SAO GABRIEL DO OESTE;2370972;UNIDADE DE SAUDE DA FAMILIA MILANE II;500769;SAO GABRIEL DO OESTE;1;1;2026-06-03 10:23:50;0230000;USG PUNHO DIREITO;0230000;GRUPO - ULTRASSONOGRAFIA ARTICULACOES;0205020062;ULTRASSONOGRAFIA DE ARTICULACAO;REJANE MARIA PENSO;1963-05-26;ADELIA PENSO;706405145394888;36552909187;FEMININO;671543324;4;80;30;3600;1;S698;OUTROS TRAUMATISMOS ESPECIFICADOS DO PUNHO E DA MAO 
2026-06-23 19:59:58;500769;SAO GABRIEL DO OESTE;2370999;UNIDADE DE SAUDE DA FAMILIA FENIX IV;500769;SAO GABRIEL DO OESTE;1;1;2026-06-02 16:44:21;0230000;USG PUNHO DIREITO;0230000;GRUPO - ULTRASSONOGRAFIA ARTICULACOES;0205020062;ULTRASSONOGRAFIA DE ARTICULACAO;LOCIDIO ANGELO DA COSTA;1972-01-06;JOANA DA COSTA;702407040766121;91566711134;MASCULINO;671422536;4;77;30;3465;1;M255;DOR ARTICULAR 
2026-06-23 19:59:58;500769;SAO GABRIEL DO OESTE;5971055;UNIDADE DE SAUDE DA FAMILIA VIII;500769;SAO GABRIEL DO OESTE;1;1;2026-06-01 11:06:45;0230000;USG PUNHO DIREITO;0230000;GRUPO - ULTRASSONOGRAFIA ARTICULACOES;0205020062;ULTRASSONOGRAFIA DE ARTICULACAO;SILVIA REGINA MELO DOS SANTOS LARA;1974-05-04;APARECIDA MELO DOS SANTOS;700803977582485;86804332172;FEMININO;670967704;4;69;30;3105;1;Z000;EXAME MEDICO GERAL 
2026-06-23 19:59:58;500769;SAO GABRIEL DO OESTE;2370964;UNIDADE DE SAUDE DA FAMILIA III;500769;SAO GABRIEL DO OESTE;1;1;2026-05-29 10:08:17;0230000;USG PUNHO DIREITO;0230000;GRUPO - ULTRASSONOGRAFIA ARTICULACOES;0205020062;ULTRASSONOGRAFIA DE ARTICULACAO;LEIDIANE CORDEIRO ASSUNCAO;1983-12-29;MARY LUCY DE ASSUNCAO SILVA;709800056542799;01978868332;FEMININO;670631906;4;65;30;2925;1;G560;SINDROME DO TUNEL DO CARPO 
2026-06-23 19:59:58;500769;SAO GABRIEL DO OESTE;8176132;CASA ROSA;500769;SAO GABRIEL DO OESTE;1;1;2026-05-26 10:03:00;0230000;USG PUNHO DIREITO;0230000;GRUPO - ULTRASSONOGRAFIA ARTICULACOES;0205020062;ULTRASSONOGRAFIA DE ARTICULACAO;LUIZ CARLOS CAIRES LOPES;1962-08-26;DARCI DE CAIRES LOPES;708202672814846;04360207859;MASCULINO;669764143;4;57;30;2565;1;Z00;EXAME GERAL E INVESTIGACAO DE PESSOAS SEM QUEIXAS OU DIAGNOSTICO RELATADO
2026-06-23 19:59:58;500769;SAO GABRIEL DO OESTE;8176132;CASA ROSA;500769;SAO GABRIEL DO OESTE;1;1;2026-06-23 10:11:35;0230000;USG PUNHO DIREITO;0230000;GRUPO - ULTRASSONOGRAFIA ARTICULACOES;0205020062;ULTRASSONOGRAFIA DE ARTICULACAO;CINTHIA LEONI EMILIANI;1976-12-24;MARIA BARRETO EMILIANI;706700506691613;85520535191;FEMININO;674974293;4;108;30;4860;1;G560;SINDROME DO TUNEL DO CARPO 
2026-06-23 19:59:58;500769;SAO GABRIEL DO OESTE;8176132;CASA ROSA;500769;SAO GABRIEL DO OESTE;1;1;2026-06-22 09:29:08;0230000;USG PUNHO DIREITO;0230000;GRUPO - ULTRASSONOGRAFIA ARTICULACOES;0205020062;ULTRASSONOGRAFIA DE ARTICULACAO;KAIQUE MARINO DE ARUDA BAIRROS;2008-08-07;CLAUDIANE DIAS ARUDA;708100570272830;08740881199;MASCULINO;674687413;4;105;30;4725;1;R520;DOR AGUDA 
2026-06-23 19:59:58;500769;SAO GABRIEL DO OESTE;8176132;CASA ROSA;500769;SAO GABRIEL DO OESTE;1;1;2026-06-18 17:19:34;0230000;USG PUNHO DIREITO;0230000;GRUPO - ULTRASSONOGRAFIA ARTICULACOES;0205020062;ULTRASSONOGRAFIA DE ARTICULACAO;GABRIELA VANDES DE OLIVEIRA;2007-05-15;TANIA REGINA LUIZ VANDES;708007843357726;06160949144;FEMININO;674369210;4;102;30;4590;1;M65;SINOVITE E TENOSSINOVITE
2026-06-23 19:59:58;500769;SAO GABRIEL DO OESTE;8176132;CASA ROSA;500769;SAO GABRIEL DO OESTE;1;1;2026-06-11 15:13:52;0230000;USG PUNHO DIREITO;0230000;GRUPO - ULTRASSONOGRAFIA ARTICULACOES;0205020062;ULTRASSONOGRAFIA DE ARTICULACAO;ELIADE FERNANDES SOUZA SANTOS;1994-01-12;CREUZA LOPES DE SOUZA;705001896068052;01369616147;FEMININO;672954733;4;97;30;4365;1;Z001;EXAME DE ROTINA DE SAUDE DA CRIANCA 
2026-06-23 19:59:58;500769;SAO GABRIEL DO OESTE;3400964;UNIDADE DE SAUDE DA FAMILIA RURAL VII;500769;SAO GABRIEL DO OESTE;1;1;2026-06-10 14:32:54;0230000;USG PUNHO DIREITO;0230000;GRUPO - ULTRASSONOGRAFIA ARTICULACOES;0205020062;ULTRASSONOGRAFIA DE ARTICULACAO;IZABEL FERREIRA DA SILVA;1967-04-04;GUILHERMINA FERREIRA DA SILVA;703608052842739;96931698168;FEMININO;672654143;4;94;30;4230;1;Z000;EXAME MEDICO GERAL 
2026-06-23 19:59:58;500769;SAO GABRIEL DO OESTE;7002084;UNIDADE DE SAUDE DA FAMILIA IX;500769;SAO GABRIEL DO OESTE;1;1;2026-05-19 16:27:44;0230000;USG PUNHO ESQUERDO;0230000;GRUPO - ULTRASSONOGRAFIA ARTICULACOES;0205020062;ULTRASSONOGRAFIA DE ARTICULACAO;LUCINEIA CANDIDA DO CARMO;1982-12-05;ANALICE CANDIDA DE OLIVEIRA;707102834184020;00669964140;FEMININO;668540600;4;41;30;1845;1;M797;FIBROMIALGIA
2026-06-23 19:59:58;500769;SAO GABRIEL DO OESTE;3400964;UNIDADE DE SAUDE DA FAMILIA RURAL VII;500769;SAO GABRIEL DO OESTE;1;1;2026-05-19 16:12:32;0230000;USG PUNHO ESQUERDO;0230000;GRUPO - ULTRASSONOGRAFIA ARTICULACOES;0205020062;ULTRASSONOGRAFIA DE ARTICULACAO;LUCIANA DE FATIMA SAURO;1971-08-22;DEVANIR AMBROSINI SAURO;702507320489631;99267284134;FEMININO;668534431;4;38;30;1710;1;M713;OUTROS CISTOS DE BOLSA SINOVIAL 
2026-06-23 19:59:58;500769;SAO GABRIEL DO OESTE;5971055;UNIDADE DE SAUDE DA FAMILIA VIII;500769;SAO GABRIEL DO OESTE;1;1;2026-05-19 15:32:50;0230000;USG PUNHO ESQUERDO;0230000;GRUPO - ULTRASSONOGRAFIA ARTICULACOES;0205020062;ULTRASSONOGRAFIA DE ARTICULACAO;MARIZA HELENA GONCALVES DOS SANTOS FERREIRA;1970-01-03;MARIA GONCALVES;702603230910848;51951770153;FEMININO;668516541;4;36;30;1620;1;G560;SINDROME DO TUNEL DO CARPO 
2026-06-23 19:59:58;500769;SAO GABRIEL DO OESTE;2370972;UNIDADE DE SAUDE DA FAMILIA MILANE II;500769;SAO GABRIEL DO OESTE;1;1;2026-05-18 16:39:57;0230000;USG PUNHO ESQUERDO;0230000;GRUPO - ULTRASSONOGRAFIA ARTICULACOES;0205020062;ULTRASSONOGRAFIA DE ARTICULACAO;MARA DIONIZIO PEREIRA;1987-10-12;IRIZONTINA FERREIRA DIONIZIO;706002303499147;04003307178;FEMININO;668253533;4;34;30;1530;1;F411;ANSIEDADE GENERALIZADA 
2026-06-23 19:59:58;500769;SAO GABRIEL DO OESTE;7333218;UNIDADE DE SAUDE DA FAMILIA X;500769;SAO GABRIEL DO OESTE;1;1;2026-05-14 08:12:45;0230000;USG PUNHO ESQUERDO;0230000;GRUPO - ULTRASSONOGRAFIA ARTICULACOES;0205020062;ULTRASSONOGRAFIA DE ARTICULACAO;EVA MALAQUIAS DA COSTA;1978-08-13;TEREZA DA COSTA SILVA;704108123017975;79941150125;FEMININO;667489243;4;23;30;1035;1;G560;SINDROME DO TUNEL DO CARPO 
2026-06-23 19:59:58;500769;SAO GABRIEL DO OESTE;8176132;CASA ROSA;500769;SAO GABRIEL DO OESTE;1;1;2026-06-16 09:35:28;0230000;USG PUNHO ESQUERDO;0230000;GRUPO - ULTRASSONOGRAFIA ARTICULACOES;0205020062;ULTRASSONOGRAFIA DE ARTICULACAO;ORANDINA DE OLIVEIRA;1965-11-07;NILZA BORGES DOS SANTOS;700200951881623;40725030100;FEMININO;673620874;3;11;30;495;1;G560;SINDROME DO TUNEL DO CARPO 
2026-06-23 19:59:58;500769;SAO GABRIEL DO OESTE;5971055;UNIDADE DE SAUDE DA FAMILIA VIII;500769;SAO GABRIEL DO OESTE;1;1;2026-06-10 09:36:40;0230000;USG PUNHO ESQUERDO;0230000;GRUPO - ULTRASSONOGRAFIA ARTICULACOES;0205020062;ULTRASSONOGRAFIA DE ARTICULACAO;MARIA LUCIA CASSIMIRO COELHO;1993-11-14;MARIA LUCIA CASSIMIRO COELHO;706809714250222;13535805635;FEMININO;672515453;4;90;30;4050;1;Z000;EXAME MEDICO GERAL 
2026-06-23 19:59:58;500769;SAO GABRIEL DO OESTE;2370999;UNIDADE DE SAUDE DA FAMILIA FENIX IV;500769;SAO GABRIEL DO OESTE;1;1;2026-06-02 16:44:21;0230000;USG PUNHO ESQUERDO;0230000;GRUPO - ULTRASSONOGRAFIA ARTICULACOES;0205020062;ULTRASSONOGRAFIA DE ARTICULACAO;LOCIDIO ANGELO DA COSTA;1972-01-06;JOANA DA COSTA;702407040766121;91566711134;MASCULINO;671422536;4;77;30;3465;1;M255;DOR ARTICULAR 
2026-06-23 19:59:58;500769;SAO GABRIEL DO OESTE;5971055;UNIDADE DE SAUDE DA FAMILIA VIII;500769;SAO GABRIEL DO OESTE;1;1;2026-06-01 11:06:45;0230000;USG PUNHO ESQUERDO;0230000;GRUPO - ULTRASSONOGRAFIA ARTICULACOES;0205020062;ULTRASSONOGRAFIA DE ARTICULACAO;SILVIA REGINA MELO DOS SANTOS LARA;1974-05-04;APARECIDA MELO DOS SANTOS;700803977582485;86804332172;FEMININO;670967704;4;69;30;3105;1;Z000;EXAME MEDICO GERAL 
2026-06-23 19:59:58;500769;SAO GABRIEL DO OESTE;2370964;UNIDADE DE SAUDE DA FAMILIA III;500769;SAO GABRIEL DO OESTE;1;1;2026-05-29 10:08:17;0230000;USG PUNHO ESQUERDO;0230000;GRUPO - ULTRASSONOGRAFIA ARTICULACOES;0205020062;ULTRASSONOGRAFIA DE ARTICULACAO;LEIDIANE CORDEIRO ASSUNCAO;1983-12-29;MARY LUCY DE ASSUNCAO SILVA;709800056542799;01978868332;FEMININO;670631906;4;65;30;2925;1;G560;SINDROME DO TUNEL DO CARPO 
2026-06-23 19:59:58;500769;SAO GABRIEL DO OESTE;8176132;CASA ROSA;500769;SAO GABRIEL DO OESTE;1;1;2026-06-23 10:11:35;0230000;USG PUNHO ESQUERDO;0230000;GRUPO - ULTRASSONOGRAFIA ARTICULACOES;0205020062;ULTRASSONOGRAFIA DE ARTICULACAO;CINTHIA LEONI EMILIANI;1976-12-24;MARIA BARRETO EMILIANI;706700506691613;85520535191;FEMININO;674974293;4;108;30;4860;1;G560;SINDROME DO TUNEL DO CARPO 
2026-06-23 19:59:58;500769;SAO GABRIEL DO OESTE;7002084;UNIDADE DE SAUDE DA FAMILIA IX;500769;SAO GABRIEL DO OESTE;1;1;2026-06-11 08:57:54;0230000;USG PUNHO ESQUERDO;0230000;GRUPO - ULTRASSONOGRAFIA ARTICULACOES;0205020062;ULTRASSONOGRAFIA DE ARTICULACAO;CAMILA EDUARDA DA SILVA OLIVEIRA;2002-03-05;SILVIA MARCIA DA SILVA BRANDAO DE OLIVEIRA;705009633977857;07771116167;FEMININO;672779351;4;95;30;4275;1;Z010;EXAME DOS OLHOS E DA VISAO 
2026-06-23 19:59:58;500769;SAO GABRIEL DO OESTE;3400964;UNIDADE DE SAUDE DA FAMILIA RURAL VII;500769;SAO GABRIEL DO OESTE;1;1;2026-05-19 16:17:06;0230000;USG TORNOZELO DIREITO;0230000;GRUPO - ULTRASSONOGRAFIA ARTICULACOES;0205020062;ULTRASSONOGRAFIA DE ARTICULACAO;MARGARIDA AUXILIADORA DELFINA FERREIRA RIBEIRO;1967-06-28;EMILIA PEREIRA DA LUZ;700705938808276;91313325104;FEMININO;668536306;4;39;20;1170;1;Z712;PESSOA QUE CONSULTA PARA EXPLICACAO DE ACHADOS DE EXAME 
2026-06-23 19:59:58;500769;SAO GABRIEL DO OESTE;5971055;UNIDADE DE SAUDE DA FAMILIA VIII;500769;SAO GABRIEL DO OESTE;1;1;2026-06-22 17:43:59;0230000;USG TORNOZELO DIREITO;0230000;GRUPO - ULTRASSONOGRAFIA ARTICULACOES;0205020062;ULTRASSONOGRAFIA DE ARTICULACAO;ANA CLAUDIA DA SILVA LEITE;1986-08-18;MARIA LELIA DE SOUZA SILVA;702004805970481;02611750173;FEMININO;674888333;3;20;20;600;1;Z000;EXAME MEDICO GERAL 
2026-06-23 19:59:58;500769;SAO GABRIEL DO OESTE;8176132;CASA ROSA;500769;SAO GABRIEL DO OESTE;1;1;2026-06-22 08:37:04;0230000;USG TORNOZELO DIREITO;0230000;GRUPO - ULTRASSONOGRAFIA ARTICULACOES;0205020062;ULTRASSONOGRAFIA DE ARTICULACAO;MARIA AUXILIADORA RODRIGUES;1960-09-22;OLIMPIA RODRIGUES;704203272921880;76686515191;FEMININO;674660650;3;17;20;510;1;Z00;EXAME GERAL E INVESTIGACAO DE PESSOAS SEM QUEIXAS OU DIAGNOSTICO RELATADO
2026-06-23 19:59:58;500769;SAO GABRIEL DO OESTE;3400964;UNIDADE DE SAUDE DA FAMILIA RURAL VII;500769;SAO GABRIEL DO OESTE;1;1;2026-06-03 10:52:36;0230000;USG TORNOZELO DIREITO;0230000;GRUPO - ULTRASSONOGRAFIA ARTICULACOES;0205020062;ULTRASSONOGRAFIA DE ARTICULACAO;LUIZ FELIPE VILHAVA DA SILVA;2017-02-17;MARIELI VILHAVA DA SILVA;703201635121091;08293360100;MASCULINO;671560995;4;81;20;2430;1;Z000;EXAME MEDICO GERAL 
2026-06-23 19:59:58;500769;SAO GABRIEL DO OESTE;2370999;UNIDADE DE SAUDE DA FAMILIA FENIX IV;500769;SAO GABRIEL DO OESTE;1;1;2026-06-01 16:01:20;0230000;USG TORNOZELO DIREITO;0230000;GRUPO - ULTRASSONOGRAFIA ARTICULACOES;0205020062;ULTRASSONOGRAFIA DE ARTICULACAO;KLEISLENE MARA MENDONCA BATISTA PETRY;1979-10-22;CALICE MARIA MENDONCA BATISTA;702002300846285;98542974115;FEMININO;671101076;4;73;20;2190;1;R520;DOR AGUDA 
2026-06-23 19:59:58;500769;SAO GABRIEL DO OESTE;2370972;UNIDADE DE SAUDE DA FAMILIA MILANE II;500769;SAO GABRIEL DO OESTE;1;1;2026-05-28 08:38:39;0230000;USG TORNOZELO DIREITO;0230000;GRUPO - ULTRASSONOGRAFIA ARTICULACOES;0205020062;ULTRASSONOGRAFIA DE ARTICULACAO;DAVI SOMAVILLA;1957-12-27;JOSIPHINA TUBIANA SOMAVILLA;700004783631705;24719129072;MASCULINO;670303832;4;62;20;1860;1;S909;TRAUMATISMO SUPERFICIAL DO TORNOZELO E DO PE, NAO ESPECIFICADO 
2026-06-23 19:59:58;500769;SAO GABRIEL DO OESTE;6452116;CENTRO DE ESPECIALIDADES MEDICAS;500769;SAO GABRIEL DO OESTE;1;1;2026-06-23 15:47:31;0230000;USG TORNOZELO DIREITO;0230000;GRUPO - ULTRASSONOGRAFIA ARTICULACOES;0205020062;ULTRASSONOGRAFIA DE ARTICULACAO;SILUANE MARLA DALRI;1987-05-10;ADELAIDE ALBRECHT DALRI;702805692307662;02239810106;FEMININO;675106044;4;114;20;3420;1;M796;DOR EM MEMBRO 
2026-06-23 19:59:58;500769;SAO GABRIEL DO OESTE;3400964;UNIDADE DE SAUDE DA FAMILIA RURAL VII;500769;SAO GABRIEL DO OESTE;1;1;2026-06-22 08:51:22;0230000;USG TORNOZELO DIREITO;0230000;GRUPO - ULTRASSONOGRAFIA ARTICULACOES;0205020062;ULTRASSONOGRAFIA DE ARTICULACAO;ELIMAR FERREIRA DA CRUZ;1983-09-04;MARGARIDA AUXILIADORA DELFINA FERREIRA;700806479187684;00063484161;MASCULINO;674667471;4;104;20;3120;1;M773;ESPORAO DO CALCANEO 
2026-06-23 19:59:58;500769;SAO GABRIEL DO OESTE;6452116;CENTRO DE ESPECIALIDADES MEDICAS;500769;SAO GABRIEL DO OESTE;1;1;2026-06-12 10:59:08;0230000;USG TORNOZELO ESQUERDO;0230000;GRUPO - ULTRASSONOGRAFIA ARTICULACOES;0205020062;ULTRASSONOGRAFIA DE ARTICULACAO;ALINE CRISTINA DA SILVA PENHA;1982-12-19;MARINALVA MARIA DA SILVA PENHA;707406000899376;70026122120;FEMININO;673113570;3;2;18;90;1;S900;CONTUSAO DO TORNOZELO 
2026-06-23 19:59:58;500769;SAO GABRIEL DO OESTE;6452116;CENTRO DE ESPECIALIDADES MEDICAS;500769;SAO GABRIEL DO OESTE;0;1;2026-06-22 10:25:03;0282026;CONSULTA  EM CARDIOLOGIA - PEDIATRIA;;;0301010072;CONSULTA MEDICA EM ATENÇÃO ESPECIALIZADA;JOAO VICTOR PIRES PROCOPIO;2012-07-03;ROSENILDA DE OLIVEIRA PIRES PROCOPIO;703409721347200;07000253169;MASCULINO;674720147;4;15;3;113;4;I20;ANGINA PECTORIS
2026-06-23 19:59:58;500769;SAO GABRIEL DO OESTE;8176132;CASA ROSA;500769;SAO GABRIEL DO OESTE;0;1;2026-06-17 09:23:52;0282026;CONSULTA  EM CARDIOLOGIA - PEDIATRIA;;;0301010072;CONSULTA MEDICA EM ATENÇÃO ESPECIALIZADA;AGATHA RODRIGUES DA SILVA;2026-06-02;SILMARA ANDRESSA RODRIGUES DA SILVA;704604613742821;13133190156;FEMININO;673899858;4;14;3;105;4;R060;DISPNEIA 
2026-06-23 19:59:58;500769;SAO GABRIEL DO OESTE;6452116;CENTRO DE ESPECIALIDADES MEDICAS;500769;SAO GABRIEL DO OESTE;0;1;2026-06-15 15:06:09;0282026;CONSULTA  EM CARDIOLOGIA - PEDIATRIA;;;0301010072;CONSULTA MEDICA EM ATENÇÃO ESPECIALIZADA;RN DE TATIANE VENCIO DA SILVA;2026-01-20;TATIANE VENCIO DA SILVA;898006436407458;;MASCULINO;673487992;4;13;3;98;4;Z00;EXAME GERAL E INVESTIGACAO DE PESSOAS SEM QUEIXAS OU DIAGNOSTICO RELATADO
2026-06-23 19:59:58;500769;SAO GABRIEL DO OESTE;6452116;CENTRO DE ESPECIALIDADES MEDICAS;500769;SAO GABRIEL DO OESTE;0;1;2026-06-15 14:46:07;0282026;CONSULTA  EM CARDIOLOGIA - PEDIATRIA;;;0301010072;CONSULTA MEDICA EM ATENÇÃO ESPECIALIZADA;RAVI GABRIEL CAVALCANTE DE FREITAS;2025-10-31;CRISLAINE CAVALCANTE DE FREITAS;700506917224650;12830274105;MASCULINO;673477549;4;12;3;90;4;Q219;MALFORMACAO CONGENITA NAO ESPECIFICADA DE SEPTO CARDIACO 
2026-06-23 19:59:58;500769;SAO GABRIEL DO OESTE;6452116;CENTRO DE ESPECIALIDADES MEDICAS;500769;SAO GABRIEL DO OESTE;0;1;2026-06-15 10:55:45;0282026;CONSULTA  EM CARDIOLOGIA - PEDIATRIA;;;0301010072;CONSULTA MEDICA EM ATENÇÃO ESPECIALIZADA;HENRI EMILIANI;2025-12-17;ISIS EMILIANI CAMARGO;708609066677885;12890168107;MASCULINO;673384673;4;11;3;83;4;Q219;MALFORMACAO CONGENITA NAO ESPECIFICADA DE SEPTO CARDIACO 
2026-06-23 19:59:58;500769;SAO GABRIEL DO OESTE;6452116;CENTRO DE ESPECIALIDADES MEDICAS;500769;SAO GABRIEL DO OESTE;0;1;2026-06-11 10:03:12;0282026;CONSULTA  EM CARDIOLOGIA - PEDIATRIA;;;0301010072;CONSULTA MEDICA EM ATENÇÃO ESPECIALIZADA;JOAQUIM ANISIO VIEIRA BRITO;2026-03-11;LUANA FELIX VIEIRA;707805677127315;13007176107;MASCULINO;672818748;4;10;3;75;4;Z00;EXAME GERAL E INVESTIGACAO DE PESSOAS SEM QUEIXAS OU DIAGNOSTICO RELATADO
2026-06-23 19:59:58;500769;SAO GABRIEL DO OESTE;8176132;CASA ROSA;500769;SAO GABRIEL DO OESTE;0;1;2026-06-10 10:58:21;0282026;CONSULTA  EM CARDIOLOGIA - PEDIATRIA;;;0301010072;CONSULTA MEDICA EM ATENÇÃO ESPECIALIZADA;REBECA APARECIDA MACHADO DA SILVA;2020-03-26;FRANCIELE MACHADO COSTA;706303784779671;10675952107;FEMININO;672568085;4;9;3;68;4;Z00;EXAME GERAL E INVESTIGACAO DE PESSOAS SEM QUEIXAS OU DIAGNOSTICO RELATADO
2026-06-23 19:59:58;500769;SAO GABRIEL DO OESTE;6452116;CENTRO DE ESPECIALIDADES MEDICAS;500769;SAO GABRIEL DO OESTE;0;1;2026-06-03 17:04:16;0282026;CONSULTA  EM CARDIOLOGIA - PEDIATRIA;;;0301010072;CONSULTA MEDICA EM ATENÇÃO ESPECIALIZADA;JOAO BATISTA MATHIAS DOS SANTOS FILHO;2025-12-30;PRISCILA DE SOUZA PORTO;705804453591436;12898709182;MASCULINO;671711211;4;8;3;60;4;Z00;EXAME GERAL E INVESTIGACAO DE PESSOAS SEM QUEIXAS OU DIAGNOSTICO RELATADO
2026-06-23 19:59:58;500769;SAO GABRIEL DO OESTE;8176132;CASA ROSA;500769;SAO GABRIEL DO OESTE;0;1;2026-06-02 14:49:02;0282026;CONSULTA  EM CARDIOLOGIA - PEDIATRIA;;;0301010072;CONSULTA MEDICA EM ATENÇÃO ESPECIALIZADA;RAVI LUAN ANDRADE DA SILVA;2026-05-27;JOSILAINE MESSIAS DE ANDRADE SOUZA;704600665505320;13116691169;MASCULINO;671367727;4;7;3;53;4;Q210;COMUNICACAO INTERVENTRICULAR 
2026-06-23 19:59:58;500769;SAO GABRIEL DO OESTE;6452116;CENTRO DE ESPECIALIDADES MEDICAS;500769;SAO GABRIEL DO OESTE;0;1;2026-06-01 13:02:20;0282026;CONSULTA  EM CARDIOLOGIA - PEDIATRIA;;;0301010072;CONSULTA MEDICA EM ATENÇÃO ESPECIALIZADA;ANTONELLA SERPA FLEITAS;2026-05-02;GLEIBIANY DE SOUZA SERPA;703109362738560;13080856139;FEMININO;671014674;4;6;3;45;4;I37;TRANSTORNOS DA VALVA PULMONAR
2026-06-23 19:59:58;500769;SAO GABRIEL DO OESTE;6452116;CENTRO DE ESPECIALIDADES MEDICAS;500769;SAO GABRIEL DO OESTE;0;1;2026-06-01 12:58:30;0282026;CONSULTA  EM CARDIOLOGIA - PEDIATRIA;;;0301010072;CONSULTA MEDICA EM ATENÇÃO ESPECIALIZADA;ARTHUR MIGUEL BARBOSA FREITAS;2024-10-17;MILENA GOMES BARBOSA;703001898135176;12330666179;MASCULINO;671013777;4;5;3;38;4;Z00;EXAME GERAL E INVESTIGACAO DE PESSOAS SEM QUEIXAS OU DIAGNOSTICO RELATADO
2026-06-23 19:59:58;500769;SAO GABRIEL DO OESTE;6452116;CENTRO DE ESPECIALIDADES MEDICAS;500769;SAO GABRIEL DO OESTE;0;1;2026-05-28 07:42:59;0282026;CONSULTA  EM CARDIOLOGIA - PEDIATRIA;;;0301010072;CONSULTA MEDICA EM ATENÇÃO ESPECIALIZADA;CECILIA RIBEIRO DOS SANTOS;2026-03-28;DAIANA RIBEIRO DO AMARAL;703602078463535;;FEMININO;670283363;4;4;3;30;4;Z00;EXAME GERAL E INVESTIGACAO DE PESSOAS SEM QUEIXAS OU DIAGNOSTICO RELATADO
2026-06-23 19:59:58;500769;SAO GABRIEL DO OESTE;8176132;CASA ROSA;500769;SAO GABRIEL DO OESTE;0;1;2026-05-22 10:00:01;0282026;CONSULTA  EM CARDIOLOGIA - PEDIATRIA;;;0301010072;CONSULTA MEDICA EM ATENÇÃO ESPECIALIZADA;FERNANDA NAOMI AREDES RODRIGUES CHAVES;2020-02-12;RUTH MOURA AREDES;706806285982720;10618307133;FEMININO;669187478;4;3;3;23;4;Q211;COMUNICACAO INTERATRIAL 
2026-06-23 19:59:58;500769;SAO GABRIEL DO OESTE;8176132;CASA ROSA;500769;SAO GABRIEL DO OESTE;0;1;2026-05-20 15:46:40;0282026;CONSULTA  EM CARDIOLOGIA - PEDIATRIA;;;0301010072;CONSULTA MEDICA EM ATENÇÃO ESPECIALIZADA;VITOR RAUPP SOUZA;2023-04-20;LUANA RAUPP;701007896975699;11941347185;MASCULINO;668804757;4;2;3;15;4;Z00;EXAME GERAL E INVESTIGACAO DE PESSOAS SEM QUEIXAS OU DIAGNOSTICO RELATADO
2026-06-23 19:59:58;500769;SAO GABRIEL DO OESTE;6452116;CENTRO DE ESPECIALIDADES MEDICAS;500769;SAO GABRIEL DO OESTE;0;1;2026-05-15 16:21:58;0282026;CONSULTA  EM CARDIOLOGIA - PEDIATRIA;;;0301010072;CONSULTA MEDICA EM ATENÇÃO ESPECIALIZADA;JOAO LUCAS CARDOSO SANTANA;2025-09-22;VANUSA PEREIRA CARDOSO;706803721516628;12776164181;MASCULINO;667942870;4;1;3;8;4;Z00;EXAME GERAL E INVESTIGACAO DE PESSOAS SEM QUEIXAS OU DIAGNOSTICO RELATADO
2026-06-23 19:59:58;500769;SAO GABRIEL DO OESTE;6452116;CENTRO DE ESPECIALIDADES MEDICAS;500769;SAO GABRIEL DO OESTE;0;1;2026-06-11 10:12:40;0299008;CONSULTA EM CIRURGIA VASCULAR – GERAL;;;0301010072;CONSULTA MEDICA EM ATENÇÃO ESPECIALIZADA;DOUGLAS ADRIANO BUENO ASSUNCAO;2008-11-24;MARIZETE BUENO IAGUCHESKI;706800283989323;10178550132;MASCULINO;672824724;4;20;31;12;52;R600;EDEMA LOCALIZADO 
2026-06-23 19:59:58;500769;SAO GABRIEL DO OESTE;7002084;UNIDADE DE SAUDE DA FAMILIA IX;500769;SAO GABRIEL DO OESTE;0;1;2026-06-11 09:02:02;0299008;CONSULTA EM CIRURGIA VASCULAR – GERAL;;;0301010072;CONSULTA MEDICA EM ATENÇÃO ESPECIALIZADA;ROSMINA BORJA JIMENEZ;1980-11-18;HERMELINDA JIMENEZ LEYGUE;702405044720221;71410509141;FEMININO;672781626;4;19;31;11;52;I83;VARIZES DOS MEMBROS INFERIORES
2026-06-23 19:59:58;500769;SAO GABRIEL DO OESTE;2591359;UNIDADE DE SAUDE DA FAMILIA V;500769;SAO GABRIEL DO OESTE;0;1;2026-06-10 17:30:10;0299008;CONSULTA EM CIRURGIA VASCULAR – GERAL;;;0301010072;CONSULTA MEDICA EM ATENÇÃO ESPECIALIZADA;AMANDA TEODORO HONORATO;2004-10-01;ROSANGELA TEODORO DE FREITAS;704007308080967;09830060160;FEMININO;672726580;4;18;31;10;52;M796;DOR EM MEMBRO 
2026-06-23 19:59:58;500769;SAO GABRIEL DO OESTE;2370999;UNIDADE DE SAUDE DA FAMILIA FENIX IV;500769;SAO GABRIEL DO OESTE;0;1;2026-06-10 15:12:30;0299008;CONSULTA EM CIRURGIA VASCULAR – GERAL;;;0301010072;CONSULTA MEDICA EM ATENÇÃO ESPECIALIZADA;MARISTELA DA PASCOAL FRANCA;1990-08-01;FATIMA TEREZINHA DA PASCOAL;700904979598990;03619232105;FEMININO;672675010;4;17;31;10;52;I84;HEMORROIDAS
2026-06-23 19:59:58;500769;SAO GABRIEL DO OESTE;2370999;UNIDADE DE SAUDE DA FAMILIA FENIX IV;500769;SAO GABRIEL DO OESTE;0;1;2026-06-10 14:18:07;0299008;CONSULTA EM CIRURGIA VASCULAR – GERAL;;;0301010072;CONSULTA MEDICA EM ATENÇÃO ESPECIALIZADA;SIMONIA DE FATIMA PEREIRA DA SILVA;1981-11-15;SANTA DE FATIMA PEREIRA DA SILVA;700403760033750;99937069149;FEMININO;672646557;4;16;31;9;52;Z000;EXAME MEDICO GERAL 
2026-06-23 19:59:58;500769;SAO GABRIEL DO OESTE;6452116;CENTRO DE ESPECIALIDADES MEDICAS;500769;SAO GABRIEL DO OESTE;0;1;2026-06-10 14:07:42;0299008;CONSULTA EM CIRURGIA VASCULAR – GERAL;;;0301010072;CONSULTA MEDICA EM ATENÇÃO ESPECIALIZADA;BEATRIZ DA SILVA RAMOS;1980-05-14;GLIMEIA DA SILVA RAMOS;700502972350154;10202531775;FEMININO;672641467;4;15;31;9;52;Z00;EXAME GERAL E INVESTIGACAO DE PESSOAS SEM QUEIXAS OU DIAGNOSTICO RELATADO
2026-06-23 19:59:58;500769;SAO GABRIEL DO OESTE;6452116;CENTRO DE ESPECIALIDADES MEDICAS;500769;SAO GABRIEL DO OESTE;0;1;2026-06-10 10:37:04;0299008;CONSULTA EM CIRURGIA VASCULAR – GERAL;;;0301010072;CONSULTA MEDICA EM ATENÇÃO ESPECIALIZADA;LEONIDIO TEODORO DA SILVA;1965-04-29;IRANI TEODORO DA SILVA;700007966646402;35731516120;MASCULINO;672554576;4;14;31;8;52;Z00;EXAME GERAL E INVESTIGACAO DE PESSOAS SEM QUEIXAS OU DIAGNOSTICO RELATADO
2026-06-23 19:59:58;500769;SAO GABRIEL DO OESTE;2370999;UNIDADE DE SAUDE DA FAMILIA FENIX IV;500769;SAO GABRIEL DO OESTE;0;1;2026-06-10 10:35:29;0299008;CONSULTA EM CIRURGIA VASCULAR – GERAL;;;0301010072;CONSULTA MEDICA EM ATENÇÃO ESPECIALIZADA;MARINA GONCALVES;1972-12-25;MARIA AMARO;700008932599801;86684701915;FEMININO;672553568;4;13;31;8;52;Z000;EXAME MEDICO GERAL 
2026-06-23 19:59:58;500769;SAO GABRIEL DO OESTE;6452116;CENTRO DE ESPECIALIDADES MEDICAS;500769;SAO GABRIEL DO OESTE;0;1;2026-06-10 10:04:03;0299008;CONSULTA EM CIRURGIA VASCULAR – GERAL;;;0301010072;CONSULTA MEDICA EM ATENÇÃO ESPECIALIZADA;MARIA JOSE DA SILVA BENTO;1983-08-15;CARMEM APARECIDA DA SILVA;704201738709987;00784499101;FEMININO;672532948;4;12;31;7;52;Z016;EXAME RADIOLOGICO NAO CLASSIFICADO EM OUTRA PARTE 
2026-06-23 19:59:58;500769;SAO GABRIEL DO OESTE;6452116;CENTRO DE ESPECIALIDADES MEDICAS;500769;SAO GABRIEL DO OESTE;0;1;2026-06-10 09:53:28;0299008;CONSULTA EM CIRURGIA VASCULAR – GERAL;;;0301010072;CONSULTA MEDICA EM ATENÇÃO ESPECIALIZADA;ELIANE GOTERRA;1966-12-16;ELZA ALBINO GOTERRA;708907758880314;35811889100;FEMININO;672526015;4;11;31;6;52;Z016;EXAME RADIOLOGICO NAO CLASSIFICADO EM OUTRA PARTE 
2026-06-23 19:59:58;500769;SAO GABRIEL DO OESTE;2370964;UNIDADE DE SAUDE DA FAMILIA III;500769;SAO GABRIEL DO OESTE;0;1;2026-06-10 08:46:29;0299008;CONSULTA EM CIRURGIA VASCULAR – GERAL;;;0301010072;CONSULTA MEDICA EM ATENÇÃO ESPECIALIZADA;VALDEMAR DE SOUZA;1972-04-25;MARIA DE LOURDES DE JESUS;704003396524761;71311467572;MASCULINO;672487200;4;10;31;6;52;R600;EDEMA LOCALIZADO 
2026-06-23 19:59:58;500769;SAO GABRIEL DO OESTE;7002084;UNIDADE DE SAUDE DA FAMILIA IX;500769;SAO GABRIEL DO OESTE;0;1;2026-06-09 10:50:39;0299008;CONSULTA EM CIRURGIA VASCULAR – GERAL;;;0301010072;CONSULTA MEDICA EM ATENÇÃO ESPECIALIZADA;MARIA JOSE DE SOUZA DOURADO;1950-02-18;MARIA ROMANA DE SOUZA;706305799730179;26682155875;FEMININO;672273582;4;9;31;5;52;I83;VARIZES DOS MEMBROS INFERIORES
2026-06-23 19:59:58;500769;SAO GABRIEL DO OESTE;5971055;UNIDADE DE SAUDE DA FAMILIA VIII;500769;SAO GABRIEL DO OESTE;0;1;2026-06-02 15:32:30;0299008;CONSULTA EM CIRURGIA VASCULAR – GERAL;;;0301010072;CONSULTA MEDICA EM ATENÇÃO ESPECIALIZADA;CECILIA DE SOUZA FREITAS;1987-08-19;EVA CONCEICAO DE SOUZA;709806039544598;01842813188;FEMININO;671390812;4;8;31;5;52;I83;VARIZES DOS MEMBROS INFERIORES
2026-06-23 19:59:58;500769;SAO GABRIEL DO OESTE;5971055;UNIDADE DE SAUDE DA FAMILIA VIII;500769;SAO GABRIEL DO OESTE;0;1;2026-06-02 15:08:21;0299008;CONSULTA EM CIRURGIA VASCULAR – GERAL;;;0301010072;CONSULTA MEDICA EM ATENÇÃO ESPECIALIZADA;ROBERTO DUTRA;1970-12-30;NAIR FRANCO;705406428621896;40809307120;MASCULINO;671378122;4;7;31;4;52;M796;DOR EM MEMBRO 
2026-06-23 19:59:58;500769;SAO GABRIEL DO OESTE;5971055;UNIDADE DE SAUDE DA FAMILIA VIII;500769;SAO GABRIEL DO OESTE;0;1;2026-05-29 09:00:23;0299008;CONSULTA EM CIRURGIA VASCULAR – GERAL;;;0301010072;CONSULTA MEDICA EM ATENÇÃO ESPECIALIZADA;SONIA RIOS DOS SANTOS;1971-09-27;UMBELINA RIOS DOS SANTOS;706209019755767;56960298172;FEMININO;670593891;4;6;31;3;52;I872;INSUFICIENCIA VENOSA (CRONICA) (PERIFERICA) 
2026-06-23 19:59:58;500769;SAO GABRIEL DO OESTE;2370999;UNIDADE DE SAUDE DA FAMILIA FENIX IV;500769;SAO GABRIEL DO OESTE;0;1;2026-06-17 16:26:24;0299008;CONSULTA EM CIRURGIA VASCULAR – GERAL;;;0301010072;CONSULTA MEDICA EM ATENÇÃO ESPECIALIZADA;PEDRO PAULO;1956-10-26;MARIA NUNES DOS SANTOS;700200481523920;40908836953;MASCULINO;674084535;3;5;31;3;52;I83;VARIZES DOS MEMBROS INFERIORES
2026-06-23 19:59:58;500769;SAO GABRIEL DO OESTE;7002084;UNIDADE DE SAUDE DA FAMILIA IX;500769;SAO GABRIEL DO OESTE;0;1;2026-06-15 09:34:23;0299008;CONSULTA EM CIRURGIA VASCULAR – GERAL;;;0301010072;CONSULTA MEDICA EM ATENÇÃO ESPECIALIZADA;JOSE RODRIGUES VIEIRA;1956-08-22;ABIGAIR DIAS VIEIRA;706803253897423;51950871134;MASCULINO;673331905;3;4;31;2;52;I739;DOENCAS VASCULARES PERIFERICAS NAO ESPECIFICADA 
2026-06-23 19:59:58;500769;SAO GABRIEL DO OESTE;3400964;UNIDADE DE SAUDE DA FAMILIA RURAL VII;500769;SAO GABRIEL DO OESTE;0;1;2026-06-12 16:02:40;0299008;CONSULTA EM CIRURGIA VASCULAR – GERAL;;;0301010072;CONSULTA MEDICA EM ATENÇÃO ESPECIALIZADA;ROSI MARIA ZANDOMENICHI;1968-05-25;ROSINA ZANDOMENICHI;700004282627403;66310873920;FEMININO;673216109;3;3;31;2;52;I830;VARIZES DOS MEMBROS INFERIORES COM ULCERA 
2026-06-23 19:59:58;500769;SAO GABRIEL DO OESTE;6452116;CENTRO DE ESPECIALIDADES MEDICAS;500769;SAO GABRIEL DO OESTE;0;1;2026-06-10 10:50:02;0299008;CONSULTA EM CIRURGIA VASCULAR – GERAL;;;0301010072;CONSULTA MEDICA EM ATENÇÃO ESPECIALIZADA;LEONTINA URBANO DA SILVA;1949-04-16;MARIA DA NATIVIDADE;703205659957495;00053123964;FEMININO;672562784;3;2;31;1;52;Z016;EXAME RADIOLOGICO NAO CLASSIFICADO EM OUTRA PARTE 
2026-06-23 19:59:58;500769;SAO GABRIEL DO OESTE;2370999;UNIDADE DE SAUDE DA FAMILIA FENIX IV;500769;SAO GABRIEL DO OESTE;0;1;2026-06-18 10:15:32;0299008;CONSULTA EM CIRURGIA VASCULAR – GERAL;;;0301010072;CONSULTA MEDICA EM ATENÇÃO ESPECIALIZADA;JOAO GONSALVES FILHO;1952-03-13;ANA LOPES DA SILVA;706903183924434;04126536132;MASCULINO;674194848;2;1;31;1;52;T131;FERIMENTO DE MEMBRO INFERIOR, NIVEL NAO ESPECIFICADO 
2026-06-23 19:59:58;500769;SAO GABRIEL DO OESTE;6452116;CENTRO DE ESPECIALIDADES MEDICAS;500769;SAO GABRIEL DO OESTE;0;1;2026-06-23 15:22:04;0299008;CONSULTA EM CIRURGIA VASCULAR – GERAL;;;0301010072;CONSULTA MEDICA EM ATENÇÃO ESPECIALIZADA;MARISA PIRES DE ANDRADE;1972-12-27;EVA HONORIA DE ALMEIDA ANDRADE;704002800230166;00097364258;FEMININO;675095273;4;58;31;34;52;Z00;EXAME GERAL E INVESTIGACAO DE PESSOAS SEM QUEIXAS OU DIAGNOSTICO RELATADO
2026-06-23 19:59:58;500769;SAO GABRIEL DO OESTE;6452116;CENTRO DE ESPECIALIDADES MEDICAS;500769;SAO GABRIEL DO OESTE;0;1;2026-06-23 15:03:26;0299008;CONSULTA EM CIRURGIA VASCULAR – GERAL;;;0301010072;CONSULTA MEDICA EM ATENÇÃO ESPECIALIZADA;RONILDA INACIO DE ARAUJO;1969-07-19;TEREZINHA ARAUJO DE OLIVEIRA;703403220888416;51951843134;FEMININO;675087174;4;57;31;33;52;Z00;EXAME GERAL E INVESTIGACAO DE PESSOAS SEM QUEIXAS OU DIAGNOSTICO RELATADO
2026-06-23 19:59:58;500769;SAO GABRIEL DO OESTE;3400964;UNIDADE DE SAUDE DA FAMILIA RURAL VII;500769;SAO GABRIEL DO OESTE;0;1;2026-06-23 14:52:52;0299008;CONSULTA EM CIRURGIA VASCULAR – GERAL;;;0301010072;CONSULTA MEDICA EM ATENÇÃO ESPECIALIZADA;ADEIR DE ALMEIDA GOMES;1975-08-11;OTAVIA DE ALMEIDA GOMES;702101733528091;00501099107;MASCULINO;675082580;4;56;31;33;52;I872;INSUFICIENCIA VENOSA (CRONICA) (PERIFERICA) 
2026-06-23 19:59:58;500769;SAO GABRIEL DO OESTE;6452116;CENTRO DE ESPECIALIDADES MEDICAS;500769;SAO GABRIEL DO OESTE;0;1;2026-06-23 11:44:56;0299008;CONSULTA EM CIRURGIA VASCULAR – GERAL;;;0301010072;CONSULTA MEDICA EM ATENÇÃO ESPECIALIZADA;ROSANGELA BAGIO RIQUETTI;1977-05-07;IVONE MASIERO BAGIO;704802545569844;71090231172;FEMININO;675022562;4;55;31;32;52;Z00;EXAME GERAL E INVESTIGACAO DE PESSOAS SEM QUEIXAS OU DIAGNOSTICO RELATADO
2026-06-23 19:59:58;500769;SAO GABRIEL DO OESTE;6452116;CENTRO DE ESPECIALIDADES MEDICAS;500769;SAO GABRIEL DO OESTE;0;1;2026-06-23 11:35:54;0299008;CONSULTA EM CIRURGIA VASCULAR – GERAL;;;0301010072;CONSULTA MEDICA EM ATENÇÃO ESPECIALIZADA;VALTER FERREIRA DE OLIVEIRA;1951-06-18;ANA FRANCISCA;700504181868052;25790765149;MASCULINO;675018754;4;54;31;31;52;Z00;EXAME GERAL E INVESTIGACAO DE PESSOAS SEM QUEIXAS OU DIAGNOSTICO RELATADO
2026-06-23 19:59:58;500769;SAO GABRIEL DO OESTE;2599376;UNIDADE DE SAUDE DA FAMILIA VI;500769;SAO GABRIEL DO OESTE;0;1;2026-06-23 10:49:26;0299008;CONSULTA EM CIRURGIA VASCULAR – GERAL;;;0301010072;CONSULTA MEDICA EM ATENÇÃO ESPECIALIZADA;RENE LENON COELHO VEIGA;1990-10-31;ANA MARCIA COELHO DE SOUZA;705003263836752;03419123108;MASCULINO;674995661;4;53;31;31;52;I872;INSUFICIENCIA VENOSA (CRONICA) (PERIFERICA) 
2026-06-23 19:59:58;500769;SAO GABRIEL DO OESTE;2599376;UNIDADE DE SAUDE DA FAMILIA VI;500769;SAO GABRIEL DO OESTE;0;1;2026-06-23 10:28:45;0299008;CONSULTA EM CIRURGIA VASCULAR – GERAL;;;0301010072;CONSULTA MEDICA EM ATENÇÃO ESPECIALIZADA;TALITA MICHELI DE FIGUEIREDO GUEDES;1994-09-18;ILMA FERNANDES DE FIGUEIREDO GUEDES;707404092554077;02783687194;FEMININO;674984194;4;52;31;30;52;I86;VARIZES DE OUTRAS LOCALIZACOES
2026-06-23 19:59:58;500769;SAO GABRIEL DO OESTE;2370972;UNIDADE DE SAUDE DA FAMILIA MILANE II;500769;SAO GABRIEL DO OESTE;0;1;2026-06-23 09:23:53;0299008;CONSULTA EM CIRURGIA VASCULAR – GERAL;;;0301010072;CONSULTA MEDICA EM ATENÇÃO ESPECIALIZADA;TACIANO BRAZ FONTANA;1973-05-06;CELIS TERESINHA FONTANA;700603464274968;60312190000;MASCULINO;674948158;4;51;31;30;52;I83;VARIZES DOS MEMBROS INFERIORES
2026-06-23 19:59:58;500769;SAO GABRIEL DO OESTE;7002084;UNIDADE DE SAUDE DA FAMILIA IX;500769;SAO GABRIEL DO OESTE;0;1;2026-06-23 09:05:02;0299008;CONSULTA EM CIRURGIA VASCULAR – GERAL;;;0301010072;CONSULTA MEDICA EM ATENÇÃO ESPECIALIZADA;ILSON PEREIRA DE SOUZA;1957-01-15;ODETE DE LIMA SOUZA;709608670736074;28478690930;MASCULINO;674938435;4;50;31;29;52;I83;VARIZES DOS MEMBROS INFERIORES
2026-06-23 19:59:58;500769;SAO GABRIEL DO OESTE;6452116;CENTRO DE ESPECIALIDADES MEDICAS;500769;SAO GABRIEL DO OESTE;0;1;2026-06-22 16:44:06;0299008;CONSULTA EM CIRURGIA VASCULAR – GERAL;;;0301010072;CONSULTA MEDICA EM ATENÇÃO ESPECIALIZADA;DENIR CHAGAS DOS SANTOS;1951-10-16;LEOPOLDINA MORAES DA SILVA;704201796720084;02681697131;FEMININO;674875119;4;49;31;28;52;Z00;EXAME GERAL E INVESTIGACAO DE PESSOAS SEM QUEIXAS OU DIAGNOSTICO RELATADO
2026-06-23 19:59:58;500769;SAO GABRIEL DO OESTE;6452116;CENTRO DE ESPECIALIDADES MEDICAS;500769;SAO GABRIEL DO OESTE;0;1;2026-06-22 14:14:47;0299008;CONSULTA EM CIRURGIA VASCULAR – GERAL;;;0301010072;CONSULTA MEDICA EM ATENÇÃO ESPECIALIZADA;LUZIA DA SILVA DOS SANTOS;1953-02-27;FLORISBELA ALVES DA SILVA;704200268159381;60979020182;FEMININO;674809847;4;48;31;28;52;Z00;EXAME GERAL E INVESTIGACAO DE PESSOAS SEM QUEIXAS OU DIAGNOSTICO RELATADO
2026-06-23 19:59:58;500769;SAO GABRIEL DO OESTE;7333218;UNIDADE DE SAUDE DA FAMILIA X;500769;SAO GABRIEL DO OESTE;0;1;2026-06-22 11:54:51;0299008;CONSULTA EM CIRURGIA VASCULAR – GERAL;;;0301010072;CONSULTA MEDICA EM ATENÇÃO ESPECIALIZADA;EVAIR DA SILVA RODRIGUES;1988-07-19;INACIA FRANCISCA DA SILVA;702802692679966;03865098169;MASCULINO;674768173;4;47;31;27;52;I802;FLEBITE E TROMBOFLEBITE DE OUTROS VASOS PROFUNDOS DOS MEMBROS INFERIORES 
2026-06-23 19:59:58;500769;SAO GABRIEL DO OESTE;6452116;CENTRO DE ESPECIALIDADES MEDICAS;500769;SAO GABRIEL DO OESTE;0;1;2026-06-22 08:19:24;0299008;CONSULTA EM CIRURGIA VASCULAR – GERAL;;;0301010072;CONSULTA MEDICA EM ATENÇÃO ESPECIALIZADA;TEREZINHA PAULINA WELTER;1959-03-03;MARINA MAYER;708207634704545;36714240015;FEMININO;674653054;4;46;31;27;52;Z00;EXAME GERAL E INVESTIGACAO DE PESSOAS SEM QUEIXAS OU DIAGNOSTICO RELATADO
2026-06-23 19:59:58;500769;SAO GABRIEL DO OESTE;6452116;CENTRO DE ESPECIALIDADES MEDICAS;500769;SAO GABRIEL DO OESTE;0;1;2026-06-22 07:27:48;0299008;CONSULTA EM CIRURGIA VASCULAR – GERAL;;;0301010072;CONSULTA MEDICA EM ATENÇÃO ESPECIALIZADA;SIRLEI ARBO BONES;1980-09-12;ADELAIDE BONES;701002859985096;00013305190;FEMININO;674639465;4;45;31;26;52;Z00;EXAME GERAL E INVESTIGACAO DE PESSOAS SEM QUEIXAS OU DIAGNOSTICO RELATADO
2026-06-23 19:59:58;500769;SAO GABRIEL DO OESTE;6452116;CENTRO DE ESPECIALIDADES MEDICAS;500769;SAO GABRIEL DO OESTE;0;1;2026-06-19 08:53:13;0299008;CONSULTA EM CIRURGIA VASCULAR – GERAL;;;0301010072;CONSULTA MEDICA EM ATENÇÃO ESPECIALIZADA;IRAN AVELAR DA COSTA;1978-05-05;LUCILA AVELAR DA COSTA;706503341741797;84955007104;MASCULINO;674415249;4;44;31;26;52;Z016;EXAME RADIOLOGICO NAO CLASSIFICADO EM OUTRA PARTE 
2026-06-23 19:59:58;500769;SAO GABRIEL DO OESTE;6452116;CENTRO DE ESPECIALIDADES MEDICAS;500769;SAO GABRIEL DO OESTE;0;1;2026-06-18 10:01:21;0299008;CONSULTA EM CIRURGIA VASCULAR – GERAL;;;0301010072;CONSULTA MEDICA EM ATENÇÃO ESPECIALIZADA;JOSENI BARBOSA DE ASSIS;1969-11-13;ILDA BARBOSA DE OLIVEIRA;700506525888352;77314271100;FEMININO;674185973;4;43;31;25;52;Z00;EXAME GERAL E INVESTIGACAO DE PESSOAS SEM QUEIXAS OU DIAGNOSTICO RELATADO
2026-06-23 19:59:58;500769;SAO GABRIEL DO OESTE;6452116;CENTRO DE ESPECIALIDADES MEDICAS;500769;SAO GABRIEL DO OESTE;0;1;2026-06-18 09:57:23;0299008;CONSULTA EM CIRURGIA VASCULAR – GERAL;;;0301010072;CONSULTA MEDICA EM ATENÇÃO ESPECIALIZADA;PAULO JOSE BENACHIO;1965-10-05;ANA GILIOLI BENACHIO;702007392952987;32264216115;MASCULINO;674183624;4;42;31;24;52;Z016;EXAME RADIOLOGICO NAO CLASSIFICADO EM OUTRA PARTE 
2026-06-23 19:59:58;500769;SAO GABRIEL DO OESTE;6452116;CENTRO DE ESPECIALIDADES MEDICAS;500769;SAO GABRIEL DO OESTE;0;1;2026-06-17 11:46:52;0299008;CONSULTA EM CIRURGIA VASCULAR – GERAL;;;0301010072;CONSULTA MEDICA EM ATENÇÃO ESPECIALIZADA;VIRGINIA JESUINA DE FREITAS BRAGA;1944-02-10;ELVIRA JESUINA DE FREITAS DA SILVA;702006855145087;02787009182;FEMININO;673983556;4;41;31;24;52;Z016;EXAME RADIOLOGICO NAO CLASSIFICADO EM OUTRA PARTE 
2026-06-23 19:59:58;500769;SAO GABRIEL DO OESTE;6452116;CENTRO DE ESPECIALIDADES MEDICAS;500769;SAO GABRIEL DO OESTE;0;1;2026-06-17 09:32:31;0299008;CONSULTA EM CIRURGIA VASCULAR – GERAL;;;0301010072;CONSULTA MEDICA EM ATENÇÃO ESPECIALIZADA;VALDREIA APARECIDA NEVES;1982-04-18;EVANI VASCO;708607052539181;97653527191;FEMININO;673905003;4;40;31;23;52;Z00;EXAME GERAL E INVESTIGACAO DE PESSOAS SEM QUEIXAS OU DIAGNOSTICO RELATADO
2026-06-23 19:59:58;500769;SAO GABRIEL DO OESTE;6452116;CENTRO DE ESPECIALIDADES MEDICAS;500769;SAO GABRIEL DO OESTE;0;1;2026-06-17 09:31:30;0299008;CONSULTA EM CIRURGIA VASCULAR – GERAL;;;0301010072;CONSULTA MEDICA EM ATENÇÃO ESPECIALIZADA;EVANI VESCO;1962-05-14;VALERIA VESCO;700606445486060;75428784920;FEMININO;673904383;4;39;31;23;52;Z00;EXAME GERAL E INVESTIGACAO DE PESSOAS SEM QUEIXAS OU DIAGNOSTICO RELATADO
2026-06-23 19:59:58;500769;SAO GABRIEL DO OESTE;6452116;CENTRO DE ESPECIALIDADES MEDICAS;500769;SAO GABRIEL DO OESTE;0;1;2026-06-17 09:27:52;0299008;CONSULTA EM CIRURGIA VASCULAR – GERAL;;;0301010072;CONSULTA MEDICA EM ATENÇÃO ESPECIALIZADA;LUIZ CARLOS MORONA;1955-09-28;OLGA MORONA;700003046900702;34570420982;MASCULINO;673902266;4;38;31;22;52;Z00;EXAME GERAL E INVESTIGACAO DE PESSOAS SEM QUEIXAS OU DIAGNOSTICO RELATADO
2026-06-23 19:59:58;500769;SAO GABRIEL DO OESTE;6452116;CENTRO DE ESPECIALIDADES MEDICAS;500769;SAO GABRIEL DO OESTE;0;1;2026-06-17 08:26:57;0299008;CONSULTA EM CIRURGIA VASCULAR – GERAL;;;0301010072;CONSULTA MEDICA EM ATENÇÃO ESPECIALIZADA;SERGIO DA SILVA;1950-03-14;MARIA FERREIRA DA SILVA;706305700963370;14276747104;MASCULINO;673868628;4;37;31;21;52;Z00;EXAME GERAL E INVESTIGACAO DE PESSOAS SEM QUEIXAS OU DIAGNOSTICO RELATADO
2026-06-23 19:59:58;500769;SAO GABRIEL DO OESTE;6452116;CENTRO DE ESPECIALIDADES MEDICAS;500769;SAO GABRIEL DO OESTE;0;1;2026-06-16 09:34:17;0299008;CONSULTA EM CIRURGIA VASCULAR – GERAL;;;0301010072;CONSULTA MEDICA EM ATENÇÃO ESPECIALIZADA;ERLANDIA FERREIRA GOMES DE OLIVEIRA;1983-03-14;MARIA ELIZETE FERREIRA GOMES;703409230661916;87999536253;FEMININO;673620074;4;36;31;21;52;Z00;EXAME GERAL E INVESTIGACAO DE PESSOAS SEM QUEIXAS OU DIAGNOSTICO RELATADO
2026-06-23 19:59:58;500769;SAO GABRIEL DO OESTE;7002084;UNIDADE DE SAUDE DA FAMILIA IX;500769;SAO GABRIEL DO OESTE;0;1;2026-06-16 09:23:15;0299008;CONSULTA EM CIRURGIA VASCULAR – GERAL;;;0301010072;CONSULTA MEDICA EM ATENÇÃO ESPECIALIZADA;GILDEANY ANDRADE DOS SANTOS;2003-03-31;GILDETE VIEIRA ANDRADE;708407745224264;17792693406;FEMININO;673613086;4;35;31;20;52;I83;VARIZES DOS MEMBROS INFERIORES
2026-06-23 19:59:58;500769;SAO GABRIEL DO OESTE;6452116;CENTRO DE ESPECIALIDADES MEDICAS;500769;SAO GABRIEL DO OESTE;0;1;2026-06-15 16:35:40;0299008;CONSULTA EM CIRURGIA VASCULAR – GERAL;;;0301010072;CONSULTA MEDICA EM ATENÇÃO ESPECIALIZADA;MARINES MOREIRA DE MOURA KOPP;1964-02-19;MARIA DAS DORES DE MOURA;700907979256197;96681861172;FEMININO;673528259;4;34;31;20;52;Z016;EXAME RADIOLOGICO NAO CLASSIFICADO EM OUTRA PARTE 
2026-06-23 19:59:58;500769;SAO GABRIEL DO OESTE;2370964;UNIDADE DE SAUDE DA FAMILIA III;500769;SAO GABRIEL DO OESTE;0;1;2026-06-15 16:20:33;0299008;CONSULTA EM CIRURGIA VASCULAR – GERAL;;;0301010072;CONSULTA MEDICA EM ATENÇÃO ESPECIALIZADA;NILZA ZORRILHA NEUVALD;1971-05-26;BRANDINA DE FREITAS ZORRILHA;707804620067118;55495990153;FEMININO;673522319;4;33;31;19;52;I839;VARIZES DOS MEMBROS INFERIORES SEM ULCERA OU INFLAMACAO 
2026-06-23 19:59:58;500769;SAO GABRIEL DO OESTE;6452116;CENTRO DE ESPECIALIDADES MEDICAS;500769;SAO GABRIEL DO OESTE;0;1;2026-06-15 13:34:26;0299008;CONSULTA EM CIRURGIA VASCULAR – GERAL;;;0301010072;CONSULTA MEDICA EM ATENÇÃO ESPECIALIZADA;SANTINA ELSA VIEDA BOMBIERI;1953-01-11;CLARINDA CORREA DA ROSA;706800719060423;66933331920;FEMININO;673444957;4;32;31;19;52;Z00;EXAME GERAL E INVESTIGACAO DE PESSOAS SEM QUEIXAS OU DIAGNOSTICO RELATADO
2026-06-23 19:59:58;500769;SAO GABRIEL DO OESTE;6452116;CENTRO DE ESPECIALIDADES MEDICAS;500769;SAO GABRIEL DO OESTE;0;1;2026-06-15 10:39:24;0299008;CONSULTA EM CIRURGIA VASCULAR – GERAL;;;0301010072;CONSULTA MEDICA EM ATENÇÃO ESPECIALIZADA;LURDES FONTANA RIQUETTI;1953-05-21;TEREZA ARTUSO FONTANA;704609682200123;94034494115;FEMININO;673373817;4;31;31;18;52;Z016;EXAME RADIOLOGICO NAO CLASSIFICADO EM OUTRA PARTE 
2026-06-23 19:59:58;500769;SAO GABRIEL DO OESTE;6452116;CENTRO DE ESPECIALIDADES MEDICAS;500769;SAO GABRIEL DO OESTE;0;1;2026-06-15 10:00:18;0299008;CONSULTA EM CIRURGIA VASCULAR – GERAL;;;0301010072;CONSULTA MEDICA EM ATENÇÃO ESPECIALIZADA;ASSUNCAO ALEM;1956-08-15;FELIPA MACHADO;709204232667934;62588788815;FEMININO;673348453;4;30;31;17;52;Z016;EXAME RADIOLOGICO NAO CLASSIFICADO EM OUTRA PARTE 
2026-06-23 19:59:58;500769;SAO GABRIEL DO OESTE;6452116;CENTRO DE ESPECIALIDADES MEDICAS;500769;SAO GABRIEL DO OESTE;0;1;2026-06-15 09:48:10;0299008;CONSULTA EM CIRURGIA VASCULAR – GERAL;;;0301010072;CONSULTA MEDICA EM ATENÇÃO ESPECIALIZADA;JOSEANE FASSINI SOETHE;1978-08-06;ZENI MORAES FASSINI;703601017471332;94119910172;FEMININO;673340541;4;29;31;17;52;Z016;EXAME RADIOLOGICO NAO CLASSIFICADO EM OUTRA PARTE 
2026-06-23 19:59:58;500769;SAO GABRIEL DO OESTE;2370972;UNIDADE DE SAUDE DA FAMILIA MILANE II;500769;SAO GABRIEL DO OESTE;0;1;2026-06-15 09:10:25;0299008;CONSULTA EM CIRURGIA VASCULAR – GERAL;;;0301010072;CONSULTA MEDICA EM ATENÇÃO ESPECIALIZADA;ELIANA PEREIRA DUARTE;1952-03-16;ANA PEREIRA DUARTE;705807495740033;77263553104;FEMININO;673317296;4;28;31;16;52;I83;VARIZES DOS MEMBROS INFERIORES
2026-06-23 19:59:58;500769;SAO GABRIEL DO OESTE;6452116;CENTRO DE ESPECIALIDADES MEDICAS;500769;SAO GABRIEL DO OESTE;0;1;2026-06-12 14:44:50;0299008;CONSULTA EM CIRURGIA VASCULAR – GERAL;;;0301010072;CONSULTA MEDICA EM ATENÇÃO ESPECIALIZADA;DELIRIA RAMOS DE AMORIM;1970-08-13;SEBASTIANA RAMOS DO PRADO;708103581335831;48942405134;FEMININO;673186704;4;27;31;16;52;Z016;EXAME RADIOLOGICO NAO CLASSIFICADO EM OUTRA PARTE 
2026-06-23 19:59:58;500769;SAO GABRIEL DO OESTE;6452116;CENTRO DE ESPECIALIDADES MEDICAS;500769;SAO GABRIEL DO OESTE;0;1;2026-06-12 11:10:01;0299008;CONSULTA EM CIRURGIA VASCULAR – GERAL;;;0301010072;CONSULTA MEDICA EM ATENÇÃO ESPECIALIZADA;ROSALINA MALAQUIAS NUNES;1978-01-07;APARECIDA COSTA NUNES;700403459804549;36113725871;FEMININO;673119115;4;26;31;15;52;Z016;EXAME RADIOLOGICO NAO CLASSIFICADO EM OUTRA PARTE 
2026-06-23 19:59:58;500769;SAO GABRIEL DO OESTE;6452116;CENTRO DE ESPECIALIDADES MEDICAS;500769;SAO GABRIEL DO OESTE;0;1;2026-06-12 09:53:12;0299008;CONSULTA EM CIRURGIA VASCULAR – GERAL;;;0301010072;CONSULTA MEDICA EM ATENÇÃO ESPECIALIZADA;JOSE LINO VAZ;1943-03-07;MARIA FLORINDA DE JESUS;704802593941642;00695212800;MASCULINO;673078087;4;25;31;15;52;Z00;EXAME GERAL E INVESTIGACAO DE PESSOAS SEM QUEIXAS OU DIAGNOSTICO RELATADO
2026-06-23 19:59:58;500769;SAO GABRIEL DO OESTE;2370980;UNIDADE DE SAUDE DA FAMILIA JARDIM GRAMADO I;500769;SAO GABRIEL DO OESTE;0;1;2026-06-12 09:22:51;0299008;CONSULTA EM CIRURGIA VASCULAR – GERAL;;;0301010072;CONSULTA MEDICA EM ATENÇÃO ESPECIALIZADA;ADRIANA LEMES LARA;1981-06-11;CATARINA VERGINIA LEMES LARA;704105175774073;97263567172;FEMININO;673062136;4;24;31;14;52;I83;VARIZES DOS MEMBROS INFERIORES
2026-06-23 19:59:58;500769;SAO GABRIEL DO OESTE;6452116;CENTRO DE ESPECIALIDADES MEDICAS;500769;SAO GABRIEL DO OESTE;0;1;2026-06-11 16:09:28;0299008;CONSULTA EM CIRURGIA VASCULAR – GERAL;;;0301010072;CONSULTA MEDICA EM ATENÇÃO ESPECIALIZADA;MARIA CATARINA HELPS;1950-12-01;SATURNINA VITORIA DA SILVA;708108510634032;63887517172;FEMININO;672979827;4;23;31;13;52;Z00;EXAME GERAL E INVESTIGACAO DE PESSOAS SEM QUEIXAS OU DIAGNOSTICO RELATADO
2026-06-23 19:59:58;500769;SAO GABRIEL DO OESTE;2370999;UNIDADE DE SAUDE DA FAMILIA FENIX IV;500769;SAO GABRIEL DO OESTE;0;1;2026-06-11 15:34:47;0299008;CONSULTA EM CIRURGIA VASCULAR – GERAL;;;0301010072;CONSULTA MEDICA EM ATENÇÃO ESPECIALIZADA;TERESINHA GOMES DE OLIVEIRA;1966-03-21;ANTONIA GOMES DE OLIVEIRA;702109728873697;47889594453;FEMININO;672964683;4;22;31;13;52;Z000;EXAME MEDICO GERAL 
2026-06-23 19:59:58;500769;SAO GABRIEL DO OESTE;6452116;CENTRO DE ESPECIALIDADES MEDICAS;500769;SAO GABRIEL DO OESTE;0;1;2026-06-11 10:49:31;0299008;CONSULTA EM CIRURGIA VASCULAR – GERAL;;;0301010072;CONSULTA MEDICA EM ATENÇÃO ESPECIALIZADA;MARIA MAITE DOS SANTOS LIMA;2022-05-15;MARIA LUANA DOS SANTOS;702102765766096;12437542302;FEMININO;672847820;4;21;31;12;52;Z016;EXAME RADIOLOGICO NAO CLASSIFICADO EM OUTRA PARTE 
2026-06-23 19:59:58;500769;SAO GABRIEL DO OESTE;6452116;CENTRO DE ESPECIALIDADES MEDICAS;500769;SAO GABRIEL DO OESTE;0;1;2026-06-22 15:19:09;0320174;CONSULTA EM PNEUMOLOGIA - GERAL;;;0301010072;CONSULTA MEDICA EM ATENÇÃO ESPECIALIZADA;VILMA FREITAS DE OLIVEIRA;1950-12-17;CELINA FREITAS DE OLIVEIRA;702600768874047;44688148100;FEMININO;674839658;4;9;28;7;38;Z016;EXAME RADIOLOGICO NAO CLASSIFICADO EM OUTRA PARTE 
2026-06-23 19:59:58;500769;SAO GABRIEL DO OESTE;6452116;CENTRO DE ESPECIALIDADES MEDICAS;500769;SAO GABRIEL DO OESTE;0;1;2026-06-22 10:43:44;0320174;CONSULTA EM PNEUMOLOGIA - GERAL;;;0301010072;CONSULTA MEDICA EM ATENÇÃO ESPECIALIZADA;SEBASTIAO JULIO ROSA;1958-09-08;LEONOR JULIO ROSA;706409684611382;13985914168;MASCULINO;674731427;4;8;28;6;38;Z00;EXAME GERAL E INVESTIGACAO DE PESSOAS SEM QUEIXAS OU DIAGNOSTICO RELATADO
2026-06-23 19:59:58;500769;SAO GABRIEL DO OESTE;2599376;UNIDADE DE SAUDE DA FAMILIA VI;500769;SAO GABRIEL DO OESTE;0;1;2026-06-22 10:32:06;0320174;CONSULTA EM PNEUMOLOGIA - GERAL;;;0301010072;CONSULTA MEDICA EM ATENÇÃO ESPECIALIZADA;ROSIMAR FRANCISCO DO NASCIMENTO;1974-11-05;GERALDA CARDOSO DA CRUZ;708004341248529;98212184153;FEMININO;674724356;4;7;28;6;38;G40;EPILEPSIA
2026-06-23 19:59:58;500769;SAO GABRIEL DO OESTE;2370980;UNIDADE DE SAUDE DA FAMILIA JARDIM GRAMADO I;500769;SAO GABRIEL DO OESTE;0;1;2026-06-16 15:08:54;0320174;CONSULTA EM PNEUMOLOGIA - GERAL;;;0301010072;CONSULTA MEDICA EM ATENÇÃO ESPECIALIZADA;EDSON DE OLIVEIRA DE DEUS;1975-10-06;MARIA DE OLIVEIRA DE DEUS;705206457436971;;MASCULINO;673777830;4;6;28;5;38;J449;DOENCA PULMONAR OBSTRUTIVA CRONICA NAO ESPECIFICADA 
2026-06-23 19:59:58;500769;SAO GABRIEL DO OESTE;3400964;UNIDADE DE SAUDE DA FAMILIA RURAL VII;500769;SAO GABRIEL DO OESTE;0;1;2026-06-16 14:43:21;0320174;CONSULTA EM PNEUMOLOGIA - GERAL;;;0301010072;CONSULTA MEDICA EM ATENÇÃO ESPECIALIZADA;EDGAR CANDIDO PEREIRA;1954-10-21;AURIDES PEREIRA DA SILVA;706201564404465;20308671104;MASCULINO;673764580;4;5;28;4;38;G473;APNEIA DE SONO 
2026-06-23 19:59:58;500769;SAO GABRIEL DO OESTE;3400964;UNIDADE DE SAUDE DA FAMILIA RURAL VII;500769;SAO GABRIEL DO OESTE;0;1;2026-06-16 14:39:55;0320174;CONSULTA EM PNEUMOLOGIA - GERAL;;;0301010072;CONSULTA MEDICA EM ATENÇÃO ESPECIALIZADA;ELIO ALENCAR LIMA;1940-08-13;MARIA CARMELITA DE ALENCAR;702109796208490;05142890159;MASCULINO;673762801;4;4;28;3;38;Z000;EXAME MEDICO GERAL 
2026-06-23 19:59:58;500769;SAO GABRIEL DO OESTE;2370972;UNIDADE DE SAUDE DA FAMILIA MILANE II;500769;SAO GABRIEL DO OESTE;0;1;2026-06-16 10:41:26;0320174;CONSULTA EM PNEUMOLOGIA - GERAL;;;0301010072;CONSULTA MEDICA EM ATENÇÃO ESPECIALIZADA;ANDRIELLY MOURA DE SOUZA;1995-04-03;ALESSANDRA NUNES MOURA;704800574750649;06837516116;FEMININO;673662626;4;3;28;2;38;J45;ASMA
2026-06-23 19:59:58;500769;SAO GABRIEL DO OESTE;7002084;UNIDADE DE SAUDE DA FAMILIA IX;500769;SAO GABRIEL DO OESTE;0;1;2026-06-16 10:30:25;0320174;CONSULTA EM PNEUMOLOGIA - GERAL;;;0301010072;CONSULTA MEDICA EM ATENÇÃO ESPECIALIZADA;MIGUEL ALUIZIO ALMEIDA DE SOUZA;2014-07-02;ADALGISA MARIA ALMEIDA DA SILVA;702301580485020;07455355181;MASCULINO;673655963;4;2;28;2;38;J45;ASMA
2026-06-23 19:59:58;500769;SAO GABRIEL DO OESTE;6452116;CENTRO DE ESPECIALIDADES MEDICAS;500769;SAO GABRIEL DO OESTE;0;1;2026-06-16 09:05:27;0320174;CONSULTA EM PNEUMOLOGIA - GERAL;;;0301010072;CONSULTA MEDICA EM ATENÇÃO ESPECIALIZADA;APARECIDA BERNARDO DA SILVA;1962-09-30;CARLINDA FERREIRA;702603224663540;81732880115;FEMININO;673602246;4;1;28;1;38;Z016;EXAME RADIOLOGICO NAO CLASSIFICADO EM OUTRA PARTE 
2026-06-23 19:59:58;500769;SAO GABRIEL DO OESTE;5971055;UNIDADE DE SAUDE DA FAMILIA VIII;500769;SAO GABRIEL DO OESTE;1;1;2026-06-08 09:10:28;0505002;MONITORIZACAO AMBULATORIAL DE PRESSAO ARTERIAL (M.A.P.A);;;0211020052;MONITORIZACAO AMBULATORIAL DE PRESSAO ARTERIAL (M.A.P.A);LEOCLIDES RODRIGUES DA SILVA;1966-06-13;MARIA ANTONIA RODRIGUES DA SILVA;706708597733516;76744930168;MASCULINO;671909302;4;1;7;1;31;Z136;EXAME ESPECIAL DE RASTREAMENTO DE DOENCAS CARDIOVASCULARES 
2026-06-23 19:59:58;500769;SAO GABRIEL DO OESTE;6354265;CENTRAL DE REGULACAO DE SAO GABRIEL DO OESTE;500769;SAO GABRIEL DO OESTE;1;1;2026-04-21 09:01:41;0601000;ELETRONEUROMIOGRAFIA - MEMBROS SUPERIORES (MSD/MSE);0601000;GRUPO - ELETRONEUROMIOGRAFIA;0211050083;ELETRONEUROMIOGRAMA (ENMG);LAUDILENE VALERIO DE ARRUDA SILVA;1969-11-27;ANAMIM VALERIO DE ARRUDA;701009897574991;75440423400;FEMININO;663093082;4;11;25;330;1;G560;SINDROME DO TUNEL DO CARPO 
2026-06-23 19:59:58;500769;SAO GABRIEL DO OESTE;6354265;CENTRAL DE REGULACAO DE SAO GABRIEL DO OESTE;500769;SAO GABRIEL DO OESTE;1;1;2026-04-21 08:58:54;0601000;ELETRONEUROMIOGRAFIA - MEMBROS SUPERIORES (MSD/MSE);0601000;GRUPO - ELETRONEUROMIOGRAFIA;0211050083;ELETRONEUROMIOGRAMA (ENMG);APARECIDA LEONDRINO;1979-01-20;TEREZA VITALINA LEONDRINO;706000327981346;05138564129;FEMININO;663093024;4;9;25;270;1;G560;SINDROME DO TUNEL DO CARPO 
2026-06-23 19:59:58;500769;SAO GABRIEL DO OESTE;6354265;CENTRAL DE REGULACAO DE SAO GABRIEL DO OESTE;500769;SAO GABRIEL DO OESTE;1;1;2026-04-21 08:49:19;0601000;ELETRONEUROMIOGRAFIA - MEMBROS SUPERIORES (MSD/MSE);0601000;GRUPO - ELETRONEUROMIOGRAFIA;0211050083;ELETRONEUROMIOGRAMA (ENMG);ANA PAULA DOS SANTOS;1985-11-07;JULIA SILMARA DOS SANTOS;700003029460503;73856231153;FEMININO;663092888;4;5;25;150;1;G560;SINDROME DO TUNEL DO CARPO 
2026-06-23 19:59:58;500769;SAO GABRIEL DO OESTE;6354265;CENTRAL DE REGULACAO DE SAO GABRIEL DO OESTE;500769;SAO GABRIEL DO OESTE;1;1;2026-04-21 08:38:59;0601000;ELETRONEUROMIOGRAFIA - MEMBROS SUPERIORES (MSD/MSE);0601000;GRUPO - ELETRONEUROMIOGRAFIA;0211050083;ELETRONEUROMIOGRAMA (ENMG);JOCIMARA MARIA DE OLIVEIRA;1981-07-21;ALICE MONTEIRO DE OLIVEIRA;706701591952716;02279090112;FEMININO;663092767;4;2;25;60;1;R10;DOR ABDOMINAL E PELVICA
2026-06-23 19:59:58;500769;SAO GABRIEL DO OESTE;6354265;CENTRAL DE REGULACAO DE SAO GABRIEL DO OESTE;500769;SAO GABRIEL DO OESTE;1;1;2026-04-21 11:27:53;0601000;ELETRONEUROMIOGRAFIA - MEMBROS SUPERIORES (MSD/MSE);0601000;GRUPO - ELETRONEUROMIOGRAFIA;0211050083;ELETRONEUROMIOGRAMA (ENMG);YARA QUEIROZ SILVA DE SOUZA;1978-05-15;EVA HELENA QUEIROZ SILVA DE SOUZA;702406326670230;81880340100;FEMININO;663095649;4;67;25;2010;1;G560;SINDROME DO TUNEL DO CARPO 
2026-06-23 19:59:58;500769;SAO GABRIEL DO OESTE;6354265;CENTRAL DE REGULACAO DE SAO GABRIEL DO OESTE;500769;SAO GABRIEL DO OESTE;1;1;2026-04-21 11:26:31;0601000;ELETRONEUROMIOGRAFIA - MEMBROS SUPERIORES (MSD/MSE);0601000;GRUPO - ELETRONEUROMIOGRAFIA;0211050083;ELETRONEUROMIOGRAMA (ENMG);HELOISA MESQUITA VILHALVA;1971-02-07;MARIA MESQUITA VILHALVA;705102490247470;52561720187;FEMININO;663095625;4;66;25;1980;1;G560;SINDROME DO TUNEL DO CARPO 
2026-06-23 19:59:58;500769;SAO GABRIEL DO OESTE;6354265;CENTRAL DE REGULACAO DE SAO GABRIEL DO OESTE;500769;SAO GABRIEL DO OESTE;1;1;2026-04-21 11:21:19;0601000;ELETRONEUROMIOGRAFIA - MEMBROS SUPERIORES (MSD/MSE);0601000;GRUPO - ELETRONEUROMIOGRAFIA;0211050083;ELETRONEUROMIOGRAMA (ENMG);GELSA MARIA DIAS;1983-07-21;GILDA MARIA DE JESUS DIAS;700005479484502;97004243168;FEMININO;663095509;4;63;25;1890;1;G560;SINDROME DO TUNEL DO CARPO 
2026-06-23 19:59:58;500769;SAO GABRIEL DO OESTE;6354265;CENTRAL DE REGULACAO DE SAO GABRIEL DO OESTE;500769;SAO GABRIEL DO OESTE;1;1;2026-04-21 11:15:12;0601000;ELETRONEUROMIOGRAFIA - MEMBROS SUPERIORES (MSD/MSE);0601000;GRUPO - ELETRONEUROMIOGRAFIA;0211050083;ELETRONEUROMIOGRAMA (ENMG);DIEGO ROGER MUNHOS;1987-01-30;LOURDES MUNHOS TOME;701404608669132;00540844152;MASCULINO;663095358;4;62;25;1860;1;M146;ARTROPATIA NEUROPATICA 
2026-06-23 19:59:58;500769;SAO GABRIEL DO OESTE;6354265;CENTRAL DE REGULACAO DE SAO GABRIEL DO OESTE;500769;SAO GABRIEL DO OESTE;1;1;2026-04-21 11:03:49;0601000;ELETRONEUROMIOGRAFIA - MEMBROS SUPERIORES (MSD/MSE);0601000;GRUPO - ELETRONEUROMIOGRAFIA;0211050083;ELETRONEUROMIOGRAMA (ENMG);ORALDO NUNES MARQUES;1963-05-21;NEUSA NUNES MARQUES;703000839484576;44855800163;MASCULINO;663095156;4;58;25;1740;1;G560;SINDROME DO TUNEL DO CARPO 
2026-06-23 19:59:58;500769;SAO GABRIEL DO OESTE;6354265;CENTRAL DE REGULACAO DE SAO GABRIEL DO OESTE;500769;SAO GABRIEL DO OESTE;1;1;2026-04-21 11:01:27;0601000;ELETRONEUROMIOGRAFIA - MEMBROS SUPERIORES (MSD/MSE);0601000;GRUPO - ELETRONEUROMIOGRAFIA;0211050083;ELETRONEUROMIOGRAMA (ENMG);OLGA LARSON DE ARAUJO;1968-07-30;ILZA LARSON DE ARAUJO;700607904564067;40782409172;FEMININO;663095096;4;56;25;1680;1;G560;SINDROME DO TUNEL DO CARPO 
2026-06-23 19:59:58;500769;SAO GABRIEL DO OESTE;6354265;CENTRAL DE REGULACAO DE SAO GABRIEL DO OESTE;500769;SAO GABRIEL DO OESTE;1;1;2026-04-21 10:59:33;0601000;ELETRONEUROMIOGRAFIA - MEMBROS SUPERIORES (MSD/MSE);0601000;GRUPO - ELETRONEUROMIOGRAFIA;0211050083;ELETRONEUROMIOGRAMA (ENMG);NADIR DE FATIMA DA SILVA NARCISO;1976-06-15;JOSEFA DA SILVA NARCISO;702801150454168;92606377168;FEMININO;663095040;4;54;25;1620;1;M542;CERVICALGIA 
2026-06-23 19:59:58;500769;SAO GABRIEL DO OESTE;6354265;CENTRAL DE REGULACAO DE SAO GABRIEL DO OESTE;500769;SAO GABRIEL DO OESTE;1;1;2026-04-21 10:58:00;0601000;ELETRONEUROMIOGRAFIA - MEMBROS SUPERIORES (MSD/MSE);0601000;GRUPO - ELETRONEUROMIOGRAFIA;0211050083;ELETRONEUROMIOGRAMA (ENMG);FRANCINEIDE SILVA DE SOUZA OLIVEIRA;1973-04-21;FRANCISCA ANA DA SILVA;704806530113347;79857027172;FEMININO;663094996;4;53;25;1590;1;G560;SINDROME DO TUNEL DO CARPO 
2026-06-23 19:59:58;500769;SAO GABRIEL DO OESTE;6354265;CENTRAL DE REGULACAO DE SAO GABRIEL DO OESTE;500769;SAO GABRIEL DO OESTE;1;1;2026-04-21 10:56:35;0601000;ELETRONEUROMIOGRAFIA - MEMBROS SUPERIORES (MSD/MSE);0601000;GRUPO - ELETRONEUROMIOGRAFIA;0211050083;ELETRONEUROMIOGRAMA (ENMG);NIVALDO GOMES DE ARRUDA;1957-07-04;OLIBIA GOMES DE ARRUDA;704607100071927;20060521104;MASCULINO;663094957;4;52;25;1560;1;S06;TRAUMATISMO INTRACRANIANO
2026-06-23 19:59:58;500769;SAO GABRIEL DO OESTE;6354265;CENTRAL DE REGULACAO DE SAO GABRIEL DO OESTE;500769;SAO GABRIEL DO OESTE;1;1;2026-04-21 10:54:42;0601000;ELETRONEUROMIOGRAFIA - MEMBROS SUPERIORES (MSD/MSE);0601000;GRUPO - ELETRONEUROMIOGRAFIA;0211050083;ELETRONEUROMIOGRAMA (ENMG);EDIVANJA BORGES XAVIER DA MATA;1982-10-01;MARIA BARBOSA BORGES XAVIER;708201606771149;02059767199;FEMININO;663094918;4;50;25;1500;1;M513;OUTRA DEGENERACAO ESPECIFICADA DE DISCO INTERVERTEBRAL 
2026-06-23 19:59:58;500769;SAO GABRIEL DO OESTE;6354265;CENTRAL DE REGULACAO DE SAO GABRIEL DO OESTE;500769;SAO GABRIEL DO OESTE;1;1;2026-04-21 10:39:29;0601000;ELETRONEUROMIOGRAFIA - MEMBROS SUPERIORES (MSD/MSE);0601000;GRUPO - ELETRONEUROMIOGRAFIA;0211050083;ELETRONEUROMIOGRAMA (ENMG);EUGENIA DE OLIVEIRA MATIAS;1949-06-06;LAZARA CAMILO DE OLIVEIRA;707802631138710;58276718191;FEMININO;663094582;4;45;25;1350;1;E11;DIABETES MELLITUS NAO-INSULINO-DEPENDENTE
2026-06-23 19:59:58;500769;SAO GABRIEL DO OESTE;6354265;CENTRAL DE REGULACAO DE SAO GABRIEL DO OESTE;500769;SAO GABRIEL DO OESTE;1;1;2026-04-21 10:38:44;0601000;ELETRONEUROMIOGRAFIA - MEMBROS SUPERIORES (MSD/MSE);0601000;GRUPO - ELETRONEUROMIOGRAFIA;0211050083;ELETRONEUROMIOGRAMA (ENMG);NOREMY CARLA ZONZINI LATTANZIO;1969-01-22;EMY ROCELLI ZONZINI;705005234464259;02712250680;FEMININO;663094566;4;44;25;1320;1;M501;TRANSTORNO DO DISCO CERVICAL COM RADICULOPATIA 
2026-06-23 19:59:58;500769;SAO GABRIEL DO OESTE;6354265;CENTRAL DE REGULACAO DE SAO GABRIEL DO OESTE;500769;SAO GABRIEL DO OESTE;1;1;2026-04-21 10:06:19;0601000;ELETRONEUROMIOGRAFIA - MEMBROS SUPERIORES (MSD/MSE);0601000;GRUPO - ELETRONEUROMIOGRAFIA;0211050083;ELETRONEUROMIOGRAMA (ENMG);CARLA DOS SANTOS DE MELO;1994-01-14;MARIA DO O MONTEIRO DOS SANTOS;700005223139601;01785345443;FEMININO;663094073;4;42;25;1260;1;G560;SINDROME DO TUNEL DO CARPO 
2026-06-23 19:59:58;500769;SAO GABRIEL DO OESTE;6354265;CENTRAL DE REGULACAO DE SAO GABRIEL DO OESTE;500769;SAO GABRIEL DO OESTE;1;1;2026-04-21 10:01:40;0601000;ELETRONEUROMIOGRAFIA - MEMBROS SUPERIORES (MSD/MSE);0601000;GRUPO - ELETRONEUROMIOGRAFIA;0211050083;ELETRONEUROMIOGRAMA (ENMG);CLEONICE APARECIDA DE JESUS;1967-10-20;MARIA JOSE BRANDAO;709602650029873;00919635164;FEMININO;663094007;4;40;25;1200;1;G560;SINDROME DO TUNEL DO CARPO 
2026-06-23 19:59:58;500769;SAO GABRIEL DO OESTE;6354265;CENTRAL DE REGULACAO DE SAO GABRIEL DO OESTE;500769;SAO GABRIEL DO OESTE;1;1;2026-04-21 09:45:49;0601000;ELETRONEUROMIOGRAFIA - MEMBROS SUPERIORES (MSD/MSE);0601000;GRUPO - ELETRONEUROMIOGRAFIA;0211050083;ELETRONEUROMIOGRAMA (ENMG);CLAUDEMIRO DE OLIVEIRA;1970-04-26;ANTONIA ALMINDA DE OLIVEIRA;703006858935575;52935140168;MASCULINO;663093765;4;38;25;1140;1;G250;TREMOR ESSENCIAL 
2026-06-23 19:59:58;500769;SAO GABRIEL DO OESTE;6354265;CENTRAL DE REGULACAO DE SAO GABRIEL DO OESTE;500769;SAO GABRIEL DO OESTE;1;1;2026-04-21 09:41:15;0601000;ELETRONEUROMIOGRAFIA - MEMBROS SUPERIORES (MSD/MSE);0601000;GRUPO - ELETRONEUROMIOGRAFIA;0211050083;ELETRONEUROMIOGRAMA (ENMG);MAYSA CIDRAO ROSA;1965-05-30;EULINA ROSA CAXIAS;704505342048713;33818100144;FEMININO;663093696;4;35;25;1050;1;M501;TRANSTORNO DO DISCO CERVICAL COM RADICULOPATIA 
2026-06-23 19:59:58;500769;SAO GABRIEL DO OESTE;6354265;CENTRAL DE REGULACAO DE SAO GABRIEL DO OESTE;500769;SAO GABRIEL DO OESTE;1;1;2026-04-21 09:40:59;0601000;ELETRONEUROMIOGRAFIA - MEMBROS SUPERIORES (MSD/MSE);0601000;GRUPO - ELETRONEUROMIOGRAFIA;0211050083;ELETRONEUROMIOGRAMA (ENMG);CLAITON ROGERIO HENRIQUES;1973-12-19;ELINA BLOSS HENRIQUES;700406496000744;78076277191;MASCULINO;663093693;4;34;25;1020;1;M511;TRANSTORNOS DE DISCOS LOMBARES E DE OUTROS DISCOS INTERVERTEBRAIS COM RADICULOPATIA 
2026-06-23 19:59:58;500769;SAO GABRIEL DO OESTE;6354265;CENTRAL DE REGULACAO DE SAO GABRIEL DO OESTE;500769;SAO GABRIEL DO OESTE;1;1;2026-04-21 09:35:53;0601000;ELETRONEUROMIOGRAFIA - MEMBROS SUPERIORES (MSD/MSE);0601000;GRUPO - ELETRONEUROMIOGRAFIA;0211050083;ELETRONEUROMIOGRAMA (ENMG);MARIA DE LOURDES GARCIA VIEIRA;1961-03-03;IRENE GARCIA DE SOUZA;700004058958000;00459189107;FEMININO;663093615;4;31;25;930;1;G560;SINDROME DO TUNEL DO CARPO 
2026-06-23 19:59:58;500769;SAO GABRIEL DO OESTE;6354265;CENTRAL DE REGULACAO DE SAO GABRIEL DO OESTE;500769;SAO GABRIEL DO OESTE;1;1;2026-04-21 09:33:18;0601000;ELETRONEUROMIOGRAFIA - MEMBROS SUPERIORES (MSD/MSE);0601000;GRUPO - ELETRONEUROMIOGRAFIA;0211050083;ELETRONEUROMIOGRAMA (ENMG);ANDREA CRISTINA DUARTE;1988-02-09;JOSEFA RITA DE SENA;706000871553248;01926976177;FEMININO;663093577;4;30;25;900;1;G560;SINDROME DO TUNEL DO CARPO 
2026-06-23 19:59:58;500769;SAO GABRIEL DO OESTE;6354265;CENTRAL DE REGULACAO DE SAO GABRIEL DO OESTE;500769;SAO GABRIEL DO OESTE;1;1;2026-04-21 09:29:04;0601000;ELETRONEUROMIOGRAFIA - MEMBROS SUPERIORES (MSD/MSE);0601000;GRUPO - ELETRONEUROMIOGRAFIA;0211050083;ELETRONEUROMIOGRAMA (ENMG);MARIA JOSE DA SILVA BENTO;1983-08-15;CARMEM APARECIDA DA SILVA;704201738709987;00784499101;FEMININO;663093516;4;27;25;810;1;G560;SINDROME DO TUNEL DO CARPO 
2026-06-23 19:59:58;500769;SAO GABRIEL DO OESTE;6354265;CENTRAL DE REGULACAO DE SAO GABRIEL DO OESTE;500769;SAO GABRIEL DO OESTE;1;1;2026-04-21 09:27:07;0601000;ELETRONEUROMIOGRAFIA - MEMBROS SUPERIORES (MSD/MSE);0601000;GRUPO - ELETRONEUROMIOGRAFIA;0211050083;ELETRONEUROMIOGRAMA (ENMG);ALINE DAIANE VENTURA DE SOUZA THOMAZ;1982-06-22;DIRCE DA SILVA VENTURA;705104437136270;05416338997;FEMININO;663093489;4;26;25;780;1;G56;MONONEUROPATIAS DOS MEMBROS SUPERIORES
2026-06-23 19:59:58;500769;SAO GABRIEL DO OESTE;6354265;CENTRAL DE REGULACAO DE SAO GABRIEL DO OESTE;500769;SAO GABRIEL DO OESTE;1;1;2026-04-21 09:25:08;0601000;ELETRONEUROMIOGRAFIA - MEMBROS SUPERIORES (MSD/MSE);0601000;GRUPO - ELETRONEUROMIOGRAFIA;0211050083;ELETRONEUROMIOGRAMA (ENMG);ANATERCE VIEIRA DE CARVALHO;1973-07-25;FRANCISCA VIEIRA GONCALVES;704201785483388;00371795940;FEMININO;663093462;4;24;25;720;1;G560;SINDROME DO TUNEL DO CARPO 
2026-06-23 19:59:58;500769;SAO GABRIEL DO OESTE;6354265;CENTRAL DE REGULACAO DE SAO GABRIEL DO OESTE;500769;SAO GABRIEL DO OESTE;1;1;2026-04-21 09:21:56;0601000;ELETRONEUROMIOGRAFIA - MEMBROS SUPERIORES (MSD/MSE);0601000;GRUPO - ELETRONEUROMIOGRAFIA;0211050083;ELETRONEUROMIOGRAMA (ENMG);APARECIDA PINTO ALVES;1983-10-14;JACIRA PINTO ALVES;706307732376278;03688260155;FEMININO;663093415;4;21;25;630;1;G560;SINDROME DO TUNEL DO CARPO 
2026-06-23 19:59:58;500769;SAO GABRIEL DO OESTE;6354265;CENTRAL DE REGULACAO DE SAO GABRIEL DO OESTE;500769;SAO GABRIEL DO OESTE;1;1;2026-04-21 09:15:49;0601000;ELETRONEUROMIOGRAFIA - MEMBROS SUPERIORES (MSD/MSE);0601000;GRUPO - ELETRONEUROMIOGRAFIA;0211050083;ELETRONEUROMIOGRAMA (ENMG);MARIA AUXILIADORA MORAIS VIEIRA;1961-09-09;RAIMUNDA MORAIS VIEIRA;704002820923965;26242044153;FEMININO;663093319;4;18;25;540;1;G560;SINDROME DO TUNEL DO CARPO 
2026-06-23 19:59:58;500769;SAO GABRIEL DO OESTE;6354265;CENTRAL DE REGULACAO DE SAO GABRIEL DO OESTE;500769;SAO GABRIEL DO OESTE;1;1;2026-04-21 09:15:24;0601000;ELETRONEUROMIOGRAFIA - MEMBROS SUPERIORES (MSD/MSE);0601000;GRUPO - ELETRONEUROMIOGRAFIA;0211050083;ELETRONEUROMIOGRAMA (ENMG);ADEILTON BALBINO;1972-09-29;MARIA DE LOURDES TIBURCIO;705804413918736;63931168115;MASCULINO;663093312;4;17;25;510;1;F41;OUTROS TRANSTORNOS ANSIOSOS
2026-06-23 19:59:58;500769;SAO GABRIEL DO OESTE;6354265;CENTRAL DE REGULACAO DE SAO GABRIEL DO OESTE;500769;SAO GABRIEL DO OESTE;1;1;2026-04-21 09:12:37;0601000;ELETRONEUROMIOGRAFIA - MEMBROS SUPERIORES (MSD/MSE);0601000;GRUPO - ELETRONEUROMIOGRAFIA;0211050083;ELETRONEUROMIOGRAMA (ENMG);ARMANDO DA SILVA LEMOS;1957-08-02;MARIA JOSE DA SILVA LEMOS;702301151214211;71758068175;MASCULINO;663093258;4;15;25;450;1;M509;TRANSTORNO NAO ESPECIFICADO DE DISCO CERVICAL 
2026-06-23 19:59:58;500769;SAO GABRIEL DO OESTE;6354265;CENTRAL DE REGULACAO DE SAO GABRIEL DO OESTE;500769;SAO GABRIEL DO OESTE;1;1;2026-04-21 09:10:53;0601000;ELETRONEUROMIOGRAFIA - MEMBROS SUPERIORES (MSD/MSE);0601000;GRUPO - ELETRONEUROMIOGRAFIA;0211050083;ELETRONEUROMIOGRAMA (ENMG);ANA LUCIA GOMES DE SOUZA ANDRADE;1972-08-30;LAURIZA GOMES MENDONCA;706005346934743;77559304168;FEMININO;663093229;4;14;25;420;1;G560;SINDROME DO TUNEL DO CARPO 
2026-06-23 19:59:58;500769;SAO GABRIEL DO OESTE;6354265;CENTRAL DE REGULACAO DE SAO GABRIEL DO OESTE;500769;SAO GABRIEL DO OESTE;1;1;2026-06-23 11:35:36;0601000;ELETRONEUROMIOGRAFIA - MEMBROS SUPERIORES (MSD/MSE);0601000;GRUPO - ELETRONEUROMIOGRAFIA;0211050083;ELETRONEUROMIOGRAMA (ENMG);VANESSA DE ARRUDA PEREIRA;1987-02-13;TEREZINHA DE ARRUDA PEREIRA;702300148548014;03733428102;FEMININO;675018617;4;103;25;3090;1;M542;CERVICALGIA 
2026-06-23 19:59:58;500769;SAO GABRIEL DO OESTE;6354265;CENTRAL DE REGULACAO DE SAO GABRIEL DO OESTE;500769;SAO GABRIEL DO OESTE;1;1;2026-06-19 10:58:58;0601000;ELETRONEUROMIOGRAFIA - MEMBROS SUPERIORES (MSD/MSE);0601000;GRUPO - ELETRONEUROMIOGRAFIA;0211050083;ELETRONEUROMIOGRAMA (ENMG);MONICA DE FREITAS DA SILVA;1987-09-16;ELPIDIA DE FREITAS;708306278755960;03148595351;FEMININO;674480599;4;102;25;3060;1;M751;SINDROME DO MANGUITO ROTADOR 
2026-06-23 19:59:58;500769;SAO GABRIEL DO OESTE;6354265;CENTRAL DE REGULACAO DE SAO GABRIEL DO OESTE;500769;SAO GABRIEL DO OESTE;1;1;2026-06-16 17:21:02;0601000;ELETRONEUROMIOGRAFIA - MEMBROS SUPERIORES (MSD/MSE);0601000;GRUPO - ELETRONEUROMIOGRAFIA;0211050083;ELETRONEUROMIOGRAMA (ENMG);EVALDO FRANCISCO DOS SANTOS;1975-02-26;LEUDA ANTONIA DOS SANTOS;706907107393532;03221023162;MASCULINO;673829148;4;100;25;3000;1;I99;OUTROS TRANSTORNOS DO APARELHO CIRCULATORIO E OS NAO ESPECIFICADOS 
2026-06-23 19:59:58;500769;SAO GABRIEL DO OESTE;6354265;CENTRAL DE REGULACAO DE SAO GABRIEL DO OESTE;500769;SAO GABRIEL DO OESTE;1;1;2026-06-12 10:31:53;0601000;ELETRONEUROMIOGRAFIA - MEMBROS SUPERIORES (MSD/MSE);0601000;GRUPO - ELETRONEUROMIOGRAFIA;0211050083;ELETRONEUROMIOGRAMA (ENMG);ELIZANDRA BENEDITA CANDIDO DE BARRO;1990-12-26;ADELEIDE CANDIDO DA SILVA;700601498135861;03884426117;FEMININO;673099106;4;99;25;2970;1;G560;SINDROME DO TUNEL DO CARPO 
2026-06-23 19:59:58;500769;SAO GABRIEL DO OESTE;6354265;CENTRAL DE REGULACAO DE SAO GABRIEL DO OESTE;500769;SAO GABRIEL DO OESTE;1;1;2026-06-12 10:17:16;0601000;ELETRONEUROMIOGRAFIA - MEMBROS SUPERIORES (MSD/MSE);0601000;GRUPO - ELETRONEUROMIOGRAFIA;0211050083;ELETRONEUROMIOGRAMA (ENMG);LUCIMAR FERREIRA GONCALVES;1977-02-03;NEUZA GONCALVES FERREIRA;703404180197400;97815128149;FEMININO;673091048;4;98;25;2940;1;G560;SINDROME DO TUNEL DO CARPO 
2026-06-23 19:59:58;500769;SAO GABRIEL DO OESTE;6354265;CENTRAL DE REGULACAO DE SAO GABRIEL DO OESTE;500769;SAO GABRIEL DO OESTE;1;1;2026-06-09 16:00:26;0601000;ELETRONEUROMIOGRAFIA - MEMBROS SUPERIORES (MSD/MSE);0601000;GRUPO - ELETRONEUROMIOGRAFIA;0211050083;ELETRONEUROMIOGRAMA (ENMG);SONIA APARECIDA PEREIRA DA COSTA;1973-08-27;TEREZINHA PEREIRA DA COSTA;706808772810722;63924404100;FEMININO;672411152;4;93;25;2790;1;G56;MONONEUROPATIAS DOS MEMBROS SUPERIORES
2026-06-23 19:59:58;500769;SAO GABRIEL DO OESTE;6354265;CENTRAL DE REGULACAO DE SAO GABRIEL DO OESTE;500769;SAO GABRIEL DO OESTE;1;1;2026-06-01 14:08:43;0601000;ELETRONEUROMIOGRAFIA - MEMBROS SUPERIORES (MSD/MSE);0601000;GRUPO - ELETRONEUROMIOGRAFIA;0211050083;ELETRONEUROMIOGRAMA (ENMG);VANUSA SAVOLDI DE SOUZA;1984-01-28;NADIR SAVOLDI DE SOUZA;702307185216115;31010802828;FEMININO;671040151;4;90;25;2700;1;G560;SINDROME DO TUNEL DO CARPO 
2026-06-23 19:59:58;500769;SAO GABRIEL DO OESTE;6354265;CENTRAL DE REGULACAO DE SAO GABRIEL DO OESTE;500769;SAO GABRIEL DO OESTE;1;1;2026-05-28 17:40:23;0601000;ELETRONEUROMIOGRAFIA - MEMBROS SUPERIORES (MSD/MSE);0601000;GRUPO - ELETRONEUROMIOGRAFIA;0211050083;ELETRONEUROMIOGRAMA (ENMG);NADIR SAVOLDI DE SOUZA;1961-10-14;IZAURA BOTURA SAVOLDI;702803617110669;08029755856;FEMININO;670544626;4;89;25;2670;1;G560;SINDROME DO TUNEL DO CARPO 
2026-06-23 19:59:58;500769;SAO GABRIEL DO OESTE;6354265;CENTRAL DE REGULACAO DE SAO GABRIEL DO OESTE;500769;SAO GABRIEL DO OESTE;1;1;2026-05-27 16:23:18;0601000;ELETRONEUROMIOGRAFIA - MEMBROS SUPERIORES (MSD/MSE);0601000;GRUPO - ELETRONEUROMIOGRAFIA;0211050083;ELETRONEUROMIOGRAMA (ENMG);JOSEFA DA SILVA SOUZA;1965-11-11;MARIA NEVES DA SILVA SOUZA;706202531308263;39065847120;FEMININO;670242801;4;88;25;2640;1;M501;TRANSTORNO DO DISCO CERVICAL COM RADICULOPATIA 
2026-06-23 19:59:58;500769;SAO GABRIEL DO OESTE;6354265;CENTRAL DE REGULACAO DE SAO GABRIEL DO OESTE;500769;SAO GABRIEL DO OESTE;1;1;2026-05-27 10:39:58;0601000;ELETRONEUROMIOGRAFIA - MEMBROS SUPERIORES (MSD/MSE);0601000;GRUPO - ELETRONEUROMIOGRAFIA;0211050083;ELETRONEUROMIOGRAMA (ENMG);MARLY FARIAS BELCHIOR;1981-07-14;ANTONIA DE FARIAS BELCHIOR;706401135204985;92604250187;FEMININO;670090081;4;87;25;2610;1;G562;LESOES DO NERVO CUBITAL [ULNAR] 
2026-06-23 19:59:58;500769;SAO GABRIEL DO OESTE;6354265;CENTRAL DE REGULACAO DE SAO GABRIEL DO OESTE;500769;SAO GABRIEL DO OESTE;1;1;2026-05-26 11:49:50;0601000;ELETRONEUROMIOGRAFIA - MEMBROS SUPERIORES (MSD/MSE);0601000;GRUPO - ELETRONEUROMIOGRAFIA;0211050083;ELETRONEUROMIOGRAMA (ENMG);MARIA IRONI SANTANA VIEIRA;1949-02-10;NATALIA DE PAULA SANTANA;700400460429745;01656477955;FEMININO;669830746;4;86;25;2580;1;M501;TRANSTORNO DO DISCO CERVICAL COM RADICULOPATIA 
2026-06-23 19:59:58;500769;SAO GABRIEL DO OESTE;6354265;CENTRAL DE REGULACAO DE SAO GABRIEL DO OESTE;500769;SAO GABRIEL DO OESTE;1;1;2026-05-06 17:24:35;0601000;ELETRONEUROMIOGRAFIA - MEMBROS SUPERIORES (MSD/MSE);0601000;GRUPO - ELETRONEUROMIOGRAFIA;0211050083;ELETRONEUROMIOGRAMA (ENMG);LOINY SOBRINHO DE OLIVEIRA;1992-09-03;ANATALIA SILVERIO SOBRINHO;708608069865681;04322864112;FEMININO;666088465;4;82;25;2460;1;G560;SINDROME DO TUNEL DO CARPO 
2026-06-23 19:59:58;500769;SAO GABRIEL DO OESTE;6354265;CENTRAL DE REGULACAO DE SAO GABRIEL DO OESTE;500769;SAO GABRIEL DO OESTE;1;1;2026-05-04 14:31:16;0601000;ELETRONEUROMIOGRAFIA - MEMBROS SUPERIORES (MSD/MSE);0601000;GRUPO - ELETRONEUROMIOGRAFIA;0211050083;ELETRONEUROMIOGRAMA (ENMG);JOANA DARC RAMOS DE AMORIM;1977-07-25;SEBASTIANA RAMOS DO PRADO;706906179217934;86154923104;FEMININO;665418846;4;80;25;2400;1;G560;SINDROME DO TUNEL DO CARPO 
2026-06-23 19:59:58;500769;SAO GABRIEL DO OESTE;6354265;CENTRAL DE REGULACAO DE SAO GABRIEL DO OESTE;500769;SAO GABRIEL DO OESTE;1;1;2026-04-21 12:17:23;0601000;ELETRONEUROMIOGRAFIA - MEMBROS SUPERIORES (MSD/MSE);0601000;GRUPO - ELETRONEUROMIOGRAFIA;0211050083;ELETRONEUROMIOGRAMA (ENMG);SEBASTIAO BARBOSA DE ARRUDA NETO;1968-01-30;SIVIRINA DOURADO DE ARRUDA;700505727002958;44467168168;MASCULINO;663096439;4;76;25;2280;1;G632;POLINEUROPATIA DIABETICA (E10-E14+ COM QUARTO CARACTERE COMUM .4) 
2026-06-23 19:59:58;500769;SAO GABRIEL DO OESTE;6354265;CENTRAL DE REGULACAO DE SAO GABRIEL DO OESTE;500769;SAO GABRIEL DO OESTE;1;1;2026-04-21 12:06:25;0601000;ELETRONEUROMIOGRAFIA - MEMBROS SUPERIORES (MSD/MSE);0601000;GRUPO - ELETRONEUROMIOGRAFIA;0211050083;ELETRONEUROMIOGRAMA (ENMG);SANDRA APARECIDA FRANCO DUTRA;1976-10-07;NAIR CARDOSO DE ASSIS;700508704323556;97739154172;FEMININO;663096289;4;73;25;2190;1;S860;TRAUMATISMO DO TENDAO DE AQUILES 
2026-06-23 19:59:58;500769;SAO GABRIEL DO OESTE;6354265;CENTRAL DE REGULACAO DE SAO GABRIEL DO OESTE;500769;SAO GABRIEL DO OESTE;1;1;2026-04-21 12:01:35;0601000;ELETRONEUROMIOGRAFIA - MEMBROS SUPERIORES (MSD/MSE);0601000;GRUPO - ELETRONEUROMIOGRAFIA;0211050083;ELETRONEUROMIOGRAMA (ENMG);RAQUEL RIO GONCALVES;1980-10-11;VENANCIA RIOS;700404400279643;96246065104;FEMININO;663096228;4;72;25;2160;1;G560;SINDROME DO TUNEL DO CARPO 
2026-06-23 19:59:58;500769;SAO GABRIEL DO OESTE;6354265;CENTRAL DE REGULACAO DE SAO GABRIEL DO OESTE;500769;SAO GABRIEL DO OESTE;1;1;2026-04-21 11:51:08;0601000;ELETRONEUROMIOGRAFIA - MEMBROS SUPERIORES (MSD/MSE);0601000;GRUPO - ELETRONEUROMIOGRAFIA;0211050083;ELETRONEUROMIOGRAMA (ENMG);ROSIMAR BARALDI DA SILVA DOS SANTOS;1979-03-07;IGNEZ BARALDI DA SILVA;705600459961012;00641734107;FEMININO;663096048;4;71;25;2130;1;G560;SINDROME DO TUNEL DO CARPO 
2026-06-23 19:59:58;500769;SAO GABRIEL DO OESTE;6354265;CENTRAL DE REGULACAO DE SAO GABRIEL DO OESTE;500769;SAO GABRIEL DO OESTE;1;1;2026-04-21 11:42:45;0601000;ELETRONEUROMIOGRAFIA - MEMBROS SUPERIORES (MSD/MSE);0601000;GRUPO - ELETRONEUROMIOGRAFIA;0211050083;ELETRONEUROMIOGRAMA (ENMG);VERONICA TIGRE;1959-05-23;ANNA ALVES TIGRE;703100851051160;51130084191;FEMININO;663095887;4;69;25;2070;1;G588;OUTRAS MONONEUROPATIAS ESPECIFICADAS 
2026-06-23 19:59:58;500769;SAO GABRIEL DO OESTE;6354265;CENTRAL DE REGULACAO DE SAO GABRIEL DO OESTE;500769;SAO GABRIEL DO OESTE;1;1;2026-04-21 09:04:00;0601000;ELETRONEUROMIOGRAFIA - MEMBROS INFERIORES (MID/MIE);0601000;GRUPO - ELETRONEUROMIOGRAFIA;0211050083;ELETRONEUROMIOGRAMA (ENMG);LAUDILENE VALERIO DE ARRUDA SILVA;1969-11-27;ANAMIM VALERIO DE ARRUDA;701009897574991;75440423400;FEMININO;663093121;4;12;44;360;1;G560;SINDROME DO TUNEL DO CARPO 
2026-06-23 19:59:58;500769;SAO GABRIEL DO OESTE;6354265;CENTRAL DE REGULACAO DE SAO GABRIEL DO OESTE;500769;SAO GABRIEL DO OESTE;1;1;2026-04-21 08:59:04;0601000;ELETRONEUROMIOGRAFIA - MEMBROS INFERIORES (MID/MIE);0601000;GRUPO - ELETRONEUROMIOGRAFIA;0211050083;ELETRONEUROMIOGRAMA (ENMG);LUZIA MAXUCA DE SOUZA;1977-01-30;MARIA APARECIDA CARVALHO MAXUCA;704005879256666;98741748115;FEMININO;663093027;4;10;44;300;1;G56;MONONEUROPATIAS DOS MEMBROS SUPERIORES
2026-06-23 19:59:58;500769;SAO GABRIEL DO OESTE;6354265;CENTRAL DE REGULACAO DE SAO GABRIEL DO OESTE;500769;SAO GABRIEL DO OESTE;1;1;2026-04-21 08:56:45;0601000;ELETRONEUROMIOGRAFIA - MEMBROS INFERIORES (MID/MIE);0601000;GRUPO - ELETRONEUROMIOGRAFIA;0211050083;ELETRONEUROMIOGRAMA (ENMG);LENICE SANTOS DE MATOS;1995-08-18;COSMA GABRIEL DOS SANTOS;704004372753265;06630691148;FEMININO;663092996;4;8;44;240;1;M545;DOR LOMBAR BAIXA 
2026-06-23 19:59:58;500769;SAO GABRIEL DO OESTE;6354265;CENTRAL DE REGULACAO DE SAO GABRIEL DO OESTE;500769;SAO GABRIEL DO OESTE;1;1;2026-04-21 08:56:09;0601000;ELETRONEUROMIOGRAFIA - MEMBROS INFERIORES (MID/MIE);0601000;GRUPO - ELETRONEUROMIOGRAFIA;0211050083;ELETRONEUROMIOGRAMA (ENMG);ADEMIR DA SILVA MARTINS;1994-05-10;APARECIDA ARRUDA DA SILVA;709009892822313;05145477155;MASCULINO;663092984;4;7;44;210;1;G572;LESAO DO NERVO FEMORAL 
2026-06-23 19:59:58;500769;SAO GABRIEL DO OESTE;6354265;CENTRAL DE REGULACAO DE SAO GABRIEL DO OESTE;500769;SAO GABRIEL DO OESTE;1;1;2026-04-21 08:54:11;0601000;ELETRONEUROMIOGRAFIA - MEMBROS INFERIORES (MID/MIE);0601000;GRUPO - ELETRONEUROMIOGRAFIA;0211050083;ELETRONEUROMIOGRAMA (ENMG);ADELIA LOPES;1968-07-07;MARIA PEREIRA;700003735887303;83762833168;FEMININO;663092953;4;6;44;180;1;M511;TRANSTORNOS DE DISCOS LOMBARES E DE OUTROS DISCOS INTERVERTEBRAIS COM RADICULOPATIA 
2026-06-23 19:59:58;500769;SAO GABRIEL DO OESTE;6354265;CENTRAL DE REGULACAO DE SAO GABRIEL DO OESTE;500769;SAO GABRIEL DO OESTE;1;1;2026-04-21 08:46:13;0601000;ELETRONEUROMIOGRAFIA - MEMBROS INFERIORES (MID/MIE);0601000;GRUPO - ELETRONEUROMIOGRAFIA;0211050083;ELETRONEUROMIOGRAMA (ENMG);JOAO MARIA DE JESUS DE OLIVEIRA;1964-09-11;GEORGINA DE OLIVEIRA;707608279653690;49591312920;MASCULINO;663092852;4;4;44;120;1;M511;TRANSTORNOS DE DISCOS LOMBARES E DE OUTROS DISCOS INTERVERTEBRAIS COM RADICULOPATIA 
2026-06-23 19:59:58;500769;SAO GABRIEL DO OESTE;6354265;CENTRAL DE REGULACAO DE SAO GABRIEL DO OESTE;500769;SAO GABRIEL DO OESTE;1;1;2026-04-21 08:44:05;0601000;ELETRONEUROMIOGRAFIA - MEMBROS INFERIORES (MID/MIE);0601000;GRUPO - ELETRONEUROMIOGRAFIA;0211050083;ELETRONEUROMIOGRAMA (ENMG);JULIANA SANTOS RODRIGUES;1981-12-16;VERA LUCIA MARIA DOS SANTOS RODRIGUES;703602021817036;92741541191;FEMININO;663092831;4;3;44;90;1;M513;OUTRA DEGENERACAO ESPECIFICADA DE DISCO INTERVERTEBRAL 
2026-06-23 19:59:58;500769;SAO GABRIEL DO OESTE;6354265;CENTRAL DE REGULACAO DE SAO GABRIEL DO OESTE;500769;SAO GABRIEL DO OESTE;1;1;2026-04-21 08:36:44;0601000;ELETRONEUROMIOGRAFIA - MEMBROS INFERIORES (MID/MIE);0601000;GRUPO - ELETRONEUROMIOGRAFIA;0211050083;ELETRONEUROMIOGRAMA (ENMG);ADRIANA RITH;1976-12-07;VERA LUCIA RITH;700804942379986;71832874168;FEMININO;663092733;4;1;44;30;1;G579;MONONEUROPATIA DOS MEMBROS INFERIORES, NAO ESPECIFICADA 
2026-06-23 19:59:58;500769;SAO GABRIEL DO OESTE;6354265;CENTRAL DE REGULACAO DE SAO GABRIEL DO OESTE;500769;SAO GABRIEL DO OESTE;1;1;2026-04-21 11:33:48;0601000;ELETRONEUROMIOGRAFIA - MEMBROS INFERIORES (MID/MIE);0601000;GRUPO - ELETRONEUROMIOGRAFIA;0211050083;ELETRONEUROMIOGRAMA (ENMG);VALDIRENE BERNARDO DE OLIVEIRA SOUZA;1980-03-01;JOSEFA JULIA DA CONCEICAO;700401498454446;02064966137;FEMININO;663095733;4;68;44;2040;1;M549;DORSALGIA NAO ESPECIFICADA 
2026-06-23 19:59:58;500769;SAO GABRIEL DO OESTE;6354265;CENTRAL DE REGULACAO DE SAO GABRIEL DO OESTE;500769;SAO GABRIEL DO OESTE;1;1;2026-04-21 11:24:43;0601000;ELETRONEUROMIOGRAFIA - MEMBROS INFERIORES (MID/MIE);0601000;GRUPO - ELETRONEUROMIOGRAFIA;0211050083;ELETRONEUROMIOGRAMA (ENMG);HAYANA DE PAULA LIMA RODRIGUES;1990-05-28;GILVANA SABINA DE LIMA;702400087516028;03148099109;FEMININO;663095583;4;65;44;1950;1;M54;DORSALGIA
2026-06-23 19:59:58;500769;SAO GABRIEL DO OESTE;6354265;CENTRAL DE REGULACAO DE SAO GABRIEL DO OESTE;500769;SAO GABRIEL DO OESTE;1;1;2026-04-21 11:24:32;0601000;ELETRONEUROMIOGRAFIA - MEMBROS INFERIORES (MID/MIE);0601000;GRUPO - ELETRONEUROMIOGRAFIA;0211050083;ELETRONEUROMIOGRAMA (ENMG);WALDECY REGIA DA SILVA BRAGA;1959-04-12;FRANCISCA MARIA DA SILVA;702309182333317;05682337867;FEMININO;663095579;4;64;44;1920;1;M54;DORSALGIA
2026-06-23 19:59:58;500769;SAO GABRIEL DO OESTE;6354265;CENTRAL DE REGULACAO DE SAO GABRIEL DO OESTE;500769;SAO GABRIEL DO OESTE;1;1;2026-04-21 11:10:28;0601000;ELETRONEUROMIOGRAFIA - MEMBROS INFERIORES (MID/MIE);0601000;GRUPO - ELETRONEUROMIOGRAFIA;0211050083;ELETRONEUROMIOGRAMA (ENMG);DEBORA CLAUDINO DA SILVA ACOSTA MONTEIRO;1981-03-26;SEVERINA CLAUDINO DOS SANTOS;709202243132334;00022227105;FEMININO;663095263;4;61;44;1830;1;M511;TRANSTORNOS DE DISCOS LOMBARES E DE OUTROS DISCOS INTERVERTEBRAIS COM RADICULOPATIA 
2026-06-23 19:59:58;500769;SAO GABRIEL DO OESTE;6354265;CENTRAL DE REGULACAO DE SAO GABRIEL DO OESTE;500769;SAO GABRIEL DO OESTE;1;1;2026-04-21 11:05:59;0601000;ELETRONEUROMIOGRAFIA - MEMBROS INFERIORES (MID/MIE);0601000;GRUPO - ELETRONEUROMIOGRAFIA;0211050083;ELETRONEUROMIOGRAMA (ENMG);PAULO ROBERTO FERREIRA EVANGELISTA;1981-02-10;LENITA ALVES EVANGELISTA;703006894061970;70040835197;MASCULINO;663095194;4;60;44;1800;1;M54;DORSALGIA
2026-06-23 19:59:58;500769;SAO GABRIEL DO OESTE;6354265;CENTRAL DE REGULACAO DE SAO GABRIEL DO OESTE;500769;SAO GABRIEL DO OESTE;1;1;2026-04-21 11:05:21;0601000;ELETRONEUROMIOGRAFIA - MEMBROS INFERIORES (MID/MIE);0601000;GRUPO - ELETRONEUROMIOGRAFIA;0211050083;ELETRONEUROMIOGRAMA (ENMG);FELIPE LADEIA;1991-09-24;MARCIA CRISTINA MACHADO LADEIA;700000082827200;36160351800;MASCULINO;663095182;4;59;44;1770;1;G632;POLINEUROPATIA DIABETICA (E10-E14+ COM QUARTO CARACTERE COMUM .4) 
2026-06-23 19:59:58;500769;SAO GABRIEL DO OESTE;6354265;CENTRAL DE REGULACAO DE SAO GABRIEL DO OESTE;500769;SAO GABRIEL DO OESTE;1;1;2026-04-21 11:02:23;0601000;ELETRONEUROMIOGRAFIA - MEMBROS INFERIORES (MID/MIE);0601000;GRUPO - ELETRONEUROMIOGRAFIA;0211050083;ELETRONEUROMIOGRAMA (ENMG);FERNANDO VIEIRA DAS NEVES;1973-09-23;MARIA CONCEICAO ARAUJO NEVES;700606430938866;14577932881;MASCULINO;663095119;4;57;44;1710;1;M541;RADICULOPATIA 
2026-06-23 19:59:58;500769;SAO GABRIEL DO OESTE;6354265;CENTRAL DE REGULACAO DE SAO GABRIEL DO OESTE;500769;SAO GABRIEL DO OESTE;1;1;2026-04-21 11:00:35;0601000;ELETRONEUROMIOGRAFIA - MEMBROS INFERIORES (MID/MIE);0601000;GRUPO - ELETRONEUROMIOGRAFIA;0211050083;ELETRONEUROMIOGRAMA (ENMG);FRANCIANE ROSA;1988-05-21;INERY APARECIDA CAVALLI;702904598949271;04795041130;FEMININO;663095067;4;55;44;1650;1;M792;NEVRALGIA E NEURITE NAO ESPECIFICADAS 
2026-06-23 19:59:58;500769;SAO GABRIEL DO OESTE;6354265;CENTRAL DE REGULACAO DE SAO GABRIEL DO OESTE;500769;SAO GABRIEL DO OESTE;1;1;2026-04-21 10:55:18;0601000;ELETRONEUROMIOGRAFIA - MEMBROS INFERIORES (MID/MIE);0601000;GRUPO - ELETRONEUROMIOGRAFIA;0211050083;ELETRONEUROMIOGRAMA (ENMG);NIVALDO GOMES DE ARRUDA;1957-07-04;OLIBIA GOMES DE ARRUDA;704607100071927;20060521104;MASCULINO;663094933;4;51;44;1530;1;S06;TRAUMATISMO INTRACRANIANO
2026-06-23 19:59:58;500769;SAO GABRIEL DO OESTE;6354265;CENTRAL DE REGULACAO DE SAO GABRIEL DO OESTE;500769;SAO GABRIEL DO OESTE;1;1;2026-04-21 10:53:15;0601000;ELETRONEUROMIOGRAFIA - MEMBROS INFERIORES (MID/MIE);0601000;GRUPO - ELETRONEUROMIOGRAFIA;0211050083;ELETRONEUROMIOGRAMA (ENMG);NEEGIS COSTA AFONSO;1986-04-10;RUTH COSTA AFONSO;706704722863420;35493618826;MASCULINO;663094876;4;49;44;1470;1;M544;LUMBAGO COM CIATICA 
2026-06-23 19:59:58;500769;SAO GABRIEL DO OESTE;6354265;CENTRAL DE REGULACAO DE SAO GABRIEL DO OESTE;500769;SAO GABRIEL DO OESTE;1;1;2026-04-21 10:51:17;0601000;ELETRONEUROMIOGRAFIA - MEMBROS INFERIORES (MID/MIE);0601000;GRUPO - ELETRONEUROMIOGRAFIA;0211050083;ELETRONEUROMIOGRAMA (ENMG);NEIDE FATIMA GUIMARAES DE FREITAS PAIVA;1970-05-04;EVA GUIMARAES DE FREITAS;707705642843910;89846664168;FEMININO;663094825;4;48;44;1440;1;B91;SEQUELAS DE POLIOMIELITE 
2026-06-23 19:59:58;500769;SAO GABRIEL DO OESTE;6354265;CENTRAL DE REGULACAO DE SAO GABRIEL DO OESTE;500769;SAO GABRIEL DO OESTE;1;1;2026-04-21 10:48:33;0601000;ELETRONEUROMIOGRAFIA - MEMBROS INFERIORES (MID/MIE);0601000;GRUPO - ELETRONEUROMIOGRAFIA;0211050083;ELETRONEUROMIOGRAMA (ENMG);NEUSA BROETTO SIQUEIRA;1956-06-25;GEMA BROETTO;706002887841541;78028060110;FEMININO;663094760;4;47;44;1410;1;M54;DORSALGIA
2026-06-23 19:59:58;500769;SAO GABRIEL DO OESTE;6354265;CENTRAL DE REGULACAO DE SAO GABRIEL DO OESTE;500769;SAO GABRIEL DO OESTE;1;1;2026-04-21 10:44:59;0601000;ELETRONEUROMIOGRAFIA - MEMBROS INFERIORES (MID/MIE);0601000;GRUPO - ELETRONEUROMIOGRAFIA;0211050083;ELETRONEUROMIOGRAMA (ENMG);ELLEN CAROLINE SOUZA DOS SANTOS;2002-11-20;EDIANE SOUZA ROCHA;704706794377439;08930664199;FEMININO;663094691;4;46;44;1380;1;M79;OUTROS TRANSTORNOS DOS TECIDOS MOLES, NAO CLASSIFICADOS EM OUTRA PARTE
2026-06-23 19:59:58;500769;SAO GABRIEL DO OESTE;6354265;CENTRAL DE REGULACAO DE SAO GABRIEL DO OESTE;500769;SAO GABRIEL DO OESTE;1;1;2026-04-21 10:38:38;0601000;ELETRONEUROMIOGRAFIA - MEMBROS INFERIORES (MID/MIE);0601000;GRUPO - ELETRONEUROMIOGRAFIA;0211050083;ELETRONEUROMIOGRAMA (ENMG);EUGENIA DE OLIVEIRA MATIAS;1949-06-06;LAZARA CAMILO DE OLIVEIRA;707802631138710;58276718191;FEMININO;663094563;4;43;44;1290;1;E11;DIABETES MELLITUS NAO-INSULINO-DEPENDENTE
2026-06-23 19:59:58;500769;SAO GABRIEL DO OESTE;6354265;CENTRAL DE REGULACAO DE SAO GABRIEL DO OESTE;500769;SAO GABRIEL DO OESTE;1;1;2026-04-21 10:02:34;0601000;ELETRONEUROMIOGRAFIA - MEMBROS INFERIORES (MID/MIE);0601000;GRUPO - ELETRONEUROMIOGRAFIA;0211050083;ELETRONEUROMIOGRAMA (ENMG);CLEONICE APARECIDA DE JESUS;1967-10-20;MARIA JOSE BRANDAO;709602650029873;00919635164;FEMININO;663094018;4;41;44;1230;1;G590;MONONEUROPATIA DIABETICA (E10-E14+ COM QUARTO CARACTERE COMUM .4) 
2026-06-23 19:59:58;500769;SAO GABRIEL DO OESTE;6354265;CENTRAL DE REGULACAO DE SAO GABRIEL DO OESTE;500769;SAO GABRIEL DO OESTE;1;1;2026-04-21 09:59:16;0601000;ELETRONEUROMIOGRAFIA - MEMBROS INFERIORES (MID/MIE);0601000;GRUPO - ELETRONEUROMIOGRAFIA;0211050083;ELETRONEUROMIOGRAMA (ENMG);CARMELINA VIRGINIA MURRO;1946-02-02;VICENTA ANGELINA VIRGINIA;707401066774976;10463674120;FEMININO;663093965;4;39;44;1170;1;M50;TRANSTORNOS DOS DISCOS CERVICAIS
2026-06-23 19:59:58;500769;SAO GABRIEL DO OESTE;6354265;CENTRAL DE REGULACAO DE SAO GABRIEL DO OESTE;500769;SAO GABRIEL DO OESTE;1;1;2026-04-21 09:43:34;0601000;ELETRONEUROMIOGRAFIA - MEMBROS INFERIORES (MID/MIE);0601000;GRUPO - ELETRONEUROMIOGRAFIA;0211050083;ELETRONEUROMIOGRAMA (ENMG);MARIA RISALVA ALVES CORDEIRO;1970-02-20;JUVITA ALVES CORDEIRO;709808018780995;56171242187;FEMININO;663093733;4;37;44;1110;1;M541;RADICULOPATIA 
2026-06-23 19:59:58;500769;SAO GABRIEL DO OESTE;6354265;CENTRAL DE REGULACAO DE SAO GABRIEL DO OESTE;500769;SAO GABRIEL DO OESTE;1;1;2026-04-21 09:43:26;0601000;ELETRONEUROMIOGRAFIA - MEMBROS INFERIORES (MID/MIE);0601000;GRUPO - ELETRONEUROMIOGRAFIA;0211050083;ELETRONEUROMIOGRAMA (ENMG);CLAITON ROGERIO HENRIQUES;1973-12-19;ELINA BLOSS HENRIQUES;700406496000744;78076277191;MASCULINO;663093730;4;36;44;1080;1;N511;TRANSTORNOS DO TESTICULO E DO EPIDIDIMO EM DOENCAS CLASSIFICADAS EM OUTRA PARTE 
2026-06-23 19:59:58;500769;SAO GABRIEL DO OESTE;6354265;CENTRAL DE REGULACAO DE SAO GABRIEL DO OESTE;500769;SAO GABRIEL DO OESTE;1;1;2026-04-21 09:39:24;0601000;ELETRONEUROMIOGRAFIA - MEMBROS INFERIORES (MID/MIE);0601000;GRUPO - ELETRONEUROMIOGRAFIA;0211050083;ELETRONEUROMIOGRAMA (ENMG);CLAUDIO ROBERTO DA SILVA;1968-04-19;JOSEFA PEDRA DA SILVA;707001849013936;44481241187;MASCULINO;663093666;4;33;44;990;1;M511;TRANSTORNOS DE DISCOS LOMBARES E DE OUTROS DISCOS INTERVERTEBRAIS COM RADICULOPATIA 
2026-06-23 19:59:58;500769;SAO GABRIEL DO OESTE;6354265;CENTRAL DE REGULACAO DE SAO GABRIEL DO OESTE;500769;SAO GABRIEL DO OESTE;1;1;2026-04-21 09:38:31;0601000;ELETRONEUROMIOGRAFIA - MEMBROS INFERIORES (MID/MIE);0601000;GRUPO - ELETRONEUROMIOGRAFIA;0211050083;ELETRONEUROMIOGRAMA (ENMG);MARINO HERMETO WILLE SCHNEIDER;1975-10-06;LUCIA JACINTA WILLE;702509369150036;02050190999;MASCULINO;663093655;4;32;44;960;1;G57;MONONEUROPATIAS DOS MEMBROS INFERIORES
2026-06-23 19:59:58;500769;SAO GABRIEL DO OESTE;6354265;CENTRAL DE REGULACAO DE SAO GABRIEL DO OESTE;500769;SAO GABRIEL DO OESTE;1;1;2026-04-21 09:32:03;0601000;ELETRONEUROMIOGRAFIA - MEMBROS INFERIORES (MID/MIE);0601000;GRUPO - ELETRONEUROMIOGRAFIA;0211050083;ELETRONEUROMIOGRAMA (ENMG);MARIA APARECIDA CARLOS;1974-08-12;APARECIDA DOS SANTOS CARLOS;706405678898086;94376085120;FEMININO;663093553;4;29;44;870;1;G632;POLINEUROPATIA DIABETICA (E10-E14+ COM QUARTO CARACTERE COMUM .4) 
2026-06-23 19:59:58;500769;SAO GABRIEL DO OESTE;6354265;CENTRAL DE REGULACAO DE SAO GABRIEL DO OESTE;500769;SAO GABRIEL DO OESTE;1;1;2026-04-21 09:31:02;0601000;ELETRONEUROMIOGRAFIA - MEMBROS INFERIORES (MID/MIE);0601000;GRUPO - ELETRONEUROMIOGRAFIA;0211050083;ELETRONEUROMIOGRAMA (ENMG);ANDREIA DE BARROS MORAES;1975-06-06;GESSI DE BARROS MORAES;700602920707964;96491213153;FEMININO;663093539;4;28;44;840;1;M792;NEVRALGIA E NEURITE NAO ESPECIFICADAS 
2026-06-23 19:59:58;500769;SAO GABRIEL DO OESTE;6354265;CENTRAL DE REGULACAO DE SAO GABRIEL DO OESTE;500769;SAO GABRIEL DO OESTE;1;1;2026-04-21 09:25:29;0601000;ELETRONEUROMIOGRAFIA - MEMBROS INFERIORES (MID/MIE);0601000;GRUPO - ELETRONEUROMIOGRAFIA;0211050083;ELETRONEUROMIOGRAMA (ENMG);MARIZA HELENA GONCALVES DOS SANTOS FERREIRA;1970-01-03;MARIA GONCALVES;702603230910848;51951770153;FEMININO;663093467;4;25;44;750;1;M541;RADICULOPATIA 
2026-06-23 19:59:58;500769;SAO GABRIEL DO OESTE;6354265;CENTRAL DE REGULACAO DE SAO GABRIEL DO OESTE;500769;SAO GABRIEL DO OESTE;1;1;2026-04-21 09:23:38;0601000;ELETRONEUROMIOGRAFIA - MEMBROS INFERIORES (MID/MIE);0601000;GRUPO - ELETRONEUROMIOGRAFIA;0211050083;ELETRONEUROMIOGRAMA (ENMG);ADAO CARDOSO GONCALVES;1968-04-16;NAIR CARDOSO GONCALVES;708009871045123;46486054115;MASCULINO;663093440;4;23;44;690;1;G57;MONONEUROPATIAS DOS MEMBROS INFERIORES
2026-06-23 19:59:58;500769;SAO GABRIEL DO OESTE;6354265;CENTRAL DE REGULACAO DE SAO GABRIEL DO OESTE;500769;SAO GABRIEL DO OESTE;1;1;2026-04-21 09:22:29;0601000;ELETRONEUROMIOGRAFIA - MEMBROS INFERIORES (MID/MIE);0601000;GRUPO - ELETRONEUROMIOGRAFIA;0211050083;ELETRONEUROMIOGRAMA (ENMG);MERIELE CONSOLO CAVALCANTE FERREIRA;1978-01-02;ROSANGELA TESINI CONSOLO CAVALCANTE;701006865703599;26833626847;FEMININO;663093425;4;22;44;660;1;G632;POLINEUROPATIA DIABETICA (E10-E14+ COM QUARTO CARACTERE COMUM .4) 
2026-06-23 19:59:58;500769;SAO GABRIEL DO OESTE;6354265;CENTRAL DE REGULACAO DE SAO GABRIEL DO OESTE;500769;SAO GABRIEL DO OESTE;1;1;2026-04-21 09:20:21;0601000;ELETRONEUROMIOGRAFIA - MEMBROS INFERIORES (MID/MIE);0601000;GRUPO - ELETRONEUROMIOGRAFIA;0211050083;ELETRONEUROMIOGRAMA (ENMG);AUDRIA RIBEIRO RODRIGUES;1973-07-01;MARIALZA RIBEIRO;708903763490614;83170146149;FEMININO;663093390;4;20;44;600;1;M54;DORSALGIA
2026-06-23 19:59:58;500769;SAO GABRIEL DO OESTE;6354265;CENTRAL DE REGULACAO DE SAO GABRIEL DO OESTE;500769;SAO GABRIEL DO OESTE;1;1;2026-04-21 09:17:41;0601000;ELETRONEUROMIOGRAFIA - MEMBROS INFERIORES (MID/MIE);0601000;GRUPO - ELETRONEUROMIOGRAFIA;0211050083;ELETRONEUROMIOGRAMA (ENMG);ANA BEATRIZ DO NASCIMENTO RODRIGUES;1975-04-13;ZILMA DO NASCIMENTO RODRIGUES;709607601967770;77955560191;FEMININO;663093352;4;19;44;570;1;M472;OUTRAS ESPONDILOSES COM RADICULOPATIAS 
2026-06-23 19:59:58;500769;SAO GABRIEL DO OESTE;6354265;CENTRAL DE REGULACAO DE SAO GABRIEL DO OESTE;500769;SAO GABRIEL DO OESTE;1;1;2026-04-21 09:12:52;0601000;ELETRONEUROMIOGRAFIA - MEMBROS INFERIORES (MID/MIE);0601000;GRUPO - ELETRONEUROMIOGRAFIA;0211050083;ELETRONEUROMIOGRAMA (ENMG);MAURA PEREIRA DA CRUZ;1957-03-05;OSCALINA CORREA SOUZA;703400289631012;85809357172;FEMININO;663093262;4;16;44;480;1;M545;DOR LOMBAR BAIXA 
2026-06-23 19:59:58;500769;SAO GABRIEL DO OESTE;6354265;CENTRAL DE REGULACAO DE SAO GABRIEL DO OESTE;500769;SAO GABRIEL DO OESTE;1;1;2026-04-21 09:08:50;0601000;ELETRONEUROMIOGRAFIA - MEMBROS INFERIORES (MID/MIE);0601000;GRUPO - ELETRONEUROMIOGRAFIA;0211050083;ELETRONEUROMIOGRAMA (ENMG);MARIA DE LURDES DOS SANTOS;1972-12-25;JONILHA PEREIRA DOS SANTOS;702003867484482;00327430176;FEMININO;663093199;4;13;44;390;1;M545;DOR LOMBAR BAIXA 
2026-06-23 19:59:58;500769;SAO GABRIEL DO OESTE;6354265;CENTRAL DE REGULACAO DE SAO GABRIEL DO OESTE;500769;SAO GABRIEL DO OESTE;1;1;2026-06-16 17:22:22;0601000;ELETRONEUROMIOGRAFIA - MEMBROS INFERIORES (MID/MIE);0601000;GRUPO - ELETRONEUROMIOGRAFIA;0211050083;ELETRONEUROMIOGRAMA (ENMG);EVALDO FRANCISCO DOS SANTOS;1975-02-26;LEUDA ANTONIA DOS SANTOS;706907107393532;03221023162;MASCULINO;673829399;4;101;44;3030;1;I99;OUTROS TRANSTORNOS DO APARELHO CIRCULATORIO E OS NAO ESPECIFICADOS 
2026-06-23 19:59:58;500769;SAO GABRIEL DO OESTE;6354265;CENTRAL DE REGULACAO DE SAO GABRIEL DO OESTE;500769;SAO GABRIEL DO OESTE;1;1;2026-06-12 08:18:17;0601000;ELETRONEUROMIOGRAFIA - MEMBROS INFERIORES (MID/MIE);0601000;GRUPO - ELETRONEUROMIOGRAFIA;0211050083;ELETRONEUROMIOGRAMA (ENMG);FRANCISCA DE LIMA;1959-07-30;MINELVINA MARIA DA CONCEICAO;700404353638050;88336999434;FEMININO;673033470;4;97;44;2910;1;G578;OUTRAS MONONEUROPATIAS DOS MEMBROS INFERIORES 
2026-06-23 19:59:58;500769;SAO GABRIEL DO OESTE;6354265;CENTRAL DE REGULACAO DE SAO GABRIEL DO OESTE;500769;SAO GABRIEL DO OESTE;1;1;2026-06-10 15:10:16;0601000;ELETRONEUROMIOGRAFIA - MEMBROS INFERIORES (MID/MIE);0601000;GRUPO - ELETRONEUROMIOGRAFIA;0211050083;ELETRONEUROMIOGRAMA (ENMG);LUCIANA LUGO MORINIGO;1970-12-13;ROSARIA GONCALVES LUGO;707801605609913;01542008166;FEMININO;672673851;4;96;44;2880;1;I839;VARIZES DOS MEMBROS INFERIORES SEM ULCERA OU INFLAMACAO 
2026-06-23 19:59:58;500769;SAO GABRIEL DO OESTE;6354265;CENTRAL DE REGULACAO DE SAO GABRIEL DO OESTE;500769;SAO GABRIEL DO OESTE;1;1;2026-06-10 10:07:40;0601000;ELETRONEUROMIOGRAFIA - MEMBROS INFERIORES (MID/MIE);0601000;GRUPO - ELETRONEUROMIOGRAFIA;0211050083;ELETRONEUROMIOGRAMA (ENMG);ELIANE GOTERRA;1966-12-16;ELZA ALBINO GOTERRA;708907758880314;35811889100;FEMININO;672535318;4;95;44;2850;1;I839;VARIZES DOS MEMBROS INFERIORES SEM ULCERA OU INFLAMACAO 
2026-06-23 19:59:58;500769;SAO GABRIEL DO OESTE;6354265;CENTRAL DE REGULACAO DE SAO GABRIEL DO OESTE;500769;SAO GABRIEL DO OESTE;1;1;2026-06-09 16:26:39;0601000;ELETRONEUROMIOGRAFIA - MEMBROS INFERIORES (MID/MIE);0601000;GRUPO - ELETRONEUROMIOGRAFIA;0211050083;ELETRONEUROMIOGRAMA (ENMG);MARIA CORREIA DOS SANTOS;1974-10-04;MARIA ROSA DOS SANTOS;705006887340254;78833965520;FEMININO;672422318;4;94;44;2820;1;M545;DOR LOMBAR BAIXA 
2026-06-23 19:59:58;500769;SAO GABRIEL DO OESTE;6354265;CENTRAL DE REGULACAO DE SAO GABRIEL DO OESTE;500769;SAO GABRIEL DO OESTE;1;1;2026-06-09 10:57:27;0601000;ELETRONEUROMIOGRAFIA - MEMBROS INFERIORES (MID/MIE);0601000;GRUPO - ELETRONEUROMIOGRAFIA;0211050083;ELETRONEUROMIOGRAMA (ENMG);ALDA VIEIRA DE FREITAS;1956-04-13;CONSTANTINA VIEIRA;708000801945720;51130831191;FEMININO;672278061;4;92;44;2760;1;M62;OUTROS TRANSTORNOS MUSCULARES
2026-06-23 19:59:58;500769;SAO GABRIEL DO OESTE;6354265;CENTRAL DE REGULACAO DE SAO GABRIEL DO OESTE;500769;SAO GABRIEL DO OESTE;1;1;2026-06-08 08:27:42;0601000;ELETRONEUROMIOGRAFIA - MEMBROS INFERIORES (MID/MIE);0601000;GRUPO - ELETRONEUROMIOGRAFIA;0211050083;ELETRONEUROMIOGRAMA (ENMG);WIVIANE ALVES DE SOUZA NORBEQUE;1988-12-17;MARIA APARECIDA ALVES DE SOUZA;700006937680109;03408976198;FEMININO;671886491;4;91;44;2730;1;G632;POLINEUROPATIA DIABETICA (E10-E14+ COM QUARTO CARACTERE COMUM .4) 
2026-06-23 19:59:58;500769;SAO GABRIEL DO OESTE;6354265;CENTRAL DE REGULACAO DE SAO GABRIEL DO OESTE;500769;SAO GABRIEL DO OESTE;1;1;2026-05-19 17:16:44;0601000;ELETRONEUROMIOGRAFIA - MEMBROS INFERIORES (MID/MIE);0601000;GRUPO - ELETRONEUROMIOGRAFIA;0211050083;ELETRONEUROMIOGRAMA (ENMG);SALETE BOMBARDA;1965-06-07;PIERINA DAL PRA BOMBARDA;700004293893606;08998352877;FEMININO;668555155;4;85;44;2550;1;M541;RADICULOPATIA 
2026-06-23 19:59:58;500769;SAO GABRIEL DO OESTE;6354265;CENTRAL DE REGULACAO DE SAO GABRIEL DO OESTE;500769;SAO GABRIEL DO OESTE;1;1;2026-05-14 09:37:50;0601000;ELETRONEUROMIOGRAFIA - MEMBROS INFERIORES (MID/MIE);0601000;GRUPO - ELETRONEUROMIOGRAFIA;0211050083;ELETRONEUROMIOGRAMA (ENMG);RUFINO CACERES BRITO;1941-12-08;MARIA VENANCIA BRITO;702408584057525;06338806127;MASCULINO;667532072;4;84;44;2520;1;M511;TRANSTORNOS DE DISCOS LOMBARES E DE OUTROS DISCOS INTERVERTEBRAIS COM RADICULOPATIA 
2026-06-23 19:59:58;500769;SAO GABRIEL DO OESTE;6354265;CENTRAL DE REGULACAO DE SAO GABRIEL DO OESTE;500769;SAO GABRIEL DO OESTE;1;1;2026-05-08 07:50:29;0601000;ELETRONEUROMIOGRAFIA - MEMBROS INFERIORES (MID/MIE);0601000;GRUPO - ELETRONEUROMIOGRAFIA;0211050083;ELETRONEUROMIOGRAMA (ENMG);VALDENICE DA SILVA ALVES LOPES;1976-10-25;DORALICE DA SILVA ALVES LOPES;706206004008461;01289091102;FEMININO;666385873;4;83;44;2490;1;I839;VARIZES DOS MEMBROS INFERIORES SEM ULCERA OU INFLAMACAO 
2026-06-23 19:59:58;500769;SAO GABRIEL DO OESTE;6354265;CENTRAL DE REGULACAO DE SAO GABRIEL DO OESTE;500769;SAO GABRIEL DO OESTE;1;1;2026-05-06 10:34:00;0601000;ELETRONEUROMIOGRAFIA - MEMBROS INFERIORES (MID/MIE);0601000;GRUPO - ELETRONEUROMIOGRAFIA;0211050083;ELETRONEUROMIOGRAMA (ENMG);ILARIA REINALDA MARTINS DA SILVA;1972-01-08;FRANCISCA OLGA DALL AGNOL;702006894435287;00390365106;FEMININO;665918067;4;81;44;2430;1;E108;DIABETES MELLITUS INSULINO-DEPENDENTE - COM COMPLICACOES NAO ESPECIFICADAS 
2026-06-23 19:59:58;500769;SAO GABRIEL DO OESTE;6354265;CENTRAL DE REGULACAO DE SAO GABRIEL DO OESTE;500769;SAO GABRIEL DO OESTE;1;1;2026-04-28 11:10:03;0601000;ELETRONEUROMIOGRAFIA - MEMBROS INFERIORES (MID/MIE);0601000;GRUPO - ELETRONEUROMIOGRAFIA;0211050083;ELETRONEUROMIOGRAMA (ENMG);LIDIA MARTINS CASTILHO;1968-11-12;CECY CASTILHO DA SILVA;705003668145852;56217927187;FEMININO;664400623;4;79;44;2370;1;M545;DOR LOMBAR BAIXA 
2026-06-23 19:59:58;500769;SAO GABRIEL DO OESTE;6354265;CENTRAL DE REGULACAO DE SAO GABRIEL DO OESTE;500769;SAO GABRIEL DO OESTE;1;1;2026-04-22 14:27:26;0601000;ELETRONEUROMIOGRAFIA - MEMBROS INFERIORES (MID/MIE);0601000;GRUPO - ELETRONEUROMIOGRAFIA;0211050083;ELETRONEUROMIOGRAMA (ENMG);DALVACI ALVES DE OLIVEIRA;1966-10-01;MARIA DAS NEVES ALVES DE OLIVEIRA;702906553937470;76160700430;FEMININO;663309582;4;78;44;2340;1;M549;DORSALGIA NAO ESPECIFICADA 
2026-06-23 19:59:58;500769;SAO GABRIEL DO OESTE;6354265;CENTRAL DE REGULACAO DE SAO GABRIEL DO OESTE;500769;SAO GABRIEL DO OESTE;1;1;2026-04-21 12:20:23;0601000;ELETRONEUROMIOGRAFIA - MEMBROS INFERIORES (MID/MIE);0601000;GRUPO - ELETRONEUROMIOGRAFIA;0211050083;ELETRONEUROMIOGRAMA (ENMG);SANDRA BISPO DOS SANTOS;1967-11-01;CARMELITA DOS SANTOS;702602742015340;00885456106;FEMININO;663096484;4;77;44;2310;1;M545;DOR LOMBAR BAIXA 
2026-06-23 19:59:58;500769;SAO GABRIEL DO OESTE;6354265;CENTRAL DE REGULACAO DE SAO GABRIEL DO OESTE;500769;SAO GABRIEL DO OESTE;1;1;2026-04-21 12:16:40;0601000;ELETRONEUROMIOGRAFIA - MEMBROS INFERIORES (MID/MIE);0601000;GRUPO - ELETRONEUROMIOGRAFIA;0211050083;ELETRONEUROMIOGRAMA (ENMG);SEBASTIAO BARBOSA DE ARRUDA NETO;1968-01-30;SIVIRINA DOURADO DE ARRUDA;700505727002958;44467168168;MASCULINO;663096426;4;75;44;2250;1;G632;POLINEUROPATIA DIABETICA (E10-E14+ COM QUARTO CARACTERE COMUM .4) 
2026-06-23 19:59:58;500769;SAO GABRIEL DO OESTE;6354265;CENTRAL DE REGULACAO DE SAO GABRIEL DO OESTE;500769;SAO GABRIEL DO OESTE;1;1;2026-04-21 12:10:43;0601000;ELETRONEUROMIOGRAFIA - MEMBROS INFERIORES (MID/MIE);0601000;GRUPO - ELETRONEUROMIOGRAFIA;0211050083;ELETRONEUROMIOGRAMA (ENMG);SHEILA MARA PIRES;1987-09-23;NEUZA APARECIDA CAMARGO FLORES PIRES;703400584840700;01534646159;FEMININO;663096342;4;74;44;2220;1;G579;MONONEUROPATIA DOS MEMBROS INFERIORES, NAO ESPECIFICADA 
2026-06-23 19:59:58;500769;SAO GABRIEL DO OESTE;6354265;CENTRAL DE REGULACAO DE SAO GABRIEL DO OESTE;500769;SAO GABRIEL DO OESTE;1;1;2026-04-21 11:47:30;0601000;ELETRONEUROMIOGRAFIA - MEMBROS INFERIORES (MID/MIE);0601000;GRUPO - ELETRONEUROMIOGRAFIA;0211050083;ELETRONEUROMIOGRAMA (ENMG);TRINDADE MAGALHAES;1973-06-18;FRANCISCA DE LIMA MAGALHAES;704806564735340;63718537168;FEMININO;663095982;4;70;44;2100;1;G57;MONONEUROPATIAS DOS MEMBROS INFERIORES
2026-06-23 19:59:58;500769;SAO GABRIEL DO OESTE;6452116;CENTRO DE ESPECIALIDADES MEDICAS;500769;SAO GABRIEL DO OESTE;0;1;2026-06-19 09:11:58;0701224;CONSULTA EM NEUROLOGIA - GERAL;;;0301010072;CONSULTA MEDICA EM ATENÇÃO ESPECIALIZADA;JUNIOR HERMENEGILDO MAXIMO;1989-05-04;ANA MARIA MAXIMO;702702115853460;03591366137;MASCULINO;674424223;4;3;21;1;67;Z001;EXAME DE ROTINA DE SAUDE DA CRIANCA 
2026-06-23 19:59:58;500769;SAO GABRIEL DO OESTE;6452116;CENTRO DE ESPECIALIDADES MEDICAS;500769;SAO GABRIEL DO OESTE;0;1;2026-06-18 17:00:31;0701224;CONSULTA EM NEUROLOGIA - GERAL;;;0301010072;CONSULTA MEDICA EM ATENÇÃO ESPECIALIZADA;SEMILDO DIELL;1946-11-30;ELVIRA DIELL;705802470859237;14987023091;MASCULINO;674365181;4;2;21;1;67;Z016;EXAME RADIOLOGICO NAO CLASSIFICADO EM OUTRA PARTE 
2026-06-23 19:59:58;500769;SAO GABRIEL DO OESTE;2370999;UNIDADE DE SAUDE DA FAMILIA FENIX IV;500769;SAO GABRIEL DO OESTE;0;1;2026-06-17 17:18:52;0701224;CONSULTA EM NEUROLOGIA - GERAL;;;0301010072;CONSULTA MEDICA EM ATENÇÃO ESPECIALIZADA;MARCELA DE CARVALHO SILVA;1991-08-01;VALDECI MARIA DE CARVALHO SILVA;707306026155170;05681503500;FEMININO;674095908;4;1;21;0;67;G43;ENXAQUECA
2026-06-23 19:59:58;500769;SAO GABRIEL DO OESTE;8176132;CASA ROSA;500769;SAO GABRIEL DO OESTE;0;1;2026-06-17 14:02:38;0701379;CONSULTA EM FONOAUDIOLOIGA - RETORNO;;;0301010048;CONSULTA DE PROFISSIONAIS DE NIVEL SUPERIOR NA ATENÇÃO ESPECIALIZADA (EXCETO MÉDICO);AYLLA SOFIA VIEIRA DE SOUZA;2026-02-15;DANIELA BARBOSA VIEIRA;708606525767185;12968616196;FEMININO;674027691;4;1;22;1;26;Z016;EXAME RADIOLOGICO NAO CLASSIFICADO EM OUTRA PARTE 
2026-06-23 19:59:58;500769;SAO GABRIEL DO OESTE;5971055;UNIDADE DE SAUDE DA FAMILIA VIII;500769;SAO GABRIEL DO OESTE;0;1;2026-06-18 16:49:37;0701866;CONSULTA EM ONCOLOGIA;;;0301010072;CONSULTA MEDICA EM ATENÇÃO ESPECIALIZADA;SILEONICE NOGUEIRA DE ASSIS;1967-03-17;GENITA NOGUEIRA DE ASSIS;700405481082242;40350029172;FEMININO;674362218;4;1;2;1;24;N63;NODULO MAMARIO NAO ESPECIFICADO 
2026-06-23 19:59:58;500769;SAO GABRIEL DO OESTE;7002084;UNIDADE DE SAUDE DA FAMILIA IX;500769;SAO GABRIEL DO OESTE;0;1;2026-06-17 15:02:17;0701877;CONSULTA EM GINECOLOGIA - PARA PLANEJAMENTO FAMILIAR;;;0301010064;CONSULTA MEDICA EM ATENÇÃO PRIMÁRIA;BRUNA ALVES FERREIRA;1999-01-08;OLANDI ALVES;702406512751423;06960139163;FEMININO;674055795;4;9;32;23;12;Z30;ANTICONCEPCAO
2026-06-23 19:59:58;500769;SAO GABRIEL DO OESTE;8176132;CASA ROSA;500769;SAO GABRIEL DO OESTE;0;1;2026-06-17 10:21:18;0701877;CONSULTA EM GINECOLOGIA - PARA PLANEJAMENTO FAMILIAR;;;0301010064;CONSULTA MEDICA EM ATENÇÃO PRIMÁRIA;IVANE MARIA KUFFEL DE FLESCH;1988-12-26;SALETE LUCIA WUITSCHICK;703001819409073;70688778186;FEMININO;673934391;4;8;32;20;12;Z00;EXAME GERAL E INVESTIGACAO DE PESSOAS SEM QUEIXAS OU DIAGNOSTICO RELATADO
2026-06-23 19:59:58;500769;SAO GABRIEL DO OESTE;8176132;CASA ROSA;500769;SAO GABRIEL DO OESTE;0;1;2026-06-17 09:45:33;0701877;CONSULTA EM GINECOLOGIA - PARA PLANEJAMENTO FAMILIAR;;;0301010064;CONSULTA MEDICA EM ATENÇÃO PRIMÁRIA;KAOARA DAMM VIANA;2001-07-27;ROSANE DAMM;700303929684030;06868718128;FEMININO;673912893;4;7;32;18;12;Z00;EXAME GERAL E INVESTIGACAO DE PESSOAS SEM QUEIXAS OU DIAGNOSTICO RELATADO
2026-06-23 19:59:58;500769;SAO GABRIEL DO OESTE;2370964;UNIDADE DE SAUDE DA FAMILIA III;500769;SAO GABRIEL DO OESTE;0;1;2026-06-17 08:40:35;0701877;CONSULTA EM GINECOLOGIA - PARA PLANEJAMENTO FAMILIAR;;;0301010064;CONSULTA MEDICA EM ATENÇÃO PRIMÁRIA;SONJA ROA CASSIANO;1995-02-19;SEBASTIANA ROA;704001377281768;05004792160;FEMININO;673875329;4;6;32;15;12;Z302;ESTERILIZACAO 
2026-06-23 19:59:58;500769;SAO GABRIEL DO OESTE;8176132;CASA ROSA;500769;SAO GABRIEL DO OESTE;0;1;2026-06-16 09:33:07;0701877;CONSULTA EM GINECOLOGIA - PARA PLANEJAMENTO FAMILIAR;;;0301010064;CONSULTA MEDICA EM ATENÇÃO PRIMÁRIA;TIALES CARNEIRO DA SILVA;1982-10-01;MARIA APARECIDA CARNEIRO DA SILVA;700204443724624;96261447187;MASCULINO;673619322;4;5;32;13;12;Z00;EXAME GERAL E INVESTIGACAO DE PESSOAS SEM QUEIXAS OU DIAGNOSTICO RELATADO
2026-06-23 19:59:58;500769;SAO GABRIEL DO OESTE;2370964;UNIDADE DE SAUDE DA FAMILIA III;500769;SAO GABRIEL DO OESTE;0;1;2026-06-12 14:29:33;0701877;CONSULTA EM GINECOLOGIA - PARA PLANEJAMENTO FAMILIAR;;;0301010064;CONSULTA MEDICA EM ATENÇÃO PRIMÁRIA;DAIANE DA SILVA PEREIRA;1996-07-09;ROSANGELA VIEIRA DA SILVA;703107342935660;04546457162;FEMININO;673180854;4;4;32;10;12;Z302;ESTERILIZACAO 
2026-06-23 19:59:58;500769;SAO GABRIEL DO OESTE;5971055;UNIDADE DE SAUDE DA FAMILIA VIII;500769;SAO GABRIEL DO OESTE;0;1;2026-06-11 15:43:06;0701877;CONSULTA EM GINECOLOGIA - PARA PLANEJAMENTO FAMILIAR;;;0301010064;CONSULTA MEDICA EM ATENÇÃO PRIMÁRIA;BRUNA DA CONCEICAO SALES;1992-05-11;ANGELA BEZERRA DA CONCEICAO;706407629428480;40539559806;FEMININO;672968593;4;3;32;8;12;Z000;EXAME MEDICO GERAL 
2026-06-23 19:59:58;500769;SAO GABRIEL DO OESTE;8176132;CASA ROSA;500769;SAO GABRIEL DO OESTE;0;1;2026-06-10 15:31:56;0701877;CONSULTA EM GINECOLOGIA - PARA PLANEJAMENTO FAMILIAR;;;0301010064;CONSULTA MEDICA EM ATENÇÃO PRIMÁRIA;ROBERTO DE SOUZA;1997-09-22;LECIVAN DE SOUZA BRITO;704606113491023;07230711525;MASCULINO;672684852;4;2;32;5;12;Z00;EXAME GERAL E INVESTIGACAO DE PESSOAS SEM QUEIXAS OU DIAGNOSTICO RELATADO
2026-06-23 19:59:58;500769;SAO GABRIEL DO OESTE;8176132;CASA ROSA;500769;SAO GABRIEL DO OESTE;0;1;2026-06-10 11:36:52;0701877;CONSULTA EM GINECOLOGIA - PARA PLANEJAMENTO FAMILIAR;;;0301010064;CONSULTA MEDICA EM ATENÇÃO PRIMÁRIA;NEUCILLENE DA SILVA RODRIGUES;1987-12-27;LUCEMAR DA SILVA JESUS RODRIGUES;700603983348563;01640799125;FEMININO;672591010;4;1;32;3;12;Z302;ESTERILIZACAO 
2026-06-23 19:59:58;500769;SAO GABRIEL DO OESTE;7333218;UNIDADE DE SAUDE DA FAMILIA X;500769;SAO GABRIEL DO OESTE;0;1;2026-06-19 11:49:21;0703168;ATENDIMENTO INDIVIDUAL DE PACIENTE EM CENTRO-ATENCAO PSICOSSOCIAL;;;0301080020;ACOLHIMENTO NOTURNO DE PACIENTE EM CENTRO DE ATENÇÃO PSICOSSOCIAL;TAJI OTTONI;1977-08-18;LOURDES LUPATINI OTTONI;706506391089697;81878095153;MASCULINO;674503301;4;1;17;1;30;F431;ESTADO DE "STRESS" POS-TRAUMATICO 
2026-06-23 19:59:58;500769;SAO GABRIEL DO OESTE;7002084;UNIDADE DE SAUDE DA FAMILIA IX;500769;SAO GABRIEL DO OESTE;1;1;2026-04-24 16:06:22;0703788;ELETROCARDIOGRAMA - AGENDA LOCAL;;;0211020036;ELETROCARDIOGRAMA;SONIA CRISTINA FERREIRA PAULO DA SILVA;1982-04-30;NOELI FERREIRA PAULO;704701734178532;69893179220;FEMININO;663881470;4;1;3;3;10;Z000;EXAME MEDICO GERAL 
2026-06-23 19:59:58;500769;SAO GABRIEL DO OESTE;6452116;CENTRO DE ESPECIALIDADES MEDICAS;500769;SAO GABRIEL DO OESTE;1;1;2026-06-01 13:05:08;0710992;ECOCARDIOGRAMA INFANTIL;;;0205010032;ECOCARDIOGRAFIA TRANSTORACICA;ANTONELLA SERPA FLEITAS;2026-05-02;GLEIBIANY DE SOUZA SERPA;703109362738560;13080856139;FEMININO;671015374;4;8;5;60;4;I37;TRANSTORNOS DA VALVA PULMONAR
2026-06-23 19:59:58;500769;SAO GABRIEL DO OESTE;6452116;CENTRO DE ESPECIALIDADES MEDICAS;500769;SAO GABRIEL DO OESTE;1;1;2026-06-01 12:56:20;0710992;ECOCARDIOGRAMA INFANTIL;;;0205010032;ECOCARDIOGRAFIA TRANSTORACICA;ARTHUR MIGUEL BARBOSA FREITAS;2024-10-17;MILENA GOMES BARBOSA;703001898135176;12330666179;MASCULINO;671013255;4;7;5;53;4;R23;OUTRAS ALTERACOES CUTANEAS
2026-06-23 19:59:58;500769;SAO GABRIEL DO OESTE;6452116;CENTRO DE ESPECIALIDADES MEDICAS;500769;SAO GABRIEL DO OESTE;1;1;2026-05-28 07:42:48;0710992;ECOCARDIOGRAMA INFANTIL;;;0205010032;ECOCARDIOGRAFIA TRANSTORACICA;CECILIA RIBEIRO DOS SANTOS;2026-03-28;DAIANA RIBEIRO DO AMARAL;703602078463535;;FEMININO;670283317;4;6;5;45;4;Z00;EXAME GERAL E INVESTIGACAO DE PESSOAS SEM QUEIXAS OU DIAGNOSTICO RELATADO
2026-06-23 19:59:58;500769;SAO GABRIEL DO OESTE;8176132;CASA ROSA;500769;SAO GABRIEL DO OESTE;1;1;2026-05-22 10:01:05;0710992;ECOCARDIOGRAMA INFANTIL;;;0205010032;ECOCARDIOGRAFIA TRANSTORACICA;FERNANDA NAOMI AREDES RODRIGUES CHAVES;2020-02-12;RUTH MOURA AREDES;706806285982720;10618307133;FEMININO;669188089;4;5;5;38;4;Q211;COMUNICACAO INTERATRIAL 
2026-06-23 19:59:58;500769;SAO GABRIEL DO OESTE;8176132;CASA ROSA;500769;SAO GABRIEL DO OESTE;1;1;2026-05-20 15:47:23;0710992;ECOCARDIOGRAMA INFANTIL;;;0205010032;ECOCARDIOGRAFIA TRANSTORACICA;VITOR RAUPP SOUZA;2023-04-20;LUANA RAUPP;701007896975699;11941347185;MASCULINO;668805065;4;4;5;30;4;Z00;EXAME GERAL E INVESTIGACAO DE PESSOAS SEM QUEIXAS OU DIAGNOSTICO RELATADO
2026-06-23 19:59:58;500769;SAO GABRIEL DO OESTE;8176132;CASA ROSA;500769;SAO GABRIEL DO OESTE;1;1;2026-05-14 12:53:54;0710992;ECOCARDIOGRAMA INFANTIL;;;0205010032;ECOCARDIOGRAFIA TRANSTORACICA;RN DE ANA PAULA DE ARAUJO NASCIMENTO;2026-03-05;ANA PAULA DE ARAUJO NASCIMENTO;898006440260393;;FEMININO;667624335;4;3;5;23;4;P073;OUTROS RECEM-NASCIDOS DE PRE-TERMO 
2026-06-23 19:59:58;500769;SAO GABRIEL DO OESTE;8176132;CASA ROSA;500769;SAO GABRIEL DO OESTE;1;1;2026-05-14 12:45:45;0710992;ECOCARDIOGRAMA INFANTIL;;;0205010032;ECOCARDIOGRAFIA TRANSTORACICA;GUSTAVO RODRIGUES LUGO;2025-10-01;DAIANE ROBERTO RODRIGUES;704203269726088;12785868145;MASCULINO;667622558;4;2;5;15;4;Z001;EXAME DE ROTINA DE SAUDE DA CRIANCA 
2026-06-23 19:59:58;500769;SAO GABRIEL DO OESTE;6452116;CENTRO DE ESPECIALIDADES MEDICAS;500769;SAO GABRIEL DO OESTE;1;1;2026-05-06 14:38:27;0710992;ECOCARDIOGRAMA INFANTIL;;;0205010032;ECOCARDIOGRAFIA TRANSTORACICA;JOAO LUCAS CARDOSO SANTANA;2025-09-22;VANUSA PEREIRA CARDOSO;706803721516628;12776164181;MASCULINO;666020465;4;1;5;8;4;Z00;EXAME GERAL E INVESTIGACAO DE PESSOAS SEM QUEIXAS OU DIAGNOSTICO RELATADO
2026-06-23 19:59:58;500769;SAO GABRIEL DO OESTE;6354265;CENTRAL DE REGULACAO DE SAO GABRIEL DO OESTE;500769;SAO GABRIEL DO OESTE;1;1;2026-06-19 10:29:49;0710992;ECOCARDIOGRAMA INFANTIL;;;0205010032;ECOCARDIOGRAFIA TRANSTORACICA;HERICK MATHEUS ALVES DE SOUZA;2022-02-01;CRISTINA DOS SANTOS DE SOUZA;702500374117132;11478092165;MASCULINO;674464904;4;16;5;120;4;R01;SOPROS E OUTROS RUIDOS CARDIACOS
2026-06-23 19:59:58;500769;SAO GABRIEL DO OESTE;8176132;CASA ROSA;500769;SAO GABRIEL DO OESTE;1;1;2026-06-17 09:24:11;0710992;ECOCARDIOGRAMA INFANTIL;;;0205010032;ECOCARDIOGRAFIA TRANSTORACICA;AGATHA RODRIGUES DA SILVA;2026-06-02;SILMARA ANDRESSA RODRIGUES DA SILVA;704604613742821;13133190156;FEMININO;673900062;4;15;5;113;4;R060;DISPNEIA 
2026-06-23 19:59:58;500769;SAO GABRIEL DO OESTE;6452116;CENTRO DE ESPECIALIDADES MEDICAS;500769;SAO GABRIEL DO OESTE;1;1;2026-06-15 15:06:59;0710992;ECOCARDIOGRAMA INFANTIL;;;0205010032;ECOCARDIOGRAFIA TRANSTORACICA;RN DE TATIANE VENCIO DA SILVA;2026-01-20;TATIANE VENCIO DA SILVA;898006436407458;;MASCULINO;673488456;4;14;5;105;4;Z00;EXAME GERAL E INVESTIGACAO DE PESSOAS SEM QUEIXAS OU DIAGNOSTICO RELATADO
2026-06-23 19:59:58;500769;SAO GABRIEL DO OESTE;6452116;CENTRO DE ESPECIALIDADES MEDICAS;500769;SAO GABRIEL DO OESTE;1;1;2026-06-15 14:46:49;0710992;ECOCARDIOGRAMA INFANTIL;;;0205010032;ECOCARDIOGRAFIA TRANSTORACICA;RAVI GABRIEL CAVALCANTE DE FREITAS;2025-10-31;CRISLAINE CAVALCANTE DE FREITAS;700506917224650;12830274105;MASCULINO;673477894;4;13;5;98;4;Q219;MALFORMACAO CONGENITA NAO ESPECIFICADA DE SEPTO CARDIACO 
2026-06-23 19:59:58;500769;SAO GABRIEL DO OESTE;6452116;CENTRO DE ESPECIALIDADES MEDICAS;500769;SAO GABRIEL DO OESTE;1;1;2026-06-15 10:56:29;0710992;ECOCARDIOGRAMA INFANTIL;;;0205010032;ECOCARDIOGRAFIA TRANSTORACICA;HENRI EMILIANI;2025-12-17;ISIS EMILIANI CAMARGO;708609066677885;12890168107;MASCULINO;673385117;4;12;5;90;4;Q219;MALFORMACAO CONGENITA NAO ESPECIFICADA DE SEPTO CARDIACO 
2026-06-23 19:59:58;500769;SAO GABRIEL DO OESTE;6452116;CENTRO DE ESPECIALIDADES MEDICAS;500769;SAO GABRIEL DO OESTE;1;1;2026-06-11 10:03:49;0710992;ECOCARDIOGRAMA INFANTIL;;;0205010032;ECOCARDIOGRAFIA TRANSTORACICA;JOAQUIM ANISIO VIEIRA BRITO;2026-03-11;LUANA FELIX VIEIRA;707805677127315;13007176107;MASCULINO;672819152;4;11;5;83;4;Z00;EXAME GERAL E INVESTIGACAO DE PESSOAS SEM QUEIXAS OU DIAGNOSTICO RELATADO
2026-06-23 19:59:58;500769;SAO GABRIEL DO OESTE;8176132;CASA ROSA;500769;SAO GABRIEL DO OESTE;1;1;2026-06-10 10:57:44;0710992;ECOCARDIOGRAMA INFANTIL;;;0205010032;ECOCARDIOGRAFIA TRANSTORACICA;REBECA APARECIDA MACHADO DA SILVA;2020-03-26;FRANCIELE MACHADO COSTA;706303784779671;10675952107;FEMININO;672567704;4;10;5;75;4;Z00;EXAME GERAL E INVESTIGACAO DE PESSOAS SEM QUEIXAS OU DIAGNOSTICO RELATADO
2026-06-23 19:59:58;500769;SAO GABRIEL DO OESTE;8176132;CASA ROSA;500769;SAO GABRIEL DO OESTE;1;1;2026-06-02 14:49:41;0710992;ECOCARDIOGRAMA INFANTIL;;;0205010032;ECOCARDIOGRAFIA TRANSTORACICA;RAVI LUAN ANDRADE DA SILVA;2026-05-27;JOSILAINE MESSIAS DE ANDRADE SOUZA;704600665505320;13116691169;MASCULINO;671368094;4;9;5;68;4;Q210;COMUNICACAO INTERVENTRICULAR 
2026-06-23 19:59:58;500769;SAO GABRIEL DO OESTE;8176132;CASA ROSA;500769;SAO GABRIEL DO OESTE;1;1;2026-06-09 14:48:12;1406043;ULTRASSONOGRAFIA DOPPLER DE FLUXO OBSTETRICO;;;0205010059;ULTRASSONOGRAFIA DOPPLER DE FLUXO OBSTETRICO;ESTEFANI FERREIRA BEZERRA;2007-03-13;JOCILAINE RODRIGUES FERREIRA;706001866436841;09869392180;FEMININO;672374718;4;1;16;23;1;Z001;EXAME DE ROTINA DE SAUDE DA CRIANCA 
2026-06-23 19:59:58;500769;SAO GABRIEL DO OESTE;6354265;CENTRAL DE REGULACAO DE SAO GABRIEL DO OESTE;500769;SAO GABRIEL DO OESTE;1;1;2026-05-04 10:36:06;1700012;COLONOSCOPIA;;;0209010029;COLONOSCOPIA (COLOSCOPIA);MARIA CARMELINA DUTRA DA SILVA;1962-08-16;AUDELINA MORAIS DUTRA;706200528607261;35721510153;FEMININO;665313432;4;55;31;183;9;A09;DIARREIA E GASTROENTERITE DE ORIGEM INFECCIOSA PRESUMIVEL 
2026-06-23 19:59:58;500769;SAO GABRIEL DO OESTE;6354265;CENTRAL DE REGULACAO DE SAO GABRIEL DO OESTE;500769;SAO GABRIEL DO OESTE;1;1;2026-05-04 10:30:49;1700012;COLONOSCOPIA;;;0209010029;COLONOSCOPIA (COLOSCOPIA);MARGARIDA RODRIGUES LIMA;1960-03-07;MARIA RITA DE SOUZA LIMA;700001088813601;30930995104;FEMININO;665309789;4;54;31;180;9;R10;DOR ABDOMINAL E PELVICA
2026-06-23 19:59:58;500769;SAO GABRIEL DO OESTE;6354265;CENTRAL DE REGULACAO DE SAO GABRIEL DO OESTE;500769;SAO GABRIEL DO OESTE;1;1;2026-05-04 10:26:08;1700012;COLONOSCOPIA;;;0209010029;COLONOSCOPIA (COLOSCOPIA);MARCOS PAULO DE OLIVEIRA;1973-07-10;MARIA CORNELIA DE SOUZA;701700264181170;60976209187;MASCULINO;665306574;4;53;31;177;9;K922;HEMORRAGIA GASTROINTESTINAL, SEM OUTRA ESPECIFICACAO 
2026-06-23 19:59:58;500769;SAO GABRIEL DO OESTE;6354265;CENTRAL DE REGULACAO DE SAO GABRIEL DO OESTE;500769;SAO GABRIEL DO OESTE;1;1;2026-05-04 10:23:57;1700012;COLONOSCOPIA;;;0209010029;COLONOSCOPIA (COLOSCOPIA);MOISES BESERRA DA SILVA;1974-02-22;CICERA CANDIDA DA SILVA;705406449608996;93866763115;MASCULINO;665305068;4;52;31;173;9;K591;DIARREIA FUNCIONAL 
2026-06-23 19:59:58;500769;SAO GABRIEL DO OESTE;6354265;CENTRAL DE REGULACAO DE SAO GABRIEL DO OESTE;500769;SAO GABRIEL DO OESTE;1;1;2026-05-04 10:20:43;1700012;COLONOSCOPIA;;;0209010029;COLONOSCOPIA (COLOSCOPIA);MAURO CELSO FAGUNDES AGUIAR;1976-09-08;ANTONIA CLEUSA FAGUNDES AGUIAR;704807032483844;91774705168;MASCULINO;665302791;4;51;31;170;9;Z121;EXAME ESPECIAL DE RASTREAMENTO DE NEOPLASIA DO TRATO INTESTINAL 
2026-06-23 19:59:58;500769;SAO GABRIEL DO OESTE;6354265;CENTRAL DE REGULACAO DE SAO GABRIEL DO OESTE;500769;SAO GABRIEL DO OESTE;1;1;2026-05-04 10:15:18;1700012;COLONOSCOPIA;;;0209010029;COLONOSCOPIA (COLOSCOPIA);MARIA VANDERLITA MARTINS;1956-01-01;SANTA EDITH MARTINS;703001866217576;53134044072;FEMININO;665299092;4;50;31;167;9;Z121;EXAME ESPECIAL DE RASTREAMENTO DE NEOPLASIA DO TRATO INTESTINAL 
2026-06-23 19:59:58;500769;SAO GABRIEL DO OESTE;6354265;CENTRAL DE REGULACAO DE SAO GABRIEL DO OESTE;500769;SAO GABRIEL DO OESTE;1;1;2026-05-04 09:51:07;1700012;COLONOSCOPIA;;;0209010029;COLONOSCOPIA (COLOSCOPIA);MARIA LUCIMAR DE SOUZA CIQUEIRA;1967-02-03;FAUSTINA MARIA DE SOUZA CIQUEIRA;704709742551538;44520255104;FEMININO;665281983;4;49;31;163;9;K591;DIARREIA FUNCIONAL 
2026-06-23 19:59:58;500769;SAO GABRIEL DO OESTE;6354265;CENTRAL DE REGULACAO DE SAO GABRIEL DO OESTE;500769;SAO GABRIEL DO OESTE;1;1;2026-05-04 09:47:42;1700012;COLONOSCOPIA;;;0209010029;COLONOSCOPIA (COLOSCOPIA);JOEL JOSE HAAS LEICHTWEIS;1987-09-02;ERENI HAAS;702409541974128;70176575197;MASCULINO;665279565;4;48;31;160;9;R194;ALTERACAO DO HABITO INTESTINAL 
2026-06-23 19:59:58;500769;SAO GABRIEL DO OESTE;6354265;CENTRAL DE REGULACAO DE SAO GABRIEL DO OESTE;500769;SAO GABRIEL DO OESTE;1;1;2026-05-04 09:44:56;1700012;COLONOSCOPIA;;;0209010029;COLONOSCOPIA (COLOSCOPIA);LEIDE MUNHOS TOME MENDES;1966-02-25;ANTONIA MUNHOS TOME;700504147978053;34045325204;FEMININO;665277610;4;47;31;157;9;K58;SINDROME DO COLON IRRITAVEL
2026-06-23 19:59:58;500769;SAO GABRIEL DO OESTE;6354265;CENTRAL DE REGULACAO DE SAO GABRIEL DO OESTE;500769;SAO GABRIEL DO OESTE;1;1;2026-05-04 09:42:46;1700012;COLONOSCOPIA;;;0209010029;COLONOSCOPIA (COLOSCOPIA);LENIR MARIA GOTSSELIG ANGNES;1965-10-08;ELMA GOTSSELIG ANGNES;700707959995778;45632995020;FEMININO;665276100;4;46;31;153;9;Z121;EXAME ESPECIAL DE RASTREAMENTO DE NEOPLASIA DO TRATO INTESTINAL 
2026-06-23 19:59:58;500769;SAO GABRIEL DO OESTE;6354265;CENTRAL DE REGULACAO DE SAO GABRIEL DO OESTE;500769;SAO GABRIEL DO OESTE;1;1;2026-05-04 09:37:28;1700012;COLONOSCOPIA;;;0209010029;COLONOSCOPIA (COLOSCOPIA);JOAQUINA HELIDA DOS SANTOS;1968-04-27;FRANCISCA CARLOS DOS SANTOS;708907795772910;35811862172;FEMININO;665272550;4;45;31;150;9;Z110;EXAME ESPECIAL DE RASTREAMENTO DE DOENCAS INFECCIOSAS INTESTINAIS 
2026-06-23 19:59:58;500769;SAO GABRIEL DO OESTE;6354265;CENTRAL DE REGULACAO DE SAO GABRIEL DO OESTE;500769;SAO GABRIEL DO OESTE;1;1;2026-05-04 09:32:06;1700012;COLONOSCOPIA;;;0209010029;COLONOSCOPIA (COLOSCOPIA);JONAS WILDE;1978-08-28;GLADOS WILDE;704308501181093;89828992191;MASCULINO;665269148;4;44;31;147;9;Z121;EXAME ESPECIAL DE RASTREAMENTO DE NEOPLASIA DO TRATO INTESTINAL 
2026-06-23 19:59:58;500769;SAO GABRIEL DO OESTE;6354265;CENTRAL DE REGULACAO DE SAO GABRIEL DO OESTE;500769;SAO GABRIEL DO OESTE;1;1;2026-04-30 10:12:49;1700012;COLONOSCOPIA;;;0209010029;COLONOSCOPIA (COLOSCOPIA);VANUSE FERREIRA DA SILVA;1982-09-07;MARIA JOSE FERREIRA ALVES;700103808918490;00474243117;FEMININO;664972082;4;43;31;143;9;Z121;EXAME ESPECIAL DE RASTREAMENTO DE NEOPLASIA DO TRATO INTESTINAL 
2026-06-23 19:59:58;500769;SAO GABRIEL DO OESTE;6354265;CENTRAL DE REGULACAO DE SAO GABRIEL DO OESTE;500769;SAO GABRIEL DO OESTE;1;1;2026-04-29 15:20:57;1700012;COLONOSCOPIA;;;0209010029;COLONOSCOPIA (COLOSCOPIA);MARLENE GUEDIN GINDRI;1964-07-28;ORTENILA BATISTTI GUEDIN;707405083791070;36554316191;FEMININO;664822954;4;42;31;140;9;R10;DOR ABDOMINAL E PELVICA
2026-06-23 19:59:58;500769;SAO GABRIEL DO OESTE;6354265;CENTRAL DE REGULACAO DE SAO GABRIEL DO OESTE;500769;SAO GABRIEL DO OESTE;1;1;2026-04-29 11:43:19;1700012;COLONOSCOPIA;;;0209010029;COLONOSCOPIA (COLOSCOPIA);JUSCELINO PEREIRA MARINHO;1974-08-09;SANTILHA PEREIRA MARINHO;700301904962035;86606980100;MASCULINO;664732194;4;41;31;137;9;R104;OUTRAS DORES ABDOMINAIS E AS NAO ESPECIFICADAS 
2026-06-23 19:59:58;500769;SAO GABRIEL DO OESTE;6354265;CENTRAL DE REGULACAO DE SAO GABRIEL DO OESTE;500769;SAO GABRIEL DO OESTE;1;1;2026-04-29 11:40:28;1700012;COLONOSCOPIA;;;0209010029;COLONOSCOPIA (COLOSCOPIA);JANDIR DALL ACQUA;1953-10-25;MARIA JACY DALL ACQUA;707400018254576;42985994934;MASCULINO;664730785;4;40;31;133;9;R10;DOR ABDOMINAL E PELVICA
2026-06-23 19:59:58;500769;SAO GABRIEL DO OESTE;6354265;CENTRAL DE REGULACAO DE SAO GABRIEL DO OESTE;500769;SAO GABRIEL DO OESTE;1;1;2026-04-29 11:37:26;1700012;COLONOSCOPIA;;;0209010029;COLONOSCOPIA (COLOSCOPIA);JOAO BATISTA PINTO;1943-11-04;JOANA SENHORINHA DE OLIVEIRA;705006475468059;36737399134;MASCULINO;664729236;4;39;31;130;9;K921;MELENA 
2026-06-23 19:59:58;500769;SAO GABRIEL DO OESTE;6354265;CENTRAL DE REGULACAO DE SAO GABRIEL DO OESTE;500769;SAO GABRIEL DO OESTE;1;1;2026-04-29 11:34:43;1700012;COLONOSCOPIA;;;0209010029;COLONOSCOPIA (COLOSCOPIA);JACINTO GOMES SOBRINHO;1950-11-23;MARA INACIA GOMES;702003370647487;10514791187;MASCULINO;664727765;4;38;31;127;9;I84;HEMORROIDAS
2026-06-23 19:59:58;500769;SAO GABRIEL DO OESTE;6354265;CENTRAL DE REGULACAO DE SAO GABRIEL DO OESTE;500769;SAO GABRIEL DO OESTE;1;1;2026-04-29 11:26:48;1700012;COLONOSCOPIA;;;0209010029;COLONOSCOPIA (COLOSCOPIA);LEONINA DE FREITAS BARBOSA;1942-03-21;OLIVIA FURTADO;700008823561404;01631643126;FEMININO;664723334;4;37;31;123;9;K518;OUTRAS COLITES ULCERATIVAS 
2026-06-23 19:59:58;500769;SAO GABRIEL DO OESTE;6354265;CENTRAL DE REGULACAO DE SAO GABRIEL DO OESTE;500769;SAO GABRIEL DO OESTE;1;1;2026-04-29 11:22:22;1700012;COLONOSCOPIA;;;0209010029;COLONOSCOPIA (COLOSCOPIA);JOAO DE SOUZA BRANDAO;1958-12-20;ORMARINA GARCIA DE SOUZA;700205428506221;56186193187;MASCULINO;664720763;4;36;31;120;9;K590;CONSTIPACAO 
2026-06-23 19:59:58;500769;SAO GABRIEL DO OESTE;6354265;CENTRAL DE REGULACAO DE SAO GABRIEL DO OESTE;500769;SAO GABRIEL DO OESTE;1;1;2026-04-29 11:20:26;1700012;COLONOSCOPIA;;;0209010029;COLONOSCOPIA (COLOSCOPIA);JESSICA MARIA DA SILVA FERREIRA;1993-11-25;MARIA ODENILDE DA SILVA FERREIRA;701102016533910;05359094117;FEMININO;664719685;4;35;31;117;9;D126;COLON, NAO ESPECIFICADA 
2026-06-23 19:59:58;500769;SAO GABRIEL DO OESTE;6354265;CENTRAL DE REGULACAO DE SAO GABRIEL DO OESTE;500769;SAO GABRIEL DO OESTE;1;1;2026-04-29 11:12:33;1700012;COLONOSCOPIA;;;0209010029;COLONOSCOPIA (COLOSCOPIA);JOSE SOUZA;1957-09-17;CELINA MARIA DOS SANTOS;704503379567216;44023880906;MASCULINO;664714860;4;34;31;113;9;K566;OUTRAS FORMAS DE OBSTRUCAO INTESTINAL, E AS NAO ESPECIFICADAS 
2026-06-23 19:59:58;500769;SAO GABRIEL DO OESTE;2591359;UNIDADE DE SAUDE DA FAMILIA V;500769;SAO GABRIEL DO OESTE;1;1;2026-04-29 11:09:17;1700012;COLONOSCOPIA;;;0209010029;COLONOSCOPIA (COLOSCOPIA);MARILENE FATIMA PUTON;1958-11-02;LUIZA ZATTA PUTON;705005671281259;32669704034;FEMININO;664712848;4;33;31;110;9;K590;CONSTIPACAO 
2026-06-23 19:59:58;500769;SAO GABRIEL DO OESTE;6354265;CENTRAL DE REGULACAO DE SAO GABRIEL DO OESTE;500769;SAO GABRIEL DO OESTE;1;1;2026-04-29 11:01:44;1700012;COLONOSCOPIA;;;0209010029;COLONOSCOPIA (COLOSCOPIA);GERCINO CARRILHO DE LIMA;1950-06-01;AMALIA CARRILHO DE LIMA;708101171317440;59019255800;MASCULINO;664708100;4;32;31;107;9;R10;DOR ABDOMINAL E PELVICA
2026-06-23 19:59:58;500769;SAO GABRIEL DO OESTE;6354265;CENTRAL DE REGULACAO DE SAO GABRIEL DO OESTE;500769;SAO GABRIEL DO OESTE;1;1;2026-04-29 10:54:57;1700012;COLONOSCOPIA;;;0209010029;COLONOSCOPIA (COLOSCOPIA);FRANCISCO MASCARELLO;1947-06-15;MARIA DOMENICA MASCARELLO;700601476857260;13969781949;MASCULINO;664703704;4;31;31;103;9;Z59;PROBLEMAS RELACIONADOS COM A HABITACAO E COM AS CONDICOES ECONOMICAS
2026-06-23 19:59:58;500769;SAO GABRIEL DO OESTE;6354265;CENTRAL DE REGULACAO DE SAO GABRIEL DO OESTE;500769;SAO GABRIEL DO OESTE;1;1;2026-04-29 10:52:40;1700012;COLONOSCOPIA;;;0209010029;COLONOSCOPIA (COLOSCOPIA);DORFELINA PIRES DA SILVA;1949-02-02;ANA MARIA DA SILVA;704104157276775;27176703191;FEMININO;664702202;4;30;31;100;9;R102;DOR PELVICA E PERINEAL 
2026-06-23 19:59:58;500769;SAO GABRIEL DO OESTE;6354265;CENTRAL DE REGULACAO DE SAO GABRIEL DO OESTE;500769;SAO GABRIEL DO OESTE;1;1;2026-04-29 10:45:36;1700012;COLONOSCOPIA;;;0209010029;COLONOSCOPIA (COLOSCOPIA);ELAINE BALZAN POCAHY;1964-01-10;HERTA SEGATTO BALZAN;705804440078530;60111895120;FEMININO;664697418;4;29;31;97;9;R194;ALTERACAO DO HABITO INTESTINAL 
2026-06-23 19:59:58;500769;SAO GABRIEL DO OESTE;6354265;CENTRAL DE REGULACAO DE SAO GABRIEL DO OESTE;500769;SAO GABRIEL DO OESTE;1;1;2026-04-29 10:19:26;1700012;COLONOSCOPIA;;;0209010029;COLONOSCOPIA (COLOSCOPIA);EDSON DE JESUS MARCONDES BUENO;1985-02-01;TEREZINHA DE JESUS MARCONDES BUENO;700003534609500;01220818119;MASCULINO;664679620;4;28;31;93;9;Z121;EXAME ESPECIAL DE RASTREAMENTO DE NEOPLASIA DO TRATO INTESTINAL 
2026-06-23 19:59:58;500769;SAO GABRIEL DO OESTE;6354265;CENTRAL DE REGULACAO DE SAO GABRIEL DO OESTE;500769;SAO GABRIEL DO OESTE;1;1;2026-04-29 10:14:01;1700012;COLONOSCOPIA;;;0209010029;COLONOSCOPIA (COLOSCOPIA);DIONISIO CAVAGLIERI;1951-12-10;ROSA COSSA CAVAGLIERI;707400015609578;30845319949;MASCULINO;664675875;4;27;31;90;9;K291;OUTRAS GASTRITES AGUDAS 
2026-06-23 19:59:58;500769;SAO GABRIEL DO OESTE;6354265;CENTRAL DE REGULACAO DE SAO GABRIEL DO OESTE;500769;SAO GABRIEL DO OESTE;1;1;2026-04-29 10:11:36;1700012;COLONOSCOPIA;;;0209010029;COLONOSCOPIA (COLOSCOPIA);EVA FLAUSINA DA SILVA DE OLIVEIRA;1953-01-17;SEBASTIANA FLAUSINA DA COSTA;703006849576576;25673408153;FEMININO;664674254;4;26;31;87;9;D50;ANEMIA POR DEFICIENCIA DE FERRO
2026-06-23 19:59:58;500769;SAO GABRIEL DO OESTE;6354265;CENTRAL DE REGULACAO DE SAO GABRIEL DO OESTE;500769;SAO GABRIEL DO OESTE;1;1;2026-04-29 10:09:09;1700012;COLONOSCOPIA;;;0209010029;COLONOSCOPIA (COLOSCOPIA);FAUSTINO INACIO DE OLIVEIRA;1945-12-19;JOVINA PEREIRA DE OLIVEIRA;702000806856581;11028173172;MASCULINO;664672591;4;25;31;83;9;K580;SINDROME DO COLON IRRITAVEL COM DIARREIA 
2026-06-23 19:59:58;500769;SAO GABRIEL DO OESTE;6354265;CENTRAL DE REGULACAO DE SAO GABRIEL DO OESTE;500769;SAO GABRIEL DO OESTE;1;1;2026-04-29 10:06:13;1700012;COLONOSCOPIA;;;0209010029;COLONOSCOPIA (COLOSCOPIA);DENISE DOS SANTOS KELLER;1965-03-23;AURECI AUREA DOS SANTOS;700205938821323;54296668153;FEMININO;664670559;4;24;31;80;9;K635;POLIPO DE COLON 
2026-06-23 19:59:58;500769;SAO GABRIEL DO OESTE;6354265;CENTRAL DE REGULACAO DE SAO GABRIEL DO OESTE;500769;SAO GABRIEL DO OESTE;1;1;2026-04-29 09:56:30;1700012;COLONOSCOPIA;;;0209010029;COLONOSCOPIA (COLOSCOPIA);ANTENOR POLETO;1948-09-07;LEANDRINA RODRIGUES POLETO;700806942845288;14014149900;MASCULINO;664664048;4;23;31;77;9;A09;DIARREIA E GASTROENTERITE DE ORIGEM INFECCIOSA PRESUMIVEL 
2026-06-23 19:59:58;500769;SAO GABRIEL DO OESTE;6354265;CENTRAL DE REGULACAO DE SAO GABRIEL DO OESTE;500769;SAO GABRIEL DO OESTE;1;1;2026-04-29 09:50:58;1700012;COLONOSCOPIA;;;0209010029;COLONOSCOPIA (COLOSCOPIA);ANGELICA DE JESUS;1982-03-05;FELICIA MARIA DE JESUS;700500556222350;00032960166;FEMININO;664660471;4;22;31;73;9;K635;POLIPO DE COLON 
2026-06-23 19:59:58;500769;SAO GABRIEL DO OESTE;6354265;CENTRAL DE REGULACAO DE SAO GABRIEL DO OESTE;500769;SAO GABRIEL DO OESTE;1;1;2026-04-29 09:38:51;1700012;COLONOSCOPIA;;;0209010029;COLONOSCOPIA (COLOSCOPIA);ABEL DA SILVA;1972-04-02;MARINA INES DA SILVA;700004126897903;63932970187;MASCULINO;664652490;4;21;31;70;9;Z000;EXAME MEDICO GERAL 
2026-06-23 19:59:58;500769;SAO GABRIEL DO OESTE;6354265;CENTRAL DE REGULACAO DE SAO GABRIEL DO OESTE;500769;SAO GABRIEL DO OESTE;1;1;2026-04-29 09:33:57;1700012;COLONOSCOPIA;;;0209010029;COLONOSCOPIA (COLOSCOPIA);AURELIA SERVIAM INSABRALDE;1951-03-26;CANTALICIA DUARTE;704807018671442;20088914100;FEMININO;664649255;4;20;31;67;9;K59;OUTROS TRANSTORNOS FUNCIONAIS DO INTESTINO
2026-06-23 19:59:58;500769;SAO GABRIEL DO OESTE;6354265;CENTRAL DE REGULACAO DE SAO GABRIEL DO OESTE;500769;SAO GABRIEL DO OESTE;1;1;2026-04-29 09:28:32;1700012;COLONOSCOPIA;;;0209010029;COLONOSCOPIA (COLOSCOPIA);AMELIA RODRIGUES DE SOUZA;1960-05-16;IZAURA SOUZA DOS SANTOS;704807523677142;81487991134;FEMININO;664645675;4;19;31;63;9;K590;CONSTIPACAO 
2026-06-23 19:59:58;500769;SAO GABRIEL DO OESTE;6354265;CENTRAL DE REGULACAO DE SAO GABRIEL DO OESTE;500769;SAO GABRIEL DO OESTE;1;1;2026-04-29 09:25:09;1700012;COLONOSCOPIA;;;0209010029;COLONOSCOPIA (COLOSCOPIA);CELSO DO NASCIMENTO MONTESSI;1973-06-08;CONCEICAO DO NASCIMENTO MONTESSI;706803296608628;51950596168;MASCULINO;664643502;4;18;31;60;9;R10;DOR ABDOMINAL E PELVICA
2026-06-23 19:59:58;500769;SAO GABRIEL DO OESTE;6354265;CENTRAL DE REGULACAO DE SAO GABRIEL DO OESTE;500769;SAO GABRIEL DO OESTE;1;1;2026-04-29 09:13:33;1700012;COLONOSCOPIA;;;0209010029;COLONOSCOPIA (COLOSCOPIA);CLEONICE MARIA DE NOVAES BALBINO;1971-12-07;MARIA ANTONIA DOS SANTOS;700505377162358;01906153116;FEMININO;664636155;4;17;31;57;9;K591;DIARREIA FUNCIONAL 
2026-06-23 19:59:58;500769;SAO GABRIEL DO OESTE;6354265;CENTRAL DE REGULACAO DE SAO GABRIEL DO OESTE;500769;SAO GABRIEL DO OESTE;1;1;2026-04-29 09:11:24;1700012;COLONOSCOPIA;;;0209010029;COLONOSCOPIA (COLOSCOPIA);ANA MARIA RODRIGUES DA ROSA;1976-09-21;LOURDES MARIA DA ROSA;708200177170547;84321687187;FEMININO;664634845;4;16;31;53;9;K635;POLIPO DE COLON 
2026-06-23 19:59:58;500769;SAO GABRIEL DO OESTE;6354265;CENTRAL DE REGULACAO DE SAO GABRIEL DO OESTE;500769;SAO GABRIEL DO OESTE;1;1;2026-04-29 09:07:56;1700012;COLONOSCOPIA;;;0209010029;COLONOSCOPIA (COLOSCOPIA);ANTONIO DE OLIVEIRA;1966-09-20;MARIA LUZINETE DOS SANTOS;700104992071620;48959111104;MASCULINO;664632748;4;15;31;50;9;Z123;EXAME ESPECIAL DE RASTREAMENTO DE NEOPLASIA DE MAMA 
2026-06-23 19:59:58;500769;SAO GABRIEL DO OESTE;6354265;CENTRAL DE REGULACAO DE SAO GABRIEL DO OESTE;500769;SAO GABRIEL DO OESTE;1;1;2026-04-29 08:51:33;1700012;COLONOSCOPIA;;;0209010029;COLONOSCOPIA (COLOSCOPIA);ALFREDO INACIO DE SOUSA;1955-05-07;LAURA INACIA DE SOUSA;709607629637376;16503520182;MASCULINO;664623143;4;14;31;47;9;K57;DOENCA DIVERTICULAR DO INTESTINO
2026-06-23 19:59:58;500769;SAO GABRIEL DO OESTE;6354265;CENTRAL DE REGULACAO DE SAO GABRIEL DO OESTE;500769;SAO GABRIEL DO OESTE;1;1;2026-04-29 08:49:06;1700012;COLONOSCOPIA;;;0209010029;COLONOSCOPIA (COLOSCOPIA);ADRIANA HENRIQUE DA SILVA;1975-02-20;NATALIA HENRIQUE DA SILVA;700005576066809;60129751120;FEMININO;664621802;4;13;31;43;9;Z121;EXAME ESPECIAL DE RASTREAMENTO DE NEOPLASIA DO TRATO INTESTINAL 
2026-06-23 19:59:58;500769;SAO GABRIEL DO OESTE;6354265;CENTRAL DE REGULACAO DE SAO GABRIEL DO OESTE;500769;SAO GABRIEL DO OESTE;1;1;2026-04-29 08:46:22;1700012;COLONOSCOPIA;;;0209010029;COLONOSCOPIA (COLOSCOPIA);ANA PAULA DRESCHLER DE HAAS;1992-10-21;MIRTES MARIA BERTE DRESCHLER;704009373784061;05470406105;FEMININO;664620319;4;12;31;40;9;R194;ALTERACAO DO HABITO INTESTINAL 
2026-06-23 19:59:58;500769;SAO GABRIEL DO OESTE;6354265;CENTRAL DE REGULACAO DE SAO GABRIEL DO OESTE;500769;SAO GABRIEL DO OESTE;1;1;2026-04-29 08:44:09;1700012;COLONOSCOPIA;;;0209010029;COLONOSCOPIA (COLOSCOPIA);ANDREIA DA ROCHA NANTES;1989-02-15;NOEMIA DA ROCHA LARA;706005347141542;03257699158;FEMININO;664619092;4;11;31;37;9;K59;OUTROS TRANSTORNOS FUNCIONAIS DO INTESTINO
2026-06-23 19:59:58;500769;SAO GABRIEL DO OESTE;6354265;CENTRAL DE REGULACAO DE SAO GABRIEL DO OESTE;500769;SAO GABRIEL DO OESTE;1;1;2026-04-28 11:26:23;1700012;COLONOSCOPIA;;;0209010029;COLONOSCOPIA (COLOSCOPIA);SIDILEI CORREA DOS ANJOS;1977-11-11;ZELI CORREA NETO;701106371993080;71839423170;MASCULINO;664410901;4;10;31;33;9;R195;OUTRAS ANORMALIDADES FECAIS 
2026-06-23 19:59:58;500769;SAO GABRIEL DO OESTE;6354265;CENTRAL DE REGULACAO DE SAO GABRIEL DO OESTE;500769;SAO GABRIEL DO OESTE;1;1;2026-04-28 10:22:01;1700012;COLONOSCOPIA;;;0209010029;COLONOSCOPIA (COLOSCOPIA);RENATA DA CONCEICAO FABIANO;1988-01-20;TEREZA MARIA DA CONCEICAO FABIANO;704805024306147;03510798155;FEMININO;664368395;4;9;31;30;9;J450;ASMA PREDOMINANTEMENTE ALERGICA 
2026-06-23 19:59:58;500769;SAO GABRIEL DO OESTE;6354265;CENTRAL DE REGULACAO DE SAO GABRIEL DO OESTE;500769;SAO GABRIEL DO OESTE;1;1;2026-04-27 14:52:54;1700012;COLONOSCOPIA;;;0209010029;COLONOSCOPIA (COLOSCOPIA);NEUZA FREITAS DE ALMEIDA;1972-06-04;ADELAIDE NOGUEIRA DE ALMEIDA;706906184251835;56893590172;FEMININO;664177025;4;8;31;27;9;R10;DOR ABDOMINAL E PELVICA
2026-06-23 19:59:58;500769;SAO GABRIEL DO OESTE;6354265;CENTRAL DE REGULACAO DE SAO GABRIEL DO OESTE;500769;SAO GABRIEL DO OESTE;1;1;2026-04-21 12:23:02;1700012;COLONOSCOPIA;;;0209010029;COLONOSCOPIA (COLOSCOPIA);MARIA ILMA DE SOUZA;1970-11-05;JULIA MARIA LIMA DE SOUZA;706400612510689;00858503140;FEMININO;663096528;4;7;31;23;9;K922;HEMORRAGIA GASTROINTESTINAL, SEM OUTRA ESPECIFICACAO 
2026-06-23 19:59:58;500769;SAO GABRIEL DO OESTE;6354265;CENTRAL DE REGULACAO DE SAO GABRIEL DO OESTE;500769;SAO GABRIEL DO OESTE;1;1;2026-04-21 12:04:53;1700012;COLONOSCOPIA;;;0209010029;COLONOSCOPIA (COLOSCOPIA);NAIR DO PRADO DA SILVA;1957-02-18;AMELIA PRIMAO DO PRADO;702405037261527;60979615100;FEMININO;663096265;4;6;31;20;9;K635;POLIPO DE COLON 
2026-06-23 19:59:58;500769;SAO GABRIEL DO OESTE;6354265;CENTRAL DE REGULACAO DE SAO GABRIEL DO OESTE;500769;SAO GABRIEL DO OESTE;1;1;2026-04-21 11:49:15;1700012;COLONOSCOPIA;;;0209010029;COLONOSCOPIA (COLOSCOPIA);MARINA GONCALVES;1972-12-25;MARIA AMARO;700008932599801;86684701915;FEMININO;663096015;4;5;31;17;9;K291;OUTRAS GASTRITES AGUDAS 
2026-06-23 19:59:58;500769;SAO GABRIEL DO OESTE;6354265;CENTRAL DE REGULACAO DE SAO GABRIEL DO OESTE;500769;SAO GABRIEL DO OESTE;1;1;2026-04-21 11:24:17;1700012;COLONOSCOPIA;;;0209010029;COLONOSCOPIA (COLOSCOPIA);NANCY LEDA MANSO CUNHA;1951-10-01;DOLORES MANSO CUNHA;701800242315270;23951028149;FEMININO;663095571;4;4;31;13;9;C18;NEOPLASIA MALIGNA DO COLON
2026-06-23 19:59:58;500769;SAO GABRIEL DO OESTE;3400964;UNIDADE DE SAUDE DA FAMILIA RURAL VII;500769;SAO GABRIEL DO OESTE;1;1;2026-04-16 16:16:45;1700012;COLONOSCOPIA;;;0209010029;COLONOSCOPIA (COLOSCOPIA);MARIA ANISIA JARA;1974-05-17;EMILIANA VILASBOAS JARA;700802942176889;79255663100;FEMININO;662671897;4;3;31;10;9;R10;DOR ABDOMINAL E PELVICA
2026-06-23 19:59:58;500769;SAO GABRIEL DO OESTE;2370999;UNIDADE DE SAUDE DA FAMILIA FENIX IV;500769;SAO GABRIEL DO OESTE;1;1;2026-04-14 17:14:59;1700012;COLONOSCOPIA;;;0209010029;COLONOSCOPIA (COLOSCOPIA);ERIKA CUNHA DE OLIVEIRA;1993-08-02;NELCI CUNHA DE OLIVEIRA;700007404604707;00956153267;FEMININO;662117615;4;2;31;7;9;K590;CONSTIPACAO 
2026-06-23 19:59:58;500769;SAO GABRIEL DO OESTE;2370972;UNIDADE DE SAUDE DA FAMILIA MILANE II;500769;SAO GABRIEL DO OESTE;1;1;2026-06-12 16:13:35;1700012;COLONOSCOPIA;;;0209010029;COLONOSCOPIA (COLOSCOPIA);RENATA DOS SANTOS MAGRINI;1988-09-04;MARIA LUCIA DOS SANTOS;700000684061702;02849725170;FEMININO;673219542;2;1;31;3;9;Z121;EXAME ESPECIAL DE RASTREAMENTO DE NEOPLASIA DO TRATO INTESTINAL 
2026-06-23 19:59:58;500769;SAO GABRIEL DO OESTE;6354265;CENTRAL DE REGULACAO DE SAO GABRIEL DO OESTE;500769;SAO GABRIEL DO OESTE;1;1;2026-05-21 16:58:17;1700012;COLONOSCOPIA;;;0209010029;COLONOSCOPIA (COLOSCOPIA);INES LIBERA REBECHI;1962-08-07;MARGARIDA COSTA PRIGOL;702806690143167;02084151902;FEMININO;669100400;4;119;31;397;9;K635;POLIPO DE COLON 
2026-06-23 19:59:58;500769;SAO GABRIEL DO OESTE;6354265;CENTRAL DE REGULACAO DE SAO GABRIEL DO OESTE;500769;SAO GABRIEL DO OESTE;1;1;2026-05-20 17:40:46;1700012;COLONOSCOPIA;;;0209010029;COLONOSCOPIA (COLOSCOPIA);TANIA CHAVES DA SILVA;1981-07-05;AURORA CHAVES PEREIRA DA SILVA;700003241414803;03065651106;FEMININO;668839304;4;118;31;393;9;R194;ALTERACAO DO HABITO INTESTINAL 
2026-06-23 19:59:58;500769;SAO GABRIEL DO OESTE;6354265;CENTRAL DE REGULACAO DE SAO GABRIEL DO OESTE;500769;SAO GABRIEL DO OESTE;1;1;2026-05-20 15:35:35;1700012;COLONOSCOPIA;;;0209010029;COLONOSCOPIA (COLOSCOPIA);SOLANGE DE PAULA KUHN;1966-09-03;IZABEL DE PAULA;708405706809263;36856401191;FEMININO;668799506;4;117;31;390;9;I84;HEMORROIDAS
2026-06-23 19:59:58;500769;SAO GABRIEL DO OESTE;6354265;CENTRAL DE REGULACAO DE SAO GABRIEL DO OESTE;500769;SAO GABRIEL DO OESTE;1;1;2026-05-20 10:17:55;1700012;COLONOSCOPIA;;;0209010029;COLONOSCOPIA (COLOSCOPIA);SAIONARA FATIMA ASCHI;1979-01-13;ALAIDE RIBOLI ASCHI;702809127140168;81398840149;FEMININO;668661016;4;116;31;387;9;Z800;HISTORIA FAMILIAR DE NEOPLASIA MALIGNA DE ORGAOS DIGESTIVOS 
2026-06-23 19:59:58;500769;SAO GABRIEL DO OESTE;3400964;UNIDADE DE SAUDE DA FAMILIA RURAL VII;500769;SAO GABRIEL DO OESTE;1;1;2026-05-19 11:47:36;1700012;COLONOSCOPIA;;;0209010029;COLONOSCOPIA (COLOSCOPIA);RENATA DIAS SOBRINHO;1992-02-23;ANTONIA PEREIRA DIAS;704000347154260;04315852104;FEMININO;668428330;4;115;31;383;9;Z121;EXAME ESPECIAL DE RASTREAMENTO DE NEOPLASIA DO TRATO INTESTINAL 
2026-06-23 19:59:58;500769;SAO GABRIEL DO OESTE;3400964;UNIDADE DE SAUDE DA FAMILIA RURAL VII;500769;SAO GABRIEL DO OESTE;1;1;2026-05-19 10:00:34;1700012;COLONOSCOPIA;;;0209010029;COLONOSCOPIA (COLOSCOPIA);EVA VILMA DOS SANTOS;1985-11-11;GECEDIR TEIXEIRA DA ROSA;700603967587869;03477784103;FEMININO;668361216;4;114;31;380;9;Z121;EXAME ESPECIAL DE RASTREAMENTO DE NEOPLASIA DO TRATO INTESTINAL 
2026-06-23 19:59:58;500769;SAO GABRIEL DO OESTE;6354265;CENTRAL DE REGULACAO DE SAO GABRIEL DO OESTE;500769;SAO GABRIEL DO OESTE;1;1;2026-05-18 17:17:02;1700012;COLONOSCOPIA;;;0209010029;COLONOSCOPIA (COLOSCOPIA);MARIA CAMPOS DA SILVA;1943-04-28;ROSA FERREIRA CAMPOS;708007302832625;35643030144;FEMININO;668263415;4;113;31;377;9;Z121;EXAME ESPECIAL DE RASTREAMENTO DE NEOPLASIA DO TRATO INTESTINAL 
2026-06-23 19:59:58;500769;SAO GABRIEL DO OESTE;2370999;UNIDADE DE SAUDE DA FAMILIA FENIX IV;500769;SAO GABRIEL DO OESTE;1;1;2026-05-15 11:35:07;1700012;COLONOSCOPIA;;;0209010029;COLONOSCOPIA (COLOSCOPIA);MARTA GONCALOS AZEVEDO;1973-07-11;EVA GONCALOS;708002303812720;60945176104;FEMININO;667851697;4;112;31;373;9;R15;INCONTINENCIA FECAL 
2026-06-23 19:59:58;500769;SAO GABRIEL DO OESTE;6452116;CENTRO DE ESPECIALIDADES MEDICAS;500769;SAO GABRIEL DO OESTE;1;1;2026-05-14 10:43:06;1700012;COLONOSCOPIA;;;0209010029;COLONOSCOPIA (COLOSCOPIA);SABRINA DE SOUZA ARGUELHO;2011-09-05;GREICE KELY DE SOUZA;708502389616874;10597320179;FEMININO;667571152;4;111;31;370;9;Z00;EXAME GERAL E INVESTIGACAO DE PESSOAS SEM QUEIXAS OU DIAGNOSTICO RELATADO
2026-06-23 19:59:58;500769;SAO GABRIEL DO OESTE;2370972;UNIDADE DE SAUDE DA FAMILIA MILANE II;500769;SAO GABRIEL DO OESTE;1;1;2026-05-08 09:04:32;1700012;COLONOSCOPIA;;;0209010029;COLONOSCOPIA (COLOSCOPIA);LUIZ DA SILVA BRAGA;1960-05-31;JOAQUINA DE JESUS SILVA BRAGA;705008680413157;36791687134;MASCULINO;666414416;4;110;31;367;9;Z121;EXAME ESPECIAL DE RASTREAMENTO DE NEOPLASIA DO TRATO INTESTINAL 
2026-06-23 19:59:58;500769;SAO GABRIEL DO OESTE;6354265;CENTRAL DE REGULACAO DE SAO GABRIEL DO OESTE;500769;SAO GABRIEL DO OESTE;1;1;2026-05-08 07:57:40;1700012;COLONOSCOPIA;;;0209010029;COLONOSCOPIA (COLOSCOPIA);DIONICE SANTOS BOMFIM DA SILVA;1977-04-07;MARIA DOMINGAS BATISTA DOS SANTOS;701104360857480;01965826520;FEMININO;666387500;4;109;31;363;9;R190;MASSA, TUMORACAO OU TUMEFACAO INTRA-ABDOMINAL E PELVICA 
2026-06-23 19:59:58;500769;SAO GABRIEL DO OESTE;7002084;UNIDADE DE SAUDE DA FAMILIA IX;500769;SAO GABRIEL DO OESTE;1;1;2026-05-07 23:09:21;1700012;COLONOSCOPIA;;;0209010029;COLONOSCOPIA (COLOSCOPIA);MARIA DA GLORIA DOS SANTOS;1969-12-23;ROSA MARIA DOS SANTOS;701202023821410;50637517504;FEMININO;666375803;4;108;31;360;9;K57;DOENCA DIVERTICULAR DO INTESTINO
2026-06-23 19:59:58;500769;SAO GABRIEL DO OESTE;6354265;CENTRAL DE REGULACAO DE SAO GABRIEL DO OESTE;500769;SAO GABRIEL DO OESTE;1;1;2026-05-06 10:55:15;1700012;COLONOSCOPIA;;;0209010029;COLONOSCOPIA (COLOSCOPIA);ANA PAULA SOUZA DA SILVA MAGALHAES;1995-11-04;CIRCA APARECIDA DA SILVA SOUZA;706203579815662;04638124178;FEMININO;665931913;4;107;31;357;9;Z123;EXAME ESPECIAL DE RASTREAMENTO DE NEOPLASIA DE MAMA 
2026-06-23 19:59:58;500769;SAO GABRIEL DO OESTE;6354265;CENTRAL DE REGULACAO DE SAO GABRIEL DO OESTE;500769;SAO GABRIEL DO OESTE;1;1;2026-05-06 10:24:07;1700012;COLONOSCOPIA;;;0209010029;COLONOSCOPIA (COLOSCOPIA);KELY REGINA LOPES RODRIGUES;1982-02-23;MARIA CARVALHO DE SOUZA;704807064966441;00372527124;FEMININO;665911601;4;106;31;353;9;K635;POLIPO DE COLON 
2026-06-23 19:59:58;500769;SAO GABRIEL DO OESTE;2591359;UNIDADE DE SAUDE DA FAMILIA V;500769;SAO GABRIEL DO OESTE;1;1;2026-05-06 10:02:08;1700012;COLONOSCOPIA;;;0209010029;COLONOSCOPIA (COLOSCOPIA);ANTONIA DE FATIMA DA VITORIA VIEIRA;1960-04-25;SEBASTIANA BARBOSA VITORIA;701006852430394;61537632191;FEMININO;665897405;4;105;31;350;9;Z12;EXAME ESPECIAL DE RASTREAMENTO ("SCREENING") DE NEOPLASIAS
2026-06-23 19:59:58;500769;SAO GABRIEL DO OESTE;6354265;CENTRAL DE REGULACAO DE SAO GABRIEL DO OESTE;500769;SAO GABRIEL DO OESTE;1;1;2026-05-06 09:17:48;1700012;COLONOSCOPIA;;;0209010029;COLONOSCOPIA (COLOSCOPIA);MARIA APARECIDA GONCALVES DA SILVA AMARAL;1961-08-09;NUMERALDA GONCALVES DA SILVA;706000805591447;51129248100;FEMININO;665868925;4;104;31;347;9;R10;DOR ABDOMINAL E PELVICA
2026-06-23 19:59:58;500769;SAO GABRIEL DO OESTE;6354265;CENTRAL DE REGULACAO DE SAO GABRIEL DO OESTE;500769;SAO GABRIEL DO OESTE;1;1;2026-05-06 09:10:55;1700012;COLONOSCOPIA;;;0209010029;COLONOSCOPIA (COLOSCOPIA);LAZARA PEREIRA GOES;1992-02-23;ELIZETE PEREIRA GOES;702808142860167;04977118189;FEMININO;665864796;4;103;31;343;9;D649;ANEMIA NAO ESPECIFICADA 
2026-06-23 19:59:58;500769;SAO GABRIEL DO OESTE;6354265;CENTRAL DE REGULACAO DE SAO GABRIEL DO OESTE;500769;SAO GABRIEL DO OESTE;1;1;2026-05-06 09:03:22;1700012;COLONOSCOPIA;;;0209010029;COLONOSCOPIA (COLOSCOPIA);ANTONIO DE OLIVEIRA VIEIRA;1982-07-26;ELZA DE OLIVEIRA;704808098562948;95646108187;MASCULINO;665860394;4;102;31;340;9;K21;DOENCA DE REFLUXO GASTROESOFAGICO
2026-06-23 19:59:58;500769;SAO GABRIEL DO OESTE;6354265;CENTRAL DE REGULACAO DE SAO GABRIEL DO OESTE;500769;SAO GABRIEL DO OESTE;1;1;2026-05-06 08:55:57;1700012;COLONOSCOPIA;;;0209010029;COLONOSCOPIA (COLOSCOPIA);ANA NISA DA SILVA;1946-10-21;GERALDA LUSIA DA ROCHA;700803984561382;29480679876;FEMININO;665856027;4;101;31;337;9;K92;OUTRAS DOENCAS DO APARELHO DIGESTIVO
2026-06-23 19:59:58;500769;SAO GABRIEL DO OESTE;6354265;CENTRAL DE REGULACAO DE SAO GABRIEL DO OESTE;500769;SAO GABRIEL DO OESTE;1;1;2026-05-06 08:26:16;1700012;COLONOSCOPIA;;;0209010029;COLONOSCOPIA (COLOSCOPIA);VANESSA ZATTA;1980-08-07;MARIA IRACEMA ZATTA;700503181429759;03370427990;FEMININO;665839977;4;100;31;333;9;Z121;EXAME ESPECIAL DE RASTREAMENTO DE NEOPLASIA DO TRATO INTESTINAL 
2026-06-23 19:59:58;500769;SAO GABRIEL DO OESTE;6354265;CENTRAL DE REGULACAO DE SAO GABRIEL DO OESTE;500769;SAO GABRIEL DO OESTE;1;1;2026-05-05 11:54:59;1700012;COLONOSCOPIA;;;0209010029;COLONOSCOPIA (COLOSCOPIA);MARIETA DAMM TONETTO;1948-07-14;LEONTINA LOPES DAMM;700006416852300;36737429149;FEMININO;665667425;4;99;31;330;9;K590;CONSTIPACAO 
2026-06-23 19:59:58;500769;SAO GABRIEL DO OESTE;6354265;CENTRAL DE REGULACAO DE SAO GABRIEL DO OESTE;500769;SAO GABRIEL DO OESTE;1;1;2026-05-05 11:52:20;1700012;COLONOSCOPIA;;;0209010029;COLONOSCOPIA (COLOSCOPIA);ELSA DINIZ PAZ;1948-02-05;PEDROLINA DINIZ;702609763092448;95668578100;FEMININO;665666224;4;98;31;327;9;R10;DOR ABDOMINAL E PELVICA
2026-06-23 19:59:58;500769;SAO GABRIEL DO OESTE;6354265;CENTRAL DE REGULACAO DE SAO GABRIEL DO OESTE;500769;SAO GABRIEL DO OESTE;1;1;2026-05-05 11:41:30;1700012;COLONOSCOPIA;;;0209010029;COLONOSCOPIA (COLOSCOPIA);MARIA TEREZINHA SOUSA DA SILVA;1980-11-03;FATIMA SOUSA DA SILVA;703201660569998;00411204181;FEMININO;665660841;4;97;31;323;9;Z12;EXAME ESPECIAL DE RASTREAMENTO ("SCREENING") DE NEOPLASIAS
2026-06-23 19:59:58;500769;SAO GABRIEL DO OESTE;6354265;CENTRAL DE REGULACAO DE SAO GABRIEL DO OESTE;500769;SAO GABRIEL DO OESTE;1;1;2026-05-05 11:30:59;1700012;COLONOSCOPIA;;;0209010029;COLONOSCOPIA (COLOSCOPIA);GENIR MEURER;1965-11-21;ITALVINA NERVIS MEURER;700804916342787;57370982904;MASCULINO;665655117;4;96;31;320;9;R10;DOR ABDOMINAL E PELVICA
2026-06-23 19:59:58;500769;SAO GABRIEL DO OESTE;6354265;CENTRAL DE REGULACAO DE SAO GABRIEL DO OESTE;500769;SAO GABRIEL DO OESTE;1;1;2026-05-05 11:16:11;1700012;COLONOSCOPIA;;;0209010029;COLONOSCOPIA (COLOSCOPIA);MARIA SEBASTIANA DOS SANTOS;1940-11-24;VALDOMIRA DOS SANTOS;703103822607760;69077738991;FEMININO;665646413;4;95;31;317;9;D500;ANEMIA POR DEFICIENCIA DE FERRO SECUNDARIA A PERDA DE SANGUE (CRONICA) 
2026-06-23 19:59:58;500769;SAO GABRIEL DO OESTE;6354265;CENTRAL DE REGULACAO DE SAO GABRIEL DO OESTE;500769;SAO GABRIEL DO OESTE;1;1;2026-05-05 10:55:05;1700012;COLONOSCOPIA;;;0209010029;COLONOSCOPIA (COLOSCOPIA);MARIA ONEIDE DOS SANTOS BRANDAO;1950-05-25;FRANCISCA CARLOS DOS SANTOS;704204704781882;34571264100;FEMININO;665633054;4;94;31;313;9;D50;ANEMIA POR DEFICIENCIA DE FERRO
2026-06-23 19:59:58;500769;SAO GABRIEL DO OESTE;6354265;CENTRAL DE REGULACAO DE SAO GABRIEL DO OESTE;500769;SAO GABRIEL DO OESTE;1;1;2026-05-05 10:52:39;1700012;COLONOSCOPIA;;;0209010029;COLONOSCOPIA (COLOSCOPIA);ALTAIR BELCHIOR DA SILVA;1974-05-07;GUIOMAR BELCHIOR DA SILVA;700004314400905;63805421168;MASCULINO;665631398;4;93;31;310;9;Z121;EXAME ESPECIAL DE RASTREAMENTO DE NEOPLASIA DO TRATO INTESTINAL 
2026-06-23 19:59:58;500769;SAO GABRIEL DO OESTE;6354265;CENTRAL DE REGULACAO DE SAO GABRIEL DO OESTE;500769;SAO GABRIEL DO OESTE;1;1;2026-05-05 10:17:26;1700012;COLONOSCOPIA;;;0209010029;COLONOSCOPIA (COLOSCOPIA);EPAMINONDAS GARCIA DE MENDONCA;1928-11-05;MARIANA LUCIANA DE MENDONCA;700408974132045;03078973115;MASCULINO;665607176;4;92;31;307;9;Z129;EXAME ESPECIAL DE RASTREAMENTO DE NEOPLASIA NAO ESPECIFICADA 
2026-06-23 19:59:58;500769;SAO GABRIEL DO OESTE;6354265;CENTRAL DE REGULACAO DE SAO GABRIEL DO OESTE;500769;SAO GABRIEL DO OESTE;1;1;2026-05-05 10:11:00;1700012;COLONOSCOPIA;;;0209010029;COLONOSCOPIA (COLOSCOPIA);MARIA SUELI BISPO DA SILVA;1967-04-02;MARIA ANACLETA DE SOUZA;703009864123873;46485880100;FEMININO;665602675;4;91;31;303;9;A09;DIARREIA E GASTROENTERITE DE ORIGEM INFECCIOSA PRESUMIVEL 
2026-06-23 19:59:58;500769;SAO GABRIEL DO OESTE;6354265;CENTRAL DE REGULACAO DE SAO GABRIEL DO OESTE;500769;SAO GABRIEL DO OESTE;1;1;2026-05-05 09:53:13;1700012;COLONOSCOPIA;;;0209010029;COLONOSCOPIA (COLOSCOPIA);MARTA ANDRADE BARBOSA SERPA;1965-01-17;LIBERALINA ANDRADE BARBOSA;704806048758243;33772673104;FEMININO;665590418;4;90;31;300;9;K590;CONSTIPACAO 
2026-06-23 19:59:58;500769;SAO GABRIEL DO OESTE;6354265;CENTRAL DE REGULACAO DE SAO GABRIEL DO OESTE;500769;SAO GABRIEL DO OESTE;1;1;2026-05-05 09:45:36;1700012;COLONOSCOPIA;;;0209010029;COLONOSCOPIA (COLOSCOPIA);MAURICIO FABIANO GONCALVES MARQUES;1994-11-03;MARINA GONCALVES;704805577220149;03668077142;MASCULINO;665585334;4;89;31;297;9;K29;GASTRITE E DUODENITE
2026-06-23 19:59:58;500769;SAO GABRIEL DO OESTE;6354265;CENTRAL DE REGULACAO DE SAO GABRIEL DO OESTE;500769;SAO GABRIEL DO OESTE;1;1;2026-05-05 09:40:28;1700012;COLONOSCOPIA;;;0209010029;COLONOSCOPIA (COLOSCOPIA);ALICE RODRIGUES INACIO;1951-12-08;THEONILIA RODRIGUES DE ALMEIDA;705006645992950;32198221187;FEMININO;665581882;4;88;31;293;9;D509;ANEMIA POR DEFICIENCIA DE FERRO NAO ESPECIFICADA 
2026-06-23 19:59:58;500769;SAO GABRIEL DO OESTE;6354265;CENTRAL DE REGULACAO DE SAO GABRIEL DO OESTE;500769;SAO GABRIEL DO OESTE;1;1;2026-05-05 09:18:50;1700012;COLONOSCOPIA;;;0209010029;COLONOSCOPIA (COLOSCOPIA);VALDREIA APARECIDA NEVES;1982-04-18;EVANI VASCO;708607052539181;97653527191;FEMININO;665567839;4;87;31;290;9;K59;OUTROS TRANSTORNOS FUNCIONAIS DO INTESTINO
2026-06-23 19:59:58;500769;SAO GABRIEL DO OESTE;6354265;CENTRAL DE REGULACAO DE SAO GABRIEL DO OESTE;500769;SAO GABRIEL DO OESTE;1;1;2026-05-05 09:14:38;1700012;COLONOSCOPIA;;;0209010029;COLONOSCOPIA (COLOSCOPIA);VANDERLEI PEREIRA PITALUGA;1966-06-16;NAIR PEREIRA PITALUGA;705406441187398;40807207187;MASCULINO;665565138;4;86;31;287;9;Z121;EXAME ESPECIAL DE RASTREAMENTO DE NEOPLASIA DO TRATO INTESTINAL 
2026-06-23 19:59:58;500769;SAO GABRIEL DO OESTE;6354265;CENTRAL DE REGULACAO DE SAO GABRIEL DO OESTE;500769;SAO GABRIEL DO OESTE;1;1;2026-05-05 09:12:44;1700012;COLONOSCOPIA;;;0209010029;COLONOSCOPIA (COLOSCOPIA);VALDIRA ALECRIM DA SILVA;1968-05-14;VALDELICE ALECRIM DA SILVA;702307192528615;90408462515;FEMININO;665563943;4;85;31;283;9;Z121;EXAME ESPECIAL DE RASTREAMENTO DE NEOPLASIA DO TRATO INTESTINAL 
2026-06-23 19:59:58;500769;SAO GABRIEL DO OESTE;6354265;CENTRAL DE REGULACAO DE SAO GABRIEL DO OESTE;500769;SAO GABRIEL DO OESTE;1;1;2026-05-05 09:06:05;1700012;COLONOSCOPIA;;;0209010029;COLONOSCOPIA (COLOSCOPIA);ZENIR FREITAS DE SOUZA ALENCAR;1964-09-04;JOZEFA VASCONCELO DE FREITAS;700805487581581;36547310159;FEMININO;665559885;4;84;31;280;9;Z121;EXAME ESPECIAL DE RASTREAMENTO DE NEOPLASIA DO TRATO INTESTINAL 
2026-06-23 19:59:58;500769;SAO GABRIEL DO OESTE;6354265;CENTRAL DE REGULACAO DE SAO GABRIEL DO OESTE;500769;SAO GABRIEL DO OESTE;1;1;2026-05-05 08:58:13;1700012;COLONOSCOPIA;;;0209010029;COLONOSCOPIA (COLOSCOPIA);SEBASTIAO PRATES PEREIRA;1948-10-24;ALMERINDA PRATES;704208280226082;42096235049;MASCULINO;665555127;4;83;31;277;9;R104;OUTRAS DORES ABDOMINAIS E AS NAO ESPECIFICADAS 
2026-06-23 19:59:58;500769;SAO GABRIEL DO OESTE;6354265;CENTRAL DE REGULACAO DE SAO GABRIEL DO OESTE;500769;SAO GABRIEL DO OESTE;1;1;2026-05-05 08:56:18;1700012;COLONOSCOPIA;;;0209010029;COLONOSCOPIA (COLOSCOPIA);SEVERINO DA CONCEICAO;1951-05-01;HOSANA MARIA DA CONCEICAO;702400593616321;02736764153;MASCULINO;665553953;4;82;31;273;9;Z121;EXAME ESPECIAL DE RASTREAMENTO DE NEOPLASIA DO TRATO INTESTINAL 
2026-06-23 19:59:58;500769;SAO GABRIEL DO OESTE;6354265;CENTRAL DE REGULACAO DE SAO GABRIEL DO OESTE;500769;SAO GABRIEL DO OESTE;1;1;2026-05-05 08:52:26;1700012;COLONOSCOPIA;;;0209010029;COLONOSCOPIA (COLOSCOPIA);TAYNARA TALINE DA SILVA;1993-02-09;ALEXANDRA APARECIDA DA SILVA;704201733592585;05505788114;FEMININO;665551695;4;81;31;270;9;Z110;EXAME ESPECIAL DE RASTREAMENTO DE DOENCAS INFECCIOSAS INTESTINAIS 
2026-06-23 19:59:58;500769;SAO GABRIEL DO OESTE;6354265;CENTRAL DE REGULACAO DE SAO GABRIEL DO OESTE;500769;SAO GABRIEL DO OESTE;1;1;2026-05-05 08:49:49;1700012;COLONOSCOPIA;;;0209010029;COLONOSCOPIA (COLOSCOPIA);TERESINHA GOMES DE OLIVEIRA;1966-03-21;ANTONIA GOMES DE OLIVEIRA;702109728873697;47889594453;FEMININO;665550162;4;80;31;267;9;Z080;EXAME DE SEGUIMENTO APOS TRATAMENTO CIRURGICO DE NEOPLASIA MALIGNA 
2026-06-23 19:59:58;500769;SAO GABRIEL DO OESTE;6354265;CENTRAL DE REGULACAO DE SAO GABRIEL DO OESTE;500769;SAO GABRIEL DO OESTE;1;1;2026-05-05 08:38:32;1700012;COLONOSCOPIA;;;0209010029;COLONOSCOPIA (COLOSCOPIA);SEBASTIANA APARECIDA FURTADO;1975-01-22;FRANCISCA DE FATIMA FURTADO;704200718490083;00140098119;FEMININO;665543766;4;79;31;263;9;K519;COLITE ULCERATIVA, SEM OUTRA ESPECIFICACAO 
2026-06-23 19:59:58;500769;SAO GABRIEL DO OESTE;6354265;CENTRAL DE REGULACAO DE SAO GABRIEL DO OESTE;500769;SAO GABRIEL DO OESTE;1;1;2026-05-05 08:33:43;1700012;COLONOSCOPIA;;;0209010029;COLONOSCOPIA (COLOSCOPIA);SELMA CUSTODIO SANTANA DA SILVA;1974-04-01;ALDIVINA FRANCISCA APARECIDA;700508754413052;63923416172;FEMININO;665541116;4;78;31;260;9;Z121;EXAME ESPECIAL DE RASTREAMENTO DE NEOPLASIA DO TRATO INTESTINAL 
2026-06-23 19:59:58;500769;SAO GABRIEL DO OESTE;6354265;CENTRAL DE REGULACAO DE SAO GABRIEL DO OESTE;500769;SAO GABRIEL DO OESTE;1;1;2026-05-05 08:18:44;1700012;COLONOSCOPIA;;;0209010029;COLONOSCOPIA (COLOSCOPIA);TEREZA PALMIRA ANGELO;1943-07-29;PALMIRA CONSTANCIA BATISTA;701401693113634;82423199104;FEMININO;665533695;4;77;31;257;9;K635;POLIPO DE COLON 
2026-06-23 19:59:58;500769;SAO GABRIEL DO OESTE;6354265;CENTRAL DE REGULACAO DE SAO GABRIEL DO OESTE;500769;SAO GABRIEL DO OESTE;1;1;2026-05-05 08:16:39;1700012;COLONOSCOPIA;;;0209010029;COLONOSCOPIA (COLOSCOPIA);SUZELI DA SILVA OLIVEIRA DE JESUS;1986-08-26;ABADIA DA SILVA OLIVEIRA DE JESUS;700502907626655;73227110172;FEMININO;665532774;4;76;31;253;9;R10;DOR ABDOMINAL E PELVICA
2026-06-23 19:59:58;500769;SAO GABRIEL DO OESTE;6354265;CENTRAL DE REGULACAO DE SAO GABRIEL DO OESTE;500769;SAO GABRIEL DO OESTE;1;1;2026-05-05 08:13:44;1700012;COLONOSCOPIA;;;0209010029;COLONOSCOPIA (COLOSCOPIA);SOLANGE APARECIDA MOLINARI;1963-07-14;ADELIRA STRAHE MOLINARI;709007881079817;84153393134;FEMININO;665531427;4;75;31;250;9;Z121;EXAME ESPECIAL DE RASTREAMENTO DE NEOPLASIA DO TRATO INTESTINAL 
2026-06-23 19:59:58;500769;SAO GABRIEL DO OESTE;6354265;CENTRAL DE REGULACAO DE SAO GABRIEL DO OESTE;500769;SAO GABRIEL DO OESTE;1;1;2026-05-05 08:06:39;1700012;COLONOSCOPIA;;;0209010029;COLONOSCOPIA (COLOSCOPIA);SUELY LUIZA RIBAS;1960-07-05;TEODOLINA LUIZA RIBAS;700003709490809;52797481100;FEMININO;665528556;4;74;31;247;9;K571;DOENCA DIVERTICULAR DO INTESTINO DELGADO SEM PERFURACAO OU ABSCESSO 
2026-06-23 19:59:58;500769;SAO GABRIEL DO OESTE;6354265;CENTRAL DE REGULACAO DE SAO GABRIEL DO OESTE;500769;SAO GABRIEL DO OESTE;1;1;2026-05-04 16:59:23;1700012;COLONOSCOPIA;;;0209010029;COLONOSCOPIA (COLOSCOPIA);OVIEDO FEITOSA SANTOS;1974-09-17;MARIA DE LOURDES FEITOSA;703204606488198;71949801500;MASCULINO;665489969;4;73;31;243;9;R104;OUTRAS DORES ABDOMINAIS E AS NAO ESPECIFICADAS 
2026-06-23 19:59:58;500769;SAO GABRIEL DO OESTE;6354265;CENTRAL DE REGULACAO DE SAO GABRIEL DO OESTE;500769;SAO GABRIEL DO OESTE;1;1;2026-05-04 12:01:49;1700012;COLONOSCOPIA;;;0209010029;COLONOSCOPIA (COLOSCOPIA);PAULO EDIR OLIVEIRA DO AMARAL;1954-07-29;AMASILIA CANDIDA OLIVEIRA DO AMARAL;705003634394353;73003751115;MASCULINO;665364209;4;72;31;240;9;Z121;EXAME ESPECIAL DE RASTREAMENTO DE NEOPLASIA DO TRATO INTESTINAL 
2026-06-23 19:59:58;500769;SAO GABRIEL DO OESTE;6354265;CENTRAL DE REGULACAO DE SAO GABRIEL DO OESTE;500769;SAO GABRIEL DO OESTE;1;1;2026-05-04 12:00:15;1700012;COLONOSCOPIA;;;0209010029;COLONOSCOPIA (COLOSCOPIA);RITA ALVES DE SOUZA;1941-02-02;RAQUEL ALVES PEREIRA;702305188483813;44532032172;FEMININO;665363609;4;71;31;237;9;R10;DOR ABDOMINAL E PELVICA
2026-06-23 19:59:58;500769;SAO GABRIEL DO OESTE;6354265;CENTRAL DE REGULACAO DE SAO GABRIEL DO OESTE;500769;SAO GABRIEL DO OESTE;1;1;2026-05-04 11:58:18;1700012;COLONOSCOPIA;;;0209010029;COLONOSCOPIA (COLOSCOPIA);RODINEIA APONTE DA SILVA;1989-06-29;CLEMENTINA JOVIO APONTE;706408612078687;03126693130;FEMININO;665362818;4;70;31;233;9;B57;DOENCA DE CHAGAS
2026-06-23 19:59:58;500769;SAO GABRIEL DO OESTE;6354265;CENTRAL DE REGULACAO DE SAO GABRIEL DO OESTE;500769;SAO GABRIEL DO OESTE;1;1;2026-05-04 11:56:01;1700012;COLONOSCOPIA;;;0209010029;COLONOSCOPIA (COLOSCOPIA);PATRICIA SANTOS DA SILVA;1985-06-20;TEREZA CRUZ DOS SANTOS;706506316665899;00454123167;FEMININO;665361779;4;69;31;230;9;Z121;EXAME ESPECIAL DE RASTREAMENTO DE NEOPLASIA DO TRATO INTESTINAL 
2026-06-23 19:59:58;500769;SAO GABRIEL DO OESTE;6354265;CENTRAL DE REGULACAO DE SAO GABRIEL DO OESTE;500769;SAO GABRIEL DO OESTE;1;1;2026-05-04 11:54:27;1700012;COLONOSCOPIA;;;0209010029;COLONOSCOPIA (COLOSCOPIA);ROSA EGILDA DA SILVA;1962-06-12;JULIA CELESTINO DA SILVA;706009884067744;44702205153;FEMININO;665361065;4;68;31;227;9;R14;FLATULENCIA E AFECCOES CORRELATAS 
2026-06-23 19:59:58;500769;SAO GABRIEL DO OESTE;6354265;CENTRAL DE REGULACAO DE SAO GABRIEL DO OESTE;500769;SAO GABRIEL DO OESTE;1;1;2026-05-04 11:46:25;1700012;COLONOSCOPIA;;;0209010029;COLONOSCOPIA (COLOSCOPIA);WILLIAM DA SILVA ANDRADE;1999-08-21;DADIVA NICOLAU DA SILVA;707805656941315;04428251106;MASCULINO;665357156;4;67;31;223;9;K922;HEMORRAGIA GASTROINTESTINAL, SEM OUTRA ESPECIFICACAO 
2026-06-23 19:59:58;500769;SAO GABRIEL DO OESTE;6354265;CENTRAL DE REGULACAO DE SAO GABRIEL DO OESTE;500769;SAO GABRIEL DO OESTE;1;1;2026-05-04 11:41:16;1700012;COLONOSCOPIA;;;0209010029;COLONOSCOPIA (COLOSCOPIA);MARIA AMELIA DE ARAUJO SILVA ESTEVAM;1969-11-17;CLARINDA AMELIA DE ARAUJO SILVA;706808254884427;04491172358;FEMININO;665354475;4;66;31;220;9;K922;HEMORRAGIA GASTROINTESTINAL, SEM OUTRA ESPECIFICACAO 
2026-06-23 19:59:58;500769;SAO GABRIEL DO OESTE;6354265;CENTRAL DE REGULACAO DE SAO GABRIEL DO OESTE;500769;SAO GABRIEL DO OESTE;1;1;2026-05-04 11:38:10;1700012;COLONOSCOPIA;;;0209010029;COLONOSCOPIA (COLOSCOPIA);MARIA SANCHES;1952-09-10;LUZIA GARCIA;704809082953846;79693261100;FEMININO;665352850;4;65;31;217;9;K59;OUTROS TRANSTORNOS FUNCIONAIS DO INTESTINO
2026-06-23 19:59:58;500769;SAO GABRIEL DO OESTE;2370972;UNIDADE DE SAUDE DA FAMILIA MILANE II;500769;SAO GABRIEL DO OESTE;1;1;2026-05-04 11:30:17;1700012;COLONOSCOPIA;;;0209010029;COLONOSCOPIA (COLOSCOPIA);VANDERLEI ROMEU BUSS;1973-07-05;DELZA DONST BUSS;708005897968322;63776553120;MASCULINO;665348504;4;64;31;213;9;K57;DOENCA DIVERTICULAR DO INTESTINO
2026-06-23 19:59:58;500769;SAO GABRIEL DO OESTE;6354265;CENTRAL DE REGULACAO DE SAO GABRIEL DO OESTE;500769;SAO GABRIEL DO OESTE;1;1;2026-05-04 11:21:12;1700012;COLONOSCOPIA;;;0209010029;COLONOSCOPIA (COLOSCOPIA);MARLI FERREIRA DE ASSIS;1979-11-17;MARIA TEREZINHA FERREIRA;705404421567193;87064260182;FEMININO;665343118;4;63;31;210;9;I84;HEMORROIDAS
2026-06-23 19:59:58;500769;SAO GABRIEL DO OESTE;6354265;CENTRAL DE REGULACAO DE SAO GABRIEL DO OESTE;500769;SAO GABRIEL DO OESTE;1;1;2026-05-04 11:18:11;1700012;COLONOSCOPIA;;;0209010029;COLONOSCOPIA (COLOSCOPIA);OJANE DALLA ROSA SILVA;1978-11-15;ORFILIA DALLA ROSA;703404549967000;83344896172;FEMININO;665341291;4;62;31;207;9;Z12;EXAME ESPECIAL DE RASTREAMENTO ("SCREENING") DE NEOPLASIAS
2026-06-23 19:59:58;500769;SAO GABRIEL DO OESTE;6354265;CENTRAL DE REGULACAO DE SAO GABRIEL DO OESTE;500769;SAO GABRIEL DO OESTE;1;1;2026-05-04 11:15:11;1700012;COLONOSCOPIA;;;0209010029;COLONOSCOPIA (COLOSCOPIA);ONEIDA MARTINS RODRIGUES DE OLIVEIRA;1973-03-02;OLVANY MARTINS RODRIGUES;704509376446111;01021130176;FEMININO;665339458;4;61;31;203;9;R194;ALTERACAO DO HABITO INTESTINAL 
2026-06-23 19:59:58;500769;SAO GABRIEL DO OESTE;6354265;CENTRAL DE REGULACAO DE SAO GABRIEL DO OESTE;500769;SAO GABRIEL DO OESTE;1;1;2026-05-04 11:12:34;1700012;COLONOSCOPIA;;;0209010029;COLONOSCOPIA (COLOSCOPIA);MARIA MARCILENE DA SILVA OLIVEIRA;1978-01-18;MARIA DAS MERCES DA SILVA OLIVEIRA;700502367179158;90173023134;FEMININO;665337818;4;60;31;200;9;D126;COLON, NAO ESPECIFICADA 
2026-06-23 19:59:58;500769;SAO GABRIEL DO OESTE;6354265;CENTRAL DE REGULACAO DE SAO GABRIEL DO OESTE;500769;SAO GABRIEL DO OESTE;1;1;2026-05-04 11:04:13;1700012;COLONOSCOPIA;;;0209010029;COLONOSCOPIA (COLOSCOPIA);MARCOLINA DA SILVA ORTEGA;1946-11-13;ANA ROSA DA SILVA;705006494022451;00810923181;FEMININO;665332606;4;59;31;197;9;C189;COLON, NAO ESPECIFICADO 
2026-06-23 19:59:58;500769;SAO GABRIEL DO OESTE;6354265;CENTRAL DE REGULACAO DE SAO GABRIEL DO OESTE;500769;SAO GABRIEL DO OESTE;1;1;2026-05-04 10:59:08;1700012;COLONOSCOPIA;;;0209010029;COLONOSCOPIA (COLOSCOPIA);MARZILIA DE SOUZA BRANDAO TORELLI;1963-04-23;MARIA JOSE DE SOUZA;700005210546602;36643238153;FEMININO;665329269;4;58;31;193;9;M480;ESTENOSE DA COLUNA VERTEBRAL 
2026-06-23 19:59:58;500769;SAO GABRIEL DO OESTE;6354265;CENTRAL DE REGULACAO DE SAO GABRIEL DO OESTE;500769;SAO GABRIEL DO OESTE;1;1;2026-05-04 10:55:53;1700012;COLONOSCOPIA;;;0209010029;COLONOSCOPIA (COLOSCOPIA);MEIRE VILMA DE SOUZA POLICARPO;1951-11-01;DALVA PEREIRA BRANDAO;709206200050135;46557920197;FEMININO;665327058;4;57;31;190;9;K57;DOENCA DIVERTICULAR DO INTESTINO
2026-06-23 19:59:58;500769;SAO GABRIEL DO OESTE;6354265;CENTRAL DE REGULACAO DE SAO GABRIEL DO OESTE;500769;SAO GABRIEL DO OESTE;1;1;2026-05-04 10:42:26;1700012;COLONOSCOPIA;;;0209010029;COLONOSCOPIA (COLOSCOPIA);OSMARINO FERREIRA;1953-07-10;HORTENCIA DIAS DA SILVA;702607771812045;35811692153;MASCULINO;665317808;4;56;31;187;9;K92;OUTRAS DOENCAS DO APARELHO DIGESTIVO
2026-06-23 19:59:58;500769;SAO GABRIEL DO OESTE;6354265;CENTRAL DE REGULACAO DE SAO GABRIEL DO OESTE;500769;SAO GABRIEL DO OESTE;1;1;2026-06-23 14:37:30;1700012;COLONOSCOPIA;;;0209010029;COLONOSCOPIA (COLOSCOPIA);RUBENS PEREIRA DOS SANTOS;1972-09-18;LORETA PEREIRA;700705927888680;76758010163;MASCULINO;675075610;4;134;31;447;9;Z121;EXAME ESPECIAL DE RASTREAMENTO DE NEOPLASIA DO TRATO INTESTINAL 
2026-06-23 19:59:58;500769;SAO GABRIEL DO OESTE;6354265;CENTRAL DE REGULACAO DE SAO GABRIEL DO OESTE;500769;SAO GABRIEL DO OESTE;1;1;2026-06-19 15:00:32;1700012;COLONOSCOPIA;;;0209010029;COLONOSCOPIA (COLOSCOPIA);MARIA APARECIDA ANDRADE DA CUNHA DE MENEZES;1966-01-08;JORDINA ANDRADE DA CUNHA;704302539284692;82019630168;FEMININO;674559895;4;133;31;443;9;Z121;EXAME ESPECIAL DE RASTREAMENTO DE NEOPLASIA DO TRATO INTESTINAL 
2026-06-23 19:59:58;500769;SAO GABRIEL DO OESTE;6354265;CENTRAL DE REGULACAO DE SAO GABRIEL DO OESTE;500769;SAO GABRIEL DO OESTE;1;1;2026-06-18 08:16:21;1700012;COLONOSCOPIA;;;0209010029;COLONOSCOPIA (COLOSCOPIA);EDNA LUIZA DE PAULA SILVA;1965-06-04;LOURDES MARIA DO NASCIMENTO;700803491207182;60913274100;FEMININO;674129256;4;132;31;440;9;K922;HEMORRAGIA GASTROINTESTINAL, SEM OUTRA ESPECIFICACAO 
2026-06-23 19:59:58;500769;SAO GABRIEL DO OESTE;3400964;UNIDADE DE SAUDE DA FAMILIA RURAL VII;500769;SAO GABRIEL DO OESTE;1;1;2026-06-17 15:13:14;1700012;COLONOSCOPIA;;;0209010029;COLONOSCOPIA (COLOSCOPIA);GABRIEL DOS SANTOS DOMINGUES;1999-08-19;ANGELA RODRIGUES DOS SANTOS DE SOUZA;706507327989497;08254111146;MASCULINO;674060007;4;131;31;437;9;K625;HEMORRAGIA DO ANUS E DO RETO 
2026-06-23 19:59:58;500769;SAO GABRIEL DO OESTE;6354265;CENTRAL DE REGULACAO DE SAO GABRIEL DO OESTE;500769;SAO GABRIEL DO OESTE;1;1;2026-06-16 17:47:23;1700012;COLONOSCOPIA;;;0209010029;COLONOSCOPIA (COLOSCOPIA);LUIZ FERNANDO VIEIRA DA SILVA;2004-02-29;SIMONE VIEIRA DOS SANTOS;700005708370801;09562219127;MASCULINO;673833989;4;130;31;433;9;K922;HEMORRAGIA GASTROINTESTINAL, SEM OUTRA ESPECIFICACAO 
2026-06-23 19:59:58;500769;SAO GABRIEL DO OESTE;6354265;CENTRAL DE REGULACAO DE SAO GABRIEL DO OESTE;500769;SAO GABRIEL DO OESTE;1;1;2026-06-16 14:14:42;1700012;COLONOSCOPIA;;;0209010029;COLONOSCOPIA (COLOSCOPIA);ANTONIA CLEIDE MARCAL DE OLIVEIRA;1964-02-09;DAMIANA MARIA DA CONCEICAO;700903919478297;57907447372;FEMININO;673749901;4;129;31;430;9;R634;PERDA DE PESO ANORMAL 
2026-06-23 19:59:58;500769;SAO GABRIEL DO OESTE;7002084;UNIDADE DE SAUDE DA FAMILIA IX;500769;SAO GABRIEL DO OESTE;1;1;2026-06-16 10:39:14;1700012;COLONOSCOPIA;;;0209010029;COLONOSCOPIA (COLOSCOPIA);ADALGISA MARIA ALMEIDA DA SILVA;1979-02-17;NEUZA DE ALMEIDA;706005882699049;98436007115;FEMININO;673661372;4;128;31;427;9;Z000;EXAME MEDICO GERAL 
2026-06-23 19:59:58;500769;SAO GABRIEL DO OESTE;6354265;CENTRAL DE REGULACAO DE SAO GABRIEL DO OESTE;500769;SAO GABRIEL DO OESTE;1;1;2026-06-16 09:05:03;1700012;COLONOSCOPIA;;;0209010029;COLONOSCOPIA (COLOSCOPIA);JOSE ALBINO PREVIATTI;1961-10-23;IRIS SCHWALBERT PREVIATTI;708005383488529;54615275900;MASCULINO;673602019;4;127;31;423;9;K63;OUTRAS DOENCAS DO INTESTINO
2026-06-23 19:59:58;500769;SAO GABRIEL DO OESTE;6354265;CENTRAL DE REGULACAO DE SAO GABRIEL DO OESTE;500769;SAO GABRIEL DO OESTE;1;1;2026-06-15 14:09:55;1700012;COLONOSCOPIA;;;0209010029;COLONOSCOPIA (COLOSCOPIA);ANDERSON CARLOS DA SILVA NARCISO;1984-10-04;JOSEFA DA SILVA NARCISO;700502902380852;76817024234;MASCULINO;673459358;4;126;31;420;9;D509;ANEMIA POR DEFICIENCIA DE FERRO NAO ESPECIFICADA 
2026-06-23 19:59:58;500769;SAO GABRIEL DO OESTE;7333218;UNIDADE DE SAUDE DA FAMILIA X;500769;SAO GABRIEL DO OESTE;1;1;2026-06-15 10:51:39;1700012;COLONOSCOPIA;;;0209010029;COLONOSCOPIA (COLOSCOPIA);FREDOLINO ROLIM;1955-04-19;MARIA DOS ANJOS ROLIM;700008625700602;20320841120;MASCULINO;673381983;4;125;31;417;9;K51;COLITE ULCERATIVA
2026-06-23 19:59:58;500769;SAO GABRIEL DO OESTE;8176132;CASA ROSA;500769;SAO GABRIEL DO OESTE;1;1;2026-06-10 15:08:26;1700012;COLONOSCOPIA;;;0209010029;COLONOSCOPIA (COLOSCOPIA);LUCIENE DA SILVA MARTINS PANIAGO;1991-10-06;FRANCISCA MARIA DA SILVA MARTINS;706004380825241;05134688117;FEMININO;672672905;4;124;31;413;9;Z121;EXAME ESPECIAL DE RASTREAMENTO DE NEOPLASIA DO TRATO INTESTINAL 
2026-06-23 19:59:58;500769;SAO GABRIEL DO OESTE;6354265;CENTRAL DE REGULACAO DE SAO GABRIEL DO OESTE;500769;SAO GABRIEL DO OESTE;1;1;2026-06-08 16:23:44;1700012;COLONOSCOPIA;;;0209010029;COLONOSCOPIA (COLOSCOPIA);ELIANNE MARCAL DE OLIVEIRA SOUSA;1997-04-25;ANTONIA CLEIDE DA CONCEICAO;700001475140007;06059374352;FEMININO;672125225;4;123;31;410;9;K591;DIARREIA FUNCIONAL 
2026-06-23 19:59:58;500769;SAO GABRIEL DO OESTE;2370972;UNIDADE DE SAUDE DA FAMILIA MILANE II;500769;SAO GABRIEL DO OESTE;1;1;2026-06-08 16:20:58;1700012;COLONOSCOPIA;;;0209010029;COLONOSCOPIA (COLOSCOPIA);ANA KELLY DE SOUSA SILVA IBIAPINA;1991-05-08;ANA KATIA DE SOUSA SILVA;706302796203574;60410681369;FEMININO;672124054;4;122;31;407;9;D25;LEIOMIOMA DO UTERO
2026-06-23 19:59:58;500769;SAO GABRIEL DO OESTE;7333218;UNIDADE DE SAUDE DA FAMILIA X;500769;SAO GABRIEL DO OESTE;1;1;2026-06-03 15:48:09;1700012;COLONOSCOPIA;;;0209010029;COLONOSCOPIA (COLOSCOPIA);OTAVIO GOMES MAMEDIO;1969-07-24;MARIA DO CARMO DA SILVA;703005860145577;77379179187;MASCULINO;671684220;4;121;31;403;9;Z121;EXAME ESPECIAL DE RASTREAMENTO DE NEOPLASIA DO TRATO INTESTINAL 
2026-06-23 19:59:58;500769;SAO GABRIEL DO OESTE;6354265;CENTRAL DE REGULACAO DE SAO GABRIEL DO OESTE;500769;SAO GABRIEL DO OESTE;1;1;2026-06-03 08:02:40;1700012;COLONOSCOPIA;;;0209010029;COLONOSCOPIA (COLOSCOPIA);FATIMA APARECIDA FRANCISCO DE SOUZA;1967-09-21;OLIMPIA BARBOSA MIGUEL;707604245912592;42150426153;FEMININO;671464148;4;120;31;400;9;Z121;EXAME ESPECIAL DE RASTREAMENTO DE NEOPLASIA DO TRATO INTESTINAL 
2026-06-23 19:59:58;500769;SAO GABRIEL DO OESTE;6354265;CENTRAL DE REGULACAO DE SAO GABRIEL DO OESTE;500769;SAO GABRIEL DO OESTE;1;1;2026-06-23 11:55:08;1712011;ESPIROMETRIA;;;0211080055;ESPIROMETRIA OU PROVA DE FUNCAO PULMONAR COMPLETA COM BRONCODILATADOR;JUCILENE DA SILVA;1992-04-23;MARINA DOS SANTOS SILVA;704309503741097;04265117198;FEMININO;675026646;4;32;24;85;11;R942;RESULTADOS ANORMAIS DE ESTUDOS DA FUNCAO PULMONAR 
2026-06-23 19:59:58;500769;SAO GABRIEL DO OESTE;6354265;CENTRAL DE REGULACAO DE SAO GABRIEL DO OESTE;500769;SAO GABRIEL DO OESTE;1;1;2026-06-23 10:33:24;1712011;ESPIROMETRIA;;;0211080055;ESPIROMETRIA OU PROVA DE FUNCAO PULMONAR COMPLETA COM BRONCODILATADOR;TAILLER NATAN ALVES DIAS DE ATHAIDE;2019-11-18;NATALIA APARECIDA DE ATHAIDE ALMEIDA;702906526955579;10435825178;MASCULINO;674986825;4;31;24;82;11;J450;ASMA PREDOMINANTEMENTE ALERGICA 
2026-06-23 19:59:58;500769;SAO GABRIEL DO OESTE;6354265;CENTRAL DE REGULACAO DE SAO GABRIEL DO OESTE;500769;SAO GABRIEL DO OESTE;1;1;2026-06-23 09:19:03;1712011;ESPIROMETRIA;;;0211080055;ESPIROMETRIA OU PROVA DE FUNCAO PULMONAR COMPLETA COM BRONCODILATADOR;ALESSANDRA PALMEIRA DOS SANTOS;1996-01-19;CLAUDETE PALMEIRA;708807787795010;05157603150;FEMININO;674945634;4;30;24;79;11;J45;ASMA
2026-06-23 19:59:58;500769;SAO GABRIEL DO OESTE;6354265;CENTRAL DE REGULACAO DE SAO GABRIEL DO OESTE;500769;SAO GABRIEL DO OESTE;1;1;2026-06-22 16:38:52;1712011;ESPIROMETRIA;;;0211080055;ESPIROMETRIA OU PROVA DE FUNCAO PULMONAR COMPLETA COM BRONCODILATADOR;MARTA FERREIRA DE SOUZA;1964-07-25;JUSTINA GUILHERME SOUZA;708604014033486;50187350159;FEMININO;674873333;4;29;24;77;11;J448;OUTRAS FORMAS ESPECIFICADAS DE DOENCA PULMONAR OBSTRUTIVA CRONICA 
2026-06-23 19:59:58;500769;SAO GABRIEL DO OESTE;6354265;CENTRAL DE REGULACAO DE SAO GABRIEL DO OESTE;500769;SAO GABRIEL DO OESTE;1;1;2026-06-19 16:47:40;1712011;ESPIROMETRIA;;;0211080055;ESPIROMETRIA OU PROVA DE FUNCAO PULMONAR COMPLETA COM BRONCODILATADOR;MARIA LUCIA CONCEICAO DOS REIS;1965-04-28;JOSEFA MARIA DA CONCEICAO;702001310628182;58327649191;FEMININO;674593494;4;28;24;74;11;R05;TOSSE 
2026-06-23 19:59:58;500769;SAO GABRIEL DO OESTE;6354265;CENTRAL DE REGULACAO DE SAO GABRIEL DO OESTE;500769;SAO GABRIEL DO OESTE;1;1;2026-06-19 14:16:01;1712011;ESPIROMETRIA;;;0211080055;ESPIROMETRIA OU PROVA DE FUNCAO PULMONAR COMPLETA COM BRONCODILATADOR;EDSON DE OLIVEIRA DE DEUS;1974-10-06;MARIA DE OLIVEIRA DE DEUS;706805782270221;56304293100;MASCULINO;674541809;4;27;24;71;11;J448;OUTRAS FORMAS ESPECIFICADAS DE DOENCA PULMONAR OBSTRUTIVA CRONICA 
2026-06-23 19:59:58;500769;SAO GABRIEL DO OESTE;6354265;CENTRAL DE REGULACAO DE SAO GABRIEL DO OESTE;500769;SAO GABRIEL DO OESTE;1;1;2026-06-17 16:02:43;1712011;ESPIROMETRIA;;;0211080055;ESPIROMETRIA OU PROVA DE FUNCAO PULMONAR COMPLETA COM BRONCODILATADOR;MARIA ALVES GOMES;1961-12-15;MARIA GOMES ALVES;702109737243196;06416989174;FEMININO;674077515;4;26;24;69;11;J448;OUTRAS FORMAS ESPECIFICADAS DE DOENCA PULMONAR OBSTRUTIVA CRONICA 
2026-06-23 19:59:58;500769;SAO GABRIEL DO OESTE;6354265;CENTRAL DE REGULACAO DE SAO GABRIEL DO OESTE;500769;SAO GABRIEL DO OESTE;1;1;2026-06-17 15:51:09;1712011;ESPIROMETRIA;;;0211080055;ESPIROMETRIA OU PROVA DE FUNCAO PULMONAR COMPLETA COM BRONCODILATADOR;CARLA FERNANDA DA SILVA DOS SANTOS;1982-06-15;MARIA DE FATIMA DA SILVA;704808056053042;01623187150;FEMININO;674073769;4;25;24;66;11;J450;ASMA PREDOMINANTEMENTE ALERGICA 
2026-06-23 19:59:58;500769;SAO GABRIEL DO OESTE;6354265;CENTRAL DE REGULACAO DE SAO GABRIEL DO OESTE;500769;SAO GABRIEL DO OESTE;1;1;2026-06-17 11:58:25;1712011;ESPIROMETRIA;;;0211080055;ESPIROMETRIA OU PROVA DE FUNCAO PULMONAR COMPLETA COM BRONCODILATADOR;MARGARIDA RODRIGUES LIMA;1960-03-07;MARIA RITA DE SOUZA LIMA;700001088813601;30930995104;FEMININO;673988740;4;24;24;64;11;J45;ASMA
2026-06-23 19:59:58;500769;SAO GABRIEL DO OESTE;6354265;CENTRAL DE REGULACAO DE SAO GABRIEL DO OESTE;500769;SAO GABRIEL DO OESTE;1;1;2026-06-17 09:20:59;1712011;ESPIROMETRIA;;;0211080055;ESPIROMETRIA OU PROVA DE FUNCAO PULMONAR COMPLETA COM BRONCODILATADOR;CLEUSA DE OLIVEIRA DA CONCEICAO;1975-08-30;DENIR DE OLIVEIRA DA CONCEICAO;700001113126307;04196474144;FEMININO;673898099;4;23;24;61;11;J448;OUTRAS FORMAS ESPECIFICADAS DE DOENCA PULMONAR OBSTRUTIVA CRONICA 
2026-06-23 19:59:58;500769;SAO GABRIEL DO OESTE;6354265;CENTRAL DE REGULACAO DE SAO GABRIEL DO OESTE;500769;SAO GABRIEL DO OESTE;1;1;2026-06-15 08:32:54;1712011;ESPIROMETRIA;;;0211080055;ESPIROMETRIA OU PROVA DE FUNCAO PULMONAR COMPLETA COM BRONCODILATADOR;EUGENIO FRANCO DE OLIVEIRA;1953-09-13;ELISIA FRANCO DE OLIVEIRA;703209630141296;28652290172;MASCULINO;673296637;4;22;24;58;11;J448;OUTRAS FORMAS ESPECIFICADAS DE DOENCA PULMONAR OBSTRUTIVA CRONICA 
2026-06-23 19:59:58;500769;SAO GABRIEL DO OESTE;6354265;CENTRAL DE REGULACAO DE SAO GABRIEL DO OESTE;500769;SAO GABRIEL DO OESTE;1;1;2026-06-12 14:19:20;1712011;ESPIROMETRIA;;;0211080055;ESPIROMETRIA OU PROVA DE FUNCAO PULMONAR COMPLETA COM BRONCODILATADOR;IVONETE APARECIDA XAVIER RIBEIRO;1972-11-10;MARIA XAVIER RIBEIRO;700100957764220;99526875168;FEMININO;673177070;4;21;24;56;11;J448;OUTRAS FORMAS ESPECIFICADAS DE DOENCA PULMONAR OBSTRUTIVA CRONICA 
2026-06-23 19:59:58;500769;SAO GABRIEL DO OESTE;6354265;CENTRAL DE REGULACAO DE SAO GABRIEL DO OESTE;500769;SAO GABRIEL DO OESTE;1;1;2026-06-12 11:03:07;1712011;ESPIROMETRIA;;;0211080055;ESPIROMETRIA OU PROVA DE FUNCAO PULMONAR COMPLETA COM BRONCODILATADOR;SEBASTIAO LUIZ LOPES;1940-03-30;ANNA LUIZ LOPES;704300530212492;17625173100;MASCULINO;673115668;4;20;24;53;11;J448;OUTRAS FORMAS ESPECIFICADAS DE DOENCA PULMONAR OBSTRUTIVA CRONICA 
2026-06-23 19:59:58;500769;SAO GABRIEL DO OESTE;6354265;CENTRAL DE REGULACAO DE SAO GABRIEL DO OESTE;500769;SAO GABRIEL DO OESTE;1;1;2026-06-12 10:21:26;1712011;ESPIROMETRIA;;;0211080055;ESPIROMETRIA OU PROVA DE FUNCAO PULMONAR COMPLETA COM BRONCODILATADOR;CREUZA ROSA BILAIA DA SILVA;1958-01-04;MARIA ROSA DE ASSIS;708708156323398;02187023109;FEMININO;673093293;4;19;24;50;11;J450;ASMA PREDOMINANTEMENTE ALERGICA 
2026-06-23 19:59:58;500769;SAO GABRIEL DO OESTE;6354265;CENTRAL DE REGULACAO DE SAO GABRIEL DO OESTE;500769;SAO GABRIEL DO OESTE;1;1;2026-06-10 09:48:01;1712011;ESPIROMETRIA;;;0211080055;ESPIROMETRIA OU PROVA DE FUNCAO PULMONAR COMPLETA COM BRONCODILATADOR;KALEBER ALVES DOS REIS;2020-06-11;ANDREIA DOS SANTOS ALVES NASCIMENTO;700009125927307;10788789198;MASCULINO;672522532;4;18;24;48;11;J45;ASMA
2026-06-23 19:59:58;500769;SAO GABRIEL DO OESTE;6354265;CENTRAL DE REGULACAO DE SAO GABRIEL DO OESTE;500769;SAO GABRIEL DO OESTE;1;1;2026-06-08 15:09:47;1712011;ESPIROMETRIA;;;0211080055;ESPIROMETRIA OU PROVA DE FUNCAO PULMONAR COMPLETA COM BRONCODILATADOR;METILDES SIMONI BASSO;1942-08-21;ANGELA TRIAN;706301788763778;02315198933;FEMININO;672088706;4;17;24;45;11;J448;OUTRAS FORMAS ESPECIFICADAS DE DOENCA PULMONAR OBSTRUTIVA CRONICA 
2026-06-23 19:59:58;500769;SAO GABRIEL DO OESTE;6354265;CENTRAL DE REGULACAO DE SAO GABRIEL DO OESTE;500769;SAO GABRIEL DO OESTE;1;1;2026-06-08 14:16:22;1712011;ESPIROMETRIA;;;0211080055;ESPIROMETRIA OU PROVA DE FUNCAO PULMONAR COMPLETA COM BRONCODILATADOR;MARA LUCIA DA SILVA DIAS ANDRADE;1974-11-01;JULIA DA SILVA;703201652542598;80077978153;FEMININO;672060272;4;16;24;42;11;J450;ASMA PREDOMINANTEMENTE ALERGICA 
2026-06-23 19:59:58;500769;SAO GABRIEL DO OESTE;6354265;CENTRAL DE REGULACAO DE SAO GABRIEL DO OESTE;500769;SAO GABRIEL DO OESTE;1;1;2026-06-01 14:25:20;1712011;ESPIROMETRIA;;;0211080055;ESPIROMETRIA OU PROVA DE FUNCAO PULMONAR COMPLETA COM BRONCODILATADOR;CLEONICE DE MOREIRA SALES;1950-11-26;MARIA BENTA LIMA;700802481640885;63759586104;FEMININO;671048643;4;15;24;40;11;R06;ANORMALIDADES DA RESPIRACAO
2026-06-23 19:59:58;500769;SAO GABRIEL DO OESTE;6354265;CENTRAL DE REGULACAO DE SAO GABRIEL DO OESTE;500769;SAO GABRIEL DO OESTE;1;1;2026-06-01 14:08:38;1712011;ESPIROMETRIA;;;0211080055;ESPIROMETRIA OU PROVA DE FUNCAO PULMONAR COMPLETA COM BRONCODILATADOR;MARIA DO CARMO DE JESUS ALVES;1941-01-06;ANA MARIA DE JESUS;706404675382681;46505369104;FEMININO;671040121;4;14;24;37;11;J450;ASMA PREDOMINANTEMENTE ALERGICA 
2026-06-23 19:59:58;500769;SAO GABRIEL DO OESTE;6452116;CENTRO DE ESPECIALIDADES MEDICAS;500769;SAO GABRIEL DO OESTE;1;1;2026-05-20 15:11:23;1712011;ESPIROMETRIA;;;0211080055;ESPIROMETRIA OU PROVA DE FUNCAO PULMONAR COMPLETA COM BRONCODILATADOR;MIGUEL RODRIGUES DA FONSECA SALES;2016-11-18;JOYCE DINAILA RODRIGUES DA FONSECA;706401336058390;08093080104;MASCULINO;668787924;4;13;24;34;11;J45;ASMA
2026-06-23 19:59:58;500769;SAO GABRIEL DO OESTE;6354265;CENTRAL DE REGULACAO DE SAO GABRIEL DO OESTE;500769;SAO GABRIEL DO OESTE;1;1;2026-05-20 09:27:05;1712011;ESPIROMETRIA;;;0211080055;ESPIROMETRIA OU PROVA DE FUNCAO PULMONAR COMPLETA COM BRONCODILATADOR;IVANIR GUARESMA;1977-03-27;LILITA GUARESMA;700306936644033;02558298178;FEMININO;668629303;4;12;24;32;11;J448;OUTRAS FORMAS ESPECIFICADAS DE DOENCA PULMONAR OBSTRUTIVA CRONICA 
2026-06-23 19:59:58;500769;SAO GABRIEL DO OESTE;6354265;CENTRAL DE REGULACAO DE SAO GABRIEL DO OESTE;500769;SAO GABRIEL DO OESTE;1;1;2026-05-18 17:58:22;1712011;ESPIROMETRIA;;;0211080055;ESPIROMETRIA OU PROVA DE FUNCAO PULMONAR COMPLETA COM BRONCODILATADOR;LEONIDAS RODRIGUES DA SILVA;1980-04-03;MARIA MADALENA DA CRUZ RODRIGUES;700009393209906;94740542153;MASCULINO;668270505;4;11;24;29;11;A158;OUTRAS FORMAS DE TUBERCULOSE DAS VIAS RESPIRATORIAS, COM CONFIRMACAO BACTERIOLOGICA E HISTOLOGICA 
2026-06-23 19:59:58;500769;SAO GABRIEL DO OESTE;7002084;UNIDADE DE SAUDE DA FAMILIA IX;500769;SAO GABRIEL DO OESTE;1;1;2026-05-13 15:06:13;1712011;ESPIROMETRIA;;;0211080055;ESPIROMETRIA OU PROVA DE FUNCAO PULMONAR COMPLETA COM BRONCODILATADOR;AMELIA MARIA DOS ANJOS;1947-05-08;CECILIA MARIA DA CONCEICAO;704802099517940;84530804100;FEMININO;667407259;4;10;24;26;11;J45;ASMA
2026-06-23 19:59:58;500769;SAO GABRIEL DO OESTE;6354265;CENTRAL DE REGULACAO DE SAO GABRIEL DO OESTE;500769;SAO GABRIEL DO OESTE;1;1;2026-05-08 07:59:31;1712011;ESPIROMETRIA;;;0211080055;ESPIROMETRIA OU PROVA DE FUNCAO PULMONAR COMPLETA COM BRONCODILATADOR;DAVI AFONSO COIMBRA TELES;2016-05-12;GLAUCIANE COIMBRA BARREIROS;700002231493807;07833941107;MASCULINO;666387909;4;9;24;24;11;J45;ASMA
2026-06-23 19:59:58;500769;SAO GABRIEL DO OESTE;6354265;CENTRAL DE REGULACAO DE SAO GABRIEL DO OESTE;500769;SAO GABRIEL DO OESTE;1;1;2026-05-07 15:29:52;1712011;ESPIROMETRIA;;;0211080055;ESPIROMETRIA OU PROVA DE FUNCAO PULMONAR COMPLETA COM BRONCODILATADOR;GRAZIELA TERZETTI;1976-09-20;IRENE GALLO TERZETTI;700002525249504;18578177886;FEMININO;666322308;4;8;24;21;11;J448;OUTRAS FORMAS ESPECIFICADAS DE DOENCA PULMONAR OBSTRUTIVA CRONICA 
2026-06-23 19:59:58;500769;SAO GABRIEL DO OESTE;6354265;CENTRAL DE REGULACAO DE SAO GABRIEL DO OESTE;500769;SAO GABRIEL DO OESTE;1;1;2026-05-07 15:22:35;1712011;ESPIROMETRIA;;;0211080055;ESPIROMETRIA OU PROVA DE FUNCAO PULMONAR COMPLETA COM BRONCODILATADOR;CLECY MARIA RECH DE CEZARO;1956-08-13;MARIA RECH;706306726268670;03631517963;FEMININO;666318808;4;7;24;19;11;J450;ASMA PREDOMINANTEMENTE ALERGICA 
2026-06-23 19:59:58;500769;SAO GABRIEL DO OESTE;6354265;CENTRAL DE REGULACAO DE SAO GABRIEL DO OESTE;500769;SAO GABRIEL DO OESTE;1;1;2026-04-14 17:37:40;1712011;ESPIROMETRIA;;;0211080055;ESPIROMETRIA OU PROVA DE FUNCAO PULMONAR COMPLETA COM BRONCODILATADOR;JOSE SIMPLICIO DE OLIVEIRA;1948-09-09;JOVELINA SALVINA DA CONCEICAO;708008336783024;26720450115;MASCULINO;662122108;4;6;24;16;11;J449;DOENCA PULMONAR OBSTRUTIVA CRONICA NAO ESPECIFICADA 
2026-06-23 19:59:58;500769;SAO GABRIEL DO OESTE;6354265;CENTRAL DE REGULACAO DE SAO GABRIEL DO OESTE;500769;SAO GABRIEL DO OESTE;1;1;2026-04-14 17:33:34;1712011;ESPIROMETRIA;;;0211080055;ESPIROMETRIA OU PROVA DE FUNCAO PULMONAR COMPLETA COM BRONCODILATADOR;ELIZETE REGINA VARGAS DIAS;1972-02-23;VILMA VARGAS DIAS;706200583685961;63841541100;FEMININO;662121390;4;5;24;13;11;J449;DOENCA PULMONAR OBSTRUTIVA CRONICA NAO ESPECIFICADA 
2026-06-23 19:59:58;500769;SAO GABRIEL DO OESTE;6354265;CENTRAL DE REGULACAO DE SAO GABRIEL DO OESTE;500769;SAO GABRIEL DO OESTE;1;1;2026-04-14 17:28:31;1712011;ESPIROMETRIA;;;0211080055;ESPIROMETRIA OU PROVA DE FUNCAO PULMONAR COMPLETA COM BRONCODILATADOR;MIGUEL ADALBERTO DE OLIVEIRA BONILLA;1955-05-03;NILSA DE OLIVEIRA BONILLA;707608225410897;18854052000;MASCULINO;662120458;4;4;24;11;11;J450;ASMA PREDOMINANTEMENTE ALERGICA 
2026-06-23 19:59:58;500769;SAO GABRIEL DO OESTE;6354265;CENTRAL DE REGULACAO DE SAO GABRIEL DO OESTE;500769;SAO GABRIEL DO OESTE;1;1;2026-04-14 17:06:17;1712011;ESPIROMETRIA;;;0211080055;ESPIROMETRIA OU PROVA DE FUNCAO PULMONAR COMPLETA COM BRONCODILATADOR;ANA JULIA PALMEIRA MIRANDA;2019-01-26;ALESSANDRA PALMEIRA DOS SANTOS;705006236465857;09885168109;FEMININO;662115698;4;3;24;8;11;J459;ASMA NAO ESPECIFICADA 
2026-06-23 19:59:58;500769;SAO GABRIEL DO OESTE;6354265;CENTRAL DE REGULACAO DE SAO GABRIEL DO OESTE;500769;SAO GABRIEL DO OESTE;1;1;2026-04-14 16:36:11;1712011;ESPIROMETRIA;;;0211080055;ESPIROMETRIA OU PROVA DE FUNCAO PULMONAR COMPLETA COM BRONCODILATADOR;EDINELSON CLEYTON DUTRA;1980-04-08;MARIA EUGENIA FERNANDES;701206054190319;01981033106;MASCULINO;662105753;4;2;24;5;11;J448;OUTRAS FORMAS ESPECIFICADAS DE DOENCA PULMONAR OBSTRUTIVA CRONICA 
2026-06-23 19:59:58;500769;SAO GABRIEL DO OESTE;6354265;CENTRAL DE REGULACAO DE SAO GABRIEL DO OESTE;500769;SAO GABRIEL DO OESTE;1;1;2026-04-14 16:11:44;1712011;ESPIROMETRIA;;;0211080055;ESPIROMETRIA OU PROVA DE FUNCAO PULMONAR COMPLETA COM BRONCODILATADOR;CHRISTOPHER GONCALVES ALVARES;2017-12-01;MARISTELA GONCALVES DOS SANTOS;708605570627183;08869810186;MASCULINO;662095746;4;1;24;3;11;J45;ASMA
2026-06-23 19:59:58;500769;SAO GABRIEL DO OESTE;6452116;CENTRO DE ESPECIALIDADES MEDICAS;500769;SAO GABRIEL DO OESTE;0;1;2026-06-18 16:20:06;2300004;CONSULTA EM CARDIOLOGIA;;;0301010072;CONSULTA MEDICA EM ATENÇÃO ESPECIALIZADA;VANDERLEI PEREIRA PITALUGA;1966-06-16;NAIR PEREIRA PITALUGA;705406441187398;40807207187;MASCULINO;674351828;4;17;26;3;156;Z016;EXAME RADIOLOGICO NAO CLASSIFICADO EM OUTRA PARTE 
2026-06-23 19:59:58;500769;SAO GABRIEL DO OESTE;6452116;CENTRO DE ESPECIALIDADES MEDICAS;500769;SAO GABRIEL DO OESTE;0;1;2026-06-18 16:00:17;2300004;CONSULTA EM CARDIOLOGIA;;;0301010072;CONSULTA MEDICA EM ATENÇÃO ESPECIALIZADA;VILMAR DICKER;1964-06-10;IVONE DICKER;706501356803597;46451277053;MASCULINO;674343810;4;16;26;3;156;Z016;EXAME RADIOLOGICO NAO CLASSIFICADO EM OUTRA PARTE 
2026-06-23 19:59:58;500769;SAO GABRIEL DO OESTE;6452116;CENTRO DE ESPECIALIDADES MEDICAS;500769;SAO GABRIEL DO OESTE;0;1;2026-06-18 15:24:16;2300004;CONSULTA EM CARDIOLOGIA;;;0301010072;CONSULTA MEDICA EM ATENÇÃO ESPECIALIZADA;RONALDO MARTINS;1955-02-28;PONOCIRIA MARTINS;704003892861061;20020783191;MASCULINO;674327455;4;15;26;3;156;Z016;EXAME RADIOLOGICO NAO CLASSIFICADO EM OUTRA PARTE 
2026-06-23 19:59:58;500769;SAO GABRIEL DO OESTE;2370964;UNIDADE DE SAUDE DA FAMILIA III;500769;SAO GABRIEL DO OESTE;0;1;2026-06-18 15:04:43;2300004;CONSULTA EM CARDIOLOGIA;;;0301010072;CONSULTA MEDICA EM ATENÇÃO ESPECIALIZADA;ADEMIR GEBERT;1965-04-20;ELIZA LUCIA GEBERT;704502379662315;44988133087;MASCULINO;674318146;4;14;26;3;156;Z136;EXAME ESPECIAL DE RASTREAMENTO DE DOENCAS CARDIOVASCULARES 
2026-06-23 19:59:58;500769;SAO GABRIEL DO OESTE;2370972;UNIDADE DE SAUDE DA FAMILIA MILANE II;500769;SAO GABRIEL DO OESTE;0;1;2026-06-18 12:32:09;2300004;CONSULTA EM CARDIOLOGIA;;;0301010072;CONSULTA MEDICA EM ATENÇÃO ESPECIALIZADA;ADEMIR VIEIRA DE OLIVEIRA;1995-01-13;MARIA DAS GRACAS VIEIRA DA SILVA;706005335910643;04855640174;MASCULINO;674261802;4;13;26;3;156;R074;DOR TORACICA, NAO ESPECIFICADA 
2026-06-23 19:59:58;500769;SAO GABRIEL DO OESTE;6452116;CENTRO DE ESPECIALIDADES MEDICAS;500769;SAO GABRIEL DO OESTE;0;1;2026-06-18 11:32:53;2300004;CONSULTA EM CARDIOLOGIA;;;0301010072;CONSULTA MEDICA EM ATENÇÃO ESPECIALIZADA;ANTONIA MARIA DE SOUZA;1941-09-24;MARIA DEOLINDA DA CONCEICAO;708708138003999;55166369572;FEMININO;674240335;4;12;26;2;156;Z016;EXAME RADIOLOGICO NAO CLASSIFICADO EM OUTRA PARTE 
2026-06-23 19:59:58;500769;SAO GABRIEL DO OESTE;6452116;CENTRO DE ESPECIALIDADES MEDICAS;500769;SAO GABRIEL DO OESTE;0;1;2026-06-18 11:31:50;2300004;CONSULTA EM CARDIOLOGIA;;;0301010072;CONSULTA MEDICA EM ATENÇÃO ESPECIALIZADA;JACINTO RUFINO DE SOUZA;1971-08-17;ANTONIA MARIA DE SOUZA;700606414619662;56884605120;MASCULINO;674239835;4;11;26;2;156;Z016;EXAME RADIOLOGICO NAO CLASSIFICADO EM OUTRA PARTE 
2026-06-23 19:59:58;500769;SAO GABRIEL DO OESTE;6452116;CENTRO DE ESPECIALIDADES MEDICAS;500769;SAO GABRIEL DO OESTE;0;1;2026-06-18 10:53:18;2300004;CONSULTA EM CARDIOLOGIA;;;0301010072;CONSULTA MEDICA EM ATENÇÃO ESPECIALIZADA;ELAINE CRISTINA AMARAL MONTESSI;2000-12-23;IDENENIR PEREIRA DO AMARAL;706903138820331;07102764197;FEMININO;674218455;4;10;26;2;156;Z016;EXAME RADIOLOGICO NAO CLASSIFICADO EM OUTRA PARTE 
2026-06-23 19:59:58;500769;SAO GABRIEL DO OESTE;6452116;CENTRO DE ESPECIALIDADES MEDICAS;500769;SAO GABRIEL DO OESTE;0;1;2026-06-18 10:00:58;2300004;CONSULTA EM CARDIOLOGIA;;;0301010072;CONSULTA MEDICA EM ATENÇÃO ESPECIALIZADA;IRLETE IULE;1936-10-15;CLAUDETE IULE;700000940389910;10805443134;FEMININO;674185756;4;9;26;2;156;Z016;EXAME RADIOLOGICO NAO CLASSIFICADO EM OUTRA PARTE 
2026-06-23 19:59:58;500769;SAO GABRIEL DO OESTE;6452116;CENTRO DE ESPECIALIDADES MEDICAS;500769;SAO GABRIEL DO OESTE;0;1;2026-06-18 09:08:38;2300004;CONSULTA EM CARDIOLOGIA;;;0301010072;CONSULTA MEDICA EM ATENÇÃO ESPECIALIZADA;GILDA MARIA DE JESUS;1947-06-05;MARIA JARDILINA DE JESUS;705008097069658;15605515187;FEMININO;674154687;4;8;26;2;156;Z016;EXAME RADIOLOGICO NAO CLASSIFICADO EM OUTRA PARTE 
2026-06-23 19:59:58;500769;SAO GABRIEL DO OESTE;6452116;CENTRO DE ESPECIALIDADES MEDICAS;500769;SAO GABRIEL DO OESTE;0;1;2026-06-17 15:32:56;2300004;CONSULTA EM CARDIOLOGIA;;;0301010072;CONSULTA MEDICA EM ATENÇÃO ESPECIALIZADA;MALVINA DOLORES DE JESUS;1966-10-29;ROSA MARIA DE JESUS;706302742488376;89038002572;FEMININO;674067464;4;7;26;1;156;Z016;EXAME RADIOLOGICO NAO CLASSIFICADO EM OUTRA PARTE 
2026-06-23 19:59:58;500769;SAO GABRIEL DO OESTE;6452116;CENTRO DE ESPECIALIDADES MEDICAS;500769;SAO GABRIEL DO OESTE;0;1;2026-06-17 11:23:42;2300004;CONSULTA EM CARDIOLOGIA;;;0301010072;CONSULTA MEDICA EM ATENÇÃO ESPECIALIZADA;GILBERTO JOSE PETROLI;1961-03-13;ROSA CORTINA PETROLI;704700790724236;44689268134;MASCULINO;673971730;4;6;26;1;156;Z016;EXAME RADIOLOGICO NAO CLASSIFICADO EM OUTRA PARTE 
2026-06-23 19:59:58;500769;SAO GABRIEL DO OESTE;6452116;CENTRO DE ESPECIALIDADES MEDICAS;500769;SAO GABRIEL DO OESTE;0;1;2026-06-17 10:05:04;2300004;CONSULTA EM CARDIOLOGIA;;;0301010072;CONSULTA MEDICA EM ATENÇÃO ESPECIALIZADA;EDVARD LOPES DE ARAUJO;1959-06-22;ANITA MARIA DOS SANTOS ARAUJO;706700552249219;35720670149;MASCULINO;673924705;4;5;26;1;156;Z016;EXAME RADIOLOGICO NAO CLASSIFICADO EM OUTRA PARTE 
2026-06-23 19:59:58;500769;SAO GABRIEL DO OESTE;6452116;CENTRO DE ESPECIALIDADES MEDICAS;500769;SAO GABRIEL DO OESTE;0;1;2026-06-17 09:53:14;2300004;CONSULTA EM CARDIOLOGIA;;;0301010072;CONSULTA MEDICA EM ATENÇÃO ESPECIALIZADA;CRISTIANA JESUS DE SOUZA;1983-05-09;RICARDA MARIA DOS SANTOS SOUZA;704203290903481;00747876169;FEMININO;673917743;4;4;26;1;156;Z016;EXAME RADIOLOGICO NAO CLASSIFICADO EM OUTRA PARTE 
2026-06-23 19:59:58;500769;SAO GABRIEL DO OESTE;6452116;CENTRO DE ESPECIALIDADES MEDICAS;500769;SAO GABRIEL DO OESTE;0;1;2026-06-17 09:25:33;2300004;CONSULTA EM CARDIOLOGIA;;;0301010072;CONSULTA MEDICA EM ATENÇÃO ESPECIALIZADA;LUIZ MOREIRA DA SILVA;1953-05-21;MARIA ROZA MOREIRA DA SILVA;709801085480691;39093336134;MASCULINO;673900859;4;3;26;1;156;Z00;EXAME GERAL E INVESTIGACAO DE PESSOAS SEM QUEIXAS OU DIAGNOSTICO RELATADO
2026-06-23 19:59:58;500769;SAO GABRIEL DO OESTE;6452116;CENTRO DE ESPECIALIDADES MEDICAS;500769;SAO GABRIEL DO OESTE;0;1;2026-06-09 17:29:23;2300004;CONSULTA EM CARDIOLOGIA;;;0301010072;CONSULTA MEDICA EM ATENÇÃO ESPECIALIZADA;KAYLA EDUARDA GONCALVES PREVIATTI;2009-10-06;DEBORA GONCALVES CASTELANI;702108733218595;09807635179;FEMININO;672440257;4;2;26;0;156;Z016;EXAME RADIOLOGICO NAO CLASSIFICADO EM OUTRA PARTE 
2026-06-23 19:59:58;500769;SAO GABRIEL DO OESTE;2370999;UNIDADE DE SAUDE DA FAMILIA FENIX IV;500769;SAO GABRIEL DO OESTE;0;1;2026-06-23 08:43:16;2300004;CONSULTA EM CARDIOLOGIA;;;0301010072;CONSULTA MEDICA EM ATENÇÃO ESPECIALIZADA;LIDIA ROBERTO;1970-02-04;PRECILA ROBERTO;700009003162802;58332286115;FEMININO;674928153;3;1;26;0;156;I10;HIPERTENSAO ESSENCIAL (PRIMARIA) 
2026-06-23 19:59:58;500769;SAO GABRIEL DO OESTE;6452116;CENTRO DE ESPECIALIDADES MEDICAS;500769;SAO GABRIEL DO OESTE;0;1;2026-06-23 15:14:23;2300004;CONSULTA EM CARDIOLOGIA;;;0301010072;CONSULTA MEDICA EM ATENÇÃO ESPECIALIZADA;RENY FORTTI LUCIANER;1938-03-03;ERNESTINA PIOVEZANA;700705965883372;54296625187;FEMININO;675091942;4;31;26;6;156;Z00;EXAME GERAL E INVESTIGACAO DE PESSOAS SEM QUEIXAS OU DIAGNOSTICO RELATADO
2026-06-23 19:59:58;500769;SAO GABRIEL DO OESTE;6452116;CENTRO DE ESPECIALIDADES MEDICAS;500769;SAO GABRIEL DO OESTE;0;1;2026-06-23 12:04:09;2300004;CONSULTA EM CARDIOLOGIA;;;0301010072;CONSULTA MEDICA EM ATENÇÃO ESPECIALIZADA;OSVALDO DE ANDRADE FILHO;1951-10-15;ALMERINDA PEREIRA DE ANDRADE;708601073029985;39091570172;MASCULINO;675029721;4;30;26;6;156;Z00;EXAME GERAL E INVESTIGACAO DE PESSOAS SEM QUEIXAS OU DIAGNOSTICO RELATADO
2026-06-23 19:59:58;500769;SAO GABRIEL DO OESTE;6452116;CENTRO DE ESPECIALIDADES MEDICAS;500769;SAO GABRIEL DO OESTE;0;1;2026-06-23 11:16:26;2300004;CONSULTA EM CARDIOLOGIA;;;0301010072;CONSULTA MEDICA EM ATENÇÃO ESPECIALIZADA;LUCIANE DE LIMA;1972-02-27;CANDIDA BALBINA DE LIMA;708907769622117;61523542187;FEMININO;675009393;4;29;26;6;156;Z00;EXAME GERAL E INVESTIGACAO DE PESSOAS SEM QUEIXAS OU DIAGNOSTICO RELATADO
2026-06-23 19:59:58;500769;SAO GABRIEL DO OESTE;6452116;CENTRO DE ESPECIALIDADES MEDICAS;500769;SAO GABRIEL DO OESTE;0;1;2026-06-23 10:05:15;2300004;CONSULTA EM CARDIOLOGIA;;;0301010072;CONSULTA MEDICA EM ATENÇÃO ESPECIALIZADA;OLAVO DOS ANJOS;1961-07-28;MARIA DOS ANJOS;700002794003105;46643087104;MASCULINO;674970855;4;28;26;5;156;Z016;EXAME RADIOLOGICO NAO CLASSIFICADO EM OUTRA PARTE 
2026-06-23 19:59:58;500769;SAO GABRIEL DO OESTE;6452116;CENTRO DE ESPECIALIDADES MEDICAS;500769;SAO GABRIEL DO OESTE;0;1;2026-06-23 08:47:10;2300004;CONSULTA EM CARDIOLOGIA;;;0301010072;CONSULTA MEDICA EM ATENÇÃO ESPECIALIZADA;ANA PAULA PEREIRA SABINO;1987-10-04;FATIMA DE LURDES PEREIRA SABINO;702503361931130;02461819157;FEMININO;674929927;4;27;26;5;156;Z00;EXAME GERAL E INVESTIGACAO DE PESSOAS SEM QUEIXAS OU DIAGNOSTICO RELATADO
2026-06-23 19:59:58;500769;SAO GABRIEL DO OESTE;2370999;UNIDADE DE SAUDE DA FAMILIA FENIX IV;500769;SAO GABRIEL DO OESTE;0;1;2026-06-22 16:21:02;2300004;CONSULTA EM CARDIOLOGIA;;;0301010072;CONSULTA MEDICA EM ATENÇÃO ESPECIALIZADA;MARILENE JOSEFA DE OLIVEIRA;1959-12-25;JOSEFA JULIA DA CONCEICAO;700403424843742;35721189134;FEMININO;674866569;4;26;26;5;156;Z000;EXAME MEDICO GERAL 
2026-06-23 19:59:58;500769;SAO GABRIEL DO OESTE;6452116;CENTRO DE ESPECIALIDADES MEDICAS;500769;SAO GABRIEL DO OESTE;0;1;2026-06-22 16:09:15;2300004;CONSULTA EM CARDIOLOGIA;;;0301010072;CONSULTA MEDICA EM ATENÇÃO ESPECIALIZADA;NADIA ANDREIA MANN RONCALHIO;1980-10-12;SUELI LOURENCO KOGLER MANN;708507397313170;89403088168;FEMININO;674861902;4;25;26;5;156;Z00;EXAME GERAL E INVESTIGACAO DE PESSOAS SEM QUEIXAS OU DIAGNOSTICO RELATADO
2026-06-23 19:59:58;500769;SAO GABRIEL DO OESTE;6452116;CENTRO DE ESPECIALIDADES MEDICAS;500769;SAO GABRIEL DO OESTE;0;1;2026-06-22 09:59:14;2300004;CONSULTA EM CARDIOLOGIA;;;0301010072;CONSULTA MEDICA EM ATENÇÃO ESPECIALIZADA;NAYARA VIANA DE SOUZA;1999-01-11;MARTA PENA VIANA;700501938859359;07343705121;FEMININO;674704574;4;24;26;5;156;Z136;EXAME ESPECIAL DE RASTREAMENTO DE DOENCAS CARDIOVASCULARES 
2026-06-23 19:59:58;500769;SAO GABRIEL DO OESTE;6452116;CENTRO DE ESPECIALIDADES MEDICAS;500769;SAO GABRIEL DO OESTE;0;1;2026-06-19 11:37:23;2300004;CONSULTA EM CARDIOLOGIA;;;0301010072;CONSULTA MEDICA EM ATENÇÃO ESPECIALIZADA;MAURICIO FERREIRA DE SOUZA;1952-01-15;ETELVINA MARIA DE JESUS;700005374414008;28326342904;MASCULINO;674498624;4;23;26;4;156;Z00;EXAME GERAL E INVESTIGACAO DE PESSOAS SEM QUEIXAS OU DIAGNOSTICO RELATADO
2026-06-23 19:59:58;500769;SAO GABRIEL DO OESTE;7002084;UNIDADE DE SAUDE DA FAMILIA IX;500769;SAO GABRIEL DO OESTE;0;1;2026-06-19 10:15:38;2300004;CONSULTA EM CARDIOLOGIA;;;0301010072;CONSULTA MEDICA EM ATENÇÃO ESPECIALIZADA;ANTHONY RAFAEL SIMOES ARAUJO;2014-04-02;DIELY SIMOES DE QUEIROZ;705601462713319;11428735100;MASCULINO;674457399;4;22;26;4;156;R074;DOR TORACICA, NAO ESPECIFICADA 
2026-06-23 19:59:58;500769;SAO GABRIEL DO OESTE;6452116;CENTRO DE ESPECIALIDADES MEDICAS;500769;SAO GABRIEL DO OESTE;0;1;2026-06-19 09:45:15;2300004;CONSULTA EM CARDIOLOGIA;;;0301010072;CONSULTA MEDICA EM ATENÇÃO ESPECIALIZADA;MARIA CLEUCIR LEJANOSKI DE SOUZA;1969-12-15;FLORENTINA DO NASCIMENTO LEJANOSKI;707405035264570;80803687915;FEMININO;674441339;4;21;26;4;156;Z016;EXAME RADIOLOGICO NAO CLASSIFICADO EM OUTRA PARTE 
2026-06-23 19:59:58;500769;SAO GABRIEL DO OESTE;6452116;CENTRO DE ESPECIALIDADES MEDICAS;500769;SAO GABRIEL DO OESTE;0;1;2026-06-19 08:55:49;2300004;CONSULTA EM CARDIOLOGIA;;;0301010072;CONSULTA MEDICA EM ATENÇÃO ESPECIALIZADA;JOELSON CAVALHEIRO MOREIRA;1995-04-08;GESSELDA NUNES CAVALHEIRO MOREIRA;704007829315865;05594651144;MASCULINO;674416382;4;20;26;4;156;R000;TAQUICARDIA NAO ESPECIFICADA 
2026-06-23 19:59:58;500769;SAO GABRIEL DO OESTE;6452116;CENTRO DE ESPECIALIDADES MEDICAS;500769;SAO GABRIEL DO OESTE;0;1;2026-06-18 17:55:54;2300004;CONSULTA EM CARDIOLOGIA;;;0301010072;CONSULTA MEDICA EM ATENÇÃO ESPECIALIZADA;MARIA CONCEICAO DIAS BARBOSA SANTANA;1977-12-08;MARIA DIAS BARBOSA;707404081148676;04085474138;FEMININO;674375417;4;19;26;4;156;Z016;EXAME RADIOLOGICO NAO CLASSIFICADO EM OUTRA PARTE 
2026-06-23 19:59:58;500769;SAO GABRIEL DO OESTE;6452116;CENTRO DE ESPECIALIDADES MEDICAS;500769;SAO GABRIEL DO OESTE;0;1;2026-06-18 17:43:30;2300004;CONSULTA EM CARDIOLOGIA;;;0301010072;CONSULTA MEDICA EM ATENÇÃO ESPECIALIZADA;VANIA LINO BATISTA;1972-01-22;MARIA APARECIDA LINO;704603660525121;83077910144;FEMININO;674373527;4;18;26;3;156;Z016;EXAME RADIOLOGICO NAO CLASSIFICADO EM OUTRA PARTE 
2026-06-23 19:59:58;500769;SAO GABRIEL DO OESTE;6354265;CENTRAL DE REGULACAO DE SAO GABRIEL DO OESTE;500769;SAO GABRIEL DO OESTE;1;1;2026-04-16 08:33:37;3100000;RESSONANCIA MAGNETICA DE COLUNA CERVICAL;3100000;GRUPO - RESSONANCIA MAGNETICA;0207010030;RESSONANCIA MAGNETICA DE COLUNA CERVICAL/PESCOÇO;ALBERTO CARLOS STRITAR;1965-12-04;LUCI MOREIRA PINTO STRITAR;700002244258100;44659393100;MASCULINO;662450513;3;20;31;180;3;M508;OUTROS TRANSTORNOS DE DISCOS CERVICAIS 
2026-06-23 19:59:58;500769;SAO GABRIEL DO OESTE;6354265;CENTRAL DE REGULACAO DE SAO GABRIEL DO OESTE;500769;SAO GABRIEL DO OESTE;1;1;2026-04-16 09:01:39;3100000;RESSONANCIA MAGNETICA DE COLUNA CERVICAL;3100000;GRUPO - RESSONANCIA MAGNETICA;0207010030;RESSONANCIA MAGNETICA DE COLUNA CERVICAL/PESCOÇO;ACIONE BENITES DE OLIVEIRA;1972-06-23;VANIR BENITES DE OLIVEIRA;708603568616186;80320171191;MASCULINO;662465019;4;85;31;765;3;M431;ESPONDILOLISTESE 
2026-06-23 19:59:58;500769;SAO GABRIEL DO OESTE;6354265;CENTRAL DE REGULACAO DE SAO GABRIEL DO OESTE;500769;SAO GABRIEL DO OESTE;1;1;2026-04-17 08:51:25;3100000;RESSONANCIA MAGNETICA DE COLUNA CERVICAL;3100000;GRUPO - RESSONANCIA MAGNETICA;0207010030;RESSONANCIA MAGNETICA DE COLUNA CERVICAL/PESCOÇO;CACILDO DA SILVA CORREA;1967-09-14;OTILIA MESSIAS DA SILVA;700008434113001;42185610104;MASCULINO;662737726;4;135;31;1215;3;M542;CERVICALGIA 
2026-06-23 19:59:58;500769;SAO GABRIEL DO OESTE;6354265;CENTRAL DE REGULACAO DE SAO GABRIEL DO OESTE;500769;SAO GABRIEL DO OESTE;1;1;2026-04-16 11:34:44;3100000;RESSONANCIA MAGNETICA DE COLUNA CERVICAL;3100000;GRUPO - RESSONANCIA MAGNETICA;0207010030;RESSONANCIA MAGNETICA DE COLUNA CERVICAL/PESCOÇO;APARECIDO ALVES DE SOUZA;1984-10-12;MARIA SALETE SIQUEIRA DE SOUZA;706805720110026;07758623980;MASCULINO;662558923;4;106;31;954;3;M545;DOR LOMBAR BAIXA 
2026-06-23 19:59:58;500769;SAO GABRIEL DO OESTE;6354265;CENTRAL DE REGULACAO DE SAO GABRIEL DO OESTE;500769;SAO GABRIEL DO OESTE;1;1;2026-04-16 10:12:17;3100000;RESSONANCIA MAGNETICA DE COLUNA CERVICAL;3100000;GRUPO - RESSONANCIA MAGNETICA;0207010030;RESSONANCIA MAGNETICA DE COLUNA CERVICAL/PESCOÇO;AYRTON BALBINO;1967-08-24;MARIA DE LOURDES TIBURCIO;708902749549118;57268886187;MASCULINO;662508957;4;95;31;855;3;M542;CERVICALGIA 
2026-06-23 19:59:58;500769;SAO GABRIEL DO OESTE;6354265;CENTRAL DE REGULACAO DE SAO GABRIEL DO OESTE;500769;SAO GABRIEL DO OESTE;1;1;2026-04-17 15:16:00;3100000;RESSONANCIA MAGNETICA DE COLUNA CERVICAL;3100000;GRUPO - RESSONANCIA MAGNETICA;0207010030;RESSONANCIA MAGNETICA DE COLUNA CERVICAL/PESCOÇO;ESTELINA EVA DE MELO SANTANA;1968-06-29;OSMIRA DOS SANTOS MELO;700005241561107;88320367115;FEMININO;662901237;4;169;31;1521;3;M545;DOR LOMBAR BAIXA 
2026-06-23 19:59:58;500769;SAO GABRIEL DO OESTE;6354265;CENTRAL DE REGULACAO DE SAO GABRIEL DO OESTE;500769;SAO GABRIEL DO OESTE;1;1;2026-04-17 15:01:11;3100000;RESSONANCIA MAGNETICA DE COLUNA CERVICAL;3100000;GRUPO - RESSONANCIA MAGNETICA;0207010030;RESSONANCIA MAGNETICA DE COLUNA CERVICAL/PESCOÇO;ELIANE ALVES DA SILVA;1976-08-25;GUELDA ALVES DA SILVA;703407639296000;88835510104;FEMININO;662895240;4;166;31;1494;3;M511;TRANSTORNOS DE DISCOS LOMBARES E DE OUTROS DISCOS INTERVERTEBRAIS COM RADICULOPATIA 
2026-06-23 19:59:58;500769;SAO GABRIEL DO OESTE;6354265;CENTRAL DE REGULACAO DE SAO GABRIEL DO OESTE;500769;SAO GABRIEL DO OESTE;1;1;2026-04-17 09:49:06;3100000;RESSONANCIA MAGNETICA DE COLUNA CERVICAL;3100000;GRUPO - RESSONANCIA MAGNETICA;0207010030;RESSONANCIA MAGNETICA DE COLUNA CERVICAL/PESCOÇO;CARLA FERNANDA DA SILVA DOS SANTOS;1982-06-15;MARIA DE FATIMA DA SILVA;704808056053042;01623187150;FEMININO;662767873;4;147;31;1323;3;M542;CERVICALGIA 
2026-06-23 19:59:58;500769;SAO GABRIEL DO OESTE;6354265;CENTRAL DE REGULACAO DE SAO GABRIEL DO OESTE;500769;SAO GABRIEL DO OESTE;1;1;2026-04-17 09:42:17;3100000;RESSONANCIA MAGNETICA DE COLUNA CERVICAL;3100000;GRUPO - RESSONANCIA MAGNETICA;0207010030;RESSONANCIA MAGNETICA DE COLUNA CERVICAL/PESCOÇO;CLAITON ROGERIO HENRIQUES;1973-12-19;ELINA BLOSS HENRIQUES;700406496000744;78076277191;MASCULINO;662764043;4;145;31;1305;3;M511;TRANSTORNOS DE DISCOS LOMBARES E DE OUTROS DISCOS INTERVERTEBRAIS COM RADICULOPATIA 
2026-06-23 19:59:58;500769;SAO GABRIEL DO OESTE;6354265;CENTRAL DE REGULACAO DE SAO GABRIEL DO OESTE;500769;SAO GABRIEL DO OESTE;1;1;2026-04-21 12:46:41;3100000;RESSONANCIA MAGNETICA DE COLUNA CERVICAL;3100000;GRUPO - RESSONANCIA MAGNETICA;0207010030;RESSONANCIA MAGNETICA DE COLUNA CERVICAL/PESCOÇO;NADIA ANDREIA MANN RONCALHIO;1980-10-12;SUELI LOURENCO KOGLER MANN;708507397313170;89403088168;FEMININO;663096844;4;232;31;2088;3;M501;TRANSTORNO DO DISCO CERVICAL COM RADICULOPATIA 
2026-06-23 19:59:58;500769;SAO GABRIEL DO OESTE;6354265;CENTRAL DE REGULACAO DE SAO GABRIEL DO OESTE;500769;SAO GABRIEL DO OESTE;1;1;2026-04-21 12:37:45;3100000;RESSONANCIA MAGNETICA DE COLUNA CERVICAL;3100000;GRUPO - RESSONANCIA MAGNETICA;0207010030;RESSONANCIA MAGNETICA DE COLUNA CERVICAL/PESCOÇO;MARIA DAS GRACAS MELO FERREIRA;1980-06-23;MARIA LUSTOSA DE MELO FERREIRA;706202577615460;00276066359;FEMININO;663096734;4;226;31;2034;3;M531;SINDROME CERVICOBRAQUIAL 
2026-06-23 19:59:58;500769;SAO GABRIEL DO OESTE;6354265;CENTRAL DE REGULACAO DE SAO GABRIEL DO OESTE;500769;SAO GABRIEL DO OESTE;1;1;2026-04-21 12:33:47;3100000;RESSONANCIA MAGNETICA DE COLUNA CERVICAL;3100000;GRUPO - RESSONANCIA MAGNETICA;0207010030;RESSONANCIA MAGNETICA DE COLUNA CERVICAL/PESCOÇO;MARIA MARCILENE DA SILVA OLIVEIRA;1978-01-18;MARIA DAS MERCES DA SILVA OLIVEIRA;700502367179158;90173023134;FEMININO;663096685;4;223;31;2007;3;M542;CERVICALGIA 
2026-06-23 19:59:58;500769;SAO GABRIEL DO OESTE;6354265;CENTRAL DE REGULACAO DE SAO GABRIEL DO OESTE;500769;SAO GABRIEL DO OESTE;1;1;2026-04-21 12:10:04;3100000;RESSONANCIA MAGNETICA DE COLUNA CERVICAL;3100000;GRUPO - RESSONANCIA MAGNETICA;0207010030;RESSONANCIA MAGNETICA DE COLUNA CERVICAL/PESCOÇO;LUCIMAR ALVES DE LIMA;1981-08-08;MARIA ALVES DE LIMA;708402754632561;01056219432;FEMININO;663096332;4;211;31;1899;3;M531;SINDROME CERVICOBRAQUIAL 
2026-06-23 19:59:58;500769;SAO GABRIEL DO OESTE;6354265;CENTRAL DE REGULACAO DE SAO GABRIEL DO OESTE;500769;SAO GABRIEL DO OESTE;1;1;2026-04-21 12:04:57;3100000;RESSONANCIA MAGNETICA DE COLUNA CERVICAL;3100000;GRUPO - RESSONANCIA MAGNETICA;0207010030;RESSONANCIA MAGNETICA DE COLUNA CERVICAL/PESCOÇO;MARILENE SILVA MATOS;1963-09-07;NADIR SILVA MATOS;707004828268032;02390587127;FEMININO;663096267;4;208;31;1872;3;M542;CERVICALGIA 
2026-06-23 19:59:58;500769;SAO GABRIEL DO OESTE;6354265;CENTRAL DE REGULACAO DE SAO GABRIEL DO OESTE;500769;SAO GABRIEL DO OESTE;1;1;2026-04-21 11:52:22;3100000;RESSONANCIA MAGNETICA DE COLUNA CERVICAL;3100000;GRUPO - RESSONANCIA MAGNETICA;0207010030;RESSONANCIA MAGNETICA DE COLUNA CERVICAL/PESCOÇO;KATIA CRISTINA JORGE BATISTA;1969-03-22;MARIA DA GLORIA JORGE;705605468924412;21494210894;FEMININO;663096069;4;204;31;1836;3;M545;DOR LOMBAR BAIXA 
2026-06-23 19:59:58;500769;SAO GABRIEL DO OESTE;6354265;CENTRAL DE REGULACAO DE SAO GABRIEL DO OESTE;500769;SAO GABRIEL DO OESTE;1;1;2026-04-17 17:30:56;3100000;RESSONANCIA MAGNETICA DE COLUNA CERVICAL;3100000;GRUPO - RESSONANCIA MAGNETICA;0207010030;RESSONANCIA MAGNETICA DE COLUNA CERVICAL/PESCOÇO;GRAZIELA TERZETTI;1976-09-20;IRENE GALLO TERZETTI;700002525249504;18578177886;FEMININO;662941343;4;189;31;1701;3;M542;CERVICALGIA 
2026-06-23 19:59:58;500769;SAO GABRIEL DO OESTE;6354265;CENTRAL DE REGULACAO DE SAO GABRIEL DO OESTE;500769;SAO GABRIEL DO OESTE;1;1;2026-04-21 14:05:57;3100000;RESSONANCIA MAGNETICA DE COLUNA CERVICAL;3100000;GRUPO - RESSONANCIA MAGNETICA;0207010030;RESSONANCIA MAGNETICA DE COLUNA CERVICAL/PESCOÇO;ROSEMARI DE LIMA RODRIGUES;1966-02-28;EVANIRA DE LIMA RODRIGUES;700506374551753;55908896187;FEMININO;663098032;4;288;31;2592;3;M542;CERVICALGIA 
2026-06-23 19:59:58;500769;SAO GABRIEL DO OESTE;6354265;CENTRAL DE REGULACAO DE SAO GABRIEL DO OESTE;500769;SAO GABRIEL DO OESTE;1;1;2026-04-21 14:01:21;3100000;RESSONANCIA MAGNETICA DE COLUNA CERVICAL;3100000;GRUPO - RESSONANCIA MAGNETICA;0207010030;RESSONANCIA MAGNETICA DE COLUNA CERVICAL/PESCOÇO;LUIZ ALBERTO DE OLIVEIRA;1982-07-15;LAURINDA DE OLIVEIRA;706404676925581;03777842907;MASCULINO;663097930;4;283;31;2547;3;M501;TRANSTORNO DO DISCO CERVICAL COM RADICULOPATIA 
2026-06-23 19:59:58;500769;SAO GABRIEL DO OESTE;6354265;CENTRAL DE REGULACAO DE SAO GABRIEL DO OESTE;500769;SAO GABRIEL DO OESTE;1;1;2026-04-21 13:29:59;3100000;RESSONANCIA MAGNETICA DE COLUNA CERVICAL;3100000;GRUPO - RESSONANCIA MAGNETICA;0207010030;RESSONANCIA MAGNETICA DE COLUNA CERVICAL/PESCOÇO;MARLENE GUEDIN GINDRI;1964-07-28;ORTENILA BATISTTI GUEDIN;707405083791070;36554316191;FEMININO;663097394;4;264;31;2376;3;M542;CERVICALGIA 
2026-06-23 19:59:58;500769;SAO GABRIEL DO OESTE;6354265;CENTRAL DE REGULACAO DE SAO GABRIEL DO OESTE;500769;SAO GABRIEL DO OESTE;1;1;2026-04-21 13:29:50;3100000;RESSONANCIA MAGNETICA DE COLUNA CERVICAL;3100000;GRUPO - RESSONANCIA MAGNETICA;0207010030;RESSONANCIA MAGNETICA DE COLUNA CERVICAL/PESCOÇO;ORVANIR ANGELO DOS SANTOS;1947-08-29;BELARMINA NOGUEIRA;700208980092426;07348673104;MASCULINO;663097392;4;263;31;2367;3;M501;TRANSTORNO DO DISCO CERVICAL COM RADICULOPATIA 
2026-06-23 19:59:58;500769;SAO GABRIEL DO OESTE;6354265;CENTRAL DE REGULACAO DE SAO GABRIEL DO OESTE;500769;SAO GABRIEL DO OESTE;1;1;2026-04-21 13:25:14;3100000;RESSONANCIA MAGNETICA DE COLUNA CERVICAL;3100000;GRUPO - RESSONANCIA MAGNETICA;0207010030;RESSONANCIA MAGNETICA DE COLUNA CERVICAL/PESCOÇO;MARIA DA SILVA DIVINO;1968-01-29;DELORITA DA SILVA DIVINO;708004894461927;51889110191;FEMININO;663097325;4;261;31;2349;3;M542;CERVICALGIA 
2026-06-23 19:59:58;500769;SAO GABRIEL DO OESTE;6354265;CENTRAL DE REGULACAO DE SAO GABRIEL DO OESTE;500769;SAO GABRIEL DO OESTE;1;1;2026-04-21 13:12:59;3100000;RESSONANCIA MAGNETICA DE COLUNA CERVICAL;3100000;GRUPO - RESSONANCIA MAGNETICA;0207010030;RESSONANCIA MAGNETICA DE COLUNA CERVICAL/PESCOÇO;NEUSA BROETTO SIQUEIRA;1956-06-25;GEMA BROETTO;706002887841541;78028060110;FEMININO;663097171;4;256;31;2304;3;M53;OUTRAS DORSOPATIAS NAO CLASSIFICADAS EM OUTRA PARTE
2026-06-23 19:59:58;500769;SAO GABRIEL DO OESTE;6354265;CENTRAL DE REGULACAO DE SAO GABRIEL DO OESTE;500769;SAO GABRIEL DO OESTE;1;1;2026-04-21 13:05:51;3100000;RESSONANCIA MAGNETICA DE COLUNA CERVICAL;3100000;GRUPO - RESSONANCIA MAGNETICA;0207010030;RESSONANCIA MAGNETICA DE COLUNA CERVICAL/PESCOÇO;MARIA LUCILENE LOPES DE MACEDO;1974-12-27;MARIA LUCIA ALEXANDRIA LOPES;708400218712665;93521464415;FEMININO;663097070;4;250;31;2250;3;M542;CERVICALGIA 
2026-06-23 19:59:58;500769;SAO GABRIEL DO OESTE;6354265;CENTRAL DE REGULACAO DE SAO GABRIEL DO OESTE;500769;SAO GABRIEL DO OESTE;1;1;2026-04-21 13:00:01;3100000;RESSONANCIA MAGNETICA DE COLUNA CERVICAL;3100000;GRUPO - RESSONANCIA MAGNETICA;0207010030;RESSONANCIA MAGNETICA DE COLUNA CERVICAL/PESCOÇO;NILMA FELICIO FARIA NOGUEIRA;1963-09-14;AURORA FELICIO FARIA;701809225725774;80713343168;FEMININO;663096993;4;244;31;2196;3;M543;CIATICA 
2026-06-23 19:59:58;500769;SAO GABRIEL DO OESTE;6354265;CENTRAL DE REGULACAO DE SAO GABRIEL DO OESTE;500769;SAO GABRIEL DO OESTE;1;1;2026-04-21 12:59:44;3100000;RESSONANCIA MAGNETICA DE COLUNA CERVICAL;3100000;GRUPO - RESSONANCIA MAGNETICA;0207010030;RESSONANCIA MAGNETICA DE COLUNA CERVICAL/PESCOÇO;MAYSA CIDRAO ROSA;1965-05-30;EULINA ROSA CAXIAS;704505342048713;33818100144;FEMININO;663096988;4;242;31;2178;3;M501;TRANSTORNO DO DISCO CERVICAL COM RADICULOPATIA 
2026-06-23 19:59:58;500769;SAO GABRIEL DO OESTE;6354265;CENTRAL DE REGULACAO DE SAO GABRIEL DO OESTE;500769;SAO GABRIEL DO OESTE;1;1;2026-04-21 15:11:42;3100000;RESSONANCIA MAGNETICA DE COLUNA CERVICAL;3100000;GRUPO - RESSONANCIA MAGNETICA;0207010030;RESSONANCIA MAGNETICA DE COLUNA CERVICAL/PESCOÇO;JENIFER MORAIS SILVESTRE FERREIRA;1973-06-10;CLAUDIVA MORAIS SILVESTRE;706802733982024;78226996104;FEMININO;663099424;4;336;31;3024;3;M511;TRANSTORNOS DE DISCOS LOMBARES E DE OUTROS DISCOS INTERVERTEBRAIS COM RADICULOPATIA 
2026-06-23 19:59:58;500769;SAO GABRIEL DO OESTE;6354265;CENTRAL DE REGULACAO DE SAO GABRIEL DO OESTE;500769;SAO GABRIEL DO OESTE;1;1;2026-04-21 14:49:20;3100000;RESSONANCIA MAGNETICA DE COLUNA CERVICAL;3100000;GRUPO - RESSONANCIA MAGNETICA;0207010030;RESSONANCIA MAGNETICA DE COLUNA CERVICAL/PESCOÇO;WILAS GOMES DE LIMA;1993-11-02;IRAIDE GOMES DE LIMA;709808094527294;70627426433;MASCULINO;663098910;4;320;31;2880;3;M542;CERVICALGIA 
2026-06-23 19:59:58;500769;SAO GABRIEL DO OESTE;6354265;CENTRAL DE REGULACAO DE SAO GABRIEL DO OESTE;500769;SAO GABRIEL DO OESTE;1;1;2026-04-21 14:41:26;3100000;RESSONANCIA MAGNETICA DE COLUNA CERVICAL;3100000;GRUPO - RESSONANCIA MAGNETICA;0207010030;RESSONANCIA MAGNETICA DE COLUNA CERVICAL/PESCOÇO;SANTA DE FATIMA PEREIRA;1954-10-01;ROSA MARCOLINA DE JESUS;707404024672078;66269164168;FEMININO;663098765;4;314;31;2826;3;M545;DOR LOMBAR BAIXA 
2026-06-23 19:59:58;500769;SAO GABRIEL DO OESTE;6354265;CENTRAL DE REGULACAO DE SAO GABRIEL DO OESTE;500769;SAO GABRIEL DO OESTE;1;1;2026-04-22 14:42:49;3100000;RESSONANCIA MAGNETICA DE COLUNA CERVICAL;3100000;GRUPO - RESSONANCIA MAGNETICA;0207010030;RESSONANCIA MAGNETICA DE COLUNA CERVICAL/PESCOÇO;INES FERREIRA MENDES;1964-04-27;MARIA DE LOURDES FERREIRA MENDES;703404230525112;06799029888;FEMININO;663317849;4;381;31;3429;3;M549;DORSALGIA NAO ESPECIFICADA 
2026-06-23 19:59:58;500769;SAO GABRIEL DO OESTE;6354265;CENTRAL DE REGULACAO DE SAO GABRIEL DO OESTE;500769;SAO GABRIEL DO OESTE;1;1;2026-04-21 16:00:28;3100000;RESSONANCIA MAGNETICA DE COLUNA CERVICAL;3100000;GRUPO - RESSONANCIA MAGNETICA;0207010030;RESSONANCIA MAGNETICA DE COLUNA CERVICAL/PESCOÇO;JOYCE GONCALVES DE ALMEIDA;1989-03-16;SORAYA GONCALVES;702805660639368;02550503139;FEMININO;663100363;4;372;31;3348;3;M542;CERVICALGIA 
2026-06-23 19:59:58;500769;SAO GABRIEL DO OESTE;6354265;CENTRAL DE REGULACAO DE SAO GABRIEL DO OESTE;500769;SAO GABRIEL DO OESTE;1;1;2026-04-21 15:25:31;3100000;RESSONANCIA MAGNETICA DE COLUNA CERVICAL;3100000;GRUPO - RESSONANCIA MAGNETICA;0207010030;RESSONANCIA MAGNETICA DE COLUNA CERVICAL/PESCOÇO;MARIZA ELAINE DA SILVA XERES;1976-04-04;JURACI DA SILVA CHERES;706101570247660;78708079153;FEMININO;663099716;4;350;31;3150;3;M511;TRANSTORNOS DE DISCOS LOMBARES E DE OUTROS DISCOS INTERVERTEBRAIS COM RADICULOPATIA 
2026-06-23 19:59:58;500769;SAO GABRIEL DO OESTE;6354265;CENTRAL DE REGULACAO DE SAO GABRIEL DO OESTE;500769;SAO GABRIEL DO OESTE;1;1;2026-04-21 15:13:52;3100000;RESSONANCIA MAGNETICA DE COLUNA CERVICAL;3100000;GRUPO - RESSONANCIA MAGNETICA;0207010030;RESSONANCIA MAGNETICA DE COLUNA CERVICAL/PESCOÇO;JOSEFA DA SILVA;1966-05-01;AMBELINA BARBOSA DA SILVA;701001864621497;79947786153;FEMININO;663099471;4;339;31;3051;3;M542;CERVICALGIA 
2026-06-23 19:59:58;500769;SAO GABRIEL DO OESTE;6354265;CENTRAL DE REGULACAO DE SAO GABRIEL DO OESTE;500769;SAO GABRIEL DO OESTE;1;1;2026-05-14 17:14:11;3100000;RESSONANCIA MAGNETICA DE COLUNA CERVICAL;3100000;GRUPO - RESSONANCIA MAGNETICA;0207010030;RESSONANCIA MAGNETICA DE COLUNA CERVICAL/PESCOÇO;EDENILSO BALBINOT;1984-05-13;MARIA LUCIA MENDES BALBINOT;706802236311423;04869275988;MASCULINO;667722176;4;430;31;3870;3;M255;DOR ARTICULAR 
2026-06-23 19:59:58;500769;SAO GABRIEL DO OESTE;6354265;CENTRAL DE REGULACAO DE SAO GABRIEL DO OESTE;500769;SAO GABRIEL DO OESTE;1;1;2026-04-23 17:21:26;3100000;RESSONANCIA MAGNETICA DE COLUNA CERVICAL;3100000;GRUPO - RESSONANCIA MAGNETICA;0207010030;RESSONANCIA MAGNETICA DE COLUNA CERVICAL/PESCOÇO;VALDEIR ARGUELHO;1973-11-21;SATORNINA GONCALVES;704506383520612;58278966168;MASCULINO;663653972;4;393;31;3537;3;M543;CIATICA 
2026-06-23 19:59:58;500769;SAO GABRIEL DO OESTE;6354265;CENTRAL DE REGULACAO DE SAO GABRIEL DO OESTE;500769;SAO GABRIEL DO OESTE;1;1;2026-04-22 16:50:26;3100000;RESSONANCIA MAGNETICA DE COLUNA CERVICAL;3100000;GRUPO - RESSONANCIA MAGNETICA;0207010030;RESSONANCIA MAGNETICA DE COLUNA CERVICAL/PESCOÇO;SANDRA BISPO DOS SANTOS;1967-11-01;CARMELITA DOS SANTOS;702602742015340;00885456106;FEMININO;663379283;4;387;31;3483;3;M545;DOR LOMBAR BAIXA 
2026-06-23 19:59:58;500769;SAO GABRIEL DO OESTE;6354265;CENTRAL DE REGULACAO DE SAO GABRIEL DO OESTE;500769;SAO GABRIEL DO OESTE;1;1;2026-04-22 16:45:46;3100000;RESSONANCIA MAGNETICA DE COLUNA CERVICAL;3100000;GRUPO - RESSONANCIA MAGNETICA;0207010030;RESSONANCIA MAGNETICA DE COLUNA CERVICAL/PESCOÇO;SHEILA GONCALVES;1962-05-03;GUIOMAR GONCALVES;709602666777270;73206202191;FEMININO;663377691;4;386;31;3474;3;M545;DOR LOMBAR BAIXA 
2026-06-23 19:59:58;500769;SAO GABRIEL DO OESTE;6354265;CENTRAL DE REGULACAO DE SAO GABRIEL DO OESTE;500769;SAO GABRIEL DO OESTE;1;1;2026-04-22 16:41:18;3100000;RESSONANCIA MAGNETICA DE COLUNA CERVICAL;3100000;GRUPO - RESSONANCIA MAGNETICA;0207010030;RESSONANCIA MAGNETICA DE COLUNA CERVICAL/PESCOÇO;SILVIO GODOY;1964-01-23;MARIA DE LURDES GOMES GODOY;706903195488634;06202060808;MASCULINO;663376050;4;385;31;3465;3;M545;DOR LOMBAR BAIXA 
2026-06-23 19:59:58;500769;SAO GABRIEL DO OESTE;6354265;CENTRAL DE REGULACAO DE SAO GABRIEL DO OESTE;500769;SAO GABRIEL DO OESTE;1;1;2026-05-28 11:01:30;3100000;RESSONANCIA MAGNETICA DE COLUNA CERVICAL;3100000;GRUPO - RESSONANCIA MAGNETICA;0207010030;RESSONANCIA MAGNETICA DE COLUNA CERVICAL/PESCOÇO;JOSSEANE ARRUDA DE ALMEIDA;1986-12-23;ALBERTINA ARRUDA DOS SANTOS;705008237147257;01861495145;FEMININO;670392335;4;463;31;4167;3;M545;DOR LOMBAR BAIXA 
2026-06-23 19:59:58;500769;SAO GABRIEL DO OESTE;6354265;CENTRAL DE REGULACAO DE SAO GABRIEL DO OESTE;500769;SAO GABRIEL DO OESTE;1;1;2026-05-26 14:59:40;3100000;RESSONANCIA MAGNETICA DE COLUNA CERVICAL;3100000;GRUPO - RESSONANCIA MAGNETICA;0207010030;RESSONANCIA MAGNETICA DE COLUNA CERVICAL/PESCOÇO;ELAINE SIQUEIRA VIVEIROS;1982-11-27;VALDENIR SIQUEIRA VIVEIROS;702804195158765;97818402187;FEMININO;669903721;4;456;31;4104;3;M542;CERVICALGIA 
2026-06-23 19:59:58;500769;SAO GABRIEL DO OESTE;6354265;CENTRAL DE REGULACAO DE SAO GABRIEL DO OESTE;500769;SAO GABRIEL DO OESTE;1;1;2026-05-19 16:57:59;3100000;RESSONANCIA MAGNETICA DE COLUNA CERVICAL;3100000;GRUPO - RESSONANCIA MAGNETICA;0207010030;RESSONANCIA MAGNETICA DE COLUNA CERVICAL/PESCOÇO;SEBASTIAO DOS SANTOS VIEIRA;1967-07-25;MARIA DOS SANTOS VIEIRA;704202205207283;59573414104;MASCULINO;668550942;4;443;31;3987;3;M994;ESTENOSE DE TECIDO CONJUNTIVO DO CANAL MEDULAR 
2026-06-23 19:59:58;500769;SAO GABRIEL DO OESTE;6354265;CENTRAL DE REGULACAO DE SAO GABRIEL DO OESTE;500769;SAO GABRIEL DO OESTE;1;1;2026-06-12 10:27:10;3100000;RESSONANCIA MAGNETICA DE COLUNA CERVICAL;3100000;GRUPO - RESSONANCIA MAGNETICA;0207010030;RESSONANCIA MAGNETICA DE COLUNA CERVICAL/PESCOÇO;ELIZANDRA BENEDITA CANDIDO DE BARRO;1990-12-26;ADELEIDE CANDIDO DA SILVA;700601498135861;03884426117;FEMININO;673096484;4;526;31;4734;3;M542;CERVICALGIA 
2026-06-23 19:59:58;500769;SAO GABRIEL DO OESTE;6354265;CENTRAL DE REGULACAO DE SAO GABRIEL DO OESTE;500769;SAO GABRIEL DO OESTE;1;1;2026-06-02 09:29:02;3100000;RESSONANCIA MAGNETICA DE COLUNA CERVICAL;3100000;GRUPO - RESSONANCIA MAGNETICA;0207010030;RESSONANCIA MAGNETICA DE COLUNA CERVICAL/PESCOÇO;JAINE DA SILVA;1993-12-18;ADRIANA FRANCISCA DA SILVA;702001873905387;02733050184;FEMININO;671208920;4;498;31;4482;3;M542;CERVICALGIA 
2026-06-23 19:59:58;500769;SAO GABRIEL DO OESTE;6354265;CENTRAL DE REGULACAO DE SAO GABRIEL DO OESTE;500769;SAO GABRIEL DO OESTE;1;1;2026-05-29 16:14:17;3100000;RESSONANCIA MAGNETICA DE COLUNA CERVICAL;3100000;GRUPO - RESSONANCIA MAGNETICA;0207010030;RESSONANCIA MAGNETICA DE COLUNA CERVICAL/PESCOÇO;VALDETE FERREIRA DE SOUZA;1969-06-07;BRANDINA MATIAS DE SOUZA;702606730572642;63755408104;MASCULINO;670775576;4;487;31;4383;3;M545;DOR LOMBAR BAIXA 
2026-06-23 19:59:58;500769;SAO GABRIEL DO OESTE;6354265;CENTRAL DE REGULACAO DE SAO GABRIEL DO OESTE;500769;SAO GABRIEL DO OESTE;1;1;2026-06-23 11:26:32;3100000;RESSONANCIA MAGNETICA DE COLUNA CERVICAL;3100000;GRUPO - RESSONANCIA MAGNETICA;0207010030;RESSONANCIA MAGNETICA DE COLUNA CERVICAL/PESCOÇO;VANESSA DE ARRUDA PEREIRA;1987-02-13;TEREZINHA DE ARRUDA PEREIRA;702300148548014;03733428102;FEMININO;675014458;4;544;31;4896;3;M542;CERVICALGIA 
2026-06-23 19:59:58;500769;SAO GABRIEL DO OESTE;6354265;CENTRAL DE REGULACAO DE SAO GABRIEL DO OESTE;500769;SAO GABRIEL DO OESTE;1;1;2026-04-10 14:42:17;3100000;RESSONANCIA MAGNETICA DE COLUNA LOMBO-SACRA;3100000;GRUPO - RESSONANCIA MAGNETICA;0207010048;RESSONANCIA MAGNETICA DE COLUNA LOMBO-SACRA;NARA THAIZA ALVES CEDRAZ;1988-10-20;FATIMA LUIZA ALVES DE OLIVEIRA;703608012108538;02910864111;FEMININO;661453926;4;39;57;878;1;M545;DOR LOMBAR BAIXA 
2026-06-23 19:59:58;500769;SAO GABRIEL DO OESTE;6354265;CENTRAL DE REGULACAO DE SAO GABRIEL DO OESTE;500769;SAO GABRIEL DO OESTE;1;1;2026-04-10 14:21:50;3100000;RESSONANCIA MAGNETICA DE COLUNA LOMBO-SACRA;3100000;GRUPO - RESSONANCIA MAGNETICA;0207010048;RESSONANCIA MAGNETICA DE COLUNA LOMBO-SACRA;RONIVON DO ROZARIO;1976-07-19;DOMINGA ROSA PEREIRA;700206925268427;93132328120;MASCULINO;661444950;4;38;57;855;1;M545;DOR LOMBAR BAIXA 
2026-06-23 19:59:58;500769;SAO GABRIEL DO OESTE;6354265;CENTRAL DE REGULACAO DE SAO GABRIEL DO OESTE;500769;SAO GABRIEL DO OESTE;1;1;2026-04-09 17:13:50;3100000;RESSONANCIA MAGNETICA DE COLUNA LOMBO-SACRA;3100000;GRUPO - RESSONANCIA MAGNETICA;0207010048;RESSONANCIA MAGNETICA DE COLUNA LOMBO-SACRA;VILMAR DICKER;1964-06-10;IVONE DICKER;706501356803597;46451277053;MASCULINO;661257888;4;34;57;765;1;M545;DOR LOMBAR BAIXA 
2026-06-23 19:59:58;500769;SAO GABRIEL DO OESTE;6354265;CENTRAL DE REGULACAO DE SAO GABRIEL DO OESTE;500769;SAO GABRIEL DO OESTE;1;1;2026-04-09 16:58:55;3100000;RESSONANCIA MAGNETICA DE COLUNA LOMBO-SACRA;3100000;GRUPO - RESSONANCIA MAGNETICA;0207010048;RESSONANCIA MAGNETICA DE COLUNA LOMBO-SACRA;WANDERSON DOS SANTOS FAUSTINI;1987-12-22;MARIA LUCIA VIANA DOS SANTOS;702206186780510;10744178797;MASCULINO;661255012;4;33;57;743;1;M545;DOR LOMBAR BAIXA 
2026-06-23 19:59:58;500769;SAO GABRIEL DO OESTE;6354265;CENTRAL DE REGULACAO DE SAO GABRIEL DO OESTE;500769;SAO GABRIEL DO OESTE;1;1;2026-04-09 16:49:20;3100000;RESSONANCIA MAGNETICA DE COLUNA LOMBO-SACRA;3100000;GRUPO - RESSONANCIA MAGNETICA;0207010048;RESSONANCIA MAGNETICA DE COLUNA LOMBO-SACRA;YASMIM QUEIROZ DOS SANTOS;2007-02-13;YARA QUEIROZ SILVA DE SOUZA;702107788077593;08474590124;FEMININO;661252324;4;32;57;720;1;M545;DOR LOMBAR BAIXA 
2026-06-23 19:59:58;500769;SAO GABRIEL DO OESTE;6354265;CENTRAL DE REGULACAO DE SAO GABRIEL DO OESTE;500769;SAO GABRIEL DO OESTE;1;1;2026-04-09 16:14:12;3100000;RESSONANCIA MAGNETICA DE COLUNA LOMBO-SACRA;3100000;GRUPO - RESSONANCIA MAGNETICA;0207010048;RESSONANCIA MAGNETICA DE COLUNA LOMBO-SACRA;ZENIRDA CARVALHO DOS SANTOS;1971-12-22;JOVELINA DE CARVALHO DOS SANTOS;707409011228276;00800640195;FEMININO;661239910;4;30;57;675;1;M518;OUTROS TRANSTORNOS ESPECIFICADOS DE DISCOS INTERVERTEBRAIS 
2026-06-23 19:59:58;500769;SAO GABRIEL DO OESTE;6354265;CENTRAL DE REGULACAO DE SAO GABRIEL DO OESTE;500769;SAO GABRIEL DO OESTE;1;1;2026-04-14 11:46:26;3100000;RESSONANCIA MAGNETICA DE COLUNA LOMBO-SACRA;3100000;GRUPO - RESSONANCIA MAGNETICA;0207010048;RESSONANCIA MAGNETICA DE COLUNA LOMBO-SACRA;ELOA TEREZINHA ROSSI;1962-02-19;ANA JULIA DE OLIVEIRA;705003683130259;84944706120;FEMININO;661984606;3;16;57;360;1;M461;SACROILEITE NAO CLASSIFICADA EM OUTRA PARTE 
2026-06-23 19:59:58;500769;SAO GABRIEL DO OESTE;6354265;CENTRAL DE REGULACAO DE SAO GABRIEL DO OESTE;500769;SAO GABRIEL DO OESTE;1;1;2026-04-16 08:47:50;3100000;RESSONANCIA MAGNETICA DE COLUNA LOMBO-SACRA;3100000;GRUPO - RESSONANCIA MAGNETICA;0207010048;RESSONANCIA MAGNETICA DE COLUNA LOMBO-SACRA;ANDRESSA CRISTINA DELGADO MACHADO;1988-07-16;MARIA LUCIA DELGADO;706403101242886;04788371197;FEMININO;662457613;4;84;57;1890;1;M545;DOR LOMBAR BAIXA 
2026-06-23 19:59:58;500769;SAO GABRIEL DO OESTE;6354265;CENTRAL DE REGULACAO DE SAO GABRIEL DO OESTE;500769;SAO GABRIEL DO OESTE;1;1;2026-04-16 08:37:09;3100000;RESSONANCIA MAGNETICA DE COLUNA LOMBO-SACRA;3100000;GRUPO - RESSONANCIA MAGNETICA;0207010048;RESSONANCIA MAGNETICA DE COLUNA LOMBO-SACRA;ANGELA RODRIGUES PORTO;1984-10-17;ROSEMARI DE LIMA RODRIGUES PORTO;709803046849797;01809915155;FEMININO;662452252;4;82;57;1845;1;M54;DORSALGIA
2026-06-23 19:59:58;500769;SAO GABRIEL DO OESTE;6354265;CENTRAL DE REGULACAO DE SAO GABRIEL DO OESTE;500769;SAO GABRIEL DO OESTE;1;1;2026-04-16 08:30:11;3100000;RESSONANCIA MAGNETICA DE COLUNA LOMBO-SACRA;3100000;GRUPO - RESSONANCIA MAGNETICA;0207010048;RESSONANCIA MAGNETICA DE COLUNA LOMBO-SACRA;ANA MARIA RODRIGUES DA ROSA;1976-09-21;LOURDES MARIA DA ROSA;708200177170547;84321687187;FEMININO;662448974;4;81;57;1823;1;M501;TRANSTORNO DO DISCO CERVICAL COM RADICULOPATIA 
2026-06-23 19:59:58;500769;SAO GABRIEL DO OESTE;6354265;CENTRAL DE REGULACAO DE SAO GABRIEL DO OESTE;500769;SAO GABRIEL DO OESTE;1;1;2026-04-16 08:14:10;3100000;RESSONANCIA MAGNETICA DE COLUNA LOMBO-SACRA;3100000;GRUPO - RESSONANCIA MAGNETICA;0207010048;RESSONANCIA MAGNETICA DE COLUNA LOMBO-SACRA;ADILSON MONTEIRO DOS SANTOS;1991-12-25;RENIR MONTEIRO ALEM DOS SANTOS;700007112794107;04033697110;MASCULINO;662442201;4;80;57;1800;1;M545;DOR LOMBAR BAIXA 
2026-06-23 19:59:58;500769;SAO GABRIEL DO OESTE;6354265;CENTRAL DE REGULACAO DE SAO GABRIEL DO OESTE;500769;SAO GABRIEL DO OESTE;1;1;2026-04-15 17:15:14;3100000;RESSONANCIA MAGNETICA DE COLUNA LOMBO-SACRA;3100000;GRUPO - RESSONANCIA MAGNETICA;0207010048;RESSONANCIA MAGNETICA DE COLUNA LOMBO-SACRA;GABRIEL ANTONIO DE SOUZA;1953-03-26;LIDIONETA MARIA DE SOUZA;708705129737095;95791272804;MASCULINO;662408034;4;75;57;1688;1;M480;ESTENOSE DA COLUNA VERTEBRAL 
2026-06-23 19:59:58;500769;SAO GABRIEL DO OESTE;6354265;CENTRAL DE REGULACAO DE SAO GABRIEL DO OESTE;500769;SAO GABRIEL DO OESTE;1;1;2026-04-15 16:51:47;3100000;RESSONANCIA MAGNETICA DE COLUNA LOMBO-SACRA;3100000;GRUPO - RESSONANCIA MAGNETICA;0207010048;RESSONANCIA MAGNETICA DE COLUNA LOMBO-SACRA;IZIDIO ALVES DE BRITO;1967-05-11;ERMINIA LOURENTINA ALVES;704506389482011;55908144134;MASCULINO;662402554;4;72;57;1620;1;M545;DOR LOMBAR BAIXA 
2026-06-23 19:59:58;500769;SAO GABRIEL DO OESTE;6354265;CENTRAL DE REGULACAO DE SAO GABRIEL DO OESTE;500769;SAO GABRIEL DO OESTE;1;1;2026-04-15 16:12:31;3100000;RESSONANCIA MAGNETICA DE COLUNA LOMBO-SACRA;3100000;GRUPO - RESSONANCIA MAGNETICA;0207010048;RESSONANCIA MAGNETICA DE COLUNA LOMBO-SACRA;HAYANA DE PAULA LIMA RODRIGUES;1990-05-28;GILVANA SABINA DE LIMA;702400087516028;03148099109;FEMININO;662387404;4;65;57;1463;1;M511;TRANSTORNOS DE DISCOS LOMBARES E DE OUTROS DISCOS INTERVERTEBRAIS COM RADICULOPATIA 
2026-06-23 19:59:58;500769;SAO GABRIEL DO OESTE;6354265;CENTRAL DE REGULACAO DE SAO GABRIEL DO OESTE;500769;SAO GABRIEL DO OESTE;1;1;2026-04-15 08:39:32;3100000;RESSONANCIA MAGNETICA DE COLUNA LOMBO-SACRA;3100000;GRUPO - RESSONANCIA MAGNETICA;0207010048;RESSONANCIA MAGNETICA DE COLUNA LOMBO-SACRA;ALAIR SANTOS DA SILVA;1993-07-05;CAROLINA DOS SANTOS BARBOSA;708204164244443;04060447161;FEMININO;662164928;4;64;57;1440;1;M541;RADICULOPATIA 
2026-06-23 19:59:58;500769;SAO GABRIEL DO OESTE;6354265;CENTRAL DE REGULACAO DE SAO GABRIEL DO OESTE;500769;SAO GABRIEL DO OESTE;1;1;2026-04-14 11:39:15;3100000;RESSONANCIA MAGNETICA DE COLUNA LOMBO-SACRA;3100000;GRUPO - RESSONANCIA MAGNETICA;0207010048;RESSONANCIA MAGNETICA DE COLUNA LOMBO-SACRA;FATIMA DE LOURDES PEREIRA SABINO;1964-12-17;NEUZA VALENTIM PEREIRA;705202443020979;87362171153;FEMININO;661980935;4;62;57;1395;1;M545;DOR LOMBAR BAIXA 
2026-06-23 19:59:58;500769;SAO GABRIEL DO OESTE;6354265;CENTRAL DE REGULACAO DE SAO GABRIEL DO OESTE;500769;SAO GABRIEL DO OESTE;1;1;2026-04-10 17:27:37;3100000;RESSONANCIA MAGNETICA DE COLUNA LOMBO-SACRA;3100000;GRUPO - RESSONANCIA MAGNETICA;0207010048;RESSONANCIA MAGNETICA DE COLUNA LOMBO-SACRA;JOAO GRISOSTE BENITES TRINDADE;1976-08-15;VERISSIMA IZABEL BENITES TRINDADE;708501364560777;80928803104;MASCULINO;661508442;4;58;57;1305;1;M545;DOR LOMBAR BAIXA 
2026-06-23 19:59:58;500769;SAO GABRIEL DO OESTE;6354265;CENTRAL DE REGULACAO DE SAO GABRIEL DO OESTE;500769;SAO GABRIEL DO OESTE;1;1;2026-04-10 17:24:19;3100000;RESSONANCIA MAGNETICA DE COLUNA LOMBO-SACRA;3100000;GRUPO - RESSONANCIA MAGNETICA;0207010048;RESSONANCIA MAGNETICA DE COLUNA LOMBO-SACRA;JOSELIA ROSA DA ROSA;1980-05-05;CARMEN LUCIA ROSA DA ROSA;700209451368321;00883268027;FEMININO;661507962;4;57;57;1283;1;M545;DOR LOMBAR BAIXA 
2026-06-23 19:59:58;500769;SAO GABRIEL DO OESTE;6354265;CENTRAL DE REGULACAO DE SAO GABRIEL DO OESTE;500769;SAO GABRIEL DO OESTE;1;1;2026-04-10 17:13:25;3100000;RESSONANCIA MAGNETICA DE COLUNA LOMBO-SACRA;3100000;GRUPO - RESSONANCIA MAGNETICA;0207010048;RESSONANCIA MAGNETICA DE COLUNA LOMBO-SACRA;KASSIO WILLIAN NEVES DA SILVA;1996-12-13;MARIA DE LURDES CARVALHO DA SILVA;700502304749453;04580865170;MASCULINO;661506283;4;56;57;1260;1;M545;DOR LOMBAR BAIXA 
2026-06-23 19:59:58;500769;SAO GABRIEL DO OESTE;6354265;CENTRAL DE REGULACAO DE SAO GABRIEL DO OESTE;500769;SAO GABRIEL DO OESTE;1;1;2026-04-10 17:06:46;3100000;RESSONANCIA MAGNETICA DE COLUNA LOMBO-SACRA;3100000;GRUPO - RESSONANCIA MAGNETICA;0207010048;RESSONANCIA MAGNETICA DE COLUNA LOMBO-SACRA;LUIZ GUSTAVO DE SOUZA SILVA;1995-05-25;SILVIA DE SOUZA;700801941829683;01603368132;MASCULINO;661505204;4;55;57;1238;1;M545;DOR LOMBAR BAIXA 
2026-06-23 19:59:58;500769;SAO GABRIEL DO OESTE;6354265;CENTRAL DE REGULACAO DE SAO GABRIEL DO OESTE;500769;SAO GABRIEL DO OESTE;1;1;2026-04-10 16:32:43;3100000;RESSONANCIA MAGNETICA DE COLUNA LOMBO-SACRA;3100000;GRUPO - RESSONANCIA MAGNETICA;0207010048;RESSONANCIA MAGNETICA DE COLUNA LOMBO-SACRA;MARILENE DE SOUZA DUARTH;1966-06-05;ELVIRA RODRIGUES DE SOUZA;700009035975701;00132229102;FEMININO;661496658;4;52;57;1170;1;M545;DOR LOMBAR BAIXA 
2026-06-23 19:59:58;500769;SAO GABRIEL DO OESTE;6354265;CENTRAL DE REGULACAO DE SAO GABRIEL DO OESTE;500769;SAO GABRIEL DO OESTE;1;1;2026-04-10 15:51:00;3100000;RESSONANCIA MAGNETICA DE COLUNA LOMBO-SACRA;3100000;GRUPO - RESSONANCIA MAGNETICA;0207010048;RESSONANCIA MAGNETICA DE COLUNA LOMBO-SACRA;MARINO HERMETO WILLE SCHNEIDER;1975-10-06;LUCIA JACINTA WILLE;702509369150036;02050190999;MASCULINO;661482901;4;47;57;1058;1;M545;DOR LOMBAR BAIXA 
2026-06-23 19:59:58;500769;SAO GABRIEL DO OESTE;6354265;CENTRAL DE REGULACAO DE SAO GABRIEL DO OESTE;500769;SAO GABRIEL DO OESTE;1;1;2026-04-10 14:54:04;3100000;RESSONANCIA MAGNETICA DE COLUNA LOMBO-SACRA;3100000;GRUPO - RESSONANCIA MAGNETICA;0207010048;RESSONANCIA MAGNETICA DE COLUNA LOMBO-SACRA;MICHELE RICHTER;2001-07-10;SIMONE RITH RICHTER;203212275510007;;FEMININO;661459065;4;41;57;923;1;M543;CIATICA 
2026-06-23 19:59:58;500769;SAO GABRIEL DO OESTE;6354265;CENTRAL DE REGULACAO DE SAO GABRIEL DO OESTE;500769;SAO GABRIEL DO OESTE;1;1;2026-04-17 09:20:18;3100000;RESSONANCIA MAGNETICA DE COLUNA LOMBO-SACRA;3100000;GRUPO - RESSONANCIA MAGNETICA;0207010048;RESSONANCIA MAGNETICA DE COLUNA LOMBO-SACRA;CARMELINA VIRGINIA MURRO;1946-02-02;VICENTA ANGELINA VIRGINIA;707401066774976;10463674120;FEMININO;662752107;4;139;57;3128;1;M544;LUMBAGO COM CIATICA 
2026-06-23 19:59:58;500769;SAO GABRIEL DO OESTE;6354265;CENTRAL DE REGULACAO DE SAO GABRIEL DO OESTE;500769;SAO GABRIEL DO OESTE;1;1;2026-04-17 09:17:21;3100000;RESSONANCIA MAGNETICA DE COLUNA LOMBO-SACRA;3100000;GRUPO - RESSONANCIA MAGNETICA;0207010048;RESSONANCIA MAGNETICA DE COLUNA LOMBO-SACRA;CLEUSA CARVALHO DE OLIVEIRA;1959-03-07;LAZARA CARVALHO DE OLIVEIRA;708205143659440;32024316840;FEMININO;662750571;4;138;57;3105;1;M545;DOR LOMBAR BAIXA 
2026-06-23 19:59:58;500769;SAO GABRIEL DO OESTE;6354265;CENTRAL DE REGULACAO DE SAO GABRIEL DO OESTE;500769;SAO GABRIEL DO OESTE;1;1;2026-04-17 08:55:01;3100000;RESSONANCIA MAGNETICA DE COLUNA LOMBO-SACRA;3100000;GRUPO - RESSONANCIA MAGNETICA;0207010048;RESSONANCIA MAGNETICA DE COLUNA LOMBO-SACRA;CACILDO DA SILVA CORREA;1967-09-14;OTILIA MESSIAS DA SILVA;700008434113001;42185610104;MASCULINO;662739401;4;136;57;3060;1;M545;DOR LOMBAR BAIXA 
2026-06-23 19:59:58;500769;SAO GABRIEL DO OESTE;6354265;CENTRAL DE REGULACAO DE SAO GABRIEL DO OESTE;500769;SAO GABRIEL DO OESTE;1;1;2026-04-17 08:42:35;3100000;RESSONANCIA MAGNETICA DE COLUNA LOMBO-SACRA;3100000;GRUPO - RESSONANCIA MAGNETICA;0207010048;RESSONANCIA MAGNETICA DE COLUNA LOMBO-SACRA;CLARICE DOS SANTOS OLIVEIRA;1971-11-02;CREUZA JESUS DOS SANTOS OLIVEIRA;702009305528482;97645010100;FEMININO;662733630;4;133;57;2993;1;M431;ESPONDILOLISTESE 
2026-06-23 19:59:58;500769;SAO GABRIEL DO OESTE;6354265;CENTRAL DE REGULACAO DE SAO GABRIEL DO OESTE;500769;SAO GABRIEL DO OESTE;1;1;2026-04-17 08:20:07;3100000;RESSONANCIA MAGNETICA DE COLUNA LOMBO-SACRA;3100000;GRUPO - RESSONANCIA MAGNETICA;0207010048;RESSONANCIA MAGNETICA DE COLUNA LOMBO-SACRA;CARLOS ALBERTO SERRANO SOTO;1964-08-24;SALOME DEL CARMEN SOTO DE SERRANO;701205056478610;12919123122;MASCULINO;662724386;4;128;57;2880;1;M544;LUMBAGO COM CIATICA 
2026-06-23 19:59:58;500769;SAO GABRIEL DO OESTE;6354265;CENTRAL DE REGULACAO DE SAO GABRIEL DO OESTE;500769;SAO GABRIEL DO OESTE;1;1;2026-04-16 17:06:02;3100000;RESSONANCIA MAGNETICA DE COLUNA LOMBO-SACRA;3100000;GRUPO - RESSONANCIA MAGNETICA;0207010048;RESSONANCIA MAGNETICA DE COLUNA LOMBO-SACRA;DANILO MATEUS ALVES;1998-08-01;MADALENA MATEUS BASILIO;703606017016834;07758473130;MASCULINO;662688560;4;125;57;2813;1;M545;DOR LOMBAR BAIXA 
2026-06-23 19:59:58;500769;SAO GABRIEL DO OESTE;6354265;CENTRAL DE REGULACAO DE SAO GABRIEL DO OESTE;500769;SAO GABRIEL DO OESTE;1;1;2026-04-16 16:44:10;3100000;RESSONANCIA MAGNETICA DE COLUNA LOMBO-SACRA;3100000;GRUPO - RESSONANCIA MAGNETICA;0207010048;RESSONANCIA MAGNETICA DE COLUNA LOMBO-SACRA;ENZO GUTOSKI;1950-01-26;CECILIA GUTOSKI;708206694975846;20600534987;MASCULINO;662682286;4;122;57;2745;1;M994;ESTENOSE DE TECIDO CONJUNTIVO DO CANAL MEDULAR 
2026-06-23 19:59:58;500769;SAO GABRIEL DO OESTE;6354265;CENTRAL DE REGULACAO DE SAO GABRIEL DO OESTE;500769;SAO GABRIEL DO OESTE;1;1;2026-04-16 15:59:59;3100000;RESSONANCIA MAGNETICA DE COLUNA LOMBO-SACRA;3100000;GRUPO - RESSONANCIA MAGNETICA;0207010048;RESSONANCIA MAGNETICA DE COLUNA LOMBO-SACRA;ELIZARDO SANCHEZ ORTIZ;1967-08-18;LABRIANA ORTIZ;709204233162933;70788550195;MASCULINO;662664706;4;118;57;2655;1;M545;DOR LOMBAR BAIXA 
2026-06-23 19:59:58;500769;SAO GABRIEL DO OESTE;6354265;CENTRAL DE REGULACAO DE SAO GABRIEL DO OESTE;500769;SAO GABRIEL DO OESTE;1;1;2026-04-16 15:26:11;3100000;RESSONANCIA MAGNETICA DE COLUNA LOMBO-SACRA;3100000;GRUPO - RESSONANCIA MAGNETICA;0207010048;RESSONANCIA MAGNETICA DE COLUNA LOMBO-SACRA;EDIVANJA BORGES XAVIER DA MATA;1982-10-01;MARIA BARBOSA BORGES XAVIER;708201606771149;02059767199;FEMININO;662648742;4;115;57;2588;1;M513;OUTRA DEGENERACAO ESPECIFICADA DE DISCO INTERVERTEBRAL 
2026-06-23 19:59:58;500769;SAO GABRIEL DO OESTE;6354265;CENTRAL DE REGULACAO DE SAO GABRIEL DO OESTE;500769;SAO GABRIEL DO OESTE;1;1;2026-04-16 14:17:20;3100000;RESSONANCIA MAGNETICA DE COLUNA LOMBO-SACRA;3100000;GRUPO - RESSONANCIA MAGNETICA;0207010048;RESSONANCIA MAGNETICA DE COLUNA LOMBO-SACRA;ACIONE BENITES DE OLIVEIRA;1972-06-23;VANIR BENITES DE OLIVEIRA;708603568616186;80320171191;MASCULINO;662614899;4;114;57;2565;1;M431;ESPONDILOLISTESE 
2026-06-23 19:59:58;500769;SAO GABRIEL DO OESTE;6354265;CENTRAL DE REGULACAO DE SAO GABRIEL DO OESTE;500769;SAO GABRIEL DO OESTE;1;1;2026-04-16 11:49:39;3100000;RESSONANCIA MAGNETICA DE COLUNA LOMBO-SACRA;3100000;GRUPO - RESSONANCIA MAGNETICA;0207010048;RESSONANCIA MAGNETICA DE COLUNA LOMBO-SACRA;BRUNO DE AVILA RODRIGUES;1994-08-06;IVONE ALVES DE AVILA;700003546895503;05169853106;MASCULINO;662566149;4;110;57;2475;1;M54;DORSALGIA
2026-06-23 19:59:58;500769;SAO GABRIEL DO OESTE;6354265;CENTRAL DE REGULACAO DE SAO GABRIEL DO OESTE;500769;SAO GABRIEL DO OESTE;1;1;2026-04-16 11:47:11;3100000;RESSONANCIA MAGNETICA DE COLUNA LOMBO-SACRA;3100000;GRUPO - RESSONANCIA MAGNETICA;0207010048;RESSONANCIA MAGNETICA DE COLUNA LOMBO-SACRA;BRUNA DA SILVA;1996-05-03;CLEONICE GOMES DA SILVA;704002312730860;70740381130;FEMININO;662565009;4;109;57;2453;1;M544;LUMBAGO COM CIATICA 
2026-06-23 19:59:58;500769;SAO GABRIEL DO OESTE;6354265;CENTRAL DE REGULACAO DE SAO GABRIEL DO OESTE;500769;SAO GABRIEL DO OESTE;1;1;2026-04-16 11:39:21;3100000;RESSONANCIA MAGNETICA DE COLUNA LOMBO-SACRA;3100000;GRUPO - RESSONANCIA MAGNETICA;0207010048;RESSONANCIA MAGNETICA DE COLUNA LOMBO-SACRA;ALBERTO CARLOS STRITAR;1965-12-04;LUCI MOREIRA PINTO STRITAR;700002244258100;44659393100;MASCULINO;662561177;4;108;57;2430;1;M511;TRANSTORNOS DE DISCOS LOMBARES E DE OUTROS DISCOS INTERVERTEBRAIS COM RADICULOPATIA 
2026-06-23 19:59:58;500769;SAO GABRIEL DO OESTE;6354265;CENTRAL DE REGULACAO DE SAO GABRIEL DO OESTE;500769;SAO GABRIEL DO OESTE;1;1;2026-04-16 11:37:20;3100000;RESSONANCIA MAGNETICA DE COLUNA LOMBO-SACRA;3100000;GRUPO - RESSONANCIA MAGNETICA;0207010048;RESSONANCIA MAGNETICA DE COLUNA LOMBO-SACRA;APARECIDO ALVES DE SOUZA;1984-10-12;MARIA SALETE SIQUEIRA DE SOUZA;706805720110026;07758623980;MASCULINO;662560211;4;107;57;2408;1;M545;DOR LOMBAR BAIXA 
2026-06-23 19:59:58;500769;SAO GABRIEL DO OESTE;6354265;CENTRAL DE REGULACAO DE SAO GABRIEL DO OESTE;500769;SAO GABRIEL DO OESTE;1;1;2026-04-16 11:23:47;3100000;RESSONANCIA MAGNETICA DE COLUNA LOMBO-SACRA;3100000;GRUPO - RESSONANCIA MAGNETICA;0207010048;RESSONANCIA MAGNETICA DE COLUNA LOMBO-SACRA;AUDRIA RIBEIRO RODRIGUES;1973-07-01;MARIALZA RIBEIRO;708903763490614;83170146149;FEMININO;662552981;4;104;57;2340;1;M54;DORSALGIA
2026-06-23 19:59:58;500769;SAO GABRIEL DO OESTE;6354265;CENTRAL DE REGULACAO DE SAO GABRIEL DO OESTE;500769;SAO GABRIEL DO OESTE;1;1;2026-04-16 11:20:47;3100000;RESSONANCIA MAGNETICA DE COLUNA LOMBO-SACRA;3100000;GRUPO - RESSONANCIA MAGNETICA;0207010048;RESSONANCIA MAGNETICA DE COLUNA LOMBO-SACRA;ADRILENE DUTRA DOS SANTOS;1991-09-25;ELZA DA SILVA DUTRA;700404903368840;05928911190;FEMININO;662551253;4;103;57;2318;1;M545;DOR LOMBAR BAIXA 
2026-06-23 19:59:58;500769;SAO GABRIEL DO OESTE;6354265;CENTRAL DE REGULACAO DE SAO GABRIEL DO OESTE;500769;SAO GABRIEL DO OESTE;1;1;2026-04-16 10:58:30;3100000;RESSONANCIA MAGNETICA DE COLUNA LOMBO-SACRA;3100000;GRUPO - RESSONANCIA MAGNETICA;0207010048;RESSONANCIA MAGNETICA DE COLUNA LOMBO-SACRA;ALDEMIR SOARES DA SILVA;1974-09-27;MARIA CICERA VITORINO;702000882113187;66145384115;MASCULINO;662538283;4;100;57;2250;1;M545;DOR LOMBAR BAIXA 
2026-06-23 19:59:58;500769;SAO GABRIEL DO OESTE;6354265;CENTRAL DE REGULACAO DE SAO GABRIEL DO OESTE;500769;SAO GABRIEL DO OESTE;1;1;2026-04-16 10:38:16;3100000;RESSONANCIA MAGNETICA DE COLUNA LOMBO-SACRA;3100000;GRUPO - RESSONANCIA MAGNETICA;0207010048;RESSONANCIA MAGNETICA DE COLUNA LOMBO-SACRA;APARECIDA LUIZ;1971-07-07;SEBASTIANA AUGUSTA;702802691334868;30612704858;FEMININO;662525452;4;98;57;2205;1;M545;DOR LOMBAR BAIXA 
2026-06-23 19:59:58;500769;SAO GABRIEL DO OESTE;6354265;CENTRAL DE REGULACAO DE SAO GABRIEL DO OESTE;500769;SAO GABRIEL DO OESTE;1;1;2026-04-16 10:33:56;3100000;RESSONANCIA MAGNETICA DE COLUNA LOMBO-SACRA;3100000;GRUPO - RESSONANCIA MAGNETICA;0207010048;RESSONANCIA MAGNETICA DE COLUNA LOMBO-SACRA;APARECIDO RODRIGUES DA CUNHA;1963-11-08;ANTONIA RODRIGUES DE LIMA;700304990807636;33756783120;MASCULINO;662522725;4;97;57;2183;1;M431;ESPONDILOLISTESE 
2026-06-23 19:59:58;500769;SAO GABRIEL DO OESTE;6354265;CENTRAL DE REGULACAO DE SAO GABRIEL DO OESTE;500769;SAO GABRIEL DO OESTE;1;1;2026-04-16 10:02:22;3100000;RESSONANCIA MAGNETICA DE COLUNA LOMBO-SACRA;3100000;GRUPO - RESSONANCIA MAGNETICA;0207010048;RESSONANCIA MAGNETICA DE COLUNA LOMBO-SACRA;ANA LUCIA DA SILVA ALENCAR;1978-12-31;MARIA LUZANY ALENCAR;703406202169112;98980033168;FEMININO;662502635;4;93;57;2093;1;M545;DOR LOMBAR BAIXA 
2026-06-23 19:59:58;500769;SAO GABRIEL DO OESTE;6354265;CENTRAL DE REGULACAO DE SAO GABRIEL DO OESTE;500769;SAO GABRIEL DO OESTE;1;1;2026-04-16 09:28:19;3100000;RESSONANCIA MAGNETICA DE COLUNA LOMBO-SACRA;3100000;GRUPO - RESSONANCIA MAGNETICA;0207010048;RESSONANCIA MAGNETICA DE COLUNA LOMBO-SACRA;ALEXSANDRO APARECIDO DA SILVA;1977-03-29;MARIA DE LOURDES MIRANDA DA SILVA;706904137904036;01988618932;MASCULINO;662480894;4;91;57;2048;1;M545;DOR LOMBAR BAIXA 
2026-06-23 19:59:58;500769;SAO GABRIEL DO OESTE;6354265;CENTRAL DE REGULACAO DE SAO GABRIEL DO OESTE;500769;SAO GABRIEL DO OESTE;1;1;2026-04-16 09:17:29;3100000;RESSONANCIA MAGNETICA DE COLUNA LOMBO-SACRA;3100000;GRUPO - RESSONANCIA MAGNETICA;0207010048;RESSONANCIA MAGNETICA DE COLUNA LOMBO-SACRA;ANGELA MARIA DE SOUZA;1969-07-31;SANTINA DELFINA DE SOUZA;701701231619070;76415090968;FEMININO;662474283;4;88;57;1980;1;M545;DOR LOMBAR BAIXA 
2026-06-23 19:59:58;500769;SAO GABRIEL DO OESTE;6354265;CENTRAL DE REGULACAO DE SAO GABRIEL DO OESTE;500769;SAO GABRIEL DO OESTE;1;1;2026-04-17 17:27:56;3100000;RESSONANCIA MAGNETICA DE COLUNA LOMBO-SACRA;3100000;GRUPO - RESSONANCIA MAGNETICA;0207010048;RESSONANCIA MAGNETICA DE COLUNA LOMBO-SACRA;GUILHERME PEREIRA;2006-01-24;DAIANA DINIZ PEREIRA;700807443621083;07348478158;MASCULINO;662940882;4;187;57;4208;1;M546;DOR NA COLUNA TORACICA 
2026-06-23 19:59:58;500769;SAO GABRIEL DO OESTE;6354265;CENTRAL DE REGULACAO DE SAO GABRIEL DO OESTE;500769;SAO GABRIEL DO OESTE;1;1;2026-04-17 17:19:08;3100000;RESSONANCIA MAGNETICA DE COLUNA LOMBO-SACRA;3100000;GRUPO - RESSONANCIA MAGNETICA;0207010048;RESSONANCIA MAGNETICA DE COLUNA LOMBO-SACRA;GENESIO DE SOUZA DUARTH;1964-09-05;ELVIRA RODRIGUES DE SOUZA;707803660148118;48936758187;MASCULINO;662939491;4;184;57;4140;1;M545;DOR LOMBAR BAIXA 
2026-06-23 19:59:58;500769;SAO GABRIEL DO OESTE;6354265;CENTRAL DE REGULACAO DE SAO GABRIEL DO OESTE;500769;SAO GABRIEL DO OESTE;1;1;2026-04-17 17:01:17;3100000;RESSONANCIA MAGNETICA DE COLUNA LOMBO-SACRA;3100000;GRUPO - RESSONANCIA MAGNETICA;0207010048;RESSONANCIA MAGNETICA DE COLUNA LOMBO-SACRA;GERALDO SERGIO DE OLIVEIRA;1967-02-06;JOVENILIA MARIA DE OLIVEIRA;702404005563322;34088687272;MASCULINO;662936261;4;181;57;4073;1;M545;DOR LOMBAR BAIXA 
2026-06-23 19:59:58;500769;SAO GABRIEL DO OESTE;6354265;CENTRAL DE REGULACAO DE SAO GABRIEL DO OESTE;500769;SAO GABRIEL DO OESTE;1;1;2026-04-17 16:42:32;3100000;RESSONANCIA MAGNETICA DE COLUNA LOMBO-SACRA;3100000;GRUPO - RESSONANCIA MAGNETICA;0207010048;RESSONANCIA MAGNETICA DE COLUNA LOMBO-SACRA;FABIO LUIS SACHETT;1971-03-29;IVONI VALERIA SACHETT;706209517993260;63308843072;MASCULINO;662931670;4;180;57;4050;1;M511;TRANSTORNOS DE DISCOS LOMBARES E DE OUTROS DISCOS INTERVERTEBRAIS COM RADICULOPATIA 
2026-06-23 19:59:58;500769;SAO GABRIEL DO OESTE;6354265;CENTRAL DE REGULACAO DE SAO GABRIEL DO OESTE;500769;SAO GABRIEL DO OESTE;1;1;2026-04-17 16:29:03;3100000;RESSONANCIA MAGNETICA DE COLUNA LOMBO-SACRA;3100000;GRUPO - RESSONANCIA MAGNETICA;0207010048;RESSONANCIA MAGNETICA DE COLUNA LOMBO-SACRA;FABIANA FAVERSSIANI FERREIRA;1981-02-22;TEREZA FAVERSSIANI FERREIRA;703405246442913;03811625160;FEMININO;662927822;4;179;57;4028;1;M54;DORSALGIA
2026-06-23 19:59:58;500769;SAO GABRIEL DO OESTE;6354265;CENTRAL DE REGULACAO DE SAO GABRIEL DO OESTE;500769;SAO GABRIEL DO OESTE;1;1;2026-04-17 16:12:13;3100000;RESSONANCIA MAGNETICA DE COLUNA LOMBO-SACRA;3100000;GRUPO - RESSONANCIA MAGNETICA;0207010048;RESSONANCIA MAGNETICA DE COLUNA LOMBO-SACRA;FRANCISCA MARIA DE OLIVEIRA;1956-11-10;MARIA DE JESUS DA SILVA;704304557663391;49007572172;FEMININO;662922676;4;177;57;3983;1;M994;ESTENOSE DE TECIDO CONJUNTIVO DO CANAL MEDULAR 
2026-06-23 19:59:58;500769;SAO GABRIEL DO OESTE;6354265;CENTRAL DE REGULACAO DE SAO GABRIEL DO OESTE;500769;SAO GABRIEL DO OESTE;1;1;2026-04-17 16:08:47;3100000;RESSONANCIA MAGNETICA DE COLUNA LOMBO-SACRA;3100000;GRUPO - RESSONANCIA MAGNETICA;0207010048;RESSONANCIA MAGNETICA DE COLUNA LOMBO-SACRA;FRANCISCA DA SILVA OLIVEIRA;1961-02-01;OLGA BARBOSA SILVA;703606062692339;00174857381;FEMININO;662921531;4;176;57;3960;1;M545;DOR LOMBAR BAIXA 
2026-06-23 19:59:58;500769;SAO GABRIEL DO OESTE;6354265;CENTRAL DE REGULACAO DE SAO GABRIEL DO OESTE;500769;SAO GABRIEL DO OESTE;1;1;2026-04-17 15:34:01;3100000;RESSONANCIA MAGNETICA DE COLUNA LOMBO-SACRA;3100000;GRUPO - RESSONANCIA MAGNETICA;0207010048;RESSONANCIA MAGNETICA DE COLUNA LOMBO-SACRA;ELIANA FATIMA DOS SANTOS PINHEIRO SOCCOL;1964-09-02;SANTA TERESINHA BARBOSA DOS SANTOS;706700509246513;03391863137;FEMININO;662908629;4;172;57;3870;1;M545;DOR LOMBAR BAIXA 
2026-06-23 19:59:58;500769;SAO GABRIEL DO OESTE;6354265;CENTRAL DE REGULACAO DE SAO GABRIEL DO OESTE;500769;SAO GABRIEL DO OESTE;1;1;2026-04-17 15:04:21;3100000;RESSONANCIA MAGNETICA DE COLUNA LOMBO-SACRA;3100000;GRUPO - RESSONANCIA MAGNETICA;0207010048;RESSONANCIA MAGNETICA DE COLUNA LOMBO-SACRA;ESTELINA EVA DE MELO SANTANA;1968-06-29;OSMIRA DOS SANTOS MELO;700005241561107;88320367115;FEMININO;662896531;4;167;57;3758;1;M545;DOR LOMBAR BAIXA 
2026-06-23 19:59:58;500769;SAO GABRIEL DO OESTE;6354265;CENTRAL DE REGULACAO DE SAO GABRIEL DO OESTE;500769;SAO GABRIEL DO OESTE;1;1;2026-04-17 14:44:54;3100000;RESSONANCIA MAGNETICA DE COLUNA LOMBO-SACRA;3100000;GRUPO - RESSONANCIA MAGNETICA;0207010048;RESSONANCIA MAGNETICA DE COLUNA LOMBO-SACRA;EDILEUZA GONZAGA DIAS;1975-12-25;ANTONIA FERREIRA E LIMA;702407081329923;91810442168;FEMININO;662888124;4;163;57;3668;1;M511;TRANSTORNOS DE DISCOS LOMBARES E DE OUTROS DISCOS INTERVERTEBRAIS COM RADICULOPATIA 
2026-06-23 19:59:58;500769;SAO GABRIEL DO OESTE;6354265;CENTRAL DE REGULACAO DE SAO GABRIEL DO OESTE;500769;SAO GABRIEL DO OESTE;1;1;2026-04-17 11:21:26;3100000;RESSONANCIA MAGNETICA DE COLUNA LOMBO-SACRA;3100000;GRUPO - RESSONANCIA MAGNETICA;0207010048;RESSONANCIA MAGNETICA DE COLUNA LOMBO-SACRA;ELENILDE OLIVEIRA DOS SANTOS;1976-08-14;ANAZIDE DA CONCECAO OLIVEIRA DOS SANTOS;702403038869829;65255909572;FEMININO;662820315;4;162;57;3645;1;M545;DOR LOMBAR BAIXA 
2026-06-23 19:59:58;500769;SAO GABRIEL DO OESTE;6354265;CENTRAL DE REGULACAO DE SAO GABRIEL DO OESTE;500769;SAO GABRIEL DO OESTE;1;1;2026-04-17 10:59:08;3100000;RESSONANCIA MAGNETICA DE COLUNA LOMBO-SACRA;3100000;GRUPO - RESSONANCIA MAGNETICA;0207010048;RESSONANCIA MAGNETICA DE COLUNA LOMBO-SACRA;DONILDE SALETE PINHEIRO CARDOSO;1963-02-14;ROSA PINHEIRO;704204234497989;01261106113;FEMININO;662808675;4;159;57;3578;1;M545;DOR LOMBAR BAIXA 
2026-06-23 19:59:58;500769;SAO GABRIEL DO OESTE;6354265;CENTRAL DE REGULACAO DE SAO GABRIEL DO OESTE;500769;SAO GABRIEL DO OESTE;1;1;2026-04-17 10:21:40;3100000;RESSONANCIA MAGNETICA DE COLUNA LOMBO-SACRA;3100000;GRUPO - RESSONANCIA MAGNETICA;0207010048;RESSONANCIA MAGNETICA DE COLUNA LOMBO-SACRA;DARLENE FATIMA BOMBARDA PEREIRA;1986-06-03;SALETE BOMBARDA PEREIRA;708006804469321;01374340146;FEMININO;662786839;4;153;57;3443;1;M513;OUTRA DEGENERACAO ESPECIFICADA DE DISCO INTERVERTEBRAL 
2026-06-23 19:59:58;500769;SAO GABRIEL DO OESTE;6354265;CENTRAL DE REGULACAO DE SAO GABRIEL DO OESTE;500769;SAO GABRIEL DO OESTE;1;1;2026-04-17 10:08:53;3100000;RESSONANCIA MAGNETICA DE COLUNA LOMBO-SACRA;3100000;GRUPO - RESSONANCIA MAGNETICA;0207010048;RESSONANCIA MAGNETICA DE COLUNA LOMBO-SACRA;CLAUDIA LUIZA MORAIS LEITE DE PAULO;1975-04-06;MARIA DE LOURDES MORAIS;702809676316761;77639057191;FEMININO;662779317;4;150;57;3375;1;M511;TRANSTORNOS DE DISCOS LOMBARES E DE OUTROS DISCOS INTERVERTEBRAIS COM RADICULOPATIA 
2026-06-23 19:59:58;500769;SAO GABRIEL DO OESTE;6354265;CENTRAL DE REGULACAO DE SAO GABRIEL DO OESTE;500769;SAO GABRIEL DO OESTE;1;1;2026-04-17 09:52:13;3100000;RESSONANCIA MAGNETICA DE COLUNA LOMBO-SACRA;3100000;GRUPO - RESSONANCIA MAGNETICA;0207010048;RESSONANCIA MAGNETICA DE COLUNA LOMBO-SACRA;CELMA APARECIDA FERREIRA;1962-02-09;MARIA DA CONCEICAO FERREIRA;708600542473482;05443669133;FEMININO;662769645;4;148;57;3330;1;M545;DOR LOMBAR BAIXA 
2026-06-23 19:59:58;500769;SAO GABRIEL DO OESTE;6354265;CENTRAL DE REGULACAO DE SAO GABRIEL DO OESTE;500769;SAO GABRIEL DO OESTE;1;1;2026-04-17 09:38:45;3100000;RESSONANCIA MAGNETICA DE COLUNA LOMBO-SACRA;3100000;GRUPO - RESSONANCIA MAGNETICA;0207010048;RESSONANCIA MAGNETICA DE COLUNA LOMBO-SACRA;CLAITON ROGERIO HENRIQUES;1973-12-19;ELINA BLOSS HENRIQUES;700406496000744;78076277191;MASCULINO;662762068;4;144;57;3240;1;M511;TRANSTORNOS DE DISCOS LOMBARES E DE OUTROS DISCOS INTERVERTEBRAIS COM RADICULOPATIA 
2026-06-23 19:59:58;500769;SAO GABRIEL DO OESTE;6354265;CENTRAL DE REGULACAO DE SAO GABRIEL DO OESTE;500769;SAO GABRIEL DO OESTE;1;1;2026-04-21 12:49:59;3100000;RESSONANCIA MAGNETICA DE COLUNA LOMBO-SACRA;3100000;GRUPO - RESSONANCIA MAGNETICA;0207010048;RESSONANCIA MAGNETICA DE COLUNA LOMBO-SACRA;MAURA PEREIRA DA CRUZ;1957-03-05;OSCALINA CORREA SOUZA;703400289631012;85809357172;FEMININO;663096878;4;235;57;5288;1;M545;DOR LOMBAR BAIXA 
2026-06-23 19:59:58;500769;SAO GABRIEL DO OESTE;6354265;CENTRAL DE REGULACAO DE SAO GABRIEL DO OESTE;500769;SAO GABRIEL DO OESTE;1;1;2026-04-21 12:45:06;3100000;RESSONANCIA MAGNETICA DE COLUNA LOMBO-SACRA;3100000;GRUPO - RESSONANCIA MAGNETICA;0207010048;RESSONANCIA MAGNETICA DE COLUNA LOMBO-SACRA;MARIA LUCILENE LOPES DE MACEDO;1974-12-27;MARIA LUCIA ALEXANDRIA LOPES;708400218712665;93521464415;FEMININO;663096828;4;231;57;5198;1;M545;DOR LOMBAR BAIXA 
2026-06-23 19:59:58;500769;SAO GABRIEL DO OESTE;6354265;CENTRAL DE REGULACAO DE SAO GABRIEL DO OESTE;500769;SAO GABRIEL DO OESTE;1;1;2026-04-21 12:43:06;3100000;RESSONANCIA MAGNETICA DE COLUNA LOMBO-SACRA;3100000;GRUPO - RESSONANCIA MAGNETICA;0207010048;RESSONANCIA MAGNETICA DE COLUNA LOMBO-SACRA;MARIA ODETE FABIANO DOS SANTOS;1979-05-15;BENEDITA FABIANO LIMA;702000306287189;03582509192;FEMININO;663096804;4;230;57;5175;1;M545;DOR LOMBAR BAIXA 
2026-06-23 19:59:58;500769;SAO GABRIEL DO OESTE;6354265;CENTRAL DE REGULACAO DE SAO GABRIEL DO OESTE;500769;SAO GABRIEL DO OESTE;1;1;2026-04-21 12:42:50;3100000;RESSONANCIA MAGNETICA DE COLUNA LOMBO-SACRA;3100000;GRUPO - RESSONANCIA MAGNETICA;0207010048;RESSONANCIA MAGNETICA DE COLUNA LOMBO-SACRA;NELCLAIR RODRIGUES TALAVEIRA;1981-04-03;JUDACI RODRIGUES LIMA;708701145674694;92607063191;MASCULINO;663096799;4;229;57;5153;1;M513;OUTRA DEGENERACAO ESPECIFICADA DE DISCO INTERVERTEBRAL 
2026-06-23 19:59:58;500769;SAO GABRIEL DO OESTE;6354265;CENTRAL DE REGULACAO DE SAO GABRIEL DO OESTE;500769;SAO GABRIEL DO OESTE;1;1;2026-04-21 12:40:15;3100000;RESSONANCIA MAGNETICA DE COLUNA LOMBO-SACRA;3100000;GRUPO - RESSONANCIA MAGNETICA;0207010048;RESSONANCIA MAGNETICA DE COLUNA LOMBO-SACRA;LUCIMAR FERREIRA DIAS;1972-03-13;ZILDA FERREIRA DIAS;700500518569551;59572787187;FEMININO;663096765;4;227;57;5108;1;M511;TRANSTORNOS DE DISCOS LOMBARES E DE OUTROS DISCOS INTERVERTEBRAIS COM RADICULOPATIA 
2026-06-23 19:59:58;500769;SAO GABRIEL DO OESTE;6354265;CENTRAL DE REGULACAO DE SAO GABRIEL DO OESTE;500769;SAO GABRIEL DO OESTE;1;1;2026-04-21 12:36:14;3100000;RESSONANCIA MAGNETICA DE COLUNA LOMBO-SACRA;3100000;GRUPO - RESSONANCIA MAGNETICA;0207010048;RESSONANCIA MAGNETICA DE COLUNA LOMBO-SACRA;LUIS AUGUSTO GARCIA;1973-09-21;IRACEMA FERREIRA LEAL;702407092716028;91569419191;MASCULINO;663096721;4;225;57;5063;1;M511;TRANSTORNOS DE DISCOS LOMBARES E DE OUTROS DISCOS INTERVERTEBRAIS COM RADICULOPATIA 
2026-06-23 19:59:58;500769;SAO GABRIEL DO OESTE;6354265;CENTRAL DE REGULACAO DE SAO GABRIEL DO OESTE;500769;SAO GABRIEL DO OESTE;1;1;2026-04-21 12:31:05;3100000;RESSONANCIA MAGNETICA DE COLUNA LOMBO-SACRA;3100000;GRUPO - RESSONANCIA MAGNETICA;0207010048;RESSONANCIA MAGNETICA DE COLUNA LOMBO-SACRA;MARILENE JOSEFA DE OLIVEIRA;1959-12-25;JOSEFA JULIA DA CONCEICAO;700403424843742;35721189134;FEMININO;663096652;4;222;57;4995;1;M54;DORSALGIA
2026-06-23 19:59:58;500769;SAO GABRIEL DO OESTE;6354265;CENTRAL DE REGULACAO DE SAO GABRIEL DO OESTE;500769;SAO GABRIEL DO OESTE;1;1;2026-04-21 12:16:55;3100000;RESSONANCIA MAGNETICA DE COLUNA LOMBO-SACRA;3100000;GRUPO - RESSONANCIA MAGNETICA;0207010048;RESSONANCIA MAGNETICA DE COLUNA LOMBO-SACRA;MARIA LUCIA DE OLIVEIRA VILALVA;1958-08-08;LUCIA PONTES;705002884525950;26242710153;FEMININO;663096429;4;214;57;4815;1;M545;DOR LOMBAR BAIXA 
2026-06-23 19:59:58;500769;SAO GABRIEL DO OESTE;6354265;CENTRAL DE REGULACAO DE SAO GABRIEL DO OESTE;500769;SAO GABRIEL DO OESTE;1;1;2026-04-21 12:08:08;3100000;RESSONANCIA MAGNETICA DE COLUNA LOMBO-SACRA;3100000;GRUPO - RESSONANCIA MAGNETICA;0207010048;RESSONANCIA MAGNETICA DE COLUNA LOMBO-SACRA;LUCIMAR ALVES DE LIMA;1981-08-08;MARIA ALVES DE LIMA;708402754632561;01056219432;FEMININO;663096313;4;210;57;4725;1;M531;SINDROME CERVICOBRAQUIAL 
2026-06-23 19:59:58;500769;SAO GABRIEL DO OESTE;6354265;CENTRAL DE REGULACAO DE SAO GABRIEL DO OESTE;500769;SAO GABRIEL DO OESTE;1;1;2026-04-21 12:02:32;3100000;RESSONANCIA MAGNETICA DE COLUNA LOMBO-SACRA;3100000;GRUPO - RESSONANCIA MAGNETICA;0207010048;RESSONANCIA MAGNETICA DE COLUNA LOMBO-SACRA;MARILENE SILVA MATOS;1963-09-07;NADIR SILVA MATOS;707004828268032;02390587127;FEMININO;663096238;4;207;57;4658;1;M545;DOR LOMBAR BAIXA 
2026-06-23 19:59:58;500769;SAO GABRIEL DO OESTE;6354265;CENTRAL DE REGULACAO DE SAO GABRIEL DO OESTE;500769;SAO GABRIEL DO OESTE;1;1;2026-04-21 11:54:20;3100000;RESSONANCIA MAGNETICA DE COLUNA LOMBO-SACRA;3100000;GRUPO - RESSONANCIA MAGNETICA;0207010048;RESSONANCIA MAGNETICA DE COLUNA LOMBO-SACRA;MARISA PIRES DE ANDRADE;1972-12-27;EVA HONORIA DE ALMEIDA ANDRADE;704002800230166;00097364258;FEMININO;663096099;4;205;57;4613;1;M542;CERVICALGIA 
2026-06-23 19:59:58;500769;SAO GABRIEL DO OESTE;6354265;CENTRAL DE REGULACAO DE SAO GABRIEL DO OESTE;500769;SAO GABRIEL DO OESTE;1;1;2026-04-21 11:47:29;3100000;RESSONANCIA MAGNETICA DE COLUNA LOMBO-SACRA;3100000;GRUPO - RESSONANCIA MAGNETICA;0207010048;RESSONANCIA MAGNETICA DE COLUNA LOMBO-SACRA;MARIA LUCIMAR DE SOUZA CIQUEIRA;1967-02-03;FAUSTINA MARIA DE SOUZA CIQUEIRA;704709742551538;44520255104;FEMININO;663095981;4;202;57;4545;1;M545;DOR LOMBAR BAIXA 
2026-06-23 19:59:58;500769;SAO GABRIEL DO OESTE;6354265;CENTRAL DE REGULACAO DE SAO GABRIEL DO OESTE;500769;SAO GABRIEL DO OESTE;1;1;2026-04-21 11:39:47;3100000;RESSONANCIA MAGNETICA DE COLUNA LOMBO-SACRA;3100000;GRUPO - RESSONANCIA MAGNETICA;0207010048;RESSONANCIA MAGNETICA DE COLUNA LOMBO-SACRA;MARIA DAS DORES MOREIRA DA SILVA;1975-07-18;MARIA DE LOURDES MOREIRA DA SILVA;704509695563220;01277492174;FEMININO;663095836;4;197;57;4433;1;M545;DOR LOMBAR BAIXA 
2026-06-23 19:59:58;500769;SAO GABRIEL DO OESTE;6354265;CENTRAL DE REGULACAO DE SAO GABRIEL DO OESTE;500769;SAO GABRIEL DO OESTE;1;1;2026-04-21 11:36:11;3100000;RESSONANCIA MAGNETICA DE COLUNA LOMBO-SACRA;3100000;GRUPO - RESSONANCIA MAGNETICA;0207010048;RESSONANCIA MAGNETICA DE COLUNA LOMBO-SACRA;MARIA DE LIMA;1960-12-15;CICERA DE LIMA;702907518879770;53388828415;FEMININO;663095776;4;196;57;4410;1;M545;DOR LOMBAR BAIXA 
2026-06-23 19:59:58;500769;SAO GABRIEL DO OESTE;6354265;CENTRAL DE REGULACAO DE SAO GABRIEL DO OESTE;500769;SAO GABRIEL DO OESTE;1;1;2026-04-17 17:50:40;3100000;RESSONANCIA MAGNETICA DE COLUNA LOMBO-SACRA;3100000;GRUPO - RESSONANCIA MAGNETICA;0207010048;RESSONANCIA MAGNETICA DE COLUNA LOMBO-SACRA;ILMA ONEIDE GOLIN NESELLO;1961-08-25;JOSEFINA MELATTI GOLIN;705004061756554;66269040191;FEMININO;662943998;4;195;57;4388;1;M544;LUMBAGO COM CIATICA 
2026-06-23 19:59:58;500769;SAO GABRIEL DO OESTE;6354265;CENTRAL DE REGULACAO DE SAO GABRIEL DO OESTE;500769;SAO GABRIEL DO OESTE;1;1;2026-04-17 17:43:32;3100000;RESSONANCIA MAGNETICA DE COLUNA LOMBO-SACRA;3100000;GRUPO - RESSONANCIA MAGNETICA;0207010048;RESSONANCIA MAGNETICA DE COLUNA LOMBO-SACRA;IRANI GONCALVES DIAS;1965-07-05;VILMA VARGAS DIAS;702306119930610;46476318004;MASCULINO;662943119;4;193;57;4343;1;M545;DOR LOMBAR BAIXA 
2026-06-23 19:59:58;500769;SAO GABRIEL DO OESTE;6354265;CENTRAL DE REGULACAO DE SAO GABRIEL DO OESTE;500769;SAO GABRIEL DO OESTE;1;1;2026-04-21 14:10:35;3100000;RESSONANCIA MAGNETICA DE COLUNA LOMBO-SACRA;3100000;GRUPO - RESSONANCIA MAGNETICA;0207010048;RESSONANCIA MAGNETICA DE COLUNA LOMBO-SACRA;PATRICIA APARECIDA DE PAULA;1969-08-01;CONCEICAO APARECIDA DE PAULA;700208426060229;55998879104;FEMININO;663098130;4;291;57;6548;1;M545;DOR LOMBAR BAIXA 
2026-06-23 19:59:58;500769;SAO GABRIEL DO OESTE;6354265;CENTRAL DE REGULACAO DE SAO GABRIEL DO OESTE;500769;SAO GABRIEL DO OESTE;1;1;2026-04-21 14:09:24;3100000;RESSONANCIA MAGNETICA DE COLUNA LOMBO-SACRA;3100000;GRUPO - RESSONANCIA MAGNETICA;0207010048;RESSONANCIA MAGNETICA DE COLUNA LOMBO-SACRA;MARIA ZELIA FERREIRA OLIVEIRA ALVES;1960-07-12;UBALDINA FERREIRA DE OLIVEIRA;701802230380171;28529294149;FEMININO;663098103;4;290;57;6525;1;M545;DOR LOMBAR BAIXA 
2026-06-23 19:59:58;500769;SAO GABRIEL DO OESTE;6354265;CENTRAL DE REGULACAO DE SAO GABRIEL DO OESTE;500769;SAO GABRIEL DO OESTE;1;1;2026-04-21 14:05:57;3100000;RESSONANCIA MAGNETICA DE COLUNA LOMBO-SACRA;3100000;GRUPO - RESSONANCIA MAGNETICA;0207010048;RESSONANCIA MAGNETICA DE COLUNA LOMBO-SACRA;MARIA BASTOS DOS ANJOS;1947-06-15;JOSEFA BASTOS DE ARAUJO;702504360183735;40451380134;FEMININO;663098030;4;287;57;6458;1;M494;ESPONDILOPATIA NEUROPATICA 
2026-06-23 19:59:58;500769;SAO GABRIEL DO OESTE;6354265;CENTRAL DE REGULACAO DE SAO GABRIEL DO OESTE;500769;SAO GABRIEL DO OESTE;1;1;2026-04-21 14:04:13;3100000;RESSONANCIA MAGNETICA DE COLUNA LOMBO-SACRA;3100000;GRUPO - RESSONANCIA MAGNETICA;0207010048;RESSONANCIA MAGNETICA DE COLUNA LOMBO-SACRA;RONALDO LOPES COIMBRA;1974-02-27;MARGARIDA DA SILVA COIMBRA;700008687910309;61471356191;MASCULINO;663097994;4;286;57;6435;1;M545;DOR LOMBAR BAIXA 
2026-06-23 19:59:58;500769;SAO GABRIEL DO OESTE;6354265;CENTRAL DE REGULACAO DE SAO GABRIEL DO OESTE;500769;SAO GABRIEL DO OESTE;1;1;2026-04-21 14:03:27;3100000;RESSONANCIA MAGNETICA DE COLUNA LOMBO-SACRA;3100000;GRUPO - RESSONANCIA MAGNETICA;0207010048;RESSONANCIA MAGNETICA DE COLUNA LOMBO-SACRA;LUIZ ALBERTO DE OLIVEIRA;1982-07-15;LAURINDA DE OLIVEIRA;706404676925581;03777842907;MASCULINO;663097974;4;285;57;6413;1;M544;LUMBAGO COM CIATICA 
2026-06-23 19:59:58;500769;SAO GABRIEL DO OESTE;6354265;CENTRAL DE REGULACAO DE SAO GABRIEL DO OESTE;500769;SAO GABRIEL DO OESTE;1;1;2026-04-21 13:59:50;3100000;RESSONANCIA MAGNETICA DE COLUNA LOMBO-SACRA;3100000;GRUPO - RESSONANCIA MAGNETICA;0207010048;RESSONANCIA MAGNETICA DE COLUNA LOMBO-SACRA;RAIMUNDA RODRIGUES DE OLIVEIRA;1967-08-08;MARIA DE LOURDES DA SILVA OLIVEIRA;702404592813429;70198514107;FEMININO;663097899;4;281;57;6323;1;M511;TRANSTORNOS DE DISCOS LOMBARES E DE OUTROS DISCOS INTERVERTEBRAIS COM RADICULOPATIA 
2026-06-23 19:59:58;500769;SAO GABRIEL DO OESTE;6354265;CENTRAL DE REGULACAO DE SAO GABRIEL DO OESTE;500769;SAO GABRIEL DO OESTE;1;1;2026-04-21 13:58:18;3100000;RESSONANCIA MAGNETICA DE COLUNA LOMBO-SACRA;3100000;GRUPO - RESSONANCIA MAGNETICA;0207010048;RESSONANCIA MAGNETICA DE COLUNA LOMBO-SACRA;PAULO HENRIQUE FIGUEIREDO DA ROSA DE SOUZA;1980-02-11;MARIA ELIZA FIGUEIREDO DA ROSA;704209284804189;86176080134;MASCULINO;663097873;4;280;57;6300;1;M511;TRANSTORNOS DE DISCOS LOMBARES E DE OUTROS DISCOS INTERVERTEBRAIS COM RADICULOPATIA 
2026-06-23 19:59:58;500769;SAO GABRIEL DO OESTE;6354265;CENTRAL DE REGULACAO DE SAO GABRIEL DO OESTE;500769;SAO GABRIEL DO OESTE;1;1;2026-04-21 13:57:56;3100000;RESSONANCIA MAGNETICA DE COLUNA LOMBO-SACRA;3100000;GRUPO - RESSONANCIA MAGNETICA;0207010048;RESSONANCIA MAGNETICA DE COLUNA LOMBO-SACRA;RAFAEL DA SILVA DE OLIVEIRA;1994-12-01;ARLEIA DA SILVA;706809227634122;03185993179;MASCULINO;663097863;4;279;57;6278;1;M545;DOR LOMBAR BAIXA 
2026-06-23 19:59:58;500769;SAO GABRIEL DO OESTE;6354265;CENTRAL DE REGULACAO DE SAO GABRIEL DO OESTE;500769;SAO GABRIEL DO OESTE;1;1;2026-04-21 13:53:43;3100000;RESSONANCIA MAGNETICA DE COLUNA LOMBO-SACRA;3100000;GRUPO - RESSONANCIA MAGNETICA;0207010048;RESSONANCIA MAGNETICA DE COLUNA LOMBO-SACRA;LUANA BATISTA DE ALENCAR;1993-01-26;ROZELY BATISTA;702800152150564;04620723126;FEMININO;663097775;4;276;57;6210;1;M545;DOR LOMBAR BAIXA 
2026-06-23 19:59:58;500769;SAO GABRIEL DO OESTE;6354265;CENTRAL DE REGULACAO DE SAO GABRIEL DO OESTE;500769;SAO GABRIEL DO OESTE;1;1;2026-04-21 13:42:44;3100000;RESSONANCIA MAGNETICA DE COLUNA LOMBO-SACRA;3100000;GRUPO - RESSONANCIA MAGNETICA;0207010048;RESSONANCIA MAGNETICA DE COLUNA LOMBO-SACRA;OSEIAS PAIAO PEREIRA;1974-02-08;ORLANDA DIAS PAIAO;708401751026767;60952784149;MASCULINO;663097593;4;274;57;6165;1;M545;DOR LOMBAR BAIXA 
2026-06-23 19:59:58;500769;SAO GABRIEL DO OESTE;6354265;CENTRAL DE REGULACAO DE SAO GABRIEL DO OESTE;500769;SAO GABRIEL DO OESTE;1;1;2026-04-21 13:38:08;3100000;RESSONANCIA MAGNETICA DE COLUNA LOMBO-SACRA;3100000;GRUPO - RESSONANCIA MAGNETICA;0207010048;RESSONANCIA MAGNETICA DE COLUNA LOMBO-SACRA;OSVALDO PROCOPIO DA SILVA DE SOUZA;1968-02-17;JOSEFA PROCOPIO DA SILVA;703606060055331;43683843187;MASCULINO;663097515;4;271;57;6098;1;M545;DOR LOMBAR BAIXA 
2026-06-23 19:59:58;500769;SAO GABRIEL DO OESTE;6354265;CENTRAL DE REGULACAO DE SAO GABRIEL DO OESTE;500769;SAO GABRIEL DO OESTE;1;1;2026-04-21 13:33:09;3100000;RESSONANCIA MAGNETICA DE COLUNA LOMBO-SACRA;3100000;GRUPO - RESSONANCIA MAGNETICA;0207010048;RESSONANCIA MAGNETICA DE COLUNA LOMBO-SACRA;OVIEDO FEITOSA SANTOS;1974-09-17;MARIA DE LOURDES FEITOSA;703204606488198;71949801500;MASCULINO;663097436;4;267;57;6008;1;S32;FRATURA DA COLUNA LOMBAR E DA PELVE
2026-06-23 19:59:58;500769;SAO GABRIEL DO OESTE;6354265;CENTRAL DE REGULACAO DE SAO GABRIEL DO OESTE;500769;SAO GABRIEL DO OESTE;1;1;2026-04-21 13:22:21;3100000;RESSONANCIA MAGNETICA DE COLUNA LOMBO-SACRA;3100000;GRUPO - RESSONANCIA MAGNETICA;0207010048;RESSONANCIA MAGNETICA DE COLUNA LOMBO-SACRA;LUCIA MARA DE MATOS VILELA;1977-02-14;LUZIA ANTONIO DE MATOS;706400658897985;01390276104;FEMININO;663097282;4;260;57;5850;1;M545;DOR LOMBAR BAIXA 
2026-06-23 19:59:58;500769;SAO GABRIEL DO OESTE;6354265;CENTRAL DE REGULACAO DE SAO GABRIEL DO OESTE;500769;SAO GABRIEL DO OESTE;1;1;2026-04-21 13:19:27;3100000;RESSONANCIA MAGNETICA DE COLUNA LOMBO-SACRA;3100000;GRUPO - RESSONANCIA MAGNETICA;0207010048;RESSONANCIA MAGNETICA DE COLUNA LOMBO-SACRA;LUCIANE GUILHERMINA PREUSSLER KIRCH;1983-12-12;ELZA PREUSSLER;700408975198848;04344334973;FEMININO;663097245;4;258;57;5805;1;M549;DORSALGIA NAO ESPECIFICADA 
2026-06-23 19:59:58;500769;SAO GABRIEL DO OESTE;6354265;CENTRAL DE REGULACAO DE SAO GABRIEL DO OESTE;500769;SAO GABRIEL DO OESTE;1;1;2026-04-21 13:12:59;3100000;RESSONANCIA MAGNETICA DE COLUNA LOMBO-SACRA;3100000;GRUPO - RESSONANCIA MAGNETICA;0207010048;RESSONANCIA MAGNETICA DE COLUNA LOMBO-SACRA;NEUSA BROETTO SIQUEIRA;1956-06-25;GEMA BROETTO;706002887841541;78028060110;FEMININO;663097171;4;256;57;5760;1;M53;OUTRAS DORSOPATIAS NAO CLASSIFICADAS EM OUTRA PARTE
2026-06-23 19:59:58;500769;SAO GABRIEL DO OESTE;6354265;CENTRAL DE REGULACAO DE SAO GABRIEL DO OESTE;500769;SAO GABRIEL DO OESTE;1;1;2026-04-21 13:11:00;3100000;RESSONANCIA MAGNETICA DE COLUNA LOMBO-SACRA;3100000;GRUPO - RESSONANCIA MAGNETICA;0207010048;RESSONANCIA MAGNETICA DE COLUNA LOMBO-SACRA;MARIA ANTONIA ELIAS DA SILVA;1959-10-23;JANDIRA TEREZINHA DA SILVA;700201437649729;02068694107;FEMININO;663097143;4;254;57;5715;1;M179;GONARTROSE NAO ESPECIFICADA 
2026-06-23 19:59:58;500769;SAO GABRIEL DO OESTE;6354265;CENTRAL DE REGULACAO DE SAO GABRIEL DO OESTE;500769;SAO GABRIEL DO OESTE;1;1;2026-04-21 13:07:21;3100000;RESSONANCIA MAGNETICA DE COLUNA LOMBO-SACRA;3100000;GRUPO - RESSONANCIA MAGNETICA;0207010048;RESSONANCIA MAGNETICA DE COLUNA LOMBO-SACRA;ANELISE CIDRAO ROSA;1989-07-24;MAYSA CIDRAO ROSA;700506960629551;02742339167;FEMININO;663097088;4;251;57;5648;1;M545;DOR LOMBAR BAIXA 
2026-06-23 19:59:58;500769;SAO GABRIEL DO OESTE;6354265;CENTRAL DE REGULACAO DE SAO GABRIEL DO OESTE;500769;SAO GABRIEL DO OESTE;1;1;2026-04-21 13:03:42;3100000;RESSONANCIA MAGNETICA DE COLUNA LOMBO-SACRA;3100000;GRUPO - RESSONANCIA MAGNETICA;0207010048;RESSONANCIA MAGNETICA DE COLUNA LOMBO-SACRA;MARIA SONIA DOS SANTOS;1959-03-17;ELIZEUDA MARTINS DIAS;706503326459393;79330282172;FEMININO;663097044;4;247;57;5558;1;M545;DOR LOMBAR BAIXA 
2026-06-23 19:59:58;500769;SAO GABRIEL DO OESTE;6354265;CENTRAL DE REGULACAO DE SAO GABRIEL DO OESTE;500769;SAO GABRIEL DO OESTE;1;1;2026-04-21 13:03:05;3100000;RESSONANCIA MAGNETICA DE COLUNA LOMBO-SACRA;3100000;GRUPO - RESSONANCIA MAGNETICA;0207010048;RESSONANCIA MAGNETICA DE COLUNA LOMBO-SACRA;NEUZA ALVES DE OLIVEIRA;1960-10-28;ANTONIA LUIZA DA COSTA;706402395222690;28869800130;FEMININO;663097032;4;246;57;5535;1;M545;DOR LOMBAR BAIXA 
2026-06-23 19:59:58;500769;SAO GABRIEL DO OESTE;6354265;CENTRAL DE REGULACAO DE SAO GABRIEL DO OESTE;500769;SAO GABRIEL DO OESTE;1;1;2026-04-21 13:00:01;3100000;RESSONANCIA MAGNETICA DE COLUNA LOMBO-SACRA;3100000;GRUPO - RESSONANCIA MAGNETICA;0207010048;RESSONANCIA MAGNETICA DE COLUNA LOMBO-SACRA;NILMA FELICIO FARIA NOGUEIRA;1963-09-14;AURORA FELICIO FARIA;701809225725774;80713343168;FEMININO;663096993;4;244;57;5490;1;M543;CIATICA 
2026-06-23 19:59:58;500769;SAO GABRIEL DO OESTE;6354265;CENTRAL DE REGULACAO DE SAO GABRIEL DO OESTE;500769;SAO GABRIEL DO OESTE;1;1;2026-04-21 12:59:58;3100000;RESSONANCIA MAGNETICA DE COLUNA LOMBO-SACRA;3100000;GRUPO - RESSONANCIA MAGNETICA;0207010048;RESSONANCIA MAGNETICA DE COLUNA LOMBO-SACRA;MARIA VALDINETE DO CARMO SILVA BONNES;1983-04-21;VALDINETE FRANCELINO DO CARMO SILVA;706804779190629;02478705109;FEMININO;663096992;4;243;57;5468;1;M545;DOR LOMBAR BAIXA 
2026-06-23 19:59:58;500769;SAO GABRIEL DO OESTE;6354265;CENTRAL DE REGULACAO DE SAO GABRIEL DO OESTE;500769;SAO GABRIEL DO OESTE;1;1;2026-04-21 12:55:58;3100000;RESSONANCIA MAGNETICA DE COLUNA LOMBO-SACRA;3100000;GRUPO - RESSONANCIA MAGNETICA;0207010048;RESSONANCIA MAGNETICA DE COLUNA LOMBO-SACRA;MARINA FERREIRA LOPES;1955-11-10;MADALENA FERREIRA DE MATOS;700400434968944;34582541100;FEMININO;663096938;4;240;57;5400;1;M544;LUMBAGO COM CIATICA 
2026-06-23 19:59:58;500769;SAO GABRIEL DO OESTE;6354265;CENTRAL DE REGULACAO DE SAO GABRIEL DO OESTE;500769;SAO GABRIEL DO OESTE;1;1;2026-04-21 15:11:42;3100000;RESSONANCIA MAGNETICA DE COLUNA LOMBO-SACRA;3100000;GRUPO - RESSONANCIA MAGNETICA;0207010048;RESSONANCIA MAGNETICA DE COLUNA LOMBO-SACRA;JENIFER MORAIS SILVESTRE FERREIRA;1973-06-10;CLAUDIVA MORAIS SILVESTRE;706802733982024;78226996104;FEMININO;663099424;4;336;57;7560;1;M511;TRANSTORNOS DE DISCOS LOMBARES E DE OUTROS DISCOS INTERVERTEBRAIS COM RADICULOPATIA 
2026-06-23 19:59:58;500769;SAO GABRIEL DO OESTE;6354265;CENTRAL DE REGULACAO DE SAO GABRIEL DO OESTE;500769;SAO GABRIEL DO OESTE;1;1;2026-04-21 15:11:31;3100000;RESSONANCIA MAGNETICA DE COLUNA LOMBO-SACRA;3100000;GRUPO - RESSONANCIA MAGNETICA;0207010048;RESSONANCIA MAGNETICA DE COLUNA LOMBO-SACRA;MARIA APARECIDA GONCALVES DA SILVA AMARAL;1961-08-09;NUMERALDA GONCALVES DA SILVA;706000805591447;51129248100;FEMININO;663099418;4;335;57;7538;1;M994;ESTENOSE DE TECIDO CONJUNTIVO DO CANAL MEDULAR 
2026-06-23 19:59:58;500769;SAO GABRIEL DO OESTE;6354265;CENTRAL DE REGULACAO DE SAO GABRIEL DO OESTE;500769;SAO GABRIEL DO OESTE;1;1;2026-04-21 15:07:00;3100000;RESSONANCIA MAGNETICA DE COLUNA LOMBO-SACRA;3100000;GRUPO - RESSONANCIA MAGNETICA;0207010048;RESSONANCIA MAGNETICA DE COLUNA LOMBO-SACRA;JOAO CAMARGO CARDOSO JUNIOR;1982-07-08;MARIA MARCOLINA PEREIRA;708605009598080;90776038168;MASCULINO;663099313;4;333;57;7493;1;M545;DOR LOMBAR BAIXA 
2026-06-23 19:59:58;500769;SAO GABRIEL DO OESTE;6354265;CENTRAL DE REGULACAO DE SAO GABRIEL DO OESTE;500769;SAO GABRIEL DO OESTE;1;1;2026-04-21 14:58:32;3100000;RESSONANCIA MAGNETICA DE COLUNA LOMBO-SACRA;3100000;GRUPO - RESSONANCIA MAGNETICA;0207010048;RESSONANCIA MAGNETICA DE COLUNA LOMBO-SACRA;JOSE CARLOS DUTRA CHIMENES;1971-03-28;TEREZINHA DUTRA;705509424448210;52800490187;MASCULINO;663099118;4;330;57;7425;1;M751;SINDROME DO MANGUITO ROTADOR 
2026-06-23 19:59:58;500769;SAO GABRIEL DO OESTE;6354265;CENTRAL DE REGULACAO DE SAO GABRIEL DO OESTE;500769;SAO GABRIEL DO OESTE;1;1;2026-04-21 14:57:40;3100000;RESSONANCIA MAGNETICA DE COLUNA LOMBO-SACRA;3100000;GRUPO - RESSONANCIA MAGNETICA;0207010048;RESSONANCIA MAGNETICA DE COLUNA LOMBO-SACRA;WANDERLEI CARDOSO TAVARES CALONGA;1975-08-30;MARIA DO CARMO TAVARES;700802919441687;25188164884;MASCULINO;663099097;4;329;57;7403;1;M545;DOR LOMBAR BAIXA 
2026-06-23 19:59:58;500769;SAO GABRIEL DO OESTE;6354265;CENTRAL DE REGULACAO DE SAO GABRIEL DO OESTE;500769;SAO GABRIEL DO OESTE;1;1;2026-04-21 14:55:56;3100000;RESSONANCIA MAGNETICA DE COLUNA LOMBO-SACRA;3100000;GRUPO - RESSONANCIA MAGNETICA;0207010048;RESSONANCIA MAGNETICA DE COLUNA LOMBO-SACRA;SONIA ROSANGELA BORGES LEAL VICENTE;1970-07-18;CLEUZA BORGES LEAL;701105814690080;34871683249;FEMININO;663099055;4;325;57;7313;1;M549;DORSALGIA NAO ESPECIFICADA 
2026-06-23 19:59:58;500769;SAO GABRIEL DO OESTE;6354265;CENTRAL DE REGULACAO DE SAO GABRIEL DO OESTE;500769;SAO GABRIEL DO OESTE;1;1;2026-04-21 14:48:28;3100000;RESSONANCIA MAGNETICA DE COLUNA LOMBO-SACRA;3100000;GRUPO - RESSONANCIA MAGNETICA;0207010048;RESSONANCIA MAGNETICA DE COLUNA LOMBO-SACRA;SILENE FERREIRA DO CARMO;1975-04-26;VALDIRA FERREIRA DO CARMO;709607697971774;58323031134;FEMININO;663098888;4;319;57;7178;1;M545;DOR LOMBAR BAIXA 
2026-06-23 19:59:58;500769;SAO GABRIEL DO OESTE;6354265;CENTRAL DE REGULACAO DE SAO GABRIEL DO OESTE;500769;SAO GABRIEL DO OESTE;1;1;2026-04-21 14:47:05;3100000;RESSONANCIA MAGNETICA DE COLUNA LOMBO-SACRA;3100000;GRUPO - RESSONANCIA MAGNETICA;0207010048;RESSONANCIA MAGNETICA DE COLUNA LOMBO-SACRA;JOSE DE SOUZA;1962-04-20;APARECIDA DE SOUZA;706200011585368;60039132153;MASCULINO;663098867;4;318;57;7155;1;M713;OUTROS CISTOS DE BOLSA SINOVIAL 
2026-06-23 19:59:58;500769;SAO GABRIEL DO OESTE;6354265;CENTRAL DE REGULACAO DE SAO GABRIEL DO OESTE;500769;SAO GABRIEL DO OESTE;1;1;2026-04-21 14:42:15;3100000;RESSONANCIA MAGNETICA DE COLUNA LOMBO-SACRA;3100000;GRUPO - RESSONANCIA MAGNETICA;0207010048;RESSONANCIA MAGNETICA DE COLUNA LOMBO-SACRA;JENI ALVES DOS SANTOS;1948-03-02;ANA ROSA;700706921635080;35603763191;FEMININO;663098778;4;315;57;7088;1;M545;DOR LOMBAR BAIXA 
2026-06-23 19:59:58;500769;SAO GABRIEL DO OESTE;6354265;CENTRAL DE REGULACAO DE SAO GABRIEL DO OESTE;500769;SAO GABRIEL DO OESTE;1;1;2026-04-21 14:38:29;3100000;RESSONANCIA MAGNETICA DE COLUNA LOMBO-SACRA;3100000;GRUPO - RESSONANCIA MAGNETICA;0207010048;RESSONANCIA MAGNETICA DE COLUNA LOMBO-SACRA;RAIMUNDO RIBEIRO DA COSTA;1958-03-15;JOSEFA RIBEIRO DA COSTA;706006351934048;55908160172;MASCULINO;663098714;4;312;57;7020;1;M545;DOR LOMBAR BAIXA 
2026-06-23 19:59:58;500769;SAO GABRIEL DO OESTE;6354265;CENTRAL DE REGULACAO DE SAO GABRIEL DO OESTE;500769;SAO GABRIEL DO OESTE;1;1;2026-04-21 14:31:31;3100000;RESSONANCIA MAGNETICA DE COLUNA LOMBO-SACRA;3100000;GRUPO - RESSONANCIA MAGNETICA;0207010048;RESSONANCIA MAGNETICA DE COLUNA LOMBO-SACRA;RITA DE CASSIA SILVA;1984-02-07;CREUZA LUCAS DA SILVA;704004831841568;01912292530;FEMININO;663098575;4;307;57;6908;1;M54;DORSALGIA
2026-06-23 19:59:58;500769;SAO GABRIEL DO OESTE;6354265;CENTRAL DE REGULACAO DE SAO GABRIEL DO OESTE;500769;SAO GABRIEL DO OESTE;1;1;2026-04-21 14:25:05;3100000;RESSONANCIA MAGNETICA DE COLUNA LOMBO-SACRA;3100000;GRUPO - RESSONANCIA MAGNETICA;0207010048;RESSONANCIA MAGNETICA DE COLUNA LOMBO-SACRA;RONALDO PAIXAO FIEL SANTOS;1995-07-10;MARIA PUREZA PAIXAO FIEL;708703105183195;07565434523;MASCULINO;663098444;4;304;57;6840;1;M545;DOR LOMBAR BAIXA 
2026-06-23 19:59:58;500769;SAO GABRIEL DO OESTE;6354265;CENTRAL DE REGULACAO DE SAO GABRIEL DO OESTE;500769;SAO GABRIEL DO OESTE;1;1;2026-04-21 14:23:35;3100000;RESSONANCIA MAGNETICA DE COLUNA LOMBO-SACRA;3100000;GRUPO - RESSONANCIA MAGNETICA;0207010048;RESSONANCIA MAGNETICA DE COLUNA LOMBO-SACRA;LAUDILENE VALERIO DE ARRUDA SILVA;1969-11-27;ANAMIM VALERIO DE ARRUDA;701009897574991;75440423400;FEMININO;663098417;4;303;57;6818;1;M545;DOR LOMBAR BAIXA 
2026-06-23 19:59:58;500769;SAO GABRIEL DO OESTE;6354265;CENTRAL DE REGULACAO DE SAO GABRIEL DO OESTE;500769;SAO GABRIEL DO OESTE;1;1;2026-04-21 14:23:14;3100000;RESSONANCIA MAGNETICA DE COLUNA LOMBO-SACRA;3100000;GRUPO - RESSONANCIA MAGNETICA;0207010048;RESSONANCIA MAGNETICA DE COLUNA LOMBO-SACRA;MADALENA SIQUEIRA;1962-09-27;SERVINA FELIZARDA SIQUEIRA;705609456916618;29835828172;FEMININO;663098410;4;300;57;6750;1;M545;DOR LOMBAR BAIXA 
2026-06-23 19:59:58;500769;SAO GABRIEL DO OESTE;6354265;CENTRAL DE REGULACAO DE SAO GABRIEL DO OESTE;500769;SAO GABRIEL DO OESTE;1;1;2026-04-21 14:18:40;3100000;RESSONANCIA MAGNETICA DE COLUNA LOMBO-SACRA;3100000;GRUPO - RESSONANCIA MAGNETICA;0207010048;RESSONANCIA MAGNETICA DE COLUNA LOMBO-SACRA;MARGARIDA DA SILVA FERREIRA;1963-05-26;MARIA BELCHIOR DA SILVA;705802499878833;34859330153;FEMININO;663098319;4;297;57;6683;1;M54;DORSALGIA
2026-06-23 19:59:58;500769;SAO GABRIEL DO OESTE;6354265;CENTRAL DE REGULACAO DE SAO GABRIEL DO OESTE;500769;SAO GABRIEL DO OESTE;1;1;2026-04-21 14:12:26;3100000;RESSONANCIA MAGNETICA DE COLUNA LOMBO-SACRA;3100000;GRUPO - RESSONANCIA MAGNETICA;0207010048;RESSONANCIA MAGNETICA DE COLUNA LOMBO-SACRA;LUCILENE LEITE BARBOSA;1974-10-15;NELY LEITE BARBOSA;702005345464082;01907073132;FEMININO;663098178;4;294;57;6615;1;M545;DOR LOMBAR BAIXA 
2026-06-23 19:59:58;500769;SAO GABRIEL DO OESTE;6354265;CENTRAL DE REGULACAO DE SAO GABRIEL DO OESTE;500769;SAO GABRIEL DO OESTE;1;1;2026-04-21 14:11:40;3100000;RESSONANCIA MAGNETICA DE COLUNA LOMBO-SACRA;3100000;GRUPO - RESSONANCIA MAGNETICA;0207010048;RESSONANCIA MAGNETICA DE COLUNA LOMBO-SACRA;ROSELI FERNANDES;1969-08-31;MARIA EDNA FERNANDES;708703111377893;60917288149;FEMININO;663098155;4;293;57;6593;1;M545;DOR LOMBAR BAIXA 
2026-06-23 19:59:58;500769;SAO GABRIEL DO OESTE;6354265;CENTRAL DE REGULACAO DE SAO GABRIEL DO OESTE;500769;SAO GABRIEL DO OESTE;1;1;2026-04-22 15:09:32;3100000;RESSONANCIA MAGNETICA DE COLUNA LOMBO-SACRA;3100000;GRUPO - RESSONANCIA MAGNETICA;0207010048;RESSONANCIA MAGNETICA DE COLUNA LOMBO-SACRA;SUELI SANTOS DA SILVA;1973-04-25;MARIA HELENA SANTOS DA SILVA;703406260071618;89459385168;FEMININO;663332241;4;384;57;8640;1;M545;DOR LOMBAR BAIXA 
2026-06-23 19:59:58;500769;SAO GABRIEL DO OESTE;6354265;CENTRAL DE REGULACAO DE SAO GABRIEL DO OESTE;500769;SAO GABRIEL DO OESTE;1;1;2026-04-22 14:27:08;3100000;RESSONANCIA MAGNETICA DE COLUNA LOMBO-SACRA;3100000;GRUPO - RESSONANCIA MAGNETICA;0207010048;RESSONANCIA MAGNETICA DE COLUNA LOMBO-SACRA;IDEMI TEREZINHA CAREGNATO CRUVINEL;1944-11-25;CONCEICAO CURCIO CAREGNATO;708703106720895;00350275920;FEMININO;663309433;4;378;57;8505;1;M80;OSTEOPOROSE COM FRATURA PATOLOGICA
2026-06-23 19:59:58;500769;SAO GABRIEL DO OESTE;6354265;CENTRAL DE REGULACAO DE SAO GABRIEL DO OESTE;500769;SAO GABRIEL DO OESTE;1;1;2026-04-22 14:24:30;3100000;RESSONANCIA MAGNETICA DE COLUNA LOMBO-SACRA;3100000;GRUPO - RESSONANCIA MAGNETICA;0207010048;RESSONANCIA MAGNETICA DE COLUNA LOMBO-SACRA;DALVACI ALVES DE OLIVEIRA;1966-10-01;MARIA DAS NEVES ALVES DE OLIVEIRA;702906553937470;76160700430;FEMININO;663308064;4;377;57;8483;1;M549;DORSALGIA NAO ESPECIFICADA 
2026-06-23 19:59:58;500769;SAO GABRIEL DO OESTE;6354265;CENTRAL DE REGULACAO DE SAO GABRIEL DO OESTE;500769;SAO GABRIEL DO OESTE;1;1;2026-04-22 14:23:29;3100000;RESSONANCIA MAGNETICA DE COLUNA LOMBO-SACRA;3100000;GRUPO - RESSONANCIA MAGNETICA;0207010048;RESSONANCIA MAGNETICA DE COLUNA LOMBO-SACRA;ITA DA SILVA POLICARPO;1972-02-16;ONORIA OLIVEIRA DA SILVA;700003429651306;57275602172;FEMININO;663307530;4;376;57;8460;1;M545;DOR LOMBAR BAIXA 
2026-06-23 19:59:58;500769;SAO GABRIEL DO OESTE;6354265;CENTRAL DE REGULACAO DE SAO GABRIEL DO OESTE;500769;SAO GABRIEL DO OESTE;1;1;2026-04-22 14:03:05;3100000;RESSONANCIA MAGNETICA DE COLUNA LOMBO-SACRA;3100000;GRUPO - RESSONANCIA MAGNETICA;0207010048;RESSONANCIA MAGNETICA DE COLUNA LOMBO-SACRA;IVANE MARIA KUFFEL DE FLESCH;1988-12-26;SALETE LUCIA WUITSCHICK;703001819409073;70688778186;FEMININO;663297728;4;373;57;8393;1;M545;DOR LOMBAR BAIXA 
2026-06-23 19:59:58;500769;SAO GABRIEL DO OESTE;6354265;CENTRAL DE REGULACAO DE SAO GABRIEL DO OESTE;500769;SAO GABRIEL DO OESTE;1;1;2026-04-21 16:00:28;3100000;RESSONANCIA MAGNETICA DE COLUNA LOMBO-SACRA;3100000;GRUPO - RESSONANCIA MAGNETICA;0207010048;RESSONANCIA MAGNETICA DE COLUNA LOMBO-SACRA;JOYCE GONCALVES DE ALMEIDA;1989-03-16;SORAYA GONCALVES;702805660639368;02550503139;FEMININO;663100363;4;372;57;8370;1;M542;CERVICALGIA 
2026-06-23 19:59:58;500769;SAO GABRIEL DO OESTE;6354265;CENTRAL DE REGULACAO DE SAO GABRIEL DO OESTE;500769;SAO GABRIEL DO OESTE;1;1;2026-04-21 15:58:45;3100000;RESSONANCIA MAGNETICA DE COLUNA LOMBO-SACRA;3100000;GRUPO - RESSONANCIA MAGNETICA;0207010048;RESSONANCIA MAGNETICA DE COLUNA LOMBO-SACRA;JOAO BATISTA SOBRINHO;1962-07-18;LEOCARDINA MARIA DE JESUS;700804407432788;30592283100;MASCULINO;663100331;4;370;57;8325;1;M545;DOR LOMBAR BAIXA 
2026-06-23 19:59:58;500769;SAO GABRIEL DO OESTE;6354265;CENTRAL DE REGULACAO DE SAO GABRIEL DO OESTE;500769;SAO GABRIEL DO OESTE;1;1;2026-04-21 15:54:55;3100000;RESSONANCIA MAGNETICA DE COLUNA LOMBO-SACRA;3100000;GRUPO - RESSONANCIA MAGNETICA;0207010048;RESSONANCIA MAGNETICA DE COLUNA LOMBO-SACRA;JOAQUIM FERREIRA DA SILVA;1965-10-28;MARIA DOS SANTOS FERREIRA;707106376170820;50179071149;MASCULINO;663100264;4;367;57;8258;1;M543;CIATICA 
2026-06-23 19:59:58;500769;SAO GABRIEL DO OESTE;6354265;CENTRAL DE REGULACAO DE SAO GABRIEL DO OESTE;500769;SAO GABRIEL DO OESTE;1;1;2026-04-21 15:51:37;3100000;RESSONANCIA MAGNETICA DE COLUNA LOMBO-SACRA;3100000;GRUPO - RESSONANCIA MAGNETICA;0207010048;RESSONANCIA MAGNETICA DE COLUNA LOMBO-SACRA;SUELI LOUVEIRA DA SILVA;1971-06-01;EVA LOUVEIRA;702907538785976;00378790145;FEMININO;663100204;4;365;57;8213;1;M545;DOR LOMBAR BAIXA 
2026-06-23 19:59:58;500769;SAO GABRIEL DO OESTE;6354265;CENTRAL DE REGULACAO DE SAO GABRIEL DO OESTE;500769;SAO GABRIEL DO OESTE;1;1;2026-04-21 15:50:23;3100000;RESSONANCIA MAGNETICA DE COLUNA LOMBO-SACRA;3100000;GRUPO - RESSONANCIA MAGNETICA;0207010048;RESSONANCIA MAGNETICA DE COLUNA LOMBO-SACRA;JOSE ALVES MARTOS;1954-10-12;MATHILDE MARTOS PEREIRA;700006759403309;70464464820;MASCULINO;663100182;4;364;57;8190;1;M431;ESPONDILOLISTESE 
2026-06-23 19:59:58;500769;SAO GABRIEL DO OESTE;6354265;CENTRAL DE REGULACAO DE SAO GABRIEL DO OESTE;500769;SAO GABRIEL DO OESTE;1;1;2026-04-21 15:48:05;3100000;RESSONANCIA MAGNETICA DE COLUNA LOMBO-SACRA;3100000;GRUPO - RESSONANCIA MAGNETICA;0207010048;RESSONANCIA MAGNETICA DE COLUNA LOMBO-SACRA;SEBASTIANA VIEIRA MOURA;1967-07-13;EMILIA VIEIRA MOURA;703609050972431;44687370187;FEMININO;663100137;4;363;57;8168;1;M545;DOR LOMBAR BAIXA 
2026-06-23 19:59:58;500769;SAO GABRIEL DO OESTE;6354265;CENTRAL DE REGULACAO DE SAO GABRIEL DO OESTE;500769;SAO GABRIEL DO OESTE;1;1;2026-04-21 15:44:50;3100000;RESSONANCIA MAGNETICA DE COLUNA LOMBO-SACRA;3100000;GRUPO - RESSONANCIA MAGNETICA;0207010048;RESSONANCIA MAGNETICA DE COLUNA LOMBO-SACRA;SIMONE PEREIRA DE ARAUJO;1986-10-11;MARIA PEREIRA DE SOUZA ARAUJO;708102585950238;02092470108;FEMININO;663100077;4;362;57;8145;1;M511;TRANSTORNOS DE DISCOS LOMBARES E DE OUTROS DISCOS INTERVERTEBRAIS COM RADICULOPATIA 
2026-06-23 19:59:58;500769;SAO GABRIEL DO OESTE;6354265;CENTRAL DE REGULACAO DE SAO GABRIEL DO OESTE;500769;SAO GABRIEL DO OESTE;1;1;2026-04-21 15:43:05;3100000;RESSONANCIA MAGNETICA DE COLUNA LOMBO-SACRA;3100000;GRUPO - RESSONANCIA MAGNETICA;0207010048;RESSONANCIA MAGNETICA DE COLUNA LOMBO-SACRA;JOAO MARCOS FERREIRA PEREIRA;1996-07-03;MARIA APARECIDA FERREIRA;707004868045336;06562359180;MASCULINO;663100033;4;361;57;8123;1;M54;DORSALGIA
2026-06-23 19:59:58;500769;SAO GABRIEL DO OESTE;6354265;CENTRAL DE REGULACAO DE SAO GABRIEL DO OESTE;500769;SAO GABRIEL DO OESTE;1;1;2026-04-21 15:42:46;3100000;RESSONANCIA MAGNETICA DE COLUNA LOMBO-SACRA;3100000;GRUPO - RESSONANCIA MAGNETICA;0207010048;RESSONANCIA MAGNETICA DE COLUNA LOMBO-SACRA;SOLANGE PASQUALI GUEDIN;1968-02-27;SANTINA IDALINA SASSO PASQUALI;708400706596362;44690088187;FEMININO;663100031;4;360;57;8100;1;M545;DOR LOMBAR BAIXA 
2026-06-23 19:59:58;500769;SAO GABRIEL DO OESTE;6354265;CENTRAL DE REGULACAO DE SAO GABRIEL DO OESTE;500769;SAO GABRIEL DO OESTE;1;1;2026-04-21 15:36:23;3100000;RESSONANCIA MAGNETICA DE COLUNA LOMBO-SACRA;3100000;GRUPO - RESSONANCIA MAGNETICA;0207010048;RESSONANCIA MAGNETICA DE COLUNA LOMBO-SACRA;MARIZA ELAINE DA SILVA XERES;1976-04-04;JURACI DA SILVA CHERES;706101570247660;78708079153;FEMININO;663099922;4;355;57;7988;1;M511;TRANSTORNOS DE DISCOS LOMBARES E DE OUTROS DISCOS INTERVERTEBRAIS COM RADICULOPATIA 
2026-06-23 19:59:58;500769;SAO GABRIEL DO OESTE;6354265;CENTRAL DE REGULACAO DE SAO GABRIEL DO OESTE;500769;SAO GABRIEL DO OESTE;1;1;2026-04-21 15:31:23;3100000;RESSONANCIA MAGNETICA DE COLUNA LOMBO-SACRA;3100000;GRUPO - RESSONANCIA MAGNETICA;0207010048;RESSONANCIA MAGNETICA DE COLUNA LOMBO-SACRA;JUSSARA APARECIDA PROENCA;1978-08-26;MARIA DOS SANTOS PROENCA;706402621918484;91138159115;FEMININO;663099828;4;353;57;7943;1;M544;LUMBAGO COM CIATICA 
2026-06-23 19:59:58;500769;SAO GABRIEL DO OESTE;6354265;CENTRAL DE REGULACAO DE SAO GABRIEL DO OESTE;500769;SAO GABRIEL DO OESTE;1;1;2026-04-21 15:29:11;3100000;RESSONANCIA MAGNETICA DE COLUNA LOMBO-SACRA;3100000;GRUPO - RESSONANCIA MAGNETICA;0207010048;RESSONANCIA MAGNETICA DE COLUNA LOMBO-SACRA;SILVANA DINIZ DOS SANTOS CARDOSO;1982-06-03;TEREZINHA DE JESUS DOS SANTOS;702400554221427;30948189860;FEMININO;663099789;4;352;57;7920;1;R102;DOR PELVICA E PERINEAL 
2026-06-23 19:59:58;500769;SAO GABRIEL DO OESTE;6354265;CENTRAL DE REGULACAO DE SAO GABRIEL DO OESTE;500769;SAO GABRIEL DO OESTE;1;1;2026-04-21 15:21:26;3100000;RESSONANCIA MAGNETICA DE COLUNA LOMBO-SACRA;3100000;GRUPO - RESSONANCIA MAGNETICA;0207010048;RESSONANCIA MAGNETICA DE COLUNA LOMBO-SACRA;SUELI PEREIRA DOS SANTOS;1965-09-11;JENI ALVES DOS SANTOS;705003220857952;54229065191;FEMININO;663099636;4;346;57;7785;1;M545;DOR LOMBAR BAIXA 
2026-06-23 19:59:58;500769;SAO GABRIEL DO OESTE;6354265;CENTRAL DE REGULACAO DE SAO GABRIEL DO OESTE;500769;SAO GABRIEL DO OESTE;1;1;2026-04-21 15:17:10;3100000;RESSONANCIA MAGNETICA DE COLUNA LOMBO-SACRA;3100000;GRUPO - RESSONANCIA MAGNETICA;0207010048;RESSONANCIA MAGNETICA DE COLUNA LOMBO-SACRA;MARIA JOSE RODRIGUES DO PRADO OLIVEIRA;1975-10-03;MARIA DIAS;700802944505790;91039363172;FEMININO;663099541;4;341;57;7673;1;M545;DOR LOMBAR BAIXA 
2026-06-23 19:59:58;500769;SAO GABRIEL DO OESTE;6354265;CENTRAL DE REGULACAO DE SAO GABRIEL DO OESTE;500769;SAO GABRIEL DO OESTE;1;1;2026-06-11 08:55:54;3100000;RESSONANCIA MAGNETICA DE COLUNA TORACICA;3100000;GRUPO - RESSONANCIA MAGNETICA;0207010056;RESSONANCIA MAGNETICA DE COLUNA TORACICA;MARLY RIBOLIS GOMES;1977-07-04;HORLANDA RIBOLIS GOMES;700305901340037;91315808153;FEMININO;672778210;4;520;39;46800;0;G360;NEUROMIELITE OPTICA [DOENCA DE DEVIC] 
2026-06-23 19:59:58;500769;SAO GABRIEL DO OESTE;7002084;UNIDADE DE SAUDE DA FAMILIA IX;500769;SAO GABRIEL DO OESTE;1;1;2026-05-14 16:55:33;3100000;RESSONANCIA MAGNETICA DE CRANIO;3100000;GRUPO - RESSONANCIA MAGNETICA;0207010064;RESSONANCIA MAGNETICA DE CRANIO;FAUSTINO JOSE DE LIMA NETO;1986-09-30;ERNESTINA JOAQUINA NETA;704001800577866;07519960412;MASCULINO;667718094;4;429;31;19305;1;R51;CEFALEIA 
2026-06-23 19:59:58;500769;SAO GABRIEL DO OESTE;6354265;CENTRAL DE REGULACAO DE SAO GABRIEL DO OESTE;500769;SAO GABRIEL DO OESTE;1;1;2026-04-28 17:24:02;3100000;RESSONANCIA MAGNETICA DE CRANIO;3100000;GRUPO - RESSONANCIA MAGNETICA;0207010064;RESSONANCIA MAGNETICA DE CRANIO;LEONARDO VICENTE LUGO ESTEVEZ;1990-03-16;MARIA ENCARNACION ESTEVEZ GONZALEZ;705207416484379;05129281934;MASCULINO;664567249;4;400;31;18000;1;F20;ESQUIZOFRENIA
2026-06-23 19:59:58;500769;SAO GABRIEL DO OESTE;2370999;UNIDADE DE SAUDE DA FAMILIA FENIX IV;500769;SAO GABRIEL DO OESTE;1;1;2026-05-26 14:42:05;3100000;RESSONANCIA MAGNETICA DE CRANIO;3100000;GRUPO - RESSONANCIA MAGNETICA;0207010064;RESSONANCIA MAGNETICA DE CRANIO;MARCELA DE CARVALHO SILVA;1991-08-01;VALDECI MARIA DE CARVALHO SILVA;707306026155170;05681503500;FEMININO;669894180;4;455;31;20475;1;G43;ENXAQUECA
2026-06-23 19:59:58;500769;SAO GABRIEL DO OESTE;6354265;CENTRAL DE REGULACAO DE SAO GABRIEL DO OESTE;500769;SAO GABRIEL DO OESTE;1;1;2026-05-25 14:56:34;3100000;RESSONANCIA MAGNETICA DE CRANIO;3100000;GRUPO - RESSONANCIA MAGNETICA;0207010064;RESSONANCIA MAGNETICA DE CRANIO;ANA JULIA CASALI DA SILVA;2013-01-25;AGOSTINELLI CASALI TREUHERZ;706306185866480;06697183195;FEMININO;669604073;4;450;31;20250;1;R51;CEFALEIA 
2026-06-23 19:59:58;500769;SAO GABRIEL DO OESTE;6354265;CENTRAL DE REGULACAO DE SAO GABRIEL DO OESTE;500769;SAO GABRIEL DO OESTE;1;1;2026-06-12 08:58:05;3100000;RESSONANCIA MAGNETICA DE CRANIO;3100000;GRUPO - RESSONANCIA MAGNETICA;0207010064;RESSONANCIA MAGNETICA DE CRANIO;CREUSA MARTINS DA SILVA;1956-02-14;GABRIELA MARTINS;700105939176015;91429382104;FEMININO;673049895;4;525;31;23625;1;F001;DEMENCIA NA DOENCA DE ALZHEIMER DE INICIO TARDIO (G30.1+) 
2026-06-23 19:59:58;500769;SAO GABRIEL DO OESTE;6354265;CENTRAL DE REGULACAO DE SAO GABRIEL DO OESTE;500769;SAO GABRIEL DO OESTE;1;1;2026-06-11 08:54:31;3100000;RESSONANCIA MAGNETICA DE CRANIO;3100000;GRUPO - RESSONANCIA MAGNETICA;0207010064;RESSONANCIA MAGNETICA DE CRANIO;MARLY RIBOLIS GOMES;1977-07-04;HORLANDA RIBOLIS GOMES;700305901340037;91315808153;FEMININO;672777440;4;519;31;23355;1;G360;NEUROMIELITE OPTICA [DOENCA DE DEVIC] 
2026-06-23 19:59:58;500769;SAO GABRIEL DO OESTE;6354265;CENTRAL DE REGULACAO DE SAO GABRIEL DO OESTE;500769;SAO GABRIEL DO OESTE;1;1;2026-06-09 10:29:39;3100000;RESSONANCIA MAGNETICA DE CRANIO;3100000;GRUPO - RESSONANCIA MAGNETICA;0207010064;RESSONANCIA MAGNETICA DE CRANIO;JOAO CAMARGO CARDOSO JUNIOR;1982-07-08;MARIA MARCOLINA PEREIRA;708605009598080;90776038168;MASCULINO;672259903;4;509;31;22905;1;F001;DEMENCIA NA DOENCA DE ALZHEIMER DE INICIO TARDIO (G30.1+) 
2026-06-23 19:59:58;500769;SAO GABRIEL DO OESTE;6354265;CENTRAL DE REGULACAO DE SAO GABRIEL DO OESTE;500769;SAO GABRIEL DO OESTE;1;1;2026-06-09 10:21:42;3100000;RESSONANCIA MAGNETICA DE CRANIO;3100000;GRUPO - RESSONANCIA MAGNETICA;0207010064;RESSONANCIA MAGNETICA DE CRANIO;SILVANA DINIZ DOS SANTOS CARDOSO;1982-06-03;TEREZINHA DE JESUS DOS SANTOS;702400554221427;30948189860;FEMININO;672254873;4;508;31;22860;1;R418;OUTROS SINTOMAS E SINAIS ESPECIFICADOS RELATIVOS AS FUNCOES COGNITIVAS E A CONSCIENCIA 
2026-06-23 19:59:58;500769;SAO GABRIEL DO OESTE;6354265;CENTRAL DE REGULACAO DE SAO GABRIEL DO OESTE;500769;SAO GABRIEL DO OESTE;1;1;2026-06-08 14:34:25;3100000;RESSONANCIA MAGNETICA DE CRANIO;3100000;GRUPO - RESSONANCIA MAGNETICA;0207010064;RESSONANCIA MAGNETICA DE CRANIO;AGDA DA CRUZ JARA;1983-11-30;FATIMA APARECIDA DA CRUZ OZORIO;701807229084178;01661642160;FEMININO;672069658;4;506;31;22770;1;G403;EPILEPSIA E SINDROMES EPILEPTICAS GENERALIZADAS IDIOPATICAS 
2026-06-23 19:59:58;500769;SAO GABRIEL DO OESTE;6354265;CENTRAL DE REGULACAO DE SAO GABRIEL DO OESTE;500769;SAO GABRIEL DO OESTE;1;1;2026-06-23 09:55:19;3100000;RESSONANCIA MAGNETICA DE CRANIO;3100000;GRUPO - RESSONANCIA MAGNETICA;0207010064;RESSONANCIA MAGNETICA DE CRANIO;OLIVETE SPIGOLON DALCHIAVON;1978-07-14;TERESINHA MARIA SPIGOLON;700005323960501;65399064120;FEMININO;674965248;4;543;31;24435;1;R51;CEFALEIA 
2026-06-23 19:59:58;500769;SAO GABRIEL DO OESTE;6354265;CENTRAL DE REGULACAO DE SAO GABRIEL DO OESTE;500769;SAO GABRIEL DO OESTE;1;1;2026-04-08 17:08:51;3100000;RESSONANCIA MAGNETICA DE OMBRO ESQUERDO;3100000;GRUPO - RESSONANCIA MAGNETICA;0207020027;RESSONANCIA MAGNETICA DE MEMBRO SUPERIOR (UNILATERAL);ADENOR PINHEIRO VALADARES;1959-12-27;ERONDINA PINHEIRO VALADARES;700206493327825;28544668100;MASCULINO;660982927;4;24;31;360;2;M751;SINDROME DO MANGUITO ROTADOR 
2026-06-23 19:59:58;500769;SAO GABRIEL DO OESTE;6354265;CENTRAL DE REGULACAO DE SAO GABRIEL DO OESTE;500769;SAO GABRIEL DO OESTE;1;1;2026-04-09 17:38:01;3100000;RESSONANCIA MAGNETICA DE OMBRO ESQUERDO;3100000;GRUPO - RESSONANCIA MAGNETICA;0207020027;RESSONANCIA MAGNETICA DE MEMBRO SUPERIOR (UNILATERAL);THEREZINHA GUILHERMINA DE MATTOS CASTRO;1957-10-15;LEONOR GUILHERMINA DE MATTOS;705100849830340;20061684104;FEMININO;661262363;3;6;31;90;2;M751;SINDROME DO MANGUITO ROTADOR 
2026-06-23 19:59:58;500769;SAO GABRIEL DO OESTE;6354265;CENTRAL DE REGULACAO DE SAO GABRIEL DO OESTE;500769;SAO GABRIEL DO OESTE;1;1;2026-04-16 09:14:35;3100000;RESSONANCIA MAGNETICA DE OMBRO ESQUERDO;3100000;GRUPO - RESSONANCIA MAGNETICA;0207020027;RESSONANCIA MAGNETICA DE MEMBRO SUPERIOR (UNILATERAL);AFONSO APARECIDO CALVES LOPES;1961-02-06;RAMONA CALVES DE CASTRO;702403063913526;33821674172;MASCULINO;662472548;4;87;31;1305;2;M751;SINDROME DO MANGUITO ROTADOR 
2026-06-23 19:59:58;500769;SAO GABRIEL DO OESTE;6354265;CENTRAL DE REGULACAO DE SAO GABRIEL DO OESTE;500769;SAO GABRIEL DO OESTE;1;1;2026-04-10 16:22:05;3100000;RESSONANCIA MAGNETICA DE OMBRO ESQUERDO;3100000;GRUPO - RESSONANCIA MAGNETICA;0207020027;RESSONANCIA MAGNETICA DE MEMBRO SUPERIOR (UNILATERAL);MARCO ANTONIO PEDROSO;1973-06-12;DEOLINDA PEDROSO;706800758867820;44687893104;MASCULINO;661493345;4;50;31;750;2;M751;SINDROME DO MANGUITO ROTADOR 
2026-06-23 19:59:58;500769;SAO GABRIEL DO OESTE;6354265;CENTRAL DE REGULACAO DE SAO GABRIEL DO OESTE;500769;SAO GABRIEL DO OESTE;1;1;2026-04-16 15:35:01;3100000;RESSONANCIA MAGNETICA DE OMBRO ESQUERDO;3100000;GRUPO - RESSONANCIA MAGNETICA;0207020027;RESSONANCIA MAGNETICA DE MEMBRO SUPERIOR (UNILATERAL);ELZIR MEURER;1963-06-21;ITALVINA NERVIS MEURER;707603239662198;49203479953;MASCULINO;662652994;4;116;31;1740;2;M751;SINDROME DO MANGUITO ROTADOR 
2026-06-23 19:59:58;500769;SAO GABRIEL DO OESTE;6354265;CENTRAL DE REGULACAO DE SAO GABRIEL DO OESTE;500769;SAO GABRIEL DO OESTE;1;1;2026-04-16 11:54:22;3100000;RESSONANCIA MAGNETICA DE OMBRO ESQUERDO;3100000;GRUPO - RESSONANCIA MAGNETICA;0207020027;RESSONANCIA MAGNETICA DE MEMBRO SUPERIOR (UNILATERAL);BENEDITO DIAS;1965-08-24;MARIA DIAS DE JESUS;709009851312817;44705719115;MASCULINO;662568338;4;112;31;1680;2;S460;TRAUMATISMO DO TENDAO DO MANGUITO ROTADOR DO OMBRO 
2026-06-23 19:59:58;500769;SAO GABRIEL DO OESTE;6354265;CENTRAL DE REGULACAO DE SAO GABRIEL DO OESTE;500769;SAO GABRIEL DO OESTE;1;1;2026-04-21 12:20:55;3100000;RESSONANCIA MAGNETICA DE OMBRO ESQUERDO;3100000;GRUPO - RESSONANCIA MAGNETICA;0207020027;RESSONANCIA MAGNETICA DE MEMBRO SUPERIOR (UNILATERAL);LUCAS NERY DE OLIVEIRA;1996-04-26;MARIA JOSELINA NERY DE OLIVEIRA;709609676369171;06022816106;MASCULINO;663096492;4;216;31;3240;2;S400;CONTUSAO DO OMBRO E DO BRACO 
2026-06-23 19:59:58;500769;SAO GABRIEL DO OESTE;6354265;CENTRAL DE REGULACAO DE SAO GABRIEL DO OESTE;500769;SAO GABRIEL DO OESTE;1;1;2026-04-21 12:10:04;3100000;RESSONANCIA MAGNETICA DE OMBRO ESQUERDO;3100000;GRUPO - RESSONANCIA MAGNETICA;0207020027;RESSONANCIA MAGNETICA DE MEMBRO SUPERIOR (UNILATERAL);MARLUCE PESSOA;1955-04-30;RITA MARIA DA CONCEICAO;702504343669234;56279418120;FEMININO;663096333;4;212;31;3180;2;M751;SINDROME DO MANGUITO ROTADOR 
2026-06-23 19:59:58;500769;SAO GABRIEL DO OESTE;6354265;CENTRAL DE REGULACAO DE SAO GABRIEL DO OESTE;500769;SAO GABRIEL DO OESTE;1;1;2026-04-21 11:46:59;3100000;RESSONANCIA MAGNETICA DE OMBRO ESQUERDO;3100000;GRUPO - RESSONANCIA MAGNETICA;0207020027;RESSONANCIA MAGNETICA DE MEMBRO SUPERIOR (UNILATERAL);KELVYN RIBEIRO DA SILVA;1997-05-23;MARILIA JUREMA RIBEIRO DA SILVA;700407416350841;05553239192;MASCULINO;663095972;4;201;31;3015;2;S430;LUXACAO DA ARTICULACAO DO OMBRO 
2026-06-23 19:59:58;500769;SAO GABRIEL DO OESTE;6354265;CENTRAL DE REGULACAO DE SAO GABRIEL DO OESTE;500769;SAO GABRIEL DO OESTE;1;1;2026-04-21 11:43:33;3100000;RESSONANCIA MAGNETICA DE OMBRO ESQUERDO;3100000;GRUPO - RESSONANCIA MAGNETICA;0207020027;RESSONANCIA MAGNETICA DE MEMBRO SUPERIOR (UNILATERAL);MARCIANA DE JESUS SILVA;1982-12-31;MARIA APARECIDA DE JESUS;700000918634509;00856216178;FEMININO;663095903;4;199;31;2985;2;M751;SINDROME DO MANGUITO ROTADOR 
2026-06-23 19:59:58;500769;SAO GABRIEL DO OESTE;6354265;CENTRAL DE REGULACAO DE SAO GABRIEL DO OESTE;500769;SAO GABRIEL DO OESTE;1;1;2026-04-21 13:54:10;3100000;RESSONANCIA MAGNETICA DE OMBRO ESQUERDO;3100000;GRUPO - RESSONANCIA MAGNETICA;0207020027;RESSONANCIA MAGNETICA DE MEMBRO SUPERIOR (UNILATERAL);PEDRO FERREIRA DE SOUZA;1999-01-27;VILMA ESPINDOLA DE SOUZA;706207000735165;07765674110;MASCULINO;663097785;4;277;31;4155;2;S434;ENTORSE E DISTENSAO DE ARTICULACAO DO OMBRO 
2026-06-23 19:59:58;500769;SAO GABRIEL DO OESTE;6354265;CENTRAL DE REGULACAO DE SAO GABRIEL DO OESTE;500769;SAO GABRIEL DO OESTE;1;1;2026-04-21 13:42:15;3100000;RESSONANCIA MAGNETICA DE OMBRO ESQUERDO;3100000;GRUPO - RESSONANCIA MAGNETICA;0207020027;RESSONANCIA MAGNETICA DE MEMBRO SUPERIOR (UNILATERAL);LUZIA IDETE COSTA VALLOVERA TOME;1972-08-26;LAUDELINA COSTA VALLOVERA;708109623435540;00683297171;FEMININO;663097583;4;273;31;4095;2;M751;SINDROME DO MANGUITO ROTADOR 
2026-06-23 19:59:58;500769;SAO GABRIEL DO OESTE;6354265;CENTRAL DE REGULACAO DE SAO GABRIEL DO OESTE;500769;SAO GABRIEL DO OESTE;1;1;2026-04-21 13:12:40;3100000;RESSONANCIA MAGNETICA DE OMBRO ESQUERDO;3100000;GRUPO - RESSONANCIA MAGNETICA;0207020027;RESSONANCIA MAGNETICA DE MEMBRO SUPERIOR (UNILATERAL);LEONICE TOMAZONI LEAO;1965-11-09;IRACEMA RECH TOMAZONI;708207136687541;90144589168;FEMININO;663097165;4;255;31;3825;2;M751;SINDROME DO MANGUITO ROTADOR 
2026-06-23 19:59:58;500769;SAO GABRIEL DO OESTE;6354265;CENTRAL DE REGULACAO DE SAO GABRIEL DO OESTE;500769;SAO GABRIEL DO OESTE;1;1;2026-04-21 14:56:29;3100000;RESSONANCIA MAGNETICA DE OMBRO ESQUERDO;3100000;GRUPO - RESSONANCIA MAGNETICA;0207020027;RESSONANCIA MAGNETICA DE MEMBRO SUPERIOR (UNILATERAL);MARIA AUXILIADORA MORAIS VIEIRA;1961-09-09;RAIMUNDA MORAIS VIEIRA;704002820923965;26242044153;FEMININO;663099071;4;327;31;4905;2;M751;SINDROME DO MANGUITO ROTADOR 
2026-06-23 19:59:58;500769;SAO GABRIEL DO OESTE;6354265;CENTRAL DE REGULACAO DE SAO GABRIEL DO OESTE;500769;SAO GABRIEL DO OESTE;1;1;2026-04-21 14:51:50;3100000;RESSONANCIA MAGNETICA DE OMBRO ESQUERDO;3100000;GRUPO - RESSONANCIA MAGNETICA;0207020027;RESSONANCIA MAGNETICA DE MEMBRO SUPERIOR (UNILATERAL);WELLINGTON RODRIGUES TORALES;1990-11-21;LIACI RODRIGUES TORALES;702601295102043;04472257157;MASCULINO;663098960;4;323;31;4845;2;S460;TRAUMATISMO DO TENDAO DO MANGUITO ROTADOR DO OMBRO 
2026-06-23 19:59:58;500769;SAO GABRIEL DO OESTE;6354265;CENTRAL DE REGULACAO DE SAO GABRIEL DO OESTE;500769;SAO GABRIEL DO OESTE;1;1;2026-04-21 15:40:50;3100000;RESSONANCIA MAGNETICA DE OMBRO ESQUERDO;3100000;GRUPO - RESSONANCIA MAGNETICA;0207020027;RESSONANCIA MAGNETICA DE MEMBRO SUPERIOR (UNILATERAL);JOAQUIM GIACOMINI;1958-12-18;WLADISLAVA GIACOMINI;700109907821113;33504580925;MASCULINO;663099996;4;359;31;5385;2;M751;SINDROME DO MANGUITO ROTADOR 
2026-06-23 19:59:58;500769;SAO GABRIEL DO OESTE;6354265;CENTRAL DE REGULACAO DE SAO GABRIEL DO OESTE;500769;SAO GABRIEL DO OESTE;1;1;2026-04-21 15:39:05;3100000;RESSONANCIA MAGNETICA DE OMBRO ESQUERDO;3100000;GRUPO - RESSONANCIA MAGNETICA;0207020027;RESSONANCIA MAGNETICA DE MEMBRO SUPERIOR (UNILATERAL);MARTA APARECIDA SANTOS CANDIDO;1967-06-24;ALZIRA SANTOS CANDIDO;700507305140457;44690673187;FEMININO;663099968;4;357;31;5355;2;M751;SINDROME DO MANGUITO ROTADOR 
2026-06-23 19:59:58;500769;SAO GABRIEL DO OESTE;6354265;CENTRAL DE REGULACAO DE SAO GABRIEL DO OESTE;500769;SAO GABRIEL DO OESTE;1;1;2026-04-22 17:44:56;3100000;RESSONANCIA MAGNETICA DE OMBRO ESQUERDO;3100000;GRUPO - RESSONANCIA MAGNETICA;0207020027;RESSONANCIA MAGNETICA DE MEMBRO SUPERIOR (UNILATERAL);VANIA LINO BATISTA;1972-01-22;MARIA APARECIDA LINO;704603660525121;83077910144;FEMININO;663391312;4;390;31;5850;2;M700;SINOVITE CREPITANTE CRONICA DA MAO E DO PUNHO 
2026-06-23 19:59:58;500769;SAO GABRIEL DO OESTE;6354265;CENTRAL DE REGULACAO DE SAO GABRIEL DO OESTE;500769;SAO GABRIEL DO OESTE;1;1;2026-05-28 10:58:26;3100000;RESSONANCIA MAGNETICA DE OMBRO ESQUERDO;3100000;GRUPO - RESSONANCIA MAGNETICA;0207020027;RESSONANCIA MAGNETICA DE MEMBRO SUPERIOR (UNILATERAL);JOSSEANE ARRUDA DE ALMEIDA;1986-12-23;ALBERTINA ARRUDA DOS SANTOS;705008237147257;01861495145;FEMININO;670390352;4;462;31;6930;2;M751;SINDROME DO MANGUITO ROTADOR 
2026-06-23 19:59:58;500769;SAO GABRIEL DO OESTE;6354265;CENTRAL DE REGULACAO DE SAO GABRIEL DO OESTE;500769;SAO GABRIEL DO OESTE;1;1;2026-06-03 11:07:04;3100000;RESSONANCIA MAGNETICA DE OMBRO ESQUERDO;3100000;GRUPO - RESSONANCIA MAGNETICA;0207020027;RESSONANCIA MAGNETICA DE MEMBRO SUPERIOR (UNILATERAL);SUELI DE APARECIDA DAVI;1975-08-23;DORILDES DAVI;705004680484255;01574824996;FEMININO;671569932;4;504;31;7560;2;M751;SINDROME DO MANGUITO ROTADOR 
2026-06-23 19:59:58;500769;SAO GABRIEL DO OESTE;6354265;CENTRAL DE REGULACAO DE SAO GABRIEL DO OESTE;500769;SAO GABRIEL DO OESTE;1;1;2026-04-08 17:53:09;3100000;RESSONANCIA MAGNETICA DE OMBRO DIREITO;3100000;GRUPO - RESSONANCIA MAGNETICA;0207020027;RESSONANCIA MAGNETICA DE MEMBRO SUPERIOR (UNILATERAL);ADRIANA RIBEIRO DA SILVA;1979-03-31;NAIR RIBEIRO DA SILVA;704003391847260;70952795191;FEMININO;660990414;4;26;27;213;4;M751;SINDROME DO MANGUITO ROTADOR 
2026-06-23 19:59:58;500769;SAO GABRIEL DO OESTE;6354265;CENTRAL DE REGULACAO DE SAO GABRIEL DO OESTE;500769;SAO GABRIEL DO OESTE;1;1;2026-04-16 09:31:40;3100000;RESSONANCIA MAGNETICA DE OMBRO DIREITO;3100000;GRUPO - RESSONANCIA MAGNETICA;0207020027;RESSONANCIA MAGNETICA DE MEMBRO SUPERIOR (UNILATERAL);ANTONIO DE OLIVEIRA;1966-09-20;MARIA LUZINETE DOS SANTOS;700104992071620;48959111104;MASCULINO;662483019;3;21;27;172;4;M751;SINDROME DO MANGUITO ROTADOR 
2026-06-23 19:59:58;500769;SAO GABRIEL DO OESTE;6354265;CENTRAL DE REGULACAO DE SAO GABRIEL DO OESTE;500769;SAO GABRIEL DO OESTE;1;1;2026-04-10 17:53:05;3100000;RESSONANCIA MAGNETICA DE OMBRO DIREITO;3100000;GRUPO - RESSONANCIA MAGNETICA;0207020027;RESSONANCIA MAGNETICA DE MEMBRO SUPERIOR (UNILATERAL);HERCILIA CRISPIM FERNANDES MACIEL;1959-11-26;MARIA CRISPIM FERNANDES;708001351054724;80927327104;FEMININO;661511771;3;15;27;123;4;M751;SINDROME DO MANGUITO ROTADOR 
2026-06-23 19:59:58;500769;SAO GABRIEL DO OESTE;6354265;CENTRAL DE REGULACAO DE SAO GABRIEL DO OESTE;500769;SAO GABRIEL DO OESTE;1;1;2026-04-10 16:09:05;3100000;RESSONANCIA MAGNETICA DE OMBRO DIREITO;3100000;GRUPO - RESSONANCIA MAGNETICA;0207020027;RESSONANCIA MAGNETICA DE MEMBRO SUPERIOR (UNILATERAL);MARIA DE LIMA;1960-12-15;CICERA DE LIMA;702907518879770;53388828415;FEMININO;661489179;3;11;27;90;4;S460;TRAUMATISMO DO TENDAO DO MANGUITO ROTADOR DO OMBRO 
2026-06-23 19:59:58;500769;SAO GABRIEL DO OESTE;6354265;CENTRAL DE REGULACAO DE SAO GABRIEL DO OESTE;500769;SAO GABRIEL DO OESTE;1;1;2026-04-10 16:05:35;3100000;RESSONANCIA MAGNETICA DE OMBRO DIREITO;3100000;GRUPO - RESSONANCIA MAGNETICA;0207020027;RESSONANCIA MAGNETICA DE MEMBRO SUPERIOR (UNILATERAL);MARIA JOSE RODRIGUES;1954-11-10;TERTOLINA MARIA DA CONCEICAO;704200245618886;38205335400;FEMININO;661488074;3;10;27;82;4;S460;TRAUMATISMO DO TENDAO DO MANGUITO ROTADOR DO OMBRO 
2026-06-23 19:59:58;500769;SAO GABRIEL DO OESTE;6354265;CENTRAL DE REGULACAO DE SAO GABRIEL DO OESTE;500769;SAO GABRIEL DO OESTE;1;1;2026-04-09 17:41:51;3100000;RESSONANCIA MAGNETICA DE OMBRO DIREITO;3100000;GRUPO - RESSONANCIA MAGNETICA;0207020027;RESSONANCIA MAGNETICA DE MEMBRO SUPERIOR (UNILATERAL);SERGIO DONIZETI GARBIN;1965-03-06;INES ROGOLIM GARBIM;700503712491859;40350274134;MASCULINO;661263005;3;7;27;57;4;M751;SINDROME DO MANGUITO ROTADOR 
2026-06-23 19:59:58;500769;SAO GABRIEL DO OESTE;6354265;CENTRAL DE REGULACAO DE SAO GABRIEL DO OESTE;500769;SAO GABRIEL DO OESTE;1;1;2026-04-16 09:14:35;3100000;RESSONANCIA MAGNETICA DE OMBRO DIREITO;3100000;GRUPO - RESSONANCIA MAGNETICA;0207020027;RESSONANCIA MAGNETICA DE MEMBRO SUPERIOR (UNILATERAL);AFONSO APARECIDO CALVES LOPES;1961-02-06;RAMONA CALVES DE CASTRO;702403063913526;33821674172;MASCULINO;662472548;4;87;27;712;4;M751;SINDROME DO MANGUITO ROTADOR 
2026-06-23 19:59:58;500769;SAO GABRIEL DO OESTE;6354265;CENTRAL DE REGULACAO DE SAO GABRIEL DO OESTE;500769;SAO GABRIEL DO OESTE;1;1;2026-04-16 09:06:01;3100000;RESSONANCIA MAGNETICA DE OMBRO DIREITO;3100000;GRUPO - RESSONANCIA MAGNETICA;0207020027;RESSONANCIA MAGNETICA DE MEMBRO SUPERIOR (UNILATERAL);ANA MARIA VAZ VIEIRA;1957-08-01;CARMEN VAZ DA ROSA;706004359876444;87417936172;FEMININO;662467499;4;86;27;704;4;M751;SINDROME DO MANGUITO ROTADOR 
2026-06-23 19:59:58;500769;SAO GABRIEL DO OESTE;6354265;CENTRAL DE REGULACAO DE SAO GABRIEL DO OESTE;500769;SAO GABRIEL DO OESTE;1;1;2026-04-16 08:44:02;3100000;RESSONANCIA MAGNETICA DE OMBRO DIREITO;3100000;GRUPO - RESSONANCIA MAGNETICA;0207020027;RESSONANCIA MAGNETICA DE MEMBRO SUPERIOR (UNILATERAL);ANGELICA SOUZA DA SILVA;1989-06-03;SEBASTIANA APARECIDA SOUZA DE ARRUDA SILVA;704102297994350;02924104173;FEMININO;662455619;4;83;27;679;4;M751;SINDROME DO MANGUITO ROTADOR 
2026-06-23 19:59:58;500769;SAO GABRIEL DO OESTE;6354265;CENTRAL DE REGULACAO DE SAO GABRIEL DO OESTE;500769;SAO GABRIEL DO OESTE;1;1;2026-04-15 17:19:33;3100000;RESSONANCIA MAGNETICA DE OMBRO DIREITO;3100000;GRUPO - RESSONANCIA MAGNETICA;0207020027;RESSONANCIA MAGNETICA DE MEMBRO SUPERIOR (UNILATERAL);GABRIELE DA ROCHA SEGAT;1990-10-24;NICE DA ROCHA SEGAT;700009458480501;07891277923;FEMININO;662408876;4;76;27;622;4;M751;SINDROME DO MANGUITO ROTADOR 
2026-06-23 19:59:58;500769;SAO GABRIEL DO OESTE;6354265;CENTRAL DE REGULACAO DE SAO GABRIEL DO OESTE;500769;SAO GABRIEL DO OESTE;1;1;2026-04-15 16:33:08;3100000;RESSONANCIA MAGNETICA DE OMBRO DIREITO;3100000;GRUPO - RESSONANCIA MAGNETICA;0207020027;RESSONANCIA MAGNETICA DE MEMBRO SUPERIOR (UNILATERAL);JANETE VALDECI DA SILVA MAIDANO;1966-06-15;MARINA OSANA DE JESUS;708204166783449;01654752185;FEMININO;662395955;4;68;27;556;4;M751;SINDROME DO MANGUITO ROTADOR 
2026-06-23 19:59:58;500769;SAO GABRIEL DO OESTE;6354265;CENTRAL DE REGULACAO DE SAO GABRIEL DO OESTE;500769;SAO GABRIEL DO OESTE;1;1;2026-04-10 15:06:18;3100000;RESSONANCIA MAGNETICA DE OMBRO DIREITO;3100000;GRUPO - RESSONANCIA MAGNETICA;0207020027;RESSONANCIA MAGNETICA DE MEMBRO SUPERIOR (UNILATERAL);MARIA LUCIA LEAO NOGUEIRA;1957-07-09;LOURDES LEAO NOGUEIRA;709809016793896;79692427153;FEMININO;661464467;4;43;27;352;4;M751;SINDROME DO MANGUITO ROTADOR 
2026-06-23 19:59:58;500769;SAO GABRIEL DO OESTE;6354265;CENTRAL DE REGULACAO DE SAO GABRIEL DO OESTE;500769;SAO GABRIEL DO OESTE;1;1;2026-04-17 08:26:26;3100000;RESSONANCIA MAGNETICA DE OMBRO DIREITO;3100000;GRUPO - RESSONANCIA MAGNETICA;0207020027;RESSONANCIA MAGNETICA DE MEMBRO SUPERIOR (UNILATERAL);CLARICE LUIZ DE OLIVEIRA FRANCO;1978-07-13;MARIA ABADIA RODRIGUES DE OLIVEIRA;708402261210368;01171943105;FEMININO;662726802;4;130;27;1064;4;M753;TENDINITE CALCIFICANTE DO OMBRO 
2026-06-23 19:59:58;500769;SAO GABRIEL DO OESTE;6354265;CENTRAL DE REGULACAO DE SAO GABRIEL DO OESTE;500769;SAO GABRIEL DO OESTE;1;1;2026-04-16 16:07:33;3100000;RESSONANCIA MAGNETICA DE OMBRO DIREITO;3100000;GRUPO - RESSONANCIA MAGNETICA;0207020027;RESSONANCIA MAGNETICA DE MEMBRO SUPERIOR (UNILATERAL);EPAMINONDAS GARCIA TERRA;1962-08-20;ALICE GARCIA TERRA;703007889521374;25794264187;MASCULINO;662668028;4;119;27;974;4;M751;SINDROME DO MANGUITO ROTADOR 
2026-06-23 19:59:58;500769;SAO GABRIEL DO OESTE;6354265;CENTRAL DE REGULACAO DE SAO GABRIEL DO OESTE;500769;SAO GABRIEL DO OESTE;1;1;2026-04-16 10:25:46;3100000;RESSONANCIA MAGNETICA DE OMBRO DIREITO;3100000;GRUPO - RESSONANCIA MAGNETICA;0207020027;RESSONANCIA MAGNETICA DE MEMBRO SUPERIOR (UNILATERAL);AURIVANIA DOS SANTOS PEREIRA SILVA;1980-04-27;TANIA MARIA DOS SANTOS SILVA;704505117070820;02305696175;FEMININO;662517477;4;96;27;785;4;M751;SINDROME DO MANGUITO ROTADOR 
2026-06-23 19:59:58;500769;SAO GABRIEL DO OESTE;6354265;CENTRAL DE REGULACAO DE SAO GABRIEL DO OESTE;500769;SAO GABRIEL DO OESTE;1;1;2026-04-16 09:34:17;3100000;RESSONANCIA MAGNETICA DE OMBRO DIREITO;3100000;GRUPO - RESSONANCIA MAGNETICA;0207020027;RESSONANCIA MAGNETICA DE MEMBRO SUPERIOR (UNILATERAL);ADAIR MARIO SOCCOL;1966-03-25;SEVERINA GIACHINI SOCCOL;700108944803718;81174845953;MASCULINO;662484588;4;92;27;753;4;M751;SINDROME DO MANGUITO ROTADOR 
2026-06-23 19:59:58;500769;SAO GABRIEL DO OESTE;6354265;CENTRAL DE REGULACAO DE SAO GABRIEL DO OESTE;500769;SAO GABRIEL DO OESTE;1;1;2026-04-17 16:20:34;3100000;RESSONANCIA MAGNETICA DE OMBRO DIREITO;3100000;GRUPO - RESSONANCIA MAGNETICA;0207020027;RESSONANCIA MAGNETICA DE MEMBRO SUPERIOR (UNILATERAL);FRANCISCO PEREIRA DA CUNHA;1976-01-11;HELENA PEREIRA DA CUNHA;700201471034421;00533124140;MASCULINO;662925286;4;178;27;1456;4;M751;SINDROME DO MANGUITO ROTADOR 
2026-06-23 19:59:58;500769;SAO GABRIEL DO OESTE;6354265;CENTRAL DE REGULACAO DE SAO GABRIEL DO OESTE;500769;SAO GABRIEL DO OESTE;1;1;2026-04-17 15:51:41;3100000;RESSONANCIA MAGNETICA DE OMBRO DIREITO;3100000;GRUPO - RESSONANCIA MAGNETICA;0207020027;RESSONANCIA MAGNETICA DE MEMBRO SUPERIOR (UNILATERAL);EDILENE CRISTIANE DE SOUZA;1991-12-18;CLAUDETE GUERMO;704603136051329;02241675105;FEMININO;662915537;4;175;27;1432;4;M751;SINDROME DO MANGUITO ROTADOR 
2026-06-23 19:59:58;500769;SAO GABRIEL DO OESTE;6354265;CENTRAL DE REGULACAO DE SAO GABRIEL DO OESTE;500769;SAO GABRIEL DO OESTE;1;1;2026-04-17 15:48:14;3100000;RESSONANCIA MAGNETICA DE OMBRO DIREITO;3100000;GRUPO - RESSONANCIA MAGNETICA;0207020027;RESSONANCIA MAGNETICA DE MEMBRO SUPERIOR (UNILATERAL);ERIOVALDO TALAVEIRA;1968-10-04;JOVES MARTINS CARDOSO;700009066073807;46456694191;MASCULINO;662914193;4;174;27;1424;4;M751;SINDROME DO MANGUITO ROTADOR 
2026-06-23 19:59:58;500769;SAO GABRIEL DO OESTE;6354265;CENTRAL DE REGULACAO DE SAO GABRIEL DO OESTE;500769;SAO GABRIEL DO OESTE;1;1;2026-04-17 15:38:54;3100000;RESSONANCIA MAGNETICA DE OMBRO DIREITO;3100000;GRUPO - RESSONANCIA MAGNETICA;0207020027;RESSONANCIA MAGNETICA DE MEMBRO SUPERIOR (UNILATERAL);EULINA GOMES DA SILVA;1973-04-17;IZOLETA GOMES DE MIRANDA SILVA;708007310191528;90772040168;FEMININO;662910535;4;173;27;1415;4;M751;SINDROME DO MANGUITO ROTADOR 
2026-06-23 19:59:58;500769;SAO GABRIEL DO OESTE;6354265;CENTRAL DE REGULACAO DE SAO GABRIEL DO OESTE;500769;SAO GABRIEL DO OESTE;1;1;2026-04-17 15:10:38;3100000;RESSONANCIA MAGNETICA DE OMBRO DIREITO;3100000;GRUPO - RESSONANCIA MAGNETICA;0207020027;RESSONANCIA MAGNETICA DE MEMBRO SUPERIOR (UNILATERAL);ESTELINA EVA DE MELO SANTANA;1968-06-29;OSMIRA DOS SANTOS MELO;700005241561107;88320367115;FEMININO;662899108;4;168;27;1375;4;M545;DOR LOMBAR BAIXA 
2026-06-23 19:59:58;500769;SAO GABRIEL DO OESTE;6354265;CENTRAL DE REGULACAO DE SAO GABRIEL DO OESTE;500769;SAO GABRIEL DO OESTE;1;1;2026-04-17 10:35:21;3100000;RESSONANCIA MAGNETICA DE OMBRO DIREITO;3100000;GRUPO - RESSONANCIA MAGNETICA;0207020027;RESSONANCIA MAGNETICA DE MEMBRO SUPERIOR (UNILATERAL);DAVID CERVIERI;1962-05-13;ALMERI CERVIERI;700008239982306;42330246072;MASCULINO;662794814;4;156;27;1276;4;M751;SINDROME DO MANGUITO ROTADOR 
2026-06-23 19:59:58;500769;SAO GABRIEL DO OESTE;6354265;CENTRAL DE REGULACAO DE SAO GABRIEL DO OESTE;500769;SAO GABRIEL DO OESTE;1;1;2026-04-21 12:53:08;3100000;RESSONANCIA MAGNETICA DE OMBRO DIREITO;3100000;GRUPO - RESSONANCIA MAGNETICA;0207020027;RESSONANCIA MAGNETICA DE MEMBRO SUPERIOR (UNILATERAL);NILVA APARECIDA DE SOUSA DOMINGOS;1974-07-26;JOANA DOMINGOS DE SOUSA;700007948147602;87476533100;FEMININO;663096910;4;237;27;1939;4;M511;TRANSTORNOS DE DISCOS LOMBARES E DE OUTROS DISCOS INTERVERTEBRAIS COM RADICULOPATIA 
2026-06-23 19:59:58;500769;SAO GABRIEL DO OESTE;6354265;CENTRAL DE REGULACAO DE SAO GABRIEL DO OESTE;500769;SAO GABRIEL DO OESTE;1;1;2026-04-21 12:51:44;3100000;RESSONANCIA MAGNETICA DE OMBRO DIREITO;3100000;GRUPO - RESSONANCIA MAGNETICA;0207020027;RESSONANCIA MAGNETICA DE MEMBRO SUPERIOR (UNILATERAL);MARIUZA FERREIRA PEDROSO SILVA;1969-04-15;DALVA INACIO PEDROSO;702602784380640;46642684168;FEMININO;663096896;4;236;27;1931;4;M751;SINDROME DO MANGUITO ROTADOR 
2026-06-23 19:59:58;500769;SAO GABRIEL DO OESTE;6354265;CENTRAL DE REGULACAO DE SAO GABRIEL DO OESTE;500769;SAO GABRIEL DO OESTE;1;1;2026-04-21 12:34:04;3100000;RESSONANCIA MAGNETICA DE OMBRO DIREITO;3100000;GRUPO - RESSONANCIA MAGNETICA;0207020027;RESSONANCIA MAGNETICA DE MEMBRO SUPERIOR (UNILATERAL);LAURENIL SOARES SALLES;1970-08-21;LAURA SOARES;703001844761478;44481969172;FEMININO;663096690;4;224;27;1833;4;M751;SINDROME DO MANGUITO ROTADOR 
2026-06-23 19:59:58;500769;SAO GABRIEL DO OESTE;6354265;CENTRAL DE REGULACAO DE SAO GABRIEL DO OESTE;500769;SAO GABRIEL DO OESTE;1;1;2026-04-21 12:29:02;3100000;RESSONANCIA MAGNETICA DE OMBRO DIREITO;3100000;GRUPO - RESSONANCIA MAGNETICA;0207020027;RESSONANCIA MAGNETICA DE MEMBRO SUPERIOR (UNILATERAL);LENICE SANTOS DE MATOS;1995-08-18;COSMA GABRIEL DOS SANTOS;704004372753265;06630691148;FEMININO;663096612;4;220;27;1800;4;M751;SINDROME DO MANGUITO ROTADOR 
2026-06-23 19:59:58;500769;SAO GABRIEL DO OESTE;6354265;CENTRAL DE REGULACAO DE SAO GABRIEL DO OESTE;500769;SAO GABRIEL DO OESTE;1;1;2026-04-21 12:23:14;3100000;RESSONANCIA MAGNETICA DE OMBRO DIREITO;3100000;GRUPO - RESSONANCIA MAGNETICA;0207020027;RESSONANCIA MAGNETICA DE MEMBRO SUPERIOR (UNILATERAL);LEILA APARECIDA FONSECA DE ALMEIDA;1971-01-14;SANDRA LUCIA FONSECA DE ALMEIDA;706501333472799;55442641120;FEMININO;663096533;4;217;27;1775;4;M751;SINDROME DO MANGUITO ROTADOR 
2026-06-23 19:59:58;500769;SAO GABRIEL DO OESTE;6354265;CENTRAL DE REGULACAO DE SAO GABRIEL DO OESTE;500769;SAO GABRIEL DO OESTE;1;1;2026-04-21 11:57:21;3100000;RESSONANCIA MAGNETICA DE OMBRO DIREITO;3100000;GRUPO - RESSONANCIA MAGNETICA;0207020027;RESSONANCIA MAGNETICA DE MEMBRO SUPERIOR (UNILATERAL);LUDIO DA SILVA;1979-10-23;MARIA DA CONCEICAO DE CAMPOS;704803042550443;00719869102;MASCULINO;663096156;4;206;27;1685;4;M751;SINDROME DO MANGUITO ROTADOR 
2026-06-23 19:59:58;500769;SAO GABRIEL DO OESTE;6354265;CENTRAL DE REGULACAO DE SAO GABRIEL DO OESTE;500769;SAO GABRIEL DO OESTE;1;1;2026-04-21 11:43:33;3100000;RESSONANCIA MAGNETICA DE OMBRO DIREITO;3100000;GRUPO - RESSONANCIA MAGNETICA;0207020027;RESSONANCIA MAGNETICA DE MEMBRO SUPERIOR (UNILATERAL);MARCIANA DE JESUS SILVA;1982-12-31;MARIA APARECIDA DE JESUS;700000918634509;00856216178;FEMININO;663095903;4;199;27;1628;4;M751;SINDROME DO MANGUITO ROTADOR 
2026-06-23 19:59:58;500769;SAO GABRIEL DO OESTE;6354265;CENTRAL DE REGULACAO DE SAO GABRIEL DO OESTE;500769;SAO GABRIEL DO OESTE;1;1;2026-04-21 14:01:53;3100000;RESSONANCIA MAGNETICA DE OMBRO DIREITO;3100000;GRUPO - RESSONANCIA MAGNETICA;0207020027;RESSONANCIA MAGNETICA DE MEMBRO SUPERIOR (UNILATERAL);ROGERIO LUIZ BARALDI;1973-01-29;IRONITA BARALDI;700103938864617;70863350020;MASCULINO;663097940;4;284;27;2324;4;M751;SINDROME DO MANGUITO ROTADOR 
2026-06-23 19:59:58;500769;SAO GABRIEL DO OESTE;6354265;CENTRAL DE REGULACAO DE SAO GABRIEL DO OESTE;500769;SAO GABRIEL DO OESTE;1;1;2026-04-21 14:00:42;3100000;RESSONANCIA MAGNETICA DE OMBRO DIREITO;3100000;GRUPO - RESSONANCIA MAGNETICA;0207020027;RESSONANCIA MAGNETICA DE MEMBRO SUPERIOR (UNILATERAL);MARIA TERESINHA LORENCET;1964-02-02;NADIL CECCHIN RAMPAZZO;700500755765354;93814550153;FEMININO;663097913;4;282;27;2307;4;M751;SINDROME DO MANGUITO ROTADOR 
2026-06-23 19:59:58;500769;SAO GABRIEL DO OESTE;6354265;CENTRAL DE REGULACAO DE SAO GABRIEL DO OESTE;500769;SAO GABRIEL DO OESTE;1;1;2026-04-21 13:34:20;3100000;RESSONANCIA MAGNETICA DE OMBRO DIREITO;3100000;GRUPO - RESSONANCIA MAGNETICA;0207020027;RESSONANCIA MAGNETICA DE MEMBRO SUPERIOR (UNILATERAL);LENIRA DARBEN MARTINI;1961-12-31;LEOTIDES DE OLIVEIRA DARBEN;700507998270357;87810832115;FEMININO;663097456;4;268;27;2193;4;M751;SINDROME DO MANGUITO ROTADOR 
2026-06-23 19:59:58;500769;SAO GABRIEL DO OESTE;6354265;CENTRAL DE REGULACAO DE SAO GABRIEL DO OESTE;500769;SAO GABRIEL DO OESTE;1;1;2026-04-21 13:31:42;3100000;RESSONANCIA MAGNETICA DE OMBRO DIREITO;3100000;GRUPO - RESSONANCIA MAGNETICA;0207020027;RESSONANCIA MAGNETICA DE MEMBRO SUPERIOR (UNILATERAL);LOURDES TREVISAN MARCHI;1953-08-23;MARIA PIVA TREVISAN;703606095815332;03633412182;FEMININO;663097414;4;265;27;2168;4;M751;SINDROME DO MANGUITO ROTADOR 
2026-06-23 19:59:58;500769;SAO GABRIEL DO OESTE;6354265;CENTRAL DE REGULACAO DE SAO GABRIEL DO OESTE;500769;SAO GABRIEL DO OESTE;1;1;2026-04-21 13:20:57;3100000;RESSONANCIA MAGNETICA DE OMBRO DIREITO;3100000;GRUPO - RESSONANCIA MAGNETICA;0207020027;RESSONANCIA MAGNETICA DE MEMBRO SUPERIOR (UNILATERAL);MARIA APARECIDA DE OLIVEIRA;1955-04-05;VERONICA DE OLIVEIRA;700004594830204;74030159168;FEMININO;663097268;4;259;27;2119;4;M751;SINDROME DO MANGUITO ROTADOR 
2026-06-23 19:59:58;500769;SAO GABRIEL DO OESTE;6354265;CENTRAL DE REGULACAO DE SAO GABRIEL DO OESTE;500769;SAO GABRIEL DO OESTE;1;1;2026-04-21 14:58:32;3100000;RESSONANCIA MAGNETICA DE OMBRO DIREITO;3100000;GRUPO - RESSONANCIA MAGNETICA;0207020027;RESSONANCIA MAGNETICA DE MEMBRO SUPERIOR (UNILATERAL);JOSE CARLOS DUTRA CHIMENES;1971-03-28;TEREZINHA DUTRA;705509424448210;52800490187;MASCULINO;663099118;4;330;27;2700;4;M751;SINDROME DO MANGUITO ROTADOR 
2026-06-23 19:59:58;500769;SAO GABRIEL DO OESTE;6354265;CENTRAL DE REGULACAO DE SAO GABRIEL DO OESTE;500769;SAO GABRIEL DO OESTE;1;1;2026-04-21 14:56:29;3100000;RESSONANCIA MAGNETICA DE OMBRO DIREITO;3100000;GRUPO - RESSONANCIA MAGNETICA;0207020027;RESSONANCIA MAGNETICA DE MEMBRO SUPERIOR (UNILATERAL);MARIA AUXILIADORA MORAIS VIEIRA;1961-09-09;RAIMUNDA MORAIS VIEIRA;704002820923965;26242044153;FEMININO;663099071;4;327;27;2675;4;M751;SINDROME DO MANGUITO ROTADOR 
2026-06-23 19:59:58;500769;SAO GABRIEL DO OESTE;6354265;CENTRAL DE REGULACAO DE SAO GABRIEL DO OESTE;500769;SAO GABRIEL DO OESTE;1;1;2026-04-21 14:40:01;3100000;RESSONANCIA MAGNETICA DE OMBRO DIREITO;3100000;GRUPO - RESSONANCIA MAGNETICA;0207020027;RESSONANCIA MAGNETICA DE MEMBRO SUPERIOR (UNILATERAL);MARIA LUCIANA LOUREIRO SAMPAIO;1964-11-24;LORENA LOUREIRO SAMPAIO;706200062773668;54251001168;FEMININO;663098737;4;313;27;2561;4;M751;SINDROME DO MANGUITO ROTADOR 
2026-06-23 19:59:58;500769;SAO GABRIEL DO OESTE;6354265;CENTRAL DE REGULACAO DE SAO GABRIEL DO OESTE;500769;SAO GABRIEL DO OESTE;1;1;2026-04-21 14:35:59;3100000;RESSONANCIA MAGNETICA DE OMBRO DIREITO;3100000;GRUPO - RESSONANCIA MAGNETICA;0207020027;RESSONANCIA MAGNETICA DE MEMBRO SUPERIOR (UNILATERAL);ROSI MARIA ZANDOMENICHI;1968-05-25;ROSINA ZANDOMENICHI;700004282627403;66310873920;FEMININO;663098667;4;310;27;2536;4;M751;SINDROME DO MANGUITO ROTADOR 
2026-06-23 19:59:58;500769;SAO GABRIEL DO OESTE;6354265;CENTRAL DE REGULACAO DE SAO GABRIEL DO OESTE;500769;SAO GABRIEL DO OESTE;1;1;2026-04-21 14:29:48;3100000;RESSONANCIA MAGNETICA DE OMBRO DIREITO;3100000;GRUPO - RESSONANCIA MAGNETICA;0207020027;RESSONANCIA MAGNETICA DE MEMBRO SUPERIOR (UNILATERAL);ROSANE MORBEQUE VIEIRA;1995-05-07;MARIA APARECIDA MORBEQUE DOS SANTOS;702608780472147;05619524183;FEMININO;663098539;4;306;27;2504;4;M751;SINDROME DO MANGUITO ROTADOR 
2026-06-23 19:59:58;500769;SAO GABRIEL DO OESTE;6354265;CENTRAL DE REGULACAO DE SAO GABRIEL DO OESTE;500769;SAO GABRIEL DO OESTE;1;1;2026-04-22 14:31:05;3100000;RESSONANCIA MAGNETICA DE OMBRO DIREITO;3100000;GRUPO - RESSONANCIA MAGNETICA;0207020027;RESSONANCIA MAGNETICA DE MEMBRO SUPERIOR (UNILATERAL);IRENO ROJO JARA;1965-05-05;JACINTA RAMONA JARA;704305552166293;42084644100;MASCULINO;663311499;4;379;27;3101;4;M751;SINDROME DO MANGUITO ROTADOR 
2026-06-23 19:59:58;500769;SAO GABRIEL DO OESTE;6354265;CENTRAL DE REGULACAO DE SAO GABRIEL DO OESTE;500769;SAO GABRIEL DO OESTE;1;1;2026-04-21 15:58:59;3100000;RESSONANCIA MAGNETICA DE OMBRO DIREITO;3100000;GRUPO - RESSONANCIA MAGNETICA;0207020027;RESSONANCIA MAGNETICA DE MEMBRO SUPERIOR (UNILATERAL);SERGIO DE ASSIS MACEDO DA CONCEICAO;1994-08-31;ILMA MACEDO;704109107618375;05905844135;MASCULINO;663100335;4;371;27;3035;4;S835;ENTORSE E DISTENSAO ENVOLVENDO LIGAMENTO CRUZADO (ANTERIOR) (POSTERIOR) DO JOELHO 
2026-06-23 19:59:58;500769;SAO GABRIEL DO OESTE;6354265;CENTRAL DE REGULACAO DE SAO GABRIEL DO OESTE;500769;SAO GABRIEL DO OESTE;1;1;2026-04-21 15:54:28;3100000;RESSONANCIA MAGNETICA DE OMBRO DIREITO;3100000;GRUPO - RESSONANCIA MAGNETICA;0207020027;RESSONANCIA MAGNETICA DE MEMBRO SUPERIOR (UNILATERAL);SUELI LOUVEIRA DA SILVA;1971-06-01;EVA LOUVEIRA;702907538785976;00378790145;FEMININO;663100252;4;366;27;2995;4;M751;SINDROME DO MANGUITO ROTADOR 
2026-06-23 19:59:58;500769;SAO GABRIEL DO OESTE;6354265;CENTRAL DE REGULACAO DE SAO GABRIEL DO OESTE;500769;SAO GABRIEL DO OESTE;1;1;2026-04-21 15:39:05;3100000;RESSONANCIA MAGNETICA DE OMBRO DIREITO;3100000;GRUPO - RESSONANCIA MAGNETICA;0207020027;RESSONANCIA MAGNETICA DE MEMBRO SUPERIOR (UNILATERAL);MARTA APARECIDA SANTOS CANDIDO;1967-06-24;ALZIRA SANTOS CANDIDO;700507305140457;44690673187;FEMININO;663099968;4;357;27;2921;4;M751;SINDROME DO MANGUITO ROTADOR 
2026-06-23 19:59:58;500769;SAO GABRIEL DO OESTE;6354265;CENTRAL DE REGULACAO DE SAO GABRIEL DO OESTE;500769;SAO GABRIEL DO OESTE;1;1;2026-04-21 15:38:23;3100000;RESSONANCIA MAGNETICA DE OMBRO DIREITO;3100000;GRUPO - RESSONANCIA MAGNETICA;0207020027;RESSONANCIA MAGNETICA DE MEMBRO SUPERIOR (UNILATERAL);JAINE CRISTINA DA SILVA CAVALCANTE;1977-11-18;DORACY DA SILVA CAVALCANTE;700402418378544;86834690182;FEMININO;663099956;4;356;27;2913;4;M751;SINDROME DO MANGUITO ROTADOR 
2026-06-23 19:59:58;500769;SAO GABRIEL DO OESTE;6354265;CENTRAL DE REGULACAO DE SAO GABRIEL DO OESTE;500769;SAO GABRIEL DO OESTE;1;1;2026-04-21 15:33:14;3100000;RESSONANCIA MAGNETICA DE OMBRO DIREITO;3100000;GRUPO - RESSONANCIA MAGNETICA;0207020027;RESSONANCIA MAGNETICA DE MEMBRO SUPERIOR (UNILATERAL);JOSE FRANCISCO PEREIRA DE SOUZA;1963-05-02;OLIMPIA BARBARA DE SOUZA;702800688700164;40449300153;MASCULINO;663099861;4;354;27;2896;4;M751;SINDROME DO MANGUITO ROTADOR 
2026-06-23 19:59:58;500769;SAO GABRIEL DO OESTE;6354265;CENTRAL DE REGULACAO DE SAO GABRIEL DO OESTE;500769;SAO GABRIEL DO OESTE;1;1;2026-04-21 15:15:00;3100000;RESSONANCIA MAGNETICA DE OMBRO DIREITO;3100000;GRUPO - RESSONANCIA MAGNETICA;0207020027;RESSONANCIA MAGNETICA DE MEMBRO SUPERIOR (UNILATERAL);MARIA CONCEICAO DE LIMA;1954-02-26;ANTONIA MARIA DA CONCEICAO;708204180385145;51181096120;FEMININO;663099492;4;340;27;2782;4;M751;SINDROME DO MANGUITO ROTADOR 
2026-06-23 19:59:58;500769;SAO GABRIEL DO OESTE;6354265;CENTRAL DE REGULACAO DE SAO GABRIEL DO OESTE;500769;SAO GABRIEL DO OESTE;1;1;2026-05-14 10:17:56;3100000;RESSONANCIA MAGNETICA DE OMBRO DIREITO;3100000;GRUPO - RESSONANCIA MAGNETICA;0207020027;RESSONANCIA MAGNETICA DE MEMBRO SUPERIOR (UNILATERAL);ROSANE TOME DE SOUZA;1975-02-09;NEUSA TOME;708005305890829;92502768187;FEMININO;667556070;4;428;27;3502;4;M751;SINDROME DO MANGUITO ROTADOR 
2026-06-23 19:59:58;500769;SAO GABRIEL DO OESTE;6354265;CENTRAL DE REGULACAO DE SAO GABRIEL DO OESTE;500769;SAO GABRIEL DO OESTE;1;1;2026-05-13 10:28:10;3100000;RESSONANCIA MAGNETICA DE OMBRO DIREITO;3100000;GRUPO - RESSONANCIA MAGNETICA;0207020027;RESSONANCIA MAGNETICA DE MEMBRO SUPERIOR (UNILATERAL);JEANPIERRE FERREIRA PAIVA;1990-06-21;SILENE FERREIRA DE CARVALHO;700406924939350;04433525189;MASCULINO;667291133;4;423;27;3461;4;M751;SINDROME DO MANGUITO ROTADOR 
2026-06-23 19:59:58;500769;SAO GABRIEL DO OESTE;6354265;CENTRAL DE REGULACAO DE SAO GABRIEL DO OESTE;500769;SAO GABRIEL DO OESTE;1;1;2026-04-23 09:55:40;3100000;RESSONANCIA MAGNETICA DE OMBRO DIREITO;3100000;GRUPO - RESSONANCIA MAGNETICA;0207020027;RESSONANCIA MAGNETICA DE MEMBRO SUPERIOR (UNILATERAL);DARCI PEREIRA;1955-04-30;ALZIRA PEREIRA;707005816404530;35669292120;FEMININO;663473210;4;392;27;3207;4;M751;SINDROME DO MANGUITO ROTADOR 
2026-06-23 19:59:58;500769;SAO GABRIEL DO OESTE;6354265;CENTRAL DE REGULACAO DE SAO GABRIEL DO OESTE;500769;SAO GABRIEL DO OESTE;1;1;2026-04-22 17:50:23;3100000;RESSONANCIA MAGNETICA DE OMBRO DIREITO;3100000;GRUPO - RESSONANCIA MAGNETICA;0207020027;RESSONANCIA MAGNETICA DE MEMBRO SUPERIOR (UNILATERAL);VALERIA XIMENES MATTOSO;1969-01-03;BENINA FLORENCIANO XIMENES;705209463246278;40751414115;FEMININO;663392221;4;391;27;3199;4;M751;SINDROME DO MANGUITO ROTADOR 
2026-06-23 19:59:58;500769;SAO GABRIEL DO OESTE;6354265;CENTRAL DE REGULACAO DE SAO GABRIEL DO OESTE;500769;SAO GABRIEL DO OESTE;1;1;2026-05-28 17:31:03;3100000;RESSONANCIA MAGNETICA DE OMBRO DIREITO;3100000;GRUPO - RESSONANCIA MAGNETICA;0207020027;RESSONANCIA MAGNETICA DE MEMBRO SUPERIOR (UNILATERAL);RIVALDO MORAES DE MESQUITA;1995-07-02;IZABEL MORAES DA ROCHA PEREIRA;702808193187567;05685033176;MASCULINO;670543017;4;484;27;3960;4;M751;SINDROME DO MANGUITO ROTADOR 
2026-06-23 19:59:58;500769;SAO GABRIEL DO OESTE;6354265;CENTRAL DE REGULACAO DE SAO GABRIEL DO OESTE;500769;SAO GABRIEL DO OESTE;1;1;2026-05-28 10:58:26;3100000;RESSONANCIA MAGNETICA DE OMBRO DIREITO;3100000;GRUPO - RESSONANCIA MAGNETICA;0207020027;RESSONANCIA MAGNETICA DE MEMBRO SUPERIOR (UNILATERAL);JOSSEANE ARRUDA DE ALMEIDA;1986-12-23;ALBERTINA ARRUDA DOS SANTOS;705008237147257;01861495145;FEMININO;670390352;4;462;27;3780;4;M751;SINDROME DO MANGUITO ROTADOR 
2026-06-23 19:59:58;500769;SAO GABRIEL DO OESTE;6354265;CENTRAL DE REGULACAO DE SAO GABRIEL DO OESTE;500769;SAO GABRIEL DO OESTE;1;1;2026-05-25 15:29:12;3100000;RESSONANCIA MAGNETICA DE OMBRO DIREITO;3100000;GRUPO - RESSONANCIA MAGNETICA;0207020027;RESSONANCIA MAGNETICA DE MEMBRO SUPERIOR (UNILATERAL);OSMAR NIVALDO DELFINO;1958-10-16;ARLINDA MARIA DE JESUS DELFINO;701400625247530;32895755949;MASCULINO;669620952;4;451;27;3690;4;M751;SINDROME DO MANGUITO ROTADOR 
2026-06-23 19:59:58;500769;SAO GABRIEL DO OESTE;6354265;CENTRAL DE REGULACAO DE SAO GABRIEL DO OESTE;500769;SAO GABRIEL DO OESTE;1;1;2026-05-20 14:37:31;3100000;RESSONANCIA MAGNETICA DE OMBRO DIREITO;3100000;GRUPO - RESSONANCIA MAGNETICA;0207020027;RESSONANCIA MAGNETICA DE MEMBRO SUPERIOR (UNILATERAL);MARIA DE LOURDES DA SILVA SILVERIO;1955-12-02;CICERA MARIA DE JESUS;700009384759605;01959431129;FEMININO;668770880;4;444;27;3633;4;S460;TRAUMATISMO DO TENDAO DO MANGUITO ROTADOR DO OMBRO 
2026-06-23 19:59:58;500769;SAO GABRIEL DO OESTE;6354265;CENTRAL DE REGULACAO DE SAO GABRIEL DO OESTE;500769;SAO GABRIEL DO OESTE;1;1;2026-06-15 15:23:55;3100000;RESSONANCIA MAGNETICA DE OMBRO DIREITO;3100000;GRUPO - RESSONANCIA MAGNETICA;0207020027;RESSONANCIA MAGNETICA DE MEMBRO SUPERIOR (UNILATERAL);MARILENE DE SOUZA DUARTH;1966-06-05;ELVIRA RODRIGUES DE SOUZA;700009035975701;00132229102;FEMININO;673496845;4;529;27;4328;4;M751;SINDROME DO MANGUITO ROTADOR 
2026-06-23 19:59:58;500769;SAO GABRIEL DO OESTE;6354265;CENTRAL DE REGULACAO DE SAO GABRIEL DO OESTE;500769;SAO GABRIEL DO OESTE;1;1;2026-06-15 14:11:24;3100000;RESSONANCIA MAGNETICA DE OMBRO DIREITO;3100000;GRUPO - RESSONANCIA MAGNETICA;0207020027;RESSONANCIA MAGNETICA DE MEMBRO SUPERIOR (UNILATERAL);FERNANDO SOLOAGA DA CUNHA;1986-04-04;MARIA OLINDA SOLOAGA DA CUNHA;707407017597271;00592631133;MASCULINO;673460021;4;528;27;4320;4;M751;SINDROME DO MANGUITO ROTADOR 
2026-06-23 19:59:58;500769;SAO GABRIEL DO OESTE;6354265;CENTRAL DE REGULACAO DE SAO GABRIEL DO OESTE;500769;SAO GABRIEL DO OESTE;1;1;2026-06-02 15:46:47;3100000;RESSONANCIA MAGNETICA DE OMBRO DIREITO;3100000;GRUPO - RESSONANCIA MAGNETICA;0207020027;RESSONANCIA MAGNETICA DE MEMBRO SUPERIOR (UNILATERAL);SANDRA MARIA LAURINDO DA SILVA;1969-09-02;ALICE BARBOSA SENA;705009865245553;84638001149;FEMININO;671398015;4;501;27;4099;4;M751;SINDROME DO MANGUITO ROTADOR 
2026-06-23 19:59:58;500769;SAO GABRIEL DO OESTE;6354265;CENTRAL DE REGULACAO DE SAO GABRIEL DO OESTE;500769;SAO GABRIEL DO OESTE;1;1;2026-06-02 08:25:29;3100000;RESSONANCIA MAGNETICA DE OMBRO DIREITO;3100000;GRUPO - RESSONANCIA MAGNETICA;0207020027;RESSONANCIA MAGNETICA DE MEMBRO SUPERIOR (UNILATERAL);REGINA CELIA MORAIS VIEIRA;1971-12-27;RAIMUNDA MORAIS VIEIRA;702802654685660;91154260178;FEMININO;671170917;4;495;27;4050;4;M75;LESOES DO OMBRO
2026-06-23 19:59:58;500769;SAO GABRIEL DO OESTE;6354265;CENTRAL DE REGULACAO DE SAO GABRIEL DO OESTE;500769;SAO GABRIEL DO OESTE;1;1;2026-06-01 15:32:30;3100000;RESSONANCIA MAGNETICA DE OMBRO DIREITO;3100000;GRUPO - RESSONANCIA MAGNETICA;0207020027;RESSONANCIA MAGNETICA DE MEMBRO SUPERIOR (UNILATERAL);ILMA FERNANDES DE FIGUEREDO GUEDES;1963-09-09;PAULA FRANCINETE FERNANDES;702806170524468;34366814404;FEMININO;671085711;4;494;27;4042;4;M751;SINDROME DO MANGUITO ROTADOR 
2026-06-23 19:59:58;500769;SAO GABRIEL DO OESTE;6354265;CENTRAL DE REGULACAO DE SAO GABRIEL DO OESTE;500769;SAO GABRIEL DO OESTE;1;1;2026-06-01 14:57:45;3100000;RESSONANCIA MAGNETICA DE OMBRO DIREITO;3100000;GRUPO - RESSONANCIA MAGNETICA;0207020027;RESSONANCIA MAGNETICA DE MEMBRO SUPERIOR (UNILATERAL);MURYLO KENJI MORI;2009-03-16;ROSELI FERREIRA SILVA;703402401664500;04751621106;FEMININO;671066515;4;493;27;4034;4;S430;LUXACAO DA ARTICULACAO DO OMBRO 
2026-06-23 19:59:58;500769;SAO GABRIEL DO OESTE;6354265;CENTRAL DE REGULACAO DE SAO GABRIEL DO OESTE;500769;SAO GABRIEL DO OESTE;1;1;2026-06-23 08:32:30;3100000;RESSONANCIA MAGNETICA DE OMBRO DIREITO;3100000;GRUPO - RESSONANCIA MAGNETICA;0207020027;RESSONANCIA MAGNETICA DE MEMBRO SUPERIOR (UNILATERAL);CARLOS BORGES DE OLIVEIRA;1974-08-12;IRACY BORGES DE OLIVEIRA;705003079829250;02387934199;MASCULINO;674923567;4;542;27;4435;4;M751;SINDROME DO MANGUITO ROTADOR 
2026-06-23 19:59:58;500769;SAO GABRIEL DO OESTE;6354265;CENTRAL DE REGULACAO DE SAO GABRIEL DO OESTE;500769;SAO GABRIEL DO OESTE;1;1;2026-06-18 08:55:14;3100000;RESSONANCIA MAGNETICA DE OMBRO DIREITO;3100000;GRUPO - RESSONANCIA MAGNETICA;0207020027;RESSONANCIA MAGNETICA DE MEMBRO SUPERIOR (UNILATERAL);DJALMA JOSE FERREIRA;1956-01-24;MARIA ANTONIA DA SOLIDADE;708402246960262;28526554115;MASCULINO;674147551;4;534;27;4369;4;M751;SINDROME DO MANGUITO ROTADOR 
2026-06-23 19:59:58;500769;SAO GABRIEL DO OESTE;6354265;CENTRAL DE REGULACAO DE SAO GABRIEL DO OESTE;500769;SAO GABRIEL DO OESTE;1;1;2026-04-10 14:51:04;3100000;RESSONANCIA MAGNETICA DO JOELHO ESQUERDO;3100000;GRUPO - RESSONANCIA MAGNETICA;0207030030;RESSONANCIA MAGNETICA DE MEMBRO INFERIOR (UNILATERAL);MARIA MADALENA SOARES DE SOUZA;1972-10-03;MARIA DE LOURDES PEREIRA DE SOUZA;709000821276512;90147405149;FEMININO;661457749;4;40;23;400;3;M179;GONARTROSE NAO ESPECIFICADA 
2026-06-23 19:59:58;500769;SAO GABRIEL DO OESTE;6354265;CENTRAL DE REGULACAO DE SAO GABRIEL DO OESTE;500769;SAO GABRIEL DO OESTE;1;1;2026-04-09 17:47:22;3100000;RESSONANCIA MAGNETICA DO JOELHO ESQUERDO;3100000;GRUPO - RESSONANCIA MAGNETICA;0207030030;RESSONANCIA MAGNETICA DE MEMBRO INFERIOR (UNILATERAL);SONIA REGINA OLIVEIRA DE MENEZES;1963-09-13;HELENA DE OLIVEIRA MENEZES;708907748502619;48981052115;FEMININO;661263898;4;36;23;360;3;M179;GONARTROSE NAO ESPECIFICADA 
2026-06-23 19:59:58;500769;SAO GABRIEL DO OESTE;6354265;CENTRAL DE REGULACAO DE SAO GABRIEL DO OESTE;500769;SAO GABRIEL DO OESTE;1;1;2026-04-16 10:53:31;3100000;RESSONANCIA MAGNETICA DO JOELHO ESQUERDO;3100000;GRUPO - RESSONANCIA MAGNETICA;0207030030;RESSONANCIA MAGNETICA DE MEMBRO INFERIOR (UNILATERAL);ANA GABRIELI ROGIANO FRANCA;1997-12-16;LUCILENE ROGIANO FRANCA;702005759913590;06854509106;FEMININO;662535137;3;23;23;230;3;S834;ENTORSE E DISTENSAO ENVOLVENDO LIGAMENTO COLATERAL (PERONIAL) (TIBIAL) DO JOELHO 
2026-06-23 19:59:58;500769;SAO GABRIEL DO OESTE;6354265;CENTRAL DE REGULACAO DE SAO GABRIEL DO OESTE;500769;SAO GABRIEL DO OESTE;1;1;2026-04-10 17:42:33;3100000;RESSONANCIA MAGNETICA DO JOELHO ESQUERDO;3100000;GRUPO - RESSONANCIA MAGNETICA;0207030030;RESSONANCIA MAGNETICA DE MEMBRO INFERIOR (UNILATERAL);ISABELLY FLORENCIANO CASANOVA;2011-01-20;LUCIANA APARECIDA DA SILVA FLORENCIANO CASANOVA;700001775065302;08767004156;FEMININO;661510476;3;14;23;140;3;S830;LUXACAO DA ROTULA [PATELA] 
2026-06-23 19:59:58;500769;SAO GABRIEL DO OESTE;6354265;CENTRAL DE REGULACAO DE SAO GABRIEL DO OESTE;500769;SAO GABRIEL DO OESTE;1;1;2026-04-10 15:43:03;3100000;RESSONANCIA MAGNETICA DO JOELHO ESQUERDO;3100000;GRUPO - RESSONANCIA MAGNETICA;0207030030;RESSONANCIA MAGNETICA DE MEMBRO INFERIOR (UNILATERAL);MARILSA DA COSTA BRUNO;1960-12-29;ELBA DA COSTA BRUNO;708707147728193;33896895168;FEMININO;661479741;3;9;23;90;3;D16;NEOPLASIA BENIGNA DE OSSO E DE CARTILAGEM ARTICULAR
2026-06-23 19:59:58;500769;SAO GABRIEL DO OESTE;6354265;CENTRAL DE REGULACAO DE SAO GABRIEL DO OESTE;500769;SAO GABRIEL DO OESTE;1;1;2026-04-15 17:47:55;3100000;RESSONANCIA MAGNETICA DO JOELHO ESQUERDO;3100000;GRUPO - RESSONANCIA MAGNETICA;0207030030;RESSONANCIA MAGNETICA DE MEMBRO INFERIOR (UNILATERAL);EMANUELLY DE JESUS RIBEIRO DE PAULA;2006-05-22;MARCIA HELENA DE JESUS RIBEIRO DE PAULA;706002869972346;10027500918;FEMININO;662414003;4;79;23;790;3;S830;LUXACAO DA ROTULA [PATELA] 
2026-06-23 19:59:58;500769;SAO GABRIEL DO OESTE;6354265;CENTRAL DE REGULACAO DE SAO GABRIEL DO OESTE;500769;SAO GABRIEL DO OESTE;1;1;2026-04-15 17:40:21;3100000;RESSONANCIA MAGNETICA DO JOELHO ESQUERDO;3100000;GRUPO - RESSONANCIA MAGNETICA;0207030030;RESSONANCIA MAGNETICA DE MEMBRO INFERIOR (UNILATERAL);ELCI RODRIGUES DA ROSA;1957-03-13;ADELAIDA BECKMANN DA ROSA;700400437734847;38481600059;FEMININO;662412814;4;78;23;780;3;M179;GONARTROSE NAO ESPECIFICADA 
2026-06-23 19:59:58;500769;SAO GABRIEL DO OESTE;6354265;CENTRAL DE REGULACAO DE SAO GABRIEL DO OESTE;500769;SAO GABRIEL DO OESTE;1;1;2026-04-15 17:35:59;3100000;RESSONANCIA MAGNETICA DO JOELHO ESQUERDO;3100000;GRUPO - RESSONANCIA MAGNETICA;0207030030;RESSONANCIA MAGNETICA DE MEMBRO INFERIOR (UNILATERAL);FRANCISCO SUEUDO DANTAS DE LIMA;1974-11-24;DINALVA ANDRADE DE LIMA;706206501021768;91546273468;MASCULINO;662412057;4;77;23;770;3;M22;TRANSTORNOS DA ROTULA [PATELA]
2026-06-23 19:59:58;500769;SAO GABRIEL DO OESTE;6354265;CENTRAL DE REGULACAO DE SAO GABRIEL DO OESTE;500769;SAO GABRIEL DO OESTE;1;1;2026-04-15 16:55:38;3100000;RESSONANCIA MAGNETICA DO JOELHO ESQUERDO;3100000;GRUPO - RESSONANCIA MAGNETICA;0207030030;RESSONANCIA MAGNETICA DE MEMBRO INFERIOR (UNILATERAL);IZAURA NERES GONCALVES;1958-07-05;ILDA NERES GONCALVES;705404480319192;63930889153;FEMININO;662403760;4;73;23;730;3;M179;GONARTROSE NAO ESPECIFICADA 
2026-06-23 19:59:58;500769;SAO GABRIEL DO OESTE;6354265;CENTRAL DE REGULACAO DE SAO GABRIEL DO OESTE;500769;SAO GABRIEL DO OESTE;1;1;2026-04-15 16:44:27;3100000;RESSONANCIA MAGNETICA DO JOELHO ESQUERDO;3100000;GRUPO - RESSONANCIA MAGNETICA;0207030030;RESSONANCIA MAGNETICA DE MEMBRO INFERIOR (UNILATERAL);JONATAS WILLIAN PINTO DE ANDRADE;1994-06-18;MARIA APARECIDA PINTO;708403732405768;06603102102;MASCULINO;662400017;4;71;23;710;3;M233;OUTROS TRANSTORNOS DO MENISCO 
2026-06-23 19:59:58;500769;SAO GABRIEL DO OESTE;6354265;CENTRAL DE REGULACAO DE SAO GABRIEL DO OESTE;500769;SAO GABRIEL DO OESTE;1;1;2026-04-15 16:36:56;3100000;RESSONANCIA MAGNETICA DO JOELHO ESQUERDO;3100000;GRUPO - RESSONANCIA MAGNETICA;0207030030;RESSONANCIA MAGNETICA DE MEMBRO INFERIOR (UNILATERAL);JOHN GABRIEL MOREIRA KOPP;1996-09-05;MARINES MOREIRA DE MOURA KOPP;702409503322429;03401701150;MASCULINO;662397364;4;69;23;690;3;M179;GONARTROSE NAO ESPECIFICADA 
2026-06-23 19:59:58;500769;SAO GABRIEL DO OESTE;6354265;CENTRAL DE REGULACAO DE SAO GABRIEL DO OESTE;500769;SAO GABRIEL DO OESTE;1;1;2026-04-15 16:22:50;3100000;RESSONANCIA MAGNETICA DO JOELHO ESQUERDO;3100000;GRUPO - RESSONANCIA MAGNETICA;0207030030;RESSONANCIA MAGNETICA DE MEMBRO INFERIOR (UNILATERAL);JULIANO FREITAS LIMA;1988-01-15;SIRLEI MARIANO DE FREITAS;702104825657370;01813148198;MASCULINO;662391770;4;66;23;660;3;S835;ENTORSE E DISTENSAO ENVOLVENDO LIGAMENTO CRUZADO (ANTERIOR) (POSTERIOR) DO JOELHO 
2026-06-23 19:59:58;500769;SAO GABRIEL DO OESTE;6354265;CENTRAL DE REGULACAO DE SAO GABRIEL DO OESTE;500769;SAO GABRIEL DO OESTE;1;1;2026-04-14 11:31:46;3100000;RESSONANCIA MAGNETICA DO JOELHO ESQUERDO;3100000;GRUPO - RESSONANCIA MAGNETICA;0207030030;RESSONANCIA MAGNETICA DE MEMBRO INFERIOR (UNILATERAL);GELSON BRITO ISAIAS;1992-10-12;ISABEL BRITO ISAIAS;700007169759009;07034608547;MASCULINO;661977596;4;61;23;610;3;M233;OUTROS TRANSTORNOS DO MENISCO 
2026-06-23 19:59:58;500769;SAO GABRIEL DO OESTE;6354265;CENTRAL DE REGULACAO DE SAO GABRIEL DO OESTE;500769;SAO GABRIEL DO OESTE;1;1;2026-04-10 16:58:01;3100000;RESSONANCIA MAGNETICA DO JOELHO ESQUERDO;3100000;GRUPO - RESSONANCIA MAGNETICA;0207030030;RESSONANCIA MAGNETICA DE MEMBRO INFERIOR (UNILATERAL);MARIA JOSE DE ARRUDA BARBOSA;1955-05-09;SEBASTIANA FLORENTINA DE ARRUDA;704701790534330;20054696100;FEMININO;661503514;4;54;23;540;3;M17;GONARTROSE [ARTROSE DO JOELHO]
2026-06-23 19:59:58;500769;SAO GABRIEL DO OESTE;6354265;CENTRAL DE REGULACAO DE SAO GABRIEL DO OESTE;500769;SAO GABRIEL DO OESTE;1;1;2026-04-16 10:50:17;3100000;RESSONANCIA MAGNETICA DO JOELHO ESQUERDO;3100000;GRUPO - RESSONANCIA MAGNETICA;0207030030;RESSONANCIA MAGNETICA DE MEMBRO INFERIOR (UNILATERAL);ADEMILSON INACIO DE OLIVEIRA;1960-06-02;MARIA SEBASTIANA DE JESUS;706807729772422;35811668104;MASCULINO;662533118;4;99;23;990;3;M179;GONARTROSE NAO ESPECIFICADA 
2026-06-23 19:59:58;500769;SAO GABRIEL DO OESTE;6354265;CENTRAL DE REGULACAO DE SAO GABRIEL DO OESTE;500769;SAO GABRIEL DO OESTE;1;1;2026-04-17 17:22:00;3100000;RESSONANCIA MAGNETICA DO JOELHO ESQUERDO;3100000;GRUPO - RESSONANCIA MAGNETICA;0207030030;RESSONANCIA MAGNETICA DE MEMBRO INFERIOR (UNILATERAL);GEOVANE ALMADA DIAS;1998-05-09;ANGELA CASTILHO ALMADA;706109845002830;06515801106;MASCULINO;662939954;4;185;23;1850;3;M233;OUTROS TRANSTORNOS DO MENISCO 
2026-06-23 19:59:58;500769;SAO GABRIEL DO OESTE;6354265;CENTRAL DE REGULACAO DE SAO GABRIEL DO OESTE;500769;SAO GABRIEL DO OESTE;1;1;2026-04-17 17:04:47;3100000;RESSONANCIA MAGNETICA DO JOELHO ESQUERDO;3100000;GRUPO - RESSONANCIA MAGNETICA;0207030030;RESSONANCIA MAGNETICA DE MEMBRO INFERIOR (UNILATERAL);GENECI SILVEIRA NOLASCO DA SILVA;1970-08-08;ALDIVINA SILVEIRA NOLASCO;702305149894018;98560158120;FEMININO;662936919;4;182;23;1820;3;M179;GONARTROSE NAO ESPECIFICADA 
2026-06-23 19:59:58;500769;SAO GABRIEL DO OESTE;6354265;CENTRAL DE REGULACAO DE SAO GABRIEL DO OESTE;500769;SAO GABRIEL DO OESTE;1;1;2026-04-17 15:20:21;3100000;RESSONANCIA MAGNETICA DO JOELHO ESQUERDO;3100000;GRUPO - RESSONANCIA MAGNETICA;0207030030;RESSONANCIA MAGNETICA DE MEMBRO INFERIOR (UNILATERAL);EVA MARIA GIACOMINI;1958-11-13;TEREZA COMELI VIEIRA;708009306834926;02245777190;FEMININO;662903000;4;170;23;1700;3;M23;TRANSTORNOS INTERNOS DOS JOELHOS
2026-06-23 19:59:58;500769;SAO GABRIEL DO OESTE;6354265;CENTRAL DE REGULACAO DE SAO GABRIEL DO OESTE;500769;SAO GABRIEL DO OESTE;1;1;2026-04-17 14:48:38;3100000;RESSONANCIA MAGNETICA DO JOELHO ESQUERDO;3100000;GRUPO - RESSONANCIA MAGNETICA;0207030030;RESSONANCIA MAGNETICA DE MEMBRO INFERIOR (UNILATERAL);ELICIOMAR DE JESUS DA SILVA;1983-03-10;ILZA DE JESUS DA SILVA;704008316052765;01837262195;FEMININO;662889804;4;164;23;1640;3;M233;OUTROS TRANSTORNOS DO MENISCO 
2026-06-23 19:59:58;500769;SAO GABRIEL DO OESTE;6354265;CENTRAL DE REGULACAO DE SAO GABRIEL DO OESTE;500769;SAO GABRIEL DO OESTE;1;1;2026-04-17 11:02:05;3100000;RESSONANCIA MAGNETICA DO JOELHO ESQUERDO;3100000;GRUPO - RESSONANCIA MAGNETICA;0207030030;RESSONANCIA MAGNETICA DE MEMBRO INFERIOR (UNILATERAL);DOUGLAS DOS SANTOS;1996-12-15;ROSELI FATIMA DOS SANTOS WAHLBRINCK;705009479370757;10964719908;MASCULINO;662810319;4;160;23;1600;3;S835;ENTORSE E DISTENSAO ENVOLVENDO LIGAMENTO CRUZADO (ANTERIOR) (POSTERIOR) DO JOELHO 
2026-06-23 19:59:58;500769;SAO GABRIEL DO OESTE;6354265;CENTRAL DE REGULACAO DE SAO GABRIEL DO OESTE;500769;SAO GABRIEL DO OESTE;1;1;2026-04-17 10:12:51;3100000;RESSONANCIA MAGNETICA DO JOELHO ESQUERDO;3100000;GRUPO - RESSONANCIA MAGNETICA;0207030030;RESSONANCIA MAGNETICA DE MEMBRO INFERIOR (UNILATERAL);CREUZA PEREIRA DA SILVA NASCIMENTO;1970-04-01;APARECIDA PEREIRA DA SILVA;702608783272548;87056046134;FEMININO;662781657;4;151;23;1510;3;M179;GONARTROSE NAO ESPECIFICADA 
2026-06-23 19:59:58;500769;SAO GABRIEL DO OESTE;6354265;CENTRAL DE REGULACAO DE SAO GABRIEL DO OESTE;500769;SAO GABRIEL DO OESTE;1;1;2026-04-17 09:55:11;3100000;RESSONANCIA MAGNETICA DO JOELHO ESQUERDO;3100000;GRUPO - RESSONANCIA MAGNETICA;0207030030;RESSONANCIA MAGNETICA DE MEMBRO INFERIOR (UNILATERAL);CARLA ADRIANA ALVES VASQUES;1980-11-28;CONCEICAO ALVES MARINHO VASQUES;709602617630474;95982124168;FEMININO;662771320;4;149;23;1490;3;M179;GONARTROSE NAO ESPECIFICADA 
2026-06-23 19:59:58;500769;SAO GABRIEL DO OESTE;6354265;CENTRAL DE REGULACAO DE SAO GABRIEL DO OESTE;500769;SAO GABRIEL DO OESTE;1;1;2026-04-17 09:46:20;3100000;RESSONANCIA MAGNETICA DO JOELHO ESQUERDO;3100000;GRUPO - RESSONANCIA MAGNETICA;0207030030;RESSONANCIA MAGNETICA DE MEMBRO INFERIOR (UNILATERAL);CARLA FERNANDA DA SILVA DOS SANTOS;1982-06-15;MARIA DE FATIMA DA SILVA;704808056053042;01623187150;FEMININO;662766321;4;146;23;1460;3;M233;OUTROS TRANSTORNOS DO MENISCO 
2026-06-23 19:59:58;500769;SAO GABRIEL DO OESTE;6354265;CENTRAL DE REGULACAO DE SAO GABRIEL DO OESTE;500769;SAO GABRIEL DO OESTE;1;1;2026-04-17 09:31:54;3100000;RESSONANCIA MAGNETICA DO JOELHO ESQUERDO;3100000;GRUPO - RESSONANCIA MAGNETICA;0207030030;RESSONANCIA MAGNETICA DE MEMBRO INFERIOR (UNILATERAL);CAROLINA NOGUEIRA DE ARAUJO;2003-09-26;LISANDRA NOGUEIRA;700608980627865;07661489120;FEMININO;662758236;4;142;23;1420;3;S830;LUXACAO DA ROTULA [PATELA] 
2026-06-23 19:59:58;500769;SAO GABRIEL DO OESTE;6354265;CENTRAL DE REGULACAO DE SAO GABRIEL DO OESTE;500769;SAO GABRIEL DO OESTE;1;1;2026-04-17 09:28:14;3100000;RESSONANCIA MAGNETICA DO JOELHO ESQUERDO;3100000;GRUPO - RESSONANCIA MAGNETICA;0207030030;RESSONANCIA MAGNETICA DE MEMBRO INFERIOR (UNILATERAL);CRISTIANE LOURENCO DOS SANTOS;1978-11-01;ROSALINA LOURENCO DOS SANTOS;706005870854249;99764164153;FEMININO;662756324;4;141;23;1410;3;M765;TENDINITE PATELAR 
2026-06-23 19:59:58;500769;SAO GABRIEL DO OESTE;6354265;CENTRAL DE REGULACAO DE SAO GABRIEL DO OESTE;500769;SAO GABRIEL DO OESTE;1;1;2026-04-17 09:24:34;3100000;RESSONANCIA MAGNETICA DO JOELHO ESQUERDO;3100000;GRUPO - RESSONANCIA MAGNETICA;0207030030;RESSONANCIA MAGNETICA DE MEMBRO INFERIOR (UNILATERAL);CLAUDETE PAULINO;1963-04-29;HILDEGA FRIGER GUTH;703203667667393;77832469153;FEMININO;662754321;4;140;23;1400;3;M179;GONARTROSE NAO ESPECIFICADA 
2026-06-23 19:59:58;500769;SAO GABRIEL DO OESTE;6354265;CENTRAL DE REGULACAO DE SAO GABRIEL DO OESTE;500769;SAO GABRIEL DO OESTE;1;1;2026-04-21 12:53:43;3100000;RESSONANCIA MAGNETICA DO JOELHO ESQUERDO;3100000;GRUPO - RESSONANCIA MAGNETICA;0207030030;RESSONANCIA MAGNETICA DE MEMBRO INFERIOR (UNILATERAL);MARILEUZA ORIVES VALIM MARTOS;1960-04-01;OLIVIA VALIM ORIVES;708406742793461;02354743807;FEMININO;663096919;4;238;23;2380;3;M765;TENDINITE PATELAR 
2026-06-23 19:59:58;500769;SAO GABRIEL DO OESTE;6354265;CENTRAL DE REGULACAO DE SAO GABRIEL DO OESTE;500769;SAO GABRIEL DO OESTE;1;1;2026-04-21 12:26:50;3100000;RESSONANCIA MAGNETICA DO JOELHO ESQUERDO;3100000;GRUPO - RESSONANCIA MAGNETICA;0207030030;RESSONANCIA MAGNETICA DE MEMBRO INFERIOR (UNILATERAL);MATEUS HENRIQUE ANDREATTI DA SILVA;2004-06-27;MARIA DE LURDES CARVALHO DA SILVA;705400416606298;06612429194;MASCULINO;663096584;4;219;23;2190;3;S835;ENTORSE E DISTENSAO ENVOLVENDO LIGAMENTO CRUZADO (ANTERIOR) (POSTERIOR) DO JOELHO 
2026-06-23 19:59:58;500769;SAO GABRIEL DO OESTE;6354265;CENTRAL DE REGULACAO DE SAO GABRIEL DO OESTE;500769;SAO GABRIEL DO OESTE;1;1;2026-04-21 12:25:28;3100000;RESSONANCIA MAGNETICA DO JOELHO ESQUERDO;3100000;GRUPO - RESSONANCIA MAGNETICA;0207030030;RESSONANCIA MAGNETICA DE MEMBRO INFERIOR (UNILATERAL);LENICE SANTOS DE MATOS;1995-08-18;COSMA GABRIEL DOS SANTOS;704004372753265;06630691148;FEMININO;663096563;4;218;23;2180;3;S835;ENTORSE E DISTENSAO ENVOLVENDO LIGAMENTO CRUZADO (ANTERIOR) (POSTERIOR) DO JOELHO 
2026-06-23 19:59:58;500769;SAO GABRIEL DO OESTE;6354265;CENTRAL DE REGULACAO DE SAO GABRIEL DO OESTE;500769;SAO GABRIEL DO OESTE;1;1;2026-04-21 12:20:06;3100000;RESSONANCIA MAGNETICA DO JOELHO ESQUERDO;3100000;GRUPO - RESSONANCIA MAGNETICA;0207030030;RESSONANCIA MAGNETICA DE MEMBRO INFERIOR (UNILATERAL);MARIVANE RODRIGUES DA SILVA;1987-03-25;SEBASTIANA MARTA RODRIGUES DA SILVA;708602518809281;04209454150;FEMININO;663096481;4;215;23;2150;3;S835;ENTORSE E DISTENSAO ENVOLVENDO LIGAMENTO CRUZADO (ANTERIOR) (POSTERIOR) DO JOELHO 
2026-06-23 19:59:58;500769;SAO GABRIEL DO OESTE;6354265;CENTRAL DE REGULACAO DE SAO GABRIEL DO OESTE;500769;SAO GABRIEL DO OESTE;1;1;2026-04-21 11:50:39;3100000;RESSONANCIA MAGNETICA DO JOELHO ESQUERDO;3100000;GRUPO - RESSONANCIA MAGNETICA;0207030030;RESSONANCIA MAGNETICA DE MEMBRO INFERIOR (UNILATERAL);KELVEN LUIS SILVA;1992-03-26;CLEUSA APARECIDA DE PAULA SILVA;703400268124618;04313945121;MASCULINO;663096036;4;203;23;2030;3;S830;LUXACAO DA ROTULA [PATELA] 
2026-06-23 19:59:58;500769;SAO GABRIEL DO OESTE;6354265;CENTRAL DE REGULACAO DE SAO GABRIEL DO OESTE;500769;SAO GABRIEL DO OESTE;1;1;2026-04-21 11:40:19;3100000;RESSONANCIA MAGNETICA DO JOELHO ESQUERDO;3100000;GRUPO - RESSONANCIA MAGNETICA;0207030030;RESSONANCIA MAGNETICA DE MEMBRO INFERIOR (UNILATERAL);KLEITON MAGNO DE MORAIS DELGADO;1988-07-19;IDALINA DE ARRUDA;708705175587998;02309175188;MASCULINO;663095842;4;198;23;1980;3;M233;OUTROS TRANSTORNOS DO MENISCO 
2026-06-23 19:59:58;500769;SAO GABRIEL DO OESTE;6354265;CENTRAL DE REGULACAO DE SAO GABRIEL DO OESTE;500769;SAO GABRIEL DO OESTE;1;1;2026-04-21 13:57:14;3100000;RESSONANCIA MAGNETICA DO JOELHO ESQUERDO;3100000;GRUPO - RESSONANCIA MAGNETICA;0207030030;RESSONANCIA MAGNETICA DE MEMBRO INFERIOR (UNILATERAL);LUCAS DE SOUSA SILVA;1995-04-24;LUCIENE DE SOUSA SILVA;701806233454773;60896506339;MASCULINO;663097848;4;278;23;2780;3;M233;OUTROS TRANSTORNOS DO MENISCO 
2026-06-23 19:59:58;500769;SAO GABRIEL DO OESTE;6354265;CENTRAL DE REGULACAO DE SAO GABRIEL DO OESTE;500769;SAO GABRIEL DO OESTE;1;1;2026-04-21 13:37:55;3100000;RESSONANCIA MAGNETICA DO JOELHO ESQUERDO;3100000;GRUPO - RESSONANCIA MAGNETICA;0207030030;RESSONANCIA MAGNETICA DE MEMBRO INFERIOR (UNILATERAL);LUCAS DE SOUZA;1999-10-25;ELIETE DE SOUZA;700404430910244;08064541131;MASCULINO;663097509;4;270;23;2700;3;S835;ENTORSE E DISTENSAO ENVOLVENDO LIGAMENTO CRUZADO (ANTERIOR) (POSTERIOR) DO JOELHO 
2026-06-23 19:59:58;500769;SAO GABRIEL DO OESTE;6354265;CENTRAL DE REGULACAO DE SAO GABRIEL DO OESTE;500769;SAO GABRIEL DO OESTE;1;1;2026-04-21 13:27:34;3100000;RESSONANCIA MAGNETICA DO JOELHO ESQUERDO;3100000;GRUPO - RESSONANCIA MAGNETICA;0207030030;RESSONANCIA MAGNETICA DE MEMBRO INFERIOR (UNILATERAL);MARLENE GUEDIN GINDRI;1964-07-28;ORTENILA BATISTTI GUEDIN;707405083791070;36554316191;FEMININO;663097356;4;262;23;2620;3;M171;OUTRAS GONARTROSES PRIMARIAS 
2026-06-23 19:59:58;500769;SAO GABRIEL DO OESTE;6354265;CENTRAL DE REGULACAO DE SAO GABRIEL DO OESTE;500769;SAO GABRIEL DO OESTE;1;1;2026-04-21 13:05:50;3100000;RESSONANCIA MAGNETICA DO JOELHO ESQUERDO;3100000;GRUPO - RESSONANCIA MAGNETICA;0207030030;RESSONANCIA MAGNETICA DE MEMBRO INFERIOR (UNILATERAL);NAIR DE ALMEIDA VIANNA;1944-03-05;IRENA BAUMGARTNER;701705252324170;97063851187;FEMININO;663097069;4;249;23;2490;3;M179;GONARTROSE NAO ESPECIFICADA 
2026-06-23 19:59:58;500769;SAO GABRIEL DO OESTE;6354265;CENTRAL DE REGULACAO DE SAO GABRIEL DO OESTE;500769;SAO GABRIEL DO OESTE;1;1;2026-04-21 15:10:34;3100000;RESSONANCIA MAGNETICA DO JOELHO ESQUERDO;3100000;GRUPO - RESSONANCIA MAGNETICA;0207030030;RESSONANCIA MAGNETICA DE MEMBRO INFERIOR (UNILATERAL);ZILDA NUNES DE CARVALHO;1981-06-05;ALZIRA OLIVEIRA CARVALHO;701207092547513;89863488100;FEMININO;663099398;4;334;23;3340;3;S832;RUPTURA DO MENISCO, ATUAL 
2026-06-23 19:59:58;500769;SAO GABRIEL DO OESTE;6354265;CENTRAL DE REGULACAO DE SAO GABRIEL DO OESTE;500769;SAO GABRIEL DO OESTE;1;1;2026-04-21 15:03:54;3100000;RESSONANCIA MAGNETICA DO JOELHO ESQUERDO;3100000;GRUPO - RESSONANCIA MAGNETICA;0207030030;RESSONANCIA MAGNETICA DE MEMBRO INFERIOR (UNILATERAL);JUAREZ DOS SANTOS;1959-11-20;IDI MACHADO DOS SANTOS;704800060984546;54249341100;MASCULINO;663099251;4;331;23;3310;3;M17;GONARTROSE [ARTROSE DO JOELHO]
2026-06-23 19:59:58;500769;SAO GABRIEL DO OESTE;6354265;CENTRAL DE REGULACAO DE SAO GABRIEL DO OESTE;500769;SAO GABRIEL DO OESTE;1;1;2026-04-21 14:57:04;3100000;RESSONANCIA MAGNETICA DO JOELHO ESQUERDO;3100000;GRUPO - RESSONANCIA MAGNETICA;0207030030;RESSONANCIA MAGNETICA DE MEMBRO INFERIOR (UNILATERAL);SONIA ROSANGELA BORGES LEAL VICENTE;1970-07-18;CLEUZA BORGES LEAL;701105814690080;34871683249;FEMININO;663099082;4;328;23;3280;3;M549;DORSALGIA NAO ESPECIFICADA 
2026-06-23 19:59:58;500769;SAO GABRIEL DO OESTE;6354265;CENTRAL DE REGULACAO DE SAO GABRIEL DO OESTE;500769;SAO GABRIEL DO OESTE;1;1;2026-04-21 14:56:04;3100000;RESSONANCIA MAGNETICA DO JOELHO ESQUERDO;3100000;GRUPO - RESSONANCIA MAGNETICA;0207030030;RESSONANCIA MAGNETICA DE MEMBRO INFERIOR (UNILATERAL);WANDERLEI CARDOSO TAVARES CALONGA;1975-08-30;MARIA DO CARMO TAVARES;700802919441687;25188164884;MASCULINO;663099060;4;326;23;3260;3;M233;OUTROS TRANSTORNOS DO MENISCO 
2026-06-23 19:59:58;500769;SAO GABRIEL DO OESTE;6354265;CENTRAL DE REGULACAO DE SAO GABRIEL DO OESTE;500769;SAO GABRIEL DO OESTE;1;1;2026-04-21 14:44:54;3100000;RESSONANCIA MAGNETICA DO JOELHO ESQUERDO;3100000;GRUPO - RESSONANCIA MAGNETICA;0207030030;RESSONANCIA MAGNETICA DE MEMBRO INFERIOR (UNILATERAL);SILENE FERREIRA DO CARMO;1975-04-26;VALDIRA FERREIRA DO CARMO;709607697971774;58323031134;FEMININO;663098825;4;316;23;3160;3;M179;GONARTROSE NAO ESPECIFICADA 
2026-06-23 19:59:58;500769;SAO GABRIEL DO OESTE;6354265;CENTRAL DE REGULACAO DE SAO GABRIEL DO OESTE;500769;SAO GABRIEL DO OESTE;1;1;2026-04-21 14:32:43;3100000;RESSONANCIA MAGNETICA DO JOELHO ESQUERDO;3100000;GRUPO - RESSONANCIA MAGNETICA;0207030030;RESSONANCIA MAGNETICA DE MEMBRO INFERIOR (UNILATERAL);MARCIA JORGE SANTANA DA SILVA;1975-07-06;MARIA APARECIDA MARTINS;707602274744099;60822147149;FEMININO;663098604;4;309;23;3090;3;M224;CONDROMALACIA DA ROTULA 
2026-06-23 19:59:58;500769;SAO GABRIEL DO OESTE;6354265;CENTRAL DE REGULACAO DE SAO GABRIEL DO OESTE;500769;SAO GABRIEL DO OESTE;1;1;2026-04-21 14:32:14;3100000;RESSONANCIA MAGNETICA DO JOELHO ESQUERDO;3100000;GRUPO - RESSONANCIA MAGNETICA;0207030030;RESSONANCIA MAGNETICA DE MEMBRO INFERIOR (UNILATERAL);SONIA APARECIDA PEREIRA DA COSTA;1973-08-27;TEREZINHA PEREIRA DA COSTA;706808772810722;63924404100;FEMININO;663098591;4;308;23;3080;3;M224;CONDROMALACIA DA ROTULA 
2026-06-23 19:59:58;500769;SAO GABRIEL DO OESTE;6354265;CENTRAL DE REGULACAO DE SAO GABRIEL DO OESTE;500769;SAO GABRIEL DO OESTE;1;1;2026-04-21 14:23:24;3100000;RESSONANCIA MAGNETICA DO JOELHO ESQUERDO;3100000;GRUPO - RESSONANCIA MAGNETICA;0207030030;RESSONANCIA MAGNETICA DE MEMBRO INFERIOR (UNILATERAL);ROSANIA APARECIDA BALTA IAHN;1968-11-14;WANDA BALTA IAHN;700003873442803;85120138187;FEMININO;663098414;4;302;23;3020;3;M170;GONARTROSE PRIMARIA BILATERAL 
2026-06-23 19:59:58;500769;SAO GABRIEL DO OESTE;6354265;CENTRAL DE REGULACAO DE SAO GABRIEL DO OESTE;500769;SAO GABRIEL DO OESTE;1;1;2026-04-21 14:21:00;3100000;RESSONANCIA MAGNETICA DO JOELHO ESQUERDO;3100000;GRUPO - RESSONANCIA MAGNETICA;0207030030;RESSONANCIA MAGNETICA DE MEMBRO INFERIOR (UNILATERAL);LUCILA PAIVA DE LIMA;1948-08-22;OSCARLINA PAIVA;707402073563870;28511239120;FEMININO;663098364;4;299;23;2990;3;N179;INSUFICIENCIA RENAL AGUDA NAO ESPECIFICADA 
2026-06-23 19:59:58;500769;SAO GABRIEL DO OESTE;6354265;CENTRAL DE REGULACAO DE SAO GABRIEL DO OESTE;500769;SAO GABRIEL DO OESTE;1;1;2026-04-21 14:17:29;3100000;RESSONANCIA MAGNETICA DO JOELHO ESQUERDO;3100000;GRUPO - RESSONANCIA MAGNETICA;0207030030;RESSONANCIA MAGNETICA DE MEMBRO INFERIOR (UNILATERAL);LUCIA FERREIRA MARION HAINASKI;1987-07-05;MARIA FERREIRA MARION;708505335218679;01906081107;FEMININO;663098294;4;296;23;2960;3;M751;SINDROME DO MANGUITO ROTADOR 
2026-06-23 19:59:58;500769;SAO GABRIEL DO OESTE;6354265;CENTRAL DE REGULACAO DE SAO GABRIEL DO OESTE;500769;SAO GABRIEL DO OESTE;1;1;2026-04-21 14:11:26;3100000;RESSONANCIA MAGNETICA DO JOELHO ESQUERDO;3100000;GRUPO - RESSONANCIA MAGNETICA;0207030030;RESSONANCIA MAGNETICA DE MEMBRO INFERIOR (UNILATERAL);MARIA ZELIA FERREIRA OLIVEIRA ALVES;1960-07-12;UBALDINA FERREIRA DE OLIVEIRA;701802230380171;28529294149;FEMININO;663098152;4;292;23;2920;3;M179;GONARTROSE NAO ESPECIFICADA 
2026-06-23 19:59:58;500769;SAO GABRIEL DO OESTE;6354265;CENTRAL DE REGULACAO DE SAO GABRIEL DO OESTE;500769;SAO GABRIEL DO OESTE;1;1;2026-04-22 14:57:59;3100000;RESSONANCIA MAGNETICA DO JOELHO ESQUERDO;3100000;GRUPO - RESSONANCIA MAGNETICA;0207030030;RESSONANCIA MAGNETICA DE MEMBRO INFERIOR (UNILATERAL);SHEILA GONCALVES;1962-05-03;GUIOMAR GONCALVES;709602666777270;73206202191;FEMININO;663325902;4;382;23;3820;3;M179;GONARTROSE NAO ESPECIFICADA 
2026-06-23 19:59:58;500769;SAO GABRIEL DO OESTE;6354265;CENTRAL DE REGULACAO DE SAO GABRIEL DO OESTE;500769;SAO GABRIEL DO OESTE;1;1;2026-04-22 14:13:58;3100000;RESSONANCIA MAGNETICA DO JOELHO ESQUERDO;3100000;GRUPO - RESSONANCIA MAGNETICA;0207030030;RESSONANCIA MAGNETICA DE MEMBRO INFERIOR (UNILATERAL);INEZ TEREZINHA GASPAR;1967-12-12;MARIA PIRES GASPAR;706407640899281;68593953972;FEMININO;663302858;4;374;23;3740;3;M255;DOR ARTICULAR 
2026-06-23 19:59:58;500769;SAO GABRIEL DO OESTE;6354265;CENTRAL DE REGULACAO DE SAO GABRIEL DO OESTE;500769;SAO GABRIEL DO OESTE;1;1;2026-04-21 15:57:06;3100000;RESSONANCIA MAGNETICA DO JOELHO ESQUERDO;3100000;GRUPO - RESSONANCIA MAGNETICA;0207030030;RESSONANCIA MAGNETICA DE MEMBRO INFERIOR (UNILATERAL);JUNIOR DOS SANTOS PEREIRA;1990-11-13;ABADIA SENHORINHA PEREIRA;706004369894143;39448944802;MASCULINO;663100307;4;368;23;3680;3;M233;OUTROS TRANSTORNOS DO MENISCO 
2026-06-23 19:59:58;500769;SAO GABRIEL DO OESTE;6354265;CENTRAL DE REGULACAO DE SAO GABRIEL DO OESTE;500769;SAO GABRIEL DO OESTE;1;1;2026-04-21 15:40:19;3100000;RESSONANCIA MAGNETICA DO JOELHO ESQUERDO;3100000;GRUPO - RESSONANCIA MAGNETICA;0207030030;RESSONANCIA MAGNETICA DE MEMBRO INFERIOR (UNILATERAL);SIDNEI PEREIRA CARDOSO;1977-10-30;MARIA MARCOLINA PEREIRA;705007229747959;93394470187;MASCULINO;663099986;4;358;23;3580;3;M765;TENDINITE PATELAR 
2026-06-23 19:59:58;500769;SAO GABRIEL DO OESTE;6354265;CENTRAL DE REGULACAO DE SAO GABRIEL DO OESTE;500769;SAO GABRIEL DO OESTE;1;1;2026-04-21 15:19:59;3100000;RESSONANCIA MAGNETICA DO JOELHO ESQUERDO;3100000;GRUPO - RESSONANCIA MAGNETICA;0207030030;RESSONANCIA MAGNETICA DE MEMBRO INFERIOR (UNILATERAL);JAMILY VICTORIA MONTESSI GALLEANO;2010-03-30;ALESSANDRA DOS SANTOS MONTESSI GALLEANO;700706913426273;09463799125;FEMININO;663099606;4;344;23;3440;3;M222;TRANSTORNOS FEMUROPATELARES 
2026-06-23 19:59:58;500769;SAO GABRIEL DO OESTE;6354265;CENTRAL DE REGULACAO DE SAO GABRIEL DO OESTE;500769;SAO GABRIEL DO OESTE;1;1;2026-04-21 15:18:18;3100000;RESSONANCIA MAGNETICA DO JOELHO ESQUERDO;3100000;GRUPO - RESSONANCIA MAGNETICA;0207030030;RESSONANCIA MAGNETICA DE MEMBRO INFERIOR (UNILATERAL);JOANA DARC RAMOS DE AMORIM;1977-07-25;SEBASTIANA RAMOS DO PRADO;706906179217934;86154923104;FEMININO;663099569;4;342;23;3420;3;S836;ENTORSE E DISTENSAO DE OUTRAS PARTES E DAS NAO ESPECIFICADAS DO JOELHO 
2026-06-23 19:59:58;500769;SAO GABRIEL DO OESTE;6354265;CENTRAL DE REGULACAO DE SAO GABRIEL DO OESTE;500769;SAO GABRIEL DO OESTE;1;1;2026-05-14 08:18:36;3100000;RESSONANCIA MAGNETICA DO JOELHO ESQUERDO;3100000;GRUPO - RESSONANCIA MAGNETICA;0207030030;RESSONANCIA MAGNETICA DE MEMBRO INFERIOR (UNILATERAL);ATEVALTE DOS SANTOS DE NOVAES;1981-09-21;MARIA ANTONIA DOS SANTOS;704203290029587;94979847153;MASCULINO;667491354;4;427;23;4270;3;S762;TRAUMATISMO DO MUSCULO E DO TENDAO DO ADUTOR DA COXA 
2026-06-23 19:59:58;500769;SAO GABRIEL DO OESTE;6354265;CENTRAL DE REGULACAO DE SAO GABRIEL DO OESTE;500769;SAO GABRIEL DO OESTE;1;1;2026-05-05 17:52:22;3100000;RESSONANCIA MAGNETICA DO JOELHO ESQUERDO;3100000;GRUPO - RESSONANCIA MAGNETICA;0207030030;RESSONANCIA MAGNETICA DE MEMBRO INFERIOR (UNILATERAL);MARCOS ROBERTO BRANDT;1983-07-26;ALICE BRANDT;705000087987959;05645358937;MASCULINO;665803176;4;409;23;4090;3;M233;OUTROS TRANSTORNOS DO MENISCO 
2026-06-23 19:59:58;500769;SAO GABRIEL DO OESTE;6354265;CENTRAL DE REGULACAO DE SAO GABRIEL DO OESTE;500769;SAO GABRIEL DO OESTE;1;1;2026-05-04 09:41:14;3100000;RESSONANCIA MAGNETICA DO JOELHO ESQUERDO;3100000;GRUPO - RESSONANCIA MAGNETICA;0207030030;RESSONANCIA MAGNETICA DE MEMBRO INFERIOR (UNILATERAL);CARLA ARRUDA DE LARA PEREIRA;1975-09-30;EMILIA ARRUDA DE LARA;708200189067649;82462224149;FEMININO;665275050;4;407;23;4070;3;M233;OUTROS TRANSTORNOS DO MENISCO 
2026-06-23 19:59:58;500769;SAO GABRIEL DO OESTE;6354265;CENTRAL DE REGULACAO DE SAO GABRIEL DO OESTE;500769;SAO GABRIEL DO OESTE;1;1;2026-04-29 16:27:08;3100000;RESSONANCIA MAGNETICA DO JOELHO ESQUERDO;3100000;GRUPO - RESSONANCIA MAGNETICA;0207030030;RESSONANCIA MAGNETICA DE MEMBRO INFERIOR (UNILATERAL);JOAQUIM GIACOMINI;1958-12-18;WLADISLAVA GIACOMINI;700109907821113;33504580925;MASCULINO;664854167;4;404;23;4040;3;M233;OUTROS TRANSTORNOS DO MENISCO 
2026-06-23 19:59:58;500769;SAO GABRIEL DO OESTE;6354265;CENTRAL DE REGULACAO DE SAO GABRIEL DO OESTE;500769;SAO GABRIEL DO OESTE;1;1;2026-04-28 09:14:29;3100000;RESSONANCIA MAGNETICA DO JOELHO ESQUERDO;3100000;GRUPO - RESSONANCIA MAGNETICA;0207030030;RESSONANCIA MAGNETICA DE MEMBRO INFERIOR (UNILATERAL);EVANIR BENACHIO;1951-02-09;ANA GILIOLI;700000118229006;20018975100;FEMININO;664321199;4;396;23;3960;3;M17;GONARTROSE [ARTROSE DO JOELHO]
2026-06-23 19:59:58;500769;SAO GABRIEL DO OESTE;6354265;CENTRAL DE REGULACAO DE SAO GABRIEL DO OESTE;500769;SAO GABRIEL DO OESTE;1;1;2026-05-28 15:15:38;3100000;RESSONANCIA MAGNETICA DO JOELHO ESQUERDO;3100000;GRUPO - RESSONANCIA MAGNETICA;0207030030;RESSONANCIA MAGNETICA DE MEMBRO INFERIOR (UNILATERAL);WENDER FREITAS FERREIRA;2004-11-13;ELAINE PEREIRA DE FREITAS FERREIRA;700807445423084;08788055167;MASCULINO;670495294;4;473;23;4730;3;M253;OUTRAS INSTABILIDADES ARTICULARES 
2026-06-23 19:59:58;500769;SAO GABRIEL DO OESTE;6354265;CENTRAL DE REGULACAO DE SAO GABRIEL DO OESTE;500769;SAO GABRIEL DO OESTE;1;1;2026-05-20 14:44:51;3100000;RESSONANCIA MAGNETICA DO JOELHO ESQUERDO;3100000;GRUPO - RESSONANCIA MAGNETICA;0207030030;RESSONANCIA MAGNETICA DE MEMBRO INFERIOR (UNILATERAL);MARIA AUXILIADORA DE SOUZA;1971-08-26;DELFINA MARCOLINO DE SOUZA;700608489191068;94201056104;FEMININO;668774658;4;445;23;4450;3;I839;VARIZES DOS MEMBROS INFERIORES SEM ULCERA OU INFLAMACAO 
2026-06-23 19:59:58;500769;SAO GABRIEL DO OESTE;6354265;CENTRAL DE REGULACAO DE SAO GABRIEL DO OESTE;500769;SAO GABRIEL DO OESTE;1;1;2026-06-12 08:18:01;3100000;RESSONANCIA MAGNETICA DO JOELHO ESQUERDO;3100000;GRUPO - RESSONANCIA MAGNETICA;0207030030;RESSONANCIA MAGNETICA DE MEMBRO INFERIOR (UNILATERAL);VITOR HUGO REICHERT;2005-11-25;LIDIANA TOMAZONI PIROVANO REICHERT;705209404264672;06001277109;MASCULINO;673033383;4;523;23;5230;3;S835;ENTORSE E DISTENSAO ENVOLVENDO LIGAMENTO CRUZADO (ANTERIOR) (POSTERIOR) DO JOELHO 
2026-06-23 19:59:58;500769;SAO GABRIEL DO OESTE;6354265;CENTRAL DE REGULACAO DE SAO GABRIEL DO OESTE;500769;SAO GABRIEL DO OESTE;1;1;2026-06-09 17:03:44;3100000;RESSONANCIA MAGNETICA DO JOELHO ESQUERDO;3100000;GRUPO - RESSONANCIA MAGNETICA;0207030030;RESSONANCIA MAGNETICA DE MEMBRO INFERIOR (UNILATERAL);LUCAS APARECIDO GONCALVES MIRANDA;2001-07-22;LUCIENE APARECIDA MIRANDA DO AMARAL;708600573577980;07304954183;MASCULINO;672434876;4;514;23;5140;3;M224;CONDROMALACIA DA ROTULA 
2026-06-23 19:59:58;500769;SAO GABRIEL DO OESTE;6354265;CENTRAL DE REGULACAO DE SAO GABRIEL DO OESTE;500769;SAO GABRIEL DO OESTE;1;1;2026-06-02 10:23:57;3100000;RESSONANCIA MAGNETICA DO JOELHO ESQUERDO;3100000;GRUPO - RESSONANCIA MAGNETICA;0207030030;RESSONANCIA MAGNETICA DE MEMBRO INFERIOR (UNILATERAL);LEA STAUD DE SOUSA;1984-03-11;NORMELINDA STAUD;704606145016029;00155476122;FEMININO;671245798;4;499;23;4990;3;M224;CONDROMALACIA DA ROTULA 
2026-06-23 19:59:58;500769;SAO GABRIEL DO OESTE;6354265;CENTRAL DE REGULACAO DE SAO GABRIEL DO OESTE;500769;SAO GABRIEL DO OESTE;1;1;2026-06-01 14:35:56;3100000;RESSONANCIA MAGNETICA DO JOELHO ESQUERDO;3100000;GRUPO - RESSONANCIA MAGNETICA;0207030030;RESSONANCIA MAGNETICA DE MEMBRO INFERIOR (UNILATERAL);PAULO RICARDO JACINTHO PROENCIO;2005-01-27;JANAINA ALVES JACINTHO;707005840036139;08978210171;MASCULINO;671054327;4;491;23;4910;3;M23;TRANSTORNOS INTERNOS DOS JOELHOS
2026-06-23 19:59:58;500769;SAO GABRIEL DO OESTE;6354265;CENTRAL DE REGULACAO DE SAO GABRIEL DO OESTE;500769;SAO GABRIEL DO OESTE;1;1;2026-05-28 17:35:43;3100000;RESSONANCIA MAGNETICA DO JOELHO ESQUERDO;3100000;GRUPO - RESSONANCIA MAGNETICA;0207030030;RESSONANCIA MAGNETICA DE MEMBRO INFERIOR (UNILATERAL);RIVALDO MORAES DE MESQUITA;1995-07-02;IZABEL MORAES DA ROCHA PEREIRA;702808193187567;05685033176;MASCULINO;670543814;4;485;23;4850;3;M224;CONDROMALACIA DA ROTULA 
2026-06-23 19:59:58;500769;SAO GABRIEL DO OESTE;6354265;CENTRAL DE REGULACAO DE SAO GABRIEL DO OESTE;500769;SAO GABRIEL DO OESTE;1;1;2026-06-22 15:55:42;3100000;RESSONANCIA MAGNETICA DO JOELHO ESQUERDO;3100000;GRUPO - RESSONANCIA MAGNETICA;0207030030;RESSONANCIA MAGNETICA DE MEMBRO INFERIOR (UNILATERAL);CLAUDIO BISPO DE JESUS;1980-05-24;MARIA DELMIRO DA SILVA JESUS;706706529208515;93736258100;MASCULINO;674856393;4;540;23;5400;3;M233;OUTROS TRANSTORNOS DO MENISCO 
2026-06-23 19:59:58;500769;SAO GABRIEL DO OESTE;6354265;CENTRAL DE REGULACAO DE SAO GABRIEL DO OESTE;500769;SAO GABRIEL DO OESTE;1;1;2026-04-10 14:51:04;3100000;RESSONANCIA MAGNETICA DO JOELHO DIREITO;3100000;GRUPO - RESSONANCIA MAGNETICA;0207030030;RESSONANCIA MAGNETICA DE MEMBRO INFERIOR (UNILATERAL);MARIA MADALENA SOARES DE SOUZA;1972-10-03;MARIA DE LOURDES PEREIRA DE SOUZA;709000821276512;90147405149;FEMININO;661457749;4;40;32;600;2;M179;GONARTROSE NAO ESPECIFICADA 
2026-06-23 19:59:58;500769;SAO GABRIEL DO OESTE;6354265;CENTRAL DE REGULACAO DE SAO GABRIEL DO OESTE;500769;SAO GABRIEL DO OESTE;1;1;2026-04-09 17:51:46;3100000;RESSONANCIA MAGNETICA DO JOELHO DIREITO;3100000;GRUPO - RESSONANCIA MAGNETICA;0207030030;RESSONANCIA MAGNETICA DE MEMBRO INFERIOR (UNILATERAL);SANDRA CONCEICAO DA SILVA CURTI;1974-03-17;LUZINETE MARIA CONCEICAO SILVA;705005250058758;56260199104;FEMININO;661264576;4;37;32;555;2;M23;TRANSTORNOS INTERNOS DOS JOELHOS
2026-06-23 19:59:58;500769;SAO GABRIEL DO OESTE;6354265;CENTRAL DE REGULACAO DE SAO GABRIEL DO OESTE;500769;SAO GABRIEL DO OESTE;1;1;2026-04-09 17:47:22;3100000;RESSONANCIA MAGNETICA DO JOELHO DIREITO;3100000;GRUPO - RESSONANCIA MAGNETICA;0207030030;RESSONANCIA MAGNETICA DE MEMBRO INFERIOR (UNILATERAL);SONIA REGINA OLIVEIRA DE MENEZES;1963-09-13;HELENA DE OLIVEIRA MENEZES;708907748502619;48981052115;FEMININO;661263898;4;36;32;540;2;M179;GONARTROSE NAO ESPECIFICADA 
2026-06-23 19:59:58;500769;SAO GABRIEL DO OESTE;6354265;CENTRAL DE REGULACAO DE SAO GABRIEL DO OESTE;500769;SAO GABRIEL DO OESTE;1;1;2026-04-10 14:25:57;3100000;RESSONANCIA MAGNETICA DO JOELHO DIREITO;3100000;GRUPO - RESSONANCIA MAGNETICA;0207030030;RESSONANCIA MAGNETICA DE MEMBRO INFERIOR (UNILATERAL);PERSIVAL DE MIRANDA;1966-06-07;DORVALINA MARIA DE MIRANDA;700206996298027;39131564100;MASCULINO;661446780;3;8;32;120;2;M233;OUTROS TRANSTORNOS DO MENISCO 
2026-06-23 19:59:58;500769;SAO GABRIEL DO OESTE;6354265;CENTRAL DE REGULACAO DE SAO GABRIEL DO OESTE;500769;SAO GABRIEL DO OESTE;1;1;2026-04-15 17:40:21;3100000;RESSONANCIA MAGNETICA DO JOELHO DIREITO;3100000;GRUPO - RESSONANCIA MAGNETICA;0207030030;RESSONANCIA MAGNETICA DE MEMBRO INFERIOR (UNILATERAL);ELCI RODRIGUES DA ROSA;1957-03-13;ADELAIDA BECKMANN DA ROSA;700400437734847;38481600059;FEMININO;662412814;4;78;32;1170;2;M179;GONARTROSE NAO ESPECIFICADA 
2026-06-23 19:59:58;500769;SAO GABRIEL DO OESTE;6354265;CENTRAL DE REGULACAO DE SAO GABRIEL DO OESTE;500769;SAO GABRIEL DO OESTE;1;1;2026-04-15 17:35:59;3100000;RESSONANCIA MAGNETICA DO JOELHO DIREITO;3100000;GRUPO - RESSONANCIA MAGNETICA;0207030030;RESSONANCIA MAGNETICA DE MEMBRO INFERIOR (UNILATERAL);FRANCISCO SUEUDO DANTAS DE LIMA;1974-11-24;DINALVA ANDRADE DE LIMA;706206501021768;91546273468;MASCULINO;662412057;4;77;32;1155;2;M22;TRANSTORNOS DA ROTULA [PATELA]
2026-06-23 19:59:58;500769;SAO GABRIEL DO OESTE;6354265;CENTRAL DE REGULACAO DE SAO GABRIEL DO OESTE;500769;SAO GABRIEL DO OESTE;1;1;2026-04-15 16:59:52;3100000;RESSONANCIA MAGNETICA DO JOELHO DIREITO;3100000;GRUPO - RESSONANCIA MAGNETICA;0207030030;RESSONANCIA MAGNETICA DE MEMBRO INFERIOR (UNILATERAL);HELENA MARIA BRIOCHI;1969-02-26;NEUZA MEDIS BRIOCHI;702605723646546;02416122177;FEMININO;662404875;4;74;32;1110;2;M179;GONARTROSE NAO ESPECIFICADA 
2026-06-23 19:59:58;500769;SAO GABRIEL DO OESTE;6354265;CENTRAL DE REGULACAO DE SAO GABRIEL DO OESTE;500769;SAO GABRIEL DO OESTE;1;1;2026-04-15 16:55:38;3100000;RESSONANCIA MAGNETICA DO JOELHO DIREITO;3100000;GRUPO - RESSONANCIA MAGNETICA;0207030030;RESSONANCIA MAGNETICA DE MEMBRO INFERIOR (UNILATERAL);IZAURA NERES GONCALVES;1958-07-05;ILDA NERES GONCALVES;705404480319192;63930889153;FEMININO;662403760;4;73;32;1095;2;M179;GONARTROSE NAO ESPECIFICADA 
2026-06-23 19:59:58;500769;SAO GABRIEL DO OESTE;6354265;CENTRAL DE REGULACAO DE SAO GABRIEL DO OESTE;500769;SAO GABRIEL DO OESTE;1;1;2026-04-15 16:36:56;3100000;RESSONANCIA MAGNETICA DO JOELHO DIREITO;3100000;GRUPO - RESSONANCIA MAGNETICA;0207030030;RESSONANCIA MAGNETICA DE MEMBRO INFERIOR (UNILATERAL);JOHN GABRIEL MOREIRA KOPP;1996-09-05;MARINES MOREIRA DE MOURA KOPP;702409503322429;03401701150;MASCULINO;662397364;4;69;32;1035;2;M179;GONARTROSE NAO ESPECIFICADA 
2026-06-23 19:59:58;500769;SAO GABRIEL DO OESTE;6354265;CENTRAL DE REGULACAO DE SAO GABRIEL DO OESTE;500769;SAO GABRIEL DO OESTE;1;1;2026-04-15 16:22:50;3100000;RESSONANCIA MAGNETICA DO JOELHO DIREITO;3100000;GRUPO - RESSONANCIA MAGNETICA;0207030030;RESSONANCIA MAGNETICA DE MEMBRO INFERIOR (UNILATERAL);JULIANO FREITAS LIMA;1988-01-15;SIRLEI MARIANO DE FREITAS;702104825657370;01813148198;MASCULINO;662391770;4;66;32;990;2;S835;ENTORSE E DISTENSAO ENVOLVENDO LIGAMENTO CRUZADO (ANTERIOR) (POSTERIOR) DO JOELHO 
2026-06-23 19:59:58;500769;SAO GABRIEL DO OESTE;6354265;CENTRAL DE REGULACAO DE SAO GABRIEL DO OESTE;500769;SAO GABRIEL DO OESTE;1;1;2026-04-10 17:38:36;3100000;RESSONANCIA MAGNETICA DO JOELHO DIREITO;3100000;GRUPO - RESSONANCIA MAGNETICA;0207030030;RESSONANCIA MAGNETICA DE MEMBRO INFERIOR (UNILATERAL);IVAIR TORELI;1967-11-27;MARIA PEIXER;707800637117810;40449130134;MASCULINO;661509954;4;60;32;900;2;M232;TRANSTORNO DO MENISCO DEVIDO A RUPTURA OU LESAO ANTIGA 
2026-06-23 19:59:58;500769;SAO GABRIEL DO OESTE;6354265;CENTRAL DE REGULACAO DE SAO GABRIEL DO OESTE;500769;SAO GABRIEL DO OESTE;1;1;2026-04-10 16:58:01;3100000;RESSONANCIA MAGNETICA DO JOELHO DIREITO;3100000;GRUPO - RESSONANCIA MAGNETICA;0207030030;RESSONANCIA MAGNETICA DE MEMBRO INFERIOR (UNILATERAL);MARIA JOSE DE ARRUDA BARBOSA;1955-05-09;SEBASTIANA FLORENTINA DE ARRUDA;704701790534330;20054696100;FEMININO;661503514;4;54;32;810;2;M17;GONARTROSE [ARTROSE DO JOELHO]
2026-06-23 19:59:58;500769;SAO GABRIEL DO OESTE;6354265;CENTRAL DE REGULACAO DE SAO GABRIEL DO OESTE;500769;SAO GABRIEL DO OESTE;1;1;2026-04-17 09:14:50;3100000;RESSONANCIA MAGNETICA DO JOELHO DIREITO;3100000;GRUPO - RESSONANCIA MAGNETICA;0207030030;RESSONANCIA MAGNETICA DE MEMBRO INFERIOR (UNILATERAL);CLEVERSON RODRIGUES DOS SANTOS;1989-11-21;OLINDA CATARINA RODRIGUES;704000816890363;06845666997;MASCULINO;662749273;4;137;32;2055;2;M233;OUTROS TRANSTORNOS DO MENISCO 
2026-06-23 19:59:58;500769;SAO GABRIEL DO OESTE;6354265;CENTRAL DE REGULACAO DE SAO GABRIEL DO OESTE;500769;SAO GABRIEL DO OESTE;1;1;2026-04-17 08:22:49;3100000;RESSONANCIA MAGNETICA DO JOELHO DIREITO;3100000;GRUPO - RESSONANCIA MAGNETICA;0207030030;RESSONANCIA MAGNETICA DE MEMBRO INFERIOR (UNILATERAL);CLAUDINES ALMEIDA DE SOUZA;1979-06-14;MARIA MORELDE ALMEIDA;702805188266265;86136348187;MASCULINO;662725406;4;129;32;1935;2;M23;TRANSTORNOS INTERNOS DOS JOELHOS
2026-06-23 19:59:58;500769;SAO GABRIEL DO OESTE;6354265;CENTRAL DE REGULACAO DE SAO GABRIEL DO OESTE;500769;SAO GABRIEL DO OESTE;1;1;2026-04-16 16:58:40;3100000;RESSONANCIA MAGNETICA DO JOELHO DIREITO;3100000;GRUPO - RESSONANCIA MAGNETICA;0207030030;RESSONANCIA MAGNETICA DE MEMBRO INFERIOR (UNILATERAL);DOUGLAS SIQUEIRA BRAUNER;1994-10-11;CARMEN TEREZINHA CRUZ DE SIQUEIRA BRAUNER;700509503944058;03402867176;MASCULINO;662686808;4;124;32;1860;2;S835;ENTORSE E DISTENSAO ENVOLVENDO LIGAMENTO CRUZADO (ANTERIOR) (POSTERIOR) DO JOELHO 
2026-06-23 19:59:58;500769;SAO GABRIEL DO OESTE;6354265;CENTRAL DE REGULACAO DE SAO GABRIEL DO OESTE;500769;SAO GABRIEL DO OESTE;1;1;2026-04-16 16:51:39;3100000;RESSONANCIA MAGNETICA DO JOELHO DIREITO;3100000;GRUPO - RESSONANCIA MAGNETICA;0207030030;RESSONANCIA MAGNETICA DE MEMBRO INFERIOR (UNILATERAL);ELIODORA GONCALVES;1958-07-03;EMILIA GONCALVES;700409903383445;32152043120;FEMININO;662684745;4;123;32;1845;2;M179;GONARTROSE NAO ESPECIFICADA 
2026-06-23 19:59:58;500769;SAO GABRIEL DO OESTE;6354265;CENTRAL DE REGULACAO DE SAO GABRIEL DO OESTE;500769;SAO GABRIEL DO OESTE;1;1;2026-04-16 16:23:10;3100000;RESSONANCIA MAGNETICA DO JOELHO DIREITO;3100000;GRUPO - RESSONANCIA MAGNETICA;0207030030;RESSONANCIA MAGNETICA DE MEMBRO INFERIOR (UNILATERAL);EZIA DE ALMEIDA MARTINS;1982-12-08;MARIA CONCEICAO DE ALMEIDA;701407649408034;03001700173;FEMININO;662674442;4;120;32;1800;2;M232;TRANSTORNO DO MENISCO DEVIDO A RUPTURA OU LESAO ANTIGA 
2026-06-23 19:59:58;500769;SAO GABRIEL DO OESTE;6354265;CENTRAL DE REGULACAO DE SAO GABRIEL DO OESTE;500769;SAO GABRIEL DO OESTE;1;1;2026-04-16 11:52:03;3100000;RESSONANCIA MAGNETICA DO JOELHO DIREITO;3100000;GRUPO - RESSONANCIA MAGNETICA;0207030030;RESSONANCIA MAGNETICA DE MEMBRO INFERIOR (UNILATERAL);BASILICIO RAMIREZ CESPEDES;1976-05-20;ISABEL CESPEDES;703401302878900;12128680131;MASCULINO;662567255;4;111;32;1665;2;S835;ENTORSE E DISTENSAO ENVOLVENDO LIGAMENTO CRUZADO (ANTERIOR) (POSTERIOR) DO JOELHO 
2026-06-23 19:59:58;500769;SAO GABRIEL DO OESTE;6354265;CENTRAL DE REGULACAO DE SAO GABRIEL DO OESTE;500769;SAO GABRIEL DO OESTE;1;1;2026-04-16 11:31:57;3100000;RESSONANCIA MAGNETICA DO JOELHO DIREITO;3100000;GRUPO - RESSONANCIA MAGNETICA;0207030030;RESSONANCIA MAGNETICA DE MEMBRO INFERIOR (UNILATERAL);ANA ALICE DOS SANTOS DE OLIVEIRA;1951-12-17;ALICE GONCALVES DOS SANTOS;700005325523508;80089712153;FEMININO;662557476;4;105;32;1575;2;M179;GONARTROSE NAO ESPECIFICADA 
2026-06-23 19:59:58;500769;SAO GABRIEL DO OESTE;6354265;CENTRAL DE REGULACAO DE SAO GABRIEL DO OESTE;500769;SAO GABRIEL DO OESTE;1;1;2026-04-16 10:50:17;3100000;RESSONANCIA MAGNETICA DO JOELHO DIREITO;3100000;GRUPO - RESSONANCIA MAGNETICA;0207030030;RESSONANCIA MAGNETICA DE MEMBRO INFERIOR (UNILATERAL);ADEMILSON INACIO DE OLIVEIRA;1960-06-02;MARIA SEBASTIANA DE JESUS;706807729772422;35811668104;MASCULINO;662533118;4;99;32;1485;2;M179;GONARTROSE NAO ESPECIFICADA 
2026-06-23 19:59:58;500769;SAO GABRIEL DO OESTE;6354265;CENTRAL DE REGULACAO DE SAO GABRIEL DO OESTE;500769;SAO GABRIEL DO OESTE;1;1;2026-04-16 10:07:16;3100000;RESSONANCIA MAGNETICA DO JOELHO DIREITO;3100000;GRUPO - RESSONANCIA MAGNETICA;0207030030;RESSONANCIA MAGNETICA DE MEMBRO INFERIOR (UNILATERAL);ANTERO VIEIRA DA SILVA;1964-05-26;LUIZA FERNANDES ARAUJO;704802576967345;05925664809;MASCULINO;662505806;4;94;32;1410;2;M179;GONARTROSE NAO ESPECIFICADA 
2026-06-23 19:59:58;500769;SAO GABRIEL DO OESTE;6354265;CENTRAL DE REGULACAO DE SAO GABRIEL DO OESTE;500769;SAO GABRIEL DO OESTE;1;1;2026-04-16 09:21:14;3100000;RESSONANCIA MAGNETICA DO JOELHO DIREITO;3100000;GRUPO - RESSONANCIA MAGNETICA;0207030030;RESSONANCIA MAGNETICA DE MEMBRO INFERIOR (UNILATERAL);ADEMIR DA SILVA MARTINS;1994-05-10;APARECIDA ARRUDA DA SILVA;709009892822313;05145477155;MASCULINO;662476565;4;89;32;1335;2;G572;LESAO DO NERVO FEMORAL 
2026-06-23 19:59:58;500769;SAO GABRIEL DO OESTE;6354265;CENTRAL DE REGULACAO DE SAO GABRIEL DO OESTE;500769;SAO GABRIEL DO OESTE;1;1;2026-04-17 17:04:47;3100000;RESSONANCIA MAGNETICA DO JOELHO DIREITO;3100000;GRUPO - RESSONANCIA MAGNETICA;0207030030;RESSONANCIA MAGNETICA DE MEMBRO INFERIOR (UNILATERAL);GENECI SILVEIRA NOLASCO DA SILVA;1970-08-08;ALDIVINA SILVEIRA NOLASCO;702305149894018;98560158120;FEMININO;662936919;4;182;32;2730;2;M179;GONARTROSE NAO ESPECIFICADA 
2026-06-23 19:59:58;500769;SAO GABRIEL DO OESTE;6354265;CENTRAL DE REGULACAO DE SAO GABRIEL DO OESTE;500769;SAO GABRIEL DO OESTE;1;1;2026-04-17 14:48:38;3100000;RESSONANCIA MAGNETICA DO JOELHO DIREITO;3100000;GRUPO - RESSONANCIA MAGNETICA;0207030030;RESSONANCIA MAGNETICA DE MEMBRO INFERIOR (UNILATERAL);ELICIOMAR DE JESUS DA SILVA;1983-03-10;ILZA DE JESUS DA SILVA;704008316052765;01837262195;FEMININO;662889804;4;164;32;2460;2;M233;OUTROS TRANSTORNOS DO MENISCO 
2026-06-23 19:59:58;500769;SAO GABRIEL DO OESTE;6354265;CENTRAL DE REGULACAO DE SAO GABRIEL DO OESTE;500769;SAO GABRIEL DO OESTE;1;1;2026-04-17 11:18:28;3100000;RESSONANCIA MAGNETICA DO JOELHO DIREITO;3100000;GRUPO - RESSONANCIA MAGNETICA;0207030030;RESSONANCIA MAGNETICA DE MEMBRO INFERIOR (UNILATERAL);ELISABETE PRESTES LOUREIRO;1970-06-21;ROSA PRESTES LOUREIRO;703608015550134;56174179168;FEMININO;662818759;4;161;32;2415;2;S836;ENTORSE E DISTENSAO DE OUTRAS PARTES E DAS NAO ESPECIFICADAS DO JOELHO 
2026-06-23 19:59:58;500769;SAO GABRIEL DO OESTE;6354265;CENTRAL DE REGULACAO DE SAO GABRIEL DO OESTE;500769;SAO GABRIEL DO OESTE;1;1;2026-04-17 10:12:51;3100000;RESSONANCIA MAGNETICA DO JOELHO DIREITO;3100000;GRUPO - RESSONANCIA MAGNETICA;0207030030;RESSONANCIA MAGNETICA DE MEMBRO INFERIOR (UNILATERAL);CREUZA PEREIRA DA SILVA NASCIMENTO;1970-04-01;APARECIDA PEREIRA DA SILVA;702608783272548;87056046134;FEMININO;662781657;4;151;32;2265;2;M179;GONARTROSE NAO ESPECIFICADA 
2026-06-23 19:59:58;500769;SAO GABRIEL DO OESTE;6354265;CENTRAL DE REGULACAO DE SAO GABRIEL DO OESTE;500769;SAO GABRIEL DO OESTE;1;1;2026-04-17 09:55:11;3100000;RESSONANCIA MAGNETICA DO JOELHO DIREITO;3100000;GRUPO - RESSONANCIA MAGNETICA;0207030030;RESSONANCIA MAGNETICA DE MEMBRO INFERIOR (UNILATERAL);CARLA ADRIANA ALVES VASQUES;1980-11-28;CONCEICAO ALVES MARINHO VASQUES;709602617630474;95982124168;FEMININO;662771320;4;149;32;2235;2;M179;GONARTROSE NAO ESPECIFICADA 
2026-06-23 19:59:58;500769;SAO GABRIEL DO OESTE;6354265;CENTRAL DE REGULACAO DE SAO GABRIEL DO OESTE;500769;SAO GABRIEL DO OESTE;1;1;2026-04-17 09:24:34;3100000;RESSONANCIA MAGNETICA DO JOELHO DIREITO;3100000;GRUPO - RESSONANCIA MAGNETICA;0207030030;RESSONANCIA MAGNETICA DE MEMBRO INFERIOR (UNILATERAL);CLAUDETE PAULINO;1963-04-29;HILDEGA FRIGER GUTH;703203667667393;77832469153;FEMININO;662754321;4;140;32;2100;2;M179;GONARTROSE NAO ESPECIFICADA 
2026-06-23 19:59:58;500769;SAO GABRIEL DO OESTE;6354265;CENTRAL DE REGULACAO DE SAO GABRIEL DO OESTE;500769;SAO GABRIEL DO OESTE;1;1;2026-04-21 12:54:16;3100000;RESSONANCIA MAGNETICA DO JOELHO DIREITO;3100000;GRUPO - RESSONANCIA MAGNETICA;0207030030;RESSONANCIA MAGNETICA DE MEMBRO INFERIOR (UNILATERAL);MAYSA CIDRAO ROSA;1965-05-30;EULINA ROSA CAXIAS;704505342048713;33818100144;FEMININO;663096925;4;239;32;3585;2;M501;TRANSTORNO DO DISCO CERVICAL COM RADICULOPATIA 
2026-06-23 19:59:58;500769;SAO GABRIEL DO OESTE;6354265;CENTRAL DE REGULACAO DE SAO GABRIEL DO OESTE;500769;SAO GABRIEL DO OESTE;1;1;2026-04-21 12:40:36;3100000;RESSONANCIA MAGNETICA DO JOELHO DIREITO;3100000;GRUPO - RESSONANCIA MAGNETICA;0207030030;RESSONANCIA MAGNETICA DE MEMBRO INFERIOR (UNILATERAL);MARIA DE FATIMA SILVA BARBOSA LEAL;1969-10-14;MARGARIDA DA SILVA BARBOSA;706808796208623;50130277134;FEMININO;663096774;4;228;32;3420;2;S830;LUXACAO DA ROTULA [PATELA] 
2026-06-23 19:59:58;500769;SAO GABRIEL DO OESTE;6354265;CENTRAL DE REGULACAO DE SAO GABRIEL DO OESTE;500769;SAO GABRIEL DO OESTE;1;1;2026-04-21 12:29:02;3100000;RESSONANCIA MAGNETICA DO JOELHO DIREITO;3100000;GRUPO - RESSONANCIA MAGNETICA;0207030030;RESSONANCIA MAGNETICA DE MEMBRO INFERIOR (UNILATERAL);MARLON NEY DIAS SOARES;2006-11-01;LIVANIA DIAS DOURADO;702806658321462;08539058197;MASCULINO;663096613;4;221;32;3315;2;S83;LUXACAO, ENTORSE E DISTENSAO DAS ARTICULACOES E DOS LIGAMENTOS DO JOELHO
2026-06-23 19:59:58;500769;SAO GABRIEL DO OESTE;6354265;CENTRAL DE REGULACAO DE SAO GABRIEL DO OESTE;500769;SAO GABRIEL DO OESTE;1;1;2026-04-21 12:13:09;3100000;RESSONANCIA MAGNETICA DO JOELHO DIREITO;3100000;GRUPO - RESSONANCIA MAGNETICA;0207030030;RESSONANCIA MAGNETICA DE MEMBRO INFERIOR (UNILATERAL);MADALENA DO NASCIMENTO MONTESSI;1964-10-16;CONCEICAO DO NASCIMENTO MONTESSI;701401660122634;02588350100;FEMININO;663096368;4;213;32;3195;2;M87;OSTEONECROSE
2026-06-23 19:59:58;500769;SAO GABRIEL DO OESTE;6354265;CENTRAL DE REGULACAO DE SAO GABRIEL DO OESTE;500769;SAO GABRIEL DO OESTE;1;1;2026-04-21 11:40:19;3100000;RESSONANCIA MAGNETICA DO JOELHO DIREITO;3100000;GRUPO - RESSONANCIA MAGNETICA;0207030030;RESSONANCIA MAGNETICA DE MEMBRO INFERIOR (UNILATERAL);KLEITON MAGNO DE MORAIS DELGADO;1988-07-19;IDALINA DE ARRUDA;708705175587998;02309175188;MASCULINO;663095842;4;198;32;2970;2;M233;OUTROS TRANSTORNOS DO MENISCO 
2026-06-23 19:59:58;500769;SAO GABRIEL DO OESTE;6354265;CENTRAL DE REGULACAO DE SAO GABRIEL DO OESTE;500769;SAO GABRIEL DO OESTE;1;1;2026-04-17 17:40:04;3100000;RESSONANCIA MAGNETICA DO JOELHO DIREITO;3100000;GRUPO - RESSONANCIA MAGNETICA;0207030030;RESSONANCIA MAGNETICA DE MEMBRO INFERIOR (UNILATERAL);HILDEBRANDO TALAVEIRA;1960-02-15;ANA MARIA TALAVEIRA;708605546758486;27348580106;MASCULINO;662942642;4;192;32;2880;2;S835;ENTORSE E DISTENSAO ENVOLVENDO LIGAMENTO CRUZADO (ANTERIOR) (POSTERIOR) DO JOELHO 
2026-06-23 19:59:58;500769;SAO GABRIEL DO OESTE;6354265;CENTRAL DE REGULACAO DE SAO GABRIEL DO OESTE;500769;SAO GABRIEL DO OESTE;1;1;2026-04-17 17:37:20;3100000;RESSONANCIA MAGNETICA DO JOELHO DIREITO;3100000;GRUPO - RESSONANCIA MAGNETICA;0207030030;RESSONANCIA MAGNETICA DE MEMBRO INFERIOR (UNILATERAL);HELOISA FERREIRA PAULINO;2008-12-20;ALESSA FERREIRA DE SOUZA;700007167730607;09555713162;FEMININO;662942243;4;191;32;2865;2;S832;RUPTURA DO MENISCO, ATUAL 
2026-06-23 19:59:58;500769;SAO GABRIEL DO OESTE;6354265;CENTRAL DE REGULACAO DE SAO GABRIEL DO OESTE;500769;SAO GABRIEL DO OESTE;1;1;2026-04-21 13:47:46;3100000;RESSONANCIA MAGNETICA DO JOELHO DIREITO;3100000;GRUPO - RESSONANCIA MAGNETICA;0207030030;RESSONANCIA MAGNETICA DE MEMBRO INFERIOR (UNILATERAL);MARIA DO CARMO FERNANDES;1978-03-02;FRANCISCA GORETI FERNANDES;708702146178497;94568251168;FEMININO;663097672;4;275;32;4125;2;M233;OUTROS TRANSTORNOS DO MENISCO 
2026-06-23 19:59:58;500769;SAO GABRIEL DO OESTE;6354265;CENTRAL DE REGULACAO DE SAO GABRIEL DO OESTE;500769;SAO GABRIEL DO OESTE;1;1;2026-04-21 13:35:05;3100000;RESSONANCIA MAGNETICA DO JOELHO DIREITO;3100000;GRUPO - RESSONANCIA MAGNETICA;0207030030;RESSONANCIA MAGNETICA DE MEMBRO INFERIOR (UNILATERAL);MARCIA CRISTINA PIRES DANTAS;1969-12-15;JUDITE DE SOUZA PIRES;703403268578700;25056796816;FEMININO;663097468;4;269;32;4035;2;M224;CONDROMALACIA DA ROTULA 
2026-06-23 19:59:58;500769;SAO GABRIEL DO OESTE;6354265;CENTRAL DE REGULACAO DE SAO GABRIEL DO OESTE;500769;SAO GABRIEL DO OESTE;1;1;2026-04-21 13:15:28;3100000;RESSONANCIA MAGNETICA DO JOELHO DIREITO;3100000;GRUPO - RESSONANCIA MAGNETICA;0207030030;RESSONANCIA MAGNETICA DE MEMBRO INFERIOR (UNILATERAL);MARIA ANTONIA ELIAS DA SILVA;1959-10-23;JANDIRA TEREZINHA DA SILVA;700201437649729;02068694107;FEMININO;663097203;4;257;32;3855;2;M179;GONARTROSE NAO ESPECIFICADA 
2026-06-23 19:59:58;500769;SAO GABRIEL DO OESTE;6354265;CENTRAL DE REGULACAO DE SAO GABRIEL DO OESTE;500769;SAO GABRIEL DO OESTE;1;1;2026-04-21 13:08:27;3100000;RESSONANCIA MAGNETICA DO JOELHO DIREITO;3100000;GRUPO - RESSONANCIA MAGNETICA;0207030030;RESSONANCIA MAGNETICA DE MEMBRO INFERIOR (UNILATERAL);NEUZA BRAGA DE CARVALHO;1959-07-17;MAURA FERREIRA BRAGA;700009458937900;56295480187;FEMININO;663097103;4;253;32;3795;2;S833;RUPTURA ATUAL DA CARTILAGEM DA ARTICULACAO DO JOELHO 
2026-06-23 19:59:58;500769;SAO GABRIEL DO OESTE;6354265;CENTRAL DE REGULACAO DE SAO GABRIEL DO OESTE;500769;SAO GABRIEL DO OESTE;1;1;2026-04-21 13:01:55;3100000;RESSONANCIA MAGNETICA DO JOELHO DIREITO;3100000;GRUPO - RESSONANCIA MAGNETICA;0207030030;RESSONANCIA MAGNETICA DE MEMBRO INFERIOR (UNILATERAL);MAYARA CRISTINA MANN;1993-03-24;SHEILA CRISTINA LEMES MANN;707403098210972;04481274158;FEMININO;663097017;4;245;32;3675;2;M255;DOR ARTICULAR 
2026-06-23 19:59:58;500769;SAO GABRIEL DO OESTE;6354265;CENTRAL DE REGULACAO DE SAO GABRIEL DO OESTE;500769;SAO GABRIEL DO OESTE;1;1;2026-04-21 15:03:54;3100000;RESSONANCIA MAGNETICA DO JOELHO DIREITO;3100000;GRUPO - RESSONANCIA MAGNETICA;0207030030;RESSONANCIA MAGNETICA DE MEMBRO INFERIOR (UNILATERAL);JUAREZ DOS SANTOS;1959-11-20;IDI MACHADO DOS SANTOS;704800060984546;54249341100;MASCULINO;663099251;4;331;32;4965;2;M17;GONARTROSE [ARTROSE DO JOELHO]
2026-06-23 19:59:58;500769;SAO GABRIEL DO OESTE;6354265;CENTRAL DE REGULACAO DE SAO GABRIEL DO OESTE;500769;SAO GABRIEL DO OESTE;1;1;2026-04-21 14:57:04;3100000;RESSONANCIA MAGNETICA DO JOELHO DIREITO;3100000;GRUPO - RESSONANCIA MAGNETICA;0207030030;RESSONANCIA MAGNETICA DE MEMBRO INFERIOR (UNILATERAL);SONIA ROSANGELA BORGES LEAL VICENTE;1970-07-18;CLEUZA BORGES LEAL;701105814690080;34871683249;FEMININO;663099082;4;328;32;4920;2;M549;DORSALGIA NAO ESPECIFICADA 
2026-06-23 19:59:58;500769;SAO GABRIEL DO OESTE;6354265;CENTRAL DE REGULACAO DE SAO GABRIEL DO OESTE;500769;SAO GABRIEL DO OESTE;1;1;2026-04-21 14:41:26;3100000;RESSONANCIA MAGNETICA DO JOELHO DIREITO;3100000;GRUPO - RESSONANCIA MAGNETICA;0207030030;RESSONANCIA MAGNETICA DE MEMBRO INFERIOR (UNILATERAL);SANTA DE FATIMA PEREIRA;1954-10-01;ROSA MARCOLINA DE JESUS;707404024672078;66269164168;FEMININO;663098765;4;314;32;4710;2;M545;DOR LOMBAR BAIXA 
2026-06-23 19:59:58;500769;SAO GABRIEL DO OESTE;6354265;CENTRAL DE REGULACAO DE SAO GABRIEL DO OESTE;500769;SAO GABRIEL DO OESTE;1;1;2026-04-21 14:32:14;3100000;RESSONANCIA MAGNETICA DO JOELHO DIREITO;3100000;GRUPO - RESSONANCIA MAGNETICA;0207030030;RESSONANCIA MAGNETICA DE MEMBRO INFERIOR (UNILATERAL);SONIA APARECIDA PEREIRA DA COSTA;1973-08-27;TEREZINHA PEREIRA DA COSTA;706808772810722;63924404100;FEMININO;663098591;4;308;32;4620;2;M224;CONDROMALACIA DA ROTULA 
2026-06-23 19:59:58;500769;SAO GABRIEL DO OESTE;6354265;CENTRAL DE REGULACAO DE SAO GABRIEL DO OESTE;500769;SAO GABRIEL DO OESTE;1;1;2026-04-21 14:26:39;3100000;RESSONANCIA MAGNETICA DO JOELHO DIREITO;3100000;GRUPO - RESSONANCIA MAGNETICA;0207030030;RESSONANCIA MAGNETICA DE MEMBRO INFERIOR (UNILATERAL);ROSA MARIA PEREIRA DA SILVA;1972-01-07;MARIA DA CONCEICAO;706208090536567;56170610115;FEMININO;663098471;4;305;32;4575;2;M179;GONARTROSE NAO ESPECIFICADA 
2026-06-23 19:59:58;500769;SAO GABRIEL DO OESTE;6354265;CENTRAL DE REGULACAO DE SAO GABRIEL DO OESTE;500769;SAO GABRIEL DO OESTE;1;1;2026-04-21 14:21:00;3100000;RESSONANCIA MAGNETICA DO JOELHO DIREITO;3100000;GRUPO - RESSONANCIA MAGNETICA;0207030030;RESSONANCIA MAGNETICA DE MEMBRO INFERIOR (UNILATERAL);LUCILA PAIVA DE LIMA;1948-08-22;OSCARLINA PAIVA;707402073563870;28511239120;FEMININO;663098364;4;299;32;4485;2;N179;INSUFICIENCIA RENAL AGUDA NAO ESPECIFICADA 
2026-06-23 19:59:58;500769;SAO GABRIEL DO OESTE;6354265;CENTRAL DE REGULACAO DE SAO GABRIEL DO OESTE;500769;SAO GABRIEL DO OESTE;1;1;2026-04-21 14:14:41;3100000;RESSONANCIA MAGNETICA DO JOELHO DIREITO;3100000;GRUPO - RESSONANCIA MAGNETICA;0207030030;RESSONANCIA MAGNETICA DE MEMBRO INFERIOR (UNILATERAL);LUCIA FERREIRA MARION HAINASKI;1987-07-05;MARIA FERREIRA MARION;708505335218679;01906081107;FEMININO;663098226;4;295;32;4425;2;M765;TENDINITE PATELAR 
2026-06-23 19:59:58;500769;SAO GABRIEL DO OESTE;6354265;CENTRAL DE REGULACAO DE SAO GABRIEL DO OESTE;500769;SAO GABRIEL DO OESTE;1;1;2026-04-22 14:57:59;3100000;RESSONANCIA MAGNETICA DO JOELHO DIREITO;3100000;GRUPO - RESSONANCIA MAGNETICA;0207030030;RESSONANCIA MAGNETICA DE MEMBRO INFERIOR (UNILATERAL);SHEILA GONCALVES;1962-05-03;GUIOMAR GONCALVES;709602666777270;73206202191;FEMININO;663325902;4;382;32;5730;2;M179;GONARTROSE NAO ESPECIFICADA 
2026-06-23 19:59:58;500769;SAO GABRIEL DO OESTE;6354265;CENTRAL DE REGULACAO DE SAO GABRIEL DO OESTE;500769;SAO GABRIEL DO OESTE;1;1;2026-04-22 14:13:58;3100000;RESSONANCIA MAGNETICA DO JOELHO DIREITO;3100000;GRUPO - RESSONANCIA MAGNETICA;0207030030;RESSONANCIA MAGNETICA DE MEMBRO INFERIOR (UNILATERAL);INEZ TEREZINHA GASPAR;1967-12-12;MARIA PIRES GASPAR;706407640899281;68593953972;FEMININO;663302858;4;374;32;5610;2;M255;DOR ARTICULAR 
2026-06-23 19:59:58;500769;SAO GABRIEL DO OESTE;6354265;CENTRAL DE REGULACAO DE SAO GABRIEL DO OESTE;500769;SAO GABRIEL DO OESTE;1;1;2026-04-21 15:57:59;3100000;RESSONANCIA MAGNETICA DO JOELHO DIREITO;3100000;GRUPO - RESSONANCIA MAGNETICA;0207030030;RESSONANCIA MAGNETICA DE MEMBRO INFERIOR (UNILATERAL);SERGIO DE ASSIS MACEDO DA CONCEICAO;1994-08-31;ILMA MACEDO;704109107618375;05905844135;MASCULINO;663100323;4;369;32;5535;2;S835;ENTORSE E DISTENSAO ENVOLVENDO LIGAMENTO CRUZADO (ANTERIOR) (POSTERIOR) DO JOELHO 
2026-06-23 19:59:58;500769;SAO GABRIEL DO OESTE;6354265;CENTRAL DE REGULACAO DE SAO GABRIEL DO OESTE;500769;SAO GABRIEL DO OESTE;1;1;2026-04-21 15:40:19;3100000;RESSONANCIA MAGNETICA DO JOELHO DIREITO;3100000;GRUPO - RESSONANCIA MAGNETICA;0207030030;RESSONANCIA MAGNETICA DE MEMBRO INFERIOR (UNILATERAL);SIDNEI PEREIRA CARDOSO;1977-10-30;MARIA MARCOLINA PEREIRA;705007229747959;93394470187;MASCULINO;663099986;4;358;32;5370;2;M765;TENDINITE PATELAR 
2026-06-23 19:59:58;500769;SAO GABRIEL DO OESTE;6354265;CENTRAL DE REGULACAO DE SAO GABRIEL DO OESTE;500769;SAO GABRIEL DO OESTE;1;1;2026-04-21 15:21:46;3100000;RESSONANCIA MAGNETICA DO JOELHO DIREITO;3100000;GRUPO - RESSONANCIA MAGNETICA;0207030030;RESSONANCIA MAGNETICA DE MEMBRO INFERIOR (UNILATERAL);JOSEFA JESUS DE CARVALHO;1954-06-27;MARIANA JESUS DE CARVALHO;705008250821853;89388356187;FEMININO;663099644;4;347;32;5205;2;M179;GONARTROSE NAO ESPECIFICADA 
2026-06-23 19:59:58;500769;SAO GABRIEL DO OESTE;6354265;CENTRAL DE REGULACAO DE SAO GABRIEL DO OESTE;500769;SAO GABRIEL DO OESTE;1;1;2026-04-21 15:21:00;3100000;RESSONANCIA MAGNETICA DO JOELHO DIREITO;3100000;GRUPO - RESSONANCIA MAGNETICA;0207030030;RESSONANCIA MAGNETICA DE MEMBRO INFERIOR (UNILATERAL);MARIA FAUSTINA RIBEIRO DOS SANTOS;1952-09-06;DORNATILIA RIBEIRO;704105103465376;76060942172;FEMININO;663099629;4;345;32;5175;2;M179;GONARTROSE NAO ESPECIFICADA 
2026-06-23 19:59:58;500769;SAO GABRIEL DO OESTE;6354265;CENTRAL DE REGULACAO DE SAO GABRIEL DO OESTE;500769;SAO GABRIEL DO OESTE;1;1;2026-04-21 15:19:11;3100000;RESSONANCIA MAGNETICA DO JOELHO DIREITO;3100000;GRUPO - RESSONANCIA MAGNETICA;0207030030;RESSONANCIA MAGNETICA DE MEMBRO INFERIOR (UNILATERAL);MARLEI ROCHA SOUZA;1967-02-24;LIBERTAD ROCHA SOUZA;703405043958400;44573880178;FEMININO;663099586;4;343;32;5145;2;M255;DOR ARTICULAR 
2026-06-23 19:59:58;500769;SAO GABRIEL DO OESTE;6354265;CENTRAL DE REGULACAO DE SAO GABRIEL DO OESTE;500769;SAO GABRIEL DO OESTE;1;1;2026-04-21 15:18:18;3100000;RESSONANCIA MAGNETICA DO JOELHO DIREITO;3100000;GRUPO - RESSONANCIA MAGNETICA;0207030030;RESSONANCIA MAGNETICA DE MEMBRO INFERIOR (UNILATERAL);JOANA DARC RAMOS DE AMORIM;1977-07-25;SEBASTIANA RAMOS DO PRADO;706906179217934;86154923104;FEMININO;663099569;4;342;32;5130;2;S836;ENTORSE E DISTENSAO DE OUTRAS PARTES E DAS NAO ESPECIFICADAS DO JOELHO 
2026-06-23 19:59:58;500769;SAO GABRIEL DO OESTE;6354265;CENTRAL DE REGULACAO DE SAO GABRIEL DO OESTE;500769;SAO GABRIEL DO OESTE;1;1;2026-04-21 15:12:18;3100000;RESSONANCIA MAGNETICA DO JOELHO DIREITO;3100000;GRUPO - RESSONANCIA MAGNETICA;0207030030;RESSONANCIA MAGNETICA DE MEMBRO INFERIOR (UNILATERAL);ZILDA BALBINOT SIMONETTI;1967-07-17;TERESINHA SCALABRIN BALBINOT;707105391228620;01804097195;FEMININO;663099438;4;337;32;5055;2;M255;DOR ARTICULAR 
2026-06-23 19:59:58;500769;SAO GABRIEL DO OESTE;6354265;CENTRAL DE REGULACAO DE SAO GABRIEL DO OESTE;500769;SAO GABRIEL DO OESTE;1;1;2026-05-14 17:14:11;3100000;RESSONANCIA MAGNETICA DO JOELHO DIREITO;3100000;GRUPO - RESSONANCIA MAGNETICA;0207030030;RESSONANCIA MAGNETICA DE MEMBRO INFERIOR (UNILATERAL);EDENILSO BALBINOT;1984-05-13;MARIA LUCIA MENDES BALBINOT;706802236311423;04869275988;MASCULINO;667722176;4;430;32;6450;2;M255;DOR ARTICULAR 
2026-06-23 19:59:58;500769;SAO GABRIEL DO OESTE;6354265;CENTRAL DE REGULACAO DE SAO GABRIEL DO OESTE;500769;SAO GABRIEL DO OESTE;1;1;2026-05-14 08:18:36;3100000;RESSONANCIA MAGNETICA DO JOELHO DIREITO;3100000;GRUPO - RESSONANCIA MAGNETICA;0207030030;RESSONANCIA MAGNETICA DE MEMBRO INFERIOR (UNILATERAL);ATEVALTE DOS SANTOS DE NOVAES;1981-09-21;MARIA ANTONIA DOS SANTOS;704203290029587;94979847153;MASCULINO;667491354;4;427;32;6405;2;S762;TRAUMATISMO DO MUSCULO E DO TENDAO DO ADUTOR DA COXA 
2026-06-23 19:59:58;500769;SAO GABRIEL DO OESTE;6354265;CENTRAL DE REGULACAO DE SAO GABRIEL DO OESTE;500769;SAO GABRIEL DO OESTE;1;1;2026-05-08 08:15:28;3100000;RESSONANCIA MAGNETICA DO JOELHO DIREITO;3100000;GRUPO - RESSONANCIA MAGNETICA;0207030030;RESSONANCIA MAGNETICA DE MEMBRO INFERIOR (UNILATERAL);LUCIA MEREDICK BORSOI;1959-08-27;JOSEFA MEREDICK;700005090661604;80543855953;FEMININO;666393018;4;420;32;6300;2;M233;OUTROS TRANSTORNOS DO MENISCO 
2026-06-23 19:59:58;500769;SAO GABRIEL DO OESTE;6354265;CENTRAL DE REGULACAO DE SAO GABRIEL DO OESTE;500769;SAO GABRIEL DO OESTE;1;1;2026-04-28 09:14:29;3100000;RESSONANCIA MAGNETICA DO JOELHO DIREITO;3100000;GRUPO - RESSONANCIA MAGNETICA;0207030030;RESSONANCIA MAGNETICA DE MEMBRO INFERIOR (UNILATERAL);EVANIR BENACHIO;1951-02-09;ANA GILIOLI;700000118229006;20018975100;FEMININO;664321199;4;396;32;5940;2;M17;GONARTROSE [ARTROSE DO JOELHO]
2026-06-23 19:59:58;500769;SAO GABRIEL DO OESTE;6354265;CENTRAL DE REGULACAO DE SAO GABRIEL DO OESTE;500769;SAO GABRIEL DO OESTE;1;1;2026-05-25 14:53:36;3100000;RESSONANCIA MAGNETICA DO JOELHO DIREITO;3100000;GRUPO - RESSONANCIA MAGNETICA;0207030030;RESSONANCIA MAGNETICA DE MEMBRO INFERIOR (UNILATERAL);FABIANO WISNESKI;1976-02-25;LUCIA ALMEIDA WISNESKI;706908111764532;79941516120;MASCULINO;669602430;4;449;32;6735;2;M233;OUTROS TRANSTORNOS DO MENISCO 
2026-06-23 19:59:58;500769;SAO GABRIEL DO OESTE;6354265;CENTRAL DE REGULACAO DE SAO GABRIEL DO OESTE;500769;SAO GABRIEL DO OESTE;1;1;2026-05-21 10:54:30;3100000;RESSONANCIA MAGNETICA DO JOELHO DIREITO;3100000;GRUPO - RESSONANCIA MAGNETICA;0207030030;RESSONANCIA MAGNETICA DE MEMBRO INFERIOR (UNILATERAL);FELIPE FERREIRA THONIASO;2008-04-18;ALICE DE LIMA FERREIRA THONIASO;704300576447697;10791010120;MASCULINO;668955898;4;446;32;6690;2;M233;OUTROS TRANSTORNOS DO MENISCO 
2026-06-23 19:59:58;500769;SAO GABRIEL DO OESTE;6354265;CENTRAL DE REGULACAO DE SAO GABRIEL DO OESTE;500769;SAO GABRIEL DO OESTE;1;1;2026-05-20 14:44:51;3100000;RESSONANCIA MAGNETICA DO JOELHO DIREITO;3100000;GRUPO - RESSONANCIA MAGNETICA;0207030030;RESSONANCIA MAGNETICA DE MEMBRO INFERIOR (UNILATERAL);MARIA AUXILIADORA DE SOUZA;1971-08-26;DELFINA MARCOLINO DE SOUZA;700608489191068;94201056104;FEMININO;668774658;4;445;32;6675;2;I839;VARIZES DOS MEMBROS INFERIORES SEM ULCERA OU INFLAMACAO 
2026-06-23 19:59:58;500769;SAO GABRIEL DO OESTE;6354265;CENTRAL DE REGULACAO DE SAO GABRIEL DO OESTE;500769;SAO GABRIEL DO OESTE;1;1;2026-05-19 15:56:31;3100000;RESSONANCIA MAGNETICA DO JOELHO DIREITO;3100000;GRUPO - RESSONANCIA MAGNETICA;0207030030;RESSONANCIA MAGNETICA DE MEMBRO INFERIOR (UNILATERAL);HUDSON MARTINEZ BIRAL;1967-06-10;MARIA DA GLORIA MARTINEZ BIRAL;700508163356057;44476035191;MASCULINO;668527620;4;442;32;6630;2;M23;TRANSTORNOS INTERNOS DOS JOELHOS
2026-06-23 19:59:58;500769;SAO GABRIEL DO OESTE;6354265;CENTRAL DE REGULACAO DE SAO GABRIEL DO OESTE;500769;SAO GABRIEL DO OESTE;1;1;2026-05-15 15:46:58;3100000;RESSONANCIA MAGNETICA DO JOELHO DIREITO;3100000;GRUPO - RESSONANCIA MAGNETICA;0207030030;RESSONANCIA MAGNETICA DE MEMBRO INFERIOR (UNILATERAL);LORRAINE CAROLINE FERNANDES OLIVEIRA DE CARVALHO;1996-11-17;ROSELI FERNANDES RODRIGUES;706803244123127;05375549123;FEMININO;667931972;4;435;32;6525;2;M233;OUTROS TRANSTORNOS DO MENISCO 
2026-06-23 19:59:58;500769;SAO GABRIEL DO OESTE;6354265;CENTRAL DE REGULACAO DE SAO GABRIEL DO OESTE;500769;SAO GABRIEL DO OESTE;1;1;2026-05-15 15:40:49;3100000;RESSONANCIA MAGNETICA DO JOELHO DIREITO;3100000;GRUPO - RESSONANCIA MAGNETICA;0207030030;RESSONANCIA MAGNETICA DE MEMBRO INFERIOR (UNILATERAL);ANGELO MAGNO PEREIRA MENDES;1973-04-23;VICENCIA PEREIRA MENDES;709808064401497;56170831120;MASCULINO;667929735;4;434;32;6510;2;M233;OUTROS TRANSTORNOS DO MENISCO 
2026-06-23 19:59:58;500769;SAO GABRIEL DO OESTE;6354265;CENTRAL DE REGULACAO DE SAO GABRIEL DO OESTE;500769;SAO GABRIEL DO OESTE;1;1;2026-06-10 08:33:17;3100000;RESSONANCIA MAGNETICA DO JOELHO DIREITO;3100000;GRUPO - RESSONANCIA MAGNETICA;0207030030;RESSONANCIA MAGNETICA DE MEMBRO INFERIOR (UNILATERAL);LEANDRO VENANCIO SOARES;1989-11-14;TEREZINHA ANGELA DA SILVA VENANCIO;700100992818013;01790799210;MASCULINO;672480710;4;515;32;7725;2;S834;ENTORSE E DISTENSAO ENVOLVENDO LIGAMENTO COLATERAL (PERONIAL) (TIBIAL) DO JOELHO 
2026-06-23 19:59:58;500769;SAO GABRIEL DO OESTE;6354265;CENTRAL DE REGULACAO DE SAO GABRIEL DO OESTE;500769;SAO GABRIEL DO OESTE;1;1;2026-06-02 10:48:34;3100000;RESSONANCIA MAGNETICA DO JOELHO DIREITO;3100000;GRUPO - RESSONANCIA MAGNETICA;0207030030;RESSONANCIA MAGNETICA DE MEMBRO INFERIOR (UNILATERAL);ALBEANNYS CAROLINA AMARISTA VILLASMIL;2001-03-18;ANA BENITA MANUEL AMARISTA ROCA;705104476697970;71091627290;FEMININO;671261936;4;500;32;7500;2;M224;CONDROMALACIA DA ROTULA 
2026-06-23 19:59:58;500769;SAO GABRIEL DO OESTE;6354265;CENTRAL DE REGULACAO DE SAO GABRIEL DO OESTE;500769;SAO GABRIEL DO OESTE;1;1;2026-06-02 10:23:57;3100000;RESSONANCIA MAGNETICA DO JOELHO DIREITO;3100000;GRUPO - RESSONANCIA MAGNETICA;0207030030;RESSONANCIA MAGNETICA DE MEMBRO INFERIOR (UNILATERAL);LEA STAUD DE SOUSA;1984-03-11;NORMELINDA STAUD;704606145016029;00155476122;FEMININO;671245798;4;499;32;7485;2;M224;CONDROMALACIA DA ROTULA 
2026-06-23 19:59:58;500769;SAO GABRIEL DO OESTE;6354265;CENTRAL DE REGULACAO DE SAO GABRIEL DO OESTE;500769;SAO GABRIEL DO OESTE;1;1;2026-06-01 13:59:44;3100000;RESSONANCIA MAGNETICA DO JOELHO DIREITO;3100000;GRUPO - RESSONANCIA MAGNETICA;0207030030;RESSONANCIA MAGNETICA DE MEMBRO INFERIOR (UNILATERAL);ALLAN SOUZA DE LAPENA;1992-01-25;LUZINETE SOUZA SANTANA DE LAPENA;703606029736438;03631227108;MASCULINO;671035989;4;489;32;7335;2;M233;OUTROS TRANSTORNOS DO MENISCO 
2026-06-23 19:59:58;500769;SAO GABRIEL DO OESTE;6354265;CENTRAL DE REGULACAO DE SAO GABRIEL DO OESTE;500769;SAO GABRIEL DO OESTE;1;1;2026-05-30 11:42:42;3100000;RESSONANCIA MAGNETICA DO JOELHO DIREITO;3100000;GRUPO - RESSONANCIA MAGNETICA;0207030030;RESSONANCIA MAGNETICA DE MEMBRO INFERIOR (UNILATERAL);JOSE ROBERTO ALMEIDA DOS SANTOS;1976-01-06;TEREZA ALMEIDA DE JESUS;700000567022409;01902923936;MASCULINO;670816415;4;488;32;7320;2;S83;LUXACAO, ENTORSE E DISTENSAO DAS ARTICULACOES E DOS LIGAMENTOS DO JOELHO
2026-06-23 19:59:58;500769;SAO GABRIEL DO OESTE;6354265;CENTRAL DE REGULACAO DE SAO GABRIEL DO OESTE;500769;SAO GABRIEL DO OESTE;1;1;2026-05-28 17:35:43;3100000;RESSONANCIA MAGNETICA DO JOELHO DIREITO;3100000;GRUPO - RESSONANCIA MAGNETICA;0207030030;RESSONANCIA MAGNETICA DE MEMBRO INFERIOR (UNILATERAL);RIVALDO MORAES DE MESQUITA;1995-07-02;IZABEL MORAES DA ROCHA PEREIRA;702808193187567;05685033176;MASCULINO;670543814;4;485;32;7275;2;M224;CONDROMALACIA DA ROTULA 
2026-06-23 19:59:58;500769;SAO GABRIEL DO OESTE;6354265;CENTRAL DE REGULACAO DE SAO GABRIEL DO OESTE;500769;SAO GABRIEL DO OESTE;1;1;2026-04-15 17:57:40;3100000;RESSONANCIA MAGNETICA DE CRANIO;3100000;GRUPO - RESSONANCIA MAGNETICA;0207010064;RESSONANCIA MAGNETICA DE CRANIO;EDSON GONCALVES DOMINGUES;1984-11-04;ALZIRA GONCALVES;703302292646710;00040706150;MASCULINO;662415295;3;19;42;342;2;I638;OUTROS INFARTOS CEREBRAIS 
2026-06-23 19:59:58;500769;SAO GABRIEL DO OESTE;6354265;CENTRAL DE REGULACAO DE SAO GABRIEL DO OESTE;500769;SAO GABRIEL DO OESTE;1;1;2026-04-16 16:35:55;3100000;RESSONANCIA MAGNETICA DE CRANIO;3100000;GRUPO - RESSONANCIA MAGNETICA;0207010064;RESSONANCIA MAGNETICA DE CRANIO;ERICK FURST LIMA;2022-01-10;MARCILENE DA SILVA FURST;709208284892835;11448562139;MASCULINO;662679362;4;121;42;2178;2;F808;OUTROS TRANSTORNOS DE DESENVOLVIMENTO DA FALA OU DA LINGUAGEM 
2026-06-23 19:59:58;500769;SAO GABRIEL DO OESTE;6354265;CENTRAL DE REGULACAO DE SAO GABRIEL DO OESTE;500769;SAO GABRIEL DO OESTE;1;1;2026-04-16 11:18:10;3100000;RESSONANCIA MAGNETICA DE CRANIO;3100000;GRUPO - RESSONANCIA MAGNETICA;0207010064;RESSONANCIA MAGNETICA DE CRANIO;ANTONIO DE OLIVEIRA VIEIRA;1982-07-26;ELZA DE OLIVEIRA;704808098562948;95646108187;MASCULINO;662549656;4;102;42;1836;2;R51;CEFALEIA 
2026-06-23 19:59:58;500769;SAO GABRIEL DO OESTE;6354265;CENTRAL DE REGULACAO DE SAO GABRIEL DO OESTE;500769;SAO GABRIEL DO OESTE;1;1;2026-04-17 17:34:34;3100000;RESSONANCIA MAGNETICA DE CRANIO;3100000;GRUPO - RESSONANCIA MAGNETICA;0207010064;RESSONANCIA MAGNETICA DE CRANIO;HELIO DARCI PLETSCH;1956-05-26;HELGA PLETSCH;701203036998110;33238715968;MASCULINO;662941852;4;190;42;3420;2;G20;DOENCA DE PARKINSON 
2026-06-23 19:59:58;500769;SAO GABRIEL DO OESTE;2370972;UNIDADE DE SAUDE DA FAMILIA MILANE II;500769;SAO GABRIEL DO OESTE;1;1;2026-04-17 17:30:45;3100000;RESSONANCIA MAGNETICA DE CRANIO;3100000;GRUPO - RESSONANCIA MAGNETICA;0207010064;RESSONANCIA MAGNETICA DE CRANIO;NAYARA ROBERTA FERREIRA;1987-06-06;MARIA DE FATIMA FERREIRA;708907772383519;02198755106;FEMININO;662941315;4;188;42;3384;2;R90;RESULTADOS ANORMAIS DE EXAMES PARA DIAGNOSTICO POR IMAGEM DO SISTEMA NERVOSO CENTRAL
2026-06-23 19:59:58;500769;SAO GABRIEL DO OESTE;6354265;CENTRAL DE REGULACAO DE SAO GABRIEL DO OESTE;500769;SAO GABRIEL DO OESTE;1;1;2026-04-21 14:06:34;3100000;RESSONANCIA MAGNETICA DE CRANIO;3100000;GRUPO - RESSONANCIA MAGNETICA;0207010064;RESSONANCIA MAGNETICA DE CRANIO;LUCIANA DA SILVA SANTOS;1979-05-01;MARIA DE LURDES DA SILVA;708600531377282;03099397989;FEMININO;663098046;4;289;42;5202;2;D352;GLANDULA HIPOFISE (PITUITARIA) 
2026-06-23 19:59:58;500769;SAO GABRIEL DO OESTE;6354265;CENTRAL DE REGULACAO DE SAO GABRIEL DO OESTE;500769;SAO GABRIEL DO OESTE;1;1;2026-04-21 13:08:06;3100000;RESSONANCIA MAGNETICA DE CRANIO;3100000;GRUPO - RESSONANCIA MAGNETICA;0207010064;RESSONANCIA MAGNETICA DE CRANIO;MARCO ANTONIO GABRIEL DE BRITO;2000-07-13;VALDECI FERREIRA GABRIEL DE BRITO;700607492309162;07284165146;MASCULINO;663097099;4;252;42;4536;2;F29;PSICOSE NAO-ORGANICA NAO ESPECIFICADA 
2026-06-23 19:59:58;500769;SAO GABRIEL DO OESTE;6354265;CENTRAL DE REGULACAO DE SAO GABRIEL DO OESTE;500769;SAO GABRIEL DO OESTE;1;1;2026-04-21 14:50:10;3100000;RESSONANCIA MAGNETICA DE CRANIO;3100000;GRUPO - RESSONANCIA MAGNETICA;0207010064;RESSONANCIA MAGNETICA DE CRANIO;MARIA EDUARDA SOUSA GOMES;2007-05-15;MARILEI SOUSA;700006731386108;11488721165;FEMININO;663098924;4;321;42;5778;2;R55;SINCOPE E COLAPSO 
2026-06-23 19:59:58;500769;SAO GABRIEL DO OESTE;6354265;CENTRAL DE REGULACAO DE SAO GABRIEL DO OESTE;500769;SAO GABRIEL DO OESTE;1;1;2026-04-21 14:45:48;3100000;RESSONANCIA MAGNETICA DE CRANIO;3100000;GRUPO - RESSONANCIA MAGNETICA;0207010064;RESSONANCIA MAGNETICA DE CRANIO;MARIA DO SOCORRO FABIANO;1972-05-03;CONCEICAO APARECIDA DOS SANTOS FABIANO;708501315564470;58332081149;FEMININO;663098846;4;317;42;5706;2;G20;DOENCA DE PARKINSON 
2026-06-23 19:59:58;500769;SAO GABRIEL DO OESTE;6354265;CENTRAL DE REGULACAO DE SAO GABRIEL DO OESTE;500769;SAO GABRIEL DO OESTE;1;1;2026-04-21 14:36:16;3100000;RESSONANCIA MAGNETICA DE CRANIO;3100000;GRUPO - RESSONANCIA MAGNETICA;0207010064;RESSONANCIA MAGNETICA DE CRANIO;MARIA ELIZABETE DE MATTOS MARION;1962-05-15;LEONOR GUILHERMINA DE MATTOS;700001823741007;44482809187;FEMININO;663098671;4;311;42;5598;2;C724;NERVO ACUSTICO 
2026-06-23 19:59:58;500769;SAO GABRIEL DO OESTE;6354265;CENTRAL DE REGULACAO DE SAO GABRIEL DO OESTE;500769;SAO GABRIEL DO OESTE;1;1;2026-04-21 14:20:50;3100000;RESSONANCIA MAGNETICA DE CRANIO;3100000;GRUPO - RESSONANCIA MAGNETICA;0207010064;RESSONANCIA MAGNETICA DE CRANIO;MADALENA SIQUEIRA;1962-09-27;SERVINA FELIZARDA SIQUEIRA;705609456916618;29835828172;FEMININO;663098360;4;298;42;5364;2;M545;DOR LOMBAR BAIXA 
2026-06-23 19:59:58;500769;SAO GABRIEL DO OESTE;6452116;CENTRO DE ESPECIALIDADES MEDICAS;500769;SAO GABRIEL DO OESTE;1;1;2026-05-06 10:01:30;3100000;RESSONANCIA MAGNETICA DE CRANIO;3100000;GRUPO - RESSONANCIA MAGNETICA;0207010064;RESSONANCIA MAGNETICA DE CRANIO;ANTONIO CLARO DOS SANTOS;1954-06-13;VITORIA SILVEIRA;708705134510990;49899031968;MASCULINO;665896951;4;410;42;7380;2;G20;DOENCA DE PARKINSON 
2026-06-23 19:59:58;500769;SAO GABRIEL DO OESTE;6354265;CENTRAL DE REGULACAO DE SAO GABRIEL DO OESTE;500769;SAO GABRIEL DO OESTE;1;1;2026-05-29 15:50:16;3100000;RESSONANCIA MAGNETICA DE CRANIO;3100000;GRUPO - RESSONANCIA MAGNETICA;0207010064;RESSONANCIA MAGNETICA DE CRANIO;DANIEL DE OLIVEIRA NASCIMENTO DE ALMEIDA;1994-05-10;MARIA CILENE GONCALVES DE OLIVEIRA;707408024925670;74487426120;MASCULINO;670767635;4;486;42;8748;2;F29;PSICOSE NAO-ORGANICA NAO ESPECIFICADA 
2026-06-23 19:59:58;500769;SAO GABRIEL DO OESTE;6354265;CENTRAL DE REGULACAO DE SAO GABRIEL DO OESTE;500769;SAO GABRIEL DO OESTE;1;1;2026-04-08 17:44:29;3100000;RESSONANCIA MAGNETICA DE COTOVELO DIREITO;3100000;GRUPO - RESSONANCIA MAGNETICA;0207020027;RESSONANCIA MAGNETICA DE MEMBRO SUPERIOR (UNILATERAL);ADRIANA RIBEIRO DA SILVA;1979-03-31;NAIR RIBEIRO DA SILVA;704003391847260;70952795191;FEMININO;660989293;4;25;16;1125;1;M771;EPICONDILITE LATERAL 
2026-06-23 19:59:58;500769;SAO GABRIEL DO OESTE;6354265;CENTRAL DE REGULACAO DE SAO GABRIEL DO OESTE;500769;SAO GABRIEL DO OESTE;1;1;2026-04-09 16:33:46;3100000;RESSONANCIA MAGNETICA DE COXA DIREITA;3100000;GRUPO - RESSONANCIA MAGNETICA;0207030030;RESSONANCIA MAGNETICA DE MEMBRO INFERIOR (UNILATERAL);MARILENE TEREZINHA FALCAO DE PAULA;1958-08-19;SETENBRINA POSTINGHER FALCAO;708107629445740;58322710178;FEMININO;661247171;4;31;36;2790;0;M16;COXARTROSE [ARTROSE DO QUADRIL]
2026-06-23 19:59:58;500769;SAO GABRIEL DO OESTE;6354265;CENTRAL DE REGULACAO DE SAO GABRIEL DO OESTE;500769;SAO GABRIEL DO OESTE;1;1;2026-04-21 12:47:21;3100000;RESSONANCIA MAGNETICA DE COXA DIREITA;3100000;GRUPO - RESSONANCIA MAGNETICA;0207030030;RESSONANCIA MAGNETICA DE MEMBRO INFERIOR (UNILATERAL);LEONARA BARALDI GUIDINI;1975-09-02;IRONITA BARALDI;709607672990074;88881113104;FEMININO;663096853;4;233;36;20970;0;D16;NEOPLASIA BENIGNA DE OSSO E DE CARTILAGEM ARTICULAR
2026-06-23 19:59:58;500769;SAO GABRIEL DO OESTE;6354265;CENTRAL DE REGULACAO DE SAO GABRIEL DO OESTE;500769;SAO GABRIEL DO OESTE;1;1;2026-04-15 16:28:53;3100000;RESSONANCIA MAGNETICA DE COXA ESQUERDA;3100000;GRUPO - RESSONANCIA MAGNETICA;0207030030;RESSONANCIA MAGNETICA DE MEMBRO INFERIOR (UNILATERAL);JOSEFINA RODRIGUES;1954-03-19;ANA APARECIDA RODRIGUES;709604636955571;31593950144;FEMININO;662394242;4;67;36;6030;0;M161;OUTRAS COXARTROSES PRIMARIAS 
2026-06-23 19:59:58;500769;SAO GABRIEL DO OESTE;6354265;CENTRAL DE REGULACAO DE SAO GABRIEL DO OESTE;500769;SAO GABRIEL DO OESTE;1;1;2026-05-15 14:23:24;3100000;RESSONANCIA MAGNETICA DE COLUNA CERVICAL/PESCOCO;3100000;GRUPO - RESSONANCIA MAGNETICA;0207010030;RESSONANCIA MAGNETICA DE COLUNA CERVICAL/PESCOÇO;NILTON COSTA MARQUES;1979-01-23;MARIA DAS GRACAS COSTA MARQUES;709204285913336;01015750338;MASCULINO;667899891;4;432;4;38880;0;M508;OUTROS TRANSTORNOS DE DISCOS CERVICAIS 
2026-06-23 19:59:58;500769;SAO GABRIEL DO OESTE;8176132;CASA ROSA;500769;SAO GABRIEL DO OESTE;1;1;2026-05-06 15:52:40;3100000;RESSONANCIA MAGNETICA DE COLUNA CERVICAL/PESCOCO;3100000;GRUPO - RESSONANCIA MAGNETICA;0207010030;RESSONANCIA MAGNETICA DE COLUNA CERVICAL/PESCOÇO;IRINEA DA SILVA;1977-03-07;MARIA ILMA FERNANDES DA SILVA;706700586188018;80897746104;FEMININO;666058138;4;414;4;37260;0;M501;TRANSTORNO DO DISCO CERVICAL COM RADICULOPATIA 
2026-06-23 19:59:58;500769;SAO GABRIEL DO OESTE;6452116;CENTRO DE ESPECIALIDADES MEDICAS;500769;SAO GABRIEL DO OESTE;1;1;2026-05-06 10:02:34;3100000;RESSONANCIA MAGNETICA DE COLUNA CERVICAL/PESCOCO;3100000;GRUPO - RESSONANCIA MAGNETICA;0207010030;RESSONANCIA MAGNETICA DE COLUNA CERVICAL/PESCOÇO;ANTONIO CLARO DOS SANTOS;1954-06-13;VITORIA SILVEIRA;708705134510990;49899031968;MASCULINO;665897693;4;411;4;36990;0;G20;DOENCA DE PARKINSON 
2026-06-23 19:59:58;500769;SAO GABRIEL DO OESTE;6354265;CENTRAL DE REGULACAO DE SAO GABRIEL DO OESTE;500769;SAO GABRIEL DO OESTE;1;1;2026-05-26 11:47:22;3100000;RESSONANCIA MAGNETICA DE COLUNA CERVICAL/PESCOCO;3100000;GRUPO - RESSONANCIA MAGNETICA;0207010030;RESSONANCIA MAGNETICA DE COLUNA CERVICAL/PESCOÇO;MARIA IRONI SANTANA VIEIRA;1949-02-10;NATALIA DE PAULA SANTANA;700400460429745;01656477955;FEMININO;669829576;4;452;4;40680;0;M501;TRANSTORNO DO DISCO CERVICAL COM RADICULOPATIA 
2026-06-23 19:59:58;500769;SAO GABRIEL DO OESTE;6354265;CENTRAL DE REGULACAO DE SAO GABRIEL DO OESTE;500769;SAO GABRIEL DO OESTE;1;1;2026-05-19 10:39:33;3100000;RESSONANCIA MAGNETICA DE COLUNA CERVICAL/PESCOCO;3100000;GRUPO - RESSONANCIA MAGNETICA;0207010030;RESSONANCIA MAGNETICA DE COLUNA CERVICAL/PESCOÇO;CLEMILDA ROBERTO DA SILVA;1964-10-11;PRECILA ROBERTO;702000769783490;44690355134;FEMININO;668387616;4;441;4;39690;0;M500;TRANSTORNO DO DISCO CERVICAL COM MIELOPATIA (G99.2*) 
2026-06-23 19:59:58;500769;SAO GABRIEL DO OESTE;6354265;CENTRAL DE REGULACAO DE SAO GABRIEL DO OESTE;500769;SAO GABRIEL DO OESTE;1;1;2026-05-18 17:03:53;3100000;RESSONANCIA MAGNETICA DE COLUNA CERVICAL/PESCOCO;3100000;GRUPO - RESSONANCIA MAGNETICA;0207010030;RESSONANCIA MAGNETICA DE COLUNA CERVICAL/PESCOÇO;DORVALINA DA SILVA;1979-06-19;LUZIA APARECIDA DA SILVA;706402100894781;99680670163;FEMININO;668260579;4;438;4;39420;0;M472;OUTRAS ESPONDILOSES COM RADICULOPATIAS 
2026-06-23 19:59:58;500769;SAO GABRIEL DO OESTE;6354265;CENTRAL DE REGULACAO DE SAO GABRIEL DO OESTE;500769;SAO GABRIEL DO OESTE;1;1;2026-06-16 17:17:25;3100000;RESSONANCIA MAGNETICA DE COLUNA CERVICAL/PESCOCO;3100000;GRUPO - RESSONANCIA MAGNETICA;0207010030;RESSONANCIA MAGNETICA DE COLUNA CERVICAL/PESCOÇO;EVALDO FRANCISCO DOS SANTOS;1975-02-26;LEUDA ANTONIA DOS SANTOS;706907107393532;03221023162;MASCULINO;673828470;4;530;4;47700;0;I99;OUTROS TRANSTORNOS DO APARELHO CIRCULATORIO E OS NAO ESPECIFICADOS 
2026-06-23 19:59:58;500769;SAO GABRIEL DO OESTE;6354265;CENTRAL DE REGULACAO DE SAO GABRIEL DO OESTE;500769;SAO GABRIEL DO OESTE;1;1;2026-06-11 08:55:54;3100000;RESSONANCIA MAGNETICA DE COLUNA CERVICAL/PESCOCO;3100000;GRUPO - RESSONANCIA MAGNETICA;0207010030;RESSONANCIA MAGNETICA DE COLUNA CERVICAL/PESCOÇO;MARLY RIBOLIS GOMES;1977-07-04;HORLANDA RIBOLIS GOMES;700305901340037;91315808153;FEMININO;672778210;4;520;4;46800;0;G360;NEUROMIELITE OPTICA [DOENCA DE DEVIC] 
2026-06-23 19:59:58;500769;SAO GABRIEL DO OESTE;6354265;CENTRAL DE REGULACAO DE SAO GABRIEL DO OESTE;500769;SAO GABRIEL DO OESTE;1;1;2026-05-15 14:25:41;3100000;RESSONANCIA MAGNETICA DE COLUNA LOMBAR;3100000;GRUPO - RESSONANCIA MAGNETICA;0207010048;RESSONANCIA MAGNETICA DE COLUNA LOMBO-SACRA;NILTON COSTA MARQUES;1979-01-23;MARIA DAS GRACAS COSTA MARQUES;709204285913336;01015750338;MASCULINO;667900779;4;433;10;2165;6;M508;OUTROS TRANSTORNOS DE DISCOS CERVICAIS 
2026-06-23 19:59:58;500769;SAO GABRIEL DO OESTE;6354265;CENTRAL DE REGULACAO DE SAO GABRIEL DO OESTE;500769;SAO GABRIEL DO OESTE;1;1;2026-05-15 13:58:54;3100000;RESSONANCIA MAGNETICA DE COLUNA LOMBAR;3100000;GRUPO - RESSONANCIA MAGNETICA;0207010048;RESSONANCIA MAGNETICA DE COLUNA LOMBO-SACRA;LEILIANE XAVIER RIBEIRO;1993-05-17;IVONETE APARECIDA XAVIER RIBEIRO;704704045296140;04043997116;FEMININO;667891361;4;431;10;2155;6;M54;DORSALGIA
2026-06-23 19:59:58;500769;SAO GABRIEL DO OESTE;6354265;CENTRAL DE REGULACAO DE SAO GABRIEL DO OESTE;500769;SAO GABRIEL DO OESTE;1;1;2026-05-13 18:00:59;3100000;RESSONANCIA MAGNETICA DE COLUNA LOMBAR;3100000;GRUPO - RESSONANCIA MAGNETICA;0207010048;RESSONANCIA MAGNETICA DE COLUNA LOMBO-SACRA;JOSE ERISVALDO FERREIRA;1960-07-31;ALDENORA FERREIRA SILVA;701803206578170;35890002287;MASCULINO;667464035;4;426;10;2130;6;M545;DOR LOMBAR BAIXA 
2026-06-23 19:59:58;500769;SAO GABRIEL DO OESTE;6354265;CENTRAL DE REGULACAO DE SAO GABRIEL DO OESTE;500769;SAO GABRIEL DO OESTE;1;1;2026-05-13 09:52:14;3100000;RESSONANCIA MAGNETICA DE COLUNA LOMBAR;3100000;GRUPO - RESSONANCIA MAGNETICA;0207010048;RESSONANCIA MAGNETICA DE COLUNA LOMBO-SACRA;GENIVALDO DA SILVA BARBOSA;1970-07-09;GEDALVA DA SILVA;707409055562473;65317513472;MASCULINO;667269219;4;422;10;2110;6;M545;DOR LOMBAR BAIXA 
2026-06-23 19:59:58;500769;SAO GABRIEL DO OESTE;6354265;CENTRAL DE REGULACAO DE SAO GABRIEL DO OESTE;500769;SAO GABRIEL DO OESTE;1;1;2026-05-08 08:07:22;3100000;RESSONANCIA MAGNETICA DE COLUNA LOMBAR;3100000;GRUPO - RESSONANCIA MAGNETICA;0207010048;RESSONANCIA MAGNETICA DE COLUNA LOMBO-SACRA;ALDINEI EPIFANIO ALVES;1984-08-05;ELZA ALVES DE OLIVEIRA;708105859103610;98699474172;MASCULINO;666390135;4;419;10;2095;6;M543;CIATICA 
2026-06-23 19:59:58;500769;SAO GABRIEL DO OESTE;6354265;CENTRAL DE REGULACAO DE SAO GABRIEL DO OESTE;500769;SAO GABRIEL DO OESTE;1;1;2026-05-07 17:51:43;3100000;RESSONANCIA MAGNETICA DE COLUNA LOMBAR;3100000;GRUPO - RESSONANCIA MAGNETICA;0207010048;RESSONANCIA MAGNETICA DE COLUNA LOMBO-SACRA;ROSELI CHERES DA CUNHA MATOS;1968-11-01;ADILHA CHERES DA CUNHA;703204691363790;48967270100;FEMININO;666366146;4;418;10;2090;6;M545;DOR LOMBAR BAIXA 
2026-06-23 19:59:58;500769;SAO GABRIEL DO OESTE;6354265;CENTRAL DE REGULACAO DE SAO GABRIEL DO OESTE;500769;SAO GABRIEL DO OESTE;1;1;2026-05-06 17:13:09;3100000;RESSONANCIA MAGNETICA DE COLUNA LOMBAR;3100000;GRUPO - RESSONANCIA MAGNETICA;0207010048;RESSONANCIA MAGNETICA DE COLUNA LOMBO-SACRA;MARIA DE FATIMA DA CONCEICAO DA SILVA;1953-03-22;JOANA INEZ DA CONCEICAO FILHA;700404442665940;30588073253;FEMININO;666086375;4;415;10;2075;6;M541;RADICULOPATIA 
2026-06-23 19:59:58;500769;SAO GABRIEL DO OESTE;6354265;CENTRAL DE REGULACAO DE SAO GABRIEL DO OESTE;500769;SAO GABRIEL DO OESTE;1;1;2026-05-06 15:33:28;3100000;RESSONANCIA MAGNETICA DE COLUNA LOMBAR;3100000;GRUPO - RESSONANCIA MAGNETICA;0207010048;RESSONANCIA MAGNETICA DE COLUNA LOMBO-SACRA;ILARIA REINALDA MARTINS DA SILVA;1972-01-08;FRANCISCA OLGA DALL AGNOL;702006894435287;00390365106;FEMININO;666048813;4;413;10;2065;6;M541;RADICULOPATIA 
2026-06-23 19:59:58;500769;SAO GABRIEL DO OESTE;6354265;CENTRAL DE REGULACAO DE SAO GABRIEL DO OESTE;500769;SAO GABRIEL DO OESTE;1;1;2026-04-30 08:19:08;3100000;RESSONANCIA MAGNETICA DE COLUNA LOMBAR;3100000;GRUPO - RESSONANCIA MAGNETICA;0207010048;RESSONANCIA MAGNETICA DE COLUNA LOMBO-SACRA;CRISTINA DA SILVA LOPES;1979-01-26;MARIA MADALENA DA SILVA;708206644423440;02043675141;FEMININO;664907896;4;405;10;2025;6;M545;DOR LOMBAR BAIXA 
2026-06-23 19:59:58;500769;SAO GABRIEL DO OESTE;6354265;CENTRAL DE REGULACAO DE SAO GABRIEL DO OESTE;500769;SAO GABRIEL DO OESTE;1;1;2026-04-28 15:38:59;3100000;RESSONANCIA MAGNETICA DE COLUNA LOMBAR;3100000;GRUPO - RESSONANCIA MAGNETICA;0207010048;RESSONANCIA MAGNETICA DE COLUNA LOMBO-SACRA;IRANI GONCALVES DIAS;1965-07-05;VILMA VARGAS DIAS;702306119930610;46476318004;MASCULINO;664525868;4;399;10;1995;6;M545;DOR LOMBAR BAIXA 
2026-06-23 19:59:58;500769;SAO GABRIEL DO OESTE;6354265;CENTRAL DE REGULACAO DE SAO GABRIEL DO OESTE;500769;SAO GABRIEL DO OESTE;1;1;2026-04-28 15:32:20;3100000;RESSONANCIA MAGNETICA DE COLUNA LOMBAR;3100000;GRUPO - RESSONANCIA MAGNETICA;0207010048;RESSONANCIA MAGNETICA DE COLUNA LOMBO-SACRA;VALDEIR ARGUELHO;1973-11-21;SATORNINA GONCALVES;704506383520612;58278966168;MASCULINO;664522302;4;398;10;1990;6;M543;CIATICA 
2026-06-23 19:59:58;500769;SAO GABRIEL DO OESTE;6354265;CENTRAL DE REGULACAO DE SAO GABRIEL DO OESTE;500769;SAO GABRIEL DO OESTE;1;1;2026-04-28 11:07:37;3100000;RESSONANCIA MAGNETICA DE COLUNA LOMBAR;3100000;GRUPO - RESSONANCIA MAGNETICA;0207010048;RESSONANCIA MAGNETICA DE COLUNA LOMBO-SACRA;LIDIA MARTINS CASTILHO;1968-11-12;CECY CASTILHO DA SILVA;705003668145852;56217927187;FEMININO;664399073;4;397;10;1985;6;M545;DOR LOMBAR BAIXA 
2026-06-23 19:59:58;500769;SAO GABRIEL DO OESTE;6354265;CENTRAL DE REGULACAO DE SAO GABRIEL DO OESTE;500769;SAO GABRIEL DO OESTE;1;1;2026-05-28 16:32:45;3100000;RESSONANCIA MAGNETICA DE COLUNA LOMBAR;3100000;GRUPO - RESSONANCIA MAGNETICA;0207010048;RESSONANCIA MAGNETICA DE COLUNA LOMBO-SACRA;THAYNARA LOPES SOUSA;1996-05-10;ROSA MARIA LOPES;703209668362494;07262076167;FEMININO;670528215;4;481;10;2405;6;M511;TRANSTORNOS DE DISCOS LOMBARES E DE OUTROS DISCOS INTERVERTEBRAIS COM RADICULOPATIA 
2026-06-23 19:59:58;500769;SAO GABRIEL DO OESTE;6354265;CENTRAL DE REGULACAO DE SAO GABRIEL DO OESTE;500769;SAO GABRIEL DO OESTE;1;1;2026-05-28 16:22:04;3100000;RESSONANCIA MAGNETICA DE COLUNA LOMBAR;3100000;GRUPO - RESSONANCIA MAGNETICA;0207010048;RESSONANCIA MAGNETICA DE COLUNA LOMBO-SACRA;VALDIR PEDRO DA SILVA;1963-06-22;JOSEFA CLARA DA SILVA;702607292749548;53747550991;MASCULINO;670524316;4;480;10;2400;6;M994;ESTENOSE DE TECIDO CONJUNTIVO DO CANAL MEDULAR 
2026-06-23 19:59:58;500769;SAO GABRIEL DO OESTE;6354265;CENTRAL DE REGULACAO DE SAO GABRIEL DO OESTE;500769;SAO GABRIEL DO OESTE;1;1;2026-05-28 16:15:28;3100000;RESSONANCIA MAGNETICA DE COLUNA LOMBAR;3100000;GRUPO - RESSONANCIA MAGNETICA;0207010048;RESSONANCIA MAGNETICA DE COLUNA LOMBO-SACRA;VITOR DINIZ;1967-12-14;ROLANDINA DINIZ;706302772574378;42179432100;MASCULINO;670521893;4;479;10;2395;6;M545;DOR LOMBAR BAIXA 
2026-06-23 19:59:58;500769;SAO GABRIEL DO OESTE;6354265;CENTRAL DE REGULACAO DE SAO GABRIEL DO OESTE;500769;SAO GABRIEL DO OESTE;1;1;2026-05-28 16:01:18;3100000;RESSONANCIA MAGNETICA DE COLUNA LOMBAR;3100000;GRUPO - RESSONANCIA MAGNETICA;0207010048;RESSONANCIA MAGNETICA DE COLUNA LOMBO-SACRA;VERA LUCIA DORICO RAMOS;1970-12-10;MARIA DE JESUS RAMOS;704709708294439;55759637134;FEMININO;670516432;4;477;10;2385;6;M545;DOR LOMBAR BAIXA 
2026-06-23 19:59:58;500769;SAO GABRIEL DO OESTE;6354265;CENTRAL DE REGULACAO DE SAO GABRIEL DO OESTE;500769;SAO GABRIEL DO OESTE;1;1;2026-05-28 15:53:14;3100000;RESSONANCIA MAGNETICA DE COLUNA LOMBAR;3100000;GRUPO - RESSONANCIA MAGNETICA;0207010048;RESSONANCIA MAGNETICA DE COLUNA LOMBO-SACRA;VANILDO HORTENCIA VIEIRA DOS SANTOS;1989-12-23;CLARICE HORTENCIA VIEIRA;700001658941904;05555902166;MASCULINO;670512950;4;476;10;2380;6;M545;DOR LOMBAR BAIXA 
2026-06-23 19:59:58;500769;SAO GABRIEL DO OESTE;6354265;CENTRAL DE REGULACAO DE SAO GABRIEL DO OESTE;500769;SAO GABRIEL DO OESTE;1;1;2026-05-28 15:42:27;3100000;RESSONANCIA MAGNETICA DE COLUNA LOMBAR;3100000;GRUPO - RESSONANCIA MAGNETICA;0207010048;RESSONANCIA MAGNETICA DE COLUNA LOMBO-SACRA;VALTAIR REIS DA CUNHA;1962-01-26;IRIA AUGUSTA DE JESUS;702503382249533;70325782687;MASCULINO;670507944;4;475;10;2375;6;M544;LUMBAGO COM CIATICA 
2026-06-23 19:59:58;500769;SAO GABRIEL DO OESTE;6354265;CENTRAL DE REGULACAO DE SAO GABRIEL DO OESTE;500769;SAO GABRIEL DO OESTE;1;1;2026-05-28 15:08:59;3100000;RESSONANCIA MAGNETICA DE COLUNA LOMBAR;3100000;GRUPO - RESSONANCIA MAGNETICA;0207010048;RESSONANCIA MAGNETICA DE COLUNA LOMBO-SACRA;VALERIO WENDER DE OLIVEIRA;1976-07-12;FRANCISCA MARIA DE OLIVEIRA;700000147484906;00325356190;MASCULINO;670492005;4;472;10;2360;6;M545;DOR LOMBAR BAIXA 
2026-06-23 19:59:58;500769;SAO GABRIEL DO OESTE;6354265;CENTRAL DE REGULACAO DE SAO GABRIEL DO OESTE;500769;SAO GABRIEL DO OESTE;1;1;2026-05-28 11:27:01;3100000;RESSONANCIA MAGNETICA DE COLUNA LOMBAR;3100000;GRUPO - RESSONANCIA MAGNETICA;0207010048;RESSONANCIA MAGNETICA DE COLUNA LOMBO-SACRA;LUCIMAR GONCALVES MACHADO;1975-01-18;MARIA GUILHERMINA SOUZA VASQUEZ;704001374319063;60836318153;FEMININO;670407175;4;465;10;2325;6;M549;DORSALGIA NAO ESPECIFICADA 
2026-06-23 19:59:58;500769;SAO GABRIEL DO OESTE;6354265;CENTRAL DE REGULACAO DE SAO GABRIEL DO OESTE;500769;SAO GABRIEL DO OESTE;1;1;2026-05-28 10:55:32;3100000;RESSONANCIA MAGNETICA DE COLUNA LOMBAR;3100000;GRUPO - RESSONANCIA MAGNETICA;0207010048;RESSONANCIA MAGNETICA DE COLUNA LOMBO-SACRA;JOSSEANE ARRUDA DE ALMEIDA;1986-12-23;ALBERTINA ARRUDA DOS SANTOS;705008237147257;01861495145;FEMININO;670388505;4;461;10;2305;6;M545;DOR LOMBAR BAIXA 
2026-06-23 19:59:58;500769;SAO GABRIEL DO OESTE;6354265;CENTRAL DE REGULACAO DE SAO GABRIEL DO OESTE;500769;SAO GABRIEL DO OESTE;1;1;2026-05-28 10:37:56;3100000;RESSONANCIA MAGNETICA DE COLUNA LOMBAR;3100000;GRUPO - RESSONANCIA MAGNETICA;0207010048;RESSONANCIA MAGNETICA DE COLUNA LOMBO-SACRA;FATIMA DE LOURDES PRADO CARVALHO;1973-09-05;APARECIDA PRADO CARVALHO;706805710614927;78160324120;FEMININO;670377149;4;459;10;2295;6;M545;DOR LOMBAR BAIXA 
2026-06-23 19:59:58;500769;SAO GABRIEL DO OESTE;6354265;CENTRAL DE REGULACAO DE SAO GABRIEL DO OESTE;500769;SAO GABRIEL DO OESTE;1;1;2026-05-28 10:32:11;3100000;RESSONANCIA MAGNETICA DE COLUNA LOMBAR;3100000;GRUPO - RESSONANCIA MAGNETICA;0207010048;RESSONANCIA MAGNETICA DE COLUNA LOMBO-SACRA;ELIZARDO SANCHEZ ORTIZ;1967-08-18;LABRIANA ORTIZ;709204233162933;70788550195;MASCULINO;670373453;4;458;10;2290;6;M545;DOR LOMBAR BAIXA 
2026-06-23 19:59:58;500769;SAO GABRIEL DO OESTE;6354265;CENTRAL DE REGULACAO DE SAO GABRIEL DO OESTE;500769;SAO GABRIEL DO OESTE;1;1;2026-05-28 10:12:55;3100000;RESSONANCIA MAGNETICA DE COLUNA LOMBAR;3100000;GRUPO - RESSONANCIA MAGNETICA;0207010048;RESSONANCIA MAGNETICA DE COLUNA LOMBO-SACRA;DANIELLY CRISTINA SOUZA PINHEIRO MARIA;1999-03-30;SILVIA MIRANDA SOUZA BERNARDES;703102389222860;06816768175;FEMININO;670360883;4;457;10;2285;6;I839;VARIZES DOS MEMBROS INFERIORES SEM ULCERA OU INFLAMACAO 
2026-06-23 19:59:58;500769;SAO GABRIEL DO OESTE;6354265;CENTRAL DE REGULACAO DE SAO GABRIEL DO OESTE;500769;SAO GABRIEL DO OESTE;1;1;2026-05-26 14:40:25;3100000;RESSONANCIA MAGNETICA DE COLUNA LOMBAR;3100000;GRUPO - RESSONANCIA MAGNETICA;0207010048;RESSONANCIA MAGNETICA DE COLUNA LOMBO-SACRA;IRIO ELIAS DA SILVA;1960-10-10;RAMONA ELIAS DA SILVA;706404124573189;38990504104;MASCULINO;669893303;4;454;10;2270;6;M544;LUMBAGO COM CIATICA 
2026-06-23 19:59:58;500769;SAO GABRIEL DO OESTE;6354265;CENTRAL DE REGULACAO DE SAO GABRIEL DO OESTE;500769;SAO GABRIEL DO OESTE;1;1;2026-05-26 11:58:54;3100000;RESSONANCIA MAGNETICA DE COLUNA LOMBAR;3100000;GRUPO - RESSONANCIA MAGNETICA;0207010048;RESSONANCIA MAGNETICA DE COLUNA LOMBO-SACRA;VICENTE FRANCISCO DE SOUZA;1967-01-26;EVA ARGENCIO DIONIZIO;702009844468982;00626344107;MASCULINO;669834794;4;453;10;2265;6;M544;LUMBAGO COM CIATICA 
2026-06-23 19:59:58;500769;SAO GABRIEL DO OESTE;6354265;CENTRAL DE REGULACAO DE SAO GABRIEL DO OESTE;500769;SAO GABRIEL DO OESTE;1;1;2026-05-25 09:02:34;3100000;RESSONANCIA MAGNETICA DE COLUNA LOMBAR;3100000;GRUPO - RESSONANCIA MAGNETICA;0207010048;RESSONANCIA MAGNETICA DE COLUNA LOMBO-SACRA;VANILDA DO BELEM DOS SANTOS MATIAS;1964-11-05;BRAULINA FAGUNDES DO NASCIMENTO;700806965638181;05529164986;FEMININO;669428913;4;448;10;2240;6;M543;CIATICA 
2026-06-23 19:59:58;500769;SAO GABRIEL DO OESTE;6354265;CENTRAL DE REGULACAO DE SAO GABRIEL DO OESTE;500769;SAO GABRIEL DO OESTE;1;1;2026-05-22 14:19:52;3100000;RESSONANCIA MAGNETICA DE COLUNA LOMBAR;3100000;GRUPO - RESSONANCIA MAGNETICA;0207010048;RESSONANCIA MAGNETICA DE COLUNA LOMBO-SACRA;JUDSON SIQUEIRA;1986-02-06;SINEIDE FREITAS DA SILVEIRA SIQUEIRA;702301177536119;01198189142;MASCULINO;669284967;4;447;10;2235;6;M545;DOR LOMBAR BAIXA 
2026-06-23 19:59:58;500769;SAO GABRIEL DO OESTE;6354265;CENTRAL DE REGULACAO DE SAO GABRIEL DO OESTE;500769;SAO GABRIEL DO OESTE;1;1;2026-05-19 16:57:59;3100000;RESSONANCIA MAGNETICA DE COLUNA LOMBAR;3100000;GRUPO - RESSONANCIA MAGNETICA;0207010048;RESSONANCIA MAGNETICA DE COLUNA LOMBO-SACRA;SEBASTIAO DOS SANTOS VIEIRA;1967-07-25;MARIA DOS SANTOS VIEIRA;704202205207283;59573414104;MASCULINO;668550942;4;443;10;2215;6;M994;ESTENOSE DE TECIDO CONJUNTIVO DO CANAL MEDULAR 
2026-06-23 19:59:58;500769;SAO GABRIEL DO OESTE;6354265;CENTRAL DE REGULACAO DE SAO GABRIEL DO OESTE;500769;SAO GABRIEL DO OESTE;1;1;2026-05-19 10:21:07;3100000;RESSONANCIA MAGNETICA DE COLUNA LOMBAR;3100000;GRUPO - RESSONANCIA MAGNETICA;0207010048;RESSONANCIA MAGNETICA DE COLUNA LOMBO-SACRA;PEDRO LEMES RODRIGUES;1961-06-29;NELEI RODRIGUES LEMES;702802167527768;83708936191;MASCULINO;668375113;4;440;10;2200;6;M545;DOR LOMBAR BAIXA 
2026-06-23 19:59:58;500769;SAO GABRIEL DO OESTE;6354265;CENTRAL DE REGULACAO DE SAO GABRIEL DO OESTE;500769;SAO GABRIEL DO OESTE;1;1;2026-05-19 08:12:15;3100000;RESSONANCIA MAGNETICA DE COLUNA LOMBAR;3100000;GRUPO - RESSONANCIA MAGNETICA;0207010048;RESSONANCIA MAGNETICA DE COLUNA LOMBO-SACRA;SONIA FIGUEIREDO;1975-12-25;IVANETE FIGUEIREDO;704808059039148;76039030178;FEMININO;668298972;4;439;10;2195;6;M511;TRANSTORNOS DE DISCOS LOMBARES E DE OUTROS DISCOS INTERVERTEBRAIS COM RADICULOPATIA 
2026-06-23 19:59:58;500769;SAO GABRIEL DO OESTE;6354265;CENTRAL DE REGULACAO DE SAO GABRIEL DO OESTE;500769;SAO GABRIEL DO OESTE;1;1;2026-05-18 17:02:46;3100000;RESSONANCIA MAGNETICA DE COLUNA LOMBAR;3100000;GRUPO - RESSONANCIA MAGNETICA;0207010048;RESSONANCIA MAGNETICA DE COLUNA LOMBO-SACRA;DORVALINA DA SILVA;1979-06-19;LUZIA APARECIDA DA SILVA;706402100894781;99680670163;FEMININO;668260332;4;437;10;2185;6;M472;OUTRAS ESPONDILOSES COM RADICULOPATIAS 
2026-06-23 19:59:58;500769;SAO GABRIEL DO OESTE;6354265;CENTRAL DE REGULACAO DE SAO GABRIEL DO OESTE;500769;SAO GABRIEL DO OESTE;1;1;2026-05-18 14:09:44;3100000;RESSONANCIA MAGNETICA DE COLUNA LOMBAR;3100000;GRUPO - RESSONANCIA MAGNETICA;0207010048;RESSONANCIA MAGNETICA DE COLUNA LOMBO-SACRA;ROBERTO DA SILVA FERREIRA;1988-02-17;MARIA DA SILVA DIVINO;708401270293369;02035575141;MASCULINO;668182006;4;436;10;2180;6;M545;DOR LOMBAR BAIXA 
2026-06-23 19:59:58;500769;SAO GABRIEL DO OESTE;6354265;CENTRAL DE REGULACAO DE SAO GABRIEL DO OESTE;500769;SAO GABRIEL DO OESTE;1;1;2026-06-16 17:35:56;3100000;RESSONANCIA MAGNETICA DE COLUNA LOMBAR;3100000;GRUPO - RESSONANCIA MAGNETICA;0207010048;RESSONANCIA MAGNETICA DE COLUNA LOMBO-SACRA;RENATA DIAS SOBRINHO;1992-02-23;ANTONIA PEREIRA DIAS;704000347154260;04315852104;FEMININO;673831953;4;531;10;2655;6;M545;DOR LOMBAR BAIXA 
2026-06-23 19:59:58;500769;SAO GABRIEL DO OESTE;6354265;CENTRAL DE REGULACAO DE SAO GABRIEL DO OESTE;500769;SAO GABRIEL DO OESTE;1;1;2026-06-09 11:38:11;3100000;RESSONANCIA MAGNETICA DE COLUNA LOMBAR;3100000;GRUPO - RESSONANCIA MAGNETICA;0207010048;RESSONANCIA MAGNETICA DE COLUNA LOMBO-SACRA;VANESSA CONCEICAO PEREIRA CARDOSO;1983-12-05;TEREZA FURMANN;704109188086174;01013612116;FEMININO;672302118;4;512;10;2560;6;M545;DOR LOMBAR BAIXA 
2026-06-23 19:59:58;500769;SAO GABRIEL DO OESTE;6354265;CENTRAL DE REGULACAO DE SAO GABRIEL DO OESTE;500769;SAO GABRIEL DO OESTE;1;1;2026-06-09 11:32:03;3100000;RESSONANCIA MAGNETICA DE COLUNA LOMBAR;3100000;GRUPO - RESSONANCIA MAGNETICA;0207010048;RESSONANCIA MAGNETICA DE COLUNA LOMBO-SACRA;APARECIDA BEZERRA DE CARVALHO;1970-08-06;EVANIR ALBUQUERQUE DIAS;704308516956797;86744500163;FEMININO;672298848;4;511;10;2555;6;M545;DOR LOMBAR BAIXA 
2026-06-23 19:59:58;500769;SAO GABRIEL DO OESTE;6354265;CENTRAL DE REGULACAO DE SAO GABRIEL DO OESTE;500769;SAO GABRIEL DO OESTE;1;1;2026-06-02 09:29:02;3100000;RESSONANCIA MAGNETICA DE COLUNA LOMBAR;3100000;GRUPO - RESSONANCIA MAGNETICA;0207010048;RESSONANCIA MAGNETICA DE COLUNA LOMBO-SACRA;JAINE DA SILVA;1993-12-18;ADRIANA FRANCISCA DA SILVA;702001873905387;02733050184;FEMININO;671208920;4;498;10;2490;6;M542;CERVICALGIA 
2026-06-23 19:59:58;500769;SAO GABRIEL DO OESTE;6354265;CENTRAL DE REGULACAO DE SAO GABRIEL DO OESTE;500769;SAO GABRIEL DO OESTE;1;1;2026-06-02 09:10:29;3100000;RESSONANCIA MAGNETICA DE COLUNA LOMBAR;3100000;GRUPO - RESSONANCIA MAGNETICA;0207010048;RESSONANCIA MAGNETICA DE COLUNA LOMBO-SACRA;LUZIA REZENDE COIMBRA;1980-12-18;GERACINA REZENDE COIMBRA;701209024705712;00101969198;FEMININO;671196722;4;497;10;2485;6;M511;TRANSTORNOS DE DISCOS LOMBARES E DE OUTROS DISCOS INTERVERTEBRAIS COM RADICULOPATIA 
2026-06-23 19:59:58;500769;SAO GABRIEL DO OESTE;6354265;CENTRAL DE REGULACAO DE SAO GABRIEL DO OESTE;500769;SAO GABRIEL DO OESTE;1;1;2026-06-02 08:26:41;3100000;RESSONANCIA MAGNETICA DE COLUNA LOMBAR;3100000;GRUPO - RESSONANCIA MAGNETICA;0207010048;RESSONANCIA MAGNETICA DE COLUNA LOMBO-SACRA;REGINA CELIA MORAIS VIEIRA;1971-12-27;RAIMUNDA MORAIS VIEIRA;702802654685660;91154260178;FEMININO;671171490;4;496;10;2480;6;M545;DOR LOMBAR BAIXA 
2026-06-23 19:59:58;500769;SAO GABRIEL DO OESTE;6354265;CENTRAL DE REGULACAO DE SAO GABRIEL DO OESTE;500769;SAO GABRIEL DO OESTE;1;1;2026-06-01 14:47:39;3100000;RESSONANCIA MAGNETICA DE COLUNA LOMBAR;3100000;GRUPO - RESSONANCIA MAGNETICA;0207010048;RESSONANCIA MAGNETICA DE COLUNA LOMBO-SACRA;OLINDA MATOS DE SOUZA;1944-06-07;OTHAZIA LUIZA DE CARVALHO;700605988639169;94289816134;FEMININO;671060905;4;492;10;2460;6;M809;OSTEOPOROSE NAO ESPECIFICADA COM FRATURA PATOLOGICA 
2026-06-23 19:59:58;500769;SAO GABRIEL DO OESTE;6354265;CENTRAL DE REGULACAO DE SAO GABRIEL DO OESTE;500769;SAO GABRIEL DO OESTE;1;1;2026-06-01 14:10:45;3100000;RESSONANCIA MAGNETICA DE COLUNA LOMBAR;3100000;GRUPO - RESSONANCIA MAGNETICA;0207010048;RESSONANCIA MAGNETICA DE COLUNA LOMBO-SACRA;CLEVERSON BAISCHI;2000-11-18;MARTA DOS SANTOS;706308768454776;71761636189;MASCULINO;671041111;4;490;10;2450;6;M545;DOR LOMBAR BAIXA 
2026-06-23 19:59:58;500769;SAO GABRIEL DO OESTE;6354265;CENTRAL DE REGULACAO DE SAO GABRIEL DO OESTE;500769;SAO GABRIEL DO OESTE;1;1;2026-05-29 16:14:17;3100000;RESSONANCIA MAGNETICA DE COLUNA LOMBAR;3100000;GRUPO - RESSONANCIA MAGNETICA;0207010048;RESSONANCIA MAGNETICA DE COLUNA LOMBO-SACRA;VALDETE FERREIRA DE SOUZA;1969-06-07;BRANDINA MATIAS DE SOUZA;702606730572642;63755408104;MASCULINO;670775576;4;487;10;2435;6;M545;DOR LOMBAR BAIXA 
2026-06-23 19:59:58;500769;SAO GABRIEL DO OESTE;6354265;CENTRAL DE REGULACAO DE SAO GABRIEL DO OESTE;500769;SAO GABRIEL DO OESTE;1;1;2026-06-22 15:04:50;3100000;RESSONANCIA MAGNETICA DE COLUNA LOMBAR;3100000;GRUPO - RESSONANCIA MAGNETICA;0207010048;RESSONANCIA MAGNETICA DE COLUNA LOMBO-SACRA;SOLANGE PASQUALI GUEDIN;1968-02-27;SANTINA IDALINA SASSO PASQUALI;708400706596362;44690088187;FEMININO;674832881;4;539;10;2695;6;M545;DOR LOMBAR BAIXA 
2026-06-23 19:59:58;500769;SAO GABRIEL DO OESTE;6452116;CENTRO DE ESPECIALIDADES MEDICAS;500769;SAO GABRIEL DO OESTE;1;1;2026-06-17 08:13:02;3100000;RESSONANCIA MAGNETICA DE COLUNA LOMBO-SACRA;3100000;GRUPO - RESSONANCIA MAGNETICA;0207010048;RESSONANCIA MAGNETICA DE COLUNA LOMBO-SACRA;INES MARGARETE CABRAL KURUTZ;1966-11-12;MARIA WEBRER CABRAL;706406613073482;26539141823;FEMININO;673862757;4;532;1;47880;0;M511;TRANSTORNOS DE DISCOS LOMBARES E DE OUTROS DISCOS INTERVERTEBRAIS COM RADICULOPATIA 
2026-06-23 19:59:58;500769;SAO GABRIEL DO OESTE;6354265;CENTRAL DE REGULACAO DE SAO GABRIEL DO OESTE;500769;SAO GABRIEL DO OESTE;1;1;2026-06-16 17:17:25;3100000;RESSONANCIA MAGNETICA DE COLUNA LOMBO-SACRA;3100000;GRUPO - RESSONANCIA MAGNETICA;0207010048;RESSONANCIA MAGNETICA DE COLUNA LOMBO-SACRA;EVALDO FRANCISCO DOS SANTOS;1975-02-26;LEUDA ANTONIA DOS SANTOS;706907107393532;03221023162;MASCULINO;673828470;4;530;1;47700;0;I99;OUTROS TRANSTORNOS DO APARELHO CIRCULATORIO E OS NAO ESPECIFICADOS 
2026-06-23 19:59:58;500769;SAO GABRIEL DO OESTE;6354265;CENTRAL DE REGULACAO DE SAO GABRIEL DO OESTE;500769;SAO GABRIEL DO OESTE;1;1;2026-06-12 08:16:58;3100000;RESSONANCIA MAGNETICA DE COLUNA LOMBO-SACRA;3100000;GRUPO - RESSONANCIA MAGNETICA;0207010048;RESSONANCIA MAGNETICA DE COLUNA LOMBO-SACRA;FRANCISCA DE LIMA;1959-07-30;MINELVINA MARIA DA CONCEICAO;700404353638050;88336999434;FEMININO;673033031;4;522;1;46980;0;G578;OUTRAS MONONEUROPATIAS DOS MEMBROS INFERIORES 
2026-06-23 19:59:58;500769;SAO GABRIEL DO OESTE;6354265;CENTRAL DE REGULACAO DE SAO GABRIEL DO OESTE;500769;SAO GABRIEL DO OESTE;1;1;2026-06-10 15:06:49;3100000;RESSONANCIA MAGNETICA DE COLUNA LOMBO-SACRA;3100000;GRUPO - RESSONANCIA MAGNETICA;0207010048;RESSONANCIA MAGNETICA DE COLUNA LOMBO-SACRA;LUCIANA LUGO MORINIGO;1970-12-13;ROSARIA GONCALVES LUGO;707801605609913;01542008166;FEMININO;672672058;4;518;1;46620;0;I839;VARIZES DOS MEMBROS INFERIORES SEM ULCERA OU INFLAMACAO 
2026-06-23 19:59:58;500769;SAO GABRIEL DO OESTE;6354265;CENTRAL DE REGULACAO DE SAO GABRIEL DO OESTE;500769;SAO GABRIEL DO OESTE;1;1;2026-06-10 10:04:54;3100000;RESSONANCIA MAGNETICA DE COLUNA LOMBO-SACRA;3100000;GRUPO - RESSONANCIA MAGNETICA;0207010048;RESSONANCIA MAGNETICA DE COLUNA LOMBO-SACRA;ELIANE GOTERRA;1966-12-16;ELZA ALBINO GOTERRA;708907758880314;35811889100;FEMININO;672533534;4;516;1;46440;0;I839;VARIZES DOS MEMBROS INFERIORES SEM ULCERA OU INFLAMACAO 
2026-06-23 19:59:58;500769;SAO GABRIEL DO OESTE;6354265;CENTRAL DE REGULACAO DE SAO GABRIEL DO OESTE;500769;SAO GABRIEL DO OESTE;1;1;2026-06-09 15:55:31;3100000;RESSONANCIA MAGNETICA DE COLUNA LOMBO-SACRA;3100000;GRUPO - RESSONANCIA MAGNETICA;0207010048;RESSONANCIA MAGNETICA DE COLUNA LOMBO-SACRA;MARIA CORREIA DOS SANTOS;1974-10-04;MARIA ROSA DOS SANTOS;705006887340254;78833965520;FEMININO;672408878;4;513;1;46170;0;M545;DOR LOMBAR BAIXA 
2026-06-23 19:59:58;500769;SAO GABRIEL DO OESTE;6354265;CENTRAL DE REGULACAO DE SAO GABRIEL DO OESTE;500769;SAO GABRIEL DO OESTE;1;1;2026-06-23 14:52:08;3100000;RESSONANCIA MAGNETICA DE COLUNA LOMBO-SACRA;3100000;GRUPO - RESSONANCIA MAGNETICA;0207010048;RESSONANCIA MAGNETICA DE COLUNA LOMBO-SACRA;DENEVALDO LOPES DA SILVA;1967-03-09;ZILDA PEREIRA SILVA;708401265392567;29295487893;MASCULINO;675082229;4;545;1;49050;0;S220;FRATURA DE VERTEBRA TORACICA 
2026-06-23 19:59:58;500769;SAO GABRIEL DO OESTE;6354265;CENTRAL DE REGULACAO DE SAO GABRIEL DO OESTE;500769;SAO GABRIEL DO OESTE;1;1;2026-06-23 08:19:19;3100000;RESSONANCIA MAGNETICA DE COLUNA LOMBO-SACRA;3100000;GRUPO - RESSONANCIA MAGNETICA;0207010048;RESSONANCIA MAGNETICA DE COLUNA LOMBO-SACRA;FATIMA BONIFACIO ALVES;1970-09-21;TERCILIA BONIFACIO ALVES;706508308636291;55501176149;FEMININO;674918247;4;541;1;48690;0;M545;DOR LOMBAR BAIXA 
2026-06-23 19:59:58;500769;SAO GABRIEL DO OESTE;6354265;CENTRAL DE REGULACAO DE SAO GABRIEL DO OESTE;500769;SAO GABRIEL DO OESTE;1;1;2026-06-18 17:40:09;3100000;RESSONANCIA MAGNETICA DE COLUNA LOMBO-SACRA;3100000;GRUPO - RESSONANCIA MAGNETICA;0207010048;RESSONANCIA MAGNETICA DE COLUNA LOMBO-SACRA;DEILDE FERNANDES VIEGAS;1960-07-19;LEONILDA VIERA DOS SANTOS;706405650077983;59244003104;FEMININO;674372923;4;537;1;48330;0;M431;ESPONDILOLISTESE 
2026-06-23 19:59:58;500769;SAO GABRIEL DO OESTE;6354265;CENTRAL DE REGULACAO DE SAO GABRIEL DO OESTE;500769;SAO GABRIEL DO OESTE;1;1;2026-06-17 16:40:44;3100000;RESSONANCIA MAGNETICA DE COLUNA LOMBO-SACRA;3100000;GRUPO - RESSONANCIA MAGNETICA;0207010048;RESSONANCIA MAGNETICA DE COLUNA LOMBO-SACRA;DIVA ALVES DOMINGUES;1963-01-01;OCALINA DOS SANTOS DOMINGUES;704009887291967;58358412134;FEMININO;674088332;4;533;1;47970;0;M994;ESTENOSE DE TECIDO CONJUNTIVO DO CANAL MEDULAR 
2026-06-23 19:59:58;500769;SAO GABRIEL DO OESTE;6354265;CENTRAL DE REGULACAO DE SAO GABRIEL DO OESTE;500769;SAO GABRIEL DO OESTE;1;1;2026-04-10 15:46:52;3100000;RESSONANCIA MAGNETICA DE CRANIO COM CONTRASTE;3100000;GRUPO - RESSONANCIA MAGNETICA;0207010064;RESSONANCIA MAGNETICA DE CRANIO;MARIA MADALENA GOMES DA SILVA;1993-06-18;ALAIDES GOMES DOS SANTOS;704007333262461;04761972106;FEMININO;661481210;4;46;26;1380;1;G508;OUTROS TRANSTORNOS DO NERVO TRIGEMEO 
2026-06-23 19:59:58;500769;SAO GABRIEL DO OESTE;6354265;CENTRAL DE REGULACAO DE SAO GABRIEL DO OESTE;500769;SAO GABRIEL DO OESTE;1;1;2026-04-09 17:32:26;3100000;RESSONANCIA MAGNETICA DE BACIA / PELVE / ABDOMEN INFERIOR;3100000;GRUPO - RESSONANCIA MAGNETICA;0207030022;RESSONANCIA MAGNETICA DE BACIA / PELVE / ABDOMEN INFERIOR;THAYNARA DANIELE DOS SANTOS;2000-07-01;LUZIA TANIA DE SOUZA DOS SANTOS;708106616678740;05616605140;FEMININO;661261314;4;35;20;394;3;G51;TRANSTORNOS DO NERVO FACIAL
2026-06-23 19:59:58;500769;SAO GABRIEL DO OESTE;6354265;CENTRAL DE REGULACAO DE SAO GABRIEL DO OESTE;500769;SAO GABRIEL DO OESTE;1;1;2026-04-09 15:52:37;3100000;RESSONANCIA MAGNETICA DE BACIA / PELVE / ABDOMEN INFERIOR;3100000;GRUPO - RESSONANCIA MAGNETICA;0207030022;RESSONANCIA MAGNETICA DE BACIA / PELVE / ABDOMEN INFERIOR;DANIELLY OLIVEIRA BERTO;2003-02-25;ALESSANDRA SILVA DE OLIVEIRA BERTO;705004224030158;07096778128;FEMININO;661230977;4;28;20;315;3;N80;ENDOMETRIOSE
2026-06-23 19:59:58;500769;SAO GABRIEL DO OESTE;6354265;CENTRAL DE REGULACAO DE SAO GABRIEL DO OESTE;500769;SAO GABRIEL DO OESTE;1;1;2026-04-10 17:16:53;3100000;RESSONANCIA MAGNETICA DE BACIA / PELVE / ABDOMEN INFERIOR;3100000;GRUPO - RESSONANCIA MAGNETICA;0207030022;RESSONANCIA MAGNETICA DE BACIA / PELVE / ABDOMEN INFERIOR;JOAO ALVES FEITOZA;1959-09-03;MERENTINA FERREIRA FEITOZA;706304786637476;29419271153;MASCULINO;661506837;3;13;20;146;3;C61;NEOPLASIA MALIGNA DA PROSTATA 
2026-06-23 19:59:58;500769;SAO GABRIEL DO OESTE;6354265;CENTRAL DE REGULACAO DE SAO GABRIEL DO OESTE;500769;SAO GABRIEL DO OESTE;1;1;2026-04-10 17:02:00;3100000;RESSONANCIA MAGNETICA DE BACIA / PELVE / ABDOMEN INFERIOR;3100000;GRUPO - RESSONANCIA MAGNETICA;0207030022;RESSONANCIA MAGNETICA DE BACIA / PELVE / ABDOMEN INFERIOR;MANOEL DOS SANTOS;1959-07-17;MARIA SENHORA DOS SANTOS;700002826262100;59577401600;MASCULINO;661504314;3;12;20;135;3;N40;HIPERPLASIA DA PROSTATA 
2026-06-23 19:59:58;500769;SAO GABRIEL DO OESTE;6354265;CENTRAL DE REGULACAO DE SAO GABRIEL DO OESTE;500769;SAO GABRIEL DO OESTE;1;1;2026-04-09 16:53:44;3100000;RESSONANCIA MAGNETICA DE BACIA / PELVE / ABDOMEN INFERIOR;3100000;GRUPO - RESSONANCIA MAGNETICA;0207030022;RESSONANCIA MAGNETICA DE BACIA / PELVE / ABDOMEN INFERIOR;WISLHER ALEJANDRO DE SOUZA;1999-07-19;REJANE PIRES DE SOUZA;705408456414494;06828240111;MASCULINO;661253620;3;4;20;45;3;S602;CONTUSAO DE OUTRAS PARTES DO PUNHO E DA MAO 
2026-06-23 19:59:58;500769;SAO GABRIEL DO OESTE;6354265;CENTRAL DE REGULACAO DE SAO GABRIEL DO OESTE;500769;SAO GABRIEL DO OESTE;1;1;2026-04-15 16:40:49;3100000;RESSONANCIA MAGNETICA DE BACIA / PELVE / ABDOMEN INFERIOR;3100000;GRUPO - RESSONANCIA MAGNETICA;0207030022;RESSONANCIA MAGNETICA DE BACIA / PELVE / ABDOMEN INFERIOR;JACKSON VICENTE FERRARI;1994-05-31;ADRIANA VICENTE DE OLIVEIRA;706505328279890;01907977112;MASCULINO;662398754;4;70;20;787;3;K610;ABSCESSO ANAL 
2026-06-23 19:59:58;500769;SAO GABRIEL DO OESTE;6354265;CENTRAL DE REGULACAO DE SAO GABRIEL DO OESTE;500769;SAO GABRIEL DO OESTE;1;1;2026-04-10 16:17:45;3100000;RESSONANCIA MAGNETICA DE BACIA / PELVE / ABDOMEN INFERIOR;3100000;GRUPO - RESSONANCIA MAGNETICA;0207030022;RESSONANCIA MAGNETICA DE BACIA / PELVE / ABDOMEN INFERIOR;MARIA APARECIDA DA SILVA MIRANDA;1985-10-16;MARIA MADALENA DA SILVA ALVES;702807607638761;23137755859;FEMININO;661491999;4;49;20;551;3;N80;ENDOMETRIOSE
2026-06-23 19:59:58;500769;SAO GABRIEL DO OESTE;6354265;CENTRAL DE REGULACAO DE SAO GABRIEL DO OESTE;500769;SAO GABRIEL DO OESTE;1;1;2026-04-10 15:21:43;3100000;RESSONANCIA MAGNETICA DE BACIA / PELVE / ABDOMEN INFERIOR;3100000;GRUPO - RESSONANCIA MAGNETICA;0207030022;RESSONANCIA MAGNETICA DE BACIA / PELVE / ABDOMEN INFERIOR;JOSE WERTON GOIS DE FIGUEIREDO;1952-01-31;FRANCISCA VIEIRA DA ROCHA;702008780634290;97739170100;MASCULINO;661471188;4;44;20;495;3;C61;NEOPLASIA MALIGNA DA PROSTATA 
2026-06-23 19:59:58;500769;SAO GABRIEL DO OESTE;6354265;CENTRAL DE REGULACAO DE SAO GABRIEL DO OESTE;500769;SAO GABRIEL DO OESTE;1;1;2026-04-17 08:45:55;3100000;RESSONANCIA MAGNETICA DE BACIA / PELVE / ABDOMEN INFERIOR;3100000;GRUPO - RESSONANCIA MAGNETICA;0207030022;RESSONANCIA MAGNETICA DE BACIA / PELVE / ABDOMEN INFERIOR;CICERO VASCONCELOS DE ARAUJO;1976-09-04;MARIA ZENILDA VASCONCELOS DE ARAUJO;700008509051008;82756686115;MASCULINO;662735186;4;134;20;1507;3;N39;OUTROS TRANSTORNOS DO TRATO URINARIO
2026-06-23 19:59:58;500769;SAO GABRIEL DO OESTE;6354265;CENTRAL DE REGULACAO DE SAO GABRIEL DO OESTE;500769;SAO GABRIEL DO OESTE;1;1;2026-04-17 08:14:34;3100000;RESSONANCIA MAGNETICA DE BACIA / PELVE / ABDOMEN INFERIOR;3100000;GRUPO - RESSONANCIA MAGNETICA;0207030022;RESSONANCIA MAGNETICA DE BACIA / PELVE / ABDOMEN INFERIOR;CRISTIANE MEIRE DA SILVA OLIVEIRA;1979-10-19;NEIDE MEIRA DA SILVA;702009387154484;00648322106;FEMININO;662722361;4;127;20;1429;3;N80;ENDOMETRIOSE
2026-06-23 19:59:58;500769;SAO GABRIEL DO OESTE;6354265;CENTRAL DE REGULACAO DE SAO GABRIEL DO OESTE;500769;SAO GABRIEL DO OESTE;1;1;2026-04-17 08:10:57;3100000;RESSONANCIA MAGNETICA DE BACIA / PELVE / ABDOMEN INFERIOR;3100000;GRUPO - RESSONANCIA MAGNETICA;0207030022;RESSONANCIA MAGNETICA DE BACIA / PELVE / ABDOMEN INFERIOR;CARLIANE MATOS DOS REIS;1987-10-15;MARIA ANTONIA DA SILVA MATOS;702607253809241;03982712327;FEMININO;662721060;4;126;20;1417;3;N80;ENDOMETRIOSE
2026-06-23 19:59:58;500769;SAO GABRIEL DO OESTE;6354265;CENTRAL DE REGULACAO DE SAO GABRIEL DO OESTE;500769;SAO GABRIEL DO OESTE;1;1;2026-04-16 15:48:04;3100000;RESSONANCIA MAGNETICA DE BACIA / PELVE / ABDOMEN INFERIOR;3100000;GRUPO - RESSONANCIA MAGNETICA;0207030022;RESSONANCIA MAGNETICA DE BACIA / PELVE / ABDOMEN INFERIOR;EDILENE ALFREDO ANDRADE;1981-10-21;DEONICE ALFREDO;703207660757498;00227769155;FEMININO;662659336;4;117;20;1316;3;R10;DOR ABDOMINAL E PELVICA
2026-06-23 19:59:58;500769;SAO GABRIEL DO OESTE;6354265;CENTRAL DE REGULACAO DE SAO GABRIEL DO OESTE;500769;SAO GABRIEL DO OESTE;1;1;2026-04-17 10:56:21;3100000;RESSONANCIA MAGNETICA DE BACIA / PELVE / ABDOMEN INFERIOR;3100000;GRUPO - RESSONANCIA MAGNETICA;0207030022;RESSONANCIA MAGNETICA DE BACIA / PELVE / ABDOMEN INFERIOR;DENISE AMORIM BLOS;1981-08-20;APARECIDA AMORIM BLOS;706205006556465;96706678104;FEMININO;662807047;4;158;20;1777;3;Z014;EXAME GINECOLOGICO (GERAL) (DE ROTINA) 
2026-06-23 19:59:58;500769;SAO GABRIEL DO OESTE;6354265;CENTRAL DE REGULACAO DE SAO GABRIEL DO OESTE;500769;SAO GABRIEL DO OESTE;1;1;2026-04-17 09:35:55;3100000;RESSONANCIA MAGNETICA DE BACIA / PELVE / ABDOMEN INFERIOR;3100000;GRUPO - RESSONANCIA MAGNETICA;0207030022;RESSONANCIA MAGNETICA DE BACIA / PELVE / ABDOMEN INFERIOR;CESAR DOS SANTOS;1976-11-23;AUREA MORAES DOS SANTOS;700209497473721;02553721919;MASCULINO;662760469;4;143;20;1609;3;N40;HIPERPLASIA DA PROSTATA 
2026-06-23 19:59:58;500769;SAO GABRIEL DO OESTE;6354265;CENTRAL DE REGULACAO DE SAO GABRIEL DO OESTE;500769;SAO GABRIEL DO OESTE;1;1;2026-04-21 14:50:20;3100000;RESSONANCIA MAGNETICA DE BACIA / PELVE / ABDOMEN INFERIOR;3100000;GRUPO - RESSONANCIA MAGNETICA;0207030022;RESSONANCIA MAGNETICA DE BACIA / PELVE / ABDOMEN INFERIOR;JOAO BATISTA LEAL;1963-03-25;MARIA FRANCISCA DA CONCEICAO;704809082123746;77969030149;MASCULINO;663098928;4;322;20;3622;3;N200;CALCULOSE DO RIM 
2026-06-23 19:59:58;500769;SAO GABRIEL DO OESTE;6354265;CENTRAL DE REGULACAO DE SAO GABRIEL DO OESTE;500769;SAO GABRIEL DO OESTE;1;1;2026-04-21 14:23:15;3100000;RESSONANCIA MAGNETICA DE BACIA / PELVE / ABDOMEN INFERIOR;3100000;GRUPO - RESSONANCIA MAGNETICA;0207030022;RESSONANCIA MAGNETICA DE BACIA / PELVE / ABDOMEN INFERIOR;PATRICIA ROSA CAPONI RODRIGUES;1988-05-14;MARIA RITA BARRA ROSA;702606269390643;09325151693;FEMININO;663098411;4;301;20;3386;3;N939;SANGRAMENTO ANORMAL DO UTERO OU DA VAGINA, NAO ESPECIFICADO 
2026-06-23 19:59:58;500769;SAO GABRIEL DO OESTE;6354265;CENTRAL DE REGULACAO DE SAO GABRIEL DO OESTE;500769;SAO GABRIEL DO OESTE;1;1;2026-04-21 15:27:24;3100000;RESSONANCIA MAGNETICA DE BACIA / PELVE / ABDOMEN INFERIOR;3100000;GRUPO - RESSONANCIA MAGNETICA;0207030022;RESSONANCIA MAGNETICA DE BACIA / PELVE / ABDOMEN INFERIOR;SILVANA DINIZ DOS SANTOS CARDOSO;1982-06-03;TEREZINHA DE JESUS DOS SANTOS;702400554221427;30948189860;FEMININO;663099753;4;351;20;3949;3;R102;DOR PELVICA E PERINEAL 
2026-06-23 19:59:58;500769;SAO GABRIEL DO OESTE;6354265;CENTRAL DE REGULACAO DE SAO GABRIEL DO OESTE;500769;SAO GABRIEL DO OESTE;1;1;2026-05-07 10:58:28;3100000;RESSONANCIA MAGNETICA DE BACIA / PELVE / ABDOMEN INFERIOR;3100000;GRUPO - RESSONANCIA MAGNETICA;0207030022;RESSONANCIA MAGNETICA DE BACIA / PELVE / ABDOMEN INFERIOR;NEILOR LUIS PEDRUSSI;1983-08-24;SENEIDE MARIA PEDRUSSI;708007319074923;96671416168;MASCULINO;666215077;4;416;20;4680;3;K60;FISSURA E FISTULA DAS REGIOES ANAL E RETAL
2026-06-23 19:59:58;500769;SAO GABRIEL DO OESTE;6354265;CENTRAL DE REGULACAO DE SAO GABRIEL DO OESTE;500769;SAO GABRIEL DO OESTE;1;1;2026-04-22 16:54:18;3100000;RESSONANCIA MAGNETICA DE BACIA / PELVE / ABDOMEN INFERIOR;3100000;GRUPO - RESSONANCIA MAGNETICA;0207030022;RESSONANCIA MAGNETICA DE BACIA / PELVE / ABDOMEN INFERIOR;SALETHE PEREIRA DE LIMA;1948-07-26;IRMA PEREIRA DE LIMA;708002870124821;14832852191;FEMININO;663380563;4;388;20;4365;3;N200;CALCULOSE DO RIM 
2026-06-23 19:59:58;500769;SAO GABRIEL DO OESTE;6354265;CENTRAL DE REGULACAO DE SAO GABRIEL DO OESTE;500769;SAO GABRIEL DO OESTE;1;1;2026-05-28 11:39:31;3100000;RESSONANCIA MAGNETICA DE BACIA / PELVE / ABDOMEN INFERIOR;3100000;GRUPO - RESSONANCIA MAGNETICA;0207030022;RESSONANCIA MAGNETICA DE BACIA / PELVE / ABDOMEN INFERIOR;VALDREIA APARECIDA NEVES;1982-04-18;EVANI VASCO;708607052539181;97653527191;FEMININO;670413627;4;467;20;5254;3;N800;ENDOMETRIOSE DO UTERO 
2026-06-23 19:59:58;500769;SAO GABRIEL DO OESTE;6354265;CENTRAL DE REGULACAO DE SAO GABRIEL DO OESTE;500769;SAO GABRIEL DO OESTE;1;1;2026-05-28 11:20:31;3100000;RESSONANCIA MAGNETICA DE BACIA / PELVE / ABDOMEN INFERIOR;3100000;GRUPO - RESSONANCIA MAGNETICA;0207030022;RESSONANCIA MAGNETICA DE BACIA / PELVE / ABDOMEN INFERIOR;ANDREIA DE SOUZA PEREIRA;1985-10-14;MARIA DAS GRACAS SOUZA PEREIRA;708600552720784;02955043150;FEMININO;670403561;4;464;20;5220;3;R102;DOR PELVICA E PERINEAL 
2026-06-23 19:59:58;500769;SAO GABRIEL DO OESTE;6354265;CENTRAL DE REGULACAO DE SAO GABRIEL DO OESTE;500769;SAO GABRIEL DO OESTE;1;1;2026-05-28 10:42:01;3100000;RESSONANCIA MAGNETICA DE BACIA / PELVE / ABDOMEN INFERIOR;3100000;GRUPO - RESSONANCIA MAGNETICA;0207030022;RESSONANCIA MAGNETICA DE BACIA / PELVE / ABDOMEN INFERIOR;GLAUCIANE COIMBRA BARREIROS;1985-03-07;OTILIA COIMBRA BARREIROS;706406694266286;01615906169;FEMININO;670379715;4;460;20;5175;3;N80;ENDOMETRIOSE
2026-06-23 19:59:58;500769;SAO GABRIEL DO OESTE;6354265;CENTRAL DE REGULACAO DE SAO GABRIEL DO OESTE;500769;SAO GABRIEL DO OESTE;1;1;2026-06-11 09:19:24;3100000;RESSONANCIA MAGNETICA DE BACIA / PELVE / ABDOMEN INFERIOR;3100000;GRUPO - RESSONANCIA MAGNETICA;0207030022;RESSONANCIA MAGNETICA DE BACIA / PELVE / ABDOMEN INFERIOR;ALAIR SANTOS DA SILVA;1993-07-05;CAROLINA DOS SANTOS BARBOSA;708204164244443;04060447161;FEMININO;672791505;4;521;20;5861;3;D391;OVARIO 
2026-06-23 19:59:58;500769;SAO GABRIEL DO OESTE;2370999;UNIDADE DE SAUDE DA FAMILIA FENIX IV;500769;SAO GABRIEL DO OESTE;1;1;2026-06-10 14:48:36;3100000;RESSONANCIA MAGNETICA DE BACIA/PELVE/ABDOMEN INFERIOR C/CONTRASTE;3100000;GRUPO - RESSONANCIA MAGNETICA;0207030022;RESSONANCIA MAGNETICA DE BACIA / PELVE / ABDOMEN INFERIOR;ANDREA LARISSA RICHTER;1993-08-12;SIMONE RITH RICHTER;700003065920403;02597540138;FEMININO;672662428;4;517;2;46530;0;N832;OUTROS CISTOS OVARIANOS E OS NAO ESPECIFICADOS 
2026-06-23 19:59:58;500769;SAO GABRIEL DO OESTE;6354265;CENTRAL DE REGULACAO DE SAO GABRIEL DO OESTE;500769;SAO GABRIEL DO OESTE;1;1;2026-04-22 09:23:19;3500000;TOMOGRAFIA COMPUTADORIZADA DO TORAX SEM CONTRASTE;3500000;GRUPO - TOMOGRAFIA COMPUTADORIZADA;0206020031;TOMOGRAFIA COMPUTADORIZADA DE TORAX;ANTONIO DIAS VIEIRA;1955-05-20;ONEZIA SENHORINHA DE OLIVEIRA;702802137817660;36609811172;MASCULINO;663163271;4;33;10;212;5;R05;TOSSE 
2026-06-23 19:59:58;500769;SAO GABRIEL DO OESTE;6354265;CENTRAL DE REGULACAO DE SAO GABRIEL DO OESTE;500769;SAO GABRIEL DO OESTE;1;1;2026-04-21 09:39:37;3500000;TOMOGRAFIA COMPUTADORIZADA DO TORAX SEM CONTRASTE;3500000;GRUPO - TOMOGRAFIA COMPUTADORIZADA;0206020031;TOMOGRAFIA COMPUTADORIZADA DE TORAX;JUAREZ RAMALHO;1972-04-06;MARIA GERALDINA RAMALHO;702908537161171;09753096844;MASCULINO;663093673;4;27;10;174;5;J449;DOENCA PULMONAR OBSTRUTIVA CRONICA NAO ESPECIFICADA 
2026-06-23 19:59:58;500769;SAO GABRIEL DO OESTE;6354265;CENTRAL DE REGULACAO DE SAO GABRIEL DO OESTE;500769;SAO GABRIEL DO OESTE;1;1;2026-04-22 10:42:36;3500000;TOMOGRAFIA COMPUTADORIZADA DO TORAX SEM CONTRASTE;3500000;GRUPO - TOMOGRAFIA COMPUTADORIZADA;0206020031;TOMOGRAFIA COMPUTADORIZADA DE TORAX;GERMANO NUNES SALES;1952-01-06;MARIA GLORIA DE BARROS;704800096917741;54249775100;MASCULINO;663214577;3;12;10;77;5;J841;OUTRAS DOENCAS PULMONARES INTERSTICIAIS COM FIBROSE 
2026-06-23 19:59:58;500769;SAO GABRIEL DO OESTE;6354265;CENTRAL DE REGULACAO DE SAO GABRIEL DO OESTE;500769;SAO GABRIEL DO OESTE;1;1;2026-05-04 17:29:25;3500000;TOMOGRAFIA COMPUTADORIZADA DO TORAX SEM CONTRASTE;3500000;GRUPO - TOMOGRAFIA COMPUTADORIZADA;0206020031;TOMOGRAFIA COMPUTADORIZADA DE TORAX;ARI GONCALVES;1952-10-20;NIVERSINA GONCALVES;700001058292700;13991876191;MASCULINO;665496646;4;79;10;508;5;R91;ACHADOS ANORMAIS, DE EXAMES PARA DIAGNOSTICO POR IMAGEM, DO PULMAO 
2026-06-23 19:59:58;500769;SAO GABRIEL DO OESTE;6354265;CENTRAL DE REGULACAO DE SAO GABRIEL DO OESTE;500769;SAO GABRIEL DO OESTE;1;1;2026-04-29 17:27:10;3500000;TOMOGRAFIA COMPUTADORIZADA DO TORAX SEM CONTRASTE;3500000;GRUPO - TOMOGRAFIA COMPUTADORIZADA;0206020031;TOMOGRAFIA COMPUTADORIZADA DE TORAX;MADALENA FERNANDES DE LIMA;1956-07-22;BRAZILINA GOMES FERREIRA;704201755129381;31317790120;FEMININO;664871915;4;76;10;489;5;J448;OUTRAS FORMAS ESPECIFICADAS DE DOENCA PULMONAR OBSTRUTIVA CRONICA 
2026-06-23 19:59:58;500769;SAO GABRIEL DO OESTE;6354265;CENTRAL DE REGULACAO DE SAO GABRIEL DO OESTE;500769;SAO GABRIEL DO OESTE;1;1;2026-04-29 09:42:52;3500000;TOMOGRAFIA COMPUTADORIZADA DO TORAX SEM CONTRASTE;3500000;GRUPO - TOMOGRAFIA COMPUTADORIZADA;0206020031;TOMOGRAFIA COMPUTADORIZADA DE TORAX;LORI DIELL;1953-10-29;MATILDE SOMMER;700902995889595;81865546100;FEMININO;664655126;4;74;10;476;5;R91;ACHADOS ANORMAIS, DE EXAMES PARA DIAGNOSTICO POR IMAGEM, DO PULMAO 
2026-06-23 19:59:58;500769;SAO GABRIEL DO OESTE;6354265;CENTRAL DE REGULACAO DE SAO GABRIEL DO OESTE;500769;SAO GABRIEL DO OESTE;1;1;2026-04-23 10:49:15;3500000;TOMOGRAFIA COMPUTADORIZADA DO TORAX SEM CONTRASTE;3500000;GRUPO - TOMOGRAFIA COMPUTADORIZADA;0206020031;TOMOGRAFIA COMPUTADORIZADA DE TORAX;REGINALDO ROBERTO PINTO;1966-02-13;MARGARIDA GUILHERMETE PINTO;700100982567220;56265905953;MASCULINO;663504688;4;63;10;405;5;J93;PNEUMOTORAX
2026-06-23 19:59:58;500769;SAO GABRIEL DO OESTE;6354265;CENTRAL DE REGULACAO DE SAO GABRIEL DO OESTE;500769;SAO GABRIEL DO OESTE;1;1;2026-04-22 17:44:51;3500000;TOMOGRAFIA COMPUTADORIZADA DO TORAX SEM CONTRASTE;3500000;GRUPO - TOMOGRAFIA COMPUTADORIZADA;0206020031;TOMOGRAFIA COMPUTADORIZADA DE TORAX;MARIA IRENE DOS SANTOS MORO;1954-02-28;AGMAR GARCIA DOS SANTOS;700803488886988;54138990925;FEMININO;663391292;4;56;10;360;5;J448;OUTRAS FORMAS ESPECIFICADAS DE DOENCA PULMONAR OBSTRUTIVA CRONICA 
2026-06-23 19:59:58;500769;SAO GABRIEL DO OESTE;3400964;UNIDADE DE SAUDE DA FAMILIA RURAL VII;500769;SAO GABRIEL DO OESTE;1;1;2026-04-22 17:40:29;3500000;TOMOGRAFIA COMPUTADORIZADA DO TORAX SEM CONTRASTE;3500000;GRUPO - TOMOGRAFIA COMPUTADORIZADA;0206020031;TOMOGRAFIA COMPUTADORIZADA DE TORAX;ZENIRA BORGES NANTES;1949-07-01;ELIZA LEOPOLDINA MORAES;707402008087776;97420123187;FEMININO;663390542;4;54;10;347;5;R05;TOSSE 
2026-06-23 19:59:58;500769;SAO GABRIEL DO OESTE;6354265;CENTRAL DE REGULACAO DE SAO GABRIEL DO OESTE;500769;SAO GABRIEL DO OESTE;1;1;2026-04-22 14:58:54;3500000;TOMOGRAFIA COMPUTADORIZADA DO TORAX SEM CONTRASTE;3500000;GRUPO - TOMOGRAFIA COMPUTADORIZADA;0206020031;TOMOGRAFIA COMPUTADORIZADA DE TORAX;LUIS CARLOS TEIXEIRA SILVA;1972-12-14;ELIA TEIXEIRA DA SILVA;701009861950993;46484345104;MASCULINO;663326415;4;48;10;309;5;D50;ANEMIA POR DEFICIENCIA DE FERRO
2026-06-23 19:59:58;500769;SAO GABRIEL DO OESTE;6354265;CENTRAL DE REGULACAO DE SAO GABRIEL DO OESTE;500769;SAO GABRIEL DO OESTE;1;1;2026-04-22 10:09:56;3500000;TOMOGRAFIA COMPUTADORIZADA DO TORAX SEM CONTRASTE;3500000;GRUPO - TOMOGRAFIA COMPUTADORIZADA;0206020031;TOMOGRAFIA COMPUTADORIZADA DE TORAX;DOMICIO FERREIRA DA SILVA;1947-05-26;DORVALINA FURTUNATO DA SILVA;704309599864098;10480102104;MASCULINO;663193302;4;38;10;244;5;R05;TOSSE 
2026-06-23 19:59:58;500769;SAO GABRIEL DO OESTE;6354265;CENTRAL DE REGULACAO DE SAO GABRIEL DO OESTE;500769;SAO GABRIEL DO OESTE;1;1;2026-04-22 10:03:12;3500000;TOMOGRAFIA COMPUTADORIZADA DO TORAX SEM CONTRASTE;3500000;GRUPO - TOMOGRAFIA COMPUTADORIZADA;0206020031;TOMOGRAFIA COMPUTADORIZADA DE TORAX;DIRCE SOUZA CRUZ DA SILVA;1955-05-06;RITA SOUZA CRUZ;704604601963720;03076870157;FEMININO;663188708;4;37;10;238;5;J44;OUTRAS DOENCAS PULMONARES OBSTRUTIVAS CRONICAS
2026-06-23 19:59:58;500769;SAO GABRIEL DO OESTE;6354265;CENTRAL DE REGULACAO DE SAO GABRIEL DO OESTE;500769;SAO GABRIEL DO OESTE;1;1;2026-06-15 08:35:42;3500000;TOMOGRAFIA COMPUTADORIZADA DO TORAX SEM CONTRASTE;3500000;GRUPO - TOMOGRAFIA COMPUTADORIZADA;0206020031;TOMOGRAFIA COMPUTADORIZADA DE TORAX;EUGENIO FRANCO DE OLIVEIRA;1953-09-13;ELISIA FRANCO DE OLIVEIRA;703209630141296;28652290172;MASCULINO;673298060;4;121;10;778;5;J448;OUTRAS FORMAS ESPECIFICADAS DE DOENCA PULMONAR OBSTRUTIVA CRONICA 
2026-06-23 19:59:58;500769;SAO GABRIEL DO OESTE;6354265;CENTRAL DE REGULACAO DE SAO GABRIEL DO OESTE;500769;SAO GABRIEL DO OESTE;1;1;2026-06-12 14:23:26;3500000;TOMOGRAFIA COMPUTADORIZADA DO TORAX SEM CONTRASTE;3500000;GRUPO - TOMOGRAFIA COMPUTADORIZADA;0206020031;TOMOGRAFIA COMPUTADORIZADA DE TORAX;IVONETE APARECIDA XAVIER RIBEIRO;1972-11-10;MARIA XAVIER RIBEIRO;700100957764220;99526875168;FEMININO;673178579;4;120;10;771;5;J448;OUTRAS FORMAS ESPECIFICADAS DE DOENCA PULMONAR OBSTRUTIVA CRONICA 
2026-06-23 19:59:58;500769;SAO GABRIEL DO OESTE;6354265;CENTRAL DE REGULACAO DE SAO GABRIEL DO OESTE;500769;SAO GABRIEL DO OESTE;1;1;2026-06-12 11:09:27;3500000;TOMOGRAFIA COMPUTADORIZADA DO TORAX SEM CONTRASTE;3500000;GRUPO - TOMOGRAFIA COMPUTADORIZADA;0206020031;TOMOGRAFIA COMPUTADORIZADA DE TORAX;SEBASTIAO LUIZ LOPES;1940-03-30;ANNA LUIZ LOPES;704300530212492;17625173100;MASCULINO;673118815;4;118;10;759;5;J448;OUTRAS FORMAS ESPECIFICADAS DE DOENCA PULMONAR OBSTRUTIVA CRONICA 
2026-06-23 19:59:58;500769;SAO GABRIEL DO OESTE;6354265;CENTRAL DE REGULACAO DE SAO GABRIEL DO OESTE;500769;SAO GABRIEL DO OESTE;1;1;2026-06-02 11:51:48;3500000;TOMOGRAFIA COMPUTADORIZADA DO TORAX SEM CONTRASTE;3500000;GRUPO - TOMOGRAFIA COMPUTADORIZADA;0206020031;TOMOGRAFIA COMPUTADORIZADA DE TORAX;IRONITA BARALDI;1955-10-17;TRINDADE LEANDRINA KEHLER;706204554861866;91097495000;FEMININO;671298624;4;109;10;701;5;R060;DISPNEIA 
2026-06-23 19:59:58;500769;SAO GABRIEL DO OESTE;6354265;CENTRAL DE REGULACAO DE SAO GABRIEL DO OESTE;500769;SAO GABRIEL DO OESTE;1;1;2026-06-01 14:27:16;3500000;TOMOGRAFIA COMPUTADORIZADA DO TORAX SEM CONTRASTE;3500000;GRUPO - TOMOGRAFIA COMPUTADORIZADA;0206020031;TOMOGRAFIA COMPUTADORIZADA DE TORAX;CLEONICE DE MOREIRA SALES;1950-11-26;MARIA BENTA LIMA;700802481640885;63759586104;FEMININO;671049684;4;107;10;688;5;R06;ANORMALIDADES DA RESPIRACAO
2026-06-23 19:59:58;500769;SAO GABRIEL DO OESTE;7333218;UNIDADE DE SAUDE DA FAMILIA X;500769;SAO GABRIEL DO OESTE;1;1;2026-05-22 10:17:26;3500000;TOMOGRAFIA COMPUTADORIZADA DO TORAX SEM CONTRASTE;3500000;GRUPO - TOMOGRAFIA COMPUTADORIZADA;0206020031;TOMOGRAFIA COMPUTADORIZADA DE TORAX;REGINALDO SOARES DA SILVA MONTANIA;1984-10-11;IRENE SOARES DA SILVA;702103772488099;01080231170;MASCULINO;669197226;4;94;10;604;5;R074;DOR TORACICA, NAO ESPECIFICADA 
2026-06-23 19:59:58;500769;SAO GABRIEL DO OESTE;6354265;CENTRAL DE REGULACAO DE SAO GABRIEL DO OESTE;500769;SAO GABRIEL DO OESTE;1;1;2026-05-20 15:50:36;3500000;TOMOGRAFIA COMPUTADORIZADA DO TORAX SEM CONTRASTE;3500000;GRUPO - TOMOGRAFIA COMPUTADORIZADA;0206020031;TOMOGRAFIA COMPUTADORIZADA DE TORAX;JORGE DAVID SANTOS;1959-04-23;VALDETE MARIA DOS SANTOS;700204985240829;14746859515;MASCULINO;668806467;4;92;10;591;5;R07;DOR DE GARGANTA E NO PEITO
2026-06-23 19:59:58;500769;SAO GABRIEL DO OESTE;6354265;CENTRAL DE REGULACAO DE SAO GABRIEL DO OESTE;500769;SAO GABRIEL DO OESTE;1;1;2026-05-06 15:48:25;3500000;TOMOGRAFIA COMPUTADORIZADA DO TORAX SEM CONTRASTE;3500000;GRUPO - TOMOGRAFIA COMPUTADORIZADA;0206020031;TOMOGRAFIA COMPUTADORIZADA DE TORAX;OLEZIA PEREIRA DE SOUZA;1961-12-24;SEBASTIANA CANDIDA PEREIRA;706001357202346;00794387179;FEMININO;666056087;4;83;10;534;5;R91;ACHADOS ANORMAIS, DE EXAMES PARA DIAGNOSTICO POR IMAGEM, DO PULMAO 
2026-06-23 19:59:58;500769;SAO GABRIEL DO OESTE;7333218;UNIDADE DE SAUDE DA FAMILIA X;500769;SAO GABRIEL DO OESTE;1;1;2026-06-23 16:04:31;3500000;TOMOGRAFIA COMPUTADORIZADA DO TORAX SEM CONTRASTE;3500000;GRUPO - TOMOGRAFIA COMPUTADORIZADA;0206020031;TOMOGRAFIA COMPUTADORIZADA DE TORAX;JONATHAN LEONARDO SANTOS DA SILVA;1994-08-12;ELIZETE FLORENCIO DA SILVA;706707233199520;04653698120;MASCULINO;675112911;4;151;10;971;5;S299;TRAUMATISMO NAO ESPECIFICADO DO TORAX 
2026-06-23 19:59:58;500769;SAO GABRIEL DO OESTE;6354265;CENTRAL DE REGULACAO DE SAO GABRIEL DO OESTE;500769;SAO GABRIEL DO OESTE;1;1;2026-06-23 09:42:09;3500000;TOMOGRAFIA COMPUTADORIZADA DO TORAX SEM CONTRASTE;3500000;GRUPO - TOMOGRAFIA COMPUTADORIZADA;0206020031;TOMOGRAFIA COMPUTADORIZADA DE TORAX;MARIA REGINA MENDES COSTA;1968-09-15;EURICA MENDES COSTA;704007831105368;04070421130;FEMININO;674958031;4;148;10;951;5;C539;COLO DO UTERO, NAO ESPECIFICADO 
2026-06-23 19:59:58;500769;SAO GABRIEL DO OESTE;6354265;CENTRAL DE REGULACAO DE SAO GABRIEL DO OESTE;500769;SAO GABRIEL DO OESTE;1;1;2026-06-19 16:49:04;3500000;TOMOGRAFIA COMPUTADORIZADA DO TORAX SEM CONTRASTE;3500000;GRUPO - TOMOGRAFIA COMPUTADORIZADA;0206020031;TOMOGRAFIA COMPUTADORIZADA DE TORAX;MARIA LUCIA CONCEICAO DOS REIS;1965-04-28;JOSEFA MARIA DA CONCEICAO;702001310628182;58327649191;FEMININO;674593771;4;140;10;900;5;R05;TOSSE 
2026-06-23 19:59:58;500769;SAO GABRIEL DO OESTE;6354265;CENTRAL DE REGULACAO DE SAO GABRIEL DO OESTE;500769;SAO GABRIEL DO OESTE;1;1;2026-06-19 14:12:42;3500000;TOMOGRAFIA COMPUTADORIZADA DO TORAX SEM CONTRASTE;3500000;GRUPO - TOMOGRAFIA COMPUTADORIZADA;0206020031;TOMOGRAFIA COMPUTADORIZADA DE TORAX;EDSON DE OLIVEIRA DE DEUS;1974-10-06;MARIA DE OLIVEIRA DE DEUS;706805782270221;56304293100;MASCULINO;674540621;4;138;10;887;5;J448;OUTRAS FORMAS ESPECIFICADAS DE DOENCA PULMONAR OBSTRUTIVA CRONICA 
2026-06-23 19:59:58;500769;SAO GABRIEL DO OESTE;6354265;CENTRAL DE REGULACAO DE SAO GABRIEL DO OESTE;500769;SAO GABRIEL DO OESTE;1;1;2026-06-18 14:05:46;3500000;TOMOGRAFIA COMPUTADORIZADA DO TORAX SEM CONTRASTE;3500000;GRUPO - TOMOGRAFIA COMPUTADORIZADA;0206020031;TOMOGRAFIA COMPUTADORIZADA DE TORAX;VENANCIA RIOS;1955-04-10;APARECIDA RIOS;705000848519359;01926980107;FEMININO;674290149;4;133;10;855;5;C82;LINFOMA NAO-HODGKIN, FOLICULAR (NODULAR)
2026-06-23 19:59:58;500769;SAO GABRIEL DO OESTE;6354265;CENTRAL DE REGULACAO DE SAO GABRIEL DO OESTE;500769;SAO GABRIEL DO OESTE;1;1;2026-06-17 16:04:15;3500000;TOMOGRAFIA COMPUTADORIZADA DO TORAX SEM CONTRASTE;3500000;GRUPO - TOMOGRAFIA COMPUTADORIZADA;0206020031;TOMOGRAFIA COMPUTADORIZADA DE TORAX;MARIA ALVES GOMES;1961-12-15;MARIA GOMES ALVES;702109737243196;06416989174;FEMININO;674077966;4;127;10;816;5;J448;OUTRAS FORMAS ESPECIFICADAS DE DOENCA PULMONAR OBSTRUTIVA CRONICA 
2026-06-23 19:59:58;500769;SAO GABRIEL DO OESTE;6354265;CENTRAL DE REGULACAO DE SAO GABRIEL DO OESTE;500769;SAO GABRIEL DO OESTE;1;1;2026-06-17 09:18:34;3500000;TOMOGRAFIA COMPUTADORIZADA DO TORAX SEM CONTRASTE;3500000;GRUPO - TOMOGRAFIA COMPUTADORIZADA;0206020031;TOMOGRAFIA COMPUTADORIZADA DE TORAX;CLEUSA DE OLIVEIRA DA CONCEICAO;1975-08-30;DENIR DE OLIVEIRA DA CONCEICAO;700001113126307;04196474144;FEMININO;673896682;4;125;10;804;5;J448;OUTRAS FORMAS ESPECIFICADAS DE DOENCA PULMONAR OBSTRUTIVA CRONICA 
2026-06-23 19:59:58;500769;SAO GABRIEL DO OESTE;6354265;CENTRAL DE REGULACAO DE SAO GABRIEL DO OESTE;500769;SAO GABRIEL DO OESTE;1;1;2026-04-21 11:00:13;3500000;TOMOGRAFIA COMPUTADORIZADA  DE CRANIO SEM CONTRASTE;3500000;GRUPO - TOMOGRAFIA COMPUTADORIZADA;0206010060;TOMOGRAFIA COMPUTADORIZADA DE SELA TURCICA;CARMEM OLINDA FERREIRA COELHO;1975-08-19;OLGA MARIA FERREIRA DA ROCHA;708906724383813;81322445168;FEMININO;663095057;4;29;15;290;3;R51;CEFALEIA 
2026-06-23 19:59:58;500769;SAO GABRIEL DO OESTE;6354265;CENTRAL DE REGULACAO DE SAO GABRIEL DO OESTE;500769;SAO GABRIEL DO OESTE;1;1;2026-04-21 09:06:57;3500000;TOMOGRAFIA COMPUTADORIZADA  DE CRANIO SEM CONTRASTE;3500000;GRUPO - TOMOGRAFIA COMPUTADORIZADA;0206010060;TOMOGRAFIA COMPUTADORIZADA DE SELA TURCICA;TALISON VINICIUS BARBOSA DE FREITAS;2012-01-26;LUCILENE LEITE BARBOSA;702802139179866;06572265137;MASCULINO;663093172;4;25;15;250;3;F900;DISTURBIOS DA ATIVIDADE E DA ATENCAO 
2026-06-23 19:59:58;500769;SAO GABRIEL DO OESTE;3400964;UNIDADE DE SAUDE DA FAMILIA RURAL VII;500769;SAO GABRIEL DO OESTE;1;1;2026-04-13 15:31:55;3500000;TOMOGRAFIA COMPUTADORIZADA  DE CRANIO SEM CONTRASTE;3500000;GRUPO - TOMOGRAFIA COMPUTADORIZADA;0206010060;TOMOGRAFIA COMPUTADORIZADA DE SELA TURCICA;CARINA ELIAS ALVES KAFER;2012-02-15;MERCI ELIAS ALVES KAFER;701408697444534;10192969170;FEMININO;661782936;4;22;15;220;3;R51;CEFALEIA 
2026-06-23 19:59:58;500769;SAO GABRIEL DO OESTE;6354265;CENTRAL DE REGULACAO DE SAO GABRIEL DO OESTE;500769;SAO GABRIEL DO OESTE;1;1;2026-04-22 11:17:19;3500000;TOMOGRAFIA COMPUTADORIZADA  DE CRANIO SEM CONTRASTE;3500000;GRUPO - TOMOGRAFIA COMPUTADORIZADA;0206010060;TOMOGRAFIA COMPUTADORIZADA DE SELA TURCICA;ILIAMAR AZEVEDO DE SOUZA;1948-04-09;ADELINA MARQUES DE AZEVEDO;700507547746950;01524282162;FEMININO;663236281;3;15;15;150;3;R51;CEFALEIA 
2026-06-23 19:59:58;500769;SAO GABRIEL DO OESTE;3400964;UNIDADE DE SAUDE DA FAMILIA RURAL VII;500769;SAO GABRIEL DO OESTE;1;1;2026-05-04 15:21:48;3500000;TOMOGRAFIA COMPUTADORIZADA  DE CRANIO SEM CONTRASTE;3500000;GRUPO - TOMOGRAFIA COMPUTADORIZADA;0206010060;TOMOGRAFIA COMPUTADORIZADA DE SELA TURCICA;CLEONICE ANTUNES DOS REIS;1994-05-08;CLARICE QUIRINO DOS REIS;702409568047929;70184408156;FEMININO;665446360;4;78;15;780;3;G43;ENXAQUECA
2026-06-23 19:59:58;500769;SAO GABRIEL DO OESTE;2370980;UNIDADE DE SAUDE DA FAMILIA JARDIM GRAMADO I;500769;SAO GABRIEL DO OESTE;1;1;2026-05-04 08:11:25;3500000;TOMOGRAFIA COMPUTADORIZADA  DE CRANIO SEM CONTRASTE;3500000;GRUPO - TOMOGRAFIA COMPUTADORIZADA;0206010060;TOMOGRAFIA COMPUTADORIZADA DE SELA TURCICA;ADRIANO MAFRA ROCHA;2002-07-17;MARILEIDE ALVES MAFRA;700008323041304;61844929345;MASCULINO;665222939;4;77;15;770;3;R568;OUTRAS CONVULSOES E AS NAO ESPECIFICADAS 
2026-06-23 19:59:58;500769;SAO GABRIEL DO OESTE;6354265;CENTRAL DE REGULACAO DE SAO GABRIEL DO OESTE;500769;SAO GABRIEL DO OESTE;1;1;2026-04-23 08:06:45;3500000;TOMOGRAFIA COMPUTADORIZADA  DE CRANIO SEM CONTRASTE;3500000;GRUPO - TOMOGRAFIA COMPUTADORIZADA;0206010060;TOMOGRAFIA COMPUTADORIZADA DE SELA TURCICA;MARIA ROSA PADILHA;1953-12-05;CONSTANTINA BIAZIN;704602171688728;03539986995;FEMININO;663416833;4;58;15;580;3;S031;LUXACAO DA CARTILAGEM DO SEPTO NASAL 
2026-06-23 19:59:58;500769;SAO GABRIEL DO OESTE;6354265;CENTRAL DE REGULACAO DE SAO GABRIEL DO OESTE;500769;SAO GABRIEL DO OESTE;1;1;2026-04-22 11:40:12;3500000;TOMOGRAFIA COMPUTADORIZADA  DE CRANIO SEM CONTRASTE;3500000;GRUPO - TOMOGRAFIA COMPUTADORIZADA;0206010060;TOMOGRAFIA COMPUTADORIZADA DE SELA TURCICA;JOSIMEIRE CASSIANO RIBEIRO;1985-03-24;MARIA DE FATIMA CASSIANO RIBEIRO;700801981177083;06619986900;FEMININO;663249026;4;46;15;460;3;R51;CEFALEIA 
2026-06-23 19:59:58;500769;SAO GABRIEL DO OESTE;3400964;UNIDADE DE SAUDE DA FAMILIA RURAL VII;500769;SAO GABRIEL DO OESTE;1;1;2026-04-22 09:42:18;3500000;TOMOGRAFIA COMPUTADORIZADA  DE CRANIO SEM CONTRASTE;3500000;GRUPO - TOMOGRAFIA COMPUTADORIZADA;0206010060;TOMOGRAFIA COMPUTADORIZADA DE SELA TURCICA;VICTOR HUGO RODRIGUES LINO MALHEIROS;2004-05-23;JULIANA QUENTANA ALVES RODRIGUES;704206218638389;09278582158;MASCULINO;663175181;4;36;15;360;3;R51;CEFALEIA 
2026-06-23 19:59:58;500769;SAO GABRIEL DO OESTE;2370999;UNIDADE DE SAUDE DA FAMILIA FENIX IV;500769;SAO GABRIEL DO OESTE;1;1;2026-06-10 15:45:29;3500000;TOMOGRAFIA COMPUTADORIZADA  DE CRANIO SEM CONTRASTE;3500000;GRUPO - TOMOGRAFIA COMPUTADORIZADA;0206010060;TOMOGRAFIA COMPUTADORIZADA DE SELA TURCICA;THALISON KAIQUE SOUZA DA SILVA;2007-09-30;LAIZE MARIA SILVA DE SOUZA;709009844552816;13215703416;MASCULINO;672691695;4;116;15;1160;3;S069;TRAUMATISMO INTRACRANIANO, NAO ESPECIFICADO 
2026-06-23 19:59:58;500769;SAO GABRIEL DO OESTE;6354265;CENTRAL DE REGULACAO DE SAO GABRIEL DO OESTE;500769;SAO GABRIEL DO OESTE;1;1;2026-06-10 15:22:08;3500000;TOMOGRAFIA COMPUTADORIZADA  DE CRANIO SEM CONTRASTE;3500000;GRUPO - TOMOGRAFIA COMPUTADORIZADA;0206010060;TOMOGRAFIA COMPUTADORIZADA DE SELA TURCICA;JOAO HENRIQUE LOPES DOS SANTOS;2011-03-23;MARIA APARECIDA LOPES DA SILVA;709001803451414;08350303182;MASCULINO;672679814;4;115;15;1150;3;R51;CEFALEIA 
2026-06-23 19:59:58;500769;SAO GABRIEL DO OESTE;2370972;UNIDADE DE SAUDE DA FAMILIA MILANE II;500769;SAO GABRIEL DO OESTE;1;1;2026-06-10 14:38:29;3500000;TOMOGRAFIA COMPUTADORIZADA  DE CRANIO SEM CONTRASTE;3500000;GRUPO - TOMOGRAFIA COMPUTADORIZADA;0206010060;TOMOGRAFIA COMPUTADORIZADA DE SELA TURCICA;LUCILA FREITAS CORONEL;1962-12-14;SEVERINA FREITAS CORONEL;702801626923063;02587616107;FEMININO;672657016;4;114;15;1140;3;F20;ESQUIZOFRENIA
2026-06-23 19:59:58;500769;SAO GABRIEL DO OESTE;2370980;UNIDADE DE SAUDE DA FAMILIA JARDIM GRAMADO I;500769;SAO GABRIEL DO OESTE;1;1;2026-06-03 16:59:01;3500000;TOMOGRAFIA COMPUTADORIZADA  DE CRANIO SEM CONTRASTE;3500000;GRUPO - TOMOGRAFIA COMPUTADORIZADA;0206010060;TOMOGRAFIA COMPUTADORIZADA DE SELA TURCICA;FELIPE ZOPPI PEREIRA;1990-10-01;JACQUELINE ZOPPI PEREIRA;704800022343148;03838127129;MASCULINO;671710095;4;111;15;1110;3;R51;CEFALEIA 
2026-06-23 19:59:58;500769;SAO GABRIEL DO OESTE;6354265;CENTRAL DE REGULACAO DE SAO GABRIEL DO OESTE;500769;SAO GABRIEL DO OESTE;1;1;2026-05-28 18:10:34;3500000;TOMOGRAFIA COMPUTADORIZADA  DE CRANIO SEM CONTRASTE;3500000;GRUPO - TOMOGRAFIA COMPUTADORIZADA;0206010060;TOMOGRAFIA COMPUTADORIZADA DE SELA TURCICA;CATARINA VIRGINIA LEMES LARA;1945-08-17;MARIA CLAUDINA DOS SANTOS;700808446126386;57275033100;FEMININO;670548421;4;105;15;1050;3;F001;DEMENCIA NA DOENCA DE ALZHEIMER DE INICIO TARDIO (G30.1+) 
2026-06-23 19:59:58;500769;SAO GABRIEL DO OESTE;3400964;UNIDADE DE SAUDE DA FAMILIA RURAL VII;500769;SAO GABRIEL DO OESTE;1;1;2026-05-25 14:19:28;3500000;TOMOGRAFIA COMPUTADORIZADA  DE CRANIO SEM CONTRASTE;3500000;GRUPO - TOMOGRAFIA COMPUTADORIZADA;0206010060;TOMOGRAFIA COMPUTADORIZADA DE SELA TURCICA;RAFAELA ALBUQUERQUE SANTOS;1997-11-15;JOANA MARQUES ALBUQUERQUE;703102825976960;07151201150;FEMININO;669584483;4;98;15;980;3;R51;CEFALEIA 
2026-06-23 19:59:58;500769;SAO GABRIEL DO OESTE;7333218;UNIDADE DE SAUDE DA FAMILIA X;500769;SAO GABRIEL DO OESTE;1;1;2026-05-21 10:34:05;3500000;TOMOGRAFIA COMPUTADORIZADA  DE CRANIO SEM CONTRASTE;3500000;GRUPO - TOMOGRAFIA COMPUTADORIZADA;0206010060;TOMOGRAFIA COMPUTADORIZADA DE SELA TURCICA;NATANIA SANDRA SILVA DE SOUZA;1992-06-17;SELIA ALVES DA SILVA;704301588681291;00556080270;FEMININO;668943636;4;93;15;930;3;R51;CEFALEIA 
2026-06-23 19:59:58;500769;SAO GABRIEL DO OESTE;7333218;UNIDADE DE SAUDE DA FAMILIA X;500769;SAO GABRIEL DO OESTE;1;1;2026-05-20 14:55:10;3500000;TOMOGRAFIA COMPUTADORIZADA  DE CRANIO SEM CONTRASTE;3500000;GRUPO - TOMOGRAFIA COMPUTADORIZADA;0206010060;TOMOGRAFIA COMPUTADORIZADA DE SELA TURCICA;ELIANE RIBEIRO PINTO;1991-10-18;MARIA RIBEIRO PINTO;700904946179492;05763085361;FEMININO;668779881;4;91;15;910;3;S09;OUTROS TRAUMATISMOS DA CABECA E OS NAO ESPECIFICADOS
2026-06-23 19:59:58;500769;SAO GABRIEL DO OESTE;2370972;UNIDADE DE SAUDE DA FAMILIA MILANE II;500769;SAO GABRIEL DO OESTE;1;1;2026-05-19 15:59:44;3500000;TOMOGRAFIA COMPUTADORIZADA  DE CRANIO SEM CONTRASTE;3500000;GRUPO - TOMOGRAFIA COMPUTADORIZADA;0206010060;TOMOGRAFIA COMPUTADORIZADA DE SELA TURCICA;ELISA DOS SANTOS;1981-08-29;MARIA OLINDA DOS SANTOS;708009820374529;34967601847;FEMININO;668529037;4;89;15;890;3;R51;CEFALEIA 
2026-06-23 19:59:58;500769;SAO GABRIEL DO OESTE;6354265;CENTRAL DE REGULACAO DE SAO GABRIEL DO OESTE;500769;SAO GABRIEL DO OESTE;1;1;2026-05-13 08:09:00;3500000;TOMOGRAFIA COMPUTADORIZADA  DE CRANIO SEM CONTRASTE;3500000;GRUPO - TOMOGRAFIA COMPUTADORIZADA;0206010060;TOMOGRAFIA COMPUTADORIZADA DE SELA TURCICA;SILVIA JOSEFINA RAMOS LOPEZ;1969-02-08;MARIA EMILIA LOPEZ;700403988626644;71201392233;FEMININO;667216092;4;85;15;850;3;R51;CEFALEIA 
2026-06-23 19:59:58;500769;SAO GABRIEL DO OESTE;2370972;UNIDADE DE SAUDE DA FAMILIA MILANE II;500769;SAO GABRIEL DO OESTE;1;1;2026-05-05 16:10:04;3500000;TOMOGRAFIA COMPUTADORIZADA  DE CRANIO SEM CONTRASTE;3500000;GRUPO - TOMOGRAFIA COMPUTADORIZADA;0206010060;TOMOGRAFIA COMPUTADORIZADA DE SELA TURCICA;ELIBERTO CARMO DO NASCIMENTO;1966-12-21;MARIA DO CARMO NASCIMENTO;702508371167934;00183376196;MASCULINO;665774150;4;81;15;810;3;R202;PARESTESIAS CUTANEAS 
2026-06-23 19:59:58;500769;SAO GABRIEL DO OESTE;6354265;CENTRAL DE REGULACAO DE SAO GABRIEL DO OESTE;500769;SAO GABRIEL DO OESTE;1;1;2026-06-23 15:29:04;3500000;TOMOGRAFIA COMPUTADORIZADA  DE CRANIO SEM CONTRASTE;3500000;GRUPO - TOMOGRAFIA COMPUTADORIZADA;0206010060;TOMOGRAFIA COMPUTADORIZADA DE SELA TURCICA;MILENA RAMOS DEOTTI DHEIN;2000-01-21;ELIZETH RAMOS DA SILVA DEOTTI;704801066537348;07040269104;FEMININO;675098260;4;149;15;1490;3;G403;EPILEPSIA E SINDROMES EPILEPTICAS GENERALIZADAS IDIOPATICAS 
2026-06-23 19:59:58;500769;SAO GABRIEL DO OESTE;5971055;UNIDADE DE SAUDE DA FAMILIA VIII;500769;SAO GABRIEL DO OESTE;1;1;2026-06-22 08:50:39;3500000;TOMOGRAFIA COMPUTADORIZADA  DE CRANIO SEM CONTRASTE;3500000;GRUPO - TOMOGRAFIA COMPUTADORIZADA;0206010060;TOMOGRAFIA COMPUTADORIZADA DE SELA TURCICA;JOAO RIBEIRO;1950-01-19;CONCEICAO DE OLIVEIRA;702800628883068;64061949934;MASCULINO;674667113;4;144;15;1440;3;G91;HIDROCEFALIA
2026-06-23 19:59:58;500769;SAO GABRIEL DO OESTE;6354265;CENTRAL DE REGULACAO DE SAO GABRIEL DO OESTE;500769;SAO GABRIEL DO OESTE;1;1;2026-06-18 17:28:21;3500000;TOMOGRAFIA COMPUTADORIZADA  DE CRANIO SEM CONTRASTE;3500000;GRUPO - TOMOGRAFIA COMPUTADORIZADA;0206010060;TOMOGRAFIA COMPUTADORIZADA DE SELA TURCICA;ARTHUR INACIO ESPINDOLA SOBRINHO;2019-12-10;RENATA ESPINDOLA DE SOUSA;700404774036650;10488603102;MASCULINO;674370904;4;137;15;1370;3;G40;EPILEPSIA
2026-06-23 19:59:58;500769;SAO GABRIEL DO OESTE;6354265;CENTRAL DE REGULACAO DE SAO GABRIEL DO OESTE;500769;SAO GABRIEL DO OESTE;1;1;2026-06-18 16:58:52;3500000;TOMOGRAFIA COMPUTADORIZADA  DE CRANIO SEM CONTRASTE;3500000;GRUPO - TOMOGRAFIA COMPUTADORIZADA;0206010060;TOMOGRAFIA COMPUTADORIZADA DE SELA TURCICA;MERCEDES NOGUEIRA DALOSSA;1944-04-21;LEOPOLDINA FLAUZINA MATES;700209401703321;21552308855;FEMININO;674364816;4;136;15;1360;3;F001;DEMENCIA NA DOENCA DE ALZHEIMER DE INICIO TARDIO (G30.1+) 
2026-06-23 19:59:58;500769;SAO GABRIEL DO OESTE;6354265;CENTRAL DE REGULACAO DE SAO GABRIEL DO OESTE;500769;SAO GABRIEL DO OESTE;1;1;2026-06-18 14:02:07;3500000;TOMOGRAFIA COMPUTADORIZADA  DE CRANIO SEM CONTRASTE;3500000;GRUPO - TOMOGRAFIA COMPUTADORIZADA;0206010060;TOMOGRAFIA COMPUTADORIZADA DE SELA TURCICA;VENANCIA RIOS;1955-04-10;APARECIDA RIOS;705000848519359;01926980107;FEMININO;674288593;4;132;15;1320;3;C82;LINFOMA NAO-HODGKIN, FOLICULAR (NODULAR)
2026-06-23 19:59:58;500769;SAO GABRIEL DO OESTE;6354265;CENTRAL DE REGULACAO DE SAO GABRIEL DO OESTE;500769;SAO GABRIEL DO OESTE;1;1;2026-06-17 16:16:07;3500000;TOMOGRAFIA COMPUTADORIZADA  DE CRANIO SEM CONTRASTE;3500000;GRUPO - TOMOGRAFIA COMPUTADORIZADA;0206010060;TOMOGRAFIA COMPUTADORIZADA DE SELA TURCICA;TELMA REGINA DOS SANTOS VILIALVA;1974-10-18;TEREZA DOS SANTOS VILIALVA;706000388699640;77709055168;FEMININO;674081558;4;128;15;1280;3;S060;CONCUSSAO CEREBRAL 
2026-06-23 19:59:58;500769;SAO GABRIEL DO OESTE;6354265;CENTRAL DE REGULACAO DE SAO GABRIEL DO OESTE;500769;SAO GABRIEL DO OESTE;1;1;2026-06-17 11:54:04;3500000;TOMOGRAFIA COMPUTADORIZADA  DE CRANIO SEM CONTRASTE;3500000;GRUPO - TOMOGRAFIA COMPUTADORIZADA;0206010060;TOMOGRAFIA COMPUTADORIZADA DE SELA TURCICA;ALICE MARIA JOHANN;1955-02-03;ANNA LURDES JOHANN;708407210902569;36841650182;FEMININO;673986848;4;126;15;1260;3;S060;CONCUSSAO CEREBRAL 
2026-06-23 19:59:58;500769;SAO GABRIEL DO OESTE;5971055;UNIDADE DE SAUDE DA FAMILIA VIII;500769;SAO GABRIEL DO OESTE;1;1;2026-04-28 16:03:03;3500000;TOMOGRAFIA COMPUTADORIZADA  DE CRANIO COM CONTRASTE;3500000;GRUPO - TOMOGRAFIA COMPUTADORIZADA;0206010079;TOMOGRAFIA COMPUTADORIZADA DO CRANIO;ANGELA MARTINS DA SILVA;1978-09-19;MARIA APARECIDA MARTINS;703200607490893;98977857104;FEMININO;664538319;4;73;10;2190;1;G43;ENXAQUECA
2026-06-23 19:59:58;500769;SAO GABRIEL DO OESTE;6354265;CENTRAL DE REGULACAO DE SAO GABRIEL DO OESTE;500769;SAO GABRIEL DO OESTE;1;1;2026-04-24 08:26:41;3500000;TOMOGRAFIA COMPUTADORIZADA  DE CRANIO COM CONTRASTE;3500000;GRUPO - TOMOGRAFIA COMPUTADORIZADA;0206010079;TOMOGRAFIA COMPUTADORIZADA DO CRANIO;MARIA JOSE DOS SANTOS DA SILVA;1987-02-06;JOSEFA DOS SANTOS DE MOURA;702104703290596;02636784152;FEMININO;663688815;4;71;10;2130;1;R51;CEFALEIA 
2026-06-23 19:59:58;500769;SAO GABRIEL DO OESTE;5971055;UNIDADE DE SAUDE DA FAMILIA VIII;500769;SAO GABRIEL DO OESTE;1;1;2026-04-23 14:53:32;3500000;TOMOGRAFIA COMPUTADORIZADA  DE CRANIO COM CONTRASTE;3500000;GRUPO - TOMOGRAFIA COMPUTADORIZADA;0206010079;TOMOGRAFIA COMPUTADORIZADA DO CRANIO;ORIOVALDO FERNANDES;1952-04-09;HULINA EVA DA CRUZ FERNANDES;706807761364229;56993420015;MASCULINO;663599569;4;70;10;2100;1;R55;SINCOPE E COLAPSO 
2026-06-23 19:59:58;500769;SAO GABRIEL DO OESTE;6354265;CENTRAL DE REGULACAO DE SAO GABRIEL DO OESTE;500769;SAO GABRIEL DO OESTE;1;1;2026-04-23 11:15:02;3500000;TOMOGRAFIA COMPUTADORIZADA  DE CRANIO COM CONTRASTE;3500000;GRUPO - TOMOGRAFIA COMPUTADORIZADA;0206010079;TOMOGRAFIA COMPUTADORIZADA DO CRANIO;SOLENIA SOARES DA SILVA;1979-08-18;MARIA SOARES DA SILVA;700008800706805;02162875101;FEMININO;663519071;4;68;10;2040;1;R51;CEFALEIA 
2026-06-23 19:59:58;500769;SAO GABRIEL DO OESTE;6354265;CENTRAL DE REGULACAO DE SAO GABRIEL DO OESTE;500769;SAO GABRIEL DO OESTE;1;1;2026-04-23 10:51:11;3500000;TOMOGRAFIA COMPUTADORIZADA  DE CRANIO COM CONTRASTE;3500000;GRUPO - TOMOGRAFIA COMPUTADORIZADA;0206010079;TOMOGRAFIA COMPUTADORIZADA DO CRANIO;RUBENS PEREIRA DOS SANTOS;1985-12-12;DENIR CHAGAS DA SILVA;702604292170547;01261203151;MASCULINO;663505833;4;64;10;1920;1;R51;CEFALEIA 
2026-06-23 19:59:58;500769;SAO GABRIEL DO OESTE;6354265;CENTRAL DE REGULACAO DE SAO GABRIEL DO OESTE;500769;SAO GABRIEL DO OESTE;1;1;2026-04-23 09:50:44;3500000;TOMOGRAFIA COMPUTADORIZADA  DE CRANIO COM CONTRASTE;3500000;GRUPO - TOMOGRAFIA COMPUTADORIZADA;0206010079;TOMOGRAFIA COMPUTADORIZADA DO CRANIO;MARIA DE LURDES DA VEIGA;1960-04-27;ANTONIA DAVI BARBOZA DA VEIGA;701800223634676;69743215972;FEMININO;663470299;4;60;10;1800;1;R51;CEFALEIA 
2026-06-23 19:59:58;500769;SAO GABRIEL DO OESTE;6354265;CENTRAL DE REGULACAO DE SAO GABRIEL DO OESTE;500769;SAO GABRIEL DO OESTE;1;1;2026-04-22 11:37:21;3500000;TOMOGRAFIA COMPUTADORIZADA  DE CRANIO COM CONTRASTE;3500000;GRUPO - TOMOGRAFIA COMPUTADORIZADA;0206010079;TOMOGRAFIA COMPUTADORIZADA DO CRANIO;JOSE MARCIEL DA CONCEICAO FIRMINO;1996-11-02;MARIA CICERA DA CONCEICAO;702409061745427;12269524454;MASCULINO;663247542;4;45;10;1350;1;R51;CEFALEIA 
2026-06-23 19:59:58;500769;SAO GABRIEL DO OESTE;5971055;UNIDADE DE SAUDE DA FAMILIA VIII;500769;SAO GABRIEL DO OESTE;1;1;2026-06-11 16:12:44;3500000;TOMOGRAFIA COMPUTADORIZADA  DE CRANIO COM CONTRASTE;3500000;GRUPO - TOMOGRAFIA COMPUTADORIZADA;0206010079;TOMOGRAFIA COMPUTADORIZADA DO CRANIO;VANESSA VIEIRA DA SILVA;1994-07-10;ROSELI VIEIRA DE SOUZA DA SILVA;702403503361526;04913053116;FEMININO;672981137;4;117;10;3510;1;J069;INFECCAO AGUDA DAS VIAS AEREAS SUPERIORES NAO ESPECIFICADA 
2026-06-23 19:59:58;500769;SAO GABRIEL DO OESTE;2370999;UNIDADE DE SAUDE DA FAMILIA FENIX IV;500769;SAO GABRIEL DO OESTE;1;1;2026-05-28 09:38:43;3500000;TOMOGRAFIA COMPUTADORIZADA  DE CRANIO COM CONTRASTE;3500000;GRUPO - TOMOGRAFIA COMPUTADORIZADA;0206010079;TOMOGRAFIA COMPUTADORIZADA DO CRANIO;LEILA APARECIDA FONSECA DE ALMEIDA;1971-01-14;SANDRA LUCIA FONSECA DE ALMEIDA;706501333472799;55442641120;FEMININO;670338594;4;102;10;3060;1;R51;CEFALEIA 
2026-06-23 19:59:58;500769;SAO GABRIEL DO OESTE;6354265;CENTRAL DE REGULACAO DE SAO GABRIEL DO OESTE;500769;SAO GABRIEL DO OESTE;1;1;2026-05-26 14:48:25;3500000;TOMOGRAFIA COMPUTADORIZADA  DE CRANIO COM CONTRASTE;3500000;GRUPO - TOMOGRAFIA COMPUTADORIZADA;0206010079;TOMOGRAFIA COMPUTADORIZADA DO CRANIO;AISLAN LOPES;1998-05-14;LEOMARINA LOPES MONTEIRO;706800725111727;07155105171;MASCULINO;669897545;4;101;10;3030;1;F231;TRANSTORNO PSICOTICO AGUDO POLIMORFO, COM SINTOMAS ESQUIZOFRENICOS 
2026-06-23 19:59:58;500769;SAO GABRIEL DO OESTE;5971055;UNIDADE DE SAUDE DA FAMILIA VIII;500769;SAO GABRIEL DO OESTE;1;1;2026-05-25 11:42:53;3500000;TOMOGRAFIA COMPUTADORIZADA  DE CRANIO COM CONTRASTE;3500000;GRUPO - TOMOGRAFIA COMPUTADORIZADA;0206010079;TOMOGRAFIA COMPUTADORIZADA DO CRANIO;MARCIA MAIA BARBOSA;1974-07-26;MARIA BARBOSA VINHAL;701809239987970;63954494191;FEMININO;669529680;4;96;10;2880;1;R51;CEFALEIA 
2026-06-23 19:59:58;500769;SAO GABRIEL DO OESTE;5971055;UNIDADE DE SAUDE DA FAMILIA VIII;500769;SAO GABRIEL DO OESTE;1;1;2026-05-18 14:52:55;3500000;TOMOGRAFIA COMPUTADORIZADA  DE CRANIO COM CONTRASTE;3500000;GRUPO - TOMOGRAFIA COMPUTADORIZADA;0206010079;TOMOGRAFIA COMPUTADORIZADA DO CRANIO;MARIA DA PENHA RIBEIRO;1953-05-01;MARIA PAULA DE SOUZA;700309997760036;75483122968;FEMININO;668203599;4;87;10;2610;1;E039;HIPOTIREOIDISMO NAO ESPECIFICADO 
2026-06-23 19:59:58;500769;SAO GABRIEL DO OESTE;5971055;UNIDADE DE SAUDE DA FAMILIA VIII;500769;SAO GABRIEL DO OESTE;1;1;2026-05-18 09:31:56;3500000;TOMOGRAFIA COMPUTADORIZADA  DE CRANIO COM CONTRASTE;3500000;GRUPO - TOMOGRAFIA COMPUTADORIZADA;0206010079;TOMOGRAFIA COMPUTADORIZADA DO CRANIO;JULIA DA SILVA CANDIDO;2005-10-14;EDNA PAULA DA SILVA;706806286106622;05258161196;FEMININO;668053313;4;86;10;2580;1;G43;ENXAQUECA
2026-06-23 19:59:58;500769;SAO GABRIEL DO OESTE;6452116;CENTRO DE ESPECIALIDADES MEDICAS;500769;SAO GABRIEL DO OESTE;1;1;2026-05-06 08:23:22;3500000;TOMOGRAFIA COMPUTADORIZADA  DE CRANIO COM CONTRASTE;3500000;GRUPO - TOMOGRAFIA COMPUTADORIZADA;0206010079;TOMOGRAFIA COMPUTADORIZADA DO CRANIO;MARCOLINA DA SILVA ORTEGA;1946-11-13;ANA ROSA DA SILVA;705006494022451;00810923181;FEMININO;665838625;4;82;10;2460;1;I839;VARIZES DOS MEMBROS INFERIORES SEM ULCERA OU INFLAMACAO 
2026-06-23 19:59:58;500769;SAO GABRIEL DO OESTE;7333218;UNIDADE DE SAUDE DA FAMILIA X;500769;SAO GABRIEL DO OESTE;1;1;2026-06-23 15:56:46;3500000;TOMOGRAFIA COMPUTADORIZADA  DE CRANIO COM CONTRASTE;3500000;GRUPO - TOMOGRAFIA COMPUTADORIZADA;0206010079;TOMOGRAFIA COMPUTADORIZADA DO CRANIO;TATIANE DE OLIVEIRA VIEIRA;1996-09-24;FATIMA XIMENES DE OLIVEIRA;704604153263224;05641868132;FEMININO;675109936;4;150;10;4500;1;R51;CEFALEIA 
2026-06-23 19:59:58;500769;SAO GABRIEL DO OESTE;6354265;CENTRAL DE REGULACAO DE SAO GABRIEL DO OESTE;500769;SAO GABRIEL DO OESTE;1;1;2026-04-22 16:50:01;3500000;TOMOGRAFIA COMPUTADORIZADA  COLUNA CERVICAL;3500000;GRUPO - TOMOGRAFIA COMPUTADORIZADA;0206010010;TOMOGRAFIA COMPUTADORIZADA DE COLUNA CERVICAL C/ OU S/ CONTRASTE;MATHEUS SOUZA MATOS;2021-01-20;JAQUELINE SILVA DE SOUZA;706404335640390;11038182107;MASCULINO;663379162;4;50;22;2250;1;Q758;OUTRAS MALFORMACOES CONGENITAS ESPECIFICADAS DOS OSSOS DO CRANIO E DA FACE 
2026-06-23 19:59:58;500769;SAO GABRIEL DO OESTE;6354265;CENTRAL DE REGULACAO DE SAO GABRIEL DO OESTE;500769;SAO GABRIEL DO OESTE;1;1;2026-05-28 17:12:44;3500000;TOMOGRAFIA COMPUTADORIZADA  COLUNA CERVICAL;3500000;GRUPO - TOMOGRAFIA COMPUTADORIZADA;0206010010;TOMOGRAFIA COMPUTADORIZADA DE COLUNA CERVICAL C/ OU S/ CONTRASTE;NEIDE FATIMA GUIMARAES DE FREITAS PAIVA;1970-05-04;EVA GUIMARAES DE FREITAS;707705642843910;89846664168;FEMININO;670539572;4;104;22;4680;1;I10;HIPERTENSAO ESSENCIAL (PRIMARIA) 
2026-06-23 19:59:58;500769;SAO GABRIEL DO OESTE;6354265;CENTRAL DE REGULACAO DE SAO GABRIEL DO OESTE;500769;SAO GABRIEL DO OESTE;1;1;2026-04-22 17:55:12;3500000;TOMOGRAFIA COMPUTADORIZADA DE PELVE OU BACIA SEM CONTRASTE;3500000;GRUPO - TOMOGRAFIA COMPUTADORIZADA;0206030037;TOMOGRAFIA COMPUTADORIZADA DE PELVE / BACIA / ABDOMEN INFERIOR;MARIA VELANI DE CARVALHO;1948-05-03;CECILIA MARIA DA SILVA;700104937081016;51949695115;FEMININO;663392922;4;57;5;2565;1;N200;CALCULOSE DO RIM 
2026-06-23 19:59:58;500769;SAO GABRIEL DO OESTE;6354265;CENTRAL DE REGULACAO DE SAO GABRIEL DO OESTE;500769;SAO GABRIEL DO OESTE;1;1;2026-04-22 17:03:24;3500000;TOMOGRAFIA COMPUTADORIZADA DE PELVE OU BACIA SEM CONTRASTE;3500000;GRUPO - TOMOGRAFIA COMPUTADORIZADA;0206030037;TOMOGRAFIA COMPUTADORIZADA DE PELVE / BACIA / ABDOMEN INFERIOR;MANOEL SOARES DA SILVA;1961-06-15;MARIA ALVES DE LUCENA;702406049811625;88049353168;MASCULINO;663383071;4;52;5;2340;1;R10;DOR ABDOMINAL E PELVICA
2026-06-23 19:59:58;500769;SAO GABRIEL DO OESTE;6354265;CENTRAL DE REGULACAO DE SAO GABRIEL DO OESTE;500769;SAO GABRIEL DO OESTE;1;1;2026-04-22 16:57:58;3500000;TOMOGRAFIA COMPUTADORIZADA DE PELVE OU BACIA SEM CONTRASTE;3500000;GRUPO - TOMOGRAFIA COMPUTADORIZADA;0206030037;TOMOGRAFIA COMPUTADORIZADA DE PELVE / BACIA / ABDOMEN INFERIOR;MARLI AUGUSTO LEME;1957-02-03;ANA LUIZA AUGUSTO;700509391278558;79084320182;FEMININO;663381614;4;51;5;2295;1;K590;CONSTIPACAO 
2026-06-23 19:59:58;500769;SAO GABRIEL DO OESTE;6354265;CENTRAL DE REGULACAO DE SAO GABRIEL DO OESTE;500769;SAO GABRIEL DO OESTE;1;1;2026-06-23 09:42:09;3500000;TOMOGRAFIA COMPUTADORIZADA DE PELVE OU BACIA SEM CONTRASTE;3500000;GRUPO - TOMOGRAFIA COMPUTADORIZADA;0206030037;TOMOGRAFIA COMPUTADORIZADA DE PELVE / BACIA / ABDOMEN INFERIOR;MARIA REGINA MENDES COSTA;1968-09-15;EURICA MENDES COSTA;704007831105368;04070421130;FEMININO;674958031;4;148;5;6660;1;C539;COLO DO UTERO, NAO ESPECIFICADO 
2026-06-23 19:59:58;500769;SAO GABRIEL DO OESTE;6354265;CENTRAL DE REGULACAO DE SAO GABRIEL DO OESTE;500769;SAO GABRIEL DO OESTE;1;1;2026-04-23 11:06:45;3500000;TOMOGRAFIA COMPUTADORIZADA DO ABDOMEN SUPERIOR SEM CONTRASTE;3500000;GRUPO - TOMOGRAFIA COMPUTADORIZADA;0206030010;TOMOGRAFIA COMPUTADORIZADA DE ABDOMEN SUPERIOR;SEBASTIANA MARIA DA SILVA;1955-12-30;MARIA JOSEFA DA CONCEICAO;708506043191380;43683932104;FEMININO;663514665;4;67;4;1508;1;K590;CONSTIPACAO 
2026-06-23 19:59:58;500769;SAO GABRIEL DO OESTE;6354265;CENTRAL DE REGULACAO DE SAO GABRIEL DO OESTE;500769;SAO GABRIEL DO OESTE;1;1;2026-04-23 11:00:05;3500000;TOMOGRAFIA COMPUTADORIZADA DO ABDOMEN SUPERIOR SEM CONTRASTE;3500000;GRUPO - TOMOGRAFIA COMPUTADORIZADA;0206030010;TOMOGRAFIA COMPUTADORIZADA DE ABDOMEN SUPERIOR;SALETHE PEREIRA DE LIMA;1948-07-26;IRMA PEREIRA DE LIMA;708002870124821;14832852191;FEMININO;663510957;4;65;4;1463;1;N200;CALCULOSE DO RIM 
2026-06-23 19:59:58;500769;SAO GABRIEL DO OESTE;6354265;CENTRAL DE REGULACAO DE SAO GABRIEL DO OESTE;500769;SAO GABRIEL DO OESTE;1;1;2026-04-22 17:55:12;3500000;TOMOGRAFIA COMPUTADORIZADA DO ABDOMEN SUPERIOR SEM CONTRASTE;3500000;GRUPO - TOMOGRAFIA COMPUTADORIZADA;0206030010;TOMOGRAFIA COMPUTADORIZADA DE ABDOMEN SUPERIOR;MARIA VELANI DE CARVALHO;1948-05-03;CECILIA MARIA DA SILVA;700104937081016;51949695115;FEMININO;663392922;4;57;4;1283;1;N200;CALCULOSE DO RIM 
2026-06-23 19:59:58;500769;SAO GABRIEL DO OESTE;6354265;CENTRAL DE REGULACAO DE SAO GABRIEL DO OESTE;500769;SAO GABRIEL DO OESTE;1;1;2026-04-22 17:03:24;3500000;TOMOGRAFIA COMPUTADORIZADA DO ABDOMEN SUPERIOR SEM CONTRASTE;3500000;GRUPO - TOMOGRAFIA COMPUTADORIZADA;0206030010;TOMOGRAFIA COMPUTADORIZADA DE ABDOMEN SUPERIOR;MANOEL SOARES DA SILVA;1961-06-15;MARIA ALVES DE LUCENA;702406049811625;88049353168;MASCULINO;663383071;4;52;4;1170;1;R10;DOR ABDOMINAL E PELVICA
2026-06-23 19:59:58;500769;SAO GABRIEL DO OESTE;6354265;CENTRAL DE REGULACAO DE SAO GABRIEL DO OESTE;500769;SAO GABRIEL DO OESTE;1;1;2026-04-22 16:57:58;3500000;TOMOGRAFIA COMPUTADORIZADA DO ABDOMEN SUPERIOR SEM CONTRASTE;3500000;GRUPO - TOMOGRAFIA COMPUTADORIZADA;0206030010;TOMOGRAFIA COMPUTADORIZADA DE ABDOMEN SUPERIOR;MARLI AUGUSTO LEME;1957-02-03;ANA LUIZA AUGUSTO;700509391278558;79084320182;FEMININO;663381614;4;51;4;1148;1;K590;CONSTIPACAO 
2026-06-23 19:59:58;500769;SAO GABRIEL DO OESTE;6354265;CENTRAL DE REGULACAO DE SAO GABRIEL DO OESTE;500769;SAO GABRIEL DO OESTE;1;1;2026-06-12 11:14:32;3500000;TOMOGRAFIA COMPUTADORIZADA DO ABDOMEN SUPERIOR SEM CONTRASTE;3500000;GRUPO - TOMOGRAFIA COMPUTADORIZADA;0206030010;TOMOGRAFIA COMPUTADORIZADA DE ABDOMEN SUPERIOR;MARIA JOSE MORBEQUE;1958-07-05;MARIA PEREIRA NOVAIS;705206418085373;80947441115;FEMININO;673121406;4;119;4;2678;1;I72;OUTROS ANEURISMAS
2026-06-23 19:59:58;500769;SAO GABRIEL DO OESTE;6354265;CENTRAL DE REGULACAO DE SAO GABRIEL DO OESTE;500769;SAO GABRIEL DO OESTE;1;1;2026-06-08 17:05:29;3500000;TOMOGRAFIA COMPUTADORIZADA DO ABDOMEN SUPERIOR SEM CONTRASTE;3500000;GRUPO - TOMOGRAFIA COMPUTADORIZADA;0206030010;TOMOGRAFIA COMPUTADORIZADA DE ABDOMEN SUPERIOR;DERLI ANTONIO DE OLIVEIRA;1976-01-15;GILDA CAMILLO DE OLIVEIRA;700509162802054;84557591949;MASCULINO;672139678;4;112;4;2520;1;K46;HERNIA ABDOMINAL NAO ESPECIFICADA
2026-06-23 19:59:58;500769;SAO GABRIEL DO OESTE;7333218;UNIDADE DE SAUDE DA FAMILIA X;500769;SAO GABRIEL DO OESTE;1;1;2026-06-03 16:24:47;3500000;TOMOGRAFIA COMPUTADORIZADA DO ABDOMEN SUPERIOR SEM CONTRASTE;3500000;GRUPO - TOMOGRAFIA COMPUTADORIZADA;0206030010;TOMOGRAFIA COMPUTADORIZADA DE ABDOMEN SUPERIOR;CLAUDIA GOMES BORGES;1983-09-25;IZABEL GOMES BORGES;706701536997916;00482378174;FEMININO;671699350;4;110;4;2475;1;N19;INSUFICIENCIA RENAL NAO ESPECIFICADA 
2026-06-23 19:59:58;500769;SAO GABRIEL DO OESTE;7333218;UNIDADE DE SAUDE DA FAMILIA X;500769;SAO GABRIEL DO OESTE;1;1;2026-06-01 16:24:02;3500000;TOMOGRAFIA COMPUTADORIZADA DO ABDOMEN SUPERIOR SEM CONTRASTE;3500000;GRUPO - TOMOGRAFIA COMPUTADORIZADA;0206030010;TOMOGRAFIA COMPUTADORIZADA DE ABDOMEN SUPERIOR;FLAVIO JUNIOR RODRIGUES;1980-07-28;ADA MARIA MENDES;701800298277978;98072668153;MASCULINO;671111324;4;108;4;2430;1;R104;OUTRAS DORES ABDOMINAIS E AS NAO ESPECIFICADAS 
2026-06-23 19:59:58;500769;SAO GABRIEL DO OESTE;7333218;UNIDADE DE SAUDE DA FAMILIA X;500769;SAO GABRIEL DO OESTE;1;1;2026-05-20 09:01:44;3500000;TOMOGRAFIA COMPUTADORIZADA DO ABDOMEN SUPERIOR SEM CONTRASTE;3500000;GRUPO - TOMOGRAFIA COMPUTADORIZADA;0206030010;TOMOGRAFIA COMPUTADORIZADA DE ABDOMEN SUPERIOR;SILVIO CABRERA SANABRIA;1966-07-07;GERALDA CABRERA SANABRIA;702808113253061;39111083115;MASCULINO;668614700;4;90;4;2025;1;R104;OUTRAS DORES ABDOMINAIS E AS NAO ESPECIFICADAS 
2026-06-23 19:59:58;500769;SAO GABRIEL DO OESTE;6354265;CENTRAL DE REGULACAO DE SAO GABRIEL DO OESTE;500769;SAO GABRIEL DO OESTE;1;1;2026-05-18 15:49:56;3500000;TOMOGRAFIA COMPUTADORIZADA DO ABDOMEN SUPERIOR SEM CONTRASTE;3500000;GRUPO - TOMOGRAFIA COMPUTADORIZADA;0206030010;TOMOGRAFIA COMPUTADORIZADA DE ABDOMEN SUPERIOR;RUBENS MAURO CIUPAK;1954-01-06;OLIVA CIUPAK;703405386146500;24105333968;MASCULINO;668232481;4;88;4;1980;1;D18;HEMANGIOMA E LINFANGIOMA DE QUALQUER LOCALIZACAO
2026-06-23 19:59:58;500769;SAO GABRIEL DO OESTE;6354265;CENTRAL DE REGULACAO DE SAO GABRIEL DO OESTE;500769;SAO GABRIEL DO OESTE;1;1;2026-06-18 14:08:06;3500000;TOMOGRAFIA COMPUTADORIZADA DO ABDOMEN SUPERIOR SEM CONTRASTE;3500000;GRUPO - TOMOGRAFIA COMPUTADORIZADA;0206030010;TOMOGRAFIA COMPUTADORIZADA DE ABDOMEN SUPERIOR;VENANCIA RIOS;1955-04-10;APARECIDA RIOS;705000848519359;01926980107;FEMININO;674291110;4;134;4;3015;1;C82;LINFOMA NAO-HODGKIN, FOLICULAR (NODULAR)
2026-06-23 19:59:58;500769;SAO GABRIEL DO OESTE;6354265;CENTRAL DE REGULACAO DE SAO GABRIEL DO OESTE;500769;SAO GABRIEL DO OESTE;1;1;2026-06-18 11:34:26;3500000;TOMOGRAFIA COMPUTADORIZADA DO ABDOMEN SUPERIOR SEM CONTRASTE;3500000;GRUPO - TOMOGRAFIA COMPUTADORIZADA;0206030010;TOMOGRAFIA COMPUTADORIZADA DE ABDOMEN SUPERIOR;MARIA DE LOURDES GARCIA VIEIRA;1961-03-03;IRENE GARCIA DE SOUZA;700004058958000;00459189107;FEMININO;674241023;4;131;4;2948;1;K778;TRANSTORNOS HEPATICOS EM OUTRAS DOENCAS CLASSIFICADAS EM OUTRA PARTE 
2026-06-23 19:59:58;500769;SAO GABRIEL DO OESTE;6354265;CENTRAL DE REGULACAO DE SAO GABRIEL DO OESTE;500769;SAO GABRIEL DO OESTE;1;1;2026-04-22 09:19:39;3500000;TOMOGRAFIA COMPUTADORIZADA DO ABDOMEN SUPERIOR COM CONTRASTE;3500000;GRUPO - TOMOGRAFIA COMPUTADORIZADA;0206030010;TOMOGRAFIA COMPUTADORIZADA DE ABDOMEN SUPERIOR;ANDERSON CARLOS DA SILVA NARCISO;1984-10-04;JOSEFA DA SILVA NARCISO;700502902380852;76817024234;MASCULINO;663160888;4;32;12;360;3;K76;OUTRAS DOENCAS DO FIGADO
2026-06-23 19:59:58;500769;SAO GABRIEL DO OESTE;6354265;CENTRAL DE REGULACAO DE SAO GABRIEL DO OESTE;500769;SAO GABRIEL DO OESTE;1;1;2026-04-22 09:03:37;3500000;TOMOGRAFIA COMPUTADORIZADA DO ABDOMEN SUPERIOR COM CONTRASTE;3500000;GRUPO - TOMOGRAFIA COMPUTADORIZADA;0206030010;TOMOGRAFIA COMPUTADORIZADA DE ABDOMEN SUPERIOR;ADEVALDO BENEDITO DE SA;1955-09-08;IRACI CATARINA DE SA;702802654003764;48935557153;MASCULINO;663150721;4;30;12;337;3;R101;DOR LOCALIZADA NO ABDOME SUPERIOR 
2026-06-23 19:59:58;500769;SAO GABRIEL DO OESTE;6354265;CENTRAL DE REGULACAO DE SAO GABRIEL DO OESTE;500769;SAO GABRIEL DO OESTE;1;1;2026-04-21 10:39:42;3500000;TOMOGRAFIA COMPUTADORIZADA DO ABDOMEN SUPERIOR COM CONTRASTE;3500000;GRUPO - TOMOGRAFIA COMPUTADORIZADA;0206030010;TOMOGRAFIA COMPUTADORIZADA DE ABDOMEN SUPERIOR;LUCIA LEITE PEREIRA PINTO;1971-10-26;ILZA LEITE PEREIRA DA COSTA;700303960834332;62259377149;FEMININO;663094587;4;28;12;315;3;R103;DOR LOCALIZADA EM OUTRAS PARTES DO ABDOME INFERIOR 
2026-06-23 19:59:58;500769;SAO GABRIEL DO OESTE;6354265;CENTRAL DE REGULACAO DE SAO GABRIEL DO OESTE;500769;SAO GABRIEL DO OESTE;1;1;2026-04-21 09:25:28;3500000;TOMOGRAFIA COMPUTADORIZADA DO ABDOMEN SUPERIOR COM CONTRASTE;3500000;GRUPO - TOMOGRAFIA COMPUTADORIZADA;0206030010;TOMOGRAFIA COMPUTADORIZADA DE ABDOMEN SUPERIOR;MIRIAN DE CAMPOS FERREIRA;1961-11-27;ROSA DA CUNHA VASCONCELOS;706408387280690;55501311100;FEMININO;663093465;4;26;12;292;3;K559;TRANSTORNO VASCULAR DO INTESTINO, SEM OUTRA ESPECIFICACAO 
2026-06-23 19:59:58;500769;SAO GABRIEL DO OESTE;5971055;UNIDADE DE SAUDE DA FAMILIA VIII;500769;SAO GABRIEL DO OESTE;1;1;2026-04-17 16:13:46;3500000;TOMOGRAFIA COMPUTADORIZADA DO ABDOMEN SUPERIOR COM CONTRASTE;3500000;GRUPO - TOMOGRAFIA COMPUTADORIZADA;0206030010;TOMOGRAFIA COMPUTADORIZADA DE ABDOMEN SUPERIOR;AUGUSTINHO RODRIGUES DE OLIVEIRA;1956-03-10;ADELAIDE ASSUNTA GASPARIM;705009447804956;29836417087;MASCULINO;662923177;4;24;12;270;3;Q446;DOENCA CISTICA DO FIGADO 
2026-06-23 19:59:58;500769;SAO GABRIEL DO OESTE;3400964;UNIDADE DE SAUDE DA FAMILIA RURAL VII;500769;SAO GABRIEL DO OESTE;1;1;2026-04-15 09:32:41;3500000;TOMOGRAFIA COMPUTADORIZADA DO ABDOMEN SUPERIOR COM CONTRASTE;3500000;GRUPO - TOMOGRAFIA COMPUTADORIZADA;0206030010;TOMOGRAFIA COMPUTADORIZADA DE ABDOMEN SUPERIOR;DIONE DE OLIVEIRA FLORIANO;1991-03-28;ELZA SILVA NERI DE OLIVEIRA FLORIANO;709209251851332;03893781196;MASCULINO;662194541;4;23;12;259;3;D180;HEMANGIOMA DE QUALQUER LOCALIZACAO 
2026-06-23 19:59:58;500769;SAO GABRIEL DO OESTE;6354265;CENTRAL DE REGULACAO DE SAO GABRIEL DO OESTE;500769;SAO GABRIEL DO OESTE;1;1;2026-04-09 15:13:37;3500000;TOMOGRAFIA COMPUTADORIZADA DO ABDOMEN SUPERIOR COM CONTRASTE;3500000;GRUPO - TOMOGRAFIA COMPUTADORIZADA;0206030010;TOMOGRAFIA COMPUTADORIZADA DE ABDOMEN SUPERIOR;MARIA SUELI BISPO DA SILVA;1967-04-02;MARIA ANACLETA DE SOUZA;703009864123873;46485880100;FEMININO;661212078;4;19;12;214;3;A09;DIARREIA E GASTROENTERITE DE ORIGEM INFECCIOSA PRESUMIVEL 
2026-06-23 19:59:58;500769;SAO GABRIEL DO OESTE;6354265;CENTRAL DE REGULACAO DE SAO GABRIEL DO OESTE;500769;SAO GABRIEL DO OESTE;1;1;2026-04-09 14:42:39;3500000;TOMOGRAFIA COMPUTADORIZADA DO ABDOMEN SUPERIOR COM CONTRASTE;3500000;GRUPO - TOMOGRAFIA COMPUTADORIZADA;0206030010;TOMOGRAFIA COMPUTADORIZADA DE ABDOMEN SUPERIOR;OLIVIA ALVES DA SILVA;1988-07-01;MARIA ALVES DA SILVA;705002856908751;01205816127;FEMININO;661196931;4;18;12;202;3;N200;CALCULOSE DO RIM 
2026-06-23 19:59:58;500769;SAO GABRIEL DO OESTE;6354265;CENTRAL DE REGULACAO DE SAO GABRIEL DO OESTE;500769;SAO GABRIEL DO OESTE;1;1;2026-04-22 10:53:25;3500000;TOMOGRAFIA COMPUTADORIZADA DO ABDOMEN SUPERIOR COM CONTRASTE;3500000;GRUPO - TOMOGRAFIA COMPUTADORIZADA;0206030010;TOMOGRAFIA COMPUTADORIZADA DE ABDOMEN SUPERIOR;GERSON BOGARIM GONCALVES;1970-05-30;ALADIA MARGARIDA BOGARIM GONCALVES;708609061406484;46456392187;MASCULINO;663221425;3;14;12;157;3;K469;HERNIA ABDOMINAL NAO ESPECIFICADA, SEM OBSTRUCAO OU GANGRENA 
2026-06-23 19:59:58;500769;SAO GABRIEL DO OESTE;6354265;CENTRAL DE REGULACAO DE SAO GABRIEL DO OESTE;500769;SAO GABRIEL DO OESTE;1;1;2026-04-21 10:52:35;3500000;TOMOGRAFIA COMPUTADORIZADA DO ABDOMEN SUPERIOR COM CONTRASTE;3500000;GRUPO - TOMOGRAFIA COMPUTADORIZADA;0206030010;TOMOGRAFIA COMPUTADORIZADA DE ABDOMEN SUPERIOR;MARIA FRANCISCA DA SILVA;1952-04-18;DIONIZIA FRANCISCA DE MEIRA;709605686368174;78985757172;FEMININO;663094856;3;10;12;112;3;K21;DOENCA DE REFLUXO GASTROESOFAGICO
2026-06-23 19:59:58;500769;SAO GABRIEL DO OESTE;6354265;CENTRAL DE REGULACAO DE SAO GABRIEL DO OESTE;500769;SAO GABRIEL DO OESTE;1;1;2026-04-21 10:34:35;3500000;TOMOGRAFIA COMPUTADORIZADA DO ABDOMEN SUPERIOR COM CONTRASTE;3500000;GRUPO - TOMOGRAFIA COMPUTADORIZADA;0206030010;TOMOGRAFIA COMPUTADORIZADA DE ABDOMEN SUPERIOR;CREUDES PIRES;1952-01-10;ALTINA DIAS;702001850565180;44480270159;FEMININO;663094495;3;9;12;101;3;C349;BRONQUIOS OU PULMOES, NAO ESPECIFICADO 
2026-06-23 19:59:58;500769;SAO GABRIEL DO OESTE;2370999;UNIDADE DE SAUDE DA FAMILIA FENIX IV;500769;SAO GABRIEL DO OESTE;1;1;2026-04-27 15:21:19;3500000;TOMOGRAFIA COMPUTADORIZADA DO ABDOMEN SUPERIOR COM CONTRASTE;3500000;GRUPO - TOMOGRAFIA COMPUTADORIZADA;0206030010;TOMOGRAFIA COMPUTADORIZADA DE ABDOMEN SUPERIOR;MARIA DE LOURDES GARCIA VIEIRA;1961-03-03;IRENE GARCIA DE SOUZA;700004058958000;00459189107;FEMININO;664193223;4;72;12;810;3;K769;DOENCA HEPATICA, SEM OUTRA ESPECIFICACAO 
2026-06-23 19:59:58;500769;SAO GABRIEL DO OESTE;6354265;CENTRAL DE REGULACAO DE SAO GABRIEL DO OESTE;500769;SAO GABRIEL DO OESTE;1;1;2026-04-23 10:12:19;3500000;TOMOGRAFIA COMPUTADORIZADA DO ABDOMEN SUPERIOR COM CONTRASTE;3500000;GRUPO - TOMOGRAFIA COMPUTADORIZADA;0206030010;TOMOGRAFIA COMPUTADORIZADA DE ABDOMEN SUPERIOR;OTAMIRA EVANGELISTA DE LIMA;1946-04-02;FAUSTINA MARIA DA CRUZ;700000306023703;27255905153;FEMININO;663483010;4;61;12;686;3;R103;DOR LOCALIZADA EM OUTRAS PARTES DO ABDOME INFERIOR 
2026-06-23 19:59:58;500769;SAO GABRIEL DO OESTE;6354265;CENTRAL DE REGULACAO DE SAO GABRIEL DO OESTE;500769;SAO GABRIEL DO OESTE;1;1;2026-04-23 09:48:15;3500000;TOMOGRAFIA COMPUTADORIZADA DO ABDOMEN SUPERIOR COM CONTRASTE;3500000;GRUPO - TOMOGRAFIA COMPUTADORIZADA;0206030010;TOMOGRAFIA COMPUTADORIZADA DE ABDOMEN SUPERIOR;MARCOS VINICIUS LOPES BEZERRA;1995-12-14;IZOLDA APARECIDA LOPES LOMBA BEZERRA;708207113900540;05480422170;MASCULINO;663468837;4;59;12;664;3;N200;CALCULOSE DO RIM 
2026-06-23 19:59:58;500769;SAO GABRIEL DO OESTE;6354265;CENTRAL DE REGULACAO DE SAO GABRIEL DO OESTE;500769;SAO GABRIEL DO OESTE;1;1;2026-04-22 17:38:58;3500000;TOMOGRAFIA COMPUTADORIZADA DO ABDOMEN SUPERIOR COM CONTRASTE;3500000;GRUPO - TOMOGRAFIA COMPUTADORIZADA;0206030010;TOMOGRAFIA COMPUTADORIZADA DE ABDOMEN SUPERIOR;MARIA DE LOURDES DA SILVA VIEIRA;1958-09-27;MARIA PEREIRA DA SILVA;703405880488700;44594020178;FEMININO;663390259;4;53;12;596;3;R10;DOR ABDOMINAL E PELVICA
2026-06-23 19:59:58;500769;SAO GABRIEL DO OESTE;6354265;CENTRAL DE REGULACAO DE SAO GABRIEL DO OESTE;500769;SAO GABRIEL DO OESTE;1;1;2026-04-22 15:09:33;3500000;TOMOGRAFIA COMPUTADORIZADA DO ABDOMEN SUPERIOR COM CONTRASTE;3500000;GRUPO - TOMOGRAFIA COMPUTADORIZADA;0206030010;TOMOGRAFIA COMPUTADORIZADA DE ABDOMEN SUPERIOR;MARIA IFRAN ESCOBAR;1957-08-28;INES CRISTALDO;704002313228867;66152291100;FEMININO;663332249;4;49;12;551;3;N20;CALCULOSE DO RIM E DO URETER
2026-06-23 19:59:58;500769;SAO GABRIEL DO OESTE;6354265;CENTRAL DE REGULACAO DE SAO GABRIEL DO OESTE;500769;SAO GABRIEL DO OESTE;1;1;2026-04-22 14:43:56;3500000;TOMOGRAFIA COMPUTADORIZADA DO ABDOMEN SUPERIOR COM CONTRASTE;3500000;GRUPO - TOMOGRAFIA COMPUTADORIZADA;0206030010;TOMOGRAFIA COMPUTADORIZADA DE ABDOMEN SUPERIOR;LUIZ SADI POLGA;1948-08-30;ANGELINA POLETO POLGA;703000840857976;28494423991;MASCULINO;663318436;4;47;12;529;3;D376;FIGADO, VESICULA BILIAR E VIAS BILIARES 
2026-06-23 19:59:58;500769;SAO GABRIEL DO OESTE;6354265;CENTRAL DE REGULACAO DE SAO GABRIEL DO OESTE;500769;SAO GABRIEL DO OESTE;1;1;2026-04-22 11:33:48;3500000;TOMOGRAFIA COMPUTADORIZADA DO ABDOMEN SUPERIOR COM CONTRASTE;3500000;GRUPO - TOMOGRAFIA COMPUTADORIZADA;0206030010;TOMOGRAFIA COMPUTADORIZADA DE ABDOMEN SUPERIOR;JOAO CARVALHO CARNEIRO;1965-10-27;OLINDA CARVALHO CARNEIRO;700005419620906;32222360110;MASCULINO;663245656;4;44;12;495;3;K746;OUTRAS FORMAS DE CIRROSE HEPATICA E AS NAO ESPECIFICADAS 
2026-06-23 19:59:58;500769;SAO GABRIEL DO OESTE;6354265;CENTRAL DE REGULACAO DE SAO GABRIEL DO OESTE;500769;SAO GABRIEL DO OESTE;1;1;2026-04-22 11:14:29;3500000;TOMOGRAFIA COMPUTADORIZADA DO ABDOMEN SUPERIOR COM CONTRASTE;3500000;GRUPO - TOMOGRAFIA COMPUTADORIZADA;0206030010;TOMOGRAFIA COMPUTADORIZADA DE ABDOMEN SUPERIOR;ILIANE FREIBERGER DOS SANTOS;1970-08-01;FELICITA LUNKES FREIBERGER;705001247473754;72280336049;FEMININO;663234621;4;43;12;484;3;N200;CALCULOSE DO RIM 
2026-06-23 19:59:58;500769;SAO GABRIEL DO OESTE;6354265;CENTRAL DE REGULACAO DE SAO GABRIEL DO OESTE;500769;SAO GABRIEL DO OESTE;1;1;2026-04-22 11:06:10;3500000;TOMOGRAFIA COMPUTADORIZADA DO ABDOMEN SUPERIOR COM CONTRASTE;3500000;GRUPO - TOMOGRAFIA COMPUTADORIZADA;0206030010;TOMOGRAFIA COMPUTADORIZADA DE ABDOMEN SUPERIOR;GLEICE SOARES DE SOUZA;1979-02-28;MARCIA INACIO MONTEIRO;704705774357334;92307493115;FEMININO;663229546;4;41;12;461;3;D309;ORGAO URINARIO, NAO ESPECIFICADO 
2026-06-23 19:59:58;500769;SAO GABRIEL DO OESTE;6354265;CENTRAL DE REGULACAO DE SAO GABRIEL DO OESTE;500769;SAO GABRIEL DO OESTE;1;1;2026-04-22 10:12:56;3500000;TOMOGRAFIA COMPUTADORIZADA DO ABDOMEN SUPERIOR COM CONTRASTE;3500000;GRUPO - TOMOGRAFIA COMPUTADORIZADA;0206030010;TOMOGRAFIA COMPUTADORIZADA DE ABDOMEN SUPERIOR;ESTANISLAU ANTONIO ALFONZO;1962-06-15;BONIFACIA ESCOBAR;701008869752391;40501230106;MASCULINO;663195237;4;39;12;439;3;K829;DOENCA DA VESICULA BILIAR, SEM OUTRA ESPECIFICACAO 
2026-06-23 19:59:58;500769;SAO GABRIEL DO OESTE;3400964;UNIDADE DE SAUDE DA FAMILIA RURAL VII;500769;SAO GABRIEL DO OESTE;1;1;2026-06-16 14:55:03;3500000;TOMOGRAFIA COMPUTADORIZADA DO ABDOMEN SUPERIOR COM CONTRASTE;3500000;GRUPO - TOMOGRAFIA COMPUTADORIZADA;0206030010;TOMOGRAFIA COMPUTADORIZADA DE ABDOMEN SUPERIOR;LEONIDAS RODRIGUES DA SILVA;1980-04-03;MARIA MADALENA DA CRUZ RODRIGUES;700009393209906;94740542153;MASCULINO;673770842;4;122;12;1372;3;R59;AUMENTO DE VOLUME DOS GANGLIOS LINFATICOS
2026-06-23 19:59:58;500769;SAO GABRIEL DO OESTE;2591359;UNIDADE DE SAUDE DA FAMILIA V;500769;SAO GABRIEL DO OESTE;1;1;2026-05-26 11:04:46;3500000;TOMOGRAFIA COMPUTADORIZADA DO ABDOMEN SUPERIOR COM CONTRASTE;3500000;GRUPO - TOMOGRAFIA COMPUTADORIZADA;0206030010;TOMOGRAFIA COMPUTADORIZADA DE ABDOMEN SUPERIOR;VILMA FERNANDES DOS SANTOS;1980-01-04;RAMONA ALVES SILVA DOS SANTOS;703402215676219;01431882160;FEMININO;669805418;4;100;12;1125;3;R161;ESPLENOMEGALIA NAO CLASSIFICADA EM OUTRA PARTE 
2026-06-23 19:59:58;500769;SAO GABRIEL DO OESTE;6354265;CENTRAL DE REGULACAO DE SAO GABRIEL DO OESTE;500769;SAO GABRIEL DO OESTE;1;1;2026-05-25 14:17:00;3500000;TOMOGRAFIA COMPUTADORIZADA DO ABDOMEN SUPERIOR COM CONTRASTE;3500000;GRUPO - TOMOGRAFIA COMPUTADORIZADA;0206030010;TOMOGRAFIA COMPUTADORIZADA DE ABDOMEN SUPERIOR;JUCILENE DE SOUZA;1971-12-03;AIR PEREIRA DE SOUZA;705405497607898;56186185168;FEMININO;669583309;4;97;12;1091;3;K30;DISPEPSIA 
2026-06-23 19:59:58;500769;SAO GABRIEL DO OESTE;6354265;CENTRAL DE REGULACAO DE SAO GABRIEL DO OESTE;500769;SAO GABRIEL DO OESTE;1;1;2026-06-23 09:31:22;3500000;TOMOGRAFIA COMPUTADORIZADA DO ABDOMEN SUPERIOR COM CONTRASTE;3500000;GRUPO - TOMOGRAFIA COMPUTADORIZADA;0206030010;TOMOGRAFIA COMPUTADORIZADA DE ABDOMEN SUPERIOR;ELSO CAETANO DOS SANTOS;1983-01-14;MARIA MADALENA DOS SANTOS;708501318296175;00098271105;MASCULINO;674952069;4;147;12;1654;3;R101;DOR LOCALIZADA NO ABDOME SUPERIOR 
2026-06-23 19:59:58;500769;SAO GABRIEL DO OESTE;6354265;CENTRAL DE REGULACAO DE SAO GABRIEL DO OESTE;500769;SAO GABRIEL DO OESTE;1;1;2026-06-22 08:40:33;3500000;TOMOGRAFIA COMPUTADORIZADA DO ABDOMEN SUPERIOR COM CONTRASTE;3500000;GRUPO - TOMOGRAFIA COMPUTADORIZADA;0206030010;TOMOGRAFIA COMPUTADORIZADA DE ABDOMEN SUPERIOR;RUAN CENTURIAO DOS SANTOS;2011-06-13;ARYELI CENTURIAO ROCHA;704201283195289;08103164127;MASCULINO;674662241;4;143;12;1609;3;R104;OUTRAS DORES ABDOMINAIS E AS NAO ESPECIFICADAS 
2026-06-23 19:59:58;500769;SAO GABRIEL DO OESTE;6354265;CENTRAL DE REGULACAO DE SAO GABRIEL DO OESTE;500769;SAO GABRIEL DO OESTE;1;1;2026-06-18 10:31:00;3500000;TOMOGRAFIA COMPUTADORIZADA DO ABDOMEN SUPERIOR COM CONTRASTE;3500000;GRUPO - TOMOGRAFIA COMPUTADORIZADA;0206030010;TOMOGRAFIA COMPUTADORIZADA DE ABDOMEN SUPERIOR;VERA LUCIA BORGES LEAL;1959-04-30;CLEUZA BORGES LEAL;705806468389036;58344942268;FEMININO;674204532;4;129;12;1451;3;N281;CISTO DO RIM, ADQUIRIDO 
2026-06-23 19:59:58;500769;SAO GABRIEL DO OESTE;6354265;CENTRAL DE REGULACAO DE SAO GABRIEL DO OESTE;500769;SAO GABRIEL DO OESTE;1;1;2026-04-08 15:47:43;3500000;TOMOGRAFIA COMPUTADORIZADA DE FACE OU SEIOS DE FACE SEM CONTRASTE;3500000;GRUPO - TOMOGRAFIA COMPUTADORIZADA;0206010044;TOMOGRAFIA COMPUTADORIZADA DE FACE / SEIOS DA FACE / ARTICULACOES TEMPORO-MANDIBULARES;JULIANA CELESTINA DE ALMEIDA;1982-06-19;BENEDITA SEBASTIANA PRADO DE ALMEIDA;707408075046976;02157996150;FEMININO;660954358;3;4;21;72;2;H906;PERDA DE AUDICAO BILATERAL MISTA, DE CONDUCAO E NEURO-SENSORIAL 
2026-06-23 19:59:58;500769;SAO GABRIEL DO OESTE;3400964;UNIDADE DE SAUDE DA FAMILIA RURAL VII;500769;SAO GABRIEL DO OESTE;1;1;2026-04-22 17:42:27;3500000;TOMOGRAFIA COMPUTADORIZADA DE FACE OU SEIOS DE FACE SEM CONTRASTE;3500000;GRUPO - TOMOGRAFIA COMPUTADORIZADA;0206010044;TOMOGRAFIA COMPUTADORIZADA DE FACE / SEIOS DA FACE / ARTICULACOES TEMPORO-MANDIBULARES;ZENIRA BORGES NANTES;1949-07-01;ELIZA LEOPOLDINA MORAES;707402008087776;97420123187;FEMININO;663390875;4;55;21;990;2;R05;TOSSE 
2026-06-23 19:59:58;500769;SAO GABRIEL DO OESTE;6354265;CENTRAL DE REGULACAO DE SAO GABRIEL DO OESTE;500769;SAO GABRIEL DO OESTE;1;1;2026-05-07 17:23:11;3500000;TOMOGRAFIA COMPUTADORIZADA DE FACE OU SEIOS DE FACE SEM CONTRASTE;3500000;GRUPO - TOMOGRAFIA COMPUTADORIZADA;0206010044;TOMOGRAFIA COMPUTADORIZADA DE FACE / SEIOS DA FACE / ARTICULACOES TEMPORO-MANDIBULARES;PEDRO HENRIQUE TEODORO DE ALENCAR;2008-06-15;MARIA APARECIDA SILVA TEODORO;708109582126131;04269943106;MASCULINO;666361564;4;84;21;1512;2;J342;DESVIO DO SEPTO NASAL 
2026-06-23 19:59:58;500769;SAO GABRIEL DO OESTE;6354265;CENTRAL DE REGULACAO DE SAO GABRIEL DO OESTE;500769;SAO GABRIEL DO OESTE;1;1;2026-06-19 16:52:27;3500000;TOMOGRAFIA COMPUTADORIZADA DE FACE OU SEIOS DE FACE SEM CONTRASTE;3500000;GRUPO - TOMOGRAFIA COMPUTADORIZADA;0206010044;TOMOGRAFIA COMPUTADORIZADA DE FACE / SEIOS DA FACE / ARTICULACOES TEMPORO-MANDIBULARES;MARIA LUCIA CONCEICAO DOS REIS;1965-04-28;JOSEFA MARIA DA CONCEICAO;702001310628182;58327649191;FEMININO;674594502;4;141;21;2538;2;R05;TOSSE 
2026-06-23 19:59:58;500769;SAO GABRIEL DO OESTE;6354265;CENTRAL DE REGULACAO DE SAO GABRIEL DO OESTE;500769;SAO GABRIEL DO OESTE;1;1;2026-06-19 16:44:19;3500000;TOMOGRAFIA COMPUTADORIZADA DE PESCOCO COM CONTRASTE;3500000;GRUPO - TOMOGRAFIA COMPUTADORIZADA;0206010052;TOMOGRAFIA COMPUTADORIZADA DO PESCOCO;SUELI DELGADO DE SOUZA;1967-09-17;RAMONA DELGADO;706408625008682;00759136157;FEMININO;674592753;4;139;11;4170;1;C34;NEOPLASIA MALIGNA DOS BRONQUIOS E DOS PULMOES
2026-06-23 19:59:58;500769;SAO GABRIEL DO OESTE;6354265;CENTRAL DE REGULACAO DE SAO GABRIEL DO OESTE;500769;SAO GABRIEL DO OESTE;1;1;2026-04-22 09:26:23;3500000;TOMOGRAFIA COMPUTADORIZADA DO TORAX COM CONTRASTE;3500000;GRUPO - TOMOGRAFIA COMPUTADORIZADA;0206020031;TOMOGRAFIA COMPUTADORIZADA DE TORAX;ANTONIA PEREIRA DE SOUZA;1978-09-01;ESPEDITA PEREIRA;705804458883931;93015046187;FEMININO;663165198;4;34;19;510;2;R19;OUTROS SINTOMAS E SINAIS RELATIVOS AO APARELHO DIGESTIVO E AO ABDOME
2026-06-23 19:59:58;500769;SAO GABRIEL DO OESTE;6354265;CENTRAL DE REGULACAO DE SAO GABRIEL DO OESTE;500769;SAO GABRIEL DO OESTE;1;1;2026-04-22 09:55:07;3500000;TOMOGRAFIA COMPUTADORIZADA DO TORAX COM CONTRASTE;3500000;GRUPO - TOMOGRAFIA COMPUTADORIZADA;0206020031;TOMOGRAFIA COMPUTADORIZADA DE TORAX;DELZA ROSA FERREIRA;1957-06-08;INACIA ROSA FERREIRA;704602106219522;25469207153;FEMININO;663183274;3;11;19;165;2;R06;ANORMALIDADES DA RESPIRACAO
2026-06-23 19:59:58;500769;SAO GABRIEL DO OESTE;6354265;CENTRAL DE REGULACAO DE SAO GABRIEL DO OESTE;500769;SAO GABRIEL DO OESTE;1;1;2026-04-23 11:17:02;3500000;TOMOGRAFIA COMPUTADORIZADA DO TORAX COM CONTRASTE;3500000;GRUPO - TOMOGRAFIA COMPUTADORIZADA;0206020031;TOMOGRAFIA COMPUTADORIZADA DE TORAX;SEVERINO FAVERO;1952-10-24;ERNESTA BARBIERI FAVERO;705204442785973;24236853949;MASCULINO;663520170;4;69;19;1035;2;I260;EMBOLIA PULMONAR COM MENCAO DE COR PULMONALE AGUDO 
2026-06-23 19:59:58;500769;SAO GABRIEL DO OESTE;6354265;CENTRAL DE REGULACAO DE SAO GABRIEL DO OESTE;500769;SAO GABRIEL DO OESTE;1;1;2026-04-23 10:17:40;3500000;TOMOGRAFIA COMPUTADORIZADA DO TORAX COM CONTRASTE;3500000;GRUPO - TOMOGRAFIA COMPUTADORIZADA;0206020031;TOMOGRAFIA COMPUTADORIZADA DE TORAX;OSMAR PIOVEZAN;1976-04-15;CLACIR CITON PIOVEZAN;706305721689375;89301447053;MASCULINO;663486276;4;62;19;930;2;J90;DERRAME PLEURAL NAO CLASSIFICADO EM OUTRA PARTE 
2026-06-23 19:59:58;500769;SAO GABRIEL DO OESTE;6354265;CENTRAL DE REGULACAO DE SAO GABRIEL DO OESTE;500769;SAO GABRIEL DO OESTE;1;1;2026-06-01 14:07:54;3500000;TOMOGRAFIA COMPUTADORIZADA DO TORAX COM CONTRASTE;3500000;GRUPO - TOMOGRAFIA COMPUTADORIZADA;0206020031;TOMOGRAFIA COMPUTADORIZADA DE TORAX;MARIA DO CARMO DE JESUS ALVES;1941-01-06;ANA MARIA DE JESUS;706404675382681;46505369104;FEMININO;671039801;4;106;19;1590;2;J450;ASMA PREDOMINANTEMENTE ALERGICA 
2026-06-23 19:59:58;500769;SAO GABRIEL DO OESTE;6354265;CENTRAL DE REGULACAO DE SAO GABRIEL DO OESTE;500769;SAO GABRIEL DO OESTE;1;1;2026-06-23 08:39:47;3500000;TOMOGRAFIA COMPUTADORIZADA DO TORAX COM CONTRASTE;3500000;GRUPO - TOMOGRAFIA COMPUTADORIZADA;0206020031;TOMOGRAFIA COMPUTADORIZADA DE TORAX;MARTA FERREIRA DE SOUZA;1964-07-25;JUSTINA GUILHERME SOUZA;708604014033486;50187350159;FEMININO;674926576;4;146;19;2190;2;J448;OUTRAS FORMAS ESPECIFICADAS DE DOENCA PULMONAR OBSTRUTIVA CRONICA 
2026-06-23 19:59:58;500769;SAO GABRIEL DO OESTE;6354265;CENTRAL DE REGULACAO DE SAO GABRIEL DO OESTE;500769;SAO GABRIEL DO OESTE;1;1;2026-06-19 17:12:38;3500000;TOMOGRAFIA COMPUTADORIZADA DO TORAX COM CONTRASTE;3500000;GRUPO - TOMOGRAFIA COMPUTADORIZADA;0206020031;TOMOGRAFIA COMPUTADORIZADA DE TORAX;MARINES FERREIRA;1986-11-10;MARIA TEREZINHA FERREIRA;700808411515483;01602798109;FEMININO;674597579;4;142;19;2130;2;C505;QUADRANTE INFERIOR EXTERNO DA MAMA 
2026-06-23 19:59:58;500769;SAO GABRIEL DO OESTE;6354265;CENTRAL DE REGULACAO DE SAO GABRIEL DO OESTE;500769;SAO GABRIEL DO OESTE;1;1;2026-04-29 11:34:19;3500000;TOMOGRAFIA COMPUTADORIZADA DO PE DIREITO;3500000;GRUPO - TOMOGRAFIA COMPUTADORIZADA;0206030029;TOMOGRAFIA COMPUTADORIZADA DE ARTICULACOES DE MEMBRO INFERIOR;JOAO BATISTA DA TRINDADE;1956-06-12;MARIA JOANA DA SILVA;700501134509855;42030811149;MASCULINO;664727551;4;75;5;2250;1;E14;DIABETES MELLITUS NAO ESPECIFICADO
2026-06-23 19:59:58;500769;SAO GABRIEL DO OESTE;6354265;CENTRAL DE REGULACAO DE SAO GABRIEL DO OESTE;500769;SAO GABRIEL DO OESTE;1;1;2026-04-22 09:30:06;3500000;TOMOGRAFIA COMPUTADORIZADA DE PELVE / BACIA / ABDOMEN INFERIOR;3500000;GRUPO - TOMOGRAFIA COMPUTADORIZADA;0206030037;TOMOGRAFIA COMPUTADORIZADA DE PELVE / BACIA / ABDOMEN INFERIOR;ANDREIA SILVINO;1984-01-08;ELZA SILVA SILVINO;708204159339148;01139416170;FEMININO;663167507;4;35;16;1050;1;R10;DOR ABDOMINAL E PELVICA
2026-06-23 19:59:58;500769;SAO GABRIEL DO OESTE;6354265;CENTRAL DE REGULACAO DE SAO GABRIEL DO OESTE;500769;SAO GABRIEL DO OESTE;1;1;2026-04-09 15:17:47;3500000;TOMOGRAFIA COMPUTADORIZADA DE PELVE / BACIA / ABDOMEN INFERIOR;3500000;GRUPO - TOMOGRAFIA COMPUTADORIZADA;0206030037;TOMOGRAFIA COMPUTADORIZADA DE PELVE / BACIA / ABDOMEN INFERIOR;MARIA SUELI BISPO DA SILVA;1967-04-02;MARIA ANACLETA DE SOUZA;703009864123873;46485880100;FEMININO;661214157;4;20;16;600;1;I719;ANEURISMA AORTICO DE LOCALIZACAO NAO ESPECIFICADA, SEM MENCAO DE RUPTURA 
2026-06-23 19:59:58;500769;SAO GABRIEL DO OESTE;6354265;CENTRAL DE REGULACAO DE SAO GABRIEL DO OESTE;500769;SAO GABRIEL DO OESTE;1;1;2026-04-23 11:06:45;3500000;TOMOGRAFIA COMPUTADORIZADA DE PELVE / BACIA / ABDOMEN INFERIOR;3500000;GRUPO - TOMOGRAFIA COMPUTADORIZADA;0206030037;TOMOGRAFIA COMPUTADORIZADA DE PELVE / BACIA / ABDOMEN INFERIOR;SEBASTIANA MARIA DA SILVA;1955-12-30;MARIA JOSEFA DA CONCEICAO;708506043191380;43683932104;FEMININO;663514665;4;67;16;2010;1;K590;CONSTIPACAO 
2026-06-23 19:59:58;500769;SAO GABRIEL DO OESTE;6354265;CENTRAL DE REGULACAO DE SAO GABRIEL DO OESTE;500769;SAO GABRIEL DO OESTE;1;1;2026-04-22 11:10:55;3500000;TOMOGRAFIA COMPUTADORIZADA DE PELVE / BACIA / ABDOMEN INFERIOR;3500000;GRUPO - TOMOGRAFIA COMPUTADORIZADA;0206030037;TOMOGRAFIA COMPUTADORIZADA DE PELVE / BACIA / ABDOMEN INFERIOR;ILIANE FREIBERGER DOS SANTOS;1970-08-01;FELICITA LUNKES FREIBERGER;705001247473754;72280336049;FEMININO;663232454;4;42;16;1260;1;N200;CALCULOSE DO RIM 
2026-06-23 19:59:58;500769;SAO GABRIEL DO OESTE;6354265;CENTRAL DE REGULACAO DE SAO GABRIEL DO OESTE;500769;SAO GABRIEL DO OESTE;1;1;2026-04-22 10:23:38;3500000;TOMOGRAFIA COMPUTADORIZADA DE PELVE / BACIA / ABDOMEN INFERIOR;3500000;GRUPO - TOMOGRAFIA COMPUTADORIZADA;0206030037;TOMOGRAFIA COMPUTADORIZADA DE PELVE / BACIA / ABDOMEN INFERIOR;EUZELIA CATARINO DA COSTA;1973-03-16;ZELIA FLORIANO DA COSTA;700508395992750;00275390160;FEMININO;663202255;4;40;16;1200;1;I10;HIPERTENSAO ESSENCIAL (PRIMARIA) 
2026-06-23 19:59:58;500769;SAO GABRIEL DO OESTE;6354265;CENTRAL DE REGULACAO DE SAO GABRIEL DO OESTE;500769;SAO GABRIEL DO OESTE;1;1;2026-06-12 11:14:32;3500000;TOMOGRAFIA COMPUTADORIZADA DE PELVE / BACIA / ABDOMEN INFERIOR;3500000;GRUPO - TOMOGRAFIA COMPUTADORIZADA;0206030037;TOMOGRAFIA COMPUTADORIZADA DE PELVE / BACIA / ABDOMEN INFERIOR;MARIA JOSE MORBEQUE;1958-07-05;MARIA PEREIRA NOVAIS;705206418085373;80947441115;FEMININO;673121406;4;119;16;3570;1;I72;OUTROS ANEURISMAS
2026-06-23 19:59:58;500769;SAO GABRIEL DO OESTE;6354265;CENTRAL DE REGULACAO DE SAO GABRIEL DO OESTE;500769;SAO GABRIEL DO OESTE;1;1;2026-06-08 17:05:29;3500000;TOMOGRAFIA COMPUTADORIZADA DE PELVE / BACIA / ABDOMEN INFERIOR;3500000;GRUPO - TOMOGRAFIA COMPUTADORIZADA;0206030037;TOMOGRAFIA COMPUTADORIZADA DE PELVE / BACIA / ABDOMEN INFERIOR;DERLI ANTONIO DE OLIVEIRA;1976-01-15;GILDA CAMILLO DE OLIVEIRA;700509162802054;84557591949;MASCULINO;672139678;4;112;16;3360;1;K46;HERNIA ABDOMINAL NAO ESPECIFICADA
2026-06-23 19:59:58;500769;SAO GABRIEL DO OESTE;7333218;UNIDADE DE SAUDE DA FAMILIA X;500769;SAO GABRIEL DO OESTE;1;1;2026-06-03 16:24:47;3500000;TOMOGRAFIA COMPUTADORIZADA DE PELVE / BACIA / ABDOMEN INFERIOR;3500000;GRUPO - TOMOGRAFIA COMPUTADORIZADA;0206030037;TOMOGRAFIA COMPUTADORIZADA DE PELVE / BACIA / ABDOMEN INFERIOR;CLAUDIA GOMES BORGES;1983-09-25;IZABEL GOMES BORGES;706701536997916;00482378174;FEMININO;671699350;4;110;16;3300;1;N19;INSUFICIENCIA RENAL NAO ESPECIFICADA 
2026-06-23 19:59:58;500769;SAO GABRIEL DO OESTE;7333218;UNIDADE DE SAUDE DA FAMILIA X;500769;SAO GABRIEL DO OESTE;1;1;2026-06-01 16:24:02;3500000;TOMOGRAFIA COMPUTADORIZADA DE PELVE / BACIA / ABDOMEN INFERIOR;3500000;GRUPO - TOMOGRAFIA COMPUTADORIZADA;0206030037;TOMOGRAFIA COMPUTADORIZADA DE PELVE / BACIA / ABDOMEN INFERIOR;FLAVIO JUNIOR RODRIGUES;1980-07-28;ADA MARIA MENDES;701800298277978;98072668153;MASCULINO;671111324;4;108;16;3240;1;R104;OUTRAS DORES ABDOMINAIS E AS NAO ESPECIFICADAS 
2026-06-23 19:59:58;500769;SAO GABRIEL DO OESTE;6354265;CENTRAL DE REGULACAO DE SAO GABRIEL DO OESTE;500769;SAO GABRIEL DO OESTE;1;1;2026-05-26 08:01:21;3500000;TOMOGRAFIA COMPUTADORIZADA DE PELVE / BACIA / ABDOMEN INFERIOR;3500000;GRUPO - TOMOGRAFIA COMPUTADORIZADA;0206030037;TOMOGRAFIA COMPUTADORIZADA DE PELVE / BACIA / ABDOMEN INFERIOR;FABRICIA SILVA DOS ANJOS;1994-10-19;ROSENILDA LIMA DA SILVA;709209273674832;04712351136;FEMININO;669695332;4;99;16;2970;1;D27;NEOPLASIA BENIGNA DO OVARIO 
2026-06-23 19:59:58;500769;SAO GABRIEL DO OESTE;2370980;UNIDADE DE SAUDE DA FAMILIA JARDIM GRAMADO I;500769;SAO GABRIEL DO OESTE;1;1;2026-05-22 10:20:00;3500000;TOMOGRAFIA COMPUTADORIZADA DE PELVE / BACIA / ABDOMEN INFERIOR;3500000;GRUPO - TOMOGRAFIA COMPUTADORIZADA;0206030037;TOMOGRAFIA COMPUTADORIZADA DE PELVE / BACIA / ABDOMEN INFERIOR;CLARICE QUEIROS DE BARROS;1952-08-03;MARIA DE QUEIROS;700008806884705;81280769149;FEMININO;669198643;4;95;16;2850;1;K565;ADERENCIAS INTESTINAIS (BRIDAS) COM OBSTRUCAO 
2026-06-23 19:59:58;500769;SAO GABRIEL DO OESTE;7333218;UNIDADE DE SAUDE DA FAMILIA X;500769;SAO GABRIEL DO OESTE;1;1;2026-05-20 09:01:44;3500000;TOMOGRAFIA COMPUTADORIZADA DE PELVE / BACIA / ABDOMEN INFERIOR;3500000;GRUPO - TOMOGRAFIA COMPUTADORIZADA;0206030037;TOMOGRAFIA COMPUTADORIZADA DE PELVE / BACIA / ABDOMEN INFERIOR;SILVIO CABRERA SANABRIA;1966-07-07;GERALDA CABRERA SANABRIA;702808113253061;39111083115;MASCULINO;668614700;4;90;16;2700;1;R104;OUTRAS DORES ABDOMINAIS E AS NAO ESPECIFICADAS 
2026-06-23 19:59:58;500769;SAO GABRIEL DO OESTE;6354265;CENTRAL DE REGULACAO DE SAO GABRIEL DO OESTE;500769;SAO GABRIEL DO OESTE;1;1;2026-05-18 15:49:56;3500000;TOMOGRAFIA COMPUTADORIZADA DE PELVE / BACIA / ABDOMEN INFERIOR;3500000;GRUPO - TOMOGRAFIA COMPUTADORIZADA;0206030037;TOMOGRAFIA COMPUTADORIZADA DE PELVE / BACIA / ABDOMEN INFERIOR;RUBENS MAURO CIUPAK;1954-01-06;OLIVA CIUPAK;703405386146500;24105333968;MASCULINO;668232481;4;88;16;2640;1;D18;HEMANGIOMA E LINFANGIOMA DE QUALQUER LOCALIZACAO
2026-06-23 19:59:58;500769;SAO GABRIEL DO OESTE;7002084;UNIDADE DE SAUDE DA FAMILIA IX;500769;SAO GABRIEL DO OESTE;1;1;2026-05-05 15:37:43;3500000;TOMOGRAFIA COMPUTADORIZADA DE PELVE / BACIA / ABDOMEN INFERIOR;3500000;GRUPO - TOMOGRAFIA COMPUTADORIZADA;0206030037;TOMOGRAFIA COMPUTADORIZADA DE PELVE / BACIA / ABDOMEN INFERIOR;SILVANA ALVES BARBOSA;1974-02-21;CAROLINA DOS SANTOS BARBOSA;702101770263691;54401305191;FEMININO;665758891;4;80;16;2400;1;R10;DOR ABDOMINAL E PELVICA
2026-06-23 19:59:58;500769;SAO GABRIEL DO OESTE;6354265;CENTRAL DE REGULACAO DE SAO GABRIEL DO OESTE;500769;SAO GABRIEL DO OESTE;1;1;2026-06-18 14:12:12;3500000;TOMOGRAFIA COMPUTADORIZADA DE PELVE / BACIA / ABDOMEN INFERIOR;3500000;GRUPO - TOMOGRAFIA COMPUTADORIZADA;0206030037;TOMOGRAFIA COMPUTADORIZADA DE PELVE / BACIA / ABDOMEN INFERIOR;VENANCIA RIOS;1955-04-10;APARECIDA RIOS;705000848519359;01926980107;FEMININO;674292877;4;135;16;4050;1;C82;LINFOMA NAO-HODGKIN, FOLICULAR (NODULAR)
2026-06-23 19:59:58;500769;SAO GABRIEL DO OESTE;6354265;CENTRAL DE REGULACAO DE SAO GABRIEL DO OESTE;500769;SAO GABRIEL DO OESTE;1;1;2026-04-22 09:19:39;3500000;TOMOGRAFIA COMPUTADORIZADA  DE PELVE / BACIA/ ABDOMEN INFERIOR COM CONTRASTE;3500000;GRUPO - TOMOGRAFIA COMPUTADORIZADA;0206030037;TOMOGRAFIA COMPUTADORIZADA DE PELVE / BACIA / ABDOMEN INFERIOR;ANDERSON CARLOS DA SILVA NARCISO;1984-10-04;JOSEFA DA SILVA NARCISO;700502902380852;76817024234;MASCULINO;663160888;4;32;16;576;2;K76;OUTRAS DOENCAS DO FIGADO
2026-06-23 19:59:58;500769;SAO GABRIEL DO OESTE;6354265;CENTRAL DE REGULACAO DE SAO GABRIEL DO OESTE;500769;SAO GABRIEL DO OESTE;1;1;2026-04-22 09:16:00;3500000;TOMOGRAFIA COMPUTADORIZADA  DE PELVE / BACIA/ ABDOMEN INFERIOR COM CONTRASTE;3500000;GRUPO - TOMOGRAFIA COMPUTADORIZADA;0206030037;TOMOGRAFIA COMPUTADORIZADA DE PELVE / BACIA / ABDOMEN INFERIOR;AURENI MOREIRA DA SILVA;1975-03-13;MATILDE MOREIRA DA CONCEICAO;709007830073218;93306717134;FEMININO;663158527;4;31;16;558;2;S399;TRAUMATISMO NAO ESPECIFICADO DO ABDOME, DO DORSO E DA PELVE 
2026-06-23 19:59:58;500769;SAO GABRIEL DO OESTE;6354265;CENTRAL DE REGULACAO DE SAO GABRIEL DO OESTE;500769;SAO GABRIEL DO OESTE;1;1;2026-04-21 10:39:42;3500000;TOMOGRAFIA COMPUTADORIZADA  DE PELVE / BACIA/ ABDOMEN INFERIOR COM CONTRASTE;3500000;GRUPO - TOMOGRAFIA COMPUTADORIZADA;0206030037;TOMOGRAFIA COMPUTADORIZADA DE PELVE / BACIA / ABDOMEN INFERIOR;LUCIA LEITE PEREIRA PINTO;1971-10-26;ILZA LEITE PEREIRA DA COSTA;700303960834332;62259377149;FEMININO;663094587;4;28;16;504;2;R103;DOR LOCALIZADA EM OUTRAS PARTES DO ABDOME INFERIOR 
2026-06-23 19:59:58;500769;SAO GABRIEL DO OESTE;6354265;CENTRAL DE REGULACAO DE SAO GABRIEL DO OESTE;500769;SAO GABRIEL DO OESTE;1;1;2026-04-21 09:25:28;3500000;TOMOGRAFIA COMPUTADORIZADA  DE PELVE / BACIA/ ABDOMEN INFERIOR COM CONTRASTE;3500000;GRUPO - TOMOGRAFIA COMPUTADORIZADA;0206030037;TOMOGRAFIA COMPUTADORIZADA DE PELVE / BACIA / ABDOMEN INFERIOR;MIRIAN DE CAMPOS FERREIRA;1961-11-27;ROSA DA CUNHA VASCONCELOS;706408387280690;55501311100;FEMININO;663093465;4;26;16;468;2;K559;TRANSTORNO VASCULAR DO INTESTINO, SEM OUTRA ESPECIFICACAO 
2026-06-23 19:59:58;500769;SAO GABRIEL DO OESTE;6354265;CENTRAL DE REGULACAO DE SAO GABRIEL DO OESTE;500769;SAO GABRIEL DO OESTE;1;1;2026-04-09 15:35:13;3500000;TOMOGRAFIA COMPUTADORIZADA  DE PELVE / BACIA/ ABDOMEN INFERIOR COM CONTRASTE;3500000;GRUPO - TOMOGRAFIA COMPUTADORIZADA;0206030037;TOMOGRAFIA COMPUTADORIZADA DE PELVE / BACIA / ABDOMEN INFERIOR;MARIA IFRAN ESCOBAR;1957-08-28;INES CRISTALDO;704002313228867;66152291100;FEMININO;661222736;4;21;16;378;2;N20;CALCULOSE DO RIM E DO URETER
2026-06-23 19:59:58;500769;SAO GABRIEL DO OESTE;6354265;CENTRAL DE REGULACAO DE SAO GABRIEL DO OESTE;500769;SAO GABRIEL DO OESTE;1;1;2026-04-09 14:26:21;3500000;TOMOGRAFIA COMPUTADORIZADA  DE PELVE / BACIA/ ABDOMEN INFERIOR COM CONTRASTE;3500000;GRUPO - TOMOGRAFIA COMPUTADORIZADA;0206030037;TOMOGRAFIA COMPUTADORIZADA DE PELVE / BACIA / ABDOMEN INFERIOR;PATRICIA DOMINGOS DE CARVALHO ORTEGA;1977-10-03;SANDRA DOMINGOS DE CARVALHO;705006076191754;84680946172;FEMININO;661189021;4;17;16;306;2;N133;OUTRAS HIDRONEFROSES E AS NAO ESPECIFICADAS 
2026-06-23 19:59:58;500769;SAO GABRIEL DO OESTE;6354265;CENTRAL DE REGULACAO DE SAO GABRIEL DO OESTE;500769;SAO GABRIEL DO OESTE;1;1;2026-04-22 10:48:18;3500000;TOMOGRAFIA COMPUTADORIZADA  DE PELVE / BACIA/ ABDOMEN INFERIOR COM CONTRASTE;3500000;GRUPO - TOMOGRAFIA COMPUTADORIZADA;0206030037;TOMOGRAFIA COMPUTADORIZADA DE PELVE / BACIA / ABDOMEN INFERIOR;GERSON BOGARIM GONCALVES;1970-05-30;ALADIA MARGARIDA BOGARIM GONCALVES;708609061406484;46456392187;MASCULINO;663218223;3;13;16;234;2;K460;HERNIA ABDOMINAL NAO ESPECIFICADA, COM OBSTRUCAO, SEM GANGRENA 
2026-06-23 19:59:58;500769;SAO GABRIEL DO OESTE;6354265;CENTRAL DE REGULACAO DE SAO GABRIEL DO OESTE;500769;SAO GABRIEL DO OESTE;1;1;2026-04-21 10:52:35;3500000;TOMOGRAFIA COMPUTADORIZADA  DE PELVE / BACIA/ ABDOMEN INFERIOR COM CONTRASTE;3500000;GRUPO - TOMOGRAFIA COMPUTADORIZADA;0206030037;TOMOGRAFIA COMPUTADORIZADA DE PELVE / BACIA / ABDOMEN INFERIOR;MARIA FRANCISCA DA SILVA;1952-04-18;DIONIZIA FRANCISCA DE MEIRA;709605686368174;78985757172;FEMININO;663094856;3;10;16;180;2;K21;DOENCA DE REFLUXO GASTROESOFAGICO
2026-06-23 19:59:58;500769;SAO GABRIEL DO OESTE;6354265;CENTRAL DE REGULACAO DE SAO GABRIEL DO OESTE;500769;SAO GABRIEL DO OESTE;1;1;2026-04-21 10:34:35;3500000;TOMOGRAFIA COMPUTADORIZADA  DE PELVE / BACIA/ ABDOMEN INFERIOR COM CONTRASTE;3500000;GRUPO - TOMOGRAFIA COMPUTADORIZADA;0206030037;TOMOGRAFIA COMPUTADORIZADA DE PELVE / BACIA / ABDOMEN INFERIOR;CREUDES PIRES;1952-01-10;ALTINA DIAS;702001850565180;44480270159;FEMININO;663094495;3;9;16;162;2;C349;BRONQUIOS OU PULMOES, NAO ESPECIFICADO 
2026-06-23 19:59:58;500769;SAO GABRIEL DO OESTE;6354265;CENTRAL DE REGULACAO DE SAO GABRIEL DO OESTE;500769;SAO GABRIEL DO OESTE;1;1;2026-04-09 15:31:54;3500000;TOMOGRAFIA COMPUTADORIZADA  DE PELVE / BACIA/ ABDOMEN INFERIOR COM CONTRASTE;3500000;GRUPO - TOMOGRAFIA COMPUTADORIZADA;0206030037;TOMOGRAFIA COMPUTADORIZADA DE PELVE / BACIA / ABDOMEN INFERIOR;MARCIA MICIA VIEIRA;1980-02-10;MARIA MICIA DA SILVA;705603458508414;01789254116;FEMININO;661221129;3;8;16;144;2;N39;OUTROS TRANSTORNOS DO TRATO URINARIO
2026-06-23 19:59:58;500769;SAO GABRIEL DO OESTE;6354265;CENTRAL DE REGULACAO DE SAO GABRIEL DO OESTE;500769;SAO GABRIEL DO OESTE;1;1;2026-04-08 15:59:01;3500000;TOMOGRAFIA COMPUTADORIZADA  DE PELVE / BACIA/ ABDOMEN INFERIOR COM CONTRASTE;3500000;GRUPO - TOMOGRAFIA COMPUTADORIZADA;0206030037;TOMOGRAFIA COMPUTADORIZADA DE PELVE / BACIA / ABDOMEN INFERIOR;IZOLINA ROSA PEREIRA;1959-12-26;ANNA ROSA PERIRA RIBEIRO;705006662105657;01853375110;FEMININO;660959337;3;5;16;90;2;J449;DOENCA PULMONAR OBSTRUTIVA CRONICA NAO ESPECIFICADA 
2026-06-23 19:59:58;500769;SAO GABRIEL DO OESTE;6354265;CENTRAL DE REGULACAO DE SAO GABRIEL DO OESTE;500769;SAO GABRIEL DO OESTE;1;1;2026-04-23 10:12:19;3500000;TOMOGRAFIA COMPUTADORIZADA  DE PELVE / BACIA/ ABDOMEN INFERIOR COM CONTRASTE;3500000;GRUPO - TOMOGRAFIA COMPUTADORIZADA;0206030037;TOMOGRAFIA COMPUTADORIZADA DE PELVE / BACIA / ABDOMEN INFERIOR;OTAMIRA EVANGELISTA DE LIMA;1946-04-02;FAUSTINA MARIA DA CRUZ;700000306023703;27255905153;FEMININO;663483010;4;61;16;1098;2;R103;DOR LOCALIZADA EM OUTRAS PARTES DO ABDOME INFERIOR 
2026-06-23 19:59:58;500769;SAO GABRIEL DO OESTE;6354265;CENTRAL DE REGULACAO DE SAO GABRIEL DO OESTE;500769;SAO GABRIEL DO OESTE;1;1;2026-04-22 17:38:58;3500000;TOMOGRAFIA COMPUTADORIZADA  DE PELVE / BACIA/ ABDOMEN INFERIOR COM CONTRASTE;3500000;GRUPO - TOMOGRAFIA COMPUTADORIZADA;0206030037;TOMOGRAFIA COMPUTADORIZADA DE PELVE / BACIA / ABDOMEN INFERIOR;MARIA DE LOURDES DA SILVA VIEIRA;1958-09-27;MARIA PEREIRA DA SILVA;703405880488700;44594020178;FEMININO;663390259;4;53;16;954;2;R10;DOR ABDOMINAL E PELVICA
2026-06-23 19:59:58;500769;SAO GABRIEL DO OESTE;6354265;CENTRAL DE REGULACAO DE SAO GABRIEL DO OESTE;500769;SAO GABRIEL DO OESTE;1;1;2026-04-22 14:43:56;3500000;TOMOGRAFIA COMPUTADORIZADA  DE PELVE / BACIA/ ABDOMEN INFERIOR COM CONTRASTE;3500000;GRUPO - TOMOGRAFIA COMPUTADORIZADA;0206030037;TOMOGRAFIA COMPUTADORIZADA DE PELVE / BACIA / ABDOMEN INFERIOR;LUIZ SADI POLGA;1948-08-30;ANGELINA POLETO POLGA;703000840857976;28494423991;MASCULINO;663318436;4;47;16;846;2;D376;FIGADO, VESICULA BILIAR E VIAS BILIARES 
2026-06-23 19:59:58;500769;SAO GABRIEL DO OESTE;6354265;CENTRAL DE REGULACAO DE SAO GABRIEL DO OESTE;500769;SAO GABRIEL DO OESTE;1;1;2026-04-22 11:06:10;3500000;TOMOGRAFIA COMPUTADORIZADA  DE PELVE / BACIA/ ABDOMEN INFERIOR COM CONTRASTE;3500000;GRUPO - TOMOGRAFIA COMPUTADORIZADA;0206030037;TOMOGRAFIA COMPUTADORIZADA DE PELVE / BACIA / ABDOMEN INFERIOR;GLEICE SOARES DE SOUZA;1979-02-28;MARCIA INACIO MONTEIRO;704705774357334;92307493115;FEMININO;663229546;4;41;16;738;2;D309;ORGAO URINARIO, NAO ESPECIFICADO 
2026-06-23 19:59:58;500769;SAO GABRIEL DO OESTE;6354265;CENTRAL DE REGULACAO DE SAO GABRIEL DO OESTE;500769;SAO GABRIEL DO OESTE;1;1;2026-06-17 08:48:08;3500000;TOMOGRAFIA COMPUTADORIZADA  DE PELVE / BACIA/ ABDOMEN INFERIOR COM CONTRASTE;3500000;GRUPO - TOMOGRAFIA COMPUTADORIZADA;0206030037;TOMOGRAFIA COMPUTADORIZADA DE PELVE / BACIA / ABDOMEN INFERIOR;MARCOS VINICIUS LOPES BEZERRA;1995-12-14;IZOLDA APARECIDA LOPES LOMBA BEZERRA;708207113900540;05480422170;MASCULINO;673879397;4;124;16;2232;2;H200;IRIDOCICLITE AGUDA E SUBAGUDA 
2026-06-23 19:59:58;500769;SAO GABRIEL DO OESTE;3400964;UNIDADE DE SAUDE DA FAMILIA RURAL VII;500769;SAO GABRIEL DO OESTE;1;1;2026-06-16 14:55:03;3500000;TOMOGRAFIA COMPUTADORIZADA  DE PELVE / BACIA/ ABDOMEN INFERIOR COM CONTRASTE;3500000;GRUPO - TOMOGRAFIA COMPUTADORIZADA;0206030037;TOMOGRAFIA COMPUTADORIZADA DE PELVE / BACIA / ABDOMEN INFERIOR;LEONIDAS RODRIGUES DA SILVA;1980-04-03;MARIA MADALENA DA CRUZ RODRIGUES;700009393209906;94740542153;MASCULINO;673770842;4;122;16;2196;2;R59;AUMENTO DE VOLUME DOS GANGLIOS LINFATICOS
2026-06-23 19:59:58;500769;SAO GABRIEL DO OESTE;2591359;UNIDADE DE SAUDE DA FAMILIA V;500769;SAO GABRIEL DO OESTE;1;1;2026-05-26 11:04:46;3500000;TOMOGRAFIA COMPUTADORIZADA  DE PELVE / BACIA/ ABDOMEN INFERIOR COM CONTRASTE;3500000;GRUPO - TOMOGRAFIA COMPUTADORIZADA;0206030037;TOMOGRAFIA COMPUTADORIZADA DE PELVE / BACIA / ABDOMEN INFERIOR;VILMA FERNANDES DOS SANTOS;1980-01-04;RAMONA ALVES SILVA DOS SANTOS;703402215676219;01431882160;FEMININO;669805418;4;100;16;1800;2;R161;ESPLENOMEGALIA NAO CLASSIFICADA EM OUTRA PARTE 
2026-06-23 19:59:58;500769;SAO GABRIEL DO OESTE;6354265;CENTRAL DE REGULACAO DE SAO GABRIEL DO OESTE;500769;SAO GABRIEL DO OESTE;1;1;2026-05-25 14:17:00;3500000;TOMOGRAFIA COMPUTADORIZADA  DE PELVE / BACIA/ ABDOMEN INFERIOR COM CONTRASTE;3500000;GRUPO - TOMOGRAFIA COMPUTADORIZADA;0206030037;TOMOGRAFIA COMPUTADORIZADA DE PELVE / BACIA / ABDOMEN INFERIOR;JUCILENE DE SOUZA;1971-12-03;AIR PEREIRA DE SOUZA;705405497607898;56186185168;FEMININO;669583309;4;97;16;1746;2;K30;DISPEPSIA 
2026-06-23 19:59:58;500769;SAO GABRIEL DO OESTE;6354265;CENTRAL DE REGULACAO DE SAO GABRIEL DO OESTE;500769;SAO GABRIEL DO OESTE;1;1;2026-06-23 09:31:22;3500000;TOMOGRAFIA COMPUTADORIZADA  DE PELVE / BACIA/ ABDOMEN INFERIOR COM CONTRASTE;3500000;GRUPO - TOMOGRAFIA COMPUTADORIZADA;0206030037;TOMOGRAFIA COMPUTADORIZADA DE PELVE / BACIA / ABDOMEN INFERIOR;ELSO CAETANO DOS SANTOS;1983-01-14;MARIA MADALENA DOS SANTOS;708501318296175;00098271105;MASCULINO;674952069;4;147;16;2646;2;R101;DOR LOCALIZADA NO ABDOME SUPERIOR 
2026-06-23 19:59:58;500769;SAO GABRIEL DO OESTE;6354265;CENTRAL DE REGULACAO DE SAO GABRIEL DO OESTE;500769;SAO GABRIEL DO OESTE;1;1;2026-06-22 08:40:33;3500000;TOMOGRAFIA COMPUTADORIZADA  DE PELVE / BACIA/ ABDOMEN INFERIOR COM CONTRASTE;3500000;GRUPO - TOMOGRAFIA COMPUTADORIZADA;0206030037;TOMOGRAFIA COMPUTADORIZADA DE PELVE / BACIA / ABDOMEN INFERIOR;RUAN CENTURIAO DOS SANTOS;2011-06-13;ARYELI CENTURIAO ROCHA;704201283195289;08103164127;MASCULINO;674662241;4;143;16;2574;2;R104;OUTRAS DORES ABDOMINAIS E AS NAO ESPECIFICADAS 
2026-06-23 19:59:58;500769;SAO GABRIEL DO OESTE;6354265;CENTRAL DE REGULACAO DE SAO GABRIEL DO OESTE;500769;SAO GABRIEL DO OESTE;1;1;2026-06-18 10:48:11;3500000;TOMOGRAFIA COMPUTADORIZADA  DE PELVE / BACIA/ ABDOMEN INFERIOR COM CONTRASTE;3500000;GRUPO - TOMOGRAFIA COMPUTADORIZADA;0206030037;TOMOGRAFIA COMPUTADORIZADA DE PELVE / BACIA / ABDOMEN INFERIOR;VERA LUCIA BORGES LEAL;1959-04-30;CLEUZA BORGES LEAL;705806468389036;58344942268;FEMININO;674215312;4;130;16;2340;2;N281;CISTO DO RIM, ADQUIRIDO 
2026-06-23 19:59:58;500769;SAO GABRIEL DO OESTE;6354265;CENTRAL DE REGULACAO DE SAO GABRIEL DO OESTE;500769;SAO GABRIEL DO OESTE;1;1;2026-04-09 15:21:57;3500000;TOMOGRAFIA COMPUTADORIZADA COLUNA CERVICAL COM CONTRASTE;3500000;GRUPO - TOMOGRAFIA COMPUTADORIZADA;0206010010;TOMOGRAFIA COMPUTADORIZADA DE COLUNA CERVICAL C/ OU S/ CONTRASTE;MATHEUS SOUZA MATOS;2021-01-20;JAQUELINE SILVA DE SOUZA;706404335640390;11038182107;MASCULINO;661216231;3;7;9;630;0;Q758;OUTRAS MALFORMACOES CONGENITAS ESPECIFICADAS DOS OSSOS DO CRANIO E DA FACE 
2026-06-23 19:59:58;500769;SAO GABRIEL DO OESTE;6354265;CENTRAL DE REGULACAO DE SAO GABRIEL DO OESTE;500769;SAO GABRIEL DO OESTE;1;1;2026-04-09 14:01:38;3500000;TOMOGRAFIA COMPUTADORIZADA DE COLUNA LOMBO-SACRA;3500000;GRUPO - TOMOGRAFIA COMPUTADORIZADA;0206010028;TOMOGRAFIA COMPUTADORIZADA DE COLUNA LOMBO-SACRA C/ OU S/ CONTRASTE;MARIA ZILDA FURTADO;1976-05-08;FRANCISCA DE FATIMA FURTADO;703008837669673;97495328134;FEMININO;661178610;4;16;11;1440;0;M545;DOR LOMBAR BAIXA 
2026-06-23 19:59:58;500769;SAO GABRIEL DO OESTE;6354265;CENTRAL DE REGULACAO DE SAO GABRIEL DO OESTE;500769;SAO GABRIEL DO OESTE;1;1;2026-04-23 11:02:08;3500000;TOMOGRAFIA COMPUTADORIZADA DE COLUNA LOMBO-SACRA;3500000;GRUPO - TOMOGRAFIA COMPUTADORIZADA;0206010028;TOMOGRAFIA COMPUTADORIZADA DE COLUNA LOMBO-SACRA C/ OU S/ CONTRASTE;SILVANA PEREIRA DA SILVA;1979-12-25;MARIA DAS VIRGENS DO AMARAL SILVA;704303509381690;03227483130;FEMININO;663512121;4;66;11;5940;0;M545;DOR LOMBAR BAIXA 
2026-06-23 19:59:58;500769;SAO GABRIEL DO OESTE;6354265;CENTRAL DE REGULACAO DE SAO GABRIEL DO OESTE;500769;SAO GABRIEL DO OESTE;1;1;2026-06-09 17:05:36;3500000;TOMOGRAFIA COMPUTADORIZADA DE COLUNA LOMBO-SACRA;3500000;GRUPO - TOMOGRAFIA COMPUTADORIZADA;0206010028;TOMOGRAFIA COMPUTADORIZADA DE COLUNA LOMBO-SACRA C/ OU S/ CONTRASTE;NANCY LEDA MANSO CUNHA;1951-10-01;DOLORES MANSO CUNHA;701800242315270;23951028149;FEMININO;672435329;4;113;11;10170;0;M545;DOR LOMBAR BAIXA 
2026-06-23 19:59:58;500769;SAO GABRIEL DO OESTE;2370999;UNIDADE DE SAUDE DA FAMILIA FENIX IV;500769;SAO GABRIEL DO OESTE;1;1;2026-06-22 09:14:36;3500000;TOMOGRAFIA COMPUTADORIZADA DE COLUNA LOMBO-SACRA;3500000;GRUPO - TOMOGRAFIA COMPUTADORIZADA;0206010028;TOMOGRAFIA COMPUTADORIZADA DE COLUNA LOMBO-SACRA C/ OU S/ CONTRASTE;HELIO VILASBOAS;1980-01-15;IRACY FERREIRA DA SILVA;700002099193406;90581695100;MASCULINO;674679424;4;145;11;13050;0;M545;DOR LOMBAR BAIXA 
2026-06-23 19:59:58;500769;SAO GABRIEL DO OESTE;6354265;CENTRAL DE REGULACAO DE SAO GABRIEL DO OESTE;500769;SAO GABRIEL DO OESTE;1;1;2026-04-08 15:43:09;3500000;TOMOGRAFIA COMPUTADORIZADA DE COLUNA TORACICA;3500000;GRUPO - TOMOGRAFIA COMPUTADORIZADA;0206010036;TOMOGRAFIA COMPUTADORIZADA DE COLUNA TORACICA C/ OU S/ CONTRASTE;JHONATAN DELGADO DA COSTA;2024-01-10;ANDRESSA CRISTINA DELGADO MACHADO;705001014741853;12133118101;MASCULINO;660952205;3;3;14;90;1;M418;OUTRAS FORMAS DE ESCOLIOSE 
2026-06-23 19:59:58;500769;SAO GABRIEL DO OESTE;6452116;CENTRO DE ESPECIALIDADES MEDICAS;500769;SAO GABRIEL DO OESTE;0;1;2026-06-23 14:55:10;3516007;CONSULTA EM UROLOGIA - GERAL;;;0301010072;CONSULTA MEDICA EM ATENÇÃO ESPECIALIZADA;ALEX FERNANDO EDUARDO;1985-09-12;ELIZ REGINA DE PAULO EDUARDO;707809654608515;33042757897;MASCULINO;675083571;4;14;32;11;37;Z00;EXAME GERAL E INVESTIGACAO DE PESSOAS SEM QUEIXAS OU DIAGNOSTICO RELATADO
2026-06-23 19:59:58;500769;SAO GABRIEL DO OESTE;6452116;CENTRO DE ESPECIALIDADES MEDICAS;500769;SAO GABRIEL DO OESTE;0;1;2026-06-23 09:55:23;3516007;CONSULTA EM UROLOGIA - GERAL;;;0301010072;CONSULTA MEDICA EM ATENÇÃO ESPECIALIZADA;MIGUEL CORREIA FERREIRA;2017-05-18;NAIARA FERNANDA ROSA CORREIA;704604684235426;08473162110;MASCULINO;674965282;4;13;32;11;37;Z016;EXAME RADIOLOGICO NAO CLASSIFICADO EM OUTRA PARTE 
2026-06-23 19:59:58;500769;SAO GABRIEL DO OESTE;6452116;CENTRO DE ESPECIALIDADES MEDICAS;500769;SAO GABRIEL DO OESTE;0;1;2026-06-19 11:09:20;3516007;CONSULTA EM UROLOGIA - GERAL;;;0301010072;CONSULTA MEDICA EM ATENÇÃO ESPECIALIZADA;LUCAS KAUAN ALVES DA SILVA PORTUGAL;2012-05-07;SARA MARIA ALVES PORTUGAL;704806040734140;11289617171;MASCULINO;674485837;4;12;32;10;37;Z016;EXAME RADIOLOGICO NAO CLASSIFICADO EM OUTRA PARTE 
2026-06-23 19:59:58;500769;SAO GABRIEL DO OESTE;7333218;UNIDADE DE SAUDE DA FAMILIA X;500769;SAO GABRIEL DO OESTE;0;1;2026-06-18 11:20:03;3516007;CONSULTA EM UROLOGIA - GERAL;;;0301010072;CONSULTA MEDICA EM ATENÇÃO ESPECIALIZADA;JOAO MANUEL DOS SANTOS;1955-06-12;MARIA MANUEL DOS SANTOS;700307922258838;17020999468;MASCULINO;674233587;4;11;32;9;37;N40;HIPERPLASIA DA PROSTATA 
2026-06-23 19:59:58;500769;SAO GABRIEL DO OESTE;7002084;UNIDADE DE SAUDE DA FAMILIA IX;500769;SAO GABRIEL DO OESTE;0;1;2026-06-18 09:57:25;3516007;CONSULTA EM UROLOGIA - GERAL;;;0301010072;CONSULTA MEDICA EM ATENÇÃO ESPECIALIZADA;ARACILDO BUENO DE LIMA;1984-09-10;ADILEUSA APARECIDA RODRIGUES;700409411416846;00000420131;MASCULINO;674183640;4;10;32;8;37;N211;CALCULO URETRAL 
2026-06-23 19:59:58;500769;SAO GABRIEL DO OESTE;6452116;CENTRO DE ESPECIALIDADES MEDICAS;500769;SAO GABRIEL DO OESTE;0;1;2026-06-18 09:18:36;3516007;CONSULTA EM UROLOGIA - GERAL;;;0301010072;CONSULTA MEDICA EM ATENÇÃO ESPECIALIZADA;CASSEMIRO SEGATTO;1939-09-25;VERONICA SOMAVILA SEGATTO;706307775760479;35811382049;MASCULINO;674160276;4;9;32;7;37;Z016;EXAME RADIOLOGICO NAO CLASSIFICADO EM OUTRA PARTE 
2026-06-23 19:59:58;500769;SAO GABRIEL DO OESTE;6452116;CENTRO DE ESPECIALIDADES MEDICAS;500769;SAO GABRIEL DO OESTE;0;1;2026-06-17 10:14:50;3516007;CONSULTA EM UROLOGIA - GERAL;;;0301010072;CONSULTA MEDICA EM ATENÇÃO ESPECIALIZADA;CAMILA GUERIN ZANON;1994-07-31;LOVANIR KUHN GUERIN;703206656092796;03412389102;FEMININO;673930480;4;8;32;6;37;Z016;EXAME RADIOLOGICO NAO CLASSIFICADO EM OUTRA PARTE 
2026-06-23 19:59:58;500769;SAO GABRIEL DO OESTE;7333218;UNIDADE DE SAUDE DA FAMILIA X;500769;SAO GABRIEL DO OESTE;0;1;2026-06-17 08:21:02;3516007;CONSULTA EM UROLOGIA - GERAL;;;0301010072;CONSULTA MEDICA EM ATENÇÃO ESPECIALIZADA;DIEGO ALEX ZATTI;1980-09-12;MARIA MARILENE ZATTI;700002600812703;79846815115;MASCULINO;673866049;4;7;32;6;37;Z000;EXAME MEDICO GERAL 
2026-06-23 19:59:58;500769;SAO GABRIEL DO OESTE;6452116;CENTRO DE ESPECIALIDADES MEDICAS;500769;SAO GABRIEL DO OESTE;0;1;2026-06-16 15:38:30;3516007;CONSULTA EM UROLOGIA - GERAL;;;0301010072;CONSULTA MEDICA EM ATENÇÃO ESPECIALIZADA;VINICIUS FLORENTINO BORIN;2014-12-14;BEATRIZ FLORENTINO COSTA;702908505485370;15106550939;MASCULINO;673791799;4;6;32;5;37;Z016;EXAME RADIOLOGICO NAO CLASSIFICADO EM OUTRA PARTE 
2026-06-23 19:59:58;500769;SAO GABRIEL DO OESTE;6452116;CENTRO DE ESPECIALIDADES MEDICAS;500769;SAO GABRIEL DO OESTE;0;1;2026-06-16 08:24:53;3516007;CONSULTA EM UROLOGIA - GERAL;;;0301010072;CONSULTA MEDICA EM ATENÇÃO ESPECIALIZADA;ARNALDO FELIX DA SILVA;1958-03-06;MARIA DE DEUS DA SILVA;706902163063238;35667664100;MASCULINO;673580079;4;5;32;4;37;Z016;EXAME RADIOLOGICO NAO CLASSIFICADO EM OUTRA PARTE 
2026-06-23 19:59:58;500769;SAO GABRIEL DO OESTE;6452116;CENTRO DE ESPECIALIDADES MEDICAS;500769;SAO GABRIEL DO OESTE;0;1;2026-06-15 11:39:55;3516007;CONSULTA EM UROLOGIA - GERAL;;;0301010072;CONSULTA MEDICA EM ATENÇÃO ESPECIALIZADA;JESUE MARIA MARQUES VIANNA;1938-01-18;MARIA MARQUES VIANNA;700106465895920;10630171149;MASCULINO;673409778;4;4;32;3;37;Z016;EXAME RADIOLOGICO NAO CLASSIFICADO EM OUTRA PARTE 
2026-06-23 19:59:58;500769;SAO GABRIEL DO OESTE;7333218;UNIDADE DE SAUDE DA FAMILIA X;500769;SAO GABRIEL DO OESTE;0;1;2026-06-15 09:26:54;3516007;CONSULTA EM UROLOGIA - GERAL;;;0301010072;CONSULTA MEDICA EM ATENÇÃO ESPECIALIZADA;JOAO VERDEZITE SENCAO;1956-06-19;IRACY MARCOLINO;707809643310110;06878529867;MASCULINO;673327243;4;3;32;2;37;N40;HIPERPLASIA DA PROSTATA 
2026-06-23 19:59:58;500769;SAO GABRIEL DO OESTE;6452116;CENTRO DE ESPECIALIDADES MEDICAS;500769;SAO GABRIEL DO OESTE;0;1;2026-06-15 09:04:03;3516007;CONSULTA EM UROLOGIA - GERAL;;;0301010072;CONSULTA MEDICA EM ATENÇÃO ESPECIALIZADA;VITALINO ANTONIO SMANIOTTO;1960-05-22;EMA SOMAVILLA SMANIOTTO;709706088151090;35806427072;MASCULINO;673313582;4;2;32;2;37;Z00;EXAME GERAL E INVESTIGACAO DE PESSOAS SEM QUEIXAS OU DIAGNOSTICO RELATADO
2026-06-23 19:59:58;500769;SAO GABRIEL DO OESTE;2370999;UNIDADE DE SAUDE DA FAMILIA FENIX IV;500769;SAO GABRIEL DO OESTE;0;1;2026-06-15 14:56:28;3516007;CONSULTA EM UROLOGIA - GERAL;;;0301010072;CONSULTA MEDICA EM ATENÇÃO ESPECIALIZADA;EDILSON MARTINS GOMES;1975-08-14;ABIGAIR MARTINS GOMES;706300742841279;86141694187;MASCULINO;673483037;3;1;32;1;37;Q61;DOENCAS CISTICAS DO RIM
2026-06-23 19:59:58;500769;SAO GABRIEL DO OESTE;8176132;CASA ROSA;500769;SAO GABRIEL DO OESTE;1;1;2026-06-19 16:23:35;3904001;AUDIOMETRIA;;;0211070041;AUDIOMETRIA TONAL LIMIAR (VIA AEREA / OSSEA);ANTONIO MENDES DE MOURA NETO;1975-03-17;RITA LUISA DE CARVALHO;700606499377561;00810594188;MASCULINO;674587634;4;5;12;28;5;Z00;EXAME GERAL E INVESTIGACAO DE PESSOAS SEM QUEIXAS OU DIAGNOSTICO RELATADO
2026-06-23 19:59:58;500769;SAO GABRIEL DO OESTE;2370972;UNIDADE DE SAUDE DA FAMILIA MILANE II;500769;SAO GABRIEL DO OESTE;1;1;2026-06-19 09:37:22;3904001;AUDIOMETRIA;;;0211070041;AUDIOMETRIA TONAL LIMIAR (VIA AEREA / OSSEA);MARIA BENEDITA DA SILVA;1974-04-21;ANTONIA BERNARDO DA SILVA;706208062867864;06448074406;FEMININO;674437262;4;4;12;22;5;H91;OUTRAS PERDAS DE AUDICAO
2026-06-23 19:59:58;500769;SAO GABRIEL DO OESTE;8176132;CASA ROSA;500769;SAO GABRIEL DO OESTE;1;1;2026-06-19 08:32:33;3904001;AUDIOMETRIA;;;0211070041;AUDIOMETRIA TONAL LIMIAR (VIA AEREA / OSSEA);HEITOR BORGES DE FREITAS AZEVEDO;2018-09-04;ANGELITA LUZIA BORGES;702107758386091;09546686182;MASCULINO;674406788;4;3;12;17;5;Z001;EXAME DE ROTINA DE SAUDE DA CRIANCA 
2026-06-23 19:59:58;500769;SAO GABRIEL DO OESTE;7333218;UNIDADE DE SAUDE DA FAMILIA X;500769;SAO GABRIEL DO OESTE;1;1;2026-06-12 09:59:05;3904001;AUDIOMETRIA;;;0211070041;AUDIOMETRIA TONAL LIMIAR (VIA AEREA / OSSEA);CLEUSA CARVALHO DE OLIVEIRA;1959-03-07;LAZARA CARVALHO DE OLIVEIRA;708205143659440;32024316840;FEMININO;673081345;4;2;12;11;5;Z000;EXAME MEDICO GERAL 
2026-06-23 19:59:58;500769;SAO GABRIEL DO OESTE;6354265;CENTRAL DE REGULACAO DE SAO GABRIEL DO OESTE;500769;SAO GABRIEL DO OESTE;1;1;2026-06-10 10:23:40;3904001;AUDIOMETRIA;;;0211070041;AUDIOMETRIA TONAL LIMIAR (VIA AEREA / OSSEA);EDUARDO AMORIM DE OLIVEIRA;2014-11-25;MARCIA CLAUDIA SILVA AMORIM;708405209502569;09608485177;MASCULINO;672545803;4;1;12;6;5;H906;PERDA DE AUDICAO BILATERAL MISTA, DE CONDUCAO E NEURO-SENSORIAL 
2026-06-23 19:59:58;500769;SAO GABRIEL DO OESTE;6354265;CENTRAL DE REGULACAO DE SAO GABRIEL DO OESTE;500769;SAO GABRIEL DO OESTE;2;1;2026-06-22 16:34:47;0031017;CAPSULOTOMIA A YAG LASER;;;0405050020;CAPSULOTOMIA A YAG LASER;GERALDO OTAVIANO;1963-03-22;MARIA ANTONIA DE SOUZA;702606245909444;47412267949;MASCULINO;674871864;4;13;;;;H264;POS-CATARATA 
2026-06-23 19:59:58;500769;SAO GABRIEL DO OESTE;6354265;CENTRAL DE REGULACAO DE SAO GABRIEL DO OESTE;500769;SAO GABRIEL DO OESTE;2;1;2026-06-22 11:44:15;0031017;CAPSULOTOMIA A YAG LASER;;;0405050020;CAPSULOTOMIA A YAG LASER;OLGA MADALENA BORDIGNON;1953-02-07;ANGELINA BORDIGNON;706203567448163;81349963100;FEMININO;674763710;4;12;;;;H264;POS-CATARATA 
2026-06-23 19:59:58;500769;SAO GABRIEL DO OESTE;6354265;CENTRAL DE REGULACAO DE SAO GABRIEL DO OESTE;500769;SAO GABRIEL DO OESTE;2;1;2026-06-16 17:58:20;0031017;CAPSULOTOMIA A YAG LASER;;;0405050020;CAPSULOTOMIA A YAG LASER;DAVID ANTONIO FERREIRA DE OLIVEIRA;1960-06-12;OSMILDA FERREIRA DE OLIVEIRA;708406266225669;19993102172;MASCULINO;673835574;4;11;;;;H264;POS-CATARATA 
2026-06-23 19:59:58;500769;SAO GABRIEL DO OESTE;6354265;CENTRAL DE REGULACAO DE SAO GABRIEL DO OESTE;500769;SAO GABRIEL DO OESTE;2;1;2026-06-16 17:50:26;0031017;CAPSULOTOMIA A YAG LASER;;;0405050020;CAPSULOTOMIA A YAG LASER;LUZIA TEIXEIRA DOS SANTOS DA CRUZ;1968-12-25;ALICE MARIA DOS SANTOS LEMOS;700508528305155;00574145133;FEMININO;673834465;4;10;;;;H264;POS-CATARATA 
2026-06-23 19:59:58;500769;SAO GABRIEL DO OESTE;6354265;CENTRAL DE REGULACAO DE SAO GABRIEL DO OESTE;500769;SAO GABRIEL DO OESTE;2;1;2026-06-15 14:41:07;0031017;CAPSULOTOMIA A YAG LASER;;;0405050020;CAPSULOTOMIA A YAG LASER;DIRCE MARTINS DE SOUZA;1947-05-20;RITA FERREIRA MARTINS;702501310228732;00200998196;FEMININO;673475000;4;9;;;;H264;POS-CATARATA 
2026-06-23 19:59:58;500769;SAO GABRIEL DO OESTE;6354265;CENTRAL DE REGULACAO DE SAO GABRIEL DO OESTE;500769;SAO GABRIEL DO OESTE;2;1;2026-06-12 11:22:10;0031017;CAPSULOTOMIA A YAG LASER;;;0405050020;CAPSULOTOMIA A YAG LASER;EULINA ALVES ROSA;1940-10-19;LEONILDA ALVES ROSA;704004304377164;14083078120;FEMININO;673125235;4;8;;;;H264;POS-CATARATA 
2026-06-23 19:59:58;500769;SAO GABRIEL DO OESTE;6354265;CENTRAL DE REGULACAO DE SAO GABRIEL DO OESTE;500769;SAO GABRIEL DO OESTE;2;1;2026-06-11 11:11:31;0031017;CAPSULOTOMIA A YAG LASER;;;0405050020;CAPSULOTOMIA A YAG LASER;EVA FERREIRA DA CONCEICAO;1957-09-08;EVA IZIDORA DE MORAIS;700101424075320;00932648100;FEMININO;672860889;4;7;;;;H264;POS-CATARATA 
2026-06-23 19:59:58;500769;SAO GABRIEL DO OESTE;6354265;CENTRAL DE REGULACAO DE SAO GABRIEL DO OESTE;500769;SAO GABRIEL DO OESTE;2;1;2026-06-10 10:34:44;0031017;CAPSULOTOMIA A YAG LASER;;;0405050020;CAPSULOTOMIA A YAG LASER;LEONTINA URBANO DA SILVA;1949-04-16;MARIA DA NATIVIDADE;703205659957495;00053123964;FEMININO;672553098;4;6;;;;H264;POS-CATARATA 
2026-06-23 19:59:58;500769;SAO GABRIEL DO OESTE;6354265;CENTRAL DE REGULACAO DE SAO GABRIEL DO OESTE;500769;SAO GABRIEL DO OESTE;2;1;2026-06-09 16:42:50;0031017;CAPSULOTOMIA A YAG LASER;;;0405050020;CAPSULOTOMIA A YAG LASER;APARECIDA DE LIMA VIEIRA;1971-03-10;ANTONIA FILO DE LIMA;704507330909818;62327321387;FEMININO;672428517;4;5;;;;H264;POS-CATARATA 
2026-06-23 19:59:58;500769;SAO GABRIEL DO OESTE;6354265;CENTRAL DE REGULACAO DE SAO GABRIEL DO OESTE;500769;SAO GABRIEL DO OESTE;2;1;2026-06-03 14:55:20;0031017;CAPSULOTOMIA A YAG LASER;;;0405050020;CAPSULOTOMIA A YAG LASER;ADEVALDO BENEDITO DE SA;1955-09-08;IRACI CATARINA DE SA;702802654003764;48935557153;MASCULINO;671658173;4;4;;;;H264;POS-CATARATA 
2026-06-23 19:59:58;500769;SAO GABRIEL DO OESTE;6354265;CENTRAL DE REGULACAO DE SAO GABRIEL DO OESTE;500769;SAO GABRIEL DO OESTE;2;1;2026-06-03 14:28:58;0031017;CAPSULOTOMIA A YAG LASER;;;0405050020;CAPSULOTOMIA A YAG LASER;MARIA DAS MERCES DA SILVA OLIVEIRA;1956-07-24;MARIA JOAQUINA DA CRUZ;703400784521900;93812710110;FEMININO;671645182;4;3;;;;H264;POS-CATARATA 
2026-06-23 19:59:58;500769;SAO GABRIEL DO OESTE;6354265;CENTRAL DE REGULACAO DE SAO GABRIEL DO OESTE;500769;SAO GABRIEL DO OESTE;2;1;2026-05-20 15:31:16;0031017;CAPSULOTOMIA A YAG LASER;;;0405050020;CAPSULOTOMIA A YAG LASER;NOEMI TEREZINHA EIBEL BORTOLUZZI;1961-05-07;ANAYR PIERINA EIBEL;702404509052127;89452836172;FEMININO;668797420;4;2;;;;H264;POS-CATARATA 
2026-06-23 19:59:58;500769;SAO GABRIEL DO OESTE;6354265;CENTRAL DE REGULACAO DE SAO GABRIEL DO OESTE;500769;SAO GABRIEL DO OESTE;2;1;2026-05-15 17:30:00;0031017;CAPSULOTOMIA A YAG LASER;;;0405050020;CAPSULOTOMIA A YAG LASER;MARIA AUZENIRA DA SILVA;1949-12-15;ANTONIA ISABEL DE JESUS;708204660974446;02318858144;FEMININO;667956513;4;1;;;;H264;POS-CATARATA 
2026-06-23 19:59:58;500769;SAO GABRIEL DO OESTE;6354265;CENTRAL DE REGULACAO DE SAO GABRIEL DO OESTE;500769;SAO GABRIEL DO OESTE;1;1;2026-04-16 10:47:47;3100000;RESSONANCIA MAGNETICA DE CRANIO COM SEDACAO;3100000;GRUPO - RESSONANCIA MAGNETICA;0207010064;RESSONANCIA MAGNETICA DE CRANIO;ARTHUR SAMUEL REBESCHINI PADILHA;2022-05-28;GESSICA AMANDA REBESCHINI PADILHA;700009737503109;11608585190;MASCULINO;662531490;3;22;;;;F80;TRANSTORNOS ESPECIFICOS DO DESENVOLVIMENTO DA FALA E DA LINGUAGEM
2026-06-23 19:59:58;500769;SAO GABRIEL DO OESTE;6354265;CENTRAL DE REGULACAO DE SAO GABRIEL DO OESTE;500769;SAO GABRIEL DO OESTE;1;1;2026-04-08 17:03:36;3100000;RESSONANCIA MAGNETICA DE CRANIO COM SEDACAO;3100000;GRUPO - RESSONANCIA MAGNETICA;0207010064;RESSONANCIA MAGNETICA DE CRANIO;ARTHUR MIGUEL DA CUNHA ALENCAR;2021-02-14;ANA CAROLINA DA CUNHA;708200179540449;11067520155;MASCULINO;660981854;3;1;;;;G918;OUTRAS FORMAS DE HIDROCEFALIA 
2026-06-23 19:59:58;500769;SAO GABRIEL DO OESTE;6354265;CENTRAL DE REGULACAO DE SAO GABRIEL DO OESTE;500769;SAO GABRIEL DO OESTE;1;1;2026-04-10 17:31:28;3100000;RESSONANCIA MAGNETICA DE CRANIO COM SEDACAO;3100000;GRUPO - RESSONANCIA MAGNETICA;0207010064;RESSONANCIA MAGNETICA DE CRANIO;IODA MARIA INACIA RODA;1955-11-16;ANA PEREIRA CINTRA;705000025767556;54225183149;FEMININO;661508979;4;59;;;;F001;DEMENCIA NA DOENCA DE ALZHEIMER DE INICIO TARDIO (G30.1+) 
2026-06-23 19:59:58;500769;SAO GABRIEL DO OESTE;6354265;CENTRAL DE REGULACAO DE SAO GABRIEL DO OESTE;500769;SAO GABRIEL DO OESTE;1;1;2026-04-10 16:28:58;3100000;RESSONANCIA MAGNETICA DE CRANIO COM SEDACAO;3100000;GRUPO - RESSONANCIA MAGNETICA;0207010064;RESSONANCIA MAGNETICA DE CRANIO;MARIA EDUARDA SOUSA GOMES;2007-05-15;MARILEI SOUSA;700006731386108;11488721165;FEMININO;661495517;4;51;;;;R55;SINCOPE E COLAPSO 
2026-06-23 19:59:58;500769;SAO GABRIEL DO OESTE;6354265;CENTRAL DE REGULACAO DE SAO GABRIEL DO OESTE;500769;SAO GABRIEL DO OESTE;1;1;2026-04-16 14:10:31;3100000;RESSONANCIA MAGNETICA DE CRANIO COM SEDACAO;3100000;GRUPO - RESSONANCIA MAGNETICA;0207010064;RESSONANCIA MAGNETICA DE CRANIO;BARBARA LIMA DE SOUZA CARVALHO;2022-12-12;LORAINE LIMA DE SOUZA;704803556987848;11797511165;FEMININO;662611856;4;113;;;;F700;RETARDO MENTAL LEVE - MENCAO DE AUSENCIA DE OU DE COMPROMETIMENTO MINIMO DO COMPORTAMENTO 
2026-06-23 19:59:58;500769;SAO GABRIEL DO OESTE;6354265;CENTRAL DE REGULACAO DE SAO GABRIEL DO OESTE;500769;SAO GABRIEL DO OESTE;1;1;2026-04-21 12:47:44;3100000;RESSONANCIA MAGNETICA DE CRANIO COM SEDACAO;3100000;GRUPO - RESSONANCIA MAGNETICA;0207010064;RESSONANCIA MAGNETICA DE CRANIO;MARIA ALICE DE SOUZA;2022-03-16;CAROLINE DE SOUZA LUIZ;704303502293699;11535583193;FEMININO;663096859;4;234;;;;F808;OUTROS TRANSTORNOS DE DESENVOLVIMENTO DA FALA OU DA LINGUAGEM 
2026-06-23 19:59:58;500769;SAO GABRIEL DO OESTE;6354265;CENTRAL DE REGULACAO DE SAO GABRIEL DO OESTE;500769;SAO GABRIEL DO OESTE;1;1;2026-04-21 15:05:20;3100000;RESSONANCIA MAGNETICA DE CRANIO COM SEDACAO;3100000;GRUPO - RESSONANCIA MAGNETICA;0207010064;RESSONANCIA MAGNETICA DE CRANIO;YURI FERREIRA SILVA;2023-04-27;LUCILAINE FERREIRA DE MENEZES;708004867737526;11952542103;MASCULINO;663099281;4;332;;;;F80;TRANSTORNOS ESPECIFICOS DO DESENVOLVIMENTO DA FALA E DA LINGUAGEM
2026-06-23 19:59:58;500769;SAO GABRIEL DO OESTE;6354265;CENTRAL DE REGULACAO DE SAO GABRIEL DO OESTE;500769;SAO GABRIEL DO OESTE;1;1;2026-04-21 14:54:03;3100000;RESSONANCIA MAGNETICA DE CRANIO COM SEDACAO;3100000;GRUPO - RESSONANCIA MAGNETICA;0207010064;RESSONANCIA MAGNETICA DE CRANIO;MARIANA BERNARDI HEINZ;2023-03-20;RAQUELI BENICIO BERNARDI;706507309347896;16610918902;FEMININO;663099013;4;324;;;;R628;OUTRAS FORMAS DE RETARDO DO DESENVOLVIMENTO FISIOLOGICO NORMAL 
2026-06-23 19:59:58;500769;SAO GABRIEL DO OESTE;6354265;CENTRAL DE REGULACAO DE SAO GABRIEL DO OESTE;500769;SAO GABRIEL DO OESTE;1;1;2026-04-22 14:35:12;3100000;RESSONANCIA MAGNETICA DE CRANIO COM SEDACAO;3100000;GRUPO - RESSONANCIA MAGNETICA;0207010064;RESSONANCIA MAGNETICA DE CRANIO;ISAAC HENRIQUE SANTOS DE OLIVEIRA;2023-09-14;BEATRIZ DOS SANTOS PEREIRA;702809646676166;12098052197;MASCULINO;663313688;4;380;;;;F80;TRANSTORNOS ESPECIFICOS DO DESENVOLVIMENTO DA FALA E DA LINGUAGEM
2026-06-23 19:59:58;500769;SAO GABRIEL DO OESTE;6354265;CENTRAL DE REGULACAO DE SAO GABRIEL DO OESTE;500769;SAO GABRIEL DO OESTE;1;1;2026-04-22 14:17:27;3100000;RESSONANCIA MAGNETICA DE CRANIO COM SEDACAO;3100000;GRUPO - RESSONANCIA MAGNETICA;0207010064;RESSONANCIA MAGNETICA DE CRANIO;ISABELLY VARGAS DA SILVA;2016-03-30;GISLAINE VARGAS;700009861657805;07756746139;FEMININO;663304511;4;375;;;;T90;SEQUELAS DE TRAUMATISMO DA CABECA
2026-06-23 19:59:58;500769;SAO GABRIEL DO OESTE;6354265;CENTRAL DE REGULACAO DE SAO GABRIEL DO OESTE;500769;SAO GABRIEL DO OESTE;1;1;2026-05-07 17:48:50;3100000;RESSONANCIA MAGNETICA DE CRANIO COM SEDACAO;3100000;GRUPO - RESSONANCIA MAGNETICA;0207010064;RESSONANCIA MAGNETICA DE CRANIO;ISABELA CARNEIRO OLIVEIRA;2022-05-06;LEIDIAMIRIA CARNEIRO DE FREITAS;704605678958722;11584117150;FEMININO;666365714;4;417;;;;R51;CEFALEIA 
2026-06-23 19:59:58;500769;SAO GABRIEL DO OESTE;6354265;CENTRAL DE REGULACAO DE SAO GABRIEL DO OESTE;500769;SAO GABRIEL DO OESTE;1;1;2026-04-27 17:23:27;3100000;RESSONANCIA MAGNETICA DE CRANIO COM SEDACAO;3100000;GRUPO - RESSONANCIA MAGNETICA;0207010064;RESSONANCIA MAGNETICA DE CRANIO;RN DE JANAINA DE MORAES RODRIGUES;2026-01-27;JANAINA DE MORAIS RODRIGUES;898006435853438;;FEMININO;664248039;4;395;;;;G40;EPILEPSIA
2026-06-23 19:59:58;500769;SAO GABRIEL DO OESTE;6354265;CENTRAL DE REGULACAO DE SAO GABRIEL DO OESTE;500769;SAO GABRIEL DO OESTE;1;1;2026-04-22 16:58:09;3100000;RESSONANCIA MAGNETICA DE CRANIO COM SEDACAO;3100000;GRUPO - RESSONANCIA MAGNETICA;0207010064;RESSONANCIA MAGNETICA DE CRANIO;SUELI DELGADO DE SOUZA;1967-09-17;RAMONA DELGADO;706408625008682;00759136157;FEMININO;663381666;4;389;;;;D353;CONDUTO CRANIOFARINGEO 
2026-06-23 19:59:58;500769;SAO GABRIEL DO OESTE;6354265;CENTRAL DE REGULACAO DE SAO GABRIEL DO OESTE;500769;SAO GABRIEL DO OESTE;1;1;2026-05-28 15:02:44;3100000;RESSONANCIA MAGNETICA DE CRANIO COM SEDACAO;3100000;GRUPO - RESSONANCIA MAGNETICA;0207010064;RESSONANCIA MAGNETICA DE CRANIO;MARIANA SOARES DA COSTA;2023-09-15;FLAVIA REGINA SOARES DOS SANTOS;708501363549575;12098915144;FEMININO;670488980;4;471;;;;Q75;OUTRAS MALFORMACOES CONGENITAS DOS OSSOS DO CRANIO E DA FACE
2026-06-23 19:59:58;500769;SAO GABRIEL DO OESTE;6354265;CENTRAL DE REGULACAO DE SAO GABRIEL DO OESTE;500769;SAO GABRIEL DO OESTE;1;1;2026-05-28 14:26:05;3100000;RESSONANCIA MAGNETICA DE CRANIO COM SEDACAO;3100000;GRUPO - RESSONANCIA MAGNETICA;0207010064;RESSONANCIA MAGNETICA DE CRANIO;HEITOR CONTI GRANCE;2017-11-06;MARIA APARECIDA CONTI PANIAGO;706205713622470;08773207136;MASCULINO;670470935;4;468;;;;G80;PARALISIA CEREBRAL INFANTIL
2026-06-23 19:59:58;500769;SAO GABRIEL DO OESTE;6354265;CENTRAL DE REGULACAO DE SAO GABRIEL DO OESTE;500769;SAO GABRIEL DO OESTE;1;1;2026-06-02 17:01:52;3100000;RESSONANCIA MAGNETICA DE CRANIO COM SEDACAO;3100000;GRUPO - RESSONANCIA MAGNETICA;0207010064;RESSONANCIA MAGNETICA DE CRANIO;BERNARDO BALZAN GIARETTA;2015-07-29;SHAYANA JOYCE BALZAN LUNARDI;704002895311967;07411476102;MASCULINO;671427872;4;502;;;;G80;PARALISIA CEREBRAL INFANTIL
2026-06-23 19:59:58;500769;SAO GABRIEL DO OESTE;6354265;CENTRAL DE REGULACAO DE SAO GABRIEL DO OESTE;500769;SAO GABRIEL DO OESTE;1;1;2026-04-29 16:15:19;3100000;RESSONANCIA MAGNETICA DO JOELHO ESQUERDO COM CONTRASTE;3100000;GRUPO - RESSONANCIA MAGNETICA;0207030030;RESSONANCIA MAGNETICA DE MEMBRO INFERIOR (UNILATERAL);JOAQUIM GIACOMINI;1958-12-18;WLADISLAVA GIACOMINI;700109907821113;33504580925;MASCULINO;664849296;4;403;;;;M233;OUTROS TRANSTORNOS DO MENISCO 
2026-06-23 19:59:58;500769;SAO GABRIEL DO OESTE;6354265;CENTRAL DE REGULACAO DE SAO GABRIEL DO OESTE;500769;SAO GABRIEL DO OESTE;1;1;2026-06-16 17:57:34;3500000;TOMOGRAFIA COMPUTADORIZADA DO JOELHO ESQUERDO;3500000;GRUPO - TOMOGRAFIA COMPUTADORIZADA;0206030029;TOMOGRAFIA COMPUTADORIZADA DE ARTICULACOES DE MEMBRO INFERIOR;CAMILLY DE OLIVEIRA COELHO DALL AQUA;2011-09-30;HILDA DE OLIVEIRA COELHO;701007890961092;11472113101;FEMININO;673835473;4;123;;;;S800;CONTUSAO DO JOELHO 
2026-06-23 19:59:58;500769;SAO GABRIEL DO OESTE;8176132;CASA ROSA;500769;SAO GABRIEL DO OESTE;1;1;2026-06-16 09:14:31;0230000;USG MAO ESQUERDA;0230000;GRUPO - ULTRASSONOGRAFIA ARTICULACOES;0205020062;ULTRASSONOGRAFIA DE ARTICULACAO;ALDY DA SILVA PEREIRA;1973-11-04;ARACI DA ROCHA SILVA;702400050533522;95325271172;FEMININO;673607713;3;9;;;;M653;DEDO EM GATILHO 
2026-06-23 19:59:58;500769;SAO GABRIEL DO OESTE;8176132;CASA ROSA;500769;SAO GABRIEL DO OESTE;1;1;2026-06-15 09:37:39;0230000;USG MAO ESQUERDA;0230000;GRUPO - ULTRASSONOGRAFIA ARTICULACOES;0205020062;ULTRASSONOGRAFIA DE ARTICULACAO;ABDENAIDE FONTOURA AMARILHA;1960-10-26;MARIA ABADIA FONTOURA;700505384598158;23740132191;MASCULINO;673333925;3;8;;;;Z00;EXAME GERAL E INVESTIGACAO DE PESSOAS SEM QUEIXAS OU DIAGNOSTICO RELATADO
2026-06-23 19:59:58;500769;SAO GABRIEL DO OESTE;2370999;UNIDADE DE SAUDE DA FAMILIA FENIX IV;500769;SAO GABRIEL DO OESTE;1;1;2026-06-10 10:57:39;0230000;USG MAO ESQUERDA;0230000;GRUPO - ULTRASSONOGRAFIA ARTICULACOES;0205020062;ULTRASSONOGRAFIA DE ARTICULACAO;MARLENE FERREIRA DAS VIRGENS;1966-03-25;MARIA DE LOURDES FEREIRA DAS VIRGENS;706809258548422;25237737838;FEMININO;672567646;4;92;;;;Z000;EXAME MEDICO GERAL 
2026-06-23 19:59:58;500769;SAO GABRIEL DO OESTE;6354265;CENTRAL DE REGULACAO DE SAO GABRIEL DO OESTE;500769;SAO GABRIEL DO OESTE;1;1;2026-04-09 15:56:56;3100000;RESSONANCIA MAGNETICA DE MEMBRO INFERIOR (UNILATERAL);3100000;GRUPO - RESSONANCIA MAGNETICA;0207030030;RESSONANCIA MAGNETICA DE MEMBRO INFERIOR (UNILATERAL);DELCON FERREIRA SA;1983-09-09;MARIA FERREIRA SA;706404679898186;00546775306;MASCULINO;661232850;4;29;;;;M224;CONDROMALACIA DA ROTULA 
2026-06-23 19:59:58;500769;SAO GABRIEL DO OESTE;6354265;CENTRAL DE REGULACAO DE SAO GABRIEL DO OESTE;500769;SAO GABRIEL DO OESTE;1;1;2026-04-08 18:01:19;3100000;RESSONANCIA MAGNETICA DE MEMBRO INFERIOR (UNILATERAL);3100000;GRUPO - RESSONANCIA MAGNETICA;0207030030;RESSONANCIA MAGNETICA DE MEMBRO INFERIOR (UNILATERAL);ANNE FERNANDES COELHO;1994-04-22;FATIMA DE JESUS FERNANDES COELHO;706402151604284;70697581110;FEMININO;660991360;4;27;;;;S999;TRAUMATISMOS NAO ESPECIFICADOS DO TORNOZELO E DO PE 
2026-06-23 19:59:58;500769;SAO GABRIEL DO OESTE;6354265;CENTRAL DE REGULACAO DE SAO GABRIEL DO OESTE;500769;SAO GABRIEL DO OESTE;1;1;2026-04-10 16:36:07;3100000;RESSONANCIA MAGNETICA DE MEMBRO INFERIOR (UNILATERAL);3100000;GRUPO - RESSONANCIA MAGNETICA;0207030030;RESSONANCIA MAGNETICA DE MEMBRO INFERIOR (UNILATERAL);MARIA EDUARDA DA SILVA MATOS;2003-10-05;ELIZANGELA AUXILIADORA DA SILVA MATOS;705009612278356;07056700152;FEMININO;661497687;4;53;;;;S830;LUXACAO DA ROTULA [PATELA] 
2026-06-23 19:59:58;500769;SAO GABRIEL DO OESTE;6354265;CENTRAL DE REGULACAO DE SAO GABRIEL DO OESTE;500769;SAO GABRIEL DO OESTE;1;1;2026-04-10 16:01:57;3100000;RESSONANCIA MAGNETICA DE MEMBRO INFERIOR (UNILATERAL);3100000;GRUPO - RESSONANCIA MAGNETICA;0207030030;RESSONANCIA MAGNETICA DE MEMBRO INFERIOR (UNILATERAL);MOIZES LOPES DOS SANTOS;1964-10-17;RAMONA LOPES DOS SANTOS;702005852818187;36629677153;MASCULINO;661486940;4;48;;;;M232;TRANSTORNO DO MENISCO DEVIDO A RUPTURA OU LESAO ANTIGA 
2026-06-23 19:59:58;500769;SAO GABRIEL DO OESTE;6354265;CENTRAL DE REGULACAO DE SAO GABRIEL DO OESTE;500769;SAO GABRIEL DO OESTE;1;1;2026-04-17 17:47:28;3100000;RESSONANCIA MAGNETICA DE BACIA/ PELVE/ABDOMEN INFERIOR COM CONTRASTE;3100000;GRUPO - RESSONANCIA MAGNETICA;0207030022;RESSONANCIA MAGNETICA DE BACIA / PELVE / ABDOMEN INFERIOR;INES PEREIRA DOS SANTOS;1964-02-02;ELIDIA BARBOSA DOS SANTOS;700103851395690;04899495846;FEMININO;662943608;4;194;;;;S832;RUPTURA DO MENISCO, ATUAL 
2026-06-23 19:59:58;500769;SAO GABRIEL DO OESTE;6354265;CENTRAL DE REGULACAO DE SAO GABRIEL DO OESTE;500769;SAO GABRIEL DO OESTE;1;1;2026-04-17 08:30:59;3100000;RESSONANCIA MAGNETICA DE QUADRIL DIREITO;3100000;GRUPO - RESSONANCIA MAGNETICA;0207030030;RESSONANCIA MAGNETICA DE MEMBRO INFERIOR (UNILATERAL);CRISTIANE NASCIMENTO SANTOS SOUZA;1985-04-07;MARIA APARECIDA BALBINO NASCIMENTO SANTOS;701803201028970;01558258108;FEMININO;662728580;4;131;;;;M25;OUTROS TRANSTORNOS ARTICULARES NAO CLASSIFICADOS EM OUTRA PARTE
2026-06-23 19:59:58;500769;SAO GABRIEL DO OESTE;6354265;CENTRAL DE REGULACAO DE SAO GABRIEL DO OESTE;500769;SAO GABRIEL DO OESTE;1;1;2026-04-21 14:47:05;3100000;RESSONANCIA MAGNETICA DE PE ESQUERDO;3100000;GRUPO - RESSONANCIA MAGNETICA;0207030030;RESSONANCIA MAGNETICA DE MEMBRO INFERIOR (UNILATERAL);JOSE DE SOUZA;1962-04-20;APARECIDA DE SOUZA;706200011585368;60039132153;MASCULINO;663098867;4;318;;;;M713;OUTROS CISTOS DE BOLSA SINOVIAL 
2026-06-23 19:59:58;500769;SAO GABRIEL DO OESTE;6452116;CENTRO DE ESPECIALIDADES MEDICAS;500769;SAO GABRIEL DO OESTE;1;1;2026-05-13 16:23:09;3100000;RESSONANCIA MAGNETICA DE MEMBRO INFERIOR - ESQUERDO;3100000;GRUPO - RESSONANCIA MAGNETICA;0207030030;RESSONANCIA MAGNETICA DE MEMBRO INFERIOR (UNILATERAL);BRENDA ALVES DA SILVA;1997-07-05;TELMA CRISTINA DO AMARAL ALVES;702803659477765;04111610161;FEMININO;667441808;4;425;;;;S835;ENTORSE E DISTENSAO ENVOLVENDO LIGAMENTO CRUZADO (ANTERIOR) (POSTERIOR) DO JOELHO 
2026-06-23 19:59:58;500769;SAO GABRIEL DO OESTE;6354265;CENTRAL DE REGULACAO DE SAO GABRIEL DO OESTE;500769;SAO GABRIEL DO OESTE;1;1;2026-05-13 11:01:14;3100000;RESSONANCIA MAGNETICA DE MEMBRO INFERIOR - ESQUERDO;3100000;GRUPO - RESSONANCIA MAGNETICA;0207030030;RESSONANCIA MAGNETICA DE MEMBRO INFERIOR (UNILATERAL);ANA VILELA DOS SANTOS DA SILVA;1996-11-12;ROSALINA VILELA GOMES DOS SANTOS;704002384369463;04580283120;FEMININO;667311325;4;424;;;;I839;VARIZES DOS MEMBROS INFERIORES SEM ULCERA OU INFLAMACAO 
2026-06-23 19:59:58;500769;SAO GABRIEL DO OESTE;8176132;CASA ROSA;500769;SAO GABRIEL DO OESTE;1;1;2026-05-06 15:04:13;3100000;RESSONANCIA MAGNETICA DE MEMBRO INFERIOR - ESQUERDO;3100000;GRUPO - RESSONANCIA MAGNETICA;0207030030;RESSONANCIA MAGNETICA DE MEMBRO INFERIOR (UNILATERAL);FRANCISCO DA SILVA;1976-08-14;MARIA VITALINA DA SILVA;705006482597152;00106945106;MASCULINO;666033778;4;412;;;;M76;ENTESOPATIAS DOS MEMBROS INFERIORES, EXCLUINDO PE
2026-06-23 19:59:58;500769;SAO GABRIEL DO OESTE;6354265;CENTRAL DE REGULACAO DE SAO GABRIEL DO OESTE;500769;SAO GABRIEL DO OESTE;1;1;2026-06-15 09:30:58;3100000;RESSONANCIA MAGNETICA DE MEMBRO INFERIOR - ESQUERDO;3100000;GRUPO - RESSONANCIA MAGNETICA;0207030030;RESSONANCIA MAGNETICA DE MEMBRO INFERIOR (UNILATERAL);MARIA APARECIDA ALVES;1972-07-11;DIRCE DE SOUZA GOMIDES;707602202882398;87466899153;FEMININO;673329738;4;527;;;;M179;GONARTROSE NAO ESPECIFICADA 
2026-06-23 19:59:58;500769;SAO GABRIEL DO OESTE;6354265;CENTRAL DE REGULACAO DE SAO GABRIEL DO OESTE;500769;SAO GABRIEL DO OESTE;1;1;2026-04-10 15:37:52;3100000;RESSONANCIA MAGNETICA DE MEMBRO SUPERIOR (UNILATERAL);3100000;GRUPO - RESSONANCIA MAGNETICA;0207020027;RESSONANCIA MAGNETICA DE MEMBRO SUPERIOR (UNILATERAL);MAURO MARCIO MONTEIRO;1961-09-17;DIRCE ALVES GIMENES;700204995359225;31187110191;MASCULINO;661477661;4;45;;;;M75;LESOES DO OMBRO
2026-06-23 19:59:58;500769;SAO GABRIEL DO OESTE;2370999;UNIDADE DE SAUDE DA FAMILIA FENIX IV;500769;SAO GABRIEL DO OESTE;1;1;2026-05-14 17:13:09;0230000;USG COTOVELO ESQUERDO;0230000;GRUPO - ULTRASSONOGRAFIA ARTICULACOES;0205020062;ULTRASSONOGRAFIA DE ARTICULACAO;AURENI MOREIRA DA SILVA;1975-03-13;MATILDE MOREIRA DA CONCEICAO;709007830073218;93306717134;FEMININO;667721980;4;25;;;;R522;OUTRA DOR CRONICA 
2026-06-23 19:59:58;500769;SAO GABRIEL DO OESTE;2370999;UNIDADE DE SAUDE DA FAMILIA FENIX IV;500769;SAO GABRIEL DO OESTE;1;1;2026-06-02 16:43:26;0230000;USG COTOVELO ESQUERDO;0230000;GRUPO - ULTRASSONOGRAFIA ARTICULACOES;0205020062;ULTRASSONOGRAFIA DE ARTICULACAO;LOCIDIO ANGELO DA COSTA;1972-01-06;JOANA DA COSTA;702407040766121;91566711134;MASCULINO;671422191;4;76;;;;M255;DOR ARTICULAR 
2026-06-23 19:59:58;500769;SAO GABRIEL DO OESTE;5971055;UNIDADE DE SAUDE DA FAMILIA VIII;500769;SAO GABRIEL DO OESTE;1;1;2026-06-01 15:46:12;0230000;USG COTOVELO ESQUERDO;0230000;GRUPO - ULTRASSONOGRAFIA ARTICULACOES;0205020062;ULTRASSONOGRAFIA DE ARTICULACAO;NATALICIO MORAIS DO PRADO;1965-01-03;OLIVIA RIBEIRO DE MORAIS;706803277651521;51949610144;MASCULINO;671093227;4;72;;;;M545;DOR LOMBAR BAIXA 
2026-06-23 19:59:58;500769;SAO GABRIEL DO OESTE;2370972;UNIDADE DE SAUDE DA FAMILIA MILANE II;500769;SAO GABRIEL DO OESTE;1;1;2026-06-12 15:58:53;0230000;USG COTOVELO ESQUERDO;0230000;GRUPO - ULTRASSONOGRAFIA ARTICULACOES;0205020062;ULTRASSONOGRAFIA DE ARTICULACAO;JAQUELINE LUZIA RIQUINHO SOUZA;1984-05-04;CATARINA SCARIOT RIQUINHO;706908131958936;01848426119;FEMININO;673214869;4;98;;;;M771;EPICONDILITE LATERAL 
2026-06-23 19:59:58;500769;SAO GABRIEL DO OESTE;6354265;CENTRAL DE REGULACAO DE SAO GABRIEL DO OESTE;500769;SAO GABRIEL DO OESTE;1;1;2026-05-28 16:50:40;3100000;RESSONANCIA MAGNETICA DE BACIA /PELVE/ABDOMEN INFERIOR C/SEDACAO;3100000;GRUPO - RESSONANCIA MAGNETICA;0207030022;RESSONANCIA MAGNETICA DE BACIA / PELVE / ABDOMEN INFERIOR;RAIMUNDO BENTO SOBRINHO;1948-01-02;MARIA JOSE DA CONCEICAO;704709024317240;87830841853;MASCULINO;670534183;4;483;;;;C61;NEOPLASIA MALIGNA DA PROSTATA 
2026-06-23 19:59:58;500769;SAO GABRIEL DO OESTE;6354265;CENTRAL DE REGULACAO DE SAO GABRIEL DO OESTE;500769;SAO GABRIEL DO OESTE;1;1;2026-04-16 09:25:11;3100000;RESSONANCIA MAGNETICA DE TORNOZELO ESQUERDO;3100000;GRUPO - RESSONANCIA MAGNETICA;0207030030;RESSONANCIA MAGNETICA DE MEMBRO INFERIOR (UNILATERAL);ALEXSANDRO APARECIDO DA SILVA;1977-03-29;MARIA DE LOURDES MIRANDA DA SILVA;706904137904036;01988618932;MASCULINO;662479054;4;90;;;;M766;TENDINITE AQUILEANA 
2026-06-23 19:59:58;500769;SAO GABRIEL DO OESTE;6354265;CENTRAL DE REGULACAO DE SAO GABRIEL DO OESTE;500769;SAO GABRIEL DO OESTE;1;1;2026-04-17 10:24:14;3100000;RESSONANCIA MAGNETICA DE TORNOZELO ESQUERDO;3100000;GRUPO - RESSONANCIA MAGNETICA;0207030030;RESSONANCIA MAGNETICA DE MEMBRO INFERIOR (UNILATERAL);DIEGO SALES BIANO;1999-09-03;FRANCISCA DA SILVA SALES;707402010241272;03299168150;MASCULINO;662788348;4;154;;;;M199;ARTROSE NAO ESPECIFICADA 
2026-06-23 19:59:58;500769;SAO GABRIEL DO OESTE;6354265;CENTRAL DE REGULACAO DE SAO GABRIEL DO OESTE;500769;SAO GABRIEL DO OESTE;1;1;2026-04-21 12:58:09;3100000;RESSONANCIA MAGNETICA DE TORNOZELO ESQUERDO;3100000;GRUPO - RESSONANCIA MAGNETICA;0207030030;RESSONANCIA MAGNETICA DE MEMBRO INFERIOR (UNILATERAL);MARIA VALDINETE DO CARMO SILVA BONNES;1983-04-21;VALDINETE FRANCELINO DO CARMO SILVA;706804779190629;02478705109;FEMININO;663096966;4;241;;;;S934;ENTORSE E DISTENSAO DO TORNOZELO 
2026-06-23 19:59:58;500769;SAO GABRIEL DO OESTE;6354265;CENTRAL DE REGULACAO DE SAO GABRIEL DO OESTE;500769;SAO GABRIEL DO OESTE;1;1;2026-04-21 15:23:54;3100000;RESSONANCIA MAGNETICA DE TORNOZELO ESQUERDO;3100000;GRUPO - RESSONANCIA MAGNETICA;0207030030;RESSONANCIA MAGNETICA DE MEMBRO INFERIOR (UNILATERAL);SIRLEI ARBO BONES;1980-09-12;ADELAIDE BONES;701002859985096;00013305190;FEMININO;663099679;4;349;;;;M767;TENDINITE DO PERONEO 
2026-06-23 19:59:58;500769;SAO GABRIEL DO OESTE;6354265;CENTRAL DE REGULACAO DE SAO GABRIEL DO OESTE;500769;SAO GABRIEL DO OESTE;1;1;2026-04-21 15:13:43;3100000;RESSONANCIA MAGNETICA DE TORNOZELO ESQUERDO;3100000;GRUPO - RESSONANCIA MAGNETICA;0207030030;RESSONANCIA MAGNETICA DE MEMBRO INFERIOR (UNILATERAL);ZELI MARIA DAL SANTO;1961-05-08;ERENI MARIA DE JESUS;702406531118226;02183287969;FEMININO;663099466;4;338;;;;M255;DOR ARTICULAR 
2026-06-23 19:59:58;500769;SAO GABRIEL DO OESTE;6354265;CENTRAL DE REGULACAO DE SAO GABRIEL DO OESTE;500769;SAO GABRIEL DO OESTE;1;1;2026-04-14 11:55:12;3100000;RESSONANCIA MAGNETICA DE QUADRIL ESQUERDO;3100000;GRUPO - RESSONANCIA MAGNETICA;0207030030;RESSONANCIA MAGNETICA DE MEMBRO INFERIOR (UNILATERAL);EZEQUIEL FRANCISCO GABILON;1972-12-02;JACINTA GABILON;707006869412334;60927852187;MASCULINO;661988853;4;63;;;;M161;OUTRAS COXARTROSES PRIMARIAS 
2026-06-23 19:59:58;500769;SAO GABRIEL DO OESTE;6354265;CENTRAL DE REGULACAO DE SAO GABRIEL DO OESTE;500769;SAO GABRIEL DO OESTE;1;1;2026-04-21 12:07:45;3100000;RESSONANCIA MAGNETICA DE QUADRIL ESQUERDO;3100000;GRUPO - RESSONANCIA MAGNETICA;0207030030;RESSONANCIA MAGNETICA DE MEMBRO INFERIOR (UNILATERAL);MARIA SONIA DOS SANTOS;1959-03-17;ELIZEUDA MARTINS DIAS;706503326459393;79330282172;FEMININO;663096308;4;209;;;;M161;OUTRAS COXARTROSES PRIMARIAS 
2026-06-23 19:59:58;500769;SAO GABRIEL DO OESTE;6354265;CENTRAL DE REGULACAO DE SAO GABRIEL DO OESTE;500769;SAO GABRIEL DO OESTE;1;1;2026-04-17 08:36:39;3100000;RESSONANCIA MAGNETICA DE SACRO-ILIACA ESQUERDA;3100000;GRUPO - RESSONANCIA MAGNETICA;0207030030;RESSONANCIA MAGNETICA DE MEMBRO INFERIOR (UNILATERAL);CRISTIANE NASCIMENTO SANTOS SOUZA;1985-04-07;MARIA APARECIDA BALBINO NASCIMENTO SANTOS;701803201028970;01558258108;FEMININO;662731041;4;132;;;;M545;DOR LOMBAR BAIXA 
2026-06-23 19:59:58;500769;SAO GABRIEL DO OESTE;6354265;CENTRAL DE REGULACAO DE SAO GABRIEL DO OESTE;500769;SAO GABRIEL DO OESTE;1;1;2026-04-17 14:56:16;3100000;RESSONANCIA MAGNETICA DE SELA TURCICA;3100000;GRUPO - RESSONANCIA MAGNETICA;0207010072;RESSONANCIA MAGNETICA DE SELA TURCICA;ELIZABETH VITORIA SANTOS DE PAULA;2018-05-01;LENICE SANTOS DE MATOS;707007883431937;09300416154;FEMININO;662893090;4;165;;;;E230;HIPOPITUITARISMO 
2026-06-23 19:59:58;500769;SAO GABRIEL DO OESTE;6354265;CENTRAL DE REGULACAO DE SAO GABRIEL DO OESTE;500769;SAO GABRIEL DO OESTE;1;1;2026-04-17 15:30:40;3100000;RESSONANCIA MAGNETICA DE PE DIREITO;3100000;GRUPO - RESSONANCIA MAGNETICA;0207030030;RESSONANCIA MAGNETICA DE MEMBRO INFERIOR (UNILATERAL);EVA MARIA GIACOMINI;1958-11-13;TEREZA COMELI VIEIRA;708009306834926;02245777190;FEMININO;662907266;4;171;;;;M774;METATARSALGIA 
2026-06-23 19:59:58;500769;SAO GABRIEL DO OESTE;6452116;CENTRO DE ESPECIALIDADES MEDICAS;500769;SAO GABRIEL DO OESTE;1;1;2026-05-13 16:23:09;3100000;RESSONANCIA MAGNETICA DE MEMBRO INFERIOR - DIREITO;3100000;GRUPO - RESSONANCIA MAGNETICA;0207030030;RESSONANCIA MAGNETICA DE MEMBRO INFERIOR (UNILATERAL);BRENDA ALVES DA SILVA;1997-07-05;TELMA CRISTINA DO AMARAL ALVES;702803659477765;04111610161;FEMININO;667441808;4;425;;;;S835;ENTORSE E DISTENSAO ENVOLVENDO LIGAMENTO CRUZADO (ANTERIOR) (POSTERIOR) DO JOELHO 
2026-06-23 19:59:58;500769;SAO GABRIEL DO OESTE;6354265;CENTRAL DE REGULACAO DE SAO GABRIEL DO OESTE;500769;SAO GABRIEL DO OESTE;1;1;2026-05-13 11:01:14;3100000;RESSONANCIA MAGNETICA DE MEMBRO INFERIOR - DIREITO;3100000;GRUPO - RESSONANCIA MAGNETICA;0207030030;RESSONANCIA MAGNETICA DE MEMBRO INFERIOR (UNILATERAL);ANA VILELA DOS SANTOS DA SILVA;1996-11-12;ROSALINA VILELA GOMES DOS SANTOS;704002384369463;04580283120;FEMININO;667311325;4;424;;;;I839;VARIZES DOS MEMBROS INFERIORES SEM ULCERA OU INFLAMACAO 
2026-06-23 19:59:58;500769;SAO GABRIEL DO OESTE;6354265;CENTRAL DE REGULACAO DE SAO GABRIEL DO OESTE;500769;SAO GABRIEL DO OESTE;1;1;2026-06-12 08:35:36;3100000;RESSONANCIA MAGNETICA DE MEMBRO INFERIOR - DIREITO;3100000;GRUPO - RESSONANCIA MAGNETICA;0207030030;RESSONANCIA MAGNETICA DE MEMBRO INFERIOR (UNILATERAL);VALDEMIR ALVES DE ARAUJO;1973-10-14;MARIA ALVES DE ARAUJO;708505531683680;63949822100;MASCULINO;673040013;4;524;;;;S835;ENTORSE E DISTENSAO ENVOLVENDO LIGAMENTO CRUZADO (ANTERIOR) (POSTERIOR) DO JOELHO 
2026-06-23 19:59:58;500769;SAO GABRIEL DO OESTE;6354265;CENTRAL DE REGULACAO DE SAO GABRIEL DO OESTE;500769;SAO GABRIEL DO OESTE;1;1;2026-04-21 13:32:23;3100000;RESSONANCIA MAGNETICA DE COTOVELO ESQUERDO;3100000;GRUPO - RESSONANCIA MAGNETICA;0207020027;RESSONANCIA MAGNETICA DE MEMBRO SUPERIOR (UNILATERAL);MARIA DE FATIMA PEREIRA DOS SANTOS;1969-10-13;VERGILIA PEREIRA DOS SANTOS;706009814658042;58357920187;FEMININO;663097427;4;266;;;;M771;EPICONDILITE LATERAL 
2026-06-23 19:59:58;500769;SAO GABRIEL DO OESTE;6354265;CENTRAL DE REGULACAO DE SAO GABRIEL DO OESTE;500769;SAO GABRIEL DO OESTE;1;1;2026-06-02 17:31:56;3100000;RESSONANCIA MAGNETICA DE TORAX;3100000;GRUPO - RESSONANCIA MAGNETICA;0207020035;RESSONANCIA MAGNETICA DE TORAX;JUAREZ DOS SANTOS;1959-11-20;IDI MACHADO DOS SANTOS;704800060984546;54249341100;MASCULINO;671433945;4;503;;;;E329;DOENCA DO TIMO NAO ESPECIFICADA 
2026-06-23 19:59:58;500769;SAO GABRIEL DO OESTE;6354265;CENTRAL DE REGULACAO DE SAO GABRIEL DO OESTE;500769;SAO GABRIEL DO OESTE;1;1;2026-06-08 15:22:07;3100000;RESSONANCIA MAGNETICA DE TORNOZELO DIREITO;3100000;GRUPO - RESSONANCIA MAGNETICA;0207030030;RESSONANCIA MAGNETICA DE MEMBRO INFERIOR (UNILATERAL);MARA LUCIA PINTO AGUILAR DOS SANTOS;1968-03-12;MARIA ELVA AGUILAR;707604263430596;42152224191;FEMININO;672095223;4;507;;;;M722;FIBROMATOSE DA FASCIA PLANTAR 
2026-06-23 19:59:58;500769;SAO GABRIEL DO OESTE;2370999;UNIDADE DE SAUDE DA FAMILIA FENIX IV;500769;SAO GABRIEL DO OESTE;1;1;2026-06-22 09:14:36;3500000;TOMOGRAFIA COMPUTADORIZADA DE COLUNA LOMBAR COM CONTRASTE;3500000;GRUPO - TOMOGRAFIA COMPUTADORIZADA;0206010028;TOMOGRAFIA COMPUTADORIZADA DE COLUNA LOMBO-SACRA C/ OU S/ CONTRASTE;HELIO VILASBOAS;1980-01-15;IRACY FERREIRA DA SILVA;700002099193406;90581695100;MASCULINO;674679424;4;145;;;;M545;DOR LOMBAR BAIXA 
2026-06-23 19:59:58;500769;SAO GABRIEL DO OESTE;2591359;UNIDADE DE SAUDE DA FAMILIA V;500769;SAO GABRIEL DO OESTE;1;1;2026-05-20 09:18:23;0230000;USG DE QUADRIL / COXO FEMURAL DIREITO;0230000;GRUPO - ULTRASSONOGRAFIA ARTICULACOES;0205020062;ULTRASSONOGRAFIA DE ARTICULACAO;ANTONIA DE FATIMA DA VITORIA VIEIRA;1960-04-25;SEBASTIANA BARBOSA VITORIA;701006852430394;61537632191;FEMININO;668624114;4;43;;;;M160;COXARTROSE PRIMARIA BILATERAL 
2026-06-23 19:59:58;500769;SAO GABRIEL DO OESTE;8176132;CASA ROSA;500769;SAO GABRIEL DO OESTE;1;1;2026-06-23 09:24:59;0230000;USG DE QUADRIL / COXO FEMURAL DIREITO;0230000;GRUPO - ULTRASSONOGRAFIA ARTICULACOES;0205020062;ULTRASSONOGRAFIA DE ARTICULACAO;JOAO FERREIRA DOS SANTOS;1948-05-09;MIRANDOLINA MARIA FERREIRA;700001043742403;10462716104;MASCULINO;674948727;4;107;;;;M760;TENDINITE GLUTEA 
2026-06-23 19:59:58;500769;SAO GABRIEL DO OESTE;8176132;CASA ROSA;500769;SAO GABRIEL DO OESTE;1;1;2026-06-11 10:09:10;0230000;USG DE QUADRIL / COXO FEMURAL DIREITO;0230000;GRUPO - ULTRASSONOGRAFIA ARTICULACOES;0205020062;ULTRASSONOGRAFIA DE ARTICULACAO;IZABELLY RODRIGUES DINIZ;2006-12-14;PATRICIA PEREIRA RODRIGUES;709205259675734;07384862132;FEMININO;672822540;4;96;;;;Z001;EXAME DE ROTINA DE SAUDE DA CRIANCA 
2026-06-23 19:59:58;500769;SAO GABRIEL DO OESTE;6354265;CENTRAL DE REGULACAO DE SAO GABRIEL DO OESTE;500769;SAO GABRIEL DO OESTE;1;1;2026-04-17 10:39:29;3100000;RESSONANCIA MAGNETICA DE MAO/PUNHO DIREITO;3100000;GRUPO - RESSONANCIA MAGNETICA;0207020027;RESSONANCIA MAGNETICA DE MEMBRO SUPERIOR (UNILATERAL);DANIEL ROCHA DE OLIVEIRA;2001-10-27;MIRIAN ROCHA CAVALCANTE DE OLIVEIRA;703405257650512;03605319114;MASCULINO;662797331;4;157;;;;S602;CONTUSAO DE OUTRAS PARTES DO PUNHO E DA MAO 
2026-06-23 19:59:58;500769;SAO GABRIEL DO OESTE;6452116;CENTRO DE ESPECIALIDADES MEDICAS;500769;SAO GABRIEL DO OESTE;1;1;2026-06-18 11:30:05;3100000;RESSONANCIA MAGNETICA DE MEMBRO SUPERIOR - ESQUERDO;3100000;GRUPO - RESSONANCIA MAGNETICA;0207020027;RESSONANCIA MAGNETICA DE MEMBRO SUPERIOR (UNILATERAL);SILVIO ROBERTO PROCOPIO DA SILVA;1957-03-25;JOSEFA PROCOPIO DA SILVA;702005841679482;83116842191;MASCULINO;674238967;4;536;;;;M755;BURSITE DO OMBRO 
2026-06-23 19:59:58;500769;SAO GABRIEL DO OESTE;6354265;CENTRAL DE REGULACAO DE SAO GABRIEL DO OESTE;500769;SAO GABRIEL DO OESTE;1;1;2026-04-15 17:51:39;3100000;RESSONANCIA MAGNETICA DE MAO ESQUERDA;3100000;GRUPO - RESSONANCIA MAGNETICA;0207020027;RESSONANCIA MAGNETICA DE MEMBRO SUPERIOR (UNILATERAL);ELISANDRA BARBOSA LOMBARDI;1989-09-13;ILMA FARIA BARBOSA;709604624410370;03567960199;FEMININO;662414541;3;18;;;;M75;LESOES DO OMBRO
2026-06-23 19:59:58;500769;SAO GABRIEL DO OESTE;6354265;CENTRAL DE REGULACAO DE SAO GABRIEL DO OESTE;500769;SAO GABRIEL DO OESTE;1;1;2026-04-09 15:49:27;3100000;RESSONANCIA MAGNETICA DE MAO ESQUERDA;3100000;GRUPO - RESSONANCIA MAGNETICA;0207020027;RESSONANCIA MAGNETICA DE MEMBRO SUPERIOR (UNILATERAL);DIEIVID ALVES BORGES;1999-08-15;CLENILDA FRANCISCA ALVES;708406772644561;06030259199;MASCULINO;661229518;3;3;;;;S602;CONTUSAO DE OUTRAS PARTES DO PUNHO E DA MAO 
2026-06-23 19:59:58;500769;SAO GABRIEL DO OESTE;6354265;CENTRAL DE REGULACAO DE SAO GABRIEL DO OESTE;500769;SAO GABRIEL DO OESTE;1;1;2026-04-10 14:58:00;3100000;RESSONANCIA MAGNETICA DE MAO ESQUERDA;3100000;GRUPO - RESSONANCIA MAGNETICA;0207020027;RESSONANCIA MAGNETICA DE MEMBRO SUPERIOR (UNILATERAL);MAIRA SANTOS COSTA;1985-05-15;CLAUDIMIRA DE SOUSA SANTOS;702600751190042;03458742506;FEMININO;661460859;4;42;;;;G560;SINDROME DO TUNEL DO CARPO 
2026-06-23 19:59:58;500769;SAO GABRIEL DO OESTE;6354265;CENTRAL DE REGULACAO DE SAO GABRIEL DO OESTE;500769;SAO GABRIEL DO OESTE;1;1;2026-04-28 17:30:36;3100000;RESSONANCIA MAGNETICA DE MAO ESQUERDA;3100000;GRUPO - RESSONANCIA MAGNETICA;0207020027;RESSONANCIA MAGNETICA DE MEMBRO SUPERIOR (UNILATERAL);IRANI GONCALVES DIAS;1965-07-05;VILMA VARGAS DIAS;702306119930610;46476318004;MASCULINO;664568590;4;401;;;;D23;OUTRAS NEOPLASIAS BENIGNAS DA PELE
2026-06-23 19:59:58;500769;SAO GABRIEL DO OESTE;6354265;CENTRAL DE REGULACAO DE SAO GABRIEL DO OESTE;500769;SAO GABRIEL DO OESTE;1;1;2026-05-28 11:45:59;3500000;TOMOGRAFIA COMPUTADORIZADA DE PESCOCO COM SEDACAO;3500000;GRUPO - TOMOGRAFIA COMPUTADORIZADA;0206010052;TOMOGRAFIA COMPUTADORIZADA DO PESCOCO;RICHARD GABRIEL OLIVEIRA CAMARGO;2023-07-08;JOICE APARECIDA CAMARGO DE ALMEIDA;706803746851226;12026842116;MASCULINO;670416737;4;103;;;;Q892;MALFORMACOES CONGENITAS DE OUTRAS GLANDULAS ENDOCRINAS 
2026-06-23 19:59:58;500769;SAO GABRIEL DO OESTE;6354265;CENTRAL DE REGULACAO DE SAO GABRIEL DO OESTE;500769;SAO GABRIEL DO OESTE;1;1;2026-05-28 16:35:24;3100000;RESSONANCIA MAGNETICA DE COLUNA LOMBO-SACRA COM SEDACAO;3100000;GRUPO - RESSONANCIA MAGNETICA;0207010048;RESSONANCIA MAGNETICA DE COLUNA LOMBO-SACRA;VALDIRA FERREIRA DO CARMO;1957-04-17;MARIA ALVES GOMES;705008073513159;56170238100;FEMININO;670529189;4;482;;;;M545;DOR LOMBAR BAIXA 
2026-06-23 19:59:58;500769;SAO GABRIEL DO OESTE;6354265;CENTRAL DE REGULACAO DE SAO GABRIEL DO OESTE;500769;SAO GABRIEL DO OESTE;1;1;2026-05-28 14:30:08;3100000;RESSONANCIA MAGNETICA DE COLUNA LOMBO-SACRA COM SEDACAO;3100000;GRUPO - RESSONANCIA MAGNETICA;0207010048;RESSONANCIA MAGNETICA DE COLUNA LOMBO-SACRA;IODA MARIA INACIA RODA;1955-11-16;ANA PEREIRA CINTRA;705000025767556;54225183149;FEMININO;670472840;4;469;;;;M541;RADICULOPATIA 
2026-06-23 19:59:58;500769;SAO GABRIEL DO OESTE;6354265;CENTRAL DE REGULACAO DE SAO GABRIEL DO OESTE;500769;SAO GABRIEL DO OESTE;1;1;2026-06-08 09:55:32;3100000;RESSONANCIA MAGNETICA DE COLUNA LOMBO-SACRA COM SEDACAO;3100000;GRUPO - RESSONANCIA MAGNETICA;0207010048;RESSONANCIA MAGNETICA DE COLUNA LOMBO-SACRA;SIMONE ROSA DO CARMO;1977-09-08;DONATA DE OLIVEIRA ROSA;700501111637954;25204749802;FEMININO;671937996;4;505;;;;M511;TRANSTORNOS DE DISCOS LOMBARES E DE OUTROS DISCOS INTERVERTEBRAIS COM RADICULOPATIA 
2026-06-23 19:59:58;500769;SAO GABRIEL DO OESTE;8176132;CASA ROSA;500769;SAO GABRIEL DO OESTE;1;1;2026-05-20 12:08:31;0230000;USG JOELHO DIREITO;0230000;GRUPO - ULTRASSONOGRAFIA ARTICULACOES;0205020062;ULTRASSONOGRAFIA DE ARTICULACAO;JULIO CESAR MAZLUM ROCHA JUNIOR;1994-03-04;NOELI ROMILDA LORENZETTI;704503308337617;70289888131;MASCULINO;668720887;4;44;;;;Z00;EXAME GERAL E INVESTIGACAO DE PESSOAS SEM QUEIXAS OU DIAGNOSTICO RELATADO
2026-06-23 19:59:58;500769;SAO GABRIEL DO OESTE;3400964;UNIDADE DE SAUDE DA FAMILIA RURAL VII;500769;SAO GABRIEL DO OESTE;1;1;2026-05-20 08:33:55;0230000;USG JOELHO DIREITO;0230000;GRUPO - ULTRASSONOGRAFIA ARTICULACOES;0205020062;ULTRASSONOGRAFIA DE ARTICULACAO;CRISTIAN TORRE MARTINS;2012-05-09;CRISTIANE TORRE RAMOS GIL;700206486390622;11868894118;MASCULINO;668600615;4;42;;;;M23;TRANSTORNOS INTERNOS DOS JOELHOS
2026-06-23 19:59:58;500769;SAO GABRIEL DO OESTE;2370980;UNIDADE DE SAUDE DA FAMILIA JARDIM GRAMADO I;500769;SAO GABRIEL DO OESTE;1;1;2026-05-18 09:57:53;0230000;USG JOELHO DIREITO;0230000;GRUPO - ULTRASSONOGRAFIA ARTICULACOES;0205020062;ULTRASSONOGRAFIA DE ARTICULACAO;KATIA PEREIRA DE OLIVEIRA;1960-09-22;MARIA DE LOURDES BOM PEREIRA;700002022653003;03926917873;FEMININO;668069014;4;31;;;;M23;TRANSTORNOS INTERNOS DOS JOELHOS
2026-06-23 19:59:58;500769;SAO GABRIEL DO OESTE;8176132;CASA ROSA;500769;SAO GABRIEL DO OESTE;1;1;2026-05-18 08:42:02;0230000;USG JOELHO DIREITO;0230000;GRUPO - ULTRASSONOGRAFIA ARTICULACOES;0205020062;ULTRASSONOGRAFIA DE ARTICULACAO;ALISSA PIAIA MARTINS;2007-02-16;ADRIANA PIAIA;704700735666238;07829363188;FEMININO;668024785;4;30;;;;M239;TRANSTORNO INTERNO NAO ESPECIFICADO DO JOELHO 
2026-06-23 19:59:58;500769;SAO GABRIEL DO OESTE;2591359;UNIDADE DE SAUDE DA FAMILIA V;500769;SAO GABRIEL DO OESTE;1;1;2026-06-22 10:01:45;0230000;USG JOELHO DIREITO;0230000;GRUPO - ULTRASSONOGRAFIA ARTICULACOES;0205020062;ULTRASSONOGRAFIA DE ARTICULACAO;JACKSON PATRICK DOS SANTOS VAZ;1994-07-19;MARIA ROSA DOS SANTOS;704607636070229;05826402105;MASCULINO;674706088;3;19;;;;M255;DOR ARTICULAR 
2026-06-23 19:59:58;500769;SAO GABRIEL DO OESTE;3400964;UNIDADE DE SAUDE DA FAMILIA RURAL VII;500769;SAO GABRIEL DO OESTE;1;1;2026-06-22 09:04:12;0230000;USG JOELHO DIREITO;0230000;GRUPO - ULTRASSONOGRAFIA ARTICULACOES;0205020062;ULTRASSONOGRAFIA DE ARTICULACAO;JESSICA MARIA DA SILVA BARBOSA;1997-05-03;MARIA BENEDITA DA SILVA;702308194657510;06898195107;FEMININO;674674002;3;18;;;;Z000;EXAME MEDICO GERAL 
2026-06-23 19:59:58;500769;SAO GABRIEL DO OESTE;8176132;CASA ROSA;500769;SAO GABRIEL DO OESTE;1;1;2026-06-08 16:50:22;0230000;USG JOELHO DIREITO;0230000;GRUPO - ULTRASSONOGRAFIA ARTICULACOES;0205020062;ULTRASSONOGRAFIA DE ARTICULACAO;PEDRINA CRISTINA DA SILVA PASTOURA;1988-09-04;VANIA MARIA DA SILVA;700004623370601;03364952183;FEMININO;672135377;4;88;;;;Z001;EXAME DE ROTINA DE SAUDE DA CRIANCA 
2026-06-23 19:59:58;500769;SAO GABRIEL DO OESTE;8176132;CASA ROSA;500769;SAO GABRIEL DO OESTE;1;1;2026-06-08 14:51:21;0230000;USG JOELHO DIREITO;0230000;GRUPO - ULTRASSONOGRAFIA ARTICULACOES;0205020062;ULTRASSONOGRAFIA DE ARTICULACAO;MARIA DILZA DO NASCIMENTO;1978-10-27;JOSEFA EUGENIA DO NASCIMENTO;705600444499911;00793416590;FEMININO;672078833;4;85;;;;Z001;EXAME DE ROTINA DE SAUDE DA CRIANCA 
2026-06-23 19:59:58;500769;SAO GABRIEL DO OESTE;2370999;UNIDADE DE SAUDE DA FAMILIA FENIX IV;500769;SAO GABRIEL DO OESTE;1;1;2026-06-02 16:45:26;0230000;USG JOELHO DIREITO;0230000;GRUPO - ULTRASSONOGRAFIA ARTICULACOES;0205020062;ULTRASSONOGRAFIA DE ARTICULACAO;LOCIDIO ANGELO DA COSTA;1972-01-06;JOANA DA COSTA;702407040766121;91566711134;MASCULINO;671422945;4;78;;;;M255;DOR ARTICULAR 
2026-06-23 19:59:58;500769;SAO GABRIEL DO OESTE;5971055;UNIDADE DE SAUDE DA FAMILIA VIII;500769;SAO GABRIEL DO OESTE;1;1;2026-06-02 10:45:11;0230000;USG JOELHO DIREITO;0230000;GRUPO - ULTRASSONOGRAFIA ARTICULACOES;0205020062;ULTRASSONOGRAFIA DE ARTICULACAO;ADAO ALEXANDRE MATOS;1975-09-07;SHEILA PIRES;706001329249546;79587895134;MASCULINO;671259764;4;74;;;;Z000;EXAME MEDICO GERAL 
2026-06-23 19:59:58;500769;SAO GABRIEL DO OESTE;2370999;UNIDADE DE SAUDE DA FAMILIA FENIX IV;500769;SAO GABRIEL DO OESTE;1;1;2026-06-01 16:01:20;0230000;USG JOELHO DIREITO;0230000;GRUPO - ULTRASSONOGRAFIA ARTICULACOES;0205020062;ULTRASSONOGRAFIA DE ARTICULACAO;KLEISLENE MARA MENDONCA BATISTA PETRY;1979-10-22;CALICE MARIA MENDONCA BATISTA;702002300846285;98542974115;FEMININO;671101076;4;73;;;;R520;DOR AGUDA 
2026-06-23 19:59:58;500769;SAO GABRIEL DO OESTE;3400964;UNIDADE DE SAUDE DA FAMILIA RURAL VII;500769;SAO GABRIEL DO OESTE;1;1;2026-05-25 17:32:10;0230000;USG JOELHO DIREITO;0230000;GRUPO - ULTRASSONOGRAFIA ARTICULACOES;0205020062;ULTRASSONOGRAFIA DE ARTICULACAO;FREDERICO BRAIT CARMONA;1976-09-10;MARIA VIRGINIA BRAIT CARMONA;706307710006672;27031889863;MASCULINO;669666096;4;55;;;;M23;TRANSTORNOS INTERNOS DOS JOELHOS
2026-06-23 19:59:58;500769;SAO GABRIEL DO OESTE;8176132;CASA ROSA;500769;SAO GABRIEL DO OESTE;1;1;2026-05-22 16:44:17;0230000;USG JOELHO DIREITO;0230000;GRUPO - ULTRASSONOGRAFIA ARTICULACOES;0205020062;ULTRASSONOGRAFIA DE ARTICULACAO;ARTHUR OLIVEIRA MARTINS;2017-07-05;ALINIELE OLIVEIRA MARTINS;700709985598677;08538124110;MASCULINO;669337241;4;49;;;;Z00;EXAME GERAL E INVESTIGACAO DE PESSOAS SEM QUEIXAS OU DIAGNOSTICO RELATADO
2026-06-23 19:59:58;500769;SAO GABRIEL DO OESTE;8176132;CASA ROSA;500769;SAO GABRIEL DO OESTE;1;1;2026-05-20 16:49:06;0230000;USG JOELHO DIREITO;0230000;GRUPO - ULTRASSONOGRAFIA ARTICULACOES;0205020062;ULTRASSONOGRAFIA DE ARTICULACAO;ADELSON RODRIGUES SILVINO;1972-03-12;FRANCISCA RODRIGUES SILVINO;702808170639860;02001740107;MASCULINO;668828630;4;46;;;;Z00;EXAME GERAL E INVESTIGACAO DE PESSOAS SEM QUEIXAS OU DIAGNOSTICO RELATADO
2026-06-23 19:59:58;500769;SAO GABRIEL DO OESTE;8176132;CASA ROSA;500769;SAO GABRIEL DO OESTE;1;1;2026-06-23 11:25:52;0230000;USG JOELHO DIREITO;0230000;GRUPO - ULTRASSONOGRAFIA ARTICULACOES;0205020062;ULTRASSONOGRAFIA DE ARTICULACAO;ALINE SILVA DOS SANTOS;1996-06-28;MARIA DOS ANJOS SILVA DOS SANTOS;708604003449686;02784482162;FEMININO;675014138;4;111;;;;S834;ENTORSE E DISTENSAO ENVOLVENDO LIGAMENTO COLATERAL (PERONIAL) (TIBIAL) DO JOELHO 
2026-06-23 19:59:58;500769;SAO GABRIEL DO OESTE;2370999;UNIDADE DE SAUDE DA FAMILIA FENIX IV;500769;SAO GABRIEL DO OESTE;1;1;2026-06-15 15:21:17;0230000;USG JOELHO DIREITO;0230000;GRUPO - ULTRASSONOGRAFIA ARTICULACOES;0205020062;ULTRASSONOGRAFIA DE ARTICULACAO;ALDA BATISTA DOS ANJOS;1985-04-23;VERA LUCIA DE SOUZA;705008493737556;04955928544;FEMININO;673495546;4;100;;;;R520;DOR AGUDA 
2026-06-23 19:59:58;500769;SAO GABRIEL DO OESTE;8176132;CASA ROSA;500769;SAO GABRIEL DO OESTE;1;1;2026-06-15 09:57:59;0230000;USG JOELHO DIREITO;0230000;GRUPO - ULTRASSONOGRAFIA ARTICULACOES;0205020062;ULTRASSONOGRAFIA DE ARTICULACAO;LUZIA REZENDE COIMBRA;1980-12-18;GERACINA REZENDE COIMBRA;701209024705712;00101969198;FEMININO;673346925;4;99;;;;Z00;EXAME GERAL E INVESTIGACAO DE PESSOAS SEM QUEIXAS OU DIAGNOSTICO RELATADO
2026-06-23 19:59:58;500769;SAO GABRIEL DO OESTE;8176132;CASA ROSA;500769;SAO GABRIEL DO OESTE;1;1;2026-06-10 13:44:21;0230000;USG JOELHO DIREITO;0230000;GRUPO - ULTRASSONOGRAFIA ARTICULACOES;0205020062;ULTRASSONOGRAFIA DE ARTICULACAO;MIRIAM CHAPARRO FLORES;1973-05-02;TEREZINHA CHAPARRO FLORES;702805679450163;94640556187;FEMININO;672631774;4;93;;;;M199;ARTROSE NAO ESPECIFICADA 
2026-06-23 19:59:58;500769;SAO GABRIEL DO OESTE;6354265;CENTRAL DE REGULACAO DE SAO GABRIEL DO OESTE;500769;SAO GABRIEL DO OESTE;1;1;2026-04-09 17:25:46;3100000;RESSONANCIA MAGNETICA DE ABDOMEN SUPERIOR;3100000;GRUPO - RESSONANCIA MAGNETICA;0207030014;RESSONANCIA MAGNETICA DE ABDOMEN SUPERIOR;TEREZINHA QUEVEDO DA SILVA;1960-11-25;MARIA SEBASTIANA DA SILVA;704201247378387;48164674168;FEMININO;661260106;3;5;;;;I471;TAQUICARDIA SUPRAVENTRICULAR 
2026-06-23 19:59:58;500769;SAO GABRIEL DO OESTE;6354265;CENTRAL DE REGULACAO DE SAO GABRIEL DO OESTE;500769;SAO GABRIEL DO OESTE;1;1;2026-04-08 17:55:45;3100000;RESSONANCIA MAGNETICA DE ABDOMEN SUPERIOR;3100000;GRUPO - RESSONANCIA MAGNETICA;0207030014;RESSONANCIA MAGNETICA DE ABDOMEN SUPERIOR;ADONIAS JOSE DA SILVA;1942-02-02;VITA MARIA DA CONCEICAO;705001028544559;39091759100;MASCULINO;660990722;3;2;;;;K801;CALCULOSE DA VESICULA BILIAR COM OUTRAS FORMAS DE COLECISTITE 
2026-06-23 19:59:58;500769;SAO GABRIEL DO OESTE;6354265;CENTRAL DE REGULACAO DE SAO GABRIEL DO OESTE;500769;SAO GABRIEL DO OESTE;1;1;2026-04-17 17:16:00;3100000;RESSONANCIA MAGNETICA DE ABDOMEN SUPERIOR;3100000;GRUPO - RESSONANCIA MAGNETICA;0207030014;RESSONANCIA MAGNETICA DE ABDOMEN SUPERIOR;GERCILDA SOARES FIGUEIREDO DOS SANTOS;1954-01-30;MARIA BERTOLINA FIGUEIREDO;708502378918173;28869915115;FEMININO;662938927;4;183;;;;K802;CALCULOSE DA VESICULA BILIAR SEM COLECISTITE 
2026-06-23 19:59:58;500769;SAO GABRIEL DO OESTE;6354265;CENTRAL DE REGULACAO DE SAO GABRIEL DO OESTE;500769;SAO GABRIEL DO OESTE;1;1;2026-05-04 14:03:21;3100000;RESSONANCIA MAGNETICA DE ABDOMEN SUPERIOR;3100000;GRUPO - RESSONANCIA MAGNETICA;0207030014;RESSONANCIA MAGNETICA DE ABDOMEN SUPERIOR;DEVAIR RIBEIRO SEVERINO;1978-05-19;DIRCE RIBEIRO SEVERINO;701202033095011;87756161149;MASCULINO;665404545;4;408;;;;K869;DOENCA DO PANCREAS, SEM OUTRA ESPECIFICACAO 
2026-06-23 19:59:58;500769;SAO GABRIEL DO OESTE;6354265;CENTRAL DE REGULACAO DE SAO GABRIEL DO OESTE;500769;SAO GABRIEL DO OESTE;1;1;2026-04-27 10:24:54;3100000;RESSONANCIA MAGNETICA DE ABDOMEN SUPERIOR;3100000;GRUPO - RESSONANCIA MAGNETICA;0207030014;RESSONANCIA MAGNETICA DE ABDOMEN SUPERIOR;NEIDE CAMPOS SILVA DE SOUZA;1959-04-11;ARCELINA DE CAMPOS SILVA;703406227037619;80064477134;FEMININO;664047606;4;394;;;;K768;OUTRAS DOENCAS ESPECIFICADAS DO FIGADO 
2026-06-23 19:59:58;500769;SAO GABRIEL DO OESTE;8176132;CASA ROSA;500769;SAO GABRIEL DO OESTE;1;1;2026-06-16 09:14:31;0230000;USG MAO DIREITA;0230000;GRUPO - ULTRASSONOGRAFIA ARTICULACOES;0205020062;ULTRASSONOGRAFIA DE ARTICULACAO;ALDY DA SILVA PEREIRA;1973-11-04;ARACI DA ROCHA SILVA;702400050533522;95325271172;FEMININO;673607713;3;9;;;;M653;DEDO EM GATILHO 
2026-06-23 19:59:58;500769;SAO GABRIEL DO OESTE;8176132;CASA ROSA;500769;SAO GABRIEL DO OESTE;1;1;2026-06-12 16:34:42;0230000;USG MAO DIREITA;0230000;GRUPO - ULTRASSONOGRAFIA ARTICULACOES;0205020062;ULTRASSONOGRAFIA DE ARTICULACAO;ACELI KIRCH MARTINS;1972-07-27;VALERIA KIRCH;705002240333451;79668828968;FEMININO;673225626;3;6;;;;G56;MONONEUROPATIAS DOS MEMBROS SUPERIORES
2026-06-23 19:59:58;500769;SAO GABRIEL DO OESTE;6354265;CENTRAL DE REGULACAO DE SAO GABRIEL DO OESTE;500769;SAO GABRIEL DO OESTE;1;1;2026-05-13 08:17:04;3100000;RESSONANCIA MAGNETICA DE MEMBRO SUPERIOR - DIREITO;3100000;GRUPO - RESSONANCIA MAGNETICA;0207020027;RESSONANCIA MAGNETICA DE MEMBRO SUPERIOR (UNILATERAL);VAL KESSYA DOS SANTOS DE ALMEIDA MARQUES;1990-09-15;MARLI DOS SANTOS DE ALMEIDA;705506466638910;03091086160;FEMININO;667219010;4;421;;;;M751;SINDROME DO MANGUITO ROTADOR 
2026-06-23 19:59:58;500769;SAO GABRIEL DO OESTE;6354265;CENTRAL DE REGULACAO DE SAO GABRIEL DO OESTE;500769;SAO GABRIEL DO OESTE;1;1;2026-05-04 08:17:27;3100000;RESSONANCIA MAGNETICA DE TORNOZELO ESQUERDO;3100000;GRUPO - RESSONANCIA MAGNETICA;0207030030;RESSONANCIA MAGNETICA DE MEMBRO INFERIOR (UNILATERAL);MARILENE FARIAS DE CASTRO;1970-03-19;JOSINA FARIAS DE SOUZA;708502341594870;50049127187;FEMININO;665225851;4;406;;;;M214;PE CHATO [PE PLANO] (ADQUIRIDO) 
2026-06-23 19:59:58;500769;SAO GABRIEL DO OESTE;6354265;CENTRAL DE REGULACAO DE SAO GABRIEL DO OESTE;500769;SAO GABRIEL DO OESTE;1;1;2026-05-28 16:04:32;3100000;RESSONANCIA MAGNETICA DE TORNOZELO ESQUERDO;3100000;GRUPO - RESSONANCIA MAGNETICA;0207030030;RESSONANCIA MAGNETICA DE MEMBRO INFERIOR (UNILATERAL);VERA LUCIA VARELO DA ROCHA;1972-11-15;MARIA VARELO DA ROCHA;706704505457416;60973170182;FEMININO;670517723;4;478;;;;M255;DOR ARTICULAR 
2026-06-23 19:59:58;500769;SAO GABRIEL DO OESTE;6354265;CENTRAL DE REGULACAO DE SAO GABRIEL DO OESTE;500769;SAO GABRIEL DO OESTE;1;1;2026-06-09 10:43:21;3100000;RESSONANCIA MAGNETICA DE TORNOZELO ESQUERDO;3100000;GRUPO - RESSONANCIA MAGNETICA;0207030030;RESSONANCIA MAGNETICA DE MEMBRO INFERIOR (UNILATERAL);ZENIRDA CARVALHO DOS SANTOS;1971-12-22;JOVELINA DE CARVALHO DOS SANTOS;707409011228276;00800640195;FEMININO;672268879;4;510;;;;S934;ENTORSE E DISTENSAO DO TORNOZELO 
2026-06-23 19:59:58;500769;SAO GABRIEL DO OESTE;6354265;CENTRAL DE REGULACAO DE SAO GABRIEL DO OESTE;500769;SAO GABRIEL DO OESTE;1;1;2026-04-15 17:04:49;3100000;RESSONANCIA MAGNETICA DE TORNOZELO DIREITO;3100000;GRUPO - RESSONANCIA MAGNETICA;0207030030;RESSONANCIA MAGNETICA DE MEMBRO INFERIOR (UNILATERAL);GLACI SOARES RODRIGUES;1976-01-31;MARIA TEREZA SOARES RODRIGUES;700501370438559;02048592040;FEMININO;662405949;3;17;;;;S932;RUPTURA DE LIGAMENTOS AO NIVEL DO TORNOZELO E DO PE 
2026-06-23 19:59:58;500769;SAO GABRIEL DO OESTE;6354265;CENTRAL DE REGULACAO DE SAO GABRIEL DO OESTE;500769;SAO GABRIEL DO OESTE;1;1;2026-04-16 11:03:50;3100000;RESSONANCIA MAGNETICA DE TORNOZELO DIREITO;3100000;GRUPO - RESSONANCIA MAGNETICA;0207030030;RESSONANCIA MAGNETICA DE MEMBRO INFERIOR (UNILATERAL);ANA CAROLINY DAMASCENO REIS;1994-09-10;REGINA MARIA DE SOUSA DAMASCENO;700804498096085;06035286356;FEMININO;662541494;4;101;;;;S922;FRATURA DE OUTROS OSSOS DO TARSO 
2026-06-23 19:59:58;500769;SAO GABRIEL DO OESTE;6354265;CENTRAL DE REGULACAO DE SAO GABRIEL DO OESTE;500769;SAO GABRIEL DO OESTE;1;1;2026-04-17 10:32:43;3100000;RESSONANCIA MAGNETICA DE TORNOZELO DIREITO;3100000;GRUPO - RESSONANCIA MAGNETICA;0207030030;RESSONANCIA MAGNETICA DE MEMBRO INFERIOR (UNILATERAL);DIONIS DA PENHA CARVALHO;1988-04-10;MARIA DA PENHA;708405749824361;02370326190;MASCULINO;662793270;4;155;;;;M199;ARTROSE NAO ESPECIFICADA 
2026-06-23 19:59:58;500769;SAO GABRIEL DO OESTE;6354265;CENTRAL DE REGULACAO DE SAO GABRIEL DO OESTE;500769;SAO GABRIEL DO OESTE;1;1;2026-04-17 10:17:04;3100000;RESSONANCIA MAGNETICA DE TORNOZELO DIREITO;3100000;GRUPO - RESSONANCIA MAGNETICA;0207030030;RESSONANCIA MAGNETICA DE MEMBRO INFERIOR (UNILATERAL);CATARINA ALMEIDA ORMOND;1974-04-29;ANA FERREIRA DE ALMEIDA;703009867944878;01244713155;FEMININO;662784130;4;152;;;;M255;DOR ARTICULAR 
2026-06-23 19:59:58;500769;SAO GABRIEL DO OESTE;6354265;CENTRAL DE REGULACAO DE SAO GABRIEL DO OESTE;500769;SAO GABRIEL DO OESTE;1;1;2026-04-21 13:41:14;3100000;RESSONANCIA MAGNETICA DE TORNOZELO DIREITO;3100000;GRUPO - RESSONANCIA MAGNETICA;0207030030;RESSONANCIA MAGNETICA DE MEMBRO INFERIOR (UNILATERAL);MARIA CARDOZO GONCALVES DA SILVA;1965-04-09;NAIR CARDOZO GONCALVES;702802657084161;91144760100;FEMININO;663097569;4;272;;;;M179;GONARTROSE NAO ESPECIFICADA 
2026-06-23 19:59:58;500769;SAO GABRIEL DO OESTE;6354265;CENTRAL DE REGULACAO DE SAO GABRIEL DO OESTE;500769;SAO GABRIEL DO OESTE;1;1;2026-04-21 15:23:14;3100000;RESSONANCIA MAGNETICA DE TORNOZELO DIREITO;3100000;GRUPO - RESSONANCIA MAGNETICA;0207030030;RESSONANCIA MAGNETICA DE MEMBRO INFERIOR (UNILATERAL);MIRIAN RIBEIRO DOS SANTOS;1974-07-27;MARIA FAUSTINA RIBEIRO DOS SANTOS;700408451369341;57275041120;FEMININO;663099665;4;348;;;;S934;ENTORSE E DISTENSAO DO TORNOZELO 
2026-06-23 19:59:58;500769;SAO GABRIEL DO OESTE;6354265;CENTRAL DE REGULACAO DE SAO GABRIEL DO OESTE;500769;SAO GABRIEL DO OESTE;1;1;2026-05-28 14:49:22;3100000;RESSONANCIA MAGNETICA DE COXO-FEMURAL DIREITA;3100000;GRUPO - RESSONANCIA MAGNETICA;0207030030;RESSONANCIA MAGNETICA DE MEMBRO INFERIOR (UNILATERAL);MARISA PIRES DE ANDRADE;1972-12-27;EVA HONORIA DE ALMEIDA ANDRADE;704002800230166;00097364258;FEMININO;670482343;4;470;;;;M87;OSTEONECROSE
2026-06-23 19:59:58;500769;SAO GABRIEL DO OESTE;6354265;CENTRAL DE REGULACAO DE SAO GABRIEL DO OESTE;500769;SAO GABRIEL DO OESTE;1;1;2026-04-28 17:34:40;3100000;RESSONANCIA MAGNETICA DE MAO/PUNHO ESQUERDO;3100000;GRUPO - RESSONANCIA MAGNETICA;0207020027;RESSONANCIA MAGNETICA DE MEMBRO SUPERIOR (UNILATERAL);IRANI GONCALVES DIAS;1965-07-05;VILMA VARGAS DIAS;702306119930610;46476318004;MASCULINO;664569380;4;402;;;;D23;OUTRAS NEOPLASIAS BENIGNAS DA PELE
2026-06-23 19:59:58;500769;SAO GABRIEL DO OESTE;6354265;CENTRAL DE REGULACAO DE SAO GABRIEL DO OESTE;500769;SAO GABRIEL DO OESTE;1;1;2026-04-17 17:24:58;3100000;RESSONANCIA MAGNETICA DE PUNHO ESQUERDO;3100000;GRUPO - RESSONANCIA MAGNETICA;0207020027;RESSONANCIA MAGNETICA DE MEMBRO SUPERIOR (UNILATERAL);GENOIR DE BORTOLI;1972-06-24;JOSEPHINA BOTTIN DE BORTOLI;703003822130779;81716656915;MASCULINO;662940386;4;186;;;;M241;OUTROS TRANSTORNOS DAS CARTILAGENS ARTICULARES 
2026-06-23 19:59:58;500769;SAO GABRIEL DO OESTE;6354265;CENTRAL DE REGULACAO DE SAO GABRIEL DO OESTE;500769;SAO GABRIEL DO OESTE;1;1;2026-04-21 13:03:57;3100000;RESSONANCIA MAGNETICA DE PUNHO ESQUERDO;3100000;GRUPO - RESSONANCIA MAGNETICA;0207020027;RESSONANCIA MAGNETICA DE MEMBRO SUPERIOR (UNILATERAL);ARI CIDRAO ROSA;1985-08-16;MAYSA CIDRAO ROSA;700402951973846;96492457153;MASCULINO;663097049;4;248;;;;S525;FRATURA DA EXTREMIDADE DISTAL DO RADIO 
2026-06-23 19:59:58;500769;SAO GABRIEL DO OESTE;6354265;CENTRAL DE REGULACAO DE SAO GABRIEL DO OESTE;500769;SAO GABRIEL DO OESTE;1;1;2026-04-22 15:05:53;3100000;RESSONANCIA MAGNETICA DE PUNHO ESQUERDO;3100000;GRUPO - RESSONANCIA MAGNETICA;0207020027;RESSONANCIA MAGNETICA DE MEMBRO SUPERIOR (UNILATERAL);SANDRA REGINA DA SILVA;1982-04-27;ROMANA VICENTE DA SILVA;708509348522375;01959455141;FEMININO;663330312;4;383;;;;G560;SINDROME DO TUNEL DO CARPO 
2026-06-23 19:59:58;500769;SAO GABRIEL DO OESTE;6354265;CENTRAL DE REGULACAO DE SAO GABRIEL DO OESTE;500769;SAO GABRIEL DO OESTE;1;1;2026-04-21 11:43:47;3100000;RESSONANCIA MAGNETICA DE CRANIO COM CONTRASTE E SEDACAO;3100000;GRUPO - RESSONANCIA MAGNETICA;0207010064;RESSONANCIA MAGNETICA DE CRANIO;KAYLLAN BENICIO FELIX SOUZA;2024-09-10;GISELDA FELIX PINTO;705807486220138;05589330840;MASCULINO;663095912;4;200;;;;G40;EPILEPSIA
2026-06-23 19:59:58;500769;SAO GABRIEL DO OESTE;6354265;CENTRAL DE REGULACAO DE SAO GABRIEL DO OESTE;500769;SAO GABRIEL DO OESTE;1;1;2026-05-28 11:35:48;3100000;RESSONANCIA MAGNETICA DE CRANIO COM CONTRASTE E SEDACAO;3100000;GRUPO - RESSONANCIA MAGNETICA;0207010064;RESSONANCIA MAGNETICA DE CRANIO;ANNE CARLA LIMA DA COSTA;1983-11-11;ROMILDA DE LIMA DA COSTA;702608252163349;07170571609;FEMININO;670411742;4;466;;;;G934;ENCEFALOPATIA NAO ESPECIFICADA 
2026-06-23 19:59:58;500769;SAO GABRIEL DO OESTE;6354265;CENTRAL DE REGULACAO DE SAO GABRIEL DO OESTE;500769;SAO GABRIEL DO OESTE;1;1;2026-06-18 10:45:09;3100000;RESSONANCIA MAGNETICA DE CRANIO COM CONTRASTE E SEDACAO;3100000;GRUPO - RESSONANCIA MAGNETICA;0207010064;RESSONANCIA MAGNETICA DE CRANIO;ANTHONY COIMBRA MIRANDA;2023-01-25;GISLAINE GOMES COIMBRA;702303575719320;11850325170;MASCULINO;674213431;4;535;;;;F90;TRANSTORNOS HIPERCINETICOS
2026-06-23 19:59:58;500769;SAO GABRIEL DO OESTE;2591359;UNIDADE DE SAUDE DA FAMILIA V;500769;SAO GABRIEL DO OESTE;1;1;2026-05-20 09:18:23;0230000;USG DE QUADRIL / COXO FEMURAL ESQUERDO;0230000;GRUPO - ULTRASSONOGRAFIA ARTICULACOES;0205020062;ULTRASSONOGRAFIA DE ARTICULACAO;ANTONIA DE FATIMA DA VITORIA VIEIRA;1960-04-25;SEBASTIANA BARBOSA VITORIA;701006852430394;61537632191;FEMININO;668624114;4;43;;;;M160;COXARTROSE PRIMARIA BILATERAL 
2026-06-23 19:59:58;500769;SAO GABRIEL DO OESTE;8176132;CASA ROSA;500769;SAO GABRIEL DO OESTE;1;1;2026-06-16 09:37:42;0230000;USG DE QUADRIL / COXO FEMURAL ESQUERDO;0230000;GRUPO - ULTRASSONOGRAFIA ARTICULACOES;0205020062;ULTRASSONOGRAFIA DE ARTICULACAO;ORANDINA DE OLIVEIRA;1965-11-07;NILZA BORGES DOS SANTOS;700200951881623;40725030100;FEMININO;673622291;3;12;;;;M79;OUTROS TRANSTORNOS DOS TECIDOS MOLES, NAO CLASSIFICADOS EM OUTRA PARTE
2026-06-23 19:59:58;500769;SAO GABRIEL DO OESTE;6452116;CENTRO DE ESPECIALIDADES MEDICAS;500769;SAO GABRIEL DO OESTE;1;1;2026-06-10 15:37:12;0230000;USG DE QUADRIL / COXO FEMURAL ESQUERDO;0230000;GRUPO - ULTRASSONOGRAFIA ARTICULACOES;0205020062;ULTRASSONOGRAFIA DE ARTICULACAO;ARILDO MARCOS LORDANO;1981-10-16;ZILMA DA SILVA LORDANO;702803695229261;03871356930;MASCULINO;672687559;3;1;;;;Z00;EXAME GERAL E INVESTIGACAO DE PESSOAS SEM QUEIXAS OU DIAGNOSTICO RELATADO
2026-06-23 19:59:58;500769;SAO GABRIEL DO OESTE;6354265;CENTRAL DE REGULACAO DE SAO GABRIEL DO OESTE;500769;SAO GABRIEL DO OESTE;1;1;2026-04-17 17:24:58;3100000;RESSONANCIA MAGNETICA DE PUNHO DIREITO;3100000;GRUPO - RESSONANCIA MAGNETICA;0207020027;RESSONANCIA MAGNETICA DE MEMBRO SUPERIOR (UNILATERAL);GENOIR DE BORTOLI;1972-06-24;JOSEPHINA BOTTIN DE BORTOLI;703003822130779;81716656915;MASCULINO;662940386;4;186;;;;M241;OUTROS TRANSTORNOS DAS CARTILAGENS ARTICULARES 
2026-06-23 19:59:58;500769;SAO GABRIEL DO OESTE;6354265;CENTRAL DE REGULACAO DE SAO GABRIEL DO OESTE;500769;SAO GABRIEL DO OESTE;1;1;2026-05-28 15:34:40;3100000;RESSONANCIA MAGNETICA DE COLUNA TORACICA COM SEDACAO;3100000;GRUPO - RESSONANCIA MAGNETICA;0207010056;RESSONANCIA MAGNETICA DE COLUNA TORACICA;VALDIRA FERREIRA DO CARMO;1957-04-17;MARIA ALVES GOMES;705008073513159;56170238100;FEMININO;670504387;4;474;;;;M541;RADICULOPATIA 
2026-06-23 19:59:58;500769;SAO GABRIEL DO OESTE;6354265;CENTRAL DE REGULACAO DE SAO GABRIEL DO OESTE;500769;SAO GABRIEL DO OESTE;1;1;2026-06-19 14:31:21;3100000;RESSONANCIA MAGNETICA DE SACRO-ILIACAS;3100000;GRUPO - RESSONANCIA MAGNETICA;0207030022;RESSONANCIA MAGNETICA DE BACIA / PELVE / ABDOMEN INFERIOR;JOSUE DA SILVA VAZ;1977-07-30;ANA NISIA DA SILVA;705802410139637;18462849888;MASCULINO;674547748;4;538;;;;M45;ESPONDILITE ANCILOSANTE 
2026-06-23 19:59:58;500769;SAO GABRIEL DO OESTE;6354265;CENTRAL DE REGULACAO DE SAO GABRIEL DO OESTE;500769;SAO GABRIEL DO OESTE;1;1;2026-04-08 16:28:31;3500000;TOMOGRAFIA COMPUTADORIZADA DE CRANIO COM SEDACAO;3500000;GRUPO - TOMOGRAFIA COMPUTADORIZADA;0206010079;TOMOGRAFIA COMPUTADORIZADA DO CRANIO;ARTHUR BLASZAKI LEMOS FILHO;2025-03-10;RAYZA COUTO CORREA;706701218502220;12497298157;MASCULINO;660970772;3;6;;;;G403;EPILEPSIA E SINDROMES EPILEPTICAS GENERALIZADAS IDIOPATICAS 
2026-06-23 19:59:58;500769;SAO GABRIEL DO OESTE;6354265;CENTRAL DE REGULACAO DE SAO GABRIEL DO OESTE;500769;SAO GABRIEL DO OESTE;1;1;2026-04-08 15:37:18;3500000;TOMOGRAFIA COMPUTADORIZADA DE CRANIO COM SEDACAO;3500000;GRUPO - TOMOGRAFIA COMPUTADORIZADA;0206010079;TOMOGRAFIA COMPUTADORIZADA DO CRANIO;HEITOR OLIVEIRA CELESTRINO;2021-06-16;MARCIELI OLIVEIRA ANTUNES;708407774742367;11208959107;MASCULINO;660949376;3;2;;;;F84;TRANSTORNOS GLOBAIS DO DESENVOLVIMENTO
2026-06-23 19:59:58;500769;SAO GABRIEL DO OESTE;6354265;CENTRAL DE REGULACAO DE SAO GABRIEL DO OESTE;500769;SAO GABRIEL DO OESTE;1;1;2026-04-08 15:31:04;3500000;TOMOGRAFIA COMPUTADORIZADA DE CRANIO COM SEDACAO;3500000;GRUPO - TOMOGRAFIA COMPUTADORIZADA;0206010079;TOMOGRAFIA COMPUTADORIZADA DO CRANIO;DAVI SILVA DOS SANTOS;1983-09-05;RAIMUNDA GOMES DA SILVA;700001878605407;53042301249;MASCULINO;660946355;3;1;;;;G930;CISTOS CEREBRAIS 
2026-06-23 19:59:58;500769;SAO GABRIEL DO OESTE;6354265;CENTRAL DE REGULACAO DE SAO GABRIEL DO OESTE;500769;SAO GABRIEL DO OESTE;1;1;2026-04-22 16:50:01;3500000;TOMOGRAFIA COMPUTADORIZADA DE CRANIO COM SEDACAO;3500000;GRUPO - TOMOGRAFIA COMPUTADORIZADA;0206010079;TOMOGRAFIA COMPUTADORIZADA DO CRANIO;MATHEUS SOUZA MATOS;2021-01-20;JAQUELINE SILVA DE SOUZA;706404335640390;11038182107;MASCULINO;663379162;4;50;;;;Q758;OUTRAS MALFORMACOES CONGENITAS ESPECIFICADAS DOS OSSOS DO CRANIO E DA FACE 
2026-06-23 19:59:58;500769;SAO GABRIEL DO OESTE;6354265;CENTRAL DE REGULACAO DE SAO GABRIEL DO OESTE;500769;SAO GABRIEL DO OESTE;1;1;2026-04-17 08:36:39;3100000;RESSONANCIA MAGNETICA DE SACRO-ILIACA DIREITA;3100000;GRUPO - RESSONANCIA MAGNETICA;0207030030;RESSONANCIA MAGNETICA DE MEMBRO INFERIOR (UNILATERAL);CRISTIANE NASCIMENTO SANTOS SOUZA;1985-04-07;MARIA APARECIDA BALBINO NASCIMENTO SANTOS;701803201028970;01558258108;FEMININO;662731041;4;132;;;;M545;DOR LOMBAR BAIXA 
