solicitacao;codigo_interno;codigo_unificado;descricao_procedimento;cpf_proficional_executante;nome_profissional_executante;data_agendamento;hr_agendamento;tipo;cns;nome;dt_nascimento;idade;idade_meses;nome_mae;tipo_logradouro;logradouro;complemento;numero_logradouro;bairro;cep;telefone;municipio;ibge;mun_solicitante;ibge_solicitante;cnes_solicitante;unidade_fantasia;sexo;data_solicitacao;operador_solicitante;data_autorizacao;operador_autorizador;valor_procedimento;situacao;cid;cpf_profissional_solicitante;nome_profissional_solicitante
673444957;0299008;0301010072;CONSULTA EM CIRURGIA VASCULAR – GERAL;70808015087;CELIO HELEGDA;06.10.2026;18:00;1;706800719060423;SANTINA ELSA VIEDA BOMBIERI;11.01.1953;73;884;CLARINDA CORREA DA ROSA;RUA;ANHUMAS;;626;JARDIM GRAMADO;79490000;(67)99892-6546 / (67)99651-8682;SAO GABRIEL DO OESTE;500769;SAO GABRIEL DO OESTE;500769;6452116;CENTRO DE ESPECIALIDADES MEDICAS;F;15.06.2026;TAINA_CEM;14.07.2026;VANIA_MARIANO;10.00;PENDENTE;Z00;70808015087;CELIO HELEGDA
673620074;0299008;0301010072;CONSULTA EM CIRURGIA VASCULAR – GERAL;70808015087;CELIO HELEGDA;06.10.2026;18:00;1;703409230661916;ERLANDIA FERREIRA GOMES DE OLIVEIRA;14.03.1983;43;522;MARIA ELIZETE FERREIRA GOMES;RUA;Q;CASA DO FUNDO;534;CIDADE JARDIM;79492148;(67)99882-3621 / (67)99882-3621;SAO GABRIEL DO OESTE;500769;SAO GABRIEL DO OESTE;500769;6452116;CENTRO DE ESPECIALIDADES MEDICAS;F;16.06.2026;TAINA_CEM;14.07.2026;VANIA_MARIANO;10.00;PENDENTE;Z00;70808015087;CELIO HELEGDA
673868628;0299008;0301010072;CONSULTA EM CIRURGIA VASCULAR – GERAL;70808015087;CELIO HELEGDA;06.10.2026;18:00;0;706305700963370;SERGIO DA SILVA;14.03.1950;76;918;MARIA FERREIRA DA SILVA;RUA;TICO TICO;CASA;239;FENIX;79490000;(67)99962-1415;SAO GABRIEL DO OESTE;500769;SAO GABRIEL DO OESTE;500769;6452116;CENTRO DE ESPECIALIDADES MEDICAS;M;17.06.2026;TAINA_CEM;14.07.2026;VANIA_MARIANO;10.00;PENDENTE;Z00;70808015087;CELIO HELEGDA
673902266;0299008;0301010072;CONSULTA EM CIRURGIA VASCULAR – GERAL;70808015087;CELIO HELEGDA;06.10.2026;18:00;0;700003046900702;LUIZ CARLOS MORONA;28.09.1955;71;852;OLGA MORONA;RUA;SERGIPE;COHAB IV;525;PRIMO MAFFISSONI;79490000;(67)98176-8009;SAO GABRIEL DO OESTE;500769;SAO GABRIEL DO OESTE;500769;6452116;CENTRO DE ESPECIALIDADES MEDICAS;M;17.06.2026;TAINA_CEM;14.07.2026;VANIA_MARIANO;10.00;PENDENTE;Z00;70808015087;CELIO HELEGDA
676427339;0299008;0301010072;CONSULTA EM CIRURGIA VASCULAR – GERAL;70808015087;CELIO HELEGDA;06.10.2026;19:00;0;702307192528615;VALDIRA ALECRIM DA SILVA;14.05.1968;58;700;VALDELICE ALECRIM DA SILVA;CHACARA;ALECRIM;ITAQUI;12;RURAL;79490000;(67)99604-5538 / (67)99843-0663;SAO GABRIEL DO OESTE;500769;SAO GABRIEL DO OESTE;500769;6452116;CENTRO DE ESPECIALIDADES MEDICAS;F;01.07.2026;ARI_CEM;23.08.2026;VANIA_MARIANO;10.00;PENDENTE;Z00;70808015087;CELIO HELEGDA
676555632;0299008;0301010072;CONSULTA EM CIRURGIA VASCULAR – GERAL;70808015087;CELIO HELEGDA;06.10.2026;18:00;0;706308125686380;TEREZA DA SILVA;29.11.1960;65;790;MARINA ELOY;RUA;CURICACA;CASA;1580;CONJUNTO FENIX;79490000;(67)9904-1847;SAO GABRIEL DO OESTE;500769;SAO GABRIEL DO OESTE;500769;2370980;UNIDADE DE SAUDE DA FAMILIA JARDIM GRAMADO I;F;01.07.2026;ELISANGELA_UNIDADEI;23.08.2026;VANIA_MARIANO;10.00;PENDENTE;I83;01454652179;MAYARA MARIA MELKE GUIMARAES
676680775;0299008;0301010072;CONSULTA EM CIRURGIA VASCULAR – GERAL;70808015087;CELIO HELEGDA;06.10.2026;19:00;0;703406341160300;MARIA LUIZA TREVISOL GUERINI CITRON;02.10.1964;62;744;VILMA TREVISOL GUERINI;RUA;CHÁCARA FIGUEIRA;;S/N;FENIX;79490000;(67)99927-6885;SAO GABRIEL DO OESTE;500769;SAO GABRIEL DO OESTE;500769;6452116;CENTRO DE ESPECIALIDADES MEDICAS;F;02.07.2026;PATRICKMASIAGA;23.08.2026;VANIA_MARIANO;10.00;PENDENTE;Z00;70808015087;CELIO HELEGDA
676752952;0299008;0301010072;CONSULTA EM CIRURGIA VASCULAR – GERAL;70808015087;CELIO HELEGDA;06.10.2026;19:00;0;708401223347164;IVONE DE LIMA TELES BRAGA;10.11.1975;50;610;IDALINA DE LIMA TELES;RUA;FENIX;CASA;1546;CONJ FENIX;79490000;(67)9914-5015;SAO GABRIEL DO OESTE;500769;SAO GABRIEL DO OESTE;500769;6452116;CENTRO DE ESPECIALIDADES MEDICAS;F;02.07.2026;PATRICKMASIAGA;23.08.2026;VANIA_MARIANO;10.00;PENDENTE;Z00;70808015087;CELIO HELEGDA
676824850;0299008;0301010072;CONSULTA EM CIRURGIA VASCULAR – GERAL;70808015087;CELIO HELEGDA;13.10.2026;19:00;0;700009551708908;VERA LUCIA VILASBOAS JARA;16.12.1974;51;621;IRACY FERREIRA VILASBOAS;RUA;TICO-TICO;;150;FENIX;79491096;(67)99955-1524 / (67)99859-4258;SAO GABRIEL DO OESTE;500769;SAO GABRIEL DO OESTE;500769;6452116;CENTRO DE ESPECIALIDADES MEDICAS;F;02.07.2026;PATRICKMASIAGA;23.08.2026;VANIA_MARIANO;10.00;PENDENTE;Z016;70808015087;CELIO HELEGDA
676852911;0299008;0301010072;CONSULTA EM CIRURGIA VASCULAR – GERAL;70808015087;CELIO HELEGDA;06.10.2026;18:00;0;700503969015650;SANDRA RECHER;04.07.1982;44;531;ROSELI GOMES RECHER;RUA;CONDE PORTO ALEGRE;CASA;1318;MILANI;79490000;(67)99977-9940;SAO GABRIEL DO OESTE;500769;SAO GABRIEL DO OESTE;500769;2370972;UNIDADE DE SAUDE DA FAMILIA MILANE II;F;02.07.2026;FLAVIA_RODRIGUES;23.08.2026;VANIA_MARIANO;10.00;PENDENTE;L83;02453491113;MILENA GUEDIN VARGAS
676860851;0299008;0301010072;CONSULTA EM CIRURGIA VASCULAR – GERAL;70808015087;CELIO HELEGDA;13.10.2026;19:00;0;706001822247946;VANERI FERRARINI GUERINI;03.08.1958;68;818;HELENA MINUSCULI;RUA;CHÁCARA MATE AMARGO;;S/N;FÊNIX;79490000;(67)99928-0191;SAO GABRIEL DO OESTE;500769;SAO GABRIEL DO OESTE;500769;7002084;UNIDADE DE SAUDE DA FAMILIA IX;F;02.07.2026;AMANDALUIZA_BIAZUS;23.08.2026;VANIA_MARIANO;10.00;PENDENTE;I83;01415181110;ANGELA BENITES
676936661;0299008;0301010072;CONSULTA EM CIRURGIA VASCULAR – GERAL;70808015087;CELIO HELEGDA;06.10.2026;18:00;0;705001860521458;VALDECIR PRADO CINTRA;06.11.1968;57;695;LURDES PRADO CINTRA;FAZENDA;RANCHO SAO JORGE;PROXIMO AREADO;S/N;AREA RURAL DE SAO GABRIEL DO OESTE;79493899;(67)99888-6328;SAO GABRIEL DO OESTE;500769;SAO GABRIEL DO OESTE;500769;2370972;UNIDADE DE SAUDE DA FAMILIA MILANE II;M;03.07.2026;VANESSAMARTINS_AREADO;23.08.2026;VANIA_MARIANO;10.00;PENDENTE;I83;83798633134;JOAO BAPTISTA BARBOSA SOUZA
676943299;0299008;0301010072;CONSULTA EM CIRURGIA VASCULAR – GERAL;70808015087;CELIO HELEGDA;13.10.2026;19:00;0;700206482655028;VANIA JANETE RODRIGUES DA SILVA;17.02.1974;52;631;TEREZINHA CROZARO DALLA PALMA;AVENIDA;TUIUIU;;498;JARDIM GRAMADO;79490000;(67)3295-4435;SAO GABRIEL DO OESTE;500769;SAO GABRIEL DO OESTE;500769;6452116;CENTRO DE ESPECIALIDADES MEDICAS;F;03.07.2026;PATRICKMASIAGA;23.08.2026;VANIA_MARIANO;10.00;PENDENTE;Z016;70808015087;CELIO HELEGDA
677390806;0299008;0301010072;CONSULTA EM CIRURGIA VASCULAR – GERAL;70808015087;CELIO HELEGDA;13.10.2026;19:00;0;708006346787020;FRANCISCA MARQUES DE BARROS DE OMENA;02.05.1954;72;869;MARIA JULIA DE BARROS;AVENIDA;JUSCELINO KUBISCHEK;;372;CENTRO;79490000;(67)99926-3150;SAO GABRIEL DO OESTE;500769;SAO GABRIEL DO OESTE;500769;2599376;UNIDADE DE SAUDE DA FAMILIA VI;F;06.07.2026;JESSICAELOY_CUNHA;23.08.2026;VANIA_MARIANO;10.00;PENDENTE;I839;06437691107;MAIARA FLORES SCARIOT
677394559;0299008;0301010072;CONSULTA EM CIRURGIA VASCULAR – GERAL;70808015087;CELIO HELEGDA;06.10.2026;18:00;0;700208946289727;VALDIR MEIRA DE BRITO;21.03.1950;76;918;MARIA ANUNCIACAO DE SOUZA;RUA;H;;298;CIDADE JARDIM;79492128;(67)99914-4045 / (67)99637-3455;SAO GABRIEL DO OESTE;500769;SAO GABRIEL DO OESTE;500769;2370972;UNIDADE DE SAUDE DA FAMILIA MILANE II;M;06.07.2026;FLAVIA_RODRIGUES;23.08.2026;VANIA_MARIANO;10.00;PENDENTE;E106;83798633134;JOAO BAPTISTA BARBOSA SOUZA
679506930;0299008;0301010072;CONSULTA EM CIRURGIA VASCULAR – GERAL;70808015087;CELIO HELEGDA;13.10.2026;18:00;1;706900198607933;MARIA DE FATIMA RODRIGUES DA SILVA;14.06.1974;52;627;NEUZA RODRIGUES DA SILVA;RUA;AZULAO;;1245;FENIX;79491104;(67)99914-0797;SAO GABRIEL DO OESTE;500769;SAO GABRIEL DO OESTE;500769;6452116;CENTRO DE ESPECIALIDADES MEDICAS;F;16.07.2026;PATRICKMASIAGA;16.07.2026;PATRICKMASIAGA;10.00;PENDENTE;Z016;70808015087;CELIO HELEGDA
679561934;0299008;0301010072;CONSULTA EM CIRURGIA VASCULAR – GERAL;70808015087;CELIO HELEGDA;13.10.2026;18:00;1;700602994189762;THAIS RAISSA DA SILVA;03.11.1995;30;371;HORTELINA SIRLEIDE DA SILVA;RUA;OTACILIO BORGES DE REZENDO;NÃO SABE O NOME DO ACS;774;PARQUE DOS DIAMANTES;79450000;(67)99976-6345;ROCHEDO;500750;SAO GABRIEL DO OESTE;500769;6452116;CENTRO DE ESPECIALIDADES MEDICAS;F;16.07.2026;PATRICKMASIAGA;16.07.2026;PATRICKMASIAGA;10.00;PENDENTE;Z016;70808015087;CELIO HELEGDA
679677097;0299008;0301010072;CONSULTA EM CIRURGIA VASCULAR – GERAL;70808015087;CELIO HELEGDA;13.10.2026;18:00;1;702807187720266;CONCEICAO APARECIDA DE BARROS DA SILVA;08.07.1969;57;686;MARIA JULIA DE BARROS;CHACARA;NOSSA SENHORA APARECIDA;;S/N;RURAL;79490000;(67)99847-6132;SAO GABRIEL DO OESTE;500769;SAO GABRIEL DO OESTE;500769;6452116;CENTRO DE ESPECIALIDADES MEDICAS;F;17.07.2026;TAINA_CEM;17.07.2026;TAINA_CEM;10.00;PENDENTE;I250;98260570106;CLAUDIA REGINA DUARTE CAZZOLATO KHALIL
680028727;0299008;0301010072;CONSULTA EM CIRURGIA VASCULAR – GERAL;70808015087;CELIO HELEGDA;13.10.2026;18:00;1;700009160642402;NOELI BLATT KUFFEL;20.05.1962;64;772;ROMILDA BLATT;RUA;CEREJEIRA;LOTE - CASA;398;SÃO CRISTÓVÃO;79490000;(67)9641-6990 / (67)99641-6990;SAO GABRIEL DO OESTE;500769;SAO GABRIEL DO OESTE;500769;6452116;CENTRO DE ESPECIALIDADES MEDICAS;F;20.07.2026;TAINA_CEM;20.07.2026;TAINA_CEM;10.00;PENDENTE;Z00;70808015087;CELIO HELEGDA
680500214;0299008;0301010072;CONSULTA EM CIRURGIA VASCULAR – GERAL;70808015087;CELIO HELEGDA;06.10.2026;18:00;0;700902972347591;VALDIR DE OLIVEIRA;22.01.1953;73;884;PETRONILDA DE OLIVEIRA;RUA;ESPIRITO SANTO 2400/99999;;3074;AMABILE MAFFISSONI;79490108;(67)99612-2688;SAO GABRIEL DO OESTE;500769;SAO GABRIEL DO OESTE;500769;2370964;UNIDADE DE SAUDE DA FAMILIA III;M;22.07.2026;ANACLAUDIA_NOGUEIRA;23.08.2026;VANIA_MARIANO;10.00;PENDENTE;Z000;;ANGELA BENITES
681091860;0299008;0301010072;CONSULTA EM CIRURGIA VASCULAR – GERAL;70808015087;CELIO HELEGDA;13.10.2026;18:00;1;700000247110900;NELSI MARIA VOGT;26.11.1963;62;754;RAINILDA HECK KREMER;RUA;CURICACA;;405;JARDIM GRAMADO;79490000;(67)3295-2991;SAO GABRIEL DO OESTE;500769;SAO GABRIEL DO OESTE;500769;6452116;CENTRO DE ESPECIALIDADES MEDICAS;F;24.07.2026;PATRICKMASIAGA;18.09.2026;VANIA_MARIANO;10.00;PENDENTE;Z016;70808015087;CELIO HELEGDA
681199112;0299008;0301010072;CONSULTA EM CIRURGIA VASCULAR – GERAL;70808015087;CELIO HELEGDA;20.10.2026;18:00;1;708007818982027;ROSANE DOS SANTOS KUNRATH;11.02.1963;63;763;NOEMIA BARBOSA DOS SANTOS;RUA;AANHUMAS;;1427;JARDIM GRAMADO;79490000;(49)8816-9328 / (67)99816-3536;SAO GABRIEL DO OESTE;500769;SAO GABRIEL DO OESTE;500769;6452116;CENTRO DE ESPECIALIDADES MEDICAS;F;27.07.2026;PATRICKMASIAGA;27.07.2026;PATRICKMASIAGA;10.00;PENDENTE;Z016;70808015087;CELIO HELEGDA
681530309;0299008;0301010072;CONSULTA EM CIRURGIA VASCULAR – GERAL;70808015087;CELIO HELEGDA;20.10.2026;18:00;1;707809699641317;VANDA NATALIA DEVISE;25.06.1999;27;327;LEILA BARROS DO NASCIMENTO DEVISE;RUA;GOIAS;;2411;CENTRO;79490000;(67)99857-8996;SAO GABRIEL DO OESTE;500769;SAO GABRIEL DO OESTE;500769;6452116;CENTRO DE ESPECIALIDADES MEDICAS;F;28.07.2026;TAINA_CEM;28.07.2026;TAINA_CEM;10.00;PENDENTE;Z00;70808015087;CELIO HELEGDA
681601295;0299008;0301010072;CONSULTA EM CIRURGIA VASCULAR – GERAL;70808015087;CELIO HELEGDA;13.10.2026;18:00;0;708708156323398;CREUZA ROSA BILAIA DA SILVA;04.01.1958;68;825;MARIA ROSA DE ASSIS;RUA;CURIO;CASA 03;333;JARDIM GRAMADO;79491012;(67)99846-1521;SAO GABRIEL DO OESTE;500769;SAO GABRIEL DO OESTE;500769;5971055;UNIDADE DE SAUDE DA FAMILIA VIII;F;28.07.2026;JESSICAPADILHA;18.09.2026;VANIA_MARIANO;10.00;PENDENTE;M796;04805244160;RENNAN ORTIZ BUENO
681736419;0299008;0301010072;CONSULTA EM CIRURGIA VASCULAR – GERAL;70808015087;CELIO HELEGDA;20.10.2026;18:00;1;700400437734847;ELCI RODRIGUES DA ROSA;13.03.1957;69;834;ADELAIDA BECKMANN DA ROSA;RUA;BAHIA;;2579;AMABILE MAFFISSONI;79490106;(67)3295-3574 / (67)99625-1440;SAO GABRIEL DO OESTE;500769;SAO GABRIEL DO OESTE;500769;6452116;CENTRO DE ESPECIALIDADES MEDICAS;F;29.07.2026;PATRICKMASIAGA;29.07.2026;PATRICKMASIAGA;10.00;PENDENTE;Z016;70808015087;CELIO HELEGDA
681748553;0299008;0301010072;CONSULTA EM CIRURGIA VASCULAR – GERAL;70808015087;CELIO HELEGDA;20.10.2026;18:00;1;701403600142630;JOSE ALVES DE OLIVEIRA;26.06.1948;78;939;MARIA FRANCISCO DE OLIVEIRA;RUA;RAIMUNDO DO PRADO;;1212;JARDIM PRIMAVERA;79490122;(67)99214-3435;SAO GABRIEL DO OESTE;500769;SAO GABRIEL DO OESTE;500769;6452116;CENTRO DE ESPECIALIDADES MEDICAS;M;29.07.2026;TAINA_CEM;29.07.2026;TAINA_CEM;10.00;PENDENTE;Z016;70808015087;CELIO HELEGDA
681762660;0299008;0301010072;CONSULTA EM CIRURGIA VASCULAR – GERAL;70808015087;CELIO HELEGDA;20.10.2026;18:00;1;706706515926216;MARIA SOCORRO ASSIS RIBEIRO;08.10.1949;76;923;RAIMUNDA FRANCA ASSIS RIBEIRO;RUA;CURICACA;;1101;JARDIM GRAMADO;79490000;(67)9849-0159;SAO GABRIEL DO OESTE;500769;SAO GABRIEL DO OESTE;500769;6452116;CENTRO DE ESPECIALIDADES MEDICAS;F;29.07.2026;PATRICKMASIAGA;18.09.2026;VANIA_MARIANO;10.00;PENDENTE;Z016;70808015087;CELIO HELEGDA
681808467;0299008;0301010072;CONSULTA EM CIRURGIA VASCULAR – GERAL;70808015087;CELIO HELEGDA;20.10.2026;18:00;1;700004282627403;ROSI MARIA ZANDOMENICHI;25.05.1968;58;700;ROSINA ZANDOMENICHI;FAZENDA;MARACANA;DISTRITO AREADO;S/N;ZONA RURAL;79493899;(67)99661-2360;SAO GABRIEL DO OESTE;500769;SAO GABRIEL DO OESTE;500769;6452116;CENTRO DE ESPECIALIDADES MEDICAS;F;29.07.2026;PATRICKMASIAGA;18.09.2026;VANIA_MARIANO;10.00;PENDENTE;Z016;70808015087;CELIO HELEGDA
682094901;0299008;0301010072;CONSULTA EM CIRURGIA VASCULAR – GERAL;70808015087;CELIO HELEGDA;27.10.2026;18:00;1;700505961013952;CEZONIA DE JESUS;18.06.1943;83;999;MARIA WARMLING BECKHAUSER;RUA;PIRATINI;;411;MILANI;79490000;(67)9638-2262;SAO GABRIEL DO OESTE;500769;SAO GABRIEL DO OESTE;500769;6452116;CENTRO DE ESPECIALIDADES MEDICAS;F;30.07.2026;PATRICKMASIAGA;30.07.2026;PATRICKMASIAGA;10.00;PENDENTE;Z016;70808015087;CELIO HELEGDA
682282267;0299008;0301010072;CONSULTA EM CIRURGIA VASCULAR – GERAL;70808015087;CELIO HELEGDA;27.10.2026;18:00;1;700100940807916;MARIA LUIZA LORENA;02.10.1964;62;744;IRENE LORENA;RUA;SANTA MARIA;;1862;MILANI;79492074;(67)99807-6532;SAO GABRIEL DO OESTE;500769;SAO GABRIEL DO OESTE;500769;6452116;CENTRO DE ESPECIALIDADES MEDICAS;F;31.07.2026;TAINA_CEM;31.07.2026;TAINA_CEM;10.00;PENDENTE;Z016;70808015087;CELIO HELEGDA
682610320;0299008;0301010072;CONSULTA EM CIRURGIA VASCULAR – GERAL;70808015087;CELIO HELEGDA;27.10.2026;18:00;1;706204051662162;CECILIA PEREIRA DA SILVA ROSA;02.05.1963;63;761;MARIA JOSEFA DA CONCEICAO;RUA;SARACURA;;553;JARDIM GRAMADO;79490000;(67)99698-9110;SAO GABRIEL DO OESTE;500769;SAO GABRIEL DO OESTE;500769;6452116;CENTRO DE ESPECIALIDADES MEDICAS;F;03.08.2026;TAINA_CEM;03.08.2026;TAINA_CEM;10.00;PENDENTE;Z00;70808015087;CELIO HELEGDA
682763653;0299008;0301010072;CONSULTA EM CIRURGIA VASCULAR – GERAL;70808015087;CELIO HELEGDA;27.10.2026;18:00;1;703203667667393;CLAUDETE PAULINO;29.04.1963;63;761;HILDEGA FRIGER GUTH;AVENIDA;SAO FRANCISCO;;2274;CENTRO;79490000;(67)9676-9051;SAO GABRIEL DO OESTE;500769;SAO GABRIEL DO OESTE;500769;6452116;CENTRO DE ESPECIALIDADES MEDICAS;F;03.08.2026;PATRICKMASIAGA;03.08.2026;PATRICKMASIAGA;10.00;PENDENTE;Z016;70808015087;CELIO HELEGDA
684473895;0299008;0301010072;CONSULTA EM CIRURGIA VASCULAR – GERAL;70808015087;CELIO HELEGDA;13.10.2026;19:00;1;706004359876444;ANA MARIA VAZ VIEIRA;01.08.1957;69;830;CARMEN VAZ DA ROSA;RUA;ANTONIO ALMEIDA;;10;CORONEL MANOEL MARIANO;79480000;(67)99636-7692;RIO VERDE DE MATO GROSSO;500740;SAO GABRIEL DO OESTE;500769;6452116;CENTRO DE ESPECIALIDADES MEDICAS;F;12.08.2026;PATRICKMASIAGA;12.08.2026;PATRICKMASIAGA;10.00;PENDENTE;Z016;70808015087;CELIO HELEGDA
684718950;0299008;0301010072;CONSULTA EM CIRURGIA VASCULAR – GERAL;70808015087;CELIO HELEGDA;06.10.2026;19:00;1;706203021867067;ELZA MELLO;24.06.1964;62;747;MARIA PONCIO DE OLIVEIRA;RUA;PERDIZES;;475;JARDIM GRAMADO;79490000;(67)99692-0945;SAO GABRIEL DO OESTE;500769;SAO GABRIEL DO OESTE;500769;6452116;CENTRO DE ESPECIALIDADES MEDICAS;F;13.08.2026;TAINA_CEM;13.08.2026;TAINA_CEM;10.00;PENDENTE;Z00;70808015087;CELIO HELEGDA
685900425;0299008;0301010072;CONSULTA EM CIRURGIA VASCULAR – GERAL;70808015087;CELIO HELEGDA;27.10.2026;19:00;1;708204660974446;MARIA AUZENIRA DA SILVA;15.12.1949;76;921;ANTONIA ISABEL DE JESUS;RUA;SARACURA 1/1465;;498;JARDIM GRAMADO;79491002;(67)99609-2541;SAO GABRIEL DO OESTE;500769;SAO GABRIEL DO OESTE;500769;6452116;CENTRO DE ESPECIALIDADES MEDICAS;F;19.08.2026;TAINA_CEM;19.08.2026;TAINA_CEM;10.00;PENDENTE;Z00;70808015087;CELIO HELEGDA
686172331;0299008;0301010072;CONSULTA EM CIRURGIA VASCULAR – GERAL;70808015087;CELIO HELEGDA;20.10.2026;19:00;1;706203582180567;GILBERTO BRUSQUI TAKUNO;09.08.1957;69;829;AUGUSTA BRUSQUI TAKUNO;CHACARA;TRES DE MAIO;;31;ASSENTAMENTO ITAQUI;79490000;(67)99925-2222;SAO GABRIEL DO OESTE;500769;SAO GABRIEL DO OESTE;500769;6452116;CENTRO DE ESPECIALIDADES MEDICAS;M;20.08.2026;TAINA_CEM;20.08.2026;TAINA_CEM;10.00;PENDENTE;Z00;70808015087;CELIO HELEGDA
686439508;0299008;0301010072;CONSULTA EM CIRURGIA VASCULAR – GERAL;70808015087;CELIO HELEGDA;06.10.2026;19:00;1;705009408527459;MARIA OLIDIA DE JESUS;13.06.1953;73;879;FRANCELINA MARIA DE JESUS;RUA;TICO-TICO;;332;FENIX;79491096;(67)99648-9854 / (67)99946-7787;SAO GABRIEL DO OESTE;500769;SAO GABRIEL DO OESTE;500769;6452116;CENTRO DE ESPECIALIDADES MEDICAS;F;21.08.2026;TAINA_CEM;21.08.2026;TAINA_CEM;10.00;PENDENTE;Z00;70808015087;CELIO HELEGDA
686673900;0299008;0301010072;CONSULTA EM CIRURGIA VASCULAR – GERAL;70808015087;CELIO HELEGDA;20.10.2026;19:00;1;702507320489631;LUCIANA DE FATIMA SAURO;22.08.1971;55;661;DEVANIR AMBROSINI SAURO;FAZENDA;HOMEM MAU;;S/N;ZONA RURAL;79490000;(67)9803-9125;SAO GABRIEL DO OESTE;500769;SAO GABRIEL DO OESTE;500769;6452116;CENTRO DE ESPECIALIDADES MEDICAS;F;24.08.2026;TAINA_CEM;24.08.2026;TAINA_CEM;10.00;PENDENTE;Z00;70808015087;CELIO HELEGDA
687168594;0299008;0301010072;CONSULTA EM CIRURGIA VASCULAR – GERAL;70808015087;CELIO HELEGDA;20.10.2026;19:00;1;704306597128294;LEUCADIA DE VARGAS FOLETTO;07.06.1981;45;543;IRACEMA LOURDES TEODORO DE VARGAS;ACAMPAMENTO;ITAQUI;;S/N;RURAL;79490000;(65)9904-2880;SAO GABRIEL DO OESTE;500769;SAO GABRIEL DO OESTE;500769;6452116;CENTRO DE ESPECIALIDADES MEDICAS;F;25.08.2026;TAINA_CEM;25.08.2026;TAINA_CEM;10.00;PENDENTE;Z00;70808015087;CELIO HELEGDA
687257898;0299008;0301010072;CONSULTA EM CIRURGIA VASCULAR – GERAL;70808015087;CELIO HELEGDA;20.10.2026;19:00;1;704602106219522;DELZA FERREIRA RIBEIRO;08.06.1957;69;831;INACIA ROSA FERREIRA;LOTEAMENTO;PATATIVAS;LOTE;35;ZONA RURAL;79493899;(67)99274-0028 / (67)99612-8199;SAO GABRIEL DO OESTE;500769;SAO GABRIEL DO OESTE;500769;6452116;CENTRO DE ESPECIALIDADES MEDICAS;F;26.08.2026;ANDREIA_CEM;26.08.2026;ANDREIA_CEM;10.00;PENDENTE;Z016;70808015087;CELIO HELEGDA
687751047;0299008;0301010072;CONSULTA EM CIRURGIA VASCULAR – GERAL;70808015087;CELIO HELEGDA;20.10.2026;19:00;1;700005311012603;JANGO BARBOSA DA SILVA;07.02.1949;77;931;BELMIRA DIAS BARBOSA;RUA;FENIX;;356;FENIX;79491110;(67)99300-6447;SAO GABRIEL DO OESTE;500769;SAO GABRIEL DO OESTE;500769;6452116;CENTRO DE ESPECIALIDADES MEDICAS;M;28.08.2026;TAINA_CEM;28.08.2026;TAINA_CEM;10.00;PENDENTE;Z00;70808015087;CELIO HELEGDA
687800262;0299008;0301010072;CONSULTA EM CIRURGIA VASCULAR – GERAL;70808015087;CELIO HELEGDA;27.10.2026;19:00;1;705402496804298;SILMARA GOULART DA SILVA;13.01.1983;43;524;CLEUZA GOULART DA SILVA;RUA;JURITI;CASA;305;CONJUNTO FENIX;79490000;(67)99686-0150;SAO GABRIEL DO OESTE;500769;SAO GABRIEL DO OESTE;500769;6452116;CENTRO DE ESPECIALIDADES MEDICAS;F;28.08.2026;TAINA_CEM;28.08.2026;TAINA_CEM;10.00;PENDENTE;Z00;70808015087;CELIO HELEGDA
687804246;0299008;0301010072;CONSULTA EM CIRURGIA VASCULAR – GERAL;70808015087;CELIO HELEGDA;27.10.2026;19:00;1;708704110652492;IVONE CERVIERI PECINI;19.05.1965;61;736;MARECI CERVIERI;RUA;SANTA CATARINA;CASA 02;1650;CAPÃO REDONDO;79490000;(67)99685-8618;SAO GABRIEL DO OESTE;500769;SAO GABRIEL DO OESTE;500769;6452116;CENTRO DE ESPECIALIDADES MEDICAS;F;28.08.2026;TAINA_CEM;28.08.2026;TAINA_CEM;10.00;PENDENTE;Z00;70808015087;CELIO HELEGDA
688134009;0299008;0301010072;CONSULTA EM CIRURGIA VASCULAR – GERAL;70808015087;CELIO HELEGDA;27.10.2026;19:00;1;704205240693388;SIMONE DA SILVA;03.12.1963;62;754;LAURA TEREZA DA SILVA;RUA;AMAZONAS;;2694;AMABILE MAFFISSONI;79490104;(67)99669-5929;SAO GABRIEL DO OESTE;500769;SAO GABRIEL DO OESTE;500769;6452116;CENTRO DE ESPECIALIDADES MEDICAS;F;31.08.2026;TAINA_CEM;31.08.2026;TAINA_CEM;10.00;PENDENTE;Z00;70808015087;CELIO HELEGDA
688274712;0299008;0301010072;CONSULTA EM CIRURGIA VASCULAR – GERAL;70808015087;CELIO HELEGDA;27.10.2026;19:00;1;703003875264079;LAZINHA APARECIDA ARRUDA;31.01.1964;62;752;TERCILIA FONTEBASSO ARRUDA;RUA;JURITI;;172;FENIX;79491092;(67)99618-0202 / (67)99848-2174;SAO GABRIEL DO OESTE;500769;SAO GABRIEL DO OESTE;500769;6452116;CENTRO DE ESPECIALIDADES MEDICAS;F;31.08.2026;ANDREIA_CEM;31.08.2026;ANDREIA_CEM;10.00;PENDENTE;Z016;70808015087;CELIO HELEGDA
689199529;0282063;0301010072;CONSULTA EM OTORRINOLARINGOLOGIA;78877326115;ANA PAULA CAVALIERI PONTES;08.10.2026;18:10;1;703403237353715;RONILDO CORREA;29.01.1972;54;656;LIARIENE DE OLIVEIRA CORREA;RUA;FLOR DO SERRADO;;512;FLOR DO SERRADO;78890000;(21)2105-0000 / (67)99981-5569;SORRISO;510792;SAO GABRIEL DO OESTE;500769;6452116;CENTRO DE ESPECIALIDADES MEDICAS;M;04.09.2026;TAINA_CEM;04.09.2026;TAINA_CEM;10.00;PENDENTE;Z00;78877326115;ANA PAULA CAVALIERI PONTES
690888646;0282063;0301010072;CONSULTA EM OTORRINOLARINGOLOGIA;78877326115;ANA PAULA CAVALIERI PONTES;01.10.2026;18:10;1;704701790534330;MARIA JOSE DE ARRUDA BARBOSA;09.05.1955;71;856;SEBASTIANA FLORENTINA DE ARRUDA;RUA;ALAGOAS;;1465;CENTRO;79490000;(67)99617-9266;SAO GABRIEL DO OESTE;500769;SAO GABRIEL DO OESTE;500769;6452116;CENTRO DE ESPECIALIDADES MEDICAS;F;15.09.2026;PATRICKMASIAGA;15.09.2026;PATRICKMASIAGA;10.00;PENDENTE;Z099;78877326115;ANA PAULA CAVALIERI PONTES
691291194;0282063;0301010072;CONSULTA EM OTORRINOLARINGOLOGIA;78877326115;ANA PAULA CAVALIERI PONTES;01.10.2026;18:10;1;706803277651521;NATALICIO MORAIS DO PRADO;03.01.1965;61;741;OLIVIA RIBEIRO DE MORAIS;RUA;CURRICACA;;497;JARDIM GRAMADO;79490000;(67)9606-5354;SAO GABRIEL DO OESTE;500769;SAO GABRIEL DO OESTE;500769;6452116;CENTRO DE ESPECIALIDADES MEDICAS;M;17.09.2026;PATRICKMASIAGA;17.09.2026;PATRICKMASIAGA;10.00;PENDENTE;Z099;78877326115;ANA PAULA CAVALIERI PONTES
691497673;0282063;0301010072;CONSULTA EM OTORRINOLARINGOLOGIA;78877326115;ANA PAULA CAVALIERI PONTES;29.10.2026;18:10;1;702002839221986;ROGERIO DOS SANTOS FERREIRA;25.08.1979;47;565;NELI DOS SANTOS FERREIRA;RUA;CEREJEIRA;CASA;534;SÃO CRISTOVÃO;79491184;(67)99900-5345;SAO GABRIEL DO OESTE;500769;SAO GABRIEL DO OESTE;500769;7002084;UNIDADE DE SAUDE DA FAMILIA IX;M;17.09.2026;FABIELY_MORAES;17.09.2026;FABIELY_MORAES;10.00;PENDENTE;Z000;;ANA PAULA CAVALIERI PONTES
691645145;0282063;0301010072;CONSULTA EM OTORRINOLARINGOLOGIA;78877326115;ANA PAULA CAVALIERI PONTES;08.10.2026;18:10;1;705807489201436;JOANA CORREA DA SILVA;11.04.1974;52;629;MARIA ANTONIA DA SILVA;RUA;MARIA SEVERO;CASA;2261;PRIMO MAFFISSONI;79490000;(67)99941-3778;SAO GABRIEL DO OESTE;500769;SAO GABRIEL DO OESTE;500769;6452116;CENTRO DE ESPECIALIDADES MEDICAS;F;18.09.2026;PATRICKMASIAGA;18.09.2026;PATRICKMASIAGA;10.00;PENDENTE;Z099;78877326115;ANA PAULA CAVALIERI PONTES
691708044;0282063;0301010072;CONSULTA EM OTORRINOLARINGOLOGIA;78877326115;ANA PAULA CAVALIERI PONTES;01.10.2026;18:00;1;708908709246012;ESTELA MINANO FAGUNDES;01.02.2022;04;56;ESTHER MINANO PEREIRA;RUA;TANGARA;;534;FENIX;79491106;(67)98106-5362;SAO GABRIEL DO OESTE;500769;SAO GABRIEL DO OESTE;500769;7002084;UNIDADE DE SAUDE DA FAMILIA IX;F;18.09.2026;FABIELY_MORAES;24.09.2026;VANIA_MARIANO;10.00;PENDENTE;Z000;;ANA PAULA CAVALIERI PONTES
691736592;0282063;0301010072;CONSULTA EM OTORRINOLARINGOLOGIA;78877326115;ANA PAULA CAVALIERI PONTES;15.10.2026;18:10;1;709001878392113;LENY DE FATIMA WILLER;06.05.1968;58;701;NAIR CHAVES WILLER;RUA;CANARIOS;CASA;473;JARDIM GRAMADO;79490000;(67)99893-5143;SAO GABRIEL DO OESTE;500769;SAO GABRIEL DO OESTE;500769;2370980;UNIDADE DE SAUDE DA FAMILIA JARDIM GRAMADO I;F;18.09.2026;ELISANGELA_UNIDADEI;18.09.2026;ELISANGELA_UNIDADEI;10.00;PENDENTE;H920;;ANA PAULA CAVALERI PONTES
691848108;1314095;0204030153;TORAX (PA + PERFIL);01320968112;MARCELO MARTINS ROCHA;06.10.2026;11:00;0;700805487581581;ZENIR FREITAS DE SOUZA ALENCAR;04.09.1964;62;745;JOZEFA VASCONCELOS DE FREITAS;FAZENDA;SANTA RITA;PROP RITA LUCIA;S/N;RURAL;79490000;(67)99851-5861 / (67)99818-3469;SAO GABRIEL DO OESTE;500769;SAO GABRIEL DO OESTE;500769;3400964;UNIDADE DE SAUDE DA FAMILIA RURAL VII;F;21.09.2026;DULCINEIA_MOCCELIN;21.09.2026;DULCINEIA_MOCCELIN;9.50;PENDENTE;Z000;02453491113;MILENA GUEDIN VARGAS
691850333;1314062;0204060095;BACIA;59241284153;CLODOALDO DE AZEVEDO CARDOSO;06.10.2026;16:00;0;700805487581581;ZENIR FREITAS DE SOUZA ALENCAR;04.09.1964;62;745;JOZEFA VASCONCELOS DE FREITAS;FAZENDA;SANTA RITA;PROP RITA LUCIA;S/N;RURAL;79490000;(67)99851-5861 / (67)99818-3469;SAO GABRIEL DO OESTE;500769;SAO GABRIEL DO OESTE;500769;3400964;UNIDADE DE SAUDE DA FAMILIA RURAL VII;F;21.09.2026;DULCINEIA_MOCCELIN;21.09.2026;DULCINEIA_MOCCELIN;7.77;CONFIRMADO;Z000;02453491113;MILENA GUEDIN VARGAS
691941516;0299008;0301010072;CONSULTA EM CIRURGIA VASCULAR – GERAL;70808015087;CELIO HELEGDA;06.10.2026;17:50;1;707104842642220;ROSALICE RODRIGUES DA CUNHA SANTOS;06.11.1966;59;719;ANTONIA RODRIGUES DE LIMA;RUA;THOMAZ BARBOSA RANGEL;;80;JARDIM JOSE ANTONIO;79480000;(67)99950-1171;RIO VERDE DE MATO GROSSO;500740;SAO GABRIEL DO OESTE;500769;6452116;CENTRO DE ESPECIALIDADES MEDICAS;F;21.09.2026;PATRICKMASIAGA;06.10.2026;VANIA_MARIANO;10.00;PENDENTE;Z099;70808015087;CELIO HELEGDA
692035574;1314095;0204030153;TORAX (PA + PERFIL);87751593172;CRISTIANE DE SOUZA PEREIRA;01.10.2026;16:00;0;702100768792991;MARA DARTE BATISTA DE OLIVEIRA;22.10.1972;53;647;MARIA DO CARMO BATISTA DE OLIVEIRA;RUA;ALAGOAS;;1244;CENTRO;79490000;(67)3295-1949;SAO GABRIEL DO OESTE;500769;SAO GABRIEL DO OESTE;500769;2591359;UNIDADE DE SAUDE DA FAMILIA V;F;21.09.2026;CHRISTIANEHELEN_FREITAS;21.09.2026;CHRISTIANEHELEN_FREITAS;9.50;CONFIRMADO;J189;;PAULO FENELON
692116532;0299008;0301010072;CONSULTA EM CIRURGIA VASCULAR – GERAL;70808015087;CELIO HELEGDA;06.10.2026;17:50;1;703103394012160;ZONI VIEIRA DA SILVA;19.09.1953;73;876;ROZALINA INACIA DA SILVA;RUA;PERNAMBUCO;CASA;2100;CENTRO;79490000;(67)99965-0733;SAO GABRIEL DO OESTE;500769;SAO GABRIEL DO OESTE;500769;7333218;UNIDADE DE SAUDE DA FAMILIA X;M;22.09.2026;RAISSASILVALIMA;06.10.2026;VANIA_MARIANO;10.00;PENDENTE;Z00;;CELIO HELEGDA
692128758;1314054;0204040124;PUNHO E (AP + LATERAL + OBLIQUA);01320968112;MARCELO MARTINS ROCHA;02.10.2026;11:00;0;708907748502619;SONIA REGINA OLIVEIRA DE MENEZES;13.09.1963;63;756;HELENA DE OLIVEIRA MENEZES;RUA;MANOEL ROSA;;344;AMABILE MAFFISSONI;79490114;(67)99896-4381;SAO GABRIEL DO OESTE;500769;SAO GABRIEL DO OESTE;500769;6452116;CENTRO DE ESPECIALIDADES MEDICAS;F;22.09.2026;PATRICKMASIAGA;22.09.2026;PATRICKMASIAGA;6.91;CONFIRMADO;Z099;00468987193;ARTHUR MARTINS DE ALMEIDA
692444511;0299008;0301010072;CONSULTA EM CIRURGIA VASCULAR – GERAL;70808015087;CELIO HELEGDA;06.10.2026;17:50;1;700007676081208;LUCIMARA PEREIRA MENDES;12.12.1971;54;657;CATARINA MENDES PEREIRA;RUA;GAIVOTAS;CASA;1919;FÊNIX;79491094;(67)99889-8210 / (67)9920-0835 / (67)99889-8210;SAO GABRIEL DO OESTE;500769;SAO GABRIEL DO OESTE;500769;6452116;CENTRO DE ESPECIALIDADES MEDICAS;F;23.09.2026;PATRICKMASIAGA;06.10.2026;VANIA_MARIANO;10.00;PENDENTE;Z099;70808015087;CELIO HELEGDA
692565408;1314071;0204060125;JOELHO E (AP + LATERAL);01320968112;MARCELO MARTINS ROCHA;05.10.2026;11:00;0;700806965638181;VANILDA DO BELEM DOS SANTOS MATIAS;05.11.1964;61;743;BRAULINA FAGUNDES DO NASCIMENTO;FAZENDA;CAMPO VERDE;;S/N;ZONA RURAL;79490000;(67)99616-6217;SAO GABRIEL DO OESTE;500769;SAO GABRIEL DO OESTE;500769;3400964;UNIDADE DE SAUDE DA FAMILIA RURAL VII;F;23.09.2026;DULCINEIA_MOCCELIN;23.09.2026;DULCINEIA_MOCCELIN;6.78;CONFIRMADO;M238;02453491113;MILENA GUEDIN VARGAS
692739556;1314095;0204030153;TORAX (PA + PERFIL);87751593172;CRISTIANE DE SOUZA PEREIRA;19.10.2026;21:00;0;701409657559935;TACIARA RAQUEL COSTA TEOTONIO BINELO;29.12.1990;35;429;SUANY DA COSTA SILVA;RUA;MARIA SEVERO;;2026;PRIMO MAFFISSONI;79490284;(81)99605-0981;SAO GABRIEL DO OESTE;500769;SAO GABRIEL DO OESTE;500769;7333218;UNIDADE DE SAUDE DA FAMILIA X;F;24.09.2026;RAISSASILVALIMA;24.09.2026;RAISSASILVALIMA;9.50;PENDENTE;Z00;63805480172;CLEDSON PERETTI
692954667;1314114;0204020107;COLUNA TORACO-LOMBAR;80089844149;ANA PAULA DOS SANTOS PEREIRA SILVANY;01.10.2026;07:00;0;704102227596550;ALVARO MORAIS DA ROCHA;18.08.1962;64;769;MARIA MORAIS DA CRUZ;LOTEAMENTO;ASSENTAMENTO ITAQUI;LOTE;89;ZONA RURAL;79490000;(67)9635-3215;SAO GABRIEL DO OESTE;500769;SAO GABRIEL DO OESTE;500769;3400964;UNIDADE DE SAUDE DA FAMILIA RURAL VII;M;25.09.2026;ISABEL_PINHEIRO;25.09.2026;ISABEL_PINHEIRO;9.73;CONFIRMADO;M545;00612619630;KALYNKA SILVIA HIGINO
692954667;1314062;0204060095;BACIA;80089844149;ANA PAULA DOS SANTOS PEREIRA SILVANY;01.10.2026;07:00;0;704102227596550;ALVARO MORAIS DA ROCHA;18.08.1962;64;769;MARIA MORAIS DA CRUZ;LOTEAMENTO;ASSENTAMENTO ITAQUI;LOTE;89;ZONA RURAL;79490000;(67)9635-3215;SAO GABRIEL DO OESTE;500769;SAO GABRIEL DO OESTE;500769;3400964;UNIDADE DE SAUDE DA FAMILIA RURAL VII;M;25.09.2026;ISABEL_PINHEIRO;25.09.2026;ISABEL_PINHEIRO;7.77;CONFIRMADO;M545;00612619630;KALYNKA SILVIA HIGINO
692954667;1314023;0204020034;COLUNA CERVICAL (AP + LATERAL + TO + OBLIQUAS);80089844149;ANA PAULA DOS SANTOS PEREIRA SILVANY;01.10.2026;07:00;0;704102227596550;ALVARO MORAIS DA ROCHA;18.08.1962;64;769;MARIA MORAIS DA CRUZ;LOTEAMENTO;ASSENTAMENTO ITAQUI;LOTE;89;ZONA RURAL;79490000;(67)9635-3215;SAO GABRIEL DO OESTE;500769;SAO GABRIEL DO OESTE;500769;3400964;UNIDADE DE SAUDE DA FAMILIA RURAL VII;M;25.09.2026;ISABEL_PINHEIRO;25.09.2026;ISABEL_PINHEIRO;8.33;CONFIRMADO;M545;00612619630;KALYNKA SILVIA HIGINO
692954667;1314029;0204020069;COLUNA LOMBO-SACRA;80089844149;ANA PAULA DOS SANTOS PEREIRA SILVANY;01.10.2026;07:00;0;704102227596550;ALVARO MORAIS DA ROCHA;18.08.1962;64;769;MARIA MORAIS DA CRUZ;LOTEAMENTO;ASSENTAMENTO ITAQUI;LOTE;89;ZONA RURAL;79490000;(67)9635-3215;SAO GABRIEL DO OESTE;500769;SAO GABRIEL DO OESTE;500769;3400964;UNIDADE DE SAUDE DA FAMILIA RURAL VII;M;25.09.2026;ISABEL_PINHEIRO;25.09.2026;ISABEL_PINHEIRO;10.96;CONFIRMADO;M545;00612619630;KALYNKA SILVIA HIGINO
692954667;1314095;0204030153;TORAX (PA + PERFIL);80089844149;ANA PAULA DOS SANTOS PEREIRA SILVANY;01.10.2026;07:00;0;704102227596550;ALVARO MORAIS DA ROCHA;18.08.1962;64;769;MARIA MORAIS DA CRUZ;LOTEAMENTO;ASSENTAMENTO ITAQUI;LOTE;89;ZONA RURAL;79490000;(67)9635-3215;SAO GABRIEL DO OESTE;500769;SAO GABRIEL DO OESTE;500769;3400964;UNIDADE DE SAUDE DA FAMILIA RURAL VII;M;25.09.2026;ISABEL_PINHEIRO;25.09.2026;ISABEL_PINHEIRO;9.50;CONFIRMADO;M545;00612619630;KALYNKA SILVIA HIGINO
692965361;0282063;0301010072;CONSULTA EM OTORRINOLARINGOLOGIA;78877326115;ANA PAULA CAVALIERI PONTES;15.10.2026;18:10;1;704703700472332;CAROLINI MEIRELES DE BARROS;07.10.1976;49;599;MARIA LUCIA DE BARROS;RUA;GOIÁS;CASA;2341;CENTRO;79490017;(67)99676-4379;SAO GABRIEL DO OESTE;500769;SAO GABRIEL DO OESTE;500769;6452116;CENTRO DE ESPECIALIDADES MEDICAS;F;25.09.2026;ARI_CEM;25.09.2026;ARI_CEM;10.00;PENDENTE;Z099;78877326115;ANA PAULA CAVALIERI PONTES
692980500;1314054;0204040124;PUNHO E (AP + LATERAL + OBLIQUA);80089844149;ANA PAULA DOS SANTOS PEREIRA SILVANY;15.10.2026;07:00;0;702605201765845;MARIA DE FATIMA DA SILVA PEREIRA;27.12.1974;51;621;NOEMIA PRATES DA SILVA;RUA;CURIO;;1581;JARDIM GRAMADO;79490000;(67)9673-1786;SAO GABRIEL DO OESTE;500769;SAO GABRIEL DO OESTE;500769;5971055;UNIDADE DE SAUDE DA FAMILIA VIII;F;25.09.2026;JESSICAPADILHA;25.09.2026;JESSICAPADILHA;6.91;PENDENTE;S525;;ROMULO AMARAL TAFURI
692985352;0282063;0301010072;CONSULTA EM OTORRINOLARINGOLOGIA;78877326115;ANA PAULA CAVALIERI PONTES;22.10.2026;18:10;1;706208062867864;MARIA BENEDITA DA SILVA;21.04.1974;52;629;ANTONIA BERNARDO DA SILVA;RUA;FRANCISCO MILANI;;1213;MILANI;79492068;(67)99948-3075 / (82)98174-4683;SAO GABRIEL DO OESTE;500769;SAO GABRIEL DO OESTE;500769;2370972;UNIDADE DE SAUDE DA FAMILIA MILANE II;F;25.09.2026;FLAVIA_RODRIGUES;25.09.2026;FLAVIA_RODRIGUES;10.00;PENDENTE;Z011;02453491113;MILENA GUEDIN VARGAS
693032654;1314070;0204060125;JOELHO D (AP + LATERAL);80089844149;ANA PAULA DOS SANTOS PEREIRA SILVANY;01.10.2026;07:00;0;700006296589705;LUCIVANDA RODRIGUES FERREIRA;02.06.1978;48;580;MARIA DE FATIMA RODRIGUES FERREIRA;RUA;P;;382;CIDADE JARDIM 01;79490192;(67)99907-3392;SAO GABRIEL DO OESTE;500769;SAO GABRIEL DO OESTE;500769;2370972;UNIDADE DE SAUDE DA FAMILIA MILANE II;F;25.09.2026;FLAVIA_RODRIGUES;25.09.2026;FLAVIA_RODRIGUES;6.78;PENDENTE;Z000;02453491113;MILENA GUEDIN VARGAS
693047989;1314113;0204020093;COLUNA TORACICA (AP + LATERAL);01320968112;MARCELO MARTINS ROCHA;01.10.2026;11:00;0;700508996533157;SUELI MARQUES MARTINS;25.07.1973;53;638;JOSEFA MARIA MARQUES;LOTEAMENTO;INSTANCIA TEREZA;ASSENT PATATIVA;206;ZONA RURAL;79490000;(67)99951-2864;SAO GABRIEL DO OESTE;500769;SAO GABRIEL DO OESTE;500769;3400964;UNIDADE DE SAUDE DA FAMILIA RURAL VII;F;25.09.2026;ISABEL_PINHEIRO;25.09.2026;ISABEL_PINHEIRO;9.16;CONFIRMADO;M34;00612619630;KALYNKA SILVIA HIGINO
693047989;1314118;0204020069;COLUNA LOMBAR (AP + PERFIL);01320968112;MARCELO MARTINS ROCHA;01.10.2026;11:00;0;700508996533157;SUELI MARQUES MARTINS;25.07.1973;53;638;JOSEFA MARIA MARQUES;LOTEAMENTO;INSTANCIA TEREZA;ASSENT PATATIVA;206;ZONA RURAL;79490000;(67)99951-2864;SAO GABRIEL DO OESTE;500769;SAO GABRIEL DO OESTE;500769;3400964;UNIDADE DE SAUDE DA FAMILIA RURAL VII;F;25.09.2026;ISABEL_PINHEIRO;25.09.2026;ISABEL_PINHEIRO;10.96;CONFIRMADO;M34;00612619630;KALYNKA SILVIA HIGINO
693047989;1314062;0204060095;BACIA;01320968112;MARCELO MARTINS ROCHA;01.10.2026;11:00;0;700508996533157;SUELI MARQUES MARTINS;25.07.1973;53;638;JOSEFA MARIA MARQUES;LOTEAMENTO;INSTANCIA TEREZA;ASSENT PATATIVA;206;ZONA RURAL;79490000;(67)99951-2864;SAO GABRIEL DO OESTE;500769;SAO GABRIEL DO OESTE;500769;3400964;UNIDADE DE SAUDE DA FAMILIA RURAL VII;F;25.09.2026;ISABEL_PINHEIRO;25.09.2026;ISABEL_PINHEIRO;7.77;CONFIRMADO;M34;00612619630;KALYNKA SILVIA HIGINO
693047989;1314029;0204020069;COLUNA LOMBO-SACRA;01320968112;MARCELO MARTINS ROCHA;01.10.2026;11:00;0;700508996533157;SUELI MARQUES MARTINS;25.07.1973;53;638;JOSEFA MARIA MARQUES;LOTEAMENTO;INSTANCIA TEREZA;ASSENT PATATIVA;206;ZONA RURAL;79490000;(67)99951-2864;SAO GABRIEL DO OESTE;500769;SAO GABRIEL DO OESTE;500769;3400964;UNIDADE DE SAUDE DA FAMILIA RURAL VII;F;25.09.2026;ISABEL_PINHEIRO;25.09.2026;ISABEL_PINHEIRO;10.96;CONFIRMADO;M34;00612619630;KALYNKA SILVIA HIGINO
693115766;0282063;0301010072;CONSULTA EM OTORRINOLARINGOLOGIA;78877326115;ANA PAULA CAVALIERI PONTES;22.10.2026;18:10;1;707007849535431;STEFANY DA SILVA CANDIDO;18.02.2016;10;127;EDNA PAULA DA SILVA;RUA;ANHUMAS;CASA;1310;JARDIM GRAMADO;79490000;(67)99928-9911;SAO GABRIEL DO OESTE;500769;SAO GABRIEL DO OESTE;500769;6452116;CENTRO DE ESPECIALIDADES MEDICAS;F;25.09.2026;PATRICKMASIAGA;25.09.2026;PATRICKMASIAGA;10.00;PENDENTE;Z099;78877326115;ANA PAULA CAVALIERI PONTES
693131516;1314066;0204060060;ARTICULACAO COXO-FEMORAL D;87751593172;CRISTIANE DE SOUZA PEREIRA;01.10.2026;16:00;0;704505117070820;AURIVANIA DOS SANTOS PEREIRA SILVA;27.04.1980;46;557;TANIA MARIA DOS SANTOS SILVA;RUA;TICO TICO;;48;FÊNIX;79490000;(67)99939-2712;SAO GABRIEL DO OESTE;500769;SAO GABRIEL DO OESTE;500769;2370999;UNIDADE DE SAUDE DA FAMILIA FENIX IV;F;25.09.2026;GUSTAVO_PIAIA;25.09.2026;GUSTAVO_PIAIA;7.77;PENDENTE;Z000;;ROGERIO PADOVANI TOFFOLI
693769367;1314095;0204030153;TORAX (PA + PERFIL);01320968112;MARCELO MARTINS ROCHA;06.10.2026;11:00;0;706002831583741;SIPRIANO SOUZA VARGAS;01.09.1962;64;769;MANOELINHA SOUZA DE VARGAS;LOTEAMENTO;ITAQUI;LOTE;76;ZONA RURAL;79490000;(67)99831-8203;SAO GABRIEL DO OESTE;500769;SAO GABRIEL DO OESTE;500769;3400964;UNIDADE DE SAUDE DA FAMILIA RURAL VII;M;30.09.2026;ISABEL_PINHEIRO;30.09.2026;ISABEL_PINHEIRO;9.50;PENDENTE;K801;00612619630;KALYNKA SILVIA HIGINO
693770362;1314080;0204060109;CALCANEO D;01320968112;MARCELO MARTINS ROCHA;06.10.2026;11:00;0;706002831583741;SIPRIANO SOUZA VARGAS;01.09.1962;64;769;MANOELINHA SOUZA DE VARGAS;LOTEAMENTO;ITAQUI;LOTE;76;ZONA RURAL;79490000;(67)99831-8203;SAO GABRIEL DO OESTE;500769;SAO GABRIEL DO OESTE;500769;3400964;UNIDADE DE SAUDE DA FAMILIA RURAL VII;M;30.09.2026;ISABEL_PINHEIRO;30.09.2026;ISABEL_PINHEIRO;6.50;PENDENTE;M773;00612619630;KALYNKA SILVIA HIGINO
693770362;1314081;0204060109;CALCANEO E;01320968112;MARCELO MARTINS ROCHA;06.10.2026;11:00;0;706002831583741;SIPRIANO SOUZA VARGAS;01.09.1962;64;769;MANOELINHA SOUZA DE VARGAS;LOTEAMENTO;ITAQUI;LOTE;76;ZONA RURAL;79490000;(67)99831-8203;SAO GABRIEL DO OESTE;500769;SAO GABRIEL DO OESTE;500769;3400964;UNIDADE DE SAUDE DA FAMILIA RURAL VII;M;30.09.2026;ISABEL_PINHEIRO;30.09.2026;ISABEL_PINHEIRO;6.50;PENDENTE;M773;00612619630;KALYNKA SILVIA HIGINO
693786727;1314055;0204040094;MAO D (DUAS INCIDENCIAS);87751593172;CRISTIANE DE SOUZA PEREIRA;01.10.2026;16:00;0;706005346934743;ANA LUCIA GOMES DE SOUZA ANDRADE;30.08.1972;54;649;LAURIZA GOMES MENDONCA;RUA;GARÇAS;CASA;681;FÊNIX;79491060;(67)99634-7738;SAO GABRIEL DO OESTE;500769;SAO GABRIEL DO OESTE;500769;2370999;UNIDADE DE SAUDE DA FAMILIA FENIX IV;F;30.09.2026;GUSTAVO_PIAIA;30.09.2026;GUSTAVO_PIAIA;6.30;CONFIRMADO;Z000;;RODOLFO F NIZ BAREIRO
693786727;1314056;0204040094;MAO E (DUAS INCIDENCIAS);87751593172;CRISTIANE DE SOUZA PEREIRA;01.10.2026;16:00;0;706005346934743;ANA LUCIA GOMES DE SOUZA ANDRADE;30.08.1972;54;649;LAURIZA GOMES MENDONCA;RUA;GARÇAS;CASA;681;FÊNIX;79491060;(67)99634-7738;SAO GABRIEL DO OESTE;500769;SAO GABRIEL DO OESTE;500769;2370999;UNIDADE DE SAUDE DA FAMILIA FENIX IV;F;30.09.2026;GUSTAVO_PIAIA;30.09.2026;GUSTAVO_PIAIA;6.30;CONFIRMADO;Z000;;RODOLFO F NIZ BAREIRO
693786975;1314095;0204030153;TORAX (PA + PERFIL);87751593172;CRISTIANE DE SOUZA PEREIRA;02.10.2026;16:00;0;700004538753100;ANGELA MARIA DOS SANTOS LEMES DE AQUINO;05.06.1956;70;844;IVANIR TEODORA DOS SANTOS LEMES;RUA;IPE;;588;SAO CRISTOVAO;79491180;(67)99632-0521;SAO GABRIEL DO OESTE;500769;SAO GABRIEL DO OESTE;500769;6354265;CENTRAL DE REGULACAO DE SAO GABRIEL DO OESTE;F;30.09.2026;CLEIDIANE_REGULADOR;30.09.2026;CLEIDIANE_REGULADOR;9.50;CONFIRMADO;Z136;;VANIA GOMES MARIANO
693793424;1314029;0204020069;COLUNA LOMBO-SACRA;80089844149;ANA PAULA DOS SANTOS PEREIRA SILVANY;01.10.2026;07:00;0;708207136687541;LEONICE TOMAZONI LEAO;09.11.1965;60;730;IRACEMA RECH TOMAZONI;RUA;CURIO;;817;JARDIM GRAMADO;79490000;(67)99634-2227;SAO GABRIEL DO OESTE;500769;SAO GABRIEL DO OESTE;500769;6452116;CENTRO DE ESPECIALIDADES MEDICAS;F;30.09.2026;PATRICKMASIAGA;30.09.2026;PATRICKMASIAGA;10.96;CONFIRMADO;M545;;RENNAN ORTIZ BUENO
693840151;1314110;0204030153;TORAX (PA + PERFIL) PRE-OPERATORIO;87751593172;CRISTIANE DE SOUZA PEREIRA;01.10.2026;16:00;0;700007961530902;ANA LUIZA DA SILVA BARALDI;05.06.2015;11;136;DEBRILENE FEITOSA DA SILVA;RUA;CURRUÍRAS;;1845;FÊNIX;79491086;(67)99962-5374;SAO GABRIEL DO OESTE;500769;SAO GABRIEL DO OESTE;500769;6452116;CENTRO DE ESPECIALIDADES MEDICAS;F;30.09.2026;PATRICKMASIAGA;30.09.2026;PATRICKMASIAGA;9.50;CONFIRMADO;Z099;09028429603;BERNARDO MEDEIROS MAIA
693843938;1314023;0204020034;COLUNA CERVICAL (AP + LATERAL + TO + OBLIQUAS);01320968112;MARCELO MARTINS ROCHA;01.10.2026;11:00;0;703401252696812;MARIA DE JESUS;11.08.1949;77;925;GERALDA DE JESUS;RUA;PELICANOS;;450;JARDIM GRAMADO;79490000;(67)99804-4046;SAO GABRIEL DO OESTE;500769;SAO GABRIEL DO OESTE;500769;2370980;UNIDADE DE SAUDE DA FAMILIA JARDIM GRAMADO I;F;30.09.2026;ELISANGELA_UNIDADEI;30.09.2026;ELISANGELA_UNIDADEI;8.33;CONFIRMADO;Z000;01454652179;MAYARA MARIA MELKE GUIMARAES
693843938;1314067;0204060060;ARTICULACAO COXO-FEMORAL E;01320968112;MARCELO MARTINS ROCHA;01.10.2026;11:00;0;703401252696812;MARIA DE JESUS;11.08.1949;77;925;GERALDA DE JESUS;RUA;PELICANOS;;450;JARDIM GRAMADO;79490000;(67)99804-4046;SAO GABRIEL DO OESTE;500769;SAO GABRIEL DO OESTE;500769;2370980;UNIDADE DE SAUDE DA FAMILIA JARDIM GRAMADO I;F;30.09.2026;ELISANGELA_UNIDADEI;30.09.2026;ELISANGELA_UNIDADEI;7.77;CONFIRMADO;Z000;01454652179;MAYARA MARIA MELKE GUIMARAES
693843938;1314029;0204020069;COLUNA LOMBO-SACRA;01320968112;MARCELO MARTINS ROCHA;01.10.2026;11:00;0;703401252696812;MARIA DE JESUS;11.08.1949;77;925;GERALDA DE JESUS;RUA;PELICANOS;;450;JARDIM GRAMADO;79490000;(67)99804-4046;SAO GABRIEL DO OESTE;500769;SAO GABRIEL DO OESTE;500769;2370980;UNIDADE DE SAUDE DA FAMILIA JARDIM GRAMADO I;F;30.09.2026;ELISANGELA_UNIDADEI;30.09.2026;ELISANGELA_UNIDADEI;10.96;CONFIRMADO;Z000;01454652179;MAYARA MARIA MELKE GUIMARAES
693843938;1314113;0204020093;COLUNA TORACICA (AP + LATERAL);01320968112;MARCELO MARTINS ROCHA;01.10.2026;11:00;0;703401252696812;MARIA DE JESUS;11.08.1949;77;925;GERALDA DE JESUS;RUA;PELICANOS;;450;JARDIM GRAMADO;79490000;(67)99804-4046;SAO GABRIEL DO OESTE;500769;SAO GABRIEL DO OESTE;500769;2370980;UNIDADE DE SAUDE DA FAMILIA JARDIM GRAMADO I;F;30.09.2026;ELISANGELA_UNIDADEI;30.09.2026;ELISANGELA_UNIDADEI;9.16;CONFIRMADO;Z000;01454652179;MAYARA MARIA MELKE GUIMARAES
693846937;1314076;0204060168;PERNA D;01320968112;MARCELO MARTINS ROCHA;05.10.2026;11:00;0;702003835735684;NEDES FURTADO;05.09.1959;67;805;JACINTA DOS SANTOS;AVENIDA;MATO GROSSO DO SUL;;665;CENTRO;79490015;(67)99904-0353 / (67)99802-7306;SAO GABRIEL DO OESTE;500769;SAO GABRIEL DO OESTE;500769;6452116;CENTRO DE ESPECIALIDADES MEDICAS;M;30.09.2026;PATRICKMASIAGA;30.09.2026;PATRICKMASIAGA;8.94;CONFIRMADO;S827;00468987193;ARTHUR MARTINS DE ALMEIDA
693849540;1314029;0204020069;COLUNA LOMBO-SACRA;80089844149;ANA PAULA DOS SANTOS PEREIRA SILVANY;02.10.2026;07:00;0;706202061087967;RAMAO LIDIO FLORES;28.02.1967;59;715;MARIA FLORES CHUPALA;RUA;JOSE HONORIO SOBRINHO;;286;CENTRO;79490000;(67)99861-4792;SAO GABRIEL DO OESTE;500769;SAO GABRIEL DO OESTE;500769;6452116;CENTRO DE ESPECIALIDADES MEDICAS;M;30.09.2026;PATRICKMASIAGA;30.09.2026;PATRICKMASIAGA;10.96;PENDENTE;Z099;;MAYARA MELKE GUIMARAES
693849540;1314022;0204020042;COLUNA CERVICAL (AP + LATERAL + TO / FLEXAO);80089844149;ANA PAULA DOS SANTOS PEREIRA SILVANY;02.10.2026;07:00;0;706202061087967;RAMAO LIDIO FLORES;28.02.1967;59;715;MARIA FLORES CHUPALA;RUA;JOSE HONORIO SOBRINHO;;286;CENTRO;79490000;(67)99861-4792;SAO GABRIEL DO OESTE;500769;SAO GABRIEL DO OESTE;500769;6452116;CENTRO DE ESPECIALIDADES MEDICAS;M;30.09.2026;PATRICKMASIAGA;30.09.2026;PATRICKMASIAGA;8.19;PENDENTE;Z099;;MAYARA MELKE GUIMARAES
693849540;1314113;0204020093;COLUNA TORACICA (AP + LATERAL);80089844149;ANA PAULA DOS SANTOS PEREIRA SILVANY;02.10.2026;07:00;0;706202061087967;RAMAO LIDIO FLORES;28.02.1967;59;715;MARIA FLORES CHUPALA;RUA;JOSE HONORIO SOBRINHO;;286;CENTRO;79490000;(67)99861-4792;SAO GABRIEL DO OESTE;500769;SAO GABRIEL DO OESTE;500769;6452116;CENTRO DE ESPECIALIDADES MEDICAS;M;30.09.2026;PATRICKMASIAGA;30.09.2026;PATRICKMASIAGA;9.16;PENDENTE;Z099;;MAYARA MELKE GUIMARAES
693850575;1314071;0204060125;JOELHO E (AP + LATERAL);59241284153;CLODOALDO DE AZEVEDO CARDOSO;06.10.2026;16:00;0;705506491243010;DAVI SANTANA MANTOVANI;15.05.2016;10;124;VALQUIRIA SANTANA DA ROCHA;RUA;SANTO ÂNGELO;;410;MILANI;79492092;(67)99903-1840 / (67)99984-2933;SAO GABRIEL DO OESTE;500769;SAO GABRIEL DO OESTE;500769;6452116;CENTRO DE ESPECIALIDADES MEDICAS;M;30.09.2026;TAINA_CEM;30.09.2026;TAINA_CEM;6.78;CONFIRMADO;Z00;93393539191;RODOLFO FABIANO NIZ BAREIRO
693850575;1314062;0204060095;BACIA;59241284153;CLODOALDO DE AZEVEDO CARDOSO;06.10.2026;16:00;0;705506491243010;DAVI SANTANA MANTOVANI;15.05.2016;10;124;VALQUIRIA SANTANA DA ROCHA;RUA;SANTO ÂNGELO;;410;MILANI;79492092;(67)99903-1840 / (67)99984-2933;SAO GABRIEL DO OESTE;500769;SAO GABRIEL DO OESTE;500769;6452116;CENTRO DE ESPECIALIDADES MEDICAS;M;30.09.2026;TAINA_CEM;30.09.2026;TAINA_CEM;7.77;CONFIRMADO;Z00;93393539191;RODOLFO FABIANO NIZ BAREIRO
693850575;1314085;0204060150;PE E C/ CARGA;59241284153;CLODOALDO DE AZEVEDO CARDOSO;06.10.2026;16:00;0;705506491243010;DAVI SANTANA MANTOVANI;15.05.2016;10;124;VALQUIRIA SANTANA DA ROCHA;RUA;SANTO ÂNGELO;;410;MILANI;79492092;(67)99903-1840 / (67)99984-2933;SAO GABRIEL DO OESTE;500769;SAO GABRIEL DO OESTE;500769;6452116;CENTRO DE ESPECIALIDADES MEDICAS;M;30.09.2026;TAINA_CEM;30.09.2026;TAINA_CEM;6.78;CONFIRMADO;Z00;93393539191;RODOLFO FABIANO NIZ BAREIRO
693850575;1314084;0204060150;PE D C/ CARGA;59241284153;CLODOALDO DE AZEVEDO CARDOSO;06.10.2026;16:00;0;705506491243010;DAVI SANTANA MANTOVANI;15.05.2016;10;124;VALQUIRIA SANTANA DA ROCHA;RUA;SANTO ÂNGELO;;410;MILANI;79492092;(67)99903-1840 / (67)99984-2933;SAO GABRIEL DO OESTE;500769;SAO GABRIEL DO OESTE;500769;6452116;CENTRO DE ESPECIALIDADES MEDICAS;M;30.09.2026;TAINA_CEM;30.09.2026;TAINA_CEM;6.78;CONFIRMADO;Z00;93393539191;RODOLFO FABIANO NIZ BAREIRO
693850575;1314070;0204060125;JOELHO D (AP + LATERAL);59241284153;CLODOALDO DE AZEVEDO CARDOSO;06.10.2026;16:00;0;705506491243010;DAVI SANTANA MANTOVANI;15.05.2016;10;124;VALQUIRIA SANTANA DA ROCHA;RUA;SANTO ÂNGELO;;410;MILANI;79492092;(67)99903-1840 / (67)99984-2933;SAO GABRIEL DO OESTE;500769;SAO GABRIEL DO OESTE;500769;6452116;CENTRO DE ESPECIALIDADES MEDICAS;M;30.09.2026;TAINA_CEM;30.09.2026;TAINA_CEM;6.78;CONFIRMADO;Z00;93393539191;RODOLFO FABIANO NIZ BAREIRO
693858830;1314029;0204020069;COLUNA LOMBO-SACRA;59241284153;CLODOALDO DE AZEVEDO CARDOSO;05.10.2026;16:00;0;706508330842095;ROSA MARIA DE JESUS;23.07.1943;83;998;JOANA MARIA DE JESUS;RUA;GOIAS;CASA 4;824;CENTRO;79490000;(67)99197-1121;SAO GABRIEL DO OESTE;500769;SAO GABRIEL DO OESTE;500769;2591359;UNIDADE DE SAUDE DA FAMILIA V;F;30.09.2026;CHRISTIANEHELEN_FREITAS;30.09.2026;CHRISTIANEHELEN_FREITAS;10.96;PENDENTE;M545;04796956107;JULIANA DA ROCHA PEREIRA MENEZES
693861448;1314095;0204030153;TORAX (PA + PERFIL);80089844149;ANA PAULA DOS SANTOS PEREIRA SILVANY;01.10.2026;07:00;0;700204492805225;LUCIA DE OLIVEIRA LEAO;01.09.1956;70;841;JULIA ROSSA;RUA;AZULÃO;;545;SÃO CRISTOVÃO;79490000;(67)99940-9761;SAO GABRIEL DO OESTE;500769;SAO GABRIEL DO OESTE;500769;7002084;UNIDADE DE SAUDE DA FAMILIA IX;F;30.09.2026;FABIELY_MORAES;30.09.2026;FABIELY_MORAES;9.50;CONFIRMADO;Z000;;CELIO HELEGDA
693863155;1314040;0204040035;ARTICULACAO ESCAPULO-UMERAL E;01320968112;MARCELO MARTINS ROCHA;02.10.2026;11:00;0;708509380221970;REGINALDO PESSOA DE ARAUJO;04.04.1975;51;618;SEVERINA FIRMINA DE ARAUJO;RUA;ALBINO DE SOUZA BRANDAO;;1470;PRIMO MAFFISSONI;79490000;(67)99157-1815;SAO GABRIEL DO OESTE;500769;SAO GABRIEL DO OESTE;500769;6452116;CENTRO DE ESPECIALIDADES MEDICAS;M;30.09.2026;PATRICKMASIAGA;30.09.2026;PATRICKMASIAGA;7.40;CONFIRMADO;Z099;00468987193;ARTHUR MARTINS DE ALMEIDA
693864280;1314095;0204030153;TORAX (PA + PERFIL);59241284153;CLODOALDO DE AZEVEDO CARDOSO;06.10.2026;16:00;0;700506590831351;DIONELIS MANTOVANI;07.01.1981;45;548;IVETE MARIA MANTOVANI;RUA;PELICANOS;CASA;393;JARDIM GRAMADO;79490000;(67)99979-8240;SAO GABRIEL DO OESTE;500769;SAO GABRIEL DO OESTE;500769;6452116;CENTRO DE ESPECIALIDADES MEDICAS;M;30.09.2026;PATRICKMASIAGA;30.09.2026;PATRICKMASIAGA;9.50;CONFIRMADO;Z099;70808015087;CELIO HELEGDA
693864280;1314110;0204030153;TORAX (PA + PERFIL) PRE-OPERATORIO;59241284153;CLODOALDO DE AZEVEDO CARDOSO;06.10.2026;16:00;0;700506590831351;DIONELIS MANTOVANI;07.01.1981;45;548;IVETE MARIA MANTOVANI;RUA;PELICANOS;CASA;393;JARDIM GRAMADO;79490000;(67)99979-8240;SAO GABRIEL DO OESTE;500769;SAO GABRIEL DO OESTE;500769;6452116;CENTRO DE ESPECIALIDADES MEDICAS;M;30.09.2026;PATRICKMASIAGA;30.09.2026;PATRICKMASIAGA;9.50;CONFIRMADO;Z099;70808015087;CELIO HELEGDA
693879037;1314110;0204030153;TORAX (PA + PERFIL) PRE-OPERATORIO;80089844149;ANA PAULA DOS SANTOS PEREIRA SILVANY;02.10.2026;07:00;0;705002642453257;ALEXANDRE PEREIRA DE SOUZA;21.05.1990;36;436;ANAIR ZOCCHE;FAZENDA;MODELO;;S/N;ZONA RURAL;79490000;(21)2105-0000;SAO GABRIEL DO OESTE;500769;SAO GABRIEL DO OESTE;500769;6452116;CENTRO DE ESPECIALIDADES MEDICAS;M;30.09.2026;PATRICKMASIAGA;30.09.2026;PATRICKMASIAGA;9.50;CONFIRMADO;Z099;;LUCINALDO BASSO
693887057;1314110;0204030153;TORAX (PA + PERFIL) PRE-OPERATORIO;59241284153;CLODOALDO DE AZEVEDO CARDOSO;05.10.2026;16:00;0;704209284804189;PAULO HENRIQUE FIGUEIREDO DA ROSA DE SOUZA;11.02.1980;46;559;MARIA ELIZA FIGUEIREDO DA ROSA;AREA;LATERAL DO NÚCLEO;ASSENTAMENTO C;S/N;AREA RURAL DE SAO GABRIEL DO OESTE;79493899;(67)99908-7997;SAO GABRIEL DO OESTE;500769;SAO GABRIEL DO OESTE;500769;6452116;CENTRO DE ESPECIALIDADES MEDICAS;M;30.09.2026;TAINA_CEM;30.09.2026;TAINA_CEM;9.50;CONFIRMADO;S835;32389571808;RODOLFO PELISSARI ZAMBOLIN
693893280;1314093;0204030170;TORAX (PA);01320968112;MARCELO MARTINS ROCHA;02.10.2026;11:00;0;704106210249880;IRISLENE DOS SANTOS DIAS;26.04.1998;28;341;SANDRA BISPO DOS SANTOS;RUA;CAMBARA;;294;JARDIM GRAMADO;79490000;(67)9954-6597;SAO GABRIEL DO OESTE;500769;SAO GABRIEL DO OESTE;500769;7002084;UNIDADE DE SAUDE DA FAMILIA IX;F;30.09.2026;FABIELY_MORAES;30.09.2026;FABIELY_MORAES;6.88;CONFIRMADO;Z000;;ARTHUR MARTINS DE ALMEIDA
693945816;1314083;0204060150;PE E;87751593172;CRISTIANE DE SOUZA PEREIRA;01.10.2026;16:00;0;705202436519971;GISLAINE DA SILVA;28.02.1994;32;391;SANDRA MARIA LAURINDO DA SILVA;RUA;PELICANOS;CASA;1273;JARDIM GRAMADO;79490000;(67)99634-7370;SAO GABRIEL DO OESTE;500769;SAO GABRIEL DO OESTE;500769;2370980;UNIDADE DE SAUDE DA FAMILIA JARDIM GRAMADO I;F;30.09.2026;ELISANGELA_UNIDADEI;30.09.2026;ELISANGELA_UNIDADEI;6.78;CONFIRMADO;Z000;;BRUNO PERTINARI
693954278;1314062;0204060095;BACIA;87751593172;CRISTIANE DE SOUZA PEREIRA;01.10.2026;16:00;0;701204074783216;LUCILO COLOMBO;12.12.1961;64;777;ALZIRA COLOMBO;RUA;TOCANTINS;;59;CENTRO;79490000;(67)99952-2456;SAO GABRIEL DO OESTE;500769;SAO GABRIEL DO OESTE;500769;2599376;UNIDADE DE SAUDE DA FAMILIA VI;M;30.09.2026;MARIANA_MARTINS;30.09.2026;MARIANA_MARTINS;7.77;PENDENTE;M179;;RODOLFO ZAMBOLIN
693959609;1314058;0204040086;01 (UM) QUIRODACTILO (POLEGAR) D;80089844149;ANA PAULA DOS SANTOS PEREIRA SILVANY;02.10.2026;07:00;0;700006388959304;MARIA MADALENA SOUZA GONCALVES;28.12.1954;71;861;JULIA MIGUEL DE SOUZA;RUA;PELICANOS;;1660;JARDIM GRAMADO;79490000;(67)99653-8280;SAO GABRIEL DO OESTE;500769;SAO GABRIEL DO OESTE;500769;2370980;UNIDADE DE SAUDE DA FAMILIA JARDIM GRAMADO I;F;30.09.2026;ELISANGELA_UNIDADEI;30.09.2026;ELISANGELA_UNIDADEI;5.62;CONFIRMADO;M796;01454652179;MAYARA MARIA MELKE GUIMARAES
693959609;1314055;0204040094;MAO D (DUAS INCIDENCIAS);80089844149;ANA PAULA DOS SANTOS PEREIRA SILVANY;02.10.2026;07:00;0;700006388959304;MARIA MADALENA SOUZA GONCALVES;28.12.1954;71;861;JULIA MIGUEL DE SOUZA;RUA;PELICANOS;;1660;JARDIM GRAMADO;79490000;(67)99653-8280;SAO GABRIEL DO OESTE;500769;SAO GABRIEL DO OESTE;500769;2370980;UNIDADE DE SAUDE DA FAMILIA JARDIM GRAMADO I;F;30.09.2026;ELISANGELA_UNIDADEI;30.09.2026;ELISANGELA_UNIDADEI;6.30;CONFIRMADO;M796;01454652179;MAYARA MARIA MELKE GUIMARAES
693967459;1314023;0204020034;COLUNA CERVICAL (AP + LATERAL + TO + OBLIQUAS);87751593172;CRISTIANE DE SOUZA PEREIRA;02.10.2026;16:00;0;708702174471896;ROSINEIDE DE ASSIS DIONIZIO;06.11.1980;45;551;MARIA ANTONIA DE ASSIS DIONIZIO;RUA;GOIAS;CASA 01;2274;CENTRO;79490000;(67)99688-2004;SAO GABRIEL DO OESTE;500769;SAO GABRIEL DO OESTE;500769;2599376;UNIDADE DE SAUDE DA FAMILIA VI;F;30.09.2026;MARIANA_MARTINS;30.09.2026;MARIANA_MARTINS;8.33;CONFIRMADO;M545;06437691107;MAIARA FLORES SCARIOT
693967459;1314115;0204020115;COLUNA TORACO-LOMBAR DINAMICA;87751593172;CRISTIANE DE SOUZA PEREIRA;02.10.2026;16:00;0;708702174471896;ROSINEIDE DE ASSIS DIONIZIO;06.11.1980;45;551;MARIA ANTONIA DE ASSIS DIONIZIO;RUA;GOIAS;CASA 01;2274;CENTRO;79490000;(67)99688-2004;SAO GABRIEL DO OESTE;500769;SAO GABRIEL DO OESTE;500769;2599376;UNIDADE DE SAUDE DA FAMILIA VI;F;30.09.2026;MARIANA_MARTINS;30.09.2026;MARIANA_MARTINS;15.58;CONFIRMADO;M545;06437691107;MAIARA FLORES SCARIOT
693972352;0282063;0301010072;CONSULTA EM OTORRINOLARINGOLOGIA;78877326115;ANA PAULA CAVALIERI PONTES;01.10.2026;18:00;0;707402027481476;JOAO WILLIAM SILVA DE SOUSA;19.05.2006;20;244;WALDILENE LIMA DA SILVA;RUA;SAO PAULO 1/2399;;1885;CENTRO;79490009;(91)98569-5191;SAO GABRIEL DO OESTE;500769;SAO GABRIEL DO OESTE;500769;2599376;UNIDADE DE SAUDE DA FAMILIA VI;M;30.09.2026;MARIANA_MARTINS;30.09.2026;MARIANA_MARTINS;10.00;PENDENTE;R040;06437691107;MAIARA FLORES SCARIOT
694071315;1314095;0204030153;TORAX (PA + PERFIL);01320968112;MARCELO MARTINS ROCHA;05.10.2026;11:00;0;709607629637376;ALFREDO INACIO DE SOUSA;07.05.1955;71;856;LAURA INACIA DE SOUSA;RUA;BAHIA;CASA 01;1694;CENTRO;79490000;(67)99962-1478;SAO GABRIEL DO OESTE;500769;SAO GABRIEL DO OESTE;500769;2591359;UNIDADE DE SAUDE DA FAMILIA V;M;01.10.2026;CHRISTIANEHELEN_FREITAS;01.10.2026;CHRISTIANEHELEN_FREITAS;9.50;CONFIRMADO;K46;;MAIARA FLORES SCARIOT
694111604;1314095;0204030153;TORAX (PA + PERFIL);80089844149;ANA PAULA DOS SANTOS PEREIRA SILVANY;02.10.2026;07:00;0;702803142132264;ONDINO VIEIRA DE REZENDE;25.02.1943;83;1003;MARIA CECILIA VIEIRA;RUA;AZULAO;;1125;FENIX;79491104;(67)99836-9751;SAO GABRIEL DO OESTE;500769;SAO GABRIEL DO OESTE;500769;6452116;CENTRO DE ESPECIALIDADES MEDICAS;M;01.10.2026;PATRICKMASIAGA;01.10.2026;PATRICKMASIAGA;9.50;CONFIRMADO;Z099;09028429603;BERNARDO MEDEIROS MAIA
694147625;1314022;0204020042;COLUNA CERVICAL (AP + LATERAL + TO / FLEXAO);01320968112;MARCELO MARTINS ROCHA;05.10.2026;11:00;0;706808254884427;MARIA AMELIA DE ARAUJO SILVA ESTEVAM;17.11.1969;56;682;CLARINDA AMELIA DE ARAUJO SILVA;RUA;HORTENCIAS;CASA 5;44;JARDIM PRIMAVERA;79490138;(67)98149-3420 / (67)99609-7864 / (67)99609-7864;SAO GABRIEL DO OESTE;500769;SAO GABRIEL DO OESTE;500769;6452116;CENTRO DE ESPECIALIDADES MEDICAS;F;01.10.2026;PATRICKMASIAGA;01.10.2026;PATRICKMASIAGA;8.19;CONFIRMADO;Z099;93393539191;RODOLFO FABIANO NIZ BAREIRO
694147625;1314071;0204060125;JOELHO E (AP + LATERAL);01320968112;MARCELO MARTINS ROCHA;05.10.2026;11:00;0;706808254884427;MARIA AMELIA DE ARAUJO SILVA ESTEVAM;17.11.1969;56;682;CLARINDA AMELIA DE ARAUJO SILVA;RUA;HORTENCIAS;CASA 5;44;JARDIM PRIMAVERA;79490138;(67)98149-3420 / (67)99609-7864 / (67)99609-7864;SAO GABRIEL DO OESTE;500769;SAO GABRIEL DO OESTE;500769;6452116;CENTRO DE ESPECIALIDADES MEDICAS;F;01.10.2026;PATRICKMASIAGA;01.10.2026;PATRICKMASIAGA;6.78;CONFIRMADO;Z099;93393539191;RODOLFO FABIANO NIZ BAREIRO
694147625;1314070;0204060125;JOELHO D (AP + LATERAL);01320968112;MARCELO MARTINS ROCHA;05.10.2026;11:00;0;706808254884427;MARIA AMELIA DE ARAUJO SILVA ESTEVAM;17.11.1969;56;682;CLARINDA AMELIA DE ARAUJO SILVA;RUA;HORTENCIAS;CASA 5;44;JARDIM PRIMAVERA;79490138;(67)98149-3420 / (67)99609-7864 / (67)99609-7864;SAO GABRIEL DO OESTE;500769;SAO GABRIEL DO OESTE;500769;6452116;CENTRO DE ESPECIALIDADES MEDICAS;F;01.10.2026;PATRICKMASIAGA;01.10.2026;PATRICKMASIAGA;6.78;CONFIRMADO;Z099;93393539191;RODOLFO FABIANO NIZ BAREIRO
694147625;1314062;0204060095;BACIA;01320968112;MARCELO MARTINS ROCHA;05.10.2026;11:00;0;706808254884427;MARIA AMELIA DE ARAUJO SILVA ESTEVAM;17.11.1969;56;682;CLARINDA AMELIA DE ARAUJO SILVA;RUA;HORTENCIAS;CASA 5;44;JARDIM PRIMAVERA;79490138;(67)98149-3420 / (67)99609-7864 / (67)99609-7864;SAO GABRIEL DO OESTE;500769;SAO GABRIEL DO OESTE;500769;6452116;CENTRO DE ESPECIALIDADES MEDICAS;F;01.10.2026;PATRICKMASIAGA;01.10.2026;PATRICKMASIAGA;7.77;CONFIRMADO;Z099;93393539191;RODOLFO FABIANO NIZ BAREIRO
694147625;1314118;0204020069;COLUNA LOMBAR (AP + PERFIL);01320968112;MARCELO MARTINS ROCHA;05.10.2026;11:00;0;706808254884427;MARIA AMELIA DE ARAUJO SILVA ESTEVAM;17.11.1969;56;682;CLARINDA AMELIA DE ARAUJO SILVA;RUA;HORTENCIAS;CASA 5;44;JARDIM PRIMAVERA;79490138;(67)98149-3420 / (67)99609-7864 / (67)99609-7864;SAO GABRIEL DO OESTE;500769;SAO GABRIEL DO OESTE;500769;6452116;CENTRO DE ESPECIALIDADES MEDICAS;F;01.10.2026;PATRICKMASIAGA;01.10.2026;PATRICKMASIAGA;10.96;CONFIRMADO;Z099;93393539191;RODOLFO FABIANO NIZ BAREIRO
694152492;1314067;0204060060;ARTICULACAO COXO-FEMORAL E;87751593172;CRISTIANE DE SOUZA PEREIRA;02.10.2026;16:00;0;706308652081280;JACIR MALACARNE JUNIOR;02.12.1993;32;394;VANDERLISE AUGUSTIN MALACARNE;RUA;ARARAS;CASA;1969;FÊNIX;79491102;(67)99964-8881;SAO GABRIEL DO OESTE;500769;SAO GABRIEL DO OESTE;500769;2370999;UNIDADE DE SAUDE DA FAMILIA FENIX IV;M;01.10.2026;GUSTAVO_PIAIA;01.10.2026;GUSTAVO_PIAIA;7.77;PENDENTE;M796;00703866176;ALCIDES EDUARDO EIBEL
694152492;1314071;0204060125;JOELHO E (AP + LATERAL);87751593172;CRISTIANE DE SOUZA PEREIRA;02.10.2026;16:00;0;706308652081280;JACIR MALACARNE JUNIOR;02.12.1993;32;394;VANDERLISE AUGUSTIN MALACARNE;RUA;ARARAS;CASA;1969;FÊNIX;79491102;(67)99964-8881;SAO GABRIEL DO OESTE;500769;SAO GABRIEL DO OESTE;500769;2370999;UNIDADE DE SAUDE DA FAMILIA FENIX IV;M;01.10.2026;GUSTAVO_PIAIA;01.10.2026;GUSTAVO_PIAIA;6.78;PENDENTE;M796;00703866176;ALCIDES EDUARDO EIBEL
694166714;1314081;0204060109;CALCANEO E;01320968112;MARCELO MARTINS ROCHA;02.10.2026;11:00;0;703009815548874;ADEMAR APARECIDO DA SILVA;09.10.1967;58;707;OTILIA PINTO DA SILVA;RUA;ANHUMAS;;1907;CONJUNTO FENIX;79490000;(67)99928-1741;SAO GABRIEL DO OESTE;500769;SAO GABRIEL DO OESTE;500769;2370999;UNIDADE DE SAUDE DA FAMILIA FENIX IV;M;01.10.2026;GUSTAVO_PIAIA;01.10.2026;GUSTAVO_PIAIA;6.50;CONFIRMADO;R522;96245646120;RAFAELLA MARIA COSTA GOIS DE FIGUEIREDO
694166714;1314080;0204060109;CALCANEO D;01320968112;MARCELO MARTINS ROCHA;02.10.2026;11:00;0;703009815548874;ADEMAR APARECIDO DA SILVA;09.10.1967;58;707;OTILIA PINTO DA SILVA;RUA;ANHUMAS;;1907;CONJUNTO FENIX;79490000;(67)99928-1741;SAO GABRIEL DO OESTE;500769;SAO GABRIEL DO OESTE;500769;2370999;UNIDADE DE SAUDE DA FAMILIA FENIX IV;M;01.10.2026;GUSTAVO_PIAIA;01.10.2026;GUSTAVO_PIAIA;6.50;CONFIRMADO;R522;96245646120;RAFAELLA MARIA COSTA GOIS DE FIGUEIREDO
694172569;1314053;0204040124;PUNHO D (AP + LATERAL + OBLIQUA);59241284153;CLODOALDO DE AZEVEDO CARDOSO;05.10.2026;16:00;0;702008892810481;ROSILDA MESSIAS PEREIRA;01.08.1979;47;566;ABADIA MESSIAS PEREIRA;RUA;CURIO;;1414;JARDIM GRAMADO;79490000;(67)99953-4899 / (67)99811-0684;SAO GABRIEL DO OESTE;500769;SAO GABRIEL DO OESTE;500769;6452116;CENTRO DE ESPECIALIDADES MEDICAS;F;01.10.2026;PATRICKMASIAGA;01.10.2026;PATRICKMASIAGA;6.91;CONFIRMADO;Z099;93393539191;RODOLFO FABIANO NIZ BAREIRO
694172569;1314054;0204040124;PUNHO E (AP + LATERAL + OBLIQUA);59241284153;CLODOALDO DE AZEVEDO CARDOSO;05.10.2026;16:00;0;702008892810481;ROSILDA MESSIAS PEREIRA;01.08.1979;47;566;ABADIA MESSIAS PEREIRA;RUA;CURIO;;1414;JARDIM GRAMADO;79490000;(67)99953-4899 / (67)99811-0684;SAO GABRIEL DO OESTE;500769;SAO GABRIEL DO OESTE;500769;6452116;CENTRO DE ESPECIALIDADES MEDICAS;F;01.10.2026;PATRICKMASIAGA;01.10.2026;PATRICKMASIAGA;6.91;CONFIRMADO;Z099;93393539191;RODOLFO FABIANO NIZ BAREIRO
694176973;1314118;0204020069;COLUNA LOMBAR (AP + PERFIL);80089844149;ANA PAULA DOS SANTOS PEREIRA SILVANY;05.10.2026;07:00;0;701808240450879;AILTON JOSE CHINAIDER;18.01.1972;54;656;DELMIRA LUIZ MATOSO;RUA;ALAGOAS;CASA;3334;CENTRO;79490000;(67)99975-0752;SAO GABRIEL DO OESTE;500769;SAO GABRIEL DO OESTE;500769;2370964;UNIDADE DE SAUDE DA FAMILIA III;M;01.10.2026;ANACLAUDIA_NOGUEIRA;01.10.2026;ANACLAUDIA_NOGUEIRA;10.96;CONFIRMADO;M549;;RAFAEL CANDIDO MAIA
694176973;1314121;0204060095;RADIOGRAFIA PANORAMICA DE BACIA;80089844149;ANA PAULA DOS SANTOS PEREIRA SILVANY;05.10.2026;07:00;0;701808240450879;AILTON JOSE CHINAIDER;18.01.1972;54;656;DELMIRA LUIZ MATOSO;RUA;ALAGOAS;CASA;3334;CENTRO;79490000;(67)99975-0752;SAO GABRIEL DO OESTE;500769;SAO GABRIEL DO OESTE;500769;2370964;UNIDADE DE SAUDE DA FAMILIA III;M;01.10.2026;ANACLAUDIA_NOGUEIRA;01.10.2026;ANACLAUDIA_NOGUEIRA;7.77;CONFIRMADO;M549;;RAFAEL CANDIDO MAIA
694176973;1314069;0204060117;COXA E;80089844149;ANA PAULA DOS SANTOS PEREIRA SILVANY;05.10.2026;07:00;0;701808240450879;AILTON JOSE CHINAIDER;18.01.1972;54;656;DELMIRA LUIZ MATOSO;RUA;ALAGOAS;CASA;3334;CENTRO;79490000;(67)99975-0752;SAO GABRIEL DO OESTE;500769;SAO GABRIEL DO OESTE;500769;2370964;UNIDADE DE SAUDE DA FAMILIA III;M;01.10.2026;ANACLAUDIA_NOGUEIRA;01.10.2026;ANACLAUDIA_NOGUEIRA;8.94;CONFIRMADO;M549;;RAFAEL CANDIDO MAIA
694176973;1314114;0204020107;COLUNA TORACO-LOMBAR;80089844149;ANA PAULA DOS SANTOS PEREIRA SILVANY;05.10.2026;07:00;0;701808240450879;AILTON JOSE CHINAIDER;18.01.1972;54;656;DELMIRA LUIZ MATOSO;RUA;ALAGOAS;CASA;3334;CENTRO;79490000;(67)99975-0752;SAO GABRIEL DO OESTE;500769;SAO GABRIEL DO OESTE;500769;2370964;UNIDADE DE SAUDE DA FAMILIA III;M;01.10.2026;ANACLAUDIA_NOGUEIRA;01.10.2026;ANACLAUDIA_NOGUEIRA;9.73;CONFIRMADO;M549;;RAFAEL CANDIDO MAIA
694254656;1314012;0204010071;CRANIO (PA + LATERAL + OBLIGUA / BRETTON + HIRTZ);01320968112;MARCELO MARTINS ROCHA;07.10.2026;11:00;0;704208748720483;VALENTINA ISABELA CARDOSO ROBERTO;07.08.2018;08;97;CINTIA ALVES CARDOSO;RUA;CURRUIRAS;;474;JARDIM GRAMADO;79490000;(67)99806-4892;SAO GABRIEL DO OESTE;500769;SAO GABRIEL DO OESTE;500769;2591359;UNIDADE DE SAUDE DA FAMILIA V;F;01.10.2026;CHRISTIANEHELEN_FREITAS;01.10.2026;CHRISTIANEHELEN_FREITAS;9.15;PENDENTE;Z000;;RODOLFO BAREIRO
694254656;1314118;0204020069;COLUNA LOMBAR (AP + PERFIL);01320968112;MARCELO MARTINS ROCHA;07.10.2026;11:00;0;704208748720483;VALENTINA ISABELA CARDOSO ROBERTO;07.08.2018;08;97;CINTIA ALVES CARDOSO;RUA;CURRUIRAS;;474;JARDIM GRAMADO;79490000;(67)99806-4892;SAO GABRIEL DO OESTE;500769;SAO GABRIEL DO OESTE;500769;2591359;UNIDADE DE SAUDE DA FAMILIA V;F;01.10.2026;CHRISTIANEHELEN_FREITAS;01.10.2026;CHRISTIANEHELEN_FREITAS;10.96;PENDENTE;Z000;;RODOLFO BAREIRO
694254656;1314016;0204010063;CAVUM (LATERAL + HIRTZ);01320968112;MARCELO MARTINS ROCHA;07.10.2026;11:00;0;704208748720483;VALENTINA ISABELA CARDOSO ROBERTO;07.08.2018;08;97;CINTIA ALVES CARDOSO;RUA;CURRUIRAS;;474;JARDIM GRAMADO;79490000;(67)99806-4892;SAO GABRIEL DO OESTE;500769;SAO GABRIEL DO OESTE;500769;2591359;UNIDADE DE SAUDE DA FAMILIA V;F;01.10.2026;CHRISTIANEHELEN_FREITAS;01.10.2026;CHRISTIANEHELEN_FREITAS;6.88;PENDENTE;Z000;;RODOLFO BAREIRO
694254656;1314095;0204030153;TORAX (PA + PERFIL);01320968112;MARCELO MARTINS ROCHA;07.10.2026;11:00;0;704208748720483;VALENTINA ISABELA CARDOSO ROBERTO;07.08.2018;08;97;CINTIA ALVES CARDOSO;RUA;CURRUIRAS;;474;JARDIM GRAMADO;79490000;(67)99806-4892;SAO GABRIEL DO OESTE;500769;SAO GABRIEL DO OESTE;500769;2591359;UNIDADE DE SAUDE DA FAMILIA V;F;01.10.2026;CHRISTIANEHELEN_FREITAS;01.10.2026;CHRISTIANEHELEN_FREITAS;9.50;PENDENTE;Z000;;RODOLFO BAREIRO
694254656;1314113;0204020093;COLUNA TORACICA (AP + LATERAL);01320968112;MARCELO MARTINS ROCHA;07.10.2026;11:00;0;704208748720483;VALENTINA ISABELA CARDOSO ROBERTO;07.08.2018;08;97;CINTIA ALVES CARDOSO;RUA;CURRUIRAS;;474;JARDIM GRAMADO;79490000;(67)99806-4892;SAO GABRIEL DO OESTE;500769;SAO GABRIEL DO OESTE;500769;2591359;UNIDADE DE SAUDE DA FAMILIA V;F;01.10.2026;CHRISTIANEHELEN_FREITAS;01.10.2026;CHRISTIANEHELEN_FREITAS;9.16;PENDENTE;Z000;;RODOLFO BAREIRO
694285011;1314110;0204030153;TORAX (PA + PERFIL) PRE-OPERATORIO;80089844149;ANA PAULA DOS SANTOS PEREIRA SILVANY;02.10.2026;07:00;0;701807232361977;NEUSA NUNES DE JESUS;20.08.1950;76;913;SILVINA NUNES DE JESUS;RUA;FILINTO MULER;CASA2;523;MILANI;79490000;(67)3295-2602 / (67)98141-3995;SAO GABRIEL DO OESTE;500769;SAO GABRIEL DO OESTE;500769;6452116;CENTRO DE ESPECIALIDADES MEDICAS;F;01.10.2026;TAINA_CEM;01.10.2026;TAINA_CEM;9.50;CONFIRMADO;I10;98260570106;CLAUDIA REGINA DUARTE CAZZOLATO KHALIL
694285575;1314062;0204060095;BACIA;80089844149;ANA PAULA DOS SANTOS PEREIRA SILVANY;05.10.2026;07:00;0;701204074783216;LUCILO COLOMBO;12.12.1961;64;777;ALZIRA COLOMBO;RUA;TOCANTINS;;59;CENTRO;79490000;(67)99952-2456;SAO GABRIEL DO OESTE;500769;SAO GABRIEL DO OESTE;500769;2599376;UNIDADE DE SAUDE DA FAMILIA VI;M;01.10.2026;MARIANA_MARTINS;01.10.2026;MARIANA_MARTINS;7.77;CONFIRMADO;M179;06437691107;MAIARA FLORES SCARIOT
694286780;1314095;0204030153;TORAX (PA + PERFIL);87751593172;CRISTIANE DE SOUZA PEREIRA;01.10.2026;16:00;0;708600518226780;REVERTON SOUZA SANTOS;11.02.2000;26;319;IVANETE ADRIANO DE SOUZA;RUA;DONA ELVIRA;KITNET 6;809;MILANI;79492070;(67)99962-3222;SAO GABRIEL DO OESTE;500769;SAO GABRIEL DO OESTE;500769;6452116;CENTRO DE ESPECIALIDADES MEDICAS;M;01.10.2026;TAINA_CEM;01.10.2026;TAINA_CEM;9.50;CONFIRMADO;K429;48047740172;EVA WILMA ABDO DOS SANTOS GUIMARAES
694287772;1314069;0204060117;COXA E;87751593172;CRISTIANE DE SOUZA PEREIRA;06.10.2026;21:00;0;704001863324663;MATEUS DE SOUZA FERREIRA;05.10.2009;17;204;SILVANA APARECIDA DE SOUZA;RUA;BAHIA;;2130;CENTRO;79490000;(48)99846-6140;SAO GABRIEL DO OESTE;500769;SAO GABRIEL DO OESTE;500769;6452116;CENTRO DE ESPECIALIDADES MEDICAS;M;01.10.2026;TAINA_CEM;01.10.2026;TAINA_CEM;8.94;PENDENTE;Z00;00468987193;ARTHUR MARTINS DE ALMEIDA
694292002;1314107;0204050120;ABDOMEN AGUDO (MINIMO DE 3 INCIDENCIAS);87751593172;CRISTIANE DE SOUZA PEREIRA;02.10.2026;16:00;0;704603137845329;MARIA ELOA SANTOS SILVA;09.06.2026;00;3;TAINARA SANTOS DE OLIVEIRA;RUA;CURICACA 1/1465;;553;JARDIM GRAMADO;79491010;(67)99616-5884;SAO GABRIEL DO OESTE;500769;SAO GABRIEL DO OESTE;500769;6452116;CENTRO DE ESPECIALIDADES MEDICAS;F;01.10.2026;TAINA_CEM;01.10.2026;TAINA_CEM;15.30;CONFIRMADO;Z00;;STEPHANNO CONTRIS
694293040;1314123;0204060150;RADIOGRAFIA PANORAMICA DE PE / DEDOS DO PE;87751593172;CRISTIANE DE SOUZA PEREIRA;02.10.2026;16:00;0;708608588950582;MAISA VITORIA FREIRES FERREIRA;26.12.2009;16;201;DAIANA APARECIDA AUGUSTA FREIRES;GRANJA;PL 3 COOASGO;;S/N;ZONA RURAL;79490000;(67)3295-8964;SAO GABRIEL DO OESTE;500769;SAO GABRIEL DO OESTE;500769;6354265;CENTRAL DE REGULACAO DE SAO GABRIEL DO OESTE;F;01.10.2026;CLEIDIANE_REGULADOR;01.10.2026;CLEIDIANE_REGULADOR;6.78;CONFIRMADO;S923;;ROMULO TAFURI
694301571;0282063;0301010072;CONSULTA EM OTORRINOLARINGOLOGIA;78877326115;ANA PAULA CAVALIERI PONTES;08.10.2026;18:10;0;701008817057293;SOPHIA ALVES DE ARAUJO;17.03.2025;01;18;AMANDA ALVES DE ALMEIDA;RUA;GREGORIANA;CASA 24;333;PRIMO MAFFISSONI;79490000;(67)99977-8591;SAO GABRIEL DO OESTE;500769;SAO GABRIEL DO OESTE;500769;6452116;CENTRO DE ESPECIALIDADES MEDICAS;F;01.10.2026;TAINA_CEM;01.10.2026;TAINA_CEM;10.00;PENDENTE;H905;;CLODOALDO SABINO
694339965;1314029;0204020069;COLUNA LOMBO-SACRA;01320968112;MARCELO MARTINS ROCHA;02.10.2026;11:00;0;706403155996684;ALEILTON FERRAREZ DA SILVA;13.05.1988;38;460;ROSANA FERRAREZ;RUA;DOS CANARIOS 1/1465;;368;JARDIM GRAMADO;79491008;(67)99825-0255;SAO GABRIEL DO OESTE;500769;SAO GABRIEL DO OESTE;500769;2370980;UNIDADE DE SAUDE DA FAMILIA JARDIM GRAMADO I;M;02.10.2026;ELISANGELA_UNIDADEI;02.10.2026;ELISANGELA_UNIDADEI;10.96;CONFIRMADO;M545;01454652179;MAYARA MARIA MELKE GUIMARAES
694362545;1314011;0204010080;CRANIO (PA + LATERAL);01320968112;MARCELO MARTINS ROCHA;06.10.2026;11:00;0;706208545001063;MARIA TEREZA DA SILVA;09.06.1951;75;903;QUITERIA TEREZA DE JESUS;RUA;TICO-TICO;;375;FENIX;79491096;(67)99875-8662;SAO GABRIEL DO OESTE;500769;SAO GABRIEL DO OESTE;500769;2370999;UNIDADE DE SAUDE DA FAMILIA FENIX IV;F;02.10.2026;GUSTAVO_PIAIA;02.10.2026;GUSTAVO_PIAIA;7.52;PENDENTE;S068;96245646120;RAFAELLA MARIA COSTA GOIS DE FIGUEIREDO
694363797;1314029;0204020069;COLUNA LOMBO-SACRA;01320968112;MARCELO MARTINS ROCHA;07.10.2026;11:00;0;702609212211343;JOCILAINE RODRIGUES FERREIRA;21.01.1990;36;440;ADELINA ALVES RODRIGUES FERREIRA;RUA;BEM TE VI;;1521;CONJUNTO FENIX;79490000;(67)9692-4713;SAO GABRIEL DO OESTE;500769;SAO GABRIEL DO OESTE;500769;6452116;CENTRO DE ESPECIALIDADES MEDICAS;F;02.10.2026;PATRICKMASIAGA;02.10.2026;PATRICKMASIAGA;10.96;PENDENTE;M549;;RAFAEL CANDIDO MAIA
694370685;1314095;0204030153;TORAX (PA + PERFIL);80089844149;ANA PAULA DOS SANTOS PEREIRA SILVANY;05.10.2026;07:00;0;704708715008038;EDSON INACIO GUARNIERI;10.10.1965;60;731;MARIA RIZZIERI;INVALIDO;R PARANA;;824;CENTRO;79490000;(67)3295-1712;SAO GABRIEL DO OESTE;500769;SAO GABRIEL DO OESTE;500769;2591359;UNIDADE DE SAUDE DA FAMILIA V;M;02.10.2026;CHRISTIANEHELEN_FREITAS;02.10.2026;CHRISTIANEHELEN_FREITAS;9.50;PENDENTE;Z000;04796956107;JULIANA DA ROCHA PEREIRA MENEZES
694374648;1314095;0204030153;TORAX (PA + PERFIL);01320968112;MARCELO MARTINS ROCHA;06.10.2026;11:00;0;702004806412687;EMANUELY GOMES;22.04.2009;17;209;CRISTIANE GOMES PEDROSO;RUA;DONA ELVIRA;CASA 03;1506;MILANI;79492070;(67)99806-3005;SAO GABRIEL DO OESTE;500769;SAO GABRIEL DO OESTE;500769;2370972;UNIDADE DE SAUDE DA FAMILIA MILANE II;F;02.10.2026;FLAVIA_RODRIGUES;02.10.2026;FLAVIA_RODRIGUES;9.50;PENDENTE;R060;;ALCIDES EDUARDO EIBEL
694394210;1314095;0204030153;TORAX (PA + PERFIL);01320968112;MARCELO MARTINS ROCHA;20.10.2026;11:00;0;708101575187735;ADRIANE MALAQUIAS DA SILVA;10.03.2008;18;222;REGINALDA APARECIDA MALAQUIAS FRANCA;CHACARA;NOSSA SENHORA APARECIDA;;S/N;RURAL;79490000;(67)99823-8130;SAO GABRIEL DO OESTE;500769;SAO GABRIEL DO OESTE;500769;2370972;UNIDADE DE SAUDE DA FAMILIA MILANE II;F;02.10.2026;VANESSAMARTINS_AREADO;02.10.2026;VANESSAMARTINS_AREADO;9.50;PENDENTE;I10;83798633134;JOAO BAPTISTA BARBOSA SOUZA
694408882;1314110;0204030153;TORAX (PA + PERFIL) PRE-OPERATORIO;59241284153;CLODOALDO DE AZEVEDO CARDOSO;05.10.2026;16:00;0;700003735887303;ADELIA LOPES;07.07.1968;58;698;MARIA PEREIRA;FAZENDA;PECUARIA VIAN;;S/N;RURAL;79490000;(67)99609-8019;SAO GABRIEL DO OESTE;500769;SAO GABRIEL DO OESTE;500769;6452116;CENTRO DE ESPECIALIDADES MEDICAS;F;02.10.2026;PATRICKMASIAGA;02.10.2026;PATRICKMASIAGA;9.50;PENDENTE;Z099;;JAIRO COLEONE QUINELATO
694415957;1314039;0204040035;ARTICULACAO ESCAPULO-UMERAL D;59241284153;CLODOALDO DE AZEVEDO CARDOSO;05.10.2026;16:00;0;706000388699640;TELMA REGINA DOS SANTOS VILIALVA;18.10.1974;51;623;TEREZA DOS SANTOS VILIALVA;RUA;CURIO;CASA;1802;FENIX;79490000;(67)99989-4220;SAO GABRIEL DO OESTE;500769;SAO GABRIEL DO OESTE;500769;3400964;UNIDADE DE SAUDE DA FAMILIA RURAL VII;F;02.10.2026;ISABEL_PINHEIRO;02.10.2026;ISABEL_PINHEIRO;7.40;CONFIRMADO;R56;00612619630;KALYNKA SILVIA HIGINO
694425402;1314022;0204020042;COLUNA CERVICAL (AP + LATERAL + TO / FLEXAO);80089844149;ANA PAULA DOS SANTOS PEREIRA SILVANY;06.10.2026;07:00;0;708900757841513;WALLISON RODRIGUES CARVALHO;05.06.1996;30;364;CARMEM LUCIA RODRIGUES DE JESUS;FAZENDA;FAZENDA TRIANGULO;;;ZONA RURAL;78250000;;PONTES E LACERDA;510675;SAO GABRIEL DO OESTE;500769;3400964;UNIDADE DE SAUDE DA FAMILIA RURAL VII;M;02.10.2026;ISABEL_PINHEIRO;02.10.2026;ISABEL_PINHEIRO;8.19;PENDENTE;M545;00612619630;KALYNKA SILVIA HIGINO
694425402;1314029;0204020069;COLUNA LOMBO-SACRA;80089844149;ANA PAULA DOS SANTOS PEREIRA SILVANY;06.10.2026;07:00;0;708900757841513;WALLISON RODRIGUES CARVALHO;05.06.1996;30;364;CARMEM LUCIA RODRIGUES DE JESUS;FAZENDA;FAZENDA TRIANGULO;;;ZONA RURAL;78250000;;PONTES E LACERDA;510675;SAO GABRIEL DO OESTE;500769;3400964;UNIDADE DE SAUDE DA FAMILIA RURAL VII;M;02.10.2026;ISABEL_PINHEIRO;02.10.2026;ISABEL_PINHEIRO;10.96;PENDENTE;M545;00612619630;KALYNKA SILVIA HIGINO
694425402;1314114;0204020107;COLUNA TORACO-LOMBAR;80089844149;ANA PAULA DOS SANTOS PEREIRA SILVANY;06.10.2026;07:00;0;708900757841513;WALLISON RODRIGUES CARVALHO;05.06.1996;30;364;CARMEM LUCIA RODRIGUES DE JESUS;FAZENDA;FAZENDA TRIANGULO;;;ZONA RURAL;78250000;;PONTES E LACERDA;510675;SAO GABRIEL DO OESTE;500769;3400964;UNIDADE DE SAUDE DA FAMILIA RURAL VII;M;02.10.2026;ISABEL_PINHEIRO;02.10.2026;ISABEL_PINHEIRO;9.73;PENDENTE;M545;00612619630;KALYNKA SILVIA HIGINO
694432264;1314046;0204040116;OMOPLATA / OMBRO E (TRES POSICOES);87751593172;CRISTIANE DE SOUZA PEREIRA;07.10.2026;21:00;0;700007086863801;NAZARE CARDOSO GONCALVES;15.09.1972;54;648;NAIR CARDOSO GONCALVES;RUA;LEOCADIO RAMOS NOGUEIRA;;128;CENTRO;79490000;(67)99677-3232;SAO GABRIEL DO OESTE;500769;SAO GABRIEL DO OESTE;500769;6452116;CENTRO DE ESPECIALIDADES MEDICAS;F;02.10.2026;PATRICKMASIAGA;02.10.2026;PATRICKMASIAGA;7.98;PENDENTE;Z099;93393539191;RODOLFO FABIANO NIZ BAREIRO
694432264;1314045;0204040116;OMOPLATA / OMBRO D (TRES POSICOES);87751593172;CRISTIANE DE SOUZA PEREIRA;07.10.2026;21:00;0;700007086863801;NAZARE CARDOSO GONCALVES;15.09.1972;54;648;NAIR CARDOSO GONCALVES;RUA;LEOCADIO RAMOS NOGUEIRA;;128;CENTRO;79490000;(67)99677-3232;SAO GABRIEL DO OESTE;500769;SAO GABRIEL DO OESTE;500769;6452116;CENTRO DE ESPECIALIDADES MEDICAS;F;02.10.2026;PATRICKMASIAGA;02.10.2026;PATRICKMASIAGA;7.98;PENDENTE;Z099;93393539191;RODOLFO FABIANO NIZ BAREIRO
694432264;1314022;0204020042;COLUNA CERVICAL (AP + LATERAL + TO / FLEXAO);87751593172;CRISTIANE DE SOUZA PEREIRA;07.10.2026;21:00;0;700007086863801;NAZARE CARDOSO GONCALVES;15.09.1972;54;648;NAIR CARDOSO GONCALVES;RUA;LEOCADIO RAMOS NOGUEIRA;;128;CENTRO;79490000;(67)99677-3232;SAO GABRIEL DO OESTE;500769;SAO GABRIEL DO OESTE;500769;6452116;CENTRO DE ESPECIALIDADES MEDICAS;F;02.10.2026;PATRICKMASIAGA;02.10.2026;PATRICKMASIAGA;8.19;PENDENTE;Z099;93393539191;RODOLFO FABIANO NIZ BAREIRO
694450539;1314095;0204030153;TORAX (PA + PERFIL);87751593172;CRISTIANE DE SOUZA PEREIRA;09.10.2026;19:00;0;708100179149740;JULIANA BARBOSA DOS ANJOS;26.02.1988;38;463;FRANCISCA MARIA DOS ANJOS;RUA;RIO DE JANEIRO 2400/99999;;2607;AMABILE MAFFISSONI;79490102;(67)99873-9028;SAO GABRIEL DO OESTE;500769;SAO GABRIEL DO OESTE;500769;6354265;CENTRAL DE REGULACAO DE SAO GABRIEL DO OESTE;F;02.10.2026;CLEIDIANE_REGULADOR;02.10.2026;CLEIDIANE_REGULADOR;9.50;PENDENTE;Z136;;VANIA GOMES MARIANO
694478587;1314095;0204030153;TORAX (PA + PERFIL);59241284153;CLODOALDO DE AZEVEDO CARDOSO;05.10.2026;16:00;0;700403777749150;MARCIA DE SOUSA GADEIA MOREIRA;06.11.1961;64;779;MARIA SOUSA;RUA;INDEPENDENCIA;;35;VILA CARVALHO;79005260;(67)3391-9164 / (67)99892-4798;CAMPO GRANDE;500270;SAO GABRIEL DO OESTE;500769;2599376;UNIDADE DE SAUDE DA FAMILIA VI;F;02.10.2026;MARIANA_MARTINS;02.10.2026;MARIANA_MARTINS;9.50;CONFIRMADO;L93;06437691107;MAIARA FLORES SCARIOT
694485228;1314037;0204040027;ARTICULACAO ACROMIO-CLAVICULAR D;01320968112;MARCELO MARTINS ROCHA;07.10.2026;11:00;0;700000107980805;EMILY DE VARGAS KOLING;13.01.2015;11;140;CLARICE TEODORO DE VARGAS;RUA;MINAS GERAIS;;925;CENTRO;79490000;(67)3295-2462;SAO GABRIEL DO OESTE;500769;SAO GABRIEL DO OESTE;500769;6452116;CENTRO DE ESPECIALIDADES MEDICAS;F;02.10.2026;PATRICKMASIAGA;02.10.2026;PATRICKMASIAGA;7.40;PENDENTE;Z099;93393539191;RODOLFO FABIANO NIZ BAREIRO
694485228;1314043;0204040060;CLAVICULA D;01320968112;MARCELO MARTINS ROCHA;07.10.2026;11:00;0;700000107980805;EMILY DE VARGAS KOLING;13.01.2015;11;140;CLARICE TEODORO DE VARGAS;RUA;MINAS GERAIS;;925;CENTRO;79490000;(67)3295-2462;SAO GABRIEL DO OESTE;500769;SAO GABRIEL DO OESTE;500769;6452116;CENTRO DE ESPECIALIDADES MEDICAS;F;02.10.2026;PATRICKMASIAGA;02.10.2026;PATRICKMASIAGA;7.40;PENDENTE;Z099;93393539191;RODOLFO FABIANO NIZ BAREIRO
694493564;1314062;0204060095;BACIA;80089844149;ANA PAULA DOS SANTOS PEREIRA SILVANY;05.10.2026;07:00;0;700100940807916;MARIA LUIZA LORENA;02.10.1964;62;744;IRENE LORENA;RUA;SANTA MARIA;;1862;MILANI;79492074;(67)99807-6532;SAO GABRIEL DO OESTE;500769;SAO GABRIEL DO OESTE;500769;2370972;UNIDADE DE SAUDE DA FAMILIA MILANE II;F;02.10.2026;FLAVIA_RODRIGUES;02.10.2026;FLAVIA_RODRIGUES;7.77;CONFIRMADO;M255;;ALCIDES EDUARDO EIBEL
694495432;1314114;0204020107;COLUNA TORACO-LOMBAR;80089844149;ANA PAULA DOS SANTOS PEREIRA SILVANY;05.10.2026;07:00;0;709004838456016;GUILHERME DANIEL PERUZZO;19.10.2013;12;155;STEFANY DE JESUS MORAES;RUA;RIO DE JANEIRO 1/2399;;2160;CENTRO;79490019;(67)99665-3301 / (67)99860-4925;SAO GABRIEL DO OESTE;500769;SAO GABRIEL DO OESTE;500769;2599376;UNIDADE DE SAUDE DA FAMILIA VI;M;02.10.2026;MARIANA_MARTINS;02.10.2026;MARIANA_MARTINS;9.73;CONFIRMADO;M545;06437691107;MAIARA FLORES SCARIOT
694506053;1314110;0204030153;TORAX (PA + PERFIL) PRE-OPERATORIO;87751593172;CRISTIANE DE SOUZA PEREIRA;05.10.2026;21:00;0;700507998270357;LENIRA DARBEN MARTINI;31.12.1961;64;777;LEOTIDES DE OLIVEIRA DARBEN;RUA;SAO PAULO;;1075;CENTRO;79490000;(21)2105-0000;SAO GABRIEL DO OESTE;500769;SAO GABRIEL DO OESTE;500769;6452116;CENTRO DE ESPECIALIDADES MEDICAS;F;02.10.2026;PATRICKMASIAGA;02.10.2026;PATRICKMASIAGA;9.50;CONFIRMADO;Z099;70808015087;CELIO HELEGDA
694524556;1314029;0204020069;COLUNA LOMBO-SACRA;59241284153;CLODOALDO DE AZEVEDO CARDOSO;05.10.2026;16:00;0;700903959543790;CANTALICIA ALVARENGA SELVIAN;06.11.1977;48;587;CRISTINA ALVARENGA;CHACARA;CHACARA CANÃA;ASSENT CANAÃ;06;ZONA RURAL;79450000;(67)99977-4755;ROCHEDO;500750;SAO GABRIEL DO OESTE;500769;6452116;CENTRO DE ESPECIALIDADES MEDICAS;F;02.10.2026;PATRICKMASIAGA;02.10.2026;PATRICKMASIAGA;10.96;PENDENTE;Z099;;ALEXIA DE OLVIEIRA FIGUEIREDO
694526735;1314110;0204030153;TORAX (PA + PERFIL) PRE-OPERATORIO;87751593172;CRISTIANE DE SOUZA PEREIRA;05.10.2026;21:00;0;704606113491023;ROBERTO DE SOUZA;22.09.1997;29;348;LECIVAN DE SOUZA BRITO;RUA;SANTA MARIA;CASA1;15;MILANI;79490000;(67)99833-9916;SAO GABRIEL DO OESTE;500769;SAO GABRIEL DO OESTE;500769;6452116;CENTRO DE ESPECIALIDADES MEDICAS;M;02.10.2026;PATRICKMASIAGA;02.10.2026;PATRICKMASIAGA;9.50;CONFIRMADO;Z099;;LUCINALDO BASSO
694584328;0282063;0301010072;CONSULTA EM OTORRINOLARINGOLOGIA;78877326115;ANA PAULA CAVALIERI PONTES;08.10.2026;18:00;0;702306187146113;VANIA MOCCELIN;21.07.1983;43;518;SUELY TERESINHA FEDRIGO MOCCELIN;RUA;PERNAMBUCO 2400/99999;;2769;JARDIM PRIMAVERA;79490174;(67)99929-0421;SAO GABRIEL DO OESTE;500769;SAO GABRIEL DO OESTE;500769;2591359;UNIDADE DE SAUDE DA FAMILIA V;F;05.10.2026;CHRISTIANEHELEN_FREITAS;05.10.2026;CHRISTIANEHELEN_FREITAS;10.00;PENDENTE;Z00;;KALYNKA SILVA HIGINO
694587310;1314095;0204030153;TORAX (PA + PERFIL);80089844149;ANA PAULA DOS SANTOS PEREIRA SILVANY;29.10.2026;07:00;0;700501373445858;JAMIL DUAILIBI MARCIANO;15.08.1956;70;841;JOVITA LEMES DUAILIBI MARCIANO;RUA;JOAO RODRIGUES MIRANDA 1200/99999;;1419;PRIMO MAFFISSONI;79490320;(67)99657-5660;SAO GABRIEL DO OESTE;500769;SAO GABRIEL DO OESTE;500769;7333218;UNIDADE DE SAUDE DA FAMILIA X;M;05.10.2026;RAISSASILVALIMA;05.10.2026;RAISSASILVALIMA;9.50;PENDENTE;Z00;63805480172;CLEDSON PERETTI
694589006;1314110;0204030153;TORAX (PA + PERFIL) PRE-OPERATORIO;80089844149;ANA PAULA DOS SANTOS PEREIRA SILVANY;06.10.2026;07:00;0;700203435358923;OLGA SPADOTTO VALGOI;15.10.1944;81;983;MARIA GLORIA FERREIRA;RUA;PARANA;CASA;2160;CENTRO;79490000;(67)99954-2861;SAO GABRIEL DO OESTE;500769;SAO GABRIEL DO OESTE;500769;6452116;CENTRO DE ESPECIALIDADES MEDICAS;F;05.10.2026;ARI_CEM;05.10.2026;ARI_CEM;9.50;CONFIRMADO;Z099;;MEDICO SUS
694596216;1314046;0204040116;OMOPLATA / OMBRO E (TRES POSICOES);80089844149;ANA PAULA DOS SANTOS PEREIRA SILVANY;06.10.2026;07:00;0;700306916423236;CRISTOFFER CLEITON DA SILVA DE ASSIS;12.09.2005;21;252;CARLA FERNANDA DA SILVA DE ASSIS;RUA;CANARIOS;;909;JARDIM GRAMADO;79490000;(67)99155-7092;SAO GABRIEL DO OESTE;500769;SAO GABRIEL DO OESTE;500769;2370980;UNIDADE DE SAUDE DA FAMILIA JARDIM GRAMADO I;M;05.10.2026;ELISANGELA_UNIDADEI;05.10.2026;ELISANGELA_UNIDADEI;7.98;CONFIRMADO;M75;01454652179;MAYARA MARIA MELKE GUIMARAES
694596781;1314124;0204040094;RADIOGRAFIA PANORAMICA DE MAO D;01320968112;MARCELO MARTINS ROCHA;06.10.2026;11:00;0;708905787489014;CLEONICE DALLA ROSA;16.09.1975;51;612;ORFILIA DALLA ROSA;RUA;JOÃO EVANGELISTA ROSA;;1723;PRIMO MAFFISSONI;79490000;(65)99925-1172;SAO GABRIEL DO OESTE;500769;SAO GABRIEL DO OESTE;500769;2599376;UNIDADE DE SAUDE DA FAMILIA VI;F;05.10.2026;MARIANA_MARTINS;05.10.2026;MARIANA_MARTINS;6.30;PENDENTE;M20;06437691107;MAIARA FLORES SCARIOT
694598071;1314023;0204020034;COLUNA CERVICAL (AP + LATERAL + TO + OBLIQUAS);59241284153;CLODOALDO DE AZEVEDO CARDOSO;07.10.2026;16:00;0;701104360857480;DIONICE SANTOS BOMFIM DA SILVA;07.04.1977;49;593;MARIA DOMINGAS BATISTA DOS SANTOS;RUA;GAIVOTAS;CASA;1298;JARDIM GRAMADO;79490000;(31)99567-3627;SAO GABRIEL DO OESTE;500769;SAO GABRIEL DO OESTE;500769;5971055;UNIDADE DE SAUDE DA FAMILIA VIII;F;05.10.2026;JESSICAPADILHA;05.10.2026;JESSICAPADILHA;8.33;PENDENTE;Z000;04805244160;RENNAN ORTIZ BUENO
694598071;1314115;0204020115;COLUNA TORACO-LOMBAR DINAMICA;59241284153;CLODOALDO DE AZEVEDO CARDOSO;07.10.2026;16:00;0;701104360857480;DIONICE SANTOS BOMFIM DA SILVA;07.04.1977;49;593;MARIA DOMINGAS BATISTA DOS SANTOS;RUA;GAIVOTAS;CASA;1298;JARDIM GRAMADO;79490000;(31)99567-3627;SAO GABRIEL DO OESTE;500769;SAO GABRIEL DO OESTE;500769;5971055;UNIDADE DE SAUDE DA FAMILIA VIII;F;05.10.2026;JESSICAPADILHA;05.10.2026;JESSICAPADILHA;15.58;PENDENTE;Z000;04805244160;RENNAN ORTIZ BUENO
694612973;1314023;0204020034;COLUNA CERVICAL (AP + LATERAL + TO + OBLIQUAS);80089844149;ANA PAULA DOS SANTOS PEREIRA SILVANY;06.10.2026;07:00;0;702105799268598;ADELINA ALVES RODRIGUES FERREIRA;19.08.1955;71;853;MARIA ANTONIA RODRIGUES DA SILVA;RUA;GAIVOTAS;;1040;JARDIM GRAMADO;79490000;(67)9655-9844;SAO GABRIEL DO OESTE;500769;SAO GABRIEL DO OESTE;500769;5971055;UNIDADE DE SAUDE DA FAMILIA VIII;F;05.10.2026;JESSICAPADILHA;05.10.2026;JESSICAPADILHA;8.33;CONFIRMADO;Z000;04805244160;RENNAN ORTIZ BUENO
694617952;1314054;0204040124;PUNHO E (AP + LATERAL + OBLIQUA);87751593172;CRISTIANE DE SOUZA PEREIRA;05.10.2026;21:00;0;700804441325085;OTALIVIO PEREIRA DOS SANTOS;27.10.1985;40;491;VERGILIA PEREIRA DOS SANTOS;FAZENDA;CAMPANARIO;;S/N;RURAL;79490000;(67)9833-1148;SAO GABRIEL DO OESTE;500769;SAO GABRIEL DO OESTE;500769;6452116;CENTRO DE ESPECIALIDADES MEDICAS;M;05.10.2026;PATRICKMASIAGA;05.10.2026;PATRICKMASIAGA;6.91;CONFIRMADO;Z099;00468987193;ARTHUR MARTINS DE ALMEIDA
694618625;1314045;0204040116;OMOPLATA / OMBRO D (TRES POSICOES);87751593172;CRISTIANE DE SOUZA PEREIRA;05.10.2026;21:00;0;700009379581909;JOAO GUSTAVO MARCELINO ORTEGA;21.05.2000;26;316;CLEUZA MARCELINO ORTEGA;RUA;BOA VENTURA FERREIRA ROSA;CASA;1803;PRIMO MAFFISSONI;79490000;(67)99632-6327;SAO GABRIEL DO OESTE;500769;SAO GABRIEL DO OESTE;500769;6452116;CENTRO DE ESPECIALIDADES MEDICAS;M;05.10.2026;PATRICKMASIAGA;05.10.2026;PATRICKMASIAGA;7.98;CONFIRMADO;Z099;89074033172;ROGERIO PADOVANI TOFFOLI
694639146;1314067;0204060060;ARTICULACAO COXO-FEMORAL E;80089844149;ANA PAULA DOS SANTOS PEREIRA SILVANY;06.10.2026;07:00;0;700507955892860;ROSINEIDE CUSTODIO BENTO;13.10.1968;57;695;MARINA CUSTODIO BENTO;RUA;R;;896;CIDADE JARDIM 02;79492150;(67)99827-6369;SAO GABRIEL DO OESTE;500769;SAO GABRIEL DO OESTE;500769;2370972;UNIDADE DE SAUDE DA FAMILIA MILANE II;F;05.10.2026;FLAVIA_RODRIGUES;05.10.2026;FLAVIA_RODRIGUES;7.77;CONFIRMADO;S700;83798633134;JOAO BAPTISTA BARBOSA SOUZA
694639146;1314066;0204060060;ARTICULACAO COXO-FEMORAL D;80089844149;ANA PAULA DOS SANTOS PEREIRA SILVANY;06.10.2026;07:00;0;700507955892860;ROSINEIDE CUSTODIO BENTO;13.10.1968;57;695;MARINA CUSTODIO BENTO;RUA;R;;896;CIDADE JARDIM 02;79492150;(67)99827-6369;SAO GABRIEL DO OESTE;500769;SAO GABRIEL DO OESTE;500769;2370972;UNIDADE DE SAUDE DA FAMILIA MILANE II;F;05.10.2026;FLAVIA_RODRIGUES;05.10.2026;FLAVIA_RODRIGUES;7.77;CONFIRMADO;S700;83798633134;JOAO BAPTISTA BARBOSA SOUZA
694640341;1314082;0204060150;PE D;01320968112;MARCELO MARTINS ROCHA;16.10.2026;11:00;0;709800083420097;RITA ALICE DOS SANTOS DE OLIVEIRA CALGARO;26.02.1982;44;535;ANA ALICE DOS SANTOS DE OLIVEIRA;AVENIDA;SAO FRANCISCO;;3074;JARDIM PRIMAVERA;79490000;(67)9661-3772;SAO GABRIEL DO OESTE;500769;SAO GABRIEL DO OESTE;500769;6452116;CENTRO DE ESPECIALIDADES MEDICAS;F;05.10.2026;PATRICKMASIAGA;05.10.2026;PATRICKMASIAGA;6.78;PENDENTE;Z099;;GILBERTO RICETO JUNIOR
694658099;1314128;0204030153;RADIOGRAFIA PANORAMICA DE TORAX (PA E PERFIL);80089844149;ANA PAULA DOS SANTOS PEREIRA SILVANY;07.10.2026;07:00;0;700007995071803;LOACIR MARCHI;22.02.1979;47;571;GEMA MASCARELO MARCHI;RUA;DAS CURRUIRAS;;866;JARDIM GRAMADO;79491014;(67)99659-1303;SAO GABRIEL DO OESTE;500769;SAO GABRIEL DO OESTE;500769;5971055;UNIDADE DE SAUDE DA FAMILIA VIII;M;05.10.2026;JESSICAPADILHA;05.10.2026;JESSICAPADILHA;9.50;PENDENTE;Z000;04805244160;RENNAN ORTIZ BUENO
694710123;1314078;0204060087;ARTICULACAO TIBIO-TARSICA (TORNOZELO) D;87751593172;CRISTIANE DE SOUZA PEREIRA;05.10.2026;21:00;0;705603457461112;WALTER MARTOSZATH;10.02.1975;51;619;ROSWTHA UTE MARTOSZATH;RUA;DOM PEDRO I;;604;JARDIM PRIMAVERA;79490000;(67)9962-2739;SAO GABRIEL DO OESTE;500769;SAO GABRIEL DO OESTE;500769;7333218;UNIDADE DE SAUDE DA FAMILIA X;M;05.10.2026;RAISSASILVALIMA;05.10.2026;RAISSASILVALIMA;6.50;CONFIRMADO;Z00;63805480172;CLEDSON PERETTI
694713302;0282063;0301010072;CONSULTA EM OTORRINOLARINGOLOGIA;78877326115;ANA PAULA CAVALIERI PONTES;29.10.2026;18:10;1;705006493694456;TEREZINHA DALLA ROSA BERTON;13.07.1959;67;806;ORFILIA DALLA ROSA;RUA;JOAO EVANGELISTA ROSA 1/1199;;857;CENTRO;79490055;(67)99904-6711;SAO GABRIEL DO OESTE;500769;SAO GABRIEL DO OESTE;500769;6452116;CENTRO DE ESPECIALIDADES MEDICAS;F;05.10.2026;PATRICKMASIAGA;05.10.2026;PATRICKMASIAGA;10.00;PENDENTE;Z099;78877326115;ANA PAULA CAVALIERI PONTES
694714442;1314110;0204030153;TORAX (PA + PERFIL) PRE-OPERATORIO;01320968112;MARCELO MARTINS ROCHA;06.10.2026;11:00;0;706705517818312;RAULINO SILVA DOS SANTOS;01.04.1947;79;954;MARIA SILVA DOS SANTOS;RUA;DONA ELVIRA;;1066;MILANI;79490000;(67)9912-3511;SAO GABRIEL DO OESTE;500769;SAO GABRIEL DO OESTE;500769;6452116;CENTRO DE ESPECIALIDADES MEDICAS;M;05.10.2026;PATRICKMASIAGA;05.10.2026;PATRICKMASIAGA;9.50;PENDENTE;Z099;01110123175;ELY DONIZETH DE ASSIS JUNIOR
694723560;1314029;0204020069;COLUNA LOMBO-SACRA;87751593172;CRISTIANE DE SOUZA PEREIRA;05.10.2026;21:00;0;700100963628813;ROSILENE DOS ANJOS ALMEIDA;21.06.1973;53;639;NAIR DOS ANJOS ALMEIDA;FAZENDA;LAR COOPERATIVA;BR163;S/N;AREA RURAL DE SAO GABRIEL DO OESTE;79493899;(67)99872-4226;SAO GABRIEL DO OESTE;500769;SAO GABRIEL DO OESTE;500769;3400964;UNIDADE DE SAUDE DA FAMILIA RURAL VII;F;05.10.2026;DULCINEIA_MOCCELIN;05.10.2026;DULCINEIA_MOCCELIN;10.96;CONFIRMADO;M511;;ALCIDES EDUARDO EIBEL
694723606;1314046;0204040116;OMOPLATA / OMBRO E (TRES POSICOES);59241284153;CLODOALDO DE AZEVEDO CARDOSO;07.10.2026;16:00;0;700603986617468;IVANETE VICENTE DA SILVA;25.03.1968;58;702;DIVA VICENTE DA SILVA;RUA;GARÇAS;;236;FÊNIX;79491060;(67)99290-5956 / (67)99604-0689;SAO GABRIEL DO OESTE;500769;SAO GABRIEL DO OESTE;500769;2370999;UNIDADE DE SAUDE DA FAMILIA FENIX IV;F;05.10.2026;GUSTAVO_PIAIA;05.10.2026;GUSTAVO_PIAIA;7.98;PENDENTE;R522;96245646120;RAFAELLA MARIA COSTA GOIS DE FIGUEIREDO
694723606;1314071;0204060125;JOELHO E (AP + LATERAL);59241284153;CLODOALDO DE AZEVEDO CARDOSO;07.10.2026;16:00;0;700603986617468;IVANETE VICENTE DA SILVA;25.03.1968;58;702;DIVA VICENTE DA SILVA;RUA;GARÇAS;;236;FÊNIX;79491060;(67)99290-5956 / (67)99604-0689;SAO GABRIEL DO OESTE;500769;SAO GABRIEL DO OESTE;500769;2370999;UNIDADE DE SAUDE DA FAMILIA FENIX IV;F;05.10.2026;GUSTAVO_PIAIA;05.10.2026;GUSTAVO_PIAIA;6.78;PENDENTE;R522;96245646120;RAFAELLA MARIA COSTA GOIS DE FIGUEIREDO
694723606;1314070;0204060125;JOELHO D (AP + LATERAL);59241284153;CLODOALDO DE AZEVEDO CARDOSO;07.10.2026;16:00;0;700603986617468;IVANETE VICENTE DA SILVA;25.03.1968;58;702;DIVA VICENTE DA SILVA;RUA;GARÇAS;;236;FÊNIX;79491060;(67)99290-5956 / (67)99604-0689;SAO GABRIEL DO OESTE;500769;SAO GABRIEL DO OESTE;500769;2370999;UNIDADE DE SAUDE DA FAMILIA FENIX IV;F;05.10.2026;GUSTAVO_PIAIA;05.10.2026;GUSTAVO_PIAIA;6.78;PENDENTE;R522;96245646120;RAFAELLA MARIA COSTA GOIS DE FIGUEIREDO
694723606;1314029;0204020069;COLUNA LOMBO-SACRA;59241284153;CLODOALDO DE AZEVEDO CARDOSO;07.10.2026;16:00;0;700603986617468;IVANETE VICENTE DA SILVA;25.03.1968;58;702;DIVA VICENTE DA SILVA;RUA;GARÇAS;;236;FÊNIX;79491060;(67)99290-5956 / (67)99604-0689;SAO GABRIEL DO OESTE;500769;SAO GABRIEL DO OESTE;500769;2370999;UNIDADE DE SAUDE DA FAMILIA FENIX IV;F;05.10.2026;GUSTAVO_PIAIA;05.10.2026;GUSTAVO_PIAIA;10.96;PENDENTE;R522;96245646120;RAFAELLA MARIA COSTA GOIS DE FIGUEIREDO
694726413;1314072;0204060133;JOELHO / ROTULA D (AP + LATERAL + AXIAL);87751593172;CRISTIANE DE SOUZA PEREIRA;05.10.2026;21:00;0;708103520684631;NILVACIR SANTOS DELGUINGARO;28.11.1984;41;502;LUZIA SANTOS DELGUINGARO;RUA;CONDE DE PORTO ALEGRE;CASA;1215;MILANI;79490000;(66)99605-3553 / (67)99918-1667;SAO GABRIEL DO OESTE;500769;SAO GABRIEL DO OESTE;500769;6452116;CENTRO DE ESPECIALIDADES MEDICAS;F;05.10.2026;PATRICKMASIAGA;05.10.2026;PATRICKMASIAGA;7.16;CONFIRMADO;Z099;06302616603;ROMULO AMARAL TAFURI
694726413;1314073;0204060133;JOELHO / ROTULA E (AP + LATERAL + AXIAL);87751593172;CRISTIANE DE SOUZA PEREIRA;05.10.2026;21:00;0;708103520684631;NILVACIR SANTOS DELGUINGARO;28.11.1984;41;502;LUZIA SANTOS DELGUINGARO;RUA;CONDE DE PORTO ALEGRE;CASA;1215;MILANI;79490000;(66)99605-3553 / (67)99918-1667;SAO GABRIEL DO OESTE;500769;SAO GABRIEL DO OESTE;500769;6452116;CENTRO DE ESPECIALIDADES MEDICAS;F;05.10.2026;PATRICKMASIAGA;05.10.2026;PATRICKMASIAGA;7.16;CONFIRMADO;Z099;06302616603;ROMULO AMARAL TAFURI
694731273;1314110;0204030153;TORAX (PA + PERFIL) PRE-OPERATORIO;87751593172;CRISTIANE DE SOUZA PEREIRA;06.10.2026;21:00;0;702304178452914;FABRICIO PADILHA DE OLIVEIRA;13.05.1994;32;388;MAFAUDA PADILHA;RUA;PATATIVAS;CASA;408;FÊNIX;79490000;(67)99658-4079;SAO GABRIEL DO OESTE;500769;SAO GABRIEL DO OESTE;500769;6452116;CENTRO DE ESPECIALIDADES MEDICAS;M;05.10.2026;PATRICKMASIAGA;05.10.2026;PATRICKMASIAGA;9.50;PENDENTE;Z099;93393539191;RODOLFO FABIANO NIZ BAREIRO
694738847;1314031;0204020085;COLUNA LOMBO-SACRA FUNCIONAL / DINAMICA;87751593172;CRISTIANE DE SOUZA PEREIRA;06.10.2026;21:00;0;704305528247890;NEILA LUIZ VANDES;11.08.1977;49;589;ZENAIDE LUIZ VANDES;RUA;ACRE;CASA;772;COHAB 1;79490000;(67)99962-3003;SAO GABRIEL DO OESTE;500769;SAO GABRIEL DO OESTE;500769;6452116;CENTRO DE ESPECIALIDADES MEDICAS;F;05.10.2026;PATRICKMASIAGA;05.10.2026;PATRICKMASIAGA;16.88;PENDENTE;Z099;22264073837;ANSELMO COSTA
694741895;1314095;0204030153;TORAX (PA + PERFIL);59241284153;CLODOALDO DE AZEVEDO CARDOSO;07.10.2026;16:00;0;703605023262832;JOAO MIGUEL MEDENSKI;12.01.2026;00;8;RENATA COSTA MARENGO;RUA;CONDE DE PORTO ALEGRE;;926;MILANI;79492072;(67)99956-2186;SAO GABRIEL DO OESTE;500769;SAO GABRIEL DO OESTE;500769;2370972;UNIDADE DE SAUDE DA FAMILIA MILANE II;M;05.10.2026;FLAVIA_RODRIGUES;05.10.2026;FLAVIA_RODRIGUES;9.50;PENDENTE;Z001;83798633134;JOAO BAPTISTA BARBOSA SOUZA
694744648;1314078;0204060087;ARTICULACAO TIBIO-TARSICA (TORNOZELO) D;59241284153;CLODOALDO DE AZEVEDO CARDOSO;16.10.2026;15:00;0;708006327075924;LUCELENA RODRIGUES PEREIRA;19.05.1970;56;676;ANGELICA RODRIGUES;RUA;S;;908;CIDADE JARDIM 2;79492152;(67)99659-4909;SAO GABRIEL DO OESTE;500769;SAO GABRIEL DO OESTE;500769;6452116;CENTRO DE ESPECIALIDADES MEDICAS;F;05.10.2026;PATRICKMASIAGA;05.10.2026;PATRICKMASIAGA;6.50;PENDENTE;Z099;89074033172;ROGERIO PADOVANI TOFFOLI
694745827;1314110;0204030153;TORAX (PA + PERFIL) PRE-OPERATORIO;87751593172;CRISTIANE DE SOUZA PEREIRA;06.10.2026;21:00;0;700805916494987;ANA HELOISA PIOVEZAN MIRANDA HAMMARSTRON;18.07.2003;23;278;DALVA MIRANDA DA SILVA;RUA;CEREJEIRA;;796;SAO CRISTOVAO;79491184;(67)99646-7442 / (67)99646-7442;SAO GABRIEL DO OESTE;500769;SAO GABRIEL DO OESTE;500769;6452116;CENTRO DE ESPECIALIDADES MEDICAS;F;05.10.2026;PATRICKMASIAGA;05.10.2026;PATRICKMASIAGA;9.50;PENDENTE;Z099;48047740172;EVA WILMA ABDO DOS SANTOS GUIMARAES
694746429;1314110;0204030153;TORAX (PA + PERFIL) PRE-OPERATORIO;87751593172;CRISTIANE DE SOUZA PEREIRA;06.10.2026;21:00;0;706705543174915;MARCELLY DE ASSIS BARBOSA;29.12.1986;39;477;JACIRA FORELIZA DE ASSIS BARBOSA;RUA;EDIVAL DIAS;;650;PARQUE DOS DIAMANTES;79450000;(67)99834-0688;ROCHEDO;500750;SAO GABRIEL DO OESTE;500769;6452116;CENTRO DE ESPECIALIDADES MEDICAS;F;05.10.2026;PATRICKMASIAGA;05.10.2026;PATRICKMASIAGA;9.50;PENDENTE;Z099;;ALESSANDRA REGINA GOMES R
694846910;1314110;0204030153;TORAX (PA + PERFIL) PRE-OPERATORIO;80089844149;ANA PAULA DOS SANTOS PEREIRA SILVANY;13.10.2026;07:00;0;700008498843809;DIVONSIR ANTONIO DE OLIVEIRA ANTUNES;14.07.1972;54;650;JOCENIRA DE OLIVEIRA ANTUNES;RUA;JOAO RODRIGUES DE MIRANDA;;935;CENTRO;79490000;(67)3295-4846;SAO GABRIEL DO OESTE;500769;SAO GABRIEL DO OESTE;500769;6452116;CENTRO DE ESPECIALIDADES MEDICAS;M;06.10.2026;ARI_CEM;06.10.2026;ARI_CEM;9.50;PENDENTE;Z099;01110123175;ELY DONIZETH DE ASSIS JUNIOR
694850216;1314114;0204020107;COLUNA TORACO-LOMBAR;80089844149;ANA PAULA DOS SANTOS PEREIRA SILVANY;07.10.2026;07:00;0;704208703931582;JANETHE NUNES DUTRA HOLSBACK;16.05.1970;56;676;MARIA ADELIA NUNES DUTRA;RUA;ESTUDANTE SONI BORTOLI;CASA;483;JARDIM ALVORADA;79490000;(67)99673-6287;SAO GABRIEL DO OESTE;500769;SAO GABRIEL DO OESTE;500769;2599376;UNIDADE DE SAUDE DA FAMILIA VI;F;06.10.2026;MARIANA_MARTINS;06.10.2026;MARIANA_MARTINS;9.73;PENDENTE;M545;06437691107;MAIARA FLORES SCARIOT
694850216;1314062;0204060095;BACIA;80089844149;ANA PAULA DOS SANTOS PEREIRA SILVANY;07.10.2026;07:00;0;704208703931582;JANETHE NUNES DUTRA HOLSBACK;16.05.1970;56;676;MARIA ADELIA NUNES DUTRA;RUA;ESTUDANTE SONI BORTOLI;CASA;483;JARDIM ALVORADA;79490000;(67)99673-6287;SAO GABRIEL DO OESTE;500769;SAO GABRIEL DO OESTE;500769;2599376;UNIDADE DE SAUDE DA FAMILIA VI;F;06.10.2026;MARIANA_MARTINS;06.10.2026;MARIANA_MARTINS;7.77;PENDENTE;M545;06437691107;MAIARA FLORES SCARIOT
694850944;1314055;0204040094;MAO D (DUAS INCIDENCIAS);87751593172;CRISTIANE DE SOUZA PEREIRA;29.10.2026;21:00;0;700007425438202;MAITE VITORIA CARVALHO;31.03.2021;05;66;FABIANA APARECIDA RODRIGUES;RUA;BAHIA;;2898;CENTRO;79490000;(67)99844-2334;SAO GABRIEL DO OESTE;500769;SAO GABRIEL DO OESTE;500769;6452116;CENTRO DE ESPECIALIDADES MEDICAS;F;06.10.2026;ARI_CEM;06.10.2026;ARI_CEM;6.30;PENDENTE;Z099;00468987193;ARTHUR MARTINS DE ALMEIDA
694852812;0282063;0301010072;CONSULTA EM OTORRINOLARINGOLOGIA;78877326115;ANA PAULA CAVALIERI PONTES;08.10.2026;18:00;0;701000826515595;LAERTE PEREIRA;10.03.1974;52;630;RAIMUNDA DIAS DOS SANTOS;RUA;CEREJEIRA;CASA;480;VACILIO DIAS;79140000;(67)99925-6245;NOVA ALVORADA DO SUL;500600;SAO GABRIEL DO OESTE;500769;6452116;CENTRO DE ESPECIALIDADES MEDICAS;M;06.10.2026;ARI_CEM;06.10.2026;ARI_CEM;10.00;PENDENTE;Z099;78877326115;ANA PAULA CAVALIERI PONTES
694861118;1314011;0204010080;CRANIO (PA + LATERAL);80089844149;ANA PAULA DOS SANTOS PEREIRA SILVANY;07.10.2026;07:00;0;702802139179866;TALISON VINICIUS BARBOSA DE FREITAS;26.01.2012;14;176;LUCILENE LEITE BARBOSA;RUA;AZULAO;;1135;CONJ FENIX;79490000;(67)99933-6091;SAO GABRIEL DO OESTE;500769;SAO GABRIEL DO OESTE;500769;6452116;CENTRO DE ESPECIALIDADES MEDICAS;M;06.10.2026;PATRICKMASIAGA;06.10.2026;PATRICKMASIAGA;7.52;PENDENTE;Z099;;RAFAEL CANDIDO MAIA
694875721;1314054;0204040124;PUNHO E (AP + LATERAL + OBLIQUA);59241284153;CLODOALDO DE AZEVEDO CARDOSO;19.10.2026;16:00;0;703207603132298;GILMAR DA SILVA VIEIRA;01.01.1981;45;549;APARECIDA DA SILVA VIEIRA;RUA;CURIO;;584;JARDIM GRAMADO;79491012;(67)99692-4705;SAO GABRIEL DO OESTE;500769;SAO GABRIEL DO OESTE;500769;6452116;CENTRO DE ESPECIALIDADES MEDICAS;M;06.10.2026;PATRICKMASIAGA;06.10.2026;PATRICKMASIAGA;6.91;PENDENTE;Z099;00468987193;ARTHUR MARTINS DE ALMEIDA
694907127;1314095;0204030153;TORAX (PA + PERFIL);59241284153;CLODOALDO DE AZEVEDO CARDOSO;07.10.2026;16:00;0;700003735887303;ADELIA LOPES;07.07.1968;58;698;MARIA PEREIRA;FAZENDA;PECUARIA VIAN;;S/N;RURAL;79490000;(67)99609-8019;SAO GABRIEL DO OESTE;500769;SAO GABRIEL DO OESTE;500769;6452116;CENTRO DE ESPECIALIDADES MEDICAS;F;06.10.2026;PATRICKMASIAGA;06.10.2026;PATRICKMASIAGA;9.50;PENDENTE;Z099;00034229175;FABIO MORAES DE JESUS
694968398;1314095;0204030153;TORAX (PA + PERFIL);87751593172;CRISTIANE DE SOUZA PEREIRA;07.10.2026;21:00;0;701403615841238;TERESINHA SANTANA MACARIO DE PAULA;12.10.1969;56;683;JOSEFA SANTANA MACARIO;RUA;JURITI;CASA;91;FÊNIX;79491092;(67)99924-6929 / (67)99849-2745;SAO GABRIEL DO OESTE;500769;SAO GABRIEL DO OESTE;500769;6452116;CENTRO DE ESPECIALIDADES MEDICAS;F;06.10.2026;PATRICKMASIAGA;06.10.2026;PATRICKMASIAGA;9.50;PENDENTE;Z099;;FERNANDA MARA SILVA MELO
694979946;1314070;0204060125;JOELHO D (AP + LATERAL);87751593172;CRISTIANE DE SOUZA PEREIRA;09.10.2026;19:00;0;704201755129381;MADALENA FERNANDES DE LIMA;22.07.1956;70;842;BRAZILINA GOMES FERREIRA;RUA;ARAÇA;;406;SÃO CRISTOVÃO;79491198;(67)99617-2465;SAO GABRIEL DO OESTE;500769;SAO GABRIEL DO OESTE;500769;6452116;CENTRO DE ESPECIALIDADES MEDICAS;F;06.10.2026;PATRICKMASIAGA;06.10.2026;PATRICKMASIAGA;6.78;PENDENTE;Z099;06302616603;ROMULO AMARAL TAFURI
694979946;1314071;0204060125;JOELHO E (AP + LATERAL);87751593172;CRISTIANE DE SOUZA PEREIRA;09.10.2026;19:00;0;704201755129381;MADALENA FERNANDES DE LIMA;22.07.1956;70;842;BRAZILINA GOMES FERREIRA;RUA;ARAÇA;;406;SÃO CRISTOVÃO;79491198;(67)99617-2465;SAO GABRIEL DO OESTE;500769;SAO GABRIEL DO OESTE;500769;6452116;CENTRO DE ESPECIALIDADES MEDICAS;F;06.10.2026;PATRICKMASIAGA;06.10.2026;PATRICKMASIAGA;6.78;PENDENTE;Z099;06302616603;ROMULO AMARAL TAFURI
694979946;1314067;0204060060;ARTICULACAO COXO-FEMORAL E;87751593172;CRISTIANE DE SOUZA PEREIRA;09.10.2026;19:00;0;704201755129381;MADALENA FERNANDES DE LIMA;22.07.1956;70;842;BRAZILINA GOMES FERREIRA;RUA;ARAÇA;;406;SÃO CRISTOVÃO;79491198;(67)99617-2465;SAO GABRIEL DO OESTE;500769;SAO GABRIEL DO OESTE;500769;6452116;CENTRO DE ESPECIALIDADES MEDICAS;F;06.10.2026;PATRICKMASIAGA;06.10.2026;PATRICKMASIAGA;7.77;PENDENTE;Z099;06302616603;ROMULO AMARAL TAFURI
694979946;1314066;0204060060;ARTICULACAO COXO-FEMORAL D;87751593172;CRISTIANE DE SOUZA PEREIRA;09.10.2026;19:00;0;704201755129381;MADALENA FERNANDES DE LIMA;22.07.1956;70;842;BRAZILINA GOMES FERREIRA;RUA;ARAÇA;;406;SÃO CRISTOVÃO;79491198;(67)99617-2465;SAO GABRIEL DO OESTE;500769;SAO GABRIEL DO OESTE;500769;6452116;CENTRO DE ESPECIALIDADES MEDICAS;F;06.10.2026;PATRICKMASIAGA;06.10.2026;PATRICKMASIAGA;7.77;PENDENTE;Z099;06302616603;ROMULO AMARAL TAFURI
694979946;1314121;0204060095;RADIOGRAFIA PANORAMICA DE BACIA;87751593172;CRISTIANE DE SOUZA PEREIRA;09.10.2026;19:00;0;704201755129381;MADALENA FERNANDES DE LIMA;22.07.1956;70;842;BRAZILINA GOMES FERREIRA;RUA;ARAÇA;;406;SÃO CRISTOVÃO;79491198;(67)99617-2465;SAO GABRIEL DO OESTE;500769;SAO GABRIEL DO OESTE;500769;6452116;CENTRO DE ESPECIALIDADES MEDICAS;F;06.10.2026;PATRICKMASIAGA;06.10.2026;PATRICKMASIAGA;7.77;PENDENTE;Z099;06302616603;ROMULO AMARAL TAFURI
694982928;1314045;0204040116;OMOPLATA / OMBRO D (TRES POSICOES);80089844149;ANA PAULA DOS SANTOS PEREIRA SILVANY;07.10.2026;07:00;0;700103938864617;ROGERIO LUIZ BARALDI;29.01.1973;53;644;IRONITA BARALDI;RUA;CURRUÍRAS;;1845;FÊNIX;79491086;(67)99929-3127;SAO GABRIEL DO OESTE;500769;SAO GABRIEL DO OESTE;500769;2370999;UNIDADE DE SAUDE DA FAMILIA FENIX IV;M;06.10.2026;GUSTAVO_PIAIA;06.10.2026;GUSTAVO_PIAIA;7.98;PENDENTE;R522;96245646120;RAFAELLA MARIA COSTA GOIS DE FIGUEIREDO
694987076;1314110;0204030153;TORAX (PA + PERFIL) PRE-OPERATORIO;87751593172;CRISTIANE DE SOUZA PEREIRA;06.10.2026;21:00;0;704501357600014;VANESSA CORREA DOS ANJOS;13.06.1999;27;327;ROSENI CORREA DOS ANJOS;RUA;SAO JORGE;CASA 2;289;PRIMO MAFISSONI;79490000;(67)99828-2122;SAO GABRIEL DO OESTE;500769;SAO GABRIEL DO OESTE;500769;2370980;UNIDADE DE SAUDE DA FAMILIA JARDIM GRAMADO I;F;06.10.2026;ELISANGELA_UNIDADEI;06.10.2026;ELISANGELA_UNIDADEI;9.50;PENDENTE;Z000;01454652179;MAYARA MARIA MELKE GUIMARAES
694992901;1314095;0204030153;TORAX (PA + PERFIL);80089844149;ANA PAULA DOS SANTOS PEREIRA SILVANY;07.10.2026;07:00;0;706805706707525;DEJAIR CANDIDO ROSA;20.04.1955;71;857;ADAIR CANDIDO DA ROSA;RUA;SILVERIO FAUSTINO;;432;OSCAR SALAZAR MOURA DA CRUZ;79017510;(67)99940-9562;CAMPO GRANDE;500270;SAO GABRIEL DO OESTE;500769;7002084;UNIDADE DE SAUDE DA FAMILIA IX;M;06.10.2026;FABIELY_MORAES;06.10.2026;FABIELY_MORAES;9.50;PENDENTE;Z136;96040653191;PAULO FENELON MARINHO
695005842;1314046;0204040116;OMOPLATA / OMBRO E (TRES POSICOES);87751593172;CRISTIANE DE SOUZA PEREIRA;08.10.2026;21:00;0;700500953403750;JOSIELY MONTEVANI MELO DA SILVA;25.12.1986;39;477;NELDITE MONTEVANI DE MELO AMARAL;FAZENDA;SANTA CRUZ;;S/N;AREA RURAL DE SAO GABRIEL DO OESTE;79493899;(67)99855-3190;SAO GABRIEL DO OESTE;500769;SAO GABRIEL DO OESTE;500769;6452116;CENTRO DE ESPECIALIDADES MEDICAS;F;06.10.2026;PATRICKMASIAGA;06.10.2026;PATRICKMASIAGA;7.98;PENDENTE;Z099;06302616603;ROMULO AMARAL TAFURI
695011952;1314110;0204030153;TORAX (PA + PERFIL) PRE-OPERATORIO;87751593172;CRISTIANE DE SOUZA PEREIRA;07.10.2026;21:00;0;700004320897905;PAULO BATISTA DE ARRUDA;09.04.1978;48;581;ODENIR DE ARRUDA;RUA;DOS CANARIOS 1466/99999;;1778;FENIX;79491078;(67)99879-9695 / (67)99102-0527;SAO GABRIEL DO OESTE;500769;SAO GABRIEL DO OESTE;500769;6452116;CENTRO DE ESPECIALIDADES MEDICAS;M;06.10.2026;PATRICKMASIAGA;06.10.2026;PATRICKMASIAGA;9.50;PENDENTE;Z099;48047740172;EVA WILMA ABDO DOS SANTOS GUIMARAES
695015105;1314062;0204060095;BACIA;80089844149;ANA PAULA DOS SANTOS PEREIRA SILVANY;08.10.2026;07:00;0;703208682226992;VERA LUCIA RODRIGUES;26.05.1972;54;652;ISIS BONIN RODRIGUES;CHACARA;PRIMAVERA;ITAQUI;133;AREA RURAL DE SAO GABRIEL DO OESTE;79493899;(67)99850-4725;SAO GABRIEL DO OESTE;500769;SAO GABRIEL DO OESTE;500769;6452116;CENTRO DE ESPECIALIDADES MEDICAS;F;06.10.2026;PATRICKMASIAGA;06.10.2026;PATRICKMASIAGA;7.77;PENDENTE;Z099;27765203878;FABRICIO COLACINO SILVA
695015105;1314118;0204020069;COLUNA LOMBAR (AP + PERFIL);80089844149;ANA PAULA DOS SANTOS PEREIRA SILVANY;08.10.2026;07:00;0;703208682226992;VERA LUCIA RODRIGUES;26.05.1972;54;652;ISIS BONIN RODRIGUES;CHACARA;PRIMAVERA;ITAQUI;133;AREA RURAL DE SAO GABRIEL DO OESTE;79493899;(67)99850-4725;SAO GABRIEL DO OESTE;500769;SAO GABRIEL DO OESTE;500769;6452116;CENTRO DE ESPECIALIDADES MEDICAS;F;06.10.2026;PATRICKMASIAGA;06.10.2026;PATRICKMASIAGA;10.96;PENDENTE;Z099;27765203878;FABRICIO COLACINO SILVA
695015105;1314066;0204060060;ARTICULACAO COXO-FEMORAL D;80089844149;ANA PAULA DOS SANTOS PEREIRA SILVANY;08.10.2026;07:00;0;703208682226992;VERA LUCIA RODRIGUES;26.05.1972;54;652;ISIS BONIN RODRIGUES;CHACARA;PRIMAVERA;ITAQUI;133;AREA RURAL DE SAO GABRIEL DO OESTE;79493899;(67)99850-4725;SAO GABRIEL DO OESTE;500769;SAO GABRIEL DO OESTE;500769;6452116;CENTRO DE ESPECIALIDADES MEDICAS;F;06.10.2026;PATRICKMASIAGA;06.10.2026;PATRICKMASIAGA;7.77;PENDENTE;Z099;27765203878;FABRICIO COLACINO SILVA
695015105;1314070;0204060125;JOELHO D (AP + LATERAL);80089844149;ANA PAULA DOS SANTOS PEREIRA SILVANY;08.10.2026;07:00;0;703208682226992;VERA LUCIA RODRIGUES;26.05.1972;54;652;ISIS BONIN RODRIGUES;CHACARA;PRIMAVERA;ITAQUI;133;AREA RURAL DE SAO GABRIEL DO OESTE;79493899;(67)99850-4725;SAO GABRIEL DO OESTE;500769;SAO GABRIEL DO OESTE;500769;6452116;CENTRO DE ESPECIALIDADES MEDICAS;F;06.10.2026;PATRICKMASIAGA;06.10.2026;PATRICKMASIAGA;6.78;PENDENTE;Z099;27765203878;FABRICIO COLACINO SILVA
695015778;1314054;0204040124;PUNHO E (AP + LATERAL + OBLIQUA);80089844149;ANA PAULA DOS SANTOS PEREIRA SILVANY;07.10.2026;07:00;0;704005816024865;VALDERINA SOARES DA COSTA FREITAS;20.02.1963;63;763;FRANCISCA ALICE DA CONCEICAO;RUA;CURIO;CASA;2121;FENIX;79490000;(67)93295-0000;SAO GABRIEL DO OESTE;500769;SAO GABRIEL DO OESTE;500769;2370999;UNIDADE DE SAUDE DA FAMILIA FENIX IV;F;06.10.2026;GUSTAVO_PIAIA;06.10.2026;GUSTAVO_PIAIA;6.91;PENDENTE;R522;96245646120;RAFAELLA MARIA COSTA GOIS DE FIGUEIREDO
695015845;1314095;0204030153;TORAX (PA + PERFIL);59241284153;CLODOALDO DE AZEVEDO CARDOSO;08.10.2026;16:00;0;706507305410593;ILMA ROCHA PEREIRA;22.06.1966;60;723;EURIPEDES PEREIRA DA SILVA;RUA;DAS PERDIZES;;549;JARDIM GRAMADO;79491048;(67)99819-2160;SAO GABRIEL DO OESTE;500769;SAO GABRIEL DO OESTE;500769;5971055;UNIDADE DE SAUDE DA FAMILIA VIII;F;06.10.2026;JESSICAPADILHA;06.10.2026;JESSICAPADILHA;9.50;PENDENTE;R06;04805244160;RENNAN ORTIZ BUENO
695017254;1314095;0204030153;TORAX (PA + PERFIL);59241284153;CLODOALDO DE AZEVEDO CARDOSO;23.10.2026;15:00;0;708507384583875;FABIO BARBOSA;28.04.1986;40;485;JOANA MARIA BARBOSA;RUA;ESTUDANTE SONI BORTOLI;;501;JARDIM ALVORADA;79490000;(67)99660-1594;SAO GABRIEL DO OESTE;500769;SAO GABRIEL DO OESTE;500769;7333218;UNIDADE DE SAUDE DA FAMILIA X;M;06.10.2026;RAISSASILVALIMA;06.10.2026;RAISSASILVALIMA;9.50;PENDENTE;Z00;63805480172;CLEDSON PERETTI
695023502;1314071;0204060125;JOELHO E (AP + LATERAL);59241284153;CLODOALDO DE AZEVEDO CARDOSO;08.10.2026;16:00;0;705002444653950;ANTONIA ERIVANIA BEZERRA;05.05.1987;39;473;ANTONIA SEBASTIANA DA SILVA BEZERRA;RUA;CURRUIRAS;;1859;FÊNIX;79491006;(67)99627-2531;SAO GABRIEL DO OESTE;500769;SAO GABRIEL DO OESTE;500769;6452116;CENTRO DE ESPECIALIDADES MEDICAS;F;06.10.2026;PATRICKMASIAGA;06.10.2026;PATRICKMASIAGA;6.78;PENDENTE;Z099;06302616603;ROMULO AMARAL TAFURI
695023502;1314070;0204060125;JOELHO D (AP + LATERAL);59241284153;CLODOALDO DE AZEVEDO CARDOSO;08.10.2026;16:00;0;705002444653950;ANTONIA ERIVANIA BEZERRA;05.05.1987;39;473;ANTONIA SEBASTIANA DA SILVA BEZERRA;RUA;CURRUIRAS;;1859;FÊNIX;79491006;(67)99627-2531;SAO GABRIEL DO OESTE;500769;SAO GABRIEL DO OESTE;500769;6452116;CENTRO DE ESPECIALIDADES MEDICAS;F;06.10.2026;PATRICKMASIAGA;06.10.2026;PATRICKMASIAGA;6.78;PENDENTE;Z099;06302616603;ROMULO AMARAL TAFURI
695033516;1314113;0204020093;COLUNA TORACICA (AP + LATERAL);59241284153;CLODOALDO DE AZEVEDO CARDOSO;08.10.2026;16:00;0;704203259939186;KARLA RAFAELA DE FREITAS SANTANA;22.12.2008;17;213;ALCIDA DE FREITAS SANTANA;RUA;PERDIZES;1;1290;SÃO CRISTOVÃO;79491192;(67)99812-3645;SAO GABRIEL DO OESTE;500769;SAO GABRIEL DO OESTE;500769;2370980;UNIDADE DE SAUDE DA FAMILIA JARDIM GRAMADO I;F;06.10.2026;ELISANGELA_UNIDADEI;06.10.2026;ELISANGELA_UNIDADEI;9.16;PENDENTE;M54;01454652179;MAYARA MARIA MELKE GUIMARAES
695033516;1314029;0204020069;COLUNA LOMBO-SACRA;59241284153;CLODOALDO DE AZEVEDO CARDOSO;08.10.2026;16:00;0;704203259939186;KARLA RAFAELA DE FREITAS SANTANA;22.12.2008;17;213;ALCIDA DE FREITAS SANTANA;RUA;PERDIZES;1;1290;SÃO CRISTOVÃO;79491192;(67)99812-3645;SAO GABRIEL DO OESTE;500769;SAO GABRIEL DO OESTE;500769;2370980;UNIDADE DE SAUDE DA FAMILIA JARDIM GRAMADO I;F;06.10.2026;ELISANGELA_UNIDADEI;06.10.2026;ELISANGELA_UNIDADEI;10.96;PENDENTE;M54;01454652179;MAYARA MARIA MELKE GUIMARAES
695033516;1314023;0204020034;COLUNA CERVICAL (AP + LATERAL + TO + OBLIQUAS);59241284153;CLODOALDO DE AZEVEDO CARDOSO;08.10.2026;16:00;0;704203259939186;KARLA RAFAELA DE FREITAS SANTANA;22.12.2008;17;213;ALCIDA DE FREITAS SANTANA;RUA;PERDIZES;1;1290;SÃO CRISTOVÃO;79491192;(67)99812-3645;SAO GABRIEL DO OESTE;500769;SAO GABRIEL DO OESTE;500769;2370980;UNIDADE DE SAUDE DA FAMILIA JARDIM GRAMADO I;F;06.10.2026;ELISANGELA_UNIDADEI;06.10.2026;ELISANGELA_UNIDADEI;8.33;PENDENTE;M54;01454652179;MAYARA MARIA MELKE GUIMARAES
695036769;1314029;0204020069;COLUNA LOMBO-SACRA;87751593172;CRISTIANE DE SOUZA PEREIRA;07.10.2026;21:00;0;704800022343148;FELIPE ZOPPI PEREIRA;01.10.1990;36;432;JACQUELINE ZOPPI PEREIRA;RUA;PELICANOS;;1317;JARDIM GRAMADO;79490000;(67)99890-5866;SAO GABRIEL DO OESTE;500769;SAO GABRIEL DO OESTE;500769;2370980;UNIDADE DE SAUDE DA FAMILIA JARDIM GRAMADO I;M;06.10.2026;ELISANGELA_UNIDADEI;06.10.2026;ELISANGELA_UNIDADEI;10.96;PENDENTE;M545;01454652179;MAYARA MARIA MELKE GUIMARAES
695037649;1314056;0204040094;MAO E (DUAS INCIDENCIAS);80089844149;ANA PAULA DOS SANTOS PEREIRA SILVANY;19.10.2026;07:00;0;700504714766856;JOAQUIM BOHNIAK;26.03.2013;13;162;SABRINA DE LIMA;RUA INTEGRACAO;ANA BOCHNIAK;CASA;S/N;CENTRO;85225000;(42)8417-1581;BOA VENTURA DE SAO ROQUE;410304;SAO GABRIEL DO OESTE;500769;6452116;CENTRO DE ESPECIALIDADES MEDICAS;M;06.10.2026;PATRICKMASIAGA;06.10.2026;PATRICKMASIAGA;6.30;PENDENTE;Z099;06302616603;ROMULO AMARAL TAFURI
695039625;1314051;0204040019;ANTEBRACO D;87751593172;CRISTIANE DE SOUZA PEREIRA;16.10.2026;19:00;0;702402521293528;ANA JULIA ALVES DA COSTA;24.02.2021;05;67;EVELYN DA COSTA;RUA;AZULÃO;;711;SÃO CRISTOVÃO;79490000;(67)99853-1529;SAO GABRIEL DO OESTE;500769;SAO GABRIEL DO OESTE;500769;6452116;CENTRO DE ESPECIALIDADES MEDICAS;F;06.10.2026;PATRICKMASIAGA;06.10.2026;PATRICKMASIAGA;6.42;PENDENTE;Z099;48047740172;EVA WILMA ABDO DOS SANTOS GUIMARAES
