solicitacao;codigo_interno;codigo_unificado;descricao_procedimento;cpf_proficional_executante;nome_profissional_executante;data_agendamento;hr_agendamento;tipo;cns;nome;dt_nascimento;idade;idade_meses;nome_mae;tipo_logradouro;logradouro;complemento;numero_logradouro;bairro;cep;telefone;municipio;ibge;mun_solicitante;ibge_solicitante;cnes_solicitante;unidade_fantasia;sexo;data_solicitacao;operador_solicitante;data_autorizacao;operador_autorizador;valor_procedimento;situacao;cid;cpf_profissional_solicitante;nome_profissional_solicitante
662559832;0511003;0205020046;ULTRASSONOGRAFIA DE ABDOMEN TOTAL                                                                   ;32186347172;NELSON EDUARDO MELKE;10.06.2026;06:30;0;700808494586480;MARIA HELOISA GONCALVES MAGALHAES;14.05.2014;12;146;DEBORA GONCALVES CASTELANI;RUA;AZULÃO;CASA;1487;FENIX;79490000;(67)99933-6788;SAO GABRIEL DO OESTE;500769;SAO GABRIEL DO OESTE;500769;8176132;CASA ROSA;F;16.04.2026;ANACLAUDIA_PASCOAL;16.04.2026;ANACLAUDIA_PASCOAL;37.95;CONFIRMADO;Z00;;GABRIELA BALZAN
662666879;0077053;0205020062;ULTRASSONOGRAFIA DE ARTICULACAO ;32186347172;NELSON EDUARDO MELKE;03.06.2026;13:00;0;703001850548977;FATIMA LOURENCO DA SILVA;27.09.1964;61;742;MAGNOLIA MARIA LOURENCO DA SILVA;RUA;EUGÊNIO FERREIRA DA CUNHA;CASA 03;1142;AMABILE MAFFISSONI;79490074;(67)99623-8075;SAO GABRIEL DO OESTE;500769;SAO GABRIEL DO OESTE;500769;8176132;CASA ROSA;F;16.04.2026;TAINAOLIVEIRA;16.04.2026;TAINAOLIVEIRA;24.20;PENDENTE;M751;;RODOLFO
662672932;0077053;0205020062;ULTRASSONOGRAFIA DE ARTICULACAO ;32186347172;NELSON EDUARDO MELKE;03.06.2026;13:00;0;702307143361311;CLEIDE ANTONIA PEREIRA DE PAULA;13.06.1975;51;613;MARIA CLEUZA PEREIRA DE PAULA;FAZENDA;ZILMAR;;S/N;RURAL;79490000;(67)99806-3797;SAO GABRIEL DO OESTE;500769;SAO GABRIEL DO OESTE;500769;8176132;CASA ROSA;F;16.04.2026;EMILY_CASAROSA;16.04.2026;EMILY_CASAROSA;24.20;PENDENTE;M758;;MILENA GUEDIN VARGAS
662677376;0077053;0205020062;ULTRASSONOGRAFIA DE ARTICULACAO ;32186347172;NELSON EDUARDO MELKE;03.06.2026;13:00;0;704002800230166;MARISA PIRES DE ANDRADE;27.12.1972;53;643;EVA HONORIA DE ALMEIDA ANDRADE;RUA;AROEIRA;NUMERO 454;S/N;SAO CRISTOVAO;79491190;(67)99888-1898 / (67)99888-1898;SAO GABRIEL DO OESTE;500769;SAO GABRIEL DO OESTE;500769;8176132;CASA ROSA;F;16.04.2026;ANACLAUDIA_PASCOAL;16.04.2026;ANACLAUDIA_PASCOAL;24.20;PENDENTE;Z00;;RODOLFO 
662688553;0077053;0205020062;ULTRASSONOGRAFIA DE ARTICULACAO ;32186347172;NELSON EDUARDO MELKE;03.06.2026;13:00;0;700508387633356;HELENA MARIA DA ROCHA;07.08.1971;54;659;MARIA PETRONILIA DO CARMO;RUA;ESPIRITO SANTO;;3241;CENTRO;79490000;(67)99872-0592;SAO GABRIEL DO OESTE;500769;SAO GABRIEL DO OESTE;500769;8176132;CASA ROSA;F;16.04.2026;ANACLAUDIA_PASCOAL;16.04.2026;ANACLAUDIA_PASCOAL;24.20;PENDENTE;G560;;ROMULO
662688732;0077053;0205020062;ULTRASSONOGRAFIA DE ARTICULACAO ;32186347172;NELSON EDUARDO MELKE;03.06.2026;13:00;0;700508387633356;HELENA MARIA DA ROCHA;07.08.1971;54;659;MARIA PETRONILIA DO CARMO;RUA;ESPIRITO SANTO;;3241;CENTRO;79490000;(67)99872-0592;SAO GABRIEL DO OESTE;500769;SAO GABRIEL DO OESTE;500769;8176132;CASA ROSA;F;16.04.2026;ANACLAUDIA_PASCOAL;16.04.2026;ANACLAUDIA_PASCOAL;24.20;PENDENTE;M751;;ROMULO
662688875;0077053;0205020062;ULTRASSONOGRAFIA DE ARTICULACAO ;32186347172;NELSON EDUARDO MELKE;03.06.2026;13:00;0;700508387633356;HELENA MARIA DA ROCHA;07.08.1971;54;659;MARIA PETRONILIA DO CARMO;RUA;ESPIRITO SANTO;;3241;CENTRO;79490000;(67)99872-0592;SAO GABRIEL DO OESTE;500769;SAO GABRIEL DO OESTE;500769;8176132;CASA ROSA;F;16.04.2026;ANACLAUDIA_PASCOAL;16.04.2026;ANACLAUDIA_PASCOAL;24.20;PENDENTE;M653;;ROMULO
662730194;0077053;0205020062;ULTRASSONOGRAFIA DE ARTICULACAO ;32186347172;NELSON EDUARDO MELKE;03.06.2026;13:00;0;700608994624561;CLAUDIA BISPO DA SILVA;08.02.1988;38;461;ILZA DA SILVA BISPO;RUA;IRIO MOLINARI;;47;JARDIM PRIMAVERA;79490000;(67)99662-4027;SAO GABRIEL DO OESTE;500769;SAO GABRIEL DO OESTE;500769;2370964;UNIDADE DE SAUDE DA FAMILIA III;F;17.04.2026;ANACLAUDIA_NOGUEIRA;17.04.2026;ANACLAUDIA_NOGUEIRA;24.20;PENDENTE;M255;02611833974;HUDSON PERES DORIGAO BELISARIO DE SOUZA
662751349;0077053;0205020062;ULTRASSONOGRAFIA DE ARTICULACAO ;32186347172;NELSON EDUARDO MELKE;10.06.2026;13:00;0;704608644536526;ADILSON DE OLIVEIRA FORTES;23.09.1977;48;586;RUTE ALVES FORTES;RUA;HILDO NICARETTA;;2232;PRIMO MAFFISSONI;79490280;(67)99644-6098;SAO GABRIEL DO OESTE;500769;SAO GABRIEL DO OESTE;500769;8176132;CASA ROSA;M;17.04.2026;ANACLAUDIA_PASCOAL;17.04.2026;ANACLAUDIA_PASCOAL;24.20;PENDENTE;Z00;;CLEDSON PERETTI
662772229;0077053;0205020062;ULTRASSONOGRAFIA DE ARTICULACAO ;32186347172;NELSON EDUARDO MELKE;10.06.2026;13:00;0;705009269736852;LUCILEIDE DOS ANJOS COSTA;08.04.1981;45;543;FLORIZA DOS ANJOS COSTA;RUA;DAS GAIVOTAS;FUNDOS;1662;FENIX;79491094;(67)99682-3835;SAO GABRIEL DO OESTE;500769;SAO GABRIEL DO OESTE;500769;3400964;UNIDADE DE SAUDE DA FAMILIA RURAL VII;F;17.04.2026;JESSICA_PINHEIRO;17.04.2026;JESSICA_PINHEIRO;24.20;PENDENTE;Z000;;RENNAN ORTIZ BUENO
662780314;0077053;0205020062;ULTRASSONOGRAFIA DE ARTICULACAO ;32186347172;NELSON EDUARDO MELKE;10.06.2026;13:00;0;704802576162347;HELIO AZEVEDO BRITO;14.10.1943;82;993;IRENE DE AZEVEDO BRITO;RUA;JORGE RAHE;;213;JARDIM DAS NACOES;79081726;(67)98428-1431 / (67)99963-0929 / (67)99150-6318;CAMPO GRANDE;500270;SAO GABRIEL DO OESTE;500769;8176132;CASA ROSA;M;17.04.2026;ANACLAUDIA_PASCOAL;17.04.2026;ANACLAUDIA_PASCOAL;24.20;PENDENTE;Z00;;ROMULO
662793849;0077053;0205020062;ULTRASSONOGRAFIA DE ARTICULACAO ;32186347172;NELSON EDUARDO MELKE;10.06.2026;13:00;0;704602139486228;NILZA RODRIGUES DE OLIVEIRA;05.06.1999;27;325;SOLEIDE DOS SANTOS RODRIGUES;RUA;QUERO-QUERO 1/99998;;230;FENIX;79491058;(67)99988-6313;SAO GABRIEL DO OESTE;500769;SAO GABRIEL DO OESTE;500769;2370999;UNIDADE DE SAUDE DA FAMILIA FENIX IV;F;17.04.2026;GUSTAVO_PIAIA;17.04.2026;GUSTAVO_PIAIA;24.20;PENDENTE;M796;00703866176;ALCIDES EDUARDO EIBEL
662809747;0077053;0205020062;ULTRASSONOGRAFIA DE ARTICULACAO ;32186347172;NELSON EDUARDO MELKE;10.06.2026;13:00;0;708508350734375;LEIDE RODRIGUES DA SILVA OLIVEIRA;22.01.1976;50;606;MARIA MADALENA CRUZ RODRIGUES;CHACARA;2 IPÊ;;S/N;ASSENTAMENTO PATATIVA;79490000;(67)99829-9318;SAO GABRIEL DO OESTE;500769;SAO GABRIEL DO OESTE;500769;3400964;UNIDADE DE SAUDE DA FAMILIA RURAL VII;F;17.04.2026;JESSICA_MONTEIRO;17.04.2026;JESSICA_MONTEIRO;24.20;PENDENTE;M75;00612619630;KALYNKA SILVIA HIGINO
662810553;0077053;0205020062;ULTRASSONOGRAFIA DE ARTICULACAO ;32186347172;NELSON EDUARDO MELKE;10.06.2026;13:00;0;702905563731076;CARLOS ROBERTO MIRANDA;13.12.1966;59;715;ELVIRIA TEREZINHA RIBEIRO MIRANDA;CHACARA;2 IPÊ;;S/N;ASSENTAMENTO PATATIVA;79490000;(67)99829-9318;SAO GABRIEL DO OESTE;500769;SAO GABRIEL DO OESTE;500769;3400964;UNIDADE DE SAUDE DA FAMILIA RURAL VII;M;17.04.2026;JESSICA_MONTEIRO;17.04.2026;JESSICA_MONTEIRO;24.20;PENDENTE;M771;00612619630;KALYNKA SILVIA HIGINO
662869223;0077053;0205020062;ULTRASSONOGRAFIA DE ARTICULACAO ;32186347172;NELSON EDUARDO MELKE;10.06.2026;13:00;0;704608711300630;JOSE ANTONIO VILELA;27.09.1979;46;562;MARIA ANEZIA VILELA;FAZENDA;XANADU;;S/N;RURAL;79490000;(67)99916-4655;SAO GABRIEL DO OESTE;500769;SAO GABRIEL DO OESTE;500769;3400964;UNIDADE DE SAUDE DA FAMILIA RURAL VII;M;17.04.2026;JESSICA_MONTEIRO;17.04.2026;JESSICA_MONTEIRO;24.20;PENDENTE;M771;00612619630;KALYNKA SILVIA HIGINO
662882901;0077053;0205020062;ULTRASSONOGRAFIA DE ARTICULACAO ;32186347172;NELSON EDUARDO MELKE;10.06.2026;13:00;0;700003915648900;EUCINELE ALVES RIOS;12.06.1981;45;541;EVA ALVES DE LIMA RIOS;RUA;CEREJEIRAS;CASA;766;FENIX;79490000;(67)99972-1862;SAO GABRIEL DO OESTE;500769;SAO GABRIEL DO OESTE;500769;8176132;CASA ROSA;F;17.04.2026;ANACLAUDIA_PASCOAL;17.04.2026;ANACLAUDIA_PASCOAL;24.20;PENDENTE;Z00;;EVELYN KASSIA TUDISCO FERNANDES
663123387;0077053;0205020062;ULTRASSONOGRAFIA DE ARTICULACAO ;32186347172;NELSON EDUARDO MELKE;17.06.2026;13:00;0;703003851382179;MARILSE STOPASSOLI;26.04.1978;48;579;VILMA MARCON STOPASSOLI;RUA;MARIA SEVERO;;1995;PRIMO MAFFISSONI;79490000;(67)99657-9617;SAO GABRIEL DO OESTE;500769;SAO GABRIEL DO OESTE;500769;8176132;CASA ROSA;F;22.04.2026;ANACLAUDIA_PASCOAL;22.04.2026;ANACLAUDIA_PASCOAL;24.20;PENDENTE;Z00;32186347172;NELSON EDUARDO MELKE
663165917;0077053;0205020062;ULTRASSONOGRAFIA DE ARTICULACAO ;32186347172;NELSON EDUARDO MELKE;17.06.2026;13:00;0;708401270293369;ROBERTO DA SILVA FERREIRA;17.02.1988;38;461;MARIA DA SILVA DIVINO;RUA;DOS PARDAIS 1/99998;;995;FENIX;79491064;(67)99879-3790;SAO GABRIEL DO OESTE;500769;SAO GABRIEL DO OESTE;500769;2370999;UNIDADE DE SAUDE DA FAMILIA FENIX IV;M;22.04.2026;GUSTAVO_PIAIA;22.04.2026;GUSTAVO_PIAIA;24.20;PENDENTE;R522;96245646120;RAFAELLA MARIA COSTA GOIS DE FIGUEIREDO
663167130;0077053;0205020062;ULTRASSONOGRAFIA DE ARTICULACAO ;32186347172;NELSON EDUARDO MELKE;17.06.2026;13:00;0;700002340709800;DAYANA GARCIA DA SILVA;19.10.1995;30;369;JUCELI GARCIA DA SILVA;RUA;SANTA CATARINA 1/2399;;1985;CENTRO;79490005;(67)98444-9632;SAO GABRIEL DO OESTE;500769;SAO GABRIEL DO OESTE;500769;2599376;UNIDADE DE SAUDE DA FAMILIA VI;F;22.04.2026;MARIANA_MARTINS;22.04.2026;MARIANA_MARTINS;24.20;PENDENTE;S910;06437691107;MAIARA FLORES SCARIOT
663176094;0077053;0205020062;ULTRASSONOGRAFIA DE ARTICULACAO ;32186347172;NELSON EDUARDO MELKE;17.06.2026;13:00;0;705006422472450;MARIA EDUARDA GONCALVES DA SILVA;14.02.2008;18;221;MAGNA MARA DA SILVA OLIVEIRA;RUA;PELICANOS;;405;JARDIM GRAMADO;79490000;(67)99884-2109;SAO GABRIEL DO OESTE;500769;SAO GABRIEL DO OESTE;500769;8176132;CASA ROSA;F;22.04.2026;ANACLAUDIA_PASCOAL;22.04.2026;ANACLAUDIA_PASCOAL;24.20;PENDENTE;Z00;;NEWTON SIGNORINI CASTILHO 
663200702;0077053;0205020062;ULTRASSONOGRAFIA DE ARTICULACAO ;32186347172;NELSON EDUARDO MELKE;17.06.2026;13:00;0;702604218131142;LUANA RENATA SOSTER;23.02.1995;31;377;JUSCENY FERREIRA DOS SANTOS;RUA;CASTANHEIRA;CASA;533;SÃO CRISTOVÃO;79491182;(67)99656-7035;SAO GABRIEL DO OESTE;500769;SAO GABRIEL DO OESTE;500769;7002084;UNIDADE DE SAUDE DA FAMILIA IX;F;22.04.2026;AMANDALUIZA_BIAZUS;22.04.2026;AMANDALUIZA_BIAZUS;24.20;PENDENTE;M255;01415181110;ANGELA BENITES
663227584;0077053;0205020062;ULTRASSONOGRAFIA DE ARTICULACAO ;32186347172;NELSON EDUARDO MELKE;17.06.2026;13:00;0;702007806442082;FRANCISCO VIEIRA DA SILVA;18.10.1984;41;501;RITA VIEIRA DE LIMA;RUA;Q;;534;CIDADE JARDIM;79492148;(68)99977-6387;SAO GABRIEL DO OESTE;500769;SAO GABRIEL DO OESTE;500769;2370972;UNIDADE DE SAUDE DA FAMILIA MILANE II;M;22.04.2026;FLAVIA_RODRIGUES;22.04.2026;FLAVIA_RODRIGUES;24.20;PENDENTE;S800;83798633134;JOAO BAPTISTA BARBOSA SOUZA
663242307;0077053;0205020062;ULTRASSONOGRAFIA DE ARTICULACAO ;32186347172;NELSON EDUARDO MELKE;17.06.2026;13:00;0;707009877025436;ROSINEI AJALA FERNANDES;21.02.1985;41;497;ROSALINA AJALA;AVENIDA;A;;498;CIDADE JARDIM;79492134;(67)99895-9790;SAO GABRIEL DO OESTE;500769;SAO GABRIEL DO OESTE;500769;8176132;CASA ROSA;F;22.04.2026;ANACLAUDIA_PASCOAL;22.04.2026;ANACLAUDIA_PASCOAL;24.20;PENDENTE;Z00;;CELIO 
663244317;0077053;0205020062;ULTRASSONOGRAFIA DE ARTICULACAO ;32186347172;NELSON EDUARDO MELKE;17.06.2026;13:00;0;703208666816594;FABIANO APARECIDO MORAES FREITAS;17.10.1982;43;525;MARIA APARECIDA FONSECA;RUA;DAS ANHUMAS;;791;JARDIM GRAMADO;79491016;(67)99296-1956 / (67)99981-3026;SAO GABRIEL DO OESTE;500769;SAO GABRIEL DO OESTE;500769;8176132;CASA ROSA;M;22.04.2026;ANACLAUDIA_PASCOAL;22.04.2026;ANACLAUDIA_PASCOAL;24.20;PENDENTE;Z00;;RENNAN ORTIZ
663978082;0077053;0205020062;ULTRASSONOGRAFIA DE ARTICULACAO ;32186347172;NELSON EDUARDO MELKE;24.06.2026;13:00;0;706504377741593;CRISLAINE MACHADO RUIZ;12.06.1991;35;421;SONILDE TOBIAS MACHADO;SITIO;VESPERO;ASSENT ITAQUI;48;ZONA RURAL;79490000;(67)99612-4016;SAO GABRIEL DO OESTE;500769;SAO GABRIEL DO OESTE;500769;8176132;CASA ROSA;F;27.04.2026;ANACLAUDIA_PASCOAL;27.04.2026;ANACLAUDIA_PASCOAL;24.20;PENDENTE;Z00;;BRUNO PETINARI
663978440;0077053;0205020062;ULTRASSONOGRAFIA DE ARTICULACAO ;32186347172;NELSON EDUARDO MELKE;24.06.2026;13:00;0;704009887291967;DIVA ALVES DOMINGUES;01.01.1963;63;762;OCALINA DOS SANTOS DOMINGUES;RUA;CEREJEIRAS;;522;JARDIM GRAMADO;79490000;(67)99233-1400;SAO GABRIEL DO OESTE;500769;SAO GABRIEL DO OESTE;500769;8176132;CASA ROSA;F;27.04.2026;TAINAOLIVEIRA;27.04.2026;TAINAOLIVEIRA;24.20;PENDENTE;M65;;MARCELO C REZENDE
664007023;0077053;0205020062;ULTRASSONOGRAFIA DE ARTICULACAO ;32186347172;NELSON EDUARDO MELKE;24.06.2026;13:00;0;700301970150140;ATILA BARBOSA CUSTODIO;31.03.2012;14;171;MARIA CONCEICAO DIAS BARBOSA SANTANA;RUA;HENRIQUETA DE JESUS;AREADO;S/N;CENTRO (AREADO);79495018;(67)99169-7364;SAO GABRIEL DO OESTE;500769;SAO GABRIEL DO OESTE;500769;2370972;UNIDADE DE SAUDE DA FAMILIA MILANE II;M;27.04.2026;VANESSAMARTINS_AREADO;27.04.2026;VANESSAMARTINS_AREADO;24.20;PENDENTE;S800;83798633134;JOAO BAPTISTA BARBOSA SOUZA
664019813;0077053;0205020062;ULTRASSONOGRAFIA DE ARTICULACAO ;32186347172;NELSON EDUARDO MELKE;24.06.2026;13:00;0;704309503741097;JUCILENE DA SILVA;23.04.1992;34;411;MARINA DOS SANTOS SILVA;RUA;GOIAS;;2484;AMABILI MAFFISSONI;79490000;(67)99644-1357;SAO GABRIEL DO OESTE;500769;SAO GABRIEL DO OESTE;500769;2599376;UNIDADE DE SAUDE DA FAMILIA VI;F;27.04.2026;MARIANA_MARTINS;27.04.2026;MARIANA_MARTINS;24.20;PENDENTE;S618;06437691107;MAIARA FLORES SCARIOT
664182823;0076042;0205020038;ULTRA-SONOGRAFIA DE ABDOMEN SUPERIOR;32186347172;NELSON EDUARDO MELKE;01.06.2026;07:00;0;701404608828931;PATRICIA BORGES DE CASTRO SIMOES;04.04.1985;41;495;NAILEI BORGES TELES SOUZA;FAZENDA;PARAISO DA MATA;ANTIGA SANTA FÉ;S/N;RURAL;79490000;(67)98479-3006;SAO GABRIEL DO OESTE;500769;SAO GABRIEL DO OESTE;500769;3400964;UNIDADE DE SAUDE DA FAMILIA RURAL VII;F;27.04.2026;DULCINEIA_MOCCELIN;27.04.2026;DULCINEIA_MOCCELIN;24.20;CONFIRMADO;Z000;02453491113;MILENA GUEDIN VARGAS
664224975;0077053;0205020062;ULTRASSONOGRAFIA DE ARTICULACAO ;32186347172;NELSON EDUARDO MELKE;24.06.2026;13:00;0;705005269056955;DARLETE AZEVEDO PALMEIRA SOUZA;08.08.1975;50;611;ALEXANDRINA AZEVEDO PALMEIRA SOUZA;RUA;PARANÁ;APARTAMENTO 1004;2600;AMABILE MAFFISSONI;79490084;(67)99136-8718;SAO GABRIEL DO OESTE;500769;SAO GABRIEL DO OESTE;500769;2370964;UNIDADE DE SAUDE DA FAMILIA III;F;27.04.2026;ANACLAUDIA_NOGUEIRA;27.04.2026;ANACLAUDIA_NOGUEIRA;24.20;PENDENTE;M65;02611833974;HUDSON PERES DORIGAO BELISARIO DE SOUZA
664308156;0077053;0205020062;ULTRASSONOGRAFIA DE ARTICULACAO ;32186347172;NELSON EDUARDO MELKE;24.06.2026;13:00;0;702801619801462;MARIA HELENA DA SILVA;25.02.1973;53;641;BEATRIZ PEREIRA DA SILVA;RUA;BAHIA;;1999;CENTRO;79490000;(67)3295-3370;SAO GABRIEL DO OESTE;500769;SAO GABRIEL DO OESTE;500769;2599376;UNIDADE DE SAUDE DA FAMILIA VI;F;28.04.2026;MARIANA_MARTINS;28.04.2026;MARIANA_MARTINS;24.20;PENDENTE;M653;;KALYNKA
664519408;0076149;0205020143;ULTRA-SONOGRAFIA OBSTETRICA - MORFOLOGICO;32186347172;NELSON EDUARDO MELKE;02.06.2026;13:00;0;707803624485118;ALINI ROBERTO LACERDA;22.09.1990;35;430;CELINA ROBERTO ALVES;RUA;SÃO PAULO;CASA1;1594;CENTRO;79490009;(67)99893-2242;SAO GABRIEL DO OESTE;500769;SAO GABRIEL DO OESTE;500769;2599376;UNIDADE DE SAUDE DA FAMILIA VI;F;28.04.2026;MARIANA_MARTINS;30.04.2026;VANIA_MARIANO;24.20;CONFIRMADO;Z34;06437691107;MAIARA FLORES SCARIOT
664571168;0076149;0205020143;ULTRA-SONOGRAFIA OBSTETRICA - MORFOLOGICO;32186347172;NELSON EDUARDO MELKE;16.06.2026;13:00;0;704306501607390;KETYLLY QUARESMA DA SILVA;21.09.2001;24;298;CLECIA VIEIRA DA SILVA;RUA;17 DE AGOSTO;CASA 3;1546;FENIX;79491118;(67)99127-7652;SAO GABRIEL DO OESTE;500769;SAO GABRIEL DO OESTE;500769;8176132;CASA ROSA;F;28.04.2026;ANACLAUDIA_PASCOAL;30.04.2026;VANIA_MARIANO;24.20;PENDENTE;Z00;91415799172;ALESSANDRA REGINA GOMES RODOVALHO
664644847;0076042;0205020038;ULTRA-SONOGRAFIA DE ABDOMEN SUPERIOR;32186347172;NELSON EDUARDO MELKE;01.06.2026;07:00;0;700106989551910;SANDRA PEREIRA;21.07.1952;74;888;LUCILA PEREIRA;AVENIDA;SAO FRANCISCO;;824;CENTRO;79490000;(67)99112-2515 / (67)99251-0549 / (67)99208-0091;SAO GABRIEL DO OESTE;500769;SAO GABRIEL DO OESTE;500769;2591359;UNIDADE DE SAUDE DA FAMILIA V;F;29.04.2026;CHRISTIANEHELEN_FREITAS;29.04.2026;CHRISTIANEHELEN_FREITAS;24.20;PENDENTE;K802;04796956107;JULIANA DA ROCHA PEREIRA MENEZES
664911290;0511017;0205020062;ULTRASSONOGRAFIA DE PARTES MOLES;32186347172;NELSON EDUARDO MELKE;11.06.2026;07:00;0;704802008555747;NATHALIA ARAUJO NANTES FERNANDES;31.03.1989;37;447;IZABEL DE ARAUJO NANTES;RUA;DAS CORUJAS;;184;FENIX;79491054;(67)99893-4371;SAO GABRIEL DO OESTE;500769;SAO GABRIEL DO OESTE;500769;8176132;CASA ROSA;F;30.04.2026;ANACLAUDIA_PASCOAL;30.04.2026;ANACLAUDIA_PASCOAL;24.20;PENDENTE;Z00;;RENNAN ORTIZ
664920717;0076042;0205020038;ULTRA-SONOGRAFIA DE ABDOMEN SUPERIOR;32186347172;NELSON EDUARDO MELKE;01.06.2026;07:00;0;707405035264570;MARIA CLEUCIR LEJANOSKI DE SOUZA;15.12.1969;56;679;FLORENTINA DO NASCIMENTO LEJANOSKI;RUA;DAS ACACIAS;;65;JARDIM PRIMAVERA;79490144;(67)99948-5645;SAO GABRIEL DO OESTE;500769;SAO GABRIEL DO OESTE;500769;8176132;CASA ROSA;F;30.04.2026;TAINAOLIVEIRA;30.04.2026;TAINAOLIVEIRA;24.20;CONFIRMADO;Z00;;EVA WILMA ABDO S GUIMARAES
664921881;0511015;0205020046;ULTRASSONOGRAFIA DE PAREDE ABDOMINAL;32186347172;NELSON EDUARDO MELKE;11.06.2026;07:00;0;707405035264570;MARIA CLEUCIR LEJANOSKI DE SOUZA;15.12.1969;56;679;FLORENTINA DO NASCIMENTO LEJANOSKI;RUA;DAS ACACIAS;;65;JARDIM PRIMAVERA;79490144;(67)99948-5645;SAO GABRIEL DO OESTE;500769;SAO GABRIEL DO OESTE;500769;8176132;CASA ROSA;F;30.04.2026;TAINAOLIVEIRA;30.04.2026;TAINAOLIVEIRA;37.95;PENDENTE;Z00;;EVA WILMA ABDO S GUIMARAES
664941947;0076042;0205020038;ULTRA-SONOGRAFIA DE ABDOMEN SUPERIOR;32186347172;NELSON EDUARDO MELKE;01.06.2026;07:00;0;706003349889941;DECIO ANSELMO GUIMARAES;28.11.1962;63;763;OLANDINA DE OLIVEIRA GUIMARAES;RUA;SANTA CATARINA;CASA;2160;CENTRO;79490005;(65)99985-8017;SAO GABRIEL DO OESTE;500769;SAO GABRIEL DO OESTE;500769;8176132;CASA ROSA;M;30.04.2026;ANACLAUDIA_PASCOAL;30.04.2026;ANACLAUDIA_PASCOAL;24.20;CONFIRMADO;Z00;;EVA WILMA
664960763;0511005;0205020054;ULTRASSONOGRAFIA DE APARELHO URINÁRIO                                                               ;32186347172;NELSON EDUARDO MELKE;02.06.2026;07:00;0;708406701199166;LEILA DENISE FEIX KULPA;22.05.1980;46;554;CLARICE FEIX;RUA;MARTIMIANO ALVES DIAS;;491;CENTRO;79490037;(45)99914-1923;SAO GABRIEL DO OESTE;500769;SAO GABRIEL DO OESTE;500769;2591359;UNIDADE DE SAUDE DA FAMILIA V;F;30.04.2026;CHRISTIANEHELEN_FREITAS;30.04.2026;CHRISTIANEHELEN_FREITAS;24.20;PENDENTE;N200;04796956107;JULIANA DA ROCHA PEREIRA MENEZES
664965076;0511005;0205020054;ULTRASSONOGRAFIA DE APARELHO URINÁRIO                                                               ;32186347172;NELSON EDUARDO MELKE;02.06.2026;07:00;0;705404486472995;FERNANDO RODRIGUES DE LIMA;13.02.1981;45;545;GLACY TEREZINHA DE LIMA;RUA;SERGIPE;;680;CENTRO;79490000;(67)9684-6334;SAO GABRIEL DO OESTE;500769;SAO GABRIEL DO OESTE;500769;2591359;UNIDADE DE SAUDE DA FAMILIA V;M;30.04.2026;CHRISTIANEHELEN_FREITAS;30.04.2026;CHRISTIANEHELEN_FREITAS;24.20;PENDENTE;N200;04796956107;JULIANA DA ROCHA PEREIRA MENEZES
664998253;0511005;0205020054;ULTRASSONOGRAFIA DE APARELHO URINÁRIO                                                               ;32186347172;NELSON EDUARDO MELKE;02.06.2026;07:00;0;700802444230989;LAURA CRISTINA DA SILVA HUBEN;24.12.1996;29;355;ILDA DA SILVA;RUA;CURIO 1466/99999;;1721;FENIX;79491082;(67)99934-9525 / (67)99949-1753;SAO GABRIEL DO OESTE;500769;SAO GABRIEL DO OESTE;500769;8176132;CASA ROSA;F;30.04.2026;ANACLAUDIA_PASCOAL;30.04.2026;ANACLAUDIA_PASCOAL;24.20;PENDENTE;Z00;;CAMILA SILVA
665011222;0511005;0205020054;ULTRASSONOGRAFIA DE APARELHO URINÁRIO                                                               ;32186347172;NELSON EDUARDO MELKE;02.06.2026;13:00;0;700901978701396;IVANEIDE CONCEICAO DOS SANTOS CAMPOS;20.04.1974;52;627;MARIA JOSE CONCEICAO DOS SANTOS;RUA;23 DE MAIO;;1533;FÊNIX;79490000;(67)99913-9028;SAO GABRIEL DO OESTE;500769;SAO GABRIEL DO OESTE;500769;3400964;UNIDADE DE SAUDE DA FAMILIA RURAL VII;F;30.04.2026;DULCINEIA_MOCCELIN;30.04.2026;DULCINEIA_MOCCELIN;24.20;PENDENTE;Z000;00612619630;KALYNKA SILVIA HIGINO
665299614;0511005;0205020054;ULTRASSONOGRAFIA DE APARELHO URINÁRIO                                                               ;32186347172;NELSON EDUARDO MELKE;02.06.2026;07:00;0;703003855495970;QUEREN ISABELE DE OLIVEIRA;12.03.2003;23;280;ROSIANE MARIA BEZERRA;RUA;DOS CANARIOS 1466/99999;;2034;FENIX;79491078;(67)99612-6680 / (67)99911-9268;SAO GABRIEL DO OESTE;500769;SAO GABRIEL DO OESTE;500769;2370999;UNIDADE DE SAUDE DA FAMILIA FENIX IV;F;04.05.2026;GUSTAVO_PIAIA;04.05.2026;GUSTAVO_PIAIA;24.20;PENDENTE;R10;00703866176;ALCIDES EDUARDO EIBEL
665300566;0511005;0205020054;ULTRASSONOGRAFIA DE APARELHO URINÁRIO                                                               ;32186347172;NELSON EDUARDO MELKE;02.06.2026;07:00;0;706308189962680;MAIARA GONCALVES RIBEIRO;27.10.1997;28;345;MARISTELA GONCALVES DOS SANTOS;RUA;SARACURA;;109;JARDIM GRAMADO;79490000;(67)99678-7491 / (67)99667-9997;SAO GABRIEL DO OESTE;500769;SAO GABRIEL DO OESTE;500769;8176132;CASA ROSA;F;04.05.2026;TAINAOLIVEIRA;04.05.2026;TAINAOLIVEIRA;24.20;PENDENTE;Z00;;GEOVANNA BEATRIZ DE ARRUDA E SILVA
665304719;0511005;0205020054;ULTRASSONOGRAFIA DE APARELHO URINÁRIO                                                               ;32186347172;NELSON EDUARDO MELKE;02.06.2026;13:00;0;700000645292405;GREYCE MAIARA DA SILVA LIMA;31.10.1995;30;368;MARIA APARECIDA TEIXEIRA DA SILVA;RUA;HILDO NICARETTA;;1980;PRIMO MAFFISSONI;79490280;(65)99280-7692;SAO GABRIEL DO OESTE;500769;SAO GABRIEL DO OESTE;500769;7333218;UNIDADE DE SAUDE DA FAMILIA X;F;04.05.2026;RAISSASILVALIMA;04.05.2026;RAISSASILVALIMA;24.20;PENDENTE;N390;;CAROLINE DELLABETA
665325074;0511015;0205020046;ULTRASSONOGRAFIA DE PAREDE ABDOMINAL;32186347172;NELSON EDUARDO MELKE;11.06.2026;07:00;0;706202530664864;ISADORA MARIA DE SOUZA GUILHERME;07.02.2012;14;173;ADRIANA MARIA DE SOUZA;RUA;JATOBA;CASA;259;SÃO CRISTOVÃO;79490000;(67)99683-2645;SAO GABRIEL DO OESTE;500769;SAO GABRIEL DO OESTE;500769;8176132;CASA ROSA;F;04.05.2026;ANACLAUDIA_PASCOAL;04.05.2026;ANACLAUDIA_PASCOAL;37.95;CONFIRMADO;Z00;;EVELYN KASSIA TUDISCO FERNANDES
665345284;0511005;0205020054;ULTRASSONOGRAFIA DE APARELHO URINÁRIO                                                               ;32186347172;NELSON EDUARDO MELKE;02.06.2026;07:00;0;705407495196590;CLEONICE CORREA TEIXEIRA;11.01.1972;54;654;MARIA LUCIA CORREA;RUA;SANTA INES;CASA;511;MILANI;79490000;(67)9652-9565;SAO GABRIEL DO OESTE;500769;SAO GABRIEL DO OESTE;500769;2370972;UNIDADE DE SAUDE DA FAMILIA MILANE II;F;04.05.2026;FLAVIA_RODRIGUES;04.05.2026;FLAVIA_RODRIGUES;24.20;PENDENTE;E232;83798633134;JOAO BAPTISTA BARBOSA SOUZA
665350031;0511003;0205020046;ULTRASSONOGRAFIA DE ABDOMEN TOTAL                                                                   ;32186347172;NELSON EDUARDO MELKE;08.06.2026;06:30;0;704102137549170;ROSANGELA MARIA PEIXOTO DE BRITO;23.12.1969;56;679;EVA BENICIO PEIXOTO;RUA;OITI;;376;FLOR DO CERRADO;79490000;(67)99984-4107;SAO GABRIEL DO OESTE;500769;SAO GABRIEL DO OESTE;500769;8176132;CASA ROSA;F;04.05.2026;TAINAOLIVEIRA;04.05.2026;TAINAOLIVEIRA;37.95;PENDENTE;Z00;;ANGELA BENITES
665354588;0511005;0205020054;ULTRASSONOGRAFIA DE APARELHO URINÁRIO                                                               ;32186347172;NELSON EDUARDO MELKE;02.06.2026;07:00;0;708604070393883;ARTHUR GABRIEL MASCHIO OLIVEIRA;25.07.2024;02;24;PRECILIA LUIZA GOMES MASCHIO;RUA;BEM TE VI;CASSA;1883;FENIX;79490000;(67)99600-3044;SAO GABRIEL DO OESTE;500769;SAO GABRIEL DO OESTE;500769;8176132;CASA ROSA;M;04.05.2026;TAINAOLIVEIRA;04.05.2026;TAINAOLIVEIRA;24.20;PENDENTE;Z00;04145161173;RHUANNE SIQUEIRA GUIMARAES
665412204;0511005;0205020054;ULTRASSONOGRAFIA DE APARELHO URINÁRIO                                                               ;32186347172;NELSON EDUARDO MELKE;02.06.2026;13:00;0;701007896975699;VITOR RAUPP SOUZA;20.04.2023;03;39;LUANA RAUPP;RUA;SARACURA;CASA;983;JARDIM GRAMADO;79491002;(45)99920-1707;SAO GABRIEL DO OESTE;500769;SAO GABRIEL DO OESTE;500769;8176132;CASA ROSA;M;04.05.2026;ANACLAUDIA_PASCOAL;04.05.2026;ANACLAUDIA_PASCOAL;24.20;PENDENTE;Z00;57255873120;CLODOALDO SABINO DA SILVA
665435978;0511017;0205020062;ULTRASSONOGRAFIA DE PARTES MOLES;32186347172;NELSON EDUARDO MELKE;11.06.2026;07:00;0;706808243320624;MARA RUTE DOS ANJOS DE OLIVEIRA;17.04.1981;45;543;IRACILDA LEMES DOS ANJOS DE OLIVEIRA;RUA;ANHUMAS;;907;JARDIM GRAMADO;79490000;(67)99609-5233;SAO GABRIEL DO OESTE;500769;SAO GABRIEL DO OESTE;500769;2599376;UNIDADE DE SAUDE DA FAMILIA VI;F;04.05.2026;MARIANA_MARTINS;04.05.2026;MARIANA_MARTINS;24.20;CONFIRMADO;L72;06437691107;MAIARA FLORES SCARIOT
665490966;0511017;0205020062;ULTRASSONOGRAFIA DE PARTES MOLES;32186347172;NELSON EDUARDO MELKE;11.06.2026;07:00;0;704007383688764;LUISA GABRIELLY MARTINS PANIAGO;23.07.2013;13;156;LUCIENE DA SILVA MARTINS;RUA;SUCUPIRA;;293;SAO CRISTOVAO;79490000;(67)99955-2074;SAO GABRIEL DO OESTE;500769;SAO GABRIEL DO OESTE;500769;8176132;CASA ROSA;F;04.05.2026;TAINAOLIVEIRA;04.05.2026;TAINAOLIVEIRA;24.20;CONFIRMADO;Z00;04145161173;RHUANNE SIQUEIRA GUIMARAES
665582906;0511005;0205020054;ULTRASSONOGRAFIA DE APARELHO URINÁRIO                                                               ;32186347172;NELSON EDUARDO MELKE;02.06.2026;13:00;0;702107753452797;JOAQUIM GONCALVES DIAS;22.09.1955;70;850;GUILHERMINA ROSA DA SILVA;RUA;PELICANOS;;995;JARDIM GRAMADO;79490000;(67)9668-0045;SAO GABRIEL DO OESTE;500769;SAO GABRIEL DO OESTE;500769;6354265;CENTRAL DE REGULACAO DE SAO GABRIEL DO OESTE;M;05.05.2026;JULIOCESAR_SAOGABRIEL;05.05.2026;VANIA_MARIANO;24.20;PENDENTE;N20;;MAYARA MARIA MELKE
665591763;0511003;0205020046;ULTRASSONOGRAFIA DE ABDOMEN TOTAL                                                                   ;32186347172;NELSON EDUARDO MELKE;01.06.2026;06:30;0;704604191346123;MARIA IRIS MIYAHIRA MORAES;21.11.2014;11;140;RAQUEL MIYAHIRA;RUA;CURICACAS;;640;JARDIM GRAMADO;79490000;(67)99961-6039;SAO GABRIEL DO OESTE;500769;SAO GABRIEL DO OESTE;500769;8176132;CASA ROSA;F;05.05.2026;ANACLAUDIA_PASCOAL;05.05.2026;ANACLAUDIA_PASCOAL;37.95;PENDENTE;Z00;10963419641;MARIA FERNANDA DIAS BASILIO
665734739;0511005;0205020054;ULTRASSONOGRAFIA DE APARELHO URINÁRIO                                                               ;32186347172;NELSON EDUARDO MELKE;02.06.2026;07:00;0;704001849700165;ROZIMEIRE FUZAR;23.02.1984;42;509;DIVINA SEVERINA NETO;RUA;PATATIVA;;220;FENIX;79491100;(67)99652-1885;SAO GABRIEL DO OESTE;500769;SAO GABRIEL DO OESTE;500769;2370999;UNIDADE DE SAUDE DA FAMILIA FENIX IV;F;05.05.2026;GUSTAVO_PIAIA;05.05.2026;GUSTAVO_PIAIA;24.20;CONFIRMADO;L989;96245646120;RAFAELLA MARIA COSTA GOIS DE FIGUEIREDO
665744379;0511003;0205020046;ULTRASSONOGRAFIA DE ABDOMEN TOTAL                                                                   ;32186347172;NELSON EDUARDO MELKE;01.06.2026;06:30;0;705407499733590;ALZIRA MARIA RODRIGUES;12.06.1980;46;553;IZULINA RIBEIRO RODRIGUES;RUA;DAS ANHUMAS;;933;JARDIM GRAMADO;79491016;(67)99853-6720;SAO GABRIEL DO OESTE;500769;SAO GABRIEL DO OESTE;500769;5971055;UNIDADE DE SAUDE DA FAMILIA VIII;F;05.05.2026;JESSICAPADILHA;05.05.2026;JESSICAPADILHA;37.95;CONFIRMADO;Z000;04805244160;RENNAN ORTIZ BUENO
665755691;0511003;0205020046;ULTRASSONOGRAFIA DE ABDOMEN TOTAL                                                                   ;32186347172;NELSON EDUARDO MELKE;01.06.2026;06:30;0;703408873796600;CLAUDIA MARIA RODRIGUES;10.03.1978;48;580;OLGA MARIA RODRIGUES;RUA;DAS MISSOES;CASA;224;MILANI;79490000;(67)99955-1273;SAO GABRIEL DO OESTE;500769;SAO GABRIEL DO OESTE;500769;7002084;UNIDADE DE SAUDE DA FAMILIA IX;F;05.05.2026;FELIPE_NERIS;05.05.2026;FELIPE_NERIS;37.95;CONFIRMADO;Z00;06901507925;EVELYN KASSIA TUDISCO FERNANDES
665757441;0511005;0205020054;ULTRASSONOGRAFIA DE APARELHO URINÁRIO                                                               ;32186347172;NELSON EDUARDO MELKE;02.06.2026;13:00;0;702904533590376;JAIRO APARECIDO DOMINGOS BARBOSA;17.02.1959;67;809;ODOCIA DOMINGOS BARBOSA;RUA;DAS ANHUMAS 1466/99999;;1832;FENIX;79491090;(67)99681-4790;SAO GABRIEL DO OESTE;500769;SAO GABRIEL DO OESTE;500769;2370999;UNIDADE DE SAUDE DA FAMILIA FENIX IV;M;05.05.2026;GUSTAVO_PIAIA;05.05.2026;GUSTAVO_PIAIA;24.20;PENDENTE;M545;00703866176;ALCIDES EDUARDO EIBEL
665759873;0511003;0205020046;ULTRASSONOGRAFIA DE ABDOMEN TOTAL                                                                   ;32186347172;NELSON EDUARDO MELKE;01.06.2026;06:30;0;700506166604157;DORALINA PEREIRA DA SILVA;12.03.1965;61;736;SEBASTIANA FLORIZA DA COSTA;RUA;CAMBARA;;272;SAO CRISTOVAO;79490000;(67)9665-6436;SAO GABRIEL DO OESTE;500769;SAO GABRIEL DO OESTE;500769;7002084;UNIDADE DE SAUDE DA FAMILIA IX;F;05.05.2026;FELIPE_NERIS;05.05.2026;FELIPE_NERIS;37.95;PENDENTE;Z00;06901507925;EVELYN KASSIA TUDISCO FERNANDES
665761887;0511003;0205020046;ULTRASSONOGRAFIA DE ABDOMEN TOTAL                                                                   ;32186347172;NELSON EDUARDO MELKE;01.06.2026;06:30;0;704604159452827;ALANA VITORIA FERREIRA NUNES;28.06.2022;04;48;FABIULA RODRIGUES FERREIRA;RUA;CASTANHEIRA;;365;SAO CRISTOVAO;79490000;(67)99849-8960;SAO GABRIEL DO OESTE;500769;SAO GABRIEL DO OESTE;500769;8176132;CASA ROSA;F;05.05.2026;TAINAOLIVEIRA;05.05.2026;TAINAOLIVEIRA;37.95;CONFIRMADO;Z00;57255873120;CLODOALDO SABINO DA SILVA
665841836;0511005;0205020054;ULTRASSONOGRAFIA DE APARELHO URINÁRIO                                                               ;32186347172;NELSON EDUARDO MELKE;09.06.2026;07:00;0;702008334022884;MIGUEL AMORIM GOMES;28.10.2019;06;80;NICOLE TEIXEIRA AMORIM;RUA;MENOTTI DELL PICHIA;CASA;1616;JARDIM ALVORADA;79490000;(67)99925-4172;SAO GABRIEL DO OESTE;500769;SAO GABRIEL DO OESTE;500769;8176132;CASA ROSA;M;06.05.2026;ANACLAUDIA_PASCOAL;06.05.2026;ANACLAUDIA_PASCOAL;24.20;CONFIRMADO;Z00;01865429171;AMANDA NANTES AQUINO
665920107;0511003;0205020046;ULTRASSONOGRAFIA DE ABDOMEN TOTAL                                                                   ;32186347172;NELSON EDUARDO MELKE;01.06.2026;06:30;0;703202697785199;JOEL DOS SANTOS CORREIA;11.06.1968;58;697;VALDOMIRA SANTOS CORREA;RUA;DOS CANARIOS 1/1465;;1273;JARDIM GRAMADO;79491008;(67)99611-4884;SAO GABRIEL DO OESTE;500769;SAO GABRIEL DO OESTE;500769;2370980;UNIDADE DE SAUDE DA FAMILIA JARDIM GRAMADO I;M;06.05.2026;ELIANI_MOREIRA;06.05.2026;ELIANI_MOREIRA;37.95;CONFIRMADO;R74;96040653191;PAULO FENELON MARINHO
665925561;0511005;0205020054;ULTRASSONOGRAFIA DE APARELHO URINÁRIO                                                               ;32186347172;NELSON EDUARDO MELKE;02.06.2026;13:00;0;702102780042095;KHETERLYN FERNANDES LEITE;05.04.2003;23;279;EDINAI FERNANDES DA SILVA LEITE;RUA;SARACURA;;1076;JARDIM GRAMADO;79490000;(61)3315-2425 / (67)99835-7142;SAO GABRIEL DO OESTE;500769;SAO GABRIEL DO OESTE;500769;7333218;UNIDADE DE SAUDE DA FAMILIA X;F;06.05.2026;RAISSASILVALIMA;06.05.2026;RAISSASILVALIMA;24.20;PENDENTE;R35;63805480172;CLEDSON PERETTI
666002655;0511005;0205020054;ULTRASSONOGRAFIA DE APARELHO URINÁRIO                                                               ;32186347172;NELSON EDUARDO MELKE;02.06.2026;13:00;0;708203677476249;IRONI SOUZA LOPES;01.03.1956;70;844;IDA PONELLO;CHACARA;TRES COQUEIROS;;S/N;RURAL;79490000;(67)99635-7568;SAO GABRIEL DO OESTE;500769;SAO GABRIEL DO OESTE;500769;7002084;UNIDADE DE SAUDE DA FAMILIA IX;M;06.05.2026;FELIPE_NERIS;06.05.2026;FELIPE_NERIS;24.20;PENDENTE;Z00;06901507925;EVELYN KASSIA TUDISCO FERNANDES
666064323;0511005;0205020054;ULTRASSONOGRAFIA DE APARELHO URINÁRIO                                                               ;32186347172;NELSON EDUARDO MELKE;09.06.2026;07:00;0;708404234249064;DAIANA BRAGA DE OLIVEIRA;16.01.1991;35;426;SONIA BRAGA DE OLIVEIRA;RUA;DAS ARARAS;;2126;FENIX;79491102;(67)99955-1049;SAO GABRIEL DO OESTE;500769;SAO GABRIEL DO OESTE;500769;2370999;UNIDADE DE SAUDE DA FAMILIA FENIX IV;F;06.05.2026;GUSTAVO_PIAIA;06.05.2026;GUSTAVO_PIAIA;24.20;CONFIRMADO;M545;96245646120;RAFAELLA MARIA COSTA GOIS DE FIGUEIREDO
666082918;0286049;0205020070;ULTRASSONOGRAFIA DE BOLSA ESCROTAL                                                                  ;32186347172;NELSON EDUARDO MELKE;01.06.2026;13:00;0;898006436407458;RN DE TATIANE VENCIO DA SILVA;20.01.2026;00;6;TATIANE VENCIO DA SILVA;RUA;GAIVOTAS;;2105;FÊNIX;;(67)99929-9396 / (67)99675-6012;SAO GABRIEL DO OESTE;500769;SAO GABRIEL DO OESTE;500769;8176132;CASA ROSA;M;06.05.2026;ARIROSA;06.05.2026;ARIROSA;24.20;CONFIRMADO;Z00;57255873120;CLODOALDO SABINO DA SILVA
666083159;0511005;0205020054;ULTRASSONOGRAFIA DE APARELHO URINÁRIO                                                               ;32186347172;NELSON EDUARDO MELKE;09.06.2026;13:00;0;898006436407458;RN DE TATIANE VENCIO DA SILVA;20.01.2026;00;6;TATIANE VENCIO DA SILVA;RUA;GAIVOTAS;;2105;FÊNIX;;(67)99929-9396 / (67)99675-6012;SAO GABRIEL DO OESTE;500769;SAO GABRIEL DO OESTE;500769;8176132;CASA ROSA;M;06.05.2026;ARIROSA;06.05.2026;ARIROSA;24.20;PENDENTE;Z00;57255873120;CLODOALDO SABINO DA SILVA
666092123;0230031;0205020062;USG TORNOZELO ESQUERDO;32186347172;NELSON EDUARDO MELKE;10.06.2026;13:00;0;703202625112694;EDUARDO FRAGA DE OLIVEIRA;30.08.2001;24;298;CLAUDIA FRAGA OLHER;RUA;ZAMBEI SATO;;670;BARRA VERDE;79480000;(67)99988-8711;RIO VERDE DE MATO GROSSO;500740;SAO GABRIEL DO OESTE;500769;6354265;CENTRAL DE REGULACAO DE SAO GABRIEL DO OESTE;M;06.05.2026;VANIA_MARIANO;06.05.2026;VANIA_MARIANO;24.20;CONFIRMADO;M25;;ROMULO
666093186;0511015;0205020046;ULTRASSONOGRAFIA DE PAREDE ABDOMINAL;32186347172;NELSON EDUARDO MELKE;11.06.2026;07:00;0;700401493115546;ELIAS SIQUEIRA DA ROSA;27.05.1992;34;410;NADIR SIQUEIRA DA ROSA;RUA;JOSE HONORIO SOBRINHO;;425;CENTRO;79490000;(67)9651-4223;SAO GABRIEL DO OESTE;500769;SAO GABRIEL DO OESTE;500769;8176132;CASA ROSA;M;06.05.2026;ARIROSA;06.05.2026;ARIROSA;37.95;CONFIRMADO;Z00;;CLEDSON PERETTI
666144047;0511017;0205020062;ULTRASSONOGRAFIA DE PARTES MOLES;32186347172;NELSON EDUARDO MELKE;18.06.2026;07:00;0;709605648018579;ADAIR PEREIRA DO AMARAL;20.08.1965;60;731;NEIDE MARIA PEIXOTO DO AMARAL;RUA;CANARIOS;;567;JARDIM GRAMADO;79490000;(67)99921-3450;SAO GABRIEL DO OESTE;500769;SAO GABRIEL DO OESTE;500769;8176132;CASA ROSA;M;07.05.2026;ANACLAUDIA_PASCOAL;07.05.2026;ANACLAUDIA_PASCOAL;24.20;CONFIRMADO;Z00;;EVA WILMA
666181608;0076042;0205020038;ULTRA-SONOGRAFIA DE ABDOMEN SUPERIOR;32186347172;NELSON EDUARDO MELKE;08.06.2026;07:00;0;705005608459550;MARCIA SANTOS DE SALES;20.05.1976;50;602;MARIA JOSE SANTOS DE SALES;RUA;SAO JORGE;CASA 64;289;JARDIM PRIMAVERA;79490164;(67)99929-3084;SAO GABRIEL DO OESTE;500769;SAO GABRIEL DO OESTE;500769;2370964;UNIDADE DE SAUDE DA FAMILIA III;F;07.05.2026;ANACLAUDIA_NOGUEIRA;07.05.2026;ANACLAUDIA_NOGUEIRA;24.20;CONFIRMADO;R101;02611833974;HUDSON PERES DORIGAO BELISARIO DE SOUZA
666212372;0511017;0205020062;ULTRASSONOGRAFIA DE PARTES MOLES;32186347172;NELSON EDUARDO MELKE;18.06.2026;07:00;0;704706701459936;ROSANGELA DE JESUS OCHOA;24.04.1979;47;567;CLEONICE DE JESUS OCHOA;RUA;SANTA MARIA;CHACARA;01;MILANI;79490000;(67)9667-7181;SAO GABRIEL DO OESTE;500769;SAO GABRIEL DO OESTE;500769;8176132;CASA ROSA;F;07.05.2026;ANACLAUDIA_PASCOAL;07.05.2026;ANACLAUDIA_PASCOAL;24.20;PENDENTE;Z00;;DR RODOLFO
666214386;0230012;0205020062;USG JOELHO ESQUERDO;32186347172;NELSON EDUARDO MELKE;17.06.2026;13:00;0;898004016946397;PEDRO HENRIQUE OCHOA DA SILVA;15.02.2010;16;197;RASANGELA DE JESUS UCHOA DA SILVA;RUA;SANTA MARIA;;1;MILANI;79490000;(67)9601-5414;SAO GABRIEL DO OESTE;500769;SAO GABRIEL DO OESTE;500769;8176132;CASA ROSA;M;07.05.2026;ANACLAUDIA_PASCOAL;07.05.2026;VANIA_MARIANO;24.20;PENDENTE;Z00;;RODOLFO 
666215190;0511005;0205020054;ULTRASSONOGRAFIA DE APARELHO URINÁRIO                                                               ;32186347172;NELSON EDUARDO MELKE;09.06.2026;07:00;0;703204679560298;LUIZ HENRIQUE MAROCCO;13.01.1991;35;426;ELIZABETE MARIA MAROCCO;RUA;PERNAMBUCO;;862;CENTRO;79490000;(67)3295-2112 / (67)9626-3089;SAO GABRIEL DO OESTE;500769;SAO GABRIEL DO OESTE;500769;8176132;CASA ROSA;M;07.05.2026;ANACLAUDIA_PASCOAL;07.05.2026;ANACLAUDIA_PASCOAL;24.20;PENDENTE;Z00;;AUGUSTO
666247355;0286049;0205020070;ULTRASSONOGRAFIA DE BOLSA ESCROTAL                                                                  ;32186347172;NELSON EDUARDO MELKE;01.06.2026;13:00;0;705307454673190;DAVI LUCCA PINHEIRO DOS SANTOS;10.03.2026;00;4;ALINE PINHEIRO DA SILVA;RUA;ARARAS;CASA;2139;FÊNIX;79491102;(67)99944-8926;SAO GABRIEL DO OESTE;500769;SAO GABRIEL DO OESTE;500769;8176132;CASA ROSA;M;07.05.2026;ANACLAUDIA_PASCOAL;07.05.2026;ANACLAUDIA_PASCOAL;24.20;CONFIRMADO;Z00;03429604150;STEPHANNO EMMANUEL DE SOUZA CONTIS
666299652;0511003;0205020046;ULTRASSONOGRAFIA DE ABDOMEN TOTAL                                                                   ;32186347172;NELSON EDUARDO MELKE;01.06.2026;06:30;0;709609663888671;LUCIMAR PEREIRA CARVALHO;05.01.1973;53;642;GUIOMAR PEREIRA DE CARVALHO;FAZENDA;PALMARES;;S/N;ZONA RURAL;79490000;(67)99925-4240;SAO GABRIEL DO OESTE;500769;SAO GABRIEL DO OESTE;500769;3400964;UNIDADE DE SAUDE DA FAMILIA RURAL VII;F;07.05.2026;DULCINEIA_MOCCELIN;07.05.2026;DULCINEIA_MOCCELIN;37.95;CONFIRMADO;Z000;02453491113;MILENA GUEDIN VARGAS
666312874;0511005;0205020054;ULTRASSONOGRAFIA DE APARELHO URINÁRIO                                                               ;32186347172;NELSON EDUARDO MELKE;09.06.2026;07:00;0;700002651788508;FABRICIA BARBOSA DE ANDRADE;02.01.2006;20;246;JUDITE VIEIRA BARBOSA;RUA;PEDRO SEGATTO;;394;FENIX;79491062;(67)99920-9056 / (67)99635-9162;SAO GABRIEL DO OESTE;500769;SAO GABRIEL DO OESTE;500769;2370999;UNIDADE DE SAUDE DA FAMILIA FENIX IV;F;07.05.2026;GUSTAVO_PIAIA;07.05.2026;GUSTAVO_PIAIA;24.20;PENDENTE;Z000;;GEOVANNA BEATRIZ DE ARRUDA E SILVA
666321071;0230025;0205020062;USG PUNHO DIREITO;32186347172;NELSON EDUARDO MELKE;03.06.2026;13:00;0;706906179217934;JOANA DARC RAMOS DE AMORIM;25.07.1977;49;588;SEBASTIANA RAMOS DO PRADO;RUA;CURIO;;695;JARDIM GRAMADO;79490000;(67)9945-1772;SAO GABRIEL DO OESTE;500769;SAO GABRIEL DO OESTE;500769;6354265;CENTRAL DE REGULACAO DE SAO GABRIEL DO OESTE;F;07.05.2026;VANIA_MARIANO;07.05.2026;VANIA_MARIANO;24.20;CONFIRMADO;M25;;RODOLFO BAREIRO
666321071;0230026;0205020062;USG PUNHO ESQUERDO;32186347172;NELSON EDUARDO MELKE;03.06.2026;13:00;0;706906179217934;JOANA DARC RAMOS DE AMORIM;25.07.1977;49;588;SEBASTIANA RAMOS DO PRADO;RUA;CURIO;;695;JARDIM GRAMADO;79490000;(67)9945-1772;SAO GABRIEL DO OESTE;500769;SAO GABRIEL DO OESTE;500769;6354265;CENTRAL DE REGULACAO DE SAO GABRIEL DO OESTE;F;07.05.2026;VANIA_MARIANO;07.05.2026;VANIA_MARIANO;24.20;CONFIRMADO;M25;;RODOLFO BAREIRO
666324058;0230007;0205020062;USG COTOVELO DIREITO;32186347172;NELSON EDUARDO MELKE;03.06.2026;13:00;0;702804631486469;LOURENCO DE SOUZA BARBOSA;15.06.1968;58;697;VALDEVINA BARBOSA DE OLIVEIRA;FAZENDA;ROSELANDIA;;S/N;ZONA RURAL;79493899;(67)99807-3111;SAO GABRIEL DO OESTE;500769;SAO GABRIEL DO OESTE;500769;6354265;CENTRAL DE REGULACAO DE SAO GABRIEL DO OESTE;M;07.05.2026;VANIA_MARIANO;07.05.2026;VANIA_MARIANO;24.20;CONFIRMADO;M25;;ROMULO TAFURI
666336551;0511005;0205020054;ULTRASSONOGRAFIA DE APARELHO URINÁRIO                                                               ;32186347172;NELSON EDUARDO MELKE;09.06.2026;07:00;0;709203267330331;SEBASTIANA FERREIRA DE SOUZA;27.09.1964;61;742;ALMERINDA PEREIRA VICENTE;;;;;;;(67)99889-4601;;;SAO GABRIEL DO OESTE;500769;2370972;UNIDADE DE SAUDE DA FAMILIA MILANE II;F;07.05.2026;FLAVIA_RODRIGUES;07.05.2026;FLAVIA_RODRIGUES;24.20;CONFIRMADO;Z00;02453491113;MILENA GUEDIN VARGAS
666337284;0511003;0205020046;ULTRASSONOGRAFIA DE ABDOMEN TOTAL                                                                   ;32186347172;NELSON EDUARDO MELKE;01.06.2026;06:30;0;703200607490893;ANGELA MARTINS DA SILVA;19.09.1978;47;574;MARIA APARECIDA MARTINS;RUA;AZULAO;;1254;FENIX;79491104;(67)99894-6487;SAO GABRIEL DO OESTE;500769;SAO GABRIEL DO OESTE;500769;5971055;UNIDADE DE SAUDE DA FAMILIA VIII;F;07.05.2026;JESSICAPADILHA;07.05.2026;JESSICAPADILHA;37.95;PENDENTE;G43;04805244160;RENNAN ORTIZ BUENO
666344892;0230017;0205020062;USG OMBRO ESQUERDO;32186347172;NELSON EDUARDO MELKE;03.06.2026;13:00;0;700704908613379;ROSELY GONCALVES DA SILVA;11.08.1968;57;695;MARCELINA FERNANDES DE SOUZA;RUA;PERNAMBUCO;FUNDOS;995;CENTRO;79490000;(67)99907-9613;SAO GABRIEL DO OESTE;500769;SAO GABRIEL DO OESTE;500769;6354265;CENTRAL DE REGULACAO DE SAO GABRIEL DO OESTE;F;07.05.2026;VANIA_MARIANO;07.05.2026;VANIA_MARIANO;24.20;CONFIRMADO;M25;;ARTHUR MARTINS DE ALMEIDA
666345548;0230030;0205020062;USG TORNOZELO DIREITO;32186347172;NELSON EDUARDO MELKE;03.06.2026;13:00;0;702306119930610;IRANI GONCALVES DIAS;05.07.1965;61;732;VILMA VARGAS DIAS;AVENIDA;PRIMO MAFFISSONI;;1706;PRIMO MAFFISSONI;79490000;(67)9828-3040;SAO GABRIEL DO OESTE;500769;SAO GABRIEL DO OESTE;500769;6354265;CENTRAL DE REGULACAO DE SAO GABRIEL DO OESTE;M;07.05.2026;VANIA_MARIANO;07.05.2026;VANIA_MARIANO;24.20;CONFIRMADO;M25;;ARTHUR MARTINS DE ALMEIDA
666346338;0230012;0205020062;USG JOELHO ESQUERDO;32186347172;NELSON EDUARDO MELKE;03.06.2026;13:00;0;700002599349308;CIBELE LIMA DA SILVA;25.07.1980;46;552;CLARICE RIBEIRO DA COSTA;RUA;SÃO JORGE;CASA 06;145;PRIMO MAFFISSONI;79490000;(67)99605-5141;SAO GABRIEL DO OESTE;500769;SAO GABRIEL DO OESTE;500769;6354265;CENTRAL DE REGULACAO DE SAO GABRIEL DO OESTE;F;07.05.2026;VANIA_MARIANO;07.05.2026;VANIA_MARIANO;24.20;CONFIRMADO;M25;;YASMIN YAINE
666348756;0230012;0205020062;USG JOELHO ESQUERDO;32186347172;NELSON EDUARDO MELKE;03.06.2026;13:00;0;706207028972064;APARECIDA CORREIA DOS SANTOS;15.07.1972;54;648;MARIA JOSE DOS SANTOS;RUA;RIO DE JANEIRO;;2484;CENTRO;79490000;(67)99652-9635;SAO GABRIEL DO OESTE;500769;SAO GABRIEL DO OESTE;500769;6354265;CENTRAL DE REGULACAO DE SAO GABRIEL DO OESTE;F;07.05.2026;VANIA_MARIANO;07.05.2026;VANIA_MARIANO;24.20;PENDENTE;M25;;RODOLFO ZAMBOLIN
666352798;0230021;0205020062;USG PE DIREITO;32186347172;NELSON EDUARDO MELKE;03.06.2026;13:00;0;700500711887950;MARIA ELENI WILDNER FACCIN;28.01.1957;69;833;HILDGARTH WILDNER;RUA;CONDE PORTO ALEGRE;;840;MILANI;79490000;(67)3295-1631 / (67)99627-8278;SAO GABRIEL DO OESTE;500769;SAO GABRIEL DO OESTE;500769;6354265;CENTRAL DE REGULACAO DE SAO GABRIEL DO OESTE;F;07.05.2026;VANIA_MARIANO;07.05.2026;VANIA_MARIANO;24.20;CONFIRMADO;M25;;BRUNO PETINARI
666353560;0230007;0205020062;USG COTOVELO DIREITO;32186347172;NELSON EDUARDO MELKE;10.06.2026;13:00;0;704009865802160;EVA CARDOSO GONCALVES DOS SANTOS;03.11.1969;56;680;NAIR CARDOSO GONCALVES;RUA;ANGICO;CASA;745;SAO CRISTOVAO;79491188;(67)99615-4705 / (67)99677-3232;SAO GABRIEL DO OESTE;500769;SAO GABRIEL DO OESTE;500769;6354265;CENTRAL DE REGULACAO DE SAO GABRIEL DO OESTE;F;07.05.2026;VANIA_MARIANO;07.05.2026;VANIA_MARIANO;24.20;CONFIRMADO;M25;;ROMULO TAFURI
666354175;0230026;0205020062;USG PUNHO ESQUERDO;32186347172;NELSON EDUARDO MELKE;10.06.2026;13:00;0;705606496723214;SOELI DORNELES;03.01.1967;59;714;MARIA JULIA DORNELES;RUA;CAMBARÁ;;745;FLOR DO CERRADO;79490000;(67)99908-9950 / (67)99332-8458;SAO GABRIEL DO OESTE;500769;SAO GABRIEL DO OESTE;500769;6354265;CENTRAL DE REGULACAO DE SAO GABRIEL DO OESTE;F;07.05.2026;VANIA_MARIANO;07.05.2026;VANIA_MARIANO;24.20;CONFIRMADO;M25;;ROMULO TAFURI
666354175;0230025;0205020062;USG PUNHO DIREITO;32186347172;NELSON EDUARDO MELKE;10.06.2026;13:00;0;705606496723214;SOELI DORNELES;03.01.1967;59;714;MARIA JULIA DORNELES;RUA;CAMBARÁ;;745;FLOR DO CERRADO;79490000;(67)99908-9950 / (67)99332-8458;SAO GABRIEL DO OESTE;500769;SAO GABRIEL DO OESTE;500769;6354265;CENTRAL DE REGULACAO DE SAO GABRIEL DO OESTE;F;07.05.2026;VANIA_MARIANO;07.05.2026;VANIA_MARIANO;24.20;CONFIRMADO;M25;;ROMULO TAFURI
666354844;0230017;0205020062;USG OMBRO ESQUERDO;32186347172;NELSON EDUARDO MELKE;10.06.2026;13:00;0;706207000735165;PEDRO FERREIRA DE SOUZA;27.01.1999;27;330;VILMA ESPINDOLA DE SOUZA;RUA;DAS ARARAS;;1590;FENIX;79491102;(67)99884-7745;SAO GABRIEL DO OESTE;500769;SAO GABRIEL DO OESTE;500769;6354265;CENTRAL DE REGULACAO DE SAO GABRIEL DO OESTE;M;07.05.2026;VANIA_MARIANO;07.05.2026;VANIA_MARIANO;24.20;PENDENTE;M25;;ROMULO TAFURI
666360586;0230022;0205020062;USG PE ESQUERDO;32186347172;NELSON EDUARDO MELKE;10.06.2026;13:00;0;705008483465154;FERNANDO GOMES DE OLIVEIRA;08.03.2003;23;280;ANALY DE OLIVEIRA GOMES;AVENIDA;SAO FRANCISCO;;3250;CENTRO;79490000;(67)98324-3870;SAO GABRIEL DO OESTE;500769;SAO GABRIEL DO OESTE;500769;6354265;CENTRAL DE REGULACAO DE SAO GABRIEL DO OESTE;M;07.05.2026;VANIA_MARIANO;07.05.2026;VANIA_MARIANO;24.20;PENDENTE;M25;;NEWTON CASTILHO
666361103;0230017;0205020062;USG OMBRO ESQUERDO;32186347172;NELSON EDUARDO MELKE;10.06.2026;13:00;0;705806491543038;ANTONIO BARBOZA DE SOUZA;14.06.1955;71;853;ABADIA ANTONIA DE SOUZA;RUA;TANGARÁ;;759;ABC;79490000;(67)9696-6923;SAO GABRIEL DO OESTE;500769;SAO GABRIEL DO OESTE;500769;6354265;CENTRAL DE REGULACAO DE SAO GABRIEL DO OESTE;M;07.05.2026;VANIA_MARIANO;07.05.2026;VANIA_MARIANO;24.20;PENDENTE;M25;;JULIANA ROCHA MENEZES
666375433;0511005;0205020054;ULTRASSONOGRAFIA DE APARELHO URINÁRIO                                                               ;32186347172;NELSON EDUARDO MELKE;09.06.2026;07:00;0;700006937680109;WIVIANE ALVES DE SOUZA NORBEQUE;17.12.1988;37;451;MARIA APARECIDA ALVES DE SOUZA;RUA;CEREJEIRA;;665;FLOR DO CERRADO;79490000;(67)99864-4964;SAO GABRIEL DO OESTE;500769;SAO GABRIEL DO OESTE;500769;7002084;UNIDADE DE SAUDE DA FAMILIA IX;F;07.05.2026;FELIPE_NERIS;07.05.2026;FELIPE_NERIS;24.20;PENDENTE;N23;06901507925;EVELYN KASSIA TUDISCO FERNANDES
666414911;0511003;0205020046;ULTRASSONOGRAFIA DE ABDOMEN TOTAL                                                                   ;32186347172;NELSON EDUARDO MELKE;03.06.2026;06:30;0;705008680413157;LUIZ DA SILVA BRAGA;31.05.1960;66;793;JOAQUINA DE JESUS SILVA BRAGA;RUA;SANTA MARIA;;11;MILANI;79492074;(67)99870-4927;SAO GABRIEL DO OESTE;500769;SAO GABRIEL DO OESTE;500769;2370972;UNIDADE DE SAUDE DA FAMILIA MILANE II;M;08.05.2026;FLAVIA_RODRIGUES;08.05.2026;FLAVIA_RODRIGUES;37.95;CONFIRMADO;Z00;02453491113;MILENA GUEDIN VARGAS
666421156;0511003;0205020046;ULTRASSONOGRAFIA DE ABDOMEN TOTAL                                                                   ;32186347172;NELSON EDUARDO MELKE;03.06.2026;06:30;0;700005102107008;NESTOR DEFANTE;15.12.1941;84;1015;MARIA DEFANTE;RUA;SAO PAULO;;2610;AMABILE MAFFISSONI;79490000;(67)9935-7571;SAO GABRIEL DO OESTE;500769;SAO GABRIEL DO OESTE;500769;2599376;UNIDADE DE SAUDE DA FAMILIA VI;M;08.05.2026;MARIANA_MARTINS;08.05.2026;MARIANA_MARTINS;37.95;CONFIRMADO;Z018;06437691107;MAIARA FLORES SCARIOT
666424056;0511003;0205020046;ULTRASSONOGRAFIA DE ABDOMEN TOTAL                                                                   ;32186347172;NELSON EDUARDO MELKE;08.06.2026;06:30;0;700008641930706;FABIO JOSE RAZERA;21.09.1964;61;742;VILMA MARIA MARCOLIN RAZERA;RUA;ANTONIO LAMBERT;;1405;MILANI;79492064;(67)99896-5386;SAO GABRIEL DO OESTE;500769;SAO GABRIEL DO OESTE;500769;2370972;UNIDADE DE SAUDE DA FAMILIA MILANE II;M;08.05.2026;FLAVIA_RODRIGUES;08.05.2026;FLAVIA_RODRIGUES;37.95;PENDENTE;Z000;02453491113;MILENA GUEDIN VARGAS
666438815;0511005;0205020054;ULTRASSONOGRAFIA DE APARELHO URINÁRIO                                                               ;32186347172;NELSON EDUARDO MELKE;09.06.2026;07:00;0;708608043957384;MAURICIO SOARES MOREIRA;12.07.1962;64;768;ZANIR SOARES MOREIRA;FAZENDA;MODELO;;S/N;ZONA RURAL;79490000;(67)9639-4977;SAO GABRIEL DO OESTE;500769;SAO GABRIEL DO OESTE;500769;3400964;UNIDADE DE SAUDE DA FAMILIA RURAL VII;M;08.05.2026;DULCINEIA_MOCCELIN;08.05.2026;DULCINEIA_MOCCELIN;24.20;CONFIRMADO;Z712;00612619630;KALYNKA SILVIA HIGINO
666465263;0511003;0205020046;ULTRASSONOGRAFIA DE ABDOMEN TOTAL                                                                   ;32186347172;NELSON EDUARDO MELKE;03.06.2026;06:30;0;700209426987323;MARIA GOMES DE LARA;17.09.1964;61;742;NADIR GOMES DE LARA;RUA;TOCANTINS;;11;CENTRO;79490000;(67)99943-6854;SAO GABRIEL DO OESTE;500769;SAO GABRIEL DO OESTE;500769;8176132;CASA ROSA;F;08.05.2026;ANACLAUDIA_PASCOAL;08.05.2026;ANACLAUDIA_PASCOAL;37.95;CONFIRMADO;Z00;;GEOVANA 
666550664;0230016;0205020062;USG OMBRO DIREITO;32186347172;NELSON EDUARDO MELKE;17.06.2026;13:00;0;706205538661662;IVONETE MOREIRA BARBOSA;27.12.1959;66;799;NELEODINA MOREIRA BARBOSA;RUA;CURICACA;;805;JARDIM GRAMADO;79490000;(67)99963-1016;SAO GABRIEL DO OESTE;500769;SAO GABRIEL DO OESTE;500769;8176132;CASA ROSA;F;08.05.2026;ANACLAUDIA_PASCOAL;13.05.2026;VANIA_MARIANO;24.20;CONFIRMADO;Z00;;DR ROGERIO
666550664;0230017;0205020062;USG OMBRO ESQUERDO;32186347172;NELSON EDUARDO MELKE;17.06.2026;13:00;0;706205538661662;IVONETE MOREIRA BARBOSA;27.12.1959;66;799;NELEODINA MOREIRA BARBOSA;RUA;CURICACA;;805;JARDIM GRAMADO;79490000;(67)99963-1016;SAO GABRIEL DO OESTE;500769;SAO GABRIEL DO OESTE;500769;8176132;CASA ROSA;F;08.05.2026;ANACLAUDIA_PASCOAL;13.05.2026;VANIA_MARIANO;24.20;CONFIRMADO;Z00;;DR ROGERIO
666567806;0230016;0205020062;USG OMBRO DIREITO;32186347172;NELSON EDUARDO MELKE;17.06.2026;13:00;0;706907107393532;EVALDO FRANCISCO DOS SANTOS;26.02.1975;51;617;LEUDA ANTONIA DOS SANTOS;RUA;CONDE DE PORTO ALEGRE;CASA;1103;MILANI;79490000;(67)99920-4404;SAO GABRIEL DO OESTE;500769;SAO GABRIEL DO OESTE;500769;8176132;CASA ROSA;M;08.05.2026;ANACLAUDIA_PASCOAL;13.05.2026;VANIA_MARIANO;24.20;PENDENTE;Z00;;ROGERIO
666567806;0230017;0205020062;USG OMBRO ESQUERDO;32186347172;NELSON EDUARDO MELKE;17.06.2026;13:00;0;706907107393532;EVALDO FRANCISCO DOS SANTOS;26.02.1975;51;617;LEUDA ANTONIA DOS SANTOS;RUA;CONDE DE PORTO ALEGRE;CASA;1103;MILANI;79490000;(67)99920-4404;SAO GABRIEL DO OESTE;500769;SAO GABRIEL DO OESTE;500769;8176132;CASA ROSA;M;08.05.2026;ANACLAUDIA_PASCOAL;13.05.2026;VANIA_MARIANO;24.20;PENDENTE;Z00;;ROGERIO
667199248;0076042;0205020038;ULTRA-SONOGRAFIA DE ABDOMEN SUPERIOR;32186347172;NELSON EDUARDO MELKE;08.06.2026;07:00;0;709809097712891;ANDREIA NUNES DOS SANTOS;04.02.1984;42;509;SIDNEIA NUNES BARIA DOS SANTOS;RUA;DAS PERDIZES;CASA;965;JARDIM GRAMADO;79490000;(67)99687-0870;SAO GABRIEL DO OESTE;500769;SAO GABRIEL DO OESTE;500769;7002084;UNIDADE DE SAUDE DA FAMILIA IX;F;12.05.2026;FELIPE_NERIS;12.05.2026;FELIPE_NERIS;24.20;PENDENTE;Z000;01415181110;ANGELA BENITES
667199999;0511003;0205020046;ULTRASSONOGRAFIA DE ABDOMEN TOTAL                                                                   ;32186347172;NELSON EDUARDO MELKE;03.06.2026;06:30;0;700805916494987;ANA HELOISA PIOVEZAN MIRANDA HAMMARSTRON;18.07.2003;23;276;DALVA MIRANDA DA SILVA;RUA;CEREJEIRA;;796;SAO CRISTOVAO;79491184;(67)99646-7442 / (67)99646-7442;SAO GABRIEL DO OESTE;500769;SAO GABRIEL DO OESTE;500769;7002084;UNIDADE DE SAUDE DA FAMILIA IX;F;12.05.2026;FELIPE_NERIS;12.05.2026;FELIPE_NERIS;37.95;CONFIRMADO;R101;06901507925;EVELYN KASSIA TUDISCO FERNANDES
667222626;0511005;0205020054;ULTRASSONOGRAFIA DE APARELHO URINÁRIO                                                               ;32186347172;NELSON EDUARDO MELKE;09.06.2026;13:00;0;702606297084845;JHEYCOB KAUAN DE ANGELO SILVA;23.10.2025;00;9;MICHELLY NATALINA MONTEIRO ANGELO;RUA;RAIMUNDO DO PRADO 1/1199;;1130;AMABILE MAFFISSONI;79490072;(67)99986-5808;SAO GABRIEL DO OESTE;500769;SAO GABRIEL DO OESTE;500769;8176132;CASA ROSA;M;13.05.2026;ANACLAUDIA_PASCOAL;13.05.2026;ANACLAUDIA_PASCOAL;24.20;PENDENTE;Z00;57255873120;CLODOALDO SABINO DA SILVA
667229213;0511003;0205020046;ULTRASSONOGRAFIA DE ABDOMEN TOTAL                                                                   ;32186347172;NELSON EDUARDO MELKE;03.06.2026;06:30;0;701400600349038;GISLAINE GOMES COIMBRA;01.01.1993;33;402;SELMA GOMES DE SOUZA;RUA;PARDAIS;CASA;1455;FENIX;79490000;(67)99617-3465;SAO GABRIEL DO OESTE;500769;SAO GABRIEL DO OESTE;500769;8176132;CASA ROSA;F;13.05.2026;ANACLAUDIA_PASCOAL;13.05.2026;ANACLAUDIA_PASCOAL;37.95;CONFIRMADO;Z00;;LEANDRO
667232725;0076042;0205020038;ULTRA-SONOGRAFIA DE ABDOMEN SUPERIOR;32186347172;NELSON EDUARDO MELKE;08.06.2026;07:00;0;706007893130249;ISAIAS IVAN DA SILVA SANTOS;21.11.1990;35;428;IVANETE VICENTE DA SILVA SANTOS;RUA;BAHIA;;2810;AMABILE MAFFISSONI;79490106;(67)99196-3041 / (67)99185-7501 / (67)99290-5956;SAO GABRIEL DO OESTE;500769;SAO GABRIEL DO OESTE;500769;8176132;CASA ROSA;M;13.05.2026;ANACLAUDIA_PASCOAL;13.05.2026;ANACLAUDIA_PASCOAL;24.20;CONFIRMADO;Z00;;BERNARDO
667235103;0511005;0205020054;ULTRASSONOGRAFIA DE APARELHO URINÁRIO                                                               ;32186347172;NELSON EDUARDO MELKE;09.06.2026;13:00;0;708409717239068;LUCIENE DA CRUZ FARIAS;13.09.1983;42;514;DAMIANA DA CRUZ;RUA;OITI;;386;SAO CRISTOVAO;79491196;(67)99964-8411;SAO GABRIEL DO OESTE;500769;SAO GABRIEL DO OESTE;500769;8176132;CASA ROSA;F;13.05.2026;ANACLAUDIA_PASCOAL;13.05.2026;ANACLAUDIA_PASCOAL;24.20;PENDENTE;Z00;;MAYARA MARIA 
667235800;0511003;0205020046;ULTRASSONOGRAFIA DE ABDOMEN TOTAL                                                                   ;32186347172;NELSON EDUARDO MELKE;03.06.2026;06:30;0;707602234606191;BRUNA ESTER DA CRUZ FARIAS;28.06.2012;14;168;LUCIENE DA CRUZ;RUA;OITI;;386;SAO CRISTOVAO;79491196;(61)3315-2425;SAO GABRIEL DO OESTE;500769;SAO GABRIEL DO OESTE;500769;8176132;CASA ROSA;F;13.05.2026;ANACLAUDIA_PASCOAL;13.05.2026;ANACLAUDIA_PASCOAL;37.95;PENDENTE;Z00;;PAULO FENELON MARINHO
667240813;0511003;0205020046;ULTRASSONOGRAFIA DE ABDOMEN TOTAL                                                                   ;32186347172;NELSON EDUARDO MELKE;03.06.2026;06:30;0;701005847343291;TEREZA IZABEL DE OLIVEIRA;23.10.1971;54;657;MATILDE MARIA DE OLIVEIRA;RUA;DAS CORUJAS;;377;FENIX;79491054;(67)98468-1335;SAO GABRIEL DO OESTE;500769;SAO GABRIEL DO OESTE;500769;2370980;UNIDADE DE SAUDE DA FAMILIA JARDIM GRAMADO I;F;13.05.2026;ELIANI_MOREIRA;13.05.2026;ELIANI_MOREIRA;37.95;CONFIRMADO;R10;01454652179;MAYARA MARIA MELKE GUIMARAES
667255700;0511015;0205020046;ULTRASSONOGRAFIA DE PAREDE ABDOMINAL;32186347172;NELSON EDUARDO MELKE;11.06.2026;07:00;0;706004386337745;RENATO DA SILVA FARIAS;20.05.1991;35;422;GENESI LIMA DA SILVA FARIAS;RUA;SANTA ANA;;97;MILANI;79492090;(67)99853-9483;SAO GABRIEL DO OESTE;500769;SAO GABRIEL DO OESTE;500769;2370972;UNIDADE DE SAUDE DA FAMILIA MILANE II;M;13.05.2026;FLAVIA_RODRIGUES;13.05.2026;FLAVIA_RODRIGUES;37.95;PENDENTE;K42;83798633134;JOAO BAPTISTA BARBOSA SOUZA
667257090;0511003;0205020046;ULTRASSONOGRAFIA DE ABDOMEN TOTAL                                                                   ;32186347172;NELSON EDUARDO MELKE;03.06.2026;06:30;0;704102077920250;VALDECIR JOSE BERTO;02.07.1975;51;612;ANGELINA BERTO;RUA;JOSE HONORIO SOBRINHO;CASA 01;322;CENTRO;79490000;(67)3295-2219;SAO GABRIEL DO OESTE;500769;SAO GABRIEL DO OESTE;500769;2599376;UNIDADE DE SAUDE DA FAMILIA VI;M;13.05.2026;MARIANA_MARTINS;13.05.2026;MARIANA_MARTINS;37.95;PENDENTE;R10;06437691107;MAIARA FLORES SCARIOT
667262786;0511003;0205020046;ULTRASSONOGRAFIA DE ABDOMEN TOTAL                                                                   ;32186347172;NELSON EDUARDO MELKE;08.06.2026;06:30;0;706001304451449;VALMIR FERREIRA DA SILVA;24.07.1978;48;576;MARIA DE JESUS DA CONCEICAO;RUA;DAS GAIVOTAS 1466/99999;;1920;FENIX;79491094;(67)98205-0571 / (67)99689-6635;SAO GABRIEL DO OESTE;500769;SAO GABRIEL DO OESTE;500769;2370999;UNIDADE DE SAUDE DA FAMILIA FENIX IV;M;13.05.2026;GUSTAVO_PIAIA;13.05.2026;GUSTAVO_PIAIA;37.95;PENDENTE;Z000;;NEWTON SGNORINI CASTILHO 
667283004;0511003;0205020046;ULTRASSONOGRAFIA DE ABDOMEN TOTAL                                                                   ;32186347172;NELSON EDUARDO MELKE;08.06.2026;06:30;0;700906960731794;MARINALVA LEMES;19.01.1971;55;666;CELINA LEMES;FAZENDA;LOANDA;BR163KM636;S/N;AREA RURAL DE SÃO GABRIEL DO OESTE;79493899;(67)99995-3360 / (67)99656-6516;SAO GABRIEL DO OESTE;500769;SAO GABRIEL DO OESTE;500769;3400964;UNIDADE DE SAUDE DA FAMILIA RURAL VII;F;13.05.2026;DULCINEIA_MOCCELIN;13.05.2026;DULCINEIA_MOCCELIN;37.95;PENDENTE;R10;02453491113;MILENA GUEDIN VARGAS
667296516;0511015;0205020046;ULTRASSONOGRAFIA DE PAREDE ABDOMINAL;32186347172;NELSON EDUARDO MELKE;11.06.2026;07:00;0;700500544276957;HEITOR NOVAIS;31.08.2017;08;106;LARYSSA TAINARA DA SILVA NOVAIS;RUA;ASA BRANCA;;182;JARDIM GRAMADO;79491024;(67)99969-8054;SAO GABRIEL DO OESTE;500769;SAO GABRIEL DO OESTE;500769;2370980;UNIDADE DE SAUDE DA FAMILIA JARDIM GRAMADO I;M;13.05.2026;ELIANI_MOREIRA;13.05.2026;ELIANI_MOREIRA;37.95;PENDENTE;K40;01454652179;MAYARA MARIA MELKE GUIMARAES
667311439;0511017;0205020062;ULTRASSONOGRAFIA DE PARTES MOLES;32186347172;NELSON EDUARDO MELKE;18.06.2026;07:00;0;701808257928378;MARLENE ALVES;06.07.1980;46;552;CLARA ALVES DE JESUS;RUA;DAS GAIVOTAS;;1526;JARDIM GRAMADO;79491018;(67)99839-6460 / (87)99123-7833;SAO GABRIEL DO OESTE;500769;SAO GABRIEL DO OESTE;500769;5971055;UNIDADE DE SAUDE DA FAMILIA VIII;F;13.05.2026;JESSICAPADILHA;13.05.2026;JESSICAPADILHA;24.20;CONFIRMADO;D17;04805244160;RENNAN ORTIZ BUENO
667325806;0511003;0205020046;ULTRASSONOGRAFIA DE ABDOMEN TOTAL                                                                   ;32186347172;NELSON EDUARDO MELKE;08.06.2026;06:30;0;702604781532840;PATRICK PAOLO DE SAIBRO CECATTO;02.09.1991;34;418;MARCIA ANTONIA DE SAIBRO;RUA;PAU TERRA;;248;SÃO CRISTOVÃO;79490000;(67)99801-2171;SAO GABRIEL DO OESTE;500769;SAO GABRIEL DO OESTE;500769;8176132;CASA ROSA;M;13.05.2026;ANACLAUDIA_PASCOAL;13.05.2026;ANACLAUDIA_PASCOAL;37.95;PENDENTE;Z00;;GEOVANNA BEATRIZ
667392148;0511003;0205020046;ULTRASSONOGRAFIA DE ABDOMEN TOTAL                                                                   ;32186347172;NELSON EDUARDO MELKE;08.06.2026;06:30;0;709601665006970;MARIA EDUARDA DO PRADO LOPES;17.07.2009;17;204;ARMIRIA RODRIGUES DO PRADO;RUA;BAHIA 1/2399;;2160;CENTRO;79490021;(67)99820-0247;SAO GABRIEL DO OESTE;500769;SAO GABRIEL DO OESTE;500769;2599376;UNIDADE DE SAUDE DA FAMILIA VI;F;13.05.2026;MARIANA_MARTINS;13.05.2026;MARIANA_MARTINS;37.95;CONFIRMADO;Z000;06437691107;MAIARA FLORES SCARIOT
667402994;0511003;0205020046;ULTRASSONOGRAFIA DE ABDOMEN TOTAL                                                                   ;32186347172;NELSON EDUARDO MELKE;08.06.2026;06:30;0;700802931834189;ALICE DA SILVA TOMAZ;17.05.1967;59;710;ADENIR DECESAR DA SILVA;RUA;SANTA CATARINA;;1870;CENTRO;79490000;(67)99982-2339;SAO GABRIEL DO OESTE;500769;SAO GABRIEL DO OESTE;500769;2599376;UNIDADE DE SAUDE DA FAMILIA VI;F;13.05.2026;MARIANA_MARTINS;13.05.2026;MARIANA_MARTINS;37.95;CONFIRMADO;R10;06437691107;MAIARA FLORES SCARIOT
667406789;0511003;0205020046;ULTRASSONOGRAFIA DE ABDOMEN TOTAL                                                                   ;32186347172;NELSON EDUARDO MELKE;08.06.2026;06:30;0;706701591952716;JOCIMARA MARIA DE OLIVEIRA;21.07.1981;45;540;ALICE MONTEIRO DE OLIVEIRA;RUA;FRANCISCO MISSINO;;826;VILA BELA;85027260;(67)99935-6339;GUARAPUAVA;410940;SAO GABRIEL DO OESTE;500769;2370980;UNIDADE DE SAUDE DA FAMILIA JARDIM GRAMADO I;F;13.05.2026;ELIANI_MOREIRA;13.05.2026;ELIANI_MOREIRA;37.95;PENDENTE;R10;01454652179;MAYARA MARIA MELKE GUIMARAES
667420787;0511003;0205020046;ULTRASSONOGRAFIA DE ABDOMEN TOTAL                                                                   ;32186347172;NELSON EDUARDO MELKE;08.06.2026;06:30;0;706005819756340;LARA SIMONE OLIVEIRA TELLES;14.11.1972;53;644;MARIA OLIVEIRA TELLES;RUA;MINAS GERAIS;CASA 3;2144;CENTRO;79490011;(54)99663-6039 / (54)99663-6039 / (54)99663-6039;SAO GABRIEL DO OESTE;500769;SAO GABRIEL DO OESTE;500769;2599376;UNIDADE DE SAUDE DA FAMILIA VI;F;13.05.2026;MARIANA_MARTINS;13.05.2026;MARIANA_MARTINS;37.95;PENDENTE;R944;06437691107;MAIARA FLORES SCARIOT
667429544;0511003;0205020046;ULTRASSONOGRAFIA DE ABDOMEN TOTAL                                                                   ;32186347172;NELSON EDUARDO MELKE;10.06.2026;06:30;0;700007880363909;MARITELMA FERREIRA CAMARGO;21.12.1979;46;559;MARIA CALIXTA FERREIRA;RUA;AUGUSTA ROSSINI GUIDI;;2109;JARDIM SUMATRA;79073220;(67)99860-3545 / (67)99891-9562;CAMPO GRANDE;500270;SAO GABRIEL DO OESTE;500769;8176132;CASA ROSA;F;13.05.2026;EMILY_CASAROSA;13.05.2026;EMILY_CASAROSA;37.95;CONFIRMADO;L989;;RAFAELA MARIA COSTA 
667436836;0286011;0205020100;ULTRASSONOGRAFIA DE PROSTATA VIA ABDOMINAL ;32186347172;NELSON EDUARDO MELKE;01.06.2026;13:00;0;702905563731076;CARLOS ROBERTO MIRANDA;13.12.1966;59;715;ELVIRIA TEREZINHA RIBEIRO MIRANDA;CHACARA;2 IPÊ;;S/N;ASSENTAMENTO PATATIVA;79490000;(67)99829-9318;SAO GABRIEL DO OESTE;500769;SAO GABRIEL DO OESTE;500769;3400964;UNIDADE DE SAUDE DA FAMILIA RURAL VII;M;13.05.2026;DULCINEIA_MOCCELIN;13.05.2026;DULCINEIA_MOCCELIN;24.20;PENDENTE;N40;00612619630;KALYNKA SILVIA HIGINO
667436900;0511005;0205020054;ULTRASSONOGRAFIA DE APARELHO URINÁRIO                                                               ;32186347172;NELSON EDUARDO MELKE;09.06.2026;13:00;0;702907525573479;MARIA FERNANDA DE FREITAS;11.01.2008;18;222;MARIANE DE OLIVEIRA LEAO;RUA;SAO JORGE;CASA 21;215;PRIMO MAFFISSONI;79490000;(67)99811-1129 / (67)99865-4563;SAO GABRIEL DO OESTE;500769;SAO GABRIEL DO OESTE;500769;8176132;CASA ROSA;F;13.05.2026;ANACLAUDIA_PASCOAL;13.05.2026;ANACLAUDIA_PASCOAL;24.20;CONFIRMADO;Z00;;NEWTON SIGNORINI
667453004;0511003;0205020046;ULTRASSONOGRAFIA DE ABDOMEN TOTAL                                                                   ;32186347172;NELSON EDUARDO MELKE;10.06.2026;06:30;0;703404223883416;THAUANY VITORIA SILVA SANTOS CABRAL;15.05.2010;16;194;GLEICIANE DA SILVA SANTOS;RUA;CURRUIRAS;CASA;1816;FENIX;79490000;(67)99110-9904;SAO GABRIEL DO OESTE;500769;SAO GABRIEL DO OESTE;500769;8176132;CASA ROSA;F;13.05.2026;ANACLAUDIA_PASCOAL;13.05.2026;ANACLAUDIA_PASCOAL;37.95;CONFIRMADO;Z00;;ALUISIO 
667455718;0511003;0205020046;ULTRASSONOGRAFIA DE ABDOMEN TOTAL                                                                   ;32186347172;NELSON EDUARDO MELKE;10.06.2026;06:30;0;702905584512373;CARLA ANDRESSA DA SILVA MATOS;22.03.1993;33;400;SILENE DOS SANTOS DA SILVA;RUA;CANARIOS;;1274;JARDIM GRAMADO;79490000;(67)99826-3582 / (67)99912-8283;SAO GABRIEL DO OESTE;500769;SAO GABRIEL DO OESTE;500769;8176132;CASA ROSA;F;13.05.2026;EMILY_CASAROSA;13.05.2026;EMILY_CASAROSA;37.95;PENDENTE;Z48;91415799172;ALESSANDRA REGINA GOMES RODOVALHO
667487632;1406043;0205010059;ULTRASSONOGRAFIA DOPPLER DE FLUXO OBSTETRICO;32186347172;NELSON EDUARDO MELKE;08.06.2026;13:00;0;702805635432364;VANESSA RODRIGUES DA SILVA;15.06.2005;21;253;FRANCISCA RODRIGUES DE LIMA;RUA;TANGARA;;314;FENIX;79491106;(67)99877-5476;SAO GABRIEL DO OESTE;500769;SAO GABRIEL DO OESTE;500769;8176132;CASA ROSA;F;14.05.2026;EMILY_CASAROSA;18.05.2026;VANIA_MARIANO;42.90;CONFIRMADO;Z34;;PAULO FENELON MARINHO
667495175;0511003;0205020046;ULTRASSONOGRAFIA DE ABDOMEN TOTAL                                                                   ;32186347172;NELSON EDUARDO MELKE;10.06.2026;06:30;0;702802654003764;ADEVALDO BENEDITO DE SA;08.09.1955;70;850;IRACI CATARINA DE SA;RUA;IRERE;;72;FENIX;79491084;(67)99625-9936;SAO GABRIEL DO OESTE;500769;SAO GABRIEL DO OESTE;500769;2370999;UNIDADE DE SAUDE DA FAMILIA FENIX IV;M;14.05.2026;GUSTAVO_PIAIA;14.05.2026;GUSTAVO_PIAIA;37.95;CONFIRMADO;K81;96245646120;RAFAELLA MARIA COSTA GOIS DE FIGUEIREDO
667516665;0511003;0205020046;ULTRASSONOGRAFIA DE ABDOMEN TOTAL                                                                   ;32186347172;NELSON EDUARDO MELKE;10.06.2026;06:30;0;702905560777970;CICERA SALVINA ANHANI;04.03.1952;74;892;LAVINIA ANTONIO ANHANI;RUA;BAHIA;;2714;CENTRO;79490000;(67)99891-6248;SAO GABRIEL DO OESTE;500769;SAO GABRIEL DO OESTE;500769;2370964;UNIDADE DE SAUDE DA FAMILIA III;F;14.05.2026;ANACLAUDIA_NOGUEIRA;14.05.2026;ANACLAUDIA_NOGUEIRA;37.95;CONFIRMADO;R101;02611833974;HUDSON PERES DORIGAO BELISARIO DE SOUZA
667519190;0286049;0205020070;ULTRASSONOGRAFIA DE BOLSA ESCROTAL                                                                  ;32186347172;NELSON EDUARDO MELKE;08.06.2026;13:00;0;704208286682683;LEONICIO INACIO PEREIRA;17.01.1958;68;822;LAUDELINA FERREIRA;FAZENDA;AREADO;;S/N;ZONA RURAL;79490000;(67)99918-2282;SAO GABRIEL DO OESTE;500769;SAO GABRIEL DO OESTE;500769;8176132;CASA ROSA;M;14.05.2026;ANACLAUDIA_PASCOAL;14.05.2026;ANACLAUDIA_PASCOAL;24.20;CONFIRMADO;R102;;EVA WILMA
667537355;0511003;0205020046;ULTRASSONOGRAFIA DE ABDOMEN TOTAL                                                                   ;32186347172;NELSON EDUARDO MELKE;10.06.2026;06:30;0;700307978174834;RENAN VESPERO HERNANDEZ;17.10.2018;07;93;ANA CARLA VESPERO;RUA;CONDE PORTO ALEGRE;;1405;MILANI;79490000;(67)99907-3771;SAO GABRIEL DO OESTE;500769;SAO GABRIEL DO OESTE;500769;8176132;CASA ROSA;M;14.05.2026;ANACLAUDIA_PASCOAL;14.05.2026;ANACLAUDIA_PASCOAL;37.95;CONFIRMADO;Z001;57255873120;CLODOALDO SABINO DA SILVA
667556360;0511005;0205020054;ULTRASSONOGRAFIA DE APARELHO URINÁRIO                                                               ;32186347172;NELSON EDUARDO MELKE;09.06.2026;13:00;0;704408302625810;CELSO MATEUS;24.11.1963;62;752;ANA SANTA DE JESUS;RUA;TUIUIU;;1170;JARDIM GRAMADO;79490000;(61)3315-2425 / (67)99603-1373;SAO GABRIEL DO OESTE;500769;SAO GABRIEL DO OESTE;500769;2370980;UNIDADE DE SAUDE DA FAMILIA JARDIM GRAMADO I;M;14.05.2026;ELIANI_MOREIRA;14.05.2026;ELIANI_MOREIRA;24.20;CONFIRMADO;N20;01454652179;MAYARA MARIA MELKE GUIMARAES
667556656;0511005;0205020054;ULTRASSONOGRAFIA DE APARELHO URINÁRIO                                                               ;32186347172;NELSON EDUARDO MELKE;09.06.2026;13:00;0;705006499198051;MARIA LUIZA SOUZA RITH;11.07.2008;18;216;EDIANE SOUZA ROCHA;RUA;AZULAO;;1506;CONJ FENIX;79490000;(67)99942-8731;SAO GABRIEL DO OESTE;500769;SAO GABRIEL DO OESTE;500769;8176132;CASA ROSA;F;14.05.2026;ANACLAUDIA_PASCOAL;14.05.2026;ANACLAUDIA_PASCOAL;24.20;CONFIRMADO;Z001;;GEOVANNA BEATRIZ
667561229;0230012;0205020062;USG JOELHO ESQUERDO;32186347172;NELSON EDUARDO MELKE;24.06.2026;13:00;0;709808071322696;MARLI COELHO;18.05.1958;68;818;CUSTODIA RODRIGUES COELHO;RUA;TOCANTINS;;59;CENTRO;79490000;(67)99952-2456;SAO GABRIEL DO OESTE;500769;SAO GABRIEL DO OESTE;500769;8176132;CASA ROSA;F;14.05.2026;EMILY_CASAROSA;19.05.2026;VANIA_MARIANO;24.20;CONFIRMADO;Z00;;JOSE JULIO
667590762;0076042;0205020038;ULTRA-SONOGRAFIA DE ABDOMEN SUPERIOR;32186347172;NELSON EDUARDO MELKE;08.06.2026;07:00;0;708400704408666;LEVI PIRES DE SOUZA;21.10.1968;57;693;ROSA ALMEIDA DE SOUZA;AREA;RUA COXIM;;88;AREA RURAL DE SAO GABRIEL DO OESTE;79493899;(67)99818-0884;SAO GABRIEL DO OESTE;500769;SAO GABRIEL DO OESTE;500769;6452116;CENTRO DE ESPECIALIDADES MEDICAS;M;14.05.2026;ANDRIELI_BARBOSA;14.05.2026;ANDRIELI_BARBOSA;24.20;CONFIRMADO;I10;;JOAO BAPTISTA BARBOSA SOUZA
667641837;0230030;0205020062;USG TORNOZELO DIREITO;32186347172;NELSON EDUARDO MELKE;24.06.2026;13:00;0;706402100894781;DORVALINA DA SILVA;19.06.1979;47;565;LUZIA APARECIDA DA SILVA;RUA;DAS CORUJAS;;888;FENIX;79491054;(67)99635-1178;SAO GABRIEL DO OESTE;500769;SAO GABRIEL DO OESTE;500769;8176132;CASA ROSA;F;14.05.2026;ANACLAUDIA_PASCOAL;19.05.2026;VANIA_MARIANO;24.20;PENDENTE;Z001;;RODOLFO 
667657248;0511015;0205020046;ULTRASSONOGRAFIA DE PAREDE ABDOMINAL;32186347172;NELSON EDUARDO MELKE;11.06.2026;07:00;0;700805947072685;JOSE CATARINO DE SOUZA;23.04.1966;60;723;ORMOSINA GARCIA DE SOUZA;FAZENDA;MARIANA;;S/N;RURAL;79490000;(67)99986-3163;SAO GABRIEL DO OESTE;500769;SAO GABRIEL DO OESTE;500769;3400964;UNIDADE DE SAUDE DA FAMILIA RURAL VII;M;14.05.2026;DULCINEIA_MOCCELIN;14.05.2026;DULCINEIA_MOCCELIN;37.95;CONFIRMADO;K42;02453491113;MILENA GUEDIN VARGAS
667670398;0511005;0205020054;ULTRASSONOGRAFIA DE APARELHO URINÁRIO                                                               ;32186347172;NELSON EDUARDO MELKE;16.06.2026;07:00;0;704701755049936;LUIS WAGNER MARTINS CRUZ;05.02.1996;30;365;ROSALIA EVANGELISTA MARTINS;RUA;ALBINO SOUZA BRANDÃO;CASA;287;CENTRO;79490057;(67)99110-6425;SAO GABRIEL DO OESTE;500769;SAO GABRIEL DO OESTE;500769;2599376;UNIDADE DE SAUDE DA FAMILIA VI;M;14.05.2026;MARIANA_MARTINS;14.05.2026;MARIANA_MARTINS;24.20;PENDENTE;N23;;YASMIM
667708891;0511003;0205020046;ULTRASSONOGRAFIA DE ABDOMEN TOTAL                                                                   ;32186347172;NELSON EDUARDO MELKE;01.06.2026;06:30;0;700107980655110;JOSIANE FRANCISCA PEREIRA;16.09.1996;29;358;MARIA SUELY PEREIRA DE OLIVEIRA;FAZENDA;PARAISO;;S/N;RURAL;79490039;(67)99884-0843;SAO GABRIEL DO OESTE;500769;SAO GABRIEL DO OESTE;500769;3400964;UNIDADE DE SAUDE DA FAMILIA RURAL VII;F;14.05.2026;DULCINEIA_MOCCELIN;14.05.2026;DULCINEIA_MOCCELIN;37.95;CONFIRMADO;R10;02453491113;MILENA GUEDIN VARGAS
667719929;0286011;0205020100;ULTRASSONOGRAFIA DE PROSTATA VIA ABDOMINAL ;32186347172;NELSON EDUARDO MELKE;01.06.2026;13:00;0;708201609494944;RENILSON LINO DA CRUZ;01.07.1977;49;588;FRANCISCA LINA DA CRUZ;RUA;PEDRO SEGATTO;;30;FÊNIX;79491062;(67)99847-5161 / (67)99661-4634;SAO GABRIEL DO OESTE;500769;SAO GABRIEL DO OESTE;500769;2370999;UNIDADE DE SAUDE DA FAMILIA FENIX IV;M;14.05.2026;GUSTAVO_PIAIA;14.05.2026;GUSTAVO_PIAIA;24.20;PENDENTE;N429;96245646120;RAFAELLA MARIA COSTA GOIS DE FIGUEIREDO
667722052;0511015;0205020046;ULTRASSONOGRAFIA DE PAREDE ABDOMINAL;32186347172;NELSON EDUARDO MELKE;18.06.2026;07:00;0;703000818568274;DOUGLAS CANDIDO DA SILVA;07.03.1977;49;592;CREUSA TENORIO DA SILVA;FAZENDA;CAPÃO ALTO;;S/N;AREA RURAL DE SAO GABRIEL DO OESTE;79493899;(67)99815-1415;SAO GABRIEL DO OESTE;500769;SAO GABRIEL DO OESTE;500769;3400964;UNIDADE DE SAUDE DA FAMILIA RURAL VII;M;14.05.2026;DULCINEIA_MOCCELIN;14.05.2026;DULCINEIA_MOCCELIN;37.95;CONFIRMADO;K40;02453491113;MILENA GUEDIN VARGAS
667722595;0511003;0205020046;ULTRASSONOGRAFIA DE ABDOMEN TOTAL                                                                   ;32186347172;NELSON EDUARDO MELKE;10.06.2026;06:30;0;700009873650304;JULIANE CAROLINE ARRUDA;02.07.2008;18;216;ROSILENE ARRUDA SOARES;FAZENDA;SANTA CRUZ;BR 163 KM 589;S/N;RURAL;79490000;(67)99910-9065 / (67)99905-9191;SAO GABRIEL DO OESTE;500769;SAO GABRIEL DO OESTE;500769;7002084;UNIDADE DE SAUDE DA FAMILIA IX;F;14.05.2026;AMANDALUIZA_BIAZUS;14.05.2026;AMANDALUIZA_BIAZUS;37.95;PENDENTE;R101;96040653191;PAULO FENELON MARINHO
667774051;0511003;0205020046;ULTRASSONOGRAFIA DE ABDOMEN TOTAL                                                                   ;32186347172;NELSON EDUARDO MELKE;10.06.2026;06:30;0;703605080220833;WILSON HENRIQUE JATOBA DA CRUZ;05.01.1996;30;366;LIDIA SENA JATOBA;AVENIDA;SAO FRANCISCO;;1900;CENTRO;79490025;(67)99696-0283;SAO GABRIEL DO OESTE;500769;SAO GABRIEL DO OESTE;500769;2599376;UNIDADE DE SAUDE DA FAMILIA VI;M;15.05.2026;MARIANA_MARTINS;15.05.2026;MARIANA_MARTINS;37.95;PENDENTE;R749;06437691107;MAIARA FLORES SCARIOT
667776229;0511003;0205020046;ULTRASSONOGRAFIA DE ABDOMEN TOTAL                                                                   ;32186347172;NELSON EDUARDO MELKE;15.06.2026;06:30;0;702606755537646;VALTER HENRIQUE DA SILVA BRANDAO;18.02.2000;26;317;ADRIANA FURTUOSA DA SILVA;AVENIDA;SÃO FRANCISCO;CASA;1900;CENTRO;79490025;(67)99805-6332 / (67)99805-6332;SAO GABRIEL DO OESTE;500769;SAO GABRIEL DO OESTE;500769;2599376;UNIDADE DE SAUDE DA FAMILIA VI;M;15.05.2026;MARIANA_MARTINS;15.05.2026;MARIANA_MARTINS;37.95;CONFIRMADO;R103;06437691107;MAIARA FLORES SCARIOT
667780643;0286011;0205020100;ULTRASSONOGRAFIA DE PROSTATA VIA ABDOMINAL ;32186347172;NELSON EDUARDO MELKE;01.06.2026;13:00;0;700703989905978;VALDIR PEREIRA PITALUGA;18.12.1960;65;787;NAIR PEREIRA PITALUGA;LOTEAMENTO;ITAQUI;LOTE;52;ZONA RURAL;79490000;(67)9646-0916;SAO GABRIEL DO OESTE;500769;SAO GABRIEL DO OESTE;500769;8176132;CASA ROSA;M;15.05.2026;ANACLAUDIA_PASCOAL;15.05.2026;ANACLAUDIA_PASCOAL;24.20;CONFIRMADO;Z001;;KALYNKA S HIGNO
667783470;0286049;0205020070;ULTRASSONOGRAFIA DE BOLSA ESCROTAL                                                                  ;32186347172;NELSON EDUARDO MELKE;08.06.2026;13:00;0;708604574555186;JOAO ANTONIO RIBAS HOREN;02.10.2008;17;213;LEILA APARECIDA LUIZA RIBAS;RUA;BAHIA;CASA;2452;CENTRO;79490000;(67)99946-0337;SAO GABRIEL DO OESTE;500769;SAO GABRIEL DO OESTE;500769;7333218;UNIDADE DE SAUDE DA FAMILIA X;M;15.05.2026;RAISSASILVALIMA;18.05.2026;VANIA_MARIANO;24.20;CONFIRMADO;Z000;63805480172;CLEDSON PERETTI
667923532;0230017;0205020062;USG OMBRO ESQUERDO;32186347172;NELSON EDUARDO MELKE;24.06.2026;13:00;0;704103192904379;ANGELA IARA OLIVEIRA DE OLIVEIRA;14.08.1969;56;683;MARLI OLIVEIRA DE OLIVEIRA;RUA;DAS ANHUMAS;;1871;JARDIM GRAMADO;79490000;(67)99684-7830;SAO GABRIEL DO OESTE;500769;SAO GABRIEL DO OESTE;500769;6452116;CENTRO DE ESPECIALIDADES MEDICAS;F;15.05.2026;PATRICKMASIAGA;19.05.2026;VANIA_MARIANO;24.20;PENDENTE;M751;89074033172;ROGERIO PADOVANI TOFFOLI
667959430;0076042;0205020038;ULTRA-SONOGRAFIA DE ABDOMEN SUPERIOR;32186347172;NELSON EDUARDO MELKE;15.06.2026;07:00;0;708501378922471;ALDA LUCIA SOUZA COUTO;15.11.1981;44;536;VERA LUCIA SOUZA COUTO;RUA;JOAO EVANGELISTA ROSA;CASA;1702;PRIMO MAFFISSONI;79490000;(67)99919-6633;SAO GABRIEL DO OESTE;500769;SAO GABRIEL DO OESTE;500769;8176132;CASA ROSA;F;15.05.2026;ANACLAUDIA_PASCOAL;15.05.2026;ANACLAUDIA_PASCOAL;24.20;PENDENTE;Z001;;CLEDSON PERETTI
668028820;0511003;0205020046;ULTRASSONOGRAFIA DE ABDOMEN TOTAL                                                                   ;32186347172;NELSON EDUARDO MELKE;15.06.2026;06:30;0;700005241561107;ESTELINA EVA DE MELO SANTANA;29.06.1968;58;696;OSMIRA DOS SANTOS MELO;RUA;PELICANOS;;1520;JARDIM GRAMADO;79490000;(67)9931-3825;SAO GABRIEL DO OESTE;500769;SAO GABRIEL DO OESTE;500769;2370980;UNIDADE DE SAUDE DA FAMILIA JARDIM GRAMADO I;F;18.05.2026;ELISANGELA_UNIDADEI;18.05.2026;ELISANGELA_UNIDADEI;37.95;CONFIRMADO;K760;01454652179;MAYARA MARIA MELKE GUIMARAES
668059564;0511003;0205020046;ULTRASSONOGRAFIA DE ABDOMEN TOTAL                                                                   ;32186347172;NELSON EDUARDO MELKE;15.06.2026;06:30;0;706900132950737;GILMAR DOS SANTOS;12.12.1988;37;451;MARIA APARECIDA DOS SANTOS;RUA;PINTASSILGO;;549;JARDIM GRAMADO;79491042;(67)99818-8655 / (67)99892-1315;SAO GABRIEL DO OESTE;500769;SAO GABRIEL DO OESTE;500769;5971055;UNIDADE DE SAUDE DA FAMILIA VIII;M;18.05.2026;JESSICAPADILHA;18.05.2026;JESSICAPADILHA;37.95;CONFIRMADO;Z000;04805244160;RENNAN ORTIZ BUENO
668077573;0511003;0205020046;ULTRASSONOGRAFIA DE ABDOMEN TOTAL                                                                   ;32186347172;NELSON EDUARDO MELKE;15.06.2026;06:30;0;702606714061043;ANTONIO FERNANDO BEZERRA SILVA;13.08.1974;51;623;MARIA DAS DORES BEZERRA;ESTRADA;DE JACAREPAGUA;BLOCO 8 AP 301;327;MUZEMA;22753030;(21)96479-5336 / (21)97977-2914;RIO DE JANEIRO;330455;SAO GABRIEL DO OESTE;500769;7333218;UNIDADE DE SAUDE DA FAMILIA X;M;18.05.2026;RAISSASILVALIMA;18.05.2026;RAISSASILVALIMA;37.95;CONFIRMADO;K42;63805480172;CLEDSON PERETTI
668114092;0511005;0205020054;ULTRASSONOGRAFIA DE APARELHO URINÁRIO                                                               ;32186347172;NELSON EDUARDO MELKE;16.06.2026;13:00;0;703402024418800;ACELDI KAMIEN DE BORBA;28.08.1963;62;754;SELVIRA KAMIEN;RUA;ESTUDANTE ELIAS BORGMAN;;1648;JARDIM ALVORADA;79490000;(67)9626-6160;SAO GABRIEL DO OESTE;500769;SAO GABRIEL DO OESTE;500769;7333218;UNIDADE DE SAUDE DA FAMILIA X;F;18.05.2026;RAISSASILVALIMA;18.05.2026;RAISSASILVALIMA;24.20;CONFIRMADO;Z000;63805480172;CLEDSON PERETTI
668195921;0511005;0205020054;ULTRASSONOGRAFIA DE APARELHO URINÁRIO                                                               ;32186347172;NELSON EDUARDO MELKE;16.06.2026;07:00;0;702309172004116;MARIA DEOLINA RAIMUNDO PORTUGUES;30.09.1959;66;801;EVANGELINA GONCALVES PORTUGUES;RUA;MONTEIRO LOBATO;;1044;PRIMO MAFFISSONI;79490262;(67)99626-8465;SAO GABRIEL DO OESTE;500769;SAO GABRIEL DO OESTE;500769;7333218;UNIDADE DE SAUDE DA FAMILIA X;F;18.05.2026;RAISSASILVALIMA;18.05.2026;RAISSASILVALIMA;24.20;PENDENTE;Z000;;YASMIM YAIME
668208053;0511003;0205020046;ULTRASSONOGRAFIA DE ABDOMEN TOTAL                                                                   ;32186347172;NELSON EDUARDO MELKE;15.06.2026;06:30;0;700004044450301;JUAREZ PRESTES NICOLA;13.05.1963;63;758;REASILVA PRESTES;RUA;ALAGOAS;;2702;JARDIM PRIMAVERA;79490000;(67)3295-4191 / (67)3295-4191;SAO GABRIEL DO OESTE;500769;SAO GABRIEL DO OESTE;500769;2370964;UNIDADE DE SAUDE DA FAMILIA III;M;18.05.2026;ANACLAUDIA_NOGUEIRA;18.05.2026;ANACLAUDIA_NOGUEIRA;37.95;CONFIRMADO;N200;02611833974;HUDSON PERES DORIGAO BELISARIO DE SOUZA
668209257;0511005;0205020054;ULTRASSONOGRAFIA DE APARELHO URINÁRIO                                                               ;32186347172;NELSON EDUARDO MELKE;16.06.2026;07:00;0;700004044450301;JUAREZ PRESTES NICOLA;13.05.1963;63;758;REASILVA PRESTES;RUA;ALAGOAS;;2702;JARDIM PRIMAVERA;79490000;(67)3295-4191 / (67)3295-4191;SAO GABRIEL DO OESTE;500769;SAO GABRIEL DO OESTE;500769;2370964;UNIDADE DE SAUDE DA FAMILIA III;M;18.05.2026;ANACLAUDIA_NOGUEIRA;18.05.2026;ANACLAUDIA_NOGUEIRA;24.20;CONFIRMADO;N200;02611833974;HUDSON PERES DORIGAO BELISARIO DE SOUZA
668211250;1406043;0205010059;ULTRASSONOGRAFIA DOPPLER DE FLUXO OBSTETRICO;32186347172;NELSON EDUARDO MELKE;01.06.2026;13:00;0;700709932399874;EVELIN VITORIA GARCIA MORAES;29.04.2006;20;242;ADRIANE GARCIA DOS SANTOS;RUA;HILDO NICARETTA;CASA 02;2262;PRIMO MAFFISSONI;79490280;(67)99944-0824;SAO GABRIEL DO OESTE;500769;SAO GABRIEL DO OESTE;500769;8176132;CASA ROSA;F;18.05.2026;EMILY_CASAROSA;19.05.2026;VANIA_MARIANO;42.90;CONFIRMADO;Z350;91415799172;ALESSANDRA REGINA GOMES RODOVALHO
668212687;0511003;0205020046;ULTRASSONOGRAFIA DE ABDOMEN TOTAL                                                                   ;32186347172;NELSON EDUARDO MELKE;15.06.2026;06:30;0;700604913241663;LUCIANA RODRIGUES DA SILVA;09.09.1989;36;442;ELENICE RODRIGUES DOS SANTOS;RUA;SAO PAULO 2400/99998;;2639;AMABILE MAFFISSONI;79490086;(67)99613-4532;SAO GABRIEL DO OESTE;500769;SAO GABRIEL DO OESTE;500769;2370964;UNIDADE DE SAUDE DA FAMILIA III;F;18.05.2026;ANACLAUDIA_NOGUEIRA;18.05.2026;ANACLAUDIA_NOGUEIRA;37.95;PENDENTE;K80;02611833974;HUDSON PERES DORIGAO BELISARIO DE SOUZA
668266210;0511003;0205020046;ULTRASSONOGRAFIA DE ABDOMEN TOTAL                                                                   ;32186347172;NELSON EDUARDO MELKE;15.06.2026;06:30;0;700004361070606;ESEQUIEL HONORIO DA SILVA;05.12.1973;52;631;ANA HONORIA DE SANTANA;RUA;ITUPEVA;;7T;VARANDAS DO CAMPO;79072624;(67)98213-6266 / (67)-0;CAMPO GRANDE;500270;SAO GABRIEL DO OESTE;500769;7002084;UNIDADE DE SAUDE DA FAMILIA IX;M;18.05.2026;AMANDALUIZA_BIAZUS;18.05.2026;AMANDALUIZA_BIAZUS;37.95;CONFIRMADO;Z000;;GEOVANNA BEATRIZ DE ARRUDA
668310994;0511005;0205020054;ULTRASSONOGRAFIA DE APARELHO URINÁRIO                                                               ;32186347172;NELSON EDUARDO MELKE;16.06.2026;07:00;0;700407409035944;LUIZA VITORIA RODRIGUES ZANONI;17.05.2018;08;98;FABRIELY RODRIGUES DOS REIS;RUA;CURIO;;1777;FENIX;79490000;(67)99635-0350;SAO GABRIEL DO OESTE;500769;SAO GABRIEL DO OESTE;500769;8176132;CASA ROSA;F;19.05.2026;ANACLAUDIA_PASCOAL;19.05.2026;ANACLAUDIA_PASCOAL;24.20;PENDENTE;Z001;01865429171;AMANDA NANTES AQUINO
668327470;0076149;0205020143;ULTRA-SONOGRAFIA OBSTETRICA - MORFOLOGICO;32186347172;NELSON EDUARDO MELKE;02.06.2026;13:00;0;700007295534002;HELOISE DO PRADO HORMAN;19.05.1999;27;326;MARIA HELENA DO PRADO HORMAN;RUA;BICUDOS;;141;JARDIM GRAMADO;79491028;(66)98154-6941;SAO GABRIEL DO OESTE;500769;SAO GABRIEL DO OESTE;500769;8176132;CASA ROSA;F;19.05.2026;EMILY_CASAROSA;20.05.2026;VANIA_MARIANO;24.20;CONFIRMADO;Z00;95747818104;VANESSA BRESCHI
668354481;0076149;0205020143;ULTRA-SONOGRAFIA OBSTETRICA - MORFOLOGICO;32186347172;NELSON EDUARDO MELKE;16.06.2026;13:00;0;704602675032125;MARIA EDUARDA CORREIA NASCIMENTO;23.09.2005;20;250;O SIMONE DE JESUS CORREIA;RUA;CURRUIRAS;CASA;1789;CONJUNTO FENIX;79490000;(67)99674-2174;SAO GABRIEL DO OESTE;500769;SAO GABRIEL DO OESTE;500769;2370999;UNIDADE DE SAUDE DA FAMILIA FENIX IV;F;19.05.2026;GUSTAVO_PIAIA;26.05.2026;VANIA_MARIANO;24.20;PENDENTE;Z34;96245646120;RAFAELLA MARIA COSTA GOIS DE FIGUEIREDO
668396847;0511003;0205020046;ULTRASSONOGRAFIA DE ABDOMEN TOTAL                                                                   ;32186347172;NELSON EDUARDO MELKE;15.06.2026;06:30;0;700000940389910;IRLETE IULE;15.10.1936;89;1077;CLAUDETE IULE;RUA;SARACURA 1/1465;;615;JARDIM GRAMADO;79491002;(67)99654-8146;SAO GABRIEL DO OESTE;500769;SAO GABRIEL DO OESTE;500769;8176132;CASA ROSA;F;19.05.2026;ANACLAUDIA_PASCOAL;19.05.2026;ANACLAUDIA_PASCOAL;37.95;CONFIRMADO;Z00;;PAULO FENELON MARINHO
668403245;0076042;0205020038;ULTRA-SONOGRAFIA DE ABDOMEN SUPERIOR;32186347172;NELSON EDUARDO MELKE;15.06.2026;07:00;0;700000557331409;LAIZA ALVES SOUZA;30.05.2011;15;181;GISELE DIAS ALVES;AREA;SANTA LUZIA DO MURIQUI;;S/N;AREA RURAL DE SAO GABRIEL DO OESTE;79493899;(67)99676-2058 / (67)99822-7056;SAO GABRIEL DO OESTE;500769;SAO GABRIEL DO OESTE;500769;2370972;UNIDADE DE SAUDE DA FAMILIA MILANE II;F;19.05.2026;VANESSAMARTINS_AREADO;19.05.2026;VANESSAMARTINS_AREADO;24.20;PENDENTE;R104;83798633134;JOAO BAPTISTA BARBOSA SOUZA
668490348;0230012;0205020062;USG JOELHO ESQUERDO;32186347172;NELSON EDUARDO MELKE;10.06.2026;13:00;0;709005840435617;LAUDIANE TEIXEIRA DA SILVA;28.03.1983;43;519;LUCIMAR TEIXEIRA FIGUEIREDO SILVA;RUA;CORONEL FREITAS;;362;JARDIM PRIMAVERA;79490176;(67)99892-0269;SAO GABRIEL DO OESTE;500769;SAO GABRIEL DO OESTE;500769;6354265;CENTRAL DE REGULACAO DE SAO GABRIEL DO OESTE;F;19.05.2026;VANIA_MARIANO;19.05.2026;VANIA_MARIANO;24.20;CONFIRMADO;M25;;NATALIA NUBIA CORREIA
668491631;0511005;0205020054;ULTRASSONOGRAFIA DE APARELHO URINÁRIO                                                               ;32186347172;NELSON EDUARDO MELKE;16.06.2026;13:00;0;700506780074152;JESSICA RIBEIRO DOS SANTOS;11.07.1992;34;408;MARLI DE SOUZA RIBEIRO;RUA;GREGORIANO;CASA 22;333;PRIMO MAFFISSONI;79490000;(67)99823-4344 / (67)99853-0959;SAO GABRIEL DO OESTE;500769;SAO GABRIEL DO OESTE;500769;7333218;UNIDADE DE SAUDE DA FAMILIA X;F;19.05.2026;RAISSASILVALIMA;19.05.2026;RAISSASILVALIMA;24.20;CONFIRMADO;Z000;63805480172;CLEDSON PERETTI
668492312;0511003;0205020046;ULTRASSONOGRAFIA DE ABDOMEN TOTAL                                                                   ;32186347172;NELSON EDUARDO MELKE;17.06.2026;06:30;0;700506780074152;JESSICA RIBEIRO DOS SANTOS;11.07.1992;34;408;MARLI DE SOUZA RIBEIRO;RUA;GREGORIANO;CASA 22;333;PRIMO MAFFISSONI;79490000;(67)99823-4344 / (67)99853-0959;SAO GABRIEL DO OESTE;500769;SAO GABRIEL DO OESTE;500769;7333218;UNIDADE DE SAUDE DA FAMILIA X;F;19.05.2026;RAISSASILVALIMA;19.05.2026;RAISSASILVALIMA;37.95;CONFIRMADO;Z000;63805480172;CLEDSON PERETTI
668527003;0511003;0205020046;ULTRASSONOGRAFIA DE ABDOMEN TOTAL                                                                   ;32186347172;NELSON EDUARDO MELKE;17.06.2026;06:30;0;709804007737496;MARIA DA PAZ FURTADO DA SILVA SIMOES;06.04.1997;29;351;SEBASTIANA APARECIDA FURTADO;RUA;QUERO-QUERO;70;1542;FÊNIX;79491058;(67)99621-3892;SAO GABRIEL DO OESTE;500769;SAO GABRIEL DO OESTE;500769;7002084;UNIDADE DE SAUDE DA FAMILIA IX;F;19.05.2026;AMANDALUIZA_BIAZUS;19.05.2026;AMANDALUIZA_BIAZUS;37.95;PENDENTE;R104;;ALCIDES EDUARDO EIBEL 
668590490;0511005;0205020054;ULTRASSONOGRAFIA DE APARELHO URINÁRIO                                                               ;32186347172;NELSON EDUARDO MELKE;16.06.2026;07:00;0;708604003449686;ALINE SILVA DOS SANTOS;28.06.1996;30;360;MARIA DOS ANJOS SILVA DOS SANTOS;RUA;OITI;;356;SAO CRISTOVAO;79491196;(67)99663-8832;SAO GABRIEL DO OESTE;500769;SAO GABRIEL DO OESTE;500769;8176132;CASA ROSA;F;20.05.2026;ANACLAUDIA_PASCOAL;20.05.2026;ANACLAUDIA_PASCOAL;24.20;CONFIRMADO;Z00;;NEWTON SIGNORINI CASTILHO 
668606995;0286011;0205020100;ULTRASSONOGRAFIA DE PROSTATA VIA ABDOMINAL ;32186347172;NELSON EDUARDO MELKE;01.06.2026;13:00;0;702808113253061;SILVIO CABRERA SANABRIA;07.07.1966;60;720;GERALDA CABRERA SANABRIA;RUA;SARACURA;;201;JARDIM GRAMADO;79490000;(67)99319-0808;SAO GABRIEL DO OESTE;500769;SAO GABRIEL DO OESTE;500769;7333218;UNIDADE DE SAUDE DA FAMILIA X;M;20.05.2026;RAISSASILVALIMA;20.05.2026;RAISSASILVALIMA;24.20;CONFIRMADO;Z000;63805480172;CLEDSON PERETTI
668634832;0511005;0205020054;ULTRASSONOGRAFIA DE APARELHO URINÁRIO                                                               ;32186347172;NELSON EDUARDO MELKE;16.06.2026;07:00;0;705007464419257;IOLINA DO NASCIMENTO TABOZA;22.02.1957;69;833;MARIA ALMEIDA DO NASCIMENTO;RUA;CANARIOS;;436;JARDIM GRAMADO;79490000;(67)9958-4294;SAO GABRIEL DO OESTE;500769;SAO GABRIEL DO OESTE;500769;2370980;UNIDADE DE SAUDE DA FAMILIA JARDIM GRAMADO I;F;20.05.2026;ELISANGELA_UNIDADEI;20.05.2026;ELISANGELA_UNIDADEI;24.20;CONFIRMADO;R31;01454652179;MAYARA MARIA MELKE GUIMARAES
668636334;0511003;0205020046;ULTRASSONOGRAFIA DE ABDOMEN TOTAL                                                                   ;32186347172;NELSON EDUARDO MELKE;15.06.2026;06:30;0;708600552720784;ANDREIA DE SOUZA PEREIRA;14.10.1985;40;489;MARIA DAS GRACAS SOUZA PEREIRA;RUA;PERNAMBUCO;CASA;535;PRIMO MAFFISSONI;79490000;(67)99812-6967;SAO GABRIEL DO OESTE;500769;SAO GABRIEL DO OESTE;500769;7333218;UNIDADE DE SAUDE DA FAMILIA X;F;20.05.2026;RAISSASILVALIMA;20.05.2026;RAISSASILVALIMA;37.95;PENDENTE;Z000;63805480172;CLEDSON PERETTI
668661972;0511003;0205020046;ULTRASSONOGRAFIA DE ABDOMEN TOTAL                                                                   ;32186347172;NELSON EDUARDO MELKE;29.06.2026;06:30;0;706806274871221;TEREZINHA LOVANE DULLIUS;22.11.1962;63;764;ROSA GUTH DULLIUS;RUA;BAHIA;;679;CENTRO;79490000;(67)99655-2098 / (67)99238-9454;SAO GABRIEL DO OESTE;500769;SAO GABRIEL DO OESTE;500769;2591359;UNIDADE DE SAUDE DA FAMILIA V;F;20.05.2026;CHRISTIANEHELEN_FREITAS;20.05.2026;CHRISTIANEHELEN_FREITAS;37.95;CONFIRMADO;K760;04796956107;JULIANA DA ROCHA PEREIRA MENEZES
668705937;0511003;0205020046;ULTRASSONOGRAFIA DE ABDOMEN TOTAL                                                                   ;32186347172;NELSON EDUARDO MELKE;17.06.2026;06:30;0;700506985870058;GLAZIELI APARECIDA SOARES RIBEIRO;30.01.2003;23;281;JOANA MARIA SOARES VOTTA;FAZENDA;BONITO;;S/N;ZONA RURAL;79493899;(67)99940-4885;SAO GABRIEL DO OESTE;500769;SAO GABRIEL DO OESTE;500769;3400964;UNIDADE DE SAUDE DA FAMILIA RURAL VII;F;20.05.2026;DULCINEIA_MOCCELIN;20.05.2026;DULCINEIA_MOCCELIN;37.95;PENDENTE;Z000;;ALESSANDRA GOMES
668733678;0511005;0205020054;ULTRASSONOGRAFIA DE APARELHO URINÁRIO                                                               ;32186347172;NELSON EDUARDO MELKE;16.06.2026;07:00;0;701402639616136;MARAIZA COSTA ALVES;19.05.1984;42;506;MARIA LUZIA ALVES LIMA COSTA;RUA;IPE;;365;SÃO CRISTOVÃO;79490000;(67)99896-4763;SAO GABRIEL DO OESTE;500769;SAO GABRIEL DO OESTE;500769;8176132;CASA ROSA;F;20.05.2026;ANACLAUDIA_PASCOAL;20.05.2026;ANACLAUDIA_PASCOAL;24.20;PENDENTE;Z00;;ANTONIO AUGUSTO 
668733703;0511005;0205020054;ULTRASSONOGRAFIA DE APARELHO URINÁRIO                                                               ;32186347172;NELSON EDUARDO MELKE;16.06.2026;13:00;0;701402639616136;MARAIZA COSTA ALVES;19.05.1984;42;506;MARIA LUZIA ALVES LIMA COSTA;RUA;IPE;;365;SÃO CRISTOVÃO;79490000;(67)99896-4763;SAO GABRIEL DO OESTE;500769;SAO GABRIEL DO OESTE;500769;8176132;CASA ROSA;F;20.05.2026;ANACLAUDIA_PASCOAL;20.05.2026;ANACLAUDIA_PASCOAL;24.20;CONFIRMADO;Z00;;ANTONIO AUGUSTO 
668765035;0511005;0205020054;ULTRASSONOGRAFIA DE APARELHO URINÁRIO                                                               ;32186347172;NELSON EDUARDO MELKE;16.06.2026;13:00;0;702803170578662;ELIZETE SILVA BARRETO;09.04.1964;62;747;MARIA CONCEICAO SILVA BARRETO;RUA;COLETANEA;;604;JARDIM INAPOLIS;79108280;(67)99294-9384;CAMPO GRANDE;500270;SAO GABRIEL DO OESTE;500769;2370980;UNIDADE DE SAUDE DA FAMILIA JARDIM GRAMADO I;F;20.05.2026;ELISANGELA_UNIDADEI;20.05.2026;ELISANGELA_UNIDADEI;24.20;PENDENTE;M791;;GEOVANNA BEATRIZ DE ARRUDA E SILVA
668775596;0076042;0205020038;ULTRA-SONOGRAFIA DE ABDOMEN SUPERIOR;32186347172;NELSON EDUARDO MELKE;15.06.2026;07:00;0;700002645295902;CLEITON BORGES DOS SANTOS;02.05.1989;37;446;GENY FERREIRA BORGES;FAZENDA;MONTE AZUL;;S/N;AREA RURAL DE SAO GABRIEL DO OESTE;79493899;(67)99924-2237;SAO GABRIEL DO OESTE;500769;SAO GABRIEL DO OESTE;500769;3400964;UNIDADE DE SAUDE DA FAMILIA RURAL VII;M;20.05.2026;DULCINEIA_MOCCELIN;20.05.2026;DULCINEIA_MOCCELIN;24.20;CONFIRMADO;K81;02453491113;MILENA GUEDIN VARGAS
668788469;0511003;0205020046;ULTRASSONOGRAFIA DE ABDOMEN TOTAL                                                                   ;32186347172;NELSON EDUARDO MELKE;17.06.2026;06:30;0;704003832967467;RENATA MARTINS DE LIMA;07.07.1978;48;576;REGINA MARTINS DE LIMA;RUA;CURIÓ;CASA 1;1727;FÊNIX;79491082;(67)99803-1167 / (67)99803-1167;SAO GABRIEL DO OESTE;500769;SAO GABRIEL DO OESTE;500769;2370999;UNIDADE DE SAUDE DA FAMILIA FENIX IV;F;20.05.2026;GUSTAVO_PIAIA;20.05.2026;GUSTAVO_PIAIA;37.95;CONFIRMADO;N80;96245646120;RAFAELLA MARIA COSTA GOIS DE FIGUEIREDO
668789253;0511003;0205020046;ULTRASSONOGRAFIA DE ABDOMEN TOTAL                                                                   ;32186347172;NELSON EDUARDO MELKE;01.06.2026;06:30;0;706304700872579;LAURO LORENZON;29.04.1972;54;650;CARMELINDA MARIA MONTEIRO;RUA;RIO DE JANEIRO;CASA;2057;CENTRO;79490019;(67)99844-2334;SAO GABRIEL DO OESTE;500769;SAO GABRIEL DO OESTE;500769;8176132;CASA ROSA;M;20.05.2026;EMILY_CASAROSA;20.05.2026;VANIA_MARIANO;37.95;CONFIRMADO;N390;;PAULO FENELON MARINHO
668829862;0511003;0205020046;ULTRASSONOGRAFIA DE ABDOMEN TOTAL                                                                   ;32186347172;NELSON EDUARDO MELKE;03.06.2026;06:30;0;700102902246815;GENILDE ROSA BORGES FERREIRA;22.12.1961;64;775;CECILIA KRANZ ROSA;RUA;DOS PARDAIS 1/99998;;1407;SAO CRISTOVAO;79491204;(67)99628-0944;SAO GABRIEL DO OESTE;500769;SAO GABRIEL DO OESTE;500769;8176132;CASA ROSA;F;20.05.2026;EMILY_CASAROSA;20.05.2026;VANIA_MARIANO;37.95;CONFIRMADO;Z00;;EVELYN KASSIA TUDISCO FERNANDES
668873311;1400013;0205020038;ULTRASSONOGRAFIA DE REGIAO INGUINAL;32186347172;NELSON EDUARDO MELKE;02.06.2026;13:00;0;704502379662315;ADEMIR GEBERT;20.04.1965;61;735;ELIZA LUCIA GEBERT;RUA;SÃO JORGE;CASA 2;215;JARDIM PRIMAVERA;79490164;(67)99903-4150;SAO GABRIEL DO OESTE;500769;SAO GABRIEL DO OESTE;500769;8176132;CASA ROSA;M;21.05.2026;EMILY_CASAROSA;21.05.2026;EMILY_CASAROSA;24.20;CONFIRMADO;M755;;HUDSON PERES
668894372;0076149;0205020143;ULTRA-SONOGRAFIA OBSTETRICA - MORFOLOGICO;32186347172;NELSON EDUARDO MELKE;09.06.2026;13:00;0;898005193986511;IANA DA COSTA LUIZ;14.07.2005;21;252;MARIA AUXILIADORA COSTA DOS ANJOS;INVALIDO;AZULAO;;763;JARDIM GRAMADO;;(61)3315-2425;SAO GABRIEL DO OESTE;500769;SAO GABRIEL DO OESTE;500769;8176132;CASA ROSA;F;21.05.2026;EMILY_CASAROSA;21.05.2026;VANIA_MARIANO;24.20;PENDENTE;Z00;;HUDSON PERES
668896469;0511003;0205020046;ULTRASSONOGRAFIA DE ABDOMEN TOTAL                                                                   ;32186347172;NELSON EDUARDO MELKE;17.06.2026;06:30;0;706805710614927;FATIMA DE LOURDES PRADO CARVALHO;05.09.1973;52;634;APARECIDA PRADO CARVALHO;RUA;PIAUI;;120;AMABILE MAFFISSONI;79490096;(67)99633-4589;SAO GABRIEL DO OESTE;500769;SAO GABRIEL DO OESTE;500769;8176132;CASA ROSA;F;21.05.2026;EMILY_CASAROSA;21.05.2026;VANIA_MARIANO;37.95;CONFIRMADO;N951;10963419641;MARIA FERNANDA DIAS BASILIO
668898534;0511003;0205020046;ULTRASSONOGRAFIA DE ABDOMEN TOTAL                                                                   ;32186347172;NELSON EDUARDO MELKE;17.06.2026;06:30;0;700404924310043;KELY REGINA LOPES DE JESUS;30.08.1991;34;418;ADELIA LOPES;RUA;ANGELO FONTOLAN;;137;RESIDENCIAL AQUARIOS II;79093055;(67)99207-9279;CAMPO GRANDE;500270;SAO GABRIEL DO OESTE;500769;8176132;CASA ROSA;F;21.05.2026;ANACLAUDIA_PASCOAL;21.05.2026;ANACLAUDIA_PASCOAL;37.95;CONFIRMADO;Z00;;ALCIDES
668942324;0511003;0205020046;ULTRASSONOGRAFIA DE ABDOMEN TOTAL                                                                   ;32186347172;NELSON EDUARDO MELKE;03.06.2026;06:30;0;708607156647290;ENZO GABRIEL GIACOMINI DE OLIVEIRA;17.12.2020;05;67;ALESSANDRA MARIA GIACOMINI;RUA;ALAGOAS;CASA;1915;CENTRO;79490000;(67)99839-7074;SAO GABRIEL DO OESTE;500769;SAO GABRIEL DO OESTE;500769;8176132;CASA ROSA;M;21.05.2026;ANACLAUDIA_PASCOAL;21.05.2026;ANACLAUDIA_PASCOAL;37.95;PENDENTE;Z00;;CLEDSON PERETTI
668958146;0076149;0205020143;ULTRA-SONOGRAFIA OBSTETRICA - MORFOLOGICO;32186347172;NELSON EDUARDO MELKE;02.06.2026;13:00;0;700008608119107;DANIELI FERNANDES DOS SANTOS;07.10.2005;20;249;ROSINAIA FERNANDES;RUA;GAIVOTAS;;2152;FENIX;79490000;(61)3315-2425 / (67)99884-5553;SAO GABRIEL DO OESTE;500769;SAO GABRIEL DO OESTE;500769;8176132;CASA ROSA;F;21.05.2026;EMILY_CASAROSA;21.05.2026;VANIA_MARIANO;24.20;CONFIRMADO;Z34;;PAULO FENELON MARINHO
668960265;0511005;0205020054;ULTRASSONOGRAFIA DE APARELHO URINÁRIO                                                               ;32186347172;NELSON EDUARDO MELKE;09.06.2026;13:00;0;704309575400997;FRANCISCO ROSARIO GOIS;05.07.1962;64;768;IZAIRA GINFREDO GOIS;AVENIDA;TUIUIU 1466/99998;;1931;FENIX;79491076;(67)99637-1896 / (67)99901-5918;SAO GABRIEL DO OESTE;500769;SAO GABRIEL DO OESTE;500769;2370999;UNIDADE DE SAUDE DA FAMILIA FENIX IV;M;21.05.2026;GUSTAVO_PIAIA;21.05.2026;GUSTAVO_PIAIA;24.20;PENDENTE;N200;00703866176;ALCIDES EDUARDO EIBEL
668963871;1400013;0205020038;ULTRASSONOGRAFIA DE REGIAO INGUINAL;32186347172;NELSON EDUARDO MELKE;09.06.2026;13:00;0;700000440485805;ARTHUR FELIPE RIBEIRO DE CAMARGO FERREIRA;10.10.2011;14;177;VANESSA RIBEIRO DE CAMARGO;RUA;CAMBARA;;646;FLOR DO CERRADO;79490000;(67)99692-9540;SAO GABRIEL DO OESTE;500769;SAO GABRIEL DO OESTE;500769;8176132;CASA ROSA;M;21.05.2026;ANACLAUDIA_PASCOAL;21.05.2026;ANACLAUDIA_PASCOAL;24.20;PENDENTE;Z00;;EVA WILMA
668986609;0511003;0205020046;ULTRASSONOGRAFIA DE ABDOMEN TOTAL                                                                   ;32186347172;NELSON EDUARDO MELKE;17.06.2026;06:30;0;704209728871886;MILTON SILVEIRA;02.02.1947;79;953;MERCEDES ROSA SILVEIRA;RUA;PELICANOS;;1414;JARDIM GRAMADO;79490000;(67)99930-6515;SAO GABRIEL DO OESTE;500769;SAO GABRIEL DO OESTE;500769;2370980;UNIDADE DE SAUDE DA FAMILIA JARDIM GRAMADO I;M;21.05.2026;ELISANGELA_UNIDADEI;21.05.2026;ELISANGELA_UNIDADEI;37.95;CONFIRMADO;R10;;RAFAEL CANDIDO MAIA
669027751;0511005;0205020054;ULTRASSONOGRAFIA DE APARELHO URINÁRIO                                                               ;32186347172;NELSON EDUARDO MELKE;16.06.2026;13:00;0;700001363720605;TAINARA LISLE BRANDAO DA SILVA;27.04.1993;33;399;LUCYMARA FERREIRA BRANDAO;RUA;BOAVENTURA FERREIRA ROSA;;485;CENTRO;79490000;(67)99939-5513;SAO GABRIEL DO OESTE;500769;SAO GABRIEL DO OESTE;500769;8176132;CASA ROSA;F;21.05.2026;EMILY_CASAROSA;21.05.2026;EMILY_CASAROSA;24.20;PENDENTE;N200;;HUDSON PERES
669034615;0511003;0205020046;ULTRASSONOGRAFIA DE ABDOMEN TOTAL                                                                   ;32186347172;NELSON EDUARDO MELKE;17.06.2026;06:30;0;700007108297900;ANA JULIA MARTINI;01.09.2008;17;214;REGIANE CECILIA MARTINI;RUA;ANHUMAS;;510;JARDIM GRAMADO;79490000;(67)99812-8360;SAO GABRIEL DO OESTE;500769;SAO GABRIEL DO OESTE;500769;5971055;UNIDADE DE SAUDE DA FAMILIA VIII;F;21.05.2026;JESSICAPADILHA;21.05.2026;JESSICAPADILHA;37.95;PENDENTE;N23;;PAULO FENELON MARINHO
669083825;0511003;0205020046;ULTRASSONOGRAFIA DE ABDOMEN TOTAL                                                                   ;32186347172;NELSON EDUARDO MELKE;17.06.2026;06:30;0;704009350910265;SARA SOUZA DALZOT;07.04.2015;11;135;DALVA FERREIRA DE SOUZA DALZOT;RUA;ALAGOAS;;2274;CENTRO;79490000;(67)99615-9465;SAO GABRIEL DO OESTE;500769;SAO GABRIEL DO OESTE;500769;7002084;UNIDADE DE SAUDE DA FAMILIA IX;F;21.05.2026;AMANDALUIZA_BIAZUS;21.05.2026;AMANDALUIZA_BIAZUS;37.95;CONFIRMADO;Z000;06901507925;EVELYN KASSIA TUDISCO FERNANDES
669093024;0511017;0205020062;ULTRASSONOGRAFIA DE PARTES MOLES;32186347172;NELSON EDUARDO MELKE;25.06.2026;07:00;0;708701163349295;ALICE BARBOSA MONTEIRO;07.03.1984;42;508;MADALENA INACIO MONTEIRO;AREA;ATOLADEIRA;;S/N;AREA RURAL DE SAO GABRIEL DO OESTE;79493899;(67)99618-6410;SAO GABRIEL DO OESTE;500769;SAO GABRIEL DO OESTE;500769;8176132;CASA ROSA;F;21.05.2026;EMILY_CASAROSA;21.05.2026;EMILY_CASAROSA;24.20;CONFIRMADO;M255;;RODOLFO BAREIRO
669101928;0286011;0205020100;ULTRASSONOGRAFIA DE PROSTATA VIA ABDOMINAL ;32186347172;NELSON EDUARDO MELKE;01.06.2026;13:00;0;706305711961579;SILVIO MONTANIA;19.04.1945;81;975;MARIA AJALA;RUA;JOSE FERREIRA ROSA;;1105;CENTRO;79490000;(67)99616-1983;SAO GABRIEL DO OESTE;500769;SAO GABRIEL DO OESTE;500769;2591359;UNIDADE DE SAUDE DA FAMILIA V;M;21.05.2026;CHRISTIANEHELEN_FREITAS;21.05.2026;CHRISTIANEHELEN_FREITAS;24.20;PENDENTE;N188;04796956107;JULIANA DA ROCHA PEREIRA MENEZES
669102376;0511005;0205020054;ULTRASSONOGRAFIA DE APARELHO URINÁRIO                                                               ;32186347172;NELSON EDUARDO MELKE;16.06.2026;13:00;0;706305711961579;SILVIO MONTANIA;19.04.1945;81;975;MARIA AJALA;RUA;JOSE FERREIRA ROSA;;1105;CENTRO;79490000;(67)99616-1983;SAO GABRIEL DO OESTE;500769;SAO GABRIEL DO OESTE;500769;2591359;UNIDADE DE SAUDE DA FAMILIA V;M;21.05.2026;CHRISTIANEHELEN_FREITAS;21.05.2026;CHRISTIANEHELEN_FREITAS;24.20;PENDENTE;N188;04796956107;JULIANA DA ROCHA PEREIRA MENEZES
669136428;0511003;0205020046;ULTRASSONOGRAFIA DE ABDOMEN TOTAL                                                                   ;32186347172;NELSON EDUARDO MELKE;22.06.2026;06:30;0;704606101905227;YASMIN APARECIDA BATISTA DE ALENCAR;06.03.2007;19;232;LUANA BATISTA DE ALENCAR;RUA;DAS ARARAS;;2059;FENIX;79491102;(67)99843-8266 / (67)99863-4085;SAO GABRIEL DO OESTE;500769;SAO GABRIEL DO OESTE;500769;2370999;UNIDADE DE SAUDE DA FAMILIA FENIX IV;F;22.05.2026;GUSTAVO_PIAIA;22.05.2026;GUSTAVO_PIAIA;37.95;CONFIRMADO;R103;;NATALIA NUBIA CORREIA DE LIMA
669139840;0230030;0205020062;USG TORNOZELO DIREITO;32186347172;NELSON EDUARDO MELKE;17.06.2026;13:00;0;700809440391887;JOANES BATISTA CARDOSO SOBRINHO;28.03.1989;37;447;VALDETE CARDOSO DA ROCHA;RUA;DA AVIAÇÃO;AREADO;S/N;AREA RURAL DE SAO GABRIEL DO OESTE;79493899;(67)99872-3256;SAO GABRIEL DO OESTE;500769;SAO GABRIEL DO OESTE;500769;6354265;CENTRAL DE REGULACAO DE SAO GABRIEL DO OESTE;M;22.05.2026;VANIA_MARIANO;22.05.2026;VANIA_MARIANO;24.20;PENDENTE;S99;;VANIA GOMES MARIANO
669157479;0286011;0205020100;ULTRASSONOGRAFIA DE PROSTATA VIA ABDOMINAL ;32186347172;NELSON EDUARDO MELKE;01.06.2026;13:00;0;701009838742093;DECIO PESSOTA MARTINS;18.05.1947;79;950;ALCI PESSOTA MARTINS;RUA;PERNAMBUCO;;1297;CENTRO;79490000;(67)3295-1228;SAO GABRIEL DO OESTE;500769;SAO GABRIEL DO OESTE;500769;7333218;UNIDADE DE SAUDE DA FAMILIA X;M;22.05.2026;SAMILLESTRELOW;22.05.2026;SAMILLESTRELOW;24.20;PENDENTE;N40;63805480172;CLEDSON PERETTI
669184506;0511003;0205020046;ULTRASSONOGRAFIA DE ABDOMEN TOTAL                                                                   ;32186347172;NELSON EDUARDO MELKE;22.06.2026;06:30;0;706804259631027;MARIA EDUARDA BARROS FERREIRA;01.04.2015;11;135;CLAUDETE QUEIROS DE BARROS;RUA;QUINZE DE NOVEMBRO 2127/99999;;1915;CRISTO REDENTOR;79311005;(67)99660-3191;CORUMBA;500320;SAO GABRIEL DO OESTE;500769;2370980;UNIDADE DE SAUDE DA FAMILIA JARDIM GRAMADO I;F;22.05.2026;ELISANGELA_UNIDADEI;22.05.2026;ELISANGELA_UNIDADEI;37.95;PENDENTE;R10;01454652179;MAYARA MARIA MELKE GUIMARAES
669200916;0511005;0205020054;ULTRASSONOGRAFIA DE APARELHO URINÁRIO                                                               ;32186347172;NELSON EDUARDO MELKE;23.06.2026;07:00;0;700507317950459;VILMAR LUIZ FEUSER;31.08.1969;56;682;WILMA PESSATO FEUSER;AVENIDA;PRIMO MAFFISSONI;CASA;3462;PRIMO MAFFISSONI;79490000;(67)99647-4922;SAO GABRIEL DO OESTE;500769;SAO GABRIEL DO OESTE;500769;7333218;UNIDADE DE SAUDE DA FAMILIA X;M;22.05.2026;SAMILLESTRELOW;22.05.2026;SAMILLESTRELOW;24.20;PENDENTE;M545;63805480172;CLEDSON PERETTI
669205186;0511005;0205020054;ULTRASSONOGRAFIA DE APARELHO URINÁRIO                                                               ;32186347172;NELSON EDUARDO MELKE;23.06.2026;07:00;0;708405219252662;SANDRINEY GUTOSKI;11.07.1978;48;576;VANIA DE GOUVEIA BARBOSA GUTOSKI;RUA;23 DE MAIO;;1569;FÊNIX;79490000;(67)99605-3416;SAO GABRIEL DO OESTE;500769;SAO GABRIEL DO OESTE;500769;8176132;CASA ROSA;M;22.05.2026;ANACLAUDIA_PASCOAL;22.05.2026;ANACLAUDIA_PASCOAL;24.20;PENDENTE;Z00;;ANTONIO AUGUSTO 
669296469;0286011;0205020100;ULTRASSONOGRAFIA DE PROSTATA VIA ABDOMINAL ;32186347172;NELSON EDUARDO MELKE;01.06.2026;13:00;0;702507311540832;DEOLINO DALLA ROSA;23.06.1961;65;781;ORFILIA BRUNETTO;RUA;CANARIOS;;435;JARDIM GRAMADO;79490000;(67)99602-5908;SAO GABRIEL DO OESTE;500769;SAO GABRIEL DO OESTE;500769;2370980;UNIDADE DE SAUDE DA FAMILIA JARDIM GRAMADO I;M;22.05.2026;ELISANGELA_UNIDADEI;22.05.2026;ELISANGELA_UNIDADEI;24.20;PENDENTE;Z000;01454652179;MAYARA MARIA MELKE GUIMARAES
669303391;0076042;0205020038;ULTRA-SONOGRAFIA DE ABDOMEN SUPERIOR;32186347172;NELSON EDUARDO MELKE;15.06.2026;07:00;0;706201534713664;ANDRIELE CAZAIS DA SILVA DE LIMA;10.07.2001;25;300;MARCIA CAZAIS DA SILVA;AVENIDA;GREGORIO NICARETTA;CASA;2254;PRIMO MAFFISSONI;79490000;(67)99667-5833;SAO GABRIEL DO OESTE;500769;SAO GABRIEL DO OESTE;500769;7333218;UNIDADE DE SAUDE DA FAMILIA X;F;22.05.2026;SAMILLESTRELOW;22.05.2026;SAMILLESTRELOW;24.20;PENDENTE;K80;63805480172;CLEDSON PERETTI
669344678;0286049;0205020070;ULTRASSONOGRAFIA DE BOLSA ESCROTAL                                                                  ;32186347172;NELSON EDUARDO MELKE;15.06.2026;13:00;0;700507368393557;ARTHUR LUIS OLIVEIRA FLORIANO;19.04.2025;01;15;MILENA OLIVEIRA FLORIANO;RUA;DAS ANHUMAS;CASA;591;JARDIM GRAMADO;79491016;(67)99602-8268;SAO GABRIEL DO OESTE;500769;SAO GABRIEL DO OESTE;500769;8176132;CASA ROSA;M;22.05.2026;EMILY_CASAROSA;22.05.2026;EMILY_CASAROSA;24.20;CONFIRMADO;Z00;04145161173;RHUANNE SIQUEIRA GUIMARAES
669345808;1400013;0205020038;ULTRASSONOGRAFIA DE REGIAO INGUINAL;32186347172;NELSON EDUARDO MELKE;02.06.2026;12:50;0;700507368393557;ARTHUR LUIS OLIVEIRA FLORIANO;19.04.2025;01;15;MILENA OLIVEIRA FLORIANO;RUA;DAS ANHUMAS;CASA;591;JARDIM GRAMADO;79491016;(67)99602-8268;SAO GABRIEL DO OESTE;500769;SAO GABRIEL DO OESTE;500769;8176132;CASA ROSA;M;22.05.2026;EMILY_CASAROSA;25.05.2026;VANIA_MARIANO;24.20;CONFIRMADO;Z00;04145161173;RHUANNE SIQUEIRA GUIMARAES
669413898;0286011;0205020100;ULTRASSONOGRAFIA DE PROSTATA VIA ABDOMINAL ;32186347172;NELSON EDUARDO MELKE;01.06.2026;13:00;0;708506375359479;PEDRO JOSE LOURENCO JUNIOR;26.02.1963;63;761;SANTA LUIZA LOURENCO;RUA;PIAUI;;48;CENTRO;79490000;(67)99905-3331;SAO GABRIEL DO OESTE;500769;SAO GABRIEL DO OESTE;500769;7333218;UNIDADE DE SAUDE DA FAMILIA X;M;25.05.2026;RAISSASILVALIMA;25.05.2026;RAISSASILVALIMA;24.20;PENDENTE;N40;63805480172;CLEDSON PERETTI
669415616;0511003;0205020046;ULTRASSONOGRAFIA DE ABDOMEN TOTAL                                                                   ;32186347172;NELSON EDUARDO MELKE;22.06.2026;06:30;0;700004257001008;IZABEL DA SILVA;25.12.1956;69;835;FRANCISCA CANDIDA DA SILVA;RUA;SAO MANOEL;CASA;695;MILANI;79490000;(67)99903-5826;SAO GABRIEL DO OESTE;500769;SAO GABRIEL DO OESTE;500769;8176132;CASA ROSA;F;25.05.2026;ANACLAUDIA_PASCOAL;25.05.2026;ANACLAUDIA_PASCOAL;37.95;CONFIRMADO;Z00;;ELY DONIZETH 
669417090;0286011;0205020100;ULTRASSONOGRAFIA DE PROSTATA VIA ABDOMINAL ;32186347172;NELSON EDUARDO MELKE;01.06.2026;13:00;0;705209463463279;FRANCISCO ALVES MENESES;03.04.1966;60;723;EDITE MARIA ALVES;FAZENDA;EMANUEL;;S/N;ZONA RURAL;79490000;(67)99645-0462;SAO GABRIEL DO OESTE;500769;SAO GABRIEL DO OESTE;500769;2591359;UNIDADE DE SAUDE DA FAMILIA V;M;25.05.2026;CHRISTIANEHELEN_FREITAS;25.05.2026;CHRISTIANEHELEN_FREITAS;24.20;PENDENTE;I10;;MILENA GUEDIN VATGAS
669417592;0511003;0205020046;ULTRASSONOGRAFIA DE ABDOMEN TOTAL                                                                   ;32186347172;NELSON EDUARDO MELKE;22.06.2026;06:30;0;708303792680960;DERALDO LUIZ FRANCA FILHO;02.05.1954;72;866;MARIA BARBOSA DE JESUS;RUA;ANHUMAS;;866;JARDIM GRAMADO;79490000;(67)9904-4654 / (67)99920-4935;SAO GABRIEL DO OESTE;500769;SAO GABRIEL DO OESTE;500769;5971055;UNIDADE DE SAUDE DA FAMILIA VIII;M;25.05.2026;JESSICAPADILHA;25.05.2026;JESSICAPADILHA;37.95;PENDENTE;Z000;04805244160;RENNAN ORTIZ BUENO
669449155;0511003;0205020046;ULTRASSONOGRAFIA DE ABDOMEN TOTAL                                                                   ;32186347172;NELSON EDUARDO MELKE;22.06.2026;06:30;0;705009663415555;ERICA DE MORAES SILVA MENDONCA;28.07.1998;27;335;ANDREA CAMPOS DE MORAES;RUA;BAHIA;;1900;CENTRO;79490000;(67)99919-6709 / (67)99975-0553;SAO GABRIEL DO OESTE;500769;SAO GABRIEL DO OESTE;500769;2370964;UNIDADE DE SAUDE DA FAMILIA III;F;25.05.2026;ANACLAUDIA_NOGUEIRA;25.05.2026;ANACLAUDIA_NOGUEIRA;37.95;PENDENTE;R101;02611833974;HUDSON PERES DORIGAO BELISARIO DE SOUZA
669462094;0511003;0205020046;ULTRASSONOGRAFIA DE ABDOMEN TOTAL                                                                   ;32186347172;NELSON EDUARDO MELKE;22.06.2026;06:30;0;700207425103527;ELISDAN FERREIRA SILVA;25.09.1973;52;634;MARIA VALDECI FERREIRA SILVA;RUA;EUGÊNIO FERREIRA DA CUNHA;;1092;AMABILE MAFISSONI;79490000;(47)99731-7874;SAO GABRIEL DO OESTE;500769;SAO GABRIEL DO OESTE;500769;8176132;CASA ROSA;F;25.05.2026;ANACLAUDIA_PASCOAL;25.05.2026;ANACLAUDIA_PASCOAL;37.95;CONFIRMADO;Z00;;EVELYN KASSIA TUDISCO FERNANDES
669471985;0511003;0205020046;ULTRASSONOGRAFIA DE ABDOMEN TOTAL                                                                   ;32186347172;NELSON EDUARDO MELKE;22.06.2026;06:30;0;706405387719290;ELENIR PERETTI DA CRUZ;07.02.1959;67;809;LUCIA CASAROTO PERETTI;RUA;JOAO EVANGELISTA ROSA;CASA;906;CENTRO;79490000;(67)99828-3518;SAO GABRIEL DO OESTE;500769;SAO GABRIEL DO OESTE;500769;2599376;UNIDADE DE SAUDE DA FAMILIA VI;F;25.05.2026;MARIANA_MARTINS;25.05.2026;MARIANA_MARTINS;37.95;PENDENTE;R101;;PAULO FENELON
669535528;0511005;0205020054;ULTRASSONOGRAFIA DE APARELHO URINÁRIO                                                               ;32186347172;NELSON EDUARDO MELKE;23.06.2026;13:00;0;704200205445883;TAINA WEICH RIEGER;12.07.2004;22;264;CRISTIANA ITAMARA GARCIA WEICH;RUA;MANOEL ROSA;;116;AMABILE MAFFISSONI;79490000;(67)99944-7444;SAO GABRIEL DO OESTE;500769;SAO GABRIEL DO OESTE;500769;8176132;CASA ROSA;F;25.05.2026;ANACLAUDIA_PASCOAL;25.05.2026;ANACLAUDIA_PASCOAL;24.20;PENDENTE;Z00;;MARIA EDUARDA CURADO DE OLIVEIRA
669536462;0511003;0205020046;ULTRASSONOGRAFIA DE ABDOMEN TOTAL                                                                   ;32186347172;NELSON EDUARDO MELKE;22.06.2026;06:30;0;700004457874803;ALICIA MASNOWSKI;04.10.1978;47;573;RAMONA HAIDEE MOREIRA;RUA;ESTUDANTE ELIAS BORGMAN 1/1199;;1808;CENTRO;79490029;(67)99995-7185;SAO GABRIEL DO OESTE;500769;SAO GABRIEL DO OESTE;500769;7333218;UNIDADE DE SAUDE DA FAMILIA X;F;25.05.2026;SAMILLESTRELOW;25.05.2026;SAMILLESTRELOW;37.95;CONFIRMADO;R104;63805480172;CLEDSON PERETTI
669594539;0286011;0205020100;ULTRASSONOGRAFIA DE PROSTATA VIA ABDOMINAL ;32186347172;NELSON EDUARDO MELKE;08.06.2026;13:00;0;703005860145577;OTAVIO GOMES MAMEDIO;24.07.1969;57;684;MARIA DO CARMO DA SILVA;RUA;HILARIO NICARETTA;;1881;PRIMO MAFFISSONI;79490000;(67)9995-4633;SAO GABRIEL DO OESTE;500769;SAO GABRIEL DO OESTE;500769;7333218;UNIDADE DE SAUDE DA FAMILIA X;M;25.05.2026;RAISSASILVALIMA;25.05.2026;RAISSASILVALIMA;24.20;PENDENTE;Z000;63805480172;CLEDSON PERETTI
669601093;0511003;0205020046;ULTRASSONOGRAFIA DE ABDOMEN TOTAL                                                                   ;32186347172;NELSON EDUARDO MELKE;22.06.2026;06:30;0;700009183082705;PRISCILLA RAMOS FONSECA;18.11.1990;35;428;ANTONIA ALVES RIBEIRO RAMOS;FAZENDA;SANTA PAULA;;S/N;ZONA RURAL;79490000;(67)99345-3803;SAO GABRIEL DO OESTE;500769;SAO GABRIEL DO OESTE;500769;3400964;UNIDADE DE SAUDE DA FAMILIA RURAL VII;F;25.05.2026;DULCINEIA_MOCCELIN;25.05.2026;DULCINEIA_MOCCELIN;37.95;PENDENTE;Z000;02453491113;MILENA GUEDIN VARGAS
669604703;0076042;0205020038;ULTRA-SONOGRAFIA DE ABDOMEN SUPERIOR;32186347172;NELSON EDUARDO MELKE;22.06.2026;07:00;0;702001869789882;VANDERLEIA PEDO;12.06.1975;51;613;ALICE FONSECA PEDO;RUA;JOAO DE ALMEIDA SAMPAIO;;461;JARDIM GRAMADO;79491001;(67)99983-2285;SAO GABRIEL DO OESTE;500769;SAO GABRIEL DO OESTE;500769;2370980;UNIDADE DE SAUDE DA FAMILIA JARDIM GRAMADO I;F;25.05.2026;ELISANGELA_UNIDADEI;25.05.2026;ELISANGELA_UNIDADEI;24.20;CONFIRMADO;R10;01454652179;MAYARA MARIA MELKE GUIMARAES
669604921;0511003;0205020046;ULTRASSONOGRAFIA DE ABDOMEN TOTAL                                                                   ;32186347172;NELSON EDUARDO MELKE;24.06.2026;06:30;0;700000473289304;FRANCIELE CHIMENES DOS SANTOS;20.07.1996;30;360;TEREZA CHIMENES DA SILVA;RUA;ANGICO;;726;SAO CRISTOVAO;79491188;(67)99652-2499;SAO GABRIEL DO OESTE;500769;SAO GABRIEL DO OESTE;500769;8176132;CASA ROSA;F;25.05.2026;EMILY_CASAROSA;25.05.2026;EMILY_CASAROSA;37.95;CONFIRMADO;Z00;91415799172;ALESSANDRA REGINA GOMES RODOVALHO
669628278;0286011;0205020100;ULTRASSONOGRAFIA DE PROSTATA VIA ABDOMINAL ;32186347172;NELSON EDUARDO MELKE;01.06.2026;13:00;0;702400523654828;PAULO SERGIO GOMES;25.07.1969;57;684;LEONICE RAMOS GOMES;AVENIDA;TUIUIU 1466/99998;;1728;FENIX;79491076;(67)98160-6182 / (67)98136-2529;SAO GABRIEL DO OESTE;500769;SAO GABRIEL DO OESTE;500769;2370999;UNIDADE DE SAUDE DA FAMILIA FENIX IV;M;25.05.2026;GUSTAVO_PIAIA;25.05.2026;VANIA_MARIANO;24.20;PENDENTE;N40;00703866176;ALCIDES EDUARDO EIBEL
669636900;0511005;0205020054;ULTRASSONOGRAFIA DE APARELHO URINÁRIO                                                               ;32186347172;NELSON EDUARDO MELKE;23.06.2026;07:00;0;704004340999463;MARCELO ANTONIO DA SILVA;01.01.1976;50;606;TEREZA QUEVEDO DA SILVA;RUA;ARARAS;CASA;1918;FENIX;79490000;(67)99715-7955;SAO GABRIEL DO OESTE;500769;SAO GABRIEL DO OESTE;500769;2591359;UNIDADE DE SAUDE DA FAMILIA V;M;25.05.2026;CHRISTIANEHELEN_FREITAS;25.05.2026;CHRISTIANEHELEN_FREITAS;24.20;PENDENTE;Z000;;MILENA GUEDIN VARGAS
669718056;0076149;0205020143;ULTRA-SONOGRAFIA OBSTETRICA - MORFOLOGICO;32186347172;NELSON EDUARDO MELKE;09.06.2026;13:00;0;704004192901770;KEWELLY RAISSA APARECIDO BERNALDINO FERMINO;01.05.2009;17;206;KAREM SARITA SOARES BERNALDINO;RUA;TUIUIU;;381;JARDIM GRAMADO;79490000;(67)99217-9912;SAO GABRIEL DO OESTE;500769;SAO GABRIEL DO OESTE;500769;7333218;UNIDADE DE SAUDE DA FAMILIA X;F;26.05.2026;RAISSASILVALIMA;26.05.2026;VANIA_MARIANO;24.20;PENDENTE;Z000;63805480172;CLEDSON PERETTI
669735945;0511005;0205020054;ULTRASSONOGRAFIA DE APARELHO URINÁRIO                                                               ;32186347172;NELSON EDUARDO MELKE;23.06.2026;07:00;0;705006236465857;ANA JULIA PALMEIRA MIRANDA;26.01.2019;07;90;ALESSANDRA PALMEIRA DOS SANTOS;RUA;RAIMUNDO DO PRADO;;1006;AMABILE MAFFISSONI;79490000;(67)99883-6150;SAO GABRIEL DO OESTE;500769;SAO GABRIEL DO OESTE;500769;8176132;CASA ROSA;F;26.05.2026;EMILY_CASAROSA;26.05.2026;EMILY_CASAROSA;24.20;CONFIRMADO;Z00;;YASMIN YAIME R DE ARAUJO
669762403;0076149;0205020143;ULTRA-SONOGRAFIA OBSTETRICA - MORFOLOGICO;32186347172;NELSON EDUARDO MELKE;09.06.2026;13:00;0;704605113459722;VANUZA LEAL DE OLIVEIRA;01.03.1997;29;352;VANIRA GONCALVES LEAL DE OLIVEIRA;RUA;GOIAS;CASA 01;824;CENTRO;79490000;(67)99813-0685;SAO GABRIEL DO OESTE;500769;SAO GABRIEL DO OESTE;500769;7333218;UNIDADE DE SAUDE DA FAMILIA X;F;26.05.2026;RAISSASILVALIMA;26.05.2026;VANIA_MARIANO;24.20;PENDENTE;Z000;63805480172;CLEDSON PERETTI
669796486;0230016;0205020062;USG OMBRO DIREITO;32186347172;NELSON EDUARDO MELKE;17.06.2026;13:00;0;704603745004630;GREICIANI GIL CALONGA;25.11.1995;30;368;NADIR DE SOUZA GIL;RUA;PARA;;72;JARDIM PRIMAVERA;79490000;(67)99865-1986 / (67)99906-9860;SAO GABRIEL DO OESTE;500769;SAO GABRIEL DO OESTE;500769;6452116;CENTRO DE ESPECIALIDADES MEDICAS;F;26.05.2026;CLEIDIANE_CEM;26.05.2026;VANIA_MARIANO;24.20;PENDENTE;M25;00468987193;ARTHUR MARTINS DE ALMEIDA
669833616;0511003;0205020046;ULTRASSONOGRAFIA DE ABDOMEN TOTAL                                                                   ;32186347172;NELSON EDUARDO MELKE;08.06.2026;06:30;0;700207494241224;MARIA EDUARDA DOS SANTOS;07.03.2005;21;256;LUZIA TANIA DE SOUZA DOS SANTOS;FAZENDA;VIVEL I;;S/N;ZONA RURAL;79493899;(67)99864-8586;SAO GABRIEL DO OESTE;500769;SAO GABRIEL DO OESTE;500769;8176132;CASA ROSA;F;26.05.2026;EMILY_CASAROSA;26.05.2026;VANIA_MARIANO;37.95;PENDENTE;Z014;10963419641;MARIA FERNANDA DIAS BASILIO
669928976;0511005;0205020054;ULTRASSONOGRAFIA DE APARELHO URINÁRIO                                                               ;32186347172;NELSON EDUARDO MELKE;02.06.2026;13:00;0;708401744002661;RENATA POCAHY DA SILVA BRITO;04.07.1989;37;444;ELAINE BALZAN POCAHY;RUA;PERNAMBUCO;CASA;872;CENTRO;79490000;(67)99995-7232;SAO GABRIEL DO OESTE;500769;SAO GABRIEL DO OESTE;500769;2591359;UNIDADE DE SAUDE DA FAMILIA V;F;26.05.2026;CHRISTIANEHELEN_FREITAS;26.05.2026;VANIA_MARIANO;24.20;PENDENTE;N20;;EVELYN KASSIA TUDISCO FERNANDES
669943263;0511003;0205020046;ULTRASSONOGRAFIA DE ABDOMEN TOTAL                                                                   ;32186347172;NELSON EDUARDO MELKE;24.06.2026;06:30;0;700606916336462;VIVIAN PEREZ DOS SANTOS ALBUQUERQUE;24.01.2000;26;318;ANALICE MARTINS DOS SANTOS;RUA;SANTA ANA;;123;MILANI;79492090;(67)99999-9095;SAO GABRIEL DO OESTE;500769;SAO GABRIEL DO OESTE;500769;8176132;CASA ROSA;F;26.05.2026;ANACLAUDIA_PASCOAL;26.05.2026;ANACLAUDIA_PASCOAL;37.95;CONFIRMADO;Z00;91415799172;ALESSANDRA REGINA GOMES RODOVALHO
670040662;0511003;0205020046;ULTRASSONOGRAFIA DE ABDOMEN TOTAL                                                                   ;32186347172;NELSON EDUARDO MELKE;24.06.2026;06:30;0;709209221095130;JORGE PEREIRA DE SOUZA;01.04.1966;60;723;MARIA ALENXANDRINA DA SILVA PEREIRA;RUA;AMAZONAS;;2404;AMABILE MAFFISSONI;79490104;(67)99830-7274;SAO GABRIEL DO OESTE;500769;SAO GABRIEL DO OESTE;500769;2599376;UNIDADE DE SAUDE DA FAMILIA VI;M;27.05.2026;MARIANA_MARTINS;27.05.2026;MARIANA_MARTINS;37.95;PENDENTE;A09;;GEOVANNA BEATRIZ DE ARRUDA E SILVIA
670180545;0511005;0205020054;ULTRASSONOGRAFIA DE APARELHO URINÁRIO                                                               ;32186347172;NELSON EDUARDO MELKE;23.06.2026;07:00;0;702302190432918;ALEXANDRE DOS SANTOS;24.04.1982;44;531;MARIA PASINATO DOS SANTOS;RUA;AZULAO;CASA;1376;FENIX;79490000;(67)99807-5429;SAO GABRIEL DO OESTE;500769;SAO GABRIEL DO OESTE;500769;8176132;CASA ROSA;M;27.05.2026;ANACLAUDIA_PASCOAL;27.05.2026;ANACLAUDIA_PASCOAL;24.20;CONFIRMADO;Z00;;FERNANDA MARA SILVA MELO
670185995;0511003;0205020046;ULTRASSONOGRAFIA DE ABDOMEN TOTAL                                                                   ;32186347172;NELSON EDUARDO MELKE;24.06.2026;06:30;0;704004372753265;LENICE SANTOS DE MATOS;18.08.1995;30;371;COSMA GABRIEL DOS SANTOS;RUA;W;;187;CIDADE JARDIM;79492157;(67)99933-7438;SAO GABRIEL DO OESTE;500769;SAO GABRIEL DO OESTE;500769;8176132;CASA ROSA;F;27.05.2026;ANACLAUDIA_PASCOAL;27.05.2026;ANACLAUDIA_PASCOAL;37.95;PENDENTE;Z00;10963419641;MARIA FERNANDA DIAS BASILIO
670187515;0286011;0205020100;ULTRASSONOGRAFIA DE PROSTATA VIA ABDOMINAL ;32186347172;NELSON EDUARDO MELKE;08.06.2026;13:00;0;702803156375563;ERIMAR CUNHA DE MENEZES;16.10.1964;61;741;OLGA CUNHA DE MENEZES;FAZENDA;RECANTO FELIZ;;S/N;ZONA RURAL;79490000;(67)9914-1182;SAO GABRIEL DO OESTE;500769;SAO GABRIEL DO OESTE;500769;3400964;UNIDADE DE SAUDE DA FAMILIA RURAL VII;M;27.05.2026;DULCINEIA_MOCCELIN;27.05.2026;DULCINEIA_MOCCELIN;24.20;CONFIRMADO;Z000;02453491113;MILENA GUEDIN VARGAS
670231156;0511005;0205020054;ULTRASSONOGRAFIA DE APARELHO URINÁRIO                                                               ;32186347172;NELSON EDUARDO MELKE;23.06.2026;07:00;0;705007099209359;ADRIANO FARIAS BRAGA;31.05.1995;31;373;MARLEI FARIAS DA SILVA;RUA;CURICACA;CASA;1075;JARDIM GRAMADO;79490000;(67)99882-2212;SAO GABRIEL DO OESTE;500769;SAO GABRIEL DO OESTE;500769;2370964;UNIDADE DE SAUDE DA FAMILIA III;M;27.05.2026;ANACLAUDIA_NOGUEIRA;27.05.2026;ANACLAUDIA_NOGUEIRA;24.20;PENDENTE;M545;02611833974;HUDSON PERES DORIGAO BELISARIO DE SOUZA
670232031;0511005;0205020054;ULTRASSONOGRAFIA DE APARELHO URINÁRIO                                                               ;32186347172;NELSON EDUARDO MELKE;23.06.2026;07:00;0;702302143119613;NOELY LUIZ SIMOES DE QUEIROZ;28.06.1972;54;648;OTILIA LUIZA TAVEIRA;RUA;SANTA CATARINA;;2006;CENTRO;79490000;(67)99929-6196;SAO GABRIEL DO OESTE;500769;SAO GABRIEL DO OESTE;500769;3400964;UNIDADE DE SAUDE DA FAMILIA RURAL VII;F;27.05.2026;DULCINEIA_MOCCELIN;27.05.2026;DULCINEIA_MOCCELIN;24.20;PENDENTE;Z000;02453491113;MILENA GUEDIN VARGAS
670239792;0511005;0205020054;ULTRASSONOGRAFIA DE APARELHO URINÁRIO                                                               ;32186347172;NELSON EDUARDO MELKE;23.06.2026;07:00;0;704603655639122;MARIA SOCORRO DA SILVA;11.03.1975;51;616;TEREZINHA MARIA DA SILVA;AVENIDA;MATO GROSSO DO SUL;;2483;AMABILE MAFFISSONI;79490092;(67)98469-8126;SAO GABRIEL DO OESTE;500769;SAO GABRIEL DO OESTE;500769;2591359;UNIDADE DE SAUDE DA FAMILIA V;F;27.05.2026;CHRISTIANEHELEN_FREITAS;27.05.2026;CHRISTIANEHELEN_FREITAS;24.20;PENDENTE;R522;04796956107;JULIANA DA ROCHA PEREIRA MENEZES
670244271;0286011;0205020100;ULTRASSONOGRAFIA DE PROSTATA VIA ABDOMINAL ;32186347172;NELSON EDUARDO MELKE;08.06.2026;13:00;0;705001418072856;HILARIO PETROLI;10.08.1957;68;827;VERGINIA PETROLI;RUA;OSORIO RODRIGUES DA SILVA;;762;PRIMO MAFFISSONI;79490282;(49)99976-2695;SAO GABRIEL DO OESTE;500769;SAO GABRIEL DO OESTE;500769;8176132;CASA ROSA;M;27.05.2026;ANACLAUDIA_PASCOAL;27.05.2026;ANACLAUDIA_PASCOAL;24.20;CONFIRMADO;Z00;;JORGE
670244600;0511005;0205020054;ULTRASSONOGRAFIA DE APARELHO URINÁRIO                                                               ;32186347172;NELSON EDUARDO MELKE;23.06.2026;13:00;0;705001418072856;HILARIO PETROLI;10.08.1957;68;827;VERGINIA PETROLI;RUA;OSORIO RODRIGUES DA SILVA;;762;PRIMO MAFFISSONI;79490282;(49)99976-2695;SAO GABRIEL DO OESTE;500769;SAO GABRIEL DO OESTE;500769;8176132;CASA ROSA;M;27.05.2026;ANACLAUDIA_PASCOAL;27.05.2026;ANACLAUDIA_PASCOAL;24.20;PENDENTE;Z00;;JORGE
670249923;0076042;0205020038;ULTRA-SONOGRAFIA DE ABDOMEN SUPERIOR;32186347172;NELSON EDUARDO MELKE;22.06.2026;07:00;0;700503347031458;CLAUDIONEI SORGATTO;09.02.1979;47;569;TEREZINHA LOURDES SORGATO;RUA;RIO GRANDE DO SUL;;1260;CENTRO;79490000;(67)99621-7571;SAO GABRIEL DO OESTE;500769;SAO GABRIEL DO OESTE;500769;7333218;UNIDADE DE SAUDE DA FAMILIA X;M;27.05.2026;RAISSASILVALIMA;27.05.2026;RAISSASILVALIMA;24.20;CONFIRMADO;R101;63805480172;CLEDSON PERETTI
670257796;0511003;0205020046;ULTRASSONOGRAFIA DE ABDOMEN TOTAL                                                                   ;32186347172;NELSON EDUARDO MELKE;24.06.2026;06:30;0;703208616729892;YASMIN SEQUEIRA COSTA;22.10.2009;16;201;SIMONE KELY SEQUEIRA DA SILVA;RUA;CURICACA 1466/99999;CASA;1958;FENIX;79491080;(67)99601-4582 / (67)99968-7672;SAO GABRIEL DO OESTE;500769;SAO GABRIEL DO OESTE;500769;8176132;CASA ROSA;F;27.05.2026;ANACLAUDIA_PASCOAL;27.05.2026;ANACLAUDIA_PASCOAL;37.95;CONFIRMADO;Z00;;RAFAELA MARIA COSTA 
670307224;0076042;0205020038;ULTRA-SONOGRAFIA DE ABDOMEN SUPERIOR;32186347172;NELSON EDUARDO MELKE;22.06.2026;07:00;0;708407210902569;ALICE MARIA JOHANN;03.02.1955;71;857;ANNA LURDES JOHANN;RUA;DOS CANARIOS 1/1465;;318;JARDIM GRAMADO;79491008;(67)99826-1619;SAO GABRIEL DO OESTE;500769;SAO GABRIEL DO OESTE;500769;2370980;UNIDADE DE SAUDE DA FAMILIA JARDIM GRAMADO I;F;28.05.2026;ELISANGELA_UNIDADEI;28.05.2026;ELISANGELA_UNIDADEI;24.20;CONFIRMADO;R10;01454652179;MAYARA MARIA MELKE GUIMARAES
670334254;0511003;0205020046;ULTRASSONOGRAFIA DE ABDOMEN TOTAL                                                                   ;32186347172;NELSON EDUARDO MELKE;10.06.2026;06:30;0;700807464804284;MARIA CANDIDA NOGUEIRA;30.03.1951;75;903;MARIA NOGUEIRA;RUA;JURITI;;11;FENIX;79491092;(67)99847-1637 / (67)99715-1891;SAO GABRIEL DO OESTE;500769;SAO GABRIEL DO OESTE;500769;2370999;UNIDADE DE SAUDE DA FAMILIA FENIX IV;F;28.05.2026;GUSTAVO_PIAIA;01.06.2026;VANIA_MARIANO;37.95;PENDENTE;R104;96245646120;RAFAELLA MARIA COSTA GOIS DE FIGUEIREDO
670358895;0286011;0205020100;ULTRASSONOGRAFIA DE PROSTATA VIA ABDOMINAL ;32186347172;NELSON EDUARDO MELKE;08.06.2026;13:00;0;700307922258838;JOAO MANUEL DOS SANTOS;12.06.1955;71;853;MARIA MANUEL DOS SANTOS;RUA;JOAO EVANGELISTA ROSA;CASA;1359;CENTRO;79490000;(67)99972-6632;SAO GABRIEL DO OESTE;500769;SAO GABRIEL DO OESTE;500769;7333218;UNIDADE DE SAUDE DA FAMILIA X;M;28.05.2026;RAISSASILVALIMA;28.05.2026;RAISSASILVALIMA;24.20;CONFIRMADO;Z000;63805480172;CLEDSON PERETTI
670452674;0511003;0205020046;ULTRASSONOGRAFIA DE ABDOMEN TOTAL                                                                   ;32186347172;NELSON EDUARDO MELKE;24.06.2026;06:30;0;708704139050490;JULIANA DE OLIVEIRA;28.06.1985;41;492;NARALYA MARIA BENACHIO OLIVEIRA;RUA;PERNAMBUCO;;504;CENTRO;79490000;(67)99668-6470;SAO GABRIEL DO OESTE;500769;SAO GABRIEL DO OESTE;500769;8176132;CASA ROSA;F;28.05.2026;ANACLAUDIA_PASCOAL;28.05.2026;ANACLAUDIA_PASCOAL;37.95;CONFIRMADO;Z00;10963419641;MARIA FERNANDA DIAS BASILIO
670470356;0511003;0205020046;ULTRASSONOGRAFIA DE ABDOMEN TOTAL                                                                   ;32186347172;NELSON EDUARDO MELKE;24.06.2026;06:30;0;709602643758873;ROSA HELENA PEREIRA DA SILVA;13.01.1977;49;594;LUZIA PEREIRA DA SILVA;RUA;JURITI;;296;CONJUNTO FENIX;79490000;(67)99893-4871;SAO GABRIEL DO OESTE;500769;SAO GABRIEL DO OESTE;500769;8176132;CASA ROSA;F;28.05.2026;ANACLAUDIA_PASCOAL;28.05.2026;ANACLAUDIA_PASCOAL;37.95;PENDENTE;R42;;NATALIA NUBIA
670486640;0511005;0205020054;ULTRASSONOGRAFIA DE APARELHO URINÁRIO                                                               ;32186347172;NELSON EDUARDO MELKE;09.06.2026;13:00;0;700601489508960;QUELI HONORIO CONCEICAO;09.07.1991;35;420;SOELY ALMEIDORINA CONCEICAO;RUA;GUALBERTO PEREIRA;;614;ERECHIM;88914000;(51)98260-7525 / (51)98171-9934;BALNEARIO ARROIO DO SILVA;420195;SAO GABRIEL DO OESTE;500769;8176132;CASA ROSA;F;28.05.2026;EMILY_CASAROSA;28.05.2026;VANIA_MARIANO;24.20;CONFIRMADO;Z34;95747818104;VANESSA BRESCHI
670488476;0511003;0205020046;ULTRASSONOGRAFIA DE ABDOMEN TOTAL                                                                   ;32186347172;NELSON EDUARDO MELKE;24.06.2026;06:30;0;700507374280254;RICARDO PEROBELI;08.12.1994;31;379;CARMEM ROSARIO CLARO PEROBELI;FAZENDA;AGUA FUNDA;;S/N;AREA RURAL DE PARAISO DAS AGUAS;79557889;(67)99825-2044;PARAISO DAS AGUAS;500627;SAO GABRIEL DO OESTE;500769;2370964;UNIDADE DE SAUDE DA FAMILIA III;M;28.05.2026;ANACLAUDIA_NOGUEIRA;28.05.2026;ANACLAUDIA_NOGUEIRA;37.95;PENDENTE;R10;02611833974;HUDSON PERES DORIGAO BELISARIO DE SOUZA
670488911;0286011;0205020100;ULTRASSONOGRAFIA DE PROSTATA VIA ABDOMINAL ;32186347172;NELSON EDUARDO MELKE;08.06.2026;13:00;0;700507374280254;RICARDO PEROBELI;08.12.1994;31;379;CARMEM ROSARIO CLARO PEROBELI;FAZENDA;AGUA FUNDA;;S/N;AREA RURAL DE PARAISO DAS AGUAS;79557889;(67)99825-2044;PARAISO DAS AGUAS;500627;SAO GABRIEL DO OESTE;500769;2370964;UNIDADE DE SAUDE DA FAMILIA III;M;28.05.2026;ANACLAUDIA_NOGUEIRA;28.05.2026;ANACLAUDIA_NOGUEIRA;24.20;CONFIRMADO;R10;02611833974;HUDSON PERES DORIGAO BELISARIO DE SOUZA
670495957;0511005;0205020054;ULTRASSONOGRAFIA DE APARELHO URINÁRIO                                                               ;32186347172;NELSON EDUARDO MELKE;23.06.2026;13:00;0;702603769687049;FABIANA NANTES OLIVEIRA;17.08.1995;30;371;SUELY NANTES BORGES DE SOUZA;RUA;LATERAL DO NUCLEO;CASA;66;A,;79490000;(67)99998-5634;SAO GABRIEL DO OESTE;500769;SAO GABRIEL DO OESTE;500769;8176132;CASA ROSA;F;28.05.2026;EMILY_CASAROSA;28.05.2026;EMILY_CASAROSA;24.20;CONFIRMADO;N200;;CLEDSON PERETTI
670513533;0076042;0205020038;ULTRA-SONOGRAFIA DE ABDOMEN SUPERIOR;32186347172;NELSON EDUARDO MELKE;22.06.2026;07:00;0;706301180911580;FRANCISCA LIMA PERALTA;03.02.1985;41;497;FATIMA LIMA;RUA;MANOEL ROSA;;244;AMABILE MAFFISSONI;79490000;(67)98119-0306;SAO GABRIEL DO OESTE;500769;SAO GABRIEL DO OESTE;500769;8176132;CASA ROSA;F;28.05.2026;EMILY_CASAROSA;28.05.2026;EMILY_CASAROSA;24.20;PENDENTE;Z00;;YASMIN YAIME P DE ARAUJO
670514799;0076042;0205020038;ULTRA-SONOGRAFIA DE ABDOMEN SUPERIOR;32186347172;NELSON EDUARDO MELKE;29.06.2026;07:00;0;704209240265487;ELISANGELA ALVES DE SOUZA;04.06.1979;47;565;MARIA SALETE SIQUEIRA DE SOUZA;LOTEAMENTO;ITAQUI;;S/N;ZONA RURAL;79490000;(67)9677-6761;SAO GABRIEL DO OESTE;500769;SAO GABRIEL DO OESTE;500769;3400964;UNIDADE DE SAUDE DA FAMILIA RURAL VII;F;28.05.2026;DULCINEIA_MOCCELIN;28.05.2026;DULCINEIA_MOCCELIN;24.20;CONFIRMADO;Z000;02453491113;MILENA GUEDIN VARGAS
670515162;0511003;0205020046;ULTRASSONOGRAFIA DE ABDOMEN TOTAL                                                                   ;32186347172;NELSON EDUARDO MELKE;24.06.2026;06:30;0;700002723317603;ANA LUCIA GOMES DE CARVALHO;15.02.1976;50;605;MARIA DE LOURDES GOMES;RUA;PATATIVA;;331;FÊNIX;79491100;(67)99913-4496;SAO GABRIEL DO OESTE;500769;SAO GABRIEL DO OESTE;500769;2370999;UNIDADE DE SAUDE DA FAMILIA FENIX IV;F;28.05.2026;GUSTAVO_PIAIA;28.05.2026;GUSTAVO_PIAIA;37.95;CONFIRMADO;R104;96245646120;RAFAELLA MARIA COSTA GOIS DE FIGUEIREDO
670604031;0511003;0205020046;ULTRASSONOGRAFIA DE ABDOMEN TOTAL                                                                   ;32186347172;NELSON EDUARDO MELKE;29.06.2026;06:30;0;706000805591447;MARIA APARECIDA GONCALVES DA SILVA AMARAL;09.08.1961;64;779;NUMERALDA GONCALVES DA SILVA;RUA;BEM TE VI;;1591;CONJ FENIX;79490000;(67)9981-3539;SAO GABRIEL DO OESTE;500769;SAO GABRIEL DO OESTE;500769;8176132;CASA ROSA;F;29.05.2026;ANACLAUDIA_PASCOAL;29.05.2026;ANACLAUDIA_PASCOAL;37.95;PENDENTE;Z001;;GABRIELA MARCON
670635215;0511003;0205020046;ULTRASSONOGRAFIA DE ABDOMEN TOTAL                                                                   ;32186347172;NELSON EDUARDO MELKE;29.06.2026;06:30;0;705000847812656;CLAUDIONOR ANTONIO DA SILVA;05.10.1979;46;561;GENI ANTONINHA MENDES;AVENIDA;CAMPO GRANDE;;207;MILANI;79492086;(67)99965-1435 / (67)3295-5672;SAO GABRIEL DO OESTE;500769;SAO GABRIEL DO OESTE;500769;2370972;UNIDADE DE SAUDE DA FAMILIA MILANE II;M;29.05.2026;FLAVIA_RODRIGUES;29.05.2026;FLAVIA_RODRIGUES;37.95;CONFIRMADO;Z000;02453491113;MILENA GUEDIN VARGAS
670656346;0230036;0205020062;USG DE QUADRIL / COXO FEMURAL DIREITO ;32186347172;NELSON EDUARDO MELKE;24.06.2026;13:00;0;705106892322640;HENRIQUE ZEBALLOS DO PRADO;19.12.2025;00;7;DANDARA LOPES ZEBALLOS;RUA;FÊNIX;;191;FÊNIX;79491110;(67)99601-3326;SAO GABRIEL DO OESTE;500769;SAO GABRIEL DO OESTE;500769;8176132;CASA ROSA;M;29.05.2026;ANACLAUDIA_PASCOAL;01.06.2026;VANIA_MARIANO;24.20;PENDENTE;Z001;37817795649;GILBERT MAIRINK RODRIGUES
670656346;0230035;0205020062;USG DE QUADRIL / COXO FEMURAL ESQUERDO ;32186347172;NELSON EDUARDO MELKE;24.06.2026;13:00;0;705106892322640;HENRIQUE ZEBALLOS DO PRADO;19.12.2025;00;7;DANDARA LOPES ZEBALLOS;RUA;FÊNIX;;191;FÊNIX;79491110;(67)99601-3326;SAO GABRIEL DO OESTE;500769;SAO GABRIEL DO OESTE;500769;8176132;CASA ROSA;M;29.05.2026;ANACLAUDIA_PASCOAL;01.06.2026;VANIA_MARIANO;24.20;PENDENTE;Z001;37817795649;GILBERT MAIRINK RODRIGUES
670740423;0511005;0205020054;ULTRASSONOGRAFIA DE APARELHO URINÁRIO                                                               ;32186347172;NELSON EDUARDO MELKE;23.06.2026;13:00;0;700507998270357;LENIRA DARBEN MARTINI;31.12.1961;64;774;LEOTIDES DE OLIVEIRA DARBEN;RUA;SAO PAULO;;1075;CENTRO;79490000;(21)2105-0000;SAO GABRIEL DO OESTE;500769;SAO GABRIEL DO OESTE;500769;8176132;CASA ROSA;F;29.05.2026;EMILY_CASAROSA;29.05.2026;EMILY_CASAROSA;24.20;CONFIRMADO;I839;;CELIO HELEGDA
670754273;0511003;0205020046;ULTRASSONOGRAFIA DE ABDOMEN TOTAL                                                                   ;32186347172;NELSON EDUARDO MELKE;15.06.2026;06:30;0;707002833112736;NATALIA MACHADO DOS SANTOS;23.11.1998;27;332;MARTA MACHADO DE OLIVEIRA;RUA;DAS ANHUMAS;;1872;FENIX;79491090;(67)99651-5171;SAO GABRIEL DO OESTE;500769;SAO GABRIEL DO OESTE;500769;8176132;CASA ROSA;F;29.05.2026;EMILY_CASAROSA;01.06.2026;VANIA_MARIANO;37.95;CONFIRMADO;Z014;91415799172;ALESSANDRA REGINA GOMES RODOVALHO
670774976;0511005;0205020054;ULTRASSONOGRAFIA DE APARELHO URINÁRIO                                                               ;32186347172;NELSON EDUARDO MELKE;23.06.2026;13:00;0;708509015026780;DANIELI BAZANA;24.04.1983;43;519;CEMIRA BAZANA;RUA;FRANCISCO MILANI;CASA;1549;MILANI;79490000;(67)99959-1053;SAO GABRIEL DO OESTE;500769;SAO GABRIEL DO OESTE;500769;2370972;UNIDADE DE SAUDE DA FAMILIA MILANE II;F;29.05.2026;FLAVIA_RODRIGUES;29.05.2026;FLAVIA_RODRIGUES;24.20;CONFIRMADO;Z000;02453491113;MILENA GUEDIN VARGAS
670783511;0286011;0205020100;ULTRASSONOGRAFIA DE PROSTATA VIA ABDOMINAL ;32186347172;NELSON EDUARDO MELKE;08.06.2026;13:00;0;709005828872611;WALTER VIEIRA DE SOUZA;02.11.1962;63;764;LUZIA CANDIDA DE SIQUEIRA;FAZENDA;BELA VISTA;;S/N;ZONA RURAL;79490000;(67)9631-3694;SAO GABRIEL DO OESTE;500769;SAO GABRIEL DO OESTE;500769;3400964;UNIDADE DE SAUDE DA FAMILIA RURAL VII;M;29.05.2026;DULCINEIA_MOCCELIN;29.05.2026;DULCINEIA_MOCCELIN;24.20;CONFIRMADO;N429;00612619630;KALYNKA SILVIA HIGINO
670783855;0511003;0205020046;ULTRASSONOGRAFIA DE ABDOMEN TOTAL                                                                   ;32186347172;NELSON EDUARDO MELKE;29.06.2026;06:30;0;700009298656100;SOLEDADE DA SILVA ABREU;20.12.1959;66;799;MARIA ANACLETA DE SOUZA;FAZENDA;NOSSA SENHORA APARECIDA;PRA CIMA DO AEROPORTO;S/N;RURAL;79490000;(67)3254-2850;SAO GABRIEL DO OESTE;500769;SAO GABRIEL DO OESTE;500769;2591359;UNIDADE DE SAUDE DA FAMILIA V;F;29.05.2026;CHRISTIANEHELEN_FREITAS;29.05.2026;CHRISTIANEHELEN_FREITAS;37.95;CONFIRMADO;R10;;KALYNKA SILVA HIGINO
670786146;0511017;0205020062;ULTRASSONOGRAFIA DE PARTES MOLES;32186347172;NELSON EDUARDO MELKE;25.06.2026;07:00;0;700208952475227;MOACIR COUTINHO;21.06.1963;63;757;CATARINA GONCALVES COUTINHO;RUA;ALBINO SOUZA BRANDÃO;CASAC1;1092;CENTRO;79490057;(67)99616-0302;SAO GABRIEL DO OESTE;500769;SAO GABRIEL DO OESTE;500769;8176132;CASA ROSA;M;29.05.2026;ANACLAUDIA_PASCOAL;01.06.2026;VANIA_MARIANO;24.20;PENDENTE;Z001;;PAULO FENELON MARINHO
670793657;0511003;0205020046;ULTRASSONOGRAFIA DE ABDOMEN TOTAL                                                                   ;32186347172;NELSON EDUARDO MELKE;29.06.2026;06:30;0;703009864123873;MARIA SUELI BISPO DA SILVA;02.04.1967;59;711;MARIA ANACLETA DE SOUZA;FAZENDA;NOSSA SENHORA APARECIDA;;S/N;RURAL;79490000;(67)99620-1962;SAO GABRIEL DO OESTE;500769;SAO GABRIEL DO OESTE;500769;2591359;UNIDADE DE SAUDE DA FAMILIA V;F;29.05.2026;CHRISTIANEHELEN_FREITAS;29.05.2026;CHRISTIANEHELEN_FREITAS;37.95;CONFIRMADO;R10;;KALYNKA SILVA HIGINO
670850416;0511005;0205020054;ULTRASSONOGRAFIA DE APARELHO URINÁRIO                                                               ;32186347172;NELSON EDUARDO MELKE;23.06.2026;13:00;0;700404924310043;KELY REGINA LOPES DE JESUS;30.08.1991;34;418;ADELIA LOPES;RUA;ANGELO FONTOLAN;;137;RESIDENCIAL AQUARIOS II;79093055;(67)99207-9279;CAMPO GRANDE;500270;SAO GABRIEL DO OESTE;500769;8176132;CASA ROSA;F;01.06.2026;ANACLAUDIA_PASCOAL;01.06.2026;ANACLAUDIA_PASCOAL;24.20;CONFIRMADO;Z001;;MAYARA MARIA 
670882313;0511003;0205020046;ULTRASSONOGRAFIA DE ABDOMEN TOTAL                                                                   ;32186347172;NELSON EDUARDO MELKE;29.06.2026;06:30;0;702005820621086;EVILLYN LORRAINE FERNANDES CHAVES;22.02.2006;20;245;SIMONE FERNANDES DA SILVA;RUA;DAS ANHUMAS;;921;JARDIM GRAMADO;79491016;(67)99103-4352;SAO GABRIEL DO OESTE;500769;SAO GABRIEL DO OESTE;500769;5971055;UNIDADE DE SAUDE DA FAMILIA VIII;F;01.06.2026;JESSICAPADILHA;01.06.2026;JESSICAPADILHA;37.95;CONFIRMADO;Z000;04805244160;RENNAN ORTIZ BUENO
670892461;0511003;0205020046;ULTRASSONOGRAFIA DE ABDOMEN TOTAL                                                                   ;32186347172;NELSON EDUARDO MELKE;29.06.2026;06:30;0;700609913323060;JOSIENE ALVES FERREIRA;16.01.2003;23;282;LEONORA ALVES DE OLIVEIRA;FAZENDA;BOM JESUS;25KM S BANDEIRA;S/N;ZONA RURAL;79420000;(67)99929-2849;CAMAPUA;500260;SAO GABRIEL DO OESTE;500769;2370980;UNIDADE DE SAUDE DA FAMILIA JARDIM GRAMADO I;F;01.06.2026;ELISANGELA_UNIDADEI;01.06.2026;ELISANGELA_UNIDADEI;37.95;CONFIRMADO;R10;01454652179;MAYARA MARIA MELKE GUIMARAES
670951310;0511005;0205020054;ULTRASSONOGRAFIA DE APARELHO URINÁRIO                                                               ;32186347172;NELSON EDUARDO MELKE;23.06.2026;13:00;0;706700552249219;EDVARD LOPES DE ARAUJO;22.06.1959;67;805;ANITA MARIA DOS SANTOS ARAUJO;RUA;CURICACA;;318;JARDIM GRAMADO;79490000;(67)9972-1752;SAO GABRIEL DO OESTE;500769;SAO GABRIEL DO OESTE;500769;8176132;CASA ROSA;M;01.06.2026;ANACLAUDIA_PASCOAL;01.06.2026;ANACLAUDIA_PASCOAL;24.20;CONFIRMADO;Z001;;CAMILA SILVA
670959934;0511003;0205020046;ULTRASSONOGRAFIA DE ABDOMEN TOTAL                                                                   ;32186347172;NELSON EDUARDO MELKE;29.06.2026;06:30;0;708007882226823;JOANA FERREIRA DA SILVA;12.06.1987;39;469;JOSELITA FERREIRA DOS SANTOS;RUA;CANARIOS;;1310;JARDIM GRAMADO;79490000;(67)99837-0882;SAO GABRIEL DO OESTE;500769;SAO GABRIEL DO OESTE;500769;7002084;UNIDADE DE SAUDE DA FAMILIA IX;F;01.06.2026;AMANDALUIZA_BIAZUS;01.06.2026;AMANDALUIZA_BIAZUS;37.95;PENDENTE;Z000;06901507925;EVELYN KASSIA TUDISCO FERNANDES
671047037;0511005;0205020054;ULTRASSONOGRAFIA DE APARELHO URINÁRIO                                                               ;32186347172;NELSON EDUARDO MELKE;30.06.2026;13:00;0;704808014303547;VIVIANE RAMONA ALVENTINA DOS SANTOS DINIZ;20.10.1984;41;501;ERNESTINA ALVENTINA DE ALMEIDA;CHACARA;ALIANÇA;ITAQUI;27;AREA RURAL DE SAO GABRIEL DO OESTE;79493899;(67)99926-7648;SAO GABRIEL DO OESTE;500769;SAO GABRIEL DO OESTE;500769;3400964;UNIDADE DE SAUDE DA FAMILIA RURAL VII;F;01.06.2026;DULCINEIA_MOCCELIN;01.06.2026;DULCINEIA_MOCCELIN;24.20;PENDENTE;N200;00612619630;KALYNKA SILVIA HIGINO
671079785;0511005;0205020054;ULTRASSONOGRAFIA DE APARELHO URINÁRIO                                                               ;32186347172;NELSON EDUARDO MELKE;30.06.2026;07:00;0;706404146232589;ELIZEU SENDAO;25.08.1960;65;791;ANGELINA ARAUJO SENDAO;RUA;DONA ELVIRA;CASA;1565;MILANI;79490000;(67)99933-1101;SAO GABRIEL DO OESTE;500769;SAO GABRIEL DO OESTE;500769;2370980;UNIDADE DE SAUDE DA FAMILIA JARDIM GRAMADO I;M;01.06.2026;ELISANGELA_UNIDADEI;01.06.2026;ELISANGELA_UNIDADEI;24.20;PENDENTE;N20;01454652179;MAYARA MARIA MELKE GUIMARAES
671082094;0511005;0205020054;ULTRASSONOGRAFIA DE APARELHO URINÁRIO                                                               ;32186347172;NELSON EDUARDO MELKE;30.06.2026;13:00;0;700004240489002;EZIQUIEL LEMES FERREIRA;03.02.1985;41;497;SEBASTIANA LEMES;FAZENDA;SAO GABRIEL HIDROENERGIA LTDA;BR163 KM613;S/N;RURAL;79490000;(67)99916-7388 / (67)99670-6744;SAO GABRIEL DO OESTE;500769;SAO GABRIEL DO OESTE;500769;3400964;UNIDADE DE SAUDE DA FAMILIA RURAL VII;M;01.06.2026;DULCINEIA_MOCCELIN;01.06.2026;DULCINEIA_MOCCELIN;24.20;PENDENTE;Z000;02453491113;MILENA GUEDIN VARGAS
671089433;0511003;0205020046;ULTRASSONOGRAFIA DE ABDOMEN TOTAL                                                                   ;32186347172;NELSON EDUARDO MELKE;29.06.2026;06:30;0;704800580012948;EDENILZA AZAMBUJA CANHETE;06.03.1978;48;580;SUELI FERREIRA AZAMBUJA CANHETE;RUA;OITI;;295;FLOR DO CERRADO;79490000;(67)99650-6364;SAO GABRIEL DO OESTE;500769;SAO GABRIEL DO OESTE;500769;7002084;UNIDADE DE SAUDE DA FAMILIA IX;F;01.06.2026;AMANDALUIZA_BIAZUS;01.06.2026;AMANDALUIZA_BIAZUS;37.95;CONFIRMADO;Z000;06901507925;EVELYN KASSIA TUDISCO FERNANDES
671197612;0286011;0205020100;ULTRASSONOGRAFIA DE PROSTATA VIA ABDOMINAL ;32186347172;NELSON EDUARDO MELKE;15.06.2026;13:00;0;707403043175172;PAULO ROCHA SILVA;19.07.1961;65;780;ENEREA DE CARVALHO ROCHA SILVA;RUA;JOSE FERREIRA ROSA;;1276;CENTRO;79490000;(67)3295-2053;SAO GABRIEL DO OESTE;500769;SAO GABRIEL DO OESTE;500769;8176132;CASA ROSA;M;02.06.2026;EMILY_CASAROSA;02.06.2026;EMILY_CASAROSA;24.20;CONFIRMADO;N40;;PEDRO H B FERNANDES
671214428;0511017;0205020062;ULTRASSONOGRAFIA DE PARTES MOLES;32186347172;NELSON EDUARDO MELKE;25.06.2026;07:00;0;702308506431520;LORECI DE LOURDES BARCE;09.10.1973;52;633;LORI BARCE;AVENIDA;SAO FRANCISCO;;2275;CENTRO;79490000;(67)99988-9385;SAO GABRIEL DO OESTE;500769;SAO GABRIEL DO OESTE;500769;2599376;UNIDADE DE SAUDE DA FAMILIA VI;F;02.06.2026;MARIANA_MARTINS;02.06.2026;MARIANA_MARTINS;24.20;CONFIRMADO;E041;06437691107;MAIARA FLORES SCARIOT
671275403;0286011;0205020100;ULTRASSONOGRAFIA DE PROSTATA VIA ABDOMINAL ;32186347172;NELSON EDUARDO MELKE;08.06.2026;13:00;0;708003368168622;CICERO BATISTA DE SOUZA;26.10.1956;69;837;OLGA BATISTA DE SOUZA;;;;;;;(18)99652-3411 / (67)99107-4455 / (18)99799-9781;;;SAO GABRIEL DO OESTE;500769;3400964;UNIDADE DE SAUDE DA FAMILIA RURAL VII;M;02.06.2026;DULCINEIA_MOCCELIN;02.06.2026;DULCINEIA_MOCCELIN;24.20;PENDENTE;K46;00612619630;KALYNKA SILVIA HIGINO
671305883;0511005;0205020054;ULTRASSONOGRAFIA DE APARELHO URINÁRIO                                                               ;32186347172;NELSON EDUARDO MELKE;30.06.2026;07:00;0;706207516817866;CAROLINA SIQUEIRA SANTOS;05.05.2005;21;254;FABIOLA SIQUEIRA DE BRITO;RUA;RIO GRANDE DO SUL;;2611;AMABILE MAFFISSONI;79490000;(67)99637-9547;SAO GABRIEL DO OESTE;500769;SAO GABRIEL DO OESTE;500769;8176132;CASA ROSA;F;02.06.2026;ANACLAUDIA_PASCOAL;03.06.2026;VANIA_MARIANO;24.20;PENDENTE;Z001;;LUIZ LACERDA
671368429;0511005;0205020054;ULTRASSONOGRAFIA DE APARELHO URINÁRIO                                                               ;32186347172;NELSON EDUARDO MELKE;16.06.2026;07:00;0;700500100184456;TAIONARA DE SOUZA PEREIRA;28.11.1995;30;367;MARIA AUXILIADORA DE SOUZA;RUA;SAO MANOEL;CASA;825;MILANI;79490000;(67)99818-3637;SAO GABRIEL DO OESTE;500769;SAO GABRIEL DO OESTE;500769;2370980;UNIDADE DE SAUDE DA FAMILIA JARDIM GRAMADO I;F;02.06.2026;ELISANGELA_UNIDADEI;02.06.2026;ELISANGELA_UNIDADEI;24.20;CONFIRMADO;N200;01454652179;MAYARA MARIA MELKE GUIMARAES
671399622;0511005;0205020054;ULTRASSONOGRAFIA DE APARELHO URINÁRIO                                                               ;32186347172;NELSON EDUARDO MELKE;30.06.2026;07:00;0;700009909168302;ELIETE PEREZ LOPES;17.08.1964;61;743;CARMELINA VIRGINIA PEREZ;RUA;BAHIA;CASA;1289;CENTRO;79490000;(67)99903-2076;SAO GABRIEL DO OESTE;500769;SAO GABRIEL DO OESTE;500769;7002084;UNIDADE DE SAUDE DA FAMILIA IX;F;02.06.2026;AMANDALUIZA_BIAZUS;02.06.2026;AMANDALUIZA_BIAZUS;24.20;PENDENTE;Z000;06901507925;EVELYN KASSIA TUDISCO FERNANDES
671418144;0511005;0205020054;ULTRASSONOGRAFIA DE APARELHO URINÁRIO                                                               ;32186347172;NELSON EDUARDO MELKE;09.06.2026;07:00;0;707305087947270;APARECIDA CLARINDA ZANONI;29.07.1958;67;815;MARIA ZEFERINO CLARINDA;RUA;TUIUIU;;1438;JARDIM GRAMADO;79490000;(47)99253-1290 / (47)99991-0403;SAO GABRIEL DO OESTE;500769;SAO GABRIEL DO OESTE;500769;2370980;UNIDADE DE SAUDE DA FAMILIA JARDIM GRAMADO I;F;02.06.2026;ELISANGELA_UNIDADEI;02.06.2026;ELISANGELA_UNIDADEI;24.20;CONFIRMADO;N39;01454652179;MAYARA MARIA MELKE GUIMARAES
671420401;0511003;0205020046;ULTRASSONOGRAFIA DE ABDOMEN TOTAL                                                                   ;32186347172;NELSON EDUARDO MELKE;17.06.2026;06:30;0;700309936800232;BENJAMIN CALEBE ALVES DA SILVA;09.09.2024;01;22;ADRIELE DE JESUS ALVES DO NASCIMENTO;RUA;FLORES;CON HABITA;13;FÊNIX;79490000;(67)99858-5208;SAO GABRIEL DO OESTE;500769;SAO GABRIEL DO OESTE;500769;8176132;CASA ROSA;M;02.06.2026;EMILY_CASAROSA;03.06.2026;VANIA_MARIANO;37.95;CONFIRMADO;Z00;01865429171;AMANDA NANTES AQUINO
671422441;0286011;0205020100;ULTRASSONOGRAFIA DE PROSTATA VIA ABDOMINAL ;32186347172;NELSON EDUARDO MELKE;08.06.2026;13:00;0;700005225439203;GILMAR JOSE ZANONI;18.10.1958;67;813;SANTINA DE MEDEIROS ZANONI;AVENIDA;TUIUIU;;1438;JARDIM GRAMADO;79491006;(47)99237-0666 / (47)99258-3666;SAO GABRIEL DO OESTE;500769;SAO GABRIEL DO OESTE;500769;2370980;UNIDADE DE SAUDE DA FAMILIA JARDIM GRAMADO I;M;02.06.2026;ELISANGELA_UNIDADEI;02.06.2026;ELISANGELA_UNIDADEI;24.20;CONFIRMADO;N40;01454652179;MAYARA MARIA MELKE GUIMARAES
671491455;1400029;0205020062;ULTRASSONOGRAFIA DE REGIAO CERVICAL/PESCOCO;32186347172;NELSON EDUARDO MELKE;11.06.2026;07:00;0;702807603823068;ORLANDO SOUZA DE OLIVEIRA;23.02.1955;71;857;APARECIDA ROSA DE OLIVEIRA;RUA;TUIUIU;;1157;JARDIM GRAMADO;79490000;(67)9804-4046;SAO GABRIEL DO OESTE;500769;SAO GABRIEL DO OESTE;500769;2370980;UNIDADE DE SAUDE DA FAMILIA JARDIM GRAMADO I;M;03.06.2026;ELISANGELA_UNIDADEI;03.06.2026;ELISANGELA_UNIDADEI;24.20;CONFIRMADO;R13;01454652179;MAYARA MARIA MELKE GUIMARAES
671519871;0286011;0205020100;ULTRASSONOGRAFIA DE PROSTATA VIA ABDOMINAL ;32186347172;NELSON EDUARDO MELKE;08.06.2026;13:00;0;700008558097202;NELSON TARGINO DA CRUZ;16.03.1956;70;844;ALAIDE FERREIRA DA CRUZ;AVENIDA;CASTELO BRANCO;CASA;1841;PRIMO MAFFISSONI;79490000;(21)2105-0000;SAO GABRIEL DO OESTE;500769;SAO GABRIEL DO OESTE;500769;7333218;UNIDADE DE SAUDE DA FAMILIA X;M;03.06.2026;RAISSASILVALIMA;03.06.2026;RAISSASILVALIMA;24.20;CONFIRMADO;Z000;63805480172;CLEDSON PERETTI
671527425;0286011;0205020100;ULTRASSONOGRAFIA DE PROSTATA VIA ABDOMINAL ;32186347172;NELSON EDUARDO MELKE;15.06.2026;13:00;0;708407219138969;JOSE CARLOS MARTINS DE ARAUJO;29.01.1965;61;737;IRACEMA RAMOS;RUA;F;;510;CIDADE JARDIM;79492124;(67)99921-2746;SAO GABRIEL DO OESTE;500769;SAO GABRIEL DO OESTE;500769;2370972;UNIDADE DE SAUDE DA FAMILIA MILANE II;M;03.06.2026;FLAVIA_RODRIGUES;03.06.2026;FLAVIA_RODRIGUES;24.20;CONFIRMADO;Z125;83798633134;JOAO BAPTISTA BARBOSA SOUZA
671541748;0286011;0205020100;ULTRASSONOGRAFIA DE PROSTATA VIA ABDOMINAL ;32186347172;NELSON EDUARDO MELKE;15.06.2026;13:00;0;707406004569176;CLOVIS KESSLER;30.04.1966;60;722;HERTA KESSLER;FAZENDA;BONITO;;S/N;ZONA RURAL;79490000;(67)9642-9606;SAO GABRIEL DO OESTE;500769;SAO GABRIEL DO OESTE;500769;3400964;UNIDADE DE SAUDE DA FAMILIA RURAL VII;M;03.06.2026;DULCINEIA_MOCCELIN;03.06.2026;DULCINEIA_MOCCELIN;24.20;CONFIRMADO;Z000;02453491113;MILENA GUEDIN VARGAS
671550549;0511005;0205020054;ULTRASSONOGRAFIA DE APARELHO URINÁRIO                                                               ;32186347172;NELSON EDUARDO MELKE;16.06.2026;13:00;0;708103520684631;NILVACIR SANTOS DELGUINGARO;28.11.1984;41;499;LUZIA SANTOS DELGUINGARO;RUA;CONDE DE PORTO ALEGRE;CASA;1215;MILANI;79490000;(66)99605-3553 / (67)99918-1667;SAO GABRIEL DO OESTE;500769;SAO GABRIEL DO OESTE;500769;8176132;CASA ROSA;F;03.06.2026;ANACLAUDIA_PASCOAL;03.06.2026;ANACLAUDIA_PASCOAL;24.20;CONFIRMADO;Z001;;YASMIN YAIME PAIVA DE ARAUJO 
671583577;0511005;0205020054;ULTRASSONOGRAFIA DE APARELHO URINÁRIO                                                               ;32186347172;NELSON EDUARDO MELKE;30.06.2026;13:00;0;705008250821853;JOSEFA JESUS DE CARVALHO;27.06.1954;72;865;MARIANA JESUS DE CARVALHO;RUA;AZULAO 1073/99998;;1837;FENIX;79491104;(67)99916-7817;SAO GABRIEL DO OESTE;500769;SAO GABRIEL DO OESTE;500769;8176132;CASA ROSA;F;03.06.2026;EMILY_CASAROSA;03.06.2026;EMILY_CASAROSA;24.20;CONFIRMADO;N281;;ANTONIO AUGUSTO PALOMBO MENDES
671880651;0230030;0205020062;USG TORNOZELO DIREITO;32186347172;NELSON EDUARDO MELKE;17.06.2026;13:00;0;707000859175636;ROBERTO MENDONCA PEREIRA;12.06.1979;47;565;MARIA MENDONCA PEREIRA;RUA;SÃO JORGE;CASA 15;215;JARDIM PRIMAVERA;79490164;(67)99825-0705 / (67)99820-8427;SAO GABRIEL DO OESTE;500769;SAO GABRIEL DO OESTE;500769;8176132;CASA ROSA;M;08.06.2026;ANACLAUDIA_PASCOAL;09.06.2026;VANIA_MARIANO;24.20;PENDENTE;Z001;;BRUNO INCERTI DE PAIVA OLIVEIRA RODRIGUES
671916785;0286011;0205020100;ULTRASSONOGRAFIA DE PROSTATA VIA ABDOMINAL ;32186347172;NELSON EDUARDO MELKE;15.06.2026;13:00;0;700206492617226;PEDRO VICENTE BELLEI;05.01.1964;62;750;LEONILDA C ABALDI BELLEI;RUA;JORGE AMADO;CASA;1726;JARDIM ALVORADA;79490000;(67)3295-1672;SAO GABRIEL DO OESTE;500769;SAO GABRIEL DO OESTE;500769;7333218;UNIDADE DE SAUDE DA FAMILIA X;M;08.06.2026;RAISSASILVALIMA;08.06.2026;RAISSASILVALIMA;24.20;PENDENTE;Z00;63805480172;CLEDSON PERETTI
671921518;0511005;0205020054;ULTRASSONOGRAFIA DE APARELHO URINÁRIO                                                               ;32186347172;NELSON EDUARDO MELKE;30.06.2026;07:00;0;700306426781640;LUCI GONCALVES DA SILVA;23.11.1979;46;560;MARIA APARECIDA GONCALVES DA SILVA;RUA;JOAO RIBEIRO GUIMARAES;;132;JD PRIMAVERA;79490000;(67)99923-8170;SAO GABRIEL DO OESTE;500769;SAO GABRIEL DO OESTE;500769;8176132;CASA ROSA;F;08.06.2026;ANACLAUDIA_PASCOAL;08.06.2026;ANACLAUDIA_PASCOAL;24.20;CONFIRMADO;Z001;;AUGUSTO
671931040;0511005;0205020054;ULTRASSONOGRAFIA DE APARELHO URINÁRIO                                                               ;32186347172;NELSON EDUARDO MELKE;30.06.2026;07:00;0;702308186760316;TEREZA HAINASKI DO CARMO;05.08.1944;81;983;MARIA GATINI;RUA;ANHUMAS;;818;JARDIM GRAMADO;79490000;(67)99619-0698;SAO GABRIEL DO OESTE;500769;SAO GABRIEL DO OESTE;500769;8176132;CASA ROSA;F;08.06.2026;ANACLAUDIA_PASCOAL;08.06.2026;ANACLAUDIA_PASCOAL;24.20;CONFIRMADO;Z001;;CAROLINE DELLABETA
671935263;1400029;0205020062;ULTRASSONOGRAFIA DE REGIAO CERVICAL/PESCOCO;32186347172;NELSON EDUARDO MELKE;11.06.2026;07:00;0;703403386668300;ROSANNE ARRUDA DO NASCIMENTO;29.04.1989;37;446;MARIA AUXILIADORA ARRUDA DO NASCIMENTO;AVENIDA;JUSCELINO KUBISTCHEK;CASA;500;CENTRO;79490000;(65)99944-6329 / (65)98445-5422 / (65)99800-5043;SAO GABRIEL DO OESTE;500769;SAO GABRIEL DO OESTE;500769;8176132;CASA ROSA;F;08.06.2026;ANACLAUDIA_PASCOAL;08.06.2026;ANACLAUDIA_PASCOAL;24.20;CONFIRMADO;Z001;;RAFAEL CANDIDO MAIA 
671990195;0511005;0205020054;ULTRASSONOGRAFIA DE APARELHO URINÁRIO                                                               ;32186347172;NELSON EDUARDO MELKE;30.06.2026;07:00;0;703208616729892;YASMIN SEQUEIRA COSTA;22.10.2009;16;201;SIMONE KELY SEQUEIRA DA SILVA;RUA;CURICACA 1466/99999;CASA;1958;FENIX;79491080;(67)99601-4582 / (67)99968-7672;SAO GABRIEL DO OESTE;500769;SAO GABRIEL DO OESTE;500769;8176132;CASA ROSA;F;08.06.2026;ANACLAUDIA_PASCOAL;08.06.2026;ANACLAUDIA_PASCOAL;24.20;PENDENTE;Z001;;MARIA EDUARDA CURADO DE OLIVEIRA
672096179;0286011;0205020100;ULTRASSONOGRAFIA DE PROSTATA VIA ABDOMINAL ;32186347172;NELSON EDUARDO MELKE;15.06.2026;13:00;0;704604195213624;ITAMAR VIEIRA DA SILVA;19.10.1970;55;669;LUZINETE MARIA CONCEICAO DA SILVA;FAZENDA;CABECEIRA DE CEDRO;;S/N;AREA RURAL DE SAO GABRIEL DO OESTE;79493899;(67)99903-4550;SAO GABRIEL DO OESTE;500769;SAO GABRIEL DO OESTE;500769;3400964;UNIDADE DE SAUDE DA FAMILIA RURAL VII;M;08.06.2026;DULCINEIA_MOCCELIN;08.06.2026;DULCINEIA_MOCCELIN;24.20;CONFIRMADO;Z000;02453491113;MILENA GUEDIN VARGAS
672102658;0286011;0205020100;ULTRASSONOGRAFIA DE PROSTATA VIA ABDOMINAL ;32186347172;NELSON EDUARDO MELKE;15.06.2026;13:00;0;708006376589723;ADAUTO PIRES MARTINS;30.07.1959;66;803;MARIA PIRES MARTINS;CHACARA;CAPÃO REDONDO;;S/N;AREA RURAL DE SAO GABRIEL DO OESTE;79493899;(67)99813-0850;SAO GABRIEL DO OESTE;500769;SAO GABRIEL DO OESTE;500769;2591359;UNIDADE DE SAUDE DA FAMILIA V;M;08.06.2026;CHRISTIANEHELEN_FREITAS;08.06.2026;CHRISTIANEHELEN_FREITAS;24.20;CONFIRMADO;Z10;;KALYNKA SILVA HIGINO
672122814;0511005;0205020054;ULTRASSONOGRAFIA DE APARELHO URINÁRIO                                                               ;32186347172;NELSON EDUARDO MELKE;30.06.2026;13:00;0;705803495412334;PEDRO BARBOSA DA SILVA;03.05.1972;54;650;SEBASTIANA BARBOSA DA SILVA;FAZENDA;ESTANCIA DO LOBO;;S/N;ZONA RURAL;79420000;(67)99989-6356 / (67)99989-6356;CAMAPUA;500260;SAO GABRIEL DO OESTE;500769;3400964;UNIDADE DE SAUDE DA FAMILIA RURAL VII;M;08.06.2026;DULCINEIA_MOCCELIN;08.06.2026;DULCINEIA_MOCCELIN;24.20;CONFIRMADO;Z000;02453491113;MILENA GUEDIN VARGAS
672139436;0511005;0205020054;ULTRASSONOGRAFIA DE APARELHO URINÁRIO                                                               ;32186347172;NELSON EDUARDO MELKE;30.06.2026;07:00;0;708509504744880;ALICE EMANUELE ALVARES DE SOUZA;03.03.2025;01;16;BRUNA RAFAELA DE SOUZA;RUA;TANGARA;CASA;723;FENIX;79491106;(67)99837-0467 / (67)99912-6191;SAO GABRIEL DO OESTE;500769;SAO GABRIEL DO OESTE;500769;2370999;UNIDADE DE SAUDE DA FAMILIA FENIX IV;F;08.06.2026;GUSTAVO_PIAIA;08.06.2026;GUSTAVO_PIAIA;24.20;PENDENTE;Q17;;MARIA CAROLINA REZENDE NAHIME CRUVINEL
672168258;0511005;0205020054;ULTRASSONOGRAFIA DE APARELHO URINÁRIO                                                               ;32186347172;NELSON EDUARDO MELKE;30.06.2026;13:00;0;708404727438263;ANA CLAUDIA DA PASCOAL BOBEK;07.12.2006;19;235;SOLANGE DA PASCOAL;RUA;JOAO EVANGELISTA ROSA 1200/99999;- DE 1200/1201 AO FIM;1542;PRIMO MAFFISSONI;79490296;(67)99982-4215 / (67)99926-6562;SAO GABRIEL DO OESTE;500769;SAO GABRIEL DO OESTE;500769;8176132;CASA ROSA;F;09.06.2026;ANACLAUDIA_PASCOAL;09.06.2026;ANACLAUDIA_PASCOAL;24.20;PENDENTE;Z001;;PAULO FENELON MARINHO
672203444;0230025;0205020062;USG PUNHO DIREITO;32186347172;NELSON EDUARDO MELKE;24.06.2026;13:00;0;700006693647108;ROSILDA SABINO DA SILVA;19.04.1976;50;603;PEDRINA SABINO DA SILVA;RUA;AZULAO 1073/99998;;1366;FENIX;79491104;(67)99907-4235;SAO GABRIEL DO OESTE;500769;SAO GABRIEL DO OESTE;500769;6354265;CENTRAL DE REGULACAO DE SAO GABRIEL DO OESTE;F;09.06.2026;VANIA_MARIANO;09.06.2026;VANIA_MARIANO;24.20;PENDENTE;R52;;RAFAELLA MARIA COSTA 
672247136;0286011;0205020100;ULTRASSONOGRAFIA DE PROSTATA VIA ABDOMINAL ;32186347172;NELSON EDUARDO MELKE;15.06.2026;13:00;0;703005860145577;OTAVIO GOMES MAMEDIO;24.07.1969;57;684;MARIA DO CARMO DA SILVA;RUA;HILARIO NICARETTA;;1881;PRIMO MAFFISSONI;79490000;(67)9995-4633;SAO GABRIEL DO OESTE;500769;SAO GABRIEL DO OESTE;500769;7333218;UNIDADE DE SAUDE DA FAMILIA X;M;09.06.2026;RAISSASILVALIMA;09.06.2026;RAISSASILVALIMA;24.20;CONFIRMADO;Z000;63805480172;CLEDSON PERETTI
672381816;0511005;0205020054;ULTRASSONOGRAFIA DE APARELHO URINÁRIO                                                               ;32186347172;NELSON EDUARDO MELKE;30.06.2026;07:00;0;702105769680792;LEIDIANE SILVA BASTOS;05.01.2003;23;282;SANDRA MARIA LAURINDO DA SILVA;RUA;PELICANOS;;1273;JARDIM GRAMADO;79490000;(67)99681-9441;SAO GABRIEL DO OESTE;500769;SAO GABRIEL DO OESTE;500769;2370980;UNIDADE DE SAUDE DA FAMILIA JARDIM GRAMADO I;F;09.06.2026;ELISANGELA_UNIDADEI;09.06.2026;ELISANGELA_UNIDADEI;24.20;CONFIRMADO;R10;01454652179;MAYARA MARIA MELKE GUIMARAES
672387723;0286011;0205020100;ULTRASSONOGRAFIA DE PROSTATA VIA ABDOMINAL ;32186347172;NELSON EDUARDO MELKE;15.06.2026;13:00;0;701404642198538;JOSE ALEXANDRE DE OLIVEIRA;12.08.1962;63;767;MARGARIDA JOAQUINA DA CONCEICAO;CHACARA;SAO BENTO;;S/N;RURAL;79490000;(67)9939-3029;SAO GABRIEL DO OESTE;500769;SAO GABRIEL DO OESTE;500769;3400964;UNIDADE DE SAUDE DA FAMILIA RURAL VII;M;09.06.2026;DULCINEIA_MOCCELIN;09.06.2026;DULCINEIA_MOCCELIN;24.20;PENDENTE;I10;00612619630;KALYNKA SILVIA HIGINO
672435047;0230031;0205020062;USG TORNOZELO ESQUERDO;32186347172;NELSON EDUARDO MELKE;24.06.2026;13:00;0;700704936754879;KARINE SANTOS DA SILVA;17.11.2009;16;200;ELIZANGELA DOS SANTOS SILVA;RUA;DAS GAIVOTAS;;1543;FENIX;79491094;(67)99633-3910;SAO GABRIEL DO OESTE;500769;SAO GABRIEL DO OESTE;500769;8176132;CASA ROSA;F;09.06.2026;ANACLAUDIA_PASCOAL;18.06.2026;VANIA_MARIANO;24.20;CONFIRMADO;Z001;;ROMULO
672479158;0511005;0205020054;ULTRASSONOGRAFIA DE APARELHO URINÁRIO                                                               ;32186347172;NELSON EDUARDO MELKE;30.06.2026;13:00;0;700907907077695;CAMILA EDUARDA DA SILVA RODRIGUES;20.04.2004;22;267;EDIR DE SOUZA DA SILVA;RUA;SANTA ANA;;85;MILANI;79492090;(67)99908-4401;SAO GABRIEL DO OESTE;500769;SAO GABRIEL DO OESTE;500769;2370972;UNIDADE DE SAUDE DA FAMILIA MILANE II;F;10.06.2026;FLAVIA_RODRIGUES;10.06.2026;FLAVIA_RODRIGUES;24.20;CONFIRMADO;Z001;83798633134;JOAO BAPTISTA BARBOSA SOUZA
672496760;0286011;0205020100;ULTRASSONOGRAFIA DE PROSTATA VIA ABDOMINAL ;32186347172;NELSON EDUARDO MELKE;15.06.2026;13:00;0;703400288253219;CACEMIRO BORTOLI;27.02.1961;65;785;MARIA JOSE DE LIMA;RUA;SANTA ANA;CASA;210;MILANI;79490000;(67)9656-5870 / (67)99694-6713;SAO GABRIEL DO OESTE;500769;SAO GABRIEL DO OESTE;500769;2370972;UNIDADE DE SAUDE DA FAMILIA MILANE II;M;10.06.2026;FLAVIA_RODRIGUES;10.06.2026;FLAVIA_RODRIGUES;24.20;CONFIRMADO;Z125;83798633134;JOAO BAPTISTA BARBOSA SOUZA
672523693;0511005;0205020054;ULTRASSONOGRAFIA DE APARELHO URINÁRIO                                                               ;32186347172;NELSON EDUARDO MELKE;30.06.2026;13:00;0;702805122144560;SIRLEIDE RAMOS SANTOS;03.07.1976;50;600;ESTELITA RAMOS SANTOS;RUA;JOAQUIM HONORIO RIBEIRO ROSA;;229;CENTRO;79490000;(67)99600-4412 / (67)99969-2529;SAO GABRIEL DO OESTE;500769;SAO GABRIEL DO OESTE;500769;8176132;CASA ROSA;F;10.06.2026;TAINAOLIVEIRA;10.06.2026;TAINAOLIVEIRA;24.20;PENDENTE;Z001;57255873120;CLODOALDO SABINO DA SILVA
672693611;0286011;0205020100;ULTRASSONOGRAFIA DE PROSTATA VIA ABDOMINAL ;32186347172;NELSON EDUARDO MELKE;22.06.2026;13:00;0;707404081207575;RONALDO INACIO BARBOSA;11.01.1963;63;762;ELZA INACIO BARBOSA;RUA;BAHIA;;2739;CENTRO;79490000;(67)3295-3168 / (67)99637-0498;SAO GABRIEL DO OESTE;500769;SAO GABRIEL DO OESTE;500769;7333218;UNIDADE DE SAUDE DA FAMILIA X;M;10.06.2026;RAISSASILVALIMA;10.06.2026;RAISSASILVALIMA;24.20;CONFIRMADO;Z000;63805480172;CLEDSON PERETTI
672774340;0230031;0205020062;USG TORNOZELO ESQUERDO;32186347172;NELSON EDUARDO MELKE;24.06.2026;13:00;0;706405615408987;MARIANA MARTINS DE LIMA;08.07.1996;30;360;LIDIA BERENICE MARTINS;RUA;CURIO 1466/99999;CASA 1;1896;FENIX;79491082;(67)99678-2872;SAO GABRIEL DO OESTE;500769;SAO GABRIEL DO OESTE;500769;2599376;UNIDADE DE SAUDE DA FAMILIA VI;F;11.06.2026;MARIANA_MARTINS;18.06.2026;VANIA_MARIANO;24.20;CONFIRMADO;S900;06437691107;MAIARA FLORES SCARIOT
672832564;0286011;0205020100;ULTRASSONOGRAFIA DE PROSTATA VIA ABDOMINAL ;32186347172;NELSON EDUARDO MELKE;29.06.2026;13:00;0;700009393209906;LEONIDAS RODRIGUES DA SILVA;03.04.1980;46;555;MARIA MADALENA DA CRUZ RODRIGUES;SITIO;PATATIVA;ASSENTAMENTO;17;AREA RURAL DE SAO GABRIEL DO OESTE;79493899;(67)99998-1915;SAO GABRIEL DO OESTE;500769;SAO GABRIEL DO OESTE;500769;8176132;CASA ROSA;M;11.06.2026;ANACLAUDIA_PASCOAL;11.06.2026;ANACLAUDIA_PASCOAL;24.20;PENDENTE;Z001;;MILENA GUEDIN VARGAS
673069782;0286011;0205020100;ULTRASSONOGRAFIA DE PROSTATA VIA ABDOMINAL ;32186347172;NELSON EDUARDO MELKE;22.06.2026;13:00;0;704503348146014;CELSO PAULO MORAES;17.04.1955;71;855;NORELINA ALGAIER MORAES;RUA;R PARANA;CASA;1841;CENTRO;79490000;(67)99602-1706;SAO GABRIEL DO OESTE;500769;SAO GABRIEL DO OESTE;500769;2599376;UNIDADE DE SAUDE DA FAMILIA VI;M;12.06.2026;MARIANA_MARTINS;12.06.2026;MARIANA_MARTINS;24.20;CONFIRMADO;N399;06437691107;MAIARA FLORES SCARIOT
673077731;0286011;0205020100;ULTRASSONOGRAFIA DE PROSTATA VIA ABDOMINAL ;32186347172;NELSON EDUARDO MELKE;29.06.2026;13:00;0;708602017836685;ALONSO FURTUOSO DA SILVA;28.01.1933;93;1121;ANDRELINA MARIA DE JESUS;AVENIDA;TUIUIUI;;1580;JARDIM GRAMADO;79490000;(67)3295-3370;SAO GABRIEL DO OESTE;500769;SAO GABRIEL DO OESTE;500769;3400964;UNIDADE DE SAUDE DA FAMILIA RURAL VII;M;12.06.2026;DULCINEIA_MOCCELIN;12.06.2026;DULCINEIA_MOCCELIN;24.20;CONFIRMADO;N40;00612619630;KALYNKA SILVIA HIGINO
673303281;0286011;0205020100;ULTRASSONOGRAFIA DE PROSTATA VIA ABDOMINAL ;32186347172;NELSON EDUARDO MELKE;22.06.2026;13:00;0;709706088151090;VITALINO ANTONIO SMANIOTTO;22.05.1960;66;794;EMA SOMAVILLA SMANIOTTO;RUA;MANOEL ROSA;;810;JD PRIMAVERA;79490000;(67)99920-7375;SAO GABRIEL DO OESTE;500769;SAO GABRIEL DO OESTE;500769;8176132;CASA ROSA;M;15.06.2026;ANACLAUDIA_PASCOAL;15.06.2026;ANACLAUDIA_PASCOAL;24.20;CONFIRMADO;Z00;;ANTONIO AUGUSTO 
673482469;0286011;0205020100;ULTRASSONOGRAFIA DE PROSTATA VIA ABDOMINAL ;32186347172;NELSON EDUARDO MELKE;22.06.2026;13:00;0;708003368168622;CICERO BATISTA DE SOUZA;26.10.1956;69;837;OLGA BATISTA DE SOUZA;;;;;;;(18)99652-3411 / (67)99107-4455 / (18)99799-9781;;;SAO GABRIEL DO OESTE;500769;8176132;CASA ROSA;M;15.06.2026;ANACLAUDIA_PASCOAL;15.06.2026;ANACLAUDIA_PASCOAL;24.20;CONFIRMADO;Z00;;KALYNKA SILVA HIGINO
673505599;0511005;0205020054;ULTRASSONOGRAFIA DE APARELHO URINÁRIO                                                               ;32186347172;NELSON EDUARDO MELKE;16.06.2026;13:00;0;701209065224018;ALESSANDRA BARBOSA LOMBARDI;30.10.1982;43;524;ILMA FARIA BARBOSA;RUA;DONA ELVIRA;;984;MILANI;79490000;(67)99621-5908;SAO GABRIEL DO OESTE;500769;SAO GABRIEL DO OESTE;500769;7002084;UNIDADE DE SAUDE DA FAMILIA IX;F;15.06.2026;AMANDALUIZA_BIAZUS;15.06.2026;VANIA_MARIANO;24.20;CONFIRMADO;N20;06901507925;EVELYN KASSIA TUDISCO FERNANDES
673524879;1401056;0205020046;ULTRASSONOGRAFIA DE ABDOMEN INFERIOR ;32186347172;NELSON EDUARDO MELKE;17.06.2026;07:00;0;705703462813330;IZABELA BRAZ GUIA DA SILVA;25.11.2009;16;200;WERONICA GOMES BRAZ;RUA;GREGORIANA;CASA 02;223;PRIMO MAFFISSONI;79490000;(67)3241-5935;SAO GABRIEL DO OESTE;500769;SAO GABRIEL DO OESTE;500769;7333218;UNIDADE DE SAUDE DA FAMILIA X;F;15.06.2026;RAISSASILVALIMA;15.06.2026;RAISSASILVALIMA;37.95;CONFIRMADO;Z000;63805480172;CLEDSON PERETTI
673578420;0286011;0205020100;ULTRASSONOGRAFIA DE PROSTATA VIA ABDOMINAL ;32186347172;NELSON EDUARDO MELKE;22.06.2026;13:00;0;704807093031145;LEONIS ALMEIDA DA SILVA;04.04.1969;57;687;JULIETA ALMEIDA DA SILVA;RUA;DEOCLECIO ZAMIGNAN;CASA 01;2143;PRIMO MAFFISSONI;79490000;(67)98159-2078;SAO GABRIEL DO OESTE;500769;SAO GABRIEL DO OESTE;500769;7333218;UNIDADE DE SAUDE DA FAMILIA X;M;16.06.2026;RAISSASILVALIMA;16.06.2026;VANIA_MARIANO;24.20;PENDENTE;R33;63805480172;CLEDSON PERETTI
673876711;0286011;0205020100;ULTRASSONOGRAFIA DE PROSTATA VIA ABDOMINAL ;32186347172;NELSON EDUARDO MELKE;22.06.2026;13:00;0;706304691019880;CARLOS ALBERTO CHITOLINA;11.09.1954;71;862;LILI PUHL CHITOLINA;RUA;RIO DE JANEIRO;;695;CENTRO;79490000;(67)8191-0514;SAO GABRIEL DO OESTE;500769;SAO GABRIEL DO OESTE;500769;2591359;UNIDADE DE SAUDE DA FAMILIA V;M;17.06.2026;CHRISTIANEHELEN_FREITAS;17.06.2026;CHRISTIANEHELEN_FREITAS;24.20;CONFIRMADO;N40;04796956107;JULIANA DA ROCHA PEREIRA MENEZES
673914957;0511005;0205020054;ULTRASSONOGRAFIA DE APARELHO URINÁRIO                                                               ;32186347172;NELSON EDUARDO MELKE;30.06.2026;13:00;0;702809102327361;ALAN CUSTODIO DE SOUZA;30.01.1981;45;545;MARINES GONCALVES;RUA;MAFRA 1/260;ACS SANDRA;222;BELA VISTA;78890081;(67)99977-7465;SORRISO;510792;SAO GABRIEL DO OESTE;500769;8176132;CASA ROSA;M;17.06.2026;TAINAOLIVEIRA;18.06.2026;VANIA_MARIANO;24.20;CONFIRMADO;Z00;;FERNANDA MARA SILVA MELO
674298690;1400029;0205020062;ULTRASSONOGRAFIA DE REGIAO CERVICAL/PESCOCO;32186347172;NELSON EDUARDO MELKE;25.06.2026;07:00;0;703401286553216;WELLEN DE JESUS GOMES;19.07.1992;34;408;MARIA LUCIA BURIL;AVENIDA;CASTELO BRANCO;;1250;CENTRO;79490000;(66)99726-8369;SAO GABRIEL DO OESTE;500769;SAO GABRIEL DO OESTE;500769;8176132;CASA ROSA;F;18.06.2026;ANACLAUDIA_PASCOAL;18.06.2026;ANACLAUDIA_PASCOAL;24.20;CONFIRMADO;Z00;;YASMIN YAIME PAIVA DE ARAUJO 
674304665;1400029;0205020062;ULTRASSONOGRAFIA DE REGIAO CERVICAL/PESCOCO;32186347172;NELSON EDUARDO MELKE;25.06.2026;07:00;0;702601256819145;ABADIO AMERICO DE SOUZA;02.04.1935;91;1095;JOSEFA PEREIRA DE SOUZA;RUA;HENRIQUETA DE JESUS;AREADO;S/N;CENTRO (AREADO);79495018;(67)99976-9608;SAO GABRIEL DO OESTE;500769;SAO GABRIEL DO OESTE;500769;8176132;CASA ROSA;M;18.06.2026;ANACLAUDIA_PASCOAL;18.06.2026;ANACLAUDIA_PASCOAL;24.20;CONFIRMADO;Z00;;FABIO MORAES DE JESUS 
674369577;1401056;0205020046;ULTRASSONOGRAFIA DE ABDOMEN INFERIOR ;32186347172;NELSON EDUARDO MELKE;24.06.2026;07:00;0;706209534727263;ARYELI CENTURIAO ROCHA;31.10.1986;39;476;CLEUZA ANTONIA CENTURIAO;RUA;DAS CURRUIRAS;CASA 02;1464;JARDIM GRAMADO;79491014;(67)99905-3913;SAO GABRIEL DO OESTE;500769;SAO GABRIEL DO OESTE;500769;5971055;UNIDADE DE SAUDE DA FAMILIA VIII;F;18.06.2026;JESSICAPADILHA;18.06.2026;JESSICAPADILHA;37.95;PENDENTE;Z000;04805244160;RENNAN ORTIZ BUENO
674493399;1400029;0205020062;ULTRASSONOGRAFIA DE REGIAO CERVICAL/PESCOCO;32186347172;NELSON EDUARDO MELKE;25.06.2026;07:00;0;704008801782761;EMERSON THIAGO DA SILVA OLIVEIRA;03.12.1988;37;451;ELIZA MARIA DA SILVA OLIVEIRA;RUA;ELVINO RAMOS NOGUEIRA;;2289;CENTRO;79490000;(64)99648-2673;SAO GABRIEL DO OESTE;500769;SAO GABRIEL DO OESTE;500769;8176132;CASA ROSA;M;19.06.2026;ANACLAUDIA_PASCOAL;19.06.2026;ANACLAUDIA_PASCOAL;24.20;CONFIRMADO;Z00;;ALCIDES EIBEL 
674747246;0286011;0205020100;ULTRASSONOGRAFIA DE PROSTATA VIA ABDOMINAL ;32186347172;NELSON EDUARDO MELKE;22.06.2026;13:00;0;702802107157166;DANIEL IFRAN;13.08.1969;56;683;DORACI DA SILVA BAZANO;RUA;G;;425;CIDADE JARDIM;79492126;(67)99831-2660 / (67)99965-9994;SAO GABRIEL DO OESTE;500769;SAO GABRIEL DO OESTE;500769;2370972;UNIDADE DE SAUDE DA FAMILIA MILANE II;M;22.06.2026;FLAVIA_RODRIGUES;22.06.2026;FLAVIA_RODRIGUES;24.20;PENDENTE;Z125;83798633134;JOAO BAPTISTA BARBOSA SOUZA
674749495;0076149;0205020143;ULTRA-SONOGRAFIA OBSTETRICA - MORFOLOGICO;32186347172;NELSON EDUARDO MELKE;30.06.2026;13:00;0;704007329303663;STEFANY DA CRUZ SANTOS;31.08.1999;26;322;MARIA ANA LUCIA SANTOS;RUA;PIRATINI;;523;MILANI;79492098;(79)99137-5983;SAO GABRIEL DO OESTE;500769;SAO GABRIEL DO OESTE;500769;8176132;CASA ROSA;F;22.06.2026;ANACLAUDIA_PASCOAL;23.06.2026;VANIA_MARIANO;24.20;CONFIRMADO;Z00;88308499953;LUCINALDO BASSO
674863035;0286011;0205020100;ULTRASSONOGRAFIA DE PROSTATA VIA ABDOMINAL ;32186347172;NELSON EDUARDO MELKE;23.06.2026;12:50;0;704507367212616;NELSON MANOEL DA SILVA;25.03.1956;70;844;MARIA CINCULANI DIAS DA SILVA;RUA;GAIVOTAS;;1638;CONJUNTO FENIX;79490000;(61)3315-2425;SAO GABRIEL DO OESTE;500769;SAO GABRIEL DO OESTE;500769;5971055;UNIDADE DE SAUDE DA FAMILIA VIII;M;22.06.2026;JESSICAPADILHA;22.06.2026;JESSICAPADILHA;24.20;CONFIRMADO;Z000;04805244160;RENNAN ORTIZ BUENO
674875746;0511005;0205020054;ULTRASSONOGRAFIA DE APARELHO URINÁRIO                                                               ;32186347172;NELSON EDUARDO MELKE;30.06.2026;06:50;0;700002385818609;MARIA LUIZA MARCONDES SOUSA;03.04.1999;27;327;ERONDINA LERIAS MARCONDES;RUA;MARIA SEVERO;;1964;PRIMO MAFFISSONI;79490000;(67)9861-1576;SAO GABRIEL DO OESTE;500769;SAO GABRIEL DO OESTE;500769;2370980;UNIDADE DE SAUDE DA FAMILIA JARDIM GRAMADO I;F;22.06.2026;ELISANGELA_UNIDADEI;22.06.2026;ELISANGELA_UNIDADEI;24.20;PENDENTE;R10;01454652179;MAYARA MARIA MELKE GUIMARAES
674951261;0511003;0205020046;ULTRASSONOGRAFIA DE ABDOMEN TOTAL                                                                   ;32186347172;NELSON EDUARDO MELKE;24.06.2026;06:20;0;700102952290710;MARIA DA GLORIA ARAUJO DOS SANTOS;13.04.1969;57;687;BALBINA SANTA DE ARAUJO;RUA;IGNEZ BARATIERI RIZZO;;426;PRIMO MAFFISSONI;79490000;(67)99901-3930;SAO GABRIEL DO OESTE;500769;SAO GABRIEL DO OESTE;500769;8176132;CASA ROSA;F;23.06.2026;ARIROSA;23.06.2026;ARIROSA;37.95;PENDENTE;R17;;FERNANDA KANASKI
674962457;0511003;0205020046;ULTRASSONOGRAFIA DE ABDOMEN TOTAL                                                                   ;32186347172;NELSON EDUARDO MELKE;29.06.2026;06:20;0;702501287472040;MANOEL PEREIRA FRANCA;17.06.1945;81;973;DORVALINA ROSA LEMES;RUA;JOAO EVANGELISTA ROSA;;792;CENTRO;79490055;(67)99968-3738;SAO GABRIEL DO OESTE;500769;SAO GABRIEL DO OESTE;500769;2599376;UNIDADE DE SAUDE DA FAMILIA VI;M;23.06.2026;MARIANA_MARTINS;23.06.2026;MARIANA_MARTINS;37.95;CONFIRMADO;N18;06437691107;MAIARA FLORES SCARIOT
674972216;0511005;0205020054;ULTRASSONOGRAFIA DE APARELHO URINÁRIO                                                               ;32186347172;NELSON EDUARDO MELKE;30.06.2026;06:50;0;898006426170935;JHONY JAVIER MARTINEZ GIMENEZ;10.10.2005;20;249;ANGELINA ERMELINDA MARTINEZ GIMENEZ;RUA;ESTUDANTE SONI BORTOLI;;914;PRIMO MAFFISSONI;79490274;(61)3315-2425 / (45)99938-3694;SAO GABRIEL DO OESTE;500769;SAO GABRIEL DO OESTE;500769;2591359;UNIDADE DE SAUDE DA FAMILIA V;M;23.06.2026;CHRISTIANEHELEN_FREITAS;23.06.2026;CHRISTIANEHELEN_FREITAS;24.20;PENDENTE;N23;;NATALIA NUBIA CORREIA DE LIMA
674972748;0511003;0205020046;ULTRASSONOGRAFIA DE ABDOMEN TOTAL                                                                   ;32186347172;NELSON EDUARDO MELKE;29.06.2026;06:20;0;702009346203685;CLARICE GARCIA DE SOUZA VIEIRA;28.06.1962;64;768;IRENE GARCIA DE SOUZA;RUA;CURIO;;1425;JARDIM GRAMADO;79491012;(67)99957-1802;SAO GABRIEL DO OESTE;500769;SAO GABRIEL DO OESTE;500769;5971055;UNIDADE DE SAUDE DA FAMILIA VIII;F;23.06.2026;JESSICAPADILHA;23.06.2026;JESSICAPADILHA;37.95;CONFIRMADO;Z000;04805244160;RENNAN ORTIZ BUENO
674977755;0286011;0205020100;ULTRASSONOGRAFIA DE PROSTATA VIA ABDOMINAL ;32186347172;NELSON EDUARDO MELKE;29.06.2026;13:00;0;707404016927771;SINOMAR FIRMINO DA SILVA;20.06.1960;66;793;MARIA FIRMINA DA SILVA;FAZENDA;RECANTO DOS PASSAROS;;S/N;AREA RURAL DE SAO GABRIEL DO OESTE;79493899;(67)99880-9671 / (67)99919-0793;SAO GABRIEL DO OESTE;500769;SAO GABRIEL DO OESTE;500769;2370972;UNIDADE DE SAUDE DA FAMILIA MILANE II;M;23.06.2026;VANESSAMARTINS_AREADO;23.06.2026;VANESSAMARTINS_AREADO;24.20;PENDENTE;Z125;83798633134;JOAO BAPTISTA BARBOSA SOUZA
675012361;0511003;0205020046;ULTRASSONOGRAFIA DE ABDOMEN TOTAL                                                                   ;32186347172;NELSON EDUARDO MELKE;29.06.2026;06:20;0;701003873990590;LUANA MENIN RODRIGUES;01.07.1986;40;480;ANA LUCIA MENIN ESGALHA;RUA;DAS ANHUMAS 1/1465;- ATE 1464/1465;1414;JARDIM GRAMADO;79491016;(67)99654-6483 / (67)99654-6483;SAO GABRIEL DO OESTE;500769;SAO GABRIEL DO OESTE;500769;5971055;UNIDADE DE SAUDE DA FAMILIA VIII;F;23.06.2026;JESSICAPADILHA;23.06.2026;JESSICAPADILHA;37.95;PENDENTE;Z000;;NATALIA GONCALVES SANTANA ROCHA
675075973;0286049;0205020070;ULTRASSONOGRAFIA DE BOLSA ESCROTAL                                                                  ;32186347172;NELSON EDUARDO MELKE;29.06.2026;13:00;0;702505348691131;DANIEL MARTINS CARNIEL;04.03.2026;00;4;JOYCE ANGELO MARTINS CARNIEL;AVENIDA;JUSCELINO KUBITSCHEK;CASA;409;CENTRO;79490049;(67)99630-5006;SAO GABRIEL DO OESTE;500769;SAO GABRIEL DO OESTE;500769;8176132;CASA ROSA;M;23.06.2026;ARIROSA;23.06.2026;ARIROSA;24.20;CONFIRMADO;Z00;04145161173;RHUANNE SIQUEIRA GUIMARAES
675102605;0511003;0205020046;ULTRASSONOGRAFIA DE ABDOMEN TOTAL                                                                   ;32186347172;NELSON EDUARDO MELKE;29.06.2026;06:20;0;706406677408884;GUSTAVO DE JESUS PASSOS;15.04.2009;17;207;PATRICIA DE JESUS COSTA;RUA;GAIVOTAS;;576;CENTRO;79490000;(75)98200-0856;SAO GABRIEL DO OESTE;500769;SAO GABRIEL DO OESTE;500769;5971055;UNIDADE DE SAUDE DA FAMILIA VIII;M;23.06.2026;JESSICAPADILHA;23.06.2026;JESSICAPADILHA;37.95;CONFIRMADO;Z000;04805244160;RENNAN ORTIZ BUENO
675109346;0076042;0205020038;ULTRA-SONOGRAFIA DE ABDOMEN SUPERIOR;32186347172;NELSON EDUARDO MELKE;29.06.2026;07:00;0;700700943512970;ALESSANDRO DOS SANTOS;17.08.1978;47;575;ANTONIA MARIA DOS ANJOS SANTOS;RUA;TUIUIUI;;1346;JARDIM GRAMADO;79490000;(67)99657-9991;SAO GABRIEL DO OESTE;500769;SAO GABRIEL DO OESTE;500769;2370980;UNIDADE DE SAUDE DA FAMILIA JARDIM GRAMADO I;M;23.06.2026;ELISANGELA_UNIDADEI;23.06.2026;ELISANGELA_UNIDADEI;24.20;CONFIRMADO;Z000;01454652179;MAYARA MARIA MELKE GUIMARAES
675133827;0511005;0205020054;ULTRASSONOGRAFIA DE APARELHO URINÁRIO                                                               ;32186347172;NELSON EDUARDO MELKE;23.06.2026;06:50;0;701204019429112;MARINA DOLORES GONCALVES DOS SANTOS TEIXEIRA;22.04.1965;61;735;MARIA GONCALVES;RUA;SARACURA 1/1465;;239;JARDIM GRAMADO;79491002;(67)99909-8944;SAO GABRIEL DO OESTE;500769;SAO GABRIEL DO OESTE;500769;2370980;UNIDADE DE SAUDE DA FAMILIA JARDIM GRAMADO I;F;23.06.2026;ELISANGELA_UNIDADEI;23.06.2026;ELISANGELA_UNIDADEI;24.20;PENDENTE;R10;01454652179;MAYARA MARIA MELKE GUIMARAES
675134381;0511005;0205020054;ULTRASSONOGRAFIA DE APARELHO URINÁRIO                                                               ;32186347172;NELSON EDUARDO MELKE;30.06.2026;06:50;0;701204019429112;MARINA DOLORES GONCALVES DOS SANTOS TEIXEIRA;22.04.1965;61;735;MARIA GONCALVES;RUA;SARACURA 1/1465;;239;JARDIM GRAMADO;79491002;(67)99909-8944;SAO GABRIEL DO OESTE;500769;SAO GABRIEL DO OESTE;500769;2370980;UNIDADE DE SAUDE DA FAMILIA JARDIM GRAMADO I;F;23.06.2026;ELISANGELA_UNIDADEI;23.06.2026;ELISANGELA_UNIDADEI;24.20;CONFIRMADO;R10;01454652179;MAYARA MARIA MELKE GUIMARAES
675175245;0076042;0205020038;ULTRA-SONOGRAFIA DE ABDOMEN SUPERIOR;32186347172;NELSON EDUARDO MELKE;29.06.2026;07:00;0;704203719782382;AROLDO DE ASSUNCAO FREITAS;26.10.1983;42;513;RITA ASSUNCAO FREITAS;RUA;PELICANOS;;853;JARDIM GRAMADO;79490000;(67)98446-4691;SAO GABRIEL DO OESTE;500769;SAO GABRIEL DO OESTE;500769;2370980;UNIDADE DE SAUDE DA FAMILIA JARDIM GRAMADO I;M;24.06.2026;ELISANGELA_UNIDADEI;24.06.2026;ELISANGELA_UNIDADEI;24.20;CONFIRMADO;Z000;01454652179;MAYARA MARIA MELKE GUIMARAES
675180758;0511005;0205020054;ULTRASSONOGRAFIA DE APARELHO URINÁRIO                                                               ;32186347172;NELSON EDUARDO MELKE;30.06.2026;06:50;0;706803281135125;ESTEFANI ROTEL DA SILVA;09.09.1996;29;358;ADRIANA ROTEL;RUA;OITI;;173;FÊNIX;79490000;(67)99907-3927 / (67)99907-3927;SAO GABRIEL DO OESTE;500769;SAO GABRIEL DO OESTE;500769;7002084;UNIDADE DE SAUDE DA FAMILIA IX;F;24.06.2026;AMANDALUIZA_BIAZUS;24.06.2026;AMANDALUIZA_BIAZUS;24.20;PENDENTE;Z000;01415181110;ANGELA BENITES
675201153;0511005;0205020054;ULTRASSONOGRAFIA DE APARELHO URINÁRIO                                                               ;32186347172;NELSON EDUARDO MELKE;30.06.2026;06:50;0;702402081256727;ANGELES AZUL JARA AYALA;26.05.2026;00;2;CRISOLDA RAMONA AYALA PEREZ;RUA;FILINTO MULLER;;184;MILANI;79492100;(67)99690-3669;SAO GABRIEL DO OESTE;500769;SAO GABRIEL DO OESTE;500769;8176132;CASA ROSA;F;24.06.2026;ANACLAUDIA_PASCOAL;24.06.2026;ANACLAUDIA_PASCOAL;24.20;PENDENTE;Z00;57255873120;CLODOALDO SABINO DA SILVA
675201320;0511003;0205020046;ULTRASSONOGRAFIA DE ABDOMEN TOTAL                                                                   ;32186347172;NELSON EDUARDO MELKE;29.06.2026;06:20;0;702402081256727;ANGELES AZUL JARA AYALA;26.05.2026;00;2;CRISOLDA RAMONA AYALA PEREZ;RUA;FILINTO MULLER;;184;MILANI;79492100;(67)99690-3669;SAO GABRIEL DO OESTE;500769;SAO GABRIEL DO OESTE;500769;8176132;CASA ROSA;F;24.06.2026;ANACLAUDIA_PASCOAL;24.06.2026;ANACLAUDIA_PASCOAL;37.95;PENDENTE;Z00;57255873120;CLODOALDO SABINO DA SILVA
675251387;0511005;0205020054;ULTRASSONOGRAFIA DE APARELHO URINÁRIO                                                               ;32186347172;NELSON EDUARDO MELKE;30.06.2026;06:50;0;700008573039609;LUCCAS EMANUEL REHBAIN DA SILVA;21.06.2026;00;1;ADRIANE REHBAIN;RUA;CURIO;;1112;JARDIM GRAMADO;79491012;(67)98132-2311;SAO GABRIEL DO OESTE;500769;SAO GABRIEL DO OESTE;500769;5971055;UNIDADE DE SAUDE DA FAMILIA VIII;M;24.06.2026;JESSICAPADILHA;24.06.2026;JESSICAPADILHA;24.20;PENDENTE;Z000;;STEPHANNO CONTIS
675255878;0511005;0205020054;ULTRASSONOGRAFIA DE APARELHO URINÁRIO                                                               ;32186347172;NELSON EDUARDO MELKE;30.06.2026;06:50;0;702801572605670;CHRISTIANE HELEN DE FREITAS ZIMERMAN DE SOUZA;31.07.1979;46;563;DIRCE DE OLIVEIRA FREITAS;RUA;CURIO;;1063;JARDIM GRAMADO;79491012;(67)99659-1306;SAO GABRIEL DO OESTE;500769;SAO GABRIEL DO OESTE;500769;2591359;UNIDADE DE SAUDE DA FAMILIA V;F;24.06.2026;CHRISTIANEHELEN_FREITAS;24.06.2026;CHRISTIANEHELEN_FREITAS;24.20;CONFIRMADO;N200;04796956107;JULIANA DA ROCHA PEREIRA MENEZES
675305426;0076042;0205020038;ULTRA-SONOGRAFIA DE ABDOMEN SUPERIOR;32186347172;NELSON EDUARDO MELKE;29.06.2026;07:00;0;704208286682683;LEONICIO INACIO PEREIRA;17.01.1958;68;822;LAUDELINA FERREIRA;FAZENDA;AREADO;;S/N;ZONA RURAL;79490000;(67)99918-2282;SAO GABRIEL DO OESTE;500769;SAO GABRIEL DO OESTE;500769;6354265;CENTRAL DE REGULACAO DE SAO GABRIEL DO OESTE;M;24.06.2026;VANIA_MARIANO;24.06.2026;VANIA_MARIANO;24.20;PENDENTE;R10;;VANIA GOMES MARIANO
675386808;0286011;0205020100;ULTRASSONOGRAFIA DE PROSTATA VIA ABDOMINAL ;32186347172;NELSON EDUARDO MELKE;30.06.2026;12:50;0;702808605901563;JOSE LUIS ZANETTI;01.11.1965;60;728;GEMA LOURDES ZANETTI;RUA;SANTA CATARINA;;2502;CENTRO;79490000;(67)3295-2171;SAO GABRIEL DO OESTE;500769;SAO GABRIEL DO OESTE;500769;8176132;CASA ROSA;M;25.06.2026;ANACLAUDIA_PASCOAL;25.06.2026;ANACLAUDIA_PASCOAL;24.20;CONFIRMADO;Z00;;ANTONIO AUGUSTO 
675665403;0286011;0205020100;ULTRASSONOGRAFIA DE PROSTATA VIA ABDOMINAL ;32186347172;NELSON EDUARDO MELKE;29.06.2026;13:00;0;700003159599404;MARCOS ROGERIO DHEIN;18.02.1968;58;701;TONI JOANNA DHEIN;RUA;SARACURA;;669;JARDIM GRAMADO;79490000;(67)3295-3593;SAO GABRIEL DO OESTE;500769;SAO GABRIEL DO OESTE;500769;2370980;UNIDADE DE SAUDE DA FAMILIA JARDIM GRAMADO I;M;26.06.2026;ELISANGELA_UNIDADEI;26.06.2026;ELISANGELA_UNIDADEI;24.20;CONFIRMADO;R10;01454652179;MAYARA MARIA MELKE GUIMARAES
675929449;0286049;0205020070;ULTRASSONOGRAFIA DE BOLSA ESCROTAL                                                                  ;32186347172;NELSON EDUARDO MELKE;29.06.2026;13:00;0;706008384929045;JOALYSON JATNIEL MUNIZ ANTUNES;02.03.1997;29;352;LINDAURA MUNIZ DA SILVA;RUA;MARECHAL FLORIANO;CASA;1564;MILANI;79490000;(67)99914-3321;SAO GABRIEL DO OESTE;500769;SAO GABRIEL DO OESTE;500769;2370964;UNIDADE DE SAUDE DA FAMILIA III;M;29.06.2026;ANACLAUDIA_NOGUEIRA;29.06.2026;ANACLAUDIA_NOGUEIRA;24.20;PENDENTE;K409;02611833974;HUDSON PERES DORIGAO BELISARIO DE SOUZA
